seed,N,conditionIndex,BASE_TRACE_HASH_EXACT,DYNAMIC_BASE_HASH_EXACT,CONDITION_TRACE_HASH_EXACT,CONFIG_HASH,SCHEDULE_STATE_HASH,WITNESS_HASH_EXACT,CONFLICT_EDGES,MAX_WITNESS_LOAD,REVOKE_FRAME,REACQUIRE_ELIGIBLE_FRAME,CAPTURED_FENCE_FRAME,FIRST_REACQUIRED_FRAME,PRE_EVENT_ACTIVE,EVENT_FRAME_SUPPRESSED,UNSAFE_WINDOW_SUPPRESSED,SUPPRESSION_HASH_EXACT,REACQUIRED_HASH_EXACT,OUTSIDE_SENDER_EDGE_CERTIFIED,OUTSIDE_PAIR_SAME_COLOR,SELF_REVOCATIONS,REACQUISITIONS,FINAL_SUPPRESSED,FINAL_REVOKE_VERSION,SCHEDULED_COLLISION_FRAMES,FALSE_VALID_EDGE_FRAMES,FALLBACK_COLLISION_FRAMES,WITHIN_SUPERGRAPH_EDGE_FRAMES,OUTSIDE_SUPERGRAPH_EDGE_FRAMES,EDGE_REMOVAL_STIMULATED,CLAIM_ATTEMPTS,CERTIFICATE_ATTEMPTS,REVOKE_ATTEMPTS,CONTROL_ATTEMPTS,CLAIM_BYTES,CERTIFICATE_BYTES,REVOKE_BYTES,CONTROL_BYTES,REVOKE_RECIPIENT_ATTEMPTS,REVOKE_RECIPIENT_SUCCESS,REVOKE_RECIPIENT_ERASURE,REVOKE_RECIPIENT_COLLISION,REVOKE_WITNESS_CLEARS,REVOKE_ACCEPTED_CLEARS,RETRY_CLAIM_ATTEMPTS,CONTROL_ATTEMPT_BOUND_RATIO,CONTROL_BYTE_BOUND_RATIO,MANAGEMENT_RECIPIENT_ATTEMPTS,MANAGEMENT_RECIPIENT_SUCCESS,MANAGEMENT_RECIPIENT_ERASURE,MANAGEMENT_RECIPIENT_COLLISION,FUTURE_RANDOM_READS,RECEIVER_TRUTH_READS,CLAIM_PACKET_BYTES,CERTIFICATE_HEADER_BYTES,CERTIFICATE_ENTRY_BYTES,REVOKE_PACKET_BYTES,MAX_RESPONSE_PACKET_BYTES,PACKET_MTU_VIOLATIONS,condition
16080001,5,1,5387061299,972715502,972715502,23374230,4461479,39554,4,3,25,33,35,36,1,1,1,18226,17922,0,1,1,1,0,2,0,0,0,19,7,1,36,18,1,55,1008,658,24,1690,1,1,0,0,2,1,0,0.0654761904761905,0.0727194492254733,127,127,0,0,0,0,28,16,10,24,46,0,zero-delivered
16080001,5,2,5387061299,972715502,970295424,23374230,4461479,39554,4,3,25,33,35,36,1,1,1,18226,17922,0,1,1,1,0,2,0,0,0,19,7,1,36,18,1,55,1008,658,24,1690,1,0,1,0,0,1,0,0.0654761904761905,0.0727194492254733,127,126,1,0,0,0,28,16,10,24,46,0,revoke-blackout
16080001,5,3,5387061299,972715502,920448340,24145360,4461407,39554,4,3,25,33,35,36,1,1,1,18226,17922,0,1,1,1,0,2,0,0,0,19,7,1,36,18,1,55,1008,658,24,1690,1,1,0,0,2,1,1,0.0654761904761905,0.0727194492254733,127,124,3,0,0,0,28,16,10,24,46,0,joint-control-revoke-iid5
16080001,5,4,5387061299,972715502,973402452,23374230,4480929,39554,4,3,25,33,35,NaN,1,1,1,20116,17885,0,1,1,0,1,2,0,0,0,19,7,1,70,52,1,123,1960,1882,24,3866,1,1,0,0,2,1,37,0.146428571428571,0.166351118760757,297,259,38,0,0,0,28,16,10,24,46,0,reacquire-response-blackout
16080001,10,1,19855758454,3939043247,3939043247,23786338,17296429,576479,4,3,25,33,35,36,1,1,1,18226,17922,0,1,1,1,0,2,0,0,0,19,7,1,66,18,1,85,1848,658,24,2530,1,1,0,0,2,1,0,0.0551948051948052,0.0610521235521236,127,127,0,0,0,0,28,16,10,24,46,0,zero-delivered
16080001,10,2,19855758454,3939043247,3933775189,23786338,17296429,576479,4,3,25,33,35,36,1,1,1,18226,17922,0,1,1,1,0,2,0,0,0,19,7,1,66,18,1,85,1848,658,24,2530,1,0,1,0,0,1,0,0.0551948051948052,0.0610521235521236,127,126,1,0,0,0,28,16,10,24,46,0,revoke-blackout
16080001,10,3,19855758454,3939043247,3757017438,24557468,17296423,576479,4,3,25,33,35,36,1,1,1,18226,17922,0,1,1,1,0,2,0,0,0,19,7,1,73,26,1,100,2044,876,24,2944,1,1,0,0,2,1,7,0.0649350649350649,0.071042471042471,163,151,12,0,0,0,28,16,10,24,46,0,joint-control-revoke-iid5
16080001,10,4,19855758454,3939043247,3938226621,23786338,17338074,576479,4,3,25,33,35,NaN,1,1,1,20116,17885,0,1,1,0,1,2,0,0,0,19,7,1,100,52,1,153,2800,1882,24,4706,1,1,0,0,2,1,37,0.0993506493506494,0.113561776061776,297,259,38,0,0,0,28,16,10,24,46,0,reacquire-response-blackout
16080002,5,1,5280262159,997521722,997521722,23374230,4460483,39554,4,3,26,34,35,36,1,1,1,18200,17922,0,1,1,1,0,2,0,0,0,20,7,1,37,19,1,57,1036,694,24,1754,1,1,0,0,2,1,0,0.0678571428571429,0.075473321858864,132,132,0,0,0,0,28,16,10,24,46,0,zero-delivered
16080002,5,2,5280262159,997521722,994706572,23374230,4460483,39554,4,3,26,34,35,36,1,1,1,18200,17922,0,1,1,1,0,2,0,0,0,20,7,1,37,19,1,57,1036,694,24,1754,1,0,1,0,0,1,0,0.0678571428571429,0.075473321858864,132,131,1,0,0,0,28,16,10,24,46,0,revoke-blackout
16080002,5,3,5280262159,997521722,958337489,24145360,4459972,39554,4,3,26,34,35,36,1,1,1,18200,17922,0,1,1,1,0,2,0,0,0,20,7,1,43,25,1,69,1204,880,24,2108,1,1,0,0,2,1,5,0.0821428571428571,0.0907056798623064,160,149,11,0,0,0,28,16,10,24,46,0,joint-control-revoke-iid5
16080002,5,4,5280262159,997521722,997722133,23374230,4479995,39554,4,3,26,34,35,NaN,1,1,1,20090,17885,0,1,1,0,1,2,0,0,0,20,7,1,70,52,1,123,1960,1882,24,3866,1,1,0,0,2,1,36,0.146428571428571,0.166351118760757,297,260,37,0,0,0,28,16,10,24,46,0,reacquire-response-blackout
16080002,10,1,19762282306,3976469669,3976469669,23786338,17294718,576479,4,3,26,34,35,36,1,1,1,18200,17922,0,1,1,1,0,2,0,0,0,20,7,1,67,19,1,87,1876,694,24,2594,1,1,0,0,2,1,0,0.0564935064935065,0.0625965250965251,132,132,0,0,0,0,28,16,10,24,46,0,zero-delivered
16080002,10,2,19762282306,3976469669,3971040887,23786338,17294718,576479,4,3,26,34,35,36,1,1,1,18200,17922,0,1,1,1,0,2,0,0,0,20,7,1,67,19,1,87,1876,694,24,2594,1,0,1,0,0,1,0,0.0564935064935065,0.0625965250965251,132,131,1,0,0,0,28,16,10,24,46,0,revoke-blackout
16080002,10,3,19762282306,3976469669,3800008753,24557468,17294356,576479,4,3,26,34,35,36,1,1,1,18200,17922,0,1,1,1,0,2,0,0,0,20,7,1,69,20,1,90,1932,730,24,2686,1,1,0,0,2,1,3,0.0584415584415584,0.0648166023166023,138,131,7,0,0,0,28,16,10,24,46,0,joint-control-revoke-iid5
16080002,10,4,19762282306,3976469669,3976026000,23786338,17336455,576479,4,3,26,34,35,NaN,1,1,1,20090,17885,0,1,1,0,1,2,0,0,0,20,7,1,100,52,1,153,2800,1882,24,4706,1,1,0,0,2,1,36,0.0993506493506494,0.113561776061776,297,260,37,0,0,0,28,16,10,24,46,0,reacquire-response-blackout
16080003,5,1,5323265253,988432054,988432054,23374230,4462168,39554,4,3,24,32,35,36,1,1,1,18251,17922,0,1,1,1,0,2,0,0,0,18,7,1,35,17,1,53,980,622,24,1626,1,1,0,0,2,1,0,0.0630952380952381,0.0699655765920826,122,122,0,0,0,0,28,16,10,24,46,0,zero-delivered
16080003,5,2,5323265253,988432054,985325638,23374230,4462168,39554,4,3,24,32,35,36,1,1,1,18251,17922,0,1,1,1,0,2,0,0,0,18,7,1,35,17,1,53,980,622,24,1626,1,0,1,0,0,1,0,0.0630952380952381,0.0699655765920826,122,121,1,0,0,0,28,16,10,24,46,0,revoke-blackout
16080003,5,3,5323265253,988432054,942326517,24145360,4463053,39554,4,3,24,32,36,37,1,1,1,18288,17923,0,1,1,1,0,2,0,0,0,18,7,1,37,19,1,57,1036,684,24,1744,1,1,0,0,2,1,1,0.0678571428571429,0.0750430292598967,131,125,6,0,0,0,28,16,10,24,46,0,joint-control-revoke-iid5
16080003,5,4,5323265253,988432054,988161088,23374230,4481556,39554,4,3,24,32,35,NaN,1,1,1,20141,17885,0,1,1,0,1,2,0,0,0,18,7,1,70,52,1,123,1960,1882,24,3866,1,1,0,0,2,1,38,0.146428571428571,0.166351118760757,297,258,39,0,0,0,28,16,10,24,46,0,reacquire-response-blackout
16080003,10,1,19887258594,3912021523,3912021523,23786338,17297798,576479,4,3,24,32,35,36,1,1,1,18251,17922,0,1,1,1,0,2,0,0,0,18,7,1,65,17,1,83,1820,622,24,2466,1,1,0,0,2,1,0,0.0538961038961039,0.059507722007722,122,122,0,0,0,0,28,16,10,24,46,0,zero-delivered
16080003,10,2,19887258594,3912021523,3905823340,23786338,17297798,576479,4,3,24,32,35,36,1,1,1,18251,17922,0,1,1,1,0,2,0,0,0,18,7,1,65,17,1,83,1820,622,24,2466,1,0,1,0,0,1,0,0.0538961038961039,0.059507722007722,122,121,1,0,0,0,28,16,10,24,46,0,revoke-blackout
16080003,10,3,19887258594,3912021523,3747011172,24557468,17297554,576479,4,3,24,32,35,36,1,1,1,18251,17922,0,1,1,1,0,2,0,0,0,18,7,1,67,21,1,89,1876,726,24,2626,1,1,0,0,2,1,4,0.0577922077922078,0.0633687258687259,138,127,11,0,0,0,28,16,10,24,46,0,joint-control-revoke-iid5
16080003,10,4,19887258594,3912021523,3912697923,23786338,17339351,576479,4,3,24,32,35,NaN,1,1,1,20141,17885,0,1,1,0,1,2,0,0,0,18,7,1,100,52,1,153,2800,1882,24,4706,1,1,0,0,2,1,38,0.0993506493506494,0.113561776061776,297,258,39,0,0,0,28,16,10,24,46,0,reacquire-response-blackout
16080004,5,1,5303222146,976019217,976019217,23374230,4461479,39554,4,3,25,33,35,36,1,1,1,18226,17922,0,1,1,1,0,2,0,0,0,19,7,1,36,18,1,55,1008,658,24,1690,1,1,0,0,2,1,0,0.0654761904761905,0.0727194492254733,127,127,0,0,0,0,28,16,10,24,46,0,zero-delivered
16080004,5,2,5303222146,976019217,974037799,23374230,4461479,39554,4,3,25,33,35,36,1,1,1,18226,17922,0,1,1,1,0,2,0,0,0,19,7,1,36,18,1,55,1008,658,24,1690,1,0,1,0,0,1,0,0.0654761904761905,0.0727194492254733,127,126,1,0,0,0,28,16,10,24,46,0,revoke-blackout
16080004,5,3,5303222146,976019217,936439146,24145360,4461551,39554,4,3,25,33,35,36,1,1,1,18226,17922,0,1,1,1,0,2,0,0,0,19,7,1,42,24,1,67,1176,844,24,2044,1,1,0,0,2,1,5,0.0797619047619048,0.0879518072289157,154,142,12,0,0,0,28,16,10,24,46,0,joint-control-revoke-iid5
16080004,5,4,5303222146,976019217,976249318,23374230,4480929,39554,4,3,25,33,35,NaN,1,1,1,20116,17885,0,1,1,0,1,2,0,0,0,19,7,1,70,52,1,123,1960,1882,24,3866,1,1,0,0,2,1,37,0.146428571428571,0.166351118760757,297,259,38,0,0,0,28,16,10,24,46,0,reacquire-response-blackout
16080004,10,1,19769071817,3895554319,3895554319,23786338,17296429,576479,4,3,25,33,35,36,1,1,1,18226,17922,0,1,1,1,0,2,0,0,0,19,7,1,66,18,1,85,1848,658,24,2530,1,1,0,0,2,1,0,0.0551948051948052,0.0610521235521236,127,127,0,0,0,0,28,16,10,24,46,0,zero-delivered
16080004,10,2,19769071817,3895554319,3890161230,23786338,17296429,576479,4,3,25,33,35,36,1,1,1,18226,17922,0,1,1,1,0,2,0,0,0,19,7,1,66,18,1,85,1848,658,24,2530,1,0,1,0,0,1,0,0.0551948051948052,0.0610521235521236,127,126,1,0,0,0,28,16,10,24,46,0,revoke-blackout
16080004,10,3,19769071817,3895554319,3716070223,24557468,17297759,576479,4,3,25,33,36,37,1,1,1,18263,17923,0,1,1,1,0,2,0,0,0,19,7,1,67,18,1,86,1876,668,24,2568,1,1,0,0,2,1,3,0.0558441558441558,0.061969111969112,128,118,10,0,0,0,28,16,10,24,46,0,joint-control-revoke-iid5
16080004,10,4,19769071817,3895554319,3895760490,23786338,17338074,576479,4,3,25,33,35,NaN,1,1,1,20116,17885,0,1,1,0,1,2,0,0,0,19,7,1,100,52,1,153,2800,1882,24,4706,1,1,0,0,2,1,37,0.0993506493506494,0.113561776061776,297,259,38,0,0,0,28,16,10,24,46,0,reacquire-response-blackout
16080005,5,1,5320022696,962843666,962843666,23374230,4460483,39554,4,3,26,34,35,36,1,1,1,18200,17922,0,1,1,1,0,2,0,0,0,20,7,1,37,19,1,57,1036,694,24,1754,1,1,0,0,2,1,0,0.0678571428571429,0.075473321858864,132,132,0,0,0,0,28,16,10,24,46,0,zero-delivered
16080005,5,2,5320022696,962843666,960082403,23374230,4460483,39554,4,3,26,34,35,36,1,1,1,18200,17922,0,1,1,1,0,2,0,0,0,20,7,1,37,19,1,57,1036,694,24,1754,1,0,1,0,0,1,0,0.0678571428571429,0.075473321858864,132,131,1,0,0,0,28,16,10,24,46,0,revoke-blackout
16080005,5,3,5320022696,962843666,919196401,24145360,4460483,39554,4,3,26,34,35,36,1,1,1,18200,17922,0,1,1,1,0,2,0,0,0,20,7,1,40,23,1,64,1120,808,24,1952,1,1,0,0,2,1,3,0.0761904761904762,0.0839931153184165,150,145,5,0,0,0,28,16,10,24,46,0,joint-control-revoke-iid5
16080005,5,4,5320022696,962843666,962811192,23374230,4479995,39554,4,3,26,34,35,NaN,1,1,1,20090,17885,0,1,1,0,1,2,0,0,0,20,7,1,70,52,1,123,1960,1882,24,3866,1,1,0,0,2,1,36,0.146428571428571,0.166351118760757,297,260,37,0,0,0,28,16,10,24,46,0,reacquire-response-blackout
16080005,10,1,19902340431,3939458645,3939458645,23786338,17294718,576479,4,3,26,34,35,36,1,1,1,18200,17922,0,1,1,1,0,2,0,0,0,20,7,1,67,19,1,87,1876,694,24,2594,1,1,0,0,2,1,0,0.0564935064935065,0.0625965250965251,132,132,0,0,0,0,28,16,10,24,46,0,zero-delivered
16080005,10,2,19902340431,3939458645,3934451643,23786338,17294718,576479,4,3,26,34,35,36,1,1,1,18200,17922,0,1,1,1,0,2,0,0,0,20,7,1,67,19,1,87,1876,694,24,2594,1,0,1,0,0,1,0,0.0564935064935065,0.0625965250965251,132,131,1,0,0,0,28,16,10,24,46,0,revoke-blackout
16080005,10,3,19902340431,3939458645,3767156081,24557468,17294718,576479,4,3,26,34,35,36,1,1,1,18200,17922,0,1,1,1,0,2,0,0,0,20,7,1,67,19,1,87,1876,694,24,2594,1,1,0,0,2,1,0,0.0564935064935065,0.0625965250965251,132,131,1,0,0,0,28,16,10,24,46,0,joint-control-revoke-iid5
16080005,10,4,19902340431,3939458645,3939195294,23786338,17336455,576479,4,3,26,34,35,NaN,1,1,1,20090,17885,0,1,1,0,1,2,0,0,0,20,7,1,100,52,1,153,2800,1882,24,4706,1,1,0,0,2,1,36,0.0993506493506494,0.113561776061776,297,260,37,0,0,0,28,16,10,24,46,0,reacquire-response-blackout
16080006,5,1,5330157180,960815829,960815829,23374230,4462168,39554,4,3,24,32,35,36,1,1,1,18251,17922,0,1,1,1,0,2,0,0,0,18,7,1,35,17,1,53,980,622,24,1626,1,1,0,0,2,1,0,0.0630952380952381,0.0699655765920826,122,122,0,0,0,0,28,16,10,24,46,0,zero-delivered
16080006,5,2,5330157180,960815829,958552965,23374230,4462168,39554,4,3,24,32,35,36,1,1,1,18251,17922,0,1,1,1,0,2,0,0,0,18,7,1,35,17,1,53,980,622,24,1626,1,0,1,0,0,1,0,0.0630952380952381,0.0699655765920826,122,121,1,0,0,0,28,16,10,24,46,0,revoke-blackout
16080006,5,3,5330157180,960815829,902392285,24145360,4462024,39554,4,3,24,32,35,36,1,1,1,18251,17922,0,1,1,1,0,2,0,0,0,18,7,1,35,15,1,51,980,550,24,1554,1,1,0,0,2,1,2,0.0607142857142857,0.0668674698795181,114,107,7,0,0,0,28,16,10,24,46,0,joint-control-revoke-iid5
16080006,5,4,5330157180,960815829,960674970,23374230,4481556,39554,4,3,24,32,35,NaN,1,1,1,20141,17885,0,1,1,0,1,2,0,0,0,18,7,1,70,52,1,123,1960,1882,24,3866,1,1,0,0,2,1,38,0.146428571428571,0.166351118760757,297,258,39,0,0,0,28,16,10,24,46,0,reacquire-response-blackout
16080006,10,1,19896779133,3938162132,3938162132,23786338,17297798,576479,4,3,24,32,35,36,1,1,1,18251,17922,0,1,1,1,0,2,0,0,0,18,7,1,65,17,1,83,1820,622,24,2466,1,1,0,0,2,1,0,0.0538961038961039,0.059507722007722,122,122,0,0,0,0,28,16,10,24,46,0,zero-delivered
16080006,10,2,19896779133,3938162132,3931968275,23786338,17297798,576479,4,3,24,32,35,36,1,1,1,18251,17922,0,1,1,1,0,2,0,0,0,18,7,1,65,17,1,83,1820,622,24,2466,1,0,1,0,0,1,0,0.0538961038961039,0.059507722007722,122,121,1,0,0,0,28,16,10,24,46,0,revoke-blackout
16080006,10,3,19896779133,3938162132,3777054988,24557468,17297676,576479,4,3,24,32,35,36,1,1,1,18251,17922,0,1,1,1,0,2,0,0,0,18,7,1,66,17,1,84,1848,622,24,2494,1,1,0,0,2,1,2,0.0545454545454545,0.0601833976833977,123,117,6,0,0,0,28,16,10,24,46,0,joint-control-revoke-iid5
16080006,10,4,19896779133,3938162132,3938466564,23786338,17339351,576479,4,3,24,32,35,NaN,1,1,1,20141,17885,0,1,1,0,1,2,0,0,0,18,7,1,100,52,1,153,2800,1882,24,4706,1,1,0,0,2,1,38,0.0993506493506494,0.113561776061776,297,258,39,0,0,0,28,16,10,24,46,0,reacquire-response-blackout
16080007,5,1,5326950597,955829737,955829737,23374230,4461479,39554,4,3,25,33,35,36,1,1,1,18226,17922,0,1,1,1,0,2,0,0,0,19,7,1,36,18,1,55,1008,658,24,1690,1,1,0,0,2,1,0,0.0654761904761905,0.0727194492254733,127,127,0,0,0,0,28,16,10,24,46,0,zero-delivered
16080007,5,2,5326950597,955829737,953852091,23374230,4461479,39554,4,3,25,33,35,36,1,1,1,18226,17922,0,1,1,1,0,2,0,0,0,19,7,1,36,18,1,55,1008,658,24,1690,1,0,1,0,0,1,0,0.0654761904761905,0.0727194492254733,127,126,1,0,0,0,28,16,10,24,46,0,revoke-blackout
16080007,5,3,5326950597,955829737,902532661,24145360,4461649,39554,4,3,25,33,35,36,1,1,1,18226,17922,0,1,1,1,0,2,0,0,0,19,7,1,43,22,1,66,1204,802,24,2030,1,1,0,0,2,1,6,0.0785714285714286,0.0873493975903614,149,138,11,0,0,0,28,16,10,24,46,0,joint-control-revoke-iid5
16080007,5,4,5326950597,955829737,955577643,23374230,4480929,39554,4,3,25,33,35,NaN,1,1,1,20116,17885,0,1,1,0,1,2,0,0,0,19,7,1,70,52,1,123,1960,1882,24,3866,1,1,0,0,2,1,37,0.146428571428571,0.166351118760757,297,259,38,0,0,0,28,16,10,24,46,0,reacquire-response-blackout
16080007,10,1,19695406681,3976745241,3976745241,23786338,17296429,576479,4,3,25,33,35,36,1,1,1,18226,17922,0,1,1,1,0,2,0,0,0,19,7,1,66,18,1,85,1848,658,24,2530,1,1,0,0,2,1,0,0.0551948051948052,0.0610521235521236,127,127,0,0,0,0,28,16,10,24,46,0,zero-delivered
16080007,10,2,19695406681,3976745241,3971074756,23786338,17296429,576479,4,3,25,33,35,36,1,1,1,18226,17922,0,1,1,1,0,2,0,0,0,19,7,1,66,18,1,85,1848,658,24,2530,1,0,1,0,0,1,0,0.0551948051948052,0.0610521235521236,127,126,1,0,0,0,28,16,10,24,46,0,revoke-blackout
16080007,10,3,19695406681,3976745241,3809267429,24557468,17296429,576479,4,3,25,33,35,36,1,1,1,18226,17922,0,1,1,1,0,2,0,0,0,19,7,1,67,19,1,87,1876,694,24,2594,1,1,0,0,2,1,1,0.0564935064935065,0.0625965250965251,132,127,5,0,0,0,28,16,10,24,46,0,joint-control-revoke-iid5
16080007,10,4,19695406681,3976745241,3977461646,23786338,17338074,576479,4,3,25,33,35,NaN,1,1,1,20116,17885,0,1,1,0,1,2,0,0,0,19,7,1,100,52,1,153,2800,1882,24,4706,1,1,0,0,2,1,37,0.0993506493506494,0.113561776061776,297,259,38,0,0,0,28,16,10,24,46,0,reacquire-response-blackout
16080008,5,1,5336177628,966778080,966778080,23374230,4460483,39554,4,3,26,34,35,36,1,1,1,18200,17922,0,1,1,1,0,2,0,0,0,20,7,1,37,19,1,57,1036,694,24,1754,1,1,0,0,2,1,0,0.0678571428571429,0.075473321858864,132,132,0,0,0,0,28,16,10,24,46,0,zero-delivered
16080008,5,2,5336177628,966778080,963312564,23374230,4460483,39554,4,3,26,34,35,36,1,1,1,18200,17922,0,1,1,1,0,2,0,0,0,20,7,1,37,19,1,57,1036,694,24,1754,1,0,1,0,0,1,0,0.0678571428571429,0.075473321858864,132,131,1,0,0,0,28,16,10,24,46,0,revoke-blackout
16080008,5,3,5336177628,966778080,924647923,24145360,4461165,39554,4,3,26,34,36,37,1,1,1,18237,17923,0,1,1,1,0,2,0,0,0,20,7,1,46,29,1,76,1288,994,24,2306,1,1,0,0,2,1,7,0.0904761904761905,0.0992254733218589,177,164,13,0,0,0,28,16,10,24,46,0,joint-control-revoke-iid5
16080008,5,4,5336177628,966778080,965993043,23374230,4479995,39554,4,3,26,34,35,NaN,1,1,1,20090,17885,0,1,1,0,1,2,0,0,0,20,7,1,70,52,1,123,1960,1882,24,3866,1,1,0,0,2,1,36,0.146428571428571,0.166351118760757,297,260,37,0,0,0,28,16,10,24,46,0,reacquire-response-blackout
16080008,10,1,19751918414,3915230419,3915230419,23786338,17294718,576479,4,3,26,34,35,36,1,1,1,18200,17922,0,1,1,1,0,2,0,0,0,20,7,1,67,19,1,87,1876,694,24,2594,1,1,0,0,2,1,0,0.0564935064935065,0.0625965250965251,132,132,0,0,0,0,28,16,10,24,46,0,zero-delivered
16080008,10,2,19751918414,3915230419,3909803415,23786338,17294718,576479,4,3,26,34,35,36,1,1,1,18200,17922,0,1,1,1,0,2,0,0,0,20,7,1,67,19,1,87,1876,694,24,2594,1,0,1,0,0,1,0,0.0564935064935065,0.0625965250965251,132,131,1,0,0,0,28,16,10,24,46,0,revoke-blackout
16080008,10,3,19751918414,3915230419,3755085465,24557468,17294840,576479,4,3,26,34,35,36,1,1,1,18200,17922,0,1,1,1,0,2,0,0,0,20,7,1,70,23,1,94,1960,808,24,2792,1,0,1,0,0,1,2,0.061038961038961,0.0673745173745174,149,145,4,0,0,0,28,16,10,24,46,0,joint-control-revoke-iid5
16080008,10,4,19751918414,3915230419,3914383293,23786338,17336455,576479,4,3,26,34,35,NaN,1,1,1,20090,17885,0,1,1,0,1,2,0,0,0,20,7,1,100,52,1,153,2800,1882,24,4706,1,1,0,0,2,1,36,0.0993506493506494,0.113561776061776,297,260,37,0,0,0,28,16,10,24,46,0,reacquire-response-blackout
16080009,5,1,5307565620,962444158,962444158,23374230,4462168,39554,4,3,24,32,35,36,1,1,1,18251,17922,0,1,1,1,0,2,0,0,0,18,7,1,35,17,1,53,980,622,24,1626,1,1,0,0,2,1,0,0.0630952380952381,0.0699655765920826,122,122,0,0,0,0,28,16,10,24,46,0,zero-delivered
16080009,5,2,5307565620,962444158,960813334,23374230,4462168,39554,4,3,24,32,35,36,1,1,1,18251,17922,0,1,1,1,0,2,0,0,0,18,7,1,35,17,1,53,980,622,24,1626,1,0,1,0,0,1,0,0.0630952380952381,0.0699655765920826,122,121,1,0,0,0,28,16,10,24,46,0,revoke-blackout
16080009,5,3,5307565620,962444158,915568703,24145360,4461965,39554,4,3,24,32,35,36,1,1,1,18251,17922,0,1,1,1,0,2,0,0,0,18,7,1,40,23,1,64,1120,808,24,1952,1,0,1,0,0,1,4,0.0761904761904762,0.0839931153184165,148,141,7,0,0,0,28,16,10,24,46,0,joint-control-revoke-iid5
16080009,5,4,5307565620,962444158,962168849,23374230,4481556,39554,4,3,24,32,35,NaN,1,1,1,20141,17885,0,1,1,0,1,2,0,0,0,18,7,1,70,52,1,123,1960,1882,24,3866,1,1,0,0,2,1,38,0.146428571428571,0.166351118760757,297,258,39,0,0,0,28,16,10,24,46,0,reacquire-response-blackout
16080009,10,1,19893346673,3986026811,3986026811,23786338,17297798,576479,4,3,24,32,35,36,1,1,1,18251,17922,0,1,1,1,0,2,0,0,0,18,7,1,65,17,1,83,1820,622,24,2466,1,1,0,0,2,1,0,0.0538961038961039,0.059507722007722,122,122,0,0,0,0,28,16,10,24,46,0,zero-delivered
16080009,10,2,19893346673,3986026811,3982436355,23786338,17297798,576479,4,3,24,32,35,36,1,1,1,18251,17922,0,1,1,1,0,2,0,0,0,18,7,1,65,17,1,83,1820,622,24,2466,1,0,1,0,0,1,0,0.0538961038961039,0.059507722007722,122,121,1,0,0,0,28,16,10,24,46,0,revoke-blackout
16080009,10,3,19893346673,3986026811,3817758756,24557468,17297055,576479,4,3,24,32,35,36,1,1,1,18251,17922,0,1,1,1,0,2,0,0,0,18,7,1,68,20,1,89,1904,730,24,2658,1,1,0,0,2,1,4,0.0577922077922078,0.0641409266409266,137,130,7,0,0,0,28,16,10,24,46,0,joint-control-revoke-iid5
16080009,10,4,19893346673,3986026811,3985360277,23786338,17339351,576479,4,3,24,32,35,NaN,1,1,1,20141,17885,0,1,1,0,1,2,0,0,0,18,7,1,100,52,1,153,2800,1882,24,4706,1,1,0,0,2,1,38,0.0993506493506494,0.113561776061776,297,258,39,0,0,0,28,16,10,24,46,0,reacquire-response-blackout
16080010,5,1,5277371879,962571296,962571296,23374230,4461479,39554,4,3,25,33,35,36,1,1,1,18226,17922,0,1,1,1,0,2,0,0,0,19,7,1,36,18,1,55,1008,658,24,1690,1,1,0,0,2,1,0,0.0654761904761905,0.0727194492254733,127,127,0,0,0,0,28,16,10,24,46,0,zero-delivered
16080010,5,2,5277371879,962571296,960964519,23374230,4461479,39554,4,3,25,33,35,36,1,1,1,18226,17922,0,1,1,1,0,2,0,0,0,19,7,1,36,18,1,55,1008,658,24,1690,1,0,1,0,0,1,0,0.0654761904761905,0.0727194492254733,127,126,1,0,0,0,28,16,10,24,46,0,revoke-blackout
16080010,5,3,5277371879,962571296,920950496,24145360,4461545,39554,4,3,25,33,35,36,1,1,1,18226,17922,0,1,1,1,0,2,0,0,0,19,7,1,39,20,1,60,1092,730,24,1846,1,1,0,0,2,1,2,0.0714285714285714,0.0794320137693632,137,131,6,0,0,0,28,16,10,24,46,0,joint-control-revoke-iid5
16080010,5,4,5277371879,962571296,962049154,23374230,4480929,39554,4,3,25,33,35,NaN,1,1,1,20116,17885,0,1,1,0,1,2,0,0,0,19,7,1,70,52,1,123,1960,1882,24,3866,1,1,0,0,2,1,37,0.146428571428571,0.166351118760757,297,259,38,0,0,0,28,16,10,24,46,0,reacquire-response-blackout
16080010,10,1,19834022505,3924646609,3924646609,23786338,17296429,576479,4,3,25,33,35,36,1,1,1,18226,17922,0,1,1,1,0,2,0,0,0,19,7,1,66,18,1,85,1848,658,24,2530,1,1,0,0,2,1,0,0.0551948051948052,0.0610521235521236,127,127,0,0,0,0,28,16,10,24,46,0,zero-delivered
16080010,10,2,19834022505,3924646609,3919585501,23786338,17296429,576479,4,3,25,33,35,36,1,1,1,18226,17922,0,1,1,1,0,2,0,0,0,19,7,1,66,18,1,85,1848,658,24,2530,1,0,1,0,0,1,0,0.0551948051948052,0.0610521235521236,127,126,1,0,0,0,28,16,10,24,46,0,revoke-blackout
16080010,10,3,19834022505,3924646609,3757527389,24557468,17296620,576479,4,3,25,33,35,36,1,1,1,18226,17922,0,1,1,1,0,2,0,0,0,19,7,1,68,19,1,88,1904,704,24,2632,1,1,0,0,2,1,1,0.0571428571428571,0.0635135135135135,133,128,5,0,0,0,28,16,10,24,46,0,joint-control-revoke-iid5
16080010,10,4,19834022505,3924646609,3925143406,23786338,17338074,576479,4,3,25,33,35,NaN,1,1,1,20116,17885,0,1,1,0,1,2,0,0,0,19,7,1,100,52,1,153,2800,1882,24,4706,1,1,0,0,2,1,37,0.0993506493506494,0.113561776061776,297,259,38,0,0,0,28,16,10,24,46,0,reacquire-response-blackout
16080011,5,1,5328761658,983026867,983026867,23374230,4460483,39554,4,3,26,34,35,36,1,1,1,18200,17922,0,1,1,1,0,2,0,0,0,20,7,1,37,19,1,57,1036,694,24,1754,1,1,0,0,2,1,0,0.0678571428571429,0.075473321858864,132,132,0,0,0,0,28,16,10,24,46,0,zero-delivered
16080011,5,2,5328761658,983026867,980503178,23374230,4460483,39554,4,3,26,34,35,36,1,1,1,18200,17922,0,1,1,1,0,2,0,0,0,20,7,1,37,19,1,57,1036,694,24,1754,1,0,1,0,0,1,0,0.0678571428571429,0.075473321858864,132,131,1,0,0,0,28,16,10,24,46,0,revoke-blackout
16080011,5,3,5328761658,983026867,940597144,24145360,4460549,39554,4,3,26,34,35,36,1,1,1,18200,17922,0,1,1,1,0,2,0,0,0,20,7,1,41,23,1,65,1148,808,24,1980,1,1,0,0,2,1,3,0.0773809523809524,0.085197934595525,149,142,7,0,0,0,28,16,10,24,46,0,joint-control-revoke-iid5
16080011,5,4,5328761658,983026867,982237257,23374230,4479995,39554,4,3,26,34,35,NaN,1,1,1,20090,17885,0,1,1,0,1,2,0,0,0,20,7,1,70,52,1,123,1960,1882,24,3866,1,1,0,0,2,1,36,0.146428571428571,0.166351118760757,297,260,37,0,0,0,28,16,10,24,46,0,reacquire-response-blackout
16080011,10,1,19782945387,3950670791,3950670791,23786338,17294718,576479,4,3,26,34,35,36,1,1,1,18200,17922,0,1,1,1,0,2,0,0,0,20,7,1,67,19,1,87,1876,694,24,2594,1,1,0,0,2,1,0,0.0564935064935065,0.0625965250965251,132,132,0,0,0,0,28,16,10,24,46,0,zero-delivered
16080011,10,2,19782945387,3950670791,3945998509,23786338,17294718,576479,4,3,26,34,35,36,1,1,1,18200,17922,0,1,1,1,0,2,0,0,0,20,7,1,67,19,1,87,1876,694,24,2594,1,0,1,0,0,1,0,0.0564935064935065,0.0625965250965251,132,131,1,0,0,0,28,16,10,24,46,0,revoke-blackout
16080011,10,3,19782945387,3950670791,3757366572,24557468,17294901,576479,4,3,26,34,35,36,1,1,1,18200,17922,0,1,1,1,0,2,0,0,0,20,7,1,73,26,1,100,2044,896,24,2964,1,1,0,0,2,1,5,0.0649350649350649,0.0715250965250965,163,152,11,0,0,0,28,16,10,24,46,0,joint-control-revoke-iid5
16080011,10,4,19782945387,3950670791,3950985632,23786338,17336455,576479,4,3,26,34,35,NaN,1,1,1,20090,17885,0,1,1,0,1,2,0,0,0,20,7,1,100,52,1,153,2800,1882,24,4706,1,1,0,0,2,1,36,0.0993506493506494,0.113561776061776,297,260,37,0,0,0,28,16,10,24,46,0,reacquire-response-blackout
16080012,5,1,5342876735,961537633,961537633,23374230,4462168,39554,4,3,24,32,35,36,1,1,1,18251,17922,0,1,1,1,0,2,0,0,0,18,7,1,35,17,1,53,980,622,24,1626,1,1,0,0,2,1,0,0.0630952380952381,0.0699655765920826,122,122,0,0,0,0,28,16,10,24,46,0,zero-delivered
16080012,5,2,5342876735,961537633,959277568,23374230,4462168,39554,4,3,24,32,35,36,1,1,1,18251,17922,0,1,1,1,0,2,0,0,0,18,7,1,35,17,1,53,980,622,24,1626,1,0,1,0,0,1,0,0.0630952380952381,0.0699655765920826,122,121,1,0,0,0,28,16,10,24,46,0,revoke-blackout
16080012,5,3,5342876735,961537633,916716950,24145360,4462096,39554,4,3,24,32,35,36,1,1,1,18251,17922,0,1,1,1,0,2,0,0,0,18,7,1,35,17,1,53,980,622,24,1626,1,1,0,0,2,1,1,0.0630952380952381,0.0699655765920826,122,113,9,0,0,0,28,16,10,24,46,0,joint-control-revoke-iid5
16080012,5,4,5342876735,961537633,961001427,23374230,4481556,39554,4,3,24,32,35,NaN,1,1,1,20141,17885,0,1,1,0,1,2,0,0,0,18,7,1,70,52,1,123,1960,1882,24,3866,1,1,0,0,2,1,38,0.146428571428571,0.166351118760757,297,258,39,0,0,0,28,16,10,24,46,0,reacquire-response-blackout
16080012,10,1,19757682965,3936235325,3936235325,23786338,17297798,576479,4,3,24,32,35,36,1,1,1,18251,17922,0,1,1,1,0,2,0,0,0,18,7,1,65,17,1,83,1820,622,24,2466,1,1,0,0,2,1,0,0.0538961038961039,0.059507722007722,122,122,0,0,0,0,28,16,10,24,46,0,zero-delivered
16080012,10,2,19757682965,3936235325,3930573090,23786338,17297798,576479,4,3,24,32,35,36,1,1,1,18251,17922,0,1,1,1,0,2,0,0,0,18,7,1,65,17,1,83,1820,622,24,2466,1,0,1,0,0,1,0,0.0538961038961039,0.059507722007722,122,121,1,0,0,0,28,16,10,24,46,0,revoke-blackout
16080012,10,3,19757682965,3936235325,3755049974,24557468,17299366,576479,4,3,24,32,36,37,1,1,1,18288,17923,0,1,1,1,0,2,0,0,0,18,7,1,72,25,1,98,2016,860,24,2900,1,1,0,0,2,1,7,0.0636363636363636,0.069980694980695,159,148,11,0,0,0,28,16,10,24,46,0,joint-control-revoke-iid5
16080012,10,4,19757682965,3936235325,3935342737,23786338,17339351,576479,4,3,24,32,35,NaN,1,1,1,20141,17885,0,1,1,0,1,2,0,0,0,18,7,1,100,52,1,153,2800,1882,24,4706,1,1,0,0,2,1,38,0.0993506493506494,0.113561776061776,297,258,39,0,0,0,28,16,10,24,46,0,reacquire-response-blackout
16080013,5,1,5343743215,979182716,979182716,23374230,4461479,39554,4,3,25,33,35,36,1,1,1,18226,17922,0,1,1,1,0,2,0,0,0,19,7,1,36,18,1,55,1008,658,24,1690,1,1,0,0,2,1,0,0.0654761904761905,0.0727194492254733,127,127,0,0,0,0,28,16,10,24,46,0,zero-delivered
16080013,5,2,5343743215,979182716,975892201,23374230,4461479,39554,4,3,25,33,35,36,1,1,1,18226,17922,0,1,1,1,0,2,0,0,0,19,7,1,36,18,1,55,1008,658,24,1690,1,0,1,0,0,1,0,0.0654761904761905,0.0727194492254733,127,126,1,0,0,0,28,16,10,24,46,0,revoke-blackout
16080013,5,3,5343743215,979182716,941898612,24145360,4461479,39554,4,3,25,33,35,36,1,1,1,18226,17922,0,1,1,1,0,2,0,0,0,19,7,1,38,22,1,61,1064,762,24,1850,1,1,0,0,2,1,2,0.0726190476190476,0.0796041308089501,143,137,6,0,0,0,28,16,10,24,46,0,joint-control-revoke-iid5
16080013,5,4,5343743215,979182716,978860200,23374230,4480929,39554,4,3,25,33,35,NaN,1,1,1,20116,17885,0,1,1,0,1,2,0,0,0,19,7,1,70,52,1,123,1960,1882,24,3866,1,1,0,0,2,1,37,0.146428571428571,0.166351118760757,297,259,38,0,0,0,28,16,10,24,46,0,reacquire-response-blackout
16080013,10,1,19760684675,3980204716,3980204716,23786338,17296429,576479,4,3,25,33,35,36,1,1,1,18226,17922,0,1,1,1,0,2,0,0,0,19,7,1,66,18,1,85,1848,658,24,2530,1,1,0,0,2,1,0,0.0551948051948052,0.0610521235521236,127,127,0,0,0,0,28,16,10,24,46,0,zero-delivered
16080013,10,2,19760684675,3980204716,3975006341,23786338,17296429,576479,4,3,25,33,35,36,1,1,1,18226,17922,0,1,1,1,0,2,0,0,0,19,7,1,66,18,1,85,1848,658,24,2530,1,0,1,0,0,1,0,0.0551948051948052,0.0610521235521236,127,126,1,0,0,0,28,16,10,24,46,0,revoke-blackout
16080013,10,3,19760684675,3980204716,3806124958,24557468,17296259,576479,4,3,25,33,35,36,1,1,1,18226,17922,0,1,1,1,0,2,0,0,0,19,7,1,67,20,1,88,1876,710,24,2610,1,1,0,0,2,1,1,0.0571428571428571,0.0629826254826255,135,131,4,0,0,0,28,16,10,24,46,0,joint-control-revoke-iid5
16080013,10,4,19760684675,3980204716,3979899676,23786338,17338074,576479,4,3,25,33,35,NaN,1,1,1,20116,17885,0,1,1,0,1,2,0,0,0,19,7,1,100,52,1,153,2800,1882,24,4706,1,1,0,0,2,1,37,0.0993506493506494,0.113561776061776,297,259,38,0,0,0,28,16,10,24,46,0,reacquire-response-blackout
16080014,5,1,5341338743,980872833,980872833,23374230,4460483,39554,4,3,26,34,35,36,1,1,1,18200,17922,0,1,1,1,0,2,0,0,0,20,7,1,37,19,1,57,1036,694,24,1754,1,1,0,0,2,1,0,0.0678571428571429,0.075473321858864,132,132,0,0,0,0,28,16,10,24,46,0,zero-delivered
16080014,5,2,5341338743,980872833,978013757,23374230,4460483,39554,4,3,26,34,35,36,1,1,1,18200,17922,0,1,1,1,0,2,0,0,0,20,7,1,37,19,1,57,1036,694,24,1754,1,0,1,0,0,1,0,0.0678571428571429,0.075473321858864,132,131,1,0,0,0,28,16,10,24,46,0,revoke-blackout
16080014,5,3,5341338743,980872833,931119537,24145360,4460411,39554,4,3,26,34,35,36,1,1,1,18200,17922,0,1,1,1,0,2,0,0,0,20,7,1,38,21,1,60,1064,746,24,1834,1,1,0,0,2,1,2,0.0714285714285714,0.0789156626506024,140,133,7,0,0,0,28,16,10,24,46,0,joint-control-revoke-iid5
16080014,5,4,5341338743,980872833,980736184,23374230,4479995,39554,4,3,26,34,35,NaN,1,1,1,20090,17885,0,1,1,0,1,2,0,0,0,20,7,1,70,52,1,123,1960,1882,24,3866,1,1,0,0,2,1,36,0.146428571428571,0.166351118760757,297,260,37,0,0,0,28,16,10,24,46,0,reacquire-response-blackout
16080014,10,1,19857143706,3952089697,3952089697,23786338,17294718,576479,4,3,26,34,35,36,1,1,1,18200,17922,0,1,1,1,0,2,0,0,0,20,7,1,67,19,1,87,1876,694,24,2594,1,1,0,0,2,1,0,0.0564935064935065,0.0625965250965251,132,132,0,0,0,0,28,16,10,24,46,0,zero-delivered
16080014,10,2,19857143706,3952089697,3945575191,23786338,17294718,576479,4,3,26,34,35,36,1,1,1,18200,17922,0,1,1,1,0,2,0,0,0,20,7,1,67,19,1,87,1876,694,24,2594,1,0,1,0,0,1,0,0.0564935064935065,0.0625965250965251,132,131,1,0,0,0,28,16,10,24,46,0,revoke-blackout
16080014,10,3,19857143706,3952089697,3778610237,24557468,17294286,576479,4,3,26,34,35,36,1,1,1,18200,17922,0,1,1,1,0,2,0,0,0,20,7,1,72,25,1,98,2016,870,24,2910,1,1,0,0,2,1,6,0.0636363636363636,0.0702220077220077,159,149,10,0,0,0,28,16,10,24,46,0,joint-control-revoke-iid5
16080014,10,4,19857143706,3952089697,3951513077,23786338,17336455,576479,4,3,26,34,35,NaN,1,1,1,20090,17885,0,1,1,0,1,2,0,0,0,20,7,1,100,52,1,153,2800,1882,24,4706,1,1,0,0,2,1,36,0.0993506493506494,0.113561776061776,297,260,37,0,0,0,28,16,10,24,46,0,reacquire-response-blackout
16080015,5,1,5309875946,964408674,964408674,23374230,4462168,39554,4,3,24,32,35,36,1,1,1,18251,17922,0,1,1,1,0,2,0,0,0,18,7,1,35,17,1,53,980,622,24,1626,1,1,0,0,2,1,0,0.0630952380952381,0.0699655765920826,122,122,0,0,0,0,28,16,10,24,46,0,zero-delivered
16080015,5,2,5309875946,964408674,960233890,23374230,4462168,39554,4,3,24,32,35,36,1,1,1,18251,17922,0,1,1,1,0,2,0,0,0,18,7,1,35,17,1,53,980,622,24,1626,1,0,1,0,0,1,0,0.0630952380952381,0.0699655765920826,122,121,1,0,0,0,28,16,10,24,46,0,revoke-blackout
16080015,5,3,5309875946,964408674,911629733,24145360,4462234,39554,4,3,24,32,35,36,1,1,1,18251,17922,0,1,1,1,0,2,0,0,0,18,7,1,38,21,1,60,1064,736,24,1824,1,1,0,0,2,1,2,0.0714285714285714,0.0784853700516351,139,136,3,0,0,0,28,16,10,24,46,0,joint-control-revoke-iid5
16080015,5,4,5309875946,964408674,964528146,23374230,4481556,39554,4,3,24,32,35,NaN,1,1,1,20141,17885,0,1,1,0,1,2,0,0,0,18,7,1,70,52,1,123,1960,1882,24,3866,1,1,0,0,2,1,38,0.146428571428571,0.166351118760757,297,258,39,0,0,0,28,16,10,24,46,0,reacquire-response-blackout
16080015,10,1,19900187316,3952866739,3952866739,23786338,17297798,576479,4,3,24,32,35,36,1,1,1,18251,17922,0,1,1,1,0,2,0,0,0,18,7,1,65,17,1,83,1820,622,24,2466,1,1,0,0,2,1,0,0.0538961038961039,0.059507722007722,122,122,0,0,0,0,28,16,10,24,46,0,zero-delivered
16080015,10,2,19900187316,3952866739,3948804742,23786338,17297798,576479,4,3,24,32,35,36,1,1,1,18251,17922,0,1,1,1,0,2,0,0,0,18,7,1,65,17,1,83,1820,622,24,2466,1,0,1,0,0,1,0,0.0538961038961039,0.059507722007722,122,121,1,0,0,0,28,16,10,24,46,0,revoke-blackout
16080015,10,3,19900187316,3952866739,3787514848,24557468,17297610,576479,4,3,24,32,35,36,1,1,1,18251,17922,0,1,1,1,0,2,0,0,0,18,7,1,68,21,1,90,1904,736,24,2664,1,1,0,0,2,1,2,0.0584415584415584,0.0642857142857143,139,132,7,0,0,0,28,16,10,24,46,0,joint-control-revoke-iid5
16080015,10,4,19900187316,3952866739,3952621636,23786338,17339351,576479,4,3,24,32,35,NaN,1,1,1,20141,17885,0,1,1,0,1,2,0,0,0,18,7,1,100,52,1,153,2800,1882,24,4706,1,1,0,0,2,1,38,0.0993506493506494,0.113561776061776,297,258,39,0,0,0,28,16,10,24,46,0,reacquire-response-blackout
16080016,5,1,5350274968,964698400,964698400,23374230,4461479,39554,4,3,25,33,35,36,1,1,1,18226,17922,0,1,1,1,0,2,0,0,0,19,7,1,36,18,1,55,1008,658,24,1690,1,1,0,0,2,1,0,0.0654761904761905,0.0727194492254733,127,127,0,0,0,0,28,16,10,24,46,0,zero-delivered
16080016,5,2,5350274968,964698400,962057727,23374230,4461479,39554,4,3,25,33,35,36,1,1,1,18226,17922,0,1,1,1,0,2,0,0,0,19,7,1,36,18,1,55,1008,658,24,1690,1,0,1,0,0,1,0,0.0654761904761905,0.0727194492254733,127,126,1,0,0,0,28,16,10,24,46,0,revoke-blackout
16080016,5,3,5350274968,964698400,918291536,24145360,4461407,39554,4,3,25,33,35,36,1,1,1,18226,17922,0,1,1,1,0,2,0,0,0,19,7,1,38,19,1,58,1064,684,24,1772,1,1,0,0,2,1,3,0.0690476190476191,0.0762478485370052,132,126,6,0,0,0,28,16,10,24,46,0,joint-control-revoke-iid5
16080016,5,4,5350274968,964698400,964351259,23374230,4480929,39554,4,3,25,33,35,NaN,1,1,1,20116,17885,0,1,1,0,1,2,0,0,0,19,7,1,70,52,1,123,1960,1882,24,3866,1,1,0,0,2,1,37,0.146428571428571,0.166351118760757,297,259,38,0,0,0,28,16,10,24,46,0,reacquire-response-blackout
16080016,10,1,19824679140,3976877652,3976877652,23786338,17296429,576479,4,3,25,33,35,36,1,1,1,18226,17922,0,1,1,1,0,2,0,0,0,19,7,1,66,18,1,85,1848,658,24,2530,1,1,0,0,2,1,0,0.0551948051948052,0.0610521235521236,127,127,0,0,0,0,28,16,10,24,46,0,zero-delivered
16080016,10,2,19824679140,3976877652,3973412029,23786338,17296429,576479,4,3,25,33,35,36,1,1,1,18226,17922,0,1,1,1,0,2,0,0,0,19,7,1,66,18,1,85,1848,658,24,2530,1,0,1,0,0,1,0,0.0551948051948052,0.0610521235521236,127,126,1,0,0,0,28,16,10,24,46,0,revoke-blackout
16080016,10,3,19824679140,3976877652,3800959195,24557468,17297937,576479,4,3,25,33,36,37,1,1,1,18263,17923,0,1,1,1,0,2,0,0,0,19,7,1,73,22,1,96,2044,812,24,2880,1,1,0,0,2,1,5,0.0623376623376623,0.0694980694980695,150,140,10,0,0,0,28,16,10,24,46,0,joint-control-revoke-iid5
16080016,10,4,19824679140,3976877652,3976306059,23786338,17338074,576479,4,3,25,33,35,NaN,1,1,1,20116,17885,0,1,1,0,1,2,0,0,0,19,7,1,100,52,1,153,2800,1882,24,4706,1,1,0,0,2,1,37,0.0993506493506494,0.113561776061776,297,259,38,0,0,0,28,16,10,24,46,0,reacquire-response-blackout
16080017,5,1,5362819385,988886542,988886542,23374230,4460483,39554,4,3,26,34,35,36,1,1,1,18200,17922,0,1,1,1,0,2,0,0,0,20,7,1,37,19,1,57,1036,694,24,1754,1,1,0,0,2,1,0,0.0678571428571429,0.075473321858864,132,132,0,0,0,0,28,16,10,24,46,0,zero-delivered
16080017,5,2,5362819385,988886542,985755190,23374230,4460483,39554,4,3,26,34,35,36,1,1,1,18200,17922,0,1,1,1,0,2,0,0,0,20,7,1,37,19,1,57,1036,694,24,1754,1,0,1,0,0,1,0,0.0678571428571429,0.075473321858864,132,131,1,0,0,0,28,16,10,24,46,0,revoke-blackout
16080017,5,3,5362819385,988886542,945138158,24145360,4460322,39554,4,3,26,34,35,36,1,1,1,18200,17922,0,1,1,1,0,2,0,0,0,20,7,1,47,28,1,76,1316,978,24,2318,1,1,0,0,2,1,8,0.0904761904761905,0.0997418244406196,173,157,16,0,0,0,28,16,10,24,46,0,joint-control-revoke-iid5
16080017,5,4,5362819385,988886542,988500444,23374230,4479995,39554,4,3,26,34,35,NaN,1,1,1,20090,17885,0,1,1,0,1,2,0,0,0,20,7,1,70,52,1,123,1960,1882,24,3866,1,1,0,0,2,1,36,0.146428571428571,0.166351118760757,297,260,37,0,0,0,28,16,10,24,46,0,reacquire-response-blackout
16080017,10,1,19864724623,3983597816,3983597816,23786338,17294718,576479,4,3,26,34,35,36,1,1,1,18200,17922,0,1,1,1,0,2,0,0,0,20,7,1,67,19,1,87,1876,694,24,2594,1,1,0,0,2,1,0,0.0564935064935065,0.0625965250965251,132,132,0,0,0,0,28,16,10,24,46,0,zero-delivered
16080017,10,2,19864724623,3983597816,3978851862,23786338,17294718,576479,4,3,26,34,35,36,1,1,1,18200,17922,0,1,1,1,0,2,0,0,0,20,7,1,67,19,1,87,1876,694,24,2594,1,0,1,0,0,1,0,0.0564935064935065,0.0625965250965251,132,131,1,0,0,0,28,16,10,24,46,0,revoke-blackout
16080017,10,3,19864724623,3983597816,3796132185,24557468,17294474,576479,4,3,26,34,35,36,1,1,1,18200,17922,0,1,1,1,0,2,0,0,0,20,7,1,68,18,1,87,1904,658,24,2586,1,1,0,0,2,1,3,0.0564935064935065,0.0624034749034749,129,122,7,0,0,0,28,16,10,24,46,0,joint-control-revoke-iid5
16080017,10,4,19864724623,3983597816,3983907592,23786338,17336455,576479,4,3,26,34,35,NaN,1,1,1,20090,17885,0,1,1,0,1,2,0,0,0,20,7,1,100,52,1,153,2800,1882,24,4706,1,1,0,0,2,1,36,0.0993506493506494,0.113561776061776,297,260,37,0,0,0,28,16,10,24,46,0,reacquire-response-blackout
16080018,5,1,5344186055,967490623,967490623,23374230,4462168,39554,4,3,24,32,35,36,1,1,1,18251,17922,0,1,1,1,0,2,0,0,0,18,7,1,35,17,1,53,980,622,24,1626,1,1,0,0,2,1,0,0.0630952380952381,0.0699655765920826,122,122,0,0,0,0,28,16,10,24,46,0,zero-delivered
16080018,5,2,5344186055,967490623,965230592,23374230,4462168,39554,4,3,24,32,35,36,1,1,1,18251,17922,0,1,1,1,0,2,0,0,0,18,7,1,35,17,1,53,980,622,24,1626,1,0,1,0,0,1,0,0.0630952380952381,0.0699655765920826,122,121,1,0,0,0,28,16,10,24,46,0,revoke-blackout
16080018,5,3,5344186055,967490623,923611428,24145360,4462033,39554,4,3,24,32,35,36,1,1,1,18251,17922,0,1,1,1,0,2,0,0,0,18,7,1,36,19,1,56,1008,674,24,1706,1,1,0,0,2,1,1,0.0666666666666667,0.073407917383821,130,127,3,0,0,0,28,16,10,24,46,0,joint-control-revoke-iid5
16080018,5,4,5344186055,967490623,967608323,23374230,4481556,39554,4,3,24,32,35,NaN,1,1,1,20141,17885,0,1,1,0,1,2,0,0,0,18,7,1,70,52,1,123,1960,1882,24,3866,1,1,0,0,2,1,38,0.146428571428571,0.166351118760757,297,258,39,0,0,0,28,16,10,24,46,0,reacquire-response-blackout
16080018,10,1,19779154712,3984667391,3984667391,23786338,17297798,576479,4,3,24,32,35,36,1,1,1,18251,17922,0,1,1,1,0,2,0,0,0,18,7,1,65,17,1,83,1820,622,24,2466,1,1,0,0,2,1,0,0.0538961038961039,0.059507722007722,122,122,0,0,0,0,28,16,10,24,46,0,zero-delivered
16080018,10,2,19779154712,3984667391,3979641505,23786338,17297798,576479,4,3,24,32,35,36,1,1,1,18251,17922,0,1,1,1,0,2,0,0,0,18,7,1,65,17,1,83,1820,622,24,2466,1,0,1,0,0,1,0,0.0538961038961039,0.059507722007722,122,121,1,0,0,0,28,16,10,24,46,0,revoke-blackout
16080018,10,3,19779154712,3984667391,3815209822,24557468,17297676,576479,4,3,24,32,35,36,1,1,1,18251,17922,0,1,1,1,0,2,0,0,0,18,7,1,68,17,1,86,1904,632,24,2560,1,1,0,0,2,1,4,0.0558441558441558,0.0617760617760618,125,120,5,0,0,0,28,16,10,24,46,0,joint-control-revoke-iid5
16080018,10,4,19779154712,3984667391,3984419118,23786338,17339351,576479,4,3,24,32,35,NaN,1,1,1,20141,17885,0,1,1,0,1,2,0,0,0,18,7,1,100,52,1,153,2800,1882,24,4706,1,1,0,0,2,1,38,0.0993506493506494,0.113561776061776,297,258,39,0,0,0,28,16,10,24,46,0,reacquire-response-blackout
16080019,5,1,5337020572,973320393,973320393,23374230,4461479,39554,4,3,25,33,35,36,1,1,1,18226,17922,0,1,1,1,0,2,0,0,0,19,7,1,36,18,1,55,1008,658,24,1690,1,1,0,0,2,1,0,0.0654761904761905,0.0727194492254733,127,127,0,0,0,0,28,16,10,24,46,0,zero-delivered
16080019,5,2,5337020572,973320393,970616557,23374230,4461479,39554,4,3,25,33,35,36,1,1,1,18226,17922,0,1,1,1,0,2,0,0,0,19,7,1,36,18,1,55,1008,658,24,1690,1,0,1,0,0,1,0,0.0654761904761905,0.0727194492254733,127,126,1,0,0,0,28,16,10,24,46,0,revoke-blackout
16080019,5,3,5337020572,973320393,931471523,24145360,4461407,39554,4,3,25,33,35,36,1,1,1,18226,17922,0,1,1,1,0,2,0,0,0,19,7,1,37,19,1,57,1036,694,24,1754,1,1,0,0,2,1,2,0.0678571428571429,0.075473321858864,132,127,5,0,0,0,28,16,10,24,46,0,joint-control-revoke-iid5
16080019,5,4,5337020572,973320393,973650767,23374230,4480929,39554,4,3,25,33,35,NaN,1,1,1,20116,17885,0,1,1,0,1,2,0,0,0,19,7,1,70,52,1,123,1960,1882,24,3866,1,1,0,0,2,1,37,0.146428571428571,0.166351118760757,297,259,38,0,0,0,28,16,10,24,46,0,reacquire-response-blackout
16080019,10,1,19850339658,3940827988,3940827988,23786338,17296429,576479,4,3,25,33,35,36,1,1,1,18226,17922,0,1,1,1,0,2,0,0,0,19,7,1,66,18,1,85,1848,658,24,2530,1,1,0,0,2,1,0,0.0551948051948052,0.0610521235521236,127,127,0,0,0,0,28,16,10,24,46,0,zero-delivered
16080019,10,2,19850339658,3940827988,3937631584,23786338,17296429,576479,4,3,25,33,35,36,1,1,1,18226,17922,0,1,1,1,0,2,0,0,0,19,7,1,66,18,1,85,1848,658,24,2530,1,0,1,0,0,1,0,0.0551948051948052,0.0610521235521236,127,126,1,0,0,0,28,16,10,24,46,0,revoke-blackout
16080019,10,3,19850339658,3940827988,3783477595,24557468,17296307,576479,4,3,25,33,35,36,1,1,1,18226,17922,0,1,1,1,0,2,0,0,0,19,7,1,68,19,1,88,1904,694,24,2622,1,1,0,0,2,1,3,0.0571428571428571,0.0632722007722008,133,127,6,0,0,0,28,16,10,24,46,0,joint-control-revoke-iid5
16080019,10,4,19850339658,3940827988,3940478047,23786338,17338074,576479,4,3,25,33,35,NaN,1,1,1,20116,17885,0,1,1,0,1,2,0,0,0,19,7,1,100,52,1,153,2800,1882,24,4706,1,1,0,0,2,1,37,0.0993506493506494,0.113561776061776,297,259,38,0,0,0,28,16,10,24,46,0,reacquire-response-blackout
16080020,5,1,5323171828,988529914,988529914,23374230,4460483,39554,4,3,26,34,35,36,1,1,1,18200,17922,0,1,1,1,0,2,0,0,0,20,7,1,37,19,1,57,1036,694,24,1754,1,1,0,0,2,1,0,0.0678571428571429,0.075473321858864,132,132,0,0,0,0,28,16,10,24,46,0,zero-delivered
16080020,5,2,5323171828,988529914,985271755,23374230,4460483,39554,4,3,26,34,35,36,1,1,1,18200,17922,0,1,1,1,0,2,0,0,0,20,7,1,37,19,1,57,1036,694,24,1754,1,0,1,0,0,1,0,0.0678571428571429,0.075473321858864,132,131,1,0,0,0,28,16,10,24,46,0,revoke-blackout
16080020,5,3,5323171828,988529914,932806042,24145360,4460411,39554,4,3,26,34,35,36,1,1,1,18200,17922,0,1,1,1,0,2,0,0,0,20,7,1,40,23,1,64,1120,798,24,1942,1,1,0,0,2,1,4,0.0761904761904762,0.0835628227194492,149,141,8,0,0,0,28,16,10,24,46,0,joint-control-revoke-iid5
16080020,5,4,5323171828,988529914,988788417,23374230,4479995,39554,4,3,26,34,35,NaN,1,1,1,20090,17885,0,1,1,0,1,2,0,0,0,20,7,1,70,52,1,123,1960,1882,24,3866,1,1,0,0,2,1,36,0.146428571428571,0.166351118760757,297,260,37,0,0,0,28,16,10,24,46,0,reacquire-response-blackout
16080020,10,1,19828870123,3976031479,3976031479,23786338,17294718,576479,4,3,26,34,35,36,1,1,1,18200,17922,0,1,1,1,0,2,0,0,0,20,7,1,67,19,1,87,1876,694,24,2594,1,1,0,0,2,1,0,0.0564935064935065,0.0625965250965251,132,132,0,0,0,0,28,16,10,24,46,0,zero-delivered
16080020,10,2,19828870123,3976031479,3970160313,23786338,17294718,576479,4,3,26,34,35,36,1,1,1,18200,17922,0,1,1,1,0,2,0,0,0,20,7,1,67,19,1,87,1876,694,24,2594,1,0,1,0,0,1,0,0.0564935064935065,0.0625965250965251,132,131,1,0,0,0,28,16,10,24,46,0,revoke-blackout
16080020,10,3,19828870123,3976031479,3795287399,24557468,17294253,576479,4,3,26,34,35,36,1,1,1,18200,17922,0,1,1,1,0,2,0,0,0,20,7,1,70,22,1,93,1960,792,24,2776,1,1,0,0,2,1,4,0.0603896103896104,0.066988416988417,146,140,6,0,0,0,28,16,10,24,46,0,joint-control-revoke-iid5
16080020,10,4,19828870123,3976031479,3976324831,23786338,17336455,576479,4,3,26,34,35,NaN,1,1,1,20090,17885,0,1,1,0,1,2,0,0,0,20,7,1,100,52,1,153,2800,1882,24,4706,1,1,0,0,2,1,36,0.0993506493506494,0.113561776061776,297,260,37,0,0,0,28,16,10,24,46,0,reacquire-response-blackout
16080021,5,1,5397320893,993005551,993005551,23374230,4462168,39554,4,3,24,32,35,36,1,1,1,18251,17922,0,1,1,1,0,2,0,0,0,18,7,1,35,17,1,53,980,622,24,1626,1,1,0,0,2,1,0,0.0630952380952381,0.0699655765920826,122,122,0,0,0,0,28,16,10,24,46,0,zero-delivered
16080021,5,2,5397320893,993005551,989679749,23374230,4462168,39554,4,3,24,32,35,36,1,1,1,18251,17922,0,1,1,1,0,2,0,0,0,18,7,1,35,17,1,53,980,622,24,1626,1,0,1,0,0,1,0,0.0630952380952381,0.0699655765920826,122,121,1,0,0,0,28,16,10,24,46,0,revoke-blackout
16080021,5,3,5397320893,993005551,945846883,24145360,4461554,39554,4,3,24,32,35,36,1,1,1,18251,17922,0,1,1,1,0,2,0,0,0,18,7,1,41,24,1,66,1148,844,24,2016,1,1,0,0,2,1,5,0.0785714285714286,0.0867469879518072,154,148,6,0,0,0,28,16,10,24,46,0,joint-control-revoke-iid5
16080021,5,4,5397320893,993005551,992852898,23374230,4481556,39554,4,3,24,32,35,NaN,1,1,1,20141,17885,0,1,1,0,1,2,0,0,0,18,7,1,70,52,1,123,1960,1882,24,3866,1,1,0,0,2,1,38,0.146428571428571,0.166351118760757,297,258,39,0,0,0,28,16,10,24,46,0,reacquire-response-blackout
16080021,10,1,19774190105,3930723741,3930723741,23786338,17297798,576479,4,3,24,32,35,36,1,1,1,18251,17922,0,1,1,1,0,2,0,0,0,18,7,1,65,17,1,83,1820,622,24,2466,1,1,0,0,2,1,0,0.0538961038961039,0.059507722007722,122,122,0,0,0,0,28,16,10,24,46,0,zero-delivered
16080021,10,2,19774190105,3930723741,3926113008,23786338,17297798,576479,4,3,24,32,35,36,1,1,1,18251,17922,0,1,1,1,0,2,0,0,0,18,7,1,65,17,1,83,1820,622,24,2466,1,0,1,0,0,1,0,0.0538961038961039,0.059507722007722,122,121,1,0,0,0,28,16,10,24,46,0,revoke-blackout
16080021,10,3,19774190105,3930723741,3746643976,24557468,17299060,576479,4,3,24,32,36,37,1,1,1,18288,17923,0,1,1,1,0,2,0,0,0,18,7,1,70,21,1,92,1960,766,24,2750,1,1,0,0,2,1,3,0.0597402597402597,0.0663610038610039,142,133,9,0,0,0,28,16,10,24,46,0,joint-control-revoke-iid5
16080021,10,4,19774190105,3930723741,3931104272,23786338,17339351,576479,4,3,24,32,35,NaN,1,1,1,20141,17885,0,1,1,0,1,2,0,0,0,18,7,1,100,52,1,153,2800,1882,24,4706,1,1,0,0,2,1,38,0.0993506493506494,0.113561776061776,297,258,39,0,0,0,28,16,10,24,46,0,reacquire-response-blackout
16080022,5,1,5355574234,960054608,960054608,23374230,4461479,39554,4,3,25,33,35,36,1,1,1,18226,17922,0,1,1,1,0,2,0,0,0,19,7,1,36,18,1,55,1008,658,24,1690,1,1,0,0,2,1,0,0.0654761904761905,0.0727194492254733,127,127,0,0,0,0,28,16,10,24,46,0,zero-delivered
16080022,5,2,5355574234,960054608,957107432,23374230,4461479,39554,4,3,25,33,35,36,1,1,1,18226,17922,0,1,1,1,0,2,0,0,0,19,7,1,36,18,1,55,1008,658,24,1690,1,0,1,0,0,1,0,0.0654761904761905,0.0727194492254733,127,126,1,0,0,0,28,16,10,24,46,0,revoke-blackout
16080022,5,3,5355574234,960054608,920870318,24145360,4460927,39554,4,3,25,33,35,36,1,1,1,18226,17922,0,1,1,1,0,2,0,0,0,19,7,1,44,24,1,69,1232,824,24,2080,1,1,0,0,2,1,9,0.0821428571428571,0.0895008605851979,156,143,13,0,0,0,28,16,10,24,46,0,joint-control-revoke-iid5
16080022,5,4,5355574234,960054608,959312285,23374230,4480929,39554,4,3,25,33,35,NaN,1,1,1,20116,17885,0,1,1,0,1,2,0,0,0,19,7,1,70,52,1,123,1960,1882,24,3866,1,1,0,0,2,1,37,0.146428571428571,0.166351118760757,297,259,38,0,0,0,28,16,10,24,46,0,reacquire-response-blackout
16080022,10,1,19775126930,3919065676,3919065676,23786338,17296429,576479,4,3,25,33,35,36,1,1,1,18226,17922,0,1,1,1,0,2,0,0,0,19,7,1,66,18,1,85,1848,658,24,2530,1,1,0,0,2,1,0,0.0551948051948052,0.0610521235521236,127,127,0,0,0,0,28,16,10,24,46,0,zero-delivered
16080022,10,2,19775126930,3919065676,3913279024,23786338,17296429,576479,4,3,25,33,35,36,1,1,1,18226,17922,0,1,1,1,0,2,0,0,0,19,7,1,66,18,1,85,1848,658,24,2530,1,0,1,0,0,1,0,0.0551948051948052,0.0610521235521236,127,126,1,0,0,0,28,16,10,24,46,0,revoke-blackout
16080022,10,3,19775126930,3919065676,3755760057,24557468,17295997,576479,4,3,25,33,35,36,1,1,1,18226,17922,0,1,1,1,0,2,0,0,0,19,7,1,67,18,1,86,1876,658,24,2558,1,1,0,0,2,1,2,0.0558441558441558,0.0617277992277992,128,122,6,0,0,0,28,16,10,24,46,0,joint-control-revoke-iid5
16080022,10,4,19775126930,3919065676,3919227282,23786338,17338074,576479,4,3,25,33,35,NaN,1,1,1,20116,17885,0,1,1,0,1,2,0,0,0,19,7,1,100,52,1,153,2800,1882,24,4706,1,1,0,0,2,1,37,0.0993506493506494,0.113561776061776,297,259,38,0,0,0,28,16,10,24,46,0,reacquire-response-blackout
16080023,5,1,5380523776,972298508,972298508,23374230,4460483,39554,4,3,26,34,35,36,1,1,1,18200,17922,0,1,1,1,0,2,0,0,0,20,7,1,37,19,1,57,1036,694,24,1754,1,1,0,0,2,1,0,0.0678571428571429,0.075473321858864,132,132,0,0,0,0,28,16,10,24,46,0,zero-delivered
16080023,5,2,5380523776,972298508,971344167,23374230,4460483,39554,4,3,26,34,35,36,1,1,1,18200,17922,0,1,1,1,0,2,0,0,0,20,7,1,37,19,1,57,1036,694,24,1754,1,0,1,0,0,1,0,0.0678571428571429,0.075473321858864,132,131,1,0,0,0,28,16,10,24,46,0,revoke-blackout
16080023,5,3,5380523776,972298508,930863948,24145360,4460483,39554,4,3,26,34,35,36,1,1,1,18200,17922,0,1,1,1,0,2,0,0,0,20,7,1,39,23,1,63,1092,798,24,1914,1,1,0,0,2,1,2,0.075,0.0823580034423408,148,145,3,0,0,0,28,16,10,24,46,0,joint-control-revoke-iid5
16080023,5,4,5380523776,972298508,971886822,23374230,4479995,39554,4,3,26,34,35,NaN,1,1,1,20090,17885,0,1,1,0,1,2,0,0,0,20,7,1,70,52,1,123,1960,1882,24,3866,1,1,0,0,2,1,36,0.146428571428571,0.166351118760757,297,260,37,0,0,0,28,16,10,24,46,0,reacquire-response-blackout
16080023,10,1,19804068142,3971197325,3971197325,23786338,17294718,576479,4,3,26,34,35,36,1,1,1,18200,17922,0,1,1,1,0,2,0,0,0,20,7,1,67,19,1,87,1876,694,24,2594,1,1,0,0,2,1,0,0.0564935064935065,0.0625965250965251,132,132,0,0,0,0,28,16,10,24,46,0,zero-delivered
16080023,10,2,19804068142,3971197325,3965761534,23786338,17294718,576479,4,3,26,34,35,36,1,1,1,18200,17922,0,1,1,1,0,2,0,0,0,20,7,1,67,19,1,87,1876,694,24,2594,1,0,1,0,0,1,0,0.0564935064935065,0.0625965250965251,132,131,1,0,0,0,28,16,10,24,46,0,revoke-blackout
16080023,10,3,19804068142,3971197325,3791109075,24557468,17294976,576479,4,3,26,34,35,36,1,1,1,18200,17922,0,1,1,1,0,2,0,0,0,20,7,1,71,23,1,95,1988,818,24,2830,1,0,1,0,0,1,3,0.0616883116883117,0.0682915057915058,150,145,5,0,0,0,28,16,10,24,46,0,joint-control-revoke-iid5
16080023,10,4,19804068142,3971197325,3971774314,23786338,17336455,576479,4,3,26,34,35,NaN,1,1,1,20090,17885,0,1,1,0,1,2,0,0,0,20,7,1,100,52,1,153,2800,1882,24,4706,1,1,0,0,2,1,36,0.0993506493506494,0.113561776061776,297,260,37,0,0,0,28,16,10,24,46,0,reacquire-response-blackout
16080024,5,1,5233535627,979835047,979835047,23374230,4462168,39554,4,3,24,32,35,36,1,1,1,18251,17922,0,1,1,1,0,2,0,0,0,18,7,1,35,17,1,53,980,622,24,1626,1,1,0,0,2,1,0,0.0630952380952381,0.0699655765920826,122,122,0,0,0,0,28,16,10,24,46,0,zero-delivered
16080024,5,2,5233535627,979835047,976246225,23374230,4462168,39554,4,3,24,32,35,36,1,1,1,18251,17922,0,1,1,1,0,2,0,0,0,18,7,1,35,17,1,53,980,622,24,1626,1,0,1,0,0,1,0,0.0630952380952381,0.0699655765920826,122,121,1,0,0,0,28,16,10,24,46,0,revoke-blackout
16080024,5,3,5233535627,979835047,934298090,24145360,4462240,39554,4,3,24,32,35,36,1,1,1,18251,17922,0,1,1,1,0,2,0,0,0,18,7,1,40,22,1,63,1120,762,24,1906,1,1,0,0,2,1,4,0.075,0.082013769363167,145,141,4,0,0,0,28,16,10,24,46,0,joint-control-revoke-iid5
16080024,5,4,5233535627,979835047,979736069,23374230,4481556,39554,4,3,24,32,35,NaN,1,1,1,20141,17885,0,1,1,0,1,2,0,0,0,18,7,1,70,52,1,123,1960,1882,24,3866,1,1,0,0,2,1,38,0.146428571428571,0.166351118760757,297,258,39,0,0,0,28,16,10,24,46,0,reacquire-response-blackout
16080024,10,1,19983616371,3980547206,3980547206,23786338,17297798,576479,4,3,24,32,35,36,1,1,1,18251,17922,0,1,1,1,0,2,0,0,0,18,7,1,65,17,1,83,1820,622,24,2466,1,1,0,0,2,1,0,0.0538961038961039,0.059507722007722,122,122,0,0,0,0,28,16,10,24,46,0,zero-delivered
16080024,10,2,19983616371,3980547206,3975806328,23786338,17297798,576479,4,3,24,32,35,36,1,1,1,18251,17922,0,1,1,1,0,2,0,0,0,18,7,1,65,17,1,83,1820,622,24,2466,1,0,1,0,0,1,0,0.0538961038961039,0.059507722007722,122,121,1,0,0,0,28,16,10,24,46,0,revoke-blackout
16080024,10,3,19983616371,3980547206,3806585708,24557468,17297492,576479,4,3,24,32,35,36,1,1,1,18251,17922,0,1,1,1,0,2,0,0,0,18,7,1,74,26,1,101,2072,916,24,3012,1,1,0,0,2,1,7,0.0655844155844156,0.0726833976833977,164,151,13,0,0,0,28,16,10,24,46,0,joint-control-revoke-iid5
16080024,10,4,19983616371,3980547206,3979740281,23786338,17339351,576479,4,3,24,32,35,NaN,1,1,1,20141,17885,0,1,1,0,1,2,0,0,0,18,7,1,100,52,1,153,2800,1882,24,4706,1,1,0,0,2,1,38,0.0993506493506494,0.113561776061776,297,258,39,0,0,0,28,16,10,24,46,0,reacquire-response-blackout
16080025,5,1,5307016373,970736749,970736749,23374230,4461479,39554,4,3,25,33,35,36,1,1,1,18226,17922,0,1,1,1,0,2,0,0,0,19,7,1,36,18,1,55,1008,658,24,1690,1,1,0,0,2,1,0,0.0654761904761905,0.0727194492254733,127,127,0,0,0,0,28,16,10,24,46,0,zero-delivered
16080025,5,2,5307016373,970736749,968332909,23374230,4461479,39554,4,3,25,33,35,36,1,1,1,18226,17922,0,1,1,1,0,2,0,0,0,19,7,1,36,18,1,55,1008,658,24,1690,1,0,1,0,0,1,0,0.0654761904761905,0.0727194492254733,127,126,1,0,0,0,28,16,10,24,46,0,revoke-blackout
16080025,5,3,5307016373,970736749,929227442,24145360,4461407,39554,4,3,25,33,35,36,1,1,1,18226,17922,0,1,1,1,0,2,0,0,0,19,7,1,36,17,1,54,1008,622,24,1654,1,1,0,0,2,1,1,0.0642857142857143,0.071170395869191,123,122,1,0,0,0,28,16,10,24,46,0,joint-control-revoke-iid5
16080025,5,4,5307016373,970736749,971090423,23374230,4480929,39554,4,3,25,33,35,NaN,1,1,1,20116,17885,0,1,1,0,1,2,0,0,0,19,7,1,70,52,1,123,1960,1882,24,3866,1,1,0,0,2,1,37,0.146428571428571,0.166351118760757,297,259,38,0,0,0,28,16,10,24,46,0,reacquire-response-blackout
16080025,10,1,19692441304,3961602595,3961602595,23786338,17296429,576479,4,3,25,33,35,36,1,1,1,18226,17922,0,1,1,1,0,2,0,0,0,19,7,1,66,18,1,85,1848,658,24,2530,1,1,0,0,2,1,0,0.0551948051948052,0.0610521235521236,127,127,0,0,0,0,28,16,10,24,46,0,zero-delivered
16080025,10,2,19692441304,3961602595,3956406243,23786338,17296429,576479,4,3,25,33,35,36,1,1,1,18226,17922,0,1,1,1,0,2,0,0,0,19,7,1,66,18,1,85,1848,658,24,2530,1,0,1,0,0,1,0,0.0551948051948052,0.0610521235521236,127,126,1,0,0,0,28,16,10,24,46,0,revoke-blackout
16080025,10,3,19692441304,3961602595,3795046846,24557468,17296185,576479,4,3,25,33,35,36,1,1,1,18226,17922,0,1,1,1,0,2,0,0,0,19,7,1,68,19,1,88,1904,674,24,2602,1,1,0,0,2,1,4,0.0571428571428571,0.0627895752895753,132,125,7,0,0,0,28,16,10,24,46,0,joint-control-revoke-iid5
16080025,10,4,19692441304,3961602595,3961369838,23786338,17338074,576479,4,3,25,33,35,NaN,1,1,1,20116,17885,0,1,1,0,1,2,0,0,0,19,7,1,100,52,1,153,2800,1882,24,4706,1,1,0,0,2,1,37,0.0993506493506494,0.113561776061776,297,259,38,0,0,0,28,16,10,24,46,0,reacquire-response-blackout
16080026,5,1,5331960534,990047035,990047035,23374230,4460483,39554,4,3,26,34,35,36,1,1,1,18200,17922,0,1,1,1,0,2,0,0,0,20,7,1,37,19,1,57,1036,694,24,1754,1,1,0,0,2,1,0,0.0678571428571429,0.075473321858864,132,132,0,0,0,0,28,16,10,24,46,0,zero-delivered
16080026,5,2,5331960534,990047035,987112910,23374230,4460483,39554,4,3,26,34,35,36,1,1,1,18200,17922,0,1,1,1,0,2,0,0,0,20,7,1,37,19,1,57,1036,694,24,1754,1,0,1,0,0,1,0,0.0678571428571429,0.075473321858864,132,131,1,0,0,0,28,16,10,24,46,0,revoke-blackout
16080026,5,3,5331960534,990047035,942236138,24145360,4460604,39554,4,3,26,34,35,36,1,1,1,18200,17922,0,1,1,1,0,2,0,0,0,20,7,1,46,27,1,74,1288,972,24,2284,1,1,0,0,2,1,8,0.0880952380952381,0.0982788296041308,170,155,15,0,0,0,28,16,10,24,46,0,joint-control-revoke-iid5
16080026,5,4,5331960534,990047035,989088960,23374230,4479995,39554,4,3,26,34,35,NaN,1,1,1,20090,17885,0,1,1,0,1,2,0,0,0,20,7,1,70,52,1,123,1960,1882,24,3866,1,1,0,0,2,1,36,0.146428571428571,0.166351118760757,297,260,37,0,0,0,28,16,10,24,46,0,reacquire-response-blackout
16080026,10,1,19788241751,3955216709,3955216709,23786338,17294718,576479,4,3,26,34,35,36,1,1,1,18200,17922,0,1,1,1,0,2,0,0,0,20,7,1,67,19,1,87,1876,694,24,2594,1,1,0,0,2,1,0,0.0564935064935065,0.0625965250965251,132,132,0,0,0,0,28,16,10,24,46,0,zero-delivered
16080026,10,2,19788241751,3955216709,3951608846,23786338,17294718,576479,4,3,26,34,35,36,1,1,1,18200,17922,0,1,1,1,0,2,0,0,0,20,7,1,67,19,1,87,1876,694,24,2594,1,0,1,0,0,1,0,0.0564935064935065,0.0625965250965251,132,131,1,0,0,0,28,16,10,24,46,0,revoke-blackout
16080026,10,3,19788241751,3955216709,3790399574,24557468,17294718,576479,4,3,26,34,35,36,1,1,1,18200,17922,0,1,1,1,0,2,0,0,0,20,7,1,69,21,1,91,1932,746,24,2702,1,1,0,0,2,1,2,0.0590909090909091,0.0652027027027027,140,136,4,0,0,0,28,16,10,24,46,0,joint-control-revoke-iid5
16080026,10,4,19788241751,3955216709,3955045646,23786338,17336455,576479,4,3,26,34,35,NaN,1,1,1,20090,17885,0,1,1,0,1,2,0,0,0,20,7,1,100,52,1,153,2800,1882,24,4706,1,1,0,0,2,1,36,0.0993506493506494,0.113561776061776,297,260,37,0,0,0,28,16,10,24,46,0,reacquire-response-blackout
16080027,5,1,5380795952,964788110,964788110,23374230,4462168,39554,4,3,24,32,35,36,1,1,1,18251,17922,0,1,1,1,0,2,0,0,0,18,7,1,35,17,1,53,980,622,24,1626,1,1,0,0,2,1,0,0.0630952380952381,0.0699655765920826,122,122,0,0,0,0,28,16,10,24,46,0,zero-delivered
16080027,5,2,5380795952,964788110,961393422,23374230,4462168,39554,4,3,24,32,35,36,1,1,1,18251,17922,0,1,1,1,0,2,0,0,0,18,7,1,35,17,1,53,980,622,24,1626,1,0,1,0,0,1,0,0.0630952380952381,0.0699655765920826,122,121,1,0,0,0,28,16,10,24,46,0,revoke-blackout
16080027,5,3,5380795952,964788110,922138254,24145360,4462168,39554,4,3,24,32,35,36,1,1,1,18251,17922,0,1,1,1,0,2,0,0,0,18,7,1,35,17,1,53,980,622,24,1626,1,1,0,0,2,1,0,0.0630952380952381,0.0699655765920826,122,121,1,0,0,0,28,16,10,24,46,0,joint-control-revoke-iid5
16080027,5,4,5380795952,964788110,965559594,23374230,4481556,39554,4,3,24,32,35,NaN,1,1,1,20141,17885,0,1,1,0,1,2,0,0,0,18,7,1,70,52,1,123,1960,1882,24,3866,1,1,0,0,2,1,38,0.146428571428571,0.166351118760757,297,258,39,0,0,0,28,16,10,24,46,0,reacquire-response-blackout
16080027,10,1,19737197817,3970870829,3970870829,23786338,17297798,576479,4,3,24,32,35,36,1,1,1,18251,17922,0,1,1,1,0,2,0,0,0,18,7,1,65,17,1,83,1820,622,24,2466,1,1,0,0,2,1,0,0.0538961038961039,0.059507722007722,122,122,0,0,0,0,28,16,10,24,46,0,zero-delivered
16080027,10,2,19737197817,3970870829,3966985231,23786338,17297798,576479,4,3,24,32,35,36,1,1,1,18251,17922,0,1,1,1,0,2,0,0,0,18,7,1,65,17,1,83,1820,622,24,2466,1,0,1,0,0,1,0,0.0538961038961039,0.059507722007722,122,121,1,0,0,0,28,16,10,24,46,0,revoke-blackout
16080027,10,3,19737197817,3970870829,3802388929,24557468,17297920,576479,4,3,24,32,35,36,1,1,1,18251,17922,0,1,1,1,0,2,0,0,0,18,7,1,70,21,1,92,1960,766,24,2750,1,0,1,0,0,1,4,0.0597402597402597,0.0663610038610039,143,132,11,0,0,0,28,16,10,24,46,0,joint-control-revoke-iid5
16080027,10,4,19737197817,3970870829,3970993345,23786338,17339351,576479,4,3,24,32,35,NaN,1,1,1,20141,17885,0,1,1,0,1,2,0,0,0,18,7,1,100,52,1,153,2800,1882,24,4706,1,1,0,0,2,1,38,0.0993506493506494,0.113561776061776,297,258,39,0,0,0,28,16,10,24,46,0,reacquire-response-blackout
16080028,5,1,5307323354,971336382,971336382,23374230,4461479,39554,4,3,25,33,35,36,1,1,1,18226,17922,0,1,1,1,0,2,0,0,0,19,7,1,36,18,1,55,1008,658,24,1690,1,1,0,0,2,1,0,0.0654761904761905,0.0727194492254733,127,127,0,0,0,0,28,16,10,24,46,0,zero-delivered
16080028,5,2,5307323354,971336382,968704405,23374230,4461479,39554,4,3,25,33,35,36,1,1,1,18226,17922,0,1,1,1,0,2,0,0,0,19,7,1,36,18,1,55,1008,658,24,1690,1,0,1,0,0,1,0,0.0654761904761905,0.0727194492254733,127,126,1,0,0,0,28,16,10,24,46,0,revoke-blackout
16080028,5,3,5307323354,971336382,924336699,24145360,4461407,39554,4,3,25,33,35,36,1,1,1,18226,17922,0,1,1,1,0,2,0,0,0,19,7,1,37,19,1,57,1036,674,24,1734,1,1,0,0,2,1,2,0.0678571428571429,0.0746127366609294,131,127,4,0,0,0,28,16,10,24,46,0,joint-control-revoke-iid5
16080028,5,4,5307323354,971336382,970433969,23374230,4480929,39554,4,3,25,33,35,NaN,1,1,1,20116,17885,0,1,1,0,1,2,0,0,0,19,7,1,70,52,1,123,1960,1882,24,3866,1,1,0,0,2,1,37,0.146428571428571,0.166351118760757,297,259,38,0,0,0,28,16,10,24,46,0,reacquire-response-blackout
16080028,10,1,19821004793,3922603788,3922603788,23786338,17296429,576479,4,3,25,33,35,36,1,1,1,18226,17922,0,1,1,1,0,2,0,0,0,19,7,1,66,18,1,85,1848,658,24,2530,1,1,0,0,2,1,0,0.0551948051948052,0.0610521235521236,127,127,0,0,0,0,28,16,10,24,46,0,zero-delivered
16080028,10,2,19821004793,3922603788,3918236192,23786338,17296429,576479,4,3,25,33,35,36,1,1,1,18226,17922,0,1,1,1,0,2,0,0,0,19,7,1,66,18,1,85,1848,658,24,2530,1,0,1,0,0,1,0,0.0551948051948052,0.0610521235521236,127,126,1,0,0,0,28,16,10,24,46,0,revoke-blackout
16080028,10,3,19821004793,3922603788,3762450023,24557468,17296137,576479,4,3,25,33,35,36,1,1,1,18226,17922,0,1,1,1,0,2,0,0,0,19,7,1,71,24,1,96,1988,824,24,2836,1,1,0,0,2,1,6,0.0623376623376623,0.0684362934362934,153,145,8,0,0,0,28,16,10,24,46,0,joint-control-revoke-iid5
16080028,10,4,19821004793,3922603788,3922526925,23786338,17338074,576479,4,3,25,33,35,NaN,1,1,1,20116,17885,0,1,1,0,1,2,0,0,0,19,7,1,100,52,1,153,2800,1882,24,4706,1,1,0,0,2,1,37,0.0993506493506494,0.113561776061776,297,259,38,0,0,0,28,16,10,24,46,0,reacquire-response-blackout
16080029,5,1,5298623500,969184047,969184047,23374230,4460483,39554,4,3,26,34,35,36,1,1,1,18200,17922,0,1,1,1,0,2,0,0,0,20,7,1,37,19,1,57,1036,694,24,1754,1,1,0,0,2,1,0,0.0678571428571429,0.075473321858864,132,132,0,0,0,0,28,16,10,24,46,0,zero-delivered
16080029,5,2,5298623500,969184047,966391710,23374230,4460483,39554,4,3,26,34,35,36,1,1,1,18200,17922,0,1,1,1,0,2,0,0,0,20,7,1,37,19,1,57,1036,694,24,1754,1,0,1,0,0,1,0,0.0678571428571429,0.075473321858864,132,131,1,0,0,0,28,16,10,24,46,0,revoke-blackout
16080029,5,3,5298623500,969184047,918093729,24145360,4460411,39554,4,3,26,34,35,36,1,1,1,18200,17922,0,1,1,1,0,2,0,0,0,20,7,1,40,25,1,66,1120,850,24,1994,1,1,0,0,2,1,4,0.0785714285714286,0.0858003442340792,156,146,10,0,0,0,28,16,10,24,46,0,joint-control-revoke-iid5
16080029,5,4,5298623500,969184047,969312896,23374230,4479995,39554,4,3,26,34,35,NaN,1,1,1,20090,17885,0,1,1,0,1,2,0,0,0,20,7,1,70,52,1,123,1960,1882,24,3866,1,1,0,0,2,1,36,0.146428571428571,0.166351118760757,297,260,37,0,0,0,28,16,10,24,46,0,reacquire-response-blackout
16080029,10,1,19888347949,3941525295,3941525295,23786338,17294718,576479,4,3,26,34,35,36,1,1,1,18200,17922,0,1,1,1,0,2,0,0,0,20,7,1,67,19,1,87,1876,694,24,2594,1,1,0,0,2,1,0,0.0564935064935065,0.0625965250965251,132,132,0,0,0,0,28,16,10,24,46,0,zero-delivered
16080029,10,2,19888347949,3941525295,3934257499,23786338,17294718,576479,4,3,26,34,35,36,1,1,1,18200,17922,0,1,1,1,0,2,0,0,0,20,7,1,67,19,1,87,1876,694,24,2594,1,0,1,0,0,1,0,0.0564935064935065,0.0625965250965251,132,131,1,0,0,0,28,16,10,24,46,0,revoke-blackout
16080029,10,3,19888347949,3941525295,3766529928,24557468,17294718,576479,4,3,26,34,35,36,1,1,1,18200,17922,0,1,1,1,0,2,0,0,0,20,7,1,71,22,1,94,1988,792,24,2804,1,1,0,0,2,1,4,0.061038961038961,0.0676640926640927,147,138,9,0,0,0,28,16,10,24,46,0,joint-control-revoke-iid5
16080029,10,4,19888347949,3941525295,3942379071,23786338,17336455,576479,4,3,26,34,35,NaN,1,1,1,20090,17885,0,1,1,0,1,2,0,0,0,20,7,1,100,52,1,153,2800,1882,24,4706,1,1,0,0,2,1,36,0.0993506493506494,0.113561776061776,297,260,37,0,0,0,28,16,10,24,46,0,reacquire-response-blackout
16080030,5,1,5293979625,967667307,967667307,23374230,4462168,39554,4,3,24,32,35,36,1,1,1,18251,17922,0,1,1,1,0,2,0,0,0,18,7,1,35,17,1,53,980,622,24,1626,1,1,0,0,2,1,0,0.0630952380952381,0.0699655765920826,122,122,0,0,0,0,28,16,10,24,46,0,zero-delivered
16080030,5,2,5293979625,967667307,966349592,23374230,4462168,39554,4,3,24,32,35,36,1,1,1,18251,17922,0,1,1,1,0,2,0,0,0,18,7,1,35,17,1,53,980,622,24,1626,1,0,1,0,0,1,0,0.0630952380952381,0.0699655765920826,122,121,1,0,0,0,28,16,10,24,46,0,revoke-blackout
16080030,5,3,5293979625,967667307,924446862,24145360,4462240,39554,4,3,24,32,35,36,1,1,1,18251,17922,0,1,1,1,0,2,0,0,0,18,7,1,41,22,1,64,1148,772,24,1944,1,1,0,0,2,1,5,0.0761904761904762,0.0836488812392427,145,137,8,0,0,0,28,16,10,24,46,0,joint-control-revoke-iid5
16080030,5,4,5293979625,967667307,968013285,23374230,4481556,39554,4,3,24,32,35,NaN,1,1,1,20141,17885,0,1,1,0,1,2,0,0,0,18,7,1,70,52,1,123,1960,1882,24,3866,1,1,0,0,2,1,38,0.146428571428571,0.166351118760757,297,258,39,0,0,0,28,16,10,24,46,0,reacquire-response-blackout
16080030,10,1,19756735761,3969075872,3969075872,23786338,17297798,576479,4,3,24,32,35,36,1,1,1,18251,17922,0,1,1,1,0,2,0,0,0,18,7,1,65,17,1,83,1820,622,24,2466,1,1,0,0,2,1,0,0.0538961038961039,0.059507722007722,122,122,0,0,0,0,28,16,10,24,46,0,zero-delivered
16080030,10,2,19756735761,3969075872,3964140982,23786338,17297798,576479,4,3,24,32,35,36,1,1,1,18251,17922,0,1,1,1,0,2,0,0,0,18,7,1,65,17,1,83,1820,622,24,2466,1,0,1,0,0,1,0,0.0538961038961039,0.059507722007722,122,121,1,0,0,0,28,16,10,24,46,0,revoke-blackout
16080030,10,3,19756735761,3969075872,3806716024,24557468,17297981,576479,4,3,24,32,35,36,1,1,1,18251,17922,0,1,1,1,0,2,0,0,0,18,7,1,67,19,1,87,1876,684,24,2584,1,1,0,0,2,1,1,0.0564935064935065,0.0623552123552124,131,128,3,0,0,0,28,16,10,24,46,0,joint-control-revoke-iid5
16080030,10,4,19756735761,3969075872,3969576143,23786338,17339351,576479,4,3,24,32,35,NaN,1,1,1,20141,17885,0,1,1,0,1,2,0,0,0,18,7,1,100,52,1,153,2800,1882,24,4706,1,1,0,0,2,1,38,0.0993506493506494,0.113561776061776,297,258,39,0,0,0,28,16,10,24,46,0,reacquire-response-blackout
16080031,5,1,5311378084,977679530,977679530,23374230,4461479,39554,4,3,25,33,35,36,1,1,1,18226,17922,0,1,1,1,0,2,0,0,0,19,7,1,36,18,1,55,1008,658,24,1690,1,1,0,0,2,1,0,0.0654761904761905,0.0727194492254733,127,127,0,0,0,0,28,16,10,24,46,0,zero-delivered
16080031,5,2,5311378084,977679530,975117970,23374230,4461479,39554,4,3,25,33,35,36,1,1,1,18226,17922,0,1,1,1,0,2,0,0,0,19,7,1,36,18,1,55,1008,658,24,1690,1,0,1,0,0,1,0,0.0654761904761905,0.0727194492254733,127,126,1,0,0,0,28,16,10,24,46,0,revoke-blackout
16080031,5,3,5311378084,977679530,938084940,24145360,4460927,39554,4,3,25,33,35,36,1,1,1,18226,17922,0,1,1,1,0,2,0,0,0,19,7,1,39,20,1,60,1092,740,24,1856,1,1,0,0,2,1,4,0.0714285714285714,0.0798623063683305,138,132,6,0,0,0,28,16,10,24,46,0,joint-control-revoke-iid5
16080031,5,4,5311378084,977679530,977009635,23374230,4480929,39554,4,3,25,33,35,NaN,1,1,1,20116,17885,0,1,1,0,1,2,0,0,0,19,7,1,70,52,1,123,1960,1882,24,3866,1,1,0,0,2,1,37,0.146428571428571,0.166351118760757,297,259,38,0,0,0,28,16,10,24,46,0,reacquire-response-blackout
16080031,10,1,19830064571,3994100577,3994100577,23786338,17296429,576479,4,3,25,33,35,36,1,1,1,18226,17922,0,1,1,1,0,2,0,0,0,19,7,1,66,18,1,85,1848,658,24,2530,1,1,0,0,2,1,0,0.0551948051948052,0.0610521235521236,127,127,0,0,0,0,28,16,10,24,46,0,zero-delivered
16080031,10,2,19830064571,3994100577,3989439683,23786338,17296429,576479,4,3,25,33,35,36,1,1,1,18226,17922,0,1,1,1,0,2,0,0,0,19,7,1,66,18,1,85,1848,658,24,2530,1,0,1,0,0,1,0,0.0551948051948052,0.0610521235521236,127,126,1,0,0,0,28,16,10,24,46,0,revoke-blackout
16080031,10,3,19830064571,3994100577,3826631781,24557468,17296185,576479,4,3,25,33,35,36,1,1,1,18226,17922,0,1,1,1,0,2,0,0,0,19,7,1,70,23,1,94,1960,798,24,2782,1,1,0,0,2,1,6,0.061038961038961,0.0671332046332046,148,138,10,0,0,0,28,16,10,24,46,0,joint-control-revoke-iid5
16080031,10,4,19830064571,3994100577,3993373319,23786338,17338074,576479,4,3,25,33,35,NaN,1,1,1,20116,17885,0,1,1,0,1,2,0,0,0,19,7,1,100,52,1,153,2800,1882,24,4706,1,1,0,0,2,1,37,0.0993506493506494,0.113561776061776,297,259,38,0,0,0,28,16,10,24,46,0,reacquire-response-blackout
16080032,5,1,5256075252,993687293,993687293,23374230,4460483,39554,4,3,26,34,35,36,1,1,1,18200,17922,0,1,1,1,0,2,0,0,0,20,7,1,37,19,1,57,1036,694,24,1754,1,1,0,0,2,1,0,0.0678571428571429,0.075473321858864,132,132,0,0,0,0,28,16,10,24,46,0,zero-delivered
16080032,5,2,5256075252,993687293,991901424,23374230,4460483,39554,4,3,26,34,35,36,1,1,1,18200,17922,0,1,1,1,0,2,0,0,0,20,7,1,37,19,1,57,1036,694,24,1754,1,0,1,0,0,1,0,0.0678571428571429,0.075473321858864,132,131,1,0,0,0,28,16,10,24,46,0,revoke-blackout
16080032,5,3,5256075252,993687293,955167393,24145360,4460411,39554,4,3,26,34,35,36,1,1,1,18200,17922,0,1,1,1,0,2,0,0,0,20,7,1,38,21,1,60,1064,746,24,1834,1,1,0,0,2,1,2,0.0714285714285714,0.0789156626506024,140,134,6,0,0,0,28,16,10,24,46,0,joint-control-revoke-iid5
16080032,5,4,5256075252,993687293,994001597,23374230,4479995,39554,4,3,26,34,35,NaN,1,1,1,20090,17885,0,1,1,0,1,2,0,0,0,20,7,1,70,52,1,123,1960,1882,24,3866,1,1,0,0,2,1,36,0.146428571428571,0.166351118760757,297,260,37,0,0,0,28,16,10,24,46,0,reacquire-response-blackout
16080032,10,1,19848846527,3965979033,3965979033,23786338,17294718,576479,4,3,26,34,35,36,1,1,1,18200,17922,0,1,1,1,0,2,0,0,0,20,7,1,67,19,1,87,1876,694,24,2594,1,1,0,0,2,1,0,0.0564935064935065,0.0625965250965251,132,132,0,0,0,0,28,16,10,24,46,0,zero-delivered
16080032,10,2,19848846527,3965979033,3961096570,23786338,17294718,576479,4,3,26,34,35,36,1,1,1,18200,17922,0,1,1,1,0,2,0,0,0,20,7,1,67,19,1,87,1876,694,24,2594,1,0,1,0,0,1,0,0.0564935064935065,0.0625965250965251,132,131,1,0,0,0,28,16,10,24,46,0,revoke-blackout
16080032,10,3,19848846527,3965979033,3810931325,24557468,17294718,576479,4,3,26,34,35,36,1,1,1,18200,17922,0,1,1,1,0,2,0,0,0,20,7,1,70,23,1,94,1960,818,24,2802,1,1,0,0,2,1,3,0.061038961038961,0.0676158301158301,149,144,5,0,0,0,28,16,10,24,46,0,joint-control-revoke-iid5
16080032,10,4,19848846527,3965979033,3965189078,23786338,17336455,576479,4,3,26,34,35,NaN,1,1,1,20090,17885,0,1,1,0,1,2,0,0,0,20,7,1,100,52,1,153,2800,1882,24,4706,1,1,0,0,2,1,36,0.0993506493506494,0.113561776061776,297,260,37,0,0,0,28,16,10,24,46,0,reacquire-response-blackout
16080033,5,1,5273476972,998150499,998150499,23374230,4462168,39554,4,3,24,32,35,36,1,1,1,18251,17922,0,1,1,1,0,2,0,0,0,18,7,1,35,17,1,53,980,622,24,1626,1,1,0,0,2,1,0,0.0630952380952381,0.0699655765920826,122,122,0,0,0,0,28,16,10,24,46,0,zero-delivered
16080033,5,2,5273476972,998150499,994860002,23374230,4462168,39554,4,3,24,32,35,36,1,1,1,18251,17922,0,1,1,1,0,2,0,0,0,18,7,1,35,17,1,53,980,622,24,1626,1,0,1,0,0,1,0,0.0630952380952381,0.0699655765920826,122,121,1,0,0,0,28,16,10,24,46,0,revoke-blackout
16080033,5,3,5273476972,998150499,933448376,24145360,4462096,39554,4,3,24,32,35,36,1,1,1,18251,17922,0,1,1,1,0,2,0,0,0,18,7,1,36,18,1,55,1008,638,24,1670,1,1,0,0,2,1,2,0.0654761904761905,0.0718588640275387,126,123,3,0,0,0,28,16,10,24,46,0,joint-control-revoke-iid5
16080033,5,4,5273476972,998150499,997794947,23374230,4481556,39554,4,3,24,32,35,NaN,1,1,1,20141,17885,0,1,1,0,1,2,0,0,0,18,7,1,70,52,1,123,1960,1882,24,3866,1,1,0,0,2,1,38,0.146428571428571,0.166351118760757,297,258,39,0,0,0,28,16,10,24,46,0,reacquire-response-blackout
16080033,10,1,19800565779,3946930492,3946930492,23786338,17297798,576479,4,3,24,32,35,36,1,1,1,18251,17922,0,1,1,1,0,2,0,0,0,18,7,1,65,17,1,83,1820,622,24,2466,1,1,0,0,2,1,0,0.0538961038961039,0.059507722007722,122,122,0,0,0,0,28,16,10,24,46,0,zero-delivered
16080033,10,2,19800565779,3946930492,3941508220,23786338,17297798,576479,4,3,24,32,35,36,1,1,1,18251,17922,0,1,1,1,0,2,0,0,0,18,7,1,65,17,1,83,1820,622,24,2466,1,0,1,0,0,1,0,0.0538961038961039,0.059507722007722,122,121,1,0,0,0,28,16,10,24,46,0,revoke-blackout
16080033,10,3,19800565779,3946930492,3789520935,24557468,17297798,576479,4,3,24,32,35,36,1,1,1,18251,17922,0,1,1,1,0,2,0,0,0,18,7,1,65,17,1,83,1820,622,24,2466,1,1,0,0,2,1,0,0.0538961038961039,0.059507722007722,122,121,1,0,0,0,28,16,10,24,46,0,joint-control-revoke-iid5
16080033,10,4,19800565779,3946930492,3946856899,23786338,17339351,576479,4,3,24,32,35,NaN,1,1,1,20141,17885,0,1,1,0,1,2,0,0,0,18,7,1,100,52,1,153,2800,1882,24,4706,1,1,0,0,2,1,38,0.0993506493506494,0.113561776061776,297,258,39,0,0,0,28,16,10,24,46,0,reacquire-response-blackout
16080034,5,1,5258655452,962766215,962766215,23374230,4461479,39554,4,3,25,33,35,36,1,1,1,18226,17922,0,1,1,1,0,2,0,0,0,19,7,1,36,18,1,55,1008,658,24,1690,1,1,0,0,2,1,0,0.0654761904761905,0.0727194492254733,127,127,0,0,0,0,28,16,10,24,46,0,zero-delivered
16080034,5,2,5258655452,962766215,959109469,23374230,4461479,39554,4,3,25,33,35,36,1,1,1,18226,17922,0,1,1,1,0,2,0,0,0,19,7,1,36,18,1,55,1008,658,24,1690,1,0,1,0,0,1,0,0.0654761904761905,0.0727194492254733,127,126,1,0,0,0,28,16,10,24,46,0,revoke-blackout
16080034,5,3,5258655452,962766215,912616387,24145360,4461244,39554,4,3,25,33,35,36,1,1,1,18226,17922,0,1,1,1,0,2,0,0,0,19,7,1,39,21,1,61,1092,746,24,1862,1,1,0,0,2,1,2,0.0726190476190476,0.0801204819277108,141,133,8,0,0,0,28,16,10,24,46,0,joint-control-revoke-iid5
16080034,5,4,5258655452,962766215,963481333,23374230,4480929,39554,4,3,25,33,35,NaN,1,1,1,20116,17885,0,1,1,0,1,2,0,0,0,19,7,1,70,52,1,123,1960,1882,24,3866,1,1,0,0,2,1,37,0.146428571428571,0.166351118760757,297,259,38,0,0,0,28,16,10,24,46,0,reacquire-response-blackout
16080034,10,1,19761294446,3942099735,3942099735,23786338,17296429,576479,4,3,25,33,35,36,1,1,1,18226,17922,0,1,1,1,0,2,0,0,0,19,7,1,66,18,1,85,1848,658,24,2530,1,1,0,0,2,1,0,0.0551948051948052,0.0610521235521236,127,127,0,0,0,0,28,16,10,24,46,0,zero-delivered
16080034,10,2,19761294446,3942099735,3937094118,23786338,17296429,576479,4,3,25,33,35,36,1,1,1,18226,17922,0,1,1,1,0,2,0,0,0,19,7,1,66,18,1,85,1848,658,24,2530,1,0,1,0,0,1,0,0.0551948051948052,0.0610521235521236,127,126,1,0,0,0,28,16,10,24,46,0,revoke-blackout
16080034,10,3,19761294446,3942099735,3776688137,24557468,17297881,576479,4,3,25,33,36,37,1,1,1,18263,17923,0,1,1,1,0,2,0,0,0,19,7,1,67,19,1,87,1876,694,24,2594,1,1,0,0,2,1,2,0.0564935064935065,0.0625965250965251,132,126,6,0,0,0,28,16,10,24,46,0,joint-control-revoke-iid5
16080034,10,4,19761294446,3942099735,3941541545,23786338,17338074,576479,4,3,25,33,35,NaN,1,1,1,20116,17885,0,1,1,0,1,2,0,0,0,19,7,1,100,52,1,153,2800,1882,24,4706,1,1,0,0,2,1,37,0.0993506493506494,0.113561776061776,297,259,38,0,0,0,28,16,10,24,46,0,reacquire-response-blackout
16080035,5,1,5299271282,978739998,978739998,23374230,4460483,39554,4,3,26,34,35,36,1,1,1,18200,17922,0,1,1,1,0,2,0,0,0,20,7,1,37,19,1,57,1036,694,24,1754,1,1,0,0,2,1,0,0.0678571428571429,0.075473321858864,132,132,0,0,0,0,28,16,10,24,46,0,zero-delivered
16080035,5,2,5299271282,978739998,977221440,23374230,4460483,39554,4,3,26,34,35,36,1,1,1,18200,17922,0,1,1,1,0,2,0,0,0,20,7,1,37,19,1,57,1036,694,24,1754,1,0,1,0,0,1,0,0.0678571428571429,0.075473321858864,132,131,1,0,0,0,28,16,10,24,46,0,revoke-blackout
16080035,5,3,5299271282,978739998,932948045,24145360,4460128,39554,4,3,26,34,35,36,1,1,1,18200,17922,0,1,1,1,0,2,0,0,0,20,7,1,44,27,1,72,1232,952,24,2208,1,1,0,0,2,1,9,0.0857142857142857,0.0950086058519793,168,157,11,0,0,0,28,16,10,24,46,0,joint-control-revoke-iid5
16080035,5,4,5299271282,978739998,978735775,23374230,4479995,39554,4,3,26,34,35,NaN,1,1,1,20090,17885,0,1,1,0,1,2,0,0,0,20,7,1,70,52,1,123,1960,1882,24,3866,1,1,0,0,2,1,36,0.146428571428571,0.166351118760757,297,260,37,0,0,0,28,16,10,24,46,0,reacquire-response-blackout
16080035,10,1,19807476216,4028002596,4028002596,23786338,17294718,576479,4,3,26,34,35,36,1,1,1,18200,17922,0,1,1,1,0,2,0,0,0,20,7,1,67,19,1,87,1876,694,24,2594,1,1,0,0,2,1,0,0.0564935064935065,0.0625965250965251,132,132,0,0,0,0,28,16,10,24,46,0,zero-delivered
16080035,10,2,19807476216,4028002596,4021167384,23786338,17294718,576479,4,3,26,34,35,36,1,1,1,18200,17922,0,1,1,1,0,2,0,0,0,20,7,1,67,19,1,87,1876,694,24,2594,1,0,1,0,0,1,0,0.0564935064935065,0.0625965250965251,132,131,1,0,0,0,28,16,10,24,46,0,revoke-blackout
16080035,10,3,19807476216,4028002596,3842599030,24557468,17294408,576479,4,3,26,34,35,36,1,1,1,18200,17922,0,1,1,1,0,2,0,0,0,20,7,1,70,22,1,93,1960,802,24,2786,1,1,0,0,2,1,3,0.0603896103896104,0.0672297297297297,147,142,5,0,0,0,28,16,10,24,46,0,joint-control-revoke-iid5
16080035,10,4,19807476216,4028002596,4027351764,23786338,17336455,576479,4,3,26,34,35,NaN,1,1,1,20090,17885,0,1,1,0,1,2,0,0,0,20,7,1,100,52,1,153,2800,1882,24,4706,1,1,0,0,2,1,36,0.0993506493506494,0.113561776061776,297,260,37,0,0,0,28,16,10,24,46,0,reacquire-response-blackout
16080036,5,1,5308506796,987735673,987735673,23374230,4462168,39554,4,3,24,32,35,36,1,1,1,18251,17922,0,1,1,1,0,2,0,0,0,18,7,1,35,17,1,53,980,622,24,1626,1,1,0,0,2,1,0,0.0630952380952381,0.0699655765920826,122,122,0,0,0,0,28,16,10,24,46,0,zero-delivered
16080036,5,2,5308506796,987735673,985307474,23374230,4462168,39554,4,3,24,32,35,36,1,1,1,18251,17922,0,1,1,1,0,2,0,0,0,18,7,1,35,17,1,53,980,622,24,1626,1,0,1,0,0,1,0,0.0630952380952381,0.0699655765920826,122,121,1,0,0,0,28,16,10,24,46,0,revoke-blackout
16080036,5,3,5308506796,987735673,946902617,24145360,4462168,39554,4,3,24,32,35,36,1,1,1,18251,17922,0,1,1,1,0,2,0,0,0,18,7,1,37,19,1,57,1036,694,24,1754,1,1,0,0,2,1,2,0.0678571428571429,0.075473321858864,132,129,3,0,0,0,28,16,10,24,46,0,joint-control-revoke-iid5
16080036,5,4,5308506796,987735673,987808895,23374230,4481556,39554,4,3,24,32,35,NaN,1,1,1,20141,17885,0,1,1,0,1,2,0,0,0,18,7,1,70,52,1,123,1960,1882,24,3866,1,1,0,0,2,1,38,0.146428571428571,0.166351118760757,297,258,39,0,0,0,28,16,10,24,46,0,reacquire-response-blackout
16080036,10,1,19781844238,3933640061,3933640061,23786338,17297798,576479,4,3,24,32,35,36,1,1,1,18251,17922,0,1,1,1,0,2,0,0,0,18,7,1,65,17,1,83,1820,622,24,2466,1,1,0,0,2,1,0,0.0538961038961039,0.059507722007722,122,122,0,0,0,0,28,16,10,24,46,0,zero-delivered
16080036,10,2,19781844238,3933640061,3927973775,23786338,17297798,576479,4,3,24,32,35,36,1,1,1,18251,17922,0,1,1,1,0,2,0,0,0,18,7,1,65,17,1,83,1820,622,24,2466,1,0,1,0,0,1,0,0.0538961038961039,0.059507722007722,122,121,1,0,0,0,28,16,10,24,46,0,revoke-blackout
16080036,10,3,19781844238,3933640061,3751775334,24557468,17297798,576479,4,3,24,32,35,36,1,1,1,18251,17922,0,1,1,1,0,2,0,0,0,18,7,1,69,22,1,92,1932,782,24,2738,1,1,0,0,2,1,4,0.0597402597402597,0.0660714285714286,144,137,7,0,0,0,28,16,10,24,46,0,joint-control-revoke-iid5
16080036,10,4,19781844238,3933640061,3932684909,23786338,17339351,576479,4,3,24,32,35,NaN,1,1,1,20141,17885,0,1,1,0,1,2,0,0,0,18,7,1,100,52,1,153,2800,1882,24,4706,1,1,0,0,2,1,38,0.0993506493506494,0.113561776061776,297,258,39,0,0,0,28,16,10,24,46,0,reacquire-response-blackout
16080037,5,1,5351202076,990633433,990633433,23374230,4461479,39554,4,3,25,33,35,36,1,1,1,18226,17922,0,1,1,1,0,2,0,0,0,19,7,1,36,18,1,55,1008,658,24,1690,1,1,0,0,2,1,0,0.0654761904761905,0.0727194492254733,127,127,0,0,0,0,28,16,10,24,46,0,zero-delivered
16080037,5,2,5351202076,990633433,986827889,23374230,4461479,39554,4,3,25,33,35,36,1,1,1,18226,17922,0,1,1,1,0,2,0,0,0,19,7,1,36,18,1,55,1008,658,24,1690,1,0,1,0,0,1,0,0.0654761904761905,0.0727194492254733,127,126,1,0,0,0,28,16,10,24,46,0,revoke-blackout
16080037,5,3,5351202076,990633433,948834232,24145360,4461551,39554,4,3,25,33,35,36,1,1,1,18226,17922,0,1,1,1,0,2,0,0,0,19,7,1,39,22,1,62,1092,772,24,1888,1,1,0,0,2,1,2,0.0738095238095238,0.0812392426850258,144,138,6,0,0,0,28,16,10,24,46,0,joint-control-revoke-iid5
16080037,5,4,5351202076,990633433,990814064,23374230,4480929,39554,4,3,25,33,35,NaN,1,1,1,20116,17885,0,1,1,0,1,2,0,0,0,19,7,1,70,52,1,123,1960,1882,24,3866,1,1,0,0,2,1,37,0.146428571428571,0.166351118760757,297,259,38,0,0,0,28,16,10,24,46,0,reacquire-response-blackout
16080037,10,1,19918120670,3948945129,3948945129,23786338,17296429,576479,4,3,25,33,35,36,1,1,1,18226,17922,0,1,1,1,0,2,0,0,0,19,7,1,66,18,1,85,1848,658,24,2530,1,1,0,0,2,1,0,0.0551948051948052,0.0610521235521236,127,127,0,0,0,0,28,16,10,24,46,0,zero-delivered
16080037,10,2,19918120670,3948945129,3943027607,23786338,17296429,576479,4,3,25,33,35,36,1,1,1,18226,17922,0,1,1,1,0,2,0,0,0,19,7,1,66,18,1,85,1848,658,24,2530,1,0,1,0,0,1,0,0.0551948051948052,0.0610521235521236,127,126,1,0,0,0,28,16,10,24,46,0,revoke-blackout
16080037,10,3,19918120670,3948945129,3778905217,24557468,17296673,576479,4,3,25,33,35,36,1,1,1,18226,17922,0,1,1,1,0,2,0,0,0,19,7,1,71,23,1,95,1988,808,24,2820,1,1,0,0,2,1,3,0.0616883116883117,0.0680501930501931,149,142,7,0,0,0,28,16,10,24,46,0,joint-control-revoke-iid5
16080037,10,4,19918120670,3948945129,3948886022,23786338,17338074,576479,4,3,25,33,35,NaN,1,1,1,20116,17885,0,1,1,0,1,2,0,0,0,19,7,1,100,52,1,153,2800,1882,24,4706,1,1,0,0,2,1,37,0.0993506493506494,0.113561776061776,297,259,38,0,0,0,28,16,10,24,46,0,reacquire-response-blackout
16080038,5,1,5341733964,965342774,965342774,23374230,4460483,39554,4,3,26,34,35,36,1,1,1,18200,17922,0,1,1,1,0,2,0,0,0,20,7,1,37,19,1,57,1036,694,24,1754,1,1,0,0,2,1,0,0.0678571428571429,0.075473321858864,132,132,0,0,0,0,28,16,10,24,46,0,zero-delivered
16080038,5,2,5341733964,965342774,962134821,23374230,4460483,39554,4,3,26,34,35,36,1,1,1,18200,17922,0,1,1,1,0,2,0,0,0,20,7,1,37,19,1,57,1036,694,24,1754,1,0,1,0,0,1,0,0.0678571428571429,0.075473321858864,132,131,1,0,0,0,28,16,10,24,46,0,revoke-blackout
16080038,5,3,5341733964,965342774,919997420,24145360,4460411,39554,4,3,26,34,35,36,1,1,1,18200,17922,0,1,1,1,0,2,0,0,0,20,7,1,40,24,1,65,1120,834,24,1978,1,1,0,0,2,1,4,0.0773809523809524,0.0851118760757315,152,148,4,0,0,0,28,16,10,24,46,0,joint-control-revoke-iid5
16080038,5,4,5341733964,965342774,965425521,23374230,4479995,39554,4,3,26,34,35,NaN,1,1,1,20090,17885,0,1,1,0,1,2,0,0,0,20,7,1,70,52,1,123,1960,1882,24,3866,1,1,0,0,2,1,36,0.146428571428571,0.166351118760757,297,260,37,0,0,0,28,16,10,24,46,0,reacquire-response-blackout
16080038,10,1,19762973230,3904849393,3904849393,23786338,17294718,576479,4,3,26,34,35,36,1,1,1,18200,17922,0,1,1,1,0,2,0,0,0,20,7,1,67,19,1,87,1876,694,24,2594,1,1,0,0,2,1,0,0.0564935064935065,0.0625965250965251,132,132,0,0,0,0,28,16,10,24,46,0,zero-delivered
16080038,10,2,19762973230,3904849393,3900035066,23786338,17294718,576479,4,3,26,34,35,36,1,1,1,18200,17922,0,1,1,1,0,2,0,0,0,20,7,1,67,19,1,87,1876,694,24,2594,1,0,1,0,0,1,0,0.0564935064935065,0.0625965250965251,132,131,1,0,0,0,28,16,10,24,46,0,revoke-blackout
16080038,10,3,19762973230,3904849393,3730720094,24557468,17294474,576479,4,3,26,34,35,36,1,1,1,18200,17922,0,1,1,1,0,2,0,0,0,20,7,1,68,19,1,88,1904,684,24,2612,1,1,0,0,2,1,3,0.0571428571428571,0.063030888030888,132,128,4,0,0,0,28,16,10,24,46,0,joint-control-revoke-iid5
16080038,10,4,19762973230,3904849393,3904316595,23786338,17336455,576479,4,3,26,34,35,NaN,1,1,1,20090,17885,0,1,1,0,1,2,0,0,0,20,7,1,100,52,1,153,2800,1882,24,4706,1,1,0,0,2,1,36,0.0993506493506494,0.113561776061776,297,260,37,0,0,0,28,16,10,24,46,0,reacquire-response-blackout
16080039,5,1,5310057048,962555372,962555372,23374230,4462168,39554,4,3,24,32,35,36,1,1,1,18251,17922,0,1,1,1,0,2,0,0,0,18,7,1,35,17,1,53,980,622,24,1626,1,1,0,0,2,1,0,0.0630952380952381,0.0699655765920826,122,122,0,0,0,0,28,16,10,24,46,0,zero-delivered
16080039,5,2,5310057048,962555372,960010814,23374230,4462168,39554,4,3,24,32,35,36,1,1,1,18251,17922,0,1,1,1,0,2,0,0,0,18,7,1,35,17,1,53,980,622,24,1626,1,0,1,0,0,1,0,0.0630952380952381,0.0699655765920826,122,121,1,0,0,0,28,16,10,24,46,0,revoke-blackout
16080039,5,3,5310057048,962555372,912533461,24145360,4462162,39554,4,3,24,32,35,36,1,1,1,18251,17922,0,1,1,1,0,2,0,0,0,18,7,1,40,22,1,63,1120,762,24,1906,1,1,0,0,2,1,5,0.075,0.082013769363167,144,131,13,0,0,0,28,16,10,24,46,0,joint-control-revoke-iid5
16080039,5,4,5310057048,962555372,962477427,23374230,4481556,39554,4,3,24,32,35,NaN,1,1,1,20141,17885,0,1,1,0,1,2,0,0,0,18,7,1,70,52,1,123,1960,1882,24,3866,1,1,0,0,2,1,38,0.146428571428571,0.166351118760757,297,258,39,0,0,0,28,16,10,24,46,0,reacquire-response-blackout
16080039,10,1,19881647486,3895780920,3895780920,23786338,17297798,576479,4,3,24,32,35,36,1,1,1,18251,17922,0,1,1,1,0,2,0,0,0,18,7,1,65,17,1,83,1820,622,24,2466,1,1,0,0,2,1,0,0.0538961038961039,0.059507722007722,122,122,0,0,0,0,28,16,10,24,46,0,zero-delivered
16080039,10,2,19881647486,3895780920,3891630942,23786338,17297798,576479,4,3,24,32,35,36,1,1,1,18251,17922,0,1,1,1,0,2,0,0,0,18,7,1,65,17,1,83,1820,622,24,2466,1,0,1,0,0,1,0,0.0538961038961039,0.059507722007722,122,121,1,0,0,0,28,16,10,24,46,0,revoke-blackout
16080039,10,3,19881647486,3895780920,3733338421,24557468,17297674,576479,4,3,24,32,35,36,1,1,1,18251,17922,0,1,1,1,0,2,0,0,0,18,7,1,67,19,1,87,1876,684,24,2584,1,1,0,0,2,1,1,0.0564935064935065,0.0623552123552124,131,126,5,0,0,0,28,16,10,24,46,0,joint-control-revoke-iid5
16080039,10,4,19881647486,3895780920,3895470433,23786338,17339351,576479,4,3,24,32,35,NaN,1,1,1,20141,17885,0,1,1,0,1,2,0,0,0,18,7,1,100,52,1,153,2800,1882,24,4706,1,1,0,0,2,1,38,0.0993506493506494,0.113561776061776,297,258,39,0,0,0,28,16,10,24,46,0,reacquire-response-blackout
16080040,5,1,5308702622,965637614,965637614,23374230,4461479,39554,4,3,25,33,35,36,1,1,1,18226,17922,0,1,1,1,0,2,0,0,0,19,7,1,36,18,1,55,1008,658,24,1690,1,1,0,0,2,1,0,0.0654761904761905,0.0727194492254733,127,127,0,0,0,0,28,16,10,24,46,0,zero-delivered
16080040,5,2,5308702622,965637614,962674239,23374230,4461479,39554,4,3,25,33,35,36,1,1,1,18226,17922,0,1,1,1,0,2,0,0,0,19,7,1,36,18,1,55,1008,658,24,1690,1,0,1,0,0,1,0,0.0654761904761905,0.0727194492254733,127,126,1,0,0,0,28,16,10,24,46,0,revoke-blackout
16080040,5,3,5308702622,965637614,918665276,24145360,4460864,39554,4,3,25,33,35,36,1,1,1,18226,17922,0,1,1,1,0,2,0,0,0,19,7,1,39,22,1,62,1092,782,24,1898,1,1,0,0,2,1,3,0.0738095238095238,0.0816695352839931,145,139,6,0,0,0,28,16,10,24,46,0,joint-control-revoke-iid5
16080040,5,4,5308702622,965637614,966021977,23374230,4480929,39554,4,3,25,33,35,NaN,1,1,1,20116,17885,0,1,1,0,1,2,0,0,0,19,7,1,70,52,1,123,1960,1882,24,3866,1,1,0,0,2,1,37,0.146428571428571,0.166351118760757,297,259,38,0,0,0,28,16,10,24,46,0,reacquire-response-blackout
16080040,10,1,19852513458,3973499532,3973499532,23786338,17296429,576479,4,3,25,33,35,36,1,1,1,18226,17922,0,1,1,1,0,2,0,0,0,19,7,1,66,18,1,85,1848,658,24,2530,1,1,0,0,2,1,0,0.0551948051948052,0.0610521235521236,127,127,0,0,0,0,28,16,10,24,46,0,zero-delivered
16080040,10,2,19852513458,3973499532,3966904978,23786338,17296429,576479,4,3,25,33,35,36,1,1,1,18226,17922,0,1,1,1,0,2,0,0,0,19,7,1,66,18,1,85,1848,658,24,2530,1,0,1,0,0,1,0,0.0551948051948052,0.0610521235521236,127,126,1,0,0,0,28,16,10,24,46,0,revoke-blackout
16080040,10,3,19852513458,3973499532,3802489703,24557468,17295894,576479,4,3,25,33,35,36,1,1,1,18226,17922,0,1,1,1,0,2,0,0,0,19,7,1,77,30,1,108,2156,1030,24,3210,1,1,0,0,2,1,10,0.0701298701298701,0.07746138996139,181,164,17,0,0,0,28,16,10,24,46,0,joint-control-revoke-iid5
16080040,10,4,19852513458,3973499532,3973669498,23786338,17338074,576479,4,3,25,33,35,NaN,1,1,1,20116,17885,0,1,1,0,1,2,0,0,0,19,7,1,100,52,1,153,2800,1882,24,4706,1,1,0,0,2,1,37,0.0993506493506494,0.113561776061776,297,259,38,0,0,0,28,16,10,24,46,0,reacquire-response-blackout
16080041,5,1,5319684196,986100471,986100471,23374230,4460483,39554,4,3,26,34,35,36,1,1,1,18200,17922,0,1,1,1,0,2,0,0,0,20,7,1,37,19,1,57,1036,694,24,1754,1,1,0,0,2,1,0,0.0678571428571429,0.075473321858864,132,132,0,0,0,0,28,16,10,24,46,0,zero-delivered
16080041,5,2,5319684196,986100471,983874697,23374230,4460483,39554,4,3,26,34,35,36,1,1,1,18200,17922,0,1,1,1,0,2,0,0,0,20,7,1,37,19,1,57,1036,694,24,1754,1,0,1,0,0,1,0,0.0678571428571429,0.075473321858864,132,131,1,0,0,0,28,16,10,24,46,0,revoke-blackout
16080041,5,3,5319684196,986100471,941141095,24145360,4461158,39554,4,3,26,34,36,37,1,1,1,18237,17923,0,1,1,1,0,2,0,0,0,20,7,1,39,20,1,60,1092,710,24,1826,1,1,0,0,2,1,4,0.0714285714285714,0.0785714285714286,137,132,5,0,0,0,28,16,10,24,46,0,joint-control-revoke-iid5
16080041,5,4,5319684196,986100471,986380036,23374230,4479995,39554,4,3,26,34,35,NaN,1,1,1,20090,17885,0,1,1,0,1,2,0,0,0,20,7,1,70,52,1,123,1960,1882,24,3866,1,1,0,0,2,1,36,0.146428571428571,0.166351118760757,297,260,37,0,0,0,28,16,10,24,46,0,reacquire-response-blackout
16080041,10,1,19893844540,3984776014,3984776014,23786338,17294718,576479,4,3,26,34,35,36,1,1,1,18200,17922,0,1,1,1,0,2,0,0,0,20,7,1,67,19,1,87,1876,694,24,2594,1,1,0,0,2,1,0,0.0564935064935065,0.0625965250965251,132,132,0,0,0,0,28,16,10,24,46,0,zero-delivered
16080041,10,2,19893844540,3984776014,3980321866,23786338,17294718,576479,4,3,26,34,35,36,1,1,1,18200,17922,0,1,1,1,0,2,0,0,0,20,7,1,67,19,1,87,1876,694,24,2594,1,0,1,0,0,1,0,0.0564935064935065,0.0625965250965251,132,131,1,0,0,0,28,16,10,24,46,0,revoke-blackout
16080041,10,3,19893844540,3984776014,3824440978,24557468,17295686,576479,4,3,26,34,36,37,1,1,1,18237,17923,0,1,1,1,0,2,0,0,0,20,7,1,69,20,1,90,1932,720,24,2676,1,1,0,0,2,1,5,0.0584415584415584,0.0645752895752896,138,132,6,0,0,0,28,16,10,24,46,0,joint-control-revoke-iid5
16080041,10,4,19893844540,3984776014,3984272595,23786338,17336455,576479,4,3,26,34,35,NaN,1,1,1,20090,17885,0,1,1,0,1,2,0,0,0,20,7,1,100,52,1,153,2800,1882,24,4706,1,1,0,0,2,1,36,0.0993506493506494,0.113561776061776,297,260,37,0,0,0,28,16,10,24,46,0,reacquire-response-blackout
16080042,5,1,5329012207,960814077,960814077,23374230,4462168,39554,4,3,24,32,35,36,1,1,1,18251,17922,0,1,1,1,0,2,0,0,0,18,7,1,35,17,1,53,980,622,24,1626,1,1,0,0,2,1,0,0.0630952380952381,0.0699655765920826,122,122,0,0,0,0,28,16,10,24,46,0,zero-delivered
16080042,5,2,5329012207,960814077,958126626,23374230,4462168,39554,4,3,24,32,35,36,1,1,1,18251,17922,0,1,1,1,0,2,0,0,0,18,7,1,35,17,1,53,980,622,24,1626,1,0,1,0,0,1,0,0.0630952380952381,0.0699655765920826,122,121,1,0,0,0,28,16,10,24,46,0,revoke-blackout
16080042,5,3,5329012207,960814077,915440898,24145360,4463053,39554,4,3,24,32,36,37,1,1,1,18288,17923,0,1,1,1,0,2,0,0,0,18,7,1,38,20,1,59,1064,720,24,1808,1,1,0,0,2,1,2,0.0702380952380952,0.0777969018932874,136,133,3,0,0,0,28,16,10,24,46,0,joint-control-revoke-iid5
16080042,5,4,5329012207,960814077,961457920,23374230,4481556,39554,4,3,24,32,35,NaN,1,1,1,20141,17885,0,1,1,0,1,2,0,0,0,18,7,1,70,52,1,123,1960,1882,24,3866,1,1,0,0,2,1,38,0.146428571428571,0.166351118760757,297,258,39,0,0,0,28,16,10,24,46,0,reacquire-response-blackout
16080042,10,1,19865563805,3911464456,3911464456,23786338,17297798,576479,4,3,24,32,35,36,1,1,1,18251,17922,0,1,1,1,0,2,0,0,0,18,7,1,65,17,1,83,1820,622,24,2466,1,1,0,0,2,1,0,0.0538961038961039,0.059507722007722,122,122,0,0,0,0,28,16,10,24,46,0,zero-delivered
16080042,10,2,19865563805,3911464456,3906746632,23786338,17297798,576479,4,3,24,32,35,36,1,1,1,18251,17922,0,1,1,1,0,2,0,0,0,18,7,1,65,17,1,83,1820,622,24,2466,1,0,1,0,0,1,0,0.0538961038961039,0.059507722007722,122,121,1,0,0,0,28,16,10,24,46,0,revoke-blackout
16080042,10,3,19865563805,3911464456,3732117381,24557468,17297628,576479,4,3,24,32,35,36,1,1,1,18251,17922,0,1,1,1,0,2,0,0,0,18,7,1,66,19,1,86,1848,674,24,2546,1,1,0,0,2,1,1,0.0558441558441558,0.0614382239382239,130,127,3,0,0,0,28,16,10,24,46,0,joint-control-revoke-iid5
16080042,10,4,19865563805,3911464456,3911378790,23786338,17339351,576479,4,3,24,32,35,NaN,1,1,1,20141,17885,0,1,1,0,1,2,0,0,0,18,7,1,100,52,1,153,2800,1882,24,4706,1,1,0,0,2,1,38,0.0993506493506494,0.113561776061776,297,258,39,0,0,0,28,16,10,24,46,0,reacquire-response-blackout
16080043,5,1,5340422462,968266809,968266809,23374230,4461479,39554,4,3,25,33,35,36,1,1,1,18226,17922,0,1,1,1,0,2,0,0,0,19,7,1,36,18,1,55,1008,658,24,1690,1,1,0,0,2,1,0,0.0654761904761905,0.0727194492254733,127,127,0,0,0,0,28,16,10,24,46,0,zero-delivered
16080043,5,2,5340422462,968266809,965895539,23374230,4461479,39554,4,3,25,33,35,36,1,1,1,18226,17922,0,1,1,1,0,2,0,0,0,19,7,1,36,18,1,55,1008,658,24,1690,1,0,1,0,0,1,0,0.0654761904761905,0.0727194492254733,127,126,1,0,0,0,28,16,10,24,46,0,revoke-blackout
16080043,5,3,5340422462,968266809,919464631,24145360,4461479,39554,4,3,25,33,35,36,1,1,1,18226,17922,0,1,1,1,0,2,0,0,0,19,7,1,40,22,1,63,1120,782,24,1926,1,0,1,0,0,1,4,0.075,0.0828743545611016,146,138,8,0,0,0,28,16,10,24,46,0,joint-control-revoke-iid5
16080043,5,4,5340422462,968266809,968964910,23374230,4480929,39554,4,3,25,33,35,NaN,1,1,1,20116,17885,0,1,1,0,1,2,0,0,0,19,7,1,70,52,1,123,1960,1882,24,3866,1,1,0,0,2,1,37,0.146428571428571,0.166351118760757,297,259,38,0,0,0,28,16,10,24,46,0,reacquire-response-blackout
16080043,10,1,19820605003,3957908316,3957908316,23786338,17296429,576479,4,3,25,33,35,36,1,1,1,18226,17922,0,1,1,1,0,2,0,0,0,19,7,1,66,18,1,85,1848,658,24,2530,1,1,0,0,2,1,0,0.0551948051948052,0.0610521235521236,127,127,0,0,0,0,28,16,10,24,46,0,zero-delivered
16080043,10,2,19820605003,3957908316,3953260099,23786338,17296429,576479,4,3,25,33,35,36,1,1,1,18226,17922,0,1,1,1,0,2,0,0,0,19,7,1,66,18,1,85,1848,658,24,2530,1,0,1,0,0,1,0,0.0551948051948052,0.0610521235521236,127,126,1,0,0,0,28,16,10,24,46,0,revoke-blackout
16080043,10,3,19820605003,3957908316,3769691748,24557468,17296429,576479,4,3,25,33,35,36,1,1,1,18226,17922,0,1,1,1,0,2,0,0,0,19,7,1,68,21,1,90,1904,746,24,2674,1,1,0,0,2,1,2,0.0584415584415584,0.064527027027027,140,133,7,0,0,0,28,16,10,24,46,0,joint-control-revoke-iid5
16080043,10,4,19820605003,3957908316,3957042656,23786338,17338074,576479,4,3,25,33,35,NaN,1,1,1,20116,17885,0,1,1,0,1,2,0,0,0,19,7,1,100,52,1,153,2800,1882,24,4706,1,1,0,0,2,1,37,0.0993506493506494,0.113561776061776,297,259,38,0,0,0,28,16,10,24,46,0,reacquire-response-blackout
16080044,5,1,5322013093,966702956,966702956,23374230,4460483,39554,4,3,26,34,35,36,1,1,1,18200,17922,0,1,1,1,0,2,0,0,0,20,7,1,37,19,1,57,1036,694,24,1754,1,1,0,0,2,1,0,0.0678571428571429,0.075473321858864,132,132,0,0,0,0,28,16,10,24,46,0,zero-delivered
16080044,5,2,5322013093,966702956,964883026,23374230,4460483,39554,4,3,26,34,35,36,1,1,1,18200,17922,0,1,1,1,0,2,0,0,0,20,7,1,37,19,1,57,1036,694,24,1754,1,0,1,0,0,1,0,0.0678571428571429,0.075473321858864,132,131,1,0,0,0,28,16,10,24,46,0,revoke-blackout
16080044,5,3,5322013093,966702956,921887953,24145360,4460348,39554,4,3,26,34,35,36,1,1,1,18200,17922,0,1,1,1,0,2,0,0,0,20,7,1,39,23,1,63,1092,798,24,1914,1,1,0,0,2,1,2,0.075,0.0823580034423408,148,142,6,0,0,0,28,16,10,24,46,0,joint-control-revoke-iid5
16080044,5,4,5322013093,966702956,965816787,23374230,4479995,39554,4,3,26,34,35,NaN,1,1,1,20090,17885,0,1,1,0,1,2,0,0,0,20,7,1,70,52,1,123,1960,1882,24,3866,1,1,0,0,2,1,36,0.146428571428571,0.166351118760757,297,260,37,0,0,0,28,16,10,24,46,0,reacquire-response-blackout
16080044,10,1,19747198847,3951718462,3951718462,23786338,17294718,576479,4,3,26,34,35,36,1,1,1,18200,17922,0,1,1,1,0,2,0,0,0,20,7,1,67,19,1,87,1876,694,24,2594,1,1,0,0,2,1,0,0.0564935064935065,0.0625965250965251,132,132,0,0,0,0,28,16,10,24,46,0,zero-delivered
16080044,10,2,19747198847,3951718462,3945988247,23786338,17294718,576479,4,3,26,34,35,36,1,1,1,18200,17922,0,1,1,1,0,2,0,0,0,20,7,1,67,19,1,87,1876,694,24,2594,1,0,1,0,0,1,0,0.0564935064935065,0.0625965250965251,132,131,1,0,0,0,28,16,10,24,46,0,revoke-blackout
16080044,10,3,19747198847,3951718462,3779200872,24557468,17294902,576479,4,3,26,34,35,36,1,1,1,18200,17922,0,1,1,1,0,2,0,0,0,20,7,1,72,24,1,97,2016,834,24,2874,1,1,0,0,2,1,4,0.062987012987013,0.0693532818532819,154,146,8,0,0,0,28,16,10,24,46,0,joint-control-revoke-iid5
16080044,10,4,19747198847,3951718462,3950951479,23786338,17336455,576479,4,3,26,34,35,NaN,1,1,1,20090,17885,0,1,1,0,1,2,0,0,0,20,7,1,100,52,1,153,2800,1882,24,4706,1,1,0,0,2,1,36,0.0993506493506494,0.113561776061776,297,260,37,0,0,0,28,16,10,24,46,0,reacquire-response-blackout
16080045,5,1,5353242439,993563642,993563642,23374230,4462168,39554,4,3,24,32,35,36,1,1,1,18251,17922,0,1,1,1,0,2,0,0,0,18,7,1,35,17,1,53,980,622,24,1626,1,1,0,0,2,1,0,0.0630952380952381,0.0699655765920826,122,122,0,0,0,0,28,16,10,24,46,0,zero-delivered
16080045,5,2,5353242439,993563642,991166835,23374230,4462168,39554,4,3,24,32,35,36,1,1,1,18251,17922,0,1,1,1,0,2,0,0,0,18,7,1,35,17,1,53,980,622,24,1626,1,0,1,0,0,1,0,0.0630952380952381,0.0699655765920826,122,121,1,0,0,0,28,16,10,24,46,0,revoke-blackout
16080045,5,3,5353242439,993563642,951826225,24145360,4462217,39554,4,3,24,32,35,36,1,1,1,18251,17922,0,1,1,1,0,2,0,0,0,18,7,1,39,21,1,61,1092,756,24,1872,1,1,0,0,2,1,4,0.0726190476190476,0.0805507745266781,140,133,7,0,0,0,28,16,10,24,46,0,joint-control-revoke-iid5
16080045,5,4,5353242439,993563642,993119300,23374230,4481556,39554,4,3,24,32,35,NaN,1,1,1,20141,17885,0,1,1,0,1,2,0,0,0,18,7,1,70,52,1,123,1960,1882,24,3866,1,1,0,0,2,1,38,0.146428571428571,0.166351118760757,297,258,39,0,0,0,28,16,10,24,46,0,reacquire-response-blackout
16080045,10,1,19844600121,3940987304,3940987304,23786338,17297798,576479,4,3,24,32,35,36,1,1,1,18251,17922,0,1,1,1,0,2,0,0,0,18,7,1,65,17,1,83,1820,622,24,2466,1,1,0,0,2,1,0,0.0538961038961039,0.059507722007722,122,122,0,0,0,0,28,16,10,24,46,0,zero-delivered
16080045,10,2,19844600121,3940987304,3935347616,23786338,17297798,576479,4,3,24,32,35,36,1,1,1,18251,17922,0,1,1,1,0,2,0,0,0,18,7,1,65,17,1,83,1820,622,24,2466,1,0,1,0,0,1,0,0.0538961038961039,0.059507722007722,122,121,1,0,0,0,28,16,10,24,46,0,revoke-blackout
16080045,10,3,19844600121,3940987304,3760076542,24557468,17297676,576479,4,3,24,32,35,36,1,1,1,18251,17922,0,1,1,1,0,2,0,0,0,18,7,1,66,18,1,85,1848,638,24,2510,1,1,0,0,2,1,2,0.0551948051948052,0.0605694980694981,126,120,6,0,0,0,28,16,10,24,46,0,joint-control-revoke-iid5
16080045,10,4,19844600121,3940987304,3940903127,23786338,17339351,576479,4,3,24,32,35,NaN,1,1,1,20141,17885,0,1,1,0,1,2,0,0,0,18,7,1,100,52,1,153,2800,1882,24,4706,1,1,0,0,2,1,38,0.0993506493506494,0.113561776061776,297,258,39,0,0,0,28,16,10,24,46,0,reacquire-response-blackout
16080046,5,1,5310259688,972718776,972718776,23374230,4461479,39554,4,3,25,33,35,36,1,1,1,18226,17922,0,1,1,1,0,2,0,0,0,19,7,1,36,18,1,55,1008,658,24,1690,1,1,0,0,2,1,0,0.0654761904761905,0.0727194492254733,127,127,0,0,0,0,28,16,10,24,46,0,zero-delivered
16080046,5,2,5310259688,972718776,969826166,23374230,4461479,39554,4,3,25,33,35,36,1,1,1,18226,17922,0,1,1,1,0,2,0,0,0,19,7,1,36,18,1,55,1008,658,24,1690,1,0,1,0,0,1,0,0.0654761904761905,0.0727194492254733,127,126,1,0,0,0,28,16,10,24,46,0,revoke-blackout
16080046,5,3,5310259688,972718776,929595698,24145360,4461407,39554,4,3,25,33,35,36,1,1,1,18226,17922,0,1,1,1,0,2,0,0,0,19,7,1,38,22,1,61,1064,762,24,1850,1,1,0,0,2,1,3,0.0726190476190476,0.0796041308089501,143,139,4,0,0,0,28,16,10,24,46,0,joint-control-revoke-iid5
16080046,5,4,5310259688,972718776,972286022,23374230,4480929,39554,4,3,25,33,35,NaN,1,1,1,20116,17885,0,1,1,0,1,2,0,0,0,19,7,1,70,52,1,123,1960,1882,24,3866,1,1,0,0,2,1,37,0.146428571428571,0.166351118760757,297,259,38,0,0,0,28,16,10,24,46,0,reacquire-response-blackout
16080046,10,1,19762343554,3978588162,3978588162,23786338,17296429,576479,4,3,25,33,35,36,1,1,1,18226,17922,0,1,1,1,0,2,0,0,0,19,7,1,66,18,1,85,1848,658,24,2530,1,1,0,0,2,1,0,0.0551948051948052,0.0610521235521236,127,127,0,0,0,0,28,16,10,24,46,0,zero-delivered
16080046,10,2,19762343554,3978588162,3973176256,23786338,17296429,576479,4,3,25,33,35,36,1,1,1,18226,17922,0,1,1,1,0,2,0,0,0,19,7,1,66,18,1,85,1848,658,24,2530,1,0,1,0,0,1,0,0.0551948051948052,0.0610521235521236,127,126,1,0,0,0,28,16,10,24,46,0,revoke-blackout
16080046,10,3,19762343554,3978588162,3794420874,24557468,17296429,576479,4,3,25,33,35,36,1,1,1,18226,17922,0,1,1,1,0,2,0,0,0,19,7,1,66,18,1,85,1848,658,24,2530,1,1,0,0,2,1,0,0.0551948051948052,0.0610521235521236,127,126,1,0,0,0,28,16,10,24,46,0,joint-control-revoke-iid5
16080046,10,4,19762343554,3978588162,3978261831,23786338,17338074,576479,4,3,25,33,35,NaN,1,1,1,20116,17885,0,1,1,0,1,2,0,0,0,19,7,1,100,52,1,153,2800,1882,24,4706,1,1,0,0,2,1,37,0.0993506493506494,0.113561776061776,297,259,38,0,0,0,28,16,10,24,46,0,reacquire-response-blackout
16080047,5,1,5308418757,952168979,952168979,23374230,4460483,39554,4,3,26,34,35,36,1,1,1,18200,17922,0,1,1,1,0,2,0,0,0,20,7,1,37,19,1,57,1036,694,24,1754,1,1,0,0,2,1,0,0.0678571428571429,0.075473321858864,132,132,0,0,0,0,28,16,10,24,46,0,zero-delivered
16080047,5,2,5308418757,952168979,949370953,23374230,4460483,39554,4,3,26,34,35,36,1,1,1,18200,17922,0,1,1,1,0,2,0,0,0,20,7,1,37,19,1,57,1036,694,24,1754,1,0,1,0,0,1,0,0.0678571428571429,0.075473321858864,132,131,1,0,0,0,28,16,10,24,46,0,revoke-blackout
16080047,5,3,5308418757,952168979,910344832,24145360,4461368,39554,4,3,26,34,36,37,1,1,1,18237,17923,0,1,1,1,0,2,0,0,0,20,7,1,41,24,1,66,1148,844,24,2016,1,1,0,0,2,1,3,0.0785714285714286,0.0867469879518072,154,150,4,0,0,0,28,16,10,24,46,0,joint-control-revoke-iid5
16080047,5,4,5308418757,952168979,952738317,23374230,4479995,39554,4,3,26,34,35,NaN,1,1,1,20090,17885,0,1,1,0,1,2,0,0,0,20,7,1,70,52,1,123,1960,1882,24,3866,1,1,0,0,2,1,36,0.146428571428571,0.166351118760757,297,260,37,0,0,0,28,16,10,24,46,0,reacquire-response-blackout
16080047,10,1,19791259713,3961097286,3961097286,23786338,17294718,576479,4,3,26,34,35,36,1,1,1,18200,17922,0,1,1,1,0,2,0,0,0,20,7,1,67,19,1,87,1876,694,24,2594,1,1,0,0,2,1,0,0.0564935064935065,0.0625965250965251,132,132,0,0,0,0,28,16,10,24,46,0,zero-delivered
16080047,10,2,19791259713,3961097286,3956494136,23786338,17294718,576479,4,3,26,34,35,36,1,1,1,18200,17922,0,1,1,1,0,2,0,0,0,20,7,1,67,19,1,87,1876,694,24,2594,1,0,1,0,0,1,0,0.0564935064935065,0.0625965250965251,132,131,1,0,0,0,28,16,10,24,46,0,revoke-blackout
16080047,10,3,19791259713,3961097286,3767488957,24557468,17294274,576479,4,3,26,34,35,36,1,1,1,18200,17922,0,1,1,1,0,2,0,0,0,20,7,1,74,26,1,101,2072,896,24,2992,1,1,0,0,2,1,7,0.0655844155844156,0.0722007722007722,164,155,9,0,0,0,28,16,10,24,46,0,joint-control-revoke-iid5
16080047,10,4,19791259713,3961097286,3960667443,23786338,17336455,576479,4,3,26,34,35,NaN,1,1,1,20090,17885,0,1,1,0,1,2,0,0,0,20,7,1,100,52,1,153,2800,1882,24,4706,1,1,0,0,2,1,36,0.0993506493506494,0.113561776061776,297,260,37,0,0,0,28,16,10,24,46,0,reacquire-response-blackout
16080048,5,1,5337471301,959359943,959359943,23374230,4462168,39554,4,3,24,32,35,36,1,1,1,18251,17922,0,1,1,1,0,2,0,0,0,18,7,1,35,17,1,53,980,622,24,1626,1,1,0,0,2,1,0,0.0630952380952381,0.0699655765920826,122,122,0,0,0,0,28,16,10,24,46,0,zero-delivered
16080048,5,2,5337471301,959359943,956444369,23374230,4462168,39554,4,3,24,32,35,36,1,1,1,18251,17922,0,1,1,1,0,2,0,0,0,18,7,1,35,17,1,53,980,622,24,1626,1,0,1,0,0,1,0,0.0630952380952381,0.0699655765920826,122,121,1,0,0,0,28,16,10,24,46,0,revoke-blackout
16080048,5,3,5337471301,959359943,912911254,24145360,4462987,39554,4,3,24,32,36,37,1,1,1,18288,17923,0,1,1,1,0,2,0,0,0,18,7,1,41,24,1,66,1148,824,24,1996,1,1,0,0,2,1,6,0.0785714285714286,0.0858864027538726,153,144,9,0,0,0,28,16,10,24,46,0,joint-control-revoke-iid5
16080048,5,4,5337471301,959359943,959315771,23374230,4481556,39554,4,3,24,32,35,NaN,1,1,1,20141,17885,0,1,1,0,1,2,0,0,0,18,7,1,70,52,1,123,1960,1882,24,3866,1,1,0,0,2,1,38,0.146428571428571,0.166351118760757,297,258,39,0,0,0,28,16,10,24,46,0,reacquire-response-blackout
16080048,10,1,19833607634,3970827755,3970827755,23786338,17297798,576479,4,3,24,32,35,36,1,1,1,18251,17922,0,1,1,1,0,2,0,0,0,18,7,1,65,17,1,83,1820,622,24,2466,1,1,0,0,2,1,0,0.0538961038961039,0.059507722007722,122,122,0,0,0,0,28,16,10,24,46,0,zero-delivered
16080048,10,2,19833607634,3970827755,3964982974,23786338,17297798,576479,4,3,24,32,35,36,1,1,1,18251,17922,0,1,1,1,0,2,0,0,0,18,7,1,65,17,1,83,1820,622,24,2466,1,0,1,0,0,1,0,0.0538961038961039,0.059507722007722,122,121,1,0,0,0,28,16,10,24,46,0,revoke-blackout
16080048,10,3,19833607634,3970827755,3770525791,24557468,17297604,576479,4,3,24,32,35,36,1,1,1,18251,17922,0,1,1,1,0,2,0,0,0,18,7,1,69,21,1,91,1932,746,24,2702,1,1,0,0,2,1,3,0.0590909090909091,0.0652027027027027,140,136,4,0,0,0,28,16,10,24,46,0,joint-control-revoke-iid5
16080048,10,4,19833607634,3970827755,3970494302,23786338,17339351,576479,4,3,24,32,35,NaN,1,1,1,20141,17885,0,1,1,0,1,2,0,0,0,18,7,1,100,52,1,153,2800,1882,24,4706,1,1,0,0,2,1,38,0.0993506493506494,0.113561776061776,297,258,39,0,0,0,28,16,10,24,46,0,reacquire-response-blackout
16080049,5,1,5324934066,982858619,982858619,23374230,4461479,39554,4,3,25,33,35,36,1,1,1,18226,17922,0,1,1,1,0,2,0,0,0,19,7,1,36,18,1,55,1008,658,24,1690,1,1,0,0,2,1,0,0.0654761904761905,0.0727194492254733,127,127,0,0,0,0,28,16,10,24,46,0,zero-delivered
16080049,5,2,5324934066,982858619,980548295,23374230,4461479,39554,4,3,25,33,35,36,1,1,1,18226,17922,0,1,1,1,0,2,0,0,0,19,7,1,36,18,1,55,1008,658,24,1690,1,0,1,0,0,1,0,0.0654761904761905,0.0727194492254733,127,126,1,0,0,0,28,16,10,24,46,0,revoke-blackout
16080049,5,3,5324934066,982858619,938846616,24145360,4460997,39554,4,3,25,33,35,36,1,1,1,18226,17922,0,1,1,1,0,2,0,0,0,19,7,1,38,20,1,59,1064,730,24,1818,1,1,0,0,2,1,3,0.0702380952380952,0.0782271944922547,136,130,6,0,0,0,28,16,10,24,46,0,joint-control-revoke-iid5
16080049,5,4,5324934066,982858619,982482285,23374230,4480929,39554,4,3,25,33,35,NaN,1,1,1,20116,17885,0,1,1,0,1,2,0,0,0,19,7,1,70,52,1,123,1960,1882,24,3866,1,1,0,0,2,1,37,0.146428571428571,0.166351118760757,297,259,38,0,0,0,28,16,10,24,46,0,reacquire-response-blackout
16080049,10,1,19851571368,3988674006,3988674006,23786338,17296429,576479,4,3,25,33,35,36,1,1,1,18226,17922,0,1,1,1,0,2,0,0,0,19,7,1,66,18,1,85,1848,658,24,2530,1,1,0,0,2,1,0,0.0551948051948052,0.0610521235521236,127,127,0,0,0,0,28,16,10,24,46,0,zero-delivered
16080049,10,2,19851571368,3988674006,3983035577,23786338,17296429,576479,4,3,25,33,35,36,1,1,1,18226,17922,0,1,1,1,0,2,0,0,0,19,7,1,66,18,1,85,1848,658,24,2530,1,0,1,0,0,1,0,0.0551948051948052,0.0610521235521236,127,126,1,0,0,0,28,16,10,24,46,0,revoke-blackout
16080049,10,3,19851571368,3988674006,3825676582,24557468,17296807,576479,4,3,25,33,35,36,1,1,1,18226,17922,0,1,1,1,0,2,0,0,0,19,7,1,72,22,1,95,2016,802,24,2842,1,1,0,0,2,1,4,0.0616883116883117,0.0685810810810811,148,141,7,0,0,0,28,16,10,24,46,0,joint-control-revoke-iid5
16080049,10,4,19851571368,3988674006,3988688333,23786338,17338074,576479,4,3,25,33,35,NaN,1,1,1,20116,17885,0,1,1,0,1,2,0,0,0,19,7,1,100,52,1,153,2800,1882,24,4706,1,1,0,0,2,1,37,0.0993506493506494,0.113561776061776,297,259,38,0,0,0,28,16,10,24,46,0,reacquire-response-blackout
16080050,5,1,5336297724,972213840,972213840,23374230,4460483,39554,4,3,26,34,35,36,1,1,1,18200,17922,0,1,1,1,0,2,0,0,0,20,7,1,37,19,1,57,1036,694,24,1754,1,1,0,0,2,1,0,0.0678571428571429,0.075473321858864,132,132,0,0,0,0,28,16,10,24,46,0,zero-delivered
16080050,5,2,5336297724,972213840,969342757,23374230,4460483,39554,4,3,26,34,35,36,1,1,1,18200,17922,0,1,1,1,0,2,0,0,0,20,7,1,37,19,1,57,1036,694,24,1754,1,0,1,0,0,1,0,0.0678571428571429,0.075473321858864,132,131,1,0,0,0,28,16,10,24,46,0,revoke-blackout
16080050,5,3,5336297724,972213840,926442684,24145360,4460411,39554,4,3,26,34,35,36,1,1,1,18200,17922,0,1,1,1,0,2,0,0,0,20,7,1,40,21,1,62,1120,756,24,1900,1,1,0,0,2,1,4,0.0738095238095238,0.0817555938037866,143,133,10,0,0,0,28,16,10,24,46,0,joint-control-revoke-iid5
16080050,5,4,5336297724,972213840,972154934,23374230,4479995,39554,4,3,26,34,35,NaN,1,1,1,20090,17885,0,1,1,0,1,2,0,0,0,20,7,1,70,52,1,123,1960,1882,24,3866,1,1,0,0,2,1,36,0.146428571428571,0.166351118760757,297,260,37,0,0,0,28,16,10,24,46,0,reacquire-response-blackout
16080050,10,1,19759513839,3951044180,3951044180,23786338,17294718,576479,4,3,26,34,35,36,1,1,1,18200,17922,0,1,1,1,0,2,0,0,0,20,7,1,67,19,1,87,1876,694,24,2594,1,1,0,0,2,1,0,0.0564935064935065,0.0625965250965251,132,132,0,0,0,0,28,16,10,24,46,0,zero-delivered
16080050,10,2,19759513839,3951044180,3944999883,23786338,17294718,576479,4,3,26,34,35,36,1,1,1,18200,17922,0,1,1,1,0,2,0,0,0,20,7,1,67,19,1,87,1876,694,24,2594,1,0,1,0,0,1,0,0.0564935064935065,0.0625965250965251,132,131,1,0,0,0,28,16,10,24,46,0,revoke-blackout
16080050,10,3,19759513839,3951044180,3766977238,24557468,17294596,576479,4,3,26,34,35,36,1,1,1,18200,17922,0,1,1,1,0,2,0,0,0,20,7,1,68,21,1,90,1904,736,24,2664,1,1,0,0,2,1,2,0.0584415584415584,0.0642857142857143,140,135,5,0,0,0,28,16,10,24,46,0,joint-control-revoke-iid5
16080050,10,4,19759513839,3951044180,3950819681,23786338,17336455,576479,4,3,26,34,35,NaN,1,1,1,20090,17885,0,1,1,0,1,2,0,0,0,20,7,1,100,52,1,153,2800,1882,24,4706,1,1,0,0,2,1,36,0.0993506493506494,0.113561776061776,297,260,37,0,0,0,28,16,10,24,46,0,reacquire-response-blackout
16080051,5,1,5297980525,971569046,971569046,23374230,4462168,39554,4,3,24,32,35,36,1,1,1,18251,17922,0,1,1,1,0,2,0,0,0,18,7,1,35,17,1,53,980,622,24,1626,1,1,0,0,2,1,0,0.0630952380952381,0.0699655765920826,122,122,0,0,0,0,28,16,10,24,46,0,zero-delivered
16080051,5,2,5297980525,971569046,968859754,23374230,4462168,39554,4,3,24,32,35,36,1,1,1,18251,17922,0,1,1,1,0,2,0,0,0,18,7,1,35,17,1,53,980,622,24,1626,1,0,1,0,0,1,0,0.0630952380952381,0.0699655765920826,122,121,1,0,0,0,28,16,10,24,46,0,revoke-blackout
16080051,5,3,5297980525,971569046,917096553,24145360,4462168,39554,4,3,24,32,35,36,1,1,1,18251,17922,0,1,1,1,0,2,0,0,0,18,7,1,36,19,1,56,1008,674,24,1706,1,1,0,0,2,1,1,0.0666666666666667,0.073407917383821,130,129,1,0,0,0,28,16,10,24,46,0,joint-control-revoke-iid5
16080051,5,4,5297980525,971569046,972079928,23374230,4481556,39554,4,3,24,32,35,NaN,1,1,1,20141,17885,0,1,1,0,1,2,0,0,0,18,7,1,70,52,1,123,1960,1882,24,3866,1,1,0,0,2,1,38,0.146428571428571,0.166351118760757,297,258,39,0,0,0,28,16,10,24,46,0,reacquire-response-blackout
16080051,10,1,19804158393,3990646460,3990646460,23786338,17297798,576479,4,3,24,32,35,36,1,1,1,18251,17922,0,1,1,1,0,2,0,0,0,18,7,1,65,17,1,83,1820,622,24,2466,1,1,0,0,2,1,0,0.0538961038961039,0.059507722007722,122,122,0,0,0,0,28,16,10,24,46,0,zero-delivered
16080051,10,2,19804158393,3990646460,3985198533,23786338,17297798,576479,4,3,24,32,35,36,1,1,1,18251,17922,0,1,1,1,0,2,0,0,0,18,7,1,65,17,1,83,1820,622,24,2466,1,0,1,0,0,1,0,0.0538961038961039,0.059507722007722,122,121,1,0,0,0,28,16,10,24,46,0,revoke-blackout
16080051,10,3,19804158393,3990646460,3820259943,24557468,17297798,576479,4,3,24,32,35,36,1,1,1,18251,17922,0,1,1,1,0,2,0,0,0,18,7,1,66,18,1,85,1848,648,24,2520,1,1,0,0,2,1,1,0.0551948051948052,0.0608108108108108,126,123,3,0,0,0,28,16,10,24,46,0,joint-control-revoke-iid5
16080051,10,4,19804158393,3990646460,3990081327,23786338,17339351,576479,4,3,24,32,35,NaN,1,1,1,20141,17885,0,1,1,0,1,2,0,0,0,18,7,1,100,52,1,153,2800,1882,24,4706,1,1,0,0,2,1,38,0.0993506493506494,0.113561776061776,297,258,39,0,0,0,28,16,10,24,46,0,reacquire-response-blackout
16080052,5,1,5330720427,995896010,995896010,23374230,4461479,39554,4,3,25,33,35,36,1,1,1,18226,17922,0,1,1,1,0,2,0,0,0,19,7,1,36,18,1,55,1008,658,24,1690,1,1,0,0,2,1,0,0.0654761904761905,0.0727194492254733,127,127,0,0,0,0,28,16,10,24,46,0,zero-delivered
16080052,5,2,5330720427,995896010,994512150,23374230,4461479,39554,4,3,25,33,35,36,1,1,1,18226,17922,0,1,1,1,0,2,0,0,0,19,7,1,36,18,1,55,1008,658,24,1690,1,0,1,0,0,1,0,0.0654761904761905,0.0727194492254733,127,126,1,0,0,0,28,16,10,24,46,0,revoke-blackout
16080052,5,3,5330720427,995896010,942982044,24145360,4461000,39554,4,3,25,33,35,36,1,1,1,18226,17922,0,1,1,1,0,2,0,0,0,19,7,1,45,26,1,72,1260,926,24,2210,1,1,0,0,2,1,8,0.0857142857142857,0.0950946643717728,166,156,10,0,0,0,28,16,10,24,46,0,joint-control-revoke-iid5
16080052,5,4,5330720427,995896010,996123222,23374230,4480929,39554,4,3,25,33,35,NaN,1,1,1,20116,17885,0,1,1,0,1,2,0,0,0,19,7,1,70,52,1,123,1960,1882,24,3866,1,1,0,0,2,1,37,0.146428571428571,0.166351118760757,297,259,38,0,0,0,28,16,10,24,46,0,reacquire-response-blackout
16080052,10,1,19802396962,3948934470,3948934470,23786338,17296429,576479,4,3,25,33,35,36,1,1,1,18226,17922,0,1,1,1,0,2,0,0,0,19,7,1,66,18,1,85,1848,658,24,2530,1,1,0,0,2,1,0,0.0551948051948052,0.0610521235521236,127,127,0,0,0,0,28,16,10,24,46,0,zero-delivered
16080052,10,2,19802396962,3948934470,3944240466,23786338,17296429,576479,4,3,25,33,35,36,1,1,1,18226,17922,0,1,1,1,0,2,0,0,0,19,7,1,66,18,1,85,1848,658,24,2530,1,0,1,0,0,1,0,0.0551948051948052,0.0610521235521236,127,126,1,0,0,0,28,16,10,24,46,0,revoke-blackout
16080052,10,3,19802396962,3948934470,3785173775,24557468,17296375,576479,4,3,25,33,35,36,1,1,1,18226,17922,0,1,1,1,0,2,0,0,0,19,7,1,71,25,1,97,1988,850,24,2862,1,1,0,0,2,1,6,0.062987012987013,0.0690637065637066,156,148,8,0,0,0,28,16,10,24,46,0,joint-control-revoke-iid5
16080052,10,4,19802396962,3948934470,3948845633,23786338,17338074,576479,4,3,25,33,35,NaN,1,1,1,20116,17885,0,1,1,0,1,2,0,0,0,19,7,1,100,52,1,153,2800,1882,24,4706,1,1,0,0,2,1,37,0.0993506493506494,0.113561776061776,297,259,38,0,0,0,28,16,10,24,46,0,reacquire-response-blackout
16080053,5,1,5385909110,944426787,944426787,23374230,4460483,39554,4,3,26,34,35,36,1,1,1,18200,17922,0,1,1,1,0,2,0,0,0,20,7,1,37,19,1,57,1036,694,24,1754,1,1,0,0,2,1,0,0.0678571428571429,0.075473321858864,132,132,0,0,0,0,28,16,10,24,46,0,zero-delivered
16080053,5,2,5385909110,944426787,942662858,23374230,4460483,39554,4,3,26,34,35,36,1,1,1,18200,17922,0,1,1,1,0,2,0,0,0,20,7,1,37,19,1,57,1036,694,24,1754,1,0,1,0,0,1,0,0.0678571428571429,0.075473321858864,132,131,1,0,0,0,28,16,10,24,46,0,revoke-blackout
16080053,5,3,5385909110,944426787,889209707,24145360,4459912,39554,4,3,26,34,35,36,1,1,1,18200,17922,0,1,1,1,0,2,0,0,0,20,7,1,45,27,1,73,1260,942,24,2226,1,1,0,0,2,1,5,0.0869047619047619,0.0957831325301205,169,160,9,0,0,0,28,16,10,24,46,0,joint-control-revoke-iid5
16080053,5,4,5385909110,944426787,943718490,23374230,4479995,39554,4,3,26,34,35,NaN,1,1,1,20090,17885,0,1,1,0,1,2,0,0,0,20,7,1,70,52,1,123,1960,1882,24,3866,1,1,0,0,2,1,36,0.146428571428571,0.166351118760757,297,260,37,0,0,0,28,16,10,24,46,0,reacquire-response-blackout
16080053,10,1,19851845612,3958149044,3958149044,23786338,17294718,576479,4,3,26,34,35,36,1,1,1,18200,17922,0,1,1,1,0,2,0,0,0,20,7,1,67,19,1,87,1876,694,24,2594,1,1,0,0,2,1,0,0.0564935064935065,0.0625965250965251,132,132,0,0,0,0,28,16,10,24,46,0,zero-delivered
16080053,10,2,19851845612,3958149044,3953303186,23786338,17294718,576479,4,3,26,34,35,36,1,1,1,18200,17922,0,1,1,1,0,2,0,0,0,20,7,1,67,19,1,87,1876,694,24,2594,1,0,1,0,0,1,0,0.0564935064935065,0.0625965250965251,132,131,1,0,0,0,28,16,10,24,46,0,revoke-blackout
16080053,10,3,19851845612,3958149044,3796549662,24557468,17294375,576479,4,3,26,34,35,36,1,1,1,18200,17922,0,1,1,1,0,2,0,0,0,20,7,1,71,23,1,95,1988,818,24,2830,1,1,0,0,2,1,4,0.0616883116883117,0.0682915057915058,151,142,9,0,0,0,28,16,10,24,46,0,joint-control-revoke-iid5
16080053,10,4,19851845612,3958149044,3957861978,23786338,17336455,576479,4,3,26,34,35,NaN,1,1,1,20090,17885,0,1,1,0,1,2,0,0,0,20,7,1,100,52,1,153,2800,1882,24,4706,1,1,0,0,2,1,36,0.0993506493506494,0.113561776061776,297,260,37,0,0,0,28,16,10,24,46,0,reacquire-response-blackout
16080054,5,1,5274458366,961661588,961661588,23374230,4462168,39554,4,3,24,32,35,36,1,1,1,18251,17922,0,1,1,1,0,2,0,0,0,18,7,1,35,17,1,53,980,622,24,1626,1,1,0,0,2,1,0,0.0630952380952381,0.0699655765920826,122,122,0,0,0,0,28,16,10,24,46,0,zero-delivered
16080054,5,2,5274458366,961661588,959422769,23374230,4462168,39554,4,3,24,32,35,36,1,1,1,18251,17922,0,1,1,1,0,2,0,0,0,18,7,1,35,17,1,53,980,622,24,1626,1,0,1,0,0,1,0,0.0630952380952381,0.0699655765920826,122,121,1,0,0,0,28,16,10,24,46,0,revoke-blackout
16080054,5,3,5274458366,961661588,910800364,24145360,4461893,39554,4,3,24,32,35,36,1,1,1,18251,17922,0,1,1,1,0,2,0,0,0,18,7,1,41,23,1,65,1148,808,24,1980,1,1,0,0,2,1,6,0.0773809523809524,0.085197934595525,149,143,6,0,0,0,28,16,10,24,46,0,joint-control-revoke-iid5
16080054,5,4,5274458366,961661588,961701971,23374230,4481556,39554,4,3,24,32,35,NaN,1,1,1,20141,17885,0,1,1,0,1,2,0,0,0,18,7,1,70,52,1,123,1960,1882,24,3866,1,1,0,0,2,1,38,0.146428571428571,0.166351118760757,297,258,39,0,0,0,28,16,10,24,46,0,reacquire-response-blackout
16080054,10,1,19830915502,3928283331,3928283331,23786338,17297798,576479,4,3,24,32,35,36,1,1,1,18251,17922,0,1,1,1,0,2,0,0,0,18,7,1,65,17,1,83,1820,622,24,2466,1,1,0,0,2,1,0,0.0538961038961039,0.059507722007722,122,122,0,0,0,0,28,16,10,24,46,0,zero-delivered
16080054,10,2,19830915502,3928283331,3923485947,23786338,17297798,576479,4,3,24,32,35,36,1,1,1,18251,17922,0,1,1,1,0,2,0,0,0,18,7,1,65,17,1,83,1820,622,24,2466,1,0,1,0,0,1,0,0.0538961038961039,0.059507722007722,122,121,1,0,0,0,28,16,10,24,46,0,revoke-blackout
16080054,10,3,19830915502,3928283331,3741796467,24557468,17297920,576479,4,3,24,32,35,36,1,1,1,18251,17922,0,1,1,1,0,2,0,0,0,18,7,1,72,25,1,98,2016,860,24,2900,1,1,0,0,2,1,6,0.0636363636363636,0.069980694980695,157,147,10,0,0,0,28,16,10,24,46,0,joint-control-revoke-iid5
16080054,10,4,19830915502,3928283331,3927902635,23786338,17339351,576479,4,3,24,32,35,NaN,1,1,1,20141,17885,0,1,1,0,1,2,0,0,0,18,7,1,100,52,1,153,2800,1882,24,4706,1,1,0,0,2,1,38,0.0993506493506494,0.113561776061776,297,258,39,0,0,0,28,16,10,24,46,0,reacquire-response-blackout
16080055,5,1,5254538650,981734245,981734245,23374230,4461479,39554,4,3,25,33,35,36,1,1,1,18226,17922,0,1,1,1,0,2,0,0,0,19,7,1,36,18,1,55,1008,658,24,1690,1,1,0,0,2,1,0,0.0654761904761905,0.0727194492254733,127,127,0,0,0,0,28,16,10,24,46,0,zero-delivered
16080055,5,2,5254538650,981734245,979495369,23374230,4461479,39554,4,3,25,33,35,36,1,1,1,18226,17922,0,1,1,1,0,2,0,0,0,19,7,1,36,18,1,55,1008,658,24,1690,1,0,1,0,0,1,0,0.0654761904761905,0.0727194492254733,127,126,1,0,0,0,28,16,10,24,46,0,revoke-blackout
16080055,5,3,5254538650,981734245,935395626,24145360,4462023,39554,4,3,25,33,36,37,1,1,1,18263,17923,0,1,1,1,0,2,0,0,0,19,7,1,43,25,1,69,1204,880,24,2108,1,1,0,0,2,1,7,0.0821428571428571,0.0907056798623064,159,148,11,0,0,0,28,16,10,24,46,0,joint-control-revoke-iid5
16080055,5,4,5254538650,981734245,981792320,23374230,4480929,39554,4,3,25,33,35,NaN,1,1,1,20116,17885,0,1,1,0,1,2,0,0,0,19,7,1,70,52,1,123,1960,1882,24,3866,1,1,0,0,2,1,37,0.146428571428571,0.166351118760757,297,259,38,0,0,0,28,16,10,24,46,0,reacquire-response-blackout
16080055,10,1,19786685563,3904706879,3904706879,23786338,17296429,576479,4,3,25,33,35,36,1,1,1,18226,17922,0,1,1,1,0,2,0,0,0,19,7,1,66,18,1,85,1848,658,24,2530,1,1,0,0,2,1,0,0.0551948051948052,0.0610521235521236,127,127,0,0,0,0,28,16,10,24,46,0,zero-delivered
16080055,10,2,19786685563,3904706879,3899670029,23786338,17296429,576479,4,3,25,33,35,36,1,1,1,18226,17922,0,1,1,1,0,2,0,0,0,19,7,1,66,18,1,85,1848,658,24,2530,1,0,1,0,0,1,0,0.0551948051948052,0.0610521235521236,127,126,1,0,0,0,28,16,10,24,46,0,revoke-blackout
16080055,10,3,19786685563,3904706879,3717149380,24557468,17296429,576479,4,3,25,33,35,36,1,1,1,18226,17922,0,1,1,1,0,2,0,0,0,19,7,1,68,21,1,90,1904,736,24,2664,1,1,0,0,2,1,2,0.0584415584415584,0.0642857142857143,139,132,7,0,0,0,28,16,10,24,46,0,joint-control-revoke-iid5
16080055,10,4,19786685563,3904706879,3904698250,23786338,17338074,576479,4,3,25,33,35,NaN,1,1,1,20116,17885,0,1,1,0,1,2,0,0,0,19,7,1,100,52,1,153,2800,1882,24,4706,1,1,0,0,2,1,37,0.0993506493506494,0.113561776061776,297,259,38,0,0,0,28,16,10,24,46,0,reacquire-response-blackout
16080056,5,1,5335469125,951851844,951851844,23374230,4460483,39554,4,3,26,34,35,36,1,1,1,18200,17922,0,1,1,1,0,2,0,0,0,20,7,1,37,19,1,57,1036,694,24,1754,1,1,0,0,2,1,0,0.0678571428571429,0.075473321858864,132,132,0,0,0,0,28,16,10,24,46,0,zero-delivered
16080056,5,2,5335469125,951851844,950416162,23374230,4460483,39554,4,3,26,34,35,36,1,1,1,18200,17922,0,1,1,1,0,2,0,0,0,20,7,1,37,19,1,57,1036,694,24,1754,1,0,1,0,0,1,0,0.0678571428571429,0.075473321858864,132,131,1,0,0,0,28,16,10,24,46,0,revoke-blackout
16080056,5,3,5335469125,951851844,906081822,24145360,4460555,39554,4,3,26,34,35,36,1,1,1,18200,17922,0,1,1,1,0,2,0,0,0,20,7,1,43,26,1,70,1204,906,24,2134,1,1,0,0,2,1,5,0.0833333333333333,0.0918244406196213,163,157,6,0,0,0,28,16,10,24,46,0,joint-control-revoke-iid5
16080056,5,4,5335469125,951851844,951444904,23374230,4479995,39554,4,3,26,34,35,NaN,1,1,1,20090,17885,0,1,1,0,1,2,0,0,0,20,7,1,70,52,1,123,1960,1882,24,3866,1,1,0,0,2,1,36,0.146428571428571,0.166351118760757,297,260,37,0,0,0,28,16,10,24,46,0,reacquire-response-blackout
16080056,10,1,19926382942,3941576948,3941576948,23786338,17294718,576479,4,3,26,34,35,36,1,1,1,18200,17922,0,1,1,1,0,2,0,0,0,20,7,1,67,19,1,87,1876,694,24,2594,1,1,0,0,2,1,0,0.0564935064935065,0.0625965250965251,132,132,0,0,0,0,28,16,10,24,46,0,zero-delivered
16080056,10,2,19926382942,3941576948,3935489217,23786338,17294718,576479,4,3,26,34,35,36,1,1,1,18200,17922,0,1,1,1,0,2,0,0,0,20,7,1,67,19,1,87,1876,694,24,2594,1,0,1,0,0,1,0,0.0564935064935065,0.0625965250965251,132,131,1,0,0,0,28,16,10,24,46,0,revoke-blackout
16080056,10,3,19926382942,3941576948,3778715158,24557468,17294828,576479,4,3,26,34,35,36,1,1,1,18200,17922,0,1,1,1,0,2,0,0,0,20,7,1,74,27,1,102,2072,922,24,3018,1,1,0,0,2,1,6,0.0662337662337662,0.0728281853281853,167,151,16,0,0,0,28,16,10,24,46,0,joint-control-revoke-iid5
16080056,10,4,19926382942,3941576948,3941467166,23786338,17336455,576479,4,3,26,34,35,NaN,1,1,1,20090,17885,0,1,1,0,1,2,0,0,0,20,7,1,100,52,1,153,2800,1882,24,4706,1,1,0,0,2,1,36,0.0993506493506494,0.113561776061776,297,260,37,0,0,0,28,16,10,24,46,0,reacquire-response-blackout
16080057,5,1,5258526076,977677866,977677866,23374230,4462168,39554,4,3,24,32,35,36,1,1,1,18251,17922,0,1,1,1,0,2,0,0,0,18,7,1,35,17,1,53,980,622,24,1626,1,1,0,0,2,1,0,0.0630952380952381,0.0699655765920826,122,122,0,0,0,0,28,16,10,24,46,0,zero-delivered
16080057,5,2,5258526076,977677866,976018391,23374230,4462168,39554,4,3,24,32,35,36,1,1,1,18251,17922,0,1,1,1,0,2,0,0,0,18,7,1,35,17,1,53,980,622,24,1626,1,0,1,0,0,1,0,0.0630952380952381,0.0699655765920826,122,121,1,0,0,0,28,16,10,24,46,0,revoke-blackout
16080057,5,3,5258526076,977677866,930029539,24145360,4462168,39554,4,3,24,32,35,36,1,1,1,18251,17922,0,1,1,1,0,2,0,0,0,18,7,1,35,17,1,53,980,622,24,1626,1,1,0,0,2,1,0,0.0630952380952381,0.0699655765920826,122,121,1,0,0,0,28,16,10,24,46,0,joint-control-revoke-iid5
16080057,5,4,5258526076,977677866,977077738,23374230,4481556,39554,4,3,24,32,35,NaN,1,1,1,20141,17885,0,1,1,0,1,2,0,0,0,18,7,1,70,52,1,123,1960,1882,24,3866,1,1,0,0,2,1,38,0.146428571428571,0.166351118760757,297,258,39,0,0,0,28,16,10,24,46,0,reacquire-response-blackout
16080057,10,1,19875495675,3974888249,3974888249,23786338,17297798,576479,4,3,24,32,35,36,1,1,1,18251,17922,0,1,1,1,0,2,0,0,0,18,7,1,65,17,1,83,1820,622,24,2466,1,1,0,0,2,1,0,0.0538961038961039,0.059507722007722,122,122,0,0,0,0,28,16,10,24,46,0,zero-delivered
16080057,10,2,19875495675,3974888249,3968499641,23786338,17297798,576479,4,3,24,32,35,36,1,1,1,18251,17922,0,1,1,1,0,2,0,0,0,18,7,1,65,17,1,83,1820,622,24,2466,1,0,1,0,0,1,0,0.0538961038961039,0.059507722007722,122,121,1,0,0,0,28,16,10,24,46,0,revoke-blackout
16080057,10,3,19875495675,3974888249,3795571811,24557468,17299010,576479,4,3,24,32,36,37,1,1,1,18288,17923,0,1,1,1,0,2,0,0,0,18,7,1,69,20,1,90,1932,710,24,2666,1,1,0,0,2,1,5,0.0584415584415584,0.0643339768339768,136,127,9,0,0,0,28,16,10,24,46,0,joint-control-revoke-iid5
16080057,10,4,19875495675,3974888249,3974929175,23786338,17339351,576479,4,3,24,32,35,NaN,1,1,1,20141,17885,0,1,1,0,1,2,0,0,0,18,7,1,100,52,1,153,2800,1882,24,4706,1,1,0,0,2,1,38,0.0993506493506494,0.113561776061776,297,258,39,0,0,0,28,16,10,24,46,0,reacquire-response-blackout
16080058,5,1,5353728631,960011600,960011600,23374230,4461479,39554,4,3,25,33,35,36,1,1,1,18226,17922,0,1,1,1,0,2,0,0,0,19,7,1,36,18,1,55,1008,658,24,1690,1,1,0,0,2,1,0,0.0654761904761905,0.0727194492254733,127,127,0,0,0,0,28,16,10,24,46,0,zero-delivered
16080058,5,2,5353728631,960011600,956941416,23374230,4461479,39554,4,3,25,33,35,36,1,1,1,18226,17922,0,1,1,1,0,2,0,0,0,19,7,1,36,18,1,55,1008,658,24,1690,1,0,1,0,0,1,0,0.0654761904761905,0.0727194492254733,127,126,1,0,0,0,28,16,10,24,46,0,revoke-blackout
16080058,5,3,5353728631,960011600,916922698,24145360,4461204,39554,4,3,25,33,35,36,1,1,1,18226,17922,0,1,1,1,0,2,0,0,0,19,7,1,37,19,1,57,1036,694,24,1754,1,1,0,0,2,1,1,0.0678571428571429,0.075473321858864,132,129,3,0,0,0,28,16,10,24,46,0,joint-control-revoke-iid5
16080058,5,4,5353728631,960011600,959883846,23374230,4480929,39554,4,3,25,33,35,NaN,1,1,1,20116,17885,0,1,1,0,1,2,0,0,0,19,7,1,70,52,1,123,1960,1882,24,3866,1,1,0,0,2,1,37,0.146428571428571,0.166351118760757,297,259,38,0,0,0,28,16,10,24,46,0,reacquire-response-blackout
16080058,10,1,19735453811,3955741283,3955741283,23786338,17296429,576479,4,3,25,33,35,36,1,1,1,18226,17922,0,1,1,1,0,2,0,0,0,19,7,1,66,18,1,85,1848,658,24,2530,1,1,0,0,2,1,0,0.0551948051948052,0.0610521235521236,127,127,0,0,0,0,28,16,10,24,46,0,zero-delivered
16080058,10,2,19735453811,3955741283,3949904201,23786338,17296429,576479,4,3,25,33,35,36,1,1,1,18226,17922,0,1,1,1,0,2,0,0,0,19,7,1,66,18,1,85,1848,658,24,2530,1,0,1,0,0,1,0,0.0551948051948052,0.0610521235521236,127,126,1,0,0,0,28,16,10,24,46,0,revoke-blackout
16080058,10,3,19735453811,3955741283,3786898845,24557468,17296307,576479,4,3,25,33,35,36,1,1,1,18226,17922,0,1,1,1,0,2,0,0,0,19,7,1,73,27,1,101,2044,912,24,2980,1,0,1,0,0,1,8,0.0655844155844156,0.0719111969111969,168,157,11,0,0,0,28,16,10,24,46,0,joint-control-revoke-iid5
16080058,10,4,19735453811,3955741283,3955559914,23786338,17338074,576479,4,3,25,33,35,NaN,1,1,1,20116,17885,0,1,1,0,1,2,0,0,0,19,7,1,100,52,1,153,2800,1882,24,4706,1,1,0,0,2,1,37,0.0993506493506494,0.113561776061776,297,259,38,0,0,0,28,16,10,24,46,0,reacquire-response-blackout
16080059,5,1,5294941005,969555603,969555603,23374230,4460483,39554,4,3,26,34,35,36,1,1,1,18200,17922,0,1,1,1,0,2,0,0,0,20,7,1,37,19,1,57,1036,694,24,1754,1,1,0,0,2,1,0,0.0678571428571429,0.075473321858864,132,132,0,0,0,0,28,16,10,24,46,0,zero-delivered
16080059,5,2,5294941005,969555603,966390394,23374230,4460483,39554,4,3,26,34,35,36,1,1,1,18200,17922,0,1,1,1,0,2,0,0,0,20,7,1,37,19,1,57,1036,694,24,1754,1,0,1,0,0,1,0,0.0678571428571429,0.075473321858864,132,131,1,0,0,0,28,16,10,24,46,0,revoke-blackout
16080059,5,3,5294941005,969555603,914088428,24145360,4460339,39554,4,3,26,34,35,36,1,1,1,18200,17922,0,1,1,1,0,2,0,0,0,20,7,1,38,19,1,58,1064,694,24,1782,1,1,0,0,2,1,3,0.0690476190476191,0.0766781411359725,132,126,6,0,0,0,28,16,10,24,46,0,joint-control-revoke-iid5
16080059,5,4,5294941005,969555603,969346951,23374230,4479995,39554,4,3,26,34,35,NaN,1,1,1,20090,17885,0,1,1,0,1,2,0,0,0,20,7,1,70,52,1,123,1960,1882,24,3866,1,1,0,0,2,1,36,0.146428571428571,0.166351118760757,297,260,37,0,0,0,28,16,10,24,46,0,reacquire-response-blackout
16080059,10,1,19803987144,3958533283,3958533283,23786338,17294718,576479,4,3,26,34,35,36,1,1,1,18200,17922,0,1,1,1,0,2,0,0,0,20,7,1,67,19,1,87,1876,694,24,2594,1,1,0,0,2,1,0,0.0564935064935065,0.0625965250965251,132,132,0,0,0,0,28,16,10,24,46,0,zero-delivered
16080059,10,2,19803987144,3958533283,3954947678,23786338,17294718,576479,4,3,26,34,35,36,1,1,1,18200,17922,0,1,1,1,0,2,0,0,0,20,7,1,67,19,1,87,1876,694,24,2594,1,0,1,0,0,1,0,0.0564935064935065,0.0625965250965251,132,131,1,0,0,0,28,16,10,24,46,0,revoke-blackout
16080059,10,3,19803987144,3958533283,3780892359,24557468,17294908,576479,4,3,26,34,35,36,1,1,1,18200,17922,0,1,1,1,0,2,0,0,0,20,7,1,69,21,1,91,1932,756,24,2712,1,1,0,0,2,1,1,0.0590909090909091,0.0654440154440154,141,135,6,0,0,0,28,16,10,24,46,0,joint-control-revoke-iid5
16080059,10,4,19803987144,3958533283,3958766291,23786338,17336455,576479,4,3,26,34,35,NaN,1,1,1,20090,17885,0,1,1,0,1,2,0,0,0,20,7,1,100,52,1,153,2800,1882,24,4706,1,1,0,0,2,1,36,0.0993506493506494,0.113561776061776,297,260,37,0,0,0,28,16,10,24,46,0,reacquire-response-blackout
16080060,5,1,5321122823,971496123,971496123,23374230,4462168,39554,4,3,24,32,35,36,1,1,1,18251,17922,0,1,1,1,0,2,0,0,0,18,7,1,35,17,1,53,980,622,24,1626,1,1,0,0,2,1,0,0.0630952380952381,0.0699655765920826,122,122,0,0,0,0,28,16,10,24,46,0,zero-delivered
16080060,5,2,5321122823,971496123,968944889,23374230,4462168,39554,4,3,24,32,35,36,1,1,1,18251,17922,0,1,1,1,0,2,0,0,0,18,7,1,35,17,1,53,980,622,24,1626,1,0,1,0,0,1,0,0.0630952380952381,0.0699655765920826,122,121,1,0,0,0,28,16,10,24,46,0,revoke-blackout
16080060,5,3,5321122823,971496123,923128249,24145360,4461887,39554,4,3,24,32,35,36,1,1,1,18251,17922,0,1,1,1,0,2,0,0,0,18,7,1,40,20,1,61,1120,730,24,1874,1,1,0,0,2,1,5,0.0726190476190476,0.0806368330464716,139,131,8,0,0,0,28,16,10,24,46,0,joint-control-revoke-iid5
16080060,5,4,5321122823,971496123,971859953,23374230,4481556,39554,4,3,24,32,35,NaN,1,1,1,20141,17885,0,1,1,0,1,2,0,0,0,18,7,1,70,52,1,123,1960,1882,24,3866,1,1,0,0,2,1,38,0.146428571428571,0.166351118760757,297,258,39,0,0,0,28,16,10,24,46,0,reacquire-response-blackout
16080060,10,1,19735546242,3999320266,3999320266,23786338,17297798,576479,4,3,24,32,35,36,1,1,1,18251,17922,0,1,1,1,0,2,0,0,0,18,7,1,65,17,1,83,1820,622,24,2466,1,1,0,0,2,1,0,0.0538961038961039,0.059507722007722,122,122,0,0,0,0,28,16,10,24,46,0,zero-delivered
16080060,10,2,19735546242,3999320266,3993564999,23786338,17297798,576479,4,3,24,32,35,36,1,1,1,18251,17922,0,1,1,1,0,2,0,0,0,18,7,1,65,17,1,83,1820,622,24,2466,1,0,1,0,0,1,0,0.0538961038961039,0.059507722007722,122,121,1,0,0,0,28,16,10,24,46,0,revoke-blackout
16080060,10,3,19735546242,3999320266,3813160269,24557468,17297726,576479,4,3,24,32,35,36,1,1,1,18251,17922,0,1,1,1,0,2,0,0,0,18,7,1,72,24,1,97,2016,844,24,2884,1,1,0,0,2,1,5,0.062987012987013,0.0695945945945946,154,143,11,0,0,0,28,16,10,24,46,0,joint-control-revoke-iid5
16080060,10,4,19735546242,3999320266,3998719827,23786338,17339351,576479,4,3,24,32,35,NaN,1,1,1,20141,17885,0,1,1,0,1,2,0,0,0,18,7,1,100,52,1,153,2800,1882,24,4706,1,1,0,0,2,1,38,0.0993506493506494,0.113561776061776,297,258,39,0,0,0,28,16,10,24,46,0,reacquire-response-blackout
16080061,5,1,5324866139,978038823,978038823,23374230,4461479,39554,4,3,25,33,35,36,1,1,1,18226,17922,0,1,1,1,0,2,0,0,0,19,7,1,36,18,1,55,1008,658,24,1690,1,1,0,0,2,1,0,0.0654761904761905,0.0727194492254733,127,127,0,0,0,0,28,16,10,24,46,0,zero-delivered
16080061,5,2,5324866139,978038823,976361388,23374230,4461479,39554,4,3,25,33,35,36,1,1,1,18226,17922,0,1,1,1,0,2,0,0,0,19,7,1,36,18,1,55,1008,658,24,1690,1,0,1,0,0,1,0,0.0654761904761905,0.0727194492254733,127,126,1,0,0,0,28,16,10,24,46,0,revoke-blackout
16080061,5,3,5324866139,978038823,923316580,24145360,4460825,39554,4,3,25,33,35,36,1,1,1,18226,17922,0,1,1,1,0,2,0,0,0,19,7,1,40,22,1,63,1120,792,24,1936,1,1,0,0,2,1,5,0.075,0.0833046471600688,145,135,10,0,0,0,28,16,10,24,46,0,joint-control-revoke-iid5
16080061,5,4,5324866139,978038823,977823001,23374230,4480929,39554,4,3,25,33,35,NaN,1,1,1,20116,17885,0,1,1,0,1,2,0,0,0,19,7,1,70,52,1,123,1960,1882,24,3866,1,1,0,0,2,1,37,0.146428571428571,0.166351118760757,297,259,38,0,0,0,28,16,10,24,46,0,reacquire-response-blackout
16080061,10,1,19776731765,3985688978,3985688978,23786338,17296429,576479,4,3,25,33,35,36,1,1,1,18226,17922,0,1,1,1,0,2,0,0,0,19,7,1,66,18,1,85,1848,658,24,2530,1,1,0,0,2,1,0,0.0551948051948052,0.0610521235521236,127,127,0,0,0,0,28,16,10,24,46,0,zero-delivered
16080061,10,2,19776731765,3985688978,3980570131,23786338,17296429,576479,4,3,25,33,35,36,1,1,1,18226,17922,0,1,1,1,0,2,0,0,0,19,7,1,66,18,1,85,1848,658,24,2530,1,0,1,0,0,1,0,0.0551948051948052,0.0610521235521236,127,126,1,0,0,0,28,16,10,24,46,0,revoke-blackout
16080061,10,3,19776731765,3985688978,3819673514,24557468,17295930,576479,4,3,25,33,35,36,1,1,1,18226,17922,0,1,1,1,0,2,0,0,0,19,7,1,74,29,1,104,2072,964,24,3060,1,1,0,0,2,1,7,0.0675324675324675,0.0738416988416988,174,162,12,0,0,0,28,16,10,24,46,0,joint-control-revoke-iid5
16080061,10,4,19776731765,3985688978,3985617350,23786338,17338074,576479,4,3,25,33,35,NaN,1,1,1,20116,17885,0,1,1,0,1,2,0,0,0,19,7,1,100,52,1,153,2800,1882,24,4706,1,1,0,0,2,1,37,0.0993506493506494,0.113561776061776,297,259,38,0,0,0,28,16,10,24,46,0,reacquire-response-blackout
16080062,5,1,5311125565,955668184,955668184,23374230,4460483,39554,4,3,26,34,35,36,1,1,1,18200,17922,0,1,1,1,0,2,0,0,0,20,7,1,37,19,1,57,1036,694,24,1754,1,1,0,0,2,1,0,0.0678571428571429,0.075473321858864,132,132,0,0,0,0,28,16,10,24,46,0,zero-delivered
16080062,5,2,5311125565,955668184,952611331,23374230,4460483,39554,4,3,26,34,35,36,1,1,1,18200,17922,0,1,1,1,0,2,0,0,0,20,7,1,37,19,1,57,1036,694,24,1754,1,0,1,0,0,1,0,0.0678571428571429,0.075473321858864,132,131,1,0,0,0,28,16,10,24,46,0,revoke-blackout
16080062,5,3,5311125565,955668184,916760689,24145360,4461086,39554,4,3,26,34,36,37,1,1,1,18237,17923,0,1,1,1,0,2,0,0,0,20,7,1,39,19,1,59,1092,674,24,1790,1,1,0,0,2,1,5,0.0702380952380952,0.0770223752151463,133,127,6,0,0,0,28,16,10,24,46,0,joint-control-revoke-iid5
16080062,5,4,5311125565,955668184,956035779,23374230,4479995,39554,4,3,26,34,35,NaN,1,1,1,20090,17885,0,1,1,0,1,2,0,0,0,20,7,1,70,52,1,123,1960,1882,24,3866,1,1,0,0,2,1,36,0.146428571428571,0.166351118760757,297,260,37,0,0,0,28,16,10,24,46,0,reacquire-response-blackout
16080062,10,1,19822661015,3994027699,3994027699,23786338,17294718,576479,4,3,26,34,35,36,1,1,1,18200,17922,0,1,1,1,0,2,0,0,0,20,7,1,67,19,1,87,1876,694,24,2594,1,1,0,0,2,1,0,0.0564935064935065,0.0625965250965251,132,132,0,0,0,0,28,16,10,24,46,0,zero-delivered
16080062,10,2,19822661015,3994027699,3989190653,23786338,17294718,576479,4,3,26,34,35,36,1,1,1,18200,17922,0,1,1,1,0,2,0,0,0,20,7,1,67,19,1,87,1876,694,24,2594,1,0,1,0,0,1,0,0.0564935064935065,0.0625965250965251,132,131,1,0,0,0,28,16,10,24,46,0,revoke-blackout
16080062,10,3,19822661015,3994027699,3815160641,24557468,17294408,576479,4,3,26,34,35,36,1,1,1,18200,17922,0,1,1,1,0,2,0,0,0,20,7,1,74,25,1,100,2072,910,24,3006,1,1,0,0,2,1,7,0.0649350649350649,0.07253861003861,162,150,12,0,0,0,28,16,10,24,46,0,joint-control-revoke-iid5
16080062,10,4,19822661015,3994027699,3993618136,23786338,17336455,576479,4,3,26,34,35,NaN,1,1,1,20090,17885,0,1,1,0,1,2,0,0,0,20,7,1,100,52,1,153,2800,1882,24,4706,1,1,0,0,2,1,36,0.0993506493506494,0.113561776061776,297,260,37,0,0,0,28,16,10,24,46,0,reacquire-response-blackout
16080063,5,1,5291259988,966305308,966305308,23374230,4462168,39554,4,3,24,32,35,36,1,1,1,18251,17922,0,1,1,1,0,2,0,0,0,18,7,1,35,17,1,53,980,622,24,1626,1,1,0,0,2,1,0,0.0630952380952381,0.0699655765920826,122,122,0,0,0,0,28,16,10,24,46,0,zero-delivered
16080063,5,2,5291259988,966305308,962670102,23374230,4462168,39554,4,3,24,32,35,36,1,1,1,18251,17922,0,1,1,1,0,2,0,0,0,18,7,1,35,17,1,53,980,622,24,1626,1,0,1,0,0,1,0,0.0630952380952381,0.0699655765920826,122,121,1,0,0,0,28,16,10,24,46,0,revoke-blackout
16080063,5,3,5291259988,966305308,917596174,24145360,4461688,39554,4,3,24,32,35,36,1,1,1,18251,17922,0,1,1,1,0,2,0,0,0,18,7,1,39,21,1,61,1092,746,24,1862,1,1,0,0,2,1,4,0.0726190476190476,0.0801204819277108,141,134,7,0,0,0,28,16,10,24,46,0,joint-control-revoke-iid5
16080063,5,4,5291259988,966305308,966626148,23374230,4481556,39554,4,3,24,32,35,NaN,1,1,1,20141,17885,0,1,1,0,1,2,0,0,0,18,7,1,70,52,1,123,1960,1882,24,3866,1,1,0,0,2,1,38,0.146428571428571,0.166351118760757,297,258,39,0,0,0,28,16,10,24,46,0,reacquire-response-blackout
16080063,10,1,19852511753,3967956661,3967956661,23786338,17297798,576479,4,3,24,32,35,36,1,1,1,18251,17922,0,1,1,1,0,2,0,0,0,18,7,1,65,17,1,83,1820,622,24,2466,1,1,0,0,2,1,0,0.0538961038961039,0.059507722007722,122,122,0,0,0,0,28,16,10,24,46,0,zero-delivered
16080063,10,2,19852511753,3967956661,3962604802,23786338,17297798,576479,4,3,24,32,35,36,1,1,1,18251,17922,0,1,1,1,0,2,0,0,0,18,7,1,65,17,1,83,1820,622,24,2466,1,0,1,0,0,1,0,0.0538961038961039,0.059507722007722,122,121,1,0,0,0,28,16,10,24,46,0,revoke-blackout
16080063,10,3,19852511753,3967956661,3790668995,24557468,17297798,576479,4,3,24,32,35,36,1,1,1,18251,17922,0,1,1,1,0,2,0,0,0,18,7,1,65,17,1,83,1820,622,24,2466,1,1,0,0,2,1,0,0.0538961038961039,0.059507722007722,122,121,1,0,0,0,28,16,10,24,46,0,joint-control-revoke-iid5
16080063,10,4,19852511753,3967956661,3967269589,23786338,17339351,576479,4,3,24,32,35,NaN,1,1,1,20141,17885,0,1,1,0,1,2,0,0,0,18,7,1,100,52,1,153,2800,1882,24,4706,1,1,0,0,2,1,38,0.0993506493506494,0.113561776061776,297,258,39,0,0,0,28,16,10,24,46,0,reacquire-response-blackout
16080064,5,1,5376313676,953889356,953889356,23374230,4461479,39554,4,3,25,33,35,36,1,1,1,18226,17922,0,1,1,1,0,2,0,0,0,19,7,1,36,18,1,55,1008,658,24,1690,1,1,0,0,2,1,0,0.0654761904761905,0.0727194492254733,127,127,0,0,0,0,28,16,10,24,46,0,zero-delivered
16080064,5,2,5376313676,953889356,951838662,23374230,4461479,39554,4,3,25,33,35,36,1,1,1,18226,17922,0,1,1,1,0,2,0,0,0,19,7,1,36,18,1,55,1008,658,24,1690,1,0,1,0,0,1,0,0.0654761904761905,0.0727194492254733,127,126,1,0,0,0,28,16,10,24,46,0,revoke-blackout
16080064,5,3,5376313676,953889356,902339516,24145360,4461939,39554,4,3,25,33,36,37,1,1,1,18263,17923,0,1,1,1,0,2,0,0,0,19,7,1,42,22,1,65,1176,822,24,2022,1,1,0,0,2,1,5,0.0773809523809524,0.0870051635111876,149,142,7,0,0,0,28,16,10,24,46,0,joint-control-revoke-iid5
16080064,5,4,5376313676,953889356,954290790,23374230,4480929,39554,4,3,25,33,35,NaN,1,1,1,20116,17885,0,1,1,0,1,2,0,0,0,19,7,1,70,52,1,123,1960,1882,24,3866,1,1,0,0,2,1,37,0.146428571428571,0.166351118760757,297,259,38,0,0,0,28,16,10,24,46,0,reacquire-response-blackout
16080064,10,1,19869091669,3918975912,3918975912,23786338,17296429,576479,4,3,25,33,35,36,1,1,1,18226,17922,0,1,1,1,0,2,0,0,0,19,7,1,66,18,1,85,1848,658,24,2530,1,1,0,0,2,1,0,0.0551948051948052,0.0610521235521236,127,127,0,0,0,0,28,16,10,24,46,0,zero-delivered
16080064,10,2,19869091669,3918975912,3913542589,23786338,17296429,576479,4,3,25,33,35,36,1,1,1,18226,17922,0,1,1,1,0,2,0,0,0,19,7,1,66,18,1,85,1848,658,24,2530,1,0,1,0,0,1,0,0.0551948051948052,0.0610521235521236,127,126,1,0,0,0,28,16,10,24,46,0,revoke-blackout
16080064,10,3,19869091669,3918975912,3749031088,24557468,17296685,576479,4,3,25,33,35,36,1,1,1,18226,17922,0,1,1,1,0,2,0,0,0,19,7,1,72,24,1,97,2016,854,24,2894,1,1,0,0,2,1,5,0.062987012987013,0.0698359073359073,155,144,11,0,0,0,28,16,10,24,46,0,joint-control-revoke-iid5
16080064,10,4,19869091669,3918975912,3919423799,23786338,17338074,576479,4,3,25,33,35,NaN,1,1,1,20116,17885,0,1,1,0,1,2,0,0,0,19,7,1,100,52,1,153,2800,1882,24,4706,1,1,0,0,2,1,37,0.0993506493506494,0.113561776061776,297,259,38,0,0,0,28,16,10,24,46,0,reacquire-response-blackout
16080065,5,1,5329078873,942794645,942794645,23374230,4460483,39554,4,3,26,34,35,36,1,1,1,18200,17922,0,1,1,1,0,2,0,0,0,20,7,1,37,19,1,57,1036,694,24,1754,1,1,0,0,2,1,0,0.0678571428571429,0.075473321858864,132,132,0,0,0,0,28,16,10,24,46,0,zero-delivered
16080065,5,2,5329078873,942794645,940686302,23374230,4460483,39554,4,3,26,34,35,36,1,1,1,18200,17922,0,1,1,1,0,2,0,0,0,20,7,1,37,19,1,57,1036,694,24,1754,1,0,1,0,0,1,0,0.0678571428571429,0.075473321858864,132,131,1,0,0,0,28,16,10,24,46,0,revoke-blackout
16080065,5,3,5329078873,942794645,890934414,24145360,4460278,39554,4,3,26,34,35,36,1,1,1,18200,17922,0,1,1,1,0,2,0,0,0,20,7,1,43,25,1,69,1204,880,24,2108,1,1,0,0,2,1,6,0.0821428571428571,0.0907056798623064,161,149,12,0,0,0,28,16,10,24,46,0,joint-control-revoke-iid5
16080065,5,4,5329078873,942794645,942673902,23374230,4479995,39554,4,3,26,34,35,NaN,1,1,1,20090,17885,0,1,1,0,1,2,0,0,0,20,7,1,70,52,1,123,1960,1882,24,3866,1,1,0,0,2,1,36,0.146428571428571,0.166351118760757,297,260,37,0,0,0,28,16,10,24,46,0,reacquire-response-blackout
16080065,10,1,19858695407,3947160180,3947160180,23786338,17294718,576479,4,3,26,34,35,36,1,1,1,18200,17922,0,1,1,1,0,2,0,0,0,20,7,1,67,19,1,87,1876,694,24,2594,1,1,0,0,2,1,0,0.0564935064935065,0.0625965250965251,132,132,0,0,0,0,28,16,10,24,46,0,zero-delivered
16080065,10,2,19858695407,3947160180,3943329702,23786338,17294718,576479,4,3,26,34,35,36,1,1,1,18200,17922,0,1,1,1,0,2,0,0,0,20,7,1,67,19,1,87,1876,694,24,2594,1,0,1,0,0,1,0,0.0564935064935065,0.0625965250965251,132,131,1,0,0,0,28,16,10,24,46,0,revoke-blackout
16080065,10,3,19858695407,3947160180,3759550661,24557468,17294596,576479,4,3,26,34,35,36,1,1,1,18200,17922,0,1,1,1,0,2,0,0,0,20,7,1,67,18,1,86,1876,658,24,2558,1,1,0,0,2,1,1,0.0558441558441558,0.0617277992277992,128,125,3,0,0,0,28,16,10,24,46,0,joint-control-revoke-iid5
16080065,10,4,19858695407,3947160180,3947537467,23786338,17336455,576479,4,3,26,34,35,NaN,1,1,1,20090,17885,0,1,1,0,1,2,0,0,0,20,7,1,100,52,1,153,2800,1882,24,4706,1,1,0,0,2,1,36,0.0993506493506494,0.113561776061776,297,260,37,0,0,0,28,16,10,24,46,0,reacquire-response-blackout
16080066,5,1,5344762400,989778165,989778165,23374230,4462168,39554,4,3,24,32,35,36,1,1,1,18251,17922,0,1,1,1,0,2,0,0,0,18,7,1,35,17,1,53,980,622,24,1626,1,1,0,0,2,1,0,0.0630952380952381,0.0699655765920826,122,122,0,0,0,0,28,16,10,24,46,0,zero-delivered
16080066,5,2,5344762400,989778165,987374612,23374230,4462168,39554,4,3,24,32,35,36,1,1,1,18251,17922,0,1,1,1,0,2,0,0,0,18,7,1,35,17,1,53,980,622,24,1626,1,0,1,0,0,1,0,0.0630952380952381,0.0699655765920826,122,121,1,0,0,0,28,16,10,24,46,0,revoke-blackout
16080066,5,3,5344762400,989778165,943915120,24145360,4462096,39554,4,3,24,32,35,36,1,1,1,18251,17922,0,1,1,1,0,2,0,0,0,18,7,1,39,23,1,63,1092,798,24,1914,1,1,0,0,2,1,5,0.075,0.0823580034423408,146,136,10,0,0,0,28,16,10,24,46,0,joint-control-revoke-iid5
16080066,5,4,5344762400,989778165,989958236,23374230,4481556,39554,4,3,24,32,35,NaN,1,1,1,20141,17885,0,1,1,0,1,2,0,0,0,18,7,1,70,52,1,123,1960,1882,24,3866,1,1,0,0,2,1,38,0.146428571428571,0.166351118760757,297,258,39,0,0,0,28,16,10,24,46,0,reacquire-response-blackout
16080066,10,1,19932098183,3985679508,3985679508,23786338,17297798,576479,4,3,24,32,35,36,1,1,1,18251,17922,0,1,1,1,0,2,0,0,0,18,7,1,65,17,1,83,1820,622,24,2466,1,1,0,0,2,1,0,0.0538961038961039,0.059507722007722,122,122,0,0,0,0,28,16,10,24,46,0,zero-delivered
16080066,10,2,19932098183,3985679508,3980907959,23786338,17297798,576479,4,3,24,32,35,36,1,1,1,18251,17922,0,1,1,1,0,2,0,0,0,18,7,1,65,17,1,83,1820,622,24,2466,1,0,1,0,0,1,0,0.0538961038961039,0.059507722007722,122,121,1,0,0,0,28,16,10,24,46,0,revoke-blackout
16080066,10,3,19932098183,3985679508,3809891101,24557468,17297628,576479,4,3,24,32,35,36,1,1,1,18251,17922,0,1,1,1,0,2,0,0,0,18,7,1,67,21,1,89,1876,726,24,2626,1,1,0,0,2,1,2,0.0577922077922078,0.0633687258687259,138,134,4,0,0,0,28,16,10,24,46,0,joint-control-revoke-iid5
16080066,10,4,19932098183,3985679508,3985846285,23786338,17339351,576479,4,3,24,32,35,NaN,1,1,1,20141,17885,0,1,1,0,1,2,0,0,0,18,7,1,100,52,1,153,2800,1882,24,4706,1,1,0,0,2,1,38,0.0993506493506494,0.113561776061776,297,258,39,0,0,0,28,16,10,24,46,0,reacquire-response-blackout
16080067,5,1,5323495685,992090759,992090759,23374230,4461479,39554,4,3,25,33,35,36,1,1,1,18226,17922,0,1,1,1,0,2,0,0,0,19,7,1,36,18,1,55,1008,658,24,1690,1,1,0,0,2,1,0,0.0654761904761905,0.0727194492254733,127,127,0,0,0,0,28,16,10,24,46,0,zero-delivered
16080067,5,2,5323495685,992090759,989083068,23374230,4461479,39554,4,3,25,33,35,36,1,1,1,18226,17922,0,1,1,1,0,2,0,0,0,19,7,1,36,18,1,55,1008,658,24,1690,1,0,1,0,0,1,0,0.0654761904761905,0.0727194492254733,127,126,1,0,0,0,28,16,10,24,46,0,revoke-blackout
16080067,5,3,5323495685,992090759,953853222,24145360,4461388,39554,4,3,25,33,35,36,1,1,1,18226,17922,0,1,1,1,0,2,0,0,0,19,7,1,44,26,1,71,1232,896,24,2152,1,1,0,0,2,1,5,0.0845238095238095,0.0925989672977625,163,157,6,0,0,0,28,16,10,24,46,0,joint-control-revoke-iid5
16080067,5,4,5323495685,992090759,991938819,23374230,4480929,39554,4,3,25,33,35,NaN,1,1,1,20116,17885,0,1,1,0,1,2,0,0,0,19,7,1,70,52,1,123,1960,1882,24,3866,1,1,0,0,2,1,37,0.146428571428571,0.166351118760757,297,259,38,0,0,0,28,16,10,24,46,0,reacquire-response-blackout
16080067,10,1,19719764171,3947136720,3947136720,23786338,17296429,576479,4,3,25,33,35,36,1,1,1,18226,17922,0,1,1,1,0,2,0,0,0,19,7,1,66,18,1,85,1848,658,24,2530,1,1,0,0,2,1,0,0.0551948051948052,0.0610521235521236,127,127,0,0,0,0,28,16,10,24,46,0,zero-delivered
16080067,10,2,19719764171,3947136720,3942202611,23786338,17296429,576479,4,3,25,33,35,36,1,1,1,18226,17922,0,1,1,1,0,2,0,0,0,19,7,1,66,18,1,85,1848,658,24,2530,1,0,1,0,0,1,0,0.0551948051948052,0.0610521235521236,127,126,1,0,0,0,28,16,10,24,46,0,revoke-blackout
16080067,10,3,19719764171,3947136720,3769917659,24557468,17295879,576479,4,3,25,33,35,36,1,1,1,18226,17922,0,1,1,1,0,2,0,0,0,19,7,1,73,24,1,98,2044,844,24,2912,1,1,0,0,2,1,7,0.0636363636363636,0.0702702702702703,155,145,10,0,0,0,28,16,10,24,46,0,joint-control-revoke-iid5
16080067,10,4,19719764171,3947136720,3946683950,23786338,17338074,576479,4,3,25,33,35,NaN,1,1,1,20116,17885,0,1,1,0,1,2,0,0,0,19,7,1,100,52,1,153,2800,1882,24,4706,1,1,0,0,2,1,37,0.0993506493506494,0.113561776061776,297,259,38,0,0,0,28,16,10,24,46,0,reacquire-response-blackout
16080068,5,1,5333715334,982762535,982762535,23374230,4460483,39554,4,3,26,34,35,36,1,1,1,18200,17922,0,1,1,1,0,2,0,0,0,20,7,1,37,19,1,57,1036,694,24,1754,1,1,0,0,2,1,0,0.0678571428571429,0.075473321858864,132,132,0,0,0,0,28,16,10,24,46,0,zero-delivered
16080068,5,2,5333715334,982762535,979989169,23374230,4460483,39554,4,3,26,34,35,36,1,1,1,18200,17922,0,1,1,1,0,2,0,0,0,20,7,1,37,19,1,57,1036,694,24,1754,1,0,1,0,0,1,0,0.0678571428571429,0.075473321858864,132,131,1,0,0,0,28,16,10,24,46,0,revoke-blackout
16080068,5,3,5333715334,982762535,938098054,24145360,4460549,39554,4,3,26,34,35,36,1,1,1,18200,17922,0,1,1,1,0,2,0,0,0,20,7,1,41,25,1,67,1148,860,24,2032,1,1,0,0,2,1,3,0.0797619047619048,0.0874354561101549,157,150,7,0,0,0,28,16,10,24,46,0,joint-control-revoke-iid5
16080068,5,4,5333715334,982762535,983036327,23374230,4479995,39554,4,3,26,34,35,NaN,1,1,1,20090,17885,0,1,1,0,1,2,0,0,0,20,7,1,70,52,1,123,1960,1882,24,3866,1,1,0,0,2,1,36,0.146428571428571,0.166351118760757,297,260,37,0,0,0,28,16,10,24,46,0,reacquire-response-blackout
16080068,10,1,19780238628,3965013705,3965013705,23786338,17294718,576479,4,3,26,34,35,36,1,1,1,18200,17922,0,1,1,1,0,2,0,0,0,20,7,1,67,19,1,87,1876,694,24,2594,1,1,0,0,2,1,0,0.0564935064935065,0.0625965250965251,132,132,0,0,0,0,28,16,10,24,46,0,zero-delivered
16080068,10,2,19780238628,3965013705,3961248314,23786338,17294718,576479,4,3,26,34,35,36,1,1,1,18200,17922,0,1,1,1,0,2,0,0,0,20,7,1,67,19,1,87,1876,694,24,2594,1,0,1,0,0,1,0,0.0564935064935065,0.0625965250965251,132,131,1,0,0,0,28,16,10,24,46,0,revoke-blackout
16080068,10,3,19780238628,3965013705,3803404862,24557468,17294779,576479,4,3,26,34,35,36,1,1,1,18200,17922,0,1,1,1,0,2,0,0,0,20,7,1,72,24,1,97,2016,854,24,2894,1,1,0,0,2,1,5,0.062987012987013,0.0698359073359073,156,149,7,0,0,0,28,16,10,24,46,0,joint-control-revoke-iid5
16080068,10,4,19780238628,3965013705,3964406860,23786338,17336455,576479,4,3,26,34,35,NaN,1,1,1,20090,17885,0,1,1,0,1,2,0,0,0,20,7,1,100,52,1,153,2800,1882,24,4706,1,1,0,0,2,1,36,0.0993506493506494,0.113561776061776,297,260,37,0,0,0,28,16,10,24,46,0,reacquire-response-blackout
16080069,5,1,5305952500,948702596,948702596,23374230,4462168,39554,4,3,24,32,35,36,1,1,1,18251,17922,0,1,1,1,0,2,0,0,0,18,7,1,35,17,1,53,980,622,24,1626,1,1,0,0,2,1,0,0.0630952380952381,0.0699655765920826,122,122,0,0,0,0,28,16,10,24,46,0,zero-delivered
16080069,5,2,5305952500,948702596,945889059,23374230,4462168,39554,4,3,24,32,35,36,1,1,1,18251,17922,0,1,1,1,0,2,0,0,0,18,7,1,35,17,1,53,980,622,24,1626,1,0,1,0,0,1,0,0.0630952380952381,0.0699655765920826,122,121,1,0,0,0,28,16,10,24,46,0,revoke-blackout
16080069,5,3,5305952500,948702596,903693408,24145360,4462987,39554,4,3,24,32,36,37,1,1,1,18288,17923,0,1,1,1,0,2,0,0,0,18,7,1,39,21,1,61,1092,756,24,1872,1,1,0,0,2,1,4,0.0726190476190476,0.0805507745266781,140,134,6,0,0,0,28,16,10,24,46,0,joint-control-revoke-iid5
16080069,5,4,5305952500,948702596,949382373,23374230,4481556,39554,4,3,24,32,35,NaN,1,1,1,20141,17885,0,1,1,0,1,2,0,0,0,18,7,1,70,52,1,123,1960,1882,24,3866,1,1,0,0,2,1,38,0.146428571428571,0.166351118760757,297,258,39,0,0,0,28,16,10,24,46,0,reacquire-response-blackout
16080069,10,1,19808101562,3918133425,3918133425,23786338,17297798,576479,4,3,24,32,35,36,1,1,1,18251,17922,0,1,1,1,0,2,0,0,0,18,7,1,65,17,1,83,1820,622,24,2466,1,1,0,0,2,1,0,0.0538961038961039,0.059507722007722,122,122,0,0,0,0,28,16,10,24,46,0,zero-delivered
16080069,10,2,19808101562,3918133425,3912936539,23786338,17297798,576479,4,3,24,32,35,36,1,1,1,18251,17922,0,1,1,1,0,2,0,0,0,18,7,1,65,17,1,83,1820,622,24,2466,1,0,1,0,0,1,0,0.0538961038961039,0.059507722007722,122,121,1,0,0,0,28,16,10,24,46,0,revoke-blackout
16080069,10,3,19808101562,3918133425,3737864024,24557468,17299270,576479,4,3,24,32,36,37,1,1,1,18288,17923,0,1,1,1,0,2,0,0,0,18,7,1,69,21,1,91,1932,736,24,2692,1,1,0,0,2,1,4,0.0590909090909091,0.06496138996139,140,132,8,0,0,0,28,16,10,24,46,0,joint-control-revoke-iid5
16080069,10,4,19808101562,3918133425,3918287372,23786338,17339351,576479,4,3,24,32,35,NaN,1,1,1,20141,17885,0,1,1,0,1,2,0,0,0,18,7,1,100,52,1,153,2800,1882,24,4706,1,1,0,0,2,1,38,0.0993506493506494,0.113561776061776,297,258,39,0,0,0,28,16,10,24,46,0,reacquire-response-blackout
16080070,5,1,5305175989,968865022,968865022,23374230,4461479,39554,4,3,25,33,35,36,1,1,1,18226,17922,0,1,1,1,0,2,0,0,0,19,7,1,36,18,1,55,1008,658,24,1690,1,1,0,0,2,1,0,0.0654761904761905,0.0727194492254733,127,127,0,0,0,0,28,16,10,24,46,0,zero-delivered
16080070,5,2,5305175989,968865022,967187305,23374230,4461479,39554,4,3,25,33,35,36,1,1,1,18226,17922,0,1,1,1,0,2,0,0,0,19,7,1,36,18,1,55,1008,658,24,1690,1,0,1,0,0,1,0,0.0654761904761905,0.0727194492254733,127,126,1,0,0,0,28,16,10,24,46,0,revoke-blackout
16080070,5,3,5305175989,968865022,936409689,24145360,4461344,39554,4,3,25,33,35,36,1,1,1,18226,17922,0,1,1,1,0,2,0,0,0,19,7,1,38,21,1,60,1064,746,24,1834,1,1,0,0,2,1,2,0.0714285714285714,0.0789156626506024,140,138,2,0,0,0,28,16,10,24,46,0,joint-control-revoke-iid5
16080070,5,4,5305175989,968865022,968517317,23374230,4480929,39554,4,3,25,33,35,NaN,1,1,1,20116,17885,0,1,1,0,1,2,0,0,0,19,7,1,70,52,1,123,1960,1882,24,3866,1,1,0,0,2,1,37,0.146428571428571,0.166351118760757,297,259,38,0,0,0,28,16,10,24,46,0,reacquire-response-blackout
16080070,10,1,19727880326,3931519806,3931519806,23786338,17296429,576479,4,3,25,33,35,36,1,1,1,18226,17922,0,1,1,1,0,2,0,0,0,19,7,1,66,18,1,85,1848,658,24,2530,1,1,0,0,2,1,0,0.0551948051948052,0.0610521235521236,127,127,0,0,0,0,28,16,10,24,46,0,zero-delivered
16080070,10,2,19727880326,3931519806,3926292336,23786338,17296429,576479,4,3,25,33,35,36,1,1,1,18226,17922,0,1,1,1,0,2,0,0,0,19,7,1,66,18,1,85,1848,658,24,2530,1,0,1,0,0,1,0,0.0551948051948052,0.0610521235521236,127,126,1,0,0,0,28,16,10,24,46,0,revoke-blackout
16080070,10,3,19727880326,3931519806,3769724304,24557468,17296123,576479,4,3,25,33,35,36,1,1,1,18226,17922,0,1,1,1,0,2,0,0,0,19,7,1,71,23,1,95,1988,818,24,2830,1,1,0,0,2,1,3,0.0616883116883117,0.0682915057915058,150,146,4,0,0,0,28,16,10,24,46,0,joint-control-revoke-iid5
16080070,10,4,19727880326,3931519806,3931639602,23786338,17338074,576479,4,3,25,33,35,NaN,1,1,1,20116,17885,0,1,1,0,1,2,0,0,0,19,7,1,100,52,1,153,2800,1882,24,4706,1,1,0,0,2,1,37,0.0993506493506494,0.113561776061776,297,259,38,0,0,0,28,16,10,24,46,0,reacquire-response-blackout
16080071,5,1,5358803991,971573961,971573961,23374230,4460483,39554,4,3,26,34,35,36,1,1,1,18200,17922,0,1,1,1,0,2,0,0,0,20,7,1,37,19,1,57,1036,694,24,1754,1,1,0,0,2,1,0,0.0678571428571429,0.075473321858864,132,132,0,0,0,0,28,16,10,24,46,0,zero-delivered
16080071,5,2,5358803991,971573961,968942495,23374230,4460483,39554,4,3,26,34,35,36,1,1,1,18200,17922,0,1,1,1,0,2,0,0,0,20,7,1,37,19,1,57,1036,694,24,1754,1,0,1,0,0,1,0,0.0678571428571429,0.075473321858864,132,131,1,0,0,0,28,16,10,24,46,0,revoke-blackout
16080071,5,3,5358803991,971573961,930131097,24145360,4460389,39554,4,3,26,34,35,36,1,1,1,18200,17922,0,1,1,1,0,2,0,0,0,20,7,1,43,25,1,69,1204,890,24,2118,1,1,0,0,2,1,6,0.0821428571428571,0.0911359724612737,160,148,12,0,0,0,28,16,10,24,46,0,joint-control-revoke-iid5
16080071,5,4,5358803991,971573961,971930611,23374230,4479995,39554,4,3,26,34,35,NaN,1,1,1,20090,17885,0,1,1,0,1,2,0,0,0,20,7,1,70,52,1,123,1960,1882,24,3866,1,1,0,0,2,1,36,0.146428571428571,0.166351118760757,297,260,37,0,0,0,28,16,10,24,46,0,reacquire-response-blackout
16080071,10,1,19736195282,3956207030,3956207030,23786338,17294718,576479,4,3,26,34,35,36,1,1,1,18200,17922,0,1,1,1,0,2,0,0,0,20,7,1,67,19,1,87,1876,694,24,2594,1,1,0,0,2,1,0,0.0564935064935065,0.0625965250965251,132,132,0,0,0,0,28,16,10,24,46,0,zero-delivered
16080071,10,2,19736195282,3956207030,3948190716,23786338,17294718,576479,4,3,26,34,35,36,1,1,1,18200,17922,0,1,1,1,0,2,0,0,0,20,7,1,67,19,1,87,1876,694,24,2594,1,0,1,0,0,1,0,0.0564935064935065,0.0625965250965251,132,131,1,0,0,0,28,16,10,24,46,0,revoke-blackout
16080071,10,3,19736195282,3956207030,3772310411,24557468,17294596,576479,4,3,26,34,35,36,1,1,1,18200,17922,0,1,1,1,0,2,0,0,0,20,7,1,70,22,1,93,1960,782,24,2766,1,1,0,0,2,1,4,0.0603896103896104,0.0667471042471042,145,140,5,0,0,0,28,16,10,24,46,0,joint-control-revoke-iid5
16080071,10,4,19736195282,3956207030,3955541575,23786338,17336455,576479,4,3,26,34,35,NaN,1,1,1,20090,17885,0,1,1,0,1,2,0,0,0,20,7,1,100,52,1,153,2800,1882,24,4706,1,1,0,0,2,1,36,0.0993506493506494,0.113561776061776,297,260,37,0,0,0,28,16,10,24,46,0,reacquire-response-blackout
16080072,5,1,5288978519,945590713,945590713,23374230,4462168,39554,4,3,24,32,35,36,1,1,1,18251,17922,0,1,1,1,0,2,0,0,0,18,7,1,35,17,1,53,980,622,24,1626,1,1,0,0,2,1,0,0.0630952380952381,0.0699655765920826,122,122,0,0,0,0,28,16,10,24,46,0,zero-delivered
16080072,5,2,5288978519,945590713,941156452,23374230,4462168,39554,4,3,24,32,35,36,1,1,1,18251,17922,0,1,1,1,0,2,0,0,0,18,7,1,35,17,1,53,980,622,24,1626,1,0,1,0,0,1,0,0.0630952380952381,0.0699655765920826,122,121,1,0,0,0,28,16,10,24,46,0,revoke-blackout
16080072,5,3,5288978519,945590713,905725479,24145360,4462096,39554,4,3,24,32,35,36,1,1,1,18251,17922,0,1,1,1,0,2,0,0,0,18,7,1,37,19,1,57,1036,684,24,1744,1,1,0,0,2,1,3,0.0678571428571429,0.0750430292598967,131,126,5,0,0,0,28,16,10,24,46,0,joint-control-revoke-iid5
16080072,5,4,5288978519,945590713,944976158,23374230,4481556,39554,4,3,24,32,35,NaN,1,1,1,20141,17885,0,1,1,0,1,2,0,0,0,18,7,1,70,52,1,123,1960,1882,24,3866,1,1,0,0,2,1,38,0.146428571428571,0.166351118760757,297,258,39,0,0,0,28,16,10,24,46,0,reacquire-response-blackout
16080072,10,1,19835637933,3965131144,3965131144,23786338,17297798,576479,4,3,24,32,35,36,1,1,1,18251,17922,0,1,1,1,0,2,0,0,0,18,7,1,65,17,1,83,1820,622,24,2466,1,1,0,0,2,1,0,0.0538961038961039,0.059507722007722,122,122,0,0,0,0,28,16,10,24,46,0,zero-delivered
16080072,10,2,19835637933,3965131144,3959481952,23786338,17297798,576479,4,3,24,32,35,36,1,1,1,18251,17922,0,1,1,1,0,2,0,0,0,18,7,1,65,17,1,83,1820,622,24,2466,1,0,1,0,0,1,0,0.0538961038961039,0.059507722007722,122,121,1,0,0,0,28,16,10,24,46,0,revoke-blackout
16080072,10,3,19835637933,3965131144,3792843974,24557468,17297676,576479,4,3,24,32,35,36,1,1,1,18251,17922,0,1,1,1,0,2,0,0,0,18,7,1,67,20,1,88,1876,690,24,2590,1,1,0,0,2,1,3,0.0571428571428571,0.0625,134,130,4,0,0,0,28,16,10,24,46,0,joint-control-revoke-iid5
16080072,10,4,19835637933,3965131144,3965433087,23786338,17339351,576479,4,3,24,32,35,NaN,1,1,1,20141,17885,0,1,1,0,1,2,0,0,0,18,7,1,100,52,1,153,2800,1882,24,4706,1,1,0,0,2,1,38,0.0993506493506494,0.113561776061776,297,258,39,0,0,0,28,16,10,24,46,0,reacquire-response-blackout
16080073,5,1,5322331243,993294980,993294980,23374230,4461479,39554,4,3,25,33,35,36,1,1,1,18226,17922,0,1,1,1,0,2,0,0,0,19,7,1,36,18,1,55,1008,658,24,1690,1,1,0,0,2,1,0,0.0654761904761905,0.0727194492254733,127,127,0,0,0,0,28,16,10,24,46,0,zero-delivered
16080073,5,2,5322331243,993294980,990370506,23374230,4461479,39554,4,3,25,33,35,36,1,1,1,18226,17922,0,1,1,1,0,2,0,0,0,19,7,1,36,18,1,55,1008,658,24,1690,1,0,1,0,0,1,0,0.0654761904761905,0.0727194492254733,127,126,1,0,0,0,28,16,10,24,46,0,revoke-blackout
16080073,5,3,5322331243,993294980,953698914,24145360,4462091,39554,4,3,25,33,36,37,1,1,1,18263,17923,0,1,1,1,0,2,0,0,0,19,7,1,42,25,1,68,1176,850,24,2050,1,1,0,0,2,1,7,0.080952380952381,0.088209982788296,156,146,10,0,0,0,28,16,10,24,46,0,joint-control-revoke-iid5
16080073,5,4,5322331243,993294980,993399183,23374230,4480929,39554,4,3,25,33,35,NaN,1,1,1,20116,17885,0,1,1,0,1,2,0,0,0,19,7,1,70,52,1,123,1960,1882,24,3866,1,1,0,0,2,1,37,0.146428571428571,0.166351118760757,297,259,38,0,0,0,28,16,10,24,46,0,reacquire-response-blackout
16080073,10,1,19812266979,3919361911,3919361911,23786338,17296429,576479,4,3,25,33,35,36,1,1,1,18226,17922,0,1,1,1,0,2,0,0,0,19,7,1,66,18,1,85,1848,658,24,2530,1,1,0,0,2,1,0,0.0551948051948052,0.0610521235521236,127,127,0,0,0,0,28,16,10,24,46,0,zero-delivered
16080073,10,2,19812266979,3919361911,3915205894,23786338,17296429,576479,4,3,25,33,35,36,1,1,1,18226,17922,0,1,1,1,0,2,0,0,0,19,7,1,66,18,1,85,1848,658,24,2530,1,0,1,0,0,1,0,0.0551948051948052,0.0610521235521236,127,126,1,0,0,0,28,16,10,24,46,0,revoke-blackout
16080073,10,3,19812266979,3919361911,3741258937,24557468,17295757,576479,4,3,25,33,35,36,1,1,1,18226,17922,0,1,1,1,0,2,0,0,0,19,7,1,69,21,1,91,1932,756,24,2712,1,1,0,0,2,1,4,0.0590909090909091,0.0654440154440154,141,134,7,0,0,0,28,16,10,24,46,0,joint-control-revoke-iid5
16080073,10,4,19812266979,3919361911,3919669800,23786338,17338074,576479,4,3,25,33,35,NaN,1,1,1,20116,17885,0,1,1,0,1,2,0,0,0,19,7,1,100,52,1,153,2800,1882,24,4706,1,1,0,0,2,1,37,0.0993506493506494,0.113561776061776,297,259,38,0,0,0,28,16,10,24,46,0,reacquire-response-blackout
16080074,5,1,5301477499,965558431,965558431,23374230,4460483,39554,4,3,26,34,35,36,1,1,1,18200,17922,0,1,1,1,0,2,0,0,0,20,7,1,37,19,1,57,1036,694,24,1754,1,1,0,0,2,1,0,0.0678571428571429,0.075473321858864,132,132,0,0,0,0,28,16,10,24,46,0,zero-delivered
16080074,5,2,5301477499,965558431,963433779,23374230,4460483,39554,4,3,26,34,35,36,1,1,1,18200,17922,0,1,1,1,0,2,0,0,0,20,7,1,37,19,1,57,1036,694,24,1754,1,0,1,0,0,1,0,0.0678571428571429,0.075473321858864,132,131,1,0,0,0,28,16,10,24,46,0,revoke-blackout
16080074,5,3,5301477499,965558431,916091990,24145360,4460339,39554,4,3,26,34,35,36,1,1,1,18200,17922,0,1,1,1,0,2,0,0,0,20,7,1,38,20,1,59,1064,710,24,1798,1,1,0,0,2,1,3,0.0702380952380952,0.0773666092943201,136,129,7,0,0,0,28,16,10,24,46,0,joint-control-revoke-iid5
16080074,5,4,5301477499,965558431,965622029,23374230,4479995,39554,4,3,26,34,35,NaN,1,1,1,20090,17885,0,1,1,0,1,2,0,0,0,20,7,1,70,52,1,123,1960,1882,24,3866,1,1,0,0,2,1,36,0.146428571428571,0.166351118760757,297,260,37,0,0,0,28,16,10,24,46,0,reacquire-response-blackout
16080074,10,1,19727888402,3948211293,3948211293,23786338,17294718,576479,4,3,26,34,35,36,1,1,1,18200,17922,0,1,1,1,0,2,0,0,0,20,7,1,67,19,1,87,1876,694,24,2594,1,1,0,0,2,1,0,0.0564935064935065,0.0625965250965251,132,132,0,0,0,0,28,16,10,24,46,0,zero-delivered
16080074,10,2,19727888402,3948211293,3943693062,23786338,17294718,576479,4,3,26,34,35,36,1,1,1,18200,17922,0,1,1,1,0,2,0,0,0,20,7,1,67,19,1,87,1876,694,24,2594,1,0,1,0,0,1,0,0.0564935064935065,0.0625965250965251,132,131,1,0,0,0,28,16,10,24,46,0,revoke-blackout
16080074,10,3,19727888402,3948211293,3769304140,24557468,17294542,576479,4,3,26,34,35,36,1,1,1,18200,17922,0,1,1,1,0,2,0,0,0,20,7,1,71,22,1,94,1988,802,24,2814,1,1,0,0,2,1,4,0.061038961038961,0.0679054054054054,148,141,7,0,0,0,28,16,10,24,46,0,joint-control-revoke-iid5
16080074,10,4,19727888402,3948211293,3948641679,23786338,17336455,576479,4,3,26,34,35,NaN,1,1,1,20090,17885,0,1,1,0,1,2,0,0,0,20,7,1,100,52,1,153,2800,1882,24,4706,1,1,0,0,2,1,36,0.0993506493506494,0.113561776061776,297,260,37,0,0,0,28,16,10,24,46,0,reacquire-response-blackout
16080075,5,1,5358033430,968328106,968328106,23374230,4462168,39554,4,3,24,32,35,36,1,1,1,18251,17922,0,1,1,1,0,2,0,0,0,18,7,1,35,17,1,53,980,622,24,1626,1,1,0,0,2,1,0,0.0630952380952381,0.0699655765920826,122,122,0,0,0,0,28,16,10,24,46,0,zero-delivered
16080075,5,2,5358033430,968328106,965024303,23374230,4462168,39554,4,3,24,32,35,36,1,1,1,18251,17922,0,1,1,1,0,2,0,0,0,18,7,1,35,17,1,53,980,622,24,1626,1,0,1,0,0,1,0,0.0630952380952381,0.0699655765920826,122,121,1,0,0,0,28,16,10,24,46,0,revoke-blackout
16080075,5,3,5358033430,968328106,924852206,24145360,4462033,39554,4,3,24,32,35,36,1,1,1,18251,17922,0,1,1,1,0,2,0,0,0,18,7,1,37,20,1,58,1036,710,24,1770,1,0,1,0,0,1,2,0.0690476190476191,0.0761617900172117,135,129,6,0,0,0,28,16,10,24,46,0,joint-control-revoke-iid5
16080075,5,4,5358033430,968328106,968424930,23374230,4481556,39554,4,3,24,32,35,NaN,1,1,1,20141,17885,0,1,1,0,1,2,0,0,0,18,7,1,70,52,1,123,1960,1882,24,3866,1,1,0,0,2,1,38,0.146428571428571,0.166351118760757,297,258,39,0,0,0,28,16,10,24,46,0,reacquire-response-blackout
16080075,10,1,19839547349,3946881287,3946881287,23786338,17297798,576479,4,3,24,32,35,36,1,1,1,18251,17922,0,1,1,1,0,2,0,0,0,18,7,1,65,17,1,83,1820,622,24,2466,1,1,0,0,2,1,0,0.0538961038961039,0.059507722007722,122,122,0,0,0,0,28,16,10,24,46,0,zero-delivered
16080075,10,2,19839547349,3946881287,3942522527,23786338,17297798,576479,4,3,24,32,35,36,1,1,1,18251,17922,0,1,1,1,0,2,0,0,0,18,7,1,65,17,1,83,1820,622,24,2466,1,0,1,0,0,1,0,0.0538961038961039,0.059507722007722,122,121,1,0,0,0,28,16,10,24,46,0,revoke-blackout
16080075,10,3,19839547349,3946881287,3763833529,24557468,17299372,576479,4,3,24,32,36,37,1,1,1,18288,17923,0,1,1,1,0,2,0,0,0,18,7,1,69,21,1,91,1932,746,24,2702,1,0,1,0,0,1,4,0.0590909090909091,0.0652027027027027,140,129,11,0,0,0,28,16,10,24,46,0,joint-control-revoke-iid5
16080075,10,4,19839547349,3946881287,3947017916,23786338,17339351,576479,4,3,24,32,35,NaN,1,1,1,20141,17885,0,1,1,0,1,2,0,0,0,18,7,1,100,52,1,153,2800,1882,24,4706,1,1,0,0,2,1,38,0.0993506493506494,0.113561776061776,297,258,39,0,0,0,28,16,10,24,46,0,reacquire-response-blackout
16080076,5,1,5285052046,978807376,978807376,23374230,4461479,39554,4,3,25,33,35,36,1,1,1,18226,17922,0,1,1,1,0,2,0,0,0,19,7,1,36,18,1,55,1008,658,24,1690,1,1,0,0,2,1,0,0.0654761904761905,0.0727194492254733,127,127,0,0,0,0,28,16,10,24,46,0,zero-delivered
16080076,5,2,5285052046,978807376,976092598,23374230,4461479,39554,4,3,25,33,35,36,1,1,1,18226,17922,0,1,1,1,0,2,0,0,0,19,7,1,36,18,1,55,1008,658,24,1690,1,0,1,0,0,1,0,0.0654761904761905,0.0727194492254733,127,126,1,0,0,0,28,16,10,24,46,0,revoke-blackout
16080076,5,3,5285052046,978807376,924974508,24145360,4462298,39554,4,3,25,33,36,37,1,1,1,18263,17923,0,1,1,1,0,2,0,0,0,19,7,1,39,21,1,61,1092,766,24,1882,1,1,0,0,2,1,3,0.0726190476190476,0.0809810671256454,141,135,6,0,0,0,28,16,10,24,46,0,joint-control-revoke-iid5
16080076,5,4,5285052046,978807376,978797345,23374230,4480929,39554,4,3,25,33,35,NaN,1,1,1,20116,17885,0,1,1,0,1,2,0,0,0,19,7,1,70,52,1,123,1960,1882,24,3866,1,1,0,0,2,1,37,0.146428571428571,0.166351118760757,297,259,38,0,0,0,28,16,10,24,46,0,reacquire-response-blackout
16080076,10,1,19858733159,3955559246,3955559246,23786338,17296429,576479,4,3,25,33,35,36,1,1,1,18226,17922,0,1,1,1,0,2,0,0,0,19,7,1,66,18,1,85,1848,658,24,2530,1,1,0,0,2,1,0,0.0551948051948052,0.0610521235521236,127,127,0,0,0,0,28,16,10,24,46,0,zero-delivered
16080076,10,2,19858733159,3955559246,3950524231,23786338,17296429,576479,4,3,25,33,35,36,1,1,1,18226,17922,0,1,1,1,0,2,0,0,0,19,7,1,66,18,1,85,1848,658,24,2530,1,0,1,0,0,1,0,0.0551948051948052,0.0610521235521236,127,126,1,0,0,0,28,16,10,24,46,0,revoke-blackout
16080076,10,3,19858733159,3955559246,3783549767,24557468,17296185,576479,4,3,25,33,35,36,1,1,1,18226,17922,0,1,1,1,0,2,0,0,0,19,7,1,67,18,1,86,1876,648,24,2548,1,1,0,0,2,1,3,0.0558441558441558,0.0614864864864865,127,123,4,0,0,0,28,16,10,24,46,0,joint-control-revoke-iid5
16080076,10,4,19858733159,3955559246,3955200225,23786338,17338074,576479,4,3,25,33,35,NaN,1,1,1,20116,17885,0,1,1,0,1,2,0,0,0,19,7,1,100,52,1,153,2800,1882,24,4706,1,1,0,0,2,1,37,0.0993506493506494,0.113561776061776,297,259,38,0,0,0,28,16,10,24,46,0,reacquire-response-blackout
16080077,5,1,5359965253,954467051,954467051,23374230,4460483,39554,4,3,26,34,35,36,1,1,1,18200,17922,0,1,1,1,0,2,0,0,0,20,7,1,37,19,1,57,1036,694,24,1754,1,1,0,0,2,1,0,0.0678571428571429,0.075473321858864,132,132,0,0,0,0,28,16,10,24,46,0,zero-delivered
16080077,5,2,5359965253,954467051,952100415,23374230,4460483,39554,4,3,26,34,35,36,1,1,1,18200,17922,0,1,1,1,0,2,0,0,0,20,7,1,37,19,1,57,1036,694,24,1754,1,0,1,0,0,1,0,0.0678571428571429,0.075473321858864,132,131,1,0,0,0,28,16,10,24,46,0,revoke-blackout
16080077,5,3,5359965253,954467051,905742108,24145360,4460247,39554,4,3,26,34,35,36,1,1,1,18200,17922,0,1,1,1,0,2,0,0,0,20,7,1,42,23,1,66,1176,818,24,2018,1,1,0,0,2,1,4,0.0785714285714286,0.0868330464716007,152,147,5,0,0,0,28,16,10,24,46,0,joint-control-revoke-iid5
16080077,5,4,5359965253,954467051,954603940,23374230,4479995,39554,4,3,26,34,35,NaN,1,1,1,20090,17885,0,1,1,0,1,2,0,0,0,20,7,1,70,52,1,123,1960,1882,24,3866,1,1,0,0,2,1,36,0.146428571428571,0.166351118760757,297,260,37,0,0,0,28,16,10,24,46,0,reacquire-response-blackout
16080077,10,1,19889663711,3996058492,3996058492,23786338,17294718,576479,4,3,26,34,35,36,1,1,1,18200,17922,0,1,1,1,0,2,0,0,0,20,7,1,67,19,1,87,1876,694,24,2594,1,1,0,0,2,1,0,0.0564935064935065,0.0625965250965251,132,132,0,0,0,0,28,16,10,24,46,0,zero-delivered
16080077,10,2,19889663711,3996058492,3990983123,23786338,17294718,576479,4,3,26,34,35,36,1,1,1,18200,17922,0,1,1,1,0,2,0,0,0,20,7,1,67,19,1,87,1876,694,24,2594,1,0,1,0,0,1,0,0.0564935064935065,0.0625965250965251,132,131,1,0,0,0,28,16,10,24,46,0,revoke-blackout
16080077,10,3,19889663711,3996058492,3809274912,24557468,17294596,576479,4,3,26,34,35,36,1,1,1,18200,17922,0,1,1,1,0,2,0,0,0,20,7,1,71,23,1,95,1988,808,24,2820,1,1,0,0,2,1,5,0.0616883116883117,0.0680501930501931,151,140,11,0,0,0,28,16,10,24,46,0,joint-control-revoke-iid5
16080077,10,4,19889663711,3996058492,3995669591,23786338,17336455,576479,4,3,26,34,35,NaN,1,1,1,20090,17885,0,1,1,0,1,2,0,0,0,20,7,1,100,52,1,153,2800,1882,24,4706,1,1,0,0,2,1,36,0.0993506493506494,0.113561776061776,297,260,37,0,0,0,28,16,10,24,46,0,reacquire-response-blackout
16080078,5,1,5336822983,987193145,987193145,23374230,4462168,39554,4,3,24,32,35,36,1,1,1,18251,17922,0,1,1,1,0,2,0,0,0,18,7,1,35,17,1,53,980,622,24,1626,1,1,0,0,2,1,0,0.0630952380952381,0.0699655765920826,122,122,0,0,0,0,28,16,10,24,46,0,zero-delivered
16080078,5,2,5336822983,987193145,983806491,23374230,4462168,39554,4,3,24,32,35,36,1,1,1,18251,17922,0,1,1,1,0,2,0,0,0,18,7,1,35,17,1,53,980,622,24,1626,1,0,1,0,0,1,0,0.0630952380952381,0.0699655765920826,122,121,1,0,0,0,28,16,10,24,46,0,revoke-blackout
16080078,5,3,5336822983,987193145,939119506,24145360,4462096,39554,4,3,24,32,35,36,1,1,1,18251,17922,0,1,1,1,0,2,0,0,0,18,7,1,35,16,1,52,980,586,24,1590,1,1,0,0,2,1,1,0.0619047619047619,0.0684165232358003,118,115,3,0,0,0,28,16,10,24,46,0,joint-control-revoke-iid5
16080078,5,4,5336822983,987193145,987217308,23374230,4481556,39554,4,3,24,32,35,NaN,1,1,1,20141,17885,0,1,1,0,1,2,0,0,0,18,7,1,70,52,1,123,1960,1882,24,3866,1,1,0,0,2,1,38,0.146428571428571,0.166351118760757,297,258,39,0,0,0,28,16,10,24,46,0,reacquire-response-blackout
16080078,10,1,19872574551,3953989047,3953989047,23786338,17297798,576479,4,3,24,32,35,36,1,1,1,18251,17922,0,1,1,1,0,2,0,0,0,18,7,1,65,17,1,83,1820,622,24,2466,1,1,0,0,2,1,0,0.0538961038961039,0.059507722007722,122,122,0,0,0,0,28,16,10,24,46,0,zero-delivered
16080078,10,2,19872574551,3953989047,3951675435,23786338,17297798,576479,4,3,24,32,35,36,1,1,1,18251,17922,0,1,1,1,0,2,0,0,0,18,7,1,65,17,1,83,1820,622,24,2466,1,0,1,0,0,1,0,0.0538961038961039,0.059507722007722,122,121,1,0,0,0,28,16,10,24,46,0,revoke-blackout
16080078,10,3,19872574551,3953989047,3788466392,24557468,17297798,576479,4,3,24,32,35,36,1,1,1,18251,17922,0,1,1,1,0,2,0,0,0,18,7,1,68,19,1,88,1904,704,24,2632,1,1,0,0,2,1,3,0.0571428571428571,0.0635135135135135,132,126,6,0,0,0,28,16,10,24,46,0,joint-control-revoke-iid5
16080078,10,4,19872574551,3953989047,3954525543,23786338,17339351,576479,4,3,24,32,35,NaN,1,1,1,20141,17885,0,1,1,0,1,2,0,0,0,18,7,1,100,52,1,153,2800,1882,24,4706,1,1,0,0,2,1,38,0.0993506493506494,0.113561776061776,297,258,39,0,0,0,28,16,10,24,46,0,reacquire-response-blackout
16080079,5,1,5310085214,964920078,964920078,23374230,4461479,39554,4,3,25,33,35,36,1,1,1,18226,17922,0,1,1,1,0,2,0,0,0,19,7,1,36,18,1,55,1008,658,24,1690,1,1,0,0,2,1,0,0.0654761904761905,0.0727194492254733,127,127,0,0,0,0,28,16,10,24,46,0,zero-delivered
16080079,5,2,5310085214,964920078,960736048,23374230,4461479,39554,4,3,25,33,35,36,1,1,1,18226,17922,0,1,1,1,0,2,0,0,0,19,7,1,36,18,1,55,1008,658,24,1690,1,0,1,0,0,1,0,0.0654761904761905,0.0727194492254733,127,126,1,0,0,0,28,16,10,24,46,0,revoke-blackout
16080079,5,3,5310085214,964920078,913380175,24145360,4461407,39554,4,3,25,33,35,36,1,1,1,18226,17922,0,1,1,1,0,2,0,0,0,19,7,1,36,18,1,55,1008,658,24,1690,1,1,0,0,2,1,1,0.0654761904761905,0.0727194492254733,127,124,3,0,0,0,28,16,10,24,46,0,joint-control-revoke-iid5
16080079,5,4,5310085214,964920078,964867085,23374230,4480929,39554,4,3,25,33,35,NaN,1,1,1,20116,17885,0,1,1,0,1,2,0,0,0,19,7,1,70,52,1,123,1960,1882,24,3866,1,1,0,0,2,1,37,0.146428571428571,0.166351118760757,297,259,38,0,0,0,28,16,10,24,46,0,reacquire-response-blackout
16080079,10,1,19903291048,3976846830,3976846830,23786338,17296429,576479,4,3,25,33,35,36,1,1,1,18226,17922,0,1,1,1,0,2,0,0,0,19,7,1,66,18,1,85,1848,658,24,2530,1,1,0,0,2,1,0,0.0551948051948052,0.0610521235521236,127,127,0,0,0,0,28,16,10,24,46,0,zero-delivered
16080079,10,2,19903291048,3976846830,3971027789,23786338,17296429,576479,4,3,25,33,35,36,1,1,1,18226,17922,0,1,1,1,0,2,0,0,0,19,7,1,66,18,1,85,1848,658,24,2530,1,0,1,0,0,1,0,0.0551948051948052,0.0610521235521236,127,126,1,0,0,0,28,16,10,24,46,0,revoke-blackout
16080079,10,3,19903291048,3976846830,3800028073,24557468,17298499,576479,4,3,25,33,36,37,1,1,1,18263,17923,0,1,1,1,0,2,0,0,0,19,7,1,77,28,1,106,2156,978,24,3158,1,1,0,0,2,1,8,0.0688311688311688,0.0762065637065637,175,161,14,0,0,0,28,16,10,24,46,0,joint-control-revoke-iid5
16080079,10,4,19903291048,3976846830,3976492050,23786338,17338074,576479,4,3,25,33,35,NaN,1,1,1,20116,17885,0,1,1,0,1,2,0,0,0,19,7,1,100,52,1,153,2800,1882,24,4706,1,1,0,0,2,1,37,0.0993506493506494,0.113561776061776,297,259,38,0,0,0,28,16,10,24,46,0,reacquire-response-blackout
16080080,5,1,5316707738,959369042,959369042,23374230,4460483,39554,4,3,26,34,35,36,1,1,1,18200,17922,0,1,1,1,0,2,0,0,0,20,7,1,37,19,1,57,1036,694,24,1754,1,1,0,0,2,1,0,0.0678571428571429,0.075473321858864,132,132,0,0,0,0,28,16,10,24,46,0,zero-delivered
16080080,5,2,5316707738,959369042,958009660,23374230,4460483,39554,4,3,26,34,35,36,1,1,1,18200,17922,0,1,1,1,0,2,0,0,0,20,7,1,37,19,1,57,1036,694,24,1754,1,0,1,0,0,1,0,0.0678571428571429,0.075473321858864,132,131,1,0,0,0,28,16,10,24,46,0,revoke-blackout
16080080,5,3,5316707738,959369042,921239744,24145360,4460555,39554,4,3,26,34,35,36,1,1,1,18200,17922,0,1,1,1,0,2,0,0,0,20,7,1,42,25,1,68,1176,880,24,2080,1,1,0,0,2,1,4,0.080952380952381,0.0895008605851979,158,153,5,0,0,0,28,16,10,24,46,0,joint-control-revoke-iid5
16080080,5,4,5316707738,959369042,958728166,23374230,4479995,39554,4,3,26,34,35,NaN,1,1,1,20090,17885,0,1,1,0,1,2,0,0,0,20,7,1,70,52,1,123,1960,1882,24,3866,1,1,0,0,2,1,36,0.146428571428571,0.166351118760757,297,260,37,0,0,0,28,16,10,24,46,0,reacquire-response-blackout
16080080,10,1,19832906507,3927941666,3927941666,23786338,17294718,576479,4,3,26,34,35,36,1,1,1,18200,17922,0,1,1,1,0,2,0,0,0,20,7,1,67,19,1,87,1876,694,24,2594,1,1,0,0,2,1,0,0.0564935064935065,0.0625965250965251,132,132,0,0,0,0,28,16,10,24,46,0,zero-delivered
16080080,10,2,19832906507,3927941666,3923412956,23786338,17294718,576479,4,3,26,34,35,36,1,1,1,18200,17922,0,1,1,1,0,2,0,0,0,20,7,1,67,19,1,87,1876,694,24,2594,1,0,1,0,0,1,0,0.0564935064935065,0.0625965250965251,132,131,1,0,0,0,28,16,10,24,46,0,revoke-blackout
16080080,10,3,19832906507,3927941666,3751278087,24557468,17294594,576479,4,3,26,34,35,36,1,1,1,18200,17922,0,1,1,1,0,2,0,0,0,20,7,1,73,24,1,98,2044,874,24,2942,1,1,0,0,2,1,5,0.0636363636363636,0.0709942084942085,158,148,10,0,0,0,28,16,10,24,46,0,joint-control-revoke-iid5
16080080,10,4,19832906507,3927941666,3928346253,23786338,17336455,576479,4,3,26,34,35,NaN,1,1,1,20090,17885,0,1,1,0,1,2,0,0,0,20,7,1,100,52,1,153,2800,1882,24,4706,1,1,0,0,2,1,36,0.0993506493506494,0.113561776061776,297,260,37,0,0,0,28,16,10,24,46,0,reacquire-response-blackout
16080081,5,1,5382596642,968967600,968967600,23374230,4462168,39554,4,3,24,32,35,36,1,1,1,18251,17922,0,1,1,1,0,2,0,0,0,18,7,1,35,17,1,53,980,622,24,1626,1,1,0,0,2,1,0,0.0630952380952381,0.0699655765920826,122,122,0,0,0,0,28,16,10,24,46,0,zero-delivered
16080081,5,2,5382596642,968967600,965290952,23374230,4462168,39554,4,3,24,32,35,36,1,1,1,18251,17922,0,1,1,1,0,2,0,0,0,18,7,1,35,17,1,53,980,622,24,1626,1,0,1,0,0,1,0,0.0630952380952381,0.0699655765920826,122,121,1,0,0,0,28,16,10,24,46,0,revoke-blackout
16080081,5,3,5382596642,968967600,924929723,24145360,4464691,39554,4,3,24,32,38,39,1,1,1,18365,17925,0,1,1,1,0,2,0,0,0,18,7,1,41,23,1,65,1148,798,24,1970,1,1,0,0,2,1,5,0.0773809523809524,0.0847676419965577,150,141,9,0,0,0,28,16,10,24,46,0,joint-control-revoke-iid5
16080081,5,4,5382596642,968967600,968490164,23374230,4481556,39554,4,3,24,32,35,NaN,1,1,1,20141,17885,0,1,1,0,1,2,0,0,0,18,7,1,70,52,1,123,1960,1882,24,3866,1,1,0,0,2,1,38,0.146428571428571,0.166351118760757,297,258,39,0,0,0,28,16,10,24,46,0,reacquire-response-blackout
16080081,10,1,19780275445,3965254010,3965254010,23786338,17297798,576479,4,3,24,32,35,36,1,1,1,18251,17922,0,1,1,1,0,2,0,0,0,18,7,1,65,17,1,83,1820,622,24,2466,1,1,0,0,2,1,0,0.0538961038961039,0.059507722007722,122,122,0,0,0,0,28,16,10,24,46,0,zero-delivered
16080081,10,2,19780275445,3965254010,3961480571,23786338,17297798,576479,4,3,24,32,35,36,1,1,1,18251,17922,0,1,1,1,0,2,0,0,0,18,7,1,65,17,1,83,1820,622,24,2466,1,0,1,0,0,1,0,0.0538961038961039,0.059507722007722,122,121,1,0,0,0,28,16,10,24,46,0,revoke-blackout
16080081,10,3,19780275445,3965254010,3776770232,24557468,17299370,576479,4,3,24,32,36,37,1,1,1,18288,17923,0,1,1,1,0,2,0,0,0,18,7,1,77,30,1,108,2156,990,24,3170,1,1,0,0,2,1,10,0.0701298701298701,0.076496138996139,181,170,11,0,0,0,28,16,10,24,46,0,joint-control-revoke-iid5
16080081,10,4,19780275445,3965254010,3965127337,23786338,17339351,576479,4,3,24,32,35,NaN,1,1,1,20141,17885,0,1,1,0,1,2,0,0,0,18,7,1,100,52,1,153,2800,1882,24,4706,1,1,0,0,2,1,38,0.0993506493506494,0.113561776061776,297,258,39,0,0,0,28,16,10,24,46,0,reacquire-response-blackout
16080082,5,1,5319228354,987857782,987857782,23374230,4461479,39554,4,3,25,33,35,36,1,1,1,18226,17922,0,1,1,1,0,2,0,0,0,19,7,1,36,18,1,55,1008,658,24,1690,1,1,0,0,2,1,0,0.0654761904761905,0.0727194492254733,127,127,0,0,0,0,28,16,10,24,46,0,zero-delivered
16080082,5,2,5319228354,987857782,984177648,23374230,4461479,39554,4,3,25,33,35,36,1,1,1,18226,17922,0,1,1,1,0,2,0,0,0,19,7,1,36,18,1,55,1008,658,24,1690,1,0,1,0,0,1,0,0.0654761904761905,0.0727194492254733,127,126,1,0,0,0,28,16,10,24,46,0,revoke-blackout
16080082,5,3,5319228354,987857782,937731551,24145360,4462298,39554,4,3,25,33,36,37,1,1,1,18263,17923,0,1,1,1,0,2,0,0,0,19,7,1,39,21,1,61,1092,746,24,1862,1,1,0,0,2,1,3,0.0726190476190476,0.0801204819277108,140,133,7,0,0,0,28,16,10,24,46,0,joint-control-revoke-iid5
16080082,5,4,5319228354,987857782,987220609,23374230,4480929,39554,4,3,25,33,35,NaN,1,1,1,20116,17885,0,1,1,0,1,2,0,0,0,19,7,1,70,52,1,123,1960,1882,24,3866,1,1,0,0,2,1,37,0.146428571428571,0.166351118760757,297,259,38,0,0,0,28,16,10,24,46,0,reacquire-response-blackout
16080082,10,1,19797552036,3975838313,3975838313,23786338,17296429,576479,4,3,25,33,35,36,1,1,1,18226,17922,0,1,1,1,0,2,0,0,0,19,7,1,66,18,1,85,1848,658,24,2530,1,1,0,0,2,1,0,0.0551948051948052,0.0610521235521236,127,127,0,0,0,0,28,16,10,24,46,0,zero-delivered
16080082,10,2,19797552036,3975838313,3970109234,23786338,17296429,576479,4,3,25,33,35,36,1,1,1,18226,17922,0,1,1,1,0,2,0,0,0,19,7,1,66,18,1,85,1848,658,24,2530,1,0,1,0,0,1,0,0.0551948051948052,0.0610521235521236,127,126,1,0,0,0,28,16,10,24,46,0,revoke-blackout
16080082,10,3,19797552036,3975838313,3809518323,24557468,17298003,576479,4,3,25,33,36,37,1,1,1,18263,17923,0,1,1,1,0,2,0,0,0,19,7,1,68,21,1,90,1904,746,24,2674,1,1,0,0,2,1,2,0.0584415584415584,0.064527027027027,140,135,5,0,0,0,28,16,10,24,46,0,joint-control-revoke-iid5
16080082,10,4,19797552036,3975838313,3975643798,23786338,17338074,576479,4,3,25,33,35,NaN,1,1,1,20116,17885,0,1,1,0,1,2,0,0,0,19,7,1,100,52,1,153,2800,1882,24,4706,1,1,0,0,2,1,37,0.0993506493506494,0.113561776061776,297,259,38,0,0,0,28,16,10,24,46,0,reacquire-response-blackout
16080083,5,1,5357870446,968322201,968322201,23374230,4460483,39554,4,3,26,34,35,36,1,1,1,18200,17922,0,1,1,1,0,2,0,0,0,20,7,1,37,19,1,57,1036,694,24,1754,1,1,0,0,2,1,0,0.0678571428571429,0.075473321858864,132,132,0,0,0,0,28,16,10,24,46,0,zero-delivered
16080083,5,2,5357870446,968322201,965545749,23374230,4460483,39554,4,3,26,34,35,36,1,1,1,18200,17922,0,1,1,1,0,2,0,0,0,20,7,1,37,19,1,57,1036,694,24,1754,1,0,1,0,0,1,0,0.0678571428571429,0.075473321858864,132,131,1,0,0,0,28,16,10,24,46,0,revoke-blackout
16080083,5,3,5357870446,968322201,912954493,24145360,4460850,39554,4,3,26,34,36,37,1,1,1,18237,17923,0,1,1,1,0,2,0,0,0,20,7,1,39,19,1,59,1092,694,24,1810,1,1,0,0,2,1,4,0.0702380952380952,0.0778829604130809,134,129,5,0,0,0,28,16,10,24,46,0,joint-control-revoke-iid5
16080083,5,4,5357870446,968322201,968592035,23374230,4479995,39554,4,3,26,34,35,NaN,1,1,1,20090,17885,0,1,1,0,1,2,0,0,0,20,7,1,70,52,1,123,1960,1882,24,3866,1,1,0,0,2,1,36,0.146428571428571,0.166351118760757,297,260,37,0,0,0,28,16,10,24,46,0,reacquire-response-blackout
16080083,10,1,19824629619,3905850850,3905850850,23786338,17294718,576479,4,3,26,34,35,36,1,1,1,18200,17922,0,1,1,1,0,2,0,0,0,20,7,1,67,19,1,87,1876,694,24,2594,1,1,0,0,2,1,0,0.0564935064935065,0.0625965250965251,132,132,0,0,0,0,28,16,10,24,46,0,zero-delivered
16080083,10,2,19824629619,3905850850,3898763341,23786338,17294718,576479,4,3,26,34,35,36,1,1,1,18200,17922,0,1,1,1,0,2,0,0,0,20,7,1,67,19,1,87,1876,694,24,2594,1,0,1,0,0,1,0,0.0564935064935065,0.0625965250965251,132,131,1,0,0,0,28,16,10,24,46,0,revoke-blackout
16080083,10,3,19824629619,3905850850,3740943533,24557468,17294596,576479,4,3,26,34,35,36,1,1,1,18200,17922,0,1,1,1,0,2,0,0,0,20,7,1,73,25,1,99,2044,870,24,2938,1,1,0,0,2,1,7,0.0642857142857143,0.0708976833976834,159,150,9,0,0,0,28,16,10,24,46,0,joint-control-revoke-iid5
16080083,10,4,19824629619,3905850850,3905516605,23786338,17336455,576479,4,3,26,34,35,NaN,1,1,1,20090,17885,0,1,1,0,1,2,0,0,0,20,7,1,100,52,1,153,2800,1882,24,4706,1,1,0,0,2,1,36,0.0993506493506494,0.113561776061776,297,260,37,0,0,0,28,16,10,24,46,0,reacquire-response-blackout
16080084,5,1,5308714719,973945851,973945851,23374230,4462168,39554,4,3,24,32,35,36,1,1,1,18251,17922,0,1,1,1,0,2,0,0,0,18,7,1,35,17,1,53,980,622,24,1626,1,1,0,0,2,1,0,0.0630952380952381,0.0699655765920826,122,122,0,0,0,0,28,16,10,24,46,0,zero-delivered
16080084,5,2,5308714719,973945851,971240309,23374230,4462168,39554,4,3,24,32,35,36,1,1,1,18251,17922,0,1,1,1,0,2,0,0,0,18,7,1,35,17,1,53,980,622,24,1626,1,0,1,0,0,1,0,0.0630952380952381,0.0699655765920826,122,121,1,0,0,0,28,16,10,24,46,0,revoke-blackout
16080084,5,3,5308714719,973945851,919325423,24145360,4462096,39554,4,3,24,32,35,36,1,1,1,18251,17922,0,1,1,1,0,2,0,0,0,18,7,1,41,24,1,66,1148,824,24,1996,1,1,0,0,2,1,7,0.0785714285714286,0.0858864027538726,153,143,10,0,0,0,28,16,10,24,46,0,joint-control-revoke-iid5
16080084,5,4,5308714719,973945851,973525536,23374230,4481556,39554,4,3,24,32,35,NaN,1,1,1,20141,17885,0,1,1,0,1,2,0,0,0,18,7,1,70,52,1,123,1960,1882,24,3866,1,1,0,0,2,1,38,0.146428571428571,0.166351118760757,297,258,39,0,0,0,28,16,10,24,46,0,reacquire-response-blackout
16080084,10,1,19807819580,3984823865,3984823865,23786338,17297798,576479,4,3,24,32,35,36,1,1,1,18251,17922,0,1,1,1,0,2,0,0,0,18,7,1,65,17,1,83,1820,622,24,2466,1,1,0,0,2,1,0,0.0538961038961039,0.059507722007722,122,122,0,0,0,0,28,16,10,24,46,0,zero-delivered
16080084,10,2,19807819580,3984823865,3980642994,23786338,17297798,576479,4,3,24,32,35,36,1,1,1,18251,17922,0,1,1,1,0,2,0,0,0,18,7,1,65,17,1,83,1820,622,24,2466,1,0,1,0,0,1,0,0.0538961038961039,0.059507722007722,122,121,1,0,0,0,28,16,10,24,46,0,revoke-blackout
16080084,10,3,19807819580,3984823865,3780916533,24557468,17298057,576479,4,3,24,32,35,36,1,1,1,18251,17922,0,1,1,1,0,2,0,0,0,18,7,1,68,19,1,88,1904,694,24,2622,1,1,0,0,2,1,2,0.0571428571428571,0.0632722007722008,132,125,7,0,0,0,28,16,10,24,46,0,joint-control-revoke-iid5
16080084,10,4,19807819580,3984823865,3985192352,23786338,17339351,576479,4,3,24,32,35,NaN,1,1,1,20141,17885,0,1,1,0,1,2,0,0,0,18,7,1,100,52,1,153,2800,1882,24,4706,1,1,0,0,2,1,38,0.0993506493506494,0.113561776061776,297,258,39,0,0,0,28,16,10,24,46,0,reacquire-response-blackout
16080085,5,1,5338331752,974615808,974615808,23374230,4461479,39554,4,3,25,33,35,36,1,1,1,18226,17922,0,1,1,1,0,2,0,0,0,19,7,1,36,18,1,55,1008,658,24,1690,1,1,0,0,2,1,0,0.0654761904761905,0.0727194492254733,127,127,0,0,0,0,28,16,10,24,46,0,zero-delivered
16080085,5,2,5338331752,974615808,971953635,23374230,4461479,39554,4,3,25,33,35,36,1,1,1,18226,17922,0,1,1,1,0,2,0,0,0,19,7,1,36,18,1,55,1008,658,24,1690,1,0,1,0,0,1,0,0.0654761904761905,0.0727194492254733,127,126,1,0,0,0,28,16,10,24,46,0,revoke-blackout
16080085,5,3,5338331752,974615808,924159680,24145360,4461407,39554,4,3,25,33,35,36,1,1,1,18226,17922,0,1,1,1,0,2,0,0,0,19,7,1,37,19,1,57,1036,684,24,1744,1,1,0,0,2,1,2,0.0678571428571429,0.0750430292598967,132,127,5,0,0,0,28,16,10,24,46,0,joint-control-revoke-iid5
16080085,5,4,5338331752,974615808,974554115,23374230,4480929,39554,4,3,25,33,35,NaN,1,1,1,20116,17885,0,1,1,0,1,2,0,0,0,19,7,1,70,52,1,123,1960,1882,24,3866,1,1,0,0,2,1,37,0.146428571428571,0.166351118760757,297,259,38,0,0,0,28,16,10,24,46,0,reacquire-response-blackout
16080085,10,1,19882052835,3954919327,3954919327,23786338,17296429,576479,4,3,25,33,35,36,1,1,1,18226,17922,0,1,1,1,0,2,0,0,0,19,7,1,66,18,1,85,1848,658,24,2530,1,1,0,0,2,1,0,0.0551948051948052,0.0610521235521236,127,127,0,0,0,0,28,16,10,24,46,0,zero-delivered
16080085,10,2,19882052835,3954919327,3950967298,23786338,17296429,576479,4,3,25,33,35,36,1,1,1,18226,17922,0,1,1,1,0,2,0,0,0,19,7,1,66,18,1,85,1848,658,24,2530,1,0,1,0,0,1,0,0.0551948051948052,0.0610521235521236,127,126,1,0,0,0,28,16,10,24,46,0,revoke-blackout
16080085,10,3,19882052835,3954919327,3779642054,24557468,17296259,576479,4,3,25,33,35,36,1,1,1,18226,17922,0,1,1,1,0,2,0,0,0,19,7,1,68,21,1,90,1904,746,24,2674,1,1,0,0,2,1,2,0.0584415584415584,0.064527027027027,139,137,2,0,0,0,28,16,10,24,46,0,joint-control-revoke-iid5
16080085,10,4,19882052835,3954919327,3955781006,23786338,17338074,576479,4,3,25,33,35,NaN,1,1,1,20116,17885,0,1,1,0,1,2,0,0,0,19,7,1,100,52,1,153,2800,1882,24,4706,1,1,0,0,2,1,37,0.0993506493506494,0.113561776061776,297,259,38,0,0,0,28,16,10,24,46,0,reacquire-response-blackout
16080086,5,1,5289245829,957605388,957605388,23374230,4460483,39554,4,3,26,34,35,36,1,1,1,18200,17922,0,1,1,1,0,2,0,0,0,20,7,1,37,19,1,57,1036,694,24,1754,1,1,0,0,2,1,0,0.0678571428571429,0.075473321858864,132,132,0,0,0,0,28,16,10,24,46,0,zero-delivered
16080086,5,2,5289245829,957605388,954293253,23374230,4460483,39554,4,3,26,34,35,36,1,1,1,18200,17922,0,1,1,1,0,2,0,0,0,20,7,1,37,19,1,57,1036,694,24,1754,1,0,1,0,0,1,0,0.0678571428571429,0.075473321858864,132,131,1,0,0,0,28,16,10,24,46,0,revoke-blackout
16080086,5,3,5289245829,957605388,907881521,24145360,4462259,39554,4,3,26,34,37,38,1,1,1,18275,17924,0,1,1,1,0,2,0,0,0,20,7,1,42,23,1,66,1176,828,24,2028,1,1,0,0,2,1,3,0.0785714285714286,0.087263339070568,152,147,5,0,0,0,28,16,10,24,46,0,joint-control-revoke-iid5
16080086,5,4,5289245829,957605388,957787401,23374230,4479995,39554,4,3,26,34,35,NaN,1,1,1,20090,17885,0,1,1,0,1,2,0,0,0,20,7,1,70,52,1,123,1960,1882,24,3866,1,1,0,0,2,1,36,0.146428571428571,0.166351118760757,297,260,37,0,0,0,28,16,10,24,46,0,reacquire-response-blackout
16080086,10,1,19779928069,3946841126,3946841126,23786338,17294718,576479,4,3,26,34,35,36,1,1,1,18200,17922,0,1,1,1,0,2,0,0,0,20,7,1,67,19,1,87,1876,694,24,2594,1,1,0,0,2,1,0,0.0564935064935065,0.0625965250965251,132,132,0,0,0,0,28,16,10,24,46,0,zero-delivered
16080086,10,2,19779928069,3946841126,3942175463,23786338,17294718,576479,4,3,26,34,35,36,1,1,1,18200,17922,0,1,1,1,0,2,0,0,0,20,7,1,67,19,1,87,1876,694,24,2594,1,0,1,0,0,1,0,0.0564935064935065,0.0625965250965251,132,131,1,0,0,0,28,16,10,24,46,0,revoke-blackout
16080086,10,3,19779928069,3946841126,3760566619,24557468,17294253,576479,4,3,26,34,35,36,1,1,1,18200,17922,0,1,1,1,0,2,0,0,0,20,7,1,69,22,1,92,1932,782,24,2738,1,1,0,0,2,1,3,0.0597402597402597,0.0660714285714286,145,139,6,0,0,0,28,16,10,24,46,0,joint-control-revoke-iid5
16080086,10,4,19779928069,3946841126,3946571718,23786338,17336455,576479,4,3,26,34,35,NaN,1,1,1,20090,17885,0,1,1,0,1,2,0,0,0,20,7,1,100,52,1,153,2800,1882,24,4706,1,1,0,0,2,1,36,0.0993506493506494,0.113561776061776,297,260,37,0,0,0,28,16,10,24,46,0,reacquire-response-blackout
16080087,5,1,5288114657,986837666,986837666,23374230,4462168,39554,4,3,24,32,35,36,1,1,1,18251,17922,0,1,1,1,0,2,0,0,0,18,7,1,35,17,1,53,980,622,24,1626,1,1,0,0,2,1,0,0.0630952380952381,0.0699655765920826,122,122,0,0,0,0,28,16,10,24,46,0,zero-delivered
16080087,5,2,5288114657,986837666,983306896,23374230,4462168,39554,4,3,24,32,35,36,1,1,1,18251,17922,0,1,1,1,0,2,0,0,0,18,7,1,35,17,1,53,980,622,24,1626,1,0,1,0,0,1,0,0.0630952380952381,0.0699655765920826,122,121,1,0,0,0,28,16,10,24,46,0,revoke-blackout
16080087,5,3,5288114657,986837666,936968797,24145360,4462240,39554,4,3,24,32,35,36,1,1,1,18251,17922,0,1,1,1,0,2,0,0,0,18,7,1,37,18,1,56,1036,668,24,1728,1,1,0,0,2,1,1,0.0666666666666667,0.074354561101549,128,121,7,0,0,0,28,16,10,24,46,0,joint-control-revoke-iid5
16080087,5,4,5288114657,986837666,986670268,23374230,4481556,39554,4,3,24,32,35,NaN,1,1,1,20141,17885,0,1,1,0,1,2,0,0,0,18,7,1,70,52,1,123,1960,1882,24,3866,1,1,0,0,2,1,38,0.146428571428571,0.166351118760757,297,258,39,0,0,0,28,16,10,24,46,0,reacquire-response-blackout
16080087,10,1,19862816172,3915908598,3915908598,23786338,17297798,576479,4,3,24,32,35,36,1,1,1,18251,17922,0,1,1,1,0,2,0,0,0,18,7,1,65,17,1,83,1820,622,24,2466,1,1,0,0,2,1,0,0.0538961038961039,0.059507722007722,122,122,0,0,0,0,28,16,10,24,46,0,zero-delivered
16080087,10,2,19862816172,3915908598,3910620326,23786338,17297798,576479,4,3,24,32,35,36,1,1,1,18251,17922,0,1,1,1,0,2,0,0,0,18,7,1,65,17,1,83,1820,622,24,2466,1,0,1,0,0,1,0,0.0538961038961039,0.059507722007722,122,121,1,0,0,0,28,16,10,24,46,0,revoke-blackout
16080087,10,3,19862816172,3915908598,3744329183,24557468,17297366,576479,4,3,24,32,35,36,1,1,1,18251,17922,0,1,1,1,0,2,0,0,0,18,7,1,69,21,1,91,1932,736,24,2692,1,1,0,0,2,1,5,0.0590909090909091,0.06496138996139,140,131,9,0,0,0,28,16,10,24,46,0,joint-control-revoke-iid5
16080087,10,4,19862816172,3915908598,3916349227,23786338,17339351,576479,4,3,24,32,35,NaN,1,1,1,20141,17885,0,1,1,0,1,2,0,0,0,18,7,1,100,52,1,153,2800,1882,24,4706,1,1,0,0,2,1,38,0.0993506493506494,0.113561776061776,297,258,39,0,0,0,28,16,10,24,46,0,reacquire-response-blackout
16080088,5,1,5295519046,966768356,966768356,23374230,4461479,39554,4,3,25,33,35,36,1,1,1,18226,17922,0,1,1,1,0,2,0,0,0,19,7,1,36,18,1,55,1008,658,24,1690,1,1,0,0,2,1,0,0.0654761904761905,0.0727194492254733,127,127,0,0,0,0,28,16,10,24,46,0,zero-delivered
16080088,5,2,5295519046,966768356,964394977,23374230,4461479,39554,4,3,25,33,35,36,1,1,1,18226,17922,0,1,1,1,0,2,0,0,0,19,7,1,36,18,1,55,1008,658,24,1690,1,0,1,0,0,1,0,0.0654761904761905,0.0727194492254733,127,126,1,0,0,0,28,16,10,24,46,0,revoke-blackout
16080088,5,3,5295519046,966768356,913861794,24145360,4461551,39554,4,3,25,33,35,36,1,1,1,18226,17922,0,1,1,1,0,2,0,0,0,19,7,1,40,22,1,63,1120,792,24,1936,1,1,0,0,2,1,3,0.075,0.0833046471600688,146,136,10,0,0,0,28,16,10,24,46,0,joint-control-revoke-iid5
16080088,5,4,5295519046,966768356,967092993,23374230,4480929,39554,4,3,25,33,35,NaN,1,1,1,20116,17885,0,1,1,0,1,2,0,0,0,19,7,1,70,52,1,123,1960,1882,24,3866,1,1,0,0,2,1,37,0.146428571428571,0.166351118760757,297,259,38,0,0,0,28,16,10,24,46,0,reacquire-response-blackout
16080088,10,1,19892826408,3933787669,3933787669,23786338,17296429,576479,4,3,25,33,35,36,1,1,1,18226,17922,0,1,1,1,0,2,0,0,0,19,7,1,66,18,1,85,1848,658,24,2530,1,1,0,0,2,1,0,0.0551948051948052,0.0610521235521236,127,127,0,0,0,0,28,16,10,24,46,0,zero-delivered
16080088,10,2,19892826408,3933787669,3928257327,23786338,17296429,576479,4,3,25,33,35,36,1,1,1,18226,17922,0,1,1,1,0,2,0,0,0,19,7,1,66,18,1,85,1848,658,24,2530,1,0,1,0,0,1,0,0.0551948051948052,0.0610521235521236,127,126,1,0,0,0,28,16,10,24,46,0,revoke-blackout
16080088,10,3,19892826408,3933787669,3752216495,24557468,17298119,576479,4,3,25,33,36,37,1,1,1,18263,17923,0,1,1,1,0,2,0,0,0,19,7,1,71,21,1,93,1988,766,24,2778,1,1,0,0,2,1,4,0.0603896103896104,0.0670366795366795,144,138,6,0,0,0,28,16,10,24,46,0,joint-control-revoke-iid5
16080088,10,4,19892826408,3933787669,3933723480,23786338,17338074,576479,4,3,25,33,35,NaN,1,1,1,20116,17885,0,1,1,0,1,2,0,0,0,19,7,1,100,52,1,153,2800,1882,24,4706,1,1,0,0,2,1,37,0.0993506493506494,0.113561776061776,297,259,38,0,0,0,28,16,10,24,46,0,reacquire-response-blackout
16080089,5,1,5347327446,975756919,975756919,23374230,4460483,39554,4,3,26,34,35,36,1,1,1,18200,17922,0,1,1,1,0,2,0,0,0,20,7,1,37,19,1,57,1036,694,24,1754,1,1,0,0,2,1,0,0.0678571428571429,0.075473321858864,132,132,0,0,0,0,28,16,10,24,46,0,zero-delivered
16080089,5,2,5347327446,975756919,973049271,23374230,4460483,39554,4,3,26,34,35,36,1,1,1,18200,17922,0,1,1,1,0,2,0,0,0,20,7,1,37,19,1,57,1036,694,24,1754,1,0,1,0,0,1,0,0.0678571428571429,0.075473321858864,132,131,1,0,0,0,28,16,10,24,46,0,revoke-blackout
16080089,5,3,5347327446,975756919,932443527,24145360,4460249,39554,4,3,26,34,35,36,1,1,1,18200,17922,0,1,1,1,0,2,0,0,0,20,7,1,46,27,1,74,1288,932,24,2244,1,1,0,0,2,1,9,0.0880952380952381,0.0965576592082616,170,158,12,0,0,0,28,16,10,24,46,0,joint-control-revoke-iid5
16080089,5,4,5347327446,975756919,975500158,23374230,4479995,39554,4,3,26,34,35,NaN,1,1,1,20090,17885,0,1,1,0,1,2,0,0,0,20,7,1,70,52,1,123,1960,1882,24,3866,1,1,0,0,2,1,36,0.146428571428571,0.166351118760757,297,260,37,0,0,0,28,16,10,24,46,0,reacquire-response-blackout
16080089,10,1,19812063863,3955823158,3955823158,23786338,17294718,576479,4,3,26,34,35,36,1,1,1,18200,17922,0,1,1,1,0,2,0,0,0,20,7,1,67,19,1,87,1876,694,24,2594,1,1,0,0,2,1,0,0.0564935064935065,0.0625965250965251,132,132,0,0,0,0,28,16,10,24,46,0,zero-delivered
16080089,10,2,19812063863,3955823158,3949226521,23786338,17294718,576479,4,3,26,34,35,36,1,1,1,18200,17922,0,1,1,1,0,2,0,0,0,20,7,1,67,19,1,87,1876,694,24,2594,1,0,1,0,0,1,0,0.0564935064935065,0.0625965250965251,132,131,1,0,0,0,28,16,10,24,46,0,revoke-blackout
16080089,10,3,19812063863,3955823158,3773705135,24557468,17295689,576479,4,3,26,34,36,37,1,1,1,18237,17923,0,1,1,1,0,2,0,0,0,20,7,1,72,23,1,96,2016,838,24,2878,1,1,0,0,2,1,6,0.0623376623376623,0.0694498069498069,153,145,8,0,0,0,28,16,10,24,46,0,joint-control-revoke-iid5
16080089,10,4,19812063863,3955823158,3955841100,23786338,17336455,576479,4,3,26,34,35,NaN,1,1,1,20090,17885,0,1,1,0,1,2,0,0,0,20,7,1,100,52,1,153,2800,1882,24,4706,1,1,0,0,2,1,36,0.0993506493506494,0.113561776061776,297,260,37,0,0,0,28,16,10,24,46,0,reacquire-response-blackout
16080090,5,1,5278450999,997177149,997177149,23374230,4462168,39554,4,3,24,32,35,36,1,1,1,18251,17922,0,1,1,1,0,2,0,0,0,18,7,1,35,17,1,53,980,622,24,1626,1,1,0,0,2,1,0,0.0630952380952381,0.0699655765920826,122,122,0,0,0,0,28,16,10,24,46,0,zero-delivered
16080090,5,2,5278450999,997177149,993194636,23374230,4462168,39554,4,3,24,32,35,36,1,1,1,18251,17922,0,1,1,1,0,2,0,0,0,18,7,1,35,17,1,53,980,622,24,1626,1,0,1,0,0,1,0,0.0630952380952381,0.0699655765920826,122,121,1,0,0,0,28,16,10,24,46,0,revoke-blackout
16080090,5,3,5278450999,997177149,954442877,24145360,4462240,39554,4,3,24,32,35,36,1,1,1,18251,17922,0,1,1,1,0,2,0,0,0,18,7,1,40,22,1,63,1120,792,24,1936,1,1,0,0,2,1,4,0.075,0.0833046471600688,146,139,7,0,0,0,28,16,10,24,46,0,joint-control-revoke-iid5
16080090,5,4,5278450999,997177149,996992807,23374230,4481556,39554,4,3,24,32,35,NaN,1,1,1,20141,17885,0,1,1,0,1,2,0,0,0,18,7,1,70,52,1,123,1960,1882,24,3866,1,1,0,0,2,1,38,0.146428571428571,0.166351118760757,297,258,39,0,0,0,28,16,10,24,46,0,reacquire-response-blackout
16080090,10,1,19841055888,3949588674,3949588674,23786338,17297798,576479,4,3,24,32,35,36,1,1,1,18251,17922,0,1,1,1,0,2,0,0,0,18,7,1,65,17,1,83,1820,622,24,2466,1,1,0,0,2,1,0,0.0538961038961039,0.059507722007722,122,122,0,0,0,0,28,16,10,24,46,0,zero-delivered
16080090,10,2,19841055888,3949588674,3945180252,23786338,17297798,576479,4,3,24,32,35,36,1,1,1,18251,17922,0,1,1,1,0,2,0,0,0,18,7,1,65,17,1,83,1820,622,24,2466,1,0,1,0,0,1,0,0.0538961038961039,0.059507722007722,122,121,1,0,0,0,28,16,10,24,46,0,revoke-blackout
16080090,10,3,19841055888,3949588674,3755509009,24557468,17297809,576479,4,3,24,32,35,36,1,1,1,18251,17922,0,1,1,1,0,2,0,0,0,18,7,1,70,22,1,93,1960,772,24,2756,1,1,0,0,2,1,6,0.0603896103896104,0.0665057915057915,146,137,9,0,0,0,28,16,10,24,46,0,joint-control-revoke-iid5
16080090,10,4,19841055888,3949588674,3949602980,23786338,17339351,576479,4,3,24,32,35,NaN,1,1,1,20141,17885,0,1,1,0,1,2,0,0,0,18,7,1,100,52,1,153,2800,1882,24,4706,1,1,0,0,2,1,38,0.0993506493506494,0.113561776061776,297,258,39,0,0,0,28,16,10,24,46,0,reacquire-response-blackout
16080091,5,1,5257341591,968289413,968289413,23374230,4461479,39554,4,3,25,33,35,36,1,1,1,18226,17922,0,1,1,1,0,2,0,0,0,19,7,1,36,18,1,55,1008,658,24,1690,1,1,0,0,2,1,0,0.0654761904761905,0.0727194492254733,127,127,0,0,0,0,28,16,10,24,46,0,zero-delivered
16080091,5,2,5257341591,968289413,964985599,23374230,4461479,39554,4,3,25,33,35,36,1,1,1,18226,17922,0,1,1,1,0,2,0,0,0,19,7,1,36,18,1,55,1008,658,24,1690,1,0,1,0,0,1,0,0.0654761904761905,0.0727194492254733,127,126,1,0,0,0,28,16,10,24,46,0,revoke-blackout
16080091,5,3,5257341591,968289413,925005169,24145360,4461551,39554,4,3,25,33,35,36,1,1,1,18226,17922,0,1,1,1,0,2,0,0,0,19,7,1,38,19,1,58,1064,704,24,1792,1,1,0,0,2,1,1,0.0690476190476191,0.0771084337349398,133,129,4,0,0,0,28,16,10,24,46,0,joint-control-revoke-iid5
16080091,5,4,5257341591,968289413,967803544,23374230,4480929,39554,4,3,25,33,35,NaN,1,1,1,20116,17885,0,1,1,0,1,2,0,0,0,19,7,1,70,52,1,123,1960,1882,24,3866,1,1,0,0,2,1,37,0.146428571428571,0.166351118760757,297,259,38,0,0,0,28,16,10,24,46,0,reacquire-response-blackout
16080091,10,1,19824284907,3964972055,3964972055,23786338,17296429,576479,4,3,25,33,35,36,1,1,1,18226,17922,0,1,1,1,0,2,0,0,0,19,7,1,66,18,1,85,1848,658,24,2530,1,1,0,0,2,1,0,0.0551948051948052,0.0610521235521236,127,127,0,0,0,0,28,16,10,24,46,0,zero-delivered
16080091,10,2,19824284907,3964972055,3960028913,23786338,17296429,576479,4,3,25,33,35,36,1,1,1,18226,17922,0,1,1,1,0,2,0,0,0,19,7,1,66,18,1,85,1848,658,24,2530,1,0,1,0,0,1,0,0.0551948051948052,0.0610521235521236,127,126,1,0,0,0,28,16,10,24,46,0,revoke-blackout
16080091,10,3,19824284907,3964972055,3773547813,24557468,17296429,576479,4,3,25,33,35,36,1,1,1,18226,17922,0,1,1,1,0,2,0,0,0,19,7,1,71,24,1,96,1988,844,24,2856,1,1,0,0,2,1,5,0.0623376623376623,0.0689189189189189,154,143,11,0,0,0,28,16,10,24,46,0,joint-control-revoke-iid5
16080091,10,4,19824284907,3964972055,3964833338,23786338,17338074,576479,4,3,25,33,35,NaN,1,1,1,20116,17885,0,1,1,0,1,2,0,0,0,19,7,1,100,52,1,153,2800,1882,24,4706,1,1,0,0,2,1,37,0.0993506493506494,0.113561776061776,297,259,38,0,0,0,28,16,10,24,46,0,reacquire-response-blackout
16080092,5,1,5294912250,971215109,971215109,23374230,4460483,39554,4,3,26,34,35,36,1,1,1,18200,17922,0,1,1,1,0,2,0,0,0,20,7,1,37,19,1,57,1036,694,24,1754,1,1,0,0,2,1,0,0.0678571428571429,0.075473321858864,132,132,0,0,0,0,28,16,10,24,46,0,zero-delivered
16080092,5,2,5294912250,971215109,969555956,23374230,4460483,39554,4,3,26,34,35,36,1,1,1,18200,17922,0,1,1,1,0,2,0,0,0,20,7,1,37,19,1,57,1036,694,24,1754,1,0,1,0,0,1,0,0.0678571428571429,0.075473321858864,132,131,1,0,0,0,28,16,10,24,46,0,revoke-blackout
16080092,5,3,5294912250,971215109,921525900,24145360,4460571,39554,4,3,26,34,35,36,1,1,1,18200,17922,0,1,1,1,0,2,0,0,0,20,7,1,42,23,1,66,1176,828,24,2028,1,1,0,0,2,1,5,0.0785714285714286,0.087263339070568,152,144,8,0,0,0,28,16,10,24,46,0,joint-control-revoke-iid5
16080092,5,4,5294912250,971215109,971275078,23374230,4479995,39554,4,3,26,34,35,NaN,1,1,1,20090,17885,0,1,1,0,1,2,0,0,0,20,7,1,70,52,1,123,1960,1882,24,3866,1,1,0,0,2,1,36,0.146428571428571,0.166351118760757,297,260,37,0,0,0,28,16,10,24,46,0,reacquire-response-blackout
16080092,10,1,19748531894,3911520558,3911520558,23786338,17294718,576479,4,3,26,34,35,36,1,1,1,18200,17922,0,1,1,1,0,2,0,0,0,20,7,1,67,19,1,87,1876,694,24,2594,1,1,0,0,2,1,0,0.0564935064935065,0.0625965250965251,132,132,0,0,0,0,28,16,10,24,46,0,zero-delivered
16080092,10,2,19748531894,3911520558,3907254547,23786338,17294718,576479,4,3,26,34,35,36,1,1,1,18200,17922,0,1,1,1,0,2,0,0,0,20,7,1,67,19,1,87,1876,694,24,2594,1,0,1,0,0,1,0,0.0564935064935065,0.0625965250965251,132,131,1,0,0,0,28,16,10,24,46,0,revoke-blackout
16080092,10,3,19748531894,3911520558,3742003203,24557468,17294718,576479,4,3,26,34,35,36,1,1,1,18200,17922,0,1,1,1,0,2,0,0,0,20,7,1,70,22,1,93,1960,802,24,2786,1,1,0,0,2,1,3,0.0603896103896104,0.0672297297297297,146,138,8,0,0,0,28,16,10,24,46,0,joint-control-revoke-iid5
16080092,10,4,19748531894,3911520558,3911238877,23786338,17336455,576479,4,3,26,34,35,NaN,1,1,1,20090,17885,0,1,1,0,1,2,0,0,0,20,7,1,100,52,1,153,2800,1882,24,4706,1,1,0,0,2,1,36,0.0993506493506494,0.113561776061776,297,260,37,0,0,0,28,16,10,24,46,0,reacquire-response-blackout
16080093,5,1,5291016571,969669880,969669880,23374230,4462168,39554,4,3,24,32,35,36,1,1,1,18251,17922,0,1,1,1,0,2,0,0,0,18,7,1,35,17,1,53,980,622,24,1626,1,1,0,0,2,1,0,0.0630952380952381,0.0699655765920826,122,122,0,0,0,0,28,16,10,24,46,0,zero-delivered
16080093,5,2,5291016571,969669880,967822697,23374230,4462168,39554,4,3,24,32,35,36,1,1,1,18251,17922,0,1,1,1,0,2,0,0,0,18,7,1,35,17,1,53,980,622,24,1626,1,0,1,0,0,1,0,0.0630952380952381,0.0699655765920826,122,121,1,0,0,0,28,16,10,24,46,0,revoke-blackout
16080093,5,3,5291016571,969669880,923629484,24145360,4462168,39554,4,3,24,32,35,36,1,1,1,18251,17922,0,1,1,1,0,2,0,0,0,18,7,1,36,18,1,55,1008,648,24,1680,1,1,0,0,2,1,1,0.0654761904761905,0.072289156626506,127,125,2,0,0,0,28,16,10,24,46,0,joint-control-revoke-iid5
16080093,5,4,5291016571,969669880,969519204,23374230,4481556,39554,4,3,24,32,35,NaN,1,1,1,20141,17885,0,1,1,0,1,2,0,0,0,18,7,1,70,52,1,123,1960,1882,24,3866,1,1,0,0,2,1,38,0.146428571428571,0.166351118760757,297,258,39,0,0,0,28,16,10,24,46,0,reacquire-response-blackout
16080093,10,1,19836042415,3924300997,3924300997,23786338,17297798,576479,4,3,24,32,35,36,1,1,1,18251,17922,0,1,1,1,0,2,0,0,0,18,7,1,65,17,1,83,1820,622,24,2466,1,1,0,0,2,1,0,0.0538961038961039,0.059507722007722,122,122,0,0,0,0,28,16,10,24,46,0,zero-delivered
16080093,10,2,19836042415,3924300997,3918946946,23786338,17297798,576479,4,3,24,32,35,36,1,1,1,18251,17922,0,1,1,1,0,2,0,0,0,18,7,1,65,17,1,83,1820,622,24,2466,1,0,1,0,0,1,0,0.0538961038961039,0.059507722007722,122,121,1,0,0,0,28,16,10,24,46,0,revoke-blackout
16080093,10,3,19836042415,3924300997,3755329940,24557468,17300824,576479,4,3,24,32,37,38,1,1,1,18326,17924,0,1,1,1,0,2,0,0,0,18,7,1,69,20,1,90,1932,730,24,2686,1,1,0,0,2,1,5,0.0584415584415584,0.0648166023166023,137,129,8,0,0,0,28,16,10,24,46,0,joint-control-revoke-iid5
16080093,10,4,19836042415,3924300997,3924556124,23786338,17339351,576479,4,3,24,32,35,NaN,1,1,1,20141,17885,0,1,1,0,1,2,0,0,0,18,7,1,100,52,1,153,2800,1882,24,4706,1,1,0,0,2,1,38,0.0993506493506494,0.113561776061776,297,258,39,0,0,0,28,16,10,24,46,0,reacquire-response-blackout
16080094,5,1,5250600877,970777753,970777753,23374230,4461479,39554,4,3,25,33,35,36,1,1,1,18226,17922,0,1,1,1,0,2,0,0,0,19,7,1,36,18,1,55,1008,658,24,1690,1,1,0,0,2,1,0,0.0654761904761905,0.0727194492254733,127,127,0,0,0,0,28,16,10,24,46,0,zero-delivered
16080094,5,2,5250600877,970777753,968427381,23374230,4461479,39554,4,3,25,33,35,36,1,1,1,18226,17922,0,1,1,1,0,2,0,0,0,19,7,1,36,18,1,55,1008,658,24,1690,1,0,1,0,0,1,0,0.0654761904761905,0.0727194492254733,127,126,1,0,0,0,28,16,10,24,46,0,revoke-blackout
16080094,5,3,5250600877,970777753,916842613,24145360,4461340,39554,4,3,25,33,35,36,1,1,1,18226,17922,0,1,1,1,0,2,0,0,0,19,7,1,43,25,1,69,1204,870,24,2098,1,1,0,0,2,1,6,0.0821428571428571,0.0902753872633391,159,149,10,0,0,0,28,16,10,24,46,0,joint-control-revoke-iid5
16080094,5,4,5250600877,970777753,970135609,23374230,4480929,39554,4,3,25,33,35,NaN,1,1,1,20116,17885,0,1,1,0,1,2,0,0,0,19,7,1,70,52,1,123,1960,1882,24,3866,1,1,0,0,2,1,37,0.146428571428571,0.166351118760757,297,259,38,0,0,0,28,16,10,24,46,0,reacquire-response-blackout
16080094,10,1,19757117948,3938377932,3938377932,23786338,17296429,576479,4,3,25,33,35,36,1,1,1,18226,17922,0,1,1,1,0,2,0,0,0,19,7,1,66,18,1,85,1848,658,24,2530,1,1,0,0,2,1,0,0.0551948051948052,0.0610521235521236,127,127,0,0,0,0,28,16,10,24,46,0,zero-delivered
16080094,10,2,19757117948,3938377932,3931953870,23786338,17296429,576479,4,3,25,33,35,36,1,1,1,18226,17922,0,1,1,1,0,2,0,0,0,19,7,1,66,18,1,85,1848,658,24,2530,1,0,1,0,0,1,0,0.0551948051948052,0.0610521235521236,127,126,1,0,0,0,28,16,10,24,46,0,revoke-blackout
16080094,10,3,19757117948,3938377932,3765266079,24557468,17296490,576479,4,3,25,33,35,36,1,1,1,18226,17922,0,1,1,1,0,2,0,0,0,19,7,1,70,22,1,93,1960,792,24,2776,1,1,0,0,2,1,4,0.0603896103896104,0.066988416988417,145,137,8,0,0,0,28,16,10,24,46,0,joint-control-revoke-iid5
16080094,10,4,19757117948,3938377932,3937578010,23786338,17338074,576479,4,3,25,33,35,NaN,1,1,1,20116,17885,0,1,1,0,1,2,0,0,0,19,7,1,100,52,1,153,2800,1882,24,4706,1,1,0,0,2,1,37,0.0993506493506494,0.113561776061776,297,259,38,0,0,0,28,16,10,24,46,0,reacquire-response-blackout
16080095,5,1,5306615664,951870608,951870608,23374230,4460483,39554,4,3,26,34,35,36,1,1,1,18200,17922,0,1,1,1,0,2,0,0,0,20,7,1,37,19,1,57,1036,694,24,1754,1,1,0,0,2,1,0,0.0678571428571429,0.075473321858864,132,132,0,0,0,0,28,16,10,24,46,0,zero-delivered
16080095,5,2,5306615664,951870608,949064573,23374230,4460483,39554,4,3,26,34,35,36,1,1,1,18200,17922,0,1,1,1,0,2,0,0,0,20,7,1,37,19,1,57,1036,694,24,1754,1,0,1,0,0,1,0,0.0678571428571429,0.075473321858864,132,131,1,0,0,0,28,16,10,24,46,0,revoke-blackout
16080095,5,3,5306615664,951870608,905584491,24145360,4460483,39554,4,3,26,34,35,36,1,1,1,18200,17922,0,1,1,1,0,2,0,0,0,20,7,1,37,19,1,57,1036,694,24,1754,1,1,0,0,2,1,0,0.0678571428571429,0.075473321858864,132,130,2,0,0,0,28,16,10,24,46,0,joint-control-revoke-iid5
16080095,5,4,5306615664,951870608,952146637,23374230,4479995,39554,4,3,26,34,35,NaN,1,1,1,20090,17885,0,1,1,0,1,2,0,0,0,20,7,1,70,52,1,123,1960,1882,24,3866,1,1,0,0,2,1,36,0.146428571428571,0.166351118760757,297,260,37,0,0,0,28,16,10,24,46,0,reacquire-response-blackout
16080095,10,1,19724092631,3947715267,3947715267,23786338,17294718,576479,4,3,26,34,35,36,1,1,1,18200,17922,0,1,1,1,0,2,0,0,0,20,7,1,67,19,1,87,1876,694,24,2594,1,1,0,0,2,1,0,0.0564935064935065,0.0625965250965251,132,132,0,0,0,0,28,16,10,24,46,0,zero-delivered
16080095,10,2,19724092631,3947715267,3942663607,23786338,17294718,576479,4,3,26,34,35,36,1,1,1,18200,17922,0,1,1,1,0,2,0,0,0,20,7,1,67,19,1,87,1876,694,24,2594,1,0,1,0,0,1,0,0.0564935064935065,0.0625965250965251,132,131,1,0,0,0,28,16,10,24,46,0,revoke-blackout
16080095,10,3,19724092631,3947715267,3781207156,24557468,17294596,576479,4,3,26,34,35,36,1,1,1,18200,17922,0,1,1,1,0,2,0,0,0,20,7,1,68,21,1,90,1904,746,24,2674,1,1,0,0,2,1,2,0.0584415584415584,0.064527027027027,140,134,6,0,0,0,28,16,10,24,46,0,joint-control-revoke-iid5
16080095,10,4,19724092631,3947715267,3947075670,23786338,17336455,576479,4,3,26,34,35,NaN,1,1,1,20090,17885,0,1,1,0,1,2,0,0,0,20,7,1,100,52,1,153,2800,1882,24,4706,1,1,0,0,2,1,36,0.0993506493506494,0.113561776061776,297,260,37,0,0,0,28,16,10,24,46,0,reacquire-response-blackout
16080096,5,1,5326925355,962999783,962999783,23374230,4462168,39554,4,3,24,32,35,36,1,1,1,18251,17922,0,1,1,1,0,2,0,0,0,18,7,1,35,17,1,53,980,622,24,1626,1,1,0,0,2,1,0,0.0630952380952381,0.0699655765920826,122,122,0,0,0,0,28,16,10,24,46,0,zero-delivered
16080096,5,2,5326925355,962999783,960065807,23374230,4462168,39554,4,3,24,32,35,36,1,1,1,18251,17922,0,1,1,1,0,2,0,0,0,18,7,1,35,17,1,53,980,622,24,1626,1,0,1,0,0,1,0,0.0630952380952381,0.0699655765920826,122,121,1,0,0,0,28,16,10,24,46,0,revoke-blackout
16080096,5,3,5326925355,962999783,916472804,24145360,4462033,39554,4,3,24,32,35,36,1,1,1,18251,17922,0,1,1,1,0,2,0,0,0,18,7,1,39,24,1,64,1092,804,24,1920,1,1,0,0,2,1,4,0.0761904761904762,0.0826161790017212,151,144,7,0,0,0,28,16,10,24,46,0,joint-control-revoke-iid5
16080096,5,4,5326925355,962999783,963555789,23374230,4481556,39554,4,3,24,32,35,NaN,1,1,1,20141,17885,0,1,1,0,1,2,0,0,0,18,7,1,70,52,1,123,1960,1882,24,3866,1,1,0,0,2,1,38,0.146428571428571,0.166351118760757,297,258,39,0,0,0,28,16,10,24,46,0,reacquire-response-blackout
16080096,10,1,19759069664,3910187428,3910187428,23786338,17297798,576479,4,3,24,32,35,36,1,1,1,18251,17922,0,1,1,1,0,2,0,0,0,18,7,1,65,17,1,83,1820,622,24,2466,1,1,0,0,2,1,0,0.0538961038961039,0.059507722007722,122,122,0,0,0,0,28,16,10,24,46,0,zero-delivered
16080096,10,2,19759069664,3910187428,3904818024,23786338,17297798,576479,4,3,24,32,35,36,1,1,1,18251,17922,0,1,1,1,0,2,0,0,0,18,7,1,65,17,1,83,1820,622,24,2466,1,0,1,0,0,1,0,0.0538961038961039,0.059507722007722,122,121,1,0,0,0,28,16,10,24,46,0,revoke-blackout
16080096,10,3,19759069664,3910187428,3749378634,24557468,17297506,576479,4,3,24,32,35,36,1,1,1,18251,17922,0,1,1,1,0,2,0,0,0,18,7,1,69,22,1,92,1932,752,24,2708,1,1,0,0,2,1,5,0.0597402597402597,0.0653474903474904,143,134,9,0,0,0,28,16,10,24,46,0,joint-control-revoke-iid5
16080096,10,4,19759069664,3910187428,3910470983,23786338,17339351,576479,4,3,24,32,35,NaN,1,1,1,20141,17885,0,1,1,0,1,2,0,0,0,18,7,1,100,52,1,153,2800,1882,24,4706,1,1,0,0,2,1,38,0.0993506493506494,0.113561776061776,297,258,39,0,0,0,28,16,10,24,46,0,reacquire-response-blackout
16080097,5,1,5280381778,936896634,936896634,23374230,4461479,39554,4,3,25,33,35,36,1,1,1,18226,17922,0,1,1,1,0,2,0,0,0,19,7,1,36,18,1,55,1008,658,24,1690,1,1,0,0,2,1,0,0.0654761904761905,0.0727194492254733,127,127,0,0,0,0,28,16,10,24,46,0,zero-delivered
16080097,5,2,5280381778,936896634,935856341,23374230,4461479,39554,4,3,25,33,35,36,1,1,1,18226,17922,0,1,1,1,0,2,0,0,0,19,7,1,36,18,1,55,1008,658,24,1690,1,0,1,0,0,1,0,0.0654761904761905,0.0727194492254733,127,126,1,0,0,0,28,16,10,24,46,0,revoke-blackout
16080097,5,3,5280381778,936896634,886933915,24145360,4461642,39554,4,3,25,33,35,36,1,1,1,18226,17922,0,1,1,1,0,2,0,0,0,19,7,1,43,25,1,69,1204,880,24,2108,1,1,0,0,2,1,6,0.0821428571428571,0.0907056798623064,159,148,11,0,0,0,28,16,10,24,46,0,joint-control-revoke-iid5
16080097,5,4,5280381778,936896634,936396310,23374230,4480929,39554,4,3,25,33,35,NaN,1,1,1,20116,17885,0,1,1,0,1,2,0,0,0,19,7,1,70,52,1,123,1960,1882,24,3866,1,1,0,0,2,1,37,0.146428571428571,0.166351118760757,297,259,38,0,0,0,28,16,10,24,46,0,reacquire-response-blackout
16080097,10,1,19857277947,3940065931,3940065931,23786338,17296429,576479,4,3,25,33,35,36,1,1,1,18226,17922,0,1,1,1,0,2,0,0,0,19,7,1,66,18,1,85,1848,658,24,2530,1,1,0,0,2,1,0,0.0551948051948052,0.0610521235521236,127,127,0,0,0,0,28,16,10,24,46,0,zero-delivered
16080097,10,2,19857277947,3940065931,3934529398,23786338,17296429,576479,4,3,25,33,35,36,1,1,1,18226,17922,0,1,1,1,0,2,0,0,0,19,7,1,66,18,1,85,1848,658,24,2530,1,0,1,0,0,1,0,0.0551948051948052,0.0610521235521236,127,126,1,0,0,0,28,16,10,24,46,0,revoke-blackout
16080097,10,3,19857277947,3940065931,3767003303,24557468,17298119,576479,4,3,25,33,36,37,1,1,1,18263,17923,0,1,1,1,0,2,0,0,0,19,7,1,73,25,1,99,2044,870,24,2938,1,1,0,0,2,1,6,0.0642857142857143,0.0708976833976834,160,151,9,0,0,0,28,16,10,24,46,0,joint-control-revoke-iid5
16080097,10,4,19857277947,3940065931,3939351960,23786338,17338074,576479,4,3,25,33,35,NaN,1,1,1,20116,17885,0,1,1,0,1,2,0,0,0,19,7,1,100,52,1,153,2800,1882,24,4706,1,1,0,0,2,1,37,0.0993506493506494,0.113561776061776,297,259,38,0,0,0,28,16,10,24,46,0,reacquire-response-blackout
16080098,5,1,5358250059,953713106,953713106,23374230,4460483,39554,4,3,26,34,35,36,1,1,1,18200,17922,0,1,1,1,0,2,0,0,0,20,7,1,37,19,1,57,1036,694,24,1754,1,1,0,0,2,1,0,0.0678571428571429,0.075473321858864,132,132,0,0,0,0,28,16,10,24,46,0,zero-delivered
16080098,5,2,5358250059,953713106,950556023,23374230,4460483,39554,4,3,26,34,35,36,1,1,1,18200,17922,0,1,1,1,0,2,0,0,0,20,7,1,37,19,1,57,1036,694,24,1754,1,0,1,0,0,1,0,0.0678571428571429,0.075473321858864,132,131,1,0,0,0,28,16,10,24,46,0,revoke-blackout
16080098,5,3,5358250059,953713106,911713625,24145360,4460483,39554,4,3,26,34,35,36,1,1,1,18200,17922,0,1,1,1,0,2,0,0,0,20,7,1,37,19,1,57,1036,694,24,1754,1,1,0,0,2,1,0,0.0678571428571429,0.075473321858864,132,128,4,0,0,0,28,16,10,24,46,0,joint-control-revoke-iid5
16080098,5,4,5358250059,953713106,953958848,23374230,4479995,39554,4,3,26,34,35,NaN,1,1,1,20090,17885,0,1,1,0,1,2,0,0,0,20,7,1,70,52,1,123,1960,1882,24,3866,1,1,0,0,2,1,36,0.146428571428571,0.166351118760757,297,260,37,0,0,0,28,16,10,24,46,0,reacquire-response-blackout
16080098,10,1,19810790599,3956258000,3956258000,23786338,17294718,576479,4,3,26,34,35,36,1,1,1,18200,17922,0,1,1,1,0,2,0,0,0,20,7,1,67,19,1,87,1876,694,24,2594,1,1,0,0,2,1,0,0.0564935064935065,0.0625965250965251,132,132,0,0,0,0,28,16,10,24,46,0,zero-delivered
16080098,10,2,19810790599,3956258000,3950947883,23786338,17294718,576479,4,3,26,34,35,36,1,1,1,18200,17922,0,1,1,1,0,2,0,0,0,20,7,1,67,19,1,87,1876,694,24,2594,1,0,1,0,0,1,0,0.0564935064935065,0.0625965250965251,132,131,1,0,0,0,28,16,10,24,46,0,revoke-blackout
16080098,10,3,19810790599,3956258000,3765335085,24557468,17294548,576479,4,3,26,34,35,36,1,1,1,18200,17922,0,1,1,1,0,2,0,0,0,20,7,1,68,21,1,90,1904,746,24,2674,1,1,0,0,2,1,1,0.0584415584415584,0.064527027027027,140,134,6,0,0,0,28,16,10,24,46,0,joint-control-revoke-iid5
16080098,10,4,19810790599,3956258000,3957011070,23786338,17336455,576479,4,3,26,34,35,NaN,1,1,1,20090,17885,0,1,1,0,1,2,0,0,0,20,7,1,100,52,1,153,2800,1882,24,4706,1,1,0,0,2,1,36,0.0993506493506494,0.113561776061776,297,260,37,0,0,0,28,16,10,24,46,0,reacquire-response-blackout
16080099,5,1,5362650434,957842887,957842887,23374230,4462168,39554,4,3,24,32,35,36,1,1,1,18251,17922,0,1,1,1,0,2,0,0,0,18,7,1,35,17,1,53,980,622,24,1626,1,1,0,0,2,1,0,0.0630952380952381,0.0699655765920826,122,122,0,0,0,0,28,16,10,24,46,0,zero-delivered
16080099,5,2,5362650434,957842887,955102416,23374230,4462168,39554,4,3,24,32,35,36,1,1,1,18251,17922,0,1,1,1,0,2,0,0,0,18,7,1,35,17,1,53,980,622,24,1626,1,0,1,0,0,1,0,0.0630952380952381,0.0699655765920826,122,121,1,0,0,0,28,16,10,24,46,0,revoke-blackout
16080099,5,3,5362650434,957842887,907649209,24145360,4461891,39554,4,3,24,32,35,36,1,1,1,18251,17922,0,1,1,1,0,2,0,0,0,18,7,1,37,19,1,57,1036,694,24,1754,1,1,0,0,2,1,3,0.0678571428571429,0.075473321858864,131,127,4,0,0,0,28,16,10,24,46,0,joint-control-revoke-iid5
16080099,5,4,5362650434,957842887,958326809,23374230,4481556,39554,4,3,24,32,35,NaN,1,1,1,20141,17885,0,1,1,0,1,2,0,0,0,18,7,1,70,52,1,123,1960,1882,24,3866,1,1,0,0,2,1,38,0.146428571428571,0.166351118760757,297,258,39,0,0,0,28,16,10,24,46,0,reacquire-response-blackout
16080099,10,1,19698537451,3949234076,3949234076,23786338,17297798,576479,4,3,24,32,35,36,1,1,1,18251,17922,0,1,1,1,0,2,0,0,0,18,7,1,65,17,1,83,1820,622,24,2466,1,1,0,0,2,1,0,0.0538961038961039,0.059507722007722,122,122,0,0,0,0,28,16,10,24,46,0,zero-delivered
16080099,10,2,19698537451,3949234076,3943422572,23786338,17297798,576479,4,3,24,32,35,36,1,1,1,18251,17922,0,1,1,1,0,2,0,0,0,18,7,1,65,17,1,83,1820,622,24,2466,1,0,1,0,0,1,0,0.0538961038961039,0.059507722007722,122,121,1,0,0,0,28,16,10,24,46,0,revoke-blackout
16080099,10,3,19698537451,3949234076,3780272062,24557468,17297554,576479,4,3,24,32,35,36,1,1,1,18251,17922,0,1,1,1,0,2,0,0,0,18,7,1,65,16,1,82,1820,576,24,2420,1,1,0,0,2,1,2,0.0532467532467532,0.0583976833976834,118,114,4,0,0,0,28,16,10,24,46,0,joint-control-revoke-iid5
16080099,10,4,19698537451,3949234076,3949285948,23786338,17339351,576479,4,3,24,32,35,NaN,1,1,1,20141,17885,0,1,1,0,1,2,0,0,0,18,7,1,100,52,1,153,2800,1882,24,4706,1,1,0,0,2,1,38,0.0993506493506494,0.113561776061776,297,258,39,0,0,0,28,16,10,24,46,0,reacquire-response-blackout
16080100,5,1,5318826821,977573746,977573746,23374230,4461479,39554,4,3,25,33,35,36,1,1,1,18226,17922,0,1,1,1,0,2,0,0,0,19,7,1,36,18,1,55,1008,658,24,1690,1,1,0,0,2,1,0,0.0654761904761905,0.0727194492254733,127,127,0,0,0,0,28,16,10,24,46,0,zero-delivered
16080100,5,2,5318826821,977573746,975589738,23374230,4461479,39554,4,3,25,33,35,36,1,1,1,18226,17922,0,1,1,1,0,2,0,0,0,19,7,1,36,18,1,55,1008,658,24,1690,1,0,1,0,0,1,0,0.0654761904761905,0.0727194492254733,127,126,1,0,0,0,28,16,10,24,46,0,revoke-blackout
16080100,5,3,5318826821,977573746,939017346,24145360,4460834,39554,4,3,25,33,35,36,1,1,1,18226,17922,0,1,1,1,0,2,0,0,0,19,7,1,45,26,1,72,1260,916,24,2200,1,1,0,0,2,1,8,0.0857142857142857,0.0946643717728055,166,156,10,0,0,0,28,16,10,24,46,0,joint-control-revoke-iid5
16080100,5,4,5318826821,977573746,977259147,23374230,4480929,39554,4,3,25,33,35,NaN,1,1,1,20116,17885,0,1,1,0,1,2,0,0,0,19,7,1,70,52,1,123,1960,1882,24,3866,1,1,0,0,2,1,37,0.146428571428571,0.166351118760757,297,259,38,0,0,0,28,16,10,24,46,0,reacquire-response-blackout
16080100,10,1,19661026560,3929251178,3929251178,23786338,17296429,576479,4,3,25,33,35,36,1,1,1,18226,17922,0,1,1,1,0,2,0,0,0,19,7,1,66,18,1,85,1848,658,24,2530,1,1,0,0,2,1,0,0.0551948051948052,0.0610521235521236,127,127,0,0,0,0,28,16,10,24,46,0,zero-delivered
16080100,10,2,19661026560,3929251178,3925195719,23786338,17296429,576479,4,3,25,33,35,36,1,1,1,18226,17922,0,1,1,1,0,2,0,0,0,19,7,1,66,18,1,85,1848,658,24,2530,1,0,1,0,0,1,0,0.0551948051948052,0.0610521235521236,127,126,1,0,0,0,28,16,10,24,46,0,revoke-blackout
16080100,10,3,19661026560,3929251178,3755492595,24557468,17295899,576479,4,3,25,33,35,36,1,1,1,18226,17922,0,1,1,1,0,2,0,0,0,19,7,1,69,20,1,90,1932,730,24,2686,1,1,0,0,2,1,2,0.0584415584415584,0.0648166023166023,138,133,5,0,0,0,28,16,10,24,46,0,joint-control-revoke-iid5
16080100,10,4,19661026560,3929251178,3928888482,23786338,17338074,576479,4,3,25,33,35,NaN,1,1,1,20116,17885,0,1,1,0,1,2,0,0,0,19,7,1,100,52,1,153,2800,1882,24,4706,1,1,0,0,2,1,37,0.0993506493506494,0.113561776061776,297,259,38,0,0,0,28,16,10,24,46,0,reacquire-response-blackout
