stage,seed,scenario,scenarioLabel,family,arm,pointIndex,parameterValue,method,methodLabel,feedbackMode,N,topology,plant,macType,pAccess,configuredPAccess,backgroundLoad,carrierSenseDensity,interferenceDensity,stationaryMeanDataLoss,stationaryMeanAckLoss,meanBadDurationDataSec,meanBadDurationAckSec,RMSE,MINSEP,SAFEFAIL,DIVERGED,ROLL_PEAK_DEG,PITCH_PEAK_DEG,SATURATION,CONTROL_EFFORT,MEAN_TRUE_AOI,P95_TRUE_AOI,P99_TRUE_AOI,MAX_TRUE_AOI,MEAN_EST_AOI,MEAN_AOI_GAP,DATA_GENERATED,DATA_ATTEMPTED,DATA_DELIVERED,ACK_ATTEMPTED,ACK_ENTRIES_DELIVERED,DATA_RECIPIENT_ATTEMPTS,DATA_RECIPIENT_SUCCESS,DATA_RECIPIENT_LOSS,ACK_RECIPIENT_ATTEMPTS,ACK_RECIPIENT_SUCCESS,ACK_RECIPIENT_LOSS,TERMINAL_ACTIVE_FRAMES,TERMINAL_DATA_INFLIGHT,TERMINAL_ACK_INFLIGHT,COLLISION_FRAMES,COLLISION_RATE,QUEUE_DROPS,SUPERSEDED,RETRIES,OBSOLETE_RETRY_DROPS,MAX_QUEUE,MAX_HISTORY,historySize,STALE_DATA_DISCARDED,STALE_ACK_DISCARDED,EXPIRED_HISTORY_ACK,ACK_BEFORE_ACCEPT,ACK_STANDALONE,ACK_ENTRIES_PIGGYBACKED,ACK_ENTRIES_TRANSFERRED,CHANNEL_UTIL,ADAPTIVE_ACK_PERMITTED,ADAPTIVE_ACK_DEFERRED,ADAPTIVE_ACK_FORCED,MEAN_LOCAL_BUSY,MAX_LOCAL_BUSY,LOAD_GUARD_BLOCKED,LOAD_GUARD_BLOCKED_BUSY,LOAD_GUARD_BLOCKED_QUEUE,LOAD_GUARD_BRANCH3,LOAD_GUARD_BRANCH4,OFFERED_UTIL,DATA_AIRTIME,ACK_AIRTIME,PIGGYBACK_AIRTIME,BACKGROUND_BUSY_TIME,BACKGROUND_COLLISION_FRAMES,ENERGY_PROXY_J,DATA_GOODPUT_HZ,RECIPIENT_GOODPUT_HZ,ACK_GOODPUT_HZ,MEAN_ACCESS_DELAY,P95_ACCESS_DELAY,MEAN_CONFIRM_DELAY,P95_CONFIRM_DELAY,JAIN_FRAME_GOODPUT,DATA_CHANNEL_ATTEMPTS,ACK_CHANNEL_ATTEMPTS,DATA_BAD_ATTEMPT_FRACTION,ACK_BAD_ATTEMPT_FRACTION,TRACE_DATA_BAD_FRACTION,TRACE_ACK_BAD_FRACTION,NETWORK_RUNTIME_SEC,INVARIANT_VIOLATIONS,TRACE_HASH_EXACT,CHANNEL_STATE_HASH,CHANNEL_MODEL_SIGNATURE,ESTIMATOR_HASH_EXACT,CONFIG_HASH,originalMacType,armKind,route,accessDesign,ackDesign,schedulerMode,oracleFlag,PERIODIC_RATE_HZ,TARGET_RATE_HZ,MEAN_NODE_GOODPUT_HZ,MIN_NODE_GOODPUT_HZ,MEAN_GOODPUT_MARGIN_HZ,MIN_GOODPUT_MARGIN_HZ,SERVICE_ADMISSIONS,SERVICE_COMPLETIONS,SERVICE_REPLACEMENTS,VIRTUAL_DEFICIT_MAX,VIRTUAL_DEFICIT_TERMINAL,MAX_STARVATION_SEC,SERVICE_DECISIONS,FIFO_COMPARABLE_DECISIONS,PRIORITY_DIFFERS_FIFO,PRIORITY_DIFFERS_FIFO_FRACTION,RECEIVER_TRUTH_READS,FUTURE_RANDOM_READS,SERVICE_DECISION_LOG_VALID,ENDOGENOUS_COLLISION_FRAMES,PROJECTION_FLAG,DTSA_DECISIONS,DTSA_DISAGREEMENTS,DTSA_DISAGREEMENT_FRACTION,AGE_GAIN_ELIGIBLE,ZMAC_OWNER_ATTEMPTS,ZMAC_CONTENTION_ATTEMPTS,DELTA_FINAL_PHASE,PUBLIC_FEEDBACK_COUNT,PUBLIC_FEEDBACK_AIRTIME,CHARGED_OFFERED_UTIL,MECHANISM_ACTIVATIONS,cellRole,controlReach,DISTRIBUTED_FLAG,IDEAL_FLAG,EXP21_TRACE_HASH_EXACT,RESERVATION_EPOCHS,CONTROL_FRAMES,CONTROL_REQUEST_FRAMES,CONTROL_RESPONSE_FRAMES,CONTROL_COMMIT_FRAMES,CONTROL_RECIPIENT_ATTEMPTS,CONTROL_RECIPIENT_SUCCESS,CONTROL_RECIPIENT_LOSS,CONTROL_ACCOUNTING_CLOSE,CONTROL_AIRTIME,CONTROL_OVERHEAD_FRACTION,RESERVATION_NACKS,RESERVATION_MIGRATIONS,RESERVATION_SCHEDULE_CHANGES,SCHEDULE_CONFLICT_FRACTION,FIRST_CONVERGENCE_SEC,CONVERGED_BY_2SEC,CHURN_APPLIED,CHURN_RECOVERY_SEC,RECOVERED_BY_2SEC,FINAL_ASSIGNED_NODES,FINAL_FULL_UNIQUE,MAX_ABS_CLOCK_OFFSET_SEC,MAX_ABS_CLOCK_DRIFT_PPM,LOCAL_SCHEDULE_ONLY,EXP21C_TRACE_HASH_EXACT,CONTINUOUS_START_OPPORTUNITIES,CONTINUOUS_START_ATTEMPTS,CONTINUOUS_GUARD_SEC,CONTINUOUS_SLOT_SEC,CONTINUOUS_SYNC_SEC,CONTINUOUS_MAX_CLOCK_RESIDUAL,CONTINUOUS_MAX_OFFSET_BOUND_SEC,CONTINUOUS_MAX_DRIFT_BOUND_PPM,CONTINUOUS_REALIZED_MAX_DRIFT_PPM,CONTINUOUS_EXACT_AIRTIME,ELCSW_SCHEDULE_HASH_EXACT,ELCSW_KERNEL_TRACE_HASH_EXACT,ELCSW_KERNEL_CONFIG_HASH,ELCSW_SCHEDULE_STATE_HASH,ELCSW_LOGICAL_OPPORTUNITY_HASH_EXACT,ELCSW_WITNESS_MAP_HASH,ELCSW_CONFLICT_EDGES,ELCSW_HIDDEN_CONFLICT_EDGES,ELCSW_MAX_WITNESS_LOAD,ELCSW_ALL_EDGES_COVERED,ELCSW_FINAL_ALL_CERTIFIED,ELCSW_FIRST_ALL_CERTIFIED_FRAME,ELCSW_PHYSICAL_FRAME_COUNT,ELCSW_PHYSICAL_FINAL_ALL_CERTIFIED,ELCSW_PHYSICAL_UNCERTIFIED_NODE_FRAMES,ELCSW_PHYSICAL_RETRY_CLAIM_ATTEMPTS,ELCSW_PHYSICAL_FALLBACK_COLLISION_FRAMES,ELCSW_FALSE_VALID_EDGE_FRAMES,ELCSW_SCHEDULED_COLLISION_FRAMES,ELCSW_FALLBACK_COLLISION_FRAMES,ELCSW_RETRY_CLAIM_ATTEMPTS,ELCSW_CLAIM_ATTEMPTS,ELCSW_CLAIM_TRANSACTION_STARTS,ELCSW_CUMULATIVE_RECEIPT_RETRY,ELCSW_FINAL_OPEN_CLAIM_TRANSACTIONS,ELCSW_RESPONSE_ATTEMPTS,ELCSW_CONTROL_ATTEMPTS,ELCSW_CLAIM_BYTES,ELCSW_RESPONSE_BYTES,ELCSW_REVOKE_ATTEMPTS,ELCSW_REVOKE_BYTES,ELCSW_SELF_REVOCATIONS,ELCSW_REACQUISITIONS,ELCSW_FINAL_SUPPRESSED_NODES,ELCSW_WITNESS_CONFIRMED_REACTIVATION,ELCSW_CONTROL_BYTES,ELCSW_NOMINAL_ATTEMPT_BOUND,ELCSW_NOMINAL_BYTE_BOUND,ELCSW_ABSOLUTE_ATTEMPT_BOUND,ELCSW_ABSOLUTE_BYTE_BOUND,ELCSW_ATTEMPT_BOUND_RATIO,ELCSW_BYTE_BOUND_RATIO,ELCSW_CERTIFICATE_ENTRIES,ELCSW_RESPONSE_ENTRIES,ELCSW_LOCAL_CERTIFICATE_ENTRIES,ELCSW_CERTIFICATE_WITHOUT_FRESH_CLAIMS,ELCSW_SCHEDULED_OPPORTUNITIES,ELCSW_FALLBACK_OPPORTUNITIES,ELCSW_EXPECTED_DATA_COLLISION_FRAMES,ELCSW_EXPECTED_DATA_RECIPIENT_SUCCESS,ELCSW_EXPECTED_DATA_RECIPIENT_ERASURE,ELCSW_EXPECTED_DATA_RECIPIENT_COLLISION,ELCSW_OBSERVED_DATA_RECIPIENT_SUCCESS,ELCSW_OBSERVED_DATA_RECIPIENT_ERASURE,ELCSW_OBSERVED_DATA_RECIPIENT_COLLISION,ELCSW_DATA_OUTCOME_MISMATCHES,ELCSW_DATA_OPPORTUNITIES,ELCSW_DATA_ATTEMPTS,ELCSW_DATA_SKIPPED_NO_QUEUE,ELCSW_DATA_COLLISION_WITNESS_MATCH,ELCSW_EXPECTED_MANAGEMENT_ATTEMPTS,ELCSW_EXPECTED_MANAGEMENT_AIRTIME,ELCSW_EXPECTED_MANAGEMENT_RECIPIENT_ATTEMPTS,ELCSW_EXPECTED_MANAGEMENT_RECIPIENT_SUCCESS,ELCSW_EXPECTED_MANAGEMENT_RECIPIENT_ERASURE,ELCSW_EXPECTED_MANAGEMENT_RECIPIENT_COLLISION,ELCSW_MANAGEMENT_ATTEMPTS,ELCSW_MANAGEMENT_AIRTIME,ELCSW_MANAGEMENT_RECIPIENT_ATTEMPTS,ELCSW_MANAGEMENT_RECIPIENT_SUCCESS,ELCSW_MANAGEMENT_RECIPIENT_ERASURE,ELCSW_MANAGEMENT_RECIPIENT_COLLISION,ELCSW_MANAGEMENT_ACCOUNTING_CLOSE,ELCSW_PHYSICAL_CONTROL_BYTES,ELCSW_CONTROL_BYTES_AIRTIME,ELCSW_CROSS_PLANE_OVERLAPS,ELCSW_LAST_DATA_TIME,ELCSW_LAST_CONTROL_TIME,ELCSW_CLOCK_APPLIED,ELCSW_CLOCK_BASE_SCHEDULE_HASH_EXACT,ELCSW_CLOCK_MAX_OFFSET_BOUND_SEC,ELCSW_CLOCK_MAX_DRIFT_BOUND_PPM,ELCSW_CLOCK_REALIZED_MAX_OFFSET_SEC,ELCSW_CLOCK_REALIZED_MAX_DRIFT_PPM,ELCSW_CLOCK_LEAD_SEC,ELCSW_CLOCK_SAFE_GUARD_SEC,ELCSW_CLOCK_NOMINAL_CUTOFF_SEC,ELCSW_CLOCK_TIMING_CONFLICT_FREE,ELCSW_CLOCK_MIN_INTERGROUP_GAP_SEC,ELCSW_CLOCK_MAX_INTRAGROUP_SKEW_SEC,ELCSW_CLOCK_EQUATION_MAX_RESIDUAL_SEC,ELCSW_DATA_LOSS_OVERLAY_APPLIED,ELCSW_DATA_LOSS_OVERLAY_PROBABILITY,ELCSW_DATA_LOSS_OVERLAY_TRACE_HASH_EXACT,ELCSW_DATA_LOSS_OVERLAY_ERASURES,ELCSW_BACKGROUND_OVERLAY_APPLIED,ELCSW_BACKGROUND_LOAD,ELCSW_BACKGROUND_TRACE_HASH_EXACT,ELCSW_BACKGROUND_POTENTIAL_HITS,ENGINE_FAMILY,TOTAL_MANAGEMENT_ATTEMPTS,TOTAL_MANAGEMENT_AIRTIME,TOTAL_MANAGEMENT_UTIL,TOTAL_OFFERED_UTIL,REPLAY_FLAG,loadCondition,loadConditionLabel,backgroundModel,TARGET_BACKGROUND_LOAD,BACKGROUND_OFF_TO_ON,BACKGROUND_ON_TO_OFF,BACKGROUND_RANDOM_FIELD_HASH_EXACT,REALIZED_BACKGROUND_FRACTION,BACKGROUND_TRANSITION_COUNT,BACKGROUND_MEAN_ON_RUN_SEC,STATIC_SELECTOR_HASH_EXACT,STATIC_GRAPH_HASH_EXACT,STATIC_SELECTED_HORIZON_SEC,STATIC_SELECTED_HORIZON_FRAMES,STATIC_BINDING_ADMISSIBLE,STATIC_CONFLICT_EDGES,STATIC_MAX_WITNESS_LOAD,STATIC_CLAIM_PACKET_BYTES,STATIC_CERTIFICATE_HEADER_BYTES,STATIC_CERTIFICATE_ENTRY_BYTES,STATIC_REVOKE_PACKET_BYTES,STATIC_MAX_RESPONSE_PACKET_BYTES,DYNAMIC_ENABLED,BASE_KERNEL_TRACE_HASH_EXACT,DYNAMIC_EVENT_TRACE_HASH_EXACT,FINAL_KERNEL_TRACE_HASH_EXACT,EVENT_TIME_SEC,EVENT_FRAME,REACQUIRE_ELIGIBLE_FRAME,PHYSICAL_FRAME_COUNT_DYNAMIC,PHYSICAL_EVENT_INCLUDED,PHYSICAL_PRE_EVENT_ACTIVE,PHYSICAL_EVENT_SUPPRESSED,PHYSICAL_REACQUIRED,FIRST_PHYSICAL_REACQUIRED_FRAME,PHYSICAL_FINAL_SUPPRESSED,CAPTURED_FENCE_FRAME,PHYSICAL_REVOKE_ATTEMPTS,PHYSICAL_REVOKE_BYTES,PHYSICAL_REVOKE_AIRTIME,PHYSICAL_SUPPRESSION_HASH_EXACT,PHYSICAL_REACQUIRED_HASH_EXACT,REACQUIRE_BLOCKED_WITNESSES,REVOKE_FORCED_BLACKOUT
witness-confirmed-reactivation-same-seed-development,16082001,n5-6dof-zero-loss,N5 6-DOF zero-loss,EXP23U dynamic envelope,fast-early-delivered,1,3,periodic,Witness-confirmed early reactivation / event 3 s,none,5,ring2,6dof,tdma,1,1,0.15,1,0.48,0.29,0.29,0.0476190476190476,0.0476190476190476,0.0551950266914637,0.525150856041071,0,0,10.246703945511,12.8119519938008,0,1.03670090864824,0.0914925373134328,0.239999999999999,0.4,0.5,NaN,NaN,3000,1050,542,0,0,2523,1306,1217,0,0,0,0,0,0,0,0,0,1947,0,0,1,32,32,0,0,0,0,0,0,0,0.383950946772162,0,0,0,0,0,0,0,0,0,0,0.275178666666664,3.22559999999997,0,0,1.78899999999997,0,0.660428799999994,45.1666666666667,108.833333333333,0,0.0100148334961693,0.0189953605140287,NaN,NaN,0.990538490069798,2523,0,0,0,0,0,1.3712337,0,593135,0,110997400,0,15783465428,tdma,fast-early-delivered,none,local-conflict-witness-leases,none,continuous-elcs-replay,NaN,50,NaN,9.03333333333333,8,NaN,NaN,NaN,NaN,NaN,NaN,NaN,NaN,1050,NaN,NaN,NaN,0,0,1,0,NaN,NaN,NaN,NaN,NaN,0,0,NaN,0,0,0.275178666666664,1050,nominal,full,1,0,503180280013,0,0,0,0,0,0,0,0,1,0,0,0,0,0,0,0.170425007720309,1,0,NaN,NaN,5,1,0,0,1,188817960282,1050,1050,0.00146005840233609,0.00453205840233609,Inf,1.73472347597681e-18,0.00025,40,31.22527117769,1,3109474574,5676274473,38707737,133195709,766306448,44314,10,4,3,1,1,3,212,1,17,20,0,0,0,0,20,41,21,1,0,55,97,1148,1860,1,24,1,1,0,1,3032,40,1280,6000,176000,0.0161666666666667,0.0172272727272727,93,98,44,0,1043,7,0,1306,1217,0,1306,1217,0,0,1050,1050,0,1,77,0.076544,182,118,64,0,77,0.076544,182,118,64,0,1,2392,0.076544,0,11.9878891042348,6.58451950298108,1,1401560,0.00025,40,0.000249233403582191,31.22527117769,0.000730029201168047,0.00146005840233609,11.99546812288,1,0.00104154265291534,0,1.73472347597681e-18,NaN,NaN,NaN,NaN,1,0.15,593135,2143,candidate-elcs-w,77,0.076544,0.00637866666666667,0.275178666666664,1,iid-load15,IID occupancy 15%,iid,0.15,0,0,6311558321,0.149083333333331,3072,0.00116471354166667,1419885,949149,6.8,120,1,10,3,28,16,10,24,46,1,30389729328,5676980935,5676274473,3,54,63,212,1,1,1,1,67,0,124,1,24,0.000768,160323,159598,0,0
witness-confirmed-reactivation-same-seed-development,16082001,n5-6dof-zero-loss,N5 6-DOF zero-loss,EXP23U dynamic envelope,fast-late-delivered,2,8,periodic,Witness-confirmed early reactivation / event 8 s,none,5,ring2,6dof,tdma,1,1,0.15,1,0.48,0.29,0.29,0.0476190476190476,0.0476190476190476,0.0546569487221285,0.526075052805216,0,0,10.246703945511,12.8119519938008,0,1.03669632323981,0.089519071310116,0.220000000000001,0.4,0.5,NaN,NaN,3000,1056,548,0,0,2535,1318,1217,0,0,0,0,0,0,0,0,0,1941,0,0,1,32,32,0,0,0,0,0,0,0,0.384717049790262,0,0,0,0,0,0,0,0,0,0,0.275754666666664,3.24403199999997,0,0,1.78899999999997,0,0.661811199999994,45.6666666666667,109.833333333333,0,0.0100245843451893,0.0189942113997825,NaN,NaN,0.992117347781559,2535,0,0,0,0,0,1.071967,0,593135,0,110997400,0,15821376394,tdma,fast-late-delivered,none,local-conflict-witness-leases,none,continuous-elcs-replay,NaN,50,NaN,9.13333333333333,8,NaN,NaN,NaN,NaN,NaN,NaN,NaN,NaN,1056,NaN,NaN,NaN,0,0,1,0,NaN,NaN,NaN,NaN,NaN,0,0,NaN,0,0,0.275754666666664,1056,nominal,full,1,0,503180280013,0,0,0,0,0,0,0,0,1,0,0,0,0,0,0,0.170425007720309,1,0,NaN,NaN,5,1,0,0,1,188817960282,1056,1056,0.00146005840233609,0.00453205840233609,Inf,1.73472347597681e-18,0.00025,40,31.22527117769,1,3079149856,5673742264,38707737,133190887,762720756,44314,10,4,3,1,1,3,212,1,13,16,0,0,0,0,16,37,21,1,0,47,85,1036,1612,1,24,1,1,0,1,2672,40,1280,6000,176000,0.0141666666666667,0.0151818181818182,81,86,36,0,1047,9,0,1318,1217,0,1318,1217,0,0,1056,1056,0,1,65,0.065024,154,108,46,0,65,0.065024,154,108,46,0,1,2032,0.065024,0,11.9878891042348,8.50769041885726,1,470792,0.00025,40,0.000249233403582191,31.22527117769,0.000730029201168047,0.00146005840233609,11.99546812288,1,0.00104154265291534,0,1.73472347597681e-18,NaN,NaN,NaN,NaN,1,0.15,593135,2144,candidate-elcs-w,65,0.065024,0.00541866666666667,0.275754666666664,1,iid-load15,IID occupancy 15%,iid,0.15,0,0,6311558321,0.149083333333331,3072,0.00116471354166667,1419885,949149,6.8,120,1,10,3,28,16,10,24,46,1,30389729328,5676981111,5673742264,8,142,151,212,1,1,1,1,151,0,238,1,24,0.000768,160853,159682,0,0
witness-confirmed-reactivation-same-seed-development,16082001,n5-6dof-zero-loss,N5 6-DOF zero-loss,EXP23U dynamic envelope,fast-early-response-blackout,3,3,periodic,Witness-confirmed reactivation / event 3 s / RESPONSE blackout,none,5,ring2,6dof,tdma,1,1,0.15,1,0.48,0.29,0.29,0.0476190476190476,0.0476190476190476,0.0599149773680327,0.522802154695214,0,0,10.246703945511,12.8119519938008,0,1.03668671687681,0.120398009950249,0.360000000000001,0.720000000000001,0.960000000000001,NaN,NaN,3000,963,502,0,0,2349,1226,1123,0,0,0,0,0,0,0,0,0,2033,0,0,1,32,32,0,0,0,0,0,0,0,0.402510860741513,0,0,0,0,0,0,0,0,0,0,0.296575999999998,2.95833599999997,0,0,1.78899999999997,0,0.711782399999995,41.8333333333333,102.166666666667,0,0.010068030046888,0.0190225820698969,NaN,NaN,0.95106615843303,2349,0,0,0,0,0,0.8845508,0,593135,0,110997400,0,18304116498,tdma,fast-early-response-blackout,none,local-conflict-witness-leases,none,continuous-elcs-replay,NaN,50,NaN,8.36666666666667,4.91666666666667,NaN,NaN,NaN,NaN,NaN,NaN,NaN,NaN,963,NaN,NaN,NaN,0,0,1,0,NaN,NaN,NaN,NaN,NaN,0,0,NaN,0,0,0.296575999999998,963,nominal,full,1,0,503180280013,0,0,0,0,0,0,0,0,1,0,0,0,0,0,0,0.170425007720309,1,0,NaN,NaN,5,1,0,0,1,188817960282,963,963,0.00146005840233609,0.00453205840233609,Inf,1.73472347597681e-18,0.00025,40,31.22527117769,1,5500831955,5676960748,38707737,134447269,1106897034,44314,10,4,3,1,0,3,212,0,163,161,0,0,0,0,350,368,18,1,1,1036,1405,10304,30656,1,24,1,0,1,1,40984,40,1280,6000,176000,0.234166666666667,0.232863636363636,1403,1408,698,0,897,66,0,1226,1123,0,1226,1123,0,0,963,963,0,1,641,0.600575999999999,1592,922,670,0,641,0.600576000000004,1592,922,670,0,1,18768,0.600576,0,11.9829521894627,11.958085297341,1,335902,0.00025,40,0.000249233403582191,31.22527117769,0.000730029201168047,0.00146005840233609,11.99546812288,1,0.00104154265291534,0,1.73472347597681e-18,NaN,NaN,NaN,NaN,1,0.15,593135,2143,candidate-elcs-w,641,0.600576000000004,0.0500480000000003,0.296575999999998,1,iid-load15,IID occupancy 15%,iid,0.15,0,0,6311558321,0.149083333333331,3072,0.00116471354166667,1419885,949149,6.8,120,1,10,3,28,16,10,24,46,1,30389729328,5676504535,5676960748,3,54,63,212,1,1,1,0,NaN,1,124,1,24,0.000768,180836,159530,2,0
witness-confirmed-reactivation-same-seed-development,16082002,n5-6dof-zero-loss,N5 6-DOF zero-loss,EXP23U dynamic envelope,fast-early-delivered,1,3,periodic,Witness-confirmed early reactivation / event 3 s,none,5,ring2,6dof,tdma,1,1,0.15,1,0.48,0.29,0.29,0.0476190476190476,0.0476190476190476,0.054054326985596,0.523365794865595,0,0,10.2149183808482,13.0092756323959,0,1.03685957668399,0.0835406301824211,0.219999999999999,0.32,0.399999999999999,NaN,NaN,3000,1053,570,0,0,2529,1361,1168,0,0,0,0,0,0,0,0,0,1944,0,0,1,32,32,0,0,0,0,0,0,0,0.385346992125565,0,0,0,0,0,0,0,0,0,0,0.273279999999997,3.23481599999997,0,0,1.82799999999996,0,0.655871999999994,47.5,113.416666666667,0,0.0100493658130154,0.0189649412216891,NaN,NaN,0.996992758070455,2529,0,0,0,0,0,0.8155036,0,1277379,0,110997400,0,15684112607,tdma,fast-early-delivered,none,local-conflict-witness-leases,none,continuous-elcs-replay,NaN,50,NaN,9.5,8.83333333333333,NaN,NaN,NaN,NaN,NaN,NaN,NaN,NaN,1053,NaN,NaN,NaN,0,0,1,0,NaN,NaN,NaN,NaN,NaN,0,0,NaN,0,0,0.273279999999997,1053,nominal,full,1,0,503712965929,0,0,0,0,0,0,0,0,1,0,0,0,0,0,0,0.113860014880595,1,0,NaN,NaN,5,1,0,0,1,189096685359,1053,1053,0.00146005840233609,0.00453205840233609,Inf,8.67361737988404e-19,0.00025,40,36.1199231408851,1,2973717912,5658178398,38707737,133180385,753500228,44314,10,4,3,1,1,2,212,1,13,9,0,0,0,0,9,30,21,1,0,33,64,840,1168,1,24,1,1,0,1,2032,40,1280,6000,176000,0.0106666666666667,0.0115454545454545,58,64,25,0,1047,6,0,1361,1168,0,1361,1168,0,0,1053,1053,0,1,44,0.044544,106,79,27,0,44,0.044544,106,79,27,0,1,1392,0.044544,0,11.987593344852,6.47110365490683,1,355622,0.00025,40,0.000240396452019415,36.1199231408851,0.000730029201168047,0.00146005840233609,11.99546812288,1,0.000891163339980849,0,8.67361737988404e-19,NaN,NaN,NaN,NaN,1,0.15,1277379,2175,candidate-elcs-w,44,0.044544,0.003712,0.273279999999997,1,iid-load15,IID occupancy 15%,iid,0.15,0,0,6266873718,0.15233333333333,3113,0.00117405266538215,1419885,949149,6.8,120,1,10,3,28,16,10,24,46,1,30389987011,5657978518,5658178398,3,54,63,212,1,1,1,1,63,0,123,1,24,0.000768,160061,159594,0,0
witness-confirmed-reactivation-same-seed-development,16082002,n5-6dof-zero-loss,N5 6-DOF zero-loss,EXP23U dynamic envelope,fast-late-delivered,2,8,periodic,Witness-confirmed early reactivation / event 8 s,none,5,ring2,6dof,tdma,1,1,0.15,1,0.48,0.29,0.29,0.0476190476190476,0.0476190476190476,0.0549209741461788,0.52173474681276,0,0,10.2149183808482,13.0092756323959,0,1.03685438673061,0.087172470978441,0.239999999999998,0.359999999999999,0.48,NaN,NaN,3000,1052,571,0,0,2527,1363,1164,0,0,0,0,0,0,0,0,0,1945,0,0,1,32,32,0,0,0,0,0,0,0,0.38527363793483,0,0,0,0,0,0,0,0,0,0,0.273333333333331,3.23174399999997,0,0,1.82799999999996,0,0.655999999999994,47.5833333333333,113.583333333333,0,0.010041295188174,0.018965686921615,NaN,NaN,0.997082524197618,2527,0,0,0,0,0,0.8489962,0,1277379,0,110997400,0,15690181651,tdma,fast-late-delivered,none,local-conflict-witness-leases,none,continuous-elcs-replay,NaN,50,NaN,9.51666666666667,8.83333333333333,NaN,NaN,NaN,NaN,NaN,NaN,NaN,NaN,1052,NaN,NaN,NaN,0,0,1,0,NaN,NaN,NaN,NaN,NaN,0,0,NaN,0,0,0.273333333333331,1052,nominal,full,1,0,503712965929,0,0,0,0,0,0,0,0,1,0,0,0,0,0,0,0.113860014880595,1,0,NaN,NaN,5,1,0,0,1,189096685359,1052,1052,0.00146005840233609,0.00453205840233609,Inf,8.67361737988404e-19,0.00025,40,36.1199231408851,1,3004974598,5658178574,38707737,133195992,753021946,44314,10,4,3,1,1,2,212,1,14,10,0,0,0,0,10,31,21,1,0,36,68,868,1256,1,24,1,1,0,1,2148,40,1280,6000,176000,0.0113333333333333,0.0122045454545455,62,68,27,0,1046,6,0,1363,1164,0,1363,1164,0,0,1052,1052,0,1,48,0.048256,116,81,35,0,48,0.048256,116,81,35,0,1,1508,0.048256,0,11.987593344852,8.56396323423239,1,1406107,0.00025,40,0.000240396452019415,36.1199231408851,0.000730029201168047,0.00146005840233609,11.99546812288,1,0.000891163339980849,0,8.67361737988404e-19,NaN,NaN,NaN,NaN,1,0.15,1277379,2175,candidate-elcs-w,48,0.048256,0.00402133333333333,0.273333333333331,1,iid-load15,IID occupancy 15%,iid,0.15,0,0,6266873718,0.15233333333333,3113,0.00117405266538215,1419885,949149,6.8,120,1,10,3,28,16,10,24,46,1,30389987011,5657978694,5658178574,8,142,151,212,1,1,1,1,152,0,236,1,24,0.000768,161005,159683,0,0
witness-confirmed-reactivation-same-seed-development,16082002,n5-6dof-zero-loss,N5 6-DOF zero-loss,EXP23U dynamic envelope,fast-early-response-blackout,3,3,periodic,Witness-confirmed reactivation / event 3 s / RESPONSE blackout,none,5,ring2,6dof,tdma,1,1,0.15,1,0.48,0.29,0.29,0.0476190476190476,0.0476190476190476,0.0600008088276105,0.516337806990743,0,0,10.2149183808482,13.0092756323959,0,1.03685613183355,0.103805970149254,0.299999999999999,0.56,0.800000000000001,NaN,NaN,3000,953,524,0,0,2329,1269,1060,0,0,0,0,0,0,0,0,0,2043,0,0,1,32,32,0,0,0,0,0,0,0,0.402740793310563,0,0,0,0,0,0,0,0,0,0,0.293151999999998,2.92761599999997,0,0,1.82799999999996,0,0.703564799999995,43.6666666666667,105.75,0,0.00999020929986503,0.0189323128197357,NaN,NaN,0.962074281709881,2329,0,0,0,0,0,0.8142057,0,1277379,0,110997400,0,18139840843,tdma,fast-early-response-blackout,none,local-conflict-witness-leases,none,continuous-elcs-replay,NaN,50,NaN,8.73333333333333,5.41666666666667,NaN,NaN,NaN,NaN,NaN,NaN,NaN,NaN,953,NaN,NaN,NaN,0,0,1,0,NaN,NaN,NaN,NaN,NaN,0,0,NaN,0,0,0.293151999999998,953,nominal,full,1,0,503712965929,0,0,0,0,0,0,0,0,1,0,0,0,0,0,0,0.113860014880595,1,0,NaN,NaN,5,1,0,0,1,189096685359,953,953,0.00146005840233609,0.00453205840233609,Inf,8.67361737988404e-19,0.00025,40,36.1199231408851,1,5482759067,5658305455,38707737,134448369,1081352207,44314,10,4,3,1,0,2,212,0,163,156,0,0,0,0,345,363,18,1,1,1032,1396,10164,30472,1,24,1,0,1,1,40660,40,1280,6000,176000,0.232666666666667,0.231022727272727,1390,1396,691,0,897,56,0,1269,1060,0,1269,1060,0,0,953,953,0,1,632,0.590207999999999,1576,905,671,0,632,0.590208000000003,1576,905,671,0,1,18444,0.590208,0,11.9830377228157,11.9577895790847,1,1361001,0.00025,40,0.000240396452019415,36.1199231408851,0.000730029201168047,0.00146005840233609,11.99546812288,1,0.000891163339980849,0,8.67361737988404e-19,NaN,NaN,NaN,NaN,1,0.15,1277379,2175,candidate-elcs-w,632,0.590208000000003,0.0491840000000003,0.293151999999998,1,iid-load15,IID occupancy 15%,iid,0.15,0,0,6266873718,0.15233333333333,3113,0.00117405266538215,1419885,949149,6.8,120,1,10,3,28,16,10,24,46,1,30389987011,5657744128,5658305455,3,54,63,212,1,1,1,0,NaN,1,123,1,24,0.000768,180836,159530,2,0
witness-confirmed-reactivation-same-seed-development,16082003,n5-6dof-zero-loss,N5 6-DOF zero-loss,EXP23U dynamic envelope,fast-early-delivered,1,3,periodic,Witness-confirmed early reactivation / event 3 s,none,5,ring2,6dof,tdma,1,1,0.15,1,0.48,0.29,0.29,0.0476190476190476,0.0476190476190476,0.055248279683406,0.525929263040629,0,0,10.320093282254,12.9748336694506,0,1.03677884037552,0.0916003316749584,0.24,0.34,0.459999999999999,NaN,NaN,3000,1051,541,0,0,2523,1299,1224,0,0,0,0,0,0,2,0.00190294957183635,0,1946,0,0,1,32,32,0,0,0,0,0,0,0,0.380957698323148,0,0,0,0,0,0,0,0,0,0,0.274133333333331,3.22867199999997,0,0,1.77299999999997,0,0.657919999999994,45.0833333333333,108.25,0,0.00997116724964256,0.0189718142258676,NaN,NaN,0.995462816522967,2523,0,0,0,0,0,0.7636538,0,1530257,0,110997400,0,15757880578,tdma,fast-early-delivered,none,local-conflict-witness-leases,none,continuous-elcs-replay,NaN,50,NaN,9.01666666666667,8.08333333333333,NaN,NaN,NaN,NaN,NaN,NaN,NaN,NaN,1051,NaN,NaN,NaN,0,0,1,2,NaN,NaN,NaN,NaN,NaN,0,0,NaN,0,0,0.274133333333331,1051,nominal,full,1,0,503895572035,0,0,0,0,0,0,0,0,1,0,0,0,0,0,0,0.226990000560022,1,0,NaN,NaN,5,1,0,0,1,188944321530,1051,1051,0.00146005840233609,0.00453205840233609,Inf,1.73472347597681e-18,0.00025,40,36.9360843649988,1,3066628898,5656605959,38707737,133175967,755917985,44314,10,4,3,1,1,4,212,1,15,14,1,0,0,1,14,35,21,1,0,45,81,980,1540,1,24,1,1,0,1,2544,40,1280,6000,176000,0.0135,0.0144545454545455,77,82,34,0,1045,6,2,1299,1222,2,1299,1222,2,0,1051,1051,0,1,61,0.060928,148,101,47,0,61,0.060928,148,101,47,0,1,1904,0.060928,0,11.9881698634496,6.52809310212493,1,472835,0.00025,40,0.000218787336497862,36.9360843649988,0.000730029201168047,0.00146005840233609,11.99546812288,1,0.00110196737333901,0.000264847251138928,1.73472347597681e-18,NaN,NaN,NaN,NaN,1,0.15,1530257,2084,candidate-elcs-w,61,0.060928,0.00507733333333333,0.274133333333331,1,iid-load15,IID occupancy 15%,iid,0.15,0,0,6273762748,0.147749999999997,3054,0.00116110019646365,1419885,949149,6.8,120,1,10,3,28,16,10,24,46,1,30450505153,5657117026,5656605959,3,54,63,212,1,1,1,1,63,0,125,1,24,0.000768,160061,159594,0,0
witness-confirmed-reactivation-same-seed-development,16082003,n5-6dof-zero-loss,N5 6-DOF zero-loss,EXP23U dynamic envelope,fast-late-delivered,2,8,periodic,Witness-confirmed early reactivation / event 8 s,none,5,ring2,6dof,tdma,1,1,0.15,1,0.48,0.29,0.29,0.0476190476190476,0.0476190476190476,0.0560410074231861,0.525336344895524,0,0,10.320093282254,12.9748336694506,0,1.03677206229809,0.0942205638474294,0.24,0.34,0.459999999999999,NaN,NaN,3000,1052,541,0,0,2525,1299,1226,0,0,0,0,0,0,2,0.00190114068441065,0,1945,0,0,1,32,32,0,0,0,0,0,0,0,0.381449997688604,0,0,0,0,0,0,0,0,0,0,0.274698666666664,3.23174399999997,0,0,1.77299999999997,0,0.659276799999994,45.0833333333333,108.25,0,0.00996076605294196,0.0189713718183262,NaN,NaN,0.995462816522967,2525,0,0,0,0,0,0.7674158,0,1530257,0,110997400,0,15779294669,tdma,fast-late-delivered,none,local-conflict-witness-leases,none,continuous-elcs-replay,NaN,50,NaN,9.01666666666667,8.08333333333333,NaN,NaN,NaN,NaN,NaN,NaN,NaN,NaN,1052,NaN,NaN,NaN,0,0,1,2,NaN,NaN,NaN,NaN,NaN,0,0,NaN,0,0,0.274698666666664,1052,nominal,full,1,0,503895572035,0,0,0,0,0,0,0,0,1,0,0,0,0,0,0,0.226990000560022,1,0,NaN,NaN,5,1,0,0,1,188944321530,1052,1052,0.00146005840233609,0.00453205840233609,Inf,1.73472347597681e-18,0.00025,40,36.9360843649988,1,3077609880,5656606135,38707737,133191473,758192263,44314,10,4,3,1,1,4,212,1,16,15,1,0,0,1,15,36,21,1,0,48,85,1008,1628,1,24,1,1,0,1,2660,40,1280,6000,176000,0.0141666666666667,0.0151136363636364,81,86,36,0,1044,8,2,1299,1224,2,1299,1224,2,0,1052,1052,0,1,65,0.06464,158,108,50,0,65,0.06464,158,108,50,0,1,2020,0.06464,0,11.9881698634496,8.56444516668324,1,852591,0.00025,40,0.000218787336497862,36.9360843649988,0.000730029201168047,0.00146005840233609,11.99546812288,1,0.00101443340622964,0.000264847251138928,1.73472347597681e-18,NaN,NaN,NaN,NaN,1,0.15,1530257,2084,candidate-elcs-w,65,0.06464,0.00538666666666667,0.274698666666664,1,iid-load15,IID occupancy 15%,iid,0.15,0,0,6273762748,0.147749999999997,3054,0.00116110019646365,1419885,949149,6.8,120,1,10,3,28,16,10,24,46,1,30450505153,5657117202,5656606135,8,142,151,212,1,1,1,1,152,0,237,1,24,0.000768,161005,159683,0,0
witness-confirmed-reactivation-same-seed-development,16082003,n5-6dof-zero-loss,N5 6-DOF zero-loss,EXP23U dynamic envelope,fast-early-response-blackout,3,3,periodic,Witness-confirmed reactivation / event 3 s / RESPONSE blackout,none,5,ring2,6dof,tdma,1,1,0.15,1,0.48,0.29,0.29,0.0476190476190476,0.0476190476190476,0.0602444663429351,0.520903665920901,0,0,10.320093282254,12.9748336694506,0,1.03678004871822,0.110986733001658,0.32,0.52,0.68,NaN,NaN,3000,949,495,0,0,2319,1207,1112,0,0,0,0,0,0,2,0.00210748155953635,0,2047,0,0,1,32,32,0,0,0,0,0,0,0,0.398462899222773,0,0,0,0,0,0,0,0,0,0,0.293183999999998,2.91532799999997,0,0,1.77299999999997,0,0.703641599999995,41.25,100.583333333333,0,0.00985628539327578,0.0188959402804553,NaN,NaN,0.942494470622175,2319,0,0,0,0,0,0.855948400000001,0,1530257,0,110997400,0,18220002390,tdma,fast-early-response-blackout,none,local-conflict-witness-leases,none,continuous-elcs-replay,NaN,50,NaN,8.25,4.25,NaN,NaN,NaN,NaN,NaN,NaN,NaN,NaN,949,NaN,NaN,NaN,0,0,1,2,NaN,NaN,NaN,NaN,NaN,0,0,NaN,0,0,0.293183999999998,949,nominal,full,1,0,503895572035,0,0,0,0,0,0,0,0,1,0,0,0,0,0,0,0.226990000560022,1,0,NaN,NaN,5,1,0,0,1,188944321530,949,949,0.00146005840233609,0.00453205840233609,Inf,1.73472347597681e-18,0.00025,40,36.9360843649988,1,5481462753,5657186829,38707737,134443951,1083290797,44314,10,4,3,1,0,4,212,0,165,160,1,0,0,1,349,367,18,1,1,1041,1409,10276,30756,1,24,1,0,1,1,41056,40,1280,6000,176000,0.234833333333333,0.233272727272727,1405,1410,698,0,895,54,2,1207,1110,2,1207,1110,2,0,949,949,0,1,645,0.602879999999999,1608,948,660,0,645,0.602880000000004,1608,948,660,0,1,18840,0.60288,0,11.9834359512991,11.9583652742804,1,1487195,0.00025,40,0.000218787336497862,36.9360843649988,0.000730029201168047,0.00146005840233609,11.99546812288,1,0.000867605590096687,0.000264847251138928,1.73472347597681e-18,NaN,NaN,NaN,NaN,1,0.15,1530257,2084,candidate-elcs-w,645,0.602880000000004,0.0502400000000003,0.293183999999998,1,iid-load15,IID occupancy 15%,iid,0.15,0,0,6273762748,0.147749999999997,3054,0.00116110019646365,1419885,949149,6.8,120,1,10,3,28,16,10,24,46,1,30450505153,5656470085,5657186829,3,54,63,212,1,1,1,0,NaN,1,125,1,24,0.000768,180836,159530,2,0
witness-confirmed-reactivation-same-seed-development,16082004,n5-6dof-zero-loss,N5 6-DOF zero-loss,EXP23U dynamic envelope,fast-early-delivered,1,3,periodic,Witness-confirmed early reactivation / event 3 s,none,5,ring2,6dof,tdma,1,1,0.15,1,0.48,0.29,0.29,0.0476190476190476,0.0476190476190476,0.0518680497328351,0.526334321775014,0,0,10.3294893085115,12.4602107872614,0,1.03669688477063,0.0875538971807628,0.24,0.34,0.459999999999999,NaN,NaN,3000,1049,551,0,0,2521,1329,1192,0,0,0,0,0,0,0,0,0,1948,0,0,1,32,32,0,0,0,0,0,0,0,0.379438336145089,0,0,0,0,0,0,0,0,0,0,0.273514666666664,3.22252799999997,0,0,1.76399999999999,0,0.656435199999994,45.9166666666667,110.75,0,0.0100208650596638,0.0189773673598726,NaN,NaN,0.995951908409467,2521,0,0,0,0,0,1.0802153,0,751149,0,110997400,0,15725087542,tdma,fast-early-delivered,none,local-conflict-witness-leases,none,continuous-elcs-replay,NaN,50,NaN,9.18333333333333,8.33333333333333,NaN,NaN,NaN,NaN,NaN,NaN,NaN,NaN,1049,NaN,NaN,NaN,0,0,1,0,NaN,NaN,NaN,NaN,NaN,0,0,NaN,0,0,0.273514666666664,1049,nominal,full,1,0,503360315294,0,0,0,0,0,0,0,0,1,0,0,0,0,0,0,0.283554993399736,1,0,NaN,NaN,5,1,0,0,1,188758555098,1049,1049,0.00146005840233609,0.00453205840233609,Inf,2.77555756156289e-17,0.00025,40,39.9665629707892,1,3050935746,5710749422,38707737,133184434,758422396,44314,10,4,3,1,1,5,212,1,17,11,0,0,0,0,11,33,22,1,0,46,80,924,1556,1,24,1,1,0,1,2504,40,1280,6000,176000,0.0133333333333333,0.0142272727272727,76,82,33,0,1043,6,0,1329,1192,0,1329,1192,0,0,1049,1049,0,1,60,0.059648,147,106,41,0,60,0.059648,147,106,41,0,1,1864,0.059648,0,11.9882547344886,6.41493477611867,1,1363732,0.00025,40,0.00020371766117583,39.9665629707892,0.000730029201168047,0.00146005840233609,11.99546812288,1,0.00122016041146793,0,2.77555756156289e-17,NaN,NaN,NaN,NaN,1,0.15,751149,2092,candidate-elcs-w,60,0.059648,0.00497066666666667,0.273514666666664,1,iid-load15,IID occupancy 15%,iid,0.15,0,0,6291264634,0.146999999999999,3000,0.00117521652231845,1419885,949149,6.8,120,1,10,3,28,16,10,24,46,1,30510349371,5710323268,5710749422,3,54,63,212,1,1,1,1,65,0,126,1,24,0.000768,160190,159596,0,0
witness-confirmed-reactivation-same-seed-development,16082004,n5-6dof-zero-loss,N5 6-DOF zero-loss,EXP23U dynamic envelope,fast-late-delivered,2,8,periodic,Witness-confirmed early reactivation / event 8 s,none,5,ring2,6dof,tdma,1,1,0.15,1,0.48,0.29,0.29,0.0476190476190476,0.0476190476190476,0.0525139243079688,0.525069284546915,0,0,10.3294893085115,12.4602107872614,0,1.03669506761268,0.0903731343283581,0.248999999999996,0.359999999999999,0.459999999999999,NaN,NaN,3000,1049,550,0,0,2521,1327,1194,0,0,0,0,0,0,0,0,0,1948,0,0,1,32,32,0,0,0,0,0,0,0,0.379098811618073,0,0,0,0,0,0,0,0,0,0,0.273237333333331,3.22252799999997,0,0,1.76399999999999,0,0.655769599999994,45.8333333333333,110.583333333333,0,0.0100293163171396,0.0189836070945148,NaN,NaN,0.99601593625498,2521,0,0,0,0,0,0.9020496,0,751149,0,110997400,0,15734858875,tdma,fast-late-delivered,none,local-conflict-witness-leases,none,continuous-elcs-replay,NaN,50,NaN,9.16666666666667,8.33333333333333,NaN,NaN,NaN,NaN,NaN,NaN,NaN,NaN,1049,NaN,NaN,NaN,0,0,1,0,NaN,NaN,NaN,NaN,NaN,0,0,NaN,0,0,0.273237333333331,1049,nominal,full,1,0,503360315294,0,0,0,0,0,0,0,0,1,0,0,0,0,0,0,0.283554993399736,1,0,NaN,NaN,5,1,0,0,1,188758555098,1049,1049,0.00146005840233609,0.00453205840233609,Inf,2.77555756156289e-17,0.00025,40,39.9665629707892,1,3019755675,5710749598,38707737,133195531,752369425,44314,10,4,3,1,1,5,212,1,17,11,0,0,0,0,11,33,22,1,0,42,76,924,1452,1,24,1,1,0,1,2400,40,1280,6000,176000,0.0126666666666667,0.0136363636363636,72,78,33,0,1043,6,0,1327,1194,0,1327,1194,0,0,1049,1049,0,1,56,0.05632,135,98,37,0,56,0.05632,135,98,37,0,1,1760,0.05632,0,11.9882547344886,8.62102738764536,1,756082,0.00025,40,0.00020371766117583,39.9665629707892,0.000730029201168047,0.00146005840233609,11.99546812288,1,0.00122016041146793,0,2.77555756156289e-17,NaN,NaN,NaN,NaN,1,0.15,751149,2092,candidate-elcs-w,56,0.05632,0.00469333333333333,0.273237333333331,1,iid-load15,IID occupancy 15%,iid,0.15,0,0,6291264634,0.146999999999999,3000,0.00117521652231845,1419885,949149,6.8,120,1,10,3,28,16,10,24,46,1,30510349371,5710323444,5710749598,8,142,151,212,1,1,1,1,153,0,235,1,24,0.000768,161158,159684,0,0
witness-confirmed-reactivation-same-seed-development,16082004,n5-6dof-zero-loss,N5 6-DOF zero-loss,EXP23U dynamic envelope,fast-early-response-blackout,3,3,periodic,Witness-confirmed reactivation / event 3 s / RESPONSE blackout,none,5,ring2,6dof,tdma,1,1,0.15,1,0.48,0.29,0.29,0.0476190476190476,0.0476190476190476,0.059138220770104,0.520031918440247,0,0,10.3294893085115,12.4602107872614,0,1.036698100047,0.114303482587065,0.34,0.56,0.740000000000002,NaN,NaN,3000,949,490,0,0,2321,1207,1114,0,0,0,0,0,0,0,0,0,2047,0,0,1,32,32,0,0,0,0,0,0,0,0.395408463140913,0,0,0,0,0,0,0,0,0,0,0.293077333333331,2.91532799999997,0,0,1.76399999999999,0,0.703385599999995,40.8333333333333,100.583333333333,0,0.0100474131942653,0.0189773673598726,NaN,NaN,0.94338139955208,2321,0,0,0,0,0,0.8495824,0,751149,0,110997400,0,18205730759,tdma,fast-early-response-blackout,none,local-conflict-witness-leases,none,continuous-elcs-replay,NaN,50,NaN,8.16666666666667,4.33333333333333,NaN,NaN,NaN,NaN,NaN,NaN,NaN,NaN,949,NaN,NaN,NaN,0,0,1,0,NaN,NaN,NaN,NaN,NaN,0,0,NaN,0,0,0.293077333333331,949,nominal,full,1,0,503360315294,0,0,0,0,0,0,0,0,1,0,0,0,0,0,0,0.283554993399736,1,0,NaN,NaN,5,1,0,0,1,188758555098,949,949,0.00146005840233609,0.00453205840233609,Inf,2.77555756156289e-17,0.00025,40,39.9665629707892,1,5504984750,5711244635,38707737,134444206,1074898426,44314,10,4,3,1,0,5,212,0,165,157,0,0,0,0,346,365,19,1,1,1042,1408,10220,30772,1,24,1,0,1,1,41016,40,1280,6000,176000,0.234666666666667,0.233045454545455,1404,1410,697,0,895,54,0,1207,1114,0,1207,1114,0,0,949,949,0,1,644,0.601599999999999,1607,920,687,0,644,0.601600000000004,1607,920,687,0,1,18800,0.6016,0,11.9838786619046,11.9584495435447,1,355862,0.00025,40,0.00020371766117583,39.9665629707892,0.000730029201168047,0.00146005840233609,11.99546812288,1,0.00122016041146793,0,2.77555756156289e-17,NaN,NaN,NaN,NaN,1,0.15,751149,2092,candidate-elcs-w,644,0.601600000000004,0.0501333333333336,0.293077333333331,1,iid-load15,IID occupancy 15%,iid,0.15,0,0,6291264634,0.146999999999999,3000,0.00117521652231845,1419885,949149,6.8,120,1,10,3,28,16,10,24,46,1,30510349371,5711317055,5711244635,3,54,63,212,1,1,1,0,NaN,1,126,1,24,0.000768,180836,159530,2,0
witness-confirmed-reactivation-same-seed-development,16082005,n5-6dof-zero-loss,N5 6-DOF zero-loss,EXP23U dynamic envelope,fast-early-delivered,1,3,periodic,Witness-confirmed early reactivation / event 3 s,none,5,ring2,6dof,tdma,1,1,0.15,1,0.48,0.29,0.29,0.0476190476190476,0.0476190476190476,0.0546627527869536,0.524556033228639,0,0,10.4191258862091,12.4230271646314,0,1.03665248620177,0.0845936981757876,0.219999999999999,0.299999999999999,0.359999999999999,NaN,NaN,3000,1052,510,0,0,2528,1235,1293,0,0,0,0,0,0,2,0.00190114068441065,0,1945,0,0,1,32,32,0,0,0,0,0,0,0,0.381885457346007,0,0,0,0,0,0,0,0,0,0,0.274277333333331,3.23174399999997,0,0,1.81299999999994,0,0.658265599999994,42.5,102.916666666667,0,0.00994313013860858,0.0189192790317067,NaN,NaN,0.995293307312593,2528,0,0,0,0,0,0.827152100000001,0,463115,0,110997400,0,15744318794,tdma,fast-early-delivered,none,local-conflict-witness-leases,none,continuous-elcs-replay,NaN,50,NaN,8.5,7.75,NaN,NaN,NaN,NaN,NaN,NaN,NaN,NaN,1052,NaN,NaN,NaN,0,0,1,2,NaN,NaN,NaN,NaN,NaN,0,0,NaN,0,0,0.274277333333331,1052,nominal,full,1,0,503305954665,0,0,0,0,0,0,0,0,1,0,0,0,0,0,0,0.170425007720309,1,0,NaN,NaN,5,1,0,0,1,188881231612,1052,1052,0.00146005840233609,0.00453205840233609,Inf,1.11022302462516e-16,0.00025,40,38.7877382633129,1,3047195143,5709936964,38707737,133178043,756726733,44314,10,4,3,1,1,3,212,1,15,13,1,0,0,1,13,35,22,1,0,43,79,980,1498,1,24,1,1,0,1,2502,40,1280,6000,176000,0.0131666666666667,0.0142159090909091,78,81,32,0,1045,7,2,1235,1289,4,1235,1289,4,0,1052,1052,0,1,59,0.059584,143,110,33,0,59,0.059584,143,110,33,0,1,1862,0.059584,0,11.9884674562964,6.47169913114697,1,444658,0.00025,40,0.000225409274554331,38.7877382633129,0.000730029201168047,0.00146005840233609,11.99546812288,1,0.000653940802925135,0.000153018354213493,1.11022302462516e-16,NaN,NaN,NaN,NaN,1,0.15,463115,2199,candidate-elcs-w,59,0.059584,0.00496533333333333,0.274277333333331,1,iid-load15,IID occupancy 15%,iid,0.15,0,0,6306524168,0.151083333333328,3099,0.00116967741935484,1419885,949149,6.8,120,1,10,3,28,16,10,24,46,1,30405361370,5710629504,5709936964,3,54,63,212,1,1,1,1,63,0,124,1,24,0.000768,160061,159594,0,0
witness-confirmed-reactivation-same-seed-development,16082005,n5-6dof-zero-loss,N5 6-DOF zero-loss,EXP23U dynamic envelope,fast-late-delivered,2,8,periodic,Witness-confirmed early reactivation / event 8 s,none,5,ring2,6dof,tdma,1,1,0.15,1,0.48,0.29,0.29,0.0476190476190476,0.0476190476190476,0.0552253892848819,0.524220696152483,0,0,10.4191258862091,12.4230271646314,0,1.0366526793471,0.0867993366500828,0.220000000000001,0.32,0.419999999999999,NaN,NaN,3000,1053,508,0,0,2530,1231,1299,0,0,0,0,0,0,2,0.00189933523266857,0,1944,0,0,1,32,32,0,0,0,0,0,0,0,0.381660187464856,0,0,0,0,0,0,0,0,0,0,0.274533333333331,3.23481599999997,0,0,1.81299999999994,0,0.658879999999994,42.3333333333333,102.583333333333,0,0.00995172868510077,0.0189188513828203,NaN,NaN,0.99534847842018,2530,0,0,0,0,0,0.832284700000001,0,463115,0,110997400,0,15746555232,tdma,fast-late-delivered,none,local-conflict-witness-leases,none,continuous-elcs-replay,NaN,50,NaN,8.46666666666667,7.75,NaN,NaN,NaN,NaN,NaN,NaN,NaN,NaN,1053,NaN,NaN,NaN,0,0,1,2,NaN,NaN,NaN,NaN,NaN,0,0,NaN,0,0,0.274533333333331,1053,nominal,full,1,0,503305954665,0,0,0,0,0,0,0,0,1,0,0,0,0,0,0,0.170425007720309,1,0,NaN,NaN,5,1,0,0,1,188881231612,1053,1053,0.00146005840233609,0.00453205840233609,Inf,1.11022302462516e-16,0.00025,40,38.7877382633129,1,3055164907,5707535731,38707737,133189443,756580489,44314,10,4,3,1,1,3,212,1,15,13,1,0,0,1,13,35,22,1,0,43,79,980,1498,1,24,1,1,0,1,2502,40,1280,6000,176000,0.0131666666666667,0.0142159090909091,78,81,32,0,1045,8,2,1231,1295,4,1231,1295,4,0,1053,1053,0,1,59,0.059584,143,108,35,0,59,0.059584,143,108,35,0,1,1862,0.059584,0,11.9884674562964,8.50809779036657,1,920598,0.00025,40,0.000225409274554331,38.7877382633129,0.000730029201168047,0.00146005840233609,11.99546812288,1,0.000653940802925135,0.000153018354213493,1.11022302462516e-16,NaN,NaN,NaN,NaN,1,0.15,463115,2200,candidate-elcs-w,59,0.059584,0.00496533333333333,0.274533333333331,1,iid-load15,IID occupancy 15%,iid,0.15,0,0,6306524168,0.151083333333328,3099,0.00116967741935484,1419885,949149,6.8,120,1,10,3,28,16,10,24,46,1,30405361370,5710629680,5707535731,8,142,151,212,1,1,1,1,151,0,236,1,24,0.000768,160853,159682,0,0
witness-confirmed-reactivation-same-seed-development,16082005,n5-6dof-zero-loss,N5 6-DOF zero-loss,EXP23U dynamic envelope,fast-early-response-blackout,3,3,periodic,Witness-confirmed reactivation / event 3 s / RESPONSE blackout,none,5,ring2,6dof,tdma,1,1,0.15,1,0.48,0.29,0.29,0.0476190476190476,0.0476190476190476,0.0671038146815212,0.510656545560892,0,0,10.4191258862091,12.4230271646314,0,1.03665261124653,0.124278606965174,0.359999999999999,0.959999999999999,1.2,NaN,NaN,3000,950,463,0,0,2324,1141,1183,0,0,0,0,0,0,2,0.00210526315789474,0,2046,0,0,1,32,32,0,0,0,0,0,0,0,0.399740983812185,0,0,0,0,0,0,0,0,0,0,0.293637333333331,2.91839999999997,0,0,1.81299999999994,0,0.704729599999995,38.5833333333333,95.0833333333333,0,0.00993219426239377,0.0188829994876787,NaN,NaN,0.959166871742097,2324,0,0,0,0,0,0.8423723,0,463115,0,110997400,0,18243130810,tdma,fast-early-response-blackout,none,local-conflict-witness-leases,none,continuous-elcs-replay,NaN,50,NaN,7.71666666666667,4.75,NaN,NaN,NaN,NaN,NaN,NaN,NaN,NaN,950,NaN,NaN,NaN,0,0,1,2,NaN,NaN,NaN,NaN,NaN,0,0,NaN,0,0,0.293637333333331,950,nominal,full,1,0,503305954665,0,0,0,0,0,0,0,0,1,0,0,0,0,0,0,0.170425007720309,1,0,NaN,NaN,5,1,0,0,1,188881231612,950,950,0.00146005840233609,0.00453205840233609,Inf,1.11022302462516e-16,0.00025,40,38.7877382633129,1,5496083220,5710346886,38707737,134445853,1082549270,44314,10,4,3,1,0,3,212,0,165,161,1,0,0,1,350,368,18,1,1,1042,1411,10304,30802,1,24,1,0,1,1,41130,40,1280,6000,176000,0.235166666666667,0.233693181818182,1410,1413,698,0,895,55,2,1141,1179,4,1141,1179,4,0,950,950,0,1,647,0.605247999999999,1613,968,645,0,647,0.605248000000004,1613,968,645,0,1,18914,0.605248,0,11.9829409103386,11.9586621851553,1,1433105,0.00025,40,0.000225409274554331,38.7877382633129,0.000730029201168047,0.00146005840233609,11.99546812288,1,0.000653940802925135,0.000153018354213493,1.11022302462516e-16,NaN,NaN,NaN,NaN,1,0.15,463115,2199,candidate-elcs-w,647,0.605248000000004,0.0504373333333336,0.293637333333331,1,iid-load15,IID occupancy 15%,iid,0.15,0,0,6306524168,0.151083333333328,3099,0.00116967741935484,1419885,949149,6.8,120,1,10,3,28,16,10,24,46,1,30405361370,5709879070,5710346886,3,54,63,212,1,1,1,0,NaN,1,124,1,24,0.000768,180836,159530,2,0
witness-confirmed-reactivation-same-seed-development,16082006,n5-6dof-zero-loss,N5 6-DOF zero-loss,EXP23U dynamic envelope,fast-early-delivered,1,3,periodic,Witness-confirmed early reactivation / event 3 s,none,5,ring2,6dof,tdma,1,1,0.15,1,0.48,0.29,0.29,0.0476190476190476,0.0476190476190476,0.0520116317788766,0.529317503293059,0,0,10.1921787282769,12.9570308038385,0,1.03682824547885,0.0886069651741292,0.220000000000001,0.34,0.44,NaN,NaN,3000,1047,542,0,0,2515,1314,1201,0,0,0,0,0,0,0,0,0,1950,0,0,1,32,32,0,0,0,0,0,0,0,0.379915227705652,0,0,0,0,0,0,0,0,0,0,0.274149333333331,3.21638399999997,0,0,1.75599999999993,0,0.657958399999994,45.1666666666667,109.5,0,0.0100140325124072,0.0189265168771637,NaN,NaN,0.996959207221883,2515,0,0,0,0,0,0.7607654,0,1029135,0,110997400,0,15764460169,tdma,fast-early-delivered,none,local-conflict-witness-leases,none,continuous-elcs-replay,NaN,50,NaN,9.03333333333333,8.33333333333333,NaN,NaN,NaN,NaN,NaN,NaN,NaN,NaN,1047,NaN,NaN,NaN,0,0,1,0,NaN,NaN,NaN,NaN,NaN,0,0,NaN,0,0,0.274149333333331,1047,nominal,full,1,0,503403793966,0,0,0,0,0,0,0,0,1,0,0,0,0,0,0,0.34011998623945,1,0,NaN,NaN,5,1,0,0,1,188893861337,1047,1047,0.00146005840233609,0.00453205840233609,Inf,1.73472347597681e-18,0.00025,40,39.4241403499346,1,3073288715,5715222533,38707737,133169737,754995361,44314,10,4,3,1,1,6,212,1,22,18,0,0,0,0,18,41,23,1,0,52,94,1148,1762,1,24,1,1,0,1,2934,40,1280,6000,176000,0.0156666666666667,0.0166704545454545,81,93,35,0,1038,9,0,1314,1201,0,1314,1201,0,0,1047,1047,0,1,74,0.073408,176,116,60,0,74,0.073408,176,116,60,0,1,2294,0.073408,0,11.9878910652851,6.47137353353869,1,452632,0.00025,40,0.000189075163712513,39.4241403499346,0.000730029201168047,0.00146005840233609,11.99546812288,1,0.00036061436544621,0.000190457716487211,1.73472347597681e-18,NaN,NaN,NaN,NaN,1,0.15,1029135,2071,candidate-elcs-w,74,0.073408,0.00611733333333333,0.274149333333331,1,iid-load15,IID occupancy 15%,iid,0.15,0,0,6256981475,0.146333333333328,2990,0.00117458193979933,1419885,949149,6.8,120,1,10,3,28,16,10,24,46,1,30407882168,5715335457,5715222533,3,54,63,212,1,1,1,1,63,0,127,1,24,0.000768,160061,159594,0,0
witness-confirmed-reactivation-same-seed-development,16082006,n5-6dof-zero-loss,N5 6-DOF zero-loss,EXP23U dynamic envelope,fast-late-delivered,2,8,periodic,Witness-confirmed early reactivation / event 8 s,none,5,ring2,6dof,tdma,1,1,0.15,1,0.48,0.29,0.29,0.0476190476190476,0.0476190476190476,0.0521292602336523,0.529090516209289,0,0,10.1921787282769,12.9570308038385,0,1.03682502295306,0.0891044776119401,0.220000000000001,0.34,0.44,NaN,NaN,3000,1049,545,0,0,2519,1320,1199,0,0,0,0,0,0,0,0,0,1948,0,0,1,32,32,0,0,0,0,0,0,0,0.380678301678929,0,0,0,0,0,0,0,0,0,0,0.274661333333331,3.22252799999997,0,0,1.75599999999993,0,0.659187199999994,45.4166666666667,110,0,0.0100128954610211,0.0189248343081374,NaN,NaN,0.99771585965973,2519,0,0,0,0,0,0.698291899999999,0,1029135,0,110997400,0,15772526365,tdma,fast-late-delivered,none,local-conflict-witness-leases,none,continuous-elcs-replay,NaN,50,NaN,9.08333333333333,8.58333333333333,NaN,NaN,NaN,NaN,NaN,NaN,NaN,NaN,1049,NaN,NaN,NaN,0,0,1,0,NaN,NaN,NaN,NaN,NaN,0,0,NaN,0,0,0.274661333333331,1049,nominal,full,1,0,503403793966,0,0,0,0,0,0,0,0,1,0,0,0,0,0,0,0.34011998623945,1,0,NaN,NaN,5,1,0,0,1,188893861337,1049,1049,0.00146005840233609,0.00453205840233609,Inf,1.73472347597681e-18,0.00025,40,39.4241403499346,1,3090574501,5715222709,38707737,133180733,756215679,44314,10,4,3,1,1,6,212,1,22,18,0,0,0,0,18,41,23,1,0,52,94,1148,1762,1,24,1,1,0,1,2934,40,1280,6000,176000,0.0156666666666667,0.0166704545454545,81,93,35,0,1038,11,0,1320,1199,0,1320,1199,0,0,1049,1049,0,1,74,0.073408,176,118,58,0,74,0.073408,176,118,58,0,1,2294,0.073408,0,11.9878910652851,8.5076796176637,1,818030,0.00025,40,0.000189075163712513,39.4241403499346,0.000730029201168047,0.00146005840233609,11.99546812288,1,0.00036061436544621,0.000190457716487211,1.73472347597681e-18,NaN,NaN,NaN,NaN,1,0.15,1029135,2071,candidate-elcs-w,74,0.073408,0.00611733333333333,0.274661333333331,1,iid-load15,IID occupancy 15%,iid,0.15,0,0,6256981475,0.146333333333328,2990,0.00117458193979933,1419885,949149,6.8,120,1,10,3,28,16,10,24,46,1,30407882168,5715335633,5715222709,8,142,151,212,1,1,1,1,151,0,235,1,24,0.000768,160853,159682,0,0
witness-confirmed-reactivation-same-seed-development,16082006,n5-6dof-zero-loss,N5 6-DOF zero-loss,EXP23U dynamic envelope,fast-early-response-blackout,3,3,periodic,Witness-confirmed reactivation / event 3 s / RESPONSE blackout,none,5,ring2,6dof,tdma,1,1,0.15,1,0.48,0.29,0.29,0.0476190476190476,0.0476190476190476,0.0544145408634522,0.526644959008638,0,0,10.1921787282769,12.9570308038385,0,1.03682623474322,0.101807628524046,0.280000000000001,0.42,0.619999999999999,NaN,NaN,3000,962,510,0,0,2345,1250,1095,0,0,0,0,0,0,0,0,0,2034,0,0,1,32,32,0,0,0,0,0,0,0,0.401385449049895,0,0,0,0,0,0,0,0,0,0,0.297989333333331,2.95526399999997,0,0,1.75599999999993,0,0.715174399999995,42.5,104.166666666667,0,0.0100436855732618,0.0188807488041705,NaN,NaN,0.971319740085145,2345,0,0,0,0,0,0.7809458,0,1029135,0,110997400,0,18544344153,tdma,fast-early-response-blackout,none,local-conflict-witness-leases,none,continuous-elcs-replay,NaN,50,NaN,8.5,5.66666666666667,NaN,NaN,NaN,NaN,NaN,NaN,NaN,NaN,962,NaN,NaN,NaN,0,0,1,0,NaN,NaN,NaN,NaN,NaN,0,0,NaN,0,0,0.297989333333331,962,nominal,full,1,0,503403793966,0,0,0,0,0,0,0,0,1,0,0,0,0,0,0,0.34011998623945,1,0,NaN,NaN,5,1,0,0,1,188893861337,962,962,0.00146005840233609,0.00453205840233609,Inf,1.73472347597681e-18,0.00025,40,39.4241403499346,1,5592488178,5715677435,38707737,134437642,1107454558,44314,10,4,3,1,0,6,212,0,172,166,0,0,0,0,355,375,20,1,1,1051,1427,10500,31086,1,24,1,0,1,1,41610,40,1280,6000,176000,0.237833333333333,0.236420454545455,1415,1427,702,0,888,74,0,1250,1095,0,1250,1095,0,0,962,962,0,1,663,0.620607999999999,1648,936,712,0,663,0.620608000000004,1648,936,712,0,1,19394,0.620608,0,11.983508473524,11.9580871490977,1,1041417,0.00025,40,0.000189075163712513,39.4241403499346,0.000730029201168047,0.00146005840233609,11.99546812288,1,0.00036061436544621,0.000190457716487211,1.73472347597681e-18,NaN,NaN,NaN,NaN,1,0.15,1029135,2071,candidate-elcs-w,663,0.620608000000004,0.0517173333333337,0.297989333333331,1,iid-load15,IID occupancy 15%,iid,0.15,0,0,6256981475,0.146333333333328,2990,0.00117458193979933,1419885,949149,6.8,120,1,10,3,28,16,10,24,46,1,30407882168,5714966037,5715677435,3,54,63,212,1,1,1,0,NaN,1,127,1,24,0.000768,180836,159530,2,0
witness-confirmed-reactivation-same-seed-development,16082007,n5-6dof-zero-loss,N5 6-DOF zero-loss,EXP23U dynamic envelope,fast-early-delivered,1,3,periodic,Witness-confirmed early reactivation / event 3 s,none,5,ring2,6dof,tdma,1,1,0.15,1,0.48,0.29,0.29,0.0476190476190476,0.0476190476190476,0.054568174951098,0.523034585577618,0,0,10.1721287920899,12.6975458374461,0,1.03682056778907,0.0874875621890547,0.220000000000001,0.280000000000001,0.4,NaN,NaN,3000,1051,524,0,0,2525,1253,1272,0,0,0,0,0,0,0,0,0,1946,0,0,1,32,32,0,0,0,0,0,0,0,0.379424109696575,0,0,0,0,0,0,0,0,0,0,0.274501333333331,3.22867199999997,0,0,1.78799999999996,0,0.658803199999994,43.6666666666667,104.416666666667,0,0.0100345373147226,0.019005707565829,NaN,NaN,0.997768814273775,2525,0,0,0,0,0,0.698117,0,568469,0,110997400,0,15754011648,tdma,fast-early-delivered,none,local-conflict-witness-leases,none,continuous-elcs-replay,NaN,50,NaN,8.73333333333333,8.33333333333333,NaN,NaN,NaN,NaN,NaN,NaN,NaN,NaN,1051,NaN,NaN,NaN,0,0,1,0,NaN,NaN,NaN,NaN,NaN,0,0,NaN,0,0,0.274501333333331,1051,nominal,full,1,0,503085783410,0,0,0,0,0,0,0,0,1,0,0,0,0,0,0,0.170425007720309,1,0,NaN,NaN,5,1,0,0,1,188714992018,1051,1051,0.00146005840233609,0.00453205840233609,Inf,1.38777878078145e-17,0.00025,40,33.5819232005527,1,3061495316,5672324771,38707737,133183164,760222376,44314,10,4,3,1,1,3,212,1,14,14,0,0,0,0,14,36,22,1,0,50,87,1008,1650,1,24,1,1,0,1,2682,40,1280,6000,176000,0.0145,0.0152386363636364,81,85,36,0,1046,5,0,1253,1272,0,1253,1272,0,0,1051,1051,0,1,67,0.065344,165,120,45,0,67,0.065344,165,120,45,0,1,2042,0.065344,0,11.9877902498704,6.52780683212393,1,1035275,0.00025,40,0.000193111285273622,33.5819232005527,0.000730029201168047,0.00146005840233609,11.99546812288,1,0.00110081750360358,0,1.38777878078145e-17,NaN,NaN,NaN,NaN,1,0.15,568469,2081,candidate-elcs-w,67,0.065344,0.00544533333333333,0.274501333333331,1,iid-load15,IID occupancy 15%,iid,0.15,0,0,6334967681,0.148999999999997,3056,0.00117015706806283,1419885,949149,6.8,120,1,10,3,28,16,10,24,46,1,30486741465,5671360266,5672324771,3,54,63,212,1,1,1,1,64,0,124,1,24,0.000768,160125,159595,0,0
witness-confirmed-reactivation-same-seed-development,16082007,n5-6dof-zero-loss,N5 6-DOF zero-loss,EXP23U dynamic envelope,fast-late-delivered,2,8,periodic,Witness-confirmed early reactivation / event 8 s,none,5,ring2,6dof,tdma,1,1,0.15,1,0.48,0.29,0.29,0.0476190476190476,0.0476190476190476,0.055154027789851,0.52230622794575,0,0,10.1721287920899,12.6975458374461,0,1.03680980866966,0.089776119402985,0.220000000000001,0.297799999999998,0.4,NaN,NaN,3000,1054,527,0,0,2531,1259,1272,0,0,0,0,0,0,0,0,0,1943,0,0,1,32,32,0,0,0,0,0,0,0,0.380111165744064,0,0,0,0,0,0,0,0,0,0,0.274959999999997,3.23788799999997,0,0,1.78799999999996,0,0.659903999999994,43.9166666666667,104.916666666667,0,0.0100225574826765,0.0189910867697342,NaN,NaN,0.998073778592349,2531,0,0,0,0,0,0.723016200000001,0,568469,0,110997400,0,15774991490,tdma,fast-late-delivered,none,local-conflict-witness-leases,none,continuous-elcs-replay,NaN,50,NaN,8.78333333333333,8.33333333333333,NaN,NaN,NaN,NaN,NaN,NaN,NaN,NaN,1054,NaN,NaN,NaN,0,0,1,0,NaN,NaN,NaN,NaN,NaN,0,0,NaN,0,0,0.274959999999997,1054,nominal,full,1,0,503085783410,0,0,0,0,0,0,0,0,1,0,0,0,0,0,0,0.170425007720309,1,0,NaN,NaN,5,1,0,0,1,188714992018,1054,1054,0.00146005840233609,0.00453205840233609,Inf,1.38777878078145e-17,0.00025,40,33.5819232005527,1,3055987706,5672324947,38707737,133190559,759452900,44314,10,4,3,1,1,3,212,1,13,13,0,0,0,0,13,35,22,1,0,47,83,980,1562,1,24,1,1,0,1,2566,40,1280,6000,176000,0.0138333333333333,0.0145795454545455,77,81,34,0,1047,7,0,1259,1272,0,1259,1272,0,0,1054,1054,0,1,63,0.061632,155,114,41,0,63,0.061632,155,114,41,0,1,1926,0.061632,0,11.9877902498704,8.50755971580846,1,1210849,0.00025,40,0.000193111285273622,33.5819232005527,0.000730029201168047,0.00146005840233609,11.99546812288,1,0.00110081750360358,0,1.38777878078145e-17,NaN,NaN,NaN,NaN,1,0.15,568469,2081,candidate-elcs-w,63,0.061632,0.005136,0.274959999999997,1,iid-load15,IID occupancy 15%,iid,0.15,0,0,6334967681,0.148999999999997,3056,0.00117015706806283,1419885,949149,6.8,120,1,10,3,28,16,10,24,46,1,30486741465,5671360442,5672324947,8,142,151,212,1,1,1,1,151,0,237,1,24,0.000768,160853,159682,0,0
witness-confirmed-reactivation-same-seed-development,16082007,n5-6dof-zero-loss,N5 6-DOF zero-loss,EXP23U dynamic envelope,fast-early-response-blackout,3,3,periodic,Witness-confirmed reactivation / event 3 s / RESPONSE blackout,none,5,ring2,6dof,tdma,1,1,0.15,1,0.48,0.29,0.29,0.0476190476190476,0.0476190476190476,0.0613172402048215,0.515421061144989,0,0,10.1721287920899,12.6975458374461,0,1.03681905136193,0.108946932006633,0.280000000000001,0.559999999999999,0.7,NaN,NaN,3000,951,478,0,0,2325,1161,1164,0,0,0,0,0,0,0,0,0,2045,0,0,1,32,32,0,0,0,0,0,0,0,0.395024282750153,0,0,0,0,0,0,0,0,0,0,0.293781333333331,2.92147199999997,0,0,1.78799999999996,0,0.705075199999995,39.8333333333333,96.75,0,0.0100174775414635,0.0190081962625435,NaN,NaN,0.954761606284735,2325,0,0,0,0,0,0.743327599999999,0,568469,0,110997400,0,18244871279,tdma,fast-early-response-blackout,none,local-conflict-witness-leases,none,continuous-elcs-replay,NaN,50,NaN,7.96666666666667,4.58333333333333,NaN,NaN,NaN,NaN,NaN,NaN,NaN,NaN,951,NaN,NaN,NaN,0,0,1,0,NaN,NaN,NaN,NaN,NaN,0,0,NaN,0,0,0.293781333333331,951,nominal,full,1,0,503085783410,0,0,0,0,0,0,0,0,1,0,0,0,0,0,0,0.170425007720309,1,0,NaN,NaN,5,1,0,0,1,188714992018,951,951,0.00146005840233609,0.00453205840233609,Inf,1.38777878078145e-17,0.00025,40,33.5819232005527,1,5533345874,5671455442,38707737,134446963,1089166875,44314,10,4,3,1,0,3,212,0,163,159,0,0,0,0,348,367,19,1,1,1043,1411,10276,30788,1,24,1,0,1,1,41088,40,1280,6000,176000,0.235166666666667,0.233454545454545,1406,1410,698,0,897,54,0,1161,1164,0,1161,1164,0,0,951,951,0,1,647,0.603903999999999,1615,911,704,0,647,0.603904000000004,1615,911,704,0,1,18872,0.603904,0,11.9836174323668,11.9579861702301,1,549265,0.00025,40,0.000193111285273622,33.5819232005527,0.000730029201168047,0.00146005840233609,11.99546812288,1,0.00125012970267663,0,1.38777878078145e-17,NaN,NaN,NaN,NaN,1,0.15,568469,2081,candidate-elcs-w,647,0.603904000000004,0.0503253333333336,0.293781333333331,1,iid-load15,IID occupancy 15%,iid,0.15,0,0,6334967681,0.148999999999997,3056,0.00117015706806283,1419885,949149,6.8,120,1,10,3,28,16,10,24,46,1,30486741465,5672268290,5671455442,3,54,63,212,1,1,1,0,NaN,1,124,1,24,0.000768,180836,159530,2,0
witness-confirmed-reactivation-same-seed-development,16082008,n5-6dof-zero-loss,N5 6-DOF zero-loss,EXP23U dynamic envelope,fast-early-delivered,1,3,periodic,Witness-confirmed early reactivation / event 3 s,none,5,ring2,6dof,tdma,1,1,0.15,1,0.48,0.29,0.29,0.0476190476190476,0.0476190476190476,0.0513510664066566,0.527421921313985,0,0,10.3527429112424,12.5945727994407,0,1.03673646649161,0.085547263681592,0.220000000000001,0.279999999999999,0.4,NaN,NaN,3000,1058,595,0,0,2540,1431,1109,0,0,0,0,0,0,0,0,0,1939,0,0,1,32,32,0,0,0,0,0,0,0,0.384324857615937,0,0,0,0,0,0,0,0,0,0,0.274533333333331,3.25017599999997,0,0,1.76899999999999,0,0.658879999999994,49.5833333333333,119.25,0,0.00996583664009534,0.0189591237728981,NaN,NaN,0.997492357324993,2540,0,0,0,0,0,0.740512399999999,0,1467715,0,110997400,0,15756947440,tdma,fast-early-delivered,none,local-conflict-witness-leases,none,continuous-elcs-replay,NaN,50,NaN,9.91666666666667,9.16666666666667,NaN,NaN,NaN,NaN,NaN,NaN,NaN,NaN,1058,NaN,NaN,NaN,0,0,1,0,NaN,NaN,NaN,NaN,NaN,0,0,NaN,0,0,0.274533333333331,1058,nominal,full,1,0,503119301868,0,0,0,0,0,0,0,0,1,0,0,0,0,0,0,0.113860014880595,1,0,NaN,NaN,5,1,0,0,1,188927877800,1058,1058,0.00146005840233609,0.00453205840233609,Inf,1.38777878078145e-17,0.00025,40,37.5539299377617,1,2988610553,5716078596,38707737,133190686,765897045,44314,10,4,3,1,1,2,212,1,13,5,0,0,0,0,5,27,22,1,0,37,65,756,1242,1,24,1,1,0,1,2022,40,1280,6000,176000,0.0108333333333333,0.0114886363636364,63,65,28,0,1047,11,0,1431,1109,0,1431,1109,0,0,1058,1058,0,1,45,0.044224,109,81,28,0,45,0.044224,109,81,28,0,1,1382,0.044224,0,11.9874477023318,6.41441426518234,1,1718303,0.00025,40,0.000227051884700539,37.5539299377617,0.000730029201168047,0.00146005840233609,11.99546812288,1,0.000745730932148803,0,1.38777878078145e-17,NaN,NaN,NaN,NaN,1,0.15,1467715,2101,candidate-elcs-w,45,0.044224,0.00368533333333333,0.274533333333331,1,iid-load15,IID occupancy 15%,iid,0.15,0,0,6263554969,0.147416666666666,3008,0.00117619680851064,1419885,949149,6.8,120,1,10,3,28,16,10,24,46,1,30365471697,5716632607,5716078596,3,54,63,212,1,1,1,1,65,0,124,1,24,0.000768,160190,159596,0,0
witness-confirmed-reactivation-same-seed-development,16082008,n5-6dof-zero-loss,N5 6-DOF zero-loss,EXP23U dynamic envelope,fast-late-delivered,2,8,periodic,Witness-confirmed early reactivation / event 8 s,none,5,ring2,6dof,tdma,1,1,0.15,1,0.48,0.29,0.29,0.0476190476190476,0.0476190476190476,0.052236324034421,0.527416334748091,0,0,10.3527429112424,12.5945727994407,0,1.03673715824093,0.0895107794361526,0.220000000000001,0.359999999999999,0.539999999999999,NaN,NaN,3000,1055,593,0,0,2534,1427,1107,0,0,0,0,0,0,0,0,0,1942,0,0,1,32,32,0,0,0,0,0,0,0,0.383530066032267,0,0,0,0,0,0,0,0,0,0,0.273455999999997,3.24095999999997,0,0,1.76899999999999,0,0.656294399999994,49.4166666666667,118.916666666667,0,0.00995785793895229,0.0189354702266386,NaN,NaN,0.996921201468524,2534,0,0,0,0,0,0.9027188,0,1467715,0,110997400,0,15703865234,tdma,fast-late-delivered,none,local-conflict-witness-leases,none,continuous-elcs-replay,NaN,50,NaN,9.88333333333333,9,NaN,NaN,NaN,NaN,NaN,NaN,NaN,NaN,1055,NaN,NaN,NaN,0,0,1,0,NaN,NaN,NaN,NaN,NaN,0,0,NaN,0,0,0.273455999999997,1055,nominal,full,1,0,503119301868,0,0,0,0,0,0,0,0,1,0,0,0,0,0,0,0.113860014880595,1,0,NaN,NaN,5,1,0,0,1,188927877800,1055,1055,0.00146005840233609,0.00453205840233609,Inf,1.38777878078145e-17,0.00025,40,37.5539299377617,1,2949990018,5716078772,38707737,133197879,755771588,44314,10,4,3,1,1,2,212,1,12,4,0,0,0,0,4,26,22,1,0,34,61,728,1154,1,24,1,1,0,1,1906,40,1280,6000,176000,0.0101666666666667,0.0108295454545455,59,61,26,0,1048,7,0,1427,1107,0,1427,1107,0,0,1055,1055,0,1,41,0.040512,99,76,23,0,41,0.040512,99,76,23,0,1,1266,0.040512,0,11.9874477023318,8.56382989357004,1,1333380,0.00025,40,0.000227051884700539,37.5539299377617,0.000730029201168047,0.00146005840233609,11.99546812288,1,0.000745730932148803,0,1.38777878078145e-17,NaN,NaN,NaN,NaN,1,0.15,1467715,2101,candidate-elcs-w,41,0.040512,0.003376,0.273455999999997,1,iid-load15,IID occupancy 15%,iid,0.15,0,0,6263554969,0.147416666666666,3008,0.00117619680851064,1419885,949149,6.8,120,1,10,3,28,16,10,24,46,1,30365471697,5716632783,5716078772,8,142,151,212,1,1,1,1,152,0,235,1,24,0.000768,161005,159683,0,0
witness-confirmed-reactivation-same-seed-development,16082008,n5-6dof-zero-loss,N5 6-DOF zero-loss,EXP23U dynamic envelope,fast-early-response-blackout,3,3,periodic,Witness-confirmed reactivation / event 3 s / RESPONSE blackout,none,5,ring2,6dof,tdma,1,1,0.15,1,0.48,0.29,0.29,0.0476190476190476,0.0476190476190476,0.0581138973649797,0.524589862476632,0,0,10.3527429112424,12.5945727994407,0,1.03673440988233,0.111865671641791,0.34,0.620000000000001,0.74,NaN,NaN,3000,965,554,0,0,2354,1349,1005,0,0,0,0,0,0,0,0,0,2031,0,0,1,32,32,0,0,0,0,0,0,0,0.402733070598954,0,0,0,0,0,0,0,0,0,0,0.295887999999998,2.96447999999997,0,0,1.76899999999999,0,0.710131199999995,46.1666666666667,112.416666666667,0,0.00996191267696766,0.0189042701512509,NaN,NaN,0.964477405568475,2354,0,0,0,0,0,0.8369715,0,1467715,0,110997400,0,18270471748,tdma,fast-early-response-blackout,none,local-conflict-witness-leases,none,continuous-elcs-replay,NaN,50,NaN,9.23333333333333,5.75,NaN,NaN,NaN,NaN,NaN,NaN,NaN,NaN,965,NaN,NaN,NaN,0,0,1,0,NaN,NaN,NaN,NaN,NaN,0,0,NaN,0,0,0.295887999999998,965,nominal,full,1,0,503119301868,0,0,0,0,0,0,0,0,1,0,0,0,0,0,0,0.113860014880595,1,0,NaN,NaN,5,1,0,0,1,188927877800,965,965,0.00146005840233609,0.00453205840233609,Inf,1.38777878078145e-17,0.00025,40,37.5539299377617,1,5481085654,5716607589,38707737,134450379,1098992857,44314,10,4,3,1,0,2,212,0,161,151,0,0,0,0,340,359,19,1,1,1033,1393,10052,30458,1,24,1,0,1,1,40534,40,1280,6000,176000,0.232166666666667,0.230306818181818,1391,1393,692,0,899,66,0,1349,1005,0,1349,1005,0,0,965,965,0,1,629,0.586175999999999,1569,882,687,0,629,0.586176000000003,1569,882,687,0,1,18318,0.586176,0,11.9834909954453,11.9576440436559,1,1197054,0.00025,40,0.000227051884700539,37.5539299377617,0.000730029201168047,0.00146005840233609,11.99546812288,1,0.000745730932148803,0,1.38777878078145e-17,NaN,NaN,NaN,NaN,1,0.15,1467715,2101,candidate-elcs-w,629,0.586176000000003,0.0488480000000002,0.295887999999998,1,iid-load15,IID occupancy 15%,iid,0.15,0,0,6263554969,0.147416666666666,3008,0.00117619680851064,1419885,949149,6.8,120,1,10,3,28,16,10,24,46,1,30365471697,5716497843,5716607589,3,54,63,212,1,1,1,0,NaN,1,124,1,24,0.000768,180836,159530,2,0
witness-confirmed-reactivation-same-seed-development,16082009,n5-6dof-zero-loss,N5 6-DOF zero-loss,EXP23U dynamic envelope,fast-early-delivered,1,3,periodic,Witness-confirmed early reactivation / event 3 s,none,5,ring2,6dof,tdma,1,1,0.15,1,0.48,0.29,0.29,0.0476190476190476,0.0476190476190476,0.0592780410222855,0.51703706617161,0,0,10.4239860097773,12.5595138529352,0,1.03676882453775,0.112064676616915,0.32,0.58,0.74,NaN,NaN,3000,1043,530,0,0,2507,1271,1236,0,0,0,0,0,0,0,0,0,1954,0,0,1,32,32,0,0,0,0,0,0,0,0.383058192547325,0,0,0,0,0,0,0,0,0,0,0.273754666666664,3.20409599999997,0,0,1.82199999999997,0,0.657011199999994,44.1666666666667,105.916666666667,0,0.010025485942359,0.0189938935634053,NaN,NaN,0.993878922973499,2507,0,0,0,0,0,0.771314399999999,0,714755,0,110997400,0,15778042179,tdma,fast-early-delivered,none,local-conflict-witness-leases,none,continuous-elcs-replay,NaN,50,NaN,8.83333333333333,7.75,NaN,NaN,NaN,NaN,NaN,NaN,NaN,NaN,1043,NaN,NaN,NaN,0,0,1,0,NaN,NaN,NaN,NaN,NaN,0,0,NaN,0,0,0.273754666666664,1043,nominal,full,1,0,503177815259,0,0,0,0,0,0,0,0,1,0,0,0,0,0,0,0.34011998623945,1,0,NaN,NaN,5,1,0,0,1,188525839077,1043,1043,0.00146005840233609,0.00453205840233609,Inf,1.73472347597681e-18,0.00025,40,35.1191509463345,1,3128559960,5708186684,38707737,133167102,751106092,44314,10,4,3,1,1,6,212,1,24,15,0,0,0,0,15,46,31,1,0,53,100,1288,1858,1,24,1,1,0,1,3170,40,1280,6000,176000,0.0166666666666667,0.0180113636363636,86,101,32,0,1036,7,0,1271,1236,0,1271,1236,0,0,1043,1043,0,1,80,0.08096,194,153,41,0,80,0.08096,194,153,41,0,1,2530,0.08096,0,11.988218815565,6.47155832050983,1,274228,0.00025,40,0.000243350082501015,35.1191509463345,0.000730029201168047,0.00146005840233609,11.99546812288,1,0.000380882651107584,0,1.73472347597681e-18,NaN,NaN,NaN,NaN,1,0.15,714755,2071,candidate-elcs-w,80,0.08096,0.00674666666666666,0.273754666666664,1,iid-load15,IID occupancy 15%,iid,0.15,0,0,6250071814,0.151833333333331,3069,0.00118697068403909,1419885,949149,6.8,120,1,10,3,28,16,10,24,46,1,30346497976,5708218838,5708186684,3,54,63,212,1,1,1,1,63,0,127,1,24,0.000768,160061,159594,0,0
witness-confirmed-reactivation-same-seed-development,16082009,n5-6dof-zero-loss,N5 6-DOF zero-loss,EXP23U dynamic envelope,fast-late-delivered,2,8,periodic,Witness-confirmed early reactivation / event 8 s,none,5,ring2,6dof,tdma,1,1,0.15,1,0.48,0.29,0.29,0.0476190476190476,0.0476190476190476,0.0597770724214585,0.516850574812828,0,0,10.4239860097773,12.5595138529352,0,1.03676567679794,0.114170812603648,0.32,0.58,0.74,NaN,NaN,3000,1043,530,0,0,2507,1271,1236,0,0,0,0,0,0,0,0,0,1954,0,0,1,32,32,0,0,0,0,0,0,0,0.383605422640007,0,0,0,0,0,0,0,0,0,0,0.274682666666664,3.20409599999997,0,0,1.82199999999997,0,0.659238399999994,44.1666666666667,105.916666666667,0,0.0100225756704859,0.0189938935634053,NaN,NaN,0.993878922973499,2507,0,0,0,0,0,0.7468052,0,714755,0,110997400,0,15780471444,tdma,fast-late-delivered,none,local-conflict-witness-leases,none,continuous-elcs-replay,NaN,50,NaN,8.83333333333333,7.75,NaN,NaN,NaN,NaN,NaN,NaN,NaN,NaN,1043,NaN,NaN,NaN,0,0,1,0,NaN,NaN,NaN,NaN,NaN,0,0,NaN,0,0,0.274682666666664,1043,nominal,full,1,0,503177815259,0,0,0,0,0,0,0,0,1,0,0,0,0,0,0,0.34011998623945,1,0,NaN,NaN,5,1,0,0,1,188525839077,1043,1043,0.00146005840233609,0.00453205840233609,Inf,1.73472347597681e-18,0.00025,40,35.1191509463345,1,3184035366,5708186860,38707737,133190517,756689287,44314,10,4,3,1,1,6,212,1,27,18,0,0,0,0,18,49,31,1,0,62,112,1372,2122,1,24,1,1,0,1,3518,40,1280,6000,176000,0.0186666666666667,0.0199886363636364,98,113,38,0,1033,10,0,1271,1236,0,1271,1236,0,0,1043,1043,0,1,92,0.092096,224,170,54,0,92,0.092096,224,170,54,0,1,2878,0.092096,0,11.988218815565,8.67761374785922,1,1225279,0.00025,40,0.000243350082501015,35.1191509463345,0.000730029201168047,0.00146005840233609,11.99546812288,1,0.000380882651107584,0,1.73472347597681e-18,NaN,NaN,NaN,NaN,1,0.15,714755,2071,candidate-elcs-w,92,0.092096,0.00767466666666666,0.274682666666664,1,iid-load15,IID occupancy 15%,iid,0.15,0,0,6250071814,0.151833333333331,3069,0.00118697068403909,1419885,949149,6.8,120,1,10,3,28,16,10,24,46,1,30346497976,5708219014,5708186860,8,142,151,212,1,1,1,1,154,0,236,1,24,0.000768,161312,159685,0,0
witness-confirmed-reactivation-same-seed-development,16082009,n5-6dof-zero-loss,N5 6-DOF zero-loss,EXP23U dynamic envelope,fast-early-response-blackout,3,3,periodic,Witness-confirmed reactivation / event 3 s / RESPONSE blackout,none,5,ring2,6dof,tdma,1,1,0.15,1,0.48,0.29,0.29,0.0476190476190476,0.0476190476190476,0.0741553488293217,0.496492495507983,0,0,10.4239860097773,12.5595138529352,0,1.03676835358683,0.150655058043118,0.44,1.34,1.58,NaN,NaN,3000,947,475,0,0,2315,1161,1154,0,0,0,0,0,0,0,0,0,2049,0,0,1,32,32,0,0,0,0,0,0,0,0.399215304262505,0,0,0,0,0,0,0,0,0,0,0.294650666666665,2.90918399999997,0,0,1.82199999999997,0,0.707161599999996,39.5833333333333,96.75,0,0.0100297972393712,0.0190069040484369,NaN,NaN,0.950981011991317,2315,0,0,0,0,0,0.7235276,0,714755,0,110997400,0,18373910856,tdma,fast-early-response-blackout,none,local-conflict-witness-leases,none,continuous-elcs-replay,NaN,50,NaN,7.91666666666667,4.58333333333333,NaN,NaN,NaN,NaN,NaN,NaN,NaN,NaN,947,NaN,NaN,NaN,0,0,1,0,NaN,NaN,NaN,NaN,NaN,0,0,NaN,0,0,0.294650666666665,947,nominal,full,1,0,503177815259,0,0,0,0,0,0,0,0,1,0,0,0,0,0,0,0.34011998623945,1,0,NaN,NaN,5,1,0,0,1,188525839077,947,947,0.00146005840233609,0.00453205840233609,Inf,1.73472347597681e-18,0.00025,40,35.1191509463345,1,5594909821,5708619531,38707737,134434849,1087503848,44314,10,4,3,1,0,6,212,0,174,162,0,0,0,0,351,379,28,1,1,1052,1432,10612,31162,1,24,1,0,1,1,41798,40,1280,6000,176000,0.238666666666667,0.237488636363636,1418,1433,698,0,886,61,0,1161,1154,0,1161,1154,0,0,947,947,0,1,668,0.626623999999999,1664,941,723,0,668,0.626624000000005,1664,941,723,0,1,19582,0.626624,0,11.983213981815,11.9584141269942,1,1154866,0.00025,40,0.000243350082501015,35.1191509463345,0.000730029201168047,0.00146005840233609,11.99546812288,1,0.000380882651107584,0,1.73472347597681e-18,NaN,NaN,NaN,NaN,1,0.15,714755,2071,candidate-elcs-w,668,0.626624000000005,0.0522186666666671,0.294650666666665,1,iid-load15,IID occupancy 15%,iid,0.15,0,0,6250071814,0.151833333333331,3069,0.00118697068403909,1419885,949149,6.8,120,1,10,3,28,16,10,24,46,1,30346497976,5707976009,5708619531,3,54,63,212,1,1,1,0,NaN,1,127,1,24,0.000768,180836,159530,2,0
witness-confirmed-reactivation-same-seed-development,16082010,n5-6dof-zero-loss,N5 6-DOF zero-loss,EXP23U dynamic envelope,fast-early-delivered,1,3,periodic,Witness-confirmed early reactivation / event 3 s,none,5,ring2,6dof,tdma,1,1,0.15,1,0.48,0.29,0.29,0.0476190476190476,0.0476190476190476,0.0582798916638445,0.516240643568821,0,0,10.5587282623957,12.6463231772602,0,1.03675624942752,0.0957048092868986,0.26,0.380000000000001,0.460000000000001,NaN,NaN,3000,1052,536,0,0,2527,1282,1245,0,0,0,0,0,0,0,0,0,1945,0,0,1,32,32,0,0,0,0,0,0,0,0.386535458266852,0,0,0,0,0,0,0,0,0,0,0.274602666666664,3.23174399999997,0,0,1.84299999999992,0,0.659046399999994,44.6666666666667,106.833333333333,0,0.00997279911985577,0.0189591108500812,NaN,NaN,0.996344719958384,2527,0,0,0,0,0,0.7932482,0,748028,0,110997400,0,15767585059,tdma,fast-early-delivered,none,local-conflict-witness-leases,none,continuous-elcs-replay,NaN,50,NaN,8.93333333333333,8.08333333333333,NaN,NaN,NaN,NaN,NaN,NaN,NaN,NaN,1052,NaN,NaN,NaN,0,0,1,0,NaN,NaN,NaN,NaN,NaN,0,0,NaN,0,0,0.274602666666664,1052,nominal,full,1,0,503615531729,0,0,0,0,0,0,0,0,1,0,0,0,0,0,0,0.113860014880595,1,0,NaN,NaN,5,1,0,0,1,188924720798,1052,1052,0.00146005840233609,0.00453205840233609,Inf,1.73472347597681e-18,0.00025,40,38.8669910140209,1,3046621498,5668002465,38707737,133188597,761392704,44314,10,4,3,1,1,2,212,1,15,15,0,0,0,0,15,36,21,1,0,47,84,1008,1592,1,24,1,1,0,1,2624,40,1280,6000,176000,0.014,0.0149090909090909,84,84,36,0,1045,7,0,1282,1245,0,1282,1245,0,0,1052,1052,0,1,64,0.063488,155,119,36,0,64,0.063488,155,119,36,0,1,1984,0.063488,0,11.9883829413986,6.52812699625103,1,1786647,0.00025,40,0.000221795603220358,38.8669910140209,0.000730029201168047,0.00146005840233609,11.99546812288,1,0.000580991931348862,0,1.73472347597681e-18,NaN,NaN,NaN,NaN,1,0.15,748028,2222,candidate-elcs-w,64,0.063488,0.00529066666666667,0.274602666666664,1,iid-load15,IID occupancy 15%,iid,0.15,0,0,6335889987,0.153583333333326,3120,0.00118141025641026,1419885,949149,6.8,120,1,10,3,28,16,10,24,46,1,30442935382,5668409952,5668002465,3,54,63,212,1,1,1,1,65,0,123,1,24,0.000768,160190,159596,0,0
witness-confirmed-reactivation-same-seed-development,16082010,n5-6dof-zero-loss,N5 6-DOF zero-loss,EXP23U dynamic envelope,fast-late-delivered,2,8,periodic,Witness-confirmed early reactivation / event 8 s,none,5,ring2,6dof,tdma,1,1,0.15,1,0.48,0.29,0.29,0.0476190476190476,0.0476190476190476,0.0587315573673965,0.516072041656677,0,0,10.5587282623957,12.6463231772602,0,1.03675433807957,0.0981094527363182,0.279999999999999,0.380000000000001,0.460000000000001,NaN,NaN,3000,1048,538,0,0,2519,1286,1233,0,0,0,0,0,0,0,0,0,1949,0,0,1,32,32,0,0,0,0,0,0,0,0.386241377811304,0,0,0,0,0,0,0,0,0,0,0.273717333333331,3.21945599999997,0,0,1.84299999999992,0,0.656921599999994,44.8333333333333,107.166666666667,0,0.00998476097778707,0.0189766881940883,NaN,NaN,0.996673668262112,2519,0,0,0,0,0,0.6800913,0,748028,0,110997400,0,15738588925,tdma,fast-late-delivered,none,local-conflict-witness-leases,none,continuous-elcs-replay,NaN,50,NaN,8.96666666666667,8.08333333333333,NaN,NaN,NaN,NaN,NaN,NaN,NaN,NaN,1048,NaN,NaN,NaN,0,0,1,0,NaN,NaN,NaN,NaN,NaN,0,0,NaN,0,0,0.273717333333331,1048,nominal,full,1,0,503615531729,0,0,0,0,0,0,0,0,1,0,0,0,0,0,0,0.113860014880595,1,0,NaN,NaN,5,1,0,0,1,188924720798,1048,1048,0.00146005840233609,0.00453205840233609,Inf,1.73472347597681e-18,0.00025,40,38.8669910140209,1,3040941419,5668002641,38707737,133199997,753676691,44314,10,4,3,1,1,2,212,1,15,15,0,0,0,0,15,36,21,1,0,49,86,1008,1644,1,24,1,1,0,1,2676,40,1280,6000,176000,0.0143333333333333,0.0152045454545455,86,86,36,0,1045,3,0,1286,1233,0,1286,1233,0,0,1048,1048,0,1,66,0.065152,161,121,40,0,66,0.065152,161,121,40,0,1,2036,0.065152,0,11.9883829413986,8.62111307939172,1,1313822,0.00025,40,0.000221795603220358,38.8669910140209,0.000730029201168047,0.00146005840233609,11.99546812288,1,0.000580991931348862,0,1.73472347597681e-18,NaN,NaN,NaN,NaN,1,0.15,748028,2222,candidate-elcs-w,66,0.065152,0.00542933333333333,0.273717333333331,1,iid-load15,IID occupancy 15%,iid,0.15,0,0,6335889987,0.153583333333326,3120,0.00118141025641026,1419885,949149,6.8,120,1,10,3,28,16,10,24,46,1,30442935382,5668410128,5668002641,8,142,151,212,1,1,1,1,153,0,235,1,24,0.000768,161158,159684,0,0
witness-confirmed-reactivation-same-seed-development,16082010,n5-6dof-zero-loss,N5 6-DOF zero-loss,EXP23U dynamic envelope,fast-early-response-blackout,3,3,periodic,Witness-confirmed reactivation / event 3 s / RESPONSE blackout,none,5,ring2,6dof,tdma,1,1,0.15,1,0.48,0.29,0.29,0.0476190476190476,0.0476190476190476,0.0625003378348307,0.516187680622552,0,0,10.5587282623957,12.6463231772602,0,1.03674979927265,0.120364842454394,0.360000000000001,0.540000000000001,0.739999999999998,NaN,NaN,3000,955,493,0,0,2333,1196,1137,0,0,0,0,0,0,0,0,0,2041,0,0,1,32,32,0,0,0,0,0,0,0,0.403811809207266,0,0,0,0,0,0,0,0,0,0,0.294517333333331,2.93375999999997,0,0,1.84299999999992,0,0.706841599999995,41.0833333333333,99.6666666666667,0,0.00994610975689268,0.0188520469783729,NaN,NaN,0.957885195183952,2333,0,0,0,0,0,0.6944046,0,748028,0,110997400,0,18254953863,tdma,fast-early-response-blackout,none,local-conflict-witness-leases,none,continuous-elcs-replay,NaN,50,NaN,8.21666666666667,4.91666666666667,NaN,NaN,NaN,NaN,NaN,NaN,NaN,NaN,955,NaN,NaN,NaN,0,0,1,0,NaN,NaN,NaN,NaN,NaN,0,0,NaN,0,0,0.294517333333331,955,nominal,full,1,0,503615531729,0,0,0,0,0,0,0,0,1,0,0,0,0,0,0,0.113860014880595,1,0,NaN,NaN,5,1,0,0,1,188924720798,955,955,0.00146005840233609,0.00453205840233609,Inf,1.73472347597681e-18,0.00025,40,38.8669910140209,1,5506796175,5667965194,38707737,134448369,1094058121,44314,10,4,3,1,0,2,212,0,163,161,0,0,0,0,350,368,18,1,1,1037,1406,10304,30652,1,24,1,0,1,1,40980,40,1280,6000,176000,0.234333333333333,0.232840909090909,1406,1406,697,0,897,58,0,1196,1137,0,1196,1137,0,0,955,955,0,1,642,0.600447999999999,1599,908,691,0,642,0.600448000000004,1599,908,691,0,1,18764,0.600448,0,11.9829463444538,11.9585773741296,1,1729001,0.00025,40,0.000221795603220358,38.8669910140209,0.000730029201168047,0.00146005840233609,11.99546812288,1,0.000580991931348862,0,1.73472347597681e-18,NaN,NaN,NaN,NaN,1,0.15,748028,2222,candidate-elcs-w,642,0.600448000000004,0.0500373333333336,0.294517333333331,1,iid-load15,IID occupancy 15%,iid,0.15,0,0,6335889987,0.153583333333326,3120,0.00118141025641026,1419885,949149,6.8,120,1,10,3,28,16,10,24,46,1,30442935382,5668644384,5667965194,3,54,63,212,1,1,1,0,NaN,1,123,1,24,0.000768,180836,159530,2,0
witness-confirmed-reactivation-same-seed-development,16082011,n5-6dof-zero-loss,N5 6-DOF zero-loss,EXP23U dynamic envelope,fast-early-delivered,1,3,periodic,Witness-confirmed early reactivation / event 3 s,none,5,ring2,6dof,tdma,1,1,0.15,1,0.48,0.29,0.29,0.0476190476190476,0.0476190476190476,0.051059936968209,0.530162506483988,0,0,10.4289037217013,12.6870562930578,0,1.03673538848127,0.0827529021558872,0.199999999999999,0.279999999999999,0.340000000000002,NaN,NaN,3000,1046,535,0,0,2514,1280,1234,0,0,0,0,0,0,0,0,0,1951,0,0,1,32,32,0,0,0,0,0,0,0,0.380956075304053,0,0,0,0,0,0,0,0,0,0,0.272303999999997,3.21331199999997,0,0,1.788,0,0.653529599999994,44.5833333333333,106.666666666667,0,0.00995660983271053,0.0189173111100505,NaN,NaN,0.99874382818361,2514,0,0,0,0,0,0.7255263,0,1807996,0,110997400,0,15658798004,tdma,fast-early-delivered,none,local-conflict-witness-leases,none,continuous-elcs-replay,NaN,50,NaN,8.91666666666667,8.5,NaN,NaN,NaN,NaN,NaN,NaN,NaN,NaN,1046,NaN,NaN,NaN,0,0,1,0,NaN,NaN,NaN,NaN,NaN,0,0,NaN,0,0,0.272303999999997,1046,nominal,full,1,0,503248705677,0,0,0,0,0,0,0,0,1,0,0,0,0,0,0,0.170425007720309,1,0,NaN,NaN,5,1,0,0,1,188835690694,1046,1046,0.00146005840233609,0.00453205840233609,Inf,1.38777878078145e-17,0.00025,40,27.3167298703161,1,2993988419,5652140046,38707737,133192177,751841298,44314,10,4,3,1,1,3,212,1,16,11,0,0,0,0,11,33,22,1,0,40,74,924,1390,1,24,1,1,0,1,2338,40,1280,6000,176000,0.0123333333333333,0.0132840909090909,73,75,33,0,1044,2,0,1280,1234,0,1280,1234,0,0,1046,1046,0,1,54,0.054336,128,99,29,0,54,0.054336,128,99,29,0,1,1698,0.054336,0,11.9880254560414,6.46900179758871,1,964893,0.00025,40,0.000209791771498963,27.3167298703161,0.000730029201168047,0.00146005840233609,11.99546812288,1,0.00103856776802047,0,1.38777878078145e-17,NaN,NaN,NaN,NaN,1,0.15,1807996,2180,candidate-elcs-w,54,0.054336,0.004528,0.272303999999997,1,iid-load15,IID occupancy 15%,iid,0.15,0,0,6314072765,0.149,3006,0.00118962075848303,1419885,949149,6.8,120,1,10,3,28,16,10,24,46,1,30355226485,5654595198,5652140046,3,54,63,212,1,1,1,1,66,0,124,1,24,0.000768,160256,159597,0,0
witness-confirmed-reactivation-same-seed-development,16082011,n5-6dof-zero-loss,N5 6-DOF zero-loss,EXP23U dynamic envelope,fast-late-delivered,2,8,periodic,Witness-confirmed early reactivation / event 8 s,none,5,ring2,6dof,tdma,1,1,0.15,1,0.48,0.29,0.29,0.0476190476190476,0.0476190476190476,0.0508710242877909,0.530156919232641,0,0,10.4289037217013,12.6870562930578,0,1.03672566311221,0.0820729684908789,0.199999999999999,0.279999999999999,0.340000000000002,NaN,NaN,3000,1054,544,0,0,2530,1298,1232,0,0,0,0,0,0,0,0,0,1943,0,0,1,32,32,0,0,0,0,0,0,0,0.382532586526111,0,0,0,0,0,0,0,0,0,0,0.273701333333331,3.23788799999997,0,0,1.788,0,0.656883199999994,45.3333333333333,108.166666666667,0,0.0099855966754727,0.0189311048061819,NaN,NaN,0.998603003205669,2530,0,0,0,0,0,0.764985399999999,0,1807996,0,110997400,0,15715331749,tdma,fast-late-delivered,none,local-conflict-witness-leases,none,continuous-elcs-replay,NaN,50,NaN,9.06666666666667,8.5,NaN,NaN,NaN,NaN,NaN,NaN,NaN,NaN,1054,NaN,NaN,NaN,0,0,1,0,NaN,NaN,NaN,NaN,NaN,0,0,NaN,0,0,0.273701333333331,1054,nominal,full,1,0,503248705677,0,0,0,0,0,0,0,0,1,0,0,0,0,0,0,0.170425007720309,1,0,NaN,NaN,5,1,0,0,1,188835690694,1054,1054,0.00146005840233609,0.00453205840233609,Inf,1.38777878078145e-17,0.00025,40,27.3167298703161,1,2971549250,5654945289,38707737,133191158,754115408,44314,10,4,3,1,1,3,212,1,13,8,0,0,0,0,8,30,22,1,0,35,66,840,1230,1,24,1,1,0,1,2094,40,1280,6000,176000,0.011,0.0118977272727273,65,67,27,0,1047,7,0,1298,1232,0,1298,1232,0,0,1054,1054,0,1,46,0.046528,110,95,15,0,46,0.046528,110,95,15,0,1,1454,0.046528,0,11.9880254560414,8.5077566287145,1,1279654,0.00025,40,0.000209791771498963,27.3167298703161,0.000730029201168047,0.00146005840233609,11.99546812288,1,0.00103856776802047,0,1.38777878078145e-17,NaN,NaN,NaN,NaN,1,0.15,1807996,2179,candidate-elcs-w,46,0.046528,0.00387733333333333,0.273701333333331,1,iid-load15,IID occupancy 15%,iid,0.15,0,0,6314072765,0.149,3006,0.00118962075848303,1419885,949149,6.8,120,1,10,3,28,16,10,24,46,1,30355226485,5654595374,5654945289,8,142,151,212,1,1,1,1,151,0,235,1,24,0.000768,160853,159682,0,0
witness-confirmed-reactivation-same-seed-development,16082011,n5-6dof-zero-loss,N5 6-DOF zero-loss,EXP23U dynamic envelope,fast-early-response-blackout,3,3,periodic,Witness-confirmed reactivation / event 3 s / RESPONSE blackout,none,5,ring2,6dof,tdma,1,1,0.15,1,0.48,0.29,0.29,0.0476190476190476,0.0476190476190476,0.0627074078210101,0.515619188403873,0,0,10.4289037217013,12.6870562930578,0,1.03673183052729,0.117330016583748,0.359999999999999,0.82,1.04,NaN,NaN,3000,948,484,0,0,2318,1178,1140,0,0,0,0,0,0,0,0,0,2048,0,0,1,32,32,0,0,0,0,0,0,0,0.396725626953728,0,0,0,0,0,0,0,0,0,0,0.291999999999998,2.91225599999997,0,0,1.788,0,0.700799999999995,40.3333333333333,98.1666666666667,0,0.00996112941040189,0.0189142731482091,NaN,NaN,0.950135875076049,2318,0,0,0,0,0,0.744792100000001,0,1807996,0,110997400,0,18085492266,tdma,fast-early-response-blackout,none,local-conflict-witness-leases,none,continuous-elcs-replay,NaN,50,NaN,8.06666666666667,4.41666666666667,NaN,NaN,NaN,NaN,NaN,NaN,NaN,NaN,948,NaN,NaN,NaN,0,0,1,0,NaN,NaN,NaN,NaN,NaN,0,0,NaN,0,0,0.291999999999998,948,nominal,full,1,0,503248705677,0,0,0,0,0,0,0,0,1,0,0,0,0,0,0,0.170425007720309,1,0,NaN,NaN,5,1,0,0,1,188835690694,948,948,0.00146005840233609,0.00453205840233609,Inf,1.38777878078145e-17,0.00025,40,27.3167298703161,1,5427707680,5652426544,38707737,134447922,1072188420,44314,10,4,3,1,0,3,212,0,163,156,0,0,0,0,345,364,19,1,1,1032,1397,10192,30492,1,24,1,0,1,1,40708,40,1280,6000,176000,0.232833333333333,0.231295454545455,1396,1398,695,0,897,51,0,1178,1140,0,1178,1140,0,0,948,948,0,1,633,0.591743999999999,1575,908,667,0,633,0.591744000000003,1575,908,667,0,1,18492,0.591744,0,11.9837214824,11.9582210484643,1,1067712,0.00025,40,0.000209791771498963,27.3167298703161,0.000730029201168047,0.00146005840233609,11.99546812288,1,0.00103856776802047,0,1.38777878078145e-17,NaN,NaN,NaN,NaN,1,0.15,1807996,2180,candidate-elcs-w,633,0.591744000000003,0.0493120000000003,0.291999999999998,1,iid-load15,IID occupancy 15%,iid,0.15,0,0,6314072765,0.149,3006,0.00118962075848303,1419885,949149,6.8,120,1,10,3,28,16,10,24,46,1,30355226485,5654540945,5652426544,3,54,63,212,1,1,1,0,NaN,1,124,1,24,0.000768,180836,159530,2,0
witness-confirmed-reactivation-same-seed-development,16082012,n5-6dof-zero-loss,N5 6-DOF zero-loss,EXP23U dynamic envelope,fast-early-delivered,1,3,periodic,Witness-confirmed early reactivation / event 3 s,none,5,ring2,6dof,tdma,1,1,0.15,1,0.48,0.29,0.29,0.0476190476190476,0.0476190476190476,0.0540753209139001,0.520719192607393,0,0,10.3551274966271,12.5952084940834,0,1.03675004692987,0.0877611940298506,0.239999999999998,0.32,0.380000000000001,NaN,NaN,3000,1049,553,0,0,2519,1326,1193,0,0,0,0,0,0,0,0,0,1948,0,0,1,32,32,0,0,0,0,0,0,0,0.38133590153035,0,0,0,0,0,0,0,0,0,0,0.274687999999997,3.22252799999997,0,0,1.77299999999998,0,0.659251199999994,46.0833333333333,110.5,0,0.0100002758441594,0.0189905324743137,NaN,NaN,0.998869853505577,2519,0,0,0,0,0,0.730628200000001,0,1217581,0,110997400,0,15763195888,tdma,fast-early-delivered,none,local-conflict-witness-leases,none,continuous-elcs-replay,NaN,50,NaN,9.21666666666667,8.66666666666667,NaN,NaN,NaN,NaN,NaN,NaN,NaN,NaN,1049,NaN,NaN,NaN,0,0,1,0,NaN,NaN,NaN,NaN,NaN,0,0,NaN,0,0,0.274687999999997,1049,nominal,full,1,0,503012152668,0,0,0,0,0,0,0,0,1,0,0,0,0,0,0,0.170425007720309,1,0,NaN,NaN,5,1,0,0,1,188865538107,1049,1049,0.00146005840233609,0.00453205840233609,Inf,1.38777878078145e-17,0.00025,40,37.0000349376961,1,3087790772,5701130458,38707737,133181336,759265682,44314,10,4,3,1,1,3,212,1,17,17,0,0,0,0,17,41,24,1,0,52,94,1148,1772,1,24,1,1,0,1,2944,40,1280,6000,176000,0.0156666666666667,0.0167272727272727,88,94,36,0,1043,6,0,1326,1193,0,1326,1193,0,0,1049,1049,0,1,74,0.073728,179,133,46,0,74,0.073728,179,133,46,0,1,2304,0.073728,0,11.9881191643658,6.52802469108602,1,1862286,0.00025,40,0.000189966425526647,37.0000349376961,0.000730029201168047,0.00146005840233609,11.99546812288,1,0.000886716084242067,5.35555319351871e-05,1.38777878078145e-17,NaN,NaN,NaN,NaN,1,0.15,1217581,2020,candidate-elcs-w,74,0.073728,0.006144,0.274687999999997,1,iid-load15,IID occupancy 15%,iid,0.15,0,0,6322388472,0.147749999999999,3003,0.00118042609853529,1419885,949149,6.8,120,1,10,3,28,16,10,24,46,1,30323371234,5701161775,5701130458,3,54,63,212,1,1,1,1,64,0,126,1,24,0.000768,160125,159595,0,0
witness-confirmed-reactivation-same-seed-development,16082012,n5-6dof-zero-loss,N5 6-DOF zero-loss,EXP23U dynamic envelope,fast-late-delivered,2,8,periodic,Witness-confirmed early reactivation / event 8 s,none,5,ring2,6dof,tdma,1,1,0.15,1,0.48,0.29,0.29,0.0476190476190476,0.0476190476190476,0.0545235605325759,0.519975339667513,0,0,10.3551274966271,12.5952084940834,0,1.03674254128727,0.0903316749585404,0.24,0.34,0.42,NaN,NaN,3000,1050,557,0,0,2521,1334,1187,0,0,0,0,0,0,0,0,0,1947,0,0,1,32,32,0,0,0,0,0,0,0,0.381617107868289,0,0,0,0,0,0,0,0,0,0,0.274943999999997,3.22559999999997,0,0,1.77299999999998,0,0.659865599999994,46.4166666666667,111.166666666667,0,0.00999482520495747,0.0190016867150826,NaN,NaN,0.998371707615324,2521,0,0,0,0,0,0.6862181,0,1217581,0,110997400,0,15777747524,tdma,fast-late-delivered,none,local-conflict-witness-leases,none,continuous-elcs-replay,NaN,50,NaN,9.28333333333333,8.66666666666667,NaN,NaN,NaN,NaN,NaN,NaN,NaN,NaN,1050,NaN,NaN,NaN,0,0,1,0,NaN,NaN,NaN,NaN,NaN,0,0,NaN,0,0,0.274943999999997,1050,nominal,full,1,0,503012152668,0,0,0,0,0,0,0,0,1,0,0,0,0,0,0,0.170425007720309,1,0,NaN,NaN,5,1,0,0,1,188865538107,1050,1050,0.00146005840233609,0.00453205840233609,Inf,1.38777878078145e-17,0.00025,40,37.0000349376961,1,3113012306,5699840744,38707737,133192635,757952810,44314,10,4,3,1,1,3,212,1,17,17,0,0,0,0,17,41,24,1,0,52,94,1148,1772,1,24,1,1,0,1,2944,40,1280,6000,176000,0.0156666666666667,0.0167272727272727,88,94,36,0,1043,7,0,1334,1187,0,1334,1187,0,0,1050,1050,0,1,74,0.073728,179,129,50,0,74,0.073728,179,129,50,0,1,2304,0.073728,0,11.9881191643658,8.56438336137128,1,933510,0.00025,40,0.000189966425526647,37.0000349376961,0.000730029201168047,0.00146005840233609,11.99546812288,1,0.000886716084242067,5.35555319351871e-05,1.38777878078145e-17,NaN,NaN,NaN,NaN,1,0.15,1217581,2021,candidate-elcs-w,74,0.073728,0.006144,0.274943999999997,1,iid-load15,IID occupancy 15%,iid,0.15,0,0,6322388472,0.147749999999999,3003,0.00118042609853529,1419885,949149,6.8,120,1,10,3,28,16,10,24,46,1,30323371234,5701161951,5699840744,8,142,151,212,1,1,1,1,152,0,237,1,24,0.000768,161005,159683,0,0
witness-confirmed-reactivation-same-seed-development,16082012,n5-6dof-zero-loss,N5 6-DOF zero-loss,EXP23U dynamic envelope,fast-early-response-blackout,3,3,periodic,Witness-confirmed reactivation / event 3 s / RESPONSE blackout,none,5,ring2,6dof,tdma,1,1,0.15,1,0.48,0.29,0.29,0.0476190476190476,0.0476190476190476,0.0674675846622874,0.503786629041652,0,0,10.3551274966271,12.5952084940834,0,1.0367619391581,0.104461028192371,0.300000000000001,0.4,0.619999999999999,NaN,NaN,3000,954,500,0,0,2329,1220,1109,0,0,0,0,0,0,0,0,0,2042,0,0,1,32,32,0,0,0,0,0,0,0,0.398999522359797,0,0,0,0,0,0,0,0,0,0,0.295221333333331,2.93068799999997,0,0,1.77299999999998,0,0.708531199999995,41.6666666666667,101.666666666667,0,0.0100817284281845,0.0190133888696173,NaN,NaN,0.960393377127271,2329,0,0,0,0,0,0.765863,0,1217581,0,110997400,0,18358627045,tdma,fast-early-response-blackout,none,local-conflict-witness-leases,none,continuous-elcs-replay,NaN,50,NaN,8.33333333333333,5,NaN,NaN,NaN,NaN,NaN,NaN,NaN,NaN,954,NaN,NaN,NaN,0,0,1,0,NaN,NaN,NaN,NaN,NaN,0,0,NaN,0,0,0.295221333333331,954,nominal,full,1,0,503012152668,0,0,0,0,0,0,0,0,1,0,0,0,0,0,0,0.170425007720309,1,0,NaN,NaN,5,1,0,0,1,188865538107,954,954,0.00146005840233609,0.00453205840233609,Inf,1.38777878078145e-17,0.00025,40,37.0000349376961,1,5519640587,5700753894,38707737,134445135,1097094133,44314,10,4,3,1,0,3,212,0,166,162,0,0,0,0,351,372,21,1,1,1045,1418,10416,30900,1,24,1,0,1,1,41340,40,1280,6000,176000,0.236333333333333,0.234886363636364,1412,1418,698,0,894,60,0,1220,1109,0,1220,1109,0,0,954,954,0,1,654,0.611967999999999,1629,948,681,0,654,0.611968000000004,1629,948,681,0,1,19124,0.611968,0,11.9830524808306,11.9583144785134,1,1088731,0.00025,40,0.000189966425526647,37.0000349376961,0.000730029201168047,0.00146005840233609,11.99546812288,1,0.000886716084242067,5.35555319351871e-05,1.38777878078145e-17,NaN,NaN,NaN,NaN,1,0.15,1217581,2020,candidate-elcs-w,654,0.611968000000004,0.0509973333333337,0.295221333333331,1,iid-load15,IID occupancy 15%,iid,0.15,0,0,6322388472,0.147749999999999,3003,0.00118042609853529,1419885,949149,6.8,120,1,10,3,28,16,10,24,46,1,30323371234,5700895049,5700753894,3,54,63,212,1,1,1,0,NaN,1,126,1,24,0.000768,180836,159530,2,0
witness-confirmed-reactivation-same-seed-development,16082013,n5-6dof-zero-loss,N5 6-DOF zero-loss,EXP23U dynamic envelope,fast-early-delivered,1,3,periodic,Witness-confirmed early reactivation / event 3 s,none,5,ring2,6dof,tdma,1,1,0.15,1,0.48,0.29,0.29,0.0476190476190476,0.0476190476190476,0.052608770973177,0.529893589152166,0,0,10.192967470101,12.6472220905215,0,1.03663134741225,0.0990132669983415,0.279999999999999,0.48,0.68,NaN,NaN,3000,1051,546,0,0,2526,1316,1210,0,0,0,0,0,0,0,0,0,1946,0,0,1,32,32,0,0,0,0,0,0,0,0.381592861322543,0,0,0,0,0,0,0,0,0,0,0.274373333333331,3.22867199999997,0,0,1.77599999999997,0,0.658495999999994,45.5,109.666666666667,0,0.00994218907367011,0.0189691235941396,NaN,NaN,0.997644066662205,2526,0,0,0,0,0,0.7120043,0,1306657,0,110997400,0,15769020944,tdma,fast-early-delivered,none,local-conflict-witness-leases,none,continuous-elcs-replay,NaN,50,NaN,9.1,8.33333333333333,NaN,NaN,NaN,NaN,NaN,NaN,NaN,NaN,1051,NaN,NaN,NaN,0,0,1,0,NaN,NaN,NaN,NaN,NaN,0,0,NaN,0,0,0.274373333333331,1051,nominal,full,1,0,503872098400,0,0,0,0,0,0,0,0,1,0,0,0,0,0,0,0.113860014880595,1,0,NaN,NaN,5,1,0,0,1,188586514010,1051,1051,0.00146005840233609,0.00453205840233609,Inf,2.22044604925031e-16,0.00025,40,26.7745522108085,1,3053565429,5675448822,38707737,133194829,761233897,44314,10,4,3,1,1,2,212,1,14,13,0,0,0,0,13,36,23,1,0,47,84,1008,1602,1,24,1,1,0,1,2634,40,1280,6000,176000,0.014,0.0149659090909091,83,85,38,0,1046,5,0,1316,1210,0,1316,1210,0,0,1051,1051,0,1,64,0.063808,152,103,49,0,64,0.063808,152,103,49,0,1,1994,0.063808,0,11.9881156644648,6.58456466516681,1,812611,0.00025,40,0.000170041882214342,26.7745522108085,0.000730029201168047,0.00146005840233609,11.99546812288,1,0.000749775114339712,0,2.22044604925031e-16,NaN,NaN,NaN,NaN,1,0.15,1306657,2052,candidate-elcs-w,64,0.063808,0.00531733333333333,0.274373333333331,1,iid-load15,IID occupancy 15%,iid,0.15,0,0,6247741436,0.147999999999997,3030,0.00117227722772277,1419885,949149,6.8,120,1,10,3,28,16,10,24,46,1,30523935136,5676328516,5675448822,3,54,63,212,1,1,1,1,66,0,123,1,24,0.000768,160256,159597,0,0
witness-confirmed-reactivation-same-seed-development,16082013,n5-6dof-zero-loss,N5 6-DOF zero-loss,EXP23U dynamic envelope,fast-late-delivered,2,8,periodic,Witness-confirmed early reactivation / event 8 s,none,5,ring2,6dof,tdma,1,1,0.15,1,0.48,0.29,0.29,0.0476190476190476,0.0476190476190476,0.0535265920739775,0.529082744701479,0,0,10.192967470101,12.6472220905215,0,1.03663191155056,0.102545605306799,0.300000000000001,0.48,0.68,NaN,NaN,3000,1053,545,0,0,2530,1314,1216,0,0,0,0,0,0,0,0,0,1944,0,0,1,32,32,0,0,0,0,0,0,0,0.381739456836709,0,0,0,0,0,0,0,0,0,0,0.274543999999997,3.23481599999997,0,0,1.77599999999997,0,0.658905599999994,45.4166666666667,109.5,0,0.00996877516631896,0.0189754376000895,NaN,NaN,0.997313858809704,2530,0,0,0,0,0,0.737247100000001,0,1306657,0,110997400,0,15770520932,tdma,fast-late-delivered,none,local-conflict-witness-leases,none,continuous-elcs-replay,NaN,50,NaN,9.08333333333333,8.25,NaN,NaN,NaN,NaN,NaN,NaN,NaN,NaN,1053,NaN,NaN,NaN,0,0,1,0,NaN,NaN,NaN,NaN,NaN,0,0,NaN,0,0,0.274543999999997,1053,nominal,full,1,0,503872098400,0,0,0,0,0,0,0,0,1,0,0,0,0,0,0,0.113860014880595,1,0,NaN,NaN,5,1,0,0,1,188586514010,1053,1053,0.00146005840233609,0.00453205840233609,Inf,2.22044604925031e-16,0.00025,40,26.7745522108085,1,3037427858,5675448998,38707737,133198118,757837744,44314,10,4,3,1,1,2,212,1,12,11,0,0,0,0,11,34,23,1,0,45,80,952,1530,1,24,1,1,0,1,2506,40,1280,6000,176000,0.0133333333333333,0.0142386363636364,79,81,34,0,1048,5,0,1314,1216,0,1314,1216,0,0,1053,1053,0,1,60,0.059712,144,102,42,0,60,0.059712,144,102,42,0,1,1866,0.059712,0,11.9881156644648,8.56436589374394,1,809832,0.00025,40,0.000170041882214342,26.7745522108085,0.000730029201168047,0.00146005840233609,11.99546812288,1,0.000749775114339712,0,2.22044604925031e-16,NaN,NaN,NaN,NaN,1,0.15,1306657,2052,candidate-elcs-w,60,0.059712,0.004976,0.274543999999997,1,iid-load15,IID occupancy 15%,iid,0.15,0,0,6247741436,0.147999999999997,3030,0.00117227722772277,1419885,949149,6.8,120,1,10,3,28,16,10,24,46,1,30523935136,5676328692,5675448998,8,142,151,212,1,1,1,1,152,0,236,1,24,0.000768,161005,159683,0,0
witness-confirmed-reactivation-same-seed-development,16082013,n5-6dof-zero-loss,N5 6-DOF zero-loss,EXP23U dynamic envelope,fast-early-response-blackout,3,3,periodic,Witness-confirmed reactivation / event 3 s / RESPONSE blackout,none,5,ring2,6dof,tdma,1,1,0.15,1,0.48,0.29,0.29,0.0476190476190476,0.0476190476190476,0.0579762184845608,0.523532733852113,0,0,10.192967470101,12.6472220905215,0,1.03663756119962,0.114535655058043,0.34,0.56,0.68,NaN,NaN,3000,962,509,0,0,2348,1242,1106,0,0,0,0,0,0,0,0,0,2034,0,0,1,32,32,0,0,0,0,0,0,0,0.39987927998141,0,0,0,0,0,0,0,0,0,0,0.295743999999998,2.95526399999997,0,0,1.77599999999997,0,0.709785599999995,42.4166666666667,103.5,0,0.00993320466410194,0.0189196959810905,NaN,NaN,0.96432732212979,2348,0,0,0,0,0,0.7199325,0,1306657,0,110997400,0,18256784673,tdma,fast-early-response-blackout,none,local-conflict-witness-leases,none,continuous-elcs-replay,NaN,50,NaN,8.48333333333333,5.25,NaN,NaN,NaN,NaN,NaN,NaN,NaN,NaN,962,NaN,NaN,NaN,0,0,1,0,NaN,NaN,NaN,NaN,NaN,0,0,NaN,0,0,0.295743999999998,962,nominal,full,1,0,503872098400,0,0,0,0,0,0,0,0,1,0,0,0,0,0,0,0.113860014880595,1,0,NaN,NaN,5,1,0,0,1,188586514010,962,962,0.00146005840233609,0.00453205840233609,Inf,2.22044604925031e-16,0.00025,40,26.7745522108085,1,5474696910,5675883121,38707737,134450321,1105338848,44314,10,4,3,1,0,2,212,0,161,158,0,0,0,0,347,366,19,1,1,1031,1398,10248,30496,1,24,1,0,1,1,40768,40,1280,6000,176000,0.233,0.231636363636364,1398,1400,696,0,899,63,0,1242,1106,0,1242,1106,0,0,962,962,0,1,634,0.593663999999999,1576,880,696,0,634,0.593664000000003,1576,880,696,0,1,18552,0.593664,0,11.9832248766176,11.958310857019,1,825676,0.00025,40,0.000170041882214342,26.7745522108085,0.000730029201168047,0.00146005840233609,11.99546812288,1,0.000749775114339712,0,2.22044604925031e-16,NaN,NaN,NaN,NaN,1,0.15,1306657,2052,candidate-elcs-w,634,0.593664000000003,0.0494720000000003,0.295743999999998,1,iid-load15,IID occupancy 15%,iid,0.15,0,0,6247741436,0.147999999999997,3030,0.00117227722772277,1419885,949149,6.8,120,1,10,3,28,16,10,24,46,1,30523935136,5675820732,5675883121,3,54,63,212,1,1,1,0,NaN,1,123,1,24,0.000768,180836,159530,2,0
witness-confirmed-reactivation-same-seed-development,16082014,n5-6dof-zero-loss,N5 6-DOF zero-loss,EXP23U dynamic envelope,fast-early-delivered,1,3,periodic,Witness-confirmed early reactivation / event 3 s,none,5,ring2,6dof,tdma,1,1,0.15,1,0.48,0.29,0.29,0.0476190476190476,0.0476190476190476,0.0603230658355621,0.518253260915364,0,0,10.4730993345213,13.5158965015832,0,1.03676746517294,0.0982669983416251,0.26,0.44,0.56,NaN,NaN,3000,1052,520,0,0,2528,1249,1279,0,0,0,0,0,0,0,0,0,1945,0,0,1,32,32,0,0,0,0,0,0,0,0.381106909041719,0,0,0,0,0,0,0,0,0,0,0.273471999999997,3.23174399999997,0,0,1.81300000000001,0,0.656332799999994,43.3333333333333,104.083333333333,0,0.0100801453882483,0.0190382752099738,NaN,NaN,0.99833856378069,2528,0,0,0,0,0,0.6841762,0,1635729,0,110997400,0,15706692963,tdma,fast-early-delivered,none,local-conflict-witness-leases,none,continuous-elcs-replay,NaN,50,NaN,8.66666666666667,8,NaN,NaN,NaN,NaN,NaN,NaN,NaN,NaN,1052,NaN,NaN,NaN,0,0,1,0,NaN,NaN,NaN,NaN,NaN,0,0,NaN,0,0,0.273471999999997,1052,nominal,full,1,0,503080405337,0,0,0,0,0,0,0,0,1,0,0,0,0,0,0,0.170425007720309,1,0,NaN,NaN,5,1,0,0,1,189150214582,1052,1052,0.00146005840233609,0.00453205840233609,Inf,1.38777878078145e-17,0.00025,40,39.4620563768283,1,2993189365,5670800045,38707737,133180192,753880609,44314,10,4,3,1,1,3,212,1,12,10,0,0,0,0,10,31,21,1,0,38,70,868,1308,1,24,1,1,0,1,2200,40,1280,6000,176000,0.0116666666666667,0.0125,70,70,29,0,1048,4,0,1249,1279,0,1249,1279,0,0,1052,1052,0,1,50,0.04992,121,95,26,0,50,0.04992,121,95,26,0,1,1560,0.04992,0,11.9876932380703,6.47116472363753,1,762347,0.00025,40,0.000196425099395472,39.4620563768283,0.000730029201168047,0.00146005840233609,11.99546812288,1,0.000700302533752861,0,1.38777878078145e-17,NaN,NaN,NaN,NaN,1,0.15,1635729,2169,candidate-elcs-w,50,0.04992,0.00416,0.273471999999997,1,iid-load15,IID occupancy 15%,iid,0.15,0,0,6254954126,0.151083333333334,3138,0.00115551306564691,1419885,949149,6.8,120,1,10,3,28,16,10,24,46,1,30419137338,5670590214,5670800045,3,54,63,212,1,1,1,1,63,0,124,1,24,0.000768,160061,159594,0,0
witness-confirmed-reactivation-same-seed-development,16082014,n5-6dof-zero-loss,N5 6-DOF zero-loss,EXP23U dynamic envelope,fast-late-delivered,2,8,periodic,Witness-confirmed early reactivation / event 8 s,none,5,ring2,6dof,tdma,1,1,0.15,1,0.48,0.29,0.29,0.0476190476190476,0.0476190476190476,0.0612403320392098,0.51669682933528,0,0,10.4730993345213,13.5158965015832,0,1.03676755084518,0.102545605306799,0.28,0.44,0.56,NaN,NaN,3000,1047,511,0,0,2518,1231,1287,0,0,0,0,0,0,0,0,0,1950,0,0,1,32,32,0,0,0,0,0,0,0,0.380774139307731,0,0,0,0,0,0,0,0,0,0,0.273599999999997,3.21638399999997,0,0,1.81300000000001,0,0.656639999999994,42.5833333333333,102.583333333333,0,0.010072837860241,0.0190385959398331,NaN,NaN,0.998073578595318,2518,0,0,0,0,0,0.709513899999999,0,1635729,0,110997400,0,15741464230,tdma,fast-late-delivered,none,local-conflict-witness-leases,none,continuous-elcs-replay,NaN,50,NaN,8.51666666666667,8,NaN,NaN,NaN,NaN,NaN,NaN,NaN,NaN,1047,NaN,NaN,NaN,0,0,1,0,NaN,NaN,NaN,NaN,NaN,0,0,NaN,0,0,0.273599999999997,1047,nominal,full,1,0,503080405337,0,0,0,0,0,0,0,0,1,0,0,0,0,0,0,0.170425007720309,1,0,NaN,NaN,5,1,0,0,1,189150214582,1047,1047,0.00146005840233609,0.00453205840233609,Inf,1.38777878078145e-17,0.00025,40,39.4620563768283,1,3079321840,5670800221,38707737,133212021,756429069,44314,10,4,3,1,1,3,212,1,17,15,0,0,0,0,15,36,21,1,0,51,88,1008,1696,1,24,1,1,0,1,2728,40,1280,6000,176000,0.0146666666666667,0.0155,88,88,39,0,1043,4,0,1231,1287,0,1231,1287,0,0,1047,1047,0,1,68,0.066816,165,120,45,0,68,0.066816,165,120,45,0,1,2088,0.066816,0,11.9876932380703,8.79029571431066,1,1400821,0.00025,40,0.000196425099395472,39.4620563768283,0.000730029201168047,0.00146005840233609,11.99546812288,1,0.000700302533752861,0,1.38777878078145e-17,NaN,NaN,NaN,NaN,1,0.15,1635729,2169,candidate-elcs-w,68,0.066816,0.005568,0.273599999999997,1,iid-load15,IID occupancy 15%,iid,0.15,0,0,6254954126,0.151083333333334,3138,0.00115551306564691,1419885,949149,6.8,120,1,10,3,28,16,10,24,46,1,30419137338,5670590390,5670800221,8,142,151,212,1,1,1,1,156,0,235,1,24,0.000768,161623,159687,0,0
witness-confirmed-reactivation-same-seed-development,16082014,n5-6dof-zero-loss,N5 6-DOF zero-loss,EXP23U dynamic envelope,fast-early-response-blackout,3,3,periodic,Witness-confirmed reactivation / event 3 s / RESPONSE blackout,none,5,ring2,6dof,tdma,1,1,0.15,1,0.48,0.29,0.29,0.0476190476190476,0.0476190476190476,0.0704038272774802,0.505140302683458,0,0,10.4730993345213,13.5158965015832,0,1.03676731254021,0.121517412935323,0.359999999999999,0.5,0.56,NaN,NaN,3000,953,464,0,0,2330,1137,1193,0,0,0,0,0,0,0,0,0,2043,0,0,1,32,32,0,0,0,0,0,0,0,0.397436800296668,0,0,0,0,0,0,0,0,0,0,0.293727999999998,2.92761599999997,0,0,1.81300000000001,0,0.704947199999995,38.6666666666667,94.75,0,0.0101106730480586,0.0190334546545404,NaN,NaN,0.950072812320727,2330,0,0,0,0,0,0.6911303,0,1635729,0,110997400,0,18188208581,tdma,fast-early-response-blackout,none,local-conflict-witness-leases,none,continuous-elcs-replay,NaN,50,NaN,7.73333333333333,4.25,NaN,NaN,NaN,NaN,NaN,NaN,NaN,NaN,953,NaN,NaN,NaN,0,0,1,0,NaN,NaN,NaN,NaN,NaN,0,0,NaN,0,0,0.293727999999998,953,nominal,full,1,0,503080405337,0,0,0,0,0,0,0,0,1,0,0,0,0,0,0,0.170425007720309,1,0,NaN,NaN,5,1,0,0,1,189150214582,953,953,0.00146005840233609,0.00453205840233609,Inf,1.38777878078145e-17,0.00025,40,39.4620563768283,1,5435862942,5671171110,38707737,134448176,1083115691,44314,10,4,3,1,0,3,212,0,162,158,0,0,0,0,347,365,18,1,1,1037,1403,10220,30632,1,24,1,0,1,1,40876,40,1280,6000,176000,0.233833333333333,0.23225,1404,1404,695,0,898,55,0,1137,1193,0,1137,1193,0,0,953,953,0,1,639,0.597119999999999,1593,920,673,0,639,0.597120000000003,1593,920,673,0,1,18660,0.59712,0,11.9828129704468,11.9578892625471,1,1326526,0.00025,40,0.000196425099395472,39.4620563768283,0.000730029201168047,0.00146005840233609,11.99546812288,1,0.000700302533752861,0,1.38777878078145e-17,NaN,NaN,NaN,NaN,1,0.15,1635729,2169,candidate-elcs-w,639,0.597120000000003,0.0497600000000003,0.293727999999998,1,iid-load15,IID occupancy 15%,iid,0.15,0,0,6254954126,0.151083333333334,3138,0.00115551306564691,1419885,949149,6.8,120,1,10,3,28,16,10,24,46,1,30419137338,5671536967,5671171110,3,54,63,212,1,1,1,0,NaN,1,124,1,24,0.000768,180836,159530,2,0
witness-confirmed-reactivation-same-seed-development,16082015,n5-6dof-zero-loss,N5 6-DOF zero-loss,EXP23U dynamic envelope,fast-early-delivered,1,3,periodic,Witness-confirmed early reactivation / event 3 s,none,5,ring2,6dof,tdma,1,1,0.15,1,0.48,0.29,0.29,0.0476190476190476,0.0476190476190476,0.0655315483854547,0.498116906548585,0,0,10.2558036834015,12.5734669804537,0,1.03672902820255,0.117379767827529,0.34,0.5,0.58,NaN,NaN,3000,1052,525,0,0,2527,1274,1253,0,0,0,0,0,0,2,0.00190114068441065,0,1945,0,0,1,32,32,0,0,0,0,0,0,0,0.384075990188074,0,0,0,0,0,0,0,0,0,0,0.273189333333331,3.23174399999997,0,0,1.82600000000001,0,0.655654399999994,43.75,106.166666666667,0,0.0100049059297138,0.0189403602699549,NaN,NaN,0.994946304485155,2527,0,0,0,0,0,0.7197687,0,1671467,0,110997400,0,15684294025,tdma,fast-early-delivered,none,local-conflict-witness-leases,none,continuous-elcs-replay,NaN,50,NaN,8.75,7.83333333333333,NaN,NaN,NaN,NaN,NaN,NaN,NaN,NaN,1052,NaN,NaN,NaN,0,0,1,2,NaN,NaN,NaN,NaN,NaN,0,0,NaN,0,0,0.273189333333331,1052,nominal,full,1,0,503712166238,0,0,0,0,0,0,0,0,1,0,0,0,0,0,0,0.113860014880595,1,0,NaN,NaN,5,1,0,0,1,188976923927,1052,1052,0.00146005840233609,0.00453205840233609,Inf,1.11022302462516e-16,0.00025,40,35.2947993856943,1,3010131446,5624581841,38707737,133184491,754946578,44314,10,4,3,1,1,2,212,1,14,9,1,0,0,1,9,30,21,1,0,35,66,840,1230,1,24,1,1,0,1,2094,40,1280,6000,176000,0.011,0.0118977272727273,67,67,28,0,1046,6,2,1274,1251,2,1274,1251,2,0,1052,1052,0,1,46,0.046528,111,80,31,0,46,0.046528,111,80,31,0,1,1454,0.046528,0,11.9878563825739,6.47122883126983,1,1057846,0.00025,40,0.000234937240842758,35.2947993856943,0.000730029201168047,0.00146005840233609,11.99546812288,1,0.000757434516154731,0.000287392675683725,1.11022302462516e-16,NaN,NaN,NaN,NaN,1,0.15,1671467,2168,candidate-elcs-w,46,0.046528,0.00387733333333333,0.273189333333331,1,iid-load15,IID occupancy 15%,iid,0.15,0,0,6286771451,0.152166666666667,3130,0.0011667731629393,1419885,949149,6.8,120,1,10,3,28,16,10,24,46,1,30437749117,5627123183,5624581841,3,54,63,212,1,1,1,1,64,0,123,1,24,0.000768,160125,159595,0,0
witness-confirmed-reactivation-same-seed-development,16082015,n5-6dof-zero-loss,N5 6-DOF zero-loss,EXP23U dynamic envelope,fast-late-delivered,2,8,periodic,Witness-confirmed early reactivation / event 8 s,none,5,ring2,6dof,tdma,1,1,0.15,1,0.48,0.29,0.29,0.0476190476190476,0.0476190476190476,0.0680895365825776,0.493075996652164,0,0,10.2558036834015,12.5734669804537,0,1.03672862973966,0.127860696517413,0.4,0.600000000000001,0.840000000000001,NaN,NaN,3000,1049,523,0,0,2521,1270,1251,0,0,0,0,0,0,2,0.00190657769304099,0,1948,0,0,1,32,32,0,0,0,0,0,0,0,0.383418845261687,0,0,0,0,0,0,0,0,0,0,0.272282666666664,3.22252799999997,0,0,1.82600000000001,0,0.653478399999994,43.5833333333333,105.833333333333,0,0.00997534447721773,0.01894186235244,NaN,NaN,0.994488174662328,2521,0,0,0,0,0,0.704643900000001,0,1671467,0,110997400,0,15629317257,tdma,fast-late-delivered,none,local-conflict-witness-leases,none,continuous-elcs-replay,NaN,50,NaN,8.71666666666667,7.83333333333333,NaN,NaN,NaN,NaN,NaN,NaN,NaN,NaN,1049,NaN,NaN,NaN,0,0,1,2,NaN,NaN,NaN,NaN,NaN,0,0,NaN,0,0,0.272282666666664,1049,nominal,full,1,0,503712166238,0,0,0,0,0,0,0,0,1,0,0,0,0,0,0,0.113860014880595,1,0,NaN,NaN,5,1,0,0,1,188976923927,1049,1049,0.00146005840233609,0.00453205840233609,Inf,1.11022302462516e-16,0.00025,40,35.2947993856943,1,2986437360,5626665082,38707737,133195992,746908133,44314,10,4,3,1,1,2,212,1,14,9,1,0,0,1,9,30,21,1,0,33,64,840,1178,1,24,1,1,0,1,2042,40,1280,6000,176000,0.0106666666666667,0.0116022727272727,65,65,28,0,1046,3,2,1270,1249,2,1270,1249,2,0,1049,1049,0,1,44,0.044864,105,82,23,0,44,0.044864,105,82,23,0,1,1402,0.044864,0,11.9878563825739,8.56414071278063,1,1108422,0.00025,40,0.000234937240842758,35.2947993856943,0.000730029201168047,0.00146005840233609,11.99546812288,1,0.000757434516154731,0.000287392675683725,1.11022302462516e-16,NaN,NaN,NaN,NaN,1,0.15,1671467,2167,candidate-elcs-w,44,0.044864,0.00373866666666667,0.272282666666664,1,iid-load15,IID occupancy 15%,iid,0.15,0,0,6286771451,0.152166666666667,3130,0.0011667731629393,1419885,949149,6.8,120,1,10,3,28,16,10,24,46,1,30437749117,5627123359,5626665082,8,142,151,212,1,1,1,1,152,0,236,1,24,0.000768,161005,159683,0,0
witness-confirmed-reactivation-same-seed-development,16082015,n5-6dof-zero-loss,N5 6-DOF zero-loss,EXP23U dynamic envelope,fast-early-response-blackout,3,3,periodic,Witness-confirmed reactivation / event 3 s / RESPONSE blackout,none,5,ring2,6dof,tdma,1,1,0.15,1,0.48,0.29,0.29,0.0476190476190476,0.0476190476190476,0.0755893559984899,0.485070260782053,0,0,10.2558036834015,12.5734669804537,0,1.03672751378645,0.157164179104477,0.559999999999999,0.94,1.14,NaN,NaN,3000,957,482,0,0,2337,1188,1149,0,0,0,0,0,0,2,0.00208986415882968,0,2039,0,0,1,32,32,0,0,0,0,0,0,0,0.402202331757639,0,0,0,0,0,0,0,0,0,0,0.294031999999998,2.93990399999997,0,0,1.82600000000001,0,0.705676799999995,40.1666666666667,99,0,0.0100194091588282,0.0188942703083082,NaN,NaN,0.955004727257779,2337,0,0,0,0,0,0.896060299999999,0,1671467,0,110997400,0,18174638702,tdma,fast-early-response-blackout,none,local-conflict-witness-leases,none,continuous-elcs-replay,NaN,50,NaN,8.03333333333333,4.75,NaN,NaN,NaN,NaN,NaN,NaN,NaN,NaN,957,NaN,NaN,NaN,0,0,1,2,NaN,NaN,NaN,NaN,NaN,0,0,NaN,0,0,0.294031999999998,957,nominal,full,1,0,503712166238,0,0,0,0,0,0,0,0,1,0,0,0,0,0,0,0.113860014880595,1,0,NaN,NaN,5,1,0,0,1,188976923927,957,957,0.00146005840233609,0.00453205840233609,Inf,1.11022302462516e-16,0.00025,40,35.2947993856943,1,5487399818,5624726654,38707737,134448448,1086641050,44314,10,4,3,1,0,2,212,0,163,155,1,0,0,1,344,362,18,1,1,1031,1394,10136,30446,1,24,1,0,1,1,40606,40,1280,6000,176000,0.232333333333333,0.230715909090909,1395,1395,692,0,897,60,2,1188,1147,2,1188,1147,2,0,957,957,0,1,630,0.588479999999999,1571,885,686,0,630,0.588480000000003,1571,885,686,0,1,18390,0.58848,0,11.9837722154294,11.9580518719873,1,460682,0.00025,40,0.000234937240842758,35.2947993856943,0.000730029201168047,0.00146005840233609,11.99546812288,1,0.000757434516154731,0.000287392675683725,1.11022302462516e-16,NaN,NaN,NaN,NaN,1,0.15,1671467,2168,candidate-elcs-w,630,0.588480000000003,0.0490400000000003,0.294031999999998,1,iid-load15,IID occupancy 15%,iid,0.15,0,0,6286771451,0.152166666666667,3130,0.0011667731629393,1419885,949149,6.8,120,1,10,3,28,16,10,24,46,1,30437749117,5627114522,5624726654,3,54,63,212,1,1,1,0,NaN,1,123,1,24,0.000768,180836,159530,2,0
witness-confirmed-reactivation-same-seed-development,16082016,n5-6dof-zero-loss,N5 6-DOF zero-loss,EXP23U dynamic envelope,fast-early-delivered,1,3,periodic,Witness-confirmed early reactivation / event 3 s,none,5,ring2,6dof,tdma,1,1,0.15,1,0.48,0.29,0.29,0.0476190476190476,0.0476190476190476,0.0529419447124891,0.530033337533282,0,0,10.2148873893354,12.666037834687,0,1.03681496643537,0.0958043117744609,0.259999999999998,0.337799999999997,0.4,NaN,NaN,3000,1052,538,0,0,2526,1278,1248,0,0,0,0,0,0,2,0.00190114068441065,0,1945,0,0,1,32,32,0,0,0,0,0,0,0,0.379178120838679,0,0,0,0,0,0,0,0,0,0,0.274426666666664,3.23174399999997,0,0,1.74699999999995,0,0.658623999999994,44.8333333333333,106.5,0,0.00997509022757243,0.0189631525980923,NaN,NaN,0.995200110026131,2526,0,0,0,0,0,0.934095900000001,0,1017177,0,110997400,0,15747332197,tdma,fast-early-delivered,none,local-conflict-witness-leases,none,continuous-elcs-replay,NaN,50,NaN,8.96666666666667,8.25,NaN,NaN,NaN,NaN,NaN,NaN,NaN,NaN,1052,NaN,NaN,NaN,0,0,1,2,NaN,NaN,NaN,NaN,NaN,0,0,NaN,0,0,0.274426666666664,1052,nominal,full,1,0,503591143821,0,0,0,0,0,0,0,0,1,0,0,0,0,0,0,0.170425007720309,1,0,NaN,NaN,5,1,0,0,1,189081999675,1052,1052,0.00146005840233609,0.00453205840233609,Inf,4.44089209850063e-16,0.00025,40,39.8007358149048,1,3062866783,5683585343,38707737,133184567,760073551,44314,10,4,3,1,1,3,212,1,14,12,1,0,0,1,12,34,22,1,0,47,82,952,1582,1,24,1,1,0,1,2558,40,1280,6000,176000,0.0136666666666667,0.0145340909090909,77,83,33,0,1046,6,2,1278,1246,2,1278,1246,2,0,1052,1052,0,1,62,0.061376,150,114,36,0,62,0.061376,150,114,36,0,1,1918,0.061376,0,11.987624400167,6.47121668520406,1,1330614,0.00025,40,0.00019485858917,39.8007358149048,0.000730029201168047,0.00146005840233609,11.99546812288,1,0.0011002119339949,9.19447528458933e-05,4.44089209850063e-16,NaN,NaN,NaN,NaN,1,0.15,1017177,2072,candidate-elcs-w,62,0.061376,0.00511466666666667,0.274426666666664,1,iid-load15,IID occupancy 15%,iid,0.15,0,0,6326682717,0.145583333333329,2954,0.00118280297901151,1419885,949149,6.8,120,1,10,3,28,16,10,24,46,1,30382575409,5685592248,5683585343,3,54,63,212,1,1,1,1,64,0,126,1,24,0.000768,160125,159595,0,0
witness-confirmed-reactivation-same-seed-development,16082016,n5-6dof-zero-loss,N5 6-DOF zero-loss,EXP23U dynamic envelope,fast-late-delivered,2,8,periodic,Witness-confirmed early reactivation / event 8 s,none,5,ring2,6dof,tdma,1,1,0.15,1,0.48,0.29,0.29,0.0476190476190476,0.0476190476190476,0.0531951787526092,0.529390559079104,0,0,10.2148873893354,12.666037834687,0,1.03681382939888,0.0964179104477611,0.259999999999998,0.337799999999997,0.4,NaN,NaN,3000,1055,538,0,0,2532,1278,1254,0,0,0,0,0,0,2,0.0018957345971564,0,1942,0,0,1,32,32,0,0,0,0,0,0,0,0.379576943059991,0,0,0,0,0,0,0,0,0,0,0.274885333333331,3.24095999999997,0,0,1.74699999999995,0,0.659724799999994,44.8333333333333,106.5,0,0.0100008010177869,0.0189975328761371,NaN,NaN,0.995200110026131,2532,0,0,0,0,0,0.9306585,0,1017177,0,110997400,0,15777747518,tdma,fast-late-delivered,none,local-conflict-witness-leases,none,continuous-elcs-replay,NaN,50,NaN,8.96666666666667,8.25,NaN,NaN,NaN,NaN,NaN,NaN,NaN,NaN,1055,NaN,NaN,NaN,0,0,1,2,NaN,NaN,NaN,NaN,NaN,0,0,NaN,0,0,0.274885333333331,1055,nominal,full,1,0,503591143821,0,0,0,0,0,0,0,0,1,0,0,0,0,0,0,0.170425007720309,1,0,NaN,NaN,5,1,0,0,1,189081999675,1055,1055,0.00146005840233609,0.00453205840233609,Inf,4.44089209850063e-16,0.00025,40,39.8007358149048,1,3042732210,5685607904,38707737,133191659,759243311,44314,10,4,3,1,1,3,212,1,13,11,1,0,0,1,11,33,22,1,0,44,78,924,1494,1,24,1,1,0,1,2442,40,1280,6000,176000,0.013,0.013875,73,79,31,0,1047,8,2,1278,1252,2,1278,1252,2,0,1055,1055,0,1,58,0.057664,140,112,28,0,58,0.057664,140,112,28,0,1,1802,0.057664,0,11.987624400167,8.50748223277986,1,515062,0.00025,40,0.00019485858917,39.8007358149048,0.000730029201168047,0.00146005840233609,11.99546812288,1,0.0011002119339949,9.19447528458933e-05,4.44089209850063e-16,NaN,NaN,NaN,NaN,1,0.15,1017177,2071,candidate-elcs-w,58,0.057664,0.00480533333333333,0.274885333333331,1,iid-load15,IID occupancy 15%,iid,0.15,0,0,6326682717,0.145583333333329,2954,0.00118280297901151,1419885,949149,6.8,120,1,10,3,28,16,10,24,46,1,30382575409,5685592424,5685607904,8,142,151,212,1,1,1,1,151,0,236,1,24,0.000768,160853,159682,0,0
witness-confirmed-reactivation-same-seed-development,16082016,n5-6dof-zero-loss,N5 6-DOF zero-loss,EXP23U dynamic envelope,fast-early-response-blackout,3,3,periodic,Witness-confirmed reactivation / event 3 s / RESPONSE blackout,none,5,ring2,6dof,tdma,1,1,0.15,1,0.48,0.29,0.29,0.0476190476190476,0.0476190476190476,0.0616099152931292,0.521854405659028,0,0,10.2148873893354,12.666037834687,0,1.03681079272631,0.134278606965174,0.420000000000002,0.720000000000001,0.9,NaN,NaN,3000,959,480,0,0,2340,1162,1178,0,0,0,0,0,0,2,0.00208550573514077,0,2037,0,0,1,32,32,0,0,0,0,0,0,0,0.396180317931899,0,0,0,0,0,0,0,0,0,0,0.295781333333331,2.94604799999997,0,0,1.74699999999995,0,0.709875199999995,40,96.8333333333333,0,0.0099925678270454,0.0189835232050871,NaN,NaN,0.970186963112683,2340,0,0,0,0,0,0.9368321,0,1017177,0,110997400,0,18304629541,tdma,fast-early-response-blackout,none,local-conflict-witness-leases,none,continuous-elcs-replay,NaN,50,NaN,8,5.25,NaN,NaN,NaN,NaN,NaN,NaN,NaN,NaN,959,NaN,NaN,NaN,0,0,1,2,NaN,NaN,NaN,NaN,NaN,0,0,NaN,0,0,0.295781333333331,959,nominal,full,1,0,503591143821,0,0,0,0,0,0,0,0,1,0,0,0,0,0,0,0.170425007720309,1,0,NaN,NaN,5,1,0,0,1,189081999675,959,959,0.00146005840233609,0.00453205840233609,Inf,4.44089209850063e-16,0.00025,40,39.8007358149048,1,5517879666,5683862127,38707737,134448524,1095183484,44314,10,4,3,1,0,3,212,0,163,158,1,0,0,1,347,366,19,1,1,1043,1410,10248,30798,1,24,1,0,1,1,41070,40,1280,6000,176000,0.235,0.233352272727273,1405,1411,697,0,897,62,2,1162,1176,2,1162,1176,2,0,959,959,0,1,646,0.603327999999999,1610,900,710,0,646,0.603328000000004,1610,900,710,0,1,18854,0.603328,0,11.983452188233,11.9578210772833,1,800976,0.00025,40,0.00019485858917,39.8007358149048,0.000730029201168047,0.00146005840233609,11.99546812288,1,0.00118595911965791,9.19447528458933e-05,4.44089209850063e-16,NaN,NaN,NaN,NaN,1,0.15,1017177,2072,candidate-elcs-w,646,0.603328000000004,0.0502773333333336,0.295781333333331,1,iid-load15,IID occupancy 15%,iid,0.15,0,0,6326682717,0.145583333333329,2954,0.00118280297901151,1419885,949149,6.8,120,1,10,3,28,16,10,24,46,1,30382575409,5685905874,5683862127,3,54,63,212,1,1,1,0,NaN,1,126,1,24,0.000768,180836,159530,2,0
witness-confirmed-reactivation-same-seed-development,16082017,n5-6dof-zero-loss,N5 6-DOF zero-loss,EXP23U dynamic envelope,fast-early-delivered,1,3,periodic,Witness-confirmed early reactivation / event 3 s,none,5,ring2,6dof,tdma,1,1,0.15,1,0.48,0.29,0.29,0.0476190476190476,0.0476190476190476,0.055763939624438,0.52412688422641,0,0,10.0742912453012,12.4432511040164,0,1.03668270372032,0.101011608623549,0.279999999999999,0.4,0.459999999999999,NaN,NaN,3000,1051,531,0,0,2521,1284,1237,0,0,0,0,0,0,2,0.00190294957183635,0,1946,0,0,1,32,32,0,0,0,0,0,0,0,0.384137991282823,0,0,0,0,0,0,0,0,0,0,0.275477333333331,3.22867199999997,0,0,1.83299999999999,0,0.661145599999994,44.25,107,0,0.01003375999351,0.018979793800685,NaN,NaN,0.995115495244313,2521,0,0,0,0,0,1.0118141,0,1078279,0,110997400,0,15807577217,tdma,fast-early-delivered,none,local-conflict-witness-leases,none,continuous-elcs-replay,NaN,50,NaN,8.85,7.66666666666667,NaN,NaN,NaN,NaN,NaN,NaN,NaN,NaN,1051,NaN,NaN,NaN,0,0,1,2,NaN,NaN,NaN,NaN,NaN,0,0,NaN,0,0,0.275477333333331,1051,nominal,full,1,0,503399077072,0,0,0,0,0,0,0,0,1,0,0,0,0,0,0,0.226990000560022,1,0,NaN,NaN,5,1,0,0,1,188751082959,1051,1051,0.00146005840233609,0.00453205840233609,Inf,1.38777878078145e-17,0.00025,40,33.1483507495972,1,3117281068,5657002123,38707737,133175354,760665523,44314,10,4,3,1,1,4,212,1,17,20,1,0,0,1,20,41,21,1,0,56,98,1148,1876,1,24,1,1,0,1,3048,40,1280,6000,176000,0.0163333333333333,0.0173181818181818,92,98,40,0,1043,8,2,1284,1235,2,1284,1235,2,0,1051,1051,0,1,78,0.077056,192,140,52,0,78,0.077056,192,140,52,0,1,2408,0.077056,0,11.9880991559537,6.64109705413908,1,1288508,0.00025,40,9.11056032410439e-05,33.1483507495972,0.000730029201168047,0.00146005840233609,11.99546812288,1,0.00117163670677201,0.000165503673737626,1.38777878078145e-17,NaN,NaN,NaN,NaN,1,0.15,1078279,2193,candidate-elcs-w,78,0.077056,0.00642133333333333,0.275477333333331,1,iid-load15,IID occupancy 15%,iid,0.15,0,0,6235048904,0.152749999999999,3112,0.0011780205655527,1419885,949149,6.8,120,1,10,3,28,16,10,24,46,1,30386079930,5658523934,5657002123,3,54,63,212,1,1,1,1,63,0,125,1,24,0.000768,160061,159594,0,0
witness-confirmed-reactivation-same-seed-development,16082017,n5-6dof-zero-loss,N5 6-DOF zero-loss,EXP23U dynamic envelope,fast-late-delivered,2,8,periodic,Witness-confirmed early reactivation / event 8 s,none,5,ring2,6dof,tdma,1,1,0.15,1,0.48,0.29,0.29,0.0476190476190476,0.0476190476190476,0.0594313701216267,0.521372968044933,0,0,10.0742912453012,12.4432511040164,0,1.03668600367331,0.115555555555556,0.34,0.72,0.96,NaN,NaN,3000,1048,524,0,0,2515,1270,1245,0,0,0,0,0,0,2,0.00190839694656489,0,1949,0,0,1,32,32,0,0,0,0,0,0,0,0.383530550549074,0,0,0,0,0,0,0,0,0,0,0.275189333333331,3.21945599999997,0,0,1.83299999999999,0,0.660454399999994,43.6666666666667,105.833333333333,0,0.0100146282505083,0.0189800414746055,NaN,NaN,0.990712610499729,2515,0,0,0,0,0,0.996458699999999,0,1078279,0,110997400,0,15812208590,tdma,fast-late-delivered,none,local-conflict-witness-leases,none,continuous-elcs-replay,NaN,50,NaN,8.73333333333333,7.08333333333333,NaN,NaN,NaN,NaN,NaN,NaN,NaN,NaN,1048,NaN,NaN,NaN,0,0,1,2,NaN,NaN,NaN,NaN,NaN,0,0,NaN,0,0,0.275189333333331,1048,nominal,full,1,0,503399077072,0,0,0,0,0,0,0,0,1,0,0,0,0,0,0,0.226990000560022,1,0,NaN,NaN,5,1,0,0,1,188751082959,1048,1048,0.00146005840233609,0.00453205840233609,Inf,1.38777878078145e-17,0.00025,40,33.1483507495972,1,3144995537,5656953876,38707737,133194865,758338066,44314,10,4,3,1,1,4,212,1,19,22,1,0,0,1,22,43,21,1,0,60,104,1204,2000,1,24,1,1,0,1,3228,40,1280,6000,176000,0.0173333333333333,0.0183409090909091,98,104,44,0,1041,7,2,1270,1243,2,1270,1243,2,0,1048,1048,0,1,84,0.082816,206,140,66,0,84,0.082816,206,140,66,0,1,2588,0.082816,0,11.9880991559537,8.6209045223858,1,501511,0.00025,40,9.11056032410439e-05,33.1483507495972,0.000730029201168047,0.00146005840233609,11.99546812288,1,0.00117163670677201,0.000165503673737626,1.38777878078145e-17,NaN,NaN,NaN,NaN,1,0.15,1078279,2193,candidate-elcs-w,84,0.082816,0.00690133333333333,0.275189333333331,1,iid-load15,IID occupancy 15%,iid,0.15,0,0,6235048904,0.152749999999999,3112,0.0011780205655527,1419885,949149,6.8,120,1,10,3,28,16,10,24,46,1,30386079930,5658524110,5656953876,8,142,151,212,1,1,1,1,153,0,236,1,24,0.000768,161158,159684,0,0
witness-confirmed-reactivation-same-seed-development,16082017,n5-6dof-zero-loss,N5 6-DOF zero-loss,EXP23U dynamic envelope,fast-early-response-blackout,3,3,periodic,Witness-confirmed reactivation / event 3 s / RESPONSE blackout,none,5,ring2,6dof,tdma,1,1,0.15,1,0.48,0.29,0.29,0.0476190476190476,0.0476190476190476,0.0702923588180325,0.504064807433455,0,0,10.0742912453012,12.4432511040164,0,1.03666848754514,0.174378109452736,0.76,1.04,1.2,NaN,NaN,3000,950,486,0,0,2319,1194,1125,0,0,0,0,0,0,2,0.00210526315789474,0,2046,0,0,1,32,32,0,0,0,0,0,0,0,0.400349801626729,0,0,0,0,0,0,0,0,0,0,0.294549333333331,2.91839999999997,0,0,1.83299999999999,0,0.706918399999996,40.5,99.5,0,0.0100108552530504,0.0189332482965767,NaN,NaN,0.937025429444202,2319,0,0,0,0,0,0.831725,0,1078279,0,110997400,0,18293508903,tdma,fast-early-response-blackout,none,local-conflict-witness-leases,none,continuous-elcs-replay,NaN,50,NaN,8.1,3.91666666666667,NaN,NaN,NaN,NaN,NaN,NaN,NaN,NaN,950,NaN,NaN,NaN,0,0,1,2,NaN,NaN,NaN,NaN,NaN,0,0,NaN,0,0,0.294549333333331,950,nominal,full,1,0,503399077072,0,0,0,0,0,0,0,0,1,0,0,0,0,0,0,0.226990000560022,1,0,NaN,NaN,5,1,0,0,1,188751082959,950,950,0.00146005840233609,0.00453205840233609,Inf,1.38777878078145e-17,0.00025,40,33.1483507495972,1,5543237724,5657105221,38707737,134443417,1095965958,44314,10,4,3,1,0,4,212,0,167,167,1,0,0,1,356,374,18,1,1,1046,1421,10472,30976,1,24,1,0,1,1,41472,40,1280,6000,176000,0.236833333333333,0.235636363636364,1418,1424,700,0,893,57,2,1194,1123,2,1194,1123,2,0,950,950,0,1,657,0.616191999999999,1638,912,726,0,657,0.616192000000004,1638,912,726,0,1,19256,0.616192,0,11.9833235072162,11.9582942545731,1,1958415,0.00025,40,9.11056032410439e-05,33.1483507495972,0.000730029201168047,0.00146005840233609,11.99546812288,1,0.00110569758057011,0.000165503673737626,1.38777878078145e-17,NaN,NaN,NaN,NaN,1,0.15,1078279,2193,candidate-elcs-w,657,0.616192000000004,0.0513493333333337,0.294549333333331,1,iid-load15,IID occupancy 15%,iid,0.15,0,0,6235048904,0.152749999999999,3112,0.0011780205655527,1419885,949149,6.8,120,1,10,3,28,16,10,24,46,1,30386079930,5658658150,5657105221,3,54,63,212,1,1,1,0,NaN,1,125,1,24,0.000768,180836,159530,2,0
witness-confirmed-reactivation-same-seed-development,16082018,n5-6dof-zero-loss,N5 6-DOF zero-loss,EXP23U dynamic envelope,fast-early-delivered,1,3,periodic,Witness-confirmed early reactivation / event 3 s,none,5,ring2,6dof,tdma,1,1,0.15,1,0.48,0.29,0.29,0.0476190476190476,0.0476190476190476,0.0541627180054817,0.526458490964098,0,0,10.7213239957767,12.986343328044,0,1.03686190884912,0.0937728026533996,0.240000000000001,0.359999999999999,0.440000000000001,NaN,NaN,3000,1048,555,0,0,2519,1338,1181,0,0,0,0,0,0,2,0.00190839694656489,0,1949,0,0,1,32,32,0,0,0,0,0,0,0,0.381697270775133,0,0,0,0,0,0,0,0,0,0,0.274159999999997,3.21945599999997,0,0,1.77,0,0.657983999999994,46.25,111.5,0,0.00997133351922279,0.0189288886848067,NaN,NaN,0.997183508959355,2519,0,0,0,0,0,0.729597,0,1326650,0,110997400,0,15741876236,tdma,fast-early-delivered,none,local-conflict-witness-leases,none,continuous-elcs-replay,NaN,50,NaN,9.25,8.41666666666667,NaN,NaN,NaN,NaN,NaN,NaN,NaN,NaN,1048,NaN,NaN,NaN,0,0,1,2,NaN,NaN,NaN,NaN,NaN,0,0,NaN,0,0,0.274159999999997,1048,nominal,full,1,0,503277126825,0,0,0,0,0,0,0,0,1,0,0,0,0,0,0,0.226990000560022,1,0,NaN,NaN,5,1,0,0,1,188864397277,1048,1048,0.00146005840233609,0.00453205840233609,Inf,1.73472347597681e-18,0.00025,40,21.8155330901583,1,3075013898,5661460369,38707737,133182655,758703950,44314,10,4,3,1,1,4,212,1,20,17,1,0,0,1,17,38,21,1,0,49,88,1064,1754,1,24,1,1,0,1,2842,40,1280,6000,176000,0.0146666666666667,0.0161477272727273,97,97,42,0,1040,8,2,1338,1179,2,1338,1179,2,0,1048,1048,0,1,68,0.070464,165,118,47,0,68,0.070464,165,118,47,0,1,2202,0.070464,0,11.9879822407972,6.52798133653756,1,1174676,0.00025,40,0.000185414272589005,21.8155330901583,0.000730029201168047,0.00146005840233609,11.99546812288,1,0.00113603780460101,7.79153219331863e-05,1.73472347597681e-18,NaN,NaN,NaN,NaN,1,0.15,1326650,2071,candidate-elcs-w,68,0.070464,0.005872,0.274159999999997,1,iid-load15,IID occupancy 15%,iid,0.15,0,0,6322475620,0.1475,2978,0.00118871725990598,1419885,949149,6.8,120,1,10,3,28,16,10,24,46,1,30541670512,5662256719,5661460369,3,54,63,212,1,1,1,1,65,0,125,1,24,0.000768,160190,159596,0,0
witness-confirmed-reactivation-same-seed-development,16082018,n5-6dof-zero-loss,N5 6-DOF zero-loss,EXP23U dynamic envelope,fast-late-delivered,2,8,periodic,Witness-confirmed early reactivation / event 8 s,none,5,ring2,6dof,tdma,1,1,0.15,1,0.48,0.29,0.29,0.0476190476190476,0.0476190476190476,0.0543848745881671,0.526259657045619,0,0,10.7213239957767,12.986343328044,0,1.0368580413132,0.0946019900497512,0.240000000000001,0.359999999999999,0.440000000000001,NaN,NaN,3000,1049,561,0,0,2521,1350,1171,0,0,0,0,0,0,2,0.00190657769304099,0,1948,0,0,1,32,32,0,0,0,0,0,0,0,0.382198577987895,0,0,0,0,0,0,0,0,0,0,0.274138666666664,3.22252799999997,0,0,1.77,0,0.657932799999994,46.75,112.5,0,0.00996540116424872,0.0189440721728058,NaN,NaN,0.996977904490378,2521,0,0,0,0,0,0.741074,0,1326650,0,110997400,0,15761486474,tdma,fast-late-delivered,none,local-conflict-witness-leases,none,continuous-elcs-replay,NaN,50,NaN,9.35,8.41666666666667,NaN,NaN,NaN,NaN,NaN,NaN,NaN,NaN,1049,NaN,NaN,NaN,0,0,1,2,NaN,NaN,NaN,NaN,NaN,0,0,NaN,0,0,0.274138666666664,1049,nominal,full,1,0,503277126825,0,0,0,0,0,0,0,0,1,0,0,0,0,0,0,0.226990000560022,1,0,NaN,NaN,5,1,0,0,1,188864397277,1049,1049,0.00146005840233609,0.00453205840233609,Inf,1.73472347597681e-18,0.00025,40,21.8155330901583,1,3050856403,5661460545,38707737,133194055,753980491,44314,10,4,3,1,1,4,212,1,20,17,1,0,0,1,17,38,21,1,0,45,84,1064,1650,1,24,1,1,0,1,2738,40,1280,6000,176000,0.014,0.0155568181818182,93,93,42,0,1040,9,2,1350,1169,2,1350,1169,2,0,1049,1049,0,1,64,0.067136,153,111,42,0,64,0.067136,153,111,42,0,1,2098,0.067136,0,11.9879822407972,8.62086965923724,1,459213,0.00025,40,0.000185414272589005,21.8155330901583,0.000730029201168047,0.00146005840233609,11.99546812288,1,0.00113603780460101,7.79153219331863e-05,1.73472347597681e-18,NaN,NaN,NaN,NaN,1,0.15,1326650,2071,candidate-elcs-w,64,0.067136,0.00559466666666667,0.274138666666664,1,iid-load15,IID occupancy 15%,iid,0.15,0,0,6322475620,0.1475,2978,0.00118871725990598,1419885,949149,6.8,120,1,10,3,28,16,10,24,46,1,30541670512,5662256895,5661460545,8,142,151,212,1,1,1,1,153,0,237,1,24,0.000768,161158,159684,0,0
witness-confirmed-reactivation-same-seed-development,16082018,n5-6dof-zero-loss,N5 6-DOF zero-loss,EXP23U dynamic envelope,fast-early-response-blackout,3,3,periodic,Witness-confirmed reactivation / event 3 s / RESPONSE blackout,none,5,ring2,6dof,tdma,1,1,0.15,1,0.48,0.29,0.29,0.0476190476190476,0.0476190476190476,0.0616169654853661,0.512714917470796,0,0,10.7213239957767,12.986343328044,0,1.03685200943954,0.132860696517413,0.42,0.800000000000001,1.04,NaN,NaN,3000,956,501,0,0,2335,1230,1105,0,0,0,0,0,0,2,0.00209205020920502,0,2040,0,0,1,32,32,0,0,0,0,0,0,0,0.398815057780557,0,0,0,0,0,0,0,0,0,0,0.295151999999998,2.93683199999997,0,0,1.77,0,0.708364799999995,41.75,102.5,0,0.0100153159077485,0.0188996738471259,NaN,NaN,0.950491337688157,2335,0,0,0,0,0,0.6877997,0,1326650,0,110997400,0,18244925135,tdma,fast-early-response-blackout,none,local-conflict-witness-leases,none,continuous-elcs-replay,NaN,50,NaN,8.35,4.66666666666667,NaN,NaN,NaN,NaN,NaN,NaN,NaN,NaN,956,NaN,NaN,NaN,0,0,1,2,NaN,NaN,NaN,NaN,NaN,0,0,NaN,0,0,0.295151999999998,956,nominal,full,1,0,503277126825,0,0,0,0,0,0,0,0,1,0,0,0,0,0,0,0.226990000560022,1,0,NaN,NaN,5,1,0,0,1,188864397277,956,956,0.00146005840233609,0.00453205840233609,Inf,1.73472347597681e-18,0.00025,40,21.8155330901583,1,5477285334,5661892032,38707737,134442427,1091716510,44314,10,4,3,1,0,4,212,0,168,161,1,0,0,1,350,368,18,1,1,1039,1408,10304,30794,1,24,1,0,1,1,41122,40,1280,6000,176000,0.234666666666667,0.233647727272727,1417,1417,702,0,892,64,2,1230,1103,2,1230,1103,2,0,956,956,0,1,644,0.604991999999999,1605,917,688,0,644,0.604992000000004,1605,917,688,0,1,18906,0.604992,0,11.9833120813755,11.9581780657043,1,727133,0.00025,40,0.000185414272589005,21.8155330901583,0.000730029201168047,0.00146005840233609,11.99546812288,1,0.00113603780460101,7.79153219331863e-05,1.73472347597681e-18,NaN,NaN,NaN,NaN,1,0.15,1326650,2071,candidate-elcs-w,644,0.604992000000004,0.0504160000000003,0.295151999999998,1,iid-load15,IID occupancy 15%,iid,0.15,0,0,6322475620,0.1475,2978,0.00118871725990598,1419885,949149,6.8,120,1,10,3,28,16,10,24,46,1,30541670512,5662188234,5661892032,3,54,63,212,1,1,1,0,NaN,1,125,1,24,0.000768,180836,159530,2,0
witness-confirmed-reactivation-same-seed-development,16082019,n5-6dof-zero-loss,N5 6-DOF zero-loss,EXP23U dynamic envelope,fast-early-delivered,1,3,periodic,Witness-confirmed early reactivation / event 3 s,none,5,ring2,6dof,tdma,1,1,0.15,1,0.48,0.29,0.29,0.0476190476190476,0.0476190476190476,0.0606352452536464,0.516467587489733,0,0,10.1854768636448,12.6291710520975,0,1.03673451518458,0.108847429519071,0.300000000000001,0.460000000000001,0.56,NaN,NaN,3000,1048,517,0,0,2519,1230,1289,0,0,0,0,0,0,0,0,0,1949,0,0,1,32,32,0,0,0,0,0,0,0,0.379557358717111,0,0,0,0,0,0,0,0,0,0,0.272005333333331,3.21945599999997,0,0,1.8,0,0.652812799999994,43.0833333333333,102.5,0,0.00997460498520045,0.0189683556583866,NaN,NaN,0.995582456467083,2519,0,0,0,0,0,0.7256218,0,1725451,0,110997400,0,15645430546,tdma,fast-early-delivered,none,local-conflict-witness-leases,none,continuous-elcs-replay,NaN,50,NaN,8.61666666666667,7.91666666666667,NaN,NaN,NaN,NaN,NaN,NaN,NaN,NaN,1048,NaN,NaN,NaN,0,0,1,0,NaN,NaN,NaN,NaN,NaN,0,0,NaN,0,0,0.272005333333331,1048,nominal,full,1,0,503837342411,0,0,0,0,0,0,0,0,1,0,0,0,0,0,0,0.113860014880595,1,0,NaN,NaN,5,1,0,0,1,189026251331,1048,1048,0.00146005840233609,0.00453205840233609,Inf,2.71050543121376e-20,0.00025,40,21.7752352999215,1,2968182094,5650806007,38707737,133185172,749215553,44314,10,4,3,1,1,2,212,1,13,6,0,0,0,0,6,28,22,1,0,36,65,784,1226,1,24,1,1,0,1,2034,40,1280,6000,176000,0.0108333333333333,0.0115568181818182,62,65,26,0,1047,1,0,1230,1289,0,1230,1289,0,0,1048,1048,0,1,45,0.044608,110,92,18,0,45,0.044608,110,92,18,0,1,1394,0.044608,0,11.9879498263506,6.47124379902868,1,1245387,0.00025,40,0.000238077459014162,21.7752352999215,0.000730029201168047,0.00146005840233609,11.99546812288,1,0.0011170241723128,0,2.71050543121376e-20,NaN,NaN,NaN,NaN,1,0.15,1725451,2179,candidate-elcs-w,45,0.044608,0.00371733333333333,0.272005333333331,1,iid-load15,IID occupancy 15%,iid,0.15,0,0,6308969933,0.15,3050,0.00118032786885246,1419885,949149,6.8,120,1,10,3,28,16,10,24,46,1,30396702592,5650920104,5650806007,3,54,63,212,1,1,1,1,64,0,123,1,24,0.000768,160125,159595,0,0
witness-confirmed-reactivation-same-seed-development,16082019,n5-6dof-zero-loss,N5 6-DOF zero-loss,EXP23U dynamic envelope,fast-late-delivered,2,8,periodic,Witness-confirmed early reactivation / event 8 s,none,5,ring2,6dof,tdma,1,1,0.15,1,0.48,0.29,0.29,0.0476190476190476,0.0476190476190476,0.0604034984189343,0.516610678229921,0,0,10.1854768636448,12.6291710520975,0,1.03672855601962,0.106890547263682,0.299999999999999,0.420000000000002,0.520000000000001,NaN,NaN,3000,1051,520,0,0,2525,1236,1289,0,0,0,0,0,0,0,0,0,1946,0,0,1,32,32,0,0,0,0,0,0,0,0.380495221512802,0,0,0,0,0,0,0,0,0,0,0.272943999999997,3.22867199999997,0,0,1.8,0,0.655065599999994,43.3333333333333,103,0,0.00996225471045579,0.0189990177527299,NaN,NaN,0.99565505560056,2525,0,0,0,0,0,0.6777257,0,1725451,0,110997400,0,15705608818,tdma,fast-late-delivered,none,local-conflict-witness-leases,none,continuous-elcs-replay,NaN,50,NaN,8.66666666666667,7.91666666666667,NaN,NaN,NaN,NaN,NaN,NaN,NaN,NaN,1051,NaN,NaN,NaN,0,0,1,0,NaN,NaN,NaN,NaN,NaN,0,0,NaN,0,0,0.272943999999997,1051,nominal,full,1,0,503837342411,0,0,0,0,0,0,0,0,1,0,0,0,0,0,0,0.113860014880595,1,0,NaN,NaN,5,1,0,0,1,189026251331,1051,1051,0.00146005840233609,0.00453205840233609,Inf,2.71050543121376e-20,0.00025,40,21.7752352999215,1,2972251568,5650806183,38707737,133200678,751981237,44314,10,4,3,1,1,2,212,1,14,7,0,0,0,0,7,29,22,1,0,37,67,812,1262,1,24,1,1,0,1,2098,40,1280,6000,176000,0.0111666666666667,0.0119204545454545,64,67,28,0,1046,5,0,1236,1289,0,1236,1289,0,0,1051,1051,0,1,47,0.046656,114,94,20,0,47,0.046656,114,94,20,0,1,1458,0.046656,0,11.9879498263506,8.62075144361325,1,866889,0.00025,40,0.000238077459014162,21.7752352999215,0.000730029201168047,0.00146005840233609,11.99546812288,1,0.0011170241723128,0,2.71050543121376e-20,NaN,NaN,NaN,NaN,1,0.15,1725451,2179,candidate-elcs-w,47,0.046656,0.003888,0.272943999999997,1,iid-load15,IID occupancy 15%,iid,0.15,0,0,6308969933,0.15,3050,0.00118032786885246,1419885,949149,6.8,120,1,10,3,28,16,10,24,46,1,30396702592,5650920280,5650806183,8,142,151,212,1,1,1,1,153,0,235,1,24,0.000768,161158,159684,0,0
witness-confirmed-reactivation-same-seed-development,16082019,n5-6dof-zero-loss,N5 6-DOF zero-loss,EXP23U dynamic envelope,fast-early-response-blackout,3,3,periodic,Witness-confirmed reactivation / event 3 s / RESPONSE blackout,none,5,ring2,6dof,tdma,1,1,0.15,1,0.48,0.29,0.29,0.0476190476190476,0.0476190476190476,0.0630849445411397,0.515346863326025,0,0,10.1854768636448,12.6291710520975,0,1.03673720844164,0.117155887230514,0.34,0.5,0.619999999999999,NaN,NaN,3000,955,481,0,0,2333,1158,1175,0,0,0,0,0,0,0,0,0,2041,0,0,1,32,32,0,0,0,0,0,0,0,0.398038169402107,0,0,0,0,0,0,0,0,0,0,0.293487999999998,2.93375999999997,0,0,1.8,0,0.704371199999995,40.0833333333333,96.5,0,0.00996673157387256,0.0189396827376878,NaN,NaN,0.971146137217453,2333,0,0,0,0,0,0.7184662,0,1725451,0,110997400,0,18162545899,tdma,fast-early-response-blackout,none,local-conflict-witness-leases,none,continuous-elcs-replay,NaN,50,NaN,8.01666666666667,5.5,NaN,NaN,NaN,NaN,NaN,NaN,NaN,NaN,955,NaN,NaN,NaN,0,0,1,0,NaN,NaN,NaN,NaN,NaN,0,0,NaN,0,0,0.293487999999998,955,nominal,full,1,0,503837342411,0,0,0,0,0,0,0,0,1,0,0,0,0,0,0,0.113860014880595,1,0,NaN,NaN,5,1,0,0,1,189026251331,955,955,0.00146005840233609,0.00453205840233609,Inf,2.71050543121376e-20,0.00025,40,21.7752352999215,1,5450720904,5651642314,38707737,134448971,1085935675,44314,10,4,3,1,0,2,212,0,162,153,0,0,0,0,342,361,19,1,1,1032,1394,10108,30462,1,24,1,0,1,1,40594,40,1280,6000,176000,0.232333333333333,0.230647727272727,1392,1395,690,0,898,57,0,1158,1175,0,1158,1175,0,0,955,955,0,1,630,0.588095999999999,1572,928,644,0,630,0.588096000000003,1572,928,644,0,1,18378,0.588096,0,11.9833211994867,11.958144891784,1,1093093,0.00025,40,0.000238077459014162,21.7752352999215,0.000730029201168047,0.00146005840233609,11.99546812288,1,0.0011170241723128,0,2.71050543121376e-20,NaN,NaN,NaN,NaN,1,0.15,1725451,2179,candidate-elcs-w,630,0.588096000000003,0.0490080000000003,0.293487999999998,1,iid-load15,IID occupancy 15%,iid,0.15,0,0,6308969933,0.15,3050,0.00118032786885246,1419885,949149,6.8,120,1,10,3,28,16,10,24,46,1,30396702592,5651331998,5651642314,3,54,63,212,1,1,1,0,NaN,1,123,1,24,0.000768,180836,159530,2,0
witness-confirmed-reactivation-same-seed-development,16082020,n5-6dof-zero-loss,N5 6-DOF zero-loss,EXP23U dynamic envelope,fast-early-delivered,1,3,periodic,Witness-confirmed early reactivation / event 3 s,none,5,ring2,6dof,tdma,1,1,0.15,1,0.48,0.29,0.29,0.0476190476190476,0.0476190476190476,0.0574836398633241,0.518447759889283,0,0,10.4202551395556,13.0607050432876,0,1.03681954491746,0.0985986733001656,0.24,0.42,0.620000000000001,NaN,NaN,3000,1045,527,0,0,2512,1268,1244,0,0,0,0,0,0,0,0,0,1952,0,0,1,32,32,0,0,0,0,0,0,0,0.379482974696376,0,0,0,0,0,0,0,0,0,0,0.274698666666664,3.21023999999997,0,0,1.75899999999999,0,0.659276799999994,43.9166666666667,105.666666666667,0,0.0100227070627688,0.0190310914802167,NaN,NaN,0.991517466664287,2512,0,0,0,0,0,0.6801216,0,998380,0,110997400,0,15756851592,tdma,fast-early-delivered,none,local-conflict-witness-leases,none,continuous-elcs-replay,NaN,50,NaN,8.78333333333333,7.58333333333333,NaN,NaN,NaN,NaN,NaN,NaN,NaN,NaN,1045,NaN,NaN,NaN,0,0,1,0,NaN,NaN,NaN,NaN,NaN,0,0,NaN,0,0,0.274698666666664,1045,nominal,full,1,0,503107672341,0,0,0,0,0,0,0,0,1,0,0,0,0,0,0,0.283554993399736,1,0,NaN,NaN,5,1,0,0,1,188825925798,1045,1045,0.00146005840233609,0.00453205840233609,Inf,1.38777878078145e-17,0.00025,40,38.4362636001401,1,3148315982,5666512310,38707737,133181447,758412645,44314,10,4,3,1,1,5,212,1,20,21,0,0,0,0,21,44,23,1,0,61,106,1232,2076,1,24,1,1,0,1,3332,40,1280,6000,176000,0.0176666666666667,0.0189318181818182,103,110,44,0,1040,5,0,1268,1244,0,1268,1244,0,0,1045,1045,0,1,86,0.086144,210,147,63,0,86,0.086144,210,147,63,0,1,2692,0.086144,0,11.987613170508,6.58434212346908,1,1201194,0.00025,40,0.000248830147725261,38.4362636001401,0.000730029201168047,0.00146005840233609,11.99546812288,1,0.000597303983253639,0,1.38777878078145e-17,NaN,NaN,NaN,NaN,1,0.15,998380,2071,candidate-elcs-w,86,0.086144,0.00717866666666666,0.274698666666664,1,iid-load15,IID occupancy 15%,iid,0.15,0,0,6276196993,0.146583333333333,3032,0.00116029023746702,1419885,949149,6.8,120,1,10,3,28,16,10,24,46,1,30450475915,5666886917,5666512310,3,54,63,212,1,1,1,1,65,0,126,1,24,0.000768,160190,159596,0,0
witness-confirmed-reactivation-same-seed-development,16082020,n5-6dof-zero-loss,N5 6-DOF zero-loss,EXP23U dynamic envelope,fast-late-delivered,2,8,periodic,Witness-confirmed early reactivation / event 8 s,none,5,ring2,6dof,tdma,1,1,0.15,1,0.48,0.29,0.29,0.0476190476190476,0.0476190476190476,0.0573683928706481,0.518626436428982,0,0,10.4202551395556,13.0607050432876,0,1.03682002332572,0.0979021558872303,0.24,0.42,0.620000000000001,NaN,NaN,3000,1049,532,0,0,2520,1278,1242,0,0,0,0,0,0,0,0,0,1948,0,0,1,32,32,0,0,0,0,0,0,0,0.380396712377655,0,0,0,0,0,0,0,0,0,0,0.275242666666664,3.22252799999997,0,0,1.75899999999999,0,0.660582399999994,44.3333333333333,106.5,0,0.0100467606422208,0.0190459751957608,NaN,NaN,0.991744340878828,2520,0,0,0,0,0,0.7214702,0,998380,0,110997400,0,15803393754,tdma,fast-late-delivered,none,local-conflict-witness-leases,none,continuous-elcs-replay,NaN,50,NaN,8.86666666666667,7.58333333333333,NaN,NaN,NaN,NaN,NaN,NaN,NaN,NaN,1049,NaN,NaN,NaN,0,0,1,0,NaN,NaN,NaN,NaN,NaN,0,0,NaN,0,0,0.275242666666664,1049,nominal,full,1,0,503107672341,0,0,0,0,0,0,0,0,1,0,0,0,0,0,0,0.283554993399736,1,0,NaN,NaN,5,1,0,0,1,188825925798,1049,1049,0.00146005840233609,0.00453205840233609,Inf,1.38777878078145e-17,0.00025,40,38.4362636001401,1,3125963534,5663107592,38707737,133184332,757278665,44314,10,4,3,1,1,5,212,1,18,19,0,0,0,0,19,42,23,1,0,57,100,1176,1952,1,24,1,1,0,1,3152,40,1280,6000,176000,0.0166666666666667,0.0179090909090909,97,104,40,0,1042,7,0,1278,1242,0,1278,1242,0,0,1049,1049,0,1,80,0.080384,196,139,57,0,80,0.080384,196,139,57,0,1,2512,0.080384,0,11.987613170508,8.50747796186332,1,1042927,0.00025,40,0.000248830147725261,38.4362636001401,0.000730029201168047,0.00146005840233609,11.99546812288,1,0.000597303983253639,0,1.38777878078145e-17,NaN,NaN,NaN,NaN,1,0.15,998380,2072,candidate-elcs-w,80,0.080384,0.00669866666666667,0.275242666666664,1,iid-load15,IID occupancy 15%,iid,0.15,0,0,6276196993,0.146583333333333,3032,0.00116029023746702,1419885,949149,6.8,120,1,10,3,28,16,10,24,46,1,30450475915,5666887093,5663107592,8,142,151,212,1,1,1,1,151,0,235,1,24,0.000768,160853,159682,0,0
witness-confirmed-reactivation-same-seed-development,16082020,n5-6dof-zero-loss,N5 6-DOF zero-loss,EXP23U dynamic envelope,fast-early-response-blackout,3,3,periodic,Witness-confirmed reactivation / event 3 s / RESPONSE blackout,none,5,ring2,6dof,tdma,1,1,0.15,1,0.48,0.29,0.29,0.0476190476190476,0.0476190476190476,0.0621452133273282,0.512455526466606,0,0,10.4202551395556,13.0607050432876,0,1.03682110574911,0.106276948590381,0.300000000000001,0.460000000000001,0.620000000000001,NaN,NaN,3000,955,485,0,0,2332,1184,1148,0,0,0,0,0,0,0,0,0,2041,0,0,1,32,32,0,0,0,0,0,0,0,0.398625694784846,0,0,0,0,0,0,0,0,0,0,0.296250666666665,2.93375999999997,0,0,1.75899999999999,0,0.711001599999995,40.4166666666667,98.6666666666667,0,0.0100096307704341,0.0189556803692827,NaN,NaN,0.957503103820243,2332,0,0,0,0,0,0.747061900000001,0,998380,0,110997400,0,18407102680,tdma,fast-early-response-blackout,none,local-conflict-witness-leases,none,continuous-elcs-replay,NaN,50,NaN,8.08333333333333,5.08333333333333,NaN,NaN,NaN,NaN,NaN,NaN,NaN,NaN,955,NaN,NaN,NaN,0,0,1,0,NaN,NaN,NaN,NaN,NaN,0,0,NaN,0,0,0.296250666666665,955,nominal,full,1,0,503107672341,0,0,0,0,0,0,0,0,1,0,0,0,0,0,0,0.283554993399736,1,0,NaN,NaN,5,1,0,0,1,188825925798,955,955,0.00146005840233609,0.00453205840233609,Inf,1.38777878078145e-17,0.00025,40,38.4362636001401,1,5556831985,5666663814,38707737,134441219,1100355842,44314,10,4,3,1,0,5,212,0,168,167,0,0,0,0,356,376,20,1,1,1048,1425,10528,31078,1,24,1,0,1,1,41630,40,1280,6000,176000,0.2375,0.236534090909091,1424,1431,702,0,892,63,0,1184,1148,0,1184,1148,0,0,955,955,0,1,661,0.621247999999999,1646,964,682,0,661,0.621248000000004,1646,964,682,0,1,19414,0.621248,0,11.9839438665247,11.9578099072177,1,1299241,0.00025,40,0.000248830147725261,38.4362636001401,0.000730029201168047,0.00146005840233609,11.99546812288,1,0.000919316571188489,0,1.38777878078145e-17,NaN,NaN,NaN,NaN,1,0.15,998380,2071,candidate-elcs-w,661,0.621248000000004,0.051770666666667,0.296250666666665,1,iid-load15,IID occupancy 15%,iid,0.15,0,0,6276196993,0.146583333333333,3032,0.00116029023746702,1419885,949149,6.8,120,1,10,3,28,16,10,24,46,1,30450475915,5666236954,5666663814,3,54,63,212,1,1,1,0,NaN,1,126,1,24,0.000768,180836,159530,2,0
witness-confirmed-reactivation-same-seed-development,16082021,n5-6dof-zero-loss,N5 6-DOF zero-loss,EXP23U dynamic envelope,fast-early-delivered,1,3,periodic,Witness-confirmed early reactivation / event 3 s,none,5,ring2,6dof,tdma,1,1,0.15,1,0.48,0.29,0.29,0.0476190476190476,0.0476190476190476,0.0522586486564595,0.528994749389222,0,0,10.3038852116622,12.5849041821994,0,1.03679202862115,0.0811691542288556,0.200000000000001,0.280000000000001,0.4,NaN,NaN,3000,1052,562,0,0,2527,1362,1165,0,0,0,0,0,0,0,0,0,1945,0,0,1,32,32,0,0,0,0,0,0,0,0.380737257501871,0,0,0,0,0,0,0,0,0,0,0.273754666666664,3.23174399999997,0,0,1.763,0,0.657011199999994,46.8333333333333,113.5,0,0.0100150774631057,0.0189823330610333,NaN,NaN,0.994658940605908,2527,0,0,0,0,0,0.708793699999999,0,179680,0,110997400,0,15730710659,tdma,fast-early-delivered,none,local-conflict-witness-leases,none,continuous-elcs-replay,NaN,50,NaN,9.36666666666667,8.66666666666667,NaN,NaN,NaN,NaN,NaN,NaN,NaN,NaN,1052,NaN,NaN,NaN,0,0,1,0,NaN,NaN,NaN,NaN,NaN,0,0,NaN,0,0,0.273754666666664,1052,nominal,full,1,0,503493758383,0,0,0,0,0,0,0,0,1,0,0,0,0,0,0,0.170425007720309,1,0,NaN,NaN,5,1,0,0,1,188432462271,1052,1052,0.00146005840233609,0.00453205840233609,Inf,2.22044604925031e-16,0.00025,40,38.1854006471111,1,3018750094,5706877868,38707737,133179615,755163114,44314,10,4,3,1,1,3,212,1,14,10,0,0,0,0,10,32,22,1,0,41,74,896,1386,1,24,1,1,0,1,2306,40,1280,6000,176000,0.0123333333333333,0.0131022727272727,70,73,27,0,1046,6,0,1362,1165,0,1362,1165,0,0,1052,1052,0,1,54,0.053312,129,105,24,0,54,0.053312,129,105,24,0,1,1666,0.053312,0,11.9877395806131,6.5250417507858,1,1418454,0.00025,40,0.00022085655728346,38.1854006471111,0.000730029201168047,0.00146005840233609,11.99546812288,1,0.00108920065385654,0,2.22044604925031e-16,NaN,NaN,NaN,NaN,1,0.15,179680,2073,candidate-elcs-w,54,0.053312,0.00444266666666667,0.273754666666664,1,iid-load15,IID occupancy 15%,iid,0.15,0,0,6254544692,0.146916666666667,3012,0.00117065073041169,1419885,949149,6.8,120,1,10,3,28,16,10,24,46,1,30286087136,5706860859,5706877868,3,54,63,212,1,1,1,1,63,0,123,1,24,0.000768,160061,159594,0,0
witness-confirmed-reactivation-same-seed-development,16082021,n5-6dof-zero-loss,N5 6-DOF zero-loss,EXP23U dynamic envelope,fast-late-delivered,2,8,periodic,Witness-confirmed early reactivation / event 8 s,none,5,ring2,6dof,tdma,1,1,0.15,1,0.48,0.29,0.29,0.0476190476190476,0.0476190476190476,0.053916412916075,0.525231713247776,0,0,10.3038852116622,12.5849041821994,0,1.03679213006655,0.0873383084577113,0.220000000000001,0.380000000000001,0.6,NaN,NaN,3000,1048,557,0,0,2519,1352,1167,0,0,0,0,0,0,0,0,0,1949,0,0,1,32,32,0,0,0,0,0,0,0,0.380425810264648,0,0,0,0,0,0,0,0,0,0,0.273349333333331,3.21945599999997,0,0,1.763,0,0.656038399999994,46.4166666666667,112.666666666667,0,0.0100368326215513,0.018985623247709,NaN,NaN,0.993543945046675,2519,0,0,0,0,0,0.747027099999999,0,179680,0,110997400,0,15713278134,tdma,fast-late-delivered,none,local-conflict-witness-leases,none,continuous-elcs-replay,NaN,50,NaN,9.28333333333333,8.58333333333333,NaN,NaN,NaN,NaN,NaN,NaN,NaN,NaN,1048,NaN,NaN,NaN,0,0,1,0,NaN,NaN,NaN,NaN,NaN,0,0,NaN,0,0,0.273349333333331,1048,nominal,full,1,0,503493758383,0,0,0,0,0,0,0,0,1,0,0,0,0,0,0,0.170425007720309,1,0,NaN,NaN,5,1,0,0,1,188432462271,1048,1048,0.00146005840233609,0.00453205840233609,Inf,2.22044604925031e-16,0.00025,40,38.1854006471111,1,3031891512,5706878044,38707737,133199227,752802692,44314,10,4,3,1,1,3,212,1,16,12,0,0,0,0,12,34,22,1,0,47,82,952,1562,1,24,1,1,0,1,2538,40,1280,6000,176000,0.0136666666666667,0.0144204545454545,78,81,31,0,1044,4,0,1352,1167,0,1352,1167,0,0,1048,1048,0,1,62,0.060736,149,114,35,0,62,0.060736,149,114,35,0,1,1898,0.060736,0,11.9877395806131,8.62072916489537,1,1670521,0.00025,40,0.00022085655728346,38.1854006471111,0.000730029201168047,0.00146005840233609,11.99546812288,1,0.00108920065385654,0,2.22044604925031e-16,NaN,NaN,NaN,NaN,1,0.15,179680,2073,candidate-elcs-w,62,0.060736,0.00506133333333333,0.273349333333331,1,iid-load15,IID occupancy 15%,iid,0.15,0,0,6254544692,0.146916666666667,3012,0.00117065073041169,1419885,949149,6.8,120,1,10,3,28,16,10,24,46,1,30286087136,5706861035,5706878044,8,142,151,212,1,1,1,1,153,0,235,1,24,0.000768,161158,159684,0,0
witness-confirmed-reactivation-same-seed-development,16082021,n5-6dof-zero-loss,N5 6-DOF zero-loss,EXP23U dynamic envelope,fast-early-response-blackout,3,3,periodic,Witness-confirmed reactivation / event 3 s / RESPONSE blackout,none,5,ring2,6dof,tdma,1,1,0.15,1,0.48,0.29,0.29,0.0476190476190476,0.0476190476190476,0.0627565729979336,0.518132658071283,0,0,10.3038852116622,12.5849041821994,0,1.03678916342161,0.121069651741293,0.399999999999999,0.88,1.02,NaN,NaN,3000,953,503,0,0,2329,1244,1085,0,0,0,0,0,0,0,0,0,2043,0,0,1,32,32,0,0,0,0,0,0,0,0.397963082633579,0,0,0,0,0,0,0,0,0,0,0.293914666666665,2.92761599999997,0,0,1.763,0,0.705395199999995,41.9166666666667,103.666666666667,0,0.00999287702865429,0.0189448382616774,NaN,NaN,0.932838049589824,2329,0,0,0,0,0,0.7186697,0,179680,0,110997400,0,18228166100,tdma,fast-early-response-blackout,none,local-conflict-witness-leases,none,continuous-elcs-replay,NaN,50,NaN,8.38333333333333,4.08333333333333,NaN,NaN,NaN,NaN,NaN,NaN,NaN,NaN,953,NaN,NaN,NaN,0,0,1,0,NaN,NaN,NaN,NaN,NaN,0,0,NaN,0,0,0.293914666666665,953,nominal,full,1,0,503493758383,0,0,0,0,0,0,0,0,1,0,0,0,0,0,0,0.170425007720309,1,0,NaN,NaN,5,1,0,0,1,188432462271,953,953,0.00146005840233609,0.00453205840233609,Inf,2.22044604925031e-16,0.00025,40,38.1854006471111,1,5482550470,5707298354,38707737,134447599,1087805477,44314,10,4,3,1,0,3,212,0,164,158,0,0,0,0,347,366,19,1,1,1039,1406,10248,30674,1,24,1,0,1,1,40946,40,1280,6000,176000,0.234333333333333,0.232647727272727,1402,1405,694,0,896,57,0,1244,1085,0,1244,1085,0,0,953,953,0,1,642,0.599359999999999,1598,892,706,0,642,0.599360000000003,1598,892,706,0,1,18730,0.59936,0,11.9830569993335,11.9579363098466,1,1022195,0.00025,40,0.00022085655728346,38.1854006471111,0.000730029201168047,0.00146005840233609,11.99546812288,1,0.00108920065385654,0,2.22044604925031e-16,NaN,NaN,NaN,NaN,1,0.15,179680,2073,candidate-elcs-w,642,0.599360000000003,0.049946666666667,0.293914666666665,1,iid-load15,IID occupancy 15%,iid,0.15,0,0,6254544692,0.146916666666667,3012,0.00117065073041169,1419885,949149,6.8,120,1,10,3,28,16,10,24,46,1,30286087136,5706931921,5707298354,3,54,63,212,1,1,1,0,NaN,1,123,1,24,0.000768,180836,159530,2,0
witness-confirmed-reactivation-same-seed-development,16082022,n5-6dof-zero-loss,N5 6-DOF zero-loss,EXP23U dynamic envelope,fast-early-delivered,1,3,periodic,Witness-confirmed early reactivation / event 3 s,none,5,ring2,6dof,tdma,1,1,0.15,1,0.48,0.29,0.29,0.0476190476190476,0.0476190476190476,0.0566804569087449,0.520426416888312,0,0,10.5116825980811,13.4274888221506,0,1.03677497814958,0.105704809286899,0.299999999999999,0.460000000000001,0.58,NaN,NaN,3000,1053,575,0,0,2528,1369,1159,0,0,0,0,0,0,2,0.00189933523266857,0,1944,0,0,1,32,32,0,0,0,0,0,0,0,0.380716681434105,0,0,0,0,0,0,0,0,0,0,0.275237333333331,3.23481599999997,0,0,1.72499999999999,0,0.660569599999994,47.9166666666667,114.083333333333,0,0.0100444566171132,0.0190202044530594,NaN,NaN,0.997435704050079,2528,0,0,0,0,0,0.7120199,0,1667405,0,110997400,0,15816566877,tdma,fast-early-delivered,none,local-conflict-witness-leases,none,continuous-elcs-replay,NaN,50,NaN,9.58333333333333,9.08333333333333,NaN,NaN,NaN,NaN,NaN,NaN,NaN,NaN,1053,NaN,NaN,NaN,0,0,1,2,NaN,NaN,NaN,NaN,NaN,0,0,NaN,0,0,0.275237333333331,1053,nominal,full,1,0,502712037926,0,0,0,0,0,0,0,0,1,0,0,0,0,0,0,0.170425007720309,1,0,NaN,NaN,5,1,0,0,1,188909428712,1053,1053,0.00146005840233609,0.00453205840233609,Inf,1.38777878078145e-17,0.00025,40,27.906573355167,1,3059530377,5710657663,38707737,133176228,760564686,44314,10,4,3,1,1,3,212,1,17,18,1,0,0,1,18,40,22,1,0,47,88,1120,1622,1,24,1,1,0,1,2766,40,1280,6000,176000,0.0146666666666667,0.0157159090909091,79,87,34,0,1043,10,2,1369,1157,2,1369,1157,2,0,1053,1053,0,1,68,0.068032,165,111,54,0,68,0.068032,165,111,54,0,1,2126,0.068032,0,11.9875821023764,6.52761837993428,1,1946516,0.00025,40,0.000230750995187472,27.906573355167,0.000730029201168047,0.00146005840233609,11.99546812288,1,0.000976397356724945,0.000449072010925464,1.38777878078145e-17,NaN,NaN,NaN,NaN,1,0.15,1667405,2033,candidate-elcs-w,68,0.068032,0.00566933333333333,0.275237333333331,1,iid-load15,IID occupancy 15%,iid,0.15,0,0,6283083859,0.14375,2952,0.00116869918699187,1419885,949149,6.8,120,1,10,3,28,16,10,24,46,1,30355780993,5710682730,5710657663,3,54,63,212,1,1,1,1,63,0,124,1,24,0.000768,160061,159594,0,0
witness-confirmed-reactivation-same-seed-development,16082022,n5-6dof-zero-loss,N5 6-DOF zero-loss,EXP23U dynamic envelope,fast-late-delivered,2,8,periodic,Witness-confirmed early reactivation / event 8 s,none,5,ring2,6dof,tdma,1,1,0.15,1,0.48,0.29,0.29,0.0476190476190476,0.0476190476190476,0.0586080520911863,0.518215987629705,0,0,10.5116825980811,13.4274888221506,0,1.03677725976069,0.112935323383084,0.34,0.52,0.639999999999999,NaN,NaN,3000,1048,569,0,0,2518,1357,1161,0,0,0,0,0,0,2,0.00190839694656489,0,1949,0,0,1,32,32,0,0,0,0,0,0,0,0.379162232372123,0,0,0,0,0,0,0,0,0,0,0.273957333333331,3.21945599999997,0,0,1.72499999999999,0,0.657497599999994,47.4166666666667,113.083333333333,0,0.010020866042891,0.0189772532182091,NaN,NaN,0.996203018507977,2518,0,0,0,0,0,0.6811894,0,1667405,0,110997400,0,15747325122,tdma,fast-late-delivered,none,local-conflict-witness-leases,none,continuous-elcs-replay,NaN,50,NaN,9.48333333333333,8.75,NaN,NaN,NaN,NaN,NaN,NaN,NaN,NaN,1048,NaN,NaN,NaN,0,0,1,2,NaN,NaN,NaN,NaN,NaN,0,0,NaN,0,0,0.273957333333331,1048,nominal,full,1,0,502712037926,0,0,0,0,0,0,0,0,1,0,0,0,0,0,0,0.170425007720309,1,0,NaN,NaN,5,1,0,0,1,188909428712,1048,1048,0.00146005840233609,0.00453205840233609,Inf,1.38777878078145e-17,0.00025,40,27.906573355167,1,3049973910,5710657839,38707737,133187628,751890311,44314,10,4,3,1,1,3,212,1,17,18,1,0,0,1,18,40,22,1,0,47,88,1120,1622,1,24,1,1,0,1,2766,40,1280,6000,176000,0.0146666666666667,0.0157159090909091,79,87,34,0,1043,5,2,1357,1159,2,1357,1159,2,0,1048,1048,0,1,68,0.068032,165,111,54,0,68,0.068032,165,111,54,0,1,2126,0.068032,0,11.9875821023764,8.5073641222353,1,1961221,0.00025,40,0.000230750995187472,27.906573355167,0.000730029201168047,0.00146005840233609,11.99546812288,1,0.000976397356724945,0.000449072010925464,1.38777878078145e-17,NaN,NaN,NaN,NaN,1,0.15,1667405,2033,candidate-elcs-w,68,0.068032,0.00566933333333334,0.273957333333331,1,iid-load15,IID occupancy 15%,iid,0.15,0,0,6283083859,0.14375,2952,0.00116869918699187,1419885,949149,6.8,120,1,10,3,28,16,10,24,46,1,30355780993,5710682906,5710657839,8,142,151,212,1,1,1,1,151,0,236,1,24,0.000768,160853,159682,0,0
witness-confirmed-reactivation-same-seed-development,16082022,n5-6dof-zero-loss,N5 6-DOF zero-loss,EXP23U dynamic envelope,fast-early-response-blackout,3,3,periodic,Witness-confirmed reactivation / event 3 s / RESPONSE blackout,none,5,ring2,6dof,tdma,1,1,0.15,1,0.48,0.29,0.29,0.0476190476190476,0.0476190476190476,0.0642205868902532,0.514696465585042,0,0,10.5116825980811,13.4274888221506,0,1.03677563848765,0.127479270315091,0.380000000000001,0.56,0.74,NaN,NaN,3000,968,530,0,0,2358,1279,1079,0,0,0,0,0,0,2,0.00206611570247934,0,2028,0,0,1,32,32,0,0,0,0,0,0,0,0.401381961666135,0,0,0,0,0,0,0,0,0,0,0.298767999999998,2.97369599999997,0,0,1.72499999999999,0,0.717043199999995,44.1666666666667,106.583333333333,0,0.00999853559207836,0.0189189157859212,NaN,NaN,0.963140750900051,2358,0,0,0,0,0,0.749620099999999,0,1667405,0,110997400,0,18472900506,tdma,fast-early-response-blackout,none,local-conflict-witness-leases,none,continuous-elcs-replay,NaN,50,NaN,8.83333333333333,5.5,NaN,NaN,NaN,NaN,NaN,NaN,NaN,NaN,968,NaN,NaN,NaN,0,0,1,2,NaN,NaN,NaN,NaN,NaN,0,0,NaN,0,0,0.298767999999998,968,nominal,full,1,0,502712037926,0,0,0,0,0,0,0,0,1,0,0,0,0,0,0,0.170425007720309,1,0,NaN,NaN,5,1,0,0,1,188909428712,968,968,0.00146005840233609,0.00453205840233609,Inf,1.38777878078145e-17,0.00025,40,27.906573355167,1,5561261921,5711373646,38707737,134444133,1118322424,44314,10,4,3,1,0,3,212,0,167,165,1,0,0,1,354,373,19,1,1,1043,1417,10444,30858,1,24,1,0,1,1,41326,40,1280,6000,176000,0.236166666666667,0.234806818181818,1409,1417,699,0,893,75,2,1279,1077,2,1279,1077,2,0,968,968,0,1,653,0.611519999999999,1627,970,657,0,653,0.611520000000004,1627,970,657,0,1,19110,0.61152,0,11.9833203518218,11.9577781302457,1,673103,0.00025,40,0.000230750995187472,27.906573355167,0.000730029201168047,0.00146005840233609,11.99546812288,1,0.000976397356724945,0.000449072010925464,1.38777878078145e-17,NaN,NaN,NaN,NaN,1,0.15,1667405,2033,candidate-elcs-w,653,0.611520000000004,0.0509600000000003,0.298767999999998,1,iid-load15,IID occupancy 15%,iid,0.15,0,0,6283083859,0.14375,2952,0.00116869918699187,1419885,949149,6.8,120,1,10,3,28,16,10,24,46,1,30355780993,5711304835,5711373646,3,54,63,212,1,1,1,0,NaN,1,124,1,24,0.000768,180836,159530,2,0
witness-confirmed-reactivation-same-seed-development,16082023,n5-6dof-zero-loss,N5 6-DOF zero-loss,EXP23U dynamic envelope,fast-early-delivered,1,3,periodic,Witness-confirmed early reactivation / event 3 s,none,5,ring2,6dof,tdma,1,1,0.15,1,0.48,0.29,0.29,0.0476190476190476,0.0476190476190476,0.0692701742542879,0.499225191106391,0,0,10.0807398957433,12.3858664603403,0,1.03676034054874,0.109262023217247,0.32,0.640000000000001,0.800000000000001,NaN,NaN,3000,1051,539,0,0,2522,1287,1235,0,0,0,0,0,0,5,0.00475737392959087,0,1946,0,0,1,32,32,0,0,0,0,0,0,0,0.382982006279952,0,0,0,0,0,0,0,0,0,0,0.274602666666664,3.22867199999997,0,0,1.78799999999997,0,0.659046399999994,44.9166666666667,107.25,0,0.0100225426541525,0.0189885997499792,NaN,NaN,0.997685399817991,2522,0,0,0,0,0,0.734304900000001,0,1351260,0,110997400,0,15780730620,tdma,fast-early-delivered,none,local-conflict-witness-leases,none,continuous-elcs-replay,NaN,50,NaN,8.98333333333333,8.5,NaN,NaN,NaN,NaN,NaN,NaN,NaN,NaN,1051,NaN,NaN,NaN,0,0,1,5,NaN,NaN,NaN,NaN,NaN,0,0,NaN,0,0,0.274602666666664,1051,nominal,full,1,0,503122030422,0,0,0,0,0,0,0,0,1,0,0,0,0,0,0,0.170425007720309,1,0,NaN,NaN,5,1,0,0,1,188987695075,1051,1051,0.00146005840233609,0.00453205840233609,Inf,2.22044604925031e-16,0.00025,40,27.2144541335689,1,3081570320,5740353458,38707737,133176890,757218554,44314,10,4,3,1,1,3,212,1,16,15,2,0,0,2,15,38,23,1,0,47,86,1064,1632,1,24,1,1,0,1,2720,40,1280,6000,176000,0.0143333333333333,0.0154545454545455,82,88,31,0,1044,7,5,1287,1228,7,1287,1228,7,0,1051,1051,0,1,66,0.06656,162,129,33,0,66,0.06656,162,129,33,0,1,2080,0.06656,0,11.9878105570259,6.52773056953741,1,1876681,0.00025,40,0.000245514438539261,27.2144541335689,0.000730029201168047,0.00146005840233609,11.99546812288,1,0.00103660278245297,9.617429638481e-05,2.22044604925031e-16,NaN,NaN,NaN,NaN,1,0.15,1351260,2157,candidate-elcs-w,66,0.06656,0.00554666666666667,0.274602666666664,1,iid-load15,IID occupancy 15%,iid,0.15,0,0,6289316361,0.148999999999997,3024,0.00118253968253968,1419885,949149,6.8,120,1,10,3,28,16,10,24,46,1,30422285260,5740211908,5740353458,3,54,63,212,1,1,1,1,63,0,124,1,24,0.000768,160061,159594,0,0
witness-confirmed-reactivation-same-seed-development,16082023,n5-6dof-zero-loss,N5 6-DOF zero-loss,EXP23U dynamic envelope,fast-late-delivered,2,8,periodic,Witness-confirmed early reactivation / event 8 s,none,5,ring2,6dof,tdma,1,1,0.15,1,0.48,0.29,0.29,0.0476190476190476,0.0476190476190476,0.0699244098291281,0.498403279856785,0,0,10.0807398957433,12.3858664603403,0,1.03675698050296,0.112230514096186,0.339999999999999,0.640000000000001,0.800000000000001,NaN,NaN,3000,1054,537,0,0,2528,1283,1245,0,0,0,0,0,0,5,0.0047438330170778,0,1943,0,0,1,32,32,0,0,0,0,0,0,0,0.383667567236826,0,0,0,0,0,0,0,0,0,0,0.275679999999997,3.23788799999997,0,0,1.78799999999997,0,0.661631999999994,44.75,106.916666666667,0,0.0100136225476213,0.0189572478110697,NaN,NaN,0.99721276043918,2528,0,0,0,0,0,0.7051755,0,1351260,0,110997400,0,15809008435,tdma,fast-late-delivered,none,local-conflict-witness-leases,none,continuous-elcs-replay,NaN,50,NaN,8.95,8.33333333333333,NaN,NaN,NaN,NaN,NaN,NaN,NaN,NaN,1054,NaN,NaN,NaN,0,0,1,5,NaN,NaN,NaN,NaN,NaN,0,0,NaN,0,0,0.275679999999997,1054,nominal,full,1,0,503122030422,0,0,0,0,0,0,0,0,1,0,0,0,0,0,0,0.170425007720309,1,0,NaN,NaN,5,1,0,0,1,188987695075,1054,1054,0.00146005840233609,0.00453205840233609,Inf,2.22044604925031e-16,0.00025,40,27.2144541335689,1,3080289841,5740353634,38707737,133192497,762394381,44314,10,4,3,1,1,3,212,1,17,16,2,0,0,2,16,39,23,1,0,50,90,1092,1720,1,24,1,1,0,1,2836,40,1280,6000,176000,0.015,0.0161136363636364,86,92,33,0,1043,11,5,1283,1238,7,1283,1238,7,0,1054,1054,0,1,70,0.070272,172,131,41,0,70,0.070272,172,131,41,0,1,2196,0.070272,0,11.9878105570259,8.56408383730322,1,1610449,0.00025,40,0.000245514438539261,27.2144541335689,0.000730029201168047,0.00146005840233609,11.99546812288,1,0.00103660278245297,9.617429638481e-05,2.22044604925031e-16,NaN,NaN,NaN,NaN,1,0.15,1351260,2157,candidate-elcs-w,70,0.070272,0.005856,0.275679999999997,1,iid-load15,IID occupancy 15%,iid,0.15,0,0,6289316361,0.148999999999997,3024,0.00118253968253968,1419885,949149,6.8,120,1,10,3,28,16,10,24,46,1,30422285260,5740212084,5740353634,8,142,151,212,1,1,1,1,152,0,237,1,24,0.000768,161005,159683,0,0
witness-confirmed-reactivation-same-seed-development,16082023,n5-6dof-zero-loss,N5 6-DOF zero-loss,EXP23U dynamic envelope,fast-early-response-blackout,3,3,periodic,Witness-confirmed reactivation / event 3 s / RESPONSE blackout,none,5,ring2,6dof,tdma,1,1,0.15,1,0.48,0.29,0.29,0.0476190476190476,0.0476190476190476,0.0744407507894717,0.494961100401187,0,0,10.0807398957433,12.3858664603403,0,1.03675324994819,0.126575456053068,0.380000000000001,0.640000000000001,0.800000000000001,NaN,NaN,3000,960,492,0,0,2340,1193,1147,0,0,0,0,0,0,5,0.00520833333333333,0,2036,0,0,1,32,32,0,0,0,0,0,0,0,0.401791332284849,0,0,0,0,0,0,0,0,0,0,0.296469333333331,2.94911999999997,0,0,1.78799999999997,0,0.711526399999995,41,99.4166666666667,0,0.0100186391321526,0.0190154231651854,NaN,NaN,0.951883602044829,2340,0,0,0,0,0,0.7099941,0,1351260,0,110997400,0,18377557726,tdma,fast-early-response-blackout,none,local-conflict-witness-leases,none,continuous-elcs-replay,NaN,50,NaN,8.2,4.58333333333333,NaN,NaN,NaN,NaN,NaN,NaN,NaN,NaN,960,NaN,NaN,NaN,0,0,1,5,NaN,NaN,NaN,NaN,NaN,0,0,NaN,0,0,0.296469333333331,960,nominal,full,1,0,503122030422,0,0,0,0,0,0,0,0,1,0,0,0,0,0,0,0.170425007720309,1,0,NaN,NaN,5,1,0,0,1,188987695075,960,960,0.00146005840233609,0.00453205840233609,Inf,2.22044604925031e-16,0.00025,40,27.2144541335689,1,5542173628,5740743703,38707737,134444795,1103241435,44314,10,4,3,1,0,3,212,0,166,161,2,0,0,2,350,370,20,1,1,1043,1414,10360,30848,1,24,1,0,1,1,41232,40,1280,6000,176000,0.235666666666667,0.234272727272727,1410,1416,695,0,894,66,5,1193,1140,7,1193,1140,7,0,960,960,0,1,650,0.608511999999999,1622,997,625,0,650,0.608512000000004,1622,997,625,0,1,19016,0.608512,0,11.9836194897822,11.9580059502462,1,1313434,0.00025,40,0.000245514438539261,27.2144541335689,0.000730029201168047,0.00146005840233609,11.99546812288,1,0.00103660278245297,9.617429638481e-05,2.22044604925031e-16,NaN,NaN,NaN,NaN,1,0.15,1351260,2157,candidate-elcs-w,650,0.608512000000004,0.0507093333333337,0.296469333333331,1,iid-load15,IID occupancy 15%,iid,0.15,0,0,6289316361,0.148999999999997,3024,0.00118253968253968,1419885,949149,6.8,120,1,10,3,28,16,10,24,46,1,30422285260,5740800212,5740743703,3,54,63,212,1,1,1,0,NaN,1,124,1,24,0.000768,180836,159530,2,0
witness-confirmed-reactivation-same-seed-development,16082024,n5-6dof-zero-loss,N5 6-DOF zero-loss,EXP23U dynamic envelope,fast-early-delivered,1,3,periodic,Witness-confirmed early reactivation / event 3 s,none,5,ring2,6dof,tdma,1,1,0.15,1,0.48,0.29,0.29,0.0476190476190476,0.0476190476190476,0.0614544905911497,0.511286015394653,0,0,10.3562628619723,12.410479298024,0,1.03674655475955,0.0935572139303481,0.26,0.44,0.559999999999999,NaN,NaN,3000,1056,557,0,0,2536,1316,1220,0,0,0,0,0,0,0,0,0,1941,0,0,1,32,32,0,0,0,0,0,0,0,0.383072243688324,0,0,0,0,0,0,0,0,0,0,0.274975999999997,3.24403199999997,0,0,1.78500000000001,0,0.659942399999994,46.4166666666667,109.666666666667,0,0.00997806083329441,0.018956807097352,NaN,NaN,0.991321713290624,2536,0,0,0,0,0,0.7207663,0,811365,0,110997400,0,15783243667,tdma,fast-early-delivered,none,local-conflict-witness-leases,none,continuous-elcs-replay,NaN,50,NaN,9.28333333333333,7.83333333333333,NaN,NaN,NaN,NaN,NaN,NaN,NaN,NaN,1056,NaN,NaN,NaN,0,0,1,0,NaN,NaN,NaN,NaN,NaN,0,0,NaN,0,0,0.274975999999997,1056,nominal,full,1,0,503625393892,0,0,0,0,0,0,0,0,1,0,0,0,0,0,0,0.0572950220408816,1,0,NaN,NaN,5,1,0,0,1,188933079963,1056,1056,0.00146005840233609,0.00453205840233609,Inf,2.22044604925031e-16,0.00025,40,28.6142642940454,1,3009886529,5658082242,38707737,133192924,764471370,44314,10,4,3,1,1,1,212,1,11,12,0,0,0,0,12,33,21,1,0,42,76,924,1432,1,24,1,1,0,1,2380,40,1280,6000,176000,0.0126666666666667,0.0135227272727273,76,76,32,0,1049,7,0,1316,1220,0,1316,1220,0,0,1056,1056,0,1,56,0.05568,136,105,31,0,56,0.05568,136,105,31,0,1,1740,0.05568,0,11.9875872658721,6.52768116189777,1,1331348,0.00025,40,0.000228688844604352,28.6142642940454,0.000730029201168047,0.00146005840233609,11.99546812288,1,0.00103887612291942,0,2.22044604925031e-16,NaN,NaN,NaN,NaN,1,0.15,811365,2069,candidate-elcs-w,56,0.05568,0.00464,0.274975999999997,1,iid-load15,IID occupancy 15%,iid,0.15,0,0,6350243844,0.14875,3076,0.00116059817945384,1419885,949149,6.8,120,1,10,3,28,16,10,24,46,1,30397309269,5658085507,5658082242,3,54,63,212,1,1,1,1,65,0,122,1,24,0.000768,160190,159596,0,0
witness-confirmed-reactivation-same-seed-development,16082024,n5-6dof-zero-loss,N5 6-DOF zero-loss,EXP23U dynamic envelope,fast-late-delivered,2,8,periodic,Witness-confirmed early reactivation / event 8 s,none,5,ring2,6dof,tdma,1,1,0.15,1,0.48,0.29,0.29,0.0476190476190476,0.0476190476190476,0.0618531297606126,0.511285224052321,0,0,10.3562628619723,12.410479298024,0,1.03674434509475,0.0948507462686566,0.260000000000002,0.44,0.559999999999999,NaN,NaN,3000,1057,558,0,0,2538,1318,1220,0,0,0,0,0,0,0,0,0,1940,0,0,1,32,32,0,0,0,0,0,0,0,0.382907667166386,0,0,0,0,0,0,0,0,0,0,0.274751999999997,3.24710399999997,0,0,1.78500000000001,0,0.659404799999994,46.5,109.833333333333,0,0.00999814579218734,0.0189758919069523,NaN,NaN,0.991131625019895,2538,0,0,0,0,0,0.7055371,0,811365,0,110997400,0,15772622146,tdma,fast-late-delivered,none,local-conflict-witness-leases,none,continuous-elcs-replay,NaN,50,NaN,9.3,7.83333333333333,NaN,NaN,NaN,NaN,NaN,NaN,NaN,NaN,1057,NaN,NaN,NaN,0,0,1,0,NaN,NaN,NaN,NaN,NaN,0,0,NaN,0,0,0.274751999999997,1057,nominal,full,1,0,503625393892,0,0,0,0,0,0,0,0,1,0,0,0,0,0,0,0.0572950220408816,1,0,NaN,NaN,5,1,0,0,1,188933079963,1057,1057,0.00146005840233609,0.00453205840233609,Inf,2.22044604925031e-16,0.00025,40,28.6142642940454,1,3021974806,5658082418,38707737,133196415,759115659,44314,10,4,3,1,1,1,212,1,9,10,0,0,0,0,10,31,21,1,0,38,70,868,1308,1,24,1,1,0,1,2200,40,1280,6000,176000,0.0116666666666667,0.0125,70,70,28,0,1051,6,0,1318,1220,0,1318,1220,0,0,1057,1057,0,1,50,0.04992,122,96,26,0,50,0.04992,122,96,26,0,1,1560,0.04992,0,11.9875872658721,8.5074060121339,1,1648550,0.00025,40,0.000228688844604352,28.6142642940454,0.000730029201168047,0.00146005840233609,11.99546812288,1,0.00103887612291942,0,2.22044604925031e-16,NaN,NaN,NaN,NaN,1,0.15,811365,2069,candidate-elcs-w,50,0.04992,0.00416,0.274751999999997,1,iid-load15,IID occupancy 15%,iid,0.15,0,0,6350243844,0.14875,3076,0.00116059817945384,1419885,949149,6.8,120,1,10,3,28,16,10,24,46,1,30397309269,5658085683,5658082418,8,142,151,212,1,1,1,1,151,0,237,1,24,0.000768,160853,159682,0,0
witness-confirmed-reactivation-same-seed-development,16082024,n5-6dof-zero-loss,N5 6-DOF zero-loss,EXP23U dynamic envelope,fast-early-response-blackout,3,3,periodic,Witness-confirmed reactivation / event 3 s / RESPONSE blackout,none,5,ring2,6dof,tdma,1,1,0.15,1,0.48,0.29,0.29,0.0476190476190476,0.0476190476190476,0.0666049618001639,0.509872797571043,0,0,10.3562628619723,12.410479298024,0,1.03674457346089,0.11639303482587,0.38,0.6,0.74,NaN,NaN,3000,966,506,0,0,2356,1214,1142,0,0,0,0,0,0,0,0,0,2030,0,0,1,32,32,0,0,0,0,0,0,0,0.401836776298568,0,0,0,0,0,0,0,0,0,0,0.296479999999998,2.96755199999997,0,0,1.78500000000001,0,0.711551999999995,42.1666666666667,101.166666666667,0,0.00992999764386996,0.0189512701354113,NaN,NaN,0.963301854847812,2356,0,0,0,0,0,0.7190495,0,811365,0,110997400,0,18289393570,tdma,fast-early-response-blackout,none,local-conflict-witness-leases,none,continuous-elcs-replay,NaN,50,NaN,8.43333333333333,5.58333333333333,NaN,NaN,NaN,NaN,NaN,NaN,NaN,NaN,966,NaN,NaN,NaN,0,0,1,0,NaN,NaN,NaN,NaN,NaN,0,0,NaN,0,0,0.296479999999998,966,nominal,full,1,0,503625393892,0,0,0,0,0,0,0,0,1,0,0,0,0,0,0,0.0572950220408816,1,0,NaN,NaN,5,1,0,0,1,188933079963,966,966,0.00146005840233609,0.00453205840233609,Inf,2.22044604925031e-16,0.00025,40,28.6142642940454,1,5501429112,5658615291,38707737,134452696,1106410977,44314,10,4,3,1,0,1,212,0,159,156,0,0,0,0,345,363,18,1,1,1032,1396,10164,30472,1,24,1,0,1,1,40660,40,1280,6000,176000,0.232666666666667,0.231022727272727,1396,1396,692,0,901,65,0,1214,1142,0,1214,1142,0,0,966,966,0,1,632,0.590207999999999,1576,907,669,0,632,0.590208000000003,1576,907,669,0,1,18444,0.590208,0,11.9833925834832,11.9577836082597,1,790245,0.00025,40,0.000228688844604352,28.6142642940454,0.000730029201168047,0.00146005840233609,11.99546812288,1,0.00103887612291942,0,2.22044604925031e-16,NaN,NaN,NaN,NaN,1,0.15,811365,2069,candidate-elcs-w,632,0.590208000000003,0.0491840000000003,0.296479999999998,1,iid-load15,IID occupancy 15%,iid,0.15,0,0,6350243844,0.14875,3076,0.00116059817945384,1419885,949149,6.8,120,1,10,3,28,16,10,24,46,1,30397309269,5657943415,5658615291,3,54,63,212,1,1,1,0,NaN,1,122,1,24,0.000768,180836,159530,2,0
witness-confirmed-reactivation-same-seed-development,16082025,n5-6dof-zero-loss,N5 6-DOF zero-loss,EXP23U dynamic envelope,fast-early-delivered,1,3,periodic,Witness-confirmed early reactivation / event 3 s,none,5,ring2,6dof,tdma,1,1,0.15,1,0.48,0.29,0.29,0.0476190476190476,0.0476190476190476,0.0553929748839974,0.522485163355232,0,0,10.4708734120856,13.5392502918118,0,1.03691501352051,0.0992537313432835,0.279999999999999,0.44,0.56,NaN,NaN,3000,1050,538,0,0,2524,1291,1233,0,0,0,0,0,0,2,0.0019047619047619,0,1947,0,0,1,32,32,0,0,0,0,0,0,0,0.384983891178265,0,0,0,0,0,0,0,0,0,0,0.275594666666664,3.22559999999997,0,0,1.80099999999997,0,0.661427199999994,44.8333333333333,107.583333333333,0,0.00999081695544629,0.0189347006380877,NaN,NaN,0.999426815372397,2524,0,0,0,0,0,0.6862502,0,625307,0,110997400,0,15829537492,tdma,fast-early-delivered,none,local-conflict-witness-leases,none,continuous-elcs-replay,NaN,50,NaN,8.96666666666667,8.66666666666667,NaN,NaN,NaN,NaN,NaN,NaN,NaN,NaN,1050,NaN,NaN,NaN,0,0,1,2,NaN,NaN,NaN,NaN,NaN,0,0,NaN,0,0,0.275594666666664,1050,nominal,full,1,0,503409267144,0,0,0,0,0,0,0,0,1,0,0,0,0,0,0,0.283554993399736,1,0,NaN,NaN,5,1,0,0,1,188373153019,1050,1050,0.00146005840233609,0.00453205840233609,Inf,1.38777878078145e-17,0.00025,40,38.1874335715863,1,3129283755,5700016182,38707737,133179667,762056357,44314,10,4,3,1,1,5,212,1,17,23,1,0,0,1,23,44,21,1,0,57,102,1232,1932,1,24,1,1,0,1,3188,40,1280,6000,176000,0.017,0.0181136363636364,98,102,44,0,1043,7,2,1291,1229,4,1291,1229,4,0,1050,1050,0,1,82,0.081536,195,124,71,0,82,0.081536,195,124,71,0,1,2548,0.081536,0,11.9878660361267,6.58448386813651,1,600504,0.00025,40,0.00014562560764868,38.1874335715863,0.000730029201168047,0.00146005840233609,11.99546812288,1,0.000882537139890616,0.000126375643981578,1.38777878078145e-17,NaN,NaN,NaN,NaN,1,0.15,625307,2076,candidate-elcs-w,82,0.081536,0.00679466666666666,0.275594666666664,1,iid-load15,IID occupancy 15%,iid,0.15,0,0,6263245415,0.150083333333331,3066,0.00117482061317678,1419885,949149,6.8,120,1,10,3,28,16,10,24,46,1,30509190616,5701566248,5700016182,3,54,63,212,1,1,1,1,64,0,126,1,24,0.000768,160125,159595,0,0
witness-confirmed-reactivation-same-seed-development,16082025,n5-6dof-zero-loss,N5 6-DOF zero-loss,EXP23U dynamic envelope,fast-late-delivered,2,8,periodic,Witness-confirmed early reactivation / event 8 s,none,5,ring2,6dof,tdma,1,1,0.15,1,0.48,0.29,0.29,0.0476190476190476,0.0476190476190476,0.0558109659200685,0.521865711054705,0,0,10.4708734120856,13.5392502918118,0,1.03691348020696,0.100945273631841,0.279999999999999,0.44,0.56,NaN,NaN,3000,1052,540,0,0,2528,1295,1233,0,0,0,0,0,0,2,0.00190114068441065,0,1945,0,0,1,32,32,0,0,0,0,0,0,0,0.385718179196848,0,0,0,0,0,0,0,0,0,0,0.276415999999997,3.23174399999997,0,0,1.80099999999997,0,0.663398399999994,45,107.916666666667,0,0.0100007144838852,0.0189461389616976,NaN,NaN,0.999280353654775,2528,0,0,0,0,0,0.719080399999999,0,625307,0,110997400,0,15846664740,tdma,fast-late-delivered,none,local-conflict-witness-leases,none,continuous-elcs-replay,NaN,50,NaN,9,8.66666666666667,NaN,NaN,NaN,NaN,NaN,NaN,NaN,NaN,1052,NaN,NaN,NaN,0,0,1,2,NaN,NaN,NaN,NaN,NaN,0,0,NaN,0,0,0.276415999999997,1052,nominal,full,1,0,503409267144,0,0,0,0,0,0,0,0,1,0,0,0,0,0,0,0.283554993399736,1,0,NaN,NaN,5,1,0,0,1,188373153019,1052,1052,0.00146005840233609,0.00453205840233609,Inf,1.38777878078145e-17,0.00025,40,38.1874335715863,1,3164313784,5700969500,38707737,133195173,765360410,44314,10,4,3,1,1,5,212,1,18,24,1,0,0,1,24,45,21,1,0,60,106,1260,2020,1,24,1,1,0,1,3304,40,1280,6000,176000,0.0176666666666667,0.0187727272727273,102,106,46,0,1042,10,2,1295,1229,4,1295,1229,4,0,1052,1052,0,1,86,0.085248,205,133,72,0,86,0.085248,205,133,72,0,1,2664,0.085248,0,11.9878660361267,8.62078722081141,1,1587224,0.00025,40,0.00014562560764868,38.1874335715863,0.000730029201168047,0.00146005840233609,11.99546812288,1,0.000882537139890616,0.000126375643981578,1.38777878078145e-17,NaN,NaN,NaN,NaN,1,0.15,625307,2075,candidate-elcs-w,86,0.085248,0.007104,0.276415999999997,1,iid-load15,IID occupancy 15%,iid,0.15,0,0,6263245415,0.150083333333331,3066,0.00117482061317678,1419885,949149,6.8,120,1,10,3,28,16,10,24,46,1,30509190616,5701566424,5700969500,8,142,151,212,1,1,1,1,153,0,238,1,24,0.000768,161158,159684,0,0
witness-confirmed-reactivation-same-seed-development,16082025,n5-6dof-zero-loss,N5 6-DOF zero-loss,EXP23U dynamic envelope,fast-early-response-blackout,3,3,periodic,Witness-confirmed reactivation / event 3 s / RESPONSE blackout,none,5,ring2,6dof,tdma,1,1,0.15,1,0.48,0.29,0.29,0.0476190476190476,0.0476190476190476,0.0635719261823923,0.51822549701974,0,0,10.4708734120856,13.5392502918118,0,1.03690916792677,0.132968490878939,0.460000000000001,0.720000000000001,0.960000000000001,NaN,NaN,3000,949,476,0,0,2322,1167,1155,0,0,0,0,0,0,2,0.00210748155953635,0,2047,0,0,1,32,32,0,0,0,0,0,0,0,0.40009287153753,0,0,0,0,0,0,0,0,0,0,0.294309333333331,2.91532799999997,0,0,1.80099999999997,0,0.706342399999996,39.6666666666667,97.25,0,0.0100203615817181,0.0189350770956354,NaN,NaN,0.939175129533679,2322,0,0,0,0,0,0.699900600000001,0,625307,0,110997400,0,18314582322,tdma,fast-early-response-blackout,none,local-conflict-witness-leases,none,continuous-elcs-replay,NaN,50,NaN,7.93333333333333,3.91666666666667,NaN,NaN,NaN,NaN,NaN,NaN,NaN,NaN,949,NaN,NaN,NaN,0,0,1,2,NaN,NaN,NaN,NaN,NaN,0,0,NaN,0,0,0.294309333333331,949,nominal,full,1,0,503409267144,0,0,0,0,0,0,0,0,1,0,0,0,0,0,0,0.283554993399736,1,0,NaN,NaN,5,1,0,0,1,188373153019,949,949,0.00146005840233609,0.00453205840233609,Inf,1.38777878078145e-17,0.00025,40,38.1874335715863,1,5584410957,5700011862,38707737,134443624,1086170487,44314,10,4,3,1,0,5,212,0,166,167,1,0,0,1,356,374,18,1,1,1047,1422,10472,30982,1,24,1,0,1,1,41478,40,1280,6000,176000,0.237,0.235670454545455,1419,1423,704,0,894,55,2,1167,1151,4,1167,1151,4,0,949,949,0,1,658,0.616383999999999,1635,952,683,0,658,0.616384000000004,1635,952,683,0,1,19262,0.616384,0,11.983083022688,11.9580621599175,1,1057618,0.00025,40,0.00014562560764868,38.1874335715863,0.000730029201168047,0.00146005840233609,11.99546812288,1,0.000882537139890616,0.000126375643981578,1.38777878078145e-17,NaN,NaN,NaN,NaN,1,0.15,625307,2076,candidate-elcs-w,658,0.616384000000004,0.0513653333333337,0.294309333333331,1,iid-load15,IID occupancy 15%,iid,0.15,0,0,6263245415,0.150083333333331,3066,0.00117482061317678,1419885,949149,6.8,120,1,10,3,28,16,10,24,46,1,30509190616,5701268004,5700011862,3,54,63,212,1,1,1,0,NaN,1,126,1,24,0.000768,180836,159530,2,0
witness-confirmed-reactivation-same-seed-development,16082026,n5-6dof-zero-loss,N5 6-DOF zero-loss,EXP23U dynamic envelope,fast-early-delivered,1,3,periodic,Witness-confirmed early reactivation / event 3 s,none,5,ring2,6dof,tdma,1,1,0.15,1,0.48,0.29,0.29,0.0476190476190476,0.0476190476190476,0.0543858480157244,0.529189877571482,0,0,10.3855587532825,13.3062847851163,0,1.03681499366088,0.0935406301824212,0.26,0.399999999999999,0.52,NaN,NaN,3000,1053,552,0,0,2528,1327,1201,0,0,0,0,0,0,0,0,0,1944,0,0,1,32,32,0,0,0,0,0,0,0,0.385928166637983,0,0,0,0,0,0,0,0,0,0,0.277093333333331,3.23481599999997,0,0,1.798,0,0.665023999999994,46,110.583333333333,0,0.00998523641167151,0.0189583889865865,NaN,NaN,0.998603873758726,2528,0,0,0,0,0,0.721492800000001,0,1183262,0,110997400,0,15891597961,tdma,fast-early-delivered,none,local-conflict-witness-leases,none,continuous-elcs-replay,NaN,50,NaN,9.2,8.58333333333333,NaN,NaN,NaN,NaN,NaN,NaN,NaN,NaN,1053,NaN,NaN,NaN,0,0,1,0,NaN,NaN,NaN,NaN,NaN,0,0,NaN,0,0,0.277093333333331,1053,nominal,full,1,0,503326025540,0,0,0,0,0,0,0,0,1,0,0,0,0,0,0,0.226990000560022,1,0,NaN,NaN,5,1,0,0,1,188855822606,1053,1053,0.00146005840233609,0.00453205840233609,Inf,1.38777878078145e-17,0.00025,40,35.8946153687775,1,3169160464,5622065436,38707737,133181056,771206775,44314,10,4,3,1,1,4,212,1,17,22,0,0,0,0,22,46,24,1,0,65,112,1288,2150,1,24,1,1,0,1,3462,40,1280,6000,176000,0.0186666666666667,0.0196704545454545,103,111,50,0,1043,10,0,1327,1201,0,1327,1201,0,0,1053,1053,0,1,92,0.090304,223,157,66,0,92,0.090304,223,157,66,0,1,2822,0.090304,0,11.9885320915367,6.8111348078145,1,748018,0.00025,40,0.000142276534769479,35.8946153687775,0.000730029201168047,0.00146005840233609,11.99546812288,1,0.000583496096203007,0,1.38777878078145e-17,NaN,NaN,NaN,NaN,1,0.15,1183262,2119,candidate-elcs-w,92,0.090304,0.00752533333333333,0.277093333333331,1,iid-load15,IID occupancy 15%,iid,0.15,0,0,6264323596,0.149833333333333,3014,0.00119309887193099,1419885,949149,6.8,120,1,10,3,28,16,10,24,46,1,30405089412,5621603863,5622065436,3,54,63,212,1,1,1,1,64,0,127,1,24,0.000768,160125,159595,0,0
witness-confirmed-reactivation-same-seed-development,16082026,n5-6dof-zero-loss,N5 6-DOF zero-loss,EXP23U dynamic envelope,fast-late-delivered,2,8,periodic,Witness-confirmed early reactivation / event 8 s,none,5,ring2,6dof,tdma,1,1,0.15,1,0.48,0.29,0.29,0.0476190476190476,0.0476190476190476,0.0547326735177136,0.528484358561268,0,0,10.3855587532825,13.3062847851163,0,1.03681706441019,0.0951658374792703,0.26,0.399999999999999,0.52,NaN,NaN,3000,1050,546,0,0,2522,1315,1207,0,0,0,0,0,0,0,0,0,1947,0,0,1,32,32,0,0,0,0,0,0,0,0.384712420138955,0,0,0,0,0,0,0,0,0,0,0.276015999999997,3.22559999999997,0,0,1.798,0,0.662438399999994,45.5,109.583333333333,0,0.00997140905872336,0.0189586689803494,NaN,NaN,0.998813951150869,2522,0,0,0,0,0,0.7318367,0,1183262,0,110997400,0,15841582395,tdma,fast-late-delivered,none,local-conflict-witness-leases,none,continuous-elcs-replay,NaN,50,NaN,9.1,8.58333333333333,NaN,NaN,NaN,NaN,NaN,NaN,NaN,NaN,1050,NaN,NaN,NaN,0,0,1,0,NaN,NaN,NaN,NaN,NaN,0,0,NaN,0,0,0.276015999999997,1050,nominal,full,1,0,503326025540,0,0,0,0,0,0,0,0,1,0,0,0,0,0,0,0.226990000560022,1,0,NaN,NaN,5,1,0,0,1,188855822606,1050,1050,0.00146005840233609,0.00453205840233609,Inf,1.38777878078145e-17,0.00025,40,35.8946153687775,1,3158505743,5622065612,38707737,133188653,761796156,44314,10,4,3,1,1,4,212,1,16,21,0,0,0,0,21,45,24,1,0,62,108,1260,2062,1,24,1,1,0,1,3346,40,1280,6000,176000,0.018,0.0190113636363636,99,107,48,0,1044,6,0,1315,1207,0,1315,1207,0,0,1050,1050,0,1,88,0.086592,213,152,61,0,88,0.086592,213,152,61,0,1,2706,0.086592,0,11.9885320915367,8.50814310907529,1,772106,0.00025,40,0.000142276534769479,35.8946153687775,0.000730029201168047,0.00146005840233609,11.99546812288,1,0.000583496096203007,0,1.38777878078145e-17,NaN,NaN,NaN,NaN,1,0.15,1183262,2119,candidate-elcs-w,88,0.086592,0.007216,0.276015999999997,1,iid-load15,IID occupancy 15%,iid,0.15,0,0,6264323596,0.149833333333333,3014,0.00119309887193099,1419885,949149,6.8,120,1,10,3,28,16,10,24,46,1,30405089412,5621604039,5622065612,8,142,151,212,1,1,1,1,151,0,242,1,24,0.000768,160853,159682,0,0
witness-confirmed-reactivation-same-seed-development,16082026,n5-6dof-zero-loss,N5 6-DOF zero-loss,EXP23U dynamic envelope,fast-early-response-blackout,3,3,periodic,Witness-confirmed reactivation / event 3 s / RESPONSE blackout,none,5,ring2,6dof,tdma,1,1,0.15,1,0.48,0.29,0.29,0.0476190476190476,0.0476190476190476,0.0604731766374923,0.522382727997996,0,0,10.3855587532825,13.3062847851163,0,1.03681045817246,0.117603648424544,0.359999999999999,0.52,0.74,NaN,NaN,3000,958,497,0,0,2338,1217,1121,0,0,0,0,0,0,0,0,0,2038,0,0,1,32,32,0,0,0,0,0,0,0,0.402421942227243,0,0,0,0,0,0,0,0,0,0,0.296383999999998,2.94297599999997,0,0,1.798,0,0.711321599999995,41.4166666666667,101.416666666667,0,0.00997999075076188,0.0188966372173153,NaN,NaN,0.959053406068607,2338,0,0,0,0,0,0.689469099999999,0,1183262,0,110997400,0,18391836319,tdma,fast-early-response-blackout,none,local-conflict-witness-leases,none,continuous-elcs-replay,NaN,50,NaN,8.28333333333333,4.91666666666667,NaN,NaN,NaN,NaN,NaN,NaN,NaN,NaN,958,NaN,NaN,NaN,0,0,1,0,NaN,NaN,NaN,NaN,NaN,0,0,NaN,0,0,0.296383999999998,958,nominal,full,1,0,503326025540,0,0,0,0,0,0,0,0,1,0,0,0,0,0,0,0.226990000560022,1,0,NaN,NaN,5,1,0,0,1,188855822606,958,958,0.00146005840233609,0.00453205840233609,Inf,1.38777878078145e-17,0.00025,40,35.8946153687775,1,5580289783,5622206411,38707737,134444681,1100740049,44314,10,4,3,1,0,4,212,0,166,163,0,0,0,0,352,372,20,1,1,1047,1420,10416,30952,1,24,1,0,1,1,41392,40,1280,6000,176000,0.236666666666667,0.235181818181818,1412,1420,702,0,894,64,0,1217,1121,0,1217,1121,0,0,958,958,0,1,656,0.613631999999999,1635,965,670,0,656,0.613632000000004,1635,965,670,0,1,19176,0.613632,0,11.9834683684524,11.9587266549722,1,1105412,0.00025,40,0.000142276534769479,35.8946153687775,0.000730029201168047,0.00146005840233609,11.99546812288,1,0.000583496096203007,0,1.38777878078145e-17,NaN,NaN,NaN,NaN,1,0.15,1183262,2119,candidate-elcs-w,656,0.613632000000004,0.0511360000000003,0.296383999999998,1,iid-load15,IID occupancy 15%,iid,0.15,0,0,6264323596,0.149833333333333,3014,0.00119309887193099,1419885,949149,6.8,120,1,10,3,28,16,10,24,46,1,30405089412,5622344840,5622206411,3,54,63,212,1,1,1,0,NaN,1,127,1,24,0.000768,180836,159530,2,0
witness-confirmed-reactivation-same-seed-development,16082027,n5-6dof-zero-loss,N5 6-DOF zero-loss,EXP23U dynamic envelope,fast-early-delivered,1,3,periodic,Witness-confirmed early reactivation / event 3 s,none,5,ring2,6dof,tdma,1,1,0.15,1,0.48,0.29,0.29,0.0476190476190476,0.0476190476190476,0.0585940899618502,0.516955499627755,0,0,10.2282344909809,12.72244079854,0,1.03690247379665,0.0923548922056384,0.24,0.360000000000001,0.5,NaN,NaN,3000,1052,543,0,0,2522,1297,1225,0,0,0,0,0,0,2,0.00190114068441065,0,1945,0,0,1,32,32,0,0,0,0,0,0,0,0.382742350675874,0,0,0,0,0,0,0,0,0,0,0.275045333333331,3.23174399999997,0,0,1.78099999999999,0,0.660108799999994,45.25,108.083333333333,0,0.00994330197900353,0.018877759172109,NaN,NaN,0.996061010421769,2522,0,0,0,0,0,0.7201366,0,1138418,0,110997400,0,15792824638,tdma,fast-early-delivered,none,local-conflict-witness-leases,none,continuous-elcs-replay,NaN,50,NaN,9.05,8,NaN,NaN,NaN,NaN,NaN,NaN,NaN,NaN,1052,NaN,NaN,NaN,0,0,1,2,NaN,NaN,NaN,NaN,NaN,0,0,NaN,0,0,0.275045333333331,1052,nominal,full,1,0,502916138642,0,0,0,0,0,0,0,0,1,0,0,0,0,0,0,0.170425007720309,1,0,NaN,NaN,5,1,0,0,1,188649095384,1052,1052,0.00146005840233609,0.00453205840233609,Inf,1.38777878078145e-17,0.00025,40,31.4848880627743,1,3090152475,5680793755,38707737,133180334,761525894,44314,10,4,3,1,1,3,212,1,18,17,1,0,0,1,17,39,22,1,0,49,89,1092,1674,1,24,1,1,0,1,2790,40,1280,6000,176000,0.0148333333333333,0.0158522727272727,80,89,35,0,1042,10,2,1297,1223,2,1297,1223,2,0,1052,1052,0,1,69,0.0688,166,127,39,0,69,0.0688,166,127,39,0,1,2150,0.0688,0,11.9876109160649,6.58427534012822,1,613308,0.00025,40,0.000197830844300578,31.4848880627743,0.000730029201168047,0.00146005840233609,11.99546812288,1,0.000842869630311327,0.000307133418055931,1.38777878078145e-17,NaN,NaN,NaN,NaN,1,0.15,1138418,2131,candidate-elcs-w,69,0.0688,0.00573333333333333,0.275045333333331,1,iid-load15,IID occupancy 15%,iid,0.15,0,0,6272344556,0.148416666666666,3093,0.00115126050420168,1419885,949149,6.8,120,1,10,3,28,16,10,24,46,1,30378632933,5681263646,5680793755,3,54,63,212,1,1,1,1,64,0,124,1,24,0.000768,160125,159595,0,0
witness-confirmed-reactivation-same-seed-development,16082027,n5-6dof-zero-loss,N5 6-DOF zero-loss,EXP23U dynamic envelope,fast-late-delivered,2,8,periodic,Witness-confirmed early reactivation / event 8 s,none,5,ring2,6dof,tdma,1,1,0.15,1,0.48,0.29,0.29,0.0476190476190476,0.0476190476190476,0.060389631144914,0.513735531324041,0,0,10.2282344909809,12.72244079854,0,1.03690264070741,0.0996019900497512,0.260000000000002,0.479999999999999,0.68,NaN,NaN,3000,1051,544,0,0,2520,1299,1221,0,0,0,0,0,0,2,0.00190294957183635,0,1946,0,0,1,32,32,0,0,0,0,0,0,0,0.382473658232714,0,0,0,0,0,0,0,0,0,0,0.274479999999997,3.22867199999997,0,0,1.78099999999999,0,0.658751999999994,45.3333333333333,108.25,0,0.00995140457657265,0.0188944972749536,NaN,NaN,0.996048601528054,2520,0,0,0,0,0,0.725926599999999,0,1138418,0,110997400,0,15773262362,tdma,fast-late-delivered,none,local-conflict-witness-leases,none,continuous-elcs-replay,NaN,50,NaN,9.06666666666667,8,NaN,NaN,NaN,NaN,NaN,NaN,NaN,NaN,1051,NaN,NaN,NaN,0,0,1,2,NaN,NaN,NaN,NaN,NaN,0,0,NaN,0,0,0.274479999999997,1051,nominal,full,1,0,502916138642,0,0,0,0,0,0,0,0,1,0,0,0,0,0,0,0.170425007720309,1,0,NaN,NaN,5,1,0,0,1,188649095384,1051,1051,0.00146005840233609,0.00453205840233609,Inf,1.38777878078145e-17,0.00025,40,31.4848880627743,1,3069992137,5680793931,38707737,133187830,754970410,44314,10,4,3,1,1,3,212,1,17,16,1,0,0,1,16,38,22,1,0,46,85,1064,1586,1,24,1,1,0,1,2674,40,1280,6000,176000,0.0141666666666667,0.0151931818181818,76,85,33,0,1043,8,2,1299,1219,2,1299,1219,2,0,1051,1051,0,1,65,0.065088,156,120,36,0,65,0.065088,156,120,36,0,1,2034,0.065088,0,11.9876109160649,8.50743414569083,1,927105,0.00025,40,0.000197830844300578,31.4848880627743,0.000730029201168047,0.00146005840233609,11.99546812288,1,0.000842869630311327,0.000307133418055931,1.38777878078145e-17,NaN,NaN,NaN,NaN,1,0.15,1138418,2131,candidate-elcs-w,65,0.065088,0.005424,0.274479999999997,1,iid-load15,IID occupancy 15%,iid,0.15,0,0,6272344556,0.148416666666666,3093,0.00115126050420168,1419885,949149,6.8,120,1,10,3,28,16,10,24,46,1,30378632933,5681263822,5680793931,8,142,151,212,1,1,1,1,151,0,238,1,24,0.000768,160853,159682,0,0
witness-confirmed-reactivation-same-seed-development,16082027,n5-6dof-zero-loss,N5 6-DOF zero-loss,EXP23U dynamic envelope,fast-early-response-blackout,3,3,periodic,Witness-confirmed reactivation / event 3 s / RESPONSE blackout,none,5,ring2,6dof,tdma,1,1,0.15,1,0.48,0.29,0.29,0.0476190476190476,0.0476190476190476,0.0722976851863128,0.50075283400335,0,0,10.2282344909809,12.72244079854,0,1.03689642028788,0.154461028192371,0.639999999999999,1,1.24,NaN,NaN,3000,951,488,0,0,2320,1187,1133,0,0,0,0,0,0,2,0.00210304942166141,0,2045,0,0,1,32,32,0,0,0,0,0,0,0,0.398053902333703,0,0,0,0,0,0,0,0,0,0,0.293733333333331,2.92147199999997,0,0,1.78099999999999,0,0.704959999999995,40.6666666666667,98.9166666666667,0,0.00988586465203489,0.0188574317378984,NaN,NaN,0.948063219077193,2320,0,0,0,0,0,0.738274399999999,0,1138418,0,110997400,0,18228080213,tdma,fast-early-response-blackout,none,local-conflict-witness-leases,none,continuous-elcs-replay,NaN,50,NaN,8.13333333333333,4.5,NaN,NaN,NaN,NaN,NaN,NaN,NaN,NaN,951,NaN,NaN,NaN,0,0,1,2,NaN,NaN,NaN,NaN,NaN,0,0,NaN,0,0,0.293733333333331,951,nominal,full,1,0,502916138642,0,0,0,0,0,0,0,0,1,0,0,0,0,0,0,0.170425007720309,1,0,NaN,NaN,5,1,0,0,1,188649095384,951,951,0.00146005840233609,0.00453205840233609,Inf,1.38777878078145e-17,0.00025,40,31.4848880627743,1,5486034844,5680720274,38707737,134444133,1086564408,44314,10,4,3,1,0,3,212,0,167,161,1,0,0,1,350,369,19,1,1,1039,1409,10332,30714,1,24,1,0,1,1,41070,40,1280,6000,176000,0.234833333333333,0.233352272727273,1400,1409,695,0,893,58,2,1187,1131,2,1187,1131,2,0,951,951,0,1,645,0.603327999999999,1606,916,690,0,645,0.603328000000004,1606,916,690,0,1,18854,0.603328,0,11.9832034721017,11.9578072968473,1,962405,0.00025,40,0.000197830844300578,31.4848880627743,0.000730029201168047,0.00146005840233609,11.99546812288,1,0.000842869630311327,0.000307133418055931,1.38777878078145e-17,NaN,NaN,NaN,NaN,1,0.15,1138418,2131,candidate-elcs-w,645,0.603328000000004,0.0502773333333336,0.293733333333331,1,iid-load15,IID occupancy 15%,iid,0.15,0,0,6272344556,0.148416666666666,3093,0.00115126050420168,1419885,949149,6.8,120,1,10,3,28,16,10,24,46,1,30378632933,5680490450,5680720274,3,54,63,212,1,1,1,0,NaN,1,124,1,24,0.000768,180836,159530,2,0
witness-confirmed-reactivation-same-seed-development,16082028,n5-6dof-zero-loss,N5 6-DOF zero-loss,EXP23U dynamic envelope,fast-early-delivered,1,3,periodic,Witness-confirmed early reactivation / event 3 s,none,5,ring2,6dof,tdma,1,1,0.15,1,0.48,0.29,0.29,0.0476190476190476,0.0476190476190476,0.0520341774049264,0.528973839925611,0,0,10.5056888781298,12.8453592701817,0,1.03672023185304,0.0836567164179103,0.220000000000001,0.32,0.4,NaN,NaN,3000,1048,563,0,0,2519,1355,1164,0,0,0,0,0,0,0,0,0,1949,0,0,1,32,32,0,0,0,0,0,0,0,0.382063893605788,0,0,0,0,0,0,0,0,0,0,0.276037333333331,3.21945599999997,0,0,1.74699999999998,0,0.662489599999994,46.9166666666667,112.916666666667,0,0.00998351011158273,0.0189450071130772,NaN,NaN,0.997024361857729,2519,0,0,0,0,0,0.7088145,0,1317946,0,110997400,0,15856704663,tdma,fast-early-delivered,none,local-conflict-witness-leases,none,continuous-elcs-replay,NaN,50,NaN,9.38333333333333,8.75,NaN,NaN,NaN,NaN,NaN,NaN,NaN,NaN,1048,NaN,NaN,NaN,0,0,1,0,NaN,NaN,NaN,NaN,NaN,0,0,NaN,0,0,0.276037333333331,1048,nominal,full,1,0,503386001938,0,0,0,0,0,0,0,0,1,0,0,0,0,0,0,0.170425007720309,1,0,NaN,NaN,5,1,0,0,1,188648191456,1048,1048,0.00146005840233609,0.00453205840233609,Inf,1.38777878078145e-17,0.00025,40,38.5793319173418,1,3175710170,5690903290,38707737,133196722,771924185,44314,10,4,3,1,1,3,212,1,22,25,0,0,0,0,25,47,22,1,0,66,114,1316,2206,1,24,1,1,0,1,3546,40,1280,6000,176000,0.019,0.0201477272727273,104,115,43,0,1038,10,0,1355,1164,0,1355,1164,0,0,1048,1048,0,1,94,0.092992,224,146,78,0,94,0.0929919999999999,224,146,78,0,1,2906,0.092992,0,11.9879195617237,6.47133164642462,1,875574,0.00025,40,0.000248196256067877,38.5793319173418,0.000730029201168047,0.00146005840233609,11.99546812288,1,0.00106068931743586,0,1.38777878078145e-17,NaN,NaN,NaN,NaN,1,0.15,1317946,2092,candidate-elcs-w,94,0.0929919999999999,0.00774933333333333,0.276037333333331,1,iid-load15,IID occupancy 15%,iid,0.15,0,0,6337090696,0.145583333333332,2963,0.00117881241565452,1419885,949149,6.8,120,1,10,3,28,16,10,24,46,1,30325883984,5690407349,5690903290,3,54,63,212,1,1,1,1,68,0,124,1,24,0.000768,160391,159599,0,0
witness-confirmed-reactivation-same-seed-development,16082028,n5-6dof-zero-loss,N5 6-DOF zero-loss,EXP23U dynamic envelope,fast-late-delivered,2,8,periodic,Witness-confirmed early reactivation / event 8 s,none,5,ring2,6dof,tdma,1,1,0.15,1,0.48,0.29,0.29,0.0476190476190476,0.0476190476190476,0.0526249018533449,0.52813817015214,0,0,10.5056888781298,12.8453592701817,0,1.0367213444052,0.0860447761194028,0.24,0.337799999999997,0.4,NaN,NaN,3000,1049,560,0,0,2521,1349,1172,0,0,0,0,0,0,0,0,0,1948,0,0,1,32,32,0,0,0,0,0,0,0,0.381677822924882,0,0,0,0,0,0,0,0,0,0,0.275503999999997,3.22252799999997,0,0,1.74699999999998,0,0.661209599999994,46.6666666666667,112.416666666667,0,0.0099722912685404,0.0189785398974763,NaN,NaN,0.996916425596846,2521,0,0,0,0,0,0.699845,0,1317946,0,110997400,0,15813380604,tdma,fast-late-delivered,none,local-conflict-witness-leases,none,continuous-elcs-replay,NaN,50,NaN,9.33333333333333,8.75,NaN,NaN,NaN,NaN,NaN,NaN,NaN,NaN,1049,NaN,NaN,NaN,0,0,1,0,NaN,NaN,NaN,NaN,NaN,0,0,NaN,0,0,0.275503999999997,1049,nominal,full,1,0,503386001938,0,0,0,0,0,0,0,0,1,0,0,0,0,0,0,0.170425007720309,1,0,NaN,NaN,5,1,0,0,1,188648191456,1049,1049,0.00146005840233609,0.00453205840233609,Inf,1.38777878078145e-17,0.00025,40,38.5793319173418,1,3117623048,5690903466,38707737,133195703,761079482,44314,10,4,3,1,1,3,212,1,19,22,0,0,0,0,22,44,22,1,0,59,104,1232,1994,1,24,1,1,0,1,3250,40,1280,6000,176000,0.0173333333333333,0.0184659090909091,94,105,37,0,1041,8,0,1349,1172,0,1349,1172,0,0,1049,1049,0,1,84,0.08352,200,129,71,0,84,0.08352,200,129,71,0,1,2610,0.08352,0,11.9879195617237,8.62079327030504,1,857005,0.00025,40,0.000248196256067877,38.5793319173418,0.000730029201168047,0.00146005840233609,11.99546812288,1,0.00106068931743586,0,1.38777878078145e-17,NaN,NaN,NaN,NaN,1,0.15,1317946,2092,candidate-elcs-w,84,0.08352,0.00696,0.275503999999997,1,iid-load15,IID occupancy 15%,iid,0.15,0,0,6337090696,0.145583333333332,2963,0.00117881241565452,1419885,949149,6.8,120,1,10,3,28,16,10,24,46,1,30325883984,5690407525,5690903466,8,142,151,212,1,1,1,1,153,0,235,1,24,0.000768,161158,159684,0,0
witness-confirmed-reactivation-same-seed-development,16082028,n5-6dof-zero-loss,N5 6-DOF zero-loss,EXP23U dynamic envelope,fast-early-response-blackout,3,3,periodic,Witness-confirmed reactivation / event 3 s / RESPONSE blackout,none,5,ring2,6dof,tdma,1,1,0.15,1,0.48,0.29,0.29,0.0476190476190476,0.0476190476190476,0.0584676362754757,0.523313756147994,0,0,10.5056888781298,12.8453592701817,0,1.03670657762157,0.126558872305141,0.42,0.82,0.98,NaN,NaN,3000,958,513,0,0,2339,1255,1084,0,0,0,0,0,0,0,0,0,2038,0,0,1,32,32,0,0,0,0,0,0,0,0.39987824714641,0,0,0,0,0,0,0,0,0,0,0.296997333333331,2.94297599999997,0,0,1.74699999999998,0,0.712793599999995,42.75,104.583333333333,0,0.00995347693208347,0.0189962980874416,NaN,NaN,0.96076885165106,2339,0,0,0,0,0,0.729499000000001,0,1317946,0,110997400,0,18443483154,tdma,fast-early-response-blackout,none,local-conflict-witness-leases,none,continuous-elcs-replay,NaN,50,NaN,8.55,5.25,NaN,NaN,NaN,NaN,NaN,NaN,NaN,NaN,958,NaN,NaN,NaN,0,0,1,0,NaN,NaN,NaN,NaN,NaN,0,0,NaN,0,0,0.296997333333331,958,nominal,full,1,0,503386001938,0,0,0,0,0,0,0,0,1,0,0,0,0,0,0,0.170425007720309,1,0,NaN,NaN,5,1,0,0,1,188648191456,958,958,0.00146005840233609,0.00453205840233609,Inf,1.38777878078145e-17,0.00025,40,38.5793319173418,1,5611029839,5691100189,38707737,134444176,1099092304,44314,10,4,3,1,0,3,212,0,167,168,0,0,0,0,357,376,19,1,1,1050,1427,10528,31070,1,24,1,0,1,1,41622,40,1280,6000,176000,0.237833333333333,0.236488636363636,1416,1427,699,0,893,65,0,1255,1084,0,1255,1084,0,0,958,958,0,1,663,0.620991999999999,1646,937,709,0,663,0.620992000000004,1646,937,709,0,1,19406,0.620992,0,11.9836164235252,11.9581152652773,1,826183,0.00025,40,0.000248196256067877,38.5793319173418,0.000730029201168047,0.00146005840233609,11.99546812288,1,0.00106068931743586,0,1.38777878078145e-17,NaN,NaN,NaN,NaN,1,0.15,1317946,2092,candidate-elcs-w,663,0.620992000000004,0.0517493333333337,0.296997333333331,1,iid-load15,IID occupancy 15%,iid,0.15,0,0,6337090696,0.145583333333332,2963,0.00117881241565452,1419885,949149,6.8,120,1,10,3,28,16,10,24,46,1,30325883984,5690210599,5691100189,3,54,63,212,1,1,1,0,NaN,1,124,1,24,0.000768,180836,159530,2,0
witness-confirmed-reactivation-same-seed-development,16082029,n5-6dof-zero-loss,N5 6-DOF zero-loss,EXP23U dynamic envelope,fast-early-delivered,1,3,periodic,Witness-confirmed early reactivation / event 3 s,none,5,ring2,6dof,tdma,1,1,0.15,1,0.48,0.29,0.29,0.0476190476190476,0.0476190476190476,0.0518991551578073,0.525684479659369,0,0,10.503654999457,13.3878671104009,0,1.03685055464762,0.0846849087893863,0.219999999999999,0.299999999999999,0.4,NaN,NaN,3000,1050,558,0,0,2523,1345,1178,0,0,0,0,0,0,0,0,0,1947,0,0,1,32,32,0,0,0,0,0,0,0,0.379886543713119,0,0,0,0,0,0,0,0,0,0,0.274650666666664,3.22559999999997,0,0,1.75399999999995,0,0.659161599999994,46.5,112.083333333333,0,0.0100129836133075,0.0190096521690857,NaN,NaN,0.997609817051681,2523,0,0,0,0,0,0.7049632,0,983824,0,110997400,0,15785544301,tdma,fast-early-delivered,none,local-conflict-witness-leases,none,continuous-elcs-replay,NaN,50,NaN,9.3,8.66666666666667,NaN,NaN,NaN,NaN,NaN,NaN,NaN,NaN,1050,NaN,NaN,NaN,0,0,1,0,NaN,NaN,NaN,NaN,NaN,0,0,NaN,0,0,0.274650666666664,1050,nominal,full,1,0,503500218303,0,0,0,0,0,0,0,0,1,0,0,0,0,0,0,0.170425007720309,1,0,NaN,NaN,5,1,0,0,1,188855879025,1050,1050,0.00146005840233609,0.00453205840233609,Inf,1.38777878078145e-17,0.00025,40,39.4299376745155,1,3100895637,5660409519,38707737,133184472,759989237,44314,10,4,3,1,1,3,212,1,13,15,0,0,0,0,15,37,22,1,0,54,92,1036,1774,1,24,1,1,0,1,2834,40,1280,6000,176000,0.0153333333333333,0.0161022727272727,89,91,39,0,1047,3,0,1345,1178,0,1345,1178,0,0,1050,1050,0,1,72,0.070208,172,119,53,0,72,0.070208,172,119,53,0,1,2194,0.070208,0,11.9878857298065,6.64093130954106,1,1201260,0.00025,40,0.000234036027046895,39.4299376745155,0.000730029201168047,0.00146005840233609,11.99546812288,1,0.00056401858270938,0,1.38777878078145e-17,NaN,NaN,NaN,NaN,1,0.15,983824,2171,candidate-elcs-w,72,0.070208,0.00585066666666667,0.274650666666664,1,iid-load15,IID occupancy 15%,iid,0.15,0,0,6289905105,0.146166666666662,3007,0.00116622340425532,1419885,949149,6.8,120,1,10,3,28,16,10,24,46,1,30513484525,5662308891,5660409519,3,54,63,212,1,1,1,1,64,0,124,1,24,0.000768,160125,159595,0,0
witness-confirmed-reactivation-same-seed-development,16082029,n5-6dof-zero-loss,N5 6-DOF zero-loss,EXP23U dynamic envelope,fast-late-delivered,2,8,periodic,Witness-confirmed early reactivation / event 8 s,none,5,ring2,6dof,tdma,1,1,0.15,1,0.48,0.29,0.29,0.0476190476190476,0.0476190476190476,0.0526529019022398,0.524382679650732,0,0,10.503654999457,13.3878671104009,0,1.03685065690849,0.0879519071310115,0.220000000000001,0.32,0.44,NaN,NaN,3000,1051,554,0,0,2525,1337,1188,0,0,0,0,0,0,0,0,0,1946,0,0,1,32,32,0,0,0,0,0,0,0,0.379405600143167,0,0,0,0,0,0,0,0,0,0,0.274597333333331,3.22867199999997,0,0,1.75399999999995,0,0.659033599999994,46.1666666666667,111.416666666667,0,0.0100202274808816,0.0190094208078859,NaN,NaN,0.996383469142616,2525,0,0,0,0,0,0.7151251,0,983824,0,110997400,0,15775837187,tdma,fast-late-delivered,none,local-conflict-witness-leases,none,continuous-elcs-replay,NaN,50,NaN,9.23333333333333,8.33333333333333,NaN,NaN,NaN,NaN,NaN,NaN,NaN,NaN,1051,NaN,NaN,NaN,0,0,1,0,NaN,NaN,NaN,NaN,NaN,0,0,NaN,0,0,0.274597333333331,1051,nominal,full,1,0,503500218303,0,0,0,0,0,0,0,0,1,0,0,0,0,0,0,0.170425007720309,1,0,NaN,NaN,5,1,0,0,1,188855879025,1051,1051,0.00146005840233609,0.00453205840233609,Inf,1.38777878078145e-17,0.00025,40,39.4299376745155,1,3061356120,5663262674,38707737,133192069,756345346,44314,10,4,3,1,1,3,212,1,12,14,0,0,0,0,14,36,22,1,0,51,88,1008,1686,1,24,1,1,0,1,2718,40,1280,6000,176000,0.0146666666666667,0.0154431818181818,85,87,37,0,1048,3,0,1337,1188,0,1337,1188,0,0,1051,1051,0,1,68,0.066496,162,114,48,0,68,0.066496,162,114,48,0,1,2078,0.066496,0,11.9878857298065,8.50759027649906,1,1136147,0.00025,40,0.000234036027046895,39.4299376745155,0.000730029201168047,0.00146005840233609,11.99546812288,1,0.00056401858270938,0,1.38777878078145e-17,NaN,NaN,NaN,NaN,1,0.15,983824,2170,candidate-elcs-w,68,0.066496,0.00554133333333333,0.274597333333331,1,iid-load15,IID occupancy 15%,iid,0.15,0,0,6289905105,0.146166666666662,3007,0.00116622340425532,1419885,949149,6.8,120,1,10,3,28,16,10,24,46,1,30513484525,5662309067,5663262674,8,142,151,212,1,1,1,1,151,0,239,1,24,0.000768,160853,159682,0,0
witness-confirmed-reactivation-same-seed-development,16082029,n5-6dof-zero-loss,N5 6-DOF zero-loss,EXP23U dynamic envelope,fast-early-response-blackout,3,3,periodic,Witness-confirmed reactivation / event 3 s / RESPONSE blackout,none,5,ring2,6dof,tdma,1,1,0.15,1,0.48,0.29,0.29,0.0476190476190476,0.0476190476190476,0.0596026279293886,0.521731507573116,0,0,10.503654999457,13.3878671104009,0,1.03684591050836,0.122230514096186,0.44,0.799999999999999,1.02,NaN,NaN,3000,954,506,0,0,2331,1241,1090,0,0,0,0,0,0,0,0,0,2042,0,0,1,32,32,0,0,0,0,0,0,0,0.397209353407049,0,0,0,0,0,0,0,0,0,0,0.294362666666665,2.93068799999997,0,0,1.75399999999995,0,0.706470399999995,42.1666666666667,103.416666666667,0,0.0100080644361735,0.019029039726465,NaN,NaN,0.942868716626772,2331,0,0,0,0,0,0.6842013,0,983824,0,110997400,0,18251226122,tdma,fast-early-response-blackout,none,local-conflict-witness-leases,none,continuous-elcs-replay,NaN,50,NaN,8.43333333333333,4.33333333333333,NaN,NaN,NaN,NaN,NaN,NaN,NaN,NaN,954,NaN,NaN,NaN,0,0,1,0,NaN,NaN,NaN,NaN,NaN,0,0,NaN,0,0,0.294362666666665,954,nominal,full,1,0,503500218303,0,0,0,0,0,0,0,0,1,0,0,0,0,0,0,0.170425007720309,1,0,NaN,NaN,5,1,0,0,1,188855879025,954,954,0.00146005840233609,0.00453205840233609,Inf,1.38777878078145e-17,0.00025,40,39.4299376745155,1,5516772124,5659600700,38707737,134448255,1096722628,44314,10,4,3,1,0,3,212,0,162,159,0,0,0,0,348,366,18,1,1,1041,1408,10248,30746,1,24,1,0,1,1,41018,40,1280,6000,176000,0.234666666666667,0.233056818181818,1407,1409,697,0,898,56,0,1241,1090,0,1241,1090,0,0,954,954,0,1,644,0.601663999999999,1602,959,643,0,644,0.601664000000004,1602,959,643,0,1,18802,0.601664,0,11.9827379085648,11.9580810942093,1,1363782,0.00025,40,0.000234036027046895,39.4299376745155,0.000730029201168047,0.00146005840233609,11.99546812288,1,0.00056401858270938,0,1.38777878078145e-17,NaN,NaN,NaN,NaN,1,0.15,983824,2171,candidate-elcs-w,644,0.601664000000004,0.050138666666667,0.294362666666665,1,iid-load15,IID occupancy 15%,iid,0.15,0,0,6289905105,0.146166666666662,3007,0.00116622340425532,1419885,949149,6.8,120,1,10,3,28,16,10,24,46,1,30513484525,5662474438,5659600700,3,54,63,212,1,1,1,0,NaN,1,124,1,24,0.000768,180836,159530,2,0
witness-confirmed-reactivation-same-seed-development,16082030,n5-6dof-zero-loss,N5 6-DOF zero-loss,EXP23U dynamic envelope,fast-early-delivered,1,3,periodic,Witness-confirmed early reactivation / event 3 s,none,5,ring2,6dof,tdma,1,1,0.15,1,0.48,0.29,0.29,0.0476190476190476,0.0476190476190476,0.0540197892617189,0.518179837385624,0,0,10.439463455006,12.5039397871996,0,1.03674414569371,0.0890298507462686,0.24,0.34,0.460000000000001,NaN,NaN,3000,1052,517,0,0,2527,1241,1286,0,0,0,0,0,0,0,0,0,1945,0,0,1,32,32,0,0,0,0,0,0,0,0.384875813430339,0,0,0,0,0,0,0,0,0,0,0.275157333333331,3.23174399999997,0,0,1.84499999999994,0,0.660377599999994,43.0833333333333,103.416666666667,0,0.0099756785011433,0.0189306222028647,NaN,NaN,0.99721678139049,2527,0,0,0,0,0,0.6970967,0,719956,0,110997400,0,15784785045,tdma,fast-early-delivered,none,local-conflict-witness-leases,none,continuous-elcs-replay,NaN,50,NaN,8.61666666666667,7.91666666666667,NaN,NaN,NaN,NaN,NaN,NaN,NaN,NaN,1052,NaN,NaN,NaN,0,0,1,0,NaN,NaN,NaN,NaN,NaN,0,0,NaN,0,0,0.275157333333331,1052,nominal,full,1,0,503406010882,0,0,0,0,0,0,0,0,1,0,0,0,0,0,0,0.170425007720309,1,0,NaN,NaN,5,1,0,0,1,188754772916,1052,1052,0.00146005840233609,0.00453205840233609,Inf,1.11022302462516e-16,0.00025,40,33.6906625867433,1,3093805928,5602799637,38707737,133178980,759399220,44314,10,4,3,1,1,3,212,1,14,16,0,0,0,0,16,40,24,1,0,48,89,1120,1688,1,24,1,1,0,1,2832,40,1280,6000,176000,0.0148333333333333,0.0160909090909091,87,92,37,0,1046,6,0,1241,1286,0,1241,1286,0,0,1052,1052,0,1,69,0.070144,167,116,51,0,69,0.070144,167,116,51,0,1,2192,0.070144,0,11.9882534362144,6.58473641539877,1,971784,0.00025,40,0.000210365584020436,33.6906625867433,0.000730029201168047,0.00146005840233609,11.99546812288,1,0.000856428228791728,0,1.11022302462516e-16,NaN,NaN,NaN,NaN,1,0.15,719956,2159,candidate-elcs-w,69,0.070144,0.00584533333333333,0.275157333333331,1,iid-load15,IID occupancy 15%,iid,0.15,0,0,6308602519,0.153749999999995,3126,0.00118042226487524,1419885,949149,6.8,120,1,10,3,28,16,10,24,46,1,30392999602,5605395550,5602799637,3,54,63,212,1,1,1,1,63,0,125,1,24,0.000768,160061,159594,0,0
witness-confirmed-reactivation-same-seed-development,16082030,n5-6dof-zero-loss,N5 6-DOF zero-loss,EXP23U dynamic envelope,fast-late-delivered,2,8,periodic,Witness-confirmed early reactivation / event 8 s,none,5,ring2,6dof,tdma,1,1,0.15,1,0.48,0.29,0.29,0.0476190476190476,0.0476190476190476,0.0547396623914308,0.518178726277666,0,0,10.439463455006,12.5039397871996,0,1.03673343308774,0.0902238805970149,0.24,0.340000000000001,0.460000000000001,NaN,NaN,3000,1053,522,0,0,2529,1251,1278,0,0,0,0,0,0,0,0,0,1944,0,0,1,32,32,0,0,0,0,0,0,0,0.385555563956573,0,0,0,0,0,0,0,0,0,0,0.275413333333331,3.23481599999997,0,0,1.84499999999994,0,0.660991999999994,43.5,104.25,0,0.00998355751473424,0.0189303896460968,NaN,NaN,0.997160213715875,2529,0,0,0,0,0,0.7208092,0,719956,0,110997400,0,15810183313,tdma,fast-late-delivered,none,local-conflict-witness-leases,none,continuous-elcs-replay,NaN,50,NaN,8.7,7.91666666666667,NaN,NaN,NaN,NaN,NaN,NaN,NaN,NaN,1053,NaN,NaN,NaN,0,0,1,0,NaN,NaN,NaN,NaN,NaN,0,0,NaN,0,0,0.275413333333331,1053,nominal,full,1,0,503406010882,0,0,0,0,0,0,0,0,1,0,0,0,0,0,0,0.170425007720309,1,0,NaN,NaN,5,1,0,0,1,188754772916,1053,1053,0.00146005840233609,0.00453205840233609,Inf,1.11022302462516e-16,0.00025,40,33.6906625867433,1,3089858815,5605403029,38707737,133190481,759267084,44314,10,4,3,1,1,3,212,1,14,16,0,0,0,0,16,40,24,1,0,48,89,1120,1688,1,24,1,1,0,1,2832,40,1280,6000,176000,0.0148333333333333,0.0160909090909091,87,92,37,0,1046,7,0,1251,1278,0,1251,1278,0,0,1053,1053,0,1,69,0.070144,167,116,51,0,69,0.070144,167,116,51,0,1,2192,0.070144,0,11.9882534362144,8.50795980094384,1,963517,0.00025,40,0.000210365584020436,33.6906625867433,0.000730029201168047,0.00146005840233609,11.99546812288,1,0.000856428228791728,0,1.11022302462516e-16,NaN,NaN,NaN,NaN,1,0.15,719956,2158,candidate-elcs-w,69,0.070144,0.00584533333333333,0.275413333333331,1,iid-load15,IID occupancy 15%,iid,0.15,0,0,6308602519,0.153749999999995,3126,0.00118042226487524,1419885,949149,6.8,120,1,10,3,28,16,10,24,46,1,30392999602,5605395726,5605403029,8,142,151,212,1,1,1,1,151,0,238,1,24,0.000768,160853,159682,0,0
witness-confirmed-reactivation-same-seed-development,16082030,n5-6dof-zero-loss,N5 6-DOF zero-loss,EXP23U dynamic envelope,fast-early-response-blackout,3,3,periodic,Witness-confirmed reactivation / event 3 s / RESPONSE blackout,none,5,ring2,6dof,tdma,1,1,0.15,1,0.48,0.29,0.29,0.0476190476190476,0.0476190476190476,0.0608837598886178,0.507404042475222,0,0,10.439463455006,12.5039397871996,0,1.03674755927508,0.104419568822554,0.300000000000001,0.42,0.520000000000001,NaN,NaN,3000,951,462,0,0,2325,1131,1194,0,0,0,0,0,0,0,0,0,2045,0,0,1,32,32,0,0,0,0,0,0,0,0.400277200502778,0,0,0,0,0,0,0,0,0,0,0.294154666666665,2.92147199999997,0,0,1.84499999999994,0,0.705971199999995,38.5,94.25,0,0.00994713728283737,0.0189308547596325,NaN,NaN,0.940033471329164,2325,0,0,0,0,0,0.686229699999999,0,719956,0,110997400,0,18301634183,tdma,fast-early-response-blackout,none,local-conflict-witness-leases,none,continuous-elcs-replay,NaN,50,NaN,7.7,3.91666666666667,NaN,NaN,NaN,NaN,NaN,NaN,NaN,NaN,951,NaN,NaN,NaN,0,0,1,0,NaN,NaN,NaN,NaN,NaN,0,0,NaN,0,0,0.294154666666665,951,nominal,full,1,0,503406010882,0,0,0,0,0,0,0,0,1,0,0,0,0,0,0,0.170425007720309,1,0,NaN,NaN,5,1,0,0,1,188754772916,951,951,0.00146005840233609,0.00453205840233609,Inf,1.11022302462516e-16,0.00025,40,33.6906625867433,1,5503021505,5603193593,38707737,134446869,1094522131,44314,10,4,3,1,0,3,212,0,164,162,0,0,0,0,351,371,20,1,1,1041,1413,10388,30816,1,24,1,0,1,1,41228,40,1280,6000,176000,0.2355,0.23425,1411,1416,699,0,896,55,0,1131,1194,0,1131,1194,0,0,951,951,0,1,649,0.608383999999999,1617,891,726,0,649,0.608384000000004,1617,891,726,0,1,19012,0.608384,0,11.9832750629474,11.9584488161865,1,1617379,0.00025,40,0.000210365584020436,33.6906625867433,0.000730029201168047,0.00146005840233609,11.99546812288,1,0.000856428228791728,0,1.11022302462516e-16,NaN,NaN,NaN,NaN,1,0.15,719956,2159,candidate-elcs-w,649,0.608384000000004,0.050698666666667,0.294154666666665,1,iid-load15,IID occupancy 15%,iid,0.15,0,0,6308602519,0.153749999999995,3126,0.00118042226487524,1419885,949149,6.8,120,1,10,3,28,16,10,24,46,1,30392999602,5605671466,5603193593,3,54,63,212,1,1,1,0,NaN,1,125,1,24,0.000768,180836,159530,2,0
witness-confirmed-reactivation-same-seed-development,16082031,n5-6dof-zero-loss,N5 6-DOF zero-loss,EXP23U dynamic envelope,fast-early-delivered,1,3,periodic,Witness-confirmed early reactivation / event 3 s,none,5,ring2,6dof,tdma,1,1,0.15,1,0.48,0.29,0.29,0.0476190476190476,0.0476190476190476,0.0552772833249,0.522885967887698,0,0,10.6632137402544,12.5486992502372,0,1.0366088401884,0.0948009950248755,0.24,0.32,0.4,NaN,NaN,3000,1045,522,0,0,2512,1263,1249,0,0,0,0,0,0,0,0,0,1952,0,0,1,32,32,0,0,0,0,0,0,0,0.381845880411173,0,0,0,0,0,0,0,0,0,0,0.274698666666664,3.21023999999997,0,0,1.79699999999995,0,0.659276799999994,43.5,105.25,0,0.0100261372850258,0.0190367519018023,NaN,NaN,0.990130813953488,2512,0,0,0,0,0,0.744832000000001,0,1048721,0,110997400,0,15745172461,tdma,fast-early-delivered,none,local-conflict-witness-leases,none,continuous-elcs-replay,NaN,50,NaN,8.7,7.25,NaN,NaN,NaN,NaN,NaN,NaN,NaN,NaN,1045,NaN,NaN,NaN,0,0,1,0,NaN,NaN,NaN,NaN,NaN,0,0,NaN,0,0,0.274698666666664,1045,nominal,full,1,0,503206166346,0,0,0,0,0,0,0,0,1,0,0,0,0,0,0,0.170425007720309,1,0,NaN,NaN,5,1,0,0,1,188862654256,1045,1045,0.00146005840233609,0.00453205840233609,Inf,8.67361737988404e-19,0.00025,40,15.1941244403697,1,3162562219,5701125110,38707737,133184558,758604195,44314,10,4,3,1,1,3,212,1,19,24,0,0,0,0,24,47,23,1,0,57,105,1316,1992,1,24,1,1,0,1,3332,40,1280,6000,176000,0.0175,0.0189318181818182,102,108,42,0,1041,4,0,1263,1249,0,1263,1249,0,0,1045,1045,0,1,85,0.086144,204,144,60,0,85,0.086144,204,144,60,0,1,2692,0.086144,0,11.9883829940864,6.64138801542988,1,444825,0.00025,40,0.000224399377383171,15.1941244403697,0.000730029201168047,0.00146005840233609,11.99546812288,1,0.00108084172605771,0,8.67361737988404e-19,NaN,NaN,NaN,NaN,1,0.15,1048721,2133,candidate-elcs-w,85,0.086144,0.00717866666666666,0.274698666666664,1,iid-load15,IID occupancy 15%,iid,0.15,0,0,6283866224,0.149749999999996,3102,0.00115860735009671,1419885,949149,6.8,120,1,10,3,28,16,10,24,46,1,30360078169,5701452477,5701125110,3,54,63,212,1,1,1,1,65,0,124,1,24,0.000768,160190,159596,0,0
witness-confirmed-reactivation-same-seed-development,16082031,n5-6dof-zero-loss,N5 6-DOF zero-loss,EXP23U dynamic envelope,fast-late-delivered,2,8,periodic,Witness-confirmed early reactivation / event 8 s,none,5,ring2,6dof,tdma,1,1,0.15,1,0.48,0.29,0.29,0.0476190476190476,0.0476190476190476,0.055593403322575,0.522877301080079,0,0,10.6632137402544,12.5486992502372,0,1.03659927240397,0.0957296849087893,0.24,0.32,0.4,NaN,NaN,3000,1048,526,0,0,2518,1271,1247,0,0,0,0,0,0,0,0,0,1949,0,0,1,32,32,0,0,0,0,0,0,0,0.382628899461457,0,0,0,0,0,0,0,0,0,0,0.275157333333331,3.21945599999997,0,0,1.79699999999995,0,0.660377599999994,43.8333333333333,105.916666666667,0,0.0100115012765322,0.0190294077365099,NaN,NaN,0.9899670817232,2518,0,0,0,0,0,0.6765158,0,1048721,0,110997400,0,15772745669,tdma,fast-late-delivered,none,local-conflict-witness-leases,none,continuous-elcs-replay,NaN,50,NaN,8.76666666666667,7.25,NaN,NaN,NaN,NaN,NaN,NaN,NaN,NaN,1048,NaN,NaN,NaN,0,0,1,0,NaN,NaN,NaN,NaN,NaN,0,0,NaN,0,0,0.275157333333331,1048,nominal,full,1,0,503206166346,0,0,0,0,0,0,0,0,1,0,0,0,0,0,0,0.170425007720309,1,0,NaN,NaN,5,1,0,0,1,188862654256,1048,1048,0.00146005840233609,0.00453205840233609,Inf,8.67361737988404e-19,0.00025,40,15.1941244403697,1,3116287995,5701125286,38707737,133192155,756774425,44314,10,4,3,1,1,3,212,1,18,23,0,0,0,0,23,46,23,1,0,54,101,1288,1904,1,24,1,1,0,1,3216,40,1280,6000,176000,0.0168333333333333,0.0182727272727273,98,104,40,0,1042,6,0,1271,1247,0,1271,1247,0,0,1048,1048,0,1,81,0.082432,194,142,52,0,81,0.082432,194,142,52,0,1,2576,0.082432,0,11.9883829940864,8.56462699391251,1,777856,0.00025,40,0.000224399377383171,15.1941244403697,0.000730029201168047,0.00146005840233609,11.99546812288,1,0.00105624731865994,0,8.67361737988404e-19,NaN,NaN,NaN,NaN,1,0.15,1048721,2133,candidate-elcs-w,81,0.082432,0.00686933333333333,0.275157333333331,1,iid-load15,IID occupancy 15%,iid,0.15,0,0,6283866224,0.149749999999996,3102,0.00115860735009671,1419885,949149,6.8,120,1,10,3,28,16,10,24,46,1,30360078169,5701452653,5701125286,8,142,151,212,1,1,1,1,152,0,239,1,24,0.000768,161005,159683,0,0
witness-confirmed-reactivation-same-seed-development,16082031,n5-6dof-zero-loss,N5 6-DOF zero-loss,EXP23U dynamic envelope,fast-early-response-blackout,3,3,periodic,Witness-confirmed reactivation / event 3 s / RESPONSE blackout,none,5,ring2,6dof,tdma,1,1,0.15,1,0.48,0.29,0.29,0.0476190476190476,0.0476190476190476,0.0622486360844859,0.515475228932372,0,0,10.6632137402544,12.5486992502372,0,1.03660438612474,0.116525704809287,0.32,0.539999999999999,0.639999999999999,NaN,NaN,3000,940,472,0,0,2302,1163,1139,0,0,0,0,0,0,0,0,0,2056,0,0,1,32,32,0,0,0,0,0,0,0,0.396200157726409,0,0,0,0,0,0,0,0,0,0,0.291770666666665,2.88767999999997,0,0,1.79699999999995,0,0.700249599999995,39.3333333333333,96.9166666666667,0,0.0100186268015074,0.0189463737505197,NaN,NaN,0.947210884353741,2302,0,0,0,0,0,0.7287115,0,1048721,0,110997400,0,18175947126,tdma,fast-early-response-blackout,none,local-conflict-witness-leases,none,continuous-elcs-replay,NaN,50,NaN,7.86666666666667,4.58333333333333,NaN,NaN,NaN,NaN,NaN,NaN,NaN,NaN,940,NaN,NaN,NaN,0,0,1,0,NaN,NaN,NaN,NaN,NaN,0,0,NaN,0,0,0.291770666666665,940,nominal,full,1,0,503206166346,0,0,0,0,0,0,0,0,1,0,0,0,0,0,0,0.170425007720309,1,0,NaN,NaN,5,1,0,0,1,188862654256,940,940,0.00146005840233609,0.00453205840233609,Inf,8.67361737988404e-19,0.00025,40,15.1941244403697,1,5502140409,5701555796,38707737,134444330,1076689873,44314,10,4,3,1,0,3,212,0,167,166,0,0,0,0,355,375,20,1,1,1041,1417,10500,30866,1,24,1,0,1,1,41390,40,1280,6000,176000,0.236166666666667,0.235170454545455,1415,1421,698,0,893,47,0,1163,1139,0,1163,1139,0,0,940,940,0,1,653,0.613567999999999,1624,918,706,0,653,0.613568000000004,1624,918,706,0,1,19174,0.613568,0,11.9837009226338,11.9585781324113,1,743240,0.00025,40,0.000224399377383171,15.1941244403697,0.000730029201168047,0.00146005840233609,11.99546812288,1,0.0010128454232543,0,8.67361737988404e-19,NaN,NaN,NaN,NaN,1,0.15,1048721,2133,candidate-elcs-w,653,0.613568000000004,0.051130666666667,0.291770666666665,1,iid-load15,IID occupancy 15%,iid,0.15,0,0,6283866224,0.149749999999996,3102,0.00115860735009671,1419885,949149,6.8,120,1,10,3,28,16,10,24,46,1,30360078169,5701414768,5701555796,3,54,63,212,1,1,1,0,NaN,1,124,1,24,0.000768,180836,159530,2,0
witness-confirmed-reactivation-same-seed-development,16082032,n5-6dof-zero-loss,N5 6-DOF zero-loss,EXP23U dynamic envelope,fast-early-delivered,1,3,periodic,Witness-confirmed early reactivation / event 3 s,none,5,ring2,6dof,tdma,1,1,0.15,1,0.48,0.29,0.29,0.0476190476190476,0.0476190476190476,0.052726388706461,0.526412473495252,0,0,10.4007524334216,12.4782217630088,0,1.03666761421297,0.0978192371475953,0.26,0.359999999999999,0.5,NaN,NaN,3000,1048,557,0,0,2520,1344,1176,0,0,0,0,0,0,0,0,0,1949,0,0,1,32,32,0,0,0,0,0,0,0,0.380088540713189,0,0,0,0,0,0,0,0,0,0,0.273210666666664,3.21945599999997,0,0,1.75699999999996,0,0.655705599999994,46.4166666666667,112,0,0.00998869483999794,0.0189557801625828,NaN,NaN,0.998403835942654,2520,0,0,0,0,0,0.7265873,0,1185800,0,110997400,0,15691605332,tdma,fast-early-delivered,none,local-conflict-witness-leases,none,continuous-elcs-replay,NaN,50,NaN,9.28333333333333,8.66666666666667,NaN,NaN,NaN,NaN,NaN,NaN,NaN,NaN,1048,NaN,NaN,NaN,0,0,1,0,NaN,NaN,NaN,NaN,NaN,0,0,NaN,0,0,0.273210666666664,1048,nominal,full,1,0,503134879401,0,0,0,0,0,0,0,0,1,0,0,0,0,0,0,0.113860014880595,1,0,NaN,NaN,5,1,0,0,1,188541712035,1048,1048,0.00146005840233609,0.00453205840233609,Inf,1.73472347597681e-18,0.00025,40,28.5100303607157,1,3021933199,5699082541,38707737,133193610,755274658,44314,10,4,3,1,1,2,212,1,15,14,0,0,0,0,14,35,21,1,0,42,78,980,1482,1,24,1,1,0,1,2486,40,1280,6000,176000,0.013,0.014125,81,81,36,0,1045,3,0,1344,1176,0,1344,1176,0,0,1048,1048,0,1,58,0.059072,139,110,29,0,58,0.059072,139,110,29,0,1,1846,0.059072,0,11.9874826615934,6.52755614979676,1,1803664,0.00025,40,0.000245979218129444,28.5100303607157,0.000730029201168047,0.00146005840233609,11.99546812288,1,0.000746283721955621,0,1.73472347597681e-18,NaN,NaN,NaN,NaN,1,0.15,1185800,2064,candidate-elcs-w,58,0.059072,0.00492266666666667,0.273210666666664,1,iid-load15,IID occupancy 15%,iid,0.15,0,0,6282687310,0.146416666666663,2983,0.00117761394101877,1419885,949149,6.8,120,1,10,3,28,16,10,24,46,1,30445313636,5700006664,5699082541,3,54,63,212,1,1,1,1,66,0,123,1,24,0.000768,160256,159597,0,0
witness-confirmed-reactivation-same-seed-development,16082032,n5-6dof-zero-loss,N5 6-DOF zero-loss,EXP23U dynamic envelope,fast-late-delivered,2,8,periodic,Witness-confirmed early reactivation / event 8 s,none,5,ring2,6dof,tdma,1,1,0.15,1,0.48,0.29,0.29,0.0476190476190476,0.0476190476190476,0.0534488906751674,0.525658366941654,0,0,10.4007524334216,12.4782217630088,0,1.03666249769355,0.100903814262023,0.279999999999999,0.399999999999999,0.5,NaN,NaN,3000,1053,557,0,0,2530,1344,1186,0,0,0,0,0,0,0,0,0,1944,0,0,1,32,32,0,0,0,0,0,0,0,0.380448602288638,0,0,0,0,0,0,0,0,0,0,0.273839999999997,3.23481599999997,0,0,1.75699999999996,0,0.657215999999994,46.4166666666667,112,0,0.0100006088662247,0.0189622686139741,NaN,NaN,0.998403835942654,2530,0,0,0,0,0,0.7151222,0,1185800,0,110997400,0,15738965010,tdma,fast-late-delivered,none,local-conflict-witness-leases,none,continuous-elcs-replay,NaN,50,NaN,9.28333333333333,8.66666666666667,NaN,NaN,NaN,NaN,NaN,NaN,NaN,NaN,1053,NaN,NaN,NaN,0,0,1,0,NaN,NaN,NaN,NaN,NaN,0,0,NaN,0,0,0.273839999999997,1053,nominal,full,1,0,503134879401,0,0,0,0,0,0,0,0,1,0,0,0,0,0,0,0.113860014880595,1,0,NaN,NaN,5,1,0,0,1,188541712035,1053,1053,0.00146005840233609,0.00453205840233609,Inf,1.73472347597681e-18,0.00025,40,28.5100303607157,1,3009671318,5699082717,38707737,133192894,753573033,44314,10,4,3,1,1,2,212,1,12,11,0,0,0,0,11,32,21,1,0,37,70,896,1322,1,24,1,1,0,1,2242,40,1280,6000,176000,0.0116666666666667,0.0127386363636364,73,73,30,0,1048,5,0,1344,1186,0,1344,1186,0,0,1053,1053,0,1,50,0.051264,121,99,22,0,50,0.051264,121,99,22,0,1,1602,0.051264,0,11.9874826615934,8.50728839977059,1,904594,0.00025,40,0.000245979218129444,28.5100303607157,0.000730029201168047,0.00146005840233609,11.99546812288,1,0.000746283721955621,0,1.73472347597681e-18,NaN,NaN,NaN,NaN,1,0.15,1185800,2064,candidate-elcs-w,50,0.051264,0.004272,0.273839999999997,1,iid-load15,IID occupancy 15%,iid,0.15,0,0,6282687310,0.146416666666663,2983,0.00117761394101877,1419885,949149,6.8,120,1,10,3,28,16,10,24,46,1,30445313636,5700006840,5699082717,8,142,151,212,1,1,1,1,151,0,237,1,24,0.000768,160853,159682,0,0
witness-confirmed-reactivation-same-seed-development,16082032,n5-6dof-zero-loss,N5 6-DOF zero-loss,EXP23U dynamic envelope,fast-early-response-blackout,3,3,periodic,Witness-confirmed reactivation / event 3 s / RESPONSE blackout,none,5,ring2,6dof,tdma,1,1,0.15,1,0.48,0.29,0.29,0.0476190476190476,0.0476190476190476,0.0595764361994032,0.520683167234332,0,0,10.4007524334216,12.4782217630088,0,1.0366647646115,0.119825870646766,0.32,0.779999999999999,1.02,NaN,NaN,3000,962,504,0,0,2348,1238,1110,0,0,0,0,0,0,0,0,0,2034,0,0,1,32,32,0,0,0,0,0,0,0,0.398588405116269,0,0,0,0,0,0,0,0,0,0,0.295429333333331,2.95526399999997,0,0,1.75699999999996,0,0.709030399999995,42,103.166666666667,0,0.0100489605964889,0.018974191712629,NaN,NaN,0.955090991126485,2348,0,0,0,0,0,0.712818799999999,0,1185800,0,110997400,0,18218612298,tdma,fast-early-response-blackout,none,local-conflict-witness-leases,none,continuous-elcs-replay,NaN,50,NaN,8.4,4.83333333333333,NaN,NaN,NaN,NaN,NaN,NaN,NaN,NaN,962,NaN,NaN,NaN,0,0,1,0,NaN,NaN,NaN,NaN,NaN,0,0,NaN,0,0,0.295429333333331,962,nominal,full,1,0,503134879401,0,0,0,0,0,0,0,0,1,0,0,0,0,0,0,0.113860014880595,1,0,NaN,NaN,5,1,0,0,1,188541712035,962,962,0.00146005840233609,0.00453205840233609,Inf,1.73472347597681e-18,0.00025,40,28.5100303607157,1,5464233365,5698992504,38707737,134449276,1101191221,44314,10,4,3,1,0,2,212,0,162,157,0,0,0,0,346,364,18,1,1,1029,1394,10192,30434,1,24,1,0,1,1,40650,40,1280,6000,176000,0.232333333333333,0.230965909090909,1397,1397,694,0,898,64,0,1238,1110,0,1238,1110,0,0,962,962,0,1,630,0.589887999999999,1569,900,669,0,630,0.589888000000003,1569,900,669,0,1,18434,0.589888,0,11.9836643778714,11.9576788925821,1,597767,0.00025,40,0.000245979218129444,28.5100303607157,0.000730029201168047,0.00146005840233609,11.99546812288,1,0.000981231483423883,0,1.73472347597681e-18,NaN,NaN,NaN,NaN,1,0.15,1185800,2064,candidate-elcs-w,630,0.589888000000003,0.0491573333333336,0.295429333333331,1,iid-load15,IID occupancy 15%,iid,0.15,0,0,6282687310,0.146416666666663,2983,0.00117761394101877,1419885,949149,6.8,120,1,10,3,28,16,10,24,46,1,30445313636,5699360761,5698992504,3,54,63,212,1,1,1,0,NaN,1,123,1,24,0.000768,180836,159530,2,0
witness-confirmed-reactivation-same-seed-development,16082033,n5-6dof-zero-loss,N5 6-DOF zero-loss,EXP23U dynamic envelope,fast-early-delivered,1,3,periodic,Witness-confirmed early reactivation / event 3 s,none,5,ring2,6dof,tdma,1,1,0.15,1,0.48,0.29,0.29,0.0476190476190476,0.0476190476190476,0.0555331938076512,0.519787658116308,0,0,10.2097376772268,12.645670564778,0,1.0367339951582,0.0978772802653398,0.26,0.42,0.52,NaN,NaN,3000,1048,559,0,0,2519,1344,1175,0,0,0,0,0,0,2,0.00190839694656489,0,1949,0,0,1,32,32,0,0,0,0,0,0,0,0.381199483250834,0,0,0,0,0,0,0,0,0,0,0.276394666666664,3.21945599999997,0,0,1.73299999999996,0,0.663347199999994,46.5833333333333,112,0,0.0100365853913413,0.018982015422554,NaN,NaN,0.998676872433244,2519,0,0,0,0,0,0.7782479,0,922582,0,110997400,0,15846410794,tdma,fast-early-delivered,none,local-conflict-witness-leases,none,continuous-elcs-replay,NaN,50,NaN,9.31666666666667,8.91666666666667,NaN,NaN,NaN,NaN,NaN,NaN,NaN,NaN,1048,NaN,NaN,NaN,0,0,1,2,NaN,NaN,NaN,NaN,NaN,0,0,NaN,0,0,0.276394666666664,1048,nominal,full,1,0,503462017958,0,0,0,0,0,0,0,0,1,0,0,0,0,0,0,0.226990000560022,1,0,NaN,NaN,5,1,0,0,1,188270605516,1048,1048,0.00146005840233609,0.00453205840233609,Inf,1.73472347597681e-18,0.00025,40,38.4103937687887,1,3183304016,5663267121,38707737,133180009,765029715,44314,10,4,3,1,1,4,212,1,18,29,1,0,0,1,29,52,23,1,0,65,118,1456,2200,1,24,1,1,0,1,3680,40,1280,6000,176000,0.0196666666666667,0.0209090909090909,111,116,50,0,1042,6,2,1344,1173,2,1344,1173,2,0,1048,1048,0,1,98,0.09728,237,154,83,0,98,0.0972799999999999,237,154,83,0,1,3040,0.09728,0,11.9874398328696,6.64073146629387,1,1044592,0.00025,40,0.00023964955607815,38.4103937687887,0.000730029201168047,0.00146005840233609,11.99546812288,1,0.000911134075499476,0.000102901923215243,1.73472347597681e-18,NaN,NaN,NaN,NaN,1,0.15,922582,2099,candidate-elcs-w,98,0.0972799999999999,0.00810666666666666,0.276394666666664,1,iid-load15,IID occupancy 15%,iid,0.15,0,0,6302505301,0.144416666666663,2944,0.0011773097826087,1419885,949149,6.8,120,1,10,3,28,16,10,24,46,1,30362705516,5666066821,5663267121,3,54,63,212,1,1,1,1,64,0,127,1,24,0.000768,160125,159595,0,0
witness-confirmed-reactivation-same-seed-development,16082033,n5-6dof-zero-loss,N5 6-DOF zero-loss,EXP23U dynamic envelope,fast-late-delivered,2,8,periodic,Witness-confirmed early reactivation / event 8 s,none,5,ring2,6dof,tdma,1,1,0.15,1,0.48,0.29,0.29,0.0476190476190476,0.0476190476190476,0.0588117433381435,0.513091784727145,0,0,10.2097376772268,12.645670564778,0,1.03673459438465,0.112155887230514,0.34,0.68,0.92,NaN,NaN,3000,1044,560,0,0,2511,1346,1165,0,0,0,0,0,0,2,0.00191570881226054,0,1953,0,0,1,32,32,0,0,0,0,0,0,0,0.381272036156979,0,0,0,0,0,0,0,0,0,0,0.275989333333331,3.20716799999997,0,0,1.73299999999996,0,0.662374399999994,46.6666666666667,112.166666666667,0,0.0100579510890304,0.0189884840610956,NaN,NaN,0.998630704072859,2511,0,0,0,0,0,0.687870100000001,0,922582,0,110997400,0,15836157876,tdma,fast-late-delivered,none,local-conflict-witness-leases,none,continuous-elcs-replay,NaN,50,NaN,9.33333333333333,8.91666666666667,NaN,NaN,NaN,NaN,NaN,NaN,NaN,NaN,1044,NaN,NaN,NaN,0,0,1,2,NaN,NaN,NaN,NaN,NaN,0,0,NaN,0,0,0.275989333333331,1044,nominal,full,1,0,503462017958,0,0,0,0,0,0,0,0,1,0,0,0,0,0,0,0.226990000560022,1,0,NaN,NaN,5,1,0,0,1,188270605516,1044,1044,0.00146005840233609,0.00453205840233609,Inf,1.73472347597681e-18,0.00025,40,38.4103937687887,1,3223680006,5663334248,38707737,133199621,761271024,44314,10,4,3,1,1,4,212,1,20,31,1,0,0,1,31,54,23,1,0,71,126,1512,2376,1,24,1,1,0,1,3912,40,1280,6000,176000,0.021,0.0222272727272727,119,124,54,0,1040,4,2,1346,1163,2,1346,1163,2,0,1044,1044,0,1,106,0.104704,257,166,91,0,106,0.104704,257,166,91,0,1,3272,0.104704,0,11.9874398328696,8.67699299491643,1,1085664,0.00025,40,0.00023964955607815,38.4103937687887,0.000730029201168047,0.00146005840233609,11.99546812288,1,0.000911134075499476,0.000102901923215243,1.73472347597681e-18,NaN,NaN,NaN,NaN,1,0.15,922582,2099,candidate-elcs-w,106,0.104704,0.00872533333333333,0.275989333333331,1,iid-load15,IID occupancy 15%,iid,0.15,0,0,6302505301,0.144416666666663,2944,0.0011773097826087,1419885,949149,6.8,120,1,10,3,28,16,10,24,46,1,30362705516,5666066997,5663334248,8,142,151,212,1,1,1,1,154,0,239,1,24,0.000768,161312,159685,0,0
witness-confirmed-reactivation-same-seed-development,16082033,n5-6dof-zero-loss,N5 6-DOF zero-loss,EXP23U dynamic envelope,fast-early-response-blackout,3,3,periodic,Witness-confirmed reactivation / event 3 s / RESPONSE blackout,none,5,ring2,6dof,tdma,1,1,0.15,1,0.48,0.29,0.29,0.0476190476190476,0.0476190476190476,0.0633663461662336,0.508795311166668,0,0,10.2097376772268,12.645670564778,0,1.03673652951888,0.12379767827529,0.380000000000001,0.779999999999999,1.02,NaN,NaN,3000,959,512,0,0,2341,1250,1091,0,0,0,0,0,0,2,0.00208550573514077,0,2037,0,0,1,32,32,0,0,0,0,0,0,0,0.400807444023489,0,0,0,0,0,0,0,0,0,0,0.297973333333331,2.94604799999997,0,0,1.73299999999996,0,0.715135999999996,42.6666666666667,104.166666666667,0,0.00993949472350122,0.0189501062526096,NaN,NaN,0.967928220655023,2341,0,0,0,0,0,0.772506899999999,0,922582,0,110997400,0,18501822786,tdma,fast-early-response-blackout,none,local-conflict-witness-leases,none,continuous-elcs-replay,NaN,50,NaN,8.53333333333333,5.5,NaN,NaN,NaN,NaN,NaN,NaN,NaN,NaN,959,NaN,NaN,NaN,0,0,1,2,NaN,NaN,NaN,NaN,NaN,0,0,NaN,0,0,0.297973333333331,959,nominal,full,1,0,503462017958,0,0,0,0,0,0,0,0,1,0,0,0,0,0,0,0.226990000560022,1,0,NaN,NaN,5,1,0,0,1,188270605516,959,959,0.00146005840233609,0.00453205840233609,Inf,1.73472347597681e-18,0.00025,40,38.4103937687887,1,5647014995,5663740377,38707737,134443792,1117135941,44314,10,4,3,1,0,4,212,0,167,174,1,0,0,1,363,382,19,1,1,1052,1435,10696,31172,1,24,1,0,1,1,41892,40,1280,6000,176000,0.239166666666667,0.238022727272727,1429,1434,709,0,893,66,2,1250,1089,2,1250,1089,2,0,959,959,0,1,671,0.629631999999999,1669,978,691,0,671,0.629632000000005,1669,978,691,0,1,19676,0.629632,0,11.9834566987941,11.9576365688083,1,726486,0.00025,40,0.00023964955607815,38.4103937687887,0.000730029201168047,0.00146005840233609,11.99546812288,1,0.00118601213659921,0.000102901923215243,1.73472347597681e-18,NaN,NaN,NaN,NaN,1,0.15,922582,2099,candidate-elcs-w,671,0.629632000000005,0.0524693333333337,0.297973333333331,1,iid-load15,IID occupancy 15%,iid,0.15,0,0,6302505301,0.144416666666663,2944,0.0011773097826087,1419885,949149,6.8,120,1,10,3,28,16,10,24,46,1,30362705516,5665963034,5663740377,3,54,63,212,1,1,1,0,NaN,1,127,1,24,0.000768,180836,159530,2,0
witness-confirmed-reactivation-same-seed-development,16082034,n5-6dof-zero-loss,N5 6-DOF zero-loss,EXP23U dynamic envelope,fast-early-delivered,1,3,periodic,Witness-confirmed early reactivation / event 3 s,none,5,ring2,6dof,tdma,1,1,0.15,1,0.48,0.29,0.29,0.0476190476190476,0.0476190476190476,0.0567548980428077,0.527489159524241,0,0,10.262828744253,12.6476736618649,0,1.03673944288195,0.0971890547263681,0.260000000000001,0.399999999999999,0.52,NaN,NaN,3000,1052,529,0,0,2528,1270,1258,0,0,0,0,0,0,0,0,0,1945,0,0,1,32,32,0,0,0,0,0,0,0,0.384321467981707,0,0,0,0,0,0,0,0,0,0,0.272170666666664,3.23174399999997,0,0,1.82899999999998,0,0.653209599999994,44.0833333333333,105.833333333333,0,0.0100087049396577,0.01893733507218,NaN,NaN,0.996212242573112,2528,0,0,0,0,0,0.697271899999999,0,1170681,0,110997400,0,15641924754,tdma,fast-early-delivered,none,local-conflict-witness-leases,none,continuous-elcs-replay,NaN,50,NaN,8.81666666666667,8,NaN,NaN,NaN,NaN,NaN,NaN,NaN,NaN,1052,NaN,NaN,NaN,0,0,1,0,NaN,NaN,NaN,NaN,NaN,0,0,NaN,0,0,0.272170666666664,1052,nominal,full,1,0,503699158801,0,0,0,0,0,0,0,0,1,0,0,0,0,0,0,0.113860014880595,1,0,NaN,NaN,5,1,0,0,1,188954431231,1052,1052,0.00146005840233609,0.00453205840233609,Inf,1.73472347597681e-18,0.00025,40,35.9581198806493,1,2956436847,5663366611,38707737,133183106,749411612,44314,10,4,3,1,1,2,212,1,10,4,0,0,0,0,4,25,21,1,0,28,54,700,988,1,24,1,1,0,1,1712,40,1280,6000,176000,0.009,0.00972727272727273,52,54,22,0,1050,2,0,1270,1258,0,1270,1258,0,0,1052,1052,0,1,34,0.034304,82,73,9,0,34,0.034304,82,73,9,0,1,1072,0.034304,0,11.9879748219274,6.41474478406498,1,61911,0.00025,40,0.000192338739387395,35.9581198806493,0.000730029201168047,0.00146005840233609,11.99546812288,1,0.00101872104780298,0,1.73472347597681e-18,NaN,NaN,NaN,NaN,1,0.15,1170681,2203,candidate-elcs-w,34,0.034304,0.00285866666666667,0.272170666666664,1,iid-load15,IID occupancy 15%,iid,0.15,0,0,6245343509,0.152416666666665,3107,0.00117696267696268,1419885,949149,6.8,120,1,10,3,28,16,10,24,46,1,30287421275,5663596356,5663366611,3,54,63,212,1,1,1,1,63,0,123,1,24,0.000768,160061,159594,0,0
witness-confirmed-reactivation-same-seed-development,16082034,n5-6dof-zero-loss,N5 6-DOF zero-loss,EXP23U dynamic envelope,fast-late-delivered,2,8,periodic,Witness-confirmed early reactivation / event 8 s,none,5,ring2,6dof,tdma,1,1,0.15,1,0.48,0.29,0.29,0.0476190476190476,0.0476190476190476,0.0589069517663552,0.523791289423502,0,0,10.262828744253,12.6476736618649,0,1.03673272565435,0.105530679933665,0.299999999999999,0.479999999999999,0.68,NaN,NaN,3000,1050,524,0,0,2524,1260,1264,0,0,0,0,0,0,0,0,0,1947,0,0,1,32,32,0,0,0,0,0,0,0,0.383474812755637,0,0,0,0,0,0,0,0,0,0,0.271658666666664,3.22559999999997,0,0,1.82899999999998,0,0.651980799999994,43.6666666666667,105,0,0.0100044964141098,0.018938052355705,NaN,NaN,0.994012236179995,2524,0,0,0,0,0,0.6803885,0,1170681,0,110997400,0,15642450929,tdma,fast-late-delivered,none,local-conflict-witness-leases,none,continuous-elcs-replay,NaN,50,NaN,8.73333333333333,7.58333333333333,NaN,NaN,NaN,NaN,NaN,NaN,NaN,NaN,1050,NaN,NaN,NaN,0,0,1,0,NaN,NaN,NaN,NaN,NaN,0,0,NaN,0,0,0.271658666666664,1050,nominal,full,1,0,503699158801,0,0,0,0,0,0,0,0,1,0,0,0,0,0,0,0.113860014880595,1,0,NaN,NaN,5,1,0,0,1,188954431231,1050,1050,0.00146005840233609,0.00453205840233609,Inf,1.73472347597681e-18,0.00025,40,35.9581198806493,1,2937118760,5661532183,38707737,133194506,745018718,44314,10,4,3,1,1,2,212,1,10,4,0,0,0,0,4,25,21,1,0,28,54,700,988,1,24,1,1,0,1,1712,40,1280,6000,176000,0.009,0.00972727272727273,52,54,22,0,1050,0,0,1260,1264,0,1260,1264,0,0,1050,1050,0,1,34,0.034304,82,73,9,0,34,0.034304,82,73,9,0,1,1072,0.034304,0,11.9879748219274,8.50767067313177,1,1383626,0.00025,40,0.000192338739387395,35.9581198806493,0.000730029201168047,0.00146005840233609,11.99546812288,1,0.00101872104780298,0,1.73472347597681e-18,NaN,NaN,NaN,NaN,1,0.15,1170681,2204,candidate-elcs-w,34,0.034304,0.00285866666666667,0.271658666666664,1,iid-load15,IID occupancy 15%,iid,0.15,0,0,6245343509,0.152416666666665,3107,0.00117696267696268,1419885,949149,6.8,120,1,10,3,28,16,10,24,46,1,30287421275,5663596532,5661532183,8,142,151,212,1,1,1,1,151,0,235,1,24,0.000768,160853,159682,0,0
witness-confirmed-reactivation-same-seed-development,16082034,n5-6dof-zero-loss,N5 6-DOF zero-loss,EXP23U dynamic envelope,fast-early-response-blackout,3,3,periodic,Witness-confirmed reactivation / event 3 s / RESPONSE blackout,none,5,ring2,6dof,tdma,1,1,0.15,1,0.48,0.29,0.29,0.0476190476190476,0.0476190476190476,0.0706965251490463,0.507410845491793,0,0,10.262828744253,12.6476736618649,0,1.03673207847271,0.15941127694859,0.58,1.24,1.48,NaN,NaN,3000,949,482,0,0,2322,1176,1146,0,0,0,0,0,0,0,0,0,2047,0,0,1,32,32,0,0,0,0,0,0,0,0.40187428091207,0,0,0,0,0,0,0,0,0,0,0.291583999999998,2.91532799999997,0,0,1.82899999999998,0,0.699801599999995,40.1666666666667,98,0,0.00997567876553705,0.0189384109974675,NaN,NaN,0.941230806628044,2322,0,0,0,0,0,0.706711699999999,0,1170681,0,110997400,0,18046873490,tdma,fast-early-response-blackout,none,local-conflict-witness-leases,none,continuous-elcs-replay,NaN,50,NaN,8.03333333333333,4.08333333333333,NaN,NaN,NaN,NaN,NaN,NaN,NaN,NaN,949,NaN,NaN,NaN,0,0,1,0,NaN,NaN,NaN,NaN,NaN,0,0,NaN,0,0,0.291583999999998,949,nominal,full,1,0,503699158801,0,0,0,0,0,0,0,0,1,0,0,0,0,0,0,0.113860014880595,1,0,NaN,NaN,5,1,0,0,1,188954431231,949,949,0.00146005840233609,0.00453205840233609,Inf,1.73472347597681e-18,0.00025,40,35.9581198806493,1,5413227412,5663295254,38707737,134451090,1071389604,44314,10,4,3,1,0,2,212,0,160,152,0,0,0,0,341,359,18,1,1,1030,1390,10052,30380,1,24,1,0,1,1,40456,40,1280,6000,176000,0.231666666666667,0.229863636363636,1388,1390,690,0,900,49,0,1176,1146,0,1176,1146,0,0,949,949,0,1,626,0.583679999999999,1562,911,651,0,626,0.583680000000003,1562,911,651,0,1,18240,0.58368,0,11.9832058658526,11.9581701118635,1,643019,0.00025,40,0.000192338739387395,35.9581198806493,0.000730029201168047,0.00146005840233609,11.99546812288,1,0.00101872104780298,0,1.73472347597681e-18,NaN,NaN,NaN,NaN,1,0.15,1170681,2203,candidate-elcs-w,626,0.583680000000003,0.0486400000000002,0.291583999999998,1,iid-load15,IID occupancy 15%,iid,0.15,0,0,6245343509,0.152416666666665,3107,0.00117696267696268,1419885,949149,6.8,120,1,10,3,28,16,10,24,46,1,30287421275,5663001016,5663295254,3,54,63,212,1,1,1,0,NaN,1,123,1,24,0.000768,180836,159530,2,0
witness-confirmed-reactivation-same-seed-development,16082035,n5-6dof-zero-loss,N5 6-DOF zero-loss,EXP23U dynamic envelope,fast-early-delivered,1,3,periodic,Witness-confirmed early reactivation / event 3 s,none,5,ring2,6dof,tdma,1,1,0.15,1,0.48,0.29,0.29,0.0476190476190476,0.0476190476190476,0.0560230915082201,0.523664467248643,0,0,10.2973194152642,12.6086477035552,0,1.03675771882883,0.0932338308457711,0.26,0.360000000000001,0.4,NaN,NaN,3000,1052,544,0,0,2528,1308,1220,0,0,0,0,0,0,0,0,0,1945,0,0,1,32,32,0,0,0,0,0,0,0,0.388450039495669,0,0,0,0,0,0,0,0,0,0,0.277215999999997,3.23174399999997,0,0,1.844,0,0.665318399999994,45.3333333333333,109,0,0.00995940107686749,0.0189899580062322,NaN,NaN,0.999176176649335,2528,0,0,0,0,0,0.719711499999999,0,1105844,0,110997400,0,15917190103,tdma,fast-early-delivered,none,local-conflict-witness-leases,none,continuous-elcs-replay,NaN,50,NaN,9.06666666666667,8.58333333333333,NaN,NaN,NaN,NaN,NaN,NaN,NaN,NaN,1052,NaN,NaN,NaN,0,0,1,0,NaN,NaN,NaN,NaN,NaN,0,0,NaN,0,0,0.277215999999997,1052,nominal,full,1,0,503251552342,0,0,0,0,0,0,0,0,1,0,0,0,0,0,0,0.113860014880595,1,0,NaN,NaN,5,1,0,0,1,188745684916,1052,1052,0.00146005840233609,0.00453205840233609,Inf,1.73472347597681e-18,0.00025,40,22.9196462683316,1,3207337022,5653622247,38707737,133200134,774263206,44314,10,4,3,1,1,2,212,1,14,23,0,0,0,0,23,48,25,1,0,66,115,1344,2236,1,24,1,1,0,1,3604,40,1280,6000,176000,0.0191666666666667,0.0204772727272727,118,118,52,0,1046,6,0,1308,1220,0,1308,1220,0,0,1052,1052,0,1,95,0.094848,229,153,76,0,95,0.0948479999999999,229,153,76,0,1,2964,0.094848,0,11.9881547710948,6.75425106180317,1,783606,0.00025,40,0.000185929961494712,22.9196462683316,0.000730029201168047,0.00146005840233609,11.99546812288,1,0.00124933729186516,0,1.73472347597681e-18,NaN,NaN,NaN,NaN,1,0.15,1105844,2202,candidate-elcs-w,95,0.0948479999999999,0.007904,0.277215999999997,1,iid-load15,IID occupancy 15%,iid,0.15,0,0,6226904855,0.153666666666666,3111,0.00118508997429306,1419885,949149,6.8,120,1,10,3,28,16,10,24,46,1,30396991765,5656677958,5653622247,3,54,63,212,1,1,1,1,67,0,123,1,24,0.000768,160323,159598,0,0
witness-confirmed-reactivation-same-seed-development,16082035,n5-6dof-zero-loss,N5 6-DOF zero-loss,EXP23U dynamic envelope,fast-late-delivered,2,8,periodic,Witness-confirmed early reactivation / event 8 s,none,5,ring2,6dof,tdma,1,1,0.15,1,0.48,0.29,0.29,0.0476190476190476,0.0476190476190476,0.056365890424358,0.522966971543248,0,0,10.2973194152642,12.6086477035552,0,1.03675675960665,0.0946600331674959,0.260000000000002,0.360000000000001,0.4,NaN,NaN,3000,1054,548,0,0,2532,1316,1216,0,0,0,0,0,0,0,0,0,1943,0,0,1,32,32,0,0,0,0,0,0,0,0.388857149325684,0,0,0,0,0,0,0,0,0,0,0.276767999999997,3.23788799999997,0,0,1.844,0,0.664243199999994,45.6666666666667,109.666666666667,0,0.00997475302780554,0.0189996728632837,NaN,NaN,0.99894883906593,2532,0,0,0,0,0,0.7212312,0,1105844,0,110997400,0,15884644929,tdma,fast-late-delivered,none,local-conflict-witness-leases,none,continuous-elcs-replay,NaN,50,NaN,9.13333333333333,8.58333333333333,NaN,NaN,NaN,NaN,NaN,NaN,NaN,NaN,1054,NaN,NaN,NaN,0,0,1,0,NaN,NaN,NaN,NaN,NaN,0,0,NaN,0,0,0.276767999999997,1054,nominal,full,1,0,503251552342,0,0,0,0,0,0,0,0,1,0,0,0,0,0,0,0.113860014880595,1,0,NaN,NaN,5,1,0,0,1,188745684916,1054,1054,0.00146005840233609,0.00453205840233609,Inf,1.73472347597681e-18,0.00025,40,22.9196462683316,1,3157715923,5655949458,38707737,133195514,764868565,44314,10,4,3,1,1,2,212,1,10,19,0,0,0,0,19,44,25,1,0,58,103,1232,1988,1,24,1,1,0,1,3244,40,1280,6000,176000,0.0171666666666667,0.0184318181818182,106,106,44,0,1050,4,0,1316,1216,0,1316,1216,0,0,1054,1054,0,1,83,0.083328,201,153,48,0,83,0.083328,201,153,48,0,1,2604,0.083328,0,11.9881547710948,8.50780603069389,1,853123,0.00025,40,0.000185929961494712,22.9196462683316,0.000730029201168047,0.00146005840233609,11.99546812288,1,0.00124933729186516,0,1.73472347597681e-18,NaN,NaN,NaN,NaN,1,0.15,1105844,2201,candidate-elcs-w,83,0.083328,0.006944,0.276767999999997,1,iid-load15,IID occupancy 15%,iid,0.15,0,0,6226904855,0.153666666666666,3111,0.00118508997429306,1419885,949149,6.8,120,1,10,3,28,16,10,24,46,1,30396991765,5656678134,5655949458,8,142,151,212,1,1,1,1,151,0,239,1,24,0.000768,160853,159682,0,0
witness-confirmed-reactivation-same-seed-development,16082035,n5-6dof-zero-loss,N5 6-DOF zero-loss,EXP23U dynamic envelope,fast-early-response-blackout,3,3,periodic,Witness-confirmed reactivation / event 3 s / RESPONSE blackout,none,5,ring2,6dof,tdma,1,1,0.15,1,0.48,0.29,0.29,0.0476190476190476,0.0476190476190476,0.0627124852058242,0.514653748990683,0,0,10.2973194152642,12.6086477035552,0,1.03676567451137,0.112139303482587,0.34,0.539999999999999,0.740000000000002,NaN,NaN,3000,964,498,0,0,2352,1216,1136,0,0,0,0,0,0,0,0,0,2032,0,0,1,32,32,0,0,0,0,0,0,0,0.405394297977471,0,0,0,0,0,0,0,0,0,0,0.297658666666665,2.96140799999997,0,0,1.844,0,0.714380799999995,41.5,101.333333333333,0,0.00990944824796998,0.0189321218559515,NaN,NaN,0.966425064297405,2352,0,0,0,0,0,0.751765,0,1105844,0,110997400,0,18429191407,tdma,fast-early-response-blackout,none,local-conflict-witness-leases,none,continuous-elcs-replay,NaN,50,NaN,8.3,5.25,NaN,NaN,NaN,NaN,NaN,NaN,NaN,NaN,964,NaN,NaN,NaN,0,0,1,0,NaN,NaN,NaN,NaN,NaN,0,0,NaN,0,0,0.297658666666665,964,nominal,full,1,0,503251552342,0,0,0,0,0,0,0,0,1,0,0,0,0,0,0,0.113860014880595,1,0,NaN,NaN,5,1,0,0,1,188745684916,964,964,0.00146005840233609,0.00453205840233609,Inf,1.73472347597681e-18,0.00025,40,22.9196462683316,1,5584850648,5653667551,38707737,134451599,1125786380,44314,10,4,3,1,0,2,212,0,160,164,0,0,0,0,353,374,21,1,1,1038,1413,10472,30798,1,24,1,0,1,1,41294,40,1280,6000,176000,0.2355,0.234625,1419,1419,702,0,900,64,0,1216,1136,0,1216,1136,0,0,964,964,0,1,649,0.610495999999999,1613,889,724,0,649,0.610496000000004,1613,889,724,0,1,19078,0.610496,0,11.9833365495135,11.9583496791563,1,1630707,0.00025,40,0.000185929961494712,22.9196462683316,0.000730029201168047,0.00146005840233609,11.99546812288,1,0.00124933729186516,0,1.73472347597681e-18,NaN,NaN,NaN,NaN,1,0.15,1105844,2202,candidate-elcs-w,649,0.610496000000004,0.050874666666667,0.297658666666665,1,iid-load15,IID occupancy 15%,iid,0.15,0,0,6226904855,0.153666666666666,3111,0.00118508997429306,1419885,949149,6.8,120,1,10,3,28,16,10,24,46,1,30396991765,5655927055,5653667551,3,54,63,212,1,1,1,0,NaN,1,123,1,24,0.000768,180836,159530,2,0
witness-confirmed-reactivation-same-seed-development,16082036,n5-6dof-zero-loss,N5 6-DOF zero-loss,EXP23U dynamic envelope,fast-early-delivered,1,3,periodic,Witness-confirmed early reactivation / event 3 s,none,5,ring2,6dof,tdma,1,1,0.15,1,0.48,0.29,0.29,0.0476190476190476,0.0476190476190476,0.0548938917362636,0.522782290978282,0,0,10.3559691734006,12.6044921237522,0,1.03689369127951,0.0913018242122718,0.24,0.34,0.460000000000001,NaN,NaN,3000,1054,545,0,0,2531,1308,1223,0,0,0,0,0,0,0,0,0,1943,0,0,1,32,32,0,0,0,0,0,0,0,0.381692572430804,0,0,0,0,0,0,0,0,0,0,0.273551999999997,3.23788799999997,0,0,1.77599999999998,0,0.656524799999994,45.4166666666667,109,0,0.00998115156176348,0.0189939578071689,NaN,NaN,0.995041959096163,2531,0,0,0,0,0,0.7275818,0,940076,0,110997400,0,15662864008,tdma,fast-early-delivered,none,local-conflict-witness-leases,none,continuous-elcs-replay,NaN,50,NaN,9.08333333333333,8.41666666666667,NaN,NaN,NaN,NaN,NaN,NaN,NaN,NaN,1054,NaN,NaN,NaN,0,0,1,0,NaN,NaN,NaN,NaN,NaN,0,0,NaN,0,0,0.273551999999997,1054,nominal,full,1,0,503280829796,0,0,0,0,0,0,0,0,1,0,0,0,0,0,0,0.113860014880595,1,0,NaN,NaN,5,1,0,0,1,189053041330,1054,1054,0.00146005840233609,0.00453205840233609,Inf,1.11022302462516e-16,0.00025,40,31.1114545120933,1,2978987050,5672080029,38707737,133181292,754876753,44314,10,4,3,1,1,2,212,1,12,7,0,0,0,0,7,28,21,1,0,35,64,784,1230,1,24,1,1,0,1,2038,40,1280,6000,176000,0.0106666666666667,0.0115795454545455,67,67,28,0,1048,6,0,1308,1223,0,1308,1223,0,0,1054,1054,0,1,44,0.044736,107,81,26,0,44,0.044736,107,81,26,0,1,1398,0.044736,0,11.9883310316447,6.52821309781048,1,1000388,0.00025,40,0.000220603902062291,31.1114545120933,0.000730029201168047,0.00146005840233609,11.99546812288,1,0.000579388835035388,0,1.11022302462516e-16,NaN,NaN,NaN,NaN,1,0.15,940076,2173,candidate-elcs-w,44,0.044736,0.003728,0.273551999999997,1,iid-load15,IID occupancy 15%,iid,0.15,0,0,6283102259,0.147999999999999,3052,0.00116382699868938,1419885,949149,6.8,120,1,10,3,28,16,10,24,46,1,30328883552,5672917325,5672080029,3,54,63,212,1,1,1,1,63,0,123,1,24,0.000768,160061,159594,0,0
witness-confirmed-reactivation-same-seed-development,16082036,n5-6dof-zero-loss,N5 6-DOF zero-loss,EXP23U dynamic envelope,fast-late-delivered,2,8,periodic,Witness-confirmed early reactivation / event 8 s,none,5,ring2,6dof,tdma,1,1,0.15,1,0.48,0.29,0.29,0.0476190476190476,0.0476190476190476,0.0564249967044369,0.520736661571845,0,0,10.3559691734006,12.6044921237522,0,1.03689107116376,0.0983167495854062,0.279999999999999,0.440000000000001,0.66,NaN,NaN,3000,1049,544,0,0,2521,1306,1215,0,0,0,0,0,0,0,0,0,1948,0,0,1,32,32,0,0,0,0,0,0,0,0.381266588440818,0,0,0,0,0,0,0,0,0,0,0.272890666666664,3.22252799999997,0,0,1.77599999999998,0,0.654937599999994,45.3333333333333,108.833333333333,0,0.00997715547141882,0.0189663763126017,NaN,NaN,0.994943518020441,2521,0,0,0,0,0,0.750477400000001,0,940076,0,110997400,0,15691162903,tdma,fast-late-delivered,none,local-conflict-witness-leases,none,continuous-elcs-replay,NaN,50,NaN,9.06666666666667,8.41666666666667,NaN,NaN,NaN,NaN,NaN,NaN,NaN,NaN,1049,NaN,NaN,NaN,0,0,1,0,NaN,NaN,NaN,NaN,NaN,0,0,NaN,0,0,0.272890666666664,1049,nominal,full,1,0,503280829796,0,0,0,0,0,0,0,0,1,0,0,0,0,0,0,0.113860014880595,1,0,NaN,NaN,5,1,0,0,1,189053041330,1049,1049,0.00146005840233609,0.00453205840233609,Inf,1.11022302462516e-16,0.00025,40,31.1114545120933,1,2999816697,5672080205,38707737,133200904,751197234,44314,10,4,3,1,1,2,212,1,14,9,0,0,0,0,9,30,21,1,0,41,72,840,1406,1,24,1,1,0,1,2270,40,1280,6000,176000,0.012,0.0128977272727273,75,75,32,0,1046,3,0,1306,1215,0,1306,1215,0,0,1049,1049,0,1,52,0.05216,127,95,32,0,52,0.05216,127,95,32,0,1,1630,0.05216,0,11.9883310316447,8.62114627944599,1,1110698,0.00025,40,0.000220603902062291,31.1114545120933,0.000730029201168047,0.00146005840233609,11.99546812288,1,0.000579388835035388,0,1.11022302462516e-16,NaN,NaN,NaN,NaN,1,0.15,940076,2173,candidate-elcs-w,52,0.05216,0.00434666666666667,0.272890666666664,1,iid-load15,IID occupancy 15%,iid,0.15,0,0,6283102259,0.147999999999999,3052,0.00116382699868938,1419885,949149,6.8,120,1,10,3,28,16,10,24,46,1,30328883552,5672917501,5672080205,8,142,151,212,1,1,1,1,153,0,235,1,24,0.000768,161158,159684,0,0
witness-confirmed-reactivation-same-seed-development,16082036,n5-6dof-zero-loss,N5 6-DOF zero-loss,EXP23U dynamic envelope,fast-early-response-blackout,3,3,periodic,Witness-confirmed reactivation / event 3 s / RESPONSE blackout,none,5,ring2,6dof,tdma,1,1,0.15,1,0.48,0.29,0.29,0.0476190476190476,0.0476190476190476,0.0644574674404501,0.513561429161154,0,0,10.3559691734006,12.6044921237522,0,1.03689482601365,0.124519071310116,0.4,0.74,0.98,NaN,NaN,3000,948,488,0,0,2319,1194,1125,0,0,0,0,0,0,0,0,0,2048,0,0,1,32,32,0,0,0,0,0,0,0,0.396171074267354,0,0,0,0,0,0,0,0,0,0,0.291834666666665,2.91225599999997,0,0,1.77599999999998,0,0.700403199999995,40.6666666666667,99.5,0,0.0099235794210112,0.0190379678753152,NaN,NaN,0.938461538461538,2319,0,0,0,0,0,0.7575228,0,940076,0,110997400,0,18096108571,tdma,fast-early-response-blackout,none,local-conflict-witness-leases,none,continuous-elcs-replay,NaN,50,NaN,8.13333333333333,4.16666666666667,NaN,NaN,NaN,NaN,NaN,NaN,NaN,NaN,948,NaN,NaN,NaN,0,0,1,0,NaN,NaN,NaN,NaN,NaN,0,0,NaN,0,0,0.291834666666665,948,nominal,full,1,0,503280829796,0,0,0,0,0,0,0,0,1,0,0,0,0,0,0,0.113860014880595,1,0,NaN,NaN,5,1,0,0,1,189053041330,948,948,0.00146005840233609,0.00453205840233609,Inf,1.11022302462516e-16,0.00025,40,31.1114545120933,1,5378598931,5672349134,38707737,134449276,1075051807,44314,10,4,3,1,0,2,212,0,162,155,0,0,0,0,344,362,18,1,1,1031,1394,10136,30486,1,24,1,0,1,1,40646,40,1280,6000,176000,0.232333333333333,0.230943181818182,1399,1399,694,0,898,50,0,1194,1125,0,1194,1125,0,0,948,948,0,1,630,0.589759999999999,1571,863,708,0,630,0.589760000000003,1571,863,708,0,1,18430,0.58976,0,11.9833043814833,11.9585262177296,1,1104393,0.00025,40,0.000220603902062291,31.1114545120933,0.000730029201168047,0.00146005840233609,11.99546812288,1,0.000579388835035388,0,1.11022302462516e-16,NaN,NaN,NaN,NaN,1,0.15,940076,2173,candidate-elcs-w,630,0.589760000000003,0.0491466666666669,0.291834666666665,1,iid-load15,IID occupancy 15%,iid,0.15,0,0,6283102259,0.147999999999999,3052,0.00116382699868938,1419885,949149,6.8,120,1,10,3,28,16,10,24,46,1,30328883552,5672679994,5672349134,3,54,63,212,1,1,1,0,NaN,1,123,1,24,0.000768,180836,159530,2,0
witness-confirmed-reactivation-same-seed-development,16082037,n5-6dof-zero-loss,N5 6-DOF zero-loss,EXP23U dynamic envelope,fast-early-delivered,1,3,periodic,Witness-confirmed early reactivation / event 3 s,none,5,ring2,6dof,tdma,1,1,0.15,1,0.48,0.29,0.29,0.0476190476190476,0.0476190476190476,0.0646896221421708,0.508994276027509,0,0,10.4769163706788,13.1729623148071,0,1.03678127901159,0.115406301824212,0.359999999999999,0.619999999999999,0.779999999999999,NaN,NaN,3000,1052,524,0,0,2527,1279,1248,0,0,0,0,0,0,0,0,0,1945,0,0,1,32,32,0,0,0,0,0,0,0,0.387720434627465,0,0,0,0,0,0,0,0,0,0,0.274378666666664,3.23174399999997,0,0,1.85400000000001,0,0.658508799999994,43.6666666666667,106.583333333333,0,0.0100354799356029,0.0190354264981229,NaN,NaN,0.992216239655982,2527,0,0,0,0,0,0.547491400000001,0,1248411,0,110997400,0,15738217861,tdma,fast-early-delivered,none,local-conflict-witness-leases,none,continuous-elcs-replay,NaN,50,NaN,8.73333333333333,8,NaN,NaN,NaN,NaN,NaN,NaN,NaN,NaN,1052,NaN,NaN,NaN,0,0,1,0,NaN,NaN,NaN,NaN,NaN,0,0,NaN,0,0,0.274378666666664,1052,nominal,full,1,0,503204271411,0,0,0,0,0,0,0,0,1,0,0,0,0,0,0,0.113860014880595,1,0,NaN,NaN,5,1,0,0,1,188689462840,1052,1052,0.00146005840233609,0.00453205840233609,Inf,1.73472347597681e-18,0.00025,40,36.8846771502967,1,3058468240,5630769921,38707737,133180385,756435124,44314,10,4,3,1,1,2,212,1,13,15,0,0,0,0,15,36,21,1,0,43,80,1008,1508,1,24,1,1,0,1,2540,40,1280,6000,176000,0.0133333333333333,0.0144318181818182,80,82,34,0,1047,5,0,1279,1248,0,1279,1248,0,0,1052,1052,0,1,60,0.0608,146,98,48,0,60,0.0608,146,98,48,0,1,1900,0.0608,0,11.9875193528142,6.58423992244243,1,547780,0.00025,40,0.000242760952483647,36.8846771502967,0.000730029201168047,0.00146005840233609,11.99546812288,1,0.000941850625455487,0,1.73472347597681e-18,NaN,NaN,NaN,NaN,1,0.15,1248411,2105,candidate-elcs-w,60,0.0608,0.00506666666666667,0.274378666666664,1,iid-load15,IID occupancy 15%,iid,0.15,0,0,6270963865,0.154500000000001,3118,0.00118922386144965,1419885,949149,6.8,120,1,10,3,28,16,10,24,46,1,30484517931,5631048950,5630769921,3,54,63,212,1,1,1,1,63,0,123,1,24,0.000768,160061,159594,0,0
witness-confirmed-reactivation-same-seed-development,16082037,n5-6dof-zero-loss,N5 6-DOF zero-loss,EXP23U dynamic envelope,fast-late-delivered,2,8,periodic,Witness-confirmed early reactivation / event 8 s,none,5,ring2,6dof,tdma,1,1,0.15,1,0.48,0.29,0.29,0.0476190476190476,0.0476190476190476,0.0682911886772579,0.50194559514188,0,0,10.4769163706788,13.1729623148071,0,1.03678113120177,0.129601990049751,0.44,0.74,0.92,NaN,NaN,3000,1049,521,0,0,2521,1273,1248,0,0,0,0,0,0,0,0,0,1948,0,0,1,32,32,0,0,0,0,0,0,0,0.387257403889054,0,0,0,0,0,0,0,0,0,0,0.273919999999997,3.22252799999997,0,0,1.85400000000001,0,0.657407999999994,43.4166666666667,106.083333333333,0,0.010031714435582,0.0190228744006737,NaN,NaN,0.991040362182588,2521,0,0,0,0,0,0.4258261,0,1248411,0,110997400,0,15751996223,tdma,fast-late-delivered,none,local-conflict-witness-leases,none,continuous-elcs-replay,NaN,50,NaN,8.68333333333333,7.75,NaN,NaN,NaN,NaN,NaN,NaN,NaN,NaN,1049,NaN,NaN,NaN,0,0,1,0,NaN,NaN,NaN,NaN,NaN,0,0,NaN,0,0,0.273919999999997,1049,nominal,full,1,0,503204271411,0,0,0,0,0,0,0,0,1,0,0,0,0,0,0,0.113860014880595,1,0,NaN,NaN,5,1,0,0,1,188689462840,1049,1049,0.00146005840233609,0.00453205840233609,Inf,1.73472347597681e-18,0.00025,40,36.8846771502967,1,3069874498,5630770097,38707737,133195992,752967957,44314,10,4,3,1,1,2,212,1,14,16,0,0,0,0,16,37,21,1,0,46,84,1036,1596,1,24,1,1,0,1,2656,40,1280,6000,176000,0.014,0.0150909090909091,84,86,36,0,1046,3,0,1273,1248,0,1273,1248,0,0,1049,1049,0,1,64,0.064512,156,103,53,0,64,0.064512,156,103,53,0,1,2016,0.064512,0,11.9875193528142,8.56394165117329,1,1167625,0.00025,40,0.000242760952483647,36.8846771502967,0.000730029201168047,0.00146005840233609,11.99546812288,1,0.000941850625455487,0,1.73472347597681e-18,NaN,NaN,NaN,NaN,1,0.15,1248411,2105,candidate-elcs-w,64,0.064512,0.005376,0.273919999999997,1,iid-load15,IID occupancy 15%,iid,0.15,0,0,6270963865,0.154500000000001,3118,0.00118922386144965,1419885,949149,6.8,120,1,10,3,28,16,10,24,46,1,30484517931,5631049126,5630770097,8,142,151,212,1,1,1,1,152,0,236,1,24,0.000768,161005,159683,0,0
witness-confirmed-reactivation-same-seed-development,16082037,n5-6dof-zero-loss,N5 6-DOF zero-loss,EXP23U dynamic envelope,fast-early-response-blackout,3,3,periodic,Witness-confirmed reactivation / event 3 s / RESPONSE blackout,none,5,ring2,6dof,tdma,1,1,0.15,1,0.48,0.29,0.29,0.0476190476190476,0.0476190476190476,0.0827133123216565,0.484066239336195,0,0,10.4769163706788,13.1729623148071,0,1.03679029116617,0.168109452736318,0.56,1.44,1.68,NaN,NaN,3000,948,479,0,0,2319,1189,1130,0,0,0,0,0,0,0,0,0,2048,0,0,1,32,32,0,0,0,0,0,0,0,0.404048971860689,0,0,0,0,0,0,0,0,0,0,0.292810666666665,2.91225599999997,0,0,1.85400000000001,0,0.702745599999995,39.9166666666667,99.0833333333333,0,0.0100060894138887,0.0190132405850314,NaN,NaN,0.941663417537091,2319,0,0,0,0,0,0.4271819,0,1248411,0,110997400,0,18124015542,tdma,fast-early-response-blackout,none,local-conflict-witness-leases,none,continuous-elcs-replay,NaN,50,NaN,7.98333333333333,4.25,NaN,NaN,NaN,NaN,NaN,NaN,NaN,NaN,948,NaN,NaN,NaN,0,0,1,0,NaN,NaN,NaN,NaN,NaN,0,0,NaN,0,0,0.292810666666665,948,nominal,full,1,0,503204271411,0,0,0,0,0,0,0,0,1,0,0,0,0,0,0,0.113860014880595,1,0,NaN,NaN,5,1,0,0,1,188689462840,948,948,0.00146005840233609,0.00453205840233609,Inf,1.73472347597681e-18,0.00025,40,36.8846771502967,1,5479733882,5630774831,38707737,134448369,1086982489,44314,10,4,3,1,0,2,212,0,163,162,0,0,0,0,351,369,18,1,1,1036,1406,10332,30656,1,24,1,0,1,1,41012,40,1280,6000,176000,0.234333333333333,0.233022727272727,1406,1408,696,0,897,51,0,1189,1130,0,1189,1130,0,0,948,948,0,1,642,0.601471999999999,1600,925,675,0,642,0.601472000000004,1600,925,675,0,1,18796,0.601472,0,11.9835055021888,11.9577160432833,1,1040829,0.00025,40,0.000242760952483647,36.8846771502967,0.000730029201168047,0.00146005840233609,11.99546812288,1,0.00105926502172871,0,1.73472347597681e-18,NaN,NaN,NaN,NaN,1,0.15,1248411,2105,candidate-elcs-w,642,0.601472000000004,0.050122666666667,0.292810666666665,1,iid-load15,IID occupancy 15%,iid,0.15,0,0,6270963865,0.154500000000001,3118,0.00118922386144965,1419885,949149,6.8,120,1,10,3,28,16,10,24,46,1,30484517931,5630961936,5630774831,3,54,63,212,1,1,1,0,NaN,1,123,1,24,0.000768,180836,159530,2,0
witness-confirmed-reactivation-same-seed-development,16082038,n5-6dof-zero-loss,N5 6-DOF zero-loss,EXP23U dynamic envelope,fast-early-delivered,1,3,periodic,Witness-confirmed early reactivation / event 3 s,none,5,ring2,6dof,tdma,1,1,0.15,1,0.48,0.29,0.29,0.0476190476190476,0.0476190476190476,0.0559860125178387,0.52037646983377,0,0,10.1859339965122,12.4114238413446,0,1.03674760540912,0.0980514096185737,0.26,0.340000000000001,0.499999999999999,NaN,NaN,3000,1049,562,0,0,2519,1346,1173,0,0,0,0,0,0,2,0.00190657769304099,0,1948,0,0,1,32,32,0,0,0,0,0,0,0,0.385024498866598,0,0,0,0,0,0,0,0,0,0,0.274602666666664,3.22252799999997,0,0,1.79999999999995,0,0.659046399999994,46.8333333333333,112.166666666667,0,0.0100268726549793,0.019025093523766,NaN,NaN,0.999886032670634,2519,0,0,0,0,0,0.4618058,0,1539072,0,110997400,0,15771372897,tdma,fast-early-delivered,none,local-conflict-witness-leases,none,continuous-elcs-replay,NaN,50,NaN,9.36666666666667,9.25,NaN,NaN,NaN,NaN,NaN,NaN,NaN,NaN,1049,NaN,NaN,NaN,0,0,1,2,NaN,NaN,NaN,NaN,NaN,0,0,NaN,0,0,0.274602666666664,1049,nominal,full,1,0,503555064560,0,0,0,0,0,0,0,0,1,0,0,0,0,0,0,0.170425007720309,1,0,NaN,NaN,5,1,0,0,1,188789903744,1049,1049,0.00146005840233609,0.00453205840233609,Inf,1.38777878078145e-17,0.00025,40,38.950338631485,1,3093280925,5666032758,38707737,133181933,759407459,44314,10,4,3,1,1,3,212,1,16,14,1,0,0,1,14,40,26,1,0,53,94,1120,1768,1,24,1,1,0,1,2912,40,1280,6000,176000,0.0156666666666667,0.0165454545454545,86,92,36,0,1044,5,2,1346,1171,2,1346,1171,2,0,1049,1049,0,1,74,0.072704,181,131,50,0,74,0.072704,181,131,50,0,1,2272,0.072704,0,11.9885637206888,6.52833587455595,1,1831109,0.00025,40,0.000211790040277469,38.950338631485,0.000730029201168047,0.00146005840233609,11.99546812288,1,0.000724254344198094,0.000203818655600981,1.38777878078145e-17,NaN,NaN,NaN,NaN,1,0.15,1539072,2114,candidate-elcs-w,74,0.072704,0.00605866666666667,0.274602666666664,1,iid-load15,IID occupancy 15%,iid,0.15,0,0,6297960155,0.149999999999996,3032,0.00118733509234829,1419885,949149,6.8,120,1,10,3,28,16,10,24,46,1,30418721772,5665854826,5666032758,3,54,63,212,1,1,1,1,64,0,124,1,24,0.000768,160125,159595,0,0
witness-confirmed-reactivation-same-seed-development,16082038,n5-6dof-zero-loss,N5 6-DOF zero-loss,EXP23U dynamic envelope,fast-late-delivered,2,8,periodic,Witness-confirmed early reactivation / event 8 s,none,5,ring2,6dof,tdma,1,1,0.15,1,0.48,0.29,0.29,0.0476190476190476,0.0476190476190476,0.0575384437840289,0.518208428471424,0,0,10.1859339965122,12.4114238413446,0,1.03673932092009,0.105845771144278,0.28,0.499999999999999,0.719999999999999,NaN,NaN,3000,1050,565,0,0,2521,1352,1169,0,0,0,0,0,0,2,0.0019047619047619,0,1947,0,0,1,32,32,0,0,0,0,0,0,0,0.386281722125505,0,0,0,0,0,0,0,0,0,0,0.275647999999997,3.22559999999997,0,0,1.79999999999995,0,0.661555199999994,47.0833333333333,112.666666666667,0,0.0100054429254194,0.0190276218756463,NaN,NaN,0.999624230847516,2521,0,0,0,0,0,0.4158113,0,1539072,0,110997400,0,15852191929,tdma,fast-late-delivered,none,local-conflict-witness-leases,none,continuous-elcs-replay,NaN,50,NaN,9.41666666666667,9.25,NaN,NaN,NaN,NaN,NaN,NaN,NaN,NaN,1050,NaN,NaN,NaN,0,0,1,2,NaN,NaN,NaN,NaN,NaN,0,0,NaN,0,0,0.275647999999997,1050,nominal,full,1,0,503555064560,0,0,0,0,0,0,0,0,1,0,0,0,0,0,0,0.170425007720309,1,0,NaN,NaN,5,1,0,0,1,188789903744,1050,1050,0.00146005840233609,0.00453205840233609,Inf,1.38777878078145e-17,0.00025,40,38.950338631485,1,3136974851,5663451418,38707737,133205752,764402434,44314,10,4,3,1,1,3,212,1,19,17,1,0,0,1,17,43,26,1,0,60,104,1204,1980,1,24,1,1,0,1,3208,40,1280,6000,176000,0.0173333333333333,0.0182272727272727,96,102,42,0,1041,9,2,1352,1167,2,1352,1167,2,0,1050,1050,0,1,84,0.082176,205,144,61,0,84,0.082176,205,144,61,0,1,2568,0.082176,0,11.9885637206888,8.73444498765595,1,856425,0.00025,40,0.000211790040277469,38.950338631485,0.000730029201168047,0.00146005840233609,11.99546812288,1,0.000563939540334957,0.000203818655600981,1.38777878078145e-17,NaN,NaN,NaN,NaN,1,0.15,1539072,2115,candidate-elcs-w,84,0.082176,0.006848,0.275647999999997,1,iid-load15,IID occupancy 15%,iid,0.15,0,0,6297960155,0.149999999999996,3032,0.00118733509234829,1419885,949149,6.8,120,1,10,3,28,16,10,24,46,1,30418721772,5665855002,5663451418,8,142,151,212,1,1,1,1,155,0,237,1,24,0.000768,161467,159686,0,0
witness-confirmed-reactivation-same-seed-development,16082038,n5-6dof-zero-loss,N5 6-DOF zero-loss,EXP23U dynamic envelope,fast-early-response-blackout,3,3,periodic,Witness-confirmed reactivation / event 3 s / RESPONSE blackout,none,5,ring2,6dof,tdma,1,1,0.15,1,0.48,0.29,0.29,0.0476190476190476,0.0476190476190476,0.0614271389404707,0.515834857925862,0,0,10.1859339965122,12.4114238413446,0,1.03673953442171,0.134402985074627,0.46,0.74,0.9,NaN,NaN,3000,951,514,0,0,2323,1250,1073,0,0,0,0,0,0,2,0.00210304942166141,0,2045,0,0,1,32,32,0,0,0,0,0,0,0,0.401056375043458,0,0,0,0,0,0,0,0,0,0,0.294394666666665,2.92147199999997,0,0,1.79999999999995,0,0.706547199999995,42.8333333333333,104.166666666667,0,0.0100155806755898,0.0190276093345108,NaN,NaN,0.968886607011882,2323,0,0,0,0,0,0.4105795,0,1539072,0,110997400,0,18323126678,tdma,fast-early-response-blackout,none,local-conflict-witness-leases,none,continuous-elcs-replay,NaN,50,NaN,8.56666666666667,5.5,NaN,NaN,NaN,NaN,NaN,NaN,NaN,NaN,951,NaN,NaN,NaN,0,0,1,2,NaN,NaN,NaN,NaN,NaN,0,0,NaN,0,0,0.294394666666665,951,nominal,full,1,0,503555064560,0,0,0,0,0,0,0,0,1,0,0,0,0,0,0,0.170425007720309,1,0,NaN,NaN,5,1,0,0,1,188789903744,951,951,0.00146005840233609,0.00453205840233609,Inf,1.38777878078145e-17,0.00025,40,38.950338631485,1,5531583082,5666080680,38707737,134445732,1091429584,44314,10,4,3,1,0,3,212,0,165,159,1,0,0,1,348,371,23,1,1,1046,1418,10388,30906,1,24,1,0,1,1,41318,40,1280,6000,176000,0.236333333333333,0.234761363636364,1411,1417,698,0,895,56,2,1250,1071,2,1250,1071,2,0,951,951,0,1,654,0.611263999999999,1631,922,709,0,654,0.611264000000004,1631,922,709,0,1,19102,0.611264,0,11.9836040192412,11.9587583068021,1,1063371,0.00025,40,0.000211790040277469,38.950338631485,0.000730029201168047,0.00146005840233609,11.99546812288,1,0.000328098864583737,0.000203818655600981,1.38777878078145e-17,NaN,NaN,NaN,NaN,1,0.15,1539072,2114,candidate-elcs-w,654,0.611264000000004,0.050938666666667,0.294394666666665,1,iid-load15,IID occupancy 15%,iid,0.15,0,0,6297960155,0.149999999999996,3032,0.00118733509234829,1419885,949149,6.8,120,1,10,3,28,16,10,24,46,1,30418721772,5665613900,5666080680,3,54,63,212,1,1,1,0,NaN,1,124,1,24,0.000768,180836,159530,2,0
witness-confirmed-reactivation-same-seed-development,16082039,n5-6dof-zero-loss,N5 6-DOF zero-loss,EXP23U dynamic envelope,fast-early-delivered,1,3,periodic,Witness-confirmed early reactivation / event 3 s,none,5,ring2,6dof,tdma,1,1,0.15,1,0.48,0.29,0.29,0.0476190476190476,0.0476190476190476,0.0526515227270408,0.526932179307905,0,0,10.2702998596702,13.0325619630454,0,1.03676215095664,0.089004975124378,0.24,0.300000000000001,0.359999999999999,NaN,NaN,3000,1048,546,0,0,2519,1315,1204,0,0,0,0,0,0,0,0,0,1949,0,0,1,32,32,0,0,0,0,0,0,0,0.381335964078059,0,0,0,0,0,0,0,0,0,0,0.274031999999997,3.21945599999997,0,0,1.77499999999997,0,0.657676799999994,45.5,109.583333333333,0,0.010021624493788,0.0189653851832161,NaN,NaN,0.999450181037951,2519,0,0,0,0,0,0.650486,0,658158,0,110997400,0,15770323335,tdma,fast-early-delivered,none,local-conflict-witness-leases,none,continuous-elcs-replay,NaN,50,NaN,9.1,8.75,NaN,NaN,NaN,NaN,NaN,NaN,NaN,NaN,1048,NaN,NaN,NaN,0,0,1,0,NaN,NaN,NaN,NaN,NaN,0,0,NaN,0,0,0.274031999999997,1048,nominal,full,1,0,502856863971,0,0,0,0,0,0,0,0,1,0,0,0,0,0,0,0.170425007720309,1,0,NaN,NaN,5,1,0,0,1,188897309095,1048,1048,0.00146005840233609,0.00453205840233609,Inf,1.73472347597681e-18,0.00025,40,34.7862361475665,1,3081872179,5688698867,38707737,133189962,760148569,44314,10,4,3,1,1,3,212,1,18,16,0,0,0,0,16,38,22,1,0,51,90,1064,1706,1,24,1,1,0,1,2794,40,1280,6000,176000,0.015,0.015875,82,89,36,0,1042,6,0,1315,1204,0,1315,1204,0,0,1048,1048,0,1,70,0.068928,166,120,46,0,70,0.068928,166,120,46,0,1,2154,0.068928,0,11.9878545476249,6.58175102641774,1,1554103,0.00025,40,0.000226872800900876,34.7862361475665,0.000730029201168047,0.00146005840233609,11.99546812288,1,0.000862984333958039,0,1.73472347597681e-18,NaN,NaN,NaN,NaN,1,0.15,658158,2121,candidate-elcs-w,70,0.068928,0.005744,0.274031999999997,1,iid-load15,IID occupancy 15%,iid,0.15,0,0,6269645316,0.147916666666664,2980,0.00119127516778524,1419885,949149,6.8,120,1,10,3,28,16,10,24,46,1,30337721611,5691937800,5688698867,3,54,63,212,1,1,1,1,66,0,124,1,24,0.000768,160256,159597,0,0
witness-confirmed-reactivation-same-seed-development,16082039,n5-6dof-zero-loss,N5 6-DOF zero-loss,EXP23U dynamic envelope,fast-late-delivered,2,8,periodic,Witness-confirmed early reactivation / event 8 s,none,5,ring2,6dof,tdma,1,1,0.15,1,0.48,0.29,0.29,0.0476190476190476,0.0476190476190476,0.0531809241606369,0.526159421500434,0,0,10.2702998596702,13.0325619630454,0,1.03675141374277,0.0927031509121061,0.259999999999999,0.34,0.48,NaN,NaN,3000,1047,548,0,0,2517,1319,1198,0,0,0,0,0,0,0,0,0,1950,0,0,1,32,32,0,0,0,0,0,0,0,0.381200383633822,0,0,0,0,0,0,0,0,0,0,0.273775999999997,3.21638399999997,0,0,1.77499999999997,0,0.657062399999994,45.6666666666667,109.916666666667,0,0.0100207961660689,0.0189871974854274,NaN,NaN,0.999414270500532,2517,0,0,0,0,0,0.717458200000001,0,658158,0,110997400,0,15737745263,tdma,fast-late-delivered,none,local-conflict-witness-leases,none,continuous-elcs-replay,NaN,50,NaN,9.13333333333333,8.75,NaN,NaN,NaN,NaN,NaN,NaN,NaN,NaN,1047,NaN,NaN,NaN,0,0,1,0,NaN,NaN,NaN,NaN,NaN,0,0,NaN,0,0,0.273775999999997,1047,nominal,full,1,0,502856863971,0,0,0,0,0,0,0,0,1,0,0,0,0,0,0,0.170425007720309,1,0,NaN,NaN,5,1,0,0,1,188897309095,1047,1047,0.00146005840233609,0.00453205840233609,Inf,1.73472347597681e-18,0.00025,40,34.7862361475665,1,3066965547,5691241002,38707737,133201261,754366886,44314,10,4,3,1,1,3,212,1,18,16,0,0,0,0,16,38,22,1,0,51,90,1064,1706,1,24,1,1,0,1,2794,40,1280,6000,176000,0.015,0.015875,82,89,36,0,1042,5,0,1319,1198,0,1319,1198,0,0,1047,1047,0,1,70,0.068928,166,121,45,0,70,0.068928,166,121,45,0,1,2154,0.068928,0,11.9878545476249,8.67737687593448,1,595565,0.00025,40,0.000226872800900876,34.7862361475665,0.000730029201168047,0.00146005840233609,11.99546812288,1,0.000862984333958039,0,1.73472347597681e-18,NaN,NaN,NaN,NaN,1,0.15,658158,2120,candidate-elcs-w,70,0.068928,0.005744,0.273775999999997,1,iid-load15,IID occupancy 15%,iid,0.15,0,0,6269645316,0.147916666666664,2980,0.00119127516778524,1419885,949149,6.8,120,1,10,3,28,16,10,24,46,1,30337721611,5691937976,5691241002,8,142,151,212,1,1,1,1,154,0,235,1,24,0.000768,161312,159685,0,0
witness-confirmed-reactivation-same-seed-development,16082039,n5-6dof-zero-loss,N5 6-DOF zero-loss,EXP23U dynamic envelope,fast-early-response-blackout,3,3,periodic,Witness-confirmed reactivation / event 3 s / RESPONSE blackout,none,5,ring2,6dof,tdma,1,1,0.15,1,0.48,0.29,0.29,0.0476190476190476,0.0476190476190476,0.0677349947059704,0.508244188761203,0,0,10.2702998596702,13.0325619630454,0,1.03675968824399,0.128308457711443,0.46,0.779999999999999,1.02,NaN,NaN,3000,952,490,0,0,2327,1203,1124,0,0,0,0,0,0,0,0,0,2044,0,0,1,32,32,0,0,0,0,0,0,0,0.397485125749121,0,0,0,0,0,0,0,0,0,0,0.293962666666665,2.92454399999997,0,0,1.77499999999997,0,0.705510399999995,40.8333333333333,100.25,0,0.0100326789400811,0.01896440359691,NaN,NaN,0.949312035426222,2327,0,0,0,0,0,0.6719552,0,658158,0,110997400,0,18280202951,tdma,fast-early-response-blackout,none,local-conflict-witness-leases,none,continuous-elcs-replay,NaN,50,NaN,8.16666666666667,4.41666666666667,NaN,NaN,NaN,NaN,NaN,NaN,NaN,NaN,952,NaN,NaN,NaN,0,0,1,0,NaN,NaN,NaN,NaN,NaN,0,0,NaN,0,0,0.293962666666665,952,nominal,full,1,0,502856863971,0,0,0,0,0,0,0,0,1,0,0,0,0,0,0,0.170425007720309,1,0,NaN,NaN,5,1,0,0,1,188897309095,952,952,0.00146005840233609,0.00453205840233609,Inf,1.73472347597681e-18,0.00025,40,34.7862361475665,1,5494809371,5689097659,38707737,134445707,1088238882,44314,10,4,3,1,0,3,212,0,165,161,0,0,0,0,350,369,19,1,1,1039,1409,10332,30704,1,24,1,0,1,1,41060,40,1280,6000,176000,0.234833333333333,0.233295454545455,1401,1408,696,0,895,57,0,1203,1124,0,1203,1124,0,0,952,952,0,1,645,0.603007999999999,1602,914,688,0,645,0.603008000000004,1602,914,688,0,1,18844,0.603008,0,11.9831218616455,11.9580510059739,1,293016,0.00025,40,0.000226872800900876,34.7862361475665,0.000730029201168047,0.00146005840233609,11.99546812288,1,0.000862984333958039,0,1.73472347597681e-18,NaN,NaN,NaN,NaN,1,0.15,658158,2121,candidate-elcs-w,645,0.603008000000004,0.050250666666667,0.293962666666665,1,iid-load15,IID occupancy 15%,iid,0.15,0,0,6269645316,0.147916666666664,2980,0.00119127516778524,1419885,949149,6.8,120,1,10,3,28,16,10,24,46,1,30337721611,5691593033,5689097659,3,54,63,212,1,1,1,0,NaN,1,124,1,24,0.000768,180836,159530,2,0
witness-confirmed-reactivation-same-seed-development,16082040,n5-6dof-zero-loss,N5 6-DOF zero-loss,EXP23U dynamic envelope,fast-early-delivered,1,3,periodic,Witness-confirmed early reactivation / event 3 s,none,5,ring2,6dof,tdma,1,1,0.15,1,0.48,0.29,0.29,0.0476190476190476,0.0476190476190476,0.0530454444209029,0.525738015488542,0,0,10.5193135038923,12.3053383313677,0,1.03663379046863,0.087155887230514,0.220000000000001,0.32,0.4,NaN,NaN,3000,1052,567,0,0,2527,1354,1173,0,0,0,0,0,0,0,0,0,1945,0,0,1,32,32,0,0,0,0,0,0,0,0.382858910826549,0,0,0,0,0,0,0,0,0,0,0.273322666666664,3.23174399999997,0,0,1.76399999999996,0,0.655974399999994,47.25,112.833333333333,0,0.00997119494674338,0.0189480859802914,NaN,NaN,0.996911484255082,2527,0,0,0,0,0,0.687650100000001,0,552798,0,110997400,0,15707929519,tdma,fast-early-delivered,none,local-conflict-witness-leases,none,continuous-elcs-replay,NaN,50,NaN,9.45,8.5,NaN,NaN,NaN,NaN,NaN,NaN,NaN,NaN,1052,NaN,NaN,NaN,0,0,1,0,NaN,NaN,NaN,NaN,NaN,0,0,NaN,0,0,0.273322666666664,1052,nominal,full,1,0,503989889637,0,0,0,0,0,0,0,0,1,0,0,0,0,0,0,0.113860014880595,1,0,NaN,NaN,5,1,0,0,1,188884376000,1052,1052,0.00146005840233609,0.00453205840233609,Inf,1.73472347597681e-18,0.00025,40,29.3889877858252,1,3015842419,5661686014,38707737,133185273,754882315,44314,10,4,3,1,1,2,212,1,13,9,0,0,0,0,9,31,22,1,0,37,69,868,1252,1,24,1,1,0,1,2144,40,1280,6000,176000,0.0115,0.0121818181818182,61,66,29,0,1047,5,0,1354,1173,0,1354,1173,0,0,1052,1052,0,1,49,0.048128,117,87,30,0,49,0.048128,117,87,30,0,1,1504,0.048128,0,11.9879213361578,6.47124341931265,1,864929,0.00025,40,0.000205486962293448,29.3889877858252,0.000730029201168047,0.00146005840233609,11.99546812288,1,0.00101318620804136,0,1.73472347597681e-18,NaN,NaN,NaN,NaN,1,0.15,552798,2159,candidate-elcs-w,49,0.048128,0.00401066666666667,0.273322666666664,1,iid-load15,IID occupancy 15%,iid,0.15,0,0,6246902355,0.146999999999996,2988,0.00118072289156627,1419885,949149,6.8,120,1,10,3,28,16,10,24,46,1,30355506689,5664356845,5661686014,3,54,63,212,1,1,1,1,64,0,124,1,24,0.000768,160125,159595,0,0
witness-confirmed-reactivation-same-seed-development,16082040,n5-6dof-zero-loss,N5 6-DOF zero-loss,EXP23U dynamic envelope,fast-late-delivered,2,8,periodic,Witness-confirmed early reactivation / event 8 s,none,5,ring2,6dof,tdma,1,1,0.15,1,0.48,0.29,0.29,0.0476190476190476,0.0476190476190476,0.0539958661897948,0.523691345444772,0,0,10.5193135038923,12.3053383313677,0,1.0366326228944,0.0910364842454393,0.24,0.34,0.44,NaN,NaN,3000,1052,562,0,0,2527,1344,1183,0,0,0,0,0,0,0,0,0,1945,0,0,1,32,32,0,0,0,0,0,0,0,0.382844433648355,0,0,0,0,0,0,0,0,0,0,0.273631999999997,3.23174399999997,0,0,1.76399999999996,0,0.656716799999994,46.8333333333333,112,0,0.00995539563398778,0.0189533701228327,NaN,NaN,0.996321882590455,2527,0,0,0,0,0,0.5615123,0,552798,0,110997400,0,15720429951,tdma,fast-late-delivered,none,local-conflict-witness-leases,none,continuous-elcs-replay,NaN,50,NaN,9.36666666666667,8.5,NaN,NaN,NaN,NaN,NaN,NaN,NaN,NaN,1052,NaN,NaN,NaN,0,0,1,0,NaN,NaN,NaN,NaN,NaN,0,0,NaN,0,0,0.273631999999997,1052,nominal,full,1,0,503989889637,0,0,0,0,0,0,0,0,1,0,0,0,0,0,0,0.113860014880595,1,0,NaN,NaN,5,1,0,0,1,188884376000,1052,1052,0.00146005840233609,0.00453205840233609,Inf,1.73472347597681e-18,0.00025,40,29.3889877858252,1,3024358171,5663836146,38707737,133200779,755309843,44314,10,4,3,1,1,2,212,1,14,10,0,0,0,0,10,32,22,1,0,40,73,896,1340,1,24,1,1,0,1,2260,40,1280,6000,176000,0.0121666666666667,0.0128409090909091,65,70,31,0,1046,6,0,1344,1183,0,1344,1183,0,0,1052,1052,0,1,53,0.05184,127,96,31,0,53,0.05184,127,96,31,0,1,1620,0.05184,0,11.9879213361578,8.6207401110416,1,1590416,0.00025,40,0.000205486962293448,29.3889877858252,0.000730029201168047,0.00146005840233609,11.99546812288,1,0.00101318620804136,0,1.73472347597681e-18,NaN,NaN,NaN,NaN,1,0.15,552798,2158,candidate-elcs-w,53,0.05184,0.00432,0.273631999999997,1,iid-load15,IID occupancy 15%,iid,0.15,0,0,6246902355,0.146999999999996,2988,0.00118072289156627,1419885,949149,6.8,120,1,10,3,28,16,10,24,46,1,30355506689,5664357021,5663836146,8,142,151,212,1,1,1,1,153,0,236,1,24,0.000768,161158,159684,0,0
witness-confirmed-reactivation-same-seed-development,16082040,n5-6dof-zero-loss,N5 6-DOF zero-loss,EXP23U dynamic envelope,fast-early-response-blackout,3,3,periodic,Witness-confirmed reactivation / event 3 s / RESPONSE blackout,none,5,ring2,6dof,tdma,1,1,0.15,1,0.48,0.29,0.29,0.0476190476190476,0.0476190476190476,0.0619431450645863,0.517724956281282,0,0,10.5193135038923,12.3053383313677,0,1.03662443206655,0.12332504145937,0.359999999999999,0.84,1.08,NaN,NaN,3000,965,507,0,0,2353,1234,1119,0,0,0,0,0,0,0,0,0,2031,0,0,1,32,32,0,0,0,0,0,0,0,0.400372545450115,0,0,0,0,0,0,0,0,0,0,0.296239999999998,2.96447999999997,0,0,1.76399999999996,0,0.710975999999995,42.25,102.833333333333,0,0.0100312047273433,0.0190503630109827,NaN,NaN,0.940589494483781,2353,0,0,0,0,0,0.3727738,0,552798,0,110997400,0,18219300322,tdma,fast-early-response-blackout,none,local-conflict-witness-leases,none,continuous-elcs-replay,NaN,50,NaN,8.45,4.33333333333333,NaN,NaN,NaN,NaN,NaN,NaN,NaN,NaN,965,NaN,NaN,NaN,0,0,1,0,NaN,NaN,NaN,NaN,NaN,0,0,NaN,0,0,0.296239999999998,965,nominal,full,1,0,503989889637,0,0,0,0,0,0,0,0,1,0,0,0,0,0,0,0.113860014880595,1,0,NaN,NaN,5,1,0,0,1,188884376000,965,965,0.00146005840233609,0.00453205840233609,Inf,1.73472347597681e-18,0.00025,40,29.3889877858252,1,5498974845,5661627228,38707737,134449230,1104736923,44314,10,4,3,1,0,2,212,0,162,155,0,0,0,0,344,363,19,1,1,1033,1397,10164,30478,1,24,1,0,1,1,40666,40,1280,6000,176000,0.232833333333333,0.231056818181818,1390,1395,693,0,898,67,0,1234,1119,0,1234,1119,0,0,965,965,0,1,633,0.590399999999999,1577,908,669,0,633,0.590400000000003,1577,908,669,0,1,18450,0.5904,0,11.9833801238422,11.9581165534628,1,980028,0.00025,40,0.000205486962293448,29.3889877858252,0.000730029201168047,0.00146005840233609,11.99546812288,1,0.00101318620804136,0,1.73472347597681e-18,NaN,NaN,NaN,NaN,1,0.15,552798,2159,candidate-elcs-w,633,0.590400000000003,0.0492000000000003,0.296239999999998,1,iid-load15,IID occupancy 15%,iid,0.15,0,0,6246902355,0.146999999999996,2988,0.00118072289156627,1419885,949149,6.8,120,1,10,3,28,16,10,24,46,1,30355506689,5664298364,5661627228,3,54,63,212,1,1,1,0,NaN,1,124,1,24,0.000768,180836,159530,2,0
witness-confirmed-reactivation-same-seed-development,16082041,n5-6dof-zero-loss,N5 6-DOF zero-loss,EXP23U dynamic envelope,fast-early-delivered,1,3,periodic,Witness-confirmed early reactivation / event 3 s,none,5,ring2,6dof,tdma,1,1,0.15,1,0.48,0.29,0.29,0.0476190476190476,0.0476190476190476,0.0538256262776046,0.525643808834224,0,0,10.4407673839583,12.4795586030359,0,1.03674596943244,0.0962852404643449,0.26,0.357799999999998,0.500000000000001,NaN,NaN,3000,1050,564,0,0,2522,1366,1156,0,0,0,0,0,0,0,0,0,1947,0,0,1,32,32,0,0,0,0,0,0,0,0.38097384304767,0,0,0,0,0,0,0,0,0,0,0.272181333333331,3.22559999999997,0,0,1.78199999999998,0,0.653235199999994,47,113.833333333333,0,0.00998634744162091,0.0189527912875254,NaN,NaN,0.997291196388262,2522,0,0,0,0,0,0.3705845,0,1427277,0,110997400,0,15640957139,tdma,fast-early-delivered,none,local-conflict-witness-leases,none,continuous-elcs-replay,NaN,50,NaN,9.4,9,NaN,NaN,NaN,NaN,NaN,NaN,NaN,NaN,1050,NaN,NaN,NaN,0,0,1,0,NaN,NaN,NaN,NaN,NaN,0,0,NaN,0,0,0.272181333333331,1050,nominal,full,1,0,503468280745,0,0,0,0,0,0,0,0,1,0,0,0,0,0,0,0.113860014880595,1,0,NaN,NaN,5,1,0,0,1,189053833050,1050,1050,0.00146005840233609,0.00453205840233609,Inf,1.73472347597681e-18,0.00025,40,36.8126334486931,1,3001153267,5691237649,38707737,133180559,748754343,44314,10,4,3,1,1,2,212,1,13,5,0,0,0,0,5,27,22,1,0,33,61,756,1128,1,24,1,1,0,1,1908,40,1280,6000,176000,0.0101666666666667,0.0108409090909091,53,60,23,0,1047,3,0,1366,1156,0,1366,1156,0,0,1050,1050,0,1,41,0.040576,98,82,16,0,41,0.040576,98,82,16,0,1,1268,0.040576,0,11.9876551809214,6.4711101696112,1,1394894,0.00025,40,0.000202685595159631,36.8126334486931,0.000730029201168047,0.00146005840233609,11.99546812288,1,0.00114585599800598,0.000236896362001845,1.73472347597681e-18,NaN,NaN,NaN,NaN,1,0.15,1427277,2030,candidate-elcs-w,41,0.040576,0.00338133333333333,0.272181333333331,1,iid-load15,IID occupancy 15%,iid,0.15,0,0,6354347455,0.148499999999999,3015,0.0011816976127321,1419885,949149,6.8,120,1,10,3,28,16,10,24,46,1,30428744692,5691184847,5691237649,3,54,63,212,1,1,1,1,63,0,123,1,24,0.000768,160061,159594,0,0
witness-confirmed-reactivation-same-seed-development,16082041,n5-6dof-zero-loss,N5 6-DOF zero-loss,EXP23U dynamic envelope,fast-late-delivered,2,8,periodic,Witness-confirmed early reactivation / event 8 s,none,5,ring2,6dof,tdma,1,1,0.15,1,0.48,0.29,0.29,0.0476190476190476,0.0476190476190476,0.0545849065898868,0.523917078546885,0,0,10.4407673839583,12.4795586030359,0,1.03674152925327,0.0990878938640133,0.279999999999999,0.380000000000001,0.579999999999999,NaN,NaN,3000,1050,564,0,0,2522,1366,1156,0,0,0,0,0,0,0,0,0,1947,0,0,1,32,32,0,0,0,0,0,0,0,0.381415357839019,0,0,0,0,0,0,0,0,0,0,0.272351999999997,3.22559999999997,0,0,1.78199999999998,0,0.653644799999994,47,113.833333333333,0,0.00999299586018752,0.0189527912875254,NaN,NaN,0.997291196388262,2522,0,0,0,0,0,0.3835023,0,1427277,0,110997400,0,15654147798,tdma,fast-late-delivered,none,local-conflict-witness-leases,none,continuous-elcs-replay,NaN,50,NaN,9.4,9,NaN,NaN,NaN,NaN,NaN,NaN,NaN,NaN,1050,NaN,NaN,NaN,0,0,1,0,NaN,NaN,NaN,NaN,NaN,0,0,NaN,0,0,0.272351999999997,1050,nominal,full,1,0,503468280745,0,0,0,0,0,0,0,0,1,0,0,0,0,0,0,0.113860014880595,1,0,NaN,NaN,5,1,0,0,1,189053833050,1050,1050,0.00146005840233609,0.00453205840233609,Inf,1.73472347597681e-18,0.00025,40,36.8126334486931,1,3003722813,5691237825,38707737,133196065,748317310,44314,10,4,3,1,1,2,212,1,14,6,0,0,0,0,6,28,22,1,0,34,63,784,1164,1,24,1,1,0,1,1972,40,1280,6000,176000,0.0105,0.0112045454545455,55,62,25,0,1046,4,0,1366,1156,0,1366,1156,0,0,1050,1050,0,1,43,0.042624,102,82,20,0,43,0.042624,102,82,20,0,1,1332,0.042624,0,11.9876551809214,8.56399073689381,1,1516187,0.00025,40,0.000202685595159631,36.8126334486931,0.000730029201168047,0.00146005840233609,11.99546812288,1,0.00114585599800598,0.000236896362001845,1.73472347597681e-18,NaN,NaN,NaN,NaN,1,0.15,1427277,2030,candidate-elcs-w,43,0.042624,0.003552,0.272351999999997,1,iid-load15,IID occupancy 15%,iid,0.15,0,0,6354347455,0.148499999999999,3015,0.0011816976127321,1419885,949149,6.8,120,1,10,3,28,16,10,24,46,1,30428744692,5691185023,5691237825,8,142,151,212,1,1,1,1,152,0,235,1,24,0.000768,161005,159683,0,0
witness-confirmed-reactivation-same-seed-development,16082041,n5-6dof-zero-loss,N5 6-DOF zero-loss,EXP23U dynamic envelope,fast-early-response-blackout,3,3,periodic,Witness-confirmed reactivation / event 3 s / RESPONSE blackout,none,5,ring2,6dof,tdma,1,1,0.15,1,0.48,0.29,0.29,0.0476190476190476,0.0476190476190476,0.0589146912252728,0.521568122350244,0,0,10.4407673839583,12.4795586030359,0,1.03674015855744,0.114179104477612,0.32,0.459999999999999,0.620000000000001,NaN,NaN,3000,950,517,0,0,2322,1272,1050,0,0,0,0,0,0,0,0,0,2046,0,0,1,32,32,0,0,0,0,0,0,0,0.398733025680223,0,0,0,0,0,0,0,0,0,0,0.292181333333331,2.91839999999997,0,0,1.78199999999998,0,0.701235199999995,43.0833333333333,106,0,0.00997006833625402,0.0189497208420046,NaN,NaN,0.957184551200559,2322,0,0,0,0,0,0.4085745,0,1427277,0,110997400,0,18093336417,tdma,fast-early-response-blackout,none,local-conflict-witness-leases,none,continuous-elcs-replay,NaN,50,NaN,8.61666666666667,5.08333333333333,NaN,NaN,NaN,NaN,NaN,NaN,NaN,NaN,950,NaN,NaN,NaN,0,0,1,0,NaN,NaN,NaN,NaN,NaN,0,0,NaN,0,0,0.292181333333331,950,nominal,full,1,0,503468280745,0,0,0,0,0,0,0,0,1,0,0,0,0,0,0,0.113860014880595,1,0,NaN,NaN,5,1,0,0,1,189053833050,950,950,0.00146005840233609,0.00453205840233609,Inf,1.73472347597681e-18,0.00025,40,36.8126334486931,1,5445076589,5691153435,38707737,134448464,1075111815,44314,10,4,3,1,0,2,212,0,163,153,0,0,0,0,342,361,19,1,1,1032,1394,10108,30452,1,24,1,0,1,1,40584,40,1280,6000,176000,0.232333333333333,0.230590909090909,1387,1394,690,0,897,53,0,1272,1050,0,1272,1050,0,0,950,950,0,1,630,0.587775999999999,1570,891,679,0,630,0.587776000000003,1570,891,679,0,1,18368,0.587776,0,11.9834373249234,11.957851116271,1,936432,0.00025,40,0.000202685595159631,36.8126334486931,0.000730029201168047,0.00146005840233609,11.99546812288,1,0.00119010318078772,0.000236896362001845,1.73472347597681e-18,NaN,NaN,NaN,NaN,1,0.15,1427277,2030,candidate-elcs-w,630,0.587776000000003,0.0489813333333336,0.292181333333331,1,iid-load15,IID occupancy 15%,iid,0.15,0,0,6354347455,0.148499999999999,3015,0.0011816976127321,1419885,949149,6.8,120,1,10,3,28,16,10,24,46,1,30428744692,5691650662,5691153435,3,54,63,212,1,1,1,0,NaN,1,123,1,24,0.000768,180836,159530,2,0
witness-confirmed-reactivation-same-seed-development,16082042,n5-6dof-zero-loss,N5 6-DOF zero-loss,EXP23U dynamic envelope,fast-early-delivered,1,3,periodic,Witness-confirmed early reactivation / event 3 s,none,5,ring2,6dof,tdma,1,1,0.15,1,0.48,0.29,0.29,0.0476190476190476,0.0476190476190476,0.0618398183914614,0.516974049883934,0,0,10.3073395259751,12.5836268851065,0,1.03667944159642,0.101658374792703,0.279999999999999,0.460000000000001,0.620000000000001,NaN,NaN,3000,1045,548,0,0,2510,1314,1196,0,0,0,0,0,0,2,0.00191387559808612,0,1952,0,0,1,32,32,0,0,0,0,0,0,0,0.381207034484275,0,0,0,0,0,0,0,0,0,0,0.272373333333331,3.21023999999997,0,0,1.78999999999997,0,0.653695999999994,45.6666666666667,109.5,0,0.010004547166565,0.0189580308237291,NaN,NaN,0.997124547597702,2510,0,0,0,0,0,0.3548218,0,553514,0,110997400,0,15687955092,tdma,fast-early-delivered,none,local-conflict-witness-leases,none,continuous-elcs-replay,NaN,50,NaN,9.13333333333333,8.41666666666667,NaN,NaN,NaN,NaN,NaN,NaN,NaN,NaN,1045,NaN,NaN,NaN,0,0,1,2,NaN,NaN,NaN,NaN,NaN,0,0,NaN,0,0,0.272373333333331,1045,nominal,full,1,0,503598951574,0,0,0,0,0,0,0,0,1,0,0,0,0,0,0,0.226990000560022,1,0,NaN,NaN,5,1,0,0,1,188910383161,1045,1045,0.00146005840233609,0.00453205840233609,Inf,2.22044604925031e-16,0.00025,40,29.2999047262939,1,3015371307,5621449007,38707737,133177046,749371628,44314,10,4,3,1,1,4,212,1,21,14,1,0,0,1,14,37,23,1,0,40,78,1036,1400,1,24,1,1,0,1,2460,40,1280,6000,176000,0.013,0.0139772727272727,61,76,25,0,1039,6,2,1314,1194,2,1314,1194,2,0,1045,1045,0,1,58,0.05824,140,97,43,0,58,0.05824,140,97,43,0,1,1820,0.05824,0,11.987926721817,6.41472112364937,1,1231377,0.00025,40,0.000189560063920683,29.2999047262939,0.000730029201168047,0.00146005840233609,11.99546812288,1,0.000989438130051923,0.000309824241899792,2.22044604925031e-16,NaN,NaN,NaN,NaN,1,0.15,553514,2217,candidate-elcs-w,58,0.05824,0.00485333333333333,0.272373333333331,1,iid-load15,IID occupancy 15%,iid,0.15,0,0,6290801007,0.149166666666664,3076,0.00116384915474642,1419885,949149,6.8,120,1,10,3,28,16,10,24,46,1,30366417168,5623870707,5621449007,3,54,63,212,1,1,1,1,64,0,125,1,24,0.000768,160125,159595,0,0
witness-confirmed-reactivation-same-seed-development,16082042,n5-6dof-zero-loss,N5 6-DOF zero-loss,EXP23U dynamic envelope,fast-late-delivered,2,8,periodic,Witness-confirmed early reactivation / event 8 s,none,5,ring2,6dof,tdma,1,1,0.15,1,0.48,0.29,0.29,0.0476190476190476,0.0476190476190476,0.0625688104706802,0.515488203379913,0,0,10.3073395259751,12.5836268851065,0,1.03667511499004,0.105074626865672,0.288999999999996,0.48,0.620000000000001,NaN,NaN,3000,1046,550,0,0,2512,1318,1194,0,0,0,0,0,0,2,0.00191204588910134,0,1951,0,0,1,32,32,0,0,0,0,0,0,0,0.381382372057944,0,0,0,0,0,0,0,0,0,0,0.272629333333331,3.21331199999997,0,0,1.78999999999997,0,0.654310399999994,45.8333333333333,109.833333333333,0,0.0100127370159952,0.0189761456957711,NaN,NaN,0.996803637921376,2512,0,0,0,0,0,0.3600991,0,553514,0,110997400,0,15706659886,tdma,fast-late-delivered,none,local-conflict-witness-leases,none,continuous-elcs-replay,NaN,50,NaN,9.16666666666667,8.41666666666667,NaN,NaN,NaN,NaN,NaN,NaN,NaN,NaN,1046,NaN,NaN,NaN,0,0,1,2,NaN,NaN,NaN,NaN,NaN,0,0,NaN,0,0,0.272629333333331,1046,nominal,full,1,0,503598951574,0,0,0,0,0,0,0,0,1,0,0,0,0,0,0,0.226990000560022,1,0,NaN,NaN,5,1,0,0,1,188910383161,1046,1046,0.00146005840233609,0.00453205840233609,Inf,2.22044604925031e-16,0.00025,40,29.2999047262939,1,2995022908,5623875442,38707737,133188244,747967469,44314,10,4,3,1,1,4,212,1,21,14,1,0,0,1,14,37,23,1,0,40,78,1036,1400,1,24,1,1,0,1,2460,40,1280,6000,176000,0.013,0.0139772727272727,61,76,25,0,1039,7,2,1318,1192,2,1318,1192,2,0,1046,1046,0,1,58,0.05824,140,96,44,0,58,0.05824,140,96,44,0,1,1820,0.05824,0,11.987926721817,8.56420315134857,1,1659642,0.00025,40,0.000189560063920683,29.2999047262939,0.000730029201168047,0.00146005840233609,11.99546812288,1,0.000989438130051923,0.000309824241899792,2.22044604925031e-16,NaN,NaN,NaN,NaN,1,0.15,553514,2216,candidate-elcs-w,58,0.05824,0.00485333333333333,0.272629333333331,1,iid-load15,IID occupancy 15%,iid,0.15,0,0,6290801007,0.149166666666664,3076,0.00116384915474642,1419885,949149,6.8,120,1,10,3,28,16,10,24,46,1,30366417168,5623870883,5623875442,8,142,151,212,1,1,1,1,152,0,235,1,24,0.000768,161005,159683,0,0
witness-confirmed-reactivation-same-seed-development,16082042,n5-6dof-zero-loss,N5 6-DOF zero-loss,EXP23U dynamic envelope,fast-early-response-blackout,3,3,periodic,Witness-confirmed reactivation / event 3 s / RESPONSE blackout,none,5,ring2,6dof,tdma,1,1,0.15,1,0.48,0.29,0.29,0.0476190476190476,0.0476190476190476,0.0700553196585097,0.508982666638207,0,0,10.3073395259751,12.5836268851065,0,1.03666356377078,0.149867330016584,0.540000000000001,0.9,1.12,NaN,NaN,3000,952,487,0,0,2324,1192,1132,0,0,0,0,0,0,2,0.00210084033613445,0,2044,0,0,1,32,32,0,0,0,0,0,0,0,0.398205019290802,0,0,0,0,0,0,0,0,0,0,0.294037333333331,2.92454399999997,0,0,1.78999999999997,0,0.705689599999995,40.5833333333333,99.3333333333333,0,0.00996312192699151,0.0189392142679376,NaN,NaN,0.947785082022898,2324,0,0,0,0,0,0.3582918,0,553514,0,110997400,0,18230829455,tdma,fast-early-response-blackout,none,local-conflict-witness-leases,none,continuous-elcs-replay,NaN,50,NaN,8.11666666666667,4.41666666666667,NaN,NaN,NaN,NaN,NaN,NaN,NaN,NaN,952,NaN,NaN,NaN,0,0,1,2,NaN,NaN,NaN,NaN,NaN,0,0,NaN,0,0,0.294037333333331,952,nominal,full,1,0,503598951574,0,0,0,0,0,0,0,0,1,0,0,0,0,0,0,0.226990000560022,1,0,NaN,NaN,5,1,0,0,1,188910383161,952,952,0.00146005840233609,0.00453205840233609,Inf,2.22044604925031e-16,0.00025,40,29.2999047262939,1,5526541549,5621928953,38707737,134441003,1079863006,44314,10,4,3,1,0,4,212,0,170,161,1,0,0,1,350,370,20,1,1,1039,1410,10360,30704,1,24,1,0,1,1,41088,40,1280,6000,176000,0.235,0.233454545454545,1393,1408,691,0,890,62,2,1192,1130,2,1192,1130,2,0,952,952,0,1,646,0.603903999999999,1610,890,720,0,646,0.603904000000004,1610,890,720,0,1,18872,0.603904,0,11.983865283687,11.9581221424526,1,1607843,0.00025,40,0.000189560063920683,29.2999047262939,0.000730029201168047,0.00146005840233609,11.99546812288,1,0.00106509977341229,0.000309824241899792,2.22044604925031e-16,NaN,NaN,NaN,NaN,1,0.15,553514,2217,candidate-elcs-w,646,0.603904000000004,0.0503253333333336,0.294037333333331,1,iid-load15,IID occupancy 15%,iid,0.15,0,0,6290801007,0.149166666666664,3076,0.00116384915474642,1419885,949149,6.8,120,1,10,3,28,16,10,24,46,1,30366417168,5623645933,5621928953,3,54,63,212,1,1,1,0,NaN,1,125,1,24,0.000768,180836,159530,2,0
witness-confirmed-reactivation-same-seed-development,16082043,n5-6dof-zero-loss,N5 6-DOF zero-loss,EXP23U dynamic envelope,fast-early-delivered,1,3,periodic,Witness-confirmed early reactivation / event 3 s,none,5,ring2,6dof,tdma,1,1,0.15,1,0.48,0.29,0.29,0.0476190476190476,0.0476190476190476,0.0562655801241022,0.523594439507889,0,0,10.3478754084418,13.1815044433709,0,1.03676292461425,0.102603648424544,0.288999999999996,0.359999999999999,0.459999999999999,NaN,NaN,3000,1051,552,0,0,2526,1312,1214,0,0,0,0,0,0,0,0,0,1946,0,0,1,32,32,0,0,0,0,0,0,0,0.381170929321773,0,0,0,0,0,0,0,0,0,0,0.274901333333331,3.22867199999997,0,0,1.76199999999997,0,0.659763199999994,46,109.333333333333,0,0.0100334895727339,0.0190047292695082,NaN,NaN,0.99732914375491,2526,0,0,0,0,0,0.3870327,0,1002501,0,110997400,0,15771844088,tdma,fast-early-delivered,none,local-conflict-witness-leases,none,continuous-elcs-replay,NaN,50,NaN,9.2,8.5,NaN,NaN,NaN,NaN,NaN,NaN,NaN,NaN,1051,NaN,NaN,NaN,0,0,1,0,NaN,NaN,NaN,NaN,NaN,0,0,NaN,0,0,0.274901333333331,1051,nominal,full,1,0,502795965490,0,0,0,0,0,0,0,0,1,0,0,0,0,0,0,0.113860014880595,1,0,NaN,NaN,5,1,0,0,1,188476410818,1051,1051,0.00146005840233609,0.00453205840233609,Inf,1.38777878078145e-17,0.00025,40,30.653042780716,1,3086755430,5679815250,38707737,133180559,758627735,44314,10,4,3,1,1,2,212,1,13,17,0,0,0,0,17,39,22,1,0,51,91,1092,1716,1,24,1,1,0,1,2832,40,1280,6000,176000,0.0151666666666667,0.0160909090909091,87,90,37,0,1047,4,0,1312,1214,0,1312,1214,0,0,1051,1051,0,1,71,0.070144,174,136,38,0,71,0.070144,174,136,38,0,1,2192,0.070144,0,11.9875124873064,6.58416035987407,1,736113,0.00025,40,0.000217322796569087,30.653042780716,0.000730029201168047,0.00146005840233609,11.99546812288,1,0.000830957258386888,0,1.38777878078145e-17,NaN,NaN,NaN,NaN,1,0.15,1002501,2142,candidate-elcs-w,71,0.070144,0.00584533333333333,0.274901333333331,1,iid-load15,IID occupancy 15%,iid,0.15,0,0,6279758129,0.146833333333331,3008,0.00117154255319149,1419885,949149,6.8,120,1,10,3,28,16,10,24,46,1,30396884585,5679962293,5679815250,3,54,63,212,1,1,1,1,63,0,123,1,24,0.000768,160061,159594,0,0
witness-confirmed-reactivation-same-seed-development,16082043,n5-6dof-zero-loss,N5 6-DOF zero-loss,EXP23U dynamic envelope,fast-late-delivered,2,8,periodic,Witness-confirmed early reactivation / event 8 s,none,5,ring2,6dof,tdma,1,1,0.15,1,0.48,0.29,0.29,0.0476190476190476,0.0476190476190476,0.0596118287933901,0.518589175867591,0,0,10.3478754084418,13.1815044433709,0,1.03676336830312,0.114809286898839,0.32,0.68,0.92,NaN,NaN,3000,1050,551,0,0,2524,1310,1214,0,0,0,0,0,0,0,0,0,1947,0,0,1,32,32,0,0,0,0,0,0,0,0.381105461632948,0,0,0,0,0,0,0,0,0,0,0.274645333333331,3.22559999999997,0,0,1.76199999999997,0,0.659148799999994,45.9166666666667,109.166666666667,0,0.0100261993584799,0.0189877353736541,NaN,NaN,0.997358781885974,2524,0,0,0,0,0,0.3554982,0,1002501,0,110997400,0,15759033159,tdma,fast-late-delivered,none,local-conflict-witness-leases,none,continuous-elcs-replay,NaN,50,NaN,9.18333333333333,8.5,NaN,NaN,NaN,NaN,NaN,NaN,NaN,NaN,1050,NaN,NaN,NaN,0,0,1,0,NaN,NaN,NaN,NaN,NaN,0,0,NaN,0,0,0.274645333333331,1050,nominal,full,1,0,502795965490,0,0,0,0,0,0,0,0,1,0,0,0,0,0,0,0.113860014880595,1,0,NaN,NaN,5,1,0,0,1,188476410818,1050,1050,0.00146005840233609,0.00453205840233609,Inf,1.38777878078145e-17,0.00025,40,30.653042780716,1,3093562539,5679815426,38707737,133192262,755542576,44314,10,4,3,1,1,2,212,1,13,17,0,0,0,0,17,39,22,1,0,51,91,1092,1716,1,24,1,1,0,1,2832,40,1280,6000,176000,0.0151666666666667,0.0160909090909091,87,90,37,0,1047,3,0,1310,1214,0,1310,1214,0,0,1050,1050,0,1,71,0.070144,174,134,40,0,71,0.070144,174,134,40,0,1,2192,0.070144,0,11.9875124873064,8.50732505645607,1,424985,0.00025,40,0.000217322796569087,30.653042780716,0.000730029201168047,0.00146005840233609,11.99546812288,1,0.000830957258386888,0,1.38777878078145e-17,NaN,NaN,NaN,NaN,1,0.15,1002501,2142,candidate-elcs-w,71,0.070144,0.00584533333333333,0.274645333333331,1,iid-load15,IID occupancy 15%,iid,0.15,0,0,6279758129,0.146833333333331,3008,0.00117154255319149,1419885,949149,6.8,120,1,10,3,28,16,10,24,46,1,30396884585,5679962469,5679815426,8,142,151,212,1,1,1,1,151,0,238,1,24,0.000768,160853,159682,0,0
witness-confirmed-reactivation-same-seed-development,16082043,n5-6dof-zero-loss,N5 6-DOF zero-loss,EXP23U dynamic envelope,fast-early-response-blackout,3,3,periodic,Witness-confirmed reactivation / event 3 s / RESPONSE blackout,none,5,ring2,6dof,tdma,1,1,0.15,1,0.48,0.29,0.29,0.0476190476190476,0.0476190476190476,0.0700344125350841,0.50712396556857,0,0,10.3478754084418,13.1815044433709,0,1.03676983349643,0.15983416252073,0.580000000000001,1.18,1.42,NaN,NaN,3000,949,488,0,0,2322,1184,1138,0,0,0,0,0,0,0,0,0,2047,0,0,1,32,32,0,0,0,0,0,0,0,0.396348011447011,0,0,0,0,0,0,0,0,0,0,0.293770666666665,2.91532799999997,0,0,1.76199999999997,0,0.705049599999995,40.6666666666667,98.6666666666667,0,0.0100248576722397,0.0189488574670439,NaN,NaN,0.936395092796477,2322,0,0,0,0,0,0.389381700000001,0,1002501,0,110997400,0,18258753631,tdma,fast-early-response-blackout,none,local-conflict-witness-leases,none,continuous-elcs-replay,NaN,50,NaN,8.13333333333333,4,NaN,NaN,NaN,NaN,NaN,NaN,NaN,NaN,949,NaN,NaN,NaN,0,0,1,0,NaN,NaN,NaN,NaN,NaN,0,0,NaN,0,0,0.293770666666665,949,nominal,full,1,0,502795965490,0,0,0,0,0,0,0,0,1,0,0,0,0,0,0,0.113860014880595,1,0,NaN,NaN,5,1,0,0,1,188476410818,949,949,0.00146005840233609,0.00453205840233609,Inf,1.38777878078145e-17,0.00025,40,30.653042780716,1,5541989836,5679775443,38707737,134448369,1089476228,44314,10,4,3,1,0,2,212,0,163,164,0,0,0,0,353,371,18,1,1,1044,1416,10388,30864,1,24,1,0,1,1,41276,40,1280,6000,176000,0.236,0.234522727272727,1413,1416,699,0,897,52,0,1184,1138,0,1184,1138,0,0,949,949,0,1,652,0.609919999999999,1626,955,671,0,652,0.609920000000004,1626,955,671,0,1,19060,0.60992,0,11.983609530048,11.9577087767944,1,772842,0.00025,40,0.000217322796569087,30.653042780716,0.000730029201168047,0.00146005840233609,11.99546812288,1,0.00104065223938894,0,1.38777878078145e-17,NaN,NaN,NaN,NaN,1,0.15,1002501,2142,candidate-elcs-w,652,0.609920000000004,0.050826666666667,0.293770666666665,1,iid-load15,IID occupancy 15%,iid,0.15,0,0,6279758129,0.146833333333331,3008,0.00117154255319149,1419885,949149,6.8,120,1,10,3,28,16,10,24,46,1,30396884585,5679612794,5679775443,3,54,63,212,1,1,1,0,NaN,1,123,1,24,0.000768,180836,159530,2,0
witness-confirmed-reactivation-same-seed-development,16082044,n5-6dof-zero-loss,N5 6-DOF zero-loss,EXP23U dynamic envelope,fast-early-delivered,1,3,periodic,Witness-confirmed early reactivation / event 3 s,none,5,ring2,6dof,tdma,1,1,0.15,1,0.48,0.29,0.29,0.0476190476190476,0.0476190476190476,0.0529760743038625,0.521730708407788,0,0,10.3192328838057,12.6911364995656,0,1.0367968150989,0.0873963515754559,0.220000000000001,0.32,0.4,NaN,NaN,3000,1053,543,0,0,2529,1313,1216,0,0,0,0,0,0,0,0,0,1944,0,0,1,32,32,0,0,0,0,0,0,0,0.383460840338207,0,0,0,0,0,0,0,0,0,0,0.274831999999997,3.23481599999997,0,0,1.80499999999997,0,0.659596799999994,45.25,109.416666666667,0,0.00999995990866719,0.0189584164404097,NaN,NaN,0.998591096133981,2529,0,0,0,0,0,0.3600448,0,1717558,0,110997400,0,15778508343,tdma,fast-early-delivered,none,local-conflict-witness-leases,none,continuous-elcs-replay,NaN,50,NaN,9.05,8.66666666666667,NaN,NaN,NaN,NaN,NaN,NaN,NaN,NaN,1053,NaN,NaN,NaN,0,0,1,0,NaN,NaN,NaN,NaN,NaN,0,0,NaN,0,0,0.274831999999997,1053,nominal,full,1,0,503078353523,0,0,0,0,0,0,0,0,1,0,0,0,0,0,0,0.113860014880595,1,0,NaN,NaN,5,1,0,0,1,188654585803,1053,1053,0.00146005840233609,0.00453205840233609,Inf,1.38777878078145e-17,0.00025,40,38.7317919548234,1,3046150936,5654599268,38707737,133184803,761505099,44314,10,4,3,1,1,2,212,1,14,13,0,0,0,0,13,36,23,1,0,47,84,1008,1582,1,24,1,1,0,1,2614,40,1280,6000,176000,0.014,0.0148522727272727,79,83,33,0,1046,7,0,1313,1216,0,1313,1216,0,0,1053,1053,0,1,64,0.063168,156,113,43,0,64,0.063168,156,113,43,0,1,1974,0.063168,0,11.9883330907713,6.58466099028881,1,1059261,0.00025,40,0.000229765660965829,38.7317919548234,0.000730029201168047,0.00146005840233609,11.99546812288,1,0.00112624387109217,0,1.38777878078145e-17,NaN,NaN,NaN,NaN,1,0.15,1717558,2160,candidate-elcs-w,64,0.063168,0.005264,0.274831999999997,1,iid-load15,IID occupancy 15%,iid,0.15,0,0,6288336222,0.150416666666664,3104,0.00116301546391753,1419885,949149,6.8,120,1,10,3,28,16,10,24,46,1,30387737279,5654493833,5654599268,3,54,63,212,1,1,1,1,64,0,123,1,24,0.000768,160125,159595,0,0
witness-confirmed-reactivation-same-seed-development,16082044,n5-6dof-zero-loss,N5 6-DOF zero-loss,EXP23U dynamic envelope,fast-late-delivered,2,8,periodic,Witness-confirmed early reactivation / event 8 s,none,5,ring2,6dof,tdma,1,1,0.15,1,0.48,0.29,0.29,0.0476190476190476,0.0476190476190476,0.0529736179827749,0.521738947337728,0,0,10.3192328838057,12.6911364995656,0,1.03679590517727,0.0877611940298506,0.220000000000001,0.32,0.4,NaN,NaN,3000,1053,547,0,0,2529,1321,1208,0,0,0,0,0,0,0,0,0,1944,0,0,1,32,32,0,0,0,0,0,0,0,0.383994661538447,0,0,0,0,0,0,0,0,0,0,0.274831999999997,3.23481599999997,0,0,1.80499999999997,0,0.659596799999994,45.5833333333333,110.083333333333,0,0.00999582181875063,0.0189584164404097,NaN,NaN,0.998744930487174,2529,0,0,0,0,0,0.3729542,0,1717558,0,110997400,0,15764295045,tdma,fast-late-delivered,none,local-conflict-witness-leases,none,continuous-elcs-replay,NaN,50,NaN,9.11666666666667,8.66666666666667,NaN,NaN,NaN,NaN,NaN,NaN,NaN,NaN,1053,NaN,NaN,NaN,0,0,1,0,NaN,NaN,NaN,NaN,NaN,0,0,NaN,0,0,0.274831999999997,1053,nominal,full,1,0,503078353523,0,0,0,0,0,0,0,0,1,0,0,0,0,0,0,0.113860014880595,1,0,NaN,NaN,5,1,0,0,1,188654585803,1053,1053,0.00146005840233609,0.00453205840233609,Inf,1.38777878078145e-17,0.00025,40,38.7317919548234,1,3057828002,5654599444,38707737,133196304,758968467,44314,10,4,3,1,1,2,212,1,14,13,0,0,0,0,13,36,23,1,0,47,84,1008,1582,1,24,1,1,0,1,2614,40,1280,6000,176000,0.014,0.0148522727272727,79,83,33,0,1046,7,0,1321,1208,0,1321,1208,0,0,1053,1053,0,1,64,0.063168,156,113,43,0,64,0.063168,156,113,43,0,1,1974,0.063168,0,11.9883330907713,8.56450658899844,1,1815566,0.00025,40,0.000229765660965829,38.7317919548234,0.000730029201168047,0.00146005840233609,11.99546812288,1,0.00110033340781079,0,1.38777878078145e-17,NaN,NaN,NaN,NaN,1,0.15,1717558,2160,candidate-elcs-w,64,0.063168,0.005264,0.274831999999997,1,iid-load15,IID occupancy 15%,iid,0.15,0,0,6288336222,0.150416666666664,3104,0.00116301546391753,1419885,949149,6.8,120,1,10,3,28,16,10,24,46,1,30387737279,5654494009,5654599444,8,142,151,212,1,1,1,1,152,0,236,1,24,0.000768,161005,159683,0,0
witness-confirmed-reactivation-same-seed-development,16082044,n5-6dof-zero-loss,N5 6-DOF zero-loss,EXP23U dynamic envelope,fast-early-response-blackout,3,3,periodic,Witness-confirmed reactivation / event 3 s / RESPONSE blackout,none,5,ring2,6dof,tdma,1,1,0.15,1,0.48,0.29,0.29,0.0476190476190476,0.0476190476190476,0.0586588867825536,0.518182711189046,0,0,10.3192328838057,12.6911364995656,0,1.03679262456903,0.114560530679934,0.34,0.620000000000001,0.84,NaN,NaN,3000,963,498,0,0,2349,1223,1126,0,0,0,0,0,0,0,0,0,2033,0,0,1,32,32,0,0,0,0,0,0,0,0.402149684269664,0,0,0,0,0,0,0,0,0,0,0.296618666666665,2.95833599999997,0,0,1.80499999999997,0,0.711884799999995,41.5,101.916666666667,0,0.00998323311826027,0.0189601942663217,NaN,NaN,0.962412200706275,2349,0,0,0,0,0,0.3705927,0,1717558,0,110997400,0,18321174167,tdma,fast-early-response-blackout,none,local-conflict-witness-leases,none,continuous-elcs-replay,NaN,50,NaN,8.3,5.08333333333333,NaN,NaN,NaN,NaN,NaN,NaN,NaN,NaN,963,NaN,NaN,NaN,0,0,1,0,NaN,NaN,NaN,NaN,NaN,0,0,NaN,0,0,0.296618666666665,963,nominal,full,1,0,503078353523,0,0,0,0,0,0,0,0,1,0,0,0,0,0,0,0.113860014880595,1,0,NaN,NaN,5,1,0,0,1,188654585803,963,963,0.00146005840233609,0.00453205840233609,Inf,1.38777878078145e-17,0.00025,40,38.7317919548234,1,5519345638,5654837450,38707737,134448602,1108090168,44314,10,4,3,1,0,2,212,0,163,159,0,0,0,0,348,368,20,1,1,1037,1406,10304,30672,1,24,1,0,1,1,41000,40,1280,6000,176000,0.234333333333333,0.232954545454545,1404,1408,694,0,897,66,0,1223,1126,0,1223,1126,0,0,963,963,0,1,642,0.601087999999999,1600,913,687,0,642,0.601088000000004,1600,913,687,0,1,18784,0.601088,0,11.9834660394528,11.9585276153578,1,1129351,0.00025,40,0.000229765660965829,38.7317919548234,0.000730029201168047,0.00146005840233609,11.99546812288,1,0.000845859940699967,0,1.38777878078145e-17,NaN,NaN,NaN,NaN,1,0.15,1717558,2160,candidate-elcs-w,642,0.601088000000004,0.050090666666667,0.296618666666665,1,iid-load15,IID occupancy 15%,iid,0.15,0,0,6288336222,0.150416666666664,3104,0.00116301546391753,1419885,949149,6.8,120,1,10,3,28,16,10,24,46,1,30387737279,5654361546,5654837450,3,54,63,212,1,1,1,0,NaN,1,123,1,24,0.000768,180836,159530,2,0
witness-confirmed-reactivation-same-seed-development,16082045,n5-6dof-zero-loss,N5 6-DOF zero-loss,EXP23U dynamic envelope,fast-early-delivered,1,3,periodic,Witness-confirmed early reactivation / event 3 s,none,5,ring2,6dof,tdma,1,1,0.15,1,0.48,0.29,0.29,0.0476190476190476,0.0476190476190476,0.0527263233363151,0.521192942459207,0,0,10.3682648336864,12.9685818917466,0,1.03677419928083,0.0876368159203979,0.220000000000001,0.319999999999999,0.44,NaN,NaN,3000,1050,558,0,0,2523,1341,1182,0,0,0,0,0,0,0,0,0,1947,0,0,1,32,32,0,0,0,0,0,0,0,0.37340784422034,0,0,0,0,0,0,0,0,0,0,0.273317333333331,3.22559999999997,0,0,1.668,0,0.655961599999994,46.5,111.75,0,0.00997712389883121,0.018958671567479,NaN,NaN,0.998313507967553,2523,0,0,0,0,0,0.3767503,0,1196642,0,110997400,0,15699985870,tdma,fast-early-delivered,none,local-conflict-witness-leases,none,continuous-elcs-replay,NaN,50,NaN,9.3,8.58333333333333,NaN,NaN,NaN,NaN,NaN,NaN,NaN,NaN,1050,NaN,NaN,NaN,0,0,1,0,NaN,NaN,NaN,NaN,NaN,0,0,NaN,0,0,0.273317333333331,1050,nominal,full,1,0,503168670714,0,0,0,0,0,0,0,0,1,0,0,0,0,0,0,0.170425007720309,1,0,NaN,NaN,5,1,0,0,1,188993162305,1050,1050,0.00146005840233609,0.00453205840233609,Inf,1.73472347597681e-18,0.00025,40,36.2019748642048,1,3057692523,5658610145,38707737,133178299,752819806,44314,10,4,3,1,1,3,212,1,15,10,0,0,0,0,10,33,23,1,0,41,75,924,1386,1,24,1,1,0,1,2334,40,1280,6000,176000,0.0125,0.0132613636363636,71,73,31,0,1045,5,0,1341,1182,0,1341,1182,0,0,1050,1050,0,1,55,0.054208,131,102,29,0,55,0.054208,131,102,29,0,1,1694,0.054208,0,11.9881227557718,6.47134868232849,1,1512471,0.00025,40,0.000221498481472974,36.2019748642048,0.000730029201168047,0.00146005840233609,11.99546812288,1,0.000648986779372862,0,1.73472347597681e-18,NaN,NaN,NaN,NaN,1,0.15,1196642,1994,candidate-elcs-w,55,0.054208,0.00451733333333333,0.273317333333331,1,iid-load15,IID occupancy 15%,iid,0.15,0,0,6316300685,0.139,2828,0.00117963224893918,1419885,949149,6.8,120,1,10,3,28,16,10,24,46,1,30315707410,5658847596,5658610145,3,54,63,212,1,1,1,1,63,0,125,1,24,0.000768,160061,159594,0,0
witness-confirmed-reactivation-same-seed-development,16082045,n5-6dof-zero-loss,N5 6-DOF zero-loss,EXP23U dynamic envelope,fast-late-delivered,2,8,periodic,Witness-confirmed early reactivation / event 8 s,none,5,ring2,6dof,tdma,1,1,0.15,1,0.48,0.29,0.29,0.0476190476190476,0.0476190476190476,0.052837133005157,0.52119213723409,0,0,10.3682648336864,12.9685818917466,0,1.03677265112458,0.0880348258706467,0.220000000000001,0.319999999999999,0.44,NaN,NaN,3000,1051,558,0,0,2525,1341,1184,0,0,0,0,0,0,0,0,0,1946,0,0,1,32,32,0,0,0,0,0,0,0,0.373542680610997,0,0,0,0,0,0,0,0,0,0,0.273882666666664,3.22867199999997,0,0,1.668,0,0.657318399999994,46.5,111.75,0,0.00997691404402962,0.0189582027502118,NaN,NaN,0.998313507967553,2525,0,0,0,0,0,0.4000478,0,1196642,0,110997400,0,15760223215,tdma,fast-late-delivered,none,local-conflict-witness-leases,none,continuous-elcs-replay,NaN,50,NaN,9.3,8.58333333333333,NaN,NaN,NaN,NaN,NaN,NaN,NaN,NaN,1051,NaN,NaN,NaN,0,0,1,0,NaN,NaN,NaN,NaN,NaN,0,0,NaN,0,0,0.273882666666664,1051,nominal,full,1,0,503168670714,0,0,0,0,0,0,0,0,1,0,0,0,0,0,0,0.170425007720309,1,0,NaN,NaN,5,1,0,0,1,188993162305,1051,1051,0.00146005840233609,0.00453205840233609,Inf,1.73472347597681e-18,0.00025,40,36.2019748642048,1,3016114500,5658610321,38707737,133193704,755144045,44314,10,4,3,1,1,3,212,1,16,11,0,0,0,0,11,34,23,1,0,44,79,952,1474,1,24,1,1,0,1,2450,40,1280,6000,176000,0.0131666666666667,0.0139204545454545,75,77,33,0,1044,7,0,1341,1184,0,1341,1184,0,0,1051,1051,0,1,59,0.05792,141,106,35,0,59,0.05792,141,106,35,0,1,1810,0.05792,0,11.9881227557718,8.56431615177289,1,954792,0.00025,40,0.000221498481472974,36.2019748642048,0.000730029201168047,0.00146005840233609,11.99546812288,1,0.000648986779372862,0,1.73472347597681e-18,NaN,NaN,NaN,NaN,1,0.15,1196642,1994,candidate-elcs-w,59,0.05792,0.00482666666666667,0.273882666666664,1,iid-load15,IID occupancy 15%,iid,0.15,0,0,6316300685,0.139,2828,0.00117963224893918,1419885,949149,6.8,120,1,10,3,28,16,10,24,46,1,30315707410,5658847772,5658610321,8,142,151,212,1,1,1,1,152,0,236,1,24,0.000768,161005,159683,0,0
witness-confirmed-reactivation-same-seed-development,16082045,n5-6dof-zero-loss,N5 6-DOF zero-loss,EXP23U dynamic envelope,fast-early-response-blackout,3,3,periodic,Witness-confirmed reactivation / event 3 s / RESPONSE blackout,none,5,ring2,6dof,tdma,1,1,0.15,1,0.48,0.29,0.29,0.0476190476190476,0.0476190476190476,0.0649940276101271,0.509278011823739,0,0,10.3682648336864,12.9685818917466,0,1.03676586802307,0.137786069651741,0.52,1.18,1.42,NaN,NaN,3000,950,494,0,0,2323,1213,1110,0,0,0,0,0,0,0,0,0,2046,0,0,1,32,32,0,0,0,0,0,0,0,0.390365319144684,0,0,0,0,0,0,0,0,0,0,0.293242666666665,2.91839999999997,0,0,1.668,0,0.703782399999995,41.1666666666667,101.083333333333,0,0.00989187528457522,0.0188816279675764,NaN,NaN,0.945399604850269,2323,0,0,0,0,0,0.6985189,0,1196642,0,110997400,0,18218411466,tdma,fast-early-response-blackout,none,local-conflict-witness-leases,none,continuous-elcs-replay,NaN,50,NaN,8.23333333333333,4.33333333333333,NaN,NaN,NaN,NaN,NaN,NaN,NaN,NaN,950,NaN,NaN,NaN,0,0,1,0,NaN,NaN,NaN,NaN,NaN,0,0,NaN,0,0,0.293242666666665,950,nominal,full,1,0,503168670714,0,0,0,0,0,0,0,0,1,0,0,0,0,0,0,0.170425007720309,1,0,NaN,NaN,5,1,0,0,1,188993162305,950,950,0.00146005840233609,0.00453205840233609,Inf,1.73472347597681e-18,0.00025,40,36.2019748642048,1,5464793729,5658295220,38707737,134446204,1082139568,44314,10,4,3,1,0,3,212,0,165,157,0,0,0,0,346,366,20,1,1,1040,1407,10248,30710,1,24,1,0,1,1,40982,40,1280,6000,176000,0.2345,0.232852272727273,1405,1407,697,0,895,55,0,1213,1110,0,1213,1110,0,0,950,950,0,1,643,0.600511999999999,1601,960,641,0,643,0.600512000000004,1601,960,641,0,1,18766,0.600512,0,11.9829057545004,11.9583174535746,1,1725025,0.00025,40,0.000221498481472974,36.2019748642048,0.000730029201168047,0.00146005840233609,11.99546812288,1,0.000648986779372862,0,1.73472347597681e-18,NaN,NaN,NaN,NaN,1,0.15,1196642,1994,candidate-elcs-w,643,0.600512000000004,0.050042666666667,0.293242666666665,1,iid-load15,IID occupancy 15%,iid,0.15,0,0,6316300685,0.139,2828,0.00117963224893918,1419885,949149,6.8,120,1,10,3,28,16,10,24,46,1,30315707410,5658967164,5658295220,3,54,63,212,1,1,1,0,NaN,1,125,1,24,0.000768,180836,159530,2,0
witness-confirmed-reactivation-same-seed-development,16082046,n5-6dof-zero-loss,N5 6-DOF zero-loss,EXP23U dynamic envelope,fast-early-delivered,1,3,periodic,Witness-confirmed early reactivation / event 3 s,none,5,ring2,6dof,tdma,1,1,0.15,1,0.48,0.29,0.29,0.0476190476190476,0.0476190476190476,0.0541299698391465,0.526986459558364,0,0,10.3561060748367,13.4574815567743,0,1.03680986576877,0.0932669983416251,0.239999999999998,0.359999999999999,0.52,NaN,NaN,3000,1049,553,0,0,2519,1323,1196,0,0,0,0,0,0,0,0,0,1948,0,0,1,32,32,0,0,0,0,0,0,0,0.381505776165317,0,0,0,0,0,0,0,0,0,0,0.273903999999997,3.22252799999997,0,0,1.74999999999997,0,0.657369599999994,46.0833333333333,110.25,0,0.0100261448459544,0.0190027822788331,NaN,NaN,0.998641521756878,2519,0,0,0,0,0,0.7944571,0,1123417,0,110997400,0,15739493432,tdma,fast-early-delivered,none,local-conflict-witness-leases,none,continuous-elcs-replay,NaN,50,NaN,9.21666666666667,8.83333333333333,NaN,NaN,NaN,NaN,NaN,NaN,NaN,NaN,1049,NaN,NaN,NaN,0,0,1,0,NaN,NaN,NaN,NaN,NaN,0,0,NaN,0,0,0.273903999999997,1049,nominal,full,1,0,503362733872,0,0,0,0,0,0,0,0,1,0,0,0,0,0,0,0.170425007720309,1,0,NaN,NaN,5,1,0,0,1,188832556350,1049,1049,0.00146005840233609,0.00453205840233609,Inf,1.38777878078145e-17,0.00025,40,35.7000161905748,1,3051488924,5685169459,38707737,133189387,759227470,44314,10,4,3,1,1,3,212,1,18,15,0,0,0,0,15,36,21,1,0,48,85,1008,1618,1,24,1,1,0,1,2650,40,1280,6000,176000,0.0141666666666667,0.0150568181818182,74,85,32,0,1042,7,0,1323,1196,0,1323,1196,0,0,1049,1049,0,1,65,0.06432,157,118,39,0,65,0.06432,157,118,39,0,1,2010,0.06432,0,11.9874608149203,6.47104903664153,1,806361,0.00025,40,0.000225027727558884,35.7000161905748,0.000730029201168047,0.00146005840233609,11.99546812288,1,0.000462157149645037,3.78346927083634e-05,1.38777878078145e-17,NaN,NaN,NaN,NaN,1,0.15,1123417,2080,candidate-elcs-w,65,0.06432,0.00536,0.273903999999997,1,iid-load15,IID occupancy 15%,iid,0.15,0,0,6307707103,0.145833333333331,2930,0.001193724420191,1419885,949149,6.8,120,1,10,3,28,16,10,24,46,1,30320725667,5684760702,5685169459,3,54,63,212,1,1,1,1,66,0,124,1,24,0.000768,160256,159597,0,0
witness-confirmed-reactivation-same-seed-development,16082046,n5-6dof-zero-loss,N5 6-DOF zero-loss,EXP23U dynamic envelope,fast-late-delivered,2,8,periodic,Witness-confirmed early reactivation / event 8 s,none,5,ring2,6dof,tdma,1,1,0.15,1,0.48,0.29,0.29,0.0476190476190476,0.0476190476190476,0.0542920435549216,0.52687439118342,0,0,10.3561060748367,13.4574815567743,0,1.03680759265363,0.0938971807628523,0.239999999999998,0.359999999999999,0.52,NaN,NaN,3000,1053,552,0,0,2527,1321,1206,0,0,0,0,0,0,0,0,0,1944,0,0,1,32,32,0,0,0,0,0,0,0,0.381839874109048,0,0,0,0,0,0,0,0,0,0,0.274895999999997,3.23481599999997,0,0,1.74999999999997,0,0.659750399999994,46,110.083333333333,0,0.0100536417687929,0.0190149049192794,NaN,NaN,0.998865759711523,2527,0,0,0,0,0,0.747945,0,1123417,0,110997400,0,15797949574,tdma,fast-late-delivered,none,local-conflict-witness-leases,none,continuous-elcs-replay,NaN,50,NaN,9.2,8.83333333333333,NaN,NaN,NaN,NaN,NaN,NaN,NaN,NaN,1053,NaN,NaN,NaN,0,0,1,0,NaN,NaN,NaN,NaN,NaN,0,0,NaN,0,0,0.274895999999997,1053,nominal,full,1,0,503362733872,0,0,0,0,0,0,0,0,1,0,0,0,0,0,0,0.170425007720309,1,0,NaN,NaN,5,1,0,0,1,188832556350,1053,1053,0.00146005840233609,0.00453205840233609,Inf,1.38777878078145e-17,0.00025,40,35.7000161905748,1,3065178732,5682860946,38707737,133196580,761122298,44314,10,4,3,1,1,3,212,1,17,14,0,0,0,0,14,35,21,1,0,49,85,980,1634,1,24,1,1,0,1,2638,40,1280,6000,176000,0.0141666666666667,0.0149886363636364,74,85,30,0,1043,10,0,1321,1206,0,1321,1206,0,0,1053,1053,0,1,65,0.063936,159,115,44,0,65,0.063936,159,115,44,0,1,1998,0.063936,0,11.9874608149203,8.62044203118594,1,1068655,0.00025,40,0.000225027727558884,35.7000161905748,0.000730029201168047,0.00146005840233609,11.99546812288,1,0.000462157149645037,3.78346927083634e-05,1.38777878078145e-17,NaN,NaN,NaN,NaN,1,0.15,1123417,2081,candidate-elcs-w,65,0.063936,0.005328,0.274895999999997,1,iid-load15,IID occupancy 15%,iid,0.15,0,0,6307707103,0.145833333333331,2930,0.001193724420191,1419885,949149,6.8,120,1,10,3,28,16,10,24,46,1,30320725667,5684760878,5682860946,8,142,151,212,1,1,1,1,153,0,235,1,24,0.000768,161158,159684,0,0
witness-confirmed-reactivation-same-seed-development,16082046,n5-6dof-zero-loss,N5 6-DOF zero-loss,EXP23U dynamic envelope,fast-early-response-blackout,3,3,periodic,Witness-confirmed reactivation / event 3 s / RESPONSE blackout,none,5,ring2,6dof,tdma,1,1,0.15,1,0.48,0.29,0.29,0.0476190476190476,0.0476190476190476,0.061978265735805,0.516850815155911,0,0,10.3561060748367,13.4574815567743,0,1.03681063260968,0.112504145936982,0.32,0.52,0.739999999999998,NaN,NaN,3000,963,494,0,0,2347,1205,1142,0,0,0,0,0,0,0,0,0,2033,0,0,1,32,32,0,0,0,0,0,0,0,0.399514677588983,0,0,0,0,0,0,0,0,0,0,0.296559999999998,2.95833599999997,0,0,1.74999999999997,0,0.711743999999995,41.1666666666667,100.416666666667,0,0.00999801427296685,0.0189825573524804,NaN,NaN,0.960733829376796,2347,0,0,0,0,0,0.674847199999999,0,1123417,0,110997400,0,18308100660,tdma,fast-early-response-blackout,none,local-conflict-witness-leases,none,continuous-elcs-replay,NaN,50,NaN,8.23333333333333,4.91666666666667,NaN,NaN,NaN,NaN,NaN,NaN,NaN,NaN,963,NaN,NaN,NaN,0,0,1,0,NaN,NaN,NaN,NaN,NaN,0,0,NaN,0,0,0.296559999999998,963,nominal,full,1,0,503362733872,0,0,0,0,0,0,0,0,1,0,0,0,0,0,0,0.170425007720309,1,0,NaN,NaN,5,1,0,0,1,188832556350,963,963,0.00146005840233609,0.00453205840233609,Inf,1.38777878078145e-17,0.00025,40,35.7000161905748,1,5504549553,5684823230,38707737,134445053,1100085681,44314,10,4,3,1,0,3,212,0,165,160,0,0,0,0,349,367,18,1,1,1038,1406,10276,30678,1,24,1,0,1,1,40978,40,1280,6000,176000,0.234333333333333,0.232829545454545,1396,1407,693,0,895,68,0,1205,1142,0,1205,1142,0,0,963,963,0,1,642,0.600383999999999,1599,931,668,0,642,0.600384000000004,1599,931,668,0,1,18762,0.600384,0,11.983145466678,11.9576574700838,1,684340,0.00025,40,0.000225027727558884,35.7000161905748,0.000730029201168047,0.00146005840233609,11.99546812288,1,0.000462157149645037,3.78346927083634e-05,1.38777878078145e-17,NaN,NaN,NaN,NaN,1,0.15,1123417,2080,candidate-elcs-w,642,0.600384000000004,0.0500320000000003,0.296559999999998,1,iid-load15,IID occupancy 15%,iid,0.15,0,0,6307707103,0.145833333333331,2930,0.001193724420191,1419885,949149,6.8,120,1,10,3,28,16,10,24,46,1,30320725667,5684422768,5684823230,3,54,63,212,1,1,1,0,NaN,1,124,1,24,0.000768,180836,159530,2,0
witness-confirmed-reactivation-same-seed-development,16082047,n5-6dof-zero-loss,N5 6-DOF zero-loss,EXP23U dynamic envelope,fast-early-delivered,1,3,periodic,Witness-confirmed early reactivation / event 3 s,none,5,ring2,6dof,tdma,1,1,0.15,1,0.48,0.29,0.29,0.0476190476190476,0.0476190476190476,0.0503628455486997,0.52948929273836,0,0,10.3430775734421,12.5408843680948,0,1.03679522127834,0.0904975124378108,0.24,0.34,0.4,NaN,NaN,3000,1056,556,0,0,2536,1351,1185,0,0,0,0,0,0,0,0,0,1941,0,0,1,32,32,0,0,0,0,0,0,0,0.381506466537868,0,0,0,0,0,0,0,0,0,0,0.275786666666664,3.24403199999997,0,0,1.75999999999998,0,0.661887999999994,46.3333333333333,112.583333333333,0,0.00993396872603596,0.0188802047674954,NaN,NaN,0.990725250777169,2536,0,0,0,0,0,0.770484099999999,0,1494279,0,110997400,0,15829819938,tdma,fast-early-delivered,none,local-conflict-witness-leases,none,continuous-elcs-replay,NaN,50,NaN,9.26666666666667,7.58333333333333,NaN,NaN,NaN,NaN,NaN,NaN,NaN,NaN,1056,NaN,NaN,NaN,0,0,1,0,NaN,NaN,NaN,NaN,NaN,0,0,NaN,0,0,0.275786666666664,1056,nominal,full,1,0,503781076012,0,0,0,0,0,0,0,0,1,0,0,0,0,0,0,0.113860014880595,1,0,NaN,NaN,5,1,0,0,1,188769187589,1056,1056,0.00146005840233609,0.00453205840233609,Inf,1.73472347597681e-18,0.00025,40,35.7949734552572,1,3061507294,5641307190,38707737,133192191,769010658,44314,10,4,3,1,1,2,212,1,12,13,0,0,0,0,13,35,22,1,0,50,86,980,1680,1,24,1,1,0,1,2684,40,1280,6000,176000,0.0143333333333333,0.01525,88,88,39,0,1048,8,0,1351,1185,0,1351,1185,0,0,1056,1056,0,1,66,0.065408,161,113,48,0,66,0.065408,161,113,48,0,1,2044,0.065408,0,11.9876358673743,6.64091351740944,1,1365186,0.00025,40,0.000246671978119053,35.7949734552572,0.000730029201168047,0.00146005840233609,11.99546812288,1,0.000795758672422764,0,1.73472347597681e-18,NaN,NaN,NaN,NaN,1,0.15,1494279,2074,candidate-elcs-w,66,0.065408,0.00545066666666667,0.275786666666664,1,iid-load15,IID occupancy 15%,iid,0.15,0,0,6306309432,0.146666666666665,2996,0.00117489986648865,1419885,949149,6.8,120,1,10,3,28,16,10,24,46,1,30501296327,5641211732,5641307190,3,54,63,212,1,1,1,1,65,0,122,1,24,0.000768,160190,159596,0,0
witness-confirmed-reactivation-same-seed-development,16082047,n5-6dof-zero-loss,N5 6-DOF zero-loss,EXP23U dynamic envelope,fast-late-delivered,2,8,periodic,Witness-confirmed early reactivation / event 8 s,none,5,ring2,6dof,tdma,1,1,0.15,1,0.48,0.29,0.29,0.0476190476190476,0.0476190476190476,0.0516674347289584,0.527355072839539,0,0,10.3430775734421,12.5408843680948,0,1.03679237793515,0.0957048092868987,0.26,0.4,0.6,NaN,NaN,3000,1055,553,0,0,2534,1345,1189,0,0,0,0,0,0,0,0,0,1942,0,0,1,32,32,0,0,0,0,0,0,0,0.3808981730464,0,0,0,0,0,0,0,0,0,0,0.275082666666664,3.24095999999997,0,0,1.75999999999998,0,0.660198399999994,46.0833333333333,112.083333333333,0,0.00996342646901244,0.0188980222331957,NaN,NaN,0.990779349111467,2534,0,0,0,0,0,0.834352600000001,0,1494279,0,110997400,0,15785035541,tdma,fast-late-delivered,none,local-conflict-witness-leases,none,continuous-elcs-replay,NaN,50,NaN,9.21666666666667,7.58333333333333,NaN,NaN,NaN,NaN,NaN,NaN,NaN,NaN,1055,NaN,NaN,NaN,0,0,1,0,NaN,NaN,NaN,NaN,NaN,0,0,NaN,0,0,0.275082666666664,1055,nominal,full,1,0,503781076012,0,0,0,0,0,0,0,0,1,0,0,0,0,0,0,0.113860014880595,1,0,NaN,NaN,5,1,0,0,1,188769187589,1055,1055,0.00146005840233609,0.00453205840233609,Inf,1.73472347597681e-18,0.00025,40,35.7949734552572,1,3047460424,5641307366,38707737,133199990,760302077,44314,10,4,3,1,1,2,212,1,11,12,0,0,0,0,12,34,22,1,0,45,80,952,1540,1,24,1,1,0,1,2516,40,1280,6000,176000,0.0133333333333333,0.0142954545454545,82,82,37,0,1049,6,0,1345,1189,0,1345,1189,0,0,1055,1055,0,1,60,0.060032,145,102,43,0,60,0.060032,145,102,43,0,1,1876,0.060032,0,11.9876358673743,8.5640544351816,1,1193569,0.00025,40,0.000246671978119053,35.7949734552572,0.000730029201168047,0.00146005840233609,11.99546812288,1,0.000795758672422764,0,1.73472347597681e-18,NaN,NaN,NaN,NaN,1,0.15,1494279,2074,candidate-elcs-w,60,0.060032,0.00500266666666667,0.275082666666664,1,iid-load15,IID occupancy 15%,iid,0.15,0,0,6306309432,0.146666666666665,2996,0.00117489986648865,1419885,949149,6.8,120,1,10,3,28,16,10,24,46,1,30501296327,5641211908,5641307366,8,142,151,212,1,1,1,1,152,0,239,1,24,0.000768,161005,159683,0,0
witness-confirmed-reactivation-same-seed-development,16082047,n5-6dof-zero-loss,N5 6-DOF zero-loss,EXP23U dynamic envelope,fast-early-response-blackout,3,3,periodic,Witness-confirmed reactivation / event 3 s / RESPONSE blackout,none,5,ring2,6dof,tdma,1,1,0.15,1,0.48,0.29,0.29,0.0476190476190476,0.0476190476190476,0.0608212293769711,0.514451208227365,0,0,10.3430775734421,12.5408843680948,0,1.03679675245794,0.119668325041459,0.34,0.959999999999999,1.2,NaN,NaN,3000,962,501,0,0,2348,1241,1107,0,0,0,0,0,0,0,0,0,2034,0,0,1,32,32,0,0,0,0,0,0,0,0.398581158106438,0,0,0,0,0,0,0,0,0,0,0.295674666666665,2.95526399999997,0,0,1.75999999999998,0,0.709619199999995,41.75,103.416666666667,0,0.00993999122193605,0.0188780287341466,NaN,NaN,0.949125560114197,2348,0,0,0,0,0,0.803828999999999,0,1494279,0,110997400,0,18255212922,tdma,fast-early-response-blackout,none,local-conflict-witness-leases,none,continuous-elcs-replay,NaN,50,NaN,8.35,4.91666666666667,NaN,NaN,NaN,NaN,NaN,NaN,NaN,NaN,962,NaN,NaN,NaN,0,0,1,0,NaN,NaN,NaN,NaN,NaN,0,0,NaN,0,0,0.295674666666665,962,nominal,full,1,0,503781076012,0,0,0,0,0,0,0,0,1,0,0,0,0,0,0,0.113860014880595,1,0,NaN,NaN,5,1,0,0,1,188769187589,962,962,0.00146005840233609,0.00453205840233609,Inf,1.73472347597681e-18,0.00025,40,35.7949734552572,1,5517961507,5640801916,38707737,134451789,1104389908,44314,10,4,3,1,0,2,212,0,160,156,0,0,0,0,345,363,18,1,1,1034,1398,10164,30554,1,24,1,0,1,1,40742,40,1280,6000,176000,0.233,0.231488636363636,1401,1401,695,0,900,62,0,1241,1107,0,1241,1107,0,0,962,962,0,1,634,0.592831999999999,1581,952,629,0,634,0.592832000000003,1581,952,629,0,1,18526,0.592832,0,11.9829212465881,11.9578325253678,1,1046474,0.00025,40,0.000246671978119053,35.7949734552572,0.000730029201168047,0.00146005840233609,11.99546812288,1,0.000795758672422764,0,1.73472347597681e-18,NaN,NaN,NaN,NaN,1,0.15,1494279,2074,candidate-elcs-w,634,0.592832000000003,0.0494026666666669,0.295674666666665,1,iid-load15,IID occupancy 15%,iid,0.15,0,0,6306309432,0.146666666666665,2996,0.00117489986648865,1419885,949149,6.8,120,1,10,3,28,16,10,24,46,1,30501296327,5641125188,5640801916,3,54,63,212,1,1,1,0,NaN,1,122,1,24,0.000768,180836,159530,2,0
witness-confirmed-reactivation-same-seed-development,16082048,n5-6dof-zero-loss,N5 6-DOF zero-loss,EXP23U dynamic envelope,fast-early-delivered,1,3,periodic,Witness-confirmed early reactivation / event 3 s,none,5,ring2,6dof,tdma,1,1,0.15,1,0.48,0.29,0.29,0.0476190476190476,0.0476190476190476,0.0565907781208348,0.520060951402082,0,0,10.2799031954159,12.5422684600156,0,1.0367172926997,0.0943117744610281,0.26,0.359999999999999,0.459999999999999,NaN,NaN,3000,1049,534,0,0,2520,1288,1232,0,0,0,0,0,0,0,0,0,1948,0,0,1,32,32,0,0,0,0,0,0,0,0.377733898670939,0,0,0,0,0,0,0,0,0,0,0.275567999999997,3.22252799999997,0,0,1.74099999999996,0,0.661363199999994,44.5,107.333333333333,0,0.0100856175618835,0.0190233906878916,NaN,NaN,0.99827061088745,2520,0,0,0,0,0,0.8093175,0,1012724,0,110997400,0,15800043540,tdma,fast-early-delivered,none,local-conflict-witness-leases,none,continuous-elcs-replay,NaN,50,NaN,8.9,8.33333333333333,NaN,NaN,NaN,NaN,NaN,NaN,NaN,NaN,1049,NaN,NaN,NaN,0,0,1,0,NaN,NaN,NaN,NaN,NaN,0,0,NaN,0,0,0.275567999999997,1049,nominal,full,1,0,503011136005,0,0,0,0,0,0,0,0,1,0,0,0,0,0,0,0.226990000560022,1,0,NaN,NaN,5,1,0,0,1,188733110947,1049,1049,0.00146005840233609,0.00453205840233609,Inf,1.38777878078145e-17,0.00025,40,32.1653402526294,1,3123724027,5721386997,38707737,133175927,759667459,44314,10,4,3,1,1,4,212,1,16,22,0,0,0,0,22,46,24,1,0,57,104,1288,1962,1,24,1,1,0,1,3274,40,1280,6000,176000,0.0173333333333333,0.0186022727272727,93,105,40,0,1044,5,0,1288,1232,0,1288,1232,0,0,1049,1049,0,1,84,0.084288,204,143,61,0,84,0.084288,204,143,61,0,1,2634,0.084288,0,11.9874926788818,6.69730228734214,1,1571704,0.00025,40,0.000224643856326432,32.1653402526294,0.000730029201168047,0.00146005840233609,11.99546812288,1,0.00077423008476174,0,1.38777878078145e-17,NaN,NaN,NaN,NaN,1,0.15,1012724,2074,candidate-elcs-w,84,0.084288,0.007024,0.275567999999997,1,iid-load15,IID occupancy 15%,iid,0.15,0,0,6272569207,0.14508333333333,3000,0.00116066666666667,1419885,949149,6.8,120,1,10,3,28,16,10,24,46,1,30374947117,5721966224,5721386997,3,54,63,212,1,1,1,1,63,0,125,1,24,0.000768,160061,159594,0,0
witness-confirmed-reactivation-same-seed-development,16082048,n5-6dof-zero-loss,N5 6-DOF zero-loss,EXP23U dynamic envelope,fast-late-delivered,2,8,periodic,Witness-confirmed early reactivation / event 8 s,none,5,ring2,6dof,tdma,1,1,0.15,1,0.48,0.29,0.29,0.0476190476190476,0.0476190476190476,0.0576744274484206,0.517810049050399,0,0,10.2799031954159,12.5422684600156,0,1.03671044066807,0.0982255389718076,0.279999999999999,0.4,0.54,NaN,NaN,3000,1046,534,0,0,2514,1288,1226,0,0,0,0,0,0,0,0,0,1951,0,0,1,32,32,0,0,0,0,0,0,0,0.377341148396225,0,0,0,0,0,0,0,0,0,0,0.275109333333331,3.21331199999997,0,0,1.74099999999996,0,0.660262399999994,44.5,107.333333333333,0,0.0100784559492369,0.0189971008580372,NaN,NaN,0.99827061088745,2514,0,0,0,0,0,0.771791699999999,0,1012724,0,110997400,0,15819682548,tdma,fast-late-delivered,none,local-conflict-witness-leases,none,continuous-elcs-replay,NaN,50,NaN,8.9,8.33333333333333,NaN,NaN,NaN,NaN,NaN,NaN,NaN,NaN,1046,NaN,NaN,NaN,0,0,1,0,NaN,NaN,NaN,NaN,NaN,0,0,NaN,0,0,0.275109333333331,1046,nominal,full,1,0,503011136005,0,0,0,0,0,0,0,0,1,0,0,0,0,0,0,0.226990000560022,1,0,NaN,NaN,5,1,0,0,1,188733110947,1046,1046,0.00146005840233609,0.00453205840233609,Inf,1.38777878078145e-17,0.00025,40,32.1653402526294,1,3166463466,5718729012,38707737,133191736,756142250,44314,10,4,3,1,1,4,212,1,17,23,0,0,0,0,23,47,24,1,0,60,108,1316,2050,1,24,1,1,0,1,3390,40,1280,6000,176000,0.018,0.0192613636363636,97,109,42,0,1043,3,0,1288,1226,0,1288,1226,0,0,1046,1046,0,1,88,0.088,214,143,71,0,88,0.088,214,143,71,0,1,2750,0.088,0,11.9874926788818,8.56389117841174,1,1017274,0.00025,40,0.000224643856326432,32.1653402526294,0.000730029201168047,0.00146005840233609,11.99546812288,1,0.00077423008476174,0,1.38777878078145e-17,NaN,NaN,NaN,NaN,1,0.15,1012724,2075,candidate-elcs-w,88,0.088,0.00733333333333333,0.275109333333331,1,iid-load15,IID occupancy 15%,iid,0.15,0,0,6272569207,0.14508333333333,3000,0.00116066666666667,1419885,949149,6.8,120,1,10,3,28,16,10,24,46,1,30374947117,5721966400,5718729012,8,142,151,212,1,1,1,1,152,0,240,1,24,0.000768,161005,159683,0,0
witness-confirmed-reactivation-same-seed-development,16082048,n5-6dof-zero-loss,N5 6-DOF zero-loss,EXP23U dynamic envelope,fast-early-response-blackout,3,3,periodic,Witness-confirmed reactivation / event 3 s / RESPONSE blackout,none,5,ring2,6dof,tdma,1,1,0.15,1,0.48,0.29,0.29,0.0476190476190476,0.0476190476190476,0.0659526432540978,0.512269453802844,0,0,10.2799031954159,12.5422684600156,0,1.03671578815327,0.125804311774461,0.4,0.74,0.959999999999999,NaN,NaN,3000,956,487,0,0,2334,1194,1140,0,0,0,0,0,0,0,0,0,2040,0,0,1,32,32,0,0,0,0,0,0,0,0.397125445277292,0,0,0,0,0,0,0,0,0,0,0.296293333333331,2.93683199999997,0,0,1.74099999999996,0,0.711103999999995,40.5833333333333,99.5,0,0.010049154261933,0.0190427511573903,NaN,NaN,0.949834798454114,2334,0,0,0,0,0,0.7344999,0,1012724,0,110997400,0,18443446939,tdma,fast-early-response-blackout,none,local-conflict-witness-leases,none,continuous-elcs-replay,NaN,50,NaN,8.11666666666667,4.41666666666667,NaN,NaN,NaN,NaN,NaN,NaN,NaN,NaN,956,NaN,NaN,NaN,0,0,1,0,NaN,NaN,NaN,NaN,NaN,0,0,NaN,0,0,0.296293333333331,956,nominal,full,1,0,503011136005,0,0,0,0,0,0,0,0,1,0,0,0,0,0,0,0.226990000560022,1,0,NaN,NaN,5,1,0,0,1,188733110947,956,956,0.00146005840233609,0.00453205840233609,Inf,1.38777878078145e-17,0.00025,40,32.1653402526294,1,5580644451,5722188046,38707737,134443737,1105788943,44314,10,4,3,1,0,4,212,0,166,168,0,0,0,0,357,377,20,1,1,1045,1423,10556,30970,1,24,1,0,1,1,41550,40,1280,6000,176000,0.237166666666667,0.236079545454545,1413,1425,700,0,894,62,0,1194,1140,0,1194,1140,0,0,956,956,0,1,659,0.618687999999999,1640,985,655,0,659,0.618688000000004,1640,985,655,0,1,19334,0.618688,0,11.983646448797,11.9576891621746,1,794209,0.00025,40,0.000224643856326432,32.1653402526294,0.000730029201168047,0.00146005840233609,11.99546812288,1,0.00103895221761885,0,1.38777878078145e-17,NaN,NaN,NaN,NaN,1,0.15,1012724,2074,candidate-elcs-w,659,0.618688000000004,0.0515573333333337,0.296293333333331,1,iid-load15,IID occupancy 15%,iid,0.15,0,0,6272569207,0.14508333333333,3000,0.00116066666666667,1419885,949149,6.8,120,1,10,3,28,16,10,24,46,1,30374947117,5721847987,5722188046,3,54,63,212,1,1,1,0,NaN,1,125,1,24,0.000768,180836,159530,2,0
witness-confirmed-reactivation-same-seed-development,16082049,n5-6dof-zero-loss,N5 6-DOF zero-loss,EXP23U dynamic envelope,fast-early-delivered,1,3,periodic,Witness-confirmed early reactivation / event 3 s,none,5,ring2,6dof,tdma,1,1,0.15,1,0.48,0.29,0.29,0.0476190476190476,0.0476190476190476,0.0589858815337888,0.521808893350667,0,0,10.0999606065897,12.5390961794605,0,1.03669858962826,0.0972139303482584,0.26,0.34,0.4,NaN,NaN,3000,1053,546,0,0,2528,1305,1223,0,0,0,0,0,0,0,0,0,1944,0,0,1,32,32,0,0,0,0,0,0,0,0.380526551089884,0,0,0,0,0,0,0,0,0,0,0.272975999999997,3.23481599999997,0,0,1.78099999999994,0,0.655142399999994,45.5,108.75,0,0.00999723943824622,0.0189552363696521,NaN,NaN,0.997343682044763,2528,0,0,0,0,0,0.6817961,0,1351445,0,110997400,0,15709036217,tdma,fast-early-delivered,none,local-conflict-witness-leases,none,continuous-elcs-replay,NaN,50,NaN,9.1,8.33333333333333,NaN,NaN,NaN,NaN,NaN,NaN,NaN,NaN,1053,NaN,NaN,NaN,0,0,1,0,NaN,NaN,NaN,NaN,NaN,0,0,NaN,0,0,0.272975999999997,1053,nominal,full,1,0,502940494114,0,0,0,0,0,0,0,0,1,0,0,0,0,0,0,0.113860014880595,1,0,NaN,NaN,5,1,0,0,1,189026486863,1053,1053,0.00146005840233609,0.00453205840233609,Inf,1.73472347597681e-18,0.00025,40,32.6295419632977,1,2953523014,5716293649,38707737,133181046,752905407,44314,10,4,3,1,1,2,212,1,12,5,0,0,0,0,5,27,22,1,0,33,61,756,1138,1,24,1,1,0,1,1918,40,1280,6000,176000,0.0101666666666667,0.0108977272727273,56,61,23,0,1048,5,0,1305,1223,0,1305,1223,0,0,1053,1053,0,1,41,0.040896,100,83,17,0,41,0.040896,100,83,17,0,1,1278,0.040896,0,11.988025466433,6.41491953046006,1,502489,0.00025,40,0.000227541602429366,32.6295419632977,0.000730029201168047,0.00146005840233609,11.99546812288,1,0.000338409047088817,0.000135529087636744,1.73472347597681e-18,NaN,NaN,NaN,NaN,1,0.15,1351445,2093,candidate-elcs-w,41,0.040896,0.003408,0.272975999999997,1,iid-load15,IID occupancy 15%,iid,0.15,0,0,6249145665,0.148416666666662,3016,0.00118103448275862,1419885,949149,6.8,120,1,10,3,28,16,10,24,46,1,30441041222,5716756736,5716293649,3,54,63,212,1,1,1,1,63,0,123,1,24,0.000768,160061,159594,0,0
witness-confirmed-reactivation-same-seed-development,16082049,n5-6dof-zero-loss,N5 6-DOF zero-loss,EXP23U dynamic envelope,fast-late-delivered,2,8,periodic,Witness-confirmed early reactivation / event 8 s,none,5,ring2,6dof,tdma,1,1,0.15,1,0.48,0.29,0.29,0.0476190476190476,0.0476190476190476,0.0598140265312084,0.520925168864133,0,0,10.0999606065897,12.5390961794605,0,1.03669555828334,0.101741293532338,0.279999999999999,0.360000000000001,0.5,NaN,NaN,3000,1050,543,0,0,2522,1299,1223,0,0,0,0,0,0,0,0,0,1947,0,0,1,32,32,0,0,0,0,0,0,0,0.380332697548275,0,0,0,0,0,0,0,0,0,0,0.272826666666664,3.22559999999997,0,0,1.78099999999994,0,0.654783999999994,45.25,108.25,0,0.0099814784812519,0.0189576790674069,NaN,NaN,0.9978813774431,2522,0,0,0,0,0,0.7015846,0,1351445,0,110997400,0,15717751981,tdma,fast-late-delivered,none,local-conflict-witness-leases,none,continuous-elcs-replay,NaN,50,NaN,9.05,8.33333333333333,NaN,NaN,NaN,NaN,NaN,NaN,NaN,NaN,1050,NaN,NaN,NaN,0,0,1,0,NaN,NaN,NaN,NaN,NaN,0,0,NaN,0,0,0.272826666666664,1050,nominal,full,1,0,502940494114,0,0,0,0,0,0,0,0,1,0,0,0,0,0,0,0.113860014880595,1,0,NaN,NaN,5,1,0,0,1,189026486863,1050,1050,0.00146005840233609,0.00453205840233609,Inf,1.73472347597681e-18,0.00025,40,32.6295419632977,1,3006354227,5716293825,38707737,133200658,752039388,44314,10,4,3,1,1,2,212,1,14,7,0,0,0,0,7,29,22,1,0,39,69,812,1314,1,24,1,1,0,1,2150,40,1280,6000,176000,0.0115,0.0122159090909091,64,69,27,0,1046,4,0,1299,1223,0,1299,1223,0,0,1050,1050,0,1,49,0.04832,120,93,27,0,49,0.04832,120,93,27,0,1,1510,0.04832,0,11.988025466433,8.62092742529507,1,1135900,0.00025,40,0.000227541602429366,32.6295419632977,0.000730029201168047,0.00146005840233609,11.99546812288,1,0.000338409047088817,0.000135529087636744,1.73472347597681e-18,NaN,NaN,NaN,NaN,1,0.15,1351445,2093,candidate-elcs-w,49,0.04832,0.00402666666666667,0.272826666666664,1,iid-load15,IID occupancy 15%,iid,0.15,0,0,6249145665,0.148416666666662,3016,0.00118103448275862,1419885,949149,6.8,120,1,10,3,28,16,10,24,46,1,30441041222,5716756912,5716293825,8,142,151,212,1,1,1,1,153,0,235,1,24,0.000768,161158,159684,0,0
witness-confirmed-reactivation-same-seed-development,16082049,n5-6dof-zero-loss,N5 6-DOF zero-loss,EXP23U dynamic envelope,fast-early-response-blackout,3,3,periodic,Witness-confirmed reactivation / event 3 s / RESPONSE blackout,none,5,ring2,6dof,tdma,1,1,0.15,1,0.48,0.29,0.29,0.0476190476190476,0.0476190476190476,0.0636731902629619,0.516973929485213,0,0,10.0999606065897,12.5390961794605,0,1.03669682950519,0.119917081260365,0.34,0.48,0.619999999999999,NaN,NaN,3000,952,492,0,0,2326,1197,1129,0,0,0,0,0,0,0,0,0,2044,0,0,1,32,32,0,0,0,0,0,0,0,0.398550883046343,0,0,0,0,0,0,0,0,0,0,0.292901333333331,2.92454399999997,0,0,1.78099999999994,0,0.702963199999995,41,99.75,0,0.0100269677975254,0.018945032023379,NaN,NaN,0.964975084711979,2326,0,0,0,0,0,0.6292114,0,1351445,0,110997400,0,18177480834,tdma,fast-early-response-blackout,none,local-conflict-witness-leases,none,continuous-elcs-replay,NaN,50,NaN,8.2,5.16666666666667,NaN,NaN,NaN,NaN,NaN,NaN,NaN,NaN,952,NaN,NaN,NaN,0,0,1,0,NaN,NaN,NaN,NaN,NaN,0,0,NaN,0,0,0.292901333333331,952,nominal,full,1,0,502940494114,0,0,0,0,0,0,0,0,1,0,0,0,0,0,0,0.113860014880595,1,0,NaN,NaN,5,1,0,0,1,189026486863,952,952,0.00146005840233609,0.00453205840233609,Inf,1.73472347597681e-18,0.00025,40,32.6295419632977,1,5470340401,5716403725,38707737,134449030,1078652892,44314,10,4,3,1,0,2,212,0,162,153,0,0,0,0,342,361,19,1,1,1035,1397,10108,30530,1,24,1,0,1,1,40662,40,1280,6000,176000,0.232833333333333,0.231034090909091,1392,1397,691,0,898,54,0,1197,1129,0,1197,1129,0,0,952,952,0,1,633,0.590271999999999,1580,947,633,0,633,0.590272000000003,1580,947,633,0,1,18446,0.590272,0,11.9829807543564,11.9582214200455,1,1057903,0.00025,40,0.000227541602429366,32.6295419632977,0.000730029201168047,0.00146005840233609,11.99546812288,1,0.000338409047088817,0.000135529087636744,1.73472347597681e-18,NaN,NaN,NaN,NaN,1,0.15,1351445,2093,candidate-elcs-w,633,0.590272000000003,0.0491893333333336,0.292901333333331,1,iid-load15,IID occupancy 15%,iid,0.15,0,0,6249145665,0.148416666666662,3016,0.00118103448275862,1419885,949149,6.8,120,1,10,3,28,16,10,24,46,1,30441041222,5716536141,5716403725,3,54,63,212,1,1,1,0,NaN,1,123,1,24,0.000768,180836,159530,2,0
witness-confirmed-reactivation-same-seed-development,16082050,n5-6dof-zero-loss,N5 6-DOF zero-loss,EXP23U dynamic envelope,fast-early-delivered,1,3,periodic,Witness-confirmed early reactivation / event 3 s,none,5,ring2,6dof,tdma,1,1,0.15,1,0.48,0.29,0.29,0.0476190476190476,0.0476190476190476,0.0511859968224208,0.53031524061826,0,0,10.2453914572579,12.9417596597765,0,1.03681366908666,0.0836235489220564,0.220000000000001,0.300000000000001,0.34,NaN,NaN,3000,1050,569,0,0,2520,1368,1152,0,0,0,0,0,0,0,0,0,1947,0,0,1,32,32,0,0,0,0,0,0,0,0.379595295228445,0,0,0,0,0,0,0,0,0,0,0.274629333333331,3.22559999999997,0,0,1.72799999999998,0,0.659110399999994,47.4166666666667,114,0,0.0100252018779062,0.0189811551628606,NaN,NaN,0.999401151394484,2520,0,0,0,0,0,0.3670219,0,941787,0,110997400,0,15779436096,tdma,fast-early-delivered,none,local-conflict-witness-leases,none,continuous-elcs-replay,NaN,50,NaN,9.48333333333333,9.08333333333333,NaN,NaN,NaN,NaN,NaN,NaN,NaN,NaN,1050,NaN,NaN,NaN,0,0,1,0,NaN,NaN,NaN,NaN,NaN,0,0,NaN,0,0,0.274629333333331,1050,nominal,full,1,0,503441869398,0,0,0,0,0,0,0,0,1,0,0,0,0,0,0,0.226990000560022,1,0,NaN,NaN,5,1,0,0,1,188846772199,1050,1050,0.00146005840233609,0.00453205840233609,Inf,1.38777878078145e-17,0.00025,40,37.6502277338083,1,3067730436,5618734841,38707737,133173094,756897598,44314,10,4,3,1,1,4,212,1,20,18,0,0,0,0,18,42,24,1,0,46,89,1176,1626,1,24,1,1,0,1,2826,40,1280,6000,176000,0.0148333333333333,0.0160568181818182,79,89,33,0,1040,10,0,1368,1152,0,1368,1152,0,0,1050,1050,0,1,69,0.069952,166,119,47,0,69,0.069952,166,119,47,0,1,2186,0.069952,0,11.9883084286719,6.52808863084622,1,1858875,0.00025,40,0.000242785951798699,37.6502277338083,0.000730029201168047,0.00146005840233609,11.99546812288,1,0.000899908643978264,0.00016729451976441,1.38777878078145e-17,NaN,NaN,NaN,NaN,1,0.15,941787,2064,candidate-elcs-w,69,0.069952,0.00582933333333333,0.274629333333331,1,iid-load15,IID occupancy 15%,iid,0.15,0,0,6278585248,0.143999999999998,2947,0.00117232021709634,1419885,949149,6.8,120,1,10,3,28,16,10,24,46,1,30376178674,5618416670,5618734841,3,54,63,212,1,1,1,1,63,0,125,1,24,0.000768,160061,159594,0,0
witness-confirmed-reactivation-same-seed-development,16082050,n5-6dof-zero-loss,N5 6-DOF zero-loss,EXP23U dynamic envelope,fast-late-delivered,2,8,periodic,Witness-confirmed early reactivation / event 8 s,none,5,ring2,6dof,tdma,1,1,0.15,1,0.48,0.29,0.29,0.0476190476190476,0.0476190476190476,0.0525115674186574,0.530030526412665,0,0,10.2453914572579,12.9417596597765,0,1.03681369116193,0.0885820895522388,0.24,0.34,0.540000000000001,NaN,NaN,3000,1045,567,0,0,2510,1364,1146,0,0,0,0,0,0,0,0,0,1952,0,0,1,32,32,0,0,0,0,0,0,0,0.378634655763865,0,0,0,0,0,0,0,0,0,0,0.273658666666664,3.21023999999997,0,0,1.72799999999998,0,0.656780799999994,47.25,113.666666666667,0,0.0100234355846716,0.0189772082796709,NaN,NaN,0.99904908404419,2510,0,0,0,0,0,0.3634769,0,941787,0,110997400,0,15756236767,tdma,fast-late-delivered,none,local-conflict-witness-leases,none,continuous-elcs-replay,NaN,50,NaN,9.45,8.91666666666667,NaN,NaN,NaN,NaN,NaN,NaN,NaN,NaN,1045,NaN,NaN,NaN,0,0,1,0,NaN,NaN,NaN,NaN,NaN,0,0,NaN,0,0,0.273658666666664,1045,nominal,full,1,0,503441869398,0,0,0,0,0,0,0,0,1,0,0,0,0,0,0,0.226990000560022,1,0,NaN,NaN,5,1,0,0,1,188846772199,1045,1045,0.00146005840233609,0.00453205840233609,Inf,1.38777878078145e-17,0.00025,40,37.6502277338083,1,3101916950,5618735017,38707737,133188499,750604713,44314,10,4,3,1,1,4,212,1,21,19,0,0,0,0,19,43,24,1,0,49,93,1204,1714,1,24,1,1,0,1,2942,40,1280,6000,176000,0.0155,0.0167159090909091,83,93,35,0,1039,6,0,1364,1146,0,1364,1146,0,0,1045,1045,0,1,73,0.073664,176,122,54,0,73,0.073664,176,122,54,0,1,2302,0.073664,0,11.9883084286719,8.56449404129816,1,1888159,0.00025,40,0.000242785951798699,37.6502277338083,0.000730029201168047,0.00146005840233609,11.99546812288,1,0.000753620931206456,0.00016729451976441,1.38777878078145e-17,NaN,NaN,NaN,NaN,1,0.15,941787,2064,candidate-elcs-w,73,0.073664,0.00613866666666667,0.273658666666664,1,iid-load15,IID occupancy 15%,iid,0.15,0,0,6278585248,0.143999999999998,2947,0.00117232021709634,1419885,949149,6.8,120,1,10,3,28,16,10,24,46,1,30376178674,5618416846,5618735017,8,142,151,212,1,1,1,1,152,0,236,1,24,0.000768,161005,159683,0,0
witness-confirmed-reactivation-same-seed-development,16082050,n5-6dof-zero-loss,N5 6-DOF zero-loss,EXP23U dynamic envelope,fast-early-response-blackout,3,3,periodic,Witness-confirmed reactivation / event 3 s / RESPONSE blackout,none,5,ring2,6dof,tdma,1,1,0.15,1,0.48,0.29,0.29,0.0476190476190476,0.0476190476190476,0.0584697158265295,0.524494164016732,0,0,10.2453914572579,12.9417596597765,0,1.03680813962701,0.117686567164179,0.380000000000001,0.619999999999999,0.800000000000001,NaN,NaN,3000,946,515,0,0,2312,1260,1052,0,0,0,0,0,0,0,0,0,2050,0,0,1,32,32,0,0,0,0,0,0,0,0.395507823695691,0,0,0,0,0,0,0,0,0,0,0.293295999999998,2.90611199999997,0,0,1.72799999999998,0,0.703910399999995,42.9166666666667,105,0,0.00995609063020332,0.0189440639667975,NaN,NaN,0.948332886385984,2312,0,0,0,0,0,0.3565373,0,941787,0,110997400,0,18285334321,tdma,fast-early-response-blackout,none,local-conflict-witness-leases,none,continuous-elcs-replay,NaN,50,NaN,8.58333333333333,4.58333333333333,NaN,NaN,NaN,NaN,NaN,NaN,NaN,NaN,946,NaN,NaN,NaN,0,0,1,0,NaN,NaN,NaN,NaN,NaN,0,0,NaN,0,0,0.293295999999998,946,nominal,full,1,0,503441869398,0,0,0,0,0,0,0,0,1,0,0,0,0,0,0,0.226990000560022,1,0,NaN,NaN,5,1,0,0,1,188846772199,946,946,0.00146005840233609,0.00453205840233609,Inf,1.38777878078145e-17,0.00025,40,37.6502277338083,1,5538773451,5619293376,38707737,134440999,1080507179,44314,10,4,3,1,0,4,212,0,170,165,0,0,0,0,354,375,21,1,1,1042,1418,10500,30862,1,24,1,0,1,1,41386,40,1280,6000,176000,0.236333333333333,0.235147727272727,1409,1419,698,0,890,56,0,1260,1052,0,1260,1052,0,0,946,946,0,1,654,0.613439999999999,1628,955,673,0,654,0.613440000000004,1628,955,673,0,1,19170,0.61344,0,11.9836166930714,11.9585030587181,1,215729,0.00025,40,0.000242785951798699,37.6502277338083,0.000730029201168047,0.00146005840233609,11.99546812288,1,0.000516397613194997,0.00016729451976441,1.38777878078145e-17,NaN,NaN,NaN,NaN,1,0.15,941787,2064,candidate-elcs-w,654,0.613440000000004,0.0511200000000003,0.293295999999998,1,iid-load15,IID occupancy 15%,iid,0.15,0,0,6278585248,0.143999999999998,2947,0.00117232021709634,1419885,949149,6.8,120,1,10,3,28,16,10,24,46,1,30376178674,5618326627,5619293376,3,54,63,212,1,1,1,0,NaN,1,125,1,24,0.000768,180836,159530,2,0
witness-confirmed-reactivation-same-seed-development,16082051,n5-6dof-zero-loss,N5 6-DOF zero-loss,EXP23U dynamic envelope,fast-early-delivered,1,3,periodic,Witness-confirmed early reactivation / event 3 s,none,5,ring2,6dof,tdma,1,1,0.15,1,0.48,0.29,0.29,0.0476190476190476,0.0476190476190476,0.0528361953129245,0.526996974861893,0,0,10.3096871864883,12.9314387912635,0,1.0367759281957,0.0899336650082918,0.24,0.4,0.56,NaN,NaN,3000,1050,569,0,0,2522,1361,1161,0,0,0,0,0,0,0,0,0,1947,0,0,1,32,32,0,0,0,0,0,0,0,0.379054677234013,0,0,0,0,0,0,0,0,0,0,0.273183999999997,3.22559999999997,0,0,1.72599999999997,0,0.655641599999994,47.4166666666667,113.416666666667,0,0.0100515118560082,0.0189986900194204,NaN,NaN,0.998107129094412,2522,0,0,0,0,0,0.3659369,0,1445868,0,110997400,0,15705319647,tdma,fast-early-delivered,none,local-conflict-witness-leases,none,continuous-elcs-replay,NaN,50,NaN,9.48333333333333,9.08333333333333,NaN,NaN,NaN,NaN,NaN,NaN,NaN,NaN,1050,NaN,NaN,NaN,0,0,1,0,NaN,NaN,NaN,NaN,NaN,0,0,NaN,0,0,0.273183999999997,1050,nominal,full,1,0,503246993613,0,0,0,0,0,0,0,0,1,0,0,0,0,0,0,0.170425007720309,1,0,NaN,NaN,5,1,0,0,1,188737893590,1050,1050,0.00146005840233609,0.00453205840233609,Inf,1.11022302462516e-16,0.00025,40,36.9161372173728,1,3015524971,5708018220,38707737,133188071,754379986,44314,10,4,3,1,1,3,212,1,15,10,0,0,0,0,10,32,22,1,0,39,72,896,1364,1,24,1,1,0,1,2284,40,1280,6000,176000,0.012,0.0129772727272727,71,74,32,0,1045,5,0,1361,1161,0,1361,1161,0,0,1050,1050,0,1,52,0.052608,125,95,30,0,52,0.052608,125,95,30,0,1,1644,0.052608,0,11.9878225103578,6.47127024478027,1,959391,0.00025,40,0.000249846286712879,36.9161372173728,0.000730029201168047,0.00146005840233609,11.99546812288,1,0.000883854111698668,0,1.11022302462516e-16,NaN,NaN,NaN,NaN,1,0.15,1445868,2049,candidate-elcs-w,52,0.052608,0.004384,0.273183999999997,1,iid-load15,IID occupancy 15%,iid,0.15,0,0,6281000458,0.143833333333331,2994,0.00115297261189045,1419885,949149,6.8,120,1,10,3,28,16,10,24,46,1,30592326381,5708035580,5708018220,3,54,63,212,1,1,1,1,65,0,124,1,24,0.000768,160190,159596,0,0
witness-confirmed-reactivation-same-seed-development,16082051,n5-6dof-zero-loss,N5 6-DOF zero-loss,EXP23U dynamic envelope,fast-late-delivered,2,8,periodic,Witness-confirmed early reactivation / event 8 s,none,5,ring2,6dof,tdma,1,1,0.15,1,0.48,0.29,0.29,0.0476190476190476,0.0476190476190476,0.053619686157962,0.526997130684899,0,0,10.3096871864883,12.9314387912635,0,1.03677629567242,0.093714759535655,0.26,0.42,0.56,NaN,NaN,3000,1052,565,0,0,2526,1353,1173,0,0,0,0,0,0,0,0,0,1945,0,0,1,32,32,0,0,0,0,0,0,0,0.379723826337109,0,0,0,0,0,0,0,0,0,0,0.273973333333331,3.23174399999997,0,0,1.72599999999997,0,0.657535999999994,47.0833333333333,112.75,0,0.0100493265100276,0.0189968926318562,NaN,NaN,0.997406695724172,2526,0,0,0,0,0,0.3578679,0,1445868,0,110997400,0,15751836880,tdma,fast-late-delivered,none,local-conflict-witness-leases,none,continuous-elcs-replay,NaN,50,NaN,9.41666666666667,8.83333333333333,NaN,NaN,NaN,NaN,NaN,NaN,NaN,NaN,1052,NaN,NaN,NaN,0,0,1,0,NaN,NaN,NaN,NaN,NaN,0,0,NaN,0,0,0.273973333333331,1052,nominal,full,1,0,503246993613,0,0,0,0,0,0,0,0,1,0,0,0,0,0,0,0.170425007720309,1,0,NaN,NaN,5,1,0,0,1,188737893590,1052,1052,0.00146005840233609,0.00453205840233609,Inf,1.11022302462516e-16,0.00025,40,36.9161372173728,1,3013204373,5708018396,38707737,133199370,756931937,44314,10,4,3,1,1,3,212,1,15,10,0,0,0,0,10,32,22,1,0,43,76,896,1468,1,24,1,1,0,1,2388,40,1280,6000,176000,0.0126666666666667,0.0135681818181818,75,78,32,0,1045,7,0,1353,1173,0,1353,1173,0,0,1052,1052,0,1,56,0.055936,137,107,30,0,56,0.055936,137,107,30,0,1,1748,0.055936,0,11.9878225103578,8.62071797824335,1,676656,0.00025,40,0.000249846286712879,36.9161372173728,0.000730029201168047,0.00146005840233609,11.99546812288,1,0.000883854111698668,0,1.11022302462516e-16,NaN,NaN,NaN,NaN,1,0.15,1445868,2049,candidate-elcs-w,56,0.055936,0.00466133333333333,0.273973333333331,1,iid-load15,IID occupancy 15%,iid,0.15,0,0,6281000458,0.143833333333331,2994,0.00115297261189045,1419885,949149,6.8,120,1,10,3,28,16,10,24,46,1,30592326381,5708035756,5708018396,8,142,151,212,1,1,1,1,153,0,235,1,24,0.000768,161158,159684,0,0
witness-confirmed-reactivation-same-seed-development,16082051,n5-6dof-zero-loss,N5 6-DOF zero-loss,EXP23U dynamic envelope,fast-early-response-blackout,3,3,periodic,Witness-confirmed reactivation / event 3 s / RESPONSE blackout,none,5,ring2,6dof,tdma,1,1,0.15,1,0.48,0.29,0.29,0.0476190476190476,0.0476190476190476,0.0590509612655493,0.52151605985065,0,0,10.3096871864883,12.9314387912635,0,1.03677178235378,0.114378109452736,0.360000000000001,0.5,0.580000000000002,NaN,NaN,3000,963,525,0,0,2348,1273,1075,0,0,0,0,0,0,0,0,0,2033,0,0,1,32,32,0,0,0,0,0,0,0,0.398721254514529,0,0,0,0,0,0,0,0,0,0,0.295866666666665,2.95833599999997,0,0,1.72599999999997,0,0.710079999999995,43.75,106.083333333333,0,0.0101004909315089,0.0190049808758949,NaN,NaN,0.964887714200697,2348,0,0,0,0,0,0.3685305,0,1445868,0,110997400,0,18219193099,tdma,fast-early-response-blackout,none,local-conflict-witness-leases,none,continuous-elcs-replay,NaN,50,NaN,8.75,5.5,NaN,NaN,NaN,NaN,NaN,NaN,NaN,NaN,963,NaN,NaN,NaN,0,0,1,0,NaN,NaN,NaN,NaN,NaN,0,0,NaN,0,0,0.295866666666665,963,nominal,full,1,0,503246993613,0,0,0,0,0,0,0,0,1,0,0,0,0,0,0,0.170425007720309,1,0,NaN,NaN,5,1,0,0,1,188737893590,963,963,0.00146005840233609,0.00453205840233609,Inf,1.11022302462516e-16,0.00025,40,36.9161372173728,1,5486419924,5708661218,38707737,134447764,1096860354,44314,10,4,3,1,0,3,212,0,163,156,0,0,0,0,345,364,19,1,1,1032,1397,10192,30502,1,24,1,0,1,1,40718,40,1280,6000,176000,0.232833333333333,0.231352272727273,1396,1399,694,0,897,66,0,1273,1075,0,1273,1075,0,0,963,963,0,1,633,0.592063999999999,1577,936,641,0,633,0.592064000000003,1577,936,641,0,1,18502,0.592064,0,11.983797030307,11.958018406515,1,983290,0.00025,40,0.000249846286712879,36.9161372173728,0.000730029201168047,0.00146005840233609,11.99546812288,1,0.000883854111698668,0,1.11022302462516e-16,NaN,NaN,NaN,NaN,1,0.15,1445868,2049,candidate-elcs-w,633,0.592064000000003,0.0493386666666669,0.295866666666665,1,iid-load15,IID occupancy 15%,iid,0.15,0,0,6281000458,0.143833333333331,2994,0.00115297261189045,1419885,949149,6.8,120,1,10,3,28,16,10,24,46,1,30592326381,5708129394,5708661218,3,54,63,212,1,1,1,0,NaN,1,124,1,24,0.000768,180836,159530,2,0
witness-confirmed-reactivation-same-seed-development,16082052,n5-6dof-zero-loss,N5 6-DOF zero-loss,EXP23U dynamic envelope,fast-early-delivered,1,3,periodic,Witness-confirmed early reactivation / event 3 s,none,5,ring2,6dof,tdma,1,1,0.15,1,0.48,0.29,0.29,0.0476190476190476,0.0476190476190476,0.0581929258959014,0.521355436773087,0,0,10.1581161636494,12.709828473479,0,1.03678396721857,0.10165008291874,0.260000000000002,0.34,0.4,NaN,NaN,3000,1048,541,0,0,2515,1295,1220,0,0,0,0,0,0,4,0.00381679389312977,0,1949,0,0,1,32,32,0,0,0,0,0,0,0,0.381637293150008,0,0,0,0,0,0,0,0,0,0,0.275386666666664,3.21945599999997,0,0,1.78999999999997,0,0.660927999999994,45.0833333333333,107.916666666667,0,0.0100469398678522,0.0189758252922168,NaN,NaN,0.997702442433229,2515,0,0,0,0,0,0.3609707,0,1525852,0,110997400,0,15824071620,tdma,fast-early-delivered,none,local-conflict-witness-leases,none,continuous-elcs-replay,NaN,50,NaN,9.01666666666667,8.66666666666667,NaN,NaN,NaN,NaN,NaN,NaN,NaN,NaN,1048,NaN,NaN,NaN,0,0,1,4,NaN,NaN,NaN,NaN,NaN,0,0,NaN,0,0,0.275386666666664,1048,nominal,full,1,0,503060722370,0,0,0,0,0,0,0,0,1,0,0,0,0,0,0,0.226990000560022,1,0,NaN,NaN,5,1,0,0,1,188650123724,1048,1048,0.00146005840233609,0.00453205840233609,Inf,1.73472347597681e-18,0.00025,40,39.0578947933068,1,3153948643,5661028160,38707737,133188633,763847713,44314,10,4,3,1,1,4,212,1,19,24,2,0,0,2,24,46,22,1,0,60,107,1288,1990,1,24,1,1,0,1,3302,40,1280,6000,176000,0.0178333333333333,0.0187613636363636,95,103,44,0,1041,7,4,1295,1216,4,1295,1216,4,0,1048,1048,0,1,87,0.085184,210,128,82,0,87,0.085184,210,128,82,0,1,2662,0.085184,0,11.9883555276868,6.64123294458608,1,1883516,0.00025,40,0.000199544404942117,39.0578947933068,0.000730029201168047,0.00146005840233609,11.99546812288,1,0.000984141645159475,0.000287775038161894,1.73472347597681e-18,NaN,NaN,NaN,NaN,1,0.15,1525852,2110,candidate-elcs-w,87,0.085184,0.00709866666666666,0.275386666666664,1,iid-load15,IID occupancy 15%,iid,0.15,0,0,6294792822,0.149166666666664,3094,0.00115707821590175,1419885,949149,6.8,120,1,10,3,28,16,10,24,46,1,30418426617,5661689777,5661028160,3,54,63,212,1,1,1,1,66,0,124,1,24,0.000768,160256,159597,0,0
witness-confirmed-reactivation-same-seed-development,16082052,n5-6dof-zero-loss,N5 6-DOF zero-loss,EXP23U dynamic envelope,fast-late-delivered,2,8,periodic,Witness-confirmed early reactivation / event 8 s,none,5,ring2,6dof,tdma,1,1,0.15,1,0.48,0.29,0.29,0.0476190476190476,0.0476190476190476,0.058571118768287,0.520627237407127,0,0,10.1581161636494,12.709828473479,0,1.03678297285622,0.103391376451078,0.279999999999999,0.34,0.4,NaN,NaN,3000,1049,543,0,0,2517,1299,1218,0,0,0,0,0,0,4,0.00381315538608198,0,1948,0,0,1,32,32,0,0,0,0,0,0,0,0.382030455360277,0,0,0,0,0,0,0,0,0,0,0.275301333333331,3.22252799999997,0,0,1.78999999999997,0,0.660723199999994,45.25,108.25,0,0.0100376411983233,0.0189926987696737,NaN,NaN,0.9978813774431,2517,0,0,0,0,0,0.356696900000001,0,1525852,0,110997400,0,15815053398,tdma,fast-late-delivered,none,local-conflict-witness-leases,none,continuous-elcs-replay,NaN,50,NaN,9.05,8.66666666666667,NaN,NaN,NaN,NaN,NaN,NaN,NaN,NaN,1049,NaN,NaN,NaN,0,0,1,4,NaN,NaN,NaN,NaN,NaN,0,0,NaN,0,0,0.275301333333331,1049,nominal,full,1,0,503060722370,0,0,0,0,0,0,0,0,1,0,0,0,0,0,0,0.226990000560022,1,0,NaN,NaN,5,1,0,0,1,188650123724,1049,1049,0.00146005840233609,0.00453205840233609,Inf,1.73472347597681e-18,0.00025,40,39.0578947933068,1,3111008493,5661028336,38707737,133192023,758921520,44314,10,4,3,1,1,4,212,1,17,22,2,0,0,2,22,44,22,1,0,58,103,1232,1918,1,24,1,1,0,1,3174,40,1280,6000,176000,0.0171666666666667,0.0180340909090909,91,99,40,0,1043,6,4,1299,1214,4,1299,1214,4,0,1049,1049,0,1,83,0.081088,202,123,79,0,83,0.081088,202,123,79,0,1,2534,0.081088,0,11.9883555276868,8.56451782059469,1,1262289,0.00025,40,0.000199544404942117,39.0578947933068,0.000730029201168047,0.00146005840233609,11.99546812288,1,0.000832196527399631,0.000287775038161894,1.73472347597681e-18,NaN,NaN,NaN,NaN,1,0.15,1525852,2110,candidate-elcs-w,83,0.081088,0.00675733333333333,0.275301333333331,1,iid-load15,IID occupancy 15%,iid,0.15,0,0,6294792822,0.149166666666664,3094,0.00115707821590175,1419885,949149,6.8,120,1,10,3,28,16,10,24,46,1,30418426617,5661689953,5661028336,8,142,151,212,1,1,1,1,152,0,238,1,24,0.000768,161005,159683,0,0
witness-confirmed-reactivation-same-seed-development,16082052,n5-6dof-zero-loss,N5 6-DOF zero-loss,EXP23U dynamic envelope,fast-early-response-blackout,3,3,periodic,Witness-confirmed reactivation / event 3 s / RESPONSE blackout,none,5,ring2,6dof,tdma,1,1,0.15,1,0.48,0.29,0.29,0.0476190476190476,0.0476190476190476,0.0623200741318391,0.516975307426132,0,0,10.1581161636494,12.709828473479,0,1.03678124458587,0.12136815920398,0.34,0.56,0.68,NaN,NaN,3000,954,496,0,0,2327,1205,1122,0,0,0,0,0,0,4,0.00419287211740042,0,2042,0,0,1,32,32,0,0,0,0,0,0,0,0.398185270250953,0,0,0,0,0,0,0,0,0,0,0.295146666666665,2.93068799999997,0,0,1.78999999999997,0,0.708351999999995,41.3333333333333,100.416666666667,0,0.0100161716399276,0.0189660187620681,NaN,NaN,0.960137376575733,2327,0,0,0,0,0,0.365814,0,1525852,0,110997400,0,18313592525,tdma,fast-early-response-blackout,none,local-conflict-witness-leases,none,continuous-elcs-replay,NaN,50,NaN,8.26666666666667,5,NaN,NaN,NaN,NaN,NaN,NaN,NaN,NaN,954,NaN,NaN,NaN,0,0,1,4,NaN,NaN,NaN,NaN,NaN,0,0,NaN,0,0,0.295146666666665,954,nominal,full,1,0,503060722370,0,0,0,0,0,0,0,0,1,0,0,0,0,0,0,0.226990000560022,1,0,NaN,NaN,5,1,0,0,1,188650123724,954,954,0.00146005840233609,0.00453205840233609,Inf,1.73472347597681e-18,0.00025,40,39.0578947933068,1,5512212578,5661145943,38707737,134444299,1098236812,44314,10,4,3,1,0,4,212,0,166,166,2,0,0,2,355,374,19,1,1,1041,1416,10472,30816,1,24,1,0,1,1,41312,40,1280,6000,176000,0.236,0.234727272727273,1408,1416,699,0,894,60,4,1205,1118,4,1205,1118,4,0,954,954,0,1,652,0.611071999999999,1622,915,707,0,652,0.611072000000004,1622,915,707,0,1,19096,0.611072,0,11.9836730649836,11.9585499547275,1,1311568,0.00025,40,0.000199544404942117,39.0578947933068,0.000730029201168047,0.00146005840233609,11.99546812288,1,0.000571719182666186,0.000287775038161894,1.73472347597681e-18,NaN,NaN,NaN,NaN,1,0.15,1525852,2110,candidate-elcs-w,652,0.611072000000004,0.050922666666667,0.295146666666665,1,iid-load15,IID occupancy 15%,iid,0.15,0,0,6294792822,0.149166666666664,3094,0.00115707821590175,1419885,949149,6.8,120,1,10,3,28,16,10,24,46,1,30418426617,5661010986,5661145943,3,54,63,212,1,1,1,0,NaN,1,124,1,24,0.000768,180836,159530,2,0
witness-confirmed-reactivation-same-seed-development,16082053,n5-6dof-zero-loss,N5 6-DOF zero-loss,EXP23U dynamic envelope,fast-early-delivered,1,3,periodic,Witness-confirmed early reactivation / event 3 s,none,5,ring2,6dof,tdma,1,1,0.15,1,0.48,0.29,0.29,0.0476190476190476,0.0476190476190476,0.0580992339367005,0.51893979700425,0,0,10.4897111107331,12.6083931570129,0,1.03676973641026,0.102694859038142,0.279999999999999,0.42,0.579999999999998,NaN,NaN,3000,1052,530,0,0,2528,1269,1259,0,0,0,0,0,0,0,0,0,1945,0,0,1,32,32,0,0,0,0,0,0,0,0.378501238718737,0,0,0,0,0,0,0,0,0,0,0.273562666666664,3.23174399999997,0,0,1.74899999999996,0,0.656550399999994,44.1666666666667,105.75,0,0.00998094940734753,0.0189302166207851,NaN,NaN,0.997904010799673,2528,0,0,0,0,0,0.3648858,0,1420083,0,110997400,0,15722281300,tdma,fast-early-delivered,none,local-conflict-witness-leases,none,continuous-elcs-replay,NaN,50,NaN,8.83333333333333,8.25,NaN,NaN,NaN,NaN,NaN,NaN,NaN,NaN,1052,NaN,NaN,NaN,0,0,1,0,NaN,NaN,NaN,NaN,NaN,0,0,NaN,0,0,0.273562666666664,1052,nominal,full,1,0,503496359624,0,0,0,0,0,0,0,0,1,0,0,0,0,0,0,0.170425007720309,1,0,NaN,NaN,5,1,0,0,1,188678354363,1052,1052,0.00146005840233609,0.00453205840233609,Inf,2.22044604925031e-16,0.00025,40,37.4906994962915,1,3008670658,5710956410,38707737,133185605,756641748,44314,10,4,3,1,1,3,212,1,12,9,0,0,0,0,9,30,21,1,0,40,71,840,1370,1,24,1,1,0,1,2234,40,1280,6000,176000,0.0118333333333333,0.0126931818181818,73,73,31,0,1048,4,0,1269,1259,0,1269,1259,0,0,1052,1052,0,1,51,0.051008,123,107,16,0,51,0.051008,123,107,16,0,1,1594,0.051008,0,11.9882687389995,6.47146741432542,1,1209768,0.00025,40,0.00021654941210932,37.4906994962915,0.000730029201168047,0.00146005840233609,11.99546812288,1,0.00101686040741278,0,2.22044604925031e-16,NaN,NaN,NaN,NaN,1,0.15,1420083,2093,candidate-elcs-w,51,0.051008,0.00425066666666667,0.273562666666664,1,iid-load15,IID occupancy 15%,iid,0.15,0,0,6317170404,0.145749999999996,3014,0.00116058394160584,1419885,949149,6.8,120,1,10,3,28,16,10,24,46,1,30452766499,5710818756,5710956410,3,54,63,212,1,1,1,1,64,0,124,1,24,0.000768,160125,159595,0,0
witness-confirmed-reactivation-same-seed-development,16082053,n5-6dof-zero-loss,N5 6-DOF zero-loss,EXP23U dynamic envelope,fast-late-delivered,2,8,periodic,Witness-confirmed early reactivation / event 8 s,none,5,ring2,6dof,tdma,1,1,0.15,1,0.48,0.29,0.29,0.0476190476190476,0.0476190476190476,0.0580176336222224,0.519123353812411,0,0,10.4897111107331,12.6083931570129,0,1.0367668018212,0.102412935323383,0.279999999999999,0.42,0.579999999999998,NaN,NaN,3000,1054,534,0,0,2532,1277,1255,0,0,0,0,0,0,0,0,0,1943,0,0,1,32,32,0,0,0,0,0,0,0,0.379053442434971,0,0,0,0,0,0,0,0,0,0,0.273765333333331,3.23788799999997,0,0,1.74899999999996,0,0.657036799999994,44.5,106.416666666667,0,0.00998188745038879,0.0189564255817568,NaN,NaN,0.998690155150072,2532,0,0,0,0,0,0.3857708,0,1420083,0,110997400,0,15704927550,tdma,fast-late-delivered,none,local-conflict-witness-leases,none,continuous-elcs-replay,NaN,50,NaN,8.9,8.5,NaN,NaN,NaN,NaN,NaN,NaN,NaN,NaN,1054,NaN,NaN,NaN,0,0,1,0,NaN,NaN,NaN,NaN,NaN,0,0,NaN,0,0,0.273765333333331,1054,nominal,full,1,0,503496359624,0,0,0,0,0,0,0,0,1,0,0,0,0,0,0,0.170425007720309,1,0,NaN,NaN,5,1,0,0,1,188678354363,1054,1054,0.00146005840233609,0.00453205840233609,Inf,2.22044604925031e-16,0.00025,40,37.4906994962915,1,2995514696,5710956586,38707737,133192798,754381726,44314,10,4,3,1,1,3,212,1,11,8,0,0,0,0,8,29,21,1,0,37,67,812,1282,1,24,1,1,0,1,2118,40,1280,6000,176000,0.0111666666666667,0.0120340909090909,69,69,29,0,1049,5,0,1277,1255,0,1277,1255,0,0,1054,1054,0,1,47,0.047296,113,98,15,0,47,0.047296,113,98,15,0,1,1478,0.047296,0,11.9882687389995,8.50787825462346,1,594390,0.00025,40,0.00021654941210932,37.4906994962915,0.000730029201168047,0.00146005840233609,11.99546812288,1,0.00101686040741278,0,2.22044604925031e-16,NaN,NaN,NaN,NaN,1,0.15,1420083,2093,candidate-elcs-w,47,0.047296,0.00394133333333333,0.273765333333331,1,iid-load15,IID occupancy 15%,iid,0.15,0,0,6317170404,0.145749999999996,3014,0.00116058394160584,1419885,949149,6.8,120,1,10,3,28,16,10,24,46,1,30452766499,5710818932,5710956586,8,142,151,212,1,1,1,1,151,0,235,1,24,0.000768,160853,159682,0,0
witness-confirmed-reactivation-same-seed-development,16082053,n5-6dof-zero-loss,N5 6-DOF zero-loss,EXP23U dynamic envelope,fast-early-response-blackout,3,3,periodic,Witness-confirmed reactivation / event 3 s / RESPONSE blackout,none,5,ring2,6dof,tdma,1,1,0.15,1,0.48,0.29,0.29,0.0476190476190476,0.0476190476190476,0.0643480626381773,0.516616674716617,0,0,10.4897111107331,12.6083931570129,0,1.03676432883252,0.125696517412935,0.4,0.779999999999999,1.02,NaN,NaN,3000,963,488,0,0,2350,1185,1165,0,0,0,0,0,0,0,0,0,2033,0,0,1,32,32,0,0,0,0,0,0,0,0.396510655243024,0,0,0,0,0,0,0,0,0,0,0.296069333333331,2.95833599999997,0,0,1.74899999999996,0,0.710566399999995,40.6666666666667,98.75,0,0.00989638642485566,0.0189115641827524,NaN,NaN,0.957439794154304,2350,0,0,0,0,0,0.3837179,0,1420083,0,110997400,0,18332441166,tdma,fast-early-response-blackout,none,local-conflict-witness-leases,none,continuous-elcs-replay,NaN,50,NaN,8.13333333333333,4.75,NaN,NaN,NaN,NaN,NaN,NaN,NaN,NaN,963,NaN,NaN,NaN,0,0,1,0,NaN,NaN,NaN,NaN,NaN,0,0,NaN,0,0,0.296069333333331,963,nominal,full,1,0,503496359624,0,0,0,0,0,0,0,0,1,0,0,0,0,0,0,0.170425007720309,1,0,NaN,NaN,5,1,0,0,1,188678354363,963,963,0.00146005840233609,0.00453205840233609,Inf,2.22044604925031e-16,0.00025,40,37.4906994962915,1,5487132194,5711328495,38707737,134449483,1098436789,44314,10,4,3,1,0,3,212,0,161,156,0,0,0,0,345,363,18,1,1,1036,1400,10164,30606,1,24,1,0,1,1,40794,40,1280,6000,176000,0.233333333333333,0.231784090909091,1403,1403,696,0,899,64,0,1185,1165,0,1185,1165,0,0,963,963,0,1,636,0.594495999999999,1585,906,679,0,636,0.594496000000003,1585,906,679,0,1,18578,0.594496,0,11.983688361803,11.9584632895729,1,767522,0.00025,40,0.00021654941210932,37.4906994962915,0.000730029201168047,0.00146005840233609,11.99546812288,1,0.00101686040741278,0,2.22044604925031e-16,NaN,NaN,NaN,NaN,1,0.15,1420083,2093,candidate-elcs-w,636,0.594496000000003,0.0495413333333336,0.296069333333331,1,iid-load15,IID occupancy 15%,iid,0.15,0,0,6317170404,0.145749999999996,3014,0.00116058394160584,1419885,949149,6.8,120,1,10,3,28,16,10,24,46,1,30452766499,5710805844,5711328495,3,54,63,212,1,1,1,0,NaN,1,124,1,24,0.000768,180836,159530,2,0
witness-confirmed-reactivation-same-seed-development,16082054,n5-6dof-zero-loss,N5 6-DOF zero-loss,EXP23U dynamic envelope,fast-early-delivered,1,3,periodic,Witness-confirmed early reactivation / event 3 s,none,5,ring2,6dof,tdma,1,1,0.15,1,0.48,0.29,0.29,0.0476190476190476,0.0476190476190476,0.0534417671640746,0.526588230897876,0,0,10.1712890288169,12.496568193314,0,1.03675561827815,0.0839220563847428,0.219999999999999,0.279999999999999,0.34,NaN,NaN,3000,1041,514,0,0,2502,1233,1269,0,0,0,0,0,0,0,0,0,1956,0,0,1,32,32,0,0,0,0,0,0,0,0.383664269845569,0,0,0,0,0,0,0,0,0,0,0.272351999999997,3.19795199999997,0,0,1.855,0,0.653644799999994,42.8333333333333,102.75,0,0.010014869751992,0.0189970445709299,NaN,NaN,0.998624130631993,2502,0,0,0,0,0,0.377216099999999,0,692939,0,110997400,0,15675542612,tdma,fast-early-delivered,none,local-conflict-witness-leases,none,continuous-elcs-replay,NaN,50,NaN,8.56666666666667,8.16666666666667,NaN,NaN,NaN,NaN,NaN,NaN,NaN,NaN,1041,NaN,NaN,NaN,0,0,1,0,NaN,NaN,NaN,NaN,NaN,0,0,NaN,0,0,0.272351999999997,1041,nominal,full,1,0,504014311236,0,0,0,0,0,0,0,0,1,0,0,0,0,0,0,0.283554993399736,1,0,NaN,NaN,5,1,0,0,1,188477281212,1041,1041,0.00146005840233609,0.00453205840233609,Inf,1.38777878078145e-17,0.00025,40,39.9111087508494,1,3042892013,5696126379,38707737,133169839,745010361,44314,10,4,3,1,1,5,212,1,23,17,0,0,0,0,17,42,25,1,0,46,89,1176,1636,1,24,1,1,0,1,2836,40,1280,6000,176000,0.0148333333333333,0.0161136363636364,78,90,32,0,1037,4,0,1233,1269,0,1233,1269,0,0,1041,1041,0,1,69,0.070272,167,125,42,0,69,0.070272,167,125,42,0,1,2196,0.070272,0,11.9882436561038,6.47143318216536,1,1086608,0.00025,40,0.000224254601267437,39.9111087508494,0.000730029201168047,0.00146005840233609,11.99546812288,1,0.000339902110063406,0,1.38777878078145e-17,NaN,NaN,NaN,NaN,1,0.15,692939,2229,candidate-elcs-w,69,0.070272,0.005856,0.272351999999997,1,iid-load15,IID occupancy 15%,iid,0.15,0,0,6299894363,0.154583333333333,3122,0.00118834080717489,1419885,949149,6.8,120,1,10,3,28,16,10,24,46,1,30444492508,5696306900,5696126379,3,54,63,212,1,1,1,1,63,0,126,1,24,0.000768,160061,159594,0,0
witness-confirmed-reactivation-same-seed-development,16082054,n5-6dof-zero-loss,N5 6-DOF zero-loss,EXP23U dynamic envelope,fast-late-delivered,2,8,periodic,Witness-confirmed early reactivation / event 8 s,none,5,ring2,6dof,tdma,1,1,0.15,1,0.48,0.29,0.29,0.0476190476190476,0.0476190476190476,0.0549032044641693,0.526583168743887,0,0,10.1712890288169,12.496568193314,0,1.03675022185121,0.0885157545605305,0.220000000000001,0.34,0.58,NaN,NaN,3000,1043,515,0,0,2506,1235,1271,0,0,0,0,0,0,0,0,0,1954,0,0,1,32,32,0,0,0,0,0,0,0,0.383888541362629,0,0,0,0,0,0,0,0,0,0,0.273034666666664,3.20409599999997,0,0,1.855,0,0.655283199999994,42.9166666666667,102.916666666667,0,0.00999720634855329,0.0189944180627868,NaN,NaN,0.998757319575982,2506,0,0,0,0,0,0.3944729,0,692939,0,110997400,0,15720659221,tdma,fast-late-delivered,none,local-conflict-witness-leases,none,continuous-elcs-replay,NaN,50,NaN,8.58333333333333,8.16666666666667,NaN,NaN,NaN,NaN,NaN,NaN,NaN,NaN,1043,NaN,NaN,NaN,0,0,1,0,NaN,NaN,NaN,NaN,NaN,0,0,NaN,0,0,0.273034666666664,1043,nominal,full,1,0,504014311236,0,0,0,0,0,0,0,0,1,0,0,0,0,0,0,0.283554993399736,1,0,NaN,NaN,5,1,0,0,1,188477281212,1043,1043,0.00146005840233609,0.00453205840233609,Inf,1.38777878078145e-17,0.00025,40,39.9111087508494,1,3063450675,5696126555,38707737,133185143,747334517,44314,10,4,3,1,1,5,212,1,24,18,0,0,0,0,18,43,25,1,0,47,91,1204,1672,1,24,1,1,0,1,2900,40,1280,6000,176000,0.0151666666666667,0.0164772727272727,80,92,34,0,1036,7,0,1235,1271,0,1235,1271,0,0,1043,1043,0,1,71,0.07232,171,127,44,0,71,0.07232,171,127,44,0,1,2260,0.07232,0,11.9882436561038,8.56441446132014,1,633262,0.00025,40,0.000224254601267437,39.9111087508494,0.000730029201168047,0.00146005840233609,11.99546812288,1,0.000339902110063406,0,1.38777878078145e-17,NaN,NaN,NaN,NaN,1,0.15,692939,2229,candidate-elcs-w,71,0.07232,0.00602666666666667,0.273034666666664,1,iid-load15,IID occupancy 15%,iid,0.15,0,0,6299894363,0.154583333333333,3122,0.00118834080717489,1419885,949149,6.8,120,1,10,3,28,16,10,24,46,1,30444492508,5696307076,5696126555,8,142,151,212,1,1,1,1,152,0,236,1,24,0.000768,161005,159683,0,0
witness-confirmed-reactivation-same-seed-development,16082054,n5-6dof-zero-loss,N5 6-DOF zero-loss,EXP23U dynamic envelope,fast-early-response-blackout,3,3,periodic,Witness-confirmed reactivation / event 3 s / RESPONSE blackout,none,5,ring2,6dof,tdma,1,1,0.15,1,0.48,0.29,0.29,0.0476190476190476,0.0476190476190476,0.0649896765565204,0.511555877718169,0,0,10.1712890288169,12.496568193314,0,1.03675859629963,0.13120232172471,0.459999999999999,1.12,1.36,NaN,NaN,3000,945,468,0,0,2310,1141,1169,0,0,0,0,0,0,0,0,0,2051,0,0,1,32,32,0,0,0,0,0,0,0,0.401944427578424,0,0,0,0,0,0,0,0,0,0,0.293247999999998,2.90303999999997,0,0,1.855,0,0.703795199999996,39,95.0833333333333,0,0.00999694073131835,0.0189917915546438,NaN,NaN,0.953937282229965,2310,0,0,0,0,0,0.3967873,0,692939,0,110997400,0,18267535852,tdma,fast-early-response-blackout,none,local-conflict-witness-leases,none,continuous-elcs-replay,NaN,50,NaN,7.8,4.41666666666667,NaN,NaN,NaN,NaN,NaN,NaN,NaN,NaN,945,NaN,NaN,NaN,0,0,1,0,NaN,NaN,NaN,NaN,NaN,0,0,NaN,0,0,0.293247999999998,945,nominal,full,1,0,504014311236,0,0,0,0,0,0,0,0,1,0,0,0,0,0,0,0.283554993399736,1,0,NaN,NaN,5,1,0,0,1,188477281212,945,945,0.00146005840233609,0.00453205840233609,Inf,1.38777878078145e-17,0.00025,40,39.9111087508494,1,5549099289,5696300528,38707737,134437665,1075939889,44314,10,4,3,1,0,5,212,0,173,164,0,0,0,0,353,375,22,1,1,1045,1421,10500,30940,1,24,1,0,1,1,41464,40,1280,6000,176000,0.236833333333333,0.235590909090909,1410,1422,698,0,887,58,0,1141,1169,0,1141,1169,0,0,945,945,0,1,657,0.615935999999999,1637,948,689,0,657,0.615936000000004,1637,948,689,0,1,19248,0.615936,0,11.9832714874037,11.9584381572468,1,1792662,0.00025,40,0.000224254601267437,39.9111087508494,0.000730029201168047,0.00146005840233609,11.99546812288,1,0.000339902110063406,0,1.38777878078145e-17,NaN,NaN,NaN,NaN,1,0.15,692939,2229,candidate-elcs-w,657,0.615936000000004,0.0513280000000003,0.293247999999998,1,iid-load15,IID occupancy 15%,iid,0.15,0,0,6299894363,0.154583333333333,3122,0.00118834080717489,1419885,949149,6.8,120,1,10,3,28,16,10,24,46,1,30444492508,5696187363,5696300528,3,54,63,212,1,1,1,0,NaN,1,126,1,24,0.000768,180836,159530,2,0
witness-confirmed-reactivation-same-seed-development,16082055,n5-6dof-zero-loss,N5 6-DOF zero-loss,EXP23U dynamic envelope,fast-early-delivered,1,3,periodic,Witness-confirmed early reactivation / event 3 s,none,5,ring2,6dof,tdma,1,1,0.15,1,0.48,0.29,0.29,0.0476190476190476,0.0476190476190476,0.0551702111751003,0.526709624709518,0,0,10.3543437728286,12.395555964342,0,1.0367025533942,0.0949336650082917,0.259999999999998,0.34,0.4,NaN,NaN,3000,1054,553,0,0,2532,1329,1203,0,0,0,0,0,0,0,0,0,1943,0,0,1,32,32,0,0,0,0,0,0,0,0.386368506233461,0,0,0,0,0,0,0,0,0,0,0.274821333333331,3.23788799999997,0,0,1.81799999999997,0,0.659571199999994,46.0833333333333,110.75,0,0.00999914370978229,0.018975523719808,NaN,NaN,0.998315514567861,2532,0,0,0,0,0,0.3959418,0,783173,0,110997400,0,15763042091,tdma,fast-early-delivered,none,local-conflict-witness-leases,none,continuous-elcs-replay,NaN,50,NaN,9.21666666666667,8.83333333333333,NaN,NaN,NaN,NaN,NaN,NaN,NaN,NaN,1054,NaN,NaN,NaN,0,0,1,0,NaN,NaN,NaN,NaN,NaN,0,0,NaN,0,0,0.274821333333331,1054,nominal,full,1,0,503408068924,0,0,0,0,0,0,0,0,1,0,0,0,0,0,0,0.0572950220408816,1,0,NaN,NaN,5,1,0,0,1,188831106785,1054,1054,0.00146005840233609,0.00453205840233609,Inf,1.11022302462516e-16,0.00025,40,29.2150152623136,1,3054849209,5690683261,38707737,133185178,759826443,44314,10,4,3,1,1,1,212,1,9,11,0,0,0,0,11,35,24,1,0,45,81,980,1510,1,24,1,1,0,1,2514,40,1280,6000,176000,0.0135,0.0142840909090909,79,79,34,0,1051,3,0,1329,1203,0,1329,1203,0,0,1054,1054,0,1,61,0.059968,148,119,29,0,61,0.059968,148,119,29,0,1,1874,0.059968,0,11.9879104231658,6.6975045938192,1,82850,0.00025,40,0.000245806269831005,29.2150152623136,0.000730029201168047,0.00146005840233609,11.99546812288,1,0.000942130140373365,0,1.11022302462516e-16,NaN,NaN,NaN,NaN,1,0.15,783173,2124,candidate-elcs-w,61,0.059968,0.00499733333333333,0.274821333333331,1,iid-load15,IID occupancy 15%,iid,0.15,0,0,6305158925,0.151499999999998,3098,0.00117366042608134,1419885,949149,6.8,120,1,10,3,28,16,10,24,46,1,30395157932,5692188491,5690683261,3,54,63,212,1,1,1,1,63,0,122,1,24,0.000768,160061,159594,0,0
witness-confirmed-reactivation-same-seed-development,16082055,n5-6dof-zero-loss,N5 6-DOF zero-loss,EXP23U dynamic envelope,fast-late-delivered,2,8,periodic,Witness-confirmed early reactivation / event 8 s,none,5,ring2,6dof,tdma,1,1,0.15,1,0.48,0.29,0.29,0.0476190476190476,0.0476190476190476,0.0559049694702682,0.525171451882636,0,0,10.3543437728286,12.395555964342,0,1.03669902381014,0.0979187396351574,0.26,0.34,0.4,NaN,NaN,3000,1053,550,0,0,2530,1323,1207,0,0,0,0,0,0,0,0,0,1944,0,0,1,32,32,0,0,0,0,0,0,0,0.386004056917572,0,0,0,0,0,0,0,0,0,0,0.274565333333331,3.23481599999997,0,0,1.81799999999997,0,0.658956799999994,45.8333333333333,110.25,0,0.00998717770276904,0.018977210871685,NaN,NaN,0.997724199346944,2530,0,0,0,0,0,0.4260367,0,783173,0,110997400,0,15770667931,tdma,fast-late-delivered,none,local-conflict-witness-leases,none,continuous-elcs-replay,NaN,50,NaN,9.16666666666667,8.58333333333333,NaN,NaN,NaN,NaN,NaN,NaN,NaN,NaN,1053,NaN,NaN,NaN,0,0,1,0,NaN,NaN,NaN,NaN,NaN,0,0,NaN,0,0,0.274565333333331,1053,nominal,full,1,0,503408068924,0,0,0,0,0,0,0,0,1,0,0,0,0,0,0,0.0572950220408816,1,0,NaN,NaN,5,1,0,0,1,188831106785,1053,1053,0.00146005840233609,0.00453205840233609,Inf,1.11022302462516e-16,0.00025,40,29.2150152623136,1,3058111637,5692690787,38707737,133196982,756784926,44314,10,4,3,1,1,1,212,1,9,11,0,0,0,0,11,35,24,1,0,45,81,980,1510,1,24,1,1,0,1,2514,40,1280,6000,176000,0.0135,0.0142840909090909,79,79,34,0,1051,2,0,1323,1207,0,1323,1207,0,0,1053,1053,0,1,61,0.059968,148,121,27,0,61,0.059968,148,121,27,0,1,1874,0.059968,0,11.9879104231658,8.50760389667356,1,1050167,0.00025,40,0.000245806269831005,29.2150152623136,0.000730029201168047,0.00146005840233609,11.99546812288,1,0.000942130140373365,0,1.11022302462516e-16,NaN,NaN,NaN,NaN,1,0.15,783173,2123,candidate-elcs-w,61,0.059968,0.00499733333333333,0.274565333333331,1,iid-load15,IID occupancy 15%,iid,0.15,0,0,6305158925,0.151499999999998,3098,0.00117366042608134,1419885,949149,6.8,120,1,10,3,28,16,10,24,46,1,30395157932,5692188667,5692690787,8,142,151,212,1,1,1,1,151,0,238,1,24,0.000768,160853,159682,0,0
witness-confirmed-reactivation-same-seed-development,16082055,n5-6dof-zero-loss,N5 6-DOF zero-loss,EXP23U dynamic envelope,fast-early-response-blackout,3,3,periodic,Witness-confirmed reactivation / event 3 s / RESPONSE blackout,none,5,ring2,6dof,tdma,1,1,0.15,1,0.48,0.29,0.29,0.0476190476190476,0.0476190476190476,0.0692064848363611,0.503600007917207,0,0,10.3543437728286,12.395555964342,0,1.03669948836947,0.159908789386401,0.6,1.36,1.6,NaN,NaN,3000,950,496,0,0,2324,1215,1109,0,0,0,0,0,0,0,0,0,2046,0,0,1,32,32,0,0,0,0,0,0,0,0.401821069899633,0,0,0,0,0,0,0,0,0,0,0.292767999999998,2.91839999999997,0,0,1.81799999999997,0,0.702643199999995,41.3333333333333,101.25,0,0.00999181322506773,0.018982272327316,NaN,NaN,0.938455082967767,2324,0,0,0,0,0,0.4149869,0,783173,0,110997400,0,18097897508,tdma,fast-early-response-blackout,none,local-conflict-witness-leases,none,continuous-elcs-replay,NaN,50,NaN,8.26666666666667,4.08333333333333,NaN,NaN,NaN,NaN,NaN,NaN,NaN,NaN,950,NaN,NaN,NaN,0,0,1,0,NaN,NaN,NaN,NaN,NaN,0,0,NaN,0,0,0.292767999999998,950,nominal,full,1,0,503408068924,0,0,0,0,0,0,0,0,1,0,0,0,0,0,0,0.0572950220408816,1,0,NaN,NaN,5,1,0,0,1,188831106785,950,950,0.00146005840233609,0.00453205840233609,Inf,1.11022302462516e-16,0.00025,40,29.2150152623136,1,5452009166,5690340688,38707737,134453067,1088031225,44314,10,4,3,1,0,1,212,0,159,157,0,0,0,0,346,366,20,1,1,1032,1399,10248,30532,1,24,1,0,1,1,40804,40,1280,6000,176000,0.233166666666667,0.231840909090909,1402,1402,694,0,901,49,0,1215,1109,0,1215,1109,0,0,950,950,0,1,635,0.594815999999999,1582,928,654,0,635,0.594816000000003,1582,928,654,0,1,18588,0.594816,0,11.9829624221188,11.9581056927397,1,990046,0.00025,40,0.000245806269831005,29.2150152623136,0.000730029201168047,0.00146005840233609,11.99546812288,1,0.000942130140373365,0,1.11022302462516e-16,NaN,NaN,NaN,NaN,1,0.15,783173,2124,candidate-elcs-w,635,0.594816000000003,0.0495680000000003,0.292767999999998,1,iid-load15,IID occupancy 15%,iid,0.15,0,0,6305158925,0.151499999999998,3098,0.00117366042608134,1419885,949149,6.8,120,1,10,3,28,16,10,24,46,1,30395157932,5692219373,5690340688,3,54,63,212,1,1,1,0,NaN,1,122,1,24,0.000768,180836,159530,2,0
witness-confirmed-reactivation-same-seed-development,16082056,n5-6dof-zero-loss,N5 6-DOF zero-loss,EXP23U dynamic envelope,fast-early-delivered,1,3,periodic,Witness-confirmed early reactivation / event 3 s,none,5,ring2,6dof,tdma,1,1,0.15,1,0.48,0.29,0.29,0.0476190476190476,0.0476190476190476,0.0533208190711712,0.52818074426896,0,0,10.1820906221202,12.4948774765545,0,1.03672937338816,0.0939718076285241,0.24,0.337799999999997,0.460000000000001,NaN,NaN,3000,1053,573,0,0,2529,1373,1156,0,0,0,0,0,0,0,0,0,1944,0,0,1,32,32,0,0,0,0,0,0,0,0.383377559542271,0,0,0,0,0,0,0,0,0,0,0.274906666666664,3.23481599999997,0,0,1.778,0,0.659775999999994,47.75,114.416666666667,0,0.00998034485689572,0.0189329940220607,NaN,NaN,0.997672404624804,2529,0,0,0,0,0,0.4243625,0,932950,0,110997400,0,15767681439,tdma,fast-early-delivered,none,local-conflict-witness-leases,none,continuous-elcs-replay,NaN,50,NaN,9.55,8.91666666666667,NaN,NaN,NaN,NaN,NaN,NaN,NaN,NaN,1053,NaN,NaN,NaN,0,0,1,0,NaN,NaN,NaN,NaN,NaN,0,0,NaN,0,0,0.274906666666664,1053,nominal,full,1,0,503484804787,0,0,0,0,0,0,0,0,1,0,0,0,0,0,0,0.170425007720309,1,0,NaN,NaN,5,1,0,0,1,188727642933,1053,1053,0.00146005840233609,0.00453205840233609,Inf,2.22044604925031e-16,0.00025,40,31.3252492120072,1,3054161570,5641072178,38707737,133183058,761368989,44314,10,4,3,1,1,3,212,1,15,16,0,0,0,0,16,38,22,1,0,44,83,1064,1554,1,24,1,1,0,1,2642,40,1280,6000,176000,0.0138333333333333,0.0150113636363636,82,85,34,0,1045,8,0,1373,1156,0,1373,1156,0,0,1053,1053,0,1,63,0.064064,152,111,41,0,63,0.064064,152,111,41,0,1,2002,0.064064,0,11.9880177852316,6.52786636027231,1,971354,0.00025,40,0.000195121324047231,31.3252492120072,0.000730029201168047,0.00146005840233609,11.99546812288,1,0.000898394598964458,0,2.22044604925031e-16,NaN,NaN,NaN,NaN,1,0.15,932950,2137,candidate-elcs-w,63,0.064064,0.00533866666666667,0.274906666666664,1,iid-load15,IID occupancy 15%,iid,0.15,0,0,6260395714,0.148166666666667,3021,0.00117670416942422,1419885,949149,6.8,120,1,10,3,28,16,10,24,46,1,30309084670,5641098089,5641072178,3,54,63,212,1,1,1,1,64,0,124,1,24,0.000768,160125,159595,0,0
witness-confirmed-reactivation-same-seed-development,16082056,n5-6dof-zero-loss,N5 6-DOF zero-loss,EXP23U dynamic envelope,fast-late-delivered,2,8,periodic,Witness-confirmed early reactivation / event 8 s,none,5,ring2,6dof,tdma,1,1,0.15,1,0.48,0.29,0.29,0.0476190476190476,0.0476190476190476,0.0537576764911904,0.527604377519252,0,0,10.1820906221202,12.4948774765545,0,1.03672907038092,0.0957462686567165,0.24,0.337799999999997,0.460000000000001,NaN,NaN,3000,1048,573,0,0,2519,1373,1146,0,0,0,0,0,0,0,0,0,1949,0,0,1,32,32,0,0,0,0,0,0,0,0.382466583937557,0,0,0,0,0,0,0,0,0,0,0.273658666666664,3.21945599999997,0,0,1.778,0,0.656780799999994,47.75,114.416666666667,0,0.0100131612593163,0.0189483396783378,NaN,NaN,0.997672404624804,2519,0,0,0,0,0,0.4052134,0,932950,0,110997400,0,15725691477,tdma,fast-late-delivered,none,local-conflict-witness-leases,none,continuous-elcs-replay,NaN,50,NaN,9.55,8.91666666666667,NaN,NaN,NaN,NaN,NaN,NaN,NaN,NaN,1048,NaN,NaN,NaN,0,0,1,0,NaN,NaN,NaN,NaN,NaN,0,0,NaN,0,0,0.273658666666664,1048,nominal,full,1,0,503484804787,0,0,0,0,0,0,0,0,1,0,0,0,0,0,0,0.170425007720309,1,0,NaN,NaN,5,1,0,0,1,188727642933,1048,1048,0.00146005840233609,0.00453205840233609,Inf,2.22044604925031e-16,0.00025,40,31.3252492120072,1,3047094153,5641072354,38707737,133198665,751717740,44314,10,4,3,1,1,3,212,1,16,17,0,0,0,0,17,39,22,1,0,43,83,1092,1538,1,24,1,1,0,1,2654,40,1280,6000,176000,0.0138333333333333,0.0150795454545455,82,85,36,0,1044,4,0,1373,1146,0,1373,1146,0,0,1048,1048,0,1,63,0.064448,150,111,39,0,63,0.064448,150,111,39,0,1,2014,0.064448,0,11.9880177852316,8.62081237948529,1,1957763,0.00025,40,0.000195121324047231,31.3252492120072,0.000730029201168047,0.00146005840233609,11.99546812288,1,0.000898394598964458,0,2.22044604925031e-16,NaN,NaN,NaN,NaN,1,0.15,932950,2137,candidate-elcs-w,63,0.064448,0.00537066666666667,0.273658666666664,1,iid-load15,IID occupancy 15%,iid,0.15,0,0,6260395714,0.148166666666667,3021,0.00117670416942422,1419885,949149,6.8,120,1,10,3,28,16,10,24,46,1,30309084670,5641098265,5641072354,8,142,151,212,1,1,1,1,153,0,237,1,24,0.000768,161158,159684,0,0
witness-confirmed-reactivation-same-seed-development,16082056,n5-6dof-zero-loss,N5 6-DOF zero-loss,EXP23U dynamic envelope,fast-early-response-blackout,3,3,periodic,Witness-confirmed reactivation / event 3 s / RESPONSE blackout,none,5,ring2,6dof,tdma,1,1,0.15,1,0.48,0.29,0.29,0.0476190476190476,0.0476190476190476,0.0611542734277555,0.520303619648295,0,0,10.1820906221202,12.4948774765545,0,1.03672954192165,0.121583747927031,0.359999999999999,0.720000000000001,0.960000000000001,NaN,NaN,3000,959,527,0,0,2341,1281,1060,0,0,0,0,0,0,0,0,0,2037,0,0,1,32,32,0,0,0,0,0,0,0,0.401162444417485,0,0,0,0,0,0,0,0,0,0,0.295695999999998,2.94604799999997,0,0,1.778,0,0.709670399999995,43.9166666666667,106.75,0,0.00999499777507302,0.0189361795001074,NaN,NaN,0.959224273403906,2341,0,0,0,0,0,0.4501373,0,932950,0,110997400,0,18311907957,tdma,fast-early-response-blackout,none,local-conflict-witness-leases,none,continuous-elcs-replay,NaN,50,NaN,8.78333333333333,5.25,NaN,NaN,NaN,NaN,NaN,NaN,NaN,NaN,959,NaN,NaN,NaN,0,0,1,0,NaN,NaN,NaN,NaN,NaN,0,0,NaN,0,0,0.295695999999998,959,nominal,full,1,0,503484804787,0,0,0,0,0,0,0,0,1,0,0,0,0,0,0,0.170425007720309,1,0,NaN,NaN,5,1,0,0,1,188727642933,959,959,0.00146005840233609,0.00453205840233609,Inf,2.22044604925031e-16,0.00025,40,31.3252492120072,1,5521652959,5641496463,38707737,134446857,1097965594,44314,10,4,3,1,0,3,212,0,164,161,0,0,0,0,350,369,19,1,1,1037,1407,10332,30682,1,24,1,0,1,1,41038,40,1280,6000,176000,0.2345,0.233170454545455,1406,1409,696,0,896,63,0,1281,1060,0,1281,1060,0,0,959,959,0,1,643,0.602303999999999,1602,917,685,0,643,0.602304000000004,1602,917,685,0,1,18822,0.602304,0,11.9829485819875,11.9582127885006,1,1005008,0.00025,40,0.000195121324047231,31.3252492120072,0.000730029201168047,0.00146005840233609,11.99546812288,1,0.000898394598964458,0,2.22044604925031e-16,NaN,NaN,NaN,NaN,1,0.15,932950,2137,candidate-elcs-w,643,0.602304000000004,0.0501920000000003,0.295695999999998,1,iid-load15,IID occupancy 15%,iid,0.15,0,0,6260395714,0.148166666666667,3021,0.00117670416942422,1419885,949149,6.8,120,1,10,3,28,16,10,24,46,1,30309084670,5641731350,5641496463,3,54,63,212,1,1,1,0,NaN,1,124,1,24,0.000768,180836,159530,2,0
witness-confirmed-reactivation-same-seed-development,16082057,n5-6dof-zero-loss,N5 6-DOF zero-loss,EXP23U dynamic envelope,fast-early-delivered,1,3,periodic,Witness-confirmed early reactivation / event 3 s,none,5,ring2,6dof,tdma,1,1,0.15,1,0.48,0.29,0.29,0.0476190476190476,0.0476190476190476,0.0594500441438451,0.523795507847414,0,0,10.1759718510373,12.6992955822958,0,1.03679350860831,0.110514096185738,0.319999999999999,0.44,0.520000000000001,NaN,NaN,3000,1048,507,0,0,2519,1233,1286,0,0,0,0,0,0,0,0,0,1949,0,0,1,32,32,0,0,0,0,0,0,0,0.380821662432559,0,0,0,0,0,0,0,0,0,0,0.272858666666664,3.21945599999997,0,0,1.81199999999994,0,0.654860799999994,42.25,102.75,0,0.00999817346904174,0.0189839803447835,NaN,NaN,0.99038317054846,2519,0,0,0,0,0,0.4220705,0,1028237,0,110997400,0,15671015171,tdma,fast-early-delivered,none,local-conflict-witness-leases,none,continuous-elcs-replay,NaN,50,NaN,8.45,7.33333333333333,NaN,NaN,NaN,NaN,NaN,NaN,NaN,NaN,1048,NaN,NaN,NaN,0,0,1,0,NaN,NaN,NaN,NaN,NaN,0,0,NaN,0,0,0.272858666666664,1048,nominal,full,1,0,503664852853,0,0,0,0,0,0,0,0,1,0,0,0,0,0,0,0.170425007720309,1,0,NaN,NaN,5,1,0,0,1,188690803712,1048,1048,0.00146005840233609,0.00453205840233609,Inf,1.73472347597681e-18,0.00025,40,37.6484289782839,1,3008627307,5627272414,38707737,133178932,749544315,44314,10,4,3,1,1,3,212,1,14,11,0,0,0,0,11,33,22,1,0,41,75,924,1406,1,24,1,1,0,1,2354,40,1280,6000,176000,0.0125,0.013375,69,75,31,0,1046,2,0,1233,1286,0,1233,1286,0,0,1048,1048,0,1,55,0.054848,134,106,28,0,55,0.054848,134,106,28,0,1,1714,0.054848,0,11.988213914933,6.52815623987014,1,1218970,0.00025,40,0.000246763230454514,37.6484289782839,0.000730029201168047,0.00146005840233609,11.99546812288,1,0.00104523135699264,0,1.73472347597681e-18,NaN,NaN,NaN,NaN,1,0.15,1028237,2156,candidate-elcs-w,55,0.054848,0.00457066666666667,0.272858666666664,1,iid-load15,IID occupancy 15%,iid,0.15,0,0,6272882898,0.150999999999995,3048,0.00118897637795276,1419885,949149,6.8,120,1,10,3,28,16,10,24,46,1,30415317105,5630024094,5627272414,3,54,63,212,1,1,1,1,63,0,124,1,24,0.000768,160061,159594,0,0
witness-confirmed-reactivation-same-seed-development,16082057,n5-6dof-zero-loss,N5 6-DOF zero-loss,EXP23U dynamic envelope,fast-late-delivered,2,8,periodic,Witness-confirmed early reactivation / event 8 s,none,5,ring2,6dof,tdma,1,1,0.15,1,0.48,0.29,0.29,0.0476190476190476,0.0476190476190476,0.0595538589099098,0.523532102073231,0,0,10.1759718510373,12.6992955822958,0,1.0367907481254,0.110746268656716,0.319999999999999,0.44,0.520000000000001,NaN,NaN,3000,1048,510,0,0,2519,1239,1280,0,0,0,0,0,0,0,0,0,1949,0,0,1,32,32,0,0,0,0,0,0,0,0.381545111478689,0,0,0,0,0,0,0,0,0,0,0.273477333333331,3.21945599999997,0,0,1.81199999999994,0,0.656345599999994,42.5,103.25,0,0.0099903232925704,0.0190024494191031,NaN,NaN,0.991196981822339,2519,0,0,0,0,0,0.4269872,0,1028237,0,110997400,0,15702249938,tdma,fast-late-delivered,none,local-conflict-witness-leases,none,continuous-elcs-replay,NaN,50,NaN,8.5,7.33333333333333,NaN,NaN,NaN,NaN,NaN,NaN,NaN,NaN,1048,NaN,NaN,NaN,0,0,1,0,NaN,NaN,NaN,NaN,NaN,0,0,NaN,0,0,0.273477333333331,1048,nominal,full,1,0,503664852853,0,0,0,0,0,0,0,0,1,0,0,0,0,0,0,0.170425007720309,1,0,NaN,NaN,5,1,0,0,1,188690803712,1048,1048,0.00146005840233609,0.00453205840233609,Inf,1.73472347597681e-18,0.00025,40,37.6484289782839,1,3040374144,5629690939,38707737,133198443,752730913,44314,10,4,3,1,1,3,212,1,16,13,0,0,0,0,13,35,22,1,0,47,83,980,1582,1,24,1,1,0,1,2586,40,1280,6000,176000,0.0138333333333333,0.0146931818181818,77,83,35,0,1044,4,0,1239,1280,0,1239,1280,0,0,1048,1048,0,1,63,0.062272,154,113,41,0,63,0.062272,154,113,41,0,1,1946,0.062272,0,11.988213914933,8.62106632354628,1,1109842,0.00025,40,0.000246763230454514,37.6484289782839,0.000730029201168047,0.00146005840233609,11.99546812288,1,0.000960611982005588,0,1.73472347597681e-18,NaN,NaN,NaN,NaN,1,0.15,1028237,2155,candidate-elcs-w,63,0.062272,0.00518933333333333,0.273477333333331,1,iid-load15,IID occupancy 15%,iid,0.15,0,0,6272882898,0.150999999999995,3048,0.00118897637795276,1419885,949149,6.8,120,1,10,3,28,16,10,24,46,1,30415317105,5630024270,5629690939,8,142,151,212,1,1,1,1,153,0,235,1,24,0.000768,161158,159684,0,0
witness-confirmed-reactivation-same-seed-development,16082057,n5-6dof-zero-loss,N5 6-DOF zero-loss,EXP23U dynamic envelope,fast-early-response-blackout,3,3,periodic,Witness-confirmed reactivation / event 3 s / RESPONSE blackout,none,5,ring2,6dof,tdma,1,1,0.15,1,0.48,0.29,0.29,0.0476190476190476,0.0476190476190476,0.0625448501652498,0.52124886014519,0,0,10.1759718510373,12.6992955822958,0,1.03678979212537,0.133167495854063,0.388999999999996,0.720000000000001,0.960000000000001,NaN,NaN,3000,958,471,0,0,2339,1161,1178,0,0,0,0,0,0,0,0,0,2038,0,0,1,32,32,0,0,0,0,0,0,0,0.401204083450289,0,0,0,0,0,0,0,0,0,0,0.295183999999998,2.94297599999997,0,0,1.81199999999994,0,0.708441599999995,39.25,96.75,0,0.0100151322231049,0.0189576713818614,NaN,NaN,0.955449318431423,2339,0,0,0,0,0,0.3639351,0,1028237,0,110997400,0,18278051061,tdma,fast-early-response-blackout,none,local-conflict-witness-leases,none,continuous-elcs-replay,NaN,50,NaN,7.85,4.83333333333333,NaN,NaN,NaN,NaN,NaN,NaN,NaN,NaN,958,NaN,NaN,NaN,0,0,1,0,NaN,NaN,NaN,NaN,NaN,0,0,NaN,0,0,0.295183999999998,958,nominal,full,1,0,503664852853,0,0,0,0,0,0,0,0,1,0,0,0,0,0,0,0.170425007720309,1,0,NaN,NaN,5,1,0,0,1,188690803712,958,958,0.00146005840233609,0.00453205840233609,Inf,1.73472347597681e-18,0.00025,40,37.6484289782839,1,5483056434,5627013806,38707737,134446995,1099640718,44314,10,4,3,1,0,3,212,0,164,159,0,0,0,0,348,367,19,1,1,1037,1405,10276,30642,1,24,1,0,1,1,40942,40,1280,6000,176000,0.234166666666667,0.232625,1399,1405,695,0,896,62,0,1161,1178,0,1161,1178,0,0,958,958,0,1,641,0.599231999999999,1598,927,671,0,641,0.599232000000004,1598,927,671,0,1,18726,0.599232,0,11.9831161341625,11.9584094299488,1,955323,0.00025,40,0.000246763230454514,37.6484289782839,0.000730029201168047,0.00146005840233609,11.99546812288,1,0.000826442448966347,0,1.73472347597681e-18,NaN,NaN,NaN,NaN,1,0.15,1028237,2156,candidate-elcs-w,641,0.599232000000004,0.0499360000000003,0.295183999999998,1,iid-load15,IID occupancy 15%,iid,0.15,0,0,6272882898,0.150999999999995,3048,0.00118897637795276,1419885,949149,6.8,120,1,10,3,28,16,10,24,46,1,30415317105,5629565684,5627013806,3,54,63,212,1,1,1,0,NaN,1,124,1,24,0.000768,180836,159530,2,0
witness-confirmed-reactivation-same-seed-development,16082058,n5-6dof-zero-loss,N5 6-DOF zero-loss,EXP23U dynamic envelope,fast-early-delivered,1,3,periodic,Witness-confirmed early reactivation / event 3 s,none,5,ring2,6dof,tdma,1,1,0.15,1,0.48,0.29,0.29,0.0476190476190476,0.0476190476190476,0.0553054752271458,0.52170824074172,0,0,10.4876902772504,12.5504286726703,0,1.03679702874087,0.0889054726368158,0.219999999999999,0.34,0.579999999999998,NaN,NaN,3000,1045,557,0,0,2512,1334,1178,0,0,0,0,0,0,2,0.00191387559808612,0,1952,0,0,1,32,32,0,0,0,0,0,0,0,0.384655333936608,0,0,0,0,0,0,0,0,0,0,0.275439999999997,3.21023999999997,0,0,1.791,0,0.661055999999994,46.4166666666667,111.166666666667,0,0.00998395303815125,0.018890756562503,NaN,NaN,0.998371707615324,2512,0,0,0,0,0,0.3700517,0,1796808,0,110997400,0,15804547082,tdma,fast-early-delivered,none,local-conflict-witness-leases,none,continuous-elcs-replay,NaN,50,NaN,9.28333333333333,8.75,NaN,NaN,NaN,NaN,NaN,NaN,NaN,NaN,1045,NaN,NaN,NaN,0,0,1,2,NaN,NaN,NaN,NaN,NaN,0,0,NaN,0,0,0.275439999999997,1045,nominal,full,1,0,503057752124,0,0,0,0,0,0,0,0,1,0,0,0,0,0,0,0.226990000560022,1,0,NaN,NaN,5,1,0,0,1,188683321627,1045,1045,0.00146005840233609,0.00453205840233609,Inf,1.38777878078145e-17,0.00025,40,34.8999557975022,1,3168267697,5692676538,38707737,133195147,769418700,44314,10,4,3,1,1,4,212,1,23,26,1,0,0,1,26,48,22,1,0,67,116,1344,2242,1,24,1,1,0,1,3610,40,1280,6000,176000,0.0193333333333333,0.0205113636363636,117,117,50,0,1037,8,2,1334,1174,4,1334,1174,4,0,1045,1045,0,1,96,0.09504,231,156,75,0,96,0.0950399999999999,231,156,75,0,1,2970,0.09504,0,11.9879637011505,6.58438105496528,1,582325,0.00025,40,0.000243281038283124,34.8999557975022,0.000730029201168047,0.00146005840233609,11.99546812288,1,0.000928036924266351,0.000200018246644368,1.38777878078145e-17,NaN,NaN,NaN,NaN,1,0.15,1796808,2087,candidate-elcs-w,96,0.0950399999999999,0.00791999999999999,0.275439999999997,1,iid-load15,IID occupancy 15%,iid,0.15,0,0,6316400703,0.14925,3041,0.00117751479289941,1419885,949149,6.8,120,1,10,3,28,16,10,24,46,1,30402323225,5693042887,5692676538,3,54,63,212,1,1,1,1,68,0,125,1,24,0.000768,160391,159599,0,0
witness-confirmed-reactivation-same-seed-development,16082058,n5-6dof-zero-loss,N5 6-DOF zero-loss,EXP23U dynamic envelope,fast-late-delivered,2,8,periodic,Witness-confirmed early reactivation / event 8 s,none,5,ring2,6dof,tdma,1,1,0.15,1,0.48,0.29,0.29,0.0476190476190476,0.0476190476190476,0.0563610207874772,0.519388274141669,0,0,10.4876902772504,12.5504286726703,0,1.03679762619645,0.0931011608623548,0.239999999999998,0.419999999999999,0.579999999999998,NaN,NaN,3000,1047,556,0,0,2516,1332,1184,0,0,0,0,0,0,2,0.00191021967526266,0,1950,0,0,1,32,32,0,0,0,0,0,0,0,0.384720203096832,0,0,0,0,0,0,0,0,0,0,0.275333333333331,3.21638399999997,0,0,1.791,0,0.660799999999994,46.3333333333333,111,0,0.00998463811529708,0.0188899910509747,NaN,NaN,0.998501291989664,2516,0,0,0,0,0,0.4505838,0,1796808,0,110997400,0,15807958449,tdma,fast-late-delivered,none,local-conflict-witness-leases,none,continuous-elcs-replay,NaN,50,NaN,9.26666666666667,8.75,NaN,NaN,NaN,NaN,NaN,NaN,NaN,NaN,1047,NaN,NaN,NaN,0,0,1,2,NaN,NaN,NaN,NaN,NaN,0,0,NaN,0,0,0.275333333333331,1047,nominal,full,1,0,503057752124,0,0,0,0,0,0,0,0,1,0,0,0,0,0,0,0.226990000560022,1,0,NaN,NaN,5,1,0,0,1,188683321627,1047,1047,0.00146005840233609,0.00453205840233609,Inf,1.38777878078145e-17,0.00025,40,34.8999557975022,1,3151101620,5690063340,38707737,133198436,760258458,44314,10,4,3,1,1,4,212,1,21,24,1,0,0,1,24,46,22,1,0,61,108,1288,2066,1,24,1,1,0,1,3378,40,1280,6000,176000,0.018,0.0191931818181818,109,109,46,0,1039,8,2,1332,1180,4,1332,1180,4,0,1047,1047,0,1,88,0.087616,211,142,69,0,88,0.087616,211,142,69,0,1,2738,0.087616,0,11.9879637011505,8.67732603996252,1,1193605,0.00025,40,0.000243281038283124,34.8999557975022,0.000730029201168047,0.00146005840233609,11.99546812288,1,0.000928036924266351,0.000200018246644368,1.38777878078145e-17,NaN,NaN,NaN,NaN,1,0.15,1796808,2088,candidate-elcs-w,88,0.087616,0.00730133333333333,0.275333333333331,1,iid-load15,IID occupancy 15%,iid,0.15,0,0,6316400703,0.14925,3041,0.00117751479289941,1419885,949149,6.8,120,1,10,3,28,16,10,24,46,1,30402323225,5693043063,5690063340,8,142,151,212,1,1,1,1,154,0,238,1,24,0.000768,161312,159685,0,0
witness-confirmed-reactivation-same-seed-development,16082058,n5-6dof-zero-loss,N5 6-DOF zero-loss,EXP23U dynamic envelope,fast-early-response-blackout,3,3,periodic,Witness-confirmed reactivation / event 3 s / RESPONSE blackout,none,5,ring2,6dof,tdma,1,1,0.15,1,0.48,0.29,0.29,0.0476190476190476,0.0476190476190476,0.062024371274641,0.514856380450076,0,0,10.4876902772504,12.5504286726703,0,1.03678525222134,0.125323383084577,0.44,0.66,0.84,NaN,NaN,3000,953,495,0,0,2328,1210,1118,0,0,0,0,0,0,2,0.00209863588667366,0,2043,0,0,1,32,32,0,0,0,0,0,0,0,0.398756073401857,0,0,0,0,0,0,0,0,0,0,0.295194666666665,2.92761599999997,0,0,1.791,0,0.708467199999995,41.25,100.833333333333,0,0.0100693084008828,0.0189026897753835,NaN,NaN,0.949506888066497,2328,0,0,0,0,0,0.6561068,0,1796808,0,110997400,0,18378099754,tdma,fast-early-response-blackout,none,local-conflict-witness-leases,none,continuous-elcs-replay,NaN,50,NaN,8.25,4.5,NaN,NaN,NaN,NaN,NaN,NaN,NaN,NaN,953,NaN,NaN,NaN,0,0,1,2,NaN,NaN,NaN,NaN,NaN,0,0,NaN,0,0,0.295194666666665,953,nominal,full,1,0,503057752124,0,0,0,0,0,0,0,0,1,0,0,0,0,0,0,0.226990000560022,1,0,NaN,NaN,5,1,0,0,1,188683321627,953,953,0.00146005840233609,0.00453205840233609,Inf,1.38777878078145e-17,0.00025,40,34.8999557975022,1,5536188245,5692221224,38707737,134442427,1096452512,44314,10,4,3,1,0,4,212,0,168,167,1,0,0,1,356,374,18,1,1,1045,1420,10472,30930,1,24,1,0,1,1,41426,40,1280,6000,176000,0.236666666666667,0.235375,1421,1421,702,0,892,61,2,1210,1114,4,1210,1114,4,0,953,953,0,1,656,0.614719999999999,1631,896,735,0,656,0.614720000000004,1631,896,735,0,1,19210,0.61472,0,11.9839373412399,11.9581587191474,1,1117712,0.00025,40,0.000243281038283124,34.8999557975022,0.000730029201168047,0.00146005840233609,11.99546812288,1,0.000928036924266351,0.000200018246644368,1.38777878078145e-17,NaN,NaN,NaN,NaN,1,0.15,1796808,2087,candidate-elcs-w,656,0.614720000000004,0.051226666666667,0.295194666666665,1,iid-load15,IID occupancy 15%,iid,0.15,0,0,6316400703,0.14925,3041,0.00117751479289941,1419885,949149,6.8,120,1,10,3,28,16,10,24,46,1,30402323225,5692443812,5692221224,3,54,63,212,1,1,1,0,NaN,1,125,1,24,0.000768,180836,159530,2,0
witness-confirmed-reactivation-same-seed-development,16082059,n5-6dof-zero-loss,N5 6-DOF zero-loss,EXP23U dynamic envelope,fast-early-delivered,1,3,periodic,Witness-confirmed early reactivation / event 3 s,none,5,ring2,6dof,tdma,1,1,0.15,1,0.48,0.29,0.29,0.0476190476190476,0.0476190476190476,0.0569353730493107,0.52081622953987,0,0,10.5605683295704,12.6475075566919,0,1.03661005881419,0.10228855721393,0.300000000000001,0.5,0.66,NaN,NaN,3000,1052,561,0,0,2527,1344,1183,0,0,0,0,0,0,2,0.00190114068441065,0,1945,0,0,1,32,32,0,0,0,0,0,0,0,0.386319151885407,0,0,0,0,0,0,0,0,0,0,0.273941333333331,3.23174399999997,0,0,1.84099999999998,0,0.657459199999994,46.75,112,0,0.0100014547600645,0.0189325286657652,NaN,NaN,0.999701411940346,2527,0,0,0,0,0,0.680255,0,818236,0,110997400,0,15744912408,tdma,fast-early-delivered,none,local-conflict-witness-leases,none,continuous-elcs-replay,NaN,50,NaN,9.35,9.08333333333333,NaN,NaN,NaN,NaN,NaN,NaN,NaN,NaN,1052,NaN,NaN,NaN,0,0,1,2,NaN,NaN,NaN,NaN,NaN,0,0,NaN,0,0,0.273941333333331,1052,nominal,full,1,0,503719338069,0,0,0,0,0,0,0,0,1,0,0,0,0,0,0,0.226990000560022,1,0,NaN,NaN,5,1,0,0,1,188607382057,1052,1052,0.00146005840233609,0.00453205840233609,Inf,1.38777878078145e-17,0.00025,40,36.6376557777519,1,3047022730,5615714921,38707737,133177768,755457486,44314,10,4,3,1,1,4,212,1,15,13,1,0,0,1,13,34,21,1,0,40,75,952,1400,1,24,1,1,0,1,2376,40,1280,6000,176000,0.0125,0.0135,73,76,30,0,1045,7,2,1344,1181,2,1344,1181,2,0,1052,1052,0,1,55,0.055552,134,96,38,0,55,0.055552,134,96,38,0,1,1736,0.055552,0,11.9877532472067,6.47117735558404,1,1481575,0.00025,40,0.000239169185052295,36.6376557777519,0.000730029201168047,0.00146005840233609,11.99546812288,1,0.00127525188257849,3.92049320332225e-05,1.38777878078145e-17,NaN,NaN,NaN,NaN,1,0.15,818236,2128,candidate-elcs-w,55,0.055552,0.00462933333333333,0.273941333333331,1,iid-load15,IID occupancy 15%,iid,0.15,0,0,6302953860,0.153416666666665,3124,0.0011786171574904,1419885,949149,6.8,120,1,10,3,28,16,10,24,46,1,30539722758,5616183149,5615714921,3,54,63,212,1,1,1,1,63,0,123,1,24,0.000768,160061,159594,0,0
witness-confirmed-reactivation-same-seed-development,16082059,n5-6dof-zero-loss,N5 6-DOF zero-loss,EXP23U dynamic envelope,fast-late-delivered,2,8,periodic,Witness-confirmed early reactivation / event 8 s,none,5,ring2,6dof,tdma,1,1,0.15,1,0.48,0.29,0.29,0.0476190476190476,0.0476190476190476,0.0570650171885828,0.520597349204071,0,0,10.5605683295704,12.6475075566919,0,1.03660988520816,0.103200663349917,0.300000000000001,0.5,0.66,NaN,NaN,3000,1051,561,0,0,2525,1344,1181,0,0,0,0,0,0,2,0.00190294957183635,0,1946,0,0,1,32,32,0,0,0,0,0,0,0,0.387237890547317,0,0,0,0,0,0,0,0,0,0,0.274783999999997,3.22867199999997,0,0,1.84099999999998,0,0.659481599999994,46.75,112,0,0.00999191714578091,0.0189327835398303,NaN,NaN,0.999701411940346,2525,0,0,0,0,0,0.6474452,0,818236,0,110997400,0,15787754132,tdma,fast-late-delivered,none,local-conflict-witness-leases,none,continuous-elcs-replay,NaN,50,NaN,9.35,9.08333333333333,NaN,NaN,NaN,NaN,NaN,NaN,NaN,NaN,1051,NaN,NaN,NaN,0,0,1,2,NaN,NaN,NaN,NaN,NaN,0,0,NaN,0,0,0.274783999999997,1051,nominal,full,1,0,503719338069,0,0,0,0,0,0,0,0,1,0,0,0,0,0,0,0.226990000560022,1,0,NaN,NaN,5,1,0,0,1,188607382057,1051,1051,0.00146005840233609,0.00453205840233609,Inf,1.38777878078145e-17,0.00025,40,36.6376557777519,1,3088111639,5616793894,38707737,133205693,761297655,44314,10,4,3,1,1,4,212,1,19,17,1,0,0,1,17,38,21,1,0,50,89,1064,1700,1,24,1,1,0,1,2788,40,1280,6000,176000,0.0148333333333333,0.0158409090909091,87,90,38,0,1041,10,2,1344,1179,2,1344,1179,2,0,1051,1051,0,1,69,0.068736,168,119,49,0,69,0.068736,168,119,49,0,1,2148,0.068736,0,11.9877532472067,8.73376360718657,1,1763135,0.00025,40,0.000239169185052295,36.6376557777519,0.000730029201168047,0.00146005840233609,11.99546812288,1,0.00127525188257849,3.92049320332225e-05,1.38777878078145e-17,NaN,NaN,NaN,NaN,1,0.15,818236,2127,candidate-elcs-w,69,0.068736,0.005728,0.274783999999997,1,iid-load15,IID occupancy 15%,iid,0.15,0,0,6302953860,0.153416666666665,3124,0.0011786171574904,1419885,949149,6.8,120,1,10,3,28,16,10,24,46,1,30539722758,5616183325,5616793894,8,142,151,212,1,1,1,1,155,0,236,1,24,0.000768,161467,159686,0,0
witness-confirmed-reactivation-same-seed-development,16082059,n5-6dof-zero-loss,N5 6-DOF zero-loss,EXP23U dynamic envelope,fast-early-response-blackout,3,3,periodic,Witness-confirmed reactivation / event 3 s / RESPONSE blackout,none,5,ring2,6dof,tdma,1,1,0.15,1,0.48,0.29,0.29,0.0476190476190476,0.0476190476190476,0.0620821589486075,0.516317456584835,0,0,10.5605683295704,12.6475075566919,0,1.03660767310026,0.122470978441128,0.379999999999999,0.56,0.66,NaN,NaN,3000,951,511,0,0,2325,1244,1081,0,0,0,0,0,0,2,0.00210304942166141,0,2045,0,0,1,32,32,0,0,0,0,0,0,0,0.402049143535739,0,0,0,0,0,0,0,0,0,0,0.293557333333331,2.92147199999997,0,0,1.84099999999998,0,0.704537599999995,42.5833333333333,103.666666666667,0,0.00998654981780229,0.0189462397607052,NaN,NaN,0.964204346140354,2325,0,0,0,0,0,0.6599048,0,818236,0,110997400,0,18238324843,tdma,fast-early-response-blackout,none,local-conflict-witness-leases,none,continuous-elcs-replay,NaN,50,NaN,8.51666666666667,5.25,NaN,NaN,NaN,NaN,NaN,NaN,NaN,NaN,951,NaN,NaN,NaN,0,0,1,2,NaN,NaN,NaN,NaN,NaN,0,0,NaN,0,0,0.293557333333331,951,nominal,full,1,0,503719338069,0,0,0,0,0,0,0,0,1,0,0,0,0,0,0,0.226990000560022,1,0,NaN,NaN,5,1,0,0,1,188607382057,951,951,0.00146005840233609,0.00453205840233609,Inf,1.38777878078145e-17,0.00025,40,36.6376557777519,1,5489876189,5615978673,38707737,134445831,1083894595,44314,10,4,3,1,0,4,212,0,165,160,1,0,0,1,349,367,18,1,1,1039,1407,10276,30704,1,24,1,0,1,1,41004,40,1280,6000,176000,0.2345,0.232977272727273,1405,1408,696,0,895,56,2,1244,1079,2,1244,1079,2,0,951,951,0,1,643,0.601215999999999,1604,888,716,0,643,0.601216000000004,1604,888,716,0,1,18788,0.601216,0,11.9833336083727,11.9579490157202,1,1826494,0.00025,40,0.000239169185052295,36.6376557777519,0.000730029201168047,0.00146005840233609,11.99546812288,1,0.00127525188257849,3.92049320332225e-05,1.38777878078145e-17,NaN,NaN,NaN,NaN,1,0.15,818236,2128,candidate-elcs-w,643,0.601216000000004,0.0501013333333336,0.293557333333331,1,iid-load15,IID occupancy 15%,iid,0.15,0,0,6302953860,0.153416666666665,3124,0.0011786171574904,1419885,949149,6.8,120,1,10,3,28,16,10,24,46,1,30539722758,5617108801,5615978673,3,54,63,212,1,1,1,0,NaN,1,123,1,24,0.000768,180836,159530,2,0
witness-confirmed-reactivation-same-seed-development,16082060,n5-6dof-zero-loss,N5 6-DOF zero-loss,EXP23U dynamic envelope,fast-early-delivered,1,3,periodic,Witness-confirmed early reactivation / event 3 s,none,5,ring2,6dof,tdma,1,1,0.15,1,0.48,0.29,0.29,0.0476190476190476,0.0476190476190476,0.0581882655116612,0.520269004967585,0,0,10.3051169648731,12.6837105665719,0,1.03674369332545,0.0957213930348257,0.24,0.359999999999999,0.459999999999999,NaN,NaN,3000,1051,527,0,0,2526,1264,1262,0,0,0,0,0,0,0,0,0,1946,0,0,1,32,32,0,0,0,0,0,0,0,0.383476322199515,0,0,0,0,0,0,0,0,0,0,0.272613333333331,3.22867199999997,0,0,1.855,0,0.654271999999994,43.9166666666667,105.333333333333,0,0.0100300031439538,0.0189803675504581,NaN,NaN,0.997607715655813,2526,0,0,0,0,0,0.703525400000001,0,556559,0,110997400,0,15666437910,tdma,fast-early-delivered,none,local-conflict-witness-leases,none,continuous-elcs-replay,NaN,50,NaN,8.78333333333333,8.25,NaN,NaN,NaN,NaN,NaN,NaN,NaN,NaN,1051,NaN,NaN,NaN,0,0,1,0,NaN,NaN,NaN,NaN,NaN,0,0,NaN,0,0,0.272613333333331,1051,nominal,full,1,0,503278120935,0,0,0,0,0,0,0,0,1,0,0,0,0,0,0,0.113860014880595,1,0,NaN,NaN,5,1,0,0,1,188563963984,1051,1051,0.00146005840233609,0.00453205840233609,Inf,1.73472347597681e-18,0.00025,40,31.4984336234489,1,2985589166,5654164394,38707737,133186479,751637361,44314,10,4,3,1,1,2,212,1,12,7,0,0,0,0,7,29,22,1,0,33,63,812,1138,1,24,1,1,0,1,1974,40,1280,6000,176000,0.0105,0.0112159090909091,59,61,27,0,1048,3,0,1264,1262,0,1264,1262,0,0,1051,1051,0,1,43,0.042688,102,84,18,0,43,0.042688,102,84,18,0,1,1334,0.042688,0,11.9876822571194,6.47113766779538,1,1263635,0.00025,40,0.000154857996562096,31.4984336234489,0.000730029201168047,0.00146005840233609,11.99546812288,1,0.00109460734162603,0,1.73472347597681e-18,NaN,NaN,NaN,NaN,1,0.15,556559,2121,candidate-elcs-w,43,0.042688,0.00355733333333333,0.272613333333331,1,iid-load15,IID occupancy 15%,iid,0.15,0,0,6274228346,0.154583333333333,3134,0.00118379068283344,1419885,949149,6.8,120,1,10,3,28,16,10,24,46,1,30438913992,5654790742,5654164394,3,54,63,212,1,1,1,1,64,0,123,1,24,0.000768,160125,159595,0,0
witness-confirmed-reactivation-same-seed-development,16082060,n5-6dof-zero-loss,N5 6-DOF zero-loss,EXP23U dynamic envelope,fast-late-delivered,2,8,periodic,Witness-confirmed early reactivation / event 8 s,none,5,ring2,6dof,tdma,1,1,0.15,1,0.48,0.29,0.29,0.0476190476190476,0.0476190476190476,0.0589992179625193,0.519362258706531,0,0,10.3051169648731,12.6837105665719,0,1.03673542648,0.0981757877280264,0.26,0.379999999999999,0.48,NaN,NaN,3000,1050,532,0,0,2524,1274,1250,0,0,0,0,0,0,0,0,0,1947,0,0,1,32,32,0,0,0,0,0,0,0,0.384112177955762,0,0,0,0,0,0,0,0,0,0,0.272666666666664,3.22559999999997,0,0,1.855,0,0.654399999999994,44.3333333333333,106.166666666667,0,0.0100143007237792,0.0189820228167906,NaN,NaN,0.998250564334086,2524,0,0,0,0,0,0.6981323,0,556559,0,110997400,0,15689656752,tdma,fast-late-delivered,none,local-conflict-witness-leases,none,continuous-elcs-replay,NaN,50,NaN,8.86666666666667,8.25,NaN,NaN,NaN,NaN,NaN,NaN,NaN,NaN,1050,NaN,NaN,NaN,0,0,1,0,NaN,NaN,NaN,NaN,NaN,0,0,NaN,0,0,0.272666666666664,1050,nominal,full,1,0,503278120935,0,0,0,0,0,0,0,0,1,0,0,0,0,0,0,0.113860014880595,1,0,NaN,NaN,5,1,0,0,1,188563963984,1050,1050,0.00146005840233609,0.00453205840233609,Inf,1.73472347597681e-18,0.00025,40,31.4984336234489,1,2998831220,5654164570,38707737,133202086,750469653,44314,10,4,3,1,1,2,212,1,13,8,0,0,0,0,8,30,22,1,0,36,67,840,1226,1,24,1,1,0,1,2090,40,1280,6000,176000,0.0111666666666667,0.011875,63,65,29,0,1047,3,0,1274,1250,0,1274,1250,0,0,1050,1050,0,1,47,0.0464,112,88,24,0,47,0.0464,112,88,24,0,1,1450,0.0464,0,11.9876822571194,8.62058241031325,1,1844291,0.00025,40,0.000154857996562096,31.4984336234489,0.000730029201168047,0.00146005840233609,11.99546812288,1,0.00109460734162603,0,1.73472347597681e-18,NaN,NaN,NaN,NaN,1,0.15,556559,2121,candidate-elcs-w,47,0.0464,0.00386666666666667,0.272666666666664,1,iid-load15,IID occupancy 15%,iid,0.15,0,0,6274228346,0.154583333333333,3134,0.00118379068283344,1419885,949149,6.8,120,1,10,3,28,16,10,24,46,1,30438913992,5654790918,5654164570,8,142,151,212,1,1,1,1,153,0,236,1,24,0.000768,161158,159684,0,0
witness-confirmed-reactivation-same-seed-development,16082060,n5-6dof-zero-loss,N5 6-DOF zero-loss,EXP23U dynamic envelope,fast-early-response-blackout,3,3,periodic,Witness-confirmed reactivation / event 3 s / RESPONSE blackout,none,5,ring2,6dof,tdma,1,1,0.15,1,0.48,0.29,0.29,0.0476190476190476,0.0476190476190476,0.0744066791414653,0.499059997856763,0,0,10.3051169648731,12.6837105665719,0,1.03675225967687,0.153067993366501,0.6,1.24,1.36,NaN,NaN,3000,956,475,0,0,2336,1160,1176,0,0,0,0,0,0,0,0,0,2040,0,0,1,32,32,0,0,0,0,0,0,0,0.401801903730219,0,0,0,0,0,0,0,0,0,0,0.293455999999998,2.93683199999997,0,0,1.855,0,0.704294399999995,39.5833333333333,96.6666666666667,0,0.00996532496250196,0.0189770916499129,NaN,NaN,0.940437238188525,2336,0,0,0,0,0,0.6963963,0,556559,0,110997400,0,18154554994,tdma,fast-early-response-blackout,none,local-conflict-witness-leases,none,continuous-elcs-replay,NaN,50,NaN,7.91666666666667,4,NaN,NaN,NaN,NaN,NaN,NaN,NaN,NaN,956,NaN,NaN,NaN,0,0,1,0,NaN,NaN,NaN,NaN,NaN,0,0,NaN,0,0,0.293455999999998,956,nominal,full,1,0,503278120935,0,0,0,0,0,0,0,0,1,0,0,0,0,0,0,0.113860014880595,1,0,NaN,NaN,5,1,0,0,1,188563963984,956,956,0.00146005840233609,0.00453205840233609,Inf,1.73472347597681e-18,0.00025,40,31.4984336234489,1,5468012998,5654096615,38707737,134450183,1087529400,44314,10,4,3,1,0,2,212,0,161,154,0,0,0,0,343,361,18,1,1,1029,1391,10108,30354,1,24,1,0,1,1,40486,40,1280,6000,176000,0.231833333333333,0.230034090909091,1387,1389,691,0,899,57,0,1160,1176,0,1160,1176,0,0,956,956,0,1,627,0.584639999999999,1562,888,674,0,627,0.584640000000003,1562,888,674,0,1,18270,0.58464,0,11.9833381486598,11.9578781947489,1,1048952,0.00025,40,0.000154857996562096,31.4984336234489,0.000730029201168047,0.00146005840233609,11.99546812288,1,0.00109460734162603,0,1.73472347597681e-18,NaN,NaN,NaN,NaN,1,0.15,556559,2121,candidate-elcs-w,627,0.584640000000003,0.0487200000000002,0.293455999999998,1,iid-load15,IID occupancy 15%,iid,0.15,0,0,6274228346,0.154583333333333,3134,0.00118379068283344,1419885,949149,6.8,120,1,10,3,28,16,10,24,46,1,30438913992,5655002407,5654096615,3,54,63,212,1,1,1,0,NaN,1,123,1,24,0.000768,180836,159530,2,0
