seed,scenario,scenarioLabel,condition,conditionLabel,conditionKind,N,BASE_TRACE_HASH_EXACT,CONDITION_TRACE_HASH_EXACT,CONFIG_HASH,REALIZATION_HASH,SCHEDULE_STATE_HASH,BLACKOUT_OWNER,BLACKOUT_CLIENT,BLACKOUT_OWNER_LOCK_EXPIRY,BLACKOUT_CLIENT_GRANT_EXPIRY,BLACKOUT_CLIENT_FINAL_ACTIVE,RECONFIGURATION_TARGET_CLIENT,RECONFIGURATION_TARGET_SLOT,FINAL_ALL_CERTIFIED,FINAL_SCHEDULED_COLLISION_FREE,FIRST_ALL_CERTIFIED_FRAME,CERTIFIED_NODE_FRAME_FRACTION,FALSE_VALID_EDGE_FRAMES,OWNER_LOCK_VIOLATIONS,STALE_GRANT_ACCEPTS,FUTURE_GRANT_ACCEPTS,RECONFIGURATION_APPLIED_FRAME,RECONFIGURATION_RELEASE_FENCE,RECOVERY_FRAME,AUTOMATIC_RECOLOR_COUNT,STATUS_ATTEMPTS,GRANT_ATTEMPTS,DISCOVERY_STATUS_ATTEMPTS,REQUEST_STATUS_ATTEMPTS,GRANT_WITHOUT_DECODED_REQUEST,CONTROL_ATTEMPT_BOUND,CONTROL_BOUND_RATIO,GRANT_ENTRIES_ATTEMPTED,CONTROL_ATTEMPTS,MANAGEMENT_RECIPIENT_ATTEMPTS,MANAGEMENT_RECIPIENT_SUCCESS,MANAGEMENT_RECIPIENT_ERASURE,MANAGEMENT_RECIPIENT_COLLISION,SCHEDULED_ATTEMPTS,FALLBACK_ATTEMPTS,SCHEDULED_RECIPIENT_ATTEMPTS,SCHEDULED_RECIPIENT_SUCCESS,SCHEDULED_RECIPIENT_ERASURE,SCHEDULED_RECIPIENT_COLLISION,FALLBACK_RECIPIENT_ATTEMPTS,FALLBACK_RECIPIENT_SUCCESS,FALLBACK_RECIPIENT_ERASURE,FALLBACK_RECIPIENT_COLLISION,SCHEDULED_COLLISION_FRAMES,FALLBACK_COLLISION_FRAMES,MAX_FALLBACK_ATTEMPTS_PER_NODE_FRAME,OFFERED_UTILIZATION,CHANNEL_UTILIZATION,ACCOUNTING_CLOSES,FUTURE_RANDOM_READS,RECEIVER_TRUTH_READS
16050001,n5-6dof,N5 6-DOF graph,zero,Zero loss,native,5,30406091854,30406091854,1062327,491162,176806773,NaN,NaN,NaN,NaN,NaN,3,3,1,1,5,0.995,0,0,0,0,NaN,NaN,NaN,0,213,310,89,124,0,534,0.97940074906367,310,523,2092,2092,0,0,1990,3,4777,4777,0,0,6,4,0,2,0,2,1,0.406728830104567,0.406541166848598,1,0,0
16050001,n5-6dof,N5 6-DOF graph,data-erasure-5,DATA erasure 5%,data-separation,5,30406091854,30406091854,1718197,491162,176806773,NaN,NaN,NaN,NaN,NaN,3,3,1,1,5,0.995,0,0,0,0,NaN,NaN,NaN,0,213,310,89,124,0,534,0.97940074906367,310,523,2092,2092,0,0,1990,3,4777,4538,239,0,6,4,0,2,0,2,1,0.406728830104567,0.406541166848598,1,0,0
16050001,n5-6dof,N5 6-DOF graph,management-erasure-5,Management erasure 5%,control-loss,5,30406091854,30406091854,1386693,487264,175316743,NaN,NaN,NaN,NaN,NaN,3,3,1,1,18,0.9755,0,0,0,0,NaN,NaN,NaN,0,238,279,88,150,0,534,0.968164794007491,354,517,2068,1957,111,0,1951,12,4686,4686,0,0,23,19,0,4,0,4,1,0.400723605913543,0.400160616145635,1,0,0
16050001,n5-6dof,N5 6-DOF graph,local-management,Local management reach,visibility-boundary,5,30406091854,30406091854,1061873,574373,137611490,NaN,NaN,NaN,NaN,NaN,3,3,0,1,NaN,0.3995,0,0,0,0,NaN,NaN,NaN,0,68,31,37,31,0,534,0.185393258426966,31,99,249,249,0,0,799,411,1998,1998,0,0,860,776,0,84,0,84,1,0.233265427170091,0.220504325764165,1,0,0
16050001,n5-6dof,N5 6-DOF graph,directed-grant-blackout,Directed GRANT blackout,grant-loss-witness,5,30406091854,20692473922,1160268,985515,175440741,1,2,421,0,0,3,3,0,1,NaN,0.7955,0,0,0,0,NaN,NaN,NaN,0,564,585,72,492,0,534,2.15168539325843,678,1149,4596,4197,399,0,1591,139,3979,3979,0,0,278,274,0,4,0,4,1,0.396532459863558,0.396157133351619,1,0,0
16050001,n5-6dof,N5 6-DOF graph,state-loss,Local client state loss,rejoin-boundary,5,30406091854,30406091854,1062446,492141,176900190,NaN,NaN,NaN,NaN,NaN,3,3,1,1,5,0.994,0,0,0,0,NaN,NaN,2,0,213,314,87,126,0,534,0.98689138576779,314,527,2108,2108,0,0,1988,4,4773,4773,0,0,8,6,0,2,0,2,1,0.406791384523224,0.406603721267254,1,0,0
16050001,n5-6dof,N5 6-DOF graph,owner-reconfiguration,Owner tuple reconfiguration,lease-fence-boundary,5,30406091854,30406091854,1062449,499250,177265338,NaN,NaN,NaN,NaN,NaN,3,3,1,1,5,0.9645,0,0,0,0,222,221,NaN,1,261,319,79,182,0,534,1.08614232209738,440,580,2320,2320,0,0,1929,23,4647,4647,0,0,45,43,0,2,0,2,1,0.402600238473238,0.402224911961299,1,0,0
16050001,n10-ring2,N10 ring2 graph,zero,Zero loss,native,10,113322849706,113322849706,1757145,3860018,504027300,NaN,NaN,NaN,NaN,NaN,3,3,1,1,10,0.98875,0,0,0,0,NaN,NaN,NaN,0,455,930,176,279,0,1409,0.982966643009226,930,1385,12465,12465,0,0,3955,9,10295,10295,0,0,22,18,0,4,0,2,1,0.455467479206222,0.29296469627334,1,0,0
16050001,n10-ring2,N10 ring2 graph,data-erasure-5,DATA erasure 5%,data-separation,10,113322849706,113322849706,2413015,3860018,504027300,NaN,NaN,NaN,NaN,NaN,3,3,1,1,10,0.98875,0,0,0,0,NaN,NaN,NaN,0,455,930,176,279,0,1409,0.982966643009226,930,1385,12465,12465,0,0,3955,9,10295,9762,533,0,22,18,0,4,0,2,1,0.455467479206222,0.29296469627334,1,0,0
16050001,n10-ring2,N10 ring2 graph,management-erasure-5,Management erasure 5%,control-loss,10,113322849706,113322849706,2081511,3853856,503010973,NaN,NaN,NaN,NaN,NaN,3,3,1,1,23,0.97425,0,0,0,0,NaN,NaN,NaN,0,524,994,175,349,0,1409,1.07735982966643,1146,1518,13662,12979,683,0,3897,20,10159,10159,0,0,48,44,0,4,0,2,1,0.455193039209713,0.296292281231011,1,0,0
16050001,n10-ring2,N10 ring2 graph,local-management,Local management reach,visibility-boundary,10,113322849706,113322849706,1746229,707120,382845946,NaN,NaN,NaN,NaN,NaN,3,3,0,1,NaN,0.19975,0,0,0,0,NaN,NaN,NaN,0,68,31,37,31,0,1409,0.0702625975869411,31,99,351,351,0,0,799,578,2798,2798,0,0,1273,1127,0,146,0,110,1,0.145110148154125,0.128643748363586,1,0,0
16050001,n10-ring2,N10 ring2 graph,directed-grant-blackout,Directed GRANT blackout,grant-loss-witness,10,113322849706,74583791439,1855086,4229651,501371854,1,2,421,0,0,3,3,0,1,NaN,0.889,0,0,0,0,NaN,NaN,NaN,0,806,1050,159,647,0,1409,1.31724627395316,1298,1856,16704,16305,399,0,3556,92,9497,9497,0,0,188,184,0,4,0,2,1,0.439103994414374,0.317252635964385,1,0,0
16050001,n10-ring2,N10 ring2 graph,state-loss,Local client state loss,rejoin-boundary,10,113322849706,113322849706,1757564,3860447,504021139,NaN,NaN,NaN,NaN,NaN,3,3,1,1,10,0.98825,0,0,0,0,NaN,NaN,2,0,455,915,175,280,0,1409,0.972320794889993,931,1370,12330,12330,0,0,3953,10,10291,10291,0,0,24,20,0,4,0,2,1,0.454849989214077,0.292553036278577,1,0,0
16050001,n10-ring2,N10 ring2 graph,owner-reconfiguration,Owner tuple reconfiguration,lease-fence-boundary,10,113322849706,113322849706,1757567,3863669,503321724,NaN,NaN,NaN,NaN,NaN,3,3,1,1,10,0.92975,0,0,0,0,222,221,NaN,5,619,1035,156,463,0,1409,1.17388218594748,1479,1654,14886,14886,0,0,3719,48,9717,9717,0,0,111,101,0,10,0,6,1,0.444421269346735,0.298487801203083,1,0,0
16050002,n5-6dof,N5 6-DOF graph,zero,Zero loss,native,5,30425066404,30425066404,1062327,491114,176806773,NaN,NaN,NaN,NaN,NaN,3,3,1,1,5,0.995,0,0,0,0,NaN,NaN,NaN,0,213,310,89,124,0,534,0.97940074906367,310,523,2092,2092,0,0,1990,3,4777,4777,0,0,7,7,0,0,0,0,1,0.406728830104567,0.406728830104567,1,0,0
16050002,n5-6dof,N5 6-DOF graph,data-erasure-5,DATA erasure 5%,data-separation,5,30425066404,30425066404,1718197,491114,176806773,NaN,NaN,NaN,NaN,NaN,3,3,1,1,5,0.995,0,0,0,0,NaN,NaN,NaN,0,213,310,89,124,0,534,0.97940074906367,310,523,2092,2092,0,0,1990,3,4777,4542,235,0,7,7,0,0,0,0,1,0.406728830104567,0.406728830104567,1,0,0
16050002,n5-6dof,N5 6-DOF graph,management-erasure-5,Management erasure 5%,control-loss,5,30425066404,30425066404,1386693,494509,176929614,NaN,NaN,NaN,NaN,NaN,3,3,1,1,6,0.9945,0,0,0,0,NaN,NaN,NaN,0,237,336,89,148,0,534,1.07303370786517,380,573,2292,2182,110,0,1989,3,4775,4775,0,0,7,7,0,0,0,0,1,0.409668887781423,0.409668887781423,1,0,0
16050002,n5-6dof,N5 6-DOF graph,local-management,Local management reach,visibility-boundary,5,30425066404,30425066404,1061873,575653,137611490,NaN,NaN,NaN,NaN,NaN,3,3,0,1,NaN,0.3995,0,0,0,0,NaN,NaN,NaN,0,68,31,37,31,0,534,0.185393258426966,31,99,249,249,0,0,799,443,1998,1998,0,0,912,804,0,108,0,108,1,0.239270651361115,0.223131611347738,1,0,0
16050002,n5-6dof,N5 6-DOF graph,directed-grant-blackout,Directed GRANT blackout,grant-loss-witness,5,30425066404,20696489216,1160268,985353,175440741,1,2,421,0,0,3,3,0,1,NaN,0.7955,0,0,0,0,NaN,NaN,NaN,0,564,585,72,492,0,534,2.15168539325843,678,1149,4596,4197,399,0,1591,136,3979,3979,0,0,273,273,0,0,0,0,1,0.395969470095649,0.395969470095649,1,0,0
16050002,n5-6dof,N5 6-DOF graph,state-loss,Local client state loss,rejoin-boundary,5,30425066404,30425066404,1062446,492071,176900190,NaN,NaN,NaN,NaN,NaN,3,3,1,1,5,0.994,0,0,0,0,NaN,NaN,2,0,213,314,87,126,0,534,0.98689138576779,314,527,2108,2108,0,0,1988,3,4773,4773,0,0,7,7,0,0,0,0,1,0.406603721267254,0.406603721267254,1,0,0
16050002,n5-6dof,N5 6-DOF graph,owner-reconfiguration,Owner tuple reconfiguration,lease-fence-boundary,5,30425066404,30425066404,1062449,499302,177265338,NaN,NaN,NaN,NaN,NaN,3,3,1,1,5,0.9645,0,0,0,0,222,221,NaN,1,261,319,79,182,0,534,1.08614232209738,440,580,2320,2320,0,0,1929,21,4647,4647,0,0,41,32,0,9,0,6,1,0.402224911961299,0.401286595681452,1,0,0
16050002,n10-ring2,N10 ring2 graph,zero,Zero loss,native,10,113279911086,113279911086,1757145,3859944,504027300,NaN,NaN,NaN,NaN,NaN,3,3,1,1,10,0.98875,0,0,0,0,NaN,NaN,NaN,0,455,930,176,279,0,1409,0.982966643009226,930,1385,12465,12465,0,0,3955,7,10295,10295,0,0,16,14,0,2,0,2,1,0.45526164920884,0.292861781274649,1,0,0
16050002,n10-ring2,N10 ring2 graph,data-erasure-5,DATA erasure 5%,data-separation,10,113279911086,113279911086,2413015,3859944,504027300,NaN,NaN,NaN,NaN,NaN,3,3,1,1,10,0.98875,0,0,0,0,NaN,NaN,NaN,0,455,930,176,279,0,1409,0.982966643009226,930,1385,12465,12465,0,0,3955,7,10295,9786,509,0,16,12,2,2,0,2,1,0.45526164920884,0.292861781274649,1,0,0
16050002,n10-ring2,N10 ring2 graph,management-erasure-5,Management erasure 5%,control-loss,10,113279911086,113279911086,2081511,3855109,503704613,NaN,NaN,NaN,NaN,NaN,3,3,1,1,13,0.98675,0,0,0,0,NaN,NaN,NaN,0,528,984,174,354,0,1409,1.07310149041874,1164,1512,13608,12912,696,0,3947,9,10276,10276,0,0,20,18,0,2,0,2,1,0.459000894161275,0.296909771223157,1,0,0
16050002,n10-ring2,N10 ring2 graph,local-management,Local management reach,visibility-boundary,10,113279911086,113279911086,1746229,708400,382845946,NaN,NaN,NaN,NaN,NaN,3,3,0,1,NaN,0.19975,0,0,0,0,NaN,NaN,NaN,0,68,31,37,31,0,1409,0.0702625975869411,31,99,351,351,0,0,799,601,2798,2798,0,0,1332,1179,0,153,0,121,1,0.147477193124015,0.13029038834264,1,0,0
16050002,n10-ring2,N10 ring2 graph,directed-grant-blackout,Directed GRANT blackout,grant-loss-witness,10,113279911086,74525880766,1855086,4229059,501371854,1,2,421,0,0,3,3,0,1,NaN,0.889,0,0,0,0,NaN,NaN,NaN,0,806,1050,159,647,0,1409,1.31724627395316,1298,1856,16704,16305,399,0,3556,76,9497,9497,0,0,154,152,0,2,0,2,1,0.43745735443532,0.315811825982713,1,0,0
16050002,n10-ring2,N10 ring2 graph,state-loss,Local client state loss,rejoin-boundary,10,113279911086,113279911086,1757564,3860410,504021139,NaN,NaN,NaN,NaN,NaN,3,3,1,1,10,0.98825,0,0,0,0,NaN,NaN,2,0,455,915,175,280,0,1409,0.972320794889993,931,1370,12330,12330,0,0,3953,9,10291,10291,0,0,20,18,0,2,0,2,1,0.454747074215386,0.292553036278577,1,0,0
16050002,n10-ring2,N10 ring2 graph,owner-reconfiguration,Owner tuple reconfiguration,lease-fence-boundary,10,113279911086,113279911086,1757567,3864121,503321724,NaN,NaN,NaN,NaN,NaN,3,3,1,1,10,0.92975,0,0,0,0,222,221,NaN,5,619,1035,156,463,0,1409,1.17388218594748,1479,1654,14886,14886,0,0,3719,56,9717,9717,0,0,130,116,0,14,0,10,1,0.445244589336262,0.298796546199156,1,0,0
16050003,n5-6dof,N5 6-DOF graph,zero,Zero loss,native,5,30320425629,30320425629,1062327,491162,176806773,NaN,NaN,NaN,NaN,NaN,3,3,1,1,5,0.995,0,0,0,0,NaN,NaN,NaN,0,213,310,89,124,0,534,0.97940074906367,310,523,2092,2092,0,0,1990,3,4777,4777,0,0,6,4,0,2,0,2,1,0.406728830104567,0.406541166848598,1,0,0
16050003,n5-6dof,N5 6-DOF graph,data-erasure-5,DATA erasure 5%,data-separation,5,30320425629,30320425629,1718197,491162,176806773,NaN,NaN,NaN,NaN,NaN,3,3,1,1,5,0.995,0,0,0,0,NaN,NaN,NaN,0,213,310,89,124,0,534,0.97940074906367,310,523,2092,2092,0,0,1990,3,4777,4533,244,0,6,4,0,2,0,2,1,0.406728830104567,0.406541166848598,1,0,0
16050003,n5-6dof,N5 6-DOF graph,management-erasure-5,Management erasure 5%,control-loss,5,30320425629,30320425629,1386693,494281,176802969,NaN,NaN,NaN,NaN,NaN,3,3,1,1,6,0.9945,0,0,0,0,NaN,NaN,NaN,0,241,362,85,156,0,534,1.12921348314607,392,603,2412,2282,130,0,1989,3,4775,4775,0,0,6,4,0,2,0,2,1,0.411545520341118,0.411357857085148,1,0,0
16050003,n5-6dof,N5 6-DOF graph,local-management,Local management reach,visibility-boundary,5,30320425629,30320425629,1061873,574127,137611490,NaN,NaN,NaN,NaN,NaN,3,3,0,1,NaN,0.3995,0,0,0,0,NaN,NaN,NaN,0,68,31,37,31,0,534,0.185393258426966,31,99,249,249,0,0,799,402,1998,1998,0,0,857,775,0,82,0,82,1,0.231576457866365,0.219941335996256,1,0,0
16050003,n5-6dof,N5 6-DOF graph,directed-grant-blackout,Directed GRANT blackout,grant-loss-witness,5,30320425629,20691749565,1160268,985625,175440741,1,2,421,0,0,3,3,0,1,NaN,0.7955,0,0,0,0,NaN,NaN,NaN,0,564,585,72,492,0,534,2.15168539325843,678,1149,4596,4197,399,0,1591,144,3979,3979,0,0,288,284,0,4,0,4,1,0.397470776143405,0.397095449631466,1,0,0
16050003,n5-6dof,N5 6-DOF graph,state-loss,Local client state loss,rejoin-boundary,5,30320425629,30320425629,1062446,492141,176900190,NaN,NaN,NaN,NaN,NaN,3,3,1,1,5,0.994,0,0,0,0,NaN,NaN,2,0,213,314,87,126,0,534,0.98689138576779,314,527,2108,2108,0,0,1988,4,4773,4773,0,0,8,6,0,2,0,2,1,0.406791384523224,0.406603721267254,1,0,0
16050003,n5-6dof,N5 6-DOF graph,owner-reconfiguration,Owner tuple reconfiguration,lease-fence-boundary,5,30320425629,30320425629,1062449,499250,177265338,NaN,NaN,NaN,NaN,NaN,3,3,1,1,5,0.9645,0,0,0,0,222,221,NaN,1,261,319,79,182,0,534,1.08614232209738,440,580,2320,2320,0,0,1929,23,4647,4647,0,0,50,48,0,2,0,2,1,0.402600238473238,0.402412575217269,1,0,0
16050003,n10-ring2,N10 ring2 graph,zero,Zero loss,native,10,113347101960,113347101960,1757145,3859718,504027300,NaN,NaN,NaN,NaN,NaN,3,3,1,1,10,0.98875,0,0,0,0,NaN,NaN,NaN,0,455,930,176,279,0,1409,0.982966643009226,930,1385,12465,12465,0,0,3955,3,10295,10295,0,0,6,6,0,0,0,0,1,0.454849989214077,0.292450121279886,1,0,0
16050003,n10-ring2,N10 ring2 graph,data-erasure-5,DATA erasure 5%,data-separation,10,113347101960,113347101960,2413015,3859718,504027300,NaN,NaN,NaN,NaN,NaN,3,3,1,1,10,0.98875,0,0,0,0,NaN,NaN,NaN,0,455,930,176,279,0,1409,0.982966643009226,930,1385,12465,12465,0,0,3955,3,10295,9763,532,0,6,6,0,0,0,0,1,0.454849989214077,0.292450121279886,1,0,0
16050003,n10-ring2,N10 ring2 graph,management-erasure-5,Management erasure 5%,control-loss,10,113347101960,113347101960,2081511,3854746,503620172,NaN,NaN,NaN,NaN,NaN,3,3,1,1,12,0.98625,0,0,0,0,NaN,NaN,NaN,0,545,1020,174,371,0,1409,1.11071682044003,1217,1565,14085,13367,718,0,3945,5,10270,10270,0,0,12,12,0,0,0,0,1,0.460201569146002,0.298316276205265,1,0,0
16050003,n10-ring2,N10 ring2 graph,local-management,Local management reach,visibility-boundary,10,113347101960,113347101960,1746229,709744,382845946,NaN,NaN,NaN,NaN,NaN,3,3,0,1,NaN,0.19975,0,0,0,0,NaN,NaN,NaN,0,68,31,37,31,0,1409,0.0702625975869411,31,99,351,351,0,0,799,631,2798,2798,0,0,1374,1213,0,161,0,127,1,0.150564643084741,0.131834113323003,1,0,0
16050003,n10-ring2,N10 ring2 graph,directed-grant-blackout,Directed GRANT blackout,grant-loss-witness,10,113347101960,74693958450,1855086,4229425,501371854,1,2,421,0,0,3,3,0,1,NaN,0.889,0,0,0,0,NaN,NaN,NaN,0,806,1050,159,647,0,1409,1.31724627395316,1298,1856,16704,16305,399,0,3556,88,9497,9497,0,0,176,176,0,0,0,0,1,0.43869233441961,0.317046805967003,1,0,0
16050003,n10-ring2,N10 ring2 graph,state-loss,Local client state loss,rejoin-boundary,10,113347101960,113347101960,1757564,3860147,504021139,NaN,NaN,NaN,NaN,NaN,3,3,1,1,10,0.98825,0,0,0,0,NaN,NaN,2,0,455,915,175,280,0,1409,0.972320794889993,931,1370,12330,12330,0,0,3953,4,10291,10291,0,0,8,8,0,0,0,0,1,0.454232499221931,0.292038461285122,1,0,0
16050003,n10-ring2,N10 ring2 graph,owner-reconfiguration,Owner tuple reconfiguration,lease-fence-boundary,10,113347101960,113347101960,1757567,3863254,503321724,NaN,NaN,NaN,NaN,NaN,3,3,1,1,10,0.92975,0,0,0,0,222,221,NaN,5,619,1035,156,463,0,1409,1.17388218594748,1479,1654,14886,14886,0,0,3719,41,9717,9717,0,0,94,90,0,4,0,2,1,0.443700864355899,0.297870311210938,1,0,0
16050004,n5-6dof,N5 6-DOF graph,zero,Zero loss,native,5,30386435143,30386435143,1062327,491092,176806773,NaN,NaN,NaN,NaN,NaN,3,3,1,1,5,0.995,0,0,0,0,NaN,NaN,NaN,0,213,310,89,124,0,534,0.97940074906367,310,523,2092,2092,0,0,1990,2,4777,4777,0,0,5,5,0,0,0,0,1,0.406541166848598,0.406541166848598,1,0,0
16050004,n5-6dof,N5 6-DOF graph,data-erasure-5,DATA erasure 5%,data-separation,5,30386435143,30386435143,1718197,491092,176806773,NaN,NaN,NaN,NaN,NaN,3,3,1,1,5,0.995,0,0,0,0,NaN,NaN,NaN,0,213,310,89,124,0,534,0.97940074906367,310,523,2092,2092,0,0,1990,2,4777,4558,219,0,5,4,1,0,0,0,1,0.406541166848598,0.406541166848598,1,0,0
16050004,n5-6dof,N5 6-DOF graph,management-erasure-5,Management erasure 5%,control-loss,5,30386435143,30386435143,1386693,495898,177141507,NaN,NaN,NaN,NaN,NaN,3,3,1,1,5,0.9945,0,0,0,0,NaN,NaN,NaN,0,237,321,87,150,0,534,1.04494382022472,372,558,2232,2122,110,0,1989,2,4775,4775,0,0,5,5,0,0,0,0,1,0.408542908245606,0.408542908245606,1,0,0
16050004,n5-6dof,N5 6-DOF graph,local-management,Local management reach,visibility-boundary,5,30386435143,30386435143,1061873,575431,137611490,NaN,NaN,NaN,NaN,NaN,3,3,0,1,NaN,0.3995,0,0,0,0,NaN,NaN,NaN,0,68,31,37,31,0,534,0.185393258426966,31,99,249,249,0,0,799,446,1998,1998,0,0,940,844,0,96,0,96,1,0.239833641129024,0.224820580651463,1,0,0
16050004,n5-6dof,N5 6-DOF graph,directed-grant-blackout,Directed GRANT blackout,grant-loss-witness,5,30386435143,20641492540,1160268,985247,175440741,1,2,421,0,0,3,3,0,1,NaN,0.7955,0,0,0,0,NaN,NaN,NaN,0,564,585,72,492,0,534,2.15168539325843,678,1149,4596,4197,399,0,1591,129,3979,3979,0,0,259,257,0,2,0,2,1,0.394655827303863,0.394468164047893,1,0,0
16050004,n5-6dof,N5 6-DOF graph,state-loss,Local client state loss,rejoin-boundary,5,30386435143,30386435143,1062446,492049,176900190,NaN,NaN,NaN,NaN,NaN,3,3,1,1,5,0.994,0,0,0,0,NaN,NaN,2,0,213,314,87,126,0,534,0.98689138576779,314,527,2108,2108,0,0,1988,2,4773,4773,0,0,5,5,0,0,0,0,1,0.406416058011285,0.406416058011285,1,0,0
16050004,n5-6dof,N5 6-DOF graph,owner-reconfiguration,Owner tuple reconfiguration,lease-fence-boundary,5,30386435143,30386435143,1062449,499342,177265338,NaN,NaN,NaN,NaN,NaN,3,3,1,1,5,0.9645,0,0,0,0,222,221,NaN,1,261,319,79,182,0,534,1.08614232209738,440,580,2320,2320,0,0,1929,25,4647,4647,0,0,53,49,0,4,0,4,1,0.402975564985177,0.402600238473238,1,0,0
16050004,n10-ring2,N10 ring2 graph,zero,Zero loss,native,10,113287244070,113287244070,1757145,3859792,504027300,NaN,NaN,NaN,NaN,NaN,3,3,1,1,10,0.98875,0,0,0,0,NaN,NaN,NaN,0,455,930,176,279,0,1409,0.982966643009226,930,1385,12465,12465,0,0,3955,5,10295,10295,0,0,10,10,0,0,0,0,1,0.455055819211458,0.292655951277267,1,0,0
16050004,n10-ring2,N10 ring2 graph,data-erasure-5,DATA erasure 5%,data-separation,10,113287244070,113287244070,2413015,3859792,504027300,NaN,NaN,NaN,NaN,NaN,3,3,1,1,10,0.98875,0,0,0,0,NaN,NaN,NaN,0,455,930,176,279,0,1409,0.982966643009226,930,1385,12465,12465,0,0,3955,5,10295,9774,521,0,10,10,0,0,0,0,1,0.455055819211458,0.292655951277267,1,0,0
16050004,n10-ring2,N10 ring2 graph,management-erasure-5,Management erasure 5%,control-loss,10,113287244070,113287244070,2081511,3843151,502897051,NaN,NaN,NaN,NaN,NaN,3,3,1,1,25,0.977,0,0,0,0,NaN,NaN,NaN,0,529,1008,174,355,0,1409,1.09084457061746,1152,1537,13833,13127,706,0,3908,11,10185,10185,0,0,23,23,0,0,0,0,1,0.456050664198804,0.295194521244976,1,0,0
16050004,n10-ring2,N10 ring2 graph,local-management,Local management reach,visibility-boundary,10,113287244070,113287244070,1746229,706113,382845946,NaN,NaN,NaN,NaN,NaN,3,3,0,1,NaN,0.19975,0,0,0,0,NaN,NaN,NaN,0,68,31,37,31,0,1409,0.0702625975869411,31,99,351,351,0,0,799,555,2798,2798,0,0,1237,1086,0,151,0,106,1,0.142743103184235,0.128129173370132,1,0,0
16050004,n10-ring2,N10 ring2 graph,directed-grant-blackout,Directed GRANT blackout,grant-loss-witness,10,113287244070,74569296851,1855086,4229351,501371854,1,2,421,0,0,3,3,0,1,NaN,0.889,0,0,0,0,NaN,NaN,NaN,0,806,1050,159,647,0,1409,1.31724627395316,1298,1856,16704,16305,399,0,3556,86,9497,9497,0,0,172,172,0,0,0,0,1,0.438486504422229,0.316840975969622,1,0,0
16050004,n10-ring2,N10 ring2 graph,state-loss,Local client state loss,rejoin-boundary,10,113287244070,113287244070,1757564,3860221,504021139,NaN,NaN,NaN,NaN,NaN,3,3,1,1,10,0.98825,0,0,0,0,NaN,NaN,2,0,455,915,175,280,0,1409,0.972320794889993,931,1370,12330,12330,0,0,3953,6,10291,10291,0,0,12,12,0,0,0,0,1,0.454438329219313,0.292244291282504,1,0,0
16050004,n10-ring2,N10 ring2 graph,owner-reconfiguration,Owner tuple reconfiguration,lease-fence-boundary,10,113287244070,113287244070,1757567,3863624,503321724,NaN,NaN,NaN,NaN,NaN,3,3,1,1,10,0.92975,0,0,0,0,222,221,NaN,5,619,1035,156,463,0,1409,1.17388218594748,1479,1654,14886,14886,0,0,3719,51,9717,9717,0,0,118,116,0,2,0,2,1,0.444730014342808,0.299002376196538,1,0,0
16050005,n5-6dof,N5 6-DOF graph,zero,Zero loss,native,5,30472274384,30472274384,1062327,491114,176806773,NaN,NaN,NaN,NaN,NaN,3,3,1,1,5,0.995,0,0,0,0,NaN,NaN,NaN,0,213,310,89,124,0,534,0.97940074906367,310,523,2092,2092,0,0,1990,3,4777,4777,0,0,6,6,0,0,0,0,1,0.406728830104567,0.406728830104567,1,0,0
16050005,n5-6dof,N5 6-DOF graph,data-erasure-5,DATA erasure 5%,data-separation,5,30472274384,30472274384,1718197,491114,176806773,NaN,NaN,NaN,NaN,NaN,3,3,1,1,5,0.995,0,0,0,0,NaN,NaN,NaN,0,213,310,89,124,0,534,0.97940074906367,310,523,2092,2092,0,0,1990,3,4777,4545,232,0,6,5,1,0,0,0,1,0.406728830104567,0.406728830104567,1,0,0
16050005,n5-6dof,N5 6-DOF graph,management-erasure-5,Management erasure 5%,control-loss,5,30472274384,30472274384,1386693,496740,177342802,NaN,NaN,NaN,NaN,NaN,3,3,1,1,6,0.994,0,0,0,0,NaN,NaN,NaN,0,229,305,87,142,0,534,1,354,534,2136,2054,82,0,1988,3,4773,4773,0,0,6,6,0,0,0,0,1,0.40704160219785,0.40704160219785,1,0,0
16050005,n5-6dof,N5 6-DOF graph,local-management,Local management reach,visibility-boundary,5,30472274384,30472274384,1061873,575239,137611490,NaN,NaN,NaN,NaN,NaN,3,3,0,1,NaN,0.3995,0,0,0,0,NaN,NaN,NaN,0,68,31,37,31,0,534,0.185393258426966,31,99,249,249,0,0,799,446,1998,1998,0,0,924,836,0,88,0,88,1,0.239833641129024,0.224820580651463,1,0,0
16050005,n5-6dof,N5 6-DOF graph,directed-grant-blackout,Directed GRANT blackout,grant-loss-witness,5,30472274384,20750865997,1160268,985859,175440741,1,2,421,0,0,3,3,0,1,NaN,0.7955,0,0,0,0,NaN,NaN,NaN,0,564,585,72,492,0,534,2.15168539325843,678,1149,4596,4197,399,0,1591,159,3979,3979,0,0,318,318,0,0,0,0,1,0.400285724982948,0.400285724982948,1,0,0
16050005,n5-6dof,N5 6-DOF graph,state-loss,Local client state loss,rejoin-boundary,5,30472274384,30472274384,1062446,492093,176900190,NaN,NaN,NaN,NaN,NaN,3,3,1,1,5,0.994,0,0,0,0,NaN,NaN,2,0,213,314,87,126,0,534,0.98689138576779,314,527,2108,2108,0,0,1988,4,4773,4773,0,0,8,8,0,0,0,0,1,0.406791384523224,0.406791384523224,1,0,0
16050005,n5-6dof,N5 6-DOF graph,owner-reconfiguration,Owner tuple reconfiguration,lease-fence-boundary,5,30472274384,30472274384,1062449,499246,177265338,NaN,NaN,NaN,NaN,NaN,3,3,1,1,5,0.9645,0,0,0,0,222,221,NaN,1,261,319,79,182,0,534,1.08614232209738,440,580,2320,2320,0,0,1929,25,4647,4647,0,0,51,51,0,0,0,0,1,0.402975564985177,0.402787901729208,1,0,0
16050005,n10-ring2,N10 ring2 graph,zero,Zero loss,native,10,113320959456,113320959456,1757145,3860133,504027300,NaN,NaN,NaN,NaN,NaN,3,3,1,1,10,0.98875,0,0,0,0,NaN,NaN,NaN,0,455,930,176,279,0,1409,0.982966643009226,930,1385,12465,12465,0,0,3955,10,10295,10295,0,0,21,15,0,6,0,4,1,0.455570394204913,0.29296469627334,1,0,0
16050005,n10-ring2,N10 ring2 graph,data-erasure-5,DATA erasure 5%,data-separation,10,113320959456,113320959456,2413015,3860133,504027300,NaN,NaN,NaN,NaN,NaN,3,3,1,1,10,0.98875,0,0,0,0,NaN,NaN,NaN,0,455,930,176,279,0,1409,0.982966643009226,930,1385,12465,12465,0,0,3955,10,10295,9803,492,0,21,15,0,6,0,4,1,0.455570394204913,0.29296469627334,1,0,0
16050005,n10-ring2,N10 ring2 graph,management-erasure-5,Management erasure 5%,control-loss,10,113320959456,113320959456,2081511,3836350,501772422,NaN,NaN,NaN,NaN,NaN,3,3,1,1,23,0.965,0,0,0,0,NaN,NaN,NaN,0,522,936,164,358,0,1409,1.0347764371895,1140,1458,13122,12466,656,0,3860,30,10064,10064,0,0,63,55,0,8,0,6,1,0.450356034271242,0.292690256276831,1,0,0
16050005,n10-ring2,N10 ring2 graph,local-management,Local management reach,visibility-boundary,10,113320959456,113320959456,1746229,708860,382845946,NaN,NaN,NaN,NaN,NaN,3,3,0,1,NaN,0.19975,0,0,0,0,NaN,NaN,NaN,0,68,31,37,31,0,1409,0.0702625975869411,31,99,351,351,0,0,799,605,2798,2798,0,0,1343,1169,0,174,0,129,1,0.147888853118779,0.130393303341331,1,0,0
16050005,n10-ring2,N10 ring2 graph,directed-grant-blackout,Directed GRANT blackout,grant-loss-witness,10,113320959456,74534709675,1855086,4229211,501371854,1,2,421,0,0,3,3,0,1,NaN,0.889,0,0,0,0,NaN,NaN,NaN,0,806,1050,159,647,0,1409,1.31724627395316,1298,1856,16704,16305,399,0,3556,78,9497,9497,0,0,157,151,0,6,0,4,1,0.437663184432702,0.315811825982713,1,0,0
16050005,n10-ring2,N10 ring2 graph,state-loss,Local client state loss,rejoin-boundary,10,113320959456,113320959456,1757564,3860562,504021139,NaN,NaN,NaN,NaN,NaN,3,3,1,1,10,0.98825,0,0,0,0,NaN,NaN,2,0,455,915,175,280,0,1409,0.972320794889993,931,1370,12330,12330,0,0,3953,11,10291,10291,0,0,23,17,0,6,0,4,1,0.454952904212768,0.292553036278577,1,0,0
16050005,n10-ring2,N10 ring2 graph,owner-reconfiguration,Owner tuple reconfiguration,lease-fence-boundary,10,113320959456,113320959456,1757567,3863944,503321724,NaN,NaN,NaN,NaN,NaN,3,3,1,1,10,0.92975,0,0,0,0,222,221,NaN,5,619,1035,156,463,0,1409,1.17388218594748,1479,1654,14886,14886,0,0,3719,47,9717,9717,0,0,109,91,0,18,0,14,1,0.444318354348045,0.297973226209629,1,0,0
16050006,n5-6dof,N5 6-DOF graph,zero,Zero loss,native,5,30437977031,30437977031,1062327,491162,176806773,NaN,NaN,NaN,NaN,NaN,3,3,1,1,5,0.995,0,0,0,0,NaN,NaN,NaN,0,213,310,89,124,0,534,0.97940074906367,310,523,2092,2092,0,0,1990,3,4777,4777,0,0,6,4,0,2,0,2,1,0.406728830104567,0.406541166848598,1,0,0
16050006,n5-6dof,N5 6-DOF graph,data-erasure-5,DATA erasure 5%,data-separation,5,30437977031,30437977031,1718197,491162,176806773,NaN,NaN,NaN,NaN,NaN,3,3,1,1,5,0.995,0,0,0,0,NaN,NaN,NaN,0,213,310,89,124,0,534,0.97940074906367,310,523,2092,2092,0,0,1990,3,4777,4534,243,0,6,4,0,2,0,2,1,0.406728830104567,0.406541166848598,1,0,0
16050006,n5-6dof,N5 6-DOF graph,management-erasure-5,Management erasure 5%,control-loss,5,30437977031,30437977031,1386693,491650,175475003,NaN,NaN,NaN,NaN,NaN,3,3,1,1,23,0.977,0,0,0,0,NaN,NaN,NaN,0,233,371,81,152,0,534,1.1310861423221,381,604,2416,2287,129,0,1954,17,4687,4687,0,0,36,30,0,6,0,6,1,0.407667146384415,0.407104156616506,1,0,0
16050006,n5-6dof,N5 6-DOF graph,local-management,Local management reach,visibility-boundary,5,30437977031,30437977031,1061873,574737,137611490,NaN,NaN,NaN,NaN,NaN,3,3,0,1,NaN,0.3995,0,0,0,0,NaN,NaN,NaN,0,68,31,37,31,0,534,0.185393258426966,31,99,249,249,0,0,799,421,1998,1998,0,0,890,800,0,90,0,90,1,0.235142059729786,0.22238095832386,1,0,0
16050006,n5-6dof,N5 6-DOF graph,directed-grant-blackout,Directed GRANT blackout,grant-loss-witness,5,30437977031,20746468995,1160268,985665,175440741,1,2,421,0,0,3,3,0,1,NaN,0.7955,0,0,0,0,NaN,NaN,NaN,0,564,585,72,492,0,534,2.15168539325843,678,1149,4596,4197,399,0,1591,148,3979,3979,0,0,294,292,0,2,0,2,1,0.398221429167283,0.397846102655344,1,0,0
16050006,n5-6dof,N5 6-DOF graph,state-loss,Local client state loss,rejoin-boundary,5,30437977031,30437977031,1062446,492119,176900190,NaN,NaN,NaN,NaN,NaN,3,3,1,1,5,0.994,0,0,0,0,NaN,NaN,2,0,213,314,87,126,0,534,0.98689138576779,314,527,2108,2108,0,0,1988,3,4773,4773,0,0,6,4,0,2,0,2,1,0.406603721267254,0.406416058011285,1,0,0
16050006,n5-6dof,N5 6-DOF graph,owner-reconfiguration,Owner tuple reconfiguration,lease-fence-boundary,5,30437977031,30437977031,1062449,499412,177265338,NaN,NaN,NaN,NaN,NaN,3,3,1,1,5,0.9645,0,0,0,0,222,221,NaN,1,261,319,79,182,0,534,1.08614232209738,440,580,2320,2320,0,0,1929,26,4647,4647,0,0,51,45,0,6,0,6,1,0.403163228241147,0.402600238473238,1,0,0
16050006,n10-ring2,N10 ring2 graph,zero,Zero loss,native,10,113218718115,113218718115,1757145,3860018,504027300,NaN,NaN,NaN,NaN,NaN,3,3,1,1,10,0.98875,0,0,0,0,NaN,NaN,NaN,0,455,930,176,279,0,1409,0.982966643009226,930,1385,12465,12465,0,0,3955,9,10295,10295,0,0,18,14,0,4,0,2,1,0.455467479206222,0.292861781274649,1,0,0
16050006,n10-ring2,N10 ring2 graph,data-erasure-5,DATA erasure 5%,data-separation,10,113218718115,113218718115,2413015,3860018,504027300,NaN,NaN,NaN,NaN,NaN,3,3,1,1,10,0.98875,0,0,0,0,NaN,NaN,NaN,0,455,930,176,279,0,1409,0.982966643009226,930,1385,12465,12465,0,0,3955,9,10295,9750,545,0,18,14,0,4,0,2,1,0.455467479206222,0.292861781274649,1,0,0
16050006,n10-ring2,N10 ring2 graph,management-erasure-5,Management erasure 5%,control-loss,10,113218718115,113218718115,2081511,3847732,502892303,NaN,NaN,NaN,NaN,NaN,3,3,1,1,22,0.97275,0,0,0,0,NaN,NaN,NaN,0,521,971,173,348,0,1409,1.05890702625976,1140,1492,13428,12780,648,0,3891,16,10142,10142,0,0,34,28,0,6,0,4,1,0.45327195923415,0.294268286256758,1,0,0
16050006,n10-ring2,N10 ring2 graph,local-management,Local management reach,visibility-boundary,10,113218718115,113218718115,1746229,707740,382845946,NaN,NaN,NaN,NaN,NaN,3,3,0,1,NaN,0.19975,0,0,0,0,NaN,NaN,NaN,0,68,31,37,31,0,1409,0.0702625975869411,31,99,351,351,0,0,799,580,2798,2798,0,0,1296,1136,0,160,0,124,1,0.145315978151507,0.12905540835835,1,0,0
16050006,n10-ring2,N10 ring2 graph,directed-grant-blackout,Directed GRANT blackout,grant-loss-witness,10,113218718115,74592438550,1855086,4230095,501371854,1,2,421,0,0,3,3,0,1,NaN,0.889,0,0,0,0,NaN,NaN,NaN,0,806,1050,159,647,0,1409,1.31724627395316,1298,1856,16704,16305,399,0,3556,104,9497,9497,0,0,208,204,0,4,0,2,1,0.440338974398664,0.318487615948676,1,0,0
16050006,n10-ring2,N10 ring2 graph,state-loss,Local client state loss,rejoin-boundary,10,113218718115,113218718115,1757564,3860447,504021139,NaN,NaN,NaN,NaN,NaN,3,3,1,1,10,0.98825,0,0,0,0,NaN,NaN,2,0,455,915,175,280,0,1409,0.972320794889993,931,1370,12330,12330,0,0,3953,10,10291,10291,0,0,20,16,0,4,0,2,1,0.454849989214077,0.292450121279886,1,0,0
16050006,n10-ring2,N10 ring2 graph,owner-reconfiguration,Owner tuple reconfiguration,lease-fence-boundary,10,113218718115,113218718115,1757567,3863776,503321724,NaN,NaN,NaN,NaN,NaN,3,3,1,1,10,0.92975,0,0,0,0,222,221,NaN,5,619,1035,156,463,0,1409,1.17388218594748,1479,1654,14886,14886,0,0,3719,53,9717,9717,0,0,127,119,0,8,0,4,1,0.44493584434019,0.299105291195228,1,0,0
16050007,n5-6dof,N5 6-DOF graph,zero,Zero loss,native,5,30339962845,30339962845,1062327,491092,176806773,NaN,NaN,NaN,NaN,NaN,3,3,1,1,5,0.995,0,0,0,0,NaN,NaN,NaN,0,213,310,89,124,0,534,0.97940074906367,310,523,2092,2092,0,0,1990,2,4777,4777,0,0,5,5,0,0,0,0,1,0.406541166848598,0.406541166848598,1,0,0
16050007,n5-6dof,N5 6-DOF graph,data-erasure-5,DATA erasure 5%,data-separation,5,30339962845,30339962845,1718197,491092,176806773,NaN,NaN,NaN,NaN,NaN,3,3,1,1,5,0.995,0,0,0,0,NaN,NaN,NaN,0,213,310,89,124,0,534,0.97940074906367,310,523,2092,2092,0,0,1990,2,4777,4521,256,0,5,5,0,0,0,0,1,0.406541166848598,0.406541166848598,1,0,0
16050007,n5-6dof,N5 6-DOF graph,management-erasure-5,Management erasure 5%,control-loss,5,30339962845,30339962845,1386693,489968,176496292,NaN,NaN,NaN,NaN,NaN,3,3,1,1,5,0.9935,0,0,0,0,NaN,NaN,NaN,0,239,313,89,150,0,534,1.03370786516854,363,552,2208,2092,116,0,1987,5,4770,4770,0,0,12,12,0,0,0,0,1,0.408355244989636,0.408355244989636,1,0,0
16050007,n5-6dof,N5 6-DOF graph,local-management,Local management reach,visibility-boundary,5,30339962845,30339962845,1061873,574637,137611490,NaN,NaN,NaN,NaN,NaN,3,3,0,1,NaN,0.3995,0,0,0,0,NaN,NaN,NaN,0,68,31,37,31,0,534,0.185393258426966,31,99,249,249,0,0,799,423,1998,1998,0,0,885,801,0,84,0,84,1,0.235517386241725,0.222756284835799,1,0,0
16050007,n5-6dof,N5 6-DOF graph,directed-grant-blackout,Directed GRANT blackout,grant-loss-witness,5,30339962845,20633578432,1160268,985221,175440741,1,2,421,0,0,3,3,0,1,NaN,0.7955,0,0,0,0,NaN,NaN,NaN,0,564,585,72,492,0,534,2.15168539325843,678,1149,4596,4197,399,0,1591,130,3979,3979,0,0,261,261,0,0,0,0,1,0.394843490559832,0.394843490559832,1,0,0
16050007,n5-6dof,N5 6-DOF graph,state-loss,Local client state loss,rejoin-boundary,5,30339962845,30339962845,1062446,492093,176900190,NaN,NaN,NaN,NaN,NaN,3,3,1,1,5,0.994,0,0,0,0,NaN,NaN,2,0,213,314,87,126,0,534,0.98689138576779,314,527,2108,2108,0,0,1988,4,4773,4773,0,0,9,9,0,0,0,0,1,0.406791384523224,0.406791384523224,1,0,0
16050007,n5-6dof,N5 6-DOF graph,owner-reconfiguration,Owner tuple reconfiguration,lease-fence-boundary,5,30339962845,30339962845,1062449,499438,177265338,NaN,NaN,NaN,NaN,NaN,3,3,1,1,5,0.9645,0,0,0,0,222,221,NaN,1,261,319,79,182,0,534,1.08614232209738,440,580,2320,2320,0,0,1929,25,4647,4647,0,0,51,43,0,8,0,8,1,0.402975564985177,0.402224911961299,1,0,0
16050007,n10-ring2,N10 ring2 graph,zero,Zero loss,native,10,113236433595,113236433595,1757145,3859792,504027300,NaN,NaN,NaN,NaN,NaN,3,3,1,1,10,0.98875,0,0,0,0,NaN,NaN,NaN,0,455,930,176,279,0,1409,0.982966643009226,930,1385,12465,12465,0,0,3955,5,10295,10295,0,0,13,13,0,0,0,0,1,0.455055819211458,0.292758866275958,1,0,0
16050007,n10-ring2,N10 ring2 graph,data-erasure-5,DATA erasure 5%,data-separation,10,113236433595,113236433595,2413015,3859792,504027300,NaN,NaN,NaN,NaN,NaN,3,3,1,1,10,0.98875,0,0,0,0,NaN,NaN,NaN,0,455,930,176,279,0,1409,0.982966643009226,930,1385,12465,12465,0,0,3955,5,10295,9828,467,0,13,11,2,0,0,0,1,0.455055819211458,0.292758866275958,1,0,0
16050007,n10-ring2,N10 ring2 graph,management-erasure-5,Management erasure 5%,control-loss,10,113236433595,113236433595,2081511,3840254,500438206,NaN,NaN,NaN,NaN,NaN,3,3,1,1,30,0.95,0,0,0,0,NaN,NaN,NaN,0,509,999,168,341,0,1409,1.07026259758694,1122,1508,13572,12887,685,0,3800,36,9927,9927,0,0,72,64,0,8,0,6,1,0.446513874320116,0.291009311298214,1,0,0
16050007,n10-ring2,N10 ring2 graph,local-management,Local management reach,visibility-boundary,10,113236433595,113236433595,1746229,707309,382845946,NaN,NaN,NaN,NaN,NaN,3,3,0,1,NaN,0.19975,0,0,0,0,NaN,NaN,NaN,0,68,31,37,31,0,1409,0.0702625975869411,31,99,351,351,0,0,799,581,2798,2798,0,0,1264,1108,0,156,0,112,1,0.145418893150198,0.12792334337275,1,0,0
16050007,n10-ring2,N10 ring2 graph,directed-grant-blackout,Directed GRANT blackout,grant-loss-witness,10,113236433595,74560656247,1855086,4228615,501371854,1,2,421,0,0,3,3,0,1,NaN,0.889,0,0,0,0,NaN,NaN,NaN,0,806,1050,159,647,0,1409,1.31724627395316,1298,1856,16704,16305,399,0,3556,64,9497,9497,0,0,131,129,0,2,0,2,1,0.436222374451029,0.314576845998423,1,0,0
16050007,n10-ring2,N10 ring2 graph,state-loss,Local client state loss,rejoin-boundary,10,113236433595,113236433595,1757564,3860258,504021139,NaN,NaN,NaN,NaN,NaN,3,3,1,1,10,0.98825,0,0,0,0,NaN,NaN,2,0,455,915,175,280,0,1409,0.972320794889993,931,1370,12330,12330,0,0,3953,7,10291,10291,0,0,17,17,0,0,0,0,1,0.454541244218004,0.292450121279886,1,0,0
16050007,n10-ring2,N10 ring2 graph,owner-reconfiguration,Owner tuple reconfiguration,lease-fence-boundary,10,113236433595,113236433595,1757567,3863620,503321724,NaN,NaN,NaN,NaN,NaN,3,3,1,1,10,0.92975,0,0,0,0,222,221,NaN,5,619,1035,156,463,0,1409,1.17388218594748,1479,1654,14886,14886,0,0,3719,53,9717,9717,0,0,127,127,0,0,0,0,1,0.44493584434019,0.29931112119261,1,0,0
16050008,n5-6dof,N5 6-DOF graph,zero,Zero loss,native,5,30378127661,30378127661,1062327,491092,176806773,NaN,NaN,NaN,NaN,NaN,3,3,1,1,5,0.995,0,0,0,0,NaN,NaN,NaN,0,213,310,89,124,0,534,0.97940074906367,310,523,2092,2092,0,0,1990,2,4777,4777,0,0,4,4,0,0,0,0,1,0.406541166848598,0.406541166848598,1,0,0
16050008,n5-6dof,N5 6-DOF graph,data-erasure-5,DATA erasure 5%,data-separation,5,30378127661,30378127661,1718197,491092,176806773,NaN,NaN,NaN,NaN,NaN,3,3,1,1,5,0.995,0,0,0,0,NaN,NaN,NaN,0,213,310,89,124,0,534,0.97940074906367,310,523,2092,2092,0,0,1990,2,4777,4546,231,0,4,3,1,0,0,0,1,0.406541166848598,0.406541166848598,1,0,0
16050008,n5-6dof,N5 6-DOF graph,management-erasure-5,Management erasure 5%,control-loss,5,30378127661,30378127661,1386693,491883,176609905,NaN,NaN,NaN,NaN,NaN,3,3,1,1,6,0.9945,0,0,0,0,NaN,NaN,NaN,0,246,340,89,157,0,534,1.09737827715356,382,586,2344,2228,116,0,1989,3,4775,4775,0,0,6,6,0,0,0,0,1,0.410482095223957,0.410482095223957,1,0,0
16050008,n5-6dof,N5 6-DOF graph,local-management,Local management reach,visibility-boundary,5,30378127661,30378127661,1061873,575531,137611490,NaN,NaN,NaN,NaN,NaN,3,3,0,1,NaN,0.3995,0,0,0,0,NaN,NaN,NaN,0,68,31,37,31,0,534,0.185393258426966,31,99,249,249,0,0,799,444,1998,1998,0,0,924,822,0,102,0,102,1,0.239458314617085,0.224632917395494,1,0,0
16050008,n5-6dof,N5 6-DOF graph,directed-grant-blackout,Directed GRANT blackout,grant-loss-witness,5,30378127661,20787814377,1160268,985639,175440741,1,2,421,0,0,3,3,0,1,NaN,0.7955,0,0,0,0,NaN,NaN,NaN,0,564,585,72,492,0,534,2.15168539325843,678,1149,4596,4197,399,0,1591,149,3979,3979,0,0,298,298,0,0,0,0,1,0.398409092423253,0.398409092423253,1,0,0
16050008,n5-6dof,N5 6-DOF graph,state-loss,Local client state loss,rejoin-boundary,5,30378127661,30378127661,1062446,492049,176900190,NaN,NaN,NaN,NaN,NaN,3,3,1,1,5,0.994,0,0,0,0,NaN,NaN,2,0,213,314,87,126,0,534,0.98689138576779,314,527,2108,2108,0,0,1988,2,4773,4773,0,0,4,4,0,0,0,0,1,0.406416058011285,0.406416058011285,1,0,0
16050008,n5-6dof,N5 6-DOF graph,owner-reconfiguration,Owner tuple reconfiguration,lease-fence-boundary,5,30378127661,30378127661,1062449,499434,177265338,NaN,NaN,NaN,NaN,NaN,3,3,1,1,5,0.9645,0,0,0,0,222,221,NaN,1,261,319,79,182,0,534,1.08614232209738,440,580,2320,2320,0,0,1929,27,4647,4647,0,0,50,42,0,8,0,6,1,0.403350891497116,0.402412575217269,1,0,0
16050008,n10-ring2,N10 ring2 graph,zero,Zero loss,native,10,113299386215,113299386215,1757145,3860203,504027300,NaN,NaN,NaN,NaN,NaN,3,3,1,1,10,0.98875,0,0,0,0,NaN,NaN,NaN,0,455,930,176,279,0,1409,0.982966643009226,930,1385,12465,12465,0,0,3955,14,10295,10295,0,0,29,25,0,4,0,2,1,0.455982054199676,0.293273441269413,1,0,0
16050008,n10-ring2,N10 ring2 graph,data-erasure-5,DATA erasure 5%,data-separation,10,113299386215,113299386215,2413015,3860203,504027300,NaN,NaN,NaN,NaN,NaN,3,3,1,1,10,0.98875,0,0,0,0,NaN,NaN,NaN,0,455,930,176,279,0,1409,0.982966643009226,930,1385,12465,12465,0,0,3955,14,10295,9774,521,0,29,25,0,4,0,2,1,0.455982054199676,0.293273441269413,1,0,0
16050008,n10-ring2,N10 ring2 graph,management-erasure-5,Management erasure 5%,control-loss,10,113299386215,113299386215,2081511,3837305,502709909,NaN,NaN,NaN,NaN,NaN,3,3,1,1,24,0.97425,0,0,0,0,NaN,NaN,NaN,0,530,1009,174,356,0,1409,1.09226401703336,1164,1539,13851,13165,686,0,3897,27,10159,10159,0,0,59,55,0,4,0,2,1,0.456633849191385,0.297218516219229,1,0,0
16050008,n10-ring2,N10 ring2 graph,local-management,Local management reach,visibility-boundary,10,113299386215,113299386215,1746229,709403,382845946,NaN,NaN,NaN,NaN,NaN,3,3,0,1,NaN,0.19975,0,0,0,0,NaN,NaN,NaN,0,68,31,37,31,0,1409,0.0702625975869411,31,99,351,351,0,0,799,626,2798,2798,0,0,1364,1215,0,149,0,123,1,0.150050068091287,0.132039943320385,1,0,0
16050008,n10-ring2,N10 ring2 graph,directed-grant-blackout,Directed GRANT blackout,grant-loss-witness,10,113299386215,74547957903,1855086,4229762,501371854,1,2,421,0,0,3,3,0,1,NaN,0.889,0,0,0,0,NaN,NaN,NaN,0,806,1050,159,647,0,1409,1.31724627395316,1298,1856,16704,16305,399,0,3556,95,9497,9497,0,0,191,187,0,4,0,2,1,0.439412739410446,0.317458465961767,1,0,0
16050008,n10-ring2,N10 ring2 graph,state-loss,Local client state loss,rejoin-boundary,10,113299386215,113299386215,1757564,3860632,504021139,NaN,NaN,NaN,NaN,NaN,3,3,1,1,10,0.98825,0,0,0,0,NaN,NaN,2,0,455,915,175,280,0,1409,0.972320794889993,931,1370,12330,12330,0,0,3953,15,10291,10291,0,0,31,27,0,4,0,2,1,0.455364564207531,0.292861781274649,1,0,0
16050008,n10-ring2,N10 ring2 graph,owner-reconfiguration,Owner tuple reconfiguration,lease-fence-boundary,10,113299386215,113299386215,1757567,3864187,503321724,NaN,NaN,NaN,NaN,NaN,3,3,1,1,10,0.92975,0,0,0,0,222,221,NaN,5,619,1035,156,463,0,1409,1.17388218594748,1479,1654,14886,14886,0,0,3719,62,9717,9717,0,0,144,136,0,8,0,6,1,0.445862079328408,0.29931112119261,1,0,0
16050009,n5-6dof,N5 6-DOF graph,zero,Zero loss,native,5,30310242747,30310242747,1062327,491228,176806773,NaN,NaN,NaN,NaN,NaN,3,3,1,1,5,0.995,0,0,0,0,NaN,NaN,NaN,0,213,310,89,124,0,534,0.97940074906367,310,523,2092,2092,0,0,1990,6,4777,4777,0,0,10,8,0,2,0,2,1,0.407291819872476,0.406916493360537,1,0,0
16050009,n5-6dof,N5 6-DOF graph,data-erasure-5,DATA erasure 5%,data-separation,5,30310242747,30310242747,1718197,491228,176806773,NaN,NaN,NaN,NaN,NaN,3,3,1,1,5,0.995,0,0,0,0,NaN,NaN,NaN,0,213,310,89,124,0,534,0.97940074906367,310,523,2092,2092,0,0,1990,6,4777,4548,229,0,10,8,0,2,0,2,1,0.407291819872476,0.406916493360537,1,0,0
16050009,n5-6dof,N5 6-DOF graph,management-erasure-5,Management erasure 5%,control-loss,5,30310242747,30310242747,1386693,490884,176439377,NaN,NaN,NaN,NaN,NaN,3,3,1,1,5,0.994,0,0,0,0,NaN,NaN,NaN,0,245,350,88,157,0,534,1.11423220973783,378,595,2380,2240,140,0,1988,6,4772,4772,0,0,10,8,0,2,0,2,1,0.411420411503805,0.411045084991866,1,0,0
16050009,n5-6dof,N5 6-DOF graph,local-management,Local management reach,visibility-boundary,5,30310242747,30310242747,1061873,576107,137611490,NaN,NaN,NaN,NaN,NaN,3,3,0,1,NaN,0.3995,0,0,0,0,NaN,NaN,NaN,0,68,31,37,31,0,534,0.185393258426966,31,99,249,249,0,0,799,468,1998,1998,0,0,973,869,0,104,0,104,1,0.243962232760353,0.229136835538762,1,0,0
16050009,n5-6dof,N5 6-DOF graph,directed-grant-blackout,Directed GRANT blackout,grant-loss-witness,5,30310242747,20675937111,1160268,985537,175440741,1,2,421,0,0,3,3,0,1,NaN,0.7955,0,0,0,0,NaN,NaN,NaN,0,564,585,72,492,0,534,2.15168539325843,678,1149,4596,4197,399,0,1591,140,3979,3979,0,0,278,274,0,4,0,4,1,0.396720123119527,0.396157133351619,1,0,0
16050009,n5-6dof,N5 6-DOF graph,state-loss,Local client state loss,rejoin-boundary,5,30310242747,30310242747,1062446,492207,176900190,NaN,NaN,NaN,NaN,NaN,3,3,1,1,5,0.994,0,0,0,0,NaN,NaN,2,0,213,314,87,126,0,534,0.98689138576779,314,527,2108,2108,0,0,1988,7,4773,4773,0,0,12,10,0,2,0,2,1,0.407354374291132,0.406979047779193,1,0,0
16050009,n5-6dof,N5 6-DOF graph,owner-reconfiguration,Owner tuple reconfiguration,lease-fence-boundary,5,30310242747,30310242747,1062449,499520,177265338,NaN,NaN,NaN,NaN,NaN,3,3,1,1,5,0.9645,0,0,0,0,222,221,NaN,1,261,319,79,182,0,534,1.08614232209738,440,580,2320,2320,0,0,1929,32,4647,4647,0,0,62,55,0,7,0,5,1,0.404289207776964,0.403538554753086,1,0,0
16050009,n10-ring2,N10 ring2 graph,zero,Zero loss,native,10,113394945209,113394945209,1757145,3860014,504027300,NaN,NaN,NaN,NaN,NaN,3,3,1,1,10,0.98875,0,0,0,0,NaN,NaN,NaN,0,455,930,176,279,0,1409,0.982966643009226,930,1385,12465,12465,0,0,3955,11,10295,10295,0,0,21,21,0,0,0,0,1,0.455673309203604,0.293170526270722,1,0,0
16050009,n10-ring2,N10 ring2 graph,data-erasure-5,DATA erasure 5%,data-separation,10,113394945209,113394945209,2413015,3860014,504027300,NaN,NaN,NaN,NaN,NaN,3,3,1,1,10,0.98875,0,0,0,0,NaN,NaN,NaN,0,455,930,176,279,0,1409,0.982966643009226,930,1385,12465,12465,0,0,3955,11,10295,9789,506,0,21,20,1,0,0,0,1,0.455673309203604,0.293170526270722,1,0,0
16050009,n10-ring2,N10 ring2 graph,management-erasure-5,Management erasure 5%,control-loss,10,113394945209,113394945209,2081511,3833040,501928004,NaN,NaN,NaN,NaN,NaN,3,3,1,1,22,0.967,0,0,0,0,NaN,NaN,NaN,0,513,958,169,344,0,1409,1.04400283889283,1107,1471,13239,12617,622,0,3868,25,10084,10084,0,0,54,54,0,0,0,0,1,0.451110744261642,0.293547881265922,1,0,0
16050009,n10-ring2,N10 ring2 graph,local-management,Local management reach,visibility-boundary,10,113394945209,113394945209,1746229,709678,382845946,NaN,NaN,NaN,NaN,NaN,3,3,0,1,NaN,0.19975,0,0,0,0,NaN,NaN,NaN,0,68,31,37,31,0,1409,0.0702625975869411,31,99,351,351,0,0,799,625,2798,2798,0,0,1380,1209,0,171,0,131,1,0.149947153092596,0.131834113323003,1,0,0
16050009,n10-ring2,N10 ring2 graph,directed-grant-blackout,Directed GRANT blackout,grant-loss-witness,10,113394945209,74654981107,1855086,4229203,501371854,1,2,421,0,0,3,3,0,1,NaN,0.889,0,0,0,0,NaN,NaN,NaN,0,806,1050,159,647,0,1409,1.31724627395316,1298,1856,16704,16305,399,0,3556,82,9497,9497,0,0,163,163,0,0,0,0,1,0.438074844427465,0.316326400976167,1,0,0
16050009,n10-ring2,N10 ring2 graph,state-loss,Local client state loss,rejoin-boundary,10,113394945209,113394945209,1757564,3860406,504021139,NaN,NaN,NaN,NaN,NaN,3,3,1,1,10,0.98825,0,0,0,0,NaN,NaN,2,0,455,915,175,280,0,1409,0.972320794889993,931,1370,12330,12330,0,0,3953,11,10291,10291,0,0,21,21,0,0,0,0,1,0.454952904212768,0.292655951277267,1,0,0
16050009,n10-ring2,N10 ring2 graph,owner-reconfiguration,Owner tuple reconfiguration,lease-fence-boundary,10,113394945209,113394945209,1757567,3863739,503321724,NaN,NaN,NaN,NaN,NaN,3,3,1,1,10,0.92975,0,0,0,0,222,221,NaN,5,619,1035,156,463,0,1409,1.17388218594748,1479,1654,14886,14886,0,0,3719,52,9717,9717,0,0,120,112,0,8,0,4,1,0.444832929341499,0.298796546199156,1,0,0
16050010,n5-6dof,N5 6-DOF graph,zero,Zero loss,native,5,30490505335,30490505335,1062327,491254,176806773,NaN,NaN,NaN,NaN,NaN,3,3,1,1,5,0.995,0,0,0,0,NaN,NaN,NaN,0,213,310,89,124,0,534,0.97940074906367,310,523,2092,2092,0,0,1990,5,4777,4777,0,0,10,4,0,6,0,4,1,0.407104156616506,0.406728830104567,1,0,0
16050010,n5-6dof,N5 6-DOF graph,data-erasure-5,DATA erasure 5%,data-separation,5,30490505335,30490505335,1718197,491254,176806773,NaN,NaN,NaN,NaN,NaN,3,3,1,1,5,0.995,0,0,0,0,NaN,NaN,NaN,0,213,310,89,124,0,534,0.97940074906367,310,523,2092,2092,0,0,1990,5,4777,4536,241,0,10,4,0,6,0,4,1,0.407104156616506,0.406728830104567,1,0,0
16050010,n5-6dof,N5 6-DOF graph,management-erasure-5,Management erasure 5%,control-loss,5,30490505335,30490505335,1386693,492204,176601584,NaN,NaN,NaN,NaN,NaN,3,3,1,1,5,0.995,0,0,0,0,NaN,NaN,NaN,0,243,362,93,150,0,534,1.13295880149813,371,605,2420,2294,126,0,1990,5,4777,4777,0,0,10,4,0,6,0,4,1,0.412233618946339,0.4118582924344,1,0,0
16050010,n5-6dof,N5 6-DOF graph,local-management,Local management reach,visibility-boundary,5,30490505335,30490505335,1061873,576231,137611490,NaN,NaN,NaN,NaN,NaN,3,3,0,1,NaN,0.3995,0,0,0,0,NaN,NaN,NaN,0,68,31,37,31,0,534,0.185393258426966,31,99,249,249,0,0,799,454,1998,1998,0,0,935,811,0,124,0,122,1,0.24133494717678,0.223882264371616,1,0,0
16050010,n5-6dof,N5 6-DOF graph,directed-grant-blackout,Directed GRANT blackout,grant-loss-witness,5,30490505335,20759855354,1160268,985851,175440741,1,2,421,0,0,3,3,0,1,NaN,0.7955,0,0,0,0,NaN,NaN,NaN,0,564,585,72,492,0,534,2.15168539325843,678,1149,4596,4197,399,0,1591,151,3979,3979,0,0,302,291,0,11,0,7,1,0.398784418935192,0.398033765911314,1,0,0
16050010,n5-6dof,N5 6-DOF graph,state-loss,Local client state loss,rejoin-boundary,5,30490505335,30490505335,1062446,492233,176900190,NaN,NaN,NaN,NaN,NaN,3,3,1,1,5,0.994,0,0,0,0,NaN,NaN,2,0,213,314,87,126,0,534,0.98689138576779,314,527,2108,2108,0,0,1988,6,4773,4773,0,0,12,6,0,6,0,4,1,0.407166711035163,0.406791384523224,1,0,0
16050010,n5-6dof,N5 6-DOF graph,owner-reconfiguration,Owner tuple reconfiguration,lease-fence-boundary,5,30490505335,30490505335,1062449,499368,177265338,NaN,NaN,NaN,NaN,NaN,3,3,1,1,5,0.9645,0,0,0,0,222,221,NaN,1,261,319,79,182,0,534,1.08614232209738,440,580,2320,2320,0,0,1929,24,4647,4647,0,0,48,40,0,8,0,6,1,0.402787901729208,0.402224911961299,1,0,0
16050010,n10-ring2,N10 ring2 graph,zero,Zero loss,native,10,113454125794,113454125794,1757145,3859944,504027300,NaN,NaN,NaN,NaN,NaN,3,3,1,1,10,0.98875,0,0,0,0,NaN,NaN,NaN,0,455,930,176,279,0,1409,0.982966643009226,930,1385,12465,12465,0,0,3955,7,10295,10295,0,0,16,14,0,2,0,2,1,0.45526164920884,0.292861781274649,1,0,0
16050010,n10-ring2,N10 ring2 graph,data-erasure-5,DATA erasure 5%,data-separation,10,113454125794,113454125794,2413015,3859944,504027300,NaN,NaN,NaN,NaN,NaN,3,3,1,1,10,0.98875,0,0,0,0,NaN,NaN,NaN,0,455,930,176,279,0,1409,0.982966643009226,930,1385,12465,12465,0,0,3955,7,10295,9820,475,0,16,13,1,2,0,2,1,0.45526164920884,0.292861781274649,1,0,0
16050010,n10-ring2,N10 ring2 graph,management-erasure-5,Management erasure 5%,control-loss,10,113454125794,113454125794,2081511,3854093,502265427,NaN,NaN,NaN,NaN,NaN,3,3,1,1,28,0.96225,0,0,0,0,NaN,NaN,NaN,0,508,889,167,341,0,1409,0.991483321504613,1109,1397,12573,11969,604,0,3849,27,10047,10047,0,0,61,57,0,4,0,4,1,0.446822619316189,0.291112226296904,1,0,0
16050010,n10-ring2,N10 ring2 graph,local-management,Local management reach,visibility-boundary,10,113454125794,113454125794,1746229,708782,382845946,NaN,NaN,NaN,NaN,NaN,3,3,0,1,NaN,0.19975,0,0,0,0,NaN,NaN,NaN,0,68,31,37,31,0,1409,0.0702625975869411,31,99,351,351,0,0,799,605,2798,2798,0,0,1343,1183,0,160,0,127,1,0.147888853118779,0.130907878334785,1,0,0
16050010,n10-ring2,N10 ring2 graph,directed-grant-blackout,Directed GRANT blackout,grant-loss-witness,10,113454125794,74587266865,1855086,4229244,501371854,1,2,421,0,0,3,3,0,1,NaN,0.889,0,0,0,0,NaN,NaN,NaN,0,806,1050,159,647,0,1409,1.31724627395316,1298,1856,16704,16305,399,0,3556,81,9497,9497,0,0,164,162,0,2,0,2,1,0.437971929428774,0.316223485977476,1,0,0
16050010,n10-ring2,N10 ring2 graph,state-loss,Local client state loss,rejoin-boundary,10,113454125794,113454125794,1757564,3860373,504021139,NaN,NaN,NaN,NaN,NaN,3,3,1,1,10,0.98825,0,0,0,0,NaN,NaN,2,0,455,915,175,280,0,1409,0.972320794889993,931,1370,12330,12330,0,0,3953,8,10291,10291,0,0,18,16,0,2,0,2,1,0.454644159216695,0.292450121279886,1,0,0
16050010,n10-ring2,N10 ring2 graph,owner-reconfiguration,Owner tuple reconfiguration,lease-fence-boundary,10,113454125794,113454125794,1757567,3863887,503321724,NaN,NaN,NaN,NaN,NaN,3,3,1,1,10,0.92975,0,0,0,0,222,221,NaN,5,619,1035,156,463,0,1409,1.17388218594748,1479,1654,14886,14886,0,0,3719,56,9717,9717,0,0,129,125,0,4,0,4,1,0.445244589336262,0.299105291195228,1,0,0
16050011,n5-6dof,N5 6-DOF graph,zero,Zero loss,native,5,30435559132,30435559132,1062327,491070,176806773,NaN,NaN,NaN,NaN,NaN,3,3,1,1,5,0.995,0,0,0,0,NaN,NaN,NaN,0,213,310,89,124,0,534,0.97940074906367,310,523,2092,2092,0,0,1990,1,4777,4777,0,0,2,2,0,0,0,0,1,0.406353503592628,0.406353503592628,1,0,0
16050011,n5-6dof,N5 6-DOF graph,data-erasure-5,DATA erasure 5%,data-separation,5,30435559132,30435559132,1718197,491070,176806773,NaN,NaN,NaN,NaN,NaN,3,3,1,1,5,0.995,0,0,0,0,NaN,NaN,NaN,0,213,310,89,124,0,534,0.97940074906367,310,523,2092,2092,0,0,1990,1,4777,4527,250,0,2,2,0,0,0,0,1,0.406353503592628,0.406353503592628,1,0,0
16050011,n5-6dof,N5 6-DOF graph,management-erasure-5,Management erasure 5%,control-loss,5,30435559132,30435559132,1386693,492173,176397457,NaN,NaN,NaN,NaN,NaN,3,3,1,1,17,0.9885,0,0,0,0,NaN,NaN,NaN,0,235,325,90,145,0,534,1.04868913857678,358,560,2240,2147,93,0,1977,5,4750,4750,0,0,10,10,0,0,0,0,1,0.406979047779193,0.406979047779193,1,0,0
16050011,n5-6dof,N5 6-DOF graph,local-management,Local management reach,visibility-boundary,5,30435559132,30435559132,1061873,575365,137611490,NaN,NaN,NaN,NaN,NaN,3,3,0,1,NaN,0.3995,0,0,0,0,NaN,NaN,NaN,0,68,31,37,31,0,534,0.185393258426966,31,99,249,249,0,0,799,443,1998,1998,0,0,932,836,0,96,0,96,1,0.239270651361115,0.226697213211158,1,0,0
16050011,n5-6dof,N5 6-DOF graph,directed-grant-blackout,Directed GRANT blackout,grant-loss-witness,5,30435559132,20762400503,1160268,985617,175440741,1,2,421,0,0,3,3,0,1,NaN,0.7955,0,0,0,0,NaN,NaN,NaN,0,564,585,72,492,0,534,2.15168539325843,678,1149,4596,4197,399,0,1591,148,3979,3979,0,0,296,296,0,0,0,0,1,0.398221429167283,0.398221429167283,1,0,0
16050011,n5-6dof,N5 6-DOF graph,state-loss,Local client state loss,rejoin-boundary,5,30435559132,30435559132,1062446,492049,176900190,NaN,NaN,NaN,NaN,NaN,3,3,1,1,5,0.994,0,0,0,0,NaN,NaN,2,0,213,314,87,126,0,534,0.98689138576779,314,527,2108,2108,0,0,1988,2,4773,4773,0,0,4,4,0,0,0,0,1,0.406416058011285,0.406416058011285,1,0,0
16050011,n5-6dof,N5 6-DOF graph,owner-reconfiguration,Owner tuple reconfiguration,lease-fence-boundary,5,30435559132,30435559132,1062449,499276,177265338,NaN,NaN,NaN,NaN,NaN,3,3,1,1,5,0.9645,0,0,0,0,222,221,NaN,1,261,319,79,182,0,534,1.08614232209738,440,580,2320,2320,0,0,1929,22,4647,4647,0,0,47,43,0,4,0,4,1,0.402412575217269,0.40203724870533,1,0,0
16050011,n10-ring2,N10 ring2 graph,zero,Zero loss,native,10,113047348859,113047348859,1757145,3860088,504027300,NaN,NaN,NaN,NaN,NaN,3,3,1,1,10,0.98875,0,0,0,0,NaN,NaN,NaN,0,455,930,176,279,0,1409,0.982966643009226,930,1385,12465,12465,0,0,3955,13,10295,10295,0,0,30,30,0,0,0,0,1,0.455879139200985,0.293273441269413,1,0,0
16050011,n10-ring2,N10 ring2 graph,data-erasure-5,DATA erasure 5%,data-separation,10,113047348859,113047348859,2413015,3860088,504027300,NaN,NaN,NaN,NaN,NaN,3,3,1,1,10,0.98875,0,0,0,0,NaN,NaN,NaN,0,455,930,176,279,0,1409,0.982966643009226,930,1385,12465,12465,0,0,3955,13,10295,9786,509,0,30,27,3,0,0,0,1,0.455879139200985,0.293273441269413,1,0,0
16050011,n10-ring2,N10 ring2 graph,management-erasure-5,Management erasure 5%,control-loss,10,113047348859,113047348859,2081511,3826457,501012753,NaN,NaN,NaN,NaN,NaN,3,3,1,1,28,0.957,0,0,0,0,NaN,NaN,NaN,0,510,937,165,345,0,1409,1.02696948190206,1133,1447,13023,12405,618,0,3828,31,9986,9986,0,0,72,66,0,6,0,4,1,0.446788314316625,0.291180836296032,1,0,0
16050011,n10-ring2,N10 ring2 graph,local-management,Local management reach,visibility-boundary,10,113047348859,113047348859,1746229,709045,382845946,NaN,NaN,NaN,NaN,NaN,3,3,0,1,NaN,0.19975,0,0,0,0,NaN,NaN,NaN,0,68,31,37,31,0,1409,0.0702625975869411,31,99,351,351,0,0,799,610,2798,2798,0,0,1340,1172,0,168,0,129,1,0.148403428112233,0.129672898350495,1,0,0
16050011,n10-ring2,N10 ring2 graph,directed-grant-blackout,Directed GRANT blackout,grant-loss-witness,10,113047348859,74358545041,1855086,4229425,501371854,1,2,421,0,0,3,3,0,1,NaN,0.889,0,0,0,0,NaN,NaN,NaN,0,806,1050,159,647,0,1409,1.31724627395316,1298,1856,16704,16305,399,0,3556,88,9497,9497,0,0,180,180,0,0,0,0,1,0.43869233441961,0.316738060970931,1,0,0
16050011,n10-ring2,N10 ring2 graph,state-loss,Local client state loss,rejoin-boundary,10,113047348859,113047348859,1757564,3860517,504021139,NaN,NaN,NaN,NaN,NaN,3,3,1,1,10,0.98825,0,0,0,0,NaN,NaN,2,0,455,915,175,280,0,1409,0.972320794889993,931,1370,12330,12330,0,0,3953,14,10291,10291,0,0,32,32,0,0,0,0,1,0.45526164920884,0.292861781274649,1,0,0
16050011,n10-ring2,N10 ring2 graph,owner-reconfiguration,Owner tuple reconfiguration,lease-fence-boundary,10,113047348859,113047348859,1757567,3864415,503321724,NaN,NaN,NaN,NaN,NaN,3,3,1,1,10,0.92975,0,0,0,0,222,221,NaN,5,619,1035,156,463,0,1409,1.17388218594748,1479,1654,14886,14886,0,0,3719,65,9717,9717,0,0,156,141,0,15,0,9,1,0.44617082432448,0.299619866188683,1,0,0
16050012,n5-6dof,N5 6-DOF graph,zero,Zero loss,native,5,30426913624,30426913624,1062327,491184,176806773,NaN,NaN,NaN,NaN,NaN,3,3,1,1,5,0.995,0,0,0,0,NaN,NaN,NaN,0,213,310,89,124,0,534,0.97940074906367,310,523,2092,2092,0,0,1990,4,4777,4777,0,0,9,7,0,2,0,2,1,0.406916493360537,0.406728830104567,1,0,0
16050012,n5-6dof,N5 6-DOF graph,data-erasure-5,DATA erasure 5%,data-separation,5,30426913624,30426913624,1718197,491184,176806773,NaN,NaN,NaN,NaN,NaN,3,3,1,1,5,0.995,0,0,0,0,NaN,NaN,NaN,0,213,310,89,124,0,534,0.97940074906367,310,523,2092,2092,0,0,1990,4,4777,4546,231,0,9,7,0,2,0,2,1,0.406916493360537,0.406728830104567,1,0,0
16050012,n5-6dof,N5 6-DOF graph,management-erasure-5,Management erasure 5%,control-loss,5,30426913624,30426913624,1386693,488228,175097393,NaN,NaN,NaN,NaN,NaN,3,3,1,1,24,0.9665,0,0,0,0,NaN,NaN,NaN,0,216,268,81,135,0,534,0.906367041198502,326,484,1936,1860,76,0,1933,28,4644,4644,0,0,55,49,0,6,0,6,1,0.39828398358594,0.397158004050123,1,0,0
16050012,n5-6dof,N5 6-DOF graph,local-management,Local management reach,visibility-boundary,5,30426913624,30426913624,1061873,575881,137611490,NaN,NaN,NaN,NaN,NaN,3,3,0,1,NaN,0.3995,0,0,0,0,NaN,NaN,NaN,0,68,31,37,31,0,534,0.185393258426966,31,99,249,249,0,0,799,449,1998,1998,0,0,909,797,0,112,0,112,1,0.240396630896932,0.223131611347738,1,0,0
16050012,n5-6dof,N5 6-DOF graph,directed-grant-blackout,Directed GRANT blackout,grant-loss-witness,5,30426913624,20749278399,1160268,985731,175440741,1,2,421,0,0,3,3,0,1,NaN,0.7955,0,0,0,0,NaN,NaN,NaN,0,564,585,72,492,0,534,2.15168539325843,678,1149,4596,4197,399,0,1591,151,3979,3979,0,0,303,301,0,2,0,2,1,0.398784418935192,0.398596755679222,1,0,0
16050012,n5-6dof,N5 6-DOF graph,state-loss,Local client state loss,rejoin-boundary,5,30426913624,30426913624,1062446,492185,176900190,NaN,NaN,NaN,NaN,NaN,3,3,1,1,5,0.994,0,0,0,0,NaN,NaN,2,0,213,314,87,126,0,534,0.98689138576779,314,527,2108,2108,0,0,1988,6,4773,4773,0,0,13,11,0,2,0,2,1,0.407166711035163,0.406979047779193,1,0,0
16050012,n5-6dof,N5 6-DOF graph,owner-reconfiguration,Owner tuple reconfiguration,lease-fence-boundary,5,30426913624,30426913624,1062449,499526,177265338,NaN,NaN,NaN,NaN,NaN,3,3,1,1,5,0.9645,0,0,0,0,222,221,NaN,1,261,319,79,182,0,534,1.08614232209738,440,580,2320,2320,0,0,1929,29,4647,4647,0,0,61,51,0,10,0,8,1,0.403726218009055,0.402787901729208,1,0,0
16050012,n10-ring2,N10 ring2 graph,zero,Zero loss,native,10,113271492407,113271492407,1757145,3859903,504027300,NaN,NaN,NaN,NaN,NaN,3,3,1,1,10,0.98875,0,0,0,0,NaN,NaN,NaN,0,455,930,176,279,0,1409,0.982966643009226,930,1385,12465,12465,0,0,3955,8,10295,10295,0,0,18,18,0,0,0,0,1,0.455364564207531,0.29296469627334,1,0,0
16050012,n10-ring2,N10 ring2 graph,data-erasure-5,DATA erasure 5%,data-separation,10,113271492407,113271492407,2413015,3859903,504027300,NaN,NaN,NaN,NaN,NaN,3,3,1,1,10,0.98875,0,0,0,0,NaN,NaN,NaN,0,455,930,176,279,0,1409,0.982966643009226,930,1385,12465,12465,0,0,3955,8,10295,9784,511,0,18,16,2,0,0,0,1,0.455364564207531,0.29296469627334,1,0,0
16050012,n10-ring2,N10 ring2 graph,management-erasure-5,Management erasure 5%,control-loss,10,113271492407,113271492407,2081511,3862069,503380897,NaN,NaN,NaN,NaN,NaN,3,3,1,1,22,0.98025,0,0,0,0,NaN,NaN,NaN,0,533,979,172,361,0,1409,1.07310149041874,1181,1512,13608,12939,669,0,3921,14,10217,10217,0,0,31,31,0,0,0,0,1,0.456839679188767,0.295674791238866,1,0,0
16050012,n10-ring2,N10 ring2 graph,local-management,Local management reach,visibility-boundary,10,113271492407,113271492407,1746229,708463,382845946,NaN,NaN,NaN,NaN,NaN,3,3,0,1,NaN,0.19975,0,0,0,0,NaN,NaN,NaN,0,68,31,37,31,0,1409,0.0702625975869411,31,99,351,351,0,0,799,628,2798,2798,0,0,1400,1282,0,118,0,97,1,0.150255898088669,0.132245773317766,1,0,0
16050012,n10-ring2,N10 ring2 graph,directed-grant-blackout,Directed GRANT blackout,grant-loss-witness,10,113271492407,74596318011,1855086,4228870,501371854,1,2,421,0,0,3,3,0,1,NaN,0.889,0,0,0,0,NaN,NaN,NaN,0,806,1050,159,647,0,1409,1.31724627395316,1298,1856,16704,16305,399,0,3556,73,9497,9497,0,0,148,148,0,0,0,0,1,0.437148609439247,0.315400165987949,1,0,0
16050012,n10-ring2,N10 ring2 graph,state-loss,Local client state loss,rejoin-boundary,10,113271492407,113271492407,1757564,3860295,504021139,NaN,NaN,NaN,NaN,NaN,3,3,1,1,10,0.98825,0,0,0,0,NaN,NaN,2,0,455,915,175,280,0,1409,0.972320794889993,931,1370,12330,12330,0,0,3953,8,10291,10291,0,0,18,18,0,0,0,0,1,0.454644159216695,0.292450121279886,1,0,0
16050012,n10-ring2,N10 ring2 graph,owner-reconfiguration,Owner tuple reconfiguration,lease-fence-boundary,10,113271492407,113271492407,1757567,3863887,503321724,NaN,NaN,NaN,NaN,NaN,3,3,1,1,10,0.92975,0,0,0,0,222,221,NaN,5,619,1035,156,463,0,1409,1.17388218594748,1479,1654,14886,14886,0,0,3719,56,9717,9717,0,0,131,127,0,4,0,4,1,0.445244589336262,0.29931112119261,1,0,0
16050013,n5-6dof,N5 6-DOF graph,zero,Zero loss,native,5,30448662163,30448662163,1062327,491162,176806773,NaN,NaN,NaN,NaN,NaN,3,3,1,1,5,0.995,0,0,0,0,NaN,NaN,NaN,0,213,310,89,124,0,534,0.97940074906367,310,523,2092,2092,0,0,1990,3,4777,4777,0,0,6,4,0,2,0,2,1,0.406728830104567,0.406541166848598,1,0,0
16050013,n5-6dof,N5 6-DOF graph,data-erasure-5,DATA erasure 5%,data-separation,5,30448662163,30448662163,1718197,491162,176806773,NaN,NaN,NaN,NaN,NaN,3,3,1,1,5,0.995,0,0,0,0,NaN,NaN,NaN,0,213,310,89,124,0,534,0.97940074906367,310,523,2092,2092,0,0,1990,3,4777,4525,252,0,6,4,0,2,0,2,1,0.406728830104567,0.406541166848598,1,0,0
16050013,n5-6dof,N5 6-DOF graph,management-erasure-5,Management erasure 5%,control-loss,5,30448662163,30448662163,1386693,494096,176912194,NaN,NaN,NaN,NaN,NaN,3,3,1,1,5,0.9945,0,0,0,0,NaN,NaN,NaN,0,236,343,88,148,0,534,1.08426966292135,367,579,2316,2225,91,0,1989,3,4775,4775,0,0,6,4,0,2,0,2,1,0.410044214293362,0.409856551037392,1,0,0
16050013,n5-6dof,N5 6-DOF graph,local-management,Local management reach,visibility-boundary,5,30448662163,30448662163,1061873,575053,137611490,NaN,NaN,NaN,NaN,NaN,3,3,0,1,NaN,0.3995,0,0,0,0,NaN,NaN,NaN,0,68,31,37,31,0,534,0.185393258426966,31,99,249,249,0,0,799,431,1998,1998,0,0,912,818,0,94,0,94,1,0.237018692289481,0.223882264371616,1,0,0
16050013,n5-6dof,N5 6-DOF graph,directed-grant-blackout,Directed GRANT blackout,grant-loss-witness,5,30448662163,20674274672,1160268,985973,175440741,1,2,421,0,0,3,3,0,1,NaN,0.7955,0,0,0,0,NaN,NaN,NaN,0,564,585,72,492,0,534,2.15168539325843,678,1149,4596,4197,399,0,1591,162,3979,3979,0,0,324,322,0,2,0,2,1,0.400848714750856,0.400661051494887,1,0,0
16050013,n5-6dof,N5 6-DOF graph,state-loss,Local client state loss,rejoin-boundary,5,30448662163,30448662163,1062446,492141,176900190,NaN,NaN,NaN,NaN,NaN,3,3,1,1,5,0.994,0,0,0,0,NaN,NaN,2,0,213,314,87,126,0,534,0.98689138576779,314,527,2108,2108,0,0,1988,4,4773,4773,0,0,8,6,0,2,0,2,1,0.406791384523224,0.406603721267254,1,0,0
16050013,n5-6dof,N5 6-DOF graph,owner-reconfiguration,Owner tuple reconfiguration,lease-fence-boundary,5,30448662163,30448662163,1062449,499388,177265338,NaN,NaN,NaN,NaN,NaN,3,3,1,1,5,0.9645,0,0,0,0,222,221,NaN,1,261,319,79,182,0,534,1.08614232209738,440,580,2320,2320,0,0,1929,26,4647,4647,0,0,52,45,0,7,0,5,1,0.403163228241147,0.402412575217269,1,0,0
16050013,n10-ring2,N10 ring2 graph,zero,Zero loss,native,10,113166750484,113166750484,1757145,3860055,504027300,NaN,NaN,NaN,NaN,NaN,3,3,1,1,10,0.98875,0,0,0,0,NaN,NaN,NaN,0,455,930,176,279,0,1409,0.982966643009226,930,1385,12465,12465,0,0,3955,10,10295,10295,0,0,22,20,0,2,0,2,1,0.455570394204913,0.293170526270722,1,0,0
16050013,n10-ring2,N10 ring2 graph,data-erasure-5,DATA erasure 5%,data-separation,10,113166750484,113166750484,2413015,3860055,504027300,NaN,NaN,NaN,NaN,NaN,3,3,1,1,10,0.98875,0,0,0,0,NaN,NaN,NaN,0,455,930,176,279,0,1409,0.982966643009226,930,1385,12465,12465,0,0,3955,10,10295,9813,482,0,22,19,1,2,0,2,1,0.455570394204913,0.293170526270722,1,0,0
16050013,n10-ring2,N10 ring2 graph,management-erasure-5,Management erasure 5%,control-loss,10,113166750484,113166750484,2081511,3844002,503645853,NaN,NaN,NaN,NaN,NaN,3,3,1,1,10,0.98825,0,0,0,0,NaN,NaN,NaN,0,527,943,180,347,0,1409,1.04329311568488,1130,1470,13230,12635,595,0,3953,10,10291,10291,0,0,22,20,0,2,0,2,1,0.458280489170439,0.295880621236248,1,0,0
16050013,n10-ring2,N10 ring2 graph,local-management,Local management reach,visibility-boundary,10,113166750484,113166750484,1746229,709534,382845946,NaN,NaN,NaN,NaN,NaN,3,3,0,1,NaN,0.19975,0,0,0,0,NaN,NaN,NaN,0,68,31,37,31,0,1409,0.0702625975869411,31,99,351,351,0,0,799,619,2798,2798,0,0,1352,1183,0,169,0,133,1,0.149329663100451,0.130187473343949,1,0,0
16050013,n10-ring2,N10 ring2 graph,directed-grant-blackout,Directed GRANT blackout,grant-loss-witness,10,113166750484,74354809236,1855086,4229951,501371854,1,2,421,0,0,3,3,0,1,NaN,0.889,0,0,0,0,NaN,NaN,NaN,0,806,1050,159,647,0,1409,1.31724627395316,1298,1856,16704,16305,399,0,3556,98,9497,9497,0,0,198,194,0,4,0,4,1,0.439721484406519,0.31787012595653,1,0,0
16050013,n10-ring2,N10 ring2 graph,state-loss,Local client state loss,rejoin-boundary,10,113166750484,113166750484,1757564,3860447,504021139,NaN,NaN,NaN,NaN,NaN,3,3,1,1,10,0.98825,0,0,0,0,NaN,NaN,2,0,455,915,175,280,0,1409,0.972320794889993,931,1370,12330,12330,0,0,3953,10,10291,10291,0,0,22,20,0,2,0,2,1,0.454849989214077,0.292655951277267,1,0,0
16050013,n10-ring2,N10 ring2 graph,owner-reconfiguration,Owner tuple reconfiguration,lease-fence-boundary,10,113166750484,113166750484,1757567,3864606,503321724,NaN,NaN,NaN,NaN,NaN,3,3,1,1,10,0.92975,0,0,0,0,222,221,NaN,5,619,1035,156,463,0,1409,1.17388218594748,1479,1654,14886,14886,0,0,3719,67,9717,9717,0,0,151,137,0,14,0,12,1,0.446376654321862,0.299722781187374,1,0,0
16050014,n5-6dof,N5 6-DOF graph,zero,Zero loss,native,5,30365839758,30365839758,1062327,491206,176806773,NaN,NaN,NaN,NaN,NaN,3,3,1,1,5,0.995,0,0,0,0,NaN,NaN,NaN,0,213,310,89,124,0,534,0.97940074906367,310,523,2092,2092,0,0,1990,5,4777,4777,0,0,11,9,0,2,0,2,1,0.407104156616506,0.406916493360537,1,0,0
16050014,n5-6dof,N5 6-DOF graph,data-erasure-5,DATA erasure 5%,data-separation,5,30365839758,30365839758,1718197,491206,176806773,NaN,NaN,NaN,NaN,NaN,3,3,1,1,5,0.995,0,0,0,0,NaN,NaN,NaN,0,213,310,89,124,0,534,0.97940074906367,310,523,2092,2092,0,0,1990,5,4777,4517,260,0,11,8,1,2,0,2,1,0.407104156616506,0.406916493360537,1,0,0
16050014,n5-6dof,N5 6-DOF graph,management-erasure-5,Management erasure 5%,control-loss,5,30365839758,30365839758,1386693,494238,176762788,NaN,NaN,NaN,NaN,NaN,3,3,1,1,7,0.993,0,0,0,0,NaN,NaN,NaN,0,244,374,84,160,0,534,1.15730337078652,386,618,2472,2344,128,0,1986,8,4767,4767,0,0,18,16,0,2,0,2,1,0.412859163132904,0.412671499876935,1,0,0
16050014,n5-6dof,N5 6-DOF graph,local-management,Local management reach,visibility-boundary,5,30365839758,30365839758,1061873,574307,137611490,NaN,NaN,NaN,NaN,NaN,3,3,0,1,NaN,0.3995,0,0,0,0,NaN,NaN,NaN,0,68,31,37,31,0,534,0.185393258426966,31,99,249,249,0,0,799,408,1998,1998,0,0,859,775,0,84,0,84,1,0.232702437402182,0.220691989020134,1,0,0
16050014,n5-6dof,N5 6-DOF graph,directed-grant-blackout,Directed GRANT blackout,grant-loss-witness,5,30365839758,20713749216,1160268,985709,175440741,1,2,421,0,0,3,3,0,1,NaN,0.7955,0,0,0,0,NaN,NaN,NaN,0,564,585,72,492,0,534,2.15168539325843,678,1149,4596,4197,399,0,1591,150,3979,3979,0,0,301,299,0,2,0,2,1,0.398596755679222,0.398409092423253,1,0,0
16050014,n5-6dof,N5 6-DOF graph,state-loss,Local client state loss,rejoin-boundary,5,30365839758,30365839758,1062446,492185,176900190,NaN,NaN,NaN,NaN,NaN,3,3,1,1,5,0.994,0,0,0,0,NaN,NaN,2,0,213,314,87,126,0,534,0.98689138576779,314,527,2108,2108,0,0,1988,6,4773,4773,0,0,13,11,0,2,0,2,1,0.407166711035163,0.406979047779193,1,0,0
16050014,n5-6dof,N5 6-DOF graph,owner-reconfiguration,Owner tuple reconfiguration,lease-fence-boundary,5,30365839758,30365839758,1062449,499298,177265338,NaN,NaN,NaN,NaN,NaN,3,3,1,1,5,0.9645,0,0,0,0,222,221,NaN,1,261,319,79,182,0,534,1.08614232209738,440,580,2320,2320,0,0,1929,23,4647,4647,0,0,49,45,0,4,0,4,1,0.402600238473238,0.402224911961299,1,0,0
16050014,n10-ring2,N10 ring2 graph,zero,Zero loss,native,10,113316734341,113316734341,1757145,3859977,504027300,NaN,NaN,NaN,NaN,NaN,3,3,1,1,10,0.98875,0,0,0,0,NaN,NaN,NaN,0,455,930,176,279,0,1409,0.982966643009226,930,1385,12465,12465,0,0,3955,10,10295,10295,0,0,19,19,0,0,0,0,1,0.455570394204913,0.293067611272031,1,0,0
16050014,n10-ring2,N10 ring2 graph,data-erasure-5,DATA erasure 5%,data-separation,10,113316734341,113316734341,2413015,3859977,504027300,NaN,NaN,NaN,NaN,NaN,3,3,1,1,10,0.98875,0,0,0,0,NaN,NaN,NaN,0,455,930,176,279,0,1409,0.982966643009226,930,1385,12465,12465,0,0,3955,10,10295,9786,509,0,19,18,1,0,0,0,1,0.455570394204913,0.293067611272031,1,0,0
16050014,n10-ring2,N10 ring2 graph,management-erasure-5,Management erasure 5%,control-loss,10,113316734341,113316734341,2081511,3836482,502398831,NaN,NaN,NaN,NaN,NaN,3,3,1,1,24,0.96825,0,0,0,0,NaN,NaN,NaN,0,510,929,172,338,0,1409,1.02129169623847,1094,1439,12951,12359,592,0,3873,30,10103,10103,0,0,58,52,0,6,0,4,1,0.451042134262515,0.293376356268104,1,0,0
16050014,n10-ring2,N10 ring2 graph,local-management,Local management reach,visibility-boundary,10,113316734341,113316734341,1746229,712119,382845946,NaN,NaN,NaN,NaN,NaN,3,3,0,1,NaN,0.19975,0,0,0,0,NaN,NaN,NaN,0,68,31,37,31,0,1409,0.0702625975869411,31,99,351,351,0,0,799,672,2798,2798,0,0,1478,1256,0,222,0,149,1,0.154784158031067,0.13265743331253,1,0,0
16050014,n10-ring2,N10 ring2 graph,directed-grant-blackout,Directed GRANT blackout,grant-loss-witness,10,113316734341,74617252969,1855086,4229725,501371854,1,2,421,0,0,3,3,0,1,NaN,0.889,0,0,0,0,NaN,NaN,NaN,0,806,1050,159,647,0,1409,1.31724627395316,1298,1856,16704,16305,399,0,3556,94,9497,9497,0,0,187,185,0,2,0,2,1,0.439309824411756,0.317458465961767,1,0,0
16050014,n10-ring2,N10 ring2 graph,state-loss,Local client state loss,rejoin-boundary,10,113316734341,113316734341,1757564,3860406,504021139,NaN,NaN,NaN,NaN,NaN,3,3,1,1,10,0.98825,0,0,0,0,NaN,NaN,2,0,455,915,175,280,0,1409,0.972320794889993,931,1370,12330,12330,0,0,3953,11,10291,10291,0,0,21,21,0,0,0,0,1,0.454952904212768,0.292655951277267,1,0,0
16050014,n10-ring2,N10 ring2 graph,owner-reconfiguration,Owner tuple reconfiguration,lease-fence-boundary,10,113316734341,113316734341,1757567,3864331,503321724,NaN,NaN,NaN,NaN,NaN,3,3,1,1,10,0.92975,0,0,0,0,222,221,NaN,5,619,1035,156,463,0,1409,1.17388218594748,1479,1654,14886,14886,0,0,3719,68,9717,9717,0,0,161,155,0,6,0,4,1,0.446479569320553,0.299928611184755,1,0,0
16050015,n5-6dof,N5 6-DOF graph,zero,Zero loss,native,5,30415865142,30415865142,1062327,491206,176806773,NaN,NaN,NaN,NaN,NaN,3,3,1,1,5,0.995,0,0,0,0,NaN,NaN,NaN,0,213,310,89,124,0,534,0.97940074906367,310,523,2092,2092,0,0,1990,5,4777,4777,0,0,9,7,0,2,0,2,1,0.407104156616506,0.406916493360537,1,0,0
16050015,n5-6dof,N5 6-DOF graph,data-erasure-5,DATA erasure 5%,data-separation,5,30415865142,30415865142,1718197,491206,176806773,NaN,NaN,NaN,NaN,NaN,3,3,1,1,5,0.995,0,0,0,0,NaN,NaN,NaN,0,213,310,89,124,0,534,0.97940074906367,310,523,2092,2092,0,0,1990,5,4777,4534,243,0,9,7,0,2,0,2,1,0.407104156616506,0.406916493360537,1,0,0
16050015,n5-6dof,N5 6-DOF graph,management-erasure-5,Management erasure 5%,control-loss,5,30415865142,30415865142,1386693,493058,176794718,NaN,NaN,NaN,NaN,NaN,3,3,1,1,5,0.995,0,0,0,0,NaN,NaN,NaN,0,244,321,89,155,0,534,1.05805243445693,363,565,2260,2145,115,0,1990,5,4777,4777,0,0,9,7,0,2,0,2,1,0.409731442200079,0.40954377894411,1,0,0
16050015,n5-6dof,N5 6-DOF graph,local-management,Local management reach,visibility-boundary,5,30415865142,30415865142,1061873,574969,137611490,NaN,NaN,NaN,NaN,NaN,3,3,0,1,NaN,0.3995,0,0,0,0,NaN,NaN,NaN,0,68,31,37,31,0,534,0.185393258426966,31,99,249,249,0,0,799,425,1998,1998,0,0,870,774,0,96,0,96,1,0.235892712753664,0.22219329506789,1,0,0
16050015,n5-6dof,N5 6-DOF graph,directed-grant-blackout,Directed GRANT blackout,grant-loss-witness,5,30415865142,20747359951,1160268,986241,175440741,1,2,421,0,0,3,3,0,1,NaN,0.7955,0,0,0,0,NaN,NaN,NaN,0,564,585,72,492,0,534,2.15168539325843,678,1149,4596,4197,399,0,1591,172,3979,3979,0,0,343,339,0,4,0,4,1,0.402725347310551,0.402350020798612,1,0,0
16050015,n5-6dof,N5 6-DOF graph,state-loss,Local client state loss,rejoin-boundary,5,30415865142,30415865142,1062446,492185,176900190,NaN,NaN,NaN,NaN,NaN,3,3,1,1,5,0.994,0,0,0,0,NaN,NaN,2,0,213,314,87,126,0,534,0.98689138576779,314,527,2108,2108,0,0,1988,6,4773,4773,0,0,11,9,0,2,0,2,1,0.407166711035163,0.406979047779193,1,0,0
16050015,n5-6dof,N5 6-DOF graph,owner-reconfiguration,Owner tuple reconfiguration,lease-fence-boundary,5,30415865142,30415865142,1062449,499386,177265338,NaN,NaN,NaN,NaN,NaN,3,3,1,1,5,0.9645,0,0,0,0,222,221,NaN,1,261,319,79,182,0,534,1.08614232209738,440,580,2320,2320,0,0,1929,27,4647,4647,0,0,52,48,0,4,0,4,1,0.403350891497116,0.402787901729208,1,0,0
16050015,n10-ring2,N10 ring2 graph,zero,Zero loss,native,10,113136071401,113136071401,1757145,3860244,504027300,NaN,NaN,NaN,NaN,NaN,3,3,1,1,10,0.98875,0,0,0,0,NaN,NaN,NaN,0,455,930,176,279,0,1409,0.982966643009226,930,1385,12465,12465,0,0,3955,13,10295,10295,0,0,20,16,0,4,0,4,1,0.455879139200985,0.293067611272031,1,0,0
16050015,n10-ring2,N10 ring2 graph,data-erasure-5,DATA erasure 5%,data-separation,10,113136071401,113136071401,2413015,3860244,504027300,NaN,NaN,NaN,NaN,NaN,3,3,1,1,10,0.98875,0,0,0,0,NaN,NaN,NaN,0,455,930,176,279,0,1409,0.982966643009226,930,1385,12465,12465,0,0,3955,13,10295,9796,499,0,20,16,0,4,0,4,1,0.455879139200985,0.293067611272031,1,0,0
16050015,n10-ring2,N10 ring2 graph,management-erasure-5,Management erasure 5%,control-loss,10,113136071401,113136071401,2081511,3821257,503284939,NaN,NaN,NaN,NaN,NaN,3,3,1,1,10,0.98825,0,0,0,0,NaN,NaN,NaN,0,526,983,170,356,0,1409,1.07097232079489,1165,1509,13581,12908,673,0,3953,13,10291,10291,0,0,20,16,0,4,0,4,1,0.459927129149493,0.297218516219229,1,0,0
16050015,n10-ring2,N10 ring2 graph,local-management,Local management reach,visibility-boundary,10,113136071401,113136071401,1746229,710413,382845946,NaN,NaN,NaN,NaN,NaN,3,3,0,1,NaN,0.19975,0,0,0,0,NaN,NaN,NaN,0,68,31,37,31,0,1409,0.0702625975869411,31,99,351,351,0,0,799,628,2798,2798,0,0,1368,1181,0,187,0,147,1,0.150255898088669,0.130187473343949,1,0,0
16050015,n10-ring2,N10 ring2 graph,directed-grant-blackout,Directed GRANT blackout,grant-loss-witness,10,113136071401,74311674829,1855086,4230025,501371854,1,2,421,0,0,3,3,0,1,NaN,0.889,0,0,0,0,NaN,NaN,NaN,0,806,1050,159,647,0,1409,1.31724627395316,1298,1856,16704,16305,399,0,3556,100,9497,9497,0,0,194,190,0,4,0,4,1,0.439927314403901,0.31787012595653,1,0,0
16050015,n10-ring2,N10 ring2 graph,state-loss,Local client state loss,rejoin-boundary,10,113136071401,113136071401,1757564,3860636,504021139,NaN,NaN,NaN,NaN,NaN,3,3,1,1,10,0.98825,0,0,0,0,NaN,NaN,2,0,455,915,175,280,0,1409,0.972320794889993,931,1370,12330,12330,0,0,3953,13,10291,10291,0,0,20,16,0,4,0,4,1,0.455158734210149,0.292553036278577,1,0,0
16050015,n10-ring2,N10 ring2 graph,owner-reconfiguration,Owner tuple reconfiguration,lease-fence-boundary,10,113136071401,113136071401,1757567,3863817,503321724,NaN,NaN,NaN,NaN,NaN,3,3,1,1,10,0.92975,0,0,0,0,222,221,NaN,5,619,1035,156,463,0,1409,1.17388218594748,1479,1654,14886,14886,0,0,3719,52,9717,9717,0,0,115,107,0,8,0,6,1,0.444832929341499,0.298796546199156,1,0,0
16050016,n5-6dof,N5 6-DOF graph,zero,Zero loss,native,5,30344726728,30344726728,1062327,491092,176806773,NaN,NaN,NaN,NaN,NaN,3,3,1,1,5,0.995,0,0,0,0,NaN,NaN,NaN,0,213,310,89,124,0,534,0.97940074906367,310,523,2092,2092,0,0,1990,2,4777,4777,0,0,6,6,0,0,0,0,1,0.406541166848598,0.406541166848598,1,0,0
16050016,n5-6dof,N5 6-DOF graph,data-erasure-5,DATA erasure 5%,data-separation,5,30344726728,30344726728,1718197,491092,176806773,NaN,NaN,NaN,NaN,NaN,3,3,1,1,5,0.995,0,0,0,0,NaN,NaN,NaN,0,213,310,89,124,0,534,0.97940074906367,310,523,2092,2092,0,0,1990,2,4777,4541,236,0,6,6,0,0,0,0,1,0.406541166848598,0.406541166848598,1,0,0
16050016,n5-6dof,N5 6-DOF graph,management-erasure-5,Management erasure 5%,control-loss,5,30344726728,30344726728,1386693,492600,176686135,NaN,NaN,NaN,NaN,NaN,3,3,1,1,5,0.995,0,0,0,0,NaN,NaN,NaN,0,239,345,89,150,0,534,1.0936329588015,376,584,2336,2222,114,0,1990,2,4777,4777,0,0,6,6,0,0,0,0,1,0.410356986386644,0.410356986386644,1,0,0
16050016,n5-6dof,N5 6-DOF graph,local-management,Local management reach,visibility-boundary,5,30344726728,30344726728,1061873,575563,137611490,NaN,NaN,NaN,NaN,NaN,3,3,0,1,NaN,0.3995,0,0,0,0,NaN,NaN,NaN,0,68,31,37,31,0,534,0.185393258426966,31,99,249,249,0,0,799,452,1998,1998,0,0,961,865,0,96,0,96,1,0.240959620664841,0.228010856002945,1,0,0
16050016,n5-6dof,N5 6-DOF graph,directed-grant-blackout,Directed GRANT blackout,grant-loss-witness,5,30344726728,20644192008,1160268,985661,175440741,1,2,421,0,0,3,3,0,1,NaN,0.7955,0,0,0,0,NaN,NaN,NaN,0,564,585,72,492,0,534,2.15168539325843,678,1149,4596,4197,399,0,1591,150,3979,3979,0,0,302,302,0,0,0,0,1,0.398596755679222,0.398596755679222,1,0,0
16050016,n5-6dof,N5 6-DOF graph,state-loss,Local client state loss,rejoin-boundary,5,30344726728,30344726728,1062446,492049,176900190,NaN,NaN,NaN,NaN,NaN,3,3,1,1,5,0.994,0,0,0,0,NaN,NaN,2,0,213,314,87,126,0,534,0.98689138576779,314,527,2108,2108,0,0,1988,2,4773,4773,0,0,6,6,0,0,0,0,1,0.406416058011285,0.406416058011285,1,0,0
16050016,n5-6dof,N5 6-DOF graph,owner-reconfiguration,Owner tuple reconfiguration,lease-fence-boundary,5,30344726728,30344726728,1062449,499570,177265338,NaN,NaN,NaN,NaN,NaN,3,3,1,1,5,0.9645,0,0,0,0,222,221,NaN,1,261,319,79,182,0,534,1.08614232209738,440,580,2320,2320,0,0,1929,31,4647,4647,0,0,63,55,0,8,0,8,1,0.404101544520994,0.403163228241147,1,0,0
16050016,n10-ring2,N10 ring2 graph,zero,Zero loss,native,10,113187742500,113187742500,1757145,3859718,504027300,NaN,NaN,NaN,NaN,NaN,3,3,1,1,10,0.98875,0,0,0,0,NaN,NaN,NaN,0,455,930,176,279,0,1409,0.982966643009226,930,1385,12465,12465,0,0,3955,3,10295,10295,0,0,6,6,0,0,0,0,1,0.454849989214077,0.292553036278577,1,0,0
16050016,n10-ring2,N10 ring2 graph,data-erasure-5,DATA erasure 5%,data-separation,10,113187742500,113187742500,2413015,3859718,504027300,NaN,NaN,NaN,NaN,NaN,3,3,1,1,10,0.98875,0,0,0,0,NaN,NaN,NaN,0,455,930,176,279,0,1409,0.982966643009226,930,1385,12465,12465,0,0,3955,3,10295,9764,531,0,6,6,0,0,0,0,1,0.454849989214077,0.292553036278577,1,0,0
16050016,n10-ring2,N10 ring2 graph,management-erasure-5,Management erasure 5%,control-loss,10,113187742500,113187742500,2081511,3838901,502945927,NaN,NaN,NaN,NaN,NaN,3,3,1,1,25,0.97775,0,0,0,0,NaN,NaN,NaN,0,527,973,170,357,0,1409,1.06458481192335,1151,1500,13500,12831,669,0,3911,9,10192,10192,0,0,20,20,0,0,0,0,1,0.45488429421364,0.294131066258503,1,0,0
16050016,n10-ring2,N10 ring2 graph,local-management,Local management reach,visibility-boundary,10,113187742500,113187742500,1746229,706736,382845946,NaN,NaN,NaN,NaN,NaN,3,3,0,1,NaN,0.19975,0,0,0,0,NaN,NaN,NaN,0,68,31,37,31,0,1409,0.0702625975869411,31,99,351,351,0,0,799,575,2798,2798,0,0,1286,1155,0,131,0,103,1,0.144801403158052,0.13029038834264,1,0,0
16050016,n10-ring2,N10 ring2 graph,directed-grant-blackout,Directed GRANT blackout,grant-loss-witness,10,113187742500,74500928173,1855086,4229277,501371854,1,2,421,0,0,3,3,0,1,NaN,0.889,0,0,0,0,NaN,NaN,NaN,0,806,1050,159,647,0,1409,1.31724627395316,1298,1856,16704,16305,399,0,3556,84,9497,9497,0,0,168,168,0,0,0,0,1,0.438280674424847,0.316738060970931,1,0,0
16050016,n10-ring2,N10 ring2 graph,state-loss,Local client state loss,rejoin-boundary,10,113187742500,113187742500,1757564,3860110,504021139,NaN,NaN,NaN,NaN,NaN,3,3,1,1,10,0.98825,0,0,0,0,NaN,NaN,2,0,455,915,175,280,0,1409,0.972320794889993,931,1370,12330,12330,0,0,3953,3,10291,10291,0,0,6,6,0,0,0,0,1,0.454129584223241,0.292038461285122,1,0,0
16050016,n10-ring2,N10 ring2 graph,owner-reconfiguration,Owner tuple reconfiguration,lease-fence-boundary,10,113187742500,113187742500,1757567,3863519,503321724,NaN,NaN,NaN,NaN,NaN,3,3,1,1,10,0.92975,0,0,0,0,222,221,NaN,5,619,1035,156,463,0,1409,1.17388218594748,1479,1654,14886,14886,0,0,3719,45,9717,9717,0,0,103,94,0,9,0,5,1,0.444112524350663,0.298179056207011,1,0,0
16050017,n5-6dof,N5 6-DOF graph,zero,Zero loss,native,5,30401574799,30401574799,1062327,491092,176806773,NaN,NaN,NaN,NaN,NaN,3,3,1,1,5,0.995,0,0,0,0,NaN,NaN,NaN,0,213,310,89,124,0,534,0.97940074906367,310,523,2092,2092,0,0,1990,2,4777,4777,0,0,4,4,0,0,0,0,1,0.406541166848598,0.406541166848598,1,0,0
16050017,n5-6dof,N5 6-DOF graph,data-erasure-5,DATA erasure 5%,data-separation,5,30401574799,30401574799,1718197,491092,176806773,NaN,NaN,NaN,NaN,NaN,3,3,1,1,5,0.995,0,0,0,0,NaN,NaN,NaN,0,213,310,89,124,0,534,0.97940074906367,310,523,2092,2092,0,0,1990,2,4777,4530,247,0,4,3,1,0,0,0,1,0.406541166848598,0.406541166848598,1,0,0
16050017,n5-6dof,N5 6-DOF graph,management-erasure-5,Management erasure 5%,control-loss,5,30401574799,30401574799,1386693,489427,174471175,NaN,NaN,NaN,NaN,NaN,3,3,1,1,37,0.949,0,0,0,0,NaN,NaN,NaN,0,219,287,82,137,0,534,0.947565543071161,339,506,2024,1924,100,0,1898,37,4573,4573,0,0,69,63,0,6,0,6,1,0.394780936141176,0.393654956605359,1,0,0
16050017,n5-6dof,N5 6-DOF graph,local-management,Local management reach,visibility-boundary,5,30401574799,30401574799,1061873,575215,137611490,NaN,NaN,NaN,NaN,NaN,3,3,0,1,NaN,0.3995,0,0,0,0,NaN,NaN,NaN,0,68,31,37,31,0,534,0.185393258426966,31,99,249,249,0,0,799,434,1998,1998,0,0,903,805,0,98,0,98,1,0.23758168205739,0.222943948091768,1,0,0
16050017,n5-6dof,N5 6-DOF graph,directed-grant-blackout,Directed GRANT blackout,grant-loss-witness,5,30401574799,20701994298,1160268,985837,175440741,1,2,421,0,0,3,3,0,1,NaN,0.7955,0,0,0,0,NaN,NaN,NaN,0,564,585,72,492,0,534,2.15168539325843,678,1149,4596,4197,399,0,1591,158,3979,3979,0,0,316,316,0,0,0,0,1,0.400098061726978,0.400098061726978,1,0,0
16050017,n5-6dof,N5 6-DOF graph,state-loss,Local client state loss,rejoin-boundary,5,30401574799,30401574799,1062446,492071,176900190,NaN,NaN,NaN,NaN,NaN,3,3,1,1,5,0.994,0,0,0,0,NaN,NaN,2,0,213,314,87,126,0,534,0.98689138576779,314,527,2108,2108,0,0,1988,3,4773,4773,0,0,6,6,0,0,0,0,1,0.406603721267254,0.406603721267254,1,0,0
16050017,n5-6dof,N5 6-DOF graph,owner-reconfiguration,Owner tuple reconfiguration,lease-fence-boundary,5,30401574799,30401574799,1062449,499268,177265338,NaN,NaN,NaN,NaN,NaN,3,3,1,1,5,0.9645,0,0,0,0,222,221,NaN,1,261,319,79,182,0,534,1.08614232209738,440,580,2320,2320,0,0,1929,26,4647,4647,0,0,49,49,0,0,0,0,1,0.403163228241147,0.402600238473238,1,0,0
16050017,n10-ring2,N10 ring2 graph,zero,Zero loss,native,10,113007683585,113007683585,1757145,3859866,504027300,NaN,NaN,NaN,NaN,NaN,3,3,1,1,10,0.98875,0,0,0,0,NaN,NaN,NaN,0,455,930,176,279,0,1409,0.982966643009226,930,1385,12465,12465,0,0,3955,7,10295,10295,0,0,19,19,0,0,0,0,1,0.45526164920884,0.292861781274649,1,0,0
16050017,n10-ring2,N10 ring2 graph,data-erasure-5,DATA erasure 5%,data-separation,10,113007683585,113007683585,2413015,3859866,504027300,NaN,NaN,NaN,NaN,NaN,3,3,1,1,10,0.98875,0,0,0,0,NaN,NaN,NaN,0,455,930,176,279,0,1409,0.982966643009226,930,1385,12465,12465,0,0,3955,7,10295,9760,535,0,19,19,0,0,0,0,1,0.45526164920884,0.292861781274649,1,0,0
16050017,n10-ring2,N10 ring2 graph,management-erasure-5,Management erasure 5%,control-loss,10,113007683585,113007683585,2081511,3853148,503684462,NaN,NaN,NaN,NaN,NaN,3,3,1,1,10,0.9885,0,0,0,0,NaN,NaN,NaN,0,539,1021,176,363,0,1409,1.10716820440028,1198,1560,14040,13335,705,0,3954,8,10292,10292,0,0,22,18,0,4,0,2,1,0.461265024132474,0.298865156198283,1,0,0
16050017,n10-ring2,N10 ring2 graph,local-management,Local management reach,visibility-boundary,10,113007683585,113007683585,1746229,707866,382845946,NaN,NaN,NaN,NaN,NaN,3,3,0,1,NaN,0.19975,0,0,0,0,NaN,NaN,NaN,0,68,31,37,31,0,1409,0.0702625975869411,31,99,351,351,0,0,799,595,2798,2798,0,0,1334,1169,0,165,0,113,1,0.14685970313187,0.130907878334785,1,0,0
16050017,n10-ring2,N10 ring2 graph,directed-grant-blackout,Directed GRANT blackout,grant-loss-witness,10,113007683585,74344595262,1855086,4229022,501371854,1,2,421,0,0,3,3,0,1,NaN,0.889,0,0,0,0,NaN,NaN,NaN,0,806,1050,159,647,0,1409,1.31724627395316,1298,1856,16704,16305,399,0,3556,75,9497,9497,0,0,155,153,0,2,0,2,1,0.437354439436629,0.315605995985331,1,0,0
16050017,n10-ring2,N10 ring2 graph,state-loss,Local client state loss,rejoin-boundary,10,113007683585,113007683585,1757564,3860258,504021139,NaN,NaN,NaN,NaN,NaN,3,3,1,1,10,0.98825,0,0,0,0,NaN,NaN,2,0,455,915,175,280,0,1409,0.972320794889993,931,1370,12330,12330,0,0,3953,7,10291,10291,0,0,19,19,0,0,0,0,1,0.454541244218004,0.292347206281195,1,0,0
16050017,n10-ring2,N10 ring2 graph,owner-reconfiguration,Owner tuple reconfiguration,lease-fence-boundary,10,113007683585,113007683585,1757567,3863854,503321724,NaN,NaN,NaN,NaN,NaN,3,3,1,1,10,0.92975,0,0,0,0,222,221,NaN,5,619,1035,156,463,0,1409,1.17388218594748,1479,1654,14886,14886,0,0,3719,53,9717,9717,0,0,136,126,0,10,0,6,1,0.44493584434019,0.299002376196538,1,0,0
16050018,n5-6dof,N5 6-DOF graph,zero,Zero loss,native,5,30472098940,30472098940,1062327,491092,176806773,NaN,NaN,NaN,NaN,NaN,3,3,1,1,5,0.995,0,0,0,0,NaN,NaN,NaN,0,213,310,89,124,0,534,0.97940074906367,310,523,2092,2092,0,0,1990,2,4777,4777,0,0,5,5,0,0,0,0,1,0.406541166848598,0.406541166848598,1,0,0
16050018,n5-6dof,N5 6-DOF graph,data-erasure-5,DATA erasure 5%,data-separation,5,30472098940,30472098940,1718197,491092,176806773,NaN,NaN,NaN,NaN,NaN,3,3,1,1,5,0.995,0,0,0,0,NaN,NaN,NaN,0,213,310,89,124,0,534,0.97940074906367,310,523,2092,2092,0,0,1990,2,4777,4537,240,0,5,5,0,0,0,0,1,0.406541166848598,0.406541166848598,1,0,0
16050018,n5-6dof,N5 6-DOF graph,management-erasure-5,Management erasure 5%,control-loss,5,30472098940,30472098940,1386693,494917,175953637,NaN,NaN,NaN,NaN,NaN,3,3,1,1,24,0.9765,0,0,0,0,NaN,NaN,NaN,0,232,354,81,151,0,534,1.09737827715356,373,586,2344,2208,136,0,1953,10,4685,4685,0,0,26,26,0,0,0,0,1,0.405039860800842,0.405039860800842,1,0,0
16050018,n5-6dof,N5 6-DOF graph,local-management,Local management reach,visibility-boundary,5,30472098940,30472098940,1061873,574523,137611490,NaN,NaN,NaN,NaN,NaN,3,3,0,1,NaN,0.3995,0,0,0,0,NaN,NaN,NaN,0,68,31,37,31,0,534,0.185393258426966,31,99,249,249,0,0,799,420,1998,1998,0,0,884,802,0,82,0,82,1,0.234954396473816,0.222943948091768,1,0,0
16050018,n5-6dof,N5 6-DOF graph,directed-grant-blackout,Directed GRANT blackout,grant-loss-witness,5,30472098940,20780181518,1160268,985705,175440741,1,2,421,0,0,3,3,0,1,NaN,0.7955,0,0,0,0,NaN,NaN,NaN,0,564,585,72,492,0,534,2.15168539325843,678,1149,4596,4197,399,0,1591,152,3979,3979,0,0,305,305,0,0,0,0,1,0.398972082191161,0.398972082191161,1,0,0
16050018,n5-6dof,N5 6-DOF graph,state-loss,Local client state loss,rejoin-boundary,5,30472098940,30472098940,1062446,492049,176900190,NaN,NaN,NaN,NaN,NaN,3,3,1,1,5,0.994,0,0,0,0,NaN,NaN,2,0,213,314,87,126,0,534,0.98689138576779,314,527,2108,2108,0,0,1988,2,4773,4773,0,0,5,5,0,0,0,0,1,0.406416058011285,0.406416058011285,1,0,0
16050018,n5-6dof,N5 6-DOF graph,owner-reconfiguration,Owner tuple reconfiguration,lease-fence-boundary,5,30472098940,30472098940,1062449,499338,177265338,NaN,NaN,NaN,NaN,NaN,3,3,1,1,5,0.9645,0,0,0,0,222,221,NaN,1,261,319,79,182,0,534,1.08614232209738,440,580,2320,2320,0,0,1929,27,4647,4647,0,0,56,54,0,2,0,2,1,0.403350891497116,0.402975564985177,1,0,0
16050018,n10-ring2,N10 ring2 graph,zero,Zero loss,native,10,113191109152,113191109152,1757145,3859903,504027300,NaN,NaN,NaN,NaN,NaN,3,3,1,1,10,0.98875,0,0,0,0,NaN,NaN,NaN,0,455,930,176,279,0,1409,0.982966643009226,930,1385,12465,12465,0,0,3955,8,10295,10295,0,0,19,19,0,0,0,0,1,0.455364564207531,0.29296469627334,1,0,0
16050018,n10-ring2,N10 ring2 graph,data-erasure-5,DATA erasure 5%,data-separation,10,113191109152,113191109152,2413015,3859903,504027300,NaN,NaN,NaN,NaN,NaN,3,3,1,1,10,0.98875,0,0,0,0,NaN,NaN,NaN,0,455,930,176,279,0,1409,0.982966643009226,930,1385,12465,12465,0,0,3955,8,10295,9765,530,0,19,17,2,0,0,0,1,0.455364564207531,0.29296469627334,1,0,0
16050018,n10-ring2,N10 ring2 graph,management-erasure-5,Management erasure 5%,control-loss,10,113191109152,113191109152,2081511,3849950,503579510,NaN,NaN,NaN,NaN,NaN,3,3,1,1,10,0.988,0,0,0,0,NaN,NaN,NaN,0,546,1060,179,367,0,1409,1.13981547196593,1197,1606,14454,13660,794,0,3952,8,10288,10288,0,0,19,19,0,0,0,0,1,0.462637224115019,0.30044318617821,1,0,0
16050018,n10-ring2,N10 ring2 graph,local-management,Local management reach,visibility-boundary,10,113191109152,113191109152,1746229,706875,382845946,NaN,NaN,NaN,NaN,NaN,3,3,0,1,NaN,0.19975,0,0,0,0,NaN,NaN,NaN,0,68,31,37,31,0,1409,0.0702625975869411,31,99,351,351,0,0,799,603,2798,2798,0,0,1355,1241,0,114,0,80,1,0.147683023121397,0.132348688316457,1,0,0
16050018,n10-ring2,N10 ring2 graph,directed-grant-blackout,Directed GRANT blackout,grant-loss-witness,10,113191109152,74501243189,1855086,4228907,501371854,1,2,421,0,0,3,3,0,1,NaN,0.889,0,0,0,0,NaN,NaN,NaN,0,806,1050,159,647,0,1409,1.31724627395316,1298,1856,16704,16305,399,0,3556,74,9497,9497,0,0,151,151,0,0,0,0,1,0.437251524437938,0.31550308098664,1,0,0
16050018,n10-ring2,N10 ring2 graph,state-loss,Local client state loss,rejoin-boundary,10,113191109152,113191109152,1757564,3860295,504021139,NaN,NaN,NaN,NaN,NaN,3,3,1,1,10,0.98825,0,0,0,0,NaN,NaN,2,0,455,915,175,280,0,1409,0.972320794889993,931,1370,12330,12330,0,0,3953,8,10291,10291,0,0,19,19,0,0,0,0,1,0.454644159216695,0.292450121279886,1,0,0
16050018,n10-ring2,N10 ring2 graph,owner-reconfiguration,Owner tuple reconfiguration,lease-fence-boundary,10,113191109152,113191109152,1757567,3863936,503321724,NaN,NaN,NaN,NaN,NaN,3,3,1,1,10,0.92975,0,0,0,0,222,221,NaN,5,619,1035,156,463,0,1409,1.17388218594748,1479,1654,14886,14886,0,0,3719,51,9717,9717,0,0,120,104,0,16,0,10,1,0.444730014342808,0.298487801203083,1,0,0
16050019,n5-6dof,N5 6-DOF graph,zero,Zero loss,native,5,30443878204,30443878204,1062327,491162,176806773,NaN,NaN,NaN,NaN,NaN,3,3,1,1,5,0.995,0,0,0,0,NaN,NaN,NaN,0,213,310,89,124,0,534,0.97940074906367,310,523,2092,2092,0,0,1990,3,4777,4777,0,0,5,3,0,2,0,2,1,0.406728830104567,0.406541166848598,1,0,0
16050019,n5-6dof,N5 6-DOF graph,data-erasure-5,DATA erasure 5%,data-separation,5,30443878204,30443878204,1718197,491162,176806773,NaN,NaN,NaN,NaN,NaN,3,3,1,1,5,0.995,0,0,0,0,NaN,NaN,NaN,0,213,310,89,124,0,534,0.97940074906367,310,523,2092,2092,0,0,1990,3,4777,4521,256,0,5,3,0,2,0,2,1,0.406728830104567,0.406541166848598,1,0,0
16050019,n5-6dof,N5 6-DOF graph,management-erasure-5,Management erasure 5%,control-loss,5,30443878204,30443878204,1386693,491468,176426247,NaN,NaN,NaN,NaN,NaN,3,3,1,1,6,0.994,0,0,0,0,NaN,NaN,NaN,0,248,371,92,156,0,534,1.15917602996255,384,619,2476,2347,129,0,1988,3,4772,4772,0,0,5,3,0,2,0,2,1,0.412358727783652,0.412171064527683,1,0,0
16050019,n5-6dof,N5 6-DOF graph,local-management,Local management reach,visibility-boundary,5,30443878204,30443878204,1061873,575079,137611490,NaN,NaN,NaN,NaN,NaN,3,3,0,1,NaN,0.3995,0,0,0,0,NaN,NaN,NaN,0,68,31,37,31,0,534,0.185393258426966,31,99,249,249,0,0,799,430,1998,1998,0,0,902,806,0,96,0,96,1,0.236831029033512,0.222756284835799,1,0,0
16050019,n5-6dof,N5 6-DOF graph,directed-grant-blackout,Directed GRANT blackout,grant-loss-witness,5,30443878204,20746429756,1160268,985601,175440741,1,2,421,0,0,3,3,0,1,NaN,0.7955,0,0,0,0,NaN,NaN,NaN,0,564,585,72,492,0,534,2.15168539325843,678,1149,4596,4197,399,0,1591,144,3979,3979,0,0,287,282,0,5,0,3,1,0.397470776143405,0.397095449631466,1,0,0
16050019,n5-6dof,N5 6-DOF graph,state-loss,Local client state loss,rejoin-boundary,5,30443878204,30443878204,1062446,492163,176900190,NaN,NaN,NaN,NaN,NaN,3,3,1,1,5,0.994,0,0,0,0,NaN,NaN,2,0,213,314,87,126,0,534,0.98689138576779,314,527,2108,2108,0,0,1988,5,4773,4773,0,0,9,7,0,2,0,2,1,0.406979047779193,0.406791384523224,1,0,0
16050019,n5-6dof,N5 6-DOF graph,owner-reconfiguration,Owner tuple reconfiguration,lease-fence-boundary,5,30443878204,30443878204,1062449,499430,177265338,NaN,NaN,NaN,NaN,NaN,3,3,1,1,5,0.9645,0,0,0,0,222,221,NaN,1,261,319,79,182,0,534,1.08614232209738,440,580,2320,2320,0,0,1929,29,4647,4647,0,0,58,54,0,4,0,4,1,0.403726218009055,0.403163228241147,1,0,0
16050019,n10-ring2,N10 ring2 graph,zero,Zero loss,native,10,113211904333,113211904333,1757145,3860018,504027300,NaN,NaN,NaN,NaN,NaN,3,3,1,1,10,0.98875,0,0,0,0,NaN,NaN,NaN,0,455,930,176,279,0,1409,0.982966643009226,930,1385,12465,12465,0,0,3955,9,10295,10295,0,0,22,20,0,2,0,2,1,0.455467479206222,0.293067611272031,1,0,0
16050019,n10-ring2,N10 ring2 graph,data-erasure-5,DATA erasure 5%,data-separation,10,113211904333,113211904333,2413015,3860018,504027300,NaN,NaN,NaN,NaN,NaN,3,3,1,1,10,0.98875,0,0,0,0,NaN,NaN,NaN,0,455,930,176,279,0,1409,0.982966643009226,930,1385,12465,12465,0,0,3955,9,10295,9767,528,0,22,18,2,2,0,2,1,0.455467479206222,0.293067611272031,1,0,0
16050019,n10-ring2,N10 ring2 graph,management-erasure-5,Management erasure 5%,control-loss,10,113211904333,113211904333,2081511,3847671,499960288,NaN,NaN,NaN,NaN,NaN,3,3,1,1,31,0.94275,0,0,0,0,NaN,NaN,NaN,0,504,953,169,335,0,1409,1.03406671398155,1115,1457,13113,12471,642,0,3771,37,9865,9865,0,0,82,76,0,6,0,6,1,0.441882699379027,0.287201456346651,1,0,0
16050019,n10-ring2,N10 ring2 graph,local-management,Local management reach,visibility-boundary,10,113211904333,113211904333,1746229,708844,382845946,NaN,NaN,NaN,NaN,NaN,3,3,0,1,NaN,0.19975,0,0,0,0,NaN,NaN,NaN,0,68,31,37,31,0,1409,0.0702625975869411,31,99,351,351,0,0,799,613,2798,2798,0,0,1360,1191,0,169,0,121,1,0.148712173108306,0.131731198324312,1,0,0
16050019,n10-ring2,N10 ring2 graph,directed-grant-blackout,Directed GRANT blackout,grant-loss-witness,10,113211904333,74403196506,1855086,4229355,501371854,1,2,421,0,0,3,3,0,1,NaN,0.889,0,0,0,0,NaN,NaN,NaN,0,806,1050,159,647,0,1409,1.31724627395316,1298,1856,16704,16305,399,0,3556,84,9497,9497,0,0,172,170,0,2,0,2,1,0.438280674424847,0.316532230973549,1,0,0
16050019,n10-ring2,N10 ring2 graph,state-loss,Local client state loss,rejoin-boundary,10,113211904333,113211904333,1757564,3860410,504021139,NaN,NaN,NaN,NaN,NaN,3,3,1,1,10,0.98825,0,0,0,0,NaN,NaN,2,0,455,915,175,280,0,1409,0.972320794889993,931,1370,12330,12330,0,0,3953,9,10291,10291,0,0,22,20,0,2,0,2,1,0.454747074215386,0.292553036278577,1,0,0
16050019,n10-ring2,N10 ring2 graph,owner-reconfiguration,Owner tuple reconfiguration,lease-fence-boundary,10,113211904333,113211904333,1757567,3863780,503321724,NaN,NaN,NaN,NaN,NaN,3,3,1,1,10,0.92975,0,0,0,0,222,221,NaN,5,619,1035,156,463,0,1409,1.17388218594748,1479,1654,14886,14886,0,0,3719,51,9717,9717,0,0,129,123,0,6,0,6,1,0.444730014342808,0.298899461197847,1,0,0
16050020,n5-6dof,N5 6-DOF graph,zero,Zero loss,native,5,30490388750,30490388750,1062327,491158,176806773,NaN,NaN,NaN,NaN,NaN,3,3,1,1,5,0.995,0,0,0,0,NaN,NaN,NaN,0,213,310,89,124,0,534,0.97940074906367,310,523,2092,2092,0,0,1990,5,4777,4777,0,0,11,11,0,0,0,0,1,0.407104156616506,0.407104156616506,1,0,0
16050020,n5-6dof,N5 6-DOF graph,data-erasure-5,DATA erasure 5%,data-separation,5,30490388750,30490388750,1718197,491158,176806773,NaN,NaN,NaN,NaN,NaN,3,3,1,1,5,0.995,0,0,0,0,NaN,NaN,NaN,0,213,310,89,124,0,534,0.97940074906367,310,523,2092,2092,0,0,1990,5,4777,4521,256,0,11,11,0,0,0,0,1,0.407104156616506,0.407104156616506,1,0,0
16050020,n5-6dof,N5 6-DOF graph,management-erasure-5,Management erasure 5%,control-loss,5,30490388750,30490388750,1386693,490907,176549766,NaN,NaN,NaN,NaN,NaN,3,3,1,1,6,0.9945,0,0,0,0,NaN,NaN,NaN,0,242,324,92,150,0,534,1.05992509363296,369,566,2264,2149,115,0,1989,6,4775,4775,0,0,13,13,0,0,0,0,1,0.409793996618736,0.409793996618736,1,0,0
16050020,n5-6dof,N5 6-DOF graph,local-management,Local management reach,visibility-boundary,5,30490388750,30490388750,1061873,575301,137611490,NaN,NaN,NaN,NaN,NaN,3,3,0,1,NaN,0.3995,0,0,0,0,NaN,NaN,NaN,0,68,31,37,31,0,534,0.185393258426966,31,99,249,249,0,0,799,427,1998,1998,0,0,872,764,0,108,0,108,1,0.236268039265603,0.221067315532073,1,0,0
16050020,n5-6dof,N5 6-DOF graph,directed-grant-blackout,Directed GRANT blackout,grant-loss-witness,5,30490388750,20801383982,1160268,985947,175440741,1,2,421,0,0,3,3,0,1,NaN,0.7955,0,0,0,0,NaN,NaN,NaN,0,564,585,72,492,0,534,2.15168539325843,678,1149,4596,4197,399,0,1591,163,3979,3979,0,0,327,327,0,0,0,0,1,0.401036378006826,0.401036378006826,1,0,0
16050020,n5-6dof,N5 6-DOF graph,state-loss,Local client state loss,rejoin-boundary,5,30490388750,30490388750,1062446,492115,176900190,NaN,NaN,NaN,NaN,NaN,3,3,1,1,5,0.994,0,0,0,0,NaN,NaN,2,0,213,314,87,126,0,534,0.98689138576779,314,527,2108,2108,0,0,1988,5,4773,4773,0,0,11,11,0,0,0,0,1,0.406979047779193,0.406979047779193,1,0,0
16050020,n5-6dof,N5 6-DOF graph,owner-reconfiguration,Owner tuple reconfiguration,lease-fence-boundary,5,30490388750,30490388750,1062449,499162,177265338,NaN,NaN,NaN,NaN,NaN,3,3,1,1,5,0.9645,0,0,0,0,222,221,NaN,1,261,319,79,182,0,534,1.08614232209738,440,580,2320,2320,0,0,1929,19,4647,4647,0,0,39,37,0,2,0,2,1,0.40184958544936,0.401661922193391,1,0,0
16050020,n10-ring2,N10 ring2 graph,zero,Zero loss,native,10,113276940762,113276940762,1757145,3860207,504027300,NaN,NaN,NaN,NaN,NaN,3,3,1,1,10,0.98875,0,0,0,0,NaN,NaN,NaN,0,455,930,176,279,0,1409,0.982966643009226,930,1385,12465,12465,0,0,3955,12,10295,10295,0,0,26,20,0,6,0,4,1,0.455776224202295,0.293067611272031,1,0,0
16050020,n10-ring2,N10 ring2 graph,data-erasure-5,DATA erasure 5%,data-separation,10,113276940762,113276940762,2413015,3860207,504027300,NaN,NaN,NaN,NaN,NaN,3,3,1,1,10,0.98875,0,0,0,0,NaN,NaN,NaN,0,455,930,176,279,0,1409,0.982966643009226,930,1385,12465,12465,0,0,3955,12,10295,9784,511,0,26,18,2,6,0,4,1,0.455776224202295,0.293067611272031,1,0,0
16050020,n10-ring2,N10 ring2 graph,management-erasure-5,Management erasure 5%,control-loss,10,113276940762,113276940762,2081511,3837464,503073237,NaN,NaN,NaN,NaN,NaN,3,3,1,1,20,0.98075,0,0,0,0,NaN,NaN,NaN,0,548,899,180,368,0,1409,1.02696948190206,1173,1447,13023,12332,691,0,3923,18,10220,10220,0,0,41,31,0,10,0,6,1,0.455227344209277,0.293650796264612,1,0,0
16050020,n10-ring2,N10 ring2 graph,local-management,Local management reach,visibility-boundary,10,113276940762,113276940762,1746229,708857,382845946,NaN,NaN,NaN,NaN,NaN,3,3,0,1,NaN,0.19975,0,0,0,0,NaN,NaN,NaN,0,68,31,37,31,0,1409,0.0702625975869411,31,99,351,351,0,0,799,626,2798,2798,0,0,1381,1231,0,150,0,109,1,0.150050068091287,0.131937028321694,1,0,0
16050020,n10-ring2,N10 ring2 graph,directed-grant-blackout,Directed GRANT blackout,grant-loss-witness,10,113276940762,74557147768,1855086,4229248,501371854,1,2,421,0,0,3,3,0,1,NaN,0.889,0,0,0,0,NaN,NaN,NaN,0,806,1050,159,647,0,1409,1.31724627395316,1298,1856,16704,16305,399,0,3556,79,9497,9497,0,0,160,154,0,6,0,4,1,0.437766099431392,0.315811825982713,1,0,0
16050020,n10-ring2,N10 ring2 graph,state-loss,Local client state loss,rejoin-boundary,10,113276940762,113276940762,1757564,3860599,504021139,NaN,NaN,NaN,NaN,NaN,3,3,1,1,10,0.98825,0,0,0,0,NaN,NaN,2,0,455,915,175,280,0,1409,0.972320794889993,931,1370,12330,12330,0,0,3953,12,10291,10291,0,0,26,20,0,6,0,4,1,0.455055819211458,0.292553036278577,1,0,0
16050020,n10-ring2,N10 ring2 graph,owner-reconfiguration,Owner tuple reconfiguration,lease-fence-boundary,10,113276940762,113276940762,1757567,3863858,503321724,NaN,NaN,NaN,NaN,NaN,3,3,1,1,10,0.92975,0,0,0,0,222,221,NaN,5,619,1035,156,463,0,1409,1.17388218594748,1479,1654,14886,14886,0,0,3719,51,9717,9717,0,0,123,109,0,14,0,8,1,0.444730014342808,0.298590716201774,1,0,0
16050021,n5-6dof,N5 6-DOF graph,zero,Zero loss,native,5,30373760440,30373760440,1062327,491092,176806773,NaN,NaN,NaN,NaN,NaN,3,3,1,1,5,0.995,0,0,0,0,NaN,NaN,NaN,0,213,310,89,124,0,534,0.97940074906367,310,523,2092,2092,0,0,1990,2,4777,4777,0,0,6,6,0,0,0,0,1,0.406541166848598,0.406541166848598,1,0,0
16050021,n5-6dof,N5 6-DOF graph,data-erasure-5,DATA erasure 5%,data-separation,5,30373760440,30373760440,1718197,491092,176806773,NaN,NaN,NaN,NaN,NaN,3,3,1,1,5,0.995,0,0,0,0,NaN,NaN,NaN,0,213,310,89,124,0,534,0.97940074906367,310,523,2092,2092,0,0,1990,2,4777,4560,217,0,6,6,0,0,0,0,1,0.406541166848598,0.406541166848598,1,0,0
16050021,n5-6dof,N5 6-DOF graph,management-erasure-5,Management erasure 5%,control-loss,5,30373760440,30373760440,1386693,496189,177032737,NaN,NaN,NaN,NaN,NaN,3,3,1,1,5,0.9945,0,0,0,0,NaN,NaN,NaN,0,245,352,86,159,0,534,1.11797752808989,386,597,2388,2247,141,0,1989,2,4774,4774,0,0,6,6,0,0,0,0,1,0.410982530573209,0.410982530573209,1,0,0
16050021,n5-6dof,N5 6-DOF graph,local-management,Local management reach,visibility-boundary,5,30373760440,30373760440,1061873,575075,137611490,NaN,NaN,NaN,NaN,NaN,3,3,0,1,NaN,0.3995,0,0,0,0,NaN,NaN,NaN,0,68,31,37,31,0,534,0.185393258426966,31,99,249,249,0,0,799,432,1998,1998,0,0,902,808,0,94,0,94,1,0.237206355545451,0.223694601115646,1,0,0
16050021,n5-6dof,N5 6-DOF graph,directed-grant-blackout,Directed GRANT blackout,grant-loss-witness,5,30373760440,20702245010,1160268,985529,175440741,1,2,421,0,0,3,3,0,1,NaN,0.7955,0,0,0,0,NaN,NaN,NaN,0,564,585,72,492,0,534,2.15168539325843,678,1149,4596,4197,399,0,1591,144,3979,3979,0,0,290,290,0,0,0,0,1,0.397470776143405,0.397470776143405,1,0,0
16050021,n5-6dof,N5 6-DOF graph,state-loss,Local client state loss,rejoin-boundary,5,30373760440,30373760440,1062446,492093,176900190,NaN,NaN,NaN,NaN,NaN,3,3,1,1,5,0.994,0,0,0,0,NaN,NaN,2,0,213,314,87,126,0,534,0.98689138576779,314,527,2108,2108,0,0,1988,4,4773,4773,0,0,10,10,0,0,0,0,1,0.406791384523224,0.406791384523224,1,0,0
16050021,n5-6dof,N5 6-DOF graph,owner-reconfiguration,Owner tuple reconfiguration,lease-fence-boundary,5,30373760440,30373760440,1062449,499342,177265338,NaN,NaN,NaN,NaN,NaN,3,3,1,1,5,0.9645,0,0,0,0,222,221,NaN,1,261,319,79,182,0,534,1.08614232209738,440,580,2320,2320,0,0,1929,25,4647,4647,0,0,54,48,0,6,0,4,1,0.402975564985177,0.402412575217269,1,0,0
16050021,n10-ring2,N10 ring2 graph,zero,Zero loss,native,10,113317167943,113317167943,1757145,3859981,504027300,NaN,NaN,NaN,NaN,NaN,3,3,1,1,10,0.98875,0,0,0,0,NaN,NaN,NaN,0,455,930,176,279,0,1409,0.982966643009226,930,1385,12465,12465,0,0,3955,8,10295,10295,0,0,19,17,0,2,0,2,1,0.455364564207531,0.292758866275958,1,0,0
16050021,n10-ring2,N10 ring2 graph,data-erasure-5,DATA erasure 5%,data-separation,10,113317167943,113317167943,2413015,3859981,504027300,NaN,NaN,NaN,NaN,NaN,3,3,1,1,10,0.98875,0,0,0,0,NaN,NaN,NaN,0,455,930,176,279,0,1409,0.982966643009226,930,1385,12465,12465,0,0,3955,8,10295,9852,443,0,19,17,0,2,0,2,1,0.455364564207531,0.292758866275958,1,0,0
16050021,n10-ring2,N10 ring2 graph,management-erasure-5,Management erasure 5%,control-loss,10,113317167943,113317167943,2081511,3864657,503859223,NaN,NaN,NaN,NaN,NaN,3,3,1,1,10,0.98825,0,0,0,0,NaN,NaN,NaN,0,535,1011,177,358,0,1409,1.097232079489,1194,1546,13914,13199,715,0,3953,9,10290,10290,0,0,22,17,0,5,0,3,1,0.460784754138584,0.298179056207011,1,0,0
16050021,n10-ring2,N10 ring2 graph,local-management,Local management reach,visibility-boundary,10,113317167943,113317167943,1746229,708910,382845946,NaN,NaN,NaN,NaN,NaN,3,3,0,1,NaN,0.19975,0,0,0,0,NaN,NaN,NaN,0,68,31,37,31,0,1409,0.0702625975869411,31,99,351,351,0,0,799,619,2798,2798,0,0,1365,1212,0,153,0,117,1,0.149329663100451,0.131628283325621,1,0,0
16050021,n10-ring2,N10 ring2 graph,directed-grant-blackout,Directed GRANT blackout,grant-loss-witness,10,113317167943,74523447934,1855086,4229355,501371854,1,2,421,0,0,3,3,0,1,NaN,0.889,0,0,0,0,NaN,NaN,NaN,0,806,1050,159,647,0,1409,1.31724627395316,1298,1856,16704,16305,399,0,3556,84,9497,9497,0,0,171,169,0,2,0,2,1,0.438280674424847,0.316429315974858,1,0,0
16050021,n10-ring2,N10 ring2 graph,state-loss,Local client state loss,rejoin-boundary,10,113317167943,113317167943,1757564,3860410,504021139,NaN,NaN,NaN,NaN,NaN,3,3,1,1,10,0.98825,0,0,0,0,NaN,NaN,2,0,455,915,175,280,0,1409,0.972320794889993,931,1370,12330,12330,0,0,3953,9,10291,10291,0,0,21,19,0,2,0,2,1,0.454747074215386,0.292347206281195,1,0,0
16050021,n10-ring2,N10 ring2 graph,owner-reconfiguration,Owner tuple reconfiguration,lease-fence-boundary,10,113317167943,113317167943,1757567,3863439,503321724,NaN,NaN,NaN,NaN,NaN,3,3,1,1,10,0.92975,0,0,0,0,222,221,NaN,5,619,1035,156,463,0,1409,1.17388218594748,1479,1654,14886,14886,0,0,3719,46,9717,9717,0,0,110,108,0,2,0,2,1,0.444215439349354,0.298384886204392,1,0,0
16050022,n5-6dof,N5 6-DOF graph,zero,Zero loss,native,5,30335128501,30335128501,1062327,491092,176806773,NaN,NaN,NaN,NaN,NaN,3,3,1,1,5,0.995,0,0,0,0,NaN,NaN,NaN,0,213,310,89,124,0,534,0.97940074906367,310,523,2092,2092,0,0,1990,2,4777,4777,0,0,5,5,0,0,0,0,1,0.406541166848598,0.406541166848598,1,0,0
16050022,n5-6dof,N5 6-DOF graph,data-erasure-5,DATA erasure 5%,data-separation,5,30335128501,30335128501,1718197,491092,176806773,NaN,NaN,NaN,NaN,NaN,3,3,1,1,5,0.995,0,0,0,0,NaN,NaN,NaN,0,213,310,89,124,0,534,0.97940074906367,310,523,2092,2092,0,0,1990,2,4777,4523,254,0,5,5,0,0,0,0,1,0.406541166848598,0.406541166848598,1,0,0
16050022,n5-6dof,N5 6-DOF graph,management-erasure-5,Management erasure 5%,control-loss,5,30335128501,30335128501,1386693,491970,176770272,NaN,NaN,NaN,NaN,NaN,3,3,1,1,5,0.995,0,0,0,0,NaN,NaN,NaN,0,231,329,90,141,0,534,1.04868913857678,347,560,2240,2143,97,0,1990,2,4777,4777,0,0,5,5,0,0,0,0,1,0.408855680338888,0.408855680338888,1,0,0
16050022,n5-6dof,N5 6-DOF graph,local-management,Local management reach,visibility-boundary,5,30335128501,30335128501,1061873,574101,137611490,NaN,NaN,NaN,NaN,NaN,3,3,0,1,NaN,0.3995,0,0,0,0,NaN,NaN,NaN,0,68,31,37,31,0,534,0.185393258426966,31,99,249,249,0,0,799,403,1998,1998,0,0,849,769,0,80,0,80,1,0.231764121122335,0.219378346228348,1,0,0
16050022,n5-6dof,N5 6-DOF graph,directed-grant-blackout,Directed GRANT blackout,grant-loss-witness,5,30335128501,20692219009,1160268,985375,175440741,1,2,421,0,0,3,3,0,1,NaN,0.7955,0,0,0,0,NaN,NaN,NaN,0,564,585,72,492,0,534,2.15168539325843,678,1149,4596,4197,399,0,1591,137,3979,3979,0,0,275,275,0,0,0,0,1,0.396157133351619,0.396157133351619,1,0,0
16050022,n5-6dof,N5 6-DOF graph,state-loss,Local client state loss,rejoin-boundary,5,30335128501,30335128501,1062446,492049,176900190,NaN,NaN,NaN,NaN,NaN,3,3,1,1,5,0.994,0,0,0,0,NaN,NaN,2,0,213,314,87,126,0,534,0.98689138576779,314,527,2108,2108,0,0,1988,2,4773,4773,0,0,5,5,0,0,0,0,1,0.406416058011285,0.406416058011285,1,0,0
16050022,n5-6dof,N5 6-DOF graph,owner-reconfiguration,Owner tuple reconfiguration,lease-fence-boundary,5,30335128501,30335128501,1062449,499206,177265338,NaN,NaN,NaN,NaN,NaN,3,3,1,1,5,0.9645,0,0,0,0,222,221,NaN,1,261,319,79,182,0,534,1.08614232209738,440,580,2320,2320,0,0,1929,21,4647,4647,0,0,43,41,0,2,0,2,1,0.402224911961299,0.40203724870533,1,0,0
16050022,n10-ring2,N10 ring2 graph,zero,Zero loss,native,10,113332677778,113332677778,1757145,3860166,504027300,NaN,NaN,NaN,NaN,NaN,3,3,1,1,10,0.98875,0,0,0,0,NaN,NaN,NaN,0,455,930,176,279,0,1409,0.982966643009226,930,1385,12465,12465,0,0,3955,13,10295,10295,0,0,28,26,0,2,0,2,1,0.455879139200985,0.293376356268104,1,0,0
16050022,n10-ring2,N10 ring2 graph,data-erasure-5,DATA erasure 5%,data-separation,10,113332677778,113332677778,2413015,3860166,504027300,NaN,NaN,NaN,NaN,NaN,3,3,1,1,10,0.98875,0,0,0,0,NaN,NaN,NaN,0,455,930,176,279,0,1409,0.982966643009226,930,1385,12465,12465,0,0,3955,13,10295,9795,500,0,28,25,1,2,0,2,1,0.455879139200985,0.293376356268104,1,0,0
16050022,n10-ring2,N10 ring2 graph,management-erasure-5,Management erasure 5%,control-loss,10,113332677778,113332677778,2081511,3843697,503235377,NaN,NaN,NaN,NaN,NaN,3,3,1,1,21,0.9815,0,0,0,0,NaN,NaN,NaN,0,521,929,172,349,0,1409,1.0290986515259,1143,1450,13050,12413,637,0,3926,18,10227,10227,0,0,40,38,0,2,0,2,1,0.45563900420404,0.293959541260685,1,0,0
16050022,n10-ring2,N10 ring2 graph,local-management,Local management reach,visibility-boundary,10,113332677778,113332677778,1746229,708450,382845946,NaN,NaN,NaN,NaN,NaN,3,3,0,1,NaN,0.19975,0,0,0,0,NaN,NaN,NaN,0,68,31,37,31,0,1409,0.0702625975869411,31,99,351,351,0,0,799,615,2798,2798,0,0,1370,1230,0,140,0,109,1,0.148918003105687,0.132039943320385,1,0,0
16050022,n10-ring2,N10 ring2 graph,directed-grant-blackout,Directed GRANT blackout,grant-loss-witness,10,113332677778,74523222520,1855086,4229688,501371854,1,2,421,0,0,3,3,0,1,NaN,0.889,0,0,0,0,NaN,NaN,NaN,0,806,1050,159,647,0,1409,1.31724627395316,1298,1856,16704,16305,399,0,3556,93,9497,9497,0,0,188,186,0,2,0,2,1,0.439206909413065,0.317458465961767,1,0,0
16050022,n10-ring2,N10 ring2 graph,state-loss,Local client state loss,rejoin-boundary,10,113332677778,113332677778,1757564,3860558,504021139,NaN,NaN,NaN,NaN,NaN,3,3,1,1,10,0.98825,0,0,0,0,NaN,NaN,2,0,455,915,175,280,0,1409,0.972320794889993,931,1370,12330,12330,0,0,3953,13,10291,10291,0,0,28,26,0,2,0,2,1,0.455158734210149,0.292861781274649,1,0,0
16050022,n10-ring2,N10 ring2 graph,owner-reconfiguration,Owner tuple reconfiguration,lease-fence-boundary,10,113332677778,113332677778,1757567,3864294,503321724,NaN,NaN,NaN,NaN,NaN,3,3,1,1,10,0.92975,0,0,0,0,222,221,NaN,5,619,1035,156,463,0,1409,1.17388218594748,1479,1654,14886,14886,0,0,3719,67,9717,9717,0,0,159,153,0,6,0,4,1,0.446376654321862,0.300340271179519,1,0,0
16050023,n5-6dof,N5 6-DOF graph,zero,Zero loss,native,5,30394854745,30394854745,1062327,491206,176806773,NaN,NaN,NaN,NaN,NaN,3,3,1,1,5,0.995,0,0,0,0,NaN,NaN,NaN,0,213,310,89,124,0,534,0.97940074906367,310,523,2092,2092,0,0,1990,5,4777,4777,0,0,10,8,0,2,0,2,1,0.407104156616506,0.406916493360537,1,0,0
16050023,n5-6dof,N5 6-DOF graph,data-erasure-5,DATA erasure 5%,data-separation,5,30394854745,30394854745,1718197,491206,176806773,NaN,NaN,NaN,NaN,NaN,3,3,1,1,5,0.995,0,0,0,0,NaN,NaN,NaN,0,213,310,89,124,0,534,0.97940074906367,310,523,2092,2092,0,0,1990,5,4777,4522,255,0,10,8,0,2,0,2,1,0.407104156616506,0.406916493360537,1,0,0
16050023,n5-6dof,N5 6-DOF graph,management-erasure-5,Management erasure 5%,control-loss,5,30394854745,30394854745,1386693,491628,176677637,NaN,NaN,NaN,NaN,NaN,3,3,1,1,5,0.9945,0,0,0,0,NaN,NaN,NaN,0,239,304,86,153,0,534,1.01685393258427,370,543,2172,2071,101,0,1989,5,4775,4775,0,0,10,8,0,2,0,2,1,0.408167581733667,0.407979918477697,1,0,0
16050023,n5-6dof,N5 6-DOF graph,local-management,Local management reach,visibility-boundary,5,30394854745,30394854745,1061873,574815,137611490,NaN,NaN,NaN,NaN,NaN,3,3,0,1,NaN,0.3995,0,0,0,0,NaN,NaN,NaN,0,68,31,37,31,0,534,0.185393258426966,31,99,249,249,0,0,799,418,1998,1998,0,0,872,776,0,96,0,96,1,0.234579069961877,0.221442642044012,1,0,0
16050023,n5-6dof,N5 6-DOF graph,directed-grant-blackout,Directed GRANT blackout,grant-loss-witness,5,30394854745,20719420357,1160268,985709,175440741,1,2,421,0,0,3,3,0,1,NaN,0.7955,0,0,0,0,NaN,NaN,NaN,0,564,585,72,492,0,534,2.15168539325843,678,1149,4596,4197,399,0,1591,150,3979,3979,0,0,300,298,0,2,0,2,1,0.398596755679222,0.398409092423253,1,0,0
16050023,n5-6dof,N5 6-DOF graph,state-loss,Local client state loss,rejoin-boundary,5,30394854745,30394854745,1062446,492185,176900190,NaN,NaN,NaN,NaN,NaN,3,3,1,1,5,0.994,0,0,0,0,NaN,NaN,2,0,213,314,87,126,0,534,0.98689138576779,314,527,2108,2108,0,0,1988,6,4773,4773,0,0,12,10,0,2,0,2,1,0.407166711035163,0.406979047779193,1,0,0
16050023,n5-6dof,N5 6-DOF graph,owner-reconfiguration,Owner tuple reconfiguration,lease-fence-boundary,5,30394854745,30394854745,1062449,499412,177265338,NaN,NaN,NaN,NaN,NaN,3,3,1,1,5,0.9645,0,0,0,0,222,221,NaN,1,261,319,79,182,0,534,1.08614232209738,440,580,2320,2320,0,0,1929,26,4647,4647,0,0,50,42,0,8,0,6,1,0.403163228241147,0.402412575217269,1,0,0
16050023,n10-ring2,N10 ring2 graph,zero,Zero loss,native,10,113311215835,113311215835,1757145,3859829,504027300,NaN,NaN,NaN,NaN,NaN,3,3,1,1,10,0.98875,0,0,0,0,NaN,NaN,NaN,0,455,930,176,279,0,1409,0.982966643009226,930,1385,12465,12465,0,0,3955,6,10295,10295,0,0,15,15,0,0,0,0,1,0.455158734210149,0.292758866275958,1,0,0
16050023,n10-ring2,N10 ring2 graph,data-erasure-5,DATA erasure 5%,data-separation,10,113311215835,113311215835,2413015,3859829,504027300,NaN,NaN,NaN,NaN,NaN,3,3,1,1,10,0.98875,0,0,0,0,NaN,NaN,NaN,0,455,930,176,279,0,1409,0.982966643009226,930,1385,12465,12465,0,0,3955,6,10295,9775,520,0,15,13,2,0,0,0,1,0.455158734210149,0.292758866275958,1,0,0
16050023,n10-ring2,N10 ring2 graph,management-erasure-5,Management erasure 5%,control-loss,10,113311215835,113311215835,2081511,3841976,502423285,NaN,NaN,NaN,NaN,NaN,3,3,1,1,24,0.96875,0,0,0,0,NaN,NaN,NaN,0,526,981,167,359,0,1409,1.06955287437899,1137,1507,13563,12889,674,0,3875,17,10109,10109,0,0,38,36,0,2,0,2,1,0.452242809247241,0.295091606246285,1,0,0
16050023,n10-ring2,N10 ring2 graph,local-management,Local management reach,visibility-boundary,10,113311215835,113311215835,1746229,707011,382845946,NaN,NaN,NaN,NaN,NaN,3,3,0,1,NaN,0.19975,0,0,0,0,NaN,NaN,NaN,0,68,31,37,31,0,1409,0.0702625975869411,31,99,351,351,0,0,799,574,2798,2798,0,0,1272,1118,0,154,0,111,1,0.144698488159362,0.128437918366204,1,0,0
16050023,n10-ring2,N10 ring2 graph,directed-grant-blackout,Directed GRANT blackout,grant-loss-witness,10,113311215835,74447348132,1855086,4229166,501371854,1,2,421,0,0,3,3,0,1,NaN,0.889,0,0,0,0,NaN,NaN,NaN,0,806,1050,159,647,0,1409,1.31724627395316,1298,1856,16704,16305,399,0,3556,81,9497,9497,0,0,165,165,0,0,0,0,1,0.437971929428774,0.316326400976167,1,0,0
16050023,n10-ring2,N10 ring2 graph,state-loss,Local client state loss,rejoin-boundary,10,113311215835,113311215835,1757564,3860221,504021139,NaN,NaN,NaN,NaN,NaN,3,3,1,1,10,0.98825,0,0,0,0,NaN,NaN,2,0,455,915,175,280,0,1409,0.972320794889993,931,1370,12330,12330,0,0,3953,6,10291,10291,0,0,15,15,0,0,0,0,1,0.454438329219313,0.292244291282504,1,0,0
16050023,n10-ring2,N10 ring2 graph,owner-reconfiguration,Owner tuple reconfiguration,lease-fence-boundary,10,113311215835,113311215835,1757567,3863291,503321724,NaN,NaN,NaN,NaN,NaN,3,3,1,1,10,0.92975,0,0,0,0,222,221,NaN,5,619,1035,156,463,0,1409,1.17388218594748,1479,1654,14886,14886,0,0,3719,42,9717,9717,0,0,101,99,0,2,0,2,1,0.44380377935459,0.29807614120832,1,0,0
16050024,n5-6dof,N5 6-DOF graph,zero,Zero loss,native,5,30359092614,30359092614,1062327,491114,176806773,NaN,NaN,NaN,NaN,NaN,3,3,1,1,5,0.995,0,0,0,0,NaN,NaN,NaN,0,213,310,89,124,0,534,0.97940074906367,310,523,2092,2092,0,0,1990,3,4777,4777,0,0,7,7,0,0,0,0,1,0.406728830104567,0.406728830104567,1,0,0
16050024,n5-6dof,N5 6-DOF graph,data-erasure-5,DATA erasure 5%,data-separation,5,30359092614,30359092614,1718197,491114,176806773,NaN,NaN,NaN,NaN,NaN,3,3,1,1,5,0.995,0,0,0,0,NaN,NaN,NaN,0,213,310,89,124,0,534,0.97940074906367,310,523,2092,2092,0,0,1990,3,4777,4517,260,0,7,7,0,0,0,0,1,0.406728830104567,0.406728830104567,1,0,0
16050024,n5-6dof,N5 6-DOF graph,management-erasure-5,Management erasure 5%,control-loss,5,30359092614,30359092614,1386693,491919,176863018,NaN,NaN,NaN,NaN,NaN,3,3,1,1,6,0.9945,0,0,0,0,NaN,NaN,NaN,0,238,271,91,147,0,534,0.953183520599251,357,509,2036,1951,85,0,1989,4,4775,4775,0,0,9,9,0,0,0,0,1,0.405853068243376,0.405853068243376,1,0,0
16050024,n5-6dof,N5 6-DOF graph,local-management,Local management reach,visibility-boundary,5,30359092614,30359092614,1061873,575477,137611490,NaN,NaN,NaN,NaN,NaN,3,3,0,1,NaN,0.3995,0,0,0,0,NaN,NaN,NaN,0,68,31,37,31,0,534,0.185393258426966,31,99,249,249,0,0,799,435,1998,1998,0,0,926,818,0,108,0,108,1,0.237769345313359,0.223131611347738,1,0,0
16050024,n5-6dof,N5 6-DOF graph,directed-grant-blackout,Directed GRANT blackout,grant-loss-witness,5,30359092614,20654264845,1160268,985555,175440741,1,2,421,0,0,3,3,0,1,NaN,0.7955,0,0,0,0,NaN,NaN,NaN,0,564,585,72,492,0,534,2.15168539325843,678,1149,4596,4197,399,0,1591,143,3979,3979,0,0,287,285,0,2,0,2,1,0.397283112887436,0.397095449631466,1,0,0
16050024,n5-6dof,N5 6-DOF graph,state-loss,Local client state loss,rejoin-boundary,5,30359092614,30359092614,1062446,492071,176900190,NaN,NaN,NaN,NaN,NaN,3,3,1,1,5,0.994,0,0,0,0,NaN,NaN,2,0,213,314,87,126,0,534,0.98689138576779,314,527,2108,2108,0,0,1988,3,4773,4773,0,0,7,7,0,0,0,0,1,0.406603721267254,0.406603721267254,1,0,0
16050024,n5-6dof,N5 6-DOF graph,owner-reconfiguration,Owner tuple reconfiguration,lease-fence-boundary,5,30359092614,30359092614,1062449,499250,177265338,NaN,NaN,NaN,NaN,NaN,3,3,1,1,5,0.9645,0,0,0,0,222,221,NaN,1,261,319,79,182,0,534,1.08614232209738,440,580,2320,2320,0,0,1929,23,4647,4647,0,0,50,48,0,2,0,2,1,0.402600238473238,0.402412575217269,1,0,0
16050024,n10-ring2,N10 ring2 graph,zero,Zero loss,native,10,113129962599,113129962599,1757145,3859829,504027300,NaN,NaN,NaN,NaN,NaN,3,3,1,1,10,0.98875,0,0,0,0,NaN,NaN,NaN,0,455,930,176,279,0,1409,0.982966643009226,930,1385,12465,12465,0,0,3955,6,10295,10295,0,0,14,14,0,0,0,0,1,0.455158734210149,0.292758866275958,1,0,0
16050024,n10-ring2,N10 ring2 graph,data-erasure-5,DATA erasure 5%,data-separation,10,113129962599,113129962599,2413015,3859829,504027300,NaN,NaN,NaN,NaN,NaN,3,3,1,1,10,0.98875,0,0,0,0,NaN,NaN,NaN,0,455,930,176,279,0,1409,0.982966643009226,930,1385,12465,12465,0,0,3955,6,10295,9800,495,0,14,14,0,0,0,0,1,0.455158734210149,0.292758866275958,1,0,0
16050024,n10-ring2,N10 ring2 graph,management-erasure-5,Management erasure 5%,control-loss,10,113129962599,113129962599,2081511,3851758,503683845,NaN,NaN,NaN,NaN,NaN,3,3,1,1,11,0.988,0,0,0,0,NaN,NaN,NaN,0,534,1023,172,362,0,1409,1.10503903477644,1171,1557,14013,13290,723,0,3952,6,10289,10289,0,0,14,14,0,0,0,0,1,0.46075044913902,0.298556411202211,1,0,0
16050024,n10-ring2,N10 ring2 graph,local-management,Local management reach,visibility-boundary,10,113129962599,113129962599,1746229,707112,382845946,NaN,NaN,NaN,NaN,NaN,3,3,0,1,NaN,0.19975,0,0,0,0,NaN,NaN,NaN,0,68,31,37,31,0,1409,0.0702625975869411,31,99,351,351,0,0,799,582,2798,2798,0,0,1295,1162,0,133,0,106,1,0.145521808148889,0.129775813349186,1,0,0
16050024,n10-ring2,N10 ring2 graph,directed-grant-blackout,Directed GRANT blackout,grant-loss-witness,10,113129962599,74480295966,1855086,4228907,501371854,1,2,421,0,0,3,3,0,1,NaN,0.889,0,0,0,0,NaN,NaN,NaN,0,806,1050,159,647,0,1409,1.31724627395316,1298,1856,16704,16305,399,0,3556,74,9497,9497,0,0,150,150,0,0,0,0,1,0.437251524437938,0.315605995985331,1,0,0
16050024,n10-ring2,N10 ring2 graph,state-loss,Local client state loss,rejoin-boundary,10,113129962599,113129962599,1757564,3860221,504021139,NaN,NaN,NaN,NaN,NaN,3,3,1,1,10,0.98825,0,0,0,0,NaN,NaN,2,0,455,915,175,280,0,1409,0.972320794889993,931,1370,12330,12330,0,0,3953,6,10291,10291,0,0,14,14,0,0,0,0,1,0.454438329219313,0.292244291282504,1,0,0
16050024,n10-ring2,N10 ring2 graph,owner-reconfiguration,Owner tuple reconfiguration,lease-fence-boundary,10,113129962599,113129962599,1757567,3863735,503321724,NaN,NaN,NaN,NaN,NaN,3,3,1,1,10,0.92975,0,0,0,0,222,221,NaN,5,619,1035,156,463,0,1409,1.17388218594748,1479,1654,14886,14886,0,0,3719,54,9717,9717,0,0,131,129,0,2,0,2,1,0.445038759338881,0.29931112119261,1,0,0
16050025,n5-6dof,N5 6-DOF graph,zero,Zero loss,native,5,30438009102,30438009102,1062327,491092,176806773,NaN,NaN,NaN,NaN,NaN,3,3,1,1,5,0.995,0,0,0,0,NaN,NaN,NaN,0,213,310,89,124,0,534,0.97940074906367,310,523,2092,2092,0,0,1990,2,4777,4777,0,0,4,4,0,0,0,0,1,0.406541166848598,0.406541166848598,1,0,0
16050025,n5-6dof,N5 6-DOF graph,data-erasure-5,DATA erasure 5%,data-separation,5,30438009102,30438009102,1718197,491092,176806773,NaN,NaN,NaN,NaN,NaN,3,3,1,1,5,0.995,0,0,0,0,NaN,NaN,NaN,0,213,310,89,124,0,534,0.97940074906367,310,523,2092,2092,0,0,1990,2,4777,4546,231,0,4,4,0,0,0,0,1,0.406541166848598,0.406541166848598,1,0,0
16050025,n5-6dof,N5 6-DOF graph,management-erasure-5,Management erasure 5%,control-loss,5,30438009102,30438009102,1386693,493786,175897060,NaN,NaN,NaN,NaN,NaN,3,3,1,1,23,0.976,0,0,0,0,NaN,NaN,NaN,0,234,317,83,151,0,534,1.03183520599251,366,551,2204,2090,114,0,1952,14,4682,4682,0,0,33,31,0,2,0,2,1,0.403413445915773,0.403225782659803,1,0,0
16050025,n5-6dof,N5 6-DOF graph,local-management,Local management reach,visibility-boundary,5,30438009102,30438009102,1061873,575653,137611490,NaN,NaN,NaN,NaN,NaN,3,3,0,1,NaN,0.3995,0,0,0,0,NaN,NaN,NaN,0,68,31,37,31,0,534,0.185393258426966,31,99,249,249,0,0,799,443,1998,1998,0,0,900,792,0,108,0,108,1,0.239270651361115,0.223694601115646,1,0,0
16050025,n5-6dof,N5 6-DOF graph,directed-grant-blackout,Directed GRANT blackout,grant-loss-witness,5,30438009102,20659133711,1160268,985705,175440741,1,2,421,0,0,3,3,0,1,NaN,0.7955,0,0,0,0,NaN,NaN,NaN,0,564,585,72,492,0,534,2.15168539325843,678,1149,4596,4197,399,0,1591,152,3979,3979,0,0,304,304,0,0,0,0,1,0.398972082191161,0.398972082191161,1,0,0
16050025,n5-6dof,N5 6-DOF graph,state-loss,Local client state loss,rejoin-boundary,5,30438009102,30438009102,1062446,492071,176900190,NaN,NaN,NaN,NaN,NaN,3,3,1,1,5,0.994,0,0,0,0,NaN,NaN,2,0,213,314,87,126,0,534,0.98689138576779,314,527,2108,2108,0,0,1988,3,4773,4773,0,0,6,6,0,0,0,0,1,0.406603721267254,0.406603721267254,1,0,0
16050025,n5-6dof,N5 6-DOF graph,owner-reconfiguration,Owner tuple reconfiguration,lease-fence-boundary,5,30438009102,30438009102,1062449,499114,177265338,NaN,NaN,NaN,NaN,NaN,3,3,1,1,5,0.9645,0,0,0,0,222,221,NaN,1,261,319,79,182,0,534,1.08614232209738,440,580,2320,2320,0,0,1929,19,4647,4647,0,0,38,38,0,0,0,0,1,0.40184958544936,0.401474258937421,1,0,0
16050025,n10-ring2,N10 ring2 graph,zero,Zero loss,native,10,113414017543,113414017543,1757145,3860133,504027300,NaN,NaN,NaN,NaN,NaN,3,3,1,1,10,0.98875,0,0,0,0,NaN,NaN,NaN,0,455,930,176,279,0,1409,0.982966643009226,930,1385,12465,12465,0,0,3955,10,10295,10295,0,0,23,19,0,4,0,4,1,0.455570394204913,0.29296469627334,1,0,0
16050025,n10-ring2,N10 ring2 graph,data-erasure-5,DATA erasure 5%,data-separation,10,113414017543,113414017543,2413015,3860133,504027300,NaN,NaN,NaN,NaN,NaN,3,3,1,1,10,0.98875,0,0,0,0,NaN,NaN,NaN,0,455,930,176,279,0,1409,0.982966643009226,930,1385,12465,12465,0,0,3955,10,10295,9798,497,0,23,19,0,4,0,4,1,0.455570394204913,0.29296469627334,1,0,0
16050025,n10-ring2,N10 ring2 graph,management-erasure-5,Management erasure 5%,control-loss,10,113414017543,113414017543,2081511,3850180,502371944,NaN,NaN,NaN,NaN,NaN,3,3,1,1,38,0.96375,0,0,0,0,NaN,NaN,NaN,0,515,973,171,344,0,1409,1.05606813342796,1123,1488,13392,12723,669,0,3855,22,10065,10065,0,0,49,45,0,4,0,4,1,0.45004728927517,0.292999001272904,1,0,0
16050025,n10-ring2,N10 ring2 graph,local-management,Local management reach,visibility-boundary,10,113414017543,113414017543,1746229,706847,382845946,NaN,NaN,NaN,NaN,NaN,3,3,0,1,NaN,0.19975,0,0,0,0,NaN,NaN,NaN,0,68,31,37,31,0,1409,0.0702625975869411,31,99,351,351,0,0,799,578,2798,2798,0,0,1288,1148,0,140,0,103,1,0.145110148154125,0.129775813349186,1,0,0
16050025,n10-ring2,N10 ring2 graph,directed-grant-blackout,Directed GRANT blackout,grant-loss-witness,10,113414017543,74677969398,1855086,4229470,501371854,1,2,421,0,0,3,3,0,1,NaN,0.889,0,0,0,0,NaN,NaN,NaN,0,806,1050,159,647,0,1409,1.31724627395316,1298,1856,16704,16305,399,0,3556,85,9497,9497,0,0,173,169,0,4,0,4,1,0.438383589423538,0.316532230973549,1,0,0
16050025,n10-ring2,N10 ring2 graph,state-loss,Local client state loss,rejoin-boundary,10,113414017543,113414017543,1757564,3860525,504021139,NaN,NaN,NaN,NaN,NaN,3,3,1,1,10,0.98825,0,0,0,0,NaN,NaN,2,0,455,915,175,280,0,1409,0.972320794889993,931,1370,12330,12330,0,0,3953,10,10291,10291,0,0,23,19,0,4,0,4,1,0.454849989214077,0.292450121279886,1,0,0
16050025,n10-ring2,N10 ring2 graph,owner-reconfiguration,Owner tuple reconfiguration,lease-fence-boundary,10,113414017543,113414017543,1757567,3863595,503321724,NaN,NaN,NaN,NaN,NaN,3,3,1,1,10,0.92975,0,0,0,0,222,221,NaN,5,619,1035,156,463,0,1409,1.17388218594748,1479,1654,14886,14886,0,0,3719,46,9717,9717,0,0,117,109,0,8,0,6,1,0.444215439349354,0.298384886204392,1,0,0
16050026,n5-6dof,N5 6-DOF graph,zero,Zero loss,native,5,30373124727,30373124727,1062327,491070,176806773,NaN,NaN,NaN,NaN,NaN,3,3,1,1,5,0.995,0,0,0,0,NaN,NaN,NaN,0,213,310,89,124,0,534,0.97940074906367,310,523,2092,2092,0,0,1990,1,4777,4777,0,0,2,2,0,0,0,0,1,0.406353503592628,0.406353503592628,1,0,0
16050026,n5-6dof,N5 6-DOF graph,data-erasure-5,DATA erasure 5%,data-separation,5,30373124727,30373124727,1718197,491070,176806773,NaN,NaN,NaN,NaN,NaN,3,3,1,1,5,0.995,0,0,0,0,NaN,NaN,NaN,0,213,310,89,124,0,534,0.97940074906367,310,523,2092,2092,0,0,1990,1,4777,4545,232,0,2,2,0,0,0,0,1,0.406353503592628,0.406353503592628,1,0,0
16050026,n5-6dof,N5 6-DOF graph,management-erasure-5,Management erasure 5%,control-loss,5,30373124727,30373124727,1386693,490406,176522401,NaN,NaN,NaN,NaN,NaN,3,3,1,1,6,0.994,0,0,0,0,NaN,NaN,NaN,0,237,327,88,149,0,534,1.0561797752809,362,564,2256,2152,104,0,1988,2,4772,4772,0,0,3,1,0,2,0,2,1,0.408730571501575,0.408542908245606,1,0,0
16050026,n5-6dof,N5 6-DOF graph,local-management,Local management reach,visibility-boundary,5,30373124727,30373124727,1061873,574023,137611490,NaN,NaN,NaN,NaN,NaN,3,3,0,1,NaN,0.3995,0,0,0,0,NaN,NaN,NaN,0,68,31,37,31,0,534,0.185393258426966,31,99,249,249,0,0,799,406,1998,1998,0,0,846,772,0,74,0,74,1,0.232327110890243,0.218815356460439,1,0,0
16050026,n5-6dof,N5 6-DOF graph,directed-grant-blackout,Directed GRANT blackout,grant-loss-witness,5,30373124727,20720914690,1160268,985815,175440741,1,2,421,0,0,3,3,0,1,NaN,0.7955,0,0,0,0,NaN,NaN,NaN,0,564,585,72,492,0,534,2.15168539325843,678,1149,4596,4197,399,0,1591,157,3979,3979,0,0,314,314,0,0,0,0,1,0.399910398471009,0.399910398471009,1,0,0
16050026,n5-6dof,N5 6-DOF graph,state-loss,Local client state loss,rejoin-boundary,5,30373124727,30373124727,1062446,492049,176900190,NaN,NaN,NaN,NaN,NaN,3,3,1,1,5,0.994,0,0,0,0,NaN,NaN,2,0,213,314,87,126,0,534,0.98689138576779,314,527,2108,2108,0,0,1988,2,4773,4773,0,0,4,4,0,0,0,0,1,0.406416058011285,0.406416058011285,1,0,0
16050026,n5-6dof,N5 6-DOF graph,owner-reconfiguration,Owner tuple reconfiguration,lease-fence-boundary,5,30373124727,30373124727,1062449,499342,177265338,NaN,NaN,NaN,NaN,NaN,3,3,1,1,5,0.9645,0,0,0,0,222,221,NaN,1,261,319,79,182,0,534,1.08614232209738,440,580,2320,2320,0,0,1929,25,4647,4647,0,0,49,45,0,4,0,4,1,0.402975564985177,0.402412575217269,1,0,0
16050026,n10-ring2,N10 ring2 graph,zero,Zero loss,native,10,113219437028,113219437028,1757145,3859903,504027300,NaN,NaN,NaN,NaN,NaN,3,3,1,1,10,0.98875,0,0,0,0,NaN,NaN,NaN,0,455,930,176,279,0,1409,0.982966643009226,930,1385,12465,12465,0,0,3955,8,10295,10295,0,0,16,16,0,0,0,0,1,0.455364564207531,0.29296469627334,1,0,0
16050026,n10-ring2,N10 ring2 graph,data-erasure-5,DATA erasure 5%,data-separation,10,113219437028,113219437028,2413015,3859903,504027300,NaN,NaN,NaN,NaN,NaN,3,3,1,1,10,0.98875,0,0,0,0,NaN,NaN,NaN,0,455,930,176,279,0,1409,0.982966643009226,930,1385,12465,12465,0,0,3955,8,10295,9825,470,0,16,15,1,0,0,0,1,0.455364564207531,0.29296469627334,1,0,0
16050026,n10-ring2,N10 ring2 graph,management-erasure-5,Management erasure 5%,control-loss,10,113219437028,113219437028,2081511,3848707,502955184,NaN,NaN,NaN,NaN,NaN,3,3,1,1,25,0.97775,0,0,0,0,NaN,NaN,NaN,0,525,1036,172,353,0,1409,1.10787792760823,1149,1561,14049,13372,677,0,3911,11,10193,10193,0,0,23,23,0,0,0,0,1,0.457182729184403,0.296326586230575,1,0,0
16050026,n10-ring2,N10 ring2 graph,local-management,Local management reach,visibility-boundary,10,113219437028,113219437028,1746229,707296,382845946,NaN,NaN,NaN,NaN,NaN,3,3,0,1,NaN,0.19975,0,0,0,0,NaN,NaN,NaN,0,68,31,37,31,0,1409,0.0702625975869411,31,99,351,351,0,0,799,607,2798,2798,0,0,1336,1223,0,113,0,87,1,0.14809468311616,0.132142858319076,1,0,0
16050026,n10-ring2,N10 ring2 graph,directed-grant-blackout,Directed GRANT blackout,grant-loss-witness,10,113219437028,74490281973,1855086,4229203,501371854,1,2,421,0,0,3,3,0,1,NaN,0.889,0,0,0,0,NaN,NaN,NaN,0,806,1050,159,647,0,1409,1.31724627395316,1298,1856,16704,16305,399,0,3556,82,9497,9497,0,0,164,164,0,0,0,0,1,0.438074844427465,0.316326400976167,1,0,0
16050026,n10-ring2,N10 ring2 graph,state-loss,Local client state loss,rejoin-boundary,10,113219437028,113219437028,1757564,3860295,504021139,NaN,NaN,NaN,NaN,NaN,3,3,1,1,10,0.98825,0,0,0,0,NaN,NaN,2,0,455,915,175,280,0,1409,0.972320794889993,931,1370,12330,12330,0,0,3953,8,10291,10291,0,0,16,16,0,0,0,0,1,0.454644159216695,0.292450121279886,1,0,0
16050026,n10-ring2,N10 ring2 graph,owner-reconfiguration,Owner tuple reconfiguration,lease-fence-boundary,10,113219437028,113219437028,1757567,3863702,503321724,NaN,NaN,NaN,NaN,NaN,3,3,1,1,10,0.92975,0,0,0,0,222,221,NaN,5,619,1035,156,463,0,1409,1.17388218594748,1479,1654,14886,14886,0,0,3719,51,9717,9717,0,0,117,113,0,4,0,4,1,0.444730014342808,0.298796546199156,1,0,0
16050027,n5-6dof,N5 6-DOF graph,zero,Zero loss,native,5,30475250774,30475250774,1062327,491092,176806773,NaN,NaN,NaN,NaN,NaN,3,3,1,1,5,0.995,0,0,0,0,NaN,NaN,NaN,0,213,310,89,124,0,534,0.97940074906367,310,523,2092,2092,0,0,1990,2,4777,4777,0,0,4,4,0,0,0,0,1,0.406541166848598,0.406541166848598,1,0,0
16050027,n5-6dof,N5 6-DOF graph,data-erasure-5,DATA erasure 5%,data-separation,5,30475250774,30475250774,1718197,491092,176806773,NaN,NaN,NaN,NaN,NaN,3,3,1,1,5,0.995,0,0,0,0,NaN,NaN,NaN,0,213,310,89,124,0,534,0.97940074906367,310,523,2092,2092,0,0,1990,2,4777,4541,236,0,4,4,0,0,0,0,1,0.406541166848598,0.406541166848598,1,0,0
16050027,n5-6dof,N5 6-DOF graph,management-erasure-5,Management erasure 5%,control-loss,5,30475250774,30475250774,1386693,495322,177083704,NaN,NaN,NaN,NaN,NaN,3,3,1,1,5,0.995,0,0,0,0,NaN,NaN,NaN,0,242,329,89,153,0,534,1.06928838951311,371,571,2284,2172,112,0,1990,2,4777,4777,0,0,4,4,0,0,0,0,1,0.40954377894411,0.40954377894411,1,0,0
16050027,n5-6dof,N5 6-DOF graph,local-management,Local management reach,visibility-boundary,5,30475250774,30475250774,1061873,575725,137611490,NaN,NaN,NaN,NaN,NaN,3,3,0,1,NaN,0.3995,0,0,0,0,NaN,NaN,NaN,0,68,31,37,31,0,534,0.185393258426966,31,99,249,249,0,0,799,455,1998,1998,0,0,936,836,0,100,0,100,1,0.241522610432749,0.225383570419372,1,0,0
16050027,n5-6dof,N5 6-DOF graph,directed-grant-blackout,Directed GRANT blackout,grant-loss-witness,5,30475250774,20789808163,1160268,985683,175440741,1,2,421,0,0,3,3,0,1,NaN,0.7955,0,0,0,0,NaN,NaN,NaN,0,564,585,72,492,0,534,2.15168539325843,678,1149,4596,4197,399,0,1591,151,3979,3979,0,0,302,302,0,0,0,0,1,0.398784418935192,0.398784418935192,1,0,0
16050027,n5-6dof,N5 6-DOF graph,state-loss,Local client state loss,rejoin-boundary,5,30475250774,30475250774,1062446,492071,176900190,NaN,NaN,NaN,NaN,NaN,3,3,1,1,5,0.994,0,0,0,0,NaN,NaN,2,0,213,314,87,126,0,534,0.98689138576779,314,527,2108,2108,0,0,1988,3,4773,4773,0,0,6,6,0,0,0,0,1,0.406603721267254,0.406603721267254,1,0,0
16050027,n5-6dof,N5 6-DOF graph,owner-reconfiguration,Owner tuple reconfiguration,lease-fence-boundary,5,30475250774,30475250774,1062449,499158,177265338,NaN,NaN,NaN,NaN,NaN,3,3,1,1,5,0.9645,0,0,0,0,222,221,NaN,1,261,319,79,182,0,534,1.08614232209738,440,580,2320,2320,0,0,1929,21,4647,4647,0,0,45,45,0,0,0,0,1,0.402224911961299,0.402224911961299,1,0,0
16050027,n10-ring2,N10 ring2 graph,zero,Zero loss,native,10,113237879171,113237879171,1757145,3860094,504027300,NaN,NaN,NaN,NaN,NaN,3,3,1,1,10,0.98875,0,0,0,0,NaN,NaN,NaN,0,455,930,176,279,0,1409,0.982966643009226,930,1385,12465,12465,0,0,3955,10,10295,10295,0,0,25,20,0,5,0,3,1,0.455570394204913,0.293067611272031,1,0,0
16050027,n10-ring2,N10 ring2 graph,data-erasure-5,DATA erasure 5%,data-separation,10,113237879171,113237879171,2413015,3860094,504027300,NaN,NaN,NaN,NaN,NaN,3,3,1,1,10,0.98875,0,0,0,0,NaN,NaN,NaN,0,455,930,176,279,0,1409,0.982966643009226,930,1385,12465,12465,0,0,3955,10,10295,9775,520,0,25,20,0,5,0,3,1,0.455570394204913,0.293067611272031,1,0,0
16050027,n10-ring2,N10 ring2 graph,management-erasure-5,Management erasure 5%,control-loss,10,113237879171,113237879171,2081511,3859706,503807486,NaN,NaN,NaN,NaN,NaN,3,3,1,1,10,0.9875,0,0,0,0,NaN,NaN,NaN,0,540,1025,173,367,0,1409,1.11071682044003,1204,1565,14085,13390,695,0,3950,10,10284,10284,0,0,25,20,0,5,0,3,1,0.461230719132911,0.29893376619741,1,0,0
16050027,n10-ring2,N10 ring2 graph,local-management,Local management reach,visibility-boundary,10,113237879171,113237879171,1746229,708729,382845946,NaN,NaN,NaN,NaN,NaN,3,3,0,1,NaN,0.19975,0,0,0,0,NaN,NaN,NaN,0,68,31,37,31,0,1409,0.0702625975869411,31,99,351,351,0,0,799,612,2798,2798,0,0,1392,1223,0,169,0,119,1,0.148609258109615,0.132451603315148,1,0,0
16050027,n10-ring2,N10 ring2 graph,directed-grant-blackout,Directed GRANT blackout,grant-loss-witness,10,113237879171,74537385311,1855086,4229875,501371854,1,2,421,0,0,3,3,0,1,NaN,0.889,0,0,0,0,NaN,NaN,NaN,0,806,1050,159,647,0,1409,1.31724627395316,1298,1856,16704,16305,399,0,3556,97,9497,9497,0,0,199,194,0,5,0,3,1,0.439618569407828,0.31787012595653,1,0,0
16050027,n10-ring2,N10 ring2 graph,state-loss,Local client state loss,rejoin-boundary,10,113237879171,113237879171,1757564,3860523,504021139,NaN,NaN,NaN,NaN,NaN,3,3,1,1,10,0.98825,0,0,0,0,NaN,NaN,2,0,455,915,175,280,0,1409,0.972320794889993,931,1370,12330,12330,0,0,3953,11,10291,10291,0,0,27,22,0,5,0,3,1,0.454952904212768,0.292655951277267,1,0,0
16050027,n10-ring2,N10 ring2 graph,owner-reconfiguration,Owner tuple reconfiguration,lease-fence-boundary,10,113237879171,113237879171,1757567,3864127,503321724,NaN,NaN,NaN,NaN,NaN,3,3,1,1,10,0.92975,0,0,0,0,222,221,NaN,5,619,1035,156,463,0,1409,1.17388218594748,1479,1654,14886,14886,0,0,3719,53,9717,9717,0,0,121,102,0,19,0,13,1,0.44493584434019,0.298384886204392,1,0,0
16050028,n5-6dof,N5 6-DOF graph,zero,Zero loss,native,5,30351341525,30351341525,1062327,491276,176806773,NaN,NaN,NaN,NaN,NaN,3,3,1,1,5,0.995,0,0,0,0,NaN,NaN,NaN,0,213,310,89,124,0,534,0.97940074906367,310,523,2092,2092,0,0,1990,6,4777,4777,0,0,11,7,0,4,0,4,1,0.407291819872476,0.406916493360537,1,0,0
16050028,n5-6dof,N5 6-DOF graph,data-erasure-5,DATA erasure 5%,data-separation,5,30351341525,30351341525,1718197,491276,176806773,NaN,NaN,NaN,NaN,NaN,3,3,1,1,5,0.995,0,0,0,0,NaN,NaN,NaN,0,213,310,89,124,0,534,0.97940074906367,310,523,2092,2092,0,0,1990,6,4777,4530,247,0,11,6,1,4,0,4,1,0.407291819872476,0.406916493360537,1,0,0
16050028,n5-6dof,N5 6-DOF graph,management-erasure-5,Management erasure 5%,control-loss,5,30351341525,30351341525,1386693,489858,176441582,NaN,NaN,NaN,NaN,NaN,3,3,1,1,5,0.9945,0,0,0,0,NaN,NaN,NaN,0,238,331,92,146,0,534,1.06554307116105,360,569,2276,2198,78,0,1989,6,4774,4774,0,0,11,7,0,4,0,4,1,0.409981659874705,0.409606333362766,1,0,0
16050028,n5-6dof,N5 6-DOF graph,local-management,Local management reach,visibility-boundary,5,30351341525,30351341525,1061873,575541,137611490,NaN,NaN,NaN,NaN,NaN,3,3,0,1,NaN,0.3995,0,0,0,0,NaN,NaN,NaN,0,68,31,37,31,0,534,0.185393258426966,31,99,249,249,0,0,799,451,1998,1998,0,0,933,837,0,96,0,96,1,0.240771957408871,0.226509549955189,1,0,0
16050028,n5-6dof,N5 6-DOF graph,directed-grant-blackout,Directed GRANT blackout,grant-loss-witness,5,30351341525,20684380983,1160268,985537,175440741,1,2,421,0,0,3,3,0,1,NaN,0.7955,0,0,0,0,NaN,NaN,NaN,0,564,585,72,492,0,534,2.15168539325843,678,1149,4596,4197,399,0,1591,140,3979,3979,0,0,277,273,0,4,0,4,1,0.396720123119527,0.396157133351619,1,0,0
16050028,n5-6dof,N5 6-DOF graph,state-loss,Local client state loss,rejoin-boundary,5,30351341525,30351341525,1062446,492277,176900190,NaN,NaN,NaN,NaN,NaN,3,3,1,1,5,0.994,0,0,0,0,NaN,NaN,2,0,213,314,87,126,0,534,0.98689138576779,314,527,2108,2108,0,0,1988,8,4773,4773,0,0,15,11,0,4,0,4,1,0.407542037547102,0.407166711035163,1,0,0
16050028,n5-6dof,N5 6-DOF graph,owner-reconfiguration,Owner tuple reconfiguration,lease-fence-boundary,5,30351341525,30351341525,1062449,499640,177265338,NaN,NaN,NaN,NaN,NaN,3,3,1,1,5,0.9645,0,0,0,0,222,221,NaN,1,261,319,79,182,0,534,1.08614232209738,440,580,2320,2320,0,0,1929,32,4647,4647,0,0,65,55,0,10,0,10,1,0.404289207776964,0.403350891497116,1,0,0
16050028,n10-ring2,N10 ring2 graph,zero,Zero loss,native,10,113066739564,113066739564,1757145,3860129,504027300,NaN,NaN,NaN,NaN,NaN,3,3,1,1,10,0.98875,0,0,0,0,NaN,NaN,NaN,0,455,930,176,279,0,1409,0.982966643009226,930,1385,12465,12465,0,0,3955,12,10295,10295,0,0,23,21,0,2,0,2,1,0.455776224202295,0.293067611272031,1,0,0
16050028,n10-ring2,N10 ring2 graph,data-erasure-5,DATA erasure 5%,data-separation,10,113066739564,113066739564,2413015,3860129,504027300,NaN,NaN,NaN,NaN,NaN,3,3,1,1,10,0.98875,0,0,0,0,NaN,NaN,NaN,0,455,930,176,279,0,1409,0.982966643009226,930,1385,12465,12465,0,0,3955,12,10295,9754,541,0,23,21,0,2,0,2,1,0.455776224202295,0.293067611272031,1,0,0
16050028,n10-ring2,N10 ring2 graph,management-erasure-5,Management erasure 5%,control-loss,10,113066739564,113066739564,2081511,3827746,501550878,NaN,NaN,NaN,NaN,NaN,3,3,1,1,26,0.96175,0,0,0,0,NaN,NaN,NaN,0,508,913,173,335,0,1409,1.00851667849539,1098,1421,12789,12158,631,0,3847,28,10033,10033,0,0,60,54,0,6,0,4,1,0.447543024307025,0.290906396299523,1,0,0
16050028,n10-ring2,N10 ring2 graph,local-management,Local management reach,visibility-boundary,10,113066739564,113066739564,1746229,707295,382845946,NaN,NaN,NaN,NaN,NaN,3,3,0,1,NaN,0.19975,0,0,0,0,NaN,NaN,NaN,0,68,31,37,31,0,1409,0.0702625975869411,31,99,351,351,0,0,799,588,2798,2798,0,0,1290,1139,0,151,0,105,1,0.146139298141034,0.129775813349186,1,0,0
16050028,n10-ring2,N10 ring2 graph,directed-grant-blackout,Directed GRANT blackout,grant-loss-witness,10,113066739564,74369182348,1855086,4229429,501371854,1,2,421,0,0,3,3,0,1,NaN,0.889,0,0,0,0,NaN,NaN,NaN,0,806,1050,159,647,0,1409,1.31724627395316,1298,1856,16704,16305,399,0,3556,86,9497,9497,0,0,171,169,0,2,0,2,1,0.438486504422229,0.316532230973549,1,0,0
16050028,n10-ring2,N10 ring2 graph,state-loss,Local client state loss,rejoin-boundary,10,113066739564,113066739564,1757564,3860558,504021139,NaN,NaN,NaN,NaN,NaN,3,3,1,1,10,0.98825,0,0,0,0,NaN,NaN,2,0,455,915,175,280,0,1409,0.972320794889993,931,1370,12330,12330,0,0,3953,13,10291,10291,0,0,25,23,0,2,0,2,1,0.455158734210149,0.292655951277267,1,0,0
16050028,n10-ring2,N10 ring2 graph,owner-reconfiguration,Owner tuple reconfiguration,lease-fence-boundary,10,113066739564,113066739564,1757567,3863591,503321724,NaN,NaN,NaN,NaN,NaN,3,3,1,1,10,0.92975,0,0,0,0,222,221,NaN,5,619,1035,156,463,0,1409,1.17388218594748,1479,1654,14886,14886,0,0,3719,48,9717,9717,0,0,114,108,0,6,0,4,1,0.444421269346735,0.298281971205702,1,0,0
16050029,n5-6dof,N5 6-DOF graph,zero,Zero loss,native,5,30417308096,30417308096,1062327,491136,176806773,NaN,NaN,NaN,NaN,NaN,3,3,1,1,5,0.995,0,0,0,0,NaN,NaN,NaN,0,213,310,89,124,0,534,0.97940074906367,310,523,2092,2092,0,0,1990,4,4777,4777,0,0,7,7,0,0,0,0,1,0.406916493360537,0.406728830104567,1,0,0
16050029,n5-6dof,N5 6-DOF graph,data-erasure-5,DATA erasure 5%,data-separation,5,30417308096,30417308096,1718197,491136,176806773,NaN,NaN,NaN,NaN,NaN,3,3,1,1,5,0.995,0,0,0,0,NaN,NaN,NaN,0,213,310,89,124,0,534,0.97940074906367,310,523,2092,2092,0,0,1990,4,4777,4545,232,0,7,7,0,0,0,0,1,0.406916493360537,0.406728830104567,1,0,0
16050029,n5-6dof,N5 6-DOF graph,management-erasure-5,Management erasure 5%,control-loss,5,30417308096,30417308096,1386693,494420,176854949,NaN,NaN,NaN,NaN,NaN,3,3,1,1,5,0.995,0,0,0,0,NaN,NaN,NaN,0,240,362,88,152,0,534,1.12734082397004,374,602,2408,2289,119,0,1990,4,4777,4777,0,0,7,7,0,0,0,0,1,0.4118582924344,0.411670629178431,1,0,0
16050029,n5-6dof,N5 6-DOF graph,local-management,Local management reach,visibility-boundary,5,30417308096,30417308096,1061873,574531,137611490,NaN,NaN,NaN,NaN,NaN,3,3,0,1,NaN,0.3995,0,0,0,0,NaN,NaN,NaN,0,68,31,37,31,0,534,0.185393258426966,31,99,249,249,0,0,799,416,1998,1998,0,0,877,791,0,86,0,86,1,0.234203743449938,0.22219329506789,1,0,0
16050029,n5-6dof,N5 6-DOF graph,directed-grant-blackout,Directed GRANT blackout,grant-loss-witness,5,30417308096,20709049766,1160268,985683,175440741,1,2,421,0,0,3,3,0,1,NaN,0.7955,0,0,0,0,NaN,NaN,NaN,0,564,585,72,492,0,534,2.15168539325843,678,1149,4596,4197,399,0,1591,151,3979,3979,0,0,301,301,0,0,0,0,1,0.398784418935192,0.398596755679222,1,0,0
16050029,n5-6dof,N5 6-DOF graph,state-loss,Local client state loss,rejoin-boundary,5,30417308096,30417308096,1062446,492115,176900190,NaN,NaN,NaN,NaN,NaN,3,3,1,1,5,0.994,0,0,0,0,NaN,NaN,2,0,213,314,87,126,0,534,0.98689138576779,314,527,2108,2108,0,0,1988,5,4773,4773,0,0,9,9,0,0,0,0,1,0.406979047779193,0.406791384523224,1,0,0
16050029,n5-6dof,N5 6-DOF graph,owner-reconfiguration,Owner tuple reconfiguration,lease-fence-boundary,5,30417308096,30417308096,1062449,499136,177265338,NaN,NaN,NaN,NaN,NaN,3,3,1,1,5,0.9645,0,0,0,0,222,221,NaN,1,261,319,79,182,0,534,1.08614232209738,440,580,2320,2320,0,0,1929,20,4647,4647,0,0,36,36,0,0,0,0,1,0.40203724870533,0.401474258937421,1,0,0
16050029,n10-ring2,N10 ring2 graph,zero,Zero loss,native,10,113270372730,113270372730,1757145,3859829,504027300,NaN,NaN,NaN,NaN,NaN,3,3,1,1,10,0.98875,0,0,0,0,NaN,NaN,NaN,0,455,930,176,279,0,1409,0.982966643009226,930,1385,12465,12465,0,0,3955,6,10295,10295,0,0,13,13,0,0,0,0,1,0.455158734210149,0.292861781274649,1,0,0
16050029,n10-ring2,N10 ring2 graph,data-erasure-5,DATA erasure 5%,data-separation,10,113270372730,113270372730,2413015,3859829,504027300,NaN,NaN,NaN,NaN,NaN,3,3,1,1,10,0.98875,0,0,0,0,NaN,NaN,NaN,0,455,930,176,279,0,1409,0.982966643009226,930,1385,12465,12465,0,0,3955,6,10295,9777,518,0,13,12,1,0,0,0,1,0.455158734210149,0.292861781274649,1,0,0
16050029,n10-ring2,N10 ring2 graph,management-erasure-5,Management erasure 5%,control-loss,10,113270372730,113270372730,2081511,3832759,500376967,NaN,NaN,NaN,NaN,NaN,3,3,1,1,29,0.95025,0,0,0,0,NaN,NaN,NaN,0,502,932,164,338,0,1409,1.01774308019872,1089,1434,12906,12273,633,0,3801,30,9929,9929,0,0,68,55,0,13,0,9,1,0.443460729358954,0.288367826331815,1,0,0
16050029,n10-ring2,N10 ring2 graph,local-management,Local management reach,visibility-boundary,10,113270372730,113270372730,1746229,708519,382845946,NaN,NaN,NaN,NaN,NaN,3,3,0,1,NaN,0.19975,0,0,0,0,NaN,NaN,NaN,0,68,31,37,31,0,1409,0.0702625975869411,31,99,351,351,0,0,799,600,2798,2798,0,0,1362,1196,0,166,0,125,1,0.147374278125324,0.130804963336094,1,0,0
16050029,n10-ring2,N10 ring2 graph,directed-grant-blackout,Directed GRANT blackout,grant-loss-witness,10,113270372730,74517584666,1855086,4228944,501371854,1,2,421,0,0,3,3,0,1,NaN,0.889,0,0,0,0,NaN,NaN,NaN,0,806,1050,159,647,0,1409,1.31724627395316,1298,1856,16704,16305,399,0,3556,75,9497,9497,0,0,151,151,0,0,0,0,1,0.437354439436629,0.315811825982713,1,0,0
16050029,n10-ring2,N10 ring2 graph,state-loss,Local client state loss,rejoin-boundary,10,113270372730,113270372730,1757564,3860221,504021139,NaN,NaN,NaN,NaN,NaN,3,3,1,1,10,0.98825,0,0,0,0,NaN,NaN,2,0,455,915,175,280,0,1409,0.972320794889993,931,1370,12330,12330,0,0,3953,6,10291,10291,0,0,13,13,0,0,0,0,1,0.454438329219313,0.292347206281195,1,0,0
16050029,n10-ring2,N10 ring2 graph,owner-reconfiguration,Owner tuple reconfiguration,lease-fence-boundary,10,113270372730,113270372730,1757567,3864086,503321724,NaN,NaN,NaN,NaN,NaN,3,3,1,1,10,0.92975,0,0,0,0,222,221,NaN,5,619,1035,156,463,0,1409,1.17388218594748,1479,1654,14886,14886,0,0,3719,54,9717,9717,0,0,127,115,0,12,0,11,1,0.445038759338881,0.298899461197847,1,0,0
16050030,n5-6dof,N5 6-DOF graph,zero,Zero loss,native,5,30393984379,30393984379,1062327,491136,176806773,NaN,NaN,NaN,NaN,NaN,3,3,1,1,5,0.995,0,0,0,0,NaN,NaN,NaN,0,213,310,89,124,0,534,0.97940074906367,310,523,2092,2092,0,0,1990,4,4777,4777,0,0,8,8,0,0,0,0,1,0.406916493360537,0.406728830104567,1,0,0
16050030,n5-6dof,N5 6-DOF graph,data-erasure-5,DATA erasure 5%,data-separation,5,30393984379,30393984379,1718197,491136,176806773,NaN,NaN,NaN,NaN,NaN,3,3,1,1,5,0.995,0,0,0,0,NaN,NaN,NaN,0,213,310,89,124,0,534,0.97940074906367,310,523,2092,2092,0,0,1990,4,4777,4530,247,0,8,8,0,0,0,0,1,0.406916493360537,0.406728830104567,1,0,0
16050030,n5-6dof,N5 6-DOF graph,management-erasure-5,Management erasure 5%,control-loss,5,30393984379,30393984379,1386693,491378,175626520,NaN,NaN,NaN,NaN,NaN,3,3,1,1,19,0.975,0,0,0,0,NaN,NaN,NaN,0,237,347,90,147,0,534,1.0936329588015,361,584,2336,2208,128,0,1950,16,4684,4684,0,0,38,36,0,2,0,2,1,0.405477741731437,0.405102415219498,1,0,0
16050030,n5-6dof,N5 6-DOF graph,local-management,Local management reach,visibility-boundary,5,30393984379,30393984379,1061873,575583,137611490,NaN,NaN,NaN,NaN,NaN,3,3,0,1,NaN,0.3995,0,0,0,0,NaN,NaN,NaN,0,68,31,37,31,0,534,0.185393258426966,31,99,249,249,0,0,799,442,1998,1998,0,0,916,810,0,106,0,106,1,0.239082988105146,0.222943948091768,1,0,0
16050030,n5-6dof,N5 6-DOF graph,directed-grant-blackout,Directed GRANT blackout,grant-loss-witness,5,30393984379,20718562927,1160268,985903,175440741,1,2,421,0,0,3,3,0,1,NaN,0.7955,0,0,0,0,NaN,NaN,NaN,0,564,585,72,492,0,534,2.15168539325843,678,1149,4596,4197,399,0,1591,161,3979,3979,0,0,322,322,0,0,0,0,1,0.400661051494887,0.400473388238917,1,0,0
16050030,n5-6dof,N5 6-DOF graph,state-loss,Local client state loss,rejoin-boundary,5,30393984379,30393984379,1062446,492115,176900190,NaN,NaN,NaN,NaN,NaN,3,3,1,1,5,0.994,0,0,0,0,NaN,NaN,2,0,213,314,87,126,0,534,0.98689138576779,314,527,2108,2108,0,0,1988,5,4773,4773,0,0,10,10,0,0,0,0,1,0.406979047779193,0.406791384523224,1,0,0
16050030,n5-6dof,N5 6-DOF graph,owner-reconfiguration,Owner tuple reconfiguration,lease-fence-boundary,5,30393984379,30393984379,1062449,499272,177265338,NaN,NaN,NaN,NaN,NaN,3,3,1,1,5,0.9645,0,0,0,0,222,221,NaN,1,261,319,79,182,0,534,1.08614232209738,440,580,2320,2320,0,0,1929,24,4647,4647,0,0,48,46,0,2,0,2,1,0.402787901729208,0.402224911961299,1,0,0
16050030,n10-ring2,N10 ring2 graph,zero,Zero loss,native,10,113394429864,113394429864,1757145,3859977,504027300,NaN,NaN,NaN,NaN,NaN,3,3,1,1,10,0.98875,0,0,0,0,NaN,NaN,NaN,0,455,930,176,279,0,1409,0.982966643009226,930,1385,12465,12465,0,0,3955,10,10295,10295,0,0,20,20,0,0,0,0,1,0.455570394204913,0.293067611272031,1,0,0
16050030,n10-ring2,N10 ring2 graph,data-erasure-5,DATA erasure 5%,data-separation,10,113394429864,113394429864,2413015,3859977,504027300,NaN,NaN,NaN,NaN,NaN,3,3,1,1,10,0.98875,0,0,0,0,NaN,NaN,NaN,0,455,930,176,279,0,1409,0.982966643009226,930,1385,12465,12465,0,0,3955,10,10295,9787,508,0,20,18,2,0,0,0,1,0.455570394204913,0.293067611272031,1,0,0
16050030,n10-ring2,N10 ring2 graph,management-erasure-5,Management erasure 5%,control-loss,10,113394429864,113394429864,2081511,3844719,501270884,NaN,NaN,NaN,NaN,NaN,3,3,1,1,29,0.95675,0,0,0,0,NaN,NaN,NaN,0,508,916,165,343,0,1409,1.01064584811923,1140,1424,12816,12162,654,0,3827,27,9984,9984,0,0,59,59,0,0,0,0,1,0.445484724333208,0.290083076309996,1,0,0
16050030,n10-ring2,N10 ring2 graph,local-management,Local management reach,visibility-boundary,10,113394429864,113394429864,1746229,707475,382845946,NaN,NaN,NaN,NaN,NaN,3,3,0,1,NaN,0.19975,0,0,0,0,NaN,NaN,NaN,0,68,31,37,31,0,1409,0.0702625975869411,31,99,351,351,0,0,799,576,2798,2798,0,0,1294,1149,0,145,0,121,1,0.144904318156743,0.128540833364895,1,0,0
16050030,n10-ring2,N10 ring2 graph,directed-grant-blackout,Directed GRANT blackout,grant-loss-witness,10,113394429864,74528122375,1855086,4229503,501371854,1,2,421,0,0,3,3,0,1,NaN,0.889,0,0,0,0,NaN,NaN,NaN,0,806,1050,159,647,0,1409,1.31724627395316,1298,1856,16704,16305,399,0,3556,88,9497,9497,0,0,176,174,0,2,0,2,1,0.43869233441961,0.316840975969622,1,0,0
16050030,n10-ring2,N10 ring2 graph,state-loss,Local client state loss,rejoin-boundary,10,113394429864,113394429864,1757564,3860369,504021139,NaN,NaN,NaN,NaN,NaN,3,3,1,1,10,0.98825,0,0,0,0,NaN,NaN,2,0,455,915,175,280,0,1409,0.972320794889993,931,1370,12330,12330,0,0,3953,10,10291,10291,0,0,20,20,0,0,0,0,1,0.454849989214077,0.292553036278577,1,0,0
16050030,n10-ring2,N10 ring2 graph,owner-reconfiguration,Owner tuple reconfiguration,lease-fence-boundary,10,113394429864,113394429864,1757567,3864080,503321724,NaN,NaN,NaN,NaN,NaN,3,3,1,1,10,0.92975,0,0,0,0,222,221,NaN,5,619,1035,156,463,0,1409,1.17388218594748,1479,1654,14886,14886,0,0,3719,57,9717,9717,0,0,134,124,0,10,0,8,1,0.445347504334953,0.298796546199156,1,0,0
16050031,n5-6dof,N5 6-DOF graph,zero,Zero loss,native,5,30308036064,30308036064,1062327,491114,176806773,NaN,NaN,NaN,NaN,NaN,3,3,1,1,5,0.995,0,0,0,0,NaN,NaN,NaN,0,213,310,89,124,0,534,0.97940074906367,310,523,2092,2092,0,0,1990,3,4777,4777,0,0,7,7,0,0,0,0,1,0.406728830104567,0.406728830104567,1,0,0
16050031,n5-6dof,N5 6-DOF graph,data-erasure-5,DATA erasure 5%,data-separation,5,30308036064,30308036064,1718197,491114,176806773,NaN,NaN,NaN,NaN,NaN,3,3,1,1,5,0.995,0,0,0,0,NaN,NaN,NaN,0,213,310,89,124,0,534,0.97940074906367,310,523,2092,2092,0,0,1990,3,4777,4518,259,0,7,7,0,0,0,0,1,0.406728830104567,0.406728830104567,1,0,0
16050031,n5-6dof,N5 6-DOF graph,management-erasure-5,Management erasure 5%,control-loss,5,30308036064,30308036064,1386693,489338,175779028,NaN,NaN,NaN,NaN,NaN,3,3,1,1,23,0.986,0,0,0,0,NaN,NaN,NaN,0,235,342,84,151,0,534,1.08052434456929,358,577,2308,2188,120,0,1972,9,4741,4741,0,0,19,19,0,0,0,0,1,0.407854809640384,0.407854809640384,1,0,0
16050031,n5-6dof,N5 6-DOF graph,local-management,Local management reach,visibility-boundary,5,30308036064,30308036064,1061873,574931,137611490,NaN,NaN,NaN,NaN,NaN,3,3,0,1,NaN,0.3995,0,0,0,0,NaN,NaN,NaN,0,68,31,37,31,0,534,0.185393258426966,31,99,249,249,0,0,799,432,1998,1998,0,0,889,801,0,88,0,88,1,0.237206355545451,0.224069927627585,1,0,0
16050031,n5-6dof,N5 6-DOF graph,directed-grant-blackout,Directed GRANT blackout,grant-loss-witness,5,30308036064,20635586568,1160268,985507,175440741,1,2,421,0,0,3,3,0,1,NaN,0.7955,0,0,0,0,NaN,NaN,NaN,0,564,585,72,492,0,534,2.15168539325843,678,1149,4596,4197,399,0,1591,143,3979,3979,0,0,287,287,0,0,0,0,1,0.397283112887436,0.397283112887436,1,0,0
16050031,n5-6dof,N5 6-DOF graph,state-loss,Local client state loss,rejoin-boundary,5,30308036064,30308036064,1062446,492093,176900190,NaN,NaN,NaN,NaN,NaN,3,3,1,1,5,0.994,0,0,0,0,NaN,NaN,2,0,213,314,87,126,0,534,0.98689138576779,314,527,2108,2108,0,0,1988,4,4773,4773,0,0,9,9,0,0,0,0,1,0.406791384523224,0.406791384523224,1,0,0
16050031,n5-6dof,N5 6-DOF graph,owner-reconfiguration,Owner tuple reconfiguration,lease-fence-boundary,5,30308036064,30308036064,1062449,499592,177265338,NaN,NaN,NaN,NaN,NaN,3,3,1,1,5,0.9645,0,0,0,0,222,221,NaN,1,261,319,79,182,0,534,1.08614232209738,440,580,2320,2320,0,0,1929,32,4647,4647,0,0,62,52,0,10,0,8,1,0.404289207776964,0.403163228241147,1,0,0
16050031,n10-ring2,N10 ring2 graph,zero,Zero loss,native,10,113466194084,113466194084,1757145,3859866,504027300,NaN,NaN,NaN,NaN,NaN,3,3,1,1,10,0.98875,0,0,0,0,NaN,NaN,NaN,0,455,930,176,279,0,1409,0.982966643009226,930,1385,12465,12465,0,0,3955,7,10295,10295,0,0,17,17,0,0,0,0,1,0.45526164920884,0.29296469627334,1,0,0
16050031,n10-ring2,N10 ring2 graph,data-erasure-5,DATA erasure 5%,data-separation,10,113466194084,113466194084,2413015,3859866,504027300,NaN,NaN,NaN,NaN,NaN,3,3,1,1,10,0.98875,0,0,0,0,NaN,NaN,NaN,0,455,930,176,279,0,1409,0.982966643009226,930,1385,12465,12465,0,0,3955,7,10295,9773,522,0,17,16,1,0,0,0,1,0.45526164920884,0.29296469627334,1,0,0
16050031,n10-ring2,N10 ring2 graph,management-erasure-5,Management erasure 5%,control-loss,10,113466194084,113466194084,2081511,3837865,503114991,NaN,NaN,NaN,NaN,NaN,3,3,1,1,24,0.9815,0,0,0,0,NaN,NaN,NaN,0,525,965,172,353,0,1409,1.05748757984386,1144,1490,13410,12781,629,0,3926,11,10235,10235,0,0,25,25,0,0,0,0,1,0.456290799195749,0.29533174124323,1,0,0
16050031,n10-ring2,N10 ring2 graph,local-management,Local management reach,visibility-boundary,10,113466194084,113466194084,1746229,710426,382845946,NaN,NaN,NaN,NaN,NaN,3,3,0,1,NaN,0.19975,0,0,0,0,NaN,NaN,NaN,0,68,31,37,31,0,1409,0.0702625975869411,31,99,351,351,0,0,799,641,2798,2798,0,0,1454,1275,0,179,0,135,1,0.15159379307165,0.131937028321694,1,0,0
16050031,n10-ring2,N10 ring2 graph,directed-grant-blackout,Directed GRANT blackout,grant-loss-witness,10,113466194084,74722043587,1855086,4229466,501371854,1,2,421,0,0,3,3,0,1,NaN,0.889,0,0,0,0,NaN,NaN,NaN,0,806,1050,159,647,0,1409,1.31724627395316,1298,1856,16704,16305,399,0,3556,87,9497,9497,0,0,177,175,0,2,0,2,1,0.438589419420919,0.316943890968312,1,0,0
16050031,n10-ring2,N10 ring2 graph,state-loss,Local client state loss,rejoin-boundary,10,113466194084,113466194084,1757564,3860258,504021139,NaN,NaN,NaN,NaN,NaN,3,3,1,1,10,0.98825,0,0,0,0,NaN,NaN,2,0,455,915,175,280,0,1409,0.972320794889993,931,1370,12330,12330,0,0,3953,7,10291,10291,0,0,17,17,0,0,0,0,1,0.454541244218004,0.292450121279886,1,0,0
16050031,n10-ring2,N10 ring2 graph,owner-reconfiguration,Owner tuple reconfiguration,lease-fence-boundary,10,113466194084,113466194084,1757567,3864154,503321724,NaN,NaN,NaN,NaN,NaN,3,3,1,1,10,0.92975,0,0,0,0,222,221,NaN,5,619,1035,156,463,0,1409,1.17388218594748,1479,1654,14886,14886,0,0,3719,59,9717,9717,0,0,142,132,0,10,0,8,1,0.445553334332335,0.299414036191301,1,0,0
16050032,n5-6dof,N5 6-DOF graph,zero,Zero loss,native,5,30400734813,30400734813,1062327,491136,176806773,NaN,NaN,NaN,NaN,NaN,3,3,1,1,5,0.995,0,0,0,0,NaN,NaN,NaN,0,213,310,89,124,0,534,0.97940074906367,310,523,2092,2092,0,0,1990,4,4777,4777,0,0,11,11,0,0,0,0,1,0.406916493360537,0.406916493360537,1,0,0
16050032,n5-6dof,N5 6-DOF graph,data-erasure-5,DATA erasure 5%,data-separation,5,30400734813,30400734813,1718197,491136,176806773,NaN,NaN,NaN,NaN,NaN,3,3,1,1,5,0.995,0,0,0,0,NaN,NaN,NaN,0,213,310,89,124,0,534,0.97940074906367,310,523,2092,2092,0,0,1990,4,4777,4535,242,0,11,11,0,0,0,0,1,0.406916493360537,0.406916493360537,1,0,0
16050032,n5-6dof,N5 6-DOF graph,management-erasure-5,Management erasure 5%,control-loss,5,30400734813,30400734813,1386693,490552,176115019,NaN,NaN,NaN,NaN,NaN,3,3,1,1,16,0.9895,0,0,0,0,NaN,NaN,NaN,0,242,342,91,151,0,534,1.0936329588015,364,584,2336,2224,112,0,1979,10,4755,4755,0,0,23,23,0,0,0,0,1,0.409793996618736,0.409793996618736,1,0,0
16050032,n5-6dof,N5 6-DOF graph,local-management,Local management reach,visibility-boundary,5,30400734813,30400734813,1061873,574581,137611490,NaN,NaN,NaN,NaN,NaN,3,3,0,1,NaN,0.3995,0,0,0,0,NaN,NaN,NaN,0,68,31,37,31,0,534,0.185393258426966,31,99,249,249,0,0,799,427,1998,1998,0,0,924,846,0,78,0,78,1,0.236268039265603,0.224632917395494,1,0,0
16050032,n5-6dof,N5 6-DOF graph,directed-grant-blackout,Directed GRANT blackout,grant-loss-witness,5,30400734813,20733460679,1160268,985529,175440741,1,2,421,0,0,3,3,0,1,NaN,0.7955,0,0,0,0,NaN,NaN,NaN,0,564,585,72,492,0,534,2.15168539325843,678,1149,4596,4197,399,0,1591,144,3979,3979,0,0,291,291,0,0,0,0,1,0.397470776143405,0.397470776143405,1,0,0
16050032,n5-6dof,N5 6-DOF graph,state-loss,Local client state loss,rejoin-boundary,5,30400734813,30400734813,1062446,492093,176900190,NaN,NaN,NaN,NaN,NaN,3,3,1,1,5,0.994,0,0,0,0,NaN,NaN,2,0,213,314,87,126,0,534,0.98689138576779,314,527,2108,2108,0,0,1988,4,4773,4773,0,0,11,11,0,0,0,0,1,0.406791384523224,0.406791384523224,1,0,0
16050032,n5-6dof,N5 6-DOF graph,owner-reconfiguration,Owner tuple reconfiguration,lease-fence-boundary,5,30400734813,30400734813,1062449,499320,177265338,NaN,NaN,NaN,NaN,NaN,3,3,1,1,5,0.9645,0,0,0,0,222,221,NaN,1,261,319,79,182,0,534,1.08614232209738,440,580,2320,2320,0,0,1929,24,4647,4647,0,0,54,50,0,4,0,4,1,0.402787901729208,0.402224911961299,1,0,0
16050032,n10-ring2,N10 ring2 graph,zero,Zero loss,native,10,113610359032,113610359032,1757145,3859903,504027300,NaN,NaN,NaN,NaN,NaN,3,3,1,1,10,0.98875,0,0,0,0,NaN,NaN,NaN,0,455,930,176,279,0,1409,0.982966643009226,930,1385,12465,12465,0,0,3955,8,10295,10295,0,0,14,14,0,0,0,0,1,0.455364564207531,0.292861781274649,1,0,0
16050032,n10-ring2,N10 ring2 graph,data-erasure-5,DATA erasure 5%,data-separation,10,113610359032,113610359032,2413015,3859903,504027300,NaN,NaN,NaN,NaN,NaN,3,3,1,1,10,0.98875,0,0,0,0,NaN,NaN,NaN,0,455,930,176,279,0,1409,0.982966643009226,930,1385,12465,12465,0,0,3955,8,10295,9822,473,0,14,13,1,0,0,0,1,0.455364564207531,0.292861781274649,1,0,0
16050032,n10-ring2,N10 ring2 graph,management-erasure-5,Management erasure 5%,control-loss,10,113610359032,113610359032,2081511,3840148,501325644,NaN,NaN,NaN,NaN,NaN,3,3,1,1,26,0.96025,0,0,0,0,NaN,NaN,NaN,0,508,946,172,336,0,1409,1.0319375443577,1079,1454,13086,12460,626,0,3841,32,10026,10026,0,0,69,56,0,13,0,7,1,0.448469259295243,0.291009311298214,1,0,0
16050032,n10-ring2,N10 ring2 graph,local-management,Local management reach,visibility-boundary,10,113610359032,113610359032,1746229,706475,382845946,NaN,NaN,NaN,NaN,NaN,3,3,0,1,NaN,0.19975,0,0,0,0,NaN,NaN,NaN,0,68,31,37,31,0,1409,0.0702625975869411,31,99,351,351,0,0,799,569,2798,2798,0,0,1271,1129,0,142,0,102,1,0.144183913165907,0.128129173370132,1,0,0
16050032,n10-ring2,N10 ring2 graph,directed-grant-blackout,Directed GRANT blackout,grant-loss-witness,10,113610359032,74659803947,1855086,4229573,501371854,1,2,421,0,0,3,3,0,1,NaN,0.889,0,0,0,0,NaN,NaN,NaN,0,806,1050,159,647,0,1409,1.31724627395316,1298,1856,16704,16305,399,0,3556,92,9497,9497,0,0,182,182,0,0,0,0,1,0.439103994414374,0.317355550963076,1,0,0
16050032,n10-ring2,N10 ring2 graph,state-loss,Local client state loss,rejoin-boundary,10,113610359032,113610359032,1757564,3860295,504021139,NaN,NaN,NaN,NaN,NaN,3,3,1,1,10,0.98825,0,0,0,0,NaN,NaN,2,0,455,915,175,280,0,1409,0.972320794889993,931,1370,12330,12330,0,0,3953,8,10291,10291,0,0,14,14,0,0,0,0,1,0.454644159216695,0.292347206281195,1,0,0
16050032,n10-ring2,N10 ring2 graph,owner-reconfiguration,Owner tuple reconfiguration,lease-fence-boundary,10,113610359032,113610359032,1757567,3863624,503321724,NaN,NaN,NaN,NaN,NaN,3,3,1,1,10,0.92975,0,0,0,0,222,221,NaN,5,619,1035,156,463,0,1409,1.17388218594748,1479,1654,14886,14886,0,0,3719,51,9717,9717,0,0,115,113,0,2,0,2,1,0.444730014342808,0.298693631200465,1,0,0
16050033,n5-6dof,N5 6-DOF graph,zero,Zero loss,native,5,30512598756,30512598756,1062327,491228,176806773,NaN,NaN,NaN,NaN,NaN,3,3,1,1,5,0.995,0,0,0,0,NaN,NaN,NaN,0,213,310,89,124,0,534,0.97940074906367,310,523,2092,2092,0,0,1990,6,4777,4777,0,0,15,13,0,2,0,2,1,0.407291819872476,0.407104156616506,1,0,0
16050033,n5-6dof,N5 6-DOF graph,data-erasure-5,DATA erasure 5%,data-separation,5,30512598756,30512598756,1718197,491228,176806773,NaN,NaN,NaN,NaN,NaN,3,3,1,1,5,0.995,0,0,0,0,NaN,NaN,NaN,0,213,310,89,124,0,534,0.97940074906367,310,523,2092,2092,0,0,1990,6,4777,4536,241,0,15,12,1,2,0,2,1,0.407291819872476,0.407104156616506,1,0,0
16050033,n5-6dof,N5 6-DOF graph,management-erasure-5,Management erasure 5%,control-loss,5,30512598756,30512598756,1386693,492184,176011682,NaN,NaN,NaN,NaN,NaN,3,3,1,1,22,0.9865,0,0,0,0,NaN,NaN,NaN,0,249,348,90,159,0,534,1.11797752808989,376,597,2388,2257,131,0,1973,14,4743,4743,0,0,31,29,0,2,0,2,1,0.410231877549331,0.410044214293362,1,0,0
16050033,n5-6dof,N5 6-DOF graph,local-management,Local management reach,visibility-boundary,5,30512598756,30512598756,1061873,574209,137611490,NaN,NaN,NaN,NaN,NaN,3,3,0,1,NaN,0.3995,0,0,0,0,NaN,NaN,NaN,0,68,31,37,31,0,534,0.185393258426966,31,99,249,249,0,0,799,421,1998,1998,0,0,897,829,0,68,0,68,1,0.235142059729786,0.224069927627585,1,0,0
16050033,n5-6dof,N5 6-DOF graph,directed-grant-blackout,Directed GRANT blackout,grant-loss-witness,5,30512598756,20796101545,1160268,985445,175440741,1,2,421,0,0,3,3,0,1,NaN,0.7955,0,0,0,0,NaN,NaN,NaN,0,564,585,72,492,0,534,2.15168539325843,678,1149,4596,4197,399,0,1591,138,3979,3979,0,0,279,277,0,2,0,2,1,0.396344796607588,0.396157133351619,1,0,0
16050033,n5-6dof,N5 6-DOF graph,state-loss,Local client state loss,rejoin-boundary,5,30512598756,30512598756,1062446,492207,176900190,NaN,NaN,NaN,NaN,NaN,3,3,1,1,5,0.994,0,0,0,0,NaN,NaN,2,0,213,314,87,126,0,534,0.98689138576779,314,527,2108,2108,0,0,1988,7,4773,4773,0,0,17,15,0,2,0,2,1,0.407354374291132,0.407166711035163,1,0,0
16050033,n5-6dof,N5 6-DOF graph,owner-reconfiguration,Owner tuple reconfiguration,lease-fence-boundary,5,30512598756,30512598756,1062449,499478,177265338,NaN,NaN,NaN,NaN,NaN,3,3,1,1,5,0.9645,0,0,0,0,222,221,NaN,1,261,319,79,182,0,534,1.08614232209738,440,580,2320,2320,0,0,1929,29,4647,4647,0,0,63,57,0,6,0,6,1,0.403726218009055,0.403163228241147,1,0,0
16050033,n10-ring2,N10 ring2 graph,zero,Zero loss,native,10,113339294461,113339294461,1757145,3859866,504027300,NaN,NaN,NaN,NaN,NaN,3,3,1,1,10,0.98875,0,0,0,0,NaN,NaN,NaN,0,455,930,176,279,0,1409,0.982966643009226,930,1385,12465,12465,0,0,3955,7,10295,10295,0,0,16,16,0,0,0,0,1,0.45526164920884,0.29296469627334,1,0,0
16050033,n10-ring2,N10 ring2 graph,data-erasure-5,DATA erasure 5%,data-separation,10,113339294461,113339294461,2413015,3859866,504027300,NaN,NaN,NaN,NaN,NaN,3,3,1,1,10,0.98875,0,0,0,0,NaN,NaN,NaN,0,455,930,176,279,0,1409,0.982966643009226,930,1385,12465,12465,0,0,3955,7,10295,9782,513,0,16,16,0,0,0,0,1,0.45526164920884,0.29296469627334,1,0,0
16050033,n10-ring2,N10 ring2 graph,management-erasure-5,Management erasure 5%,control-loss,10,113339294461,113339294461,2081511,3839192,503488201,NaN,NaN,NaN,NaN,NaN,3,3,1,1,17,0.9865,0,0,0,0,NaN,NaN,NaN,0,517,931,166,351,0,1409,1.02767920511001,1149,1448,13032,12380,652,0,3946,8,10276,10276,0,0,18,18,0,0,0,0,1,0.456599544191822,0.294508421253703,1,0,0
16050033,n10-ring2,N10 ring2 graph,local-management,Local management reach,visibility-boundary,10,113339294461,113339294461,1746229,708215,382845946,NaN,NaN,NaN,NaN,NaN,3,3,0,1,NaN,0.19975,0,0,0,0,NaN,NaN,NaN,0,68,31,37,31,0,1409,0.0702625975869411,31,99,351,351,0,0,799,596,2798,2798,0,0,1327,1150,0,177,0,121,1,0.146962618130561,0.129775813349186,1,0,0
16050033,n10-ring2,N10 ring2 graph,directed-grant-blackout,Directed GRANT blackout,grant-loss-witness,10,113339294461,74575931780,1855086,4229758,501371854,1,2,421,0,0,3,3,0,1,NaN,0.889,0,0,0,0,NaN,NaN,NaN,0,806,1050,159,647,0,1409,1.31724627395316,1298,1856,16704,16305,399,0,3556,97,9497,9497,0,0,196,196,0,0,0,0,1,0.439618569407828,0.31787012595653,1,0,0
16050033,n10-ring2,N10 ring2 graph,state-loss,Local client state loss,rejoin-boundary,10,113339294461,113339294461,1757564,3860258,504021139,NaN,NaN,NaN,NaN,NaN,3,3,1,1,10,0.98825,0,0,0,0,NaN,NaN,2,0,455,915,175,280,0,1409,0.972320794889993,931,1370,12330,12330,0,0,3953,7,10291,10291,0,0,16,16,0,0,0,0,1,0.454541244218004,0.292450121279886,1,0,0
16050033,n10-ring2,N10 ring2 graph,owner-reconfiguration,Owner tuple reconfiguration,lease-fence-boundary,10,113339294461,113339294461,1757567,3863517,503321724,NaN,NaN,NaN,NaN,NaN,3,3,1,1,10,0.92975,0,0,0,0,222,221,NaN,5,619,1035,156,463,0,1409,1.17388218594748,1479,1654,14886,14886,0,0,3719,46,9717,9717,0,0,110,104,0,6,0,4,1,0.444215439349354,0.298179056207011,1,0,0
16050034,n5-6dof,N5 6-DOF graph,zero,Zero loss,native,5,30337533265,30337533265,1062327,491092,176806773,NaN,NaN,NaN,NaN,NaN,3,3,1,1,5,0.995,0,0,0,0,NaN,NaN,NaN,0,213,310,89,124,0,534,0.97940074906367,310,523,2092,2092,0,0,1990,2,4777,4777,0,0,4,4,0,0,0,0,1,0.406541166848598,0.406541166848598,1,0,0
16050034,n5-6dof,N5 6-DOF graph,data-erasure-5,DATA erasure 5%,data-separation,5,30337533265,30337533265,1718197,491092,176806773,NaN,NaN,NaN,NaN,NaN,3,3,1,1,5,0.995,0,0,0,0,NaN,NaN,NaN,0,213,310,89,124,0,534,0.97940074906367,310,523,2092,2092,0,0,1990,2,4777,4534,243,0,4,4,0,0,0,0,1,0.406541166848598,0.406541166848598,1,0,0
16050034,n5-6dof,N5 6-DOF graph,management-erasure-5,Management erasure 5%,control-loss,5,30337533265,30337533265,1386693,493195,175443431,NaN,NaN,NaN,NaN,NaN,3,3,1,1,25,0.966,0,0,0,0,NaN,NaN,NaN,0,233,325,89,144,0,534,1.04494382022472,355,558,2232,2129,103,0,1932,25,4642,4642,0,0,55,51,0,4,0,4,1,0.402162357542643,0.401599367774734,1,0,0
16050034,n5-6dof,N5 6-DOF graph,local-management,Local management reach,visibility-boundary,5,30337533265,30337533265,1061873,575623,137611490,NaN,NaN,NaN,NaN,NaN,3,3,0,1,NaN,0.3995,0,0,0,0,NaN,NaN,NaN,0,68,31,37,31,0,534,0.185393258426966,31,99,249,249,0,0,799,446,1998,1998,0,0,949,845,0,104,0,104,1,0.239833641129024,0.225383570419372,1,0,0
16050034,n5-6dof,N5 6-DOF graph,directed-grant-blackout,Directed GRANT blackout,grant-loss-witness,5,30337533265,20664784462,1160268,985397,175440741,1,2,421,0,0,3,3,0,1,NaN,0.7955,0,0,0,0,NaN,NaN,NaN,0,564,585,72,492,0,534,2.15168539325843,678,1149,4596,4197,399,0,1591,138,3979,3979,0,0,276,276,0,0,0,0,1,0.396344796607588,0.396344796607588,1,0,0
16050034,n5-6dof,N5 6-DOF graph,state-loss,Local client state loss,rejoin-boundary,5,30337533265,30337533265,1062446,492049,176900190,NaN,NaN,NaN,NaN,NaN,3,3,1,1,5,0.994,0,0,0,0,NaN,NaN,2,0,213,314,87,126,0,534,0.98689138576779,314,527,2108,2108,0,0,1988,2,4773,4773,0,0,4,4,0,0,0,0,1,0.406416058011285,0.406416058011285,1,0,0
16050034,n5-6dof,N5 6-DOF graph,owner-reconfiguration,Owner tuple reconfiguration,lease-fence-boundary,5,30337533265,30337533265,1062449,499092,177265338,NaN,NaN,NaN,NaN,NaN,3,3,1,1,5,0.9645,0,0,0,0,222,221,NaN,1,261,319,79,182,0,534,1.08614232209738,440,580,2320,2320,0,0,1929,18,4647,4647,0,0,37,37,0,0,0,0,1,0.401661922193391,0.401661922193391,1,0,0
16050034,n10-ring2,N10 ring2 graph,zero,Zero loss,native,10,112949508333,112949508333,1757145,3859866,504027300,NaN,NaN,NaN,NaN,NaN,3,3,1,1,10,0.98875,0,0,0,0,NaN,NaN,NaN,0,455,930,176,279,0,1409,0.982966643009226,930,1385,12465,12465,0,0,3955,7,10295,10295,0,0,16,16,0,0,0,0,1,0.45526164920884,0.29296469627334,1,0,0
16050034,n10-ring2,N10 ring2 graph,data-erasure-5,DATA erasure 5%,data-separation,10,112949508333,112949508333,2413015,3859866,504027300,NaN,NaN,NaN,NaN,NaN,3,3,1,1,10,0.98875,0,0,0,0,NaN,NaN,NaN,0,455,930,176,279,0,1409,0.982966643009226,930,1385,12465,12465,0,0,3955,7,10295,9782,513,0,16,16,0,0,0,0,1,0.45526164920884,0.29296469627334,1,0,0
16050034,n10-ring2,N10 ring2 graph,management-erasure-5,Management erasure 5%,control-loss,10,112949508333,112949508333,2081511,3860798,503815535,NaN,NaN,NaN,NaN,NaN,3,3,1,1,10,0.988,0,0,0,0,NaN,NaN,NaN,0,534,1023,169,365,0,1409,1.10503903477644,1201,1557,14013,13302,711,0,3952,7,10288,10288,0,0,16,16,0,0,0,0,1,0.460853364137711,0.298762241199592,1,0,0
16050034,n10-ring2,N10 ring2 graph,local-management,Local management reach,visibility-boundary,10,112949508333,112949508333,1746229,707195,382845946,NaN,NaN,NaN,NaN,NaN,3,3,0,1,NaN,0.19975,0,0,0,0,NaN,NaN,NaN,0,68,31,37,31,0,1409,0.0702625975869411,31,99,351,351,0,0,799,599,2798,2798,0,0,1337,1223,0,114,0,92,1,0.147271363126633,0.131628283325621,1,0,0
16050034,n10-ring2,N10 ring2 graph,directed-grant-blackout,Directed GRANT blackout,grant-loss-witness,10,112949508333,74309225888,1855086,4229318,501371854,1,2,421,0,0,3,3,0,1,NaN,0.889,0,0,0,0,NaN,NaN,NaN,0,806,1050,159,647,0,1409,1.31724627395316,1298,1856,16704,16305,399,0,3556,83,9497,9497,0,0,168,166,0,2,0,2,1,0.438177759426156,0.316532230973549,1,0,0
16050034,n10-ring2,N10 ring2 graph,state-loss,Local client state loss,rejoin-boundary,10,112949508333,112949508333,1757564,3860258,504021139,NaN,NaN,NaN,NaN,NaN,3,3,1,1,10,0.98825,0,0,0,0,NaN,NaN,2,0,455,915,175,280,0,1409,0.972320794889993,931,1370,12330,12330,0,0,3953,7,10291,10291,0,0,16,16,0,0,0,0,1,0.454541244218004,0.292450121279886,1,0,0
16050034,n10-ring2,N10 ring2 graph,owner-reconfiguration,Owner tuple reconfiguration,lease-fence-boundary,10,112949508333,112949508333,1757567,3863998,503321724,NaN,NaN,NaN,NaN,NaN,3,3,1,1,10,0.92975,0,0,0,0,222,221,NaN,5,619,1035,156,463,0,1409,1.17388218594748,1479,1654,14886,14886,0,0,3719,59,9717,9717,0,0,145,141,0,4,0,4,1,0.445553334332335,0.299722781187374,1,0,0
16050035,n5-6dof,N5 6-DOF graph,zero,Zero loss,native,5,30416709892,30416709892,1062327,491184,176806773,NaN,NaN,NaN,NaN,NaN,3,3,1,1,5,0.995,0,0,0,0,NaN,NaN,NaN,0,213,310,89,124,0,534,0.97940074906367,310,523,2092,2092,0,0,1990,4,4777,4777,0,0,10,8,0,2,0,2,1,0.406916493360537,0.406728830104567,1,0,0
16050035,n5-6dof,N5 6-DOF graph,data-erasure-5,DATA erasure 5%,data-separation,5,30416709892,30416709892,1718197,491184,176806773,NaN,NaN,NaN,NaN,NaN,3,3,1,1,5,0.995,0,0,0,0,NaN,NaN,NaN,0,213,310,89,124,0,534,0.97940074906367,310,523,2092,2092,0,0,1990,4,4777,4553,224,0,10,8,0,2,0,2,1,0.406916493360537,0.406728830104567,1,0,0
16050035,n5-6dof,N5 6-DOF graph,management-erasure-5,Management erasure 5%,control-loss,5,30416709892,30416709892,1386693,493499,176739481,NaN,NaN,NaN,NaN,NaN,3,3,1,1,6,0.994,0,0,0,0,NaN,NaN,NaN,0,247,353,92,155,0,534,1.12359550561798,381,600,2400,2278,122,0,1988,5,4772,4772,0,0,12,10,0,2,0,2,1,0.411545520341118,0.411357857085148,1,0,0
16050035,n5-6dof,N5 6-DOF graph,local-management,Local management reach,visibility-boundary,5,30416709892,30416709892,1061873,574749,137611490,NaN,NaN,NaN,NaN,NaN,3,3,0,1,NaN,0.3995,0,0,0,0,NaN,NaN,NaN,0,68,31,37,31,0,534,0.185393258426966,31,99,249,249,0,0,799,415,1998,1998,0,0,864,768,0,96,0,96,1,0.234016080193969,0.219753672740287,1,0,0
16050035,n5-6dof,N5 6-DOF graph,directed-grant-blackout,Directed GRANT blackout,grant-loss-witness,5,30416709892,20747636403,1160268,985467,175440741,1,2,421,0,0,3,3,0,1,NaN,0.7955,0,0,0,0,NaN,NaN,NaN,0,564,585,72,492,0,534,2.15168539325843,678,1149,4596,4197,399,0,1591,139,3979,3979,0,0,280,278,0,2,0,2,1,0.396532459863558,0.396344796607588,1,0,0
16050035,n5-6dof,N5 6-DOF graph,state-loss,Local client state loss,rejoin-boundary,5,30416709892,30416709892,1062446,492163,176900190,NaN,NaN,NaN,NaN,NaN,3,3,1,1,5,0.994,0,0,0,0,NaN,NaN,2,0,213,314,87,126,0,534,0.98689138576779,314,527,2108,2108,0,0,1988,5,4773,4773,0,0,12,10,0,2,0,2,1,0.406979047779193,0.406791384523224,1,0,0
16050035,n5-6dof,N5 6-DOF graph,owner-reconfiguration,Owner tuple reconfiguration,lease-fence-boundary,5,30416709892,30416709892,1062449,499320,177265338,NaN,NaN,NaN,NaN,NaN,3,3,1,1,5,0.9645,0,0,0,0,222,221,NaN,1,261,319,79,182,0,534,1.08614232209738,440,580,2320,2320,0,0,1929,24,4647,4647,0,0,49,45,0,4,0,4,1,0.402787901729208,0.40203724870533,1,0,0
16050035,n10-ring2,N10 ring2 graph,zero,Zero loss,native,10,113358561595,113358561595,1757145,3860092,504027300,NaN,NaN,NaN,NaN,NaN,3,3,1,1,10,0.98875,0,0,0,0,NaN,NaN,NaN,0,455,930,176,279,0,1409,0.982966643009226,930,1385,12465,12465,0,0,3955,11,10295,10295,0,0,21,19,0,2,0,2,1,0.455673309203604,0.293067611272031,1,0,0
16050035,n10-ring2,N10 ring2 graph,data-erasure-5,DATA erasure 5%,data-separation,10,113358561595,113358561595,2413015,3860092,504027300,NaN,NaN,NaN,NaN,NaN,3,3,1,1,10,0.98875,0,0,0,0,NaN,NaN,NaN,0,455,930,176,279,0,1409,0.982966643009226,930,1385,12465,12465,0,0,3955,11,10295,9807,488,0,21,19,0,2,0,2,1,0.455673309203604,0.293067611272031,1,0,0
16050035,n10-ring2,N10 ring2 graph,management-erasure-5,Management erasure 5%,control-loss,10,113358561595,113358561595,2081511,3835511,502950172,NaN,NaN,NaN,NaN,NaN,3,3,1,1,23,0.9795,0,0,0,0,NaN,NaN,NaN,0,528,914,174,354,0,1409,1.02342086586231,1157,1442,12978,12318,660,0,3918,19,10209,10209,0,0,38,36,0,2,0,2,1,0.454644159216695,0.293170526270722,1,0,0
16050035,n10-ring2,N10 ring2 graph,local-management,Local management reach,visibility-boundary,10,113358561595,113358561595,1746229,710436,382845946,NaN,NaN,NaN,NaN,NaN,3,3,0,1,NaN,0.19975,0,0,0,0,NaN,NaN,NaN,0,68,31,37,31,0,1409,0.0702625975869411,31,99,351,351,0,0,799,636,2798,2798,0,0,1399,1209,0,190,0,140,1,0.151079218078195,0.13265743331253,1,0,0
16050035,n10-ring2,N10 ring2 graph,directed-grant-blackout,Directed GRANT blackout,grant-loss-witness,10,113358561595,74518240754,1855086,4229207,501371854,1,2,421,0,0,3,3,0,1,NaN,0.889,0,0,0,0,NaN,NaN,NaN,0,806,1050,159,647,0,1409,1.31724627395316,1298,1856,16704,16305,399,0,3556,80,9497,9497,0,0,159,157,0,2,0,2,1,0.437869014430083,0.316017655980095,1,0,0
16050035,n10-ring2,N10 ring2 graph,state-loss,Local client state loss,rejoin-boundary,10,113358561595,113358561595,1757564,3860521,504021139,NaN,NaN,NaN,NaN,NaN,3,3,1,1,10,0.98825,0,0,0,0,NaN,NaN,2,0,455,915,175,280,0,1409,0.972320794889993,931,1370,12330,12330,0,0,3953,12,10291,10291,0,0,23,21,0,2,0,2,1,0.455055819211458,0.292655951277267,1,0,0
16050035,n10-ring2,N10 ring2 graph,owner-reconfiguration,Owner tuple reconfiguration,lease-fence-boundary,10,113358561595,113358561595,1757567,3864306,503321724,NaN,NaN,NaN,NaN,NaN,3,3,1,1,10,0.92975,0,0,0,0,222,221,NaN,5,619,1035,156,463,0,1409,1.17388218594748,1479,1654,14886,14886,0,0,3719,61,9717,9717,0,0,141,129,0,12,0,10,1,0.445759164329717,0.299414036191301,1,0,0
16050036,n5-6dof,N5 6-DOF graph,zero,Zero loss,native,5,30411633513,30411633513,1062327,491158,176806773,NaN,NaN,NaN,NaN,NaN,3,3,1,1,5,0.995,0,0,0,0,NaN,NaN,NaN,0,213,310,89,124,0,534,0.97940074906367,310,523,2092,2092,0,0,1990,5,4777,4777,0,0,9,9,0,0,0,0,1,0.407104156616506,0.406916493360537,1,0,0
16050036,n5-6dof,N5 6-DOF graph,data-erasure-5,DATA erasure 5%,data-separation,5,30411633513,30411633513,1718197,491158,176806773,NaN,NaN,NaN,NaN,NaN,3,3,1,1,5,0.995,0,0,0,0,NaN,NaN,NaN,0,213,310,89,124,0,534,0.97940074906367,310,523,2092,2092,0,0,1990,5,4777,4520,257,0,9,8,1,0,0,0,1,0.407104156616506,0.406916493360537,1,0,0
16050036,n5-6dof,N5 6-DOF graph,management-erasure-5,Management erasure 5%,control-loss,5,30411633513,30411633513,1386693,491458,176174618,NaN,NaN,NaN,NaN,NaN,3,3,1,1,19,0.9875,0,0,0,0,NaN,NaN,NaN,0,243,328,93,150,0,534,1.06928838951311,366,571,2284,2159,125,0,1975,10,4747,4747,0,0,19,19,0,0,0,0,1,0.408230136152323,0.408042472896354,1,0,0
16050036,n5-6dof,N5 6-DOF graph,local-management,Local management reach,visibility-boundary,5,30411633513,30411633513,1061873,574543,137611490,NaN,NaN,NaN,NaN,NaN,3,3,0,1,NaN,0.3995,0,0,0,0,NaN,NaN,NaN,0,68,31,37,31,0,534,0.185393258426966,31,99,249,249,0,0,799,410,1998,1998,0,0,874,782,0,92,0,92,1,0.233077763914121,0.220316662508195,1,0,0
16050036,n5-6dof,N5 6-DOF graph,directed-grant-blackout,Directed GRANT blackout,grant-loss-witness,5,30411633513,20722563858,1160268,985573,175440741,1,2,421,0,0,3,3,0,1,NaN,0.7955,0,0,0,0,NaN,NaN,NaN,0,564,585,72,492,0,534,2.15168539325843,678,1149,4596,4197,399,0,1591,146,3979,3979,0,0,291,291,0,0,0,0,1,0.397846102655344,0.397658439399375,1,0,0
16050036,n5-6dof,N5 6-DOF graph,state-loss,Local client state loss,rejoin-boundary,5,30411633513,30411633513,1062446,492115,176900190,NaN,NaN,NaN,NaN,NaN,3,3,1,1,5,0.994,0,0,0,0,NaN,NaN,2,0,213,314,87,126,0,534,0.98689138576779,314,527,2108,2108,0,0,1988,5,4773,4773,0,0,9,9,0,0,0,0,1,0.406979047779193,0.406791384523224,1,0,0
16050036,n5-6dof,N5 6-DOF graph,owner-reconfiguration,Owner tuple reconfiguration,lease-fence-boundary,5,30411633513,30411633513,1062449,499224,177265338,NaN,NaN,NaN,NaN,NaN,3,3,1,1,5,0.9645,0,0,0,0,222,221,NaN,1,261,319,79,182,0,534,1.08614232209738,440,580,2320,2320,0,0,1929,24,4647,4647,0,0,48,48,0,0,0,0,1,0.402787901729208,0.402412575217269,1,0,0
16050036,n10-ring2,N10 ring2 graph,zero,Zero loss,native,10,113090617557,113090617557,1757145,3859940,504027300,NaN,NaN,NaN,NaN,NaN,3,3,1,1,10,0.98875,0,0,0,0,NaN,NaN,NaN,0,455,930,176,279,0,1409,0.982966643009226,930,1385,12465,12465,0,0,3955,9,10295,10295,0,0,20,20,0,0,0,0,1,0.455467479206222,0.293067611272031,1,0,0
16050036,n10-ring2,N10 ring2 graph,data-erasure-5,DATA erasure 5%,data-separation,10,113090617557,113090617557,2413015,3859940,504027300,NaN,NaN,NaN,NaN,NaN,3,3,1,1,10,0.98875,0,0,0,0,NaN,NaN,NaN,0,455,930,176,279,0,1409,0.982966643009226,930,1385,12465,12465,0,0,3955,9,10295,9781,514,0,20,20,0,0,0,0,1,0.455467479206222,0.293067611272031,1,0,0
16050036,n10-ring2,N10 ring2 graph,management-erasure-5,Management erasure 5%,control-loss,10,113090617557,113090617557,2081511,3848611,502590817,NaN,NaN,NaN,NaN,NaN,3,3,1,1,28,0.96725,0,0,0,0,NaN,NaN,NaN,0,532,983,179,353,0,1409,1.07523066004258,1153,1515,13635,13001,634,0,3869,22,10089,10089,0,0,49,47,0,2,0,2,1,0.45241433424506,0.295057301246721,1,0,0
16050036,n10-ring2,N10 ring2 graph,local-management,Local management reach,visibility-boundary,10,113090617557,113090617557,1746229,705651,382845946,NaN,NaN,NaN,NaN,NaN,3,3,0,1,NaN,0.19975,0,0,0,0,NaN,NaN,NaN,0,68,31,37,31,0,1409,0.0702625975869411,31,99,351,351,0,0,799,552,2798,2798,0,0,1203,1080,0,123,0,97,1,0.142434358188163,0.12679127838715,1,0,0
16050036,n10-ring2,N10 ring2 graph,directed-grant-blackout,Directed GRANT blackout,grant-loss-witness,10,113090617557,74322227413,1855086,4229466,501371854,1,2,421,0,0,3,3,0,1,NaN,0.889,0,0,0,0,NaN,NaN,NaN,0,806,1050,159,647,0,1409,1.31724627395316,1298,1856,16704,16305,399,0,3556,87,9497,9497,0,0,176,174,0,2,0,2,1,0.438589419420919,0.316840975969622,1,0,0
16050036,n10-ring2,N10 ring2 graph,state-loss,Local client state loss,rejoin-boundary,10,113090617557,113090617557,1757564,3860369,504021139,NaN,NaN,NaN,NaN,NaN,3,3,1,1,10,0.98825,0,0,0,0,NaN,NaN,2,0,455,915,175,280,0,1409,0.972320794889993,931,1370,12330,12330,0,0,3953,10,10291,10291,0,0,22,22,0,0,0,0,1,0.454849989214077,0.292655951277267,1,0,0
16050036,n10-ring2,N10 ring2 graph,owner-reconfiguration,Owner tuple reconfiguration,lease-fence-boundary,10,113090617557,113090617557,1757567,3863817,503321724,NaN,NaN,NaN,NaN,NaN,3,3,1,1,10,0.92975,0,0,0,0,222,221,NaN,5,619,1035,156,463,0,1409,1.17388218594748,1479,1654,14886,14886,0,0,3719,52,9717,9717,0,0,111,103,0,8,0,6,1,0.444832929341499,0.298796546199156,1,0,0
16050037,n5-6dof,N5 6-DOF graph,zero,Zero loss,native,5,30509807096,30509807096,1062327,491070,176806773,NaN,NaN,NaN,NaN,NaN,3,3,1,1,5,0.995,0,0,0,0,NaN,NaN,NaN,0,213,310,89,124,0,534,0.97940074906367,310,523,2092,2092,0,0,1990,1,4777,4777,0,0,2,2,0,0,0,0,1,0.406353503592628,0.406353503592628,1,0,0
16050037,n5-6dof,N5 6-DOF graph,data-erasure-5,DATA erasure 5%,data-separation,5,30509807096,30509807096,1718197,491070,176806773,NaN,NaN,NaN,NaN,NaN,3,3,1,1,5,0.995,0,0,0,0,NaN,NaN,NaN,0,213,310,89,124,0,534,0.97940074906367,310,523,2092,2092,0,0,1990,1,4777,4531,246,0,2,2,0,0,0,0,1,0.406353503592628,0.406353503592628,1,0,0
16050037,n5-6dof,N5 6-DOF graph,management-erasure-5,Management erasure 5%,control-loss,5,30509807096,30509807096,1386693,492094,176587182,NaN,NaN,NaN,NaN,NaN,3,3,1,1,5,0.9945,0,0,0,0,NaN,NaN,NaN,0,256,335,95,161,0,534,1.10674157303371,390,591,2364,2230,134,0,1989,2,4775,4775,0,0,4,4,0,0,0,0,1,0.41060720406127,0.41060720406127,1,0,0
16050037,n5-6dof,N5 6-DOF graph,local-management,Local management reach,visibility-boundary,5,30509807096,30509807096,1061873,575121,137611490,NaN,NaN,NaN,NaN,NaN,3,3,0,1,NaN,0.3995,0,0,0,0,NaN,NaN,NaN,0,68,31,37,31,0,534,0.185393258426966,31,99,249,249,0,0,799,445,1998,1998,0,0,934,850,0,84,0,84,1,0.239645977873054,0.226884876467128,1,0,0
16050037,n5-6dof,N5 6-DOF graph,directed-grant-blackout,Directed GRANT blackout,grant-loss-witness,5,30509807096,20754937146,1160268,985243,175440741,1,2,421,0,0,3,3,0,1,NaN,0.7955,0,0,0,0,NaN,NaN,NaN,0,564,585,72,492,0,534,2.15168539325843,678,1149,4596,4197,399,0,1591,131,3979,3979,0,0,262,262,0,0,0,0,1,0.395031153815802,0.395031153815802,1,0,0
16050037,n5-6dof,N5 6-DOF graph,state-loss,Local client state loss,rejoin-boundary,5,30509807096,30509807096,1062446,492071,176900190,NaN,NaN,NaN,NaN,NaN,3,3,1,1,5,0.994,0,0,0,0,NaN,NaN,2,0,213,314,87,126,0,534,0.98689138576779,314,527,2108,2108,0,0,1988,3,4773,4773,0,0,6,6,0,0,0,0,1,0.406603721267254,0.406603721267254,1,0,0
16050037,n5-6dof,N5 6-DOF graph,owner-reconfiguration,Owner tuple reconfiguration,lease-fence-boundary,5,30509807096,30509807096,1062449,499246,177265338,NaN,NaN,NaN,NaN,NaN,3,3,1,1,5,0.9645,0,0,0,0,222,221,NaN,1,261,319,79,182,0,534,1.08614232209738,440,580,2320,2320,0,0,1929,25,4647,4647,0,0,52,52,0,0,0,0,1,0.402975564985177,0.402975564985177,1,0,0
16050037,n10-ring2,N10 ring2 graph,zero,Zero loss,native,10,113500761260,113500761260,1757145,3859940,504027300,NaN,NaN,NaN,NaN,NaN,3,3,1,1,10,0.98875,0,0,0,0,NaN,NaN,NaN,0,455,930,176,279,0,1409,0.982966643009226,930,1385,12465,12465,0,0,3955,9,10295,10295,0,0,19,19,0,0,0,0,1,0.455467479206222,0.293067611272031,1,0,0
16050037,n10-ring2,N10 ring2 graph,data-erasure-5,DATA erasure 5%,data-separation,10,113500761260,113500761260,2413015,3859940,504027300,NaN,NaN,NaN,NaN,NaN,3,3,1,1,10,0.98875,0,0,0,0,NaN,NaN,NaN,0,455,930,176,279,0,1409,0.982966643009226,930,1385,12465,12465,0,0,3955,9,10295,9756,539,0,19,18,1,0,0,0,1,0.455467479206222,0.293067611272031,1,0,0
16050037,n10-ring2,N10 ring2 graph,management-erasure-5,Management erasure 5%,control-loss,10,113500761260,113500761260,2081511,3854748,502211677,NaN,NaN,NaN,NaN,NaN,3,3,1,1,29,0.9625,0,0,0,0,NaN,NaN,NaN,0,517,959,171,346,0,1409,1.04755145493258,1130,1476,13284,12615,669,0,3850,25,10050,10050,0,0,53,47,0,6,0,4,1,0.449429799283024,0.293822321262431,1,0,0
16050037,n10-ring2,N10 ring2 graph,local-management,Local management reach,visibility-boundary,10,113500761260,113500761260,1746229,707506,382845946,NaN,NaN,NaN,NaN,NaN,3,3,0,1,NaN,0.19975,0,0,0,0,NaN,NaN,NaN,0,68,31,37,31,0,1409,0.0702625975869411,31,99,351,351,0,0,799,580,2798,2798,0,0,1292,1141,0,151,0,118,1,0.145315978151507,0.129569983351804,1,0,0
16050037,n10-ring2,N10 ring2 graph,directed-grant-blackout,Directed GRANT blackout,grant-loss-witness,10,113500761260,74703620985,1855086,4229692,501371854,1,2,421,0,0,3,3,0,1,NaN,0.889,0,0,0,0,NaN,NaN,NaN,0,806,1050,159,647,0,1409,1.31724627395316,1298,1856,16704,16305,399,0,3556,91,9497,9497,0,0,183,179,0,4,0,4,1,0.439001079415683,0.317046805967003,1,0,0
16050037,n10-ring2,N10 ring2 graph,state-loss,Local client state loss,rejoin-boundary,10,113500761260,113500761260,1757564,3860332,504021139,NaN,NaN,NaN,NaN,NaN,3,3,1,1,10,0.98825,0,0,0,0,NaN,NaN,2,0,455,915,175,280,0,1409,0.972320794889993,931,1370,12330,12330,0,0,3953,9,10291,10291,0,0,19,19,0,0,0,0,1,0.454747074215386,0.292553036278577,1,0,0
16050037,n10-ring2,N10 ring2 graph,owner-reconfiguration,Owner tuple reconfiguration,lease-fence-boundary,10,113500761260,113500761260,1757567,3863739,503321724,NaN,NaN,NaN,NaN,NaN,3,3,1,1,10,0.92975,0,0,0,0,222,221,NaN,5,619,1035,156,463,0,1409,1.17388218594748,1479,1654,14886,14886,0,0,3719,52,9717,9717,0,0,120,114,0,6,0,4,1,0.444832929341499,0.299002376196538,1,0,0
16050038,n5-6dof,N5 6-DOF graph,zero,Zero loss,native,5,30242560444,30242560444,1062327,491206,176806773,NaN,NaN,NaN,NaN,NaN,3,3,1,1,5,0.995,0,0,0,0,NaN,NaN,NaN,0,213,310,89,124,0,534,0.97940074906367,310,523,2092,2092,0,0,1990,5,4777,4777,0,0,10,8,0,2,0,2,1,0.407104156616506,0.406916493360537,1,0,0
16050038,n5-6dof,N5 6-DOF graph,data-erasure-5,DATA erasure 5%,data-separation,5,30242560444,30242560444,1718197,491206,176806773,NaN,NaN,NaN,NaN,NaN,3,3,1,1,5,0.995,0,0,0,0,NaN,NaN,NaN,0,213,310,89,124,0,534,0.97940074906367,310,523,2092,2092,0,0,1990,5,4777,4546,231,0,10,8,0,2,0,2,1,0.407104156616506,0.406916493360537,1,0,0
16050038,n5-6dof,N5 6-DOF graph,management-erasure-5,Management erasure 5%,control-loss,5,30242560444,30242560444,1386693,491598,176791502,NaN,NaN,NaN,NaN,NaN,3,3,1,1,5,0.9945,0,0,0,0,NaN,NaN,NaN,0,235,286,89,146,0,534,0.975655430711611,355,521,2084,1998,86,0,1989,6,4775,4775,0,0,12,10,0,2,0,2,1,0.406979047779193,0.406791384523224,1,0,0
16050038,n5-6dof,N5 6-DOF graph,local-management,Local management reach,visibility-boundary,5,30242560444,30242560444,1061873,575763,137611490,NaN,NaN,NaN,NaN,NaN,3,3,0,1,NaN,0.3995,0,0,0,0,NaN,NaN,NaN,0,68,31,37,31,0,534,0.185393258426966,31,99,249,249,0,0,799,448,1998,1998,0,0,931,823,0,108,0,108,1,0.240208967640963,0.22594656018728,1,0,0
16050038,n5-6dof,N5 6-DOF graph,directed-grant-blackout,Directed GRANT blackout,grant-loss-witness,5,30242560444,20621469961,1160268,985379,175440741,1,2,421,0,0,3,3,0,1,NaN,0.7955,0,0,0,0,NaN,NaN,NaN,0,564,585,72,492,0,534,2.15168539325843,678,1149,4596,4197,399,0,1591,135,3979,3979,0,0,270,268,0,2,0,2,1,0.39578180683968,0.39559414358371,1,0,0
16050038,n5-6dof,N5 6-DOF graph,state-loss,Local client state loss,rejoin-boundary,5,30242560444,30242560444,1062446,492163,176900190,NaN,NaN,NaN,NaN,NaN,3,3,1,1,5,0.994,0,0,0,0,NaN,NaN,2,0,213,314,87,126,0,534,0.98689138576779,314,527,2108,2108,0,0,1988,5,4773,4773,0,0,10,8,0,2,0,2,1,0.406979047779193,0.406791384523224,1,0,0
16050038,n5-6dof,N5 6-DOF graph,owner-reconfiguration,Owner tuple reconfiguration,lease-fence-boundary,5,30242560444,30242560444,1062449,499458,177265338,NaN,NaN,NaN,NaN,NaN,3,3,1,1,5,0.9645,0,0,0,0,222,221,NaN,1,261,319,79,182,0,534,1.08614232209738,440,580,2320,2320,0,0,1929,27,4647,4647,0,0,56,47,0,9,0,7,1,0.403350891497116,0.402600238473238,1,0,0
16050038,n10-ring2,N10 ring2 graph,zero,Zero loss,native,10,113169313599,113169313599,1757145,3859755,504027300,NaN,NaN,NaN,NaN,NaN,3,3,1,1,10,0.98875,0,0,0,0,NaN,NaN,NaN,0,455,930,176,279,0,1409,0.982966643009226,930,1385,12465,12465,0,0,3955,4,10295,10295,0,0,9,9,0,0,0,0,1,0.454952904212768,0.292655951277267,1,0,0
16050038,n10-ring2,N10 ring2 graph,data-erasure-5,DATA erasure 5%,data-separation,10,113169313599,113169313599,2413015,3859755,504027300,NaN,NaN,NaN,NaN,NaN,3,3,1,1,10,0.98875,0,0,0,0,NaN,NaN,NaN,0,455,930,176,279,0,1409,0.982966643009226,930,1385,12465,12465,0,0,3955,4,10295,9732,563,0,9,9,0,0,0,0,1,0.454952904212768,0.292655951277267,1,0,0
16050038,n10-ring2,N10 ring2 graph,management-erasure-5,Management erasure 5%,control-loss,10,113169313599,113169313599,2081511,3849797,503271813,NaN,NaN,NaN,NaN,NaN,3,3,1,1,23,0.9815,0,0,0,0,NaN,NaN,NaN,0,534,920,176,358,0,1409,1.0319375443577,1169,1454,13086,12425,661,0,3926,9,10235,10235,0,0,19,19,0,0,0,0,1,0.454849989214077,0.293993846260249,1,0,0
16050038,n10-ring2,N10 ring2 graph,local-management,Local management reach,visibility-boundary,10,113169313599,113169313599,1746229,707385,382845946,NaN,NaN,NaN,NaN,NaN,3,3,0,1,NaN,0.19975,0,0,0,0,NaN,NaN,NaN,0,68,31,37,31,0,1409,0.0702625975869411,31,99,351,351,0,0,799,582,2798,2798,0,0,1304,1142,0,162,0,113,1,0.145521808148889,0.129364153354422,1,0,0
16050038,n10-ring2,N10 ring2 graph,directed-grant-blackout,Directed GRANT blackout,grant-loss-witness,10,113169313599,74478568588,1855086,4229166,501371854,1,2,421,0,0,3,3,0,1,NaN,0.889,0,0,0,0,NaN,NaN,NaN,0,806,1050,159,647,0,1409,1.31724627395316,1298,1856,16704,16305,399,0,3556,81,9497,9497,0,0,163,163,0,0,0,0,1,0.437971929428774,0.316326400976167,1,0,0
16050038,n10-ring2,N10 ring2 graph,state-loss,Local client state loss,rejoin-boundary,10,113169313599,113169313599,1757564,3860147,504021139,NaN,NaN,NaN,NaN,NaN,3,3,1,1,10,0.98825,0,0,0,0,NaN,NaN,2,0,455,915,175,280,0,1409,0.972320794889993,931,1370,12330,12330,0,0,3953,4,10291,10291,0,0,9,9,0,0,0,0,1,0.454232499221931,0.292141376283813,1,0,0
16050038,n10-ring2,N10 ring2 graph,owner-reconfiguration,Owner tuple reconfiguration,lease-fence-boundary,10,113169313599,113169313599,1757567,3863373,503321724,NaN,NaN,NaN,NaN,NaN,3,3,1,1,10,0.92975,0,0,0,0,222,221,NaN,5,619,1035,156,463,0,1409,1.17388218594748,1479,1654,14886,14886,0,0,3719,40,9717,9717,0,0,94,84,0,10,0,6,1,0.443597949357208,0.297870311210938,1,0,0
16050039,n5-6dof,N5 6-DOF graph,zero,Zero loss,native,5,30362886511,30362886511,1062327,491184,176806773,NaN,NaN,NaN,NaN,NaN,3,3,1,1,5,0.995,0,0,0,0,NaN,NaN,NaN,0,213,310,89,124,0,534,0.97940074906367,310,523,2092,2092,0,0,1990,4,4777,4777,0,0,5,3,0,2,0,2,1,0.406916493360537,0.406541166848598,1,0,0
16050039,n5-6dof,N5 6-DOF graph,data-erasure-5,DATA erasure 5%,data-separation,5,30362886511,30362886511,1718197,491184,176806773,NaN,NaN,NaN,NaN,NaN,3,3,1,1,5,0.995,0,0,0,0,NaN,NaN,NaN,0,213,310,89,124,0,534,0.97940074906367,310,523,2092,2092,0,0,1990,4,4777,4543,234,0,5,3,0,2,0,2,1,0.406916493360537,0.406541166848598,1,0,0
16050039,n5-6dof,N5 6-DOF graph,management-erasure-5,Management erasure 5%,control-loss,5,30362886511,30362886511,1386693,493624,176890838,NaN,NaN,NaN,NaN,NaN,3,3,1,1,5,0.995,0,0,0,0,NaN,NaN,NaN,0,238,332,91,147,0,534,1.06741573033708,363,570,2280,2183,97,0,1990,4,4777,4777,0,0,5,3,0,2,0,2,1,0.409856551037392,0.409481224525453,1,0,0
16050039,n5-6dof,N5 6-DOF graph,local-management,Local management reach,visibility-boundary,5,30362886511,30362886511,1061873,576387,137611490,NaN,NaN,NaN,NaN,NaN,3,3,0,1,NaN,0.3995,0,0,0,0,NaN,NaN,NaN,0,68,31,37,31,0,534,0.185393258426966,31,99,249,249,0,0,799,472,1998,1998,0,0,971,859,0,112,0,112,1,0.244712885784231,0.228198519258914,1,0,0
16050039,n5-6dof,N5 6-DOF graph,directed-grant-blackout,Directed GRANT blackout,grant-loss-witness,5,30362886511,20641241086,1160268,985775,175440741,1,2,421,0,0,3,3,0,1,NaN,0.7955,0,0,0,0,NaN,NaN,NaN,0,564,585,72,492,0,534,2.15168539325843,678,1149,4596,4197,399,0,1591,153,3979,3979,0,0,303,301,0,2,0,2,1,0.399159745447131,0.398784418935192,1,0,0
16050039,n5-6dof,N5 6-DOF graph,state-loss,Local client state loss,rejoin-boundary,5,30362886511,30362886511,1062446,492185,176900190,NaN,NaN,NaN,NaN,NaN,3,3,1,1,5,0.994,0,0,0,0,NaN,NaN,2,0,213,314,87,126,0,534,0.98689138576779,314,527,2108,2108,0,0,1988,6,4773,4773,0,0,9,7,0,2,0,2,1,0.407166711035163,0.406791384523224,1,0,0
16050039,n5-6dof,N5 6-DOF graph,owner-reconfiguration,Owner tuple reconfiguration,lease-fence-boundary,5,30362886511,30362886511,1062449,499302,177265338,NaN,NaN,NaN,NaN,NaN,3,3,1,1,5,0.9645,0,0,0,0,222,221,NaN,1,261,319,79,182,0,534,1.08614232209738,440,580,2320,2320,0,0,1929,21,4647,4647,0,0,34,28,0,6,0,6,1,0.402224911961299,0.401098932425482,1,0,0
16050039,n10-ring2,N10 ring2 graph,zero,Zero loss,native,10,112970454464,112970454464,1757145,3859829,504027300,NaN,NaN,NaN,NaN,NaN,3,3,1,1,10,0.98875,0,0,0,0,NaN,NaN,NaN,0,455,930,176,279,0,1409,0.982966643009226,930,1385,12465,12465,0,0,3955,6,10295,10295,0,0,13,13,0,0,0,0,1,0.455158734210149,0.292758866275958,1,0,0
16050039,n10-ring2,N10 ring2 graph,data-erasure-5,DATA erasure 5%,data-separation,10,112970454464,112970454464,2413015,3859829,504027300,NaN,NaN,NaN,NaN,NaN,3,3,1,1,10,0.98875,0,0,0,0,NaN,NaN,NaN,0,455,930,176,279,0,1409,0.982966643009226,930,1385,12465,12465,0,0,3955,6,10295,9731,564,0,13,13,0,0,0,0,1,0.455158734210149,0.292758866275958,1,0,0
16050039,n10-ring2,N10 ring2 graph,management-erasure-5,Management erasure 5%,control-loss,10,112970454464,112970454464,2081511,3851383,503666695,NaN,NaN,NaN,NaN,NaN,3,3,1,1,11,0.988,0,0,0,0,NaN,NaN,NaN,0,543,1019,176,367,0,1409,1.10858765081618,1179,1562,14058,13369,689,0,3952,6,10288,10288,0,0,13,13,0,0,0,0,1,0.460921974136838,0.298625021201338,1,0,0
16050039,n10-ring2,N10 ring2 graph,local-management,Local management reach,visibility-boundary,10,112970454464,112970454464,1746229,708733,382845946,NaN,NaN,NaN,NaN,NaN,3,3,0,1,NaN,0.19975,0,0,0,0,NaN,NaN,NaN,0,68,31,37,31,0,1409,0.0702625975869411,31,99,351,351,0,0,799,610,2798,2798,0,0,1365,1211,0,154,0,121,1,0.148403428112233,0.131628283325621,1,0,0
16050039,n10-ring2,N10 ring2 graph,directed-grant-blackout,Directed GRANT blackout,grant-loss-witness,10,112970454464,74282815199,1855086,4228685,501371854,1,2,421,0,0,3,3,0,1,NaN,0.889,0,0,0,0,NaN,NaN,NaN,0,806,1050,159,647,0,1409,1.31724627395316,1298,1856,16704,16305,399,0,3556,68,9497,9497,0,0,137,137,0,0,0,0,1,0.436634034445793,0.314988505993186,1,0,0
16050039,n10-ring2,N10 ring2 graph,state-loss,Local client state loss,rejoin-boundary,10,112970454464,112970454464,1757564,3860221,504021139,NaN,NaN,NaN,NaN,NaN,3,3,1,1,10,0.98825,0,0,0,0,NaN,NaN,2,0,455,915,175,280,0,1409,0.972320794889993,931,1370,12330,12330,0,0,3953,6,10291,10291,0,0,13,13,0,0,0,0,1,0.454438329219313,0.292244291282504,1,0,0
16050039,n10-ring2,N10 ring2 graph,owner-reconfiguration,Owner tuple reconfiguration,lease-fence-boundary,10,112970454464,112970454464,1757567,3863850,503321724,NaN,NaN,NaN,NaN,NaN,3,3,1,1,10,0.92975,0,0,0,0,222,221,NaN,5,619,1035,156,463,0,1409,1.17388218594748,1479,1654,14886,14886,0,0,3719,55,9717,9717,0,0,131,123,0,8,0,4,1,0.445141674337571,0.299105291195228,1,0,0
16050040,n5-6dof,N5 6-DOF graph,zero,Zero loss,native,5,30326281937,30326281937,1062327,491114,176806773,NaN,NaN,NaN,NaN,NaN,3,3,1,1,5,0.995,0,0,0,0,NaN,NaN,NaN,0,213,310,89,124,0,534,0.97940074906367,310,523,2092,2092,0,0,1990,3,4777,4777,0,0,8,8,0,0,0,0,1,0.406728830104567,0.406728830104567,1,0,0
16050040,n5-6dof,N5 6-DOF graph,data-erasure-5,DATA erasure 5%,data-separation,5,30326281937,30326281937,1718197,491114,176806773,NaN,NaN,NaN,NaN,NaN,3,3,1,1,5,0.995,0,0,0,0,NaN,NaN,NaN,0,213,310,89,124,0,534,0.97940074906367,310,523,2092,2092,0,0,1990,3,4777,4537,240,0,8,8,0,0,0,0,1,0.406728830104567,0.406728830104567,1,0,0
16050040,n5-6dof,N5 6-DOF graph,management-erasure-5,Management erasure 5%,control-loss,5,30326281937,30326281937,1386693,492432,174754462,NaN,NaN,NaN,NaN,NaN,3,3,1,1,36,0.949,0,0,0,0,NaN,NaN,NaN,0,230,315,84,146,0,534,1.02059925093633,350,545,2180,2059,121,0,1898,32,4572,4572,0,0,67,53,0,14,0,10,1,0.396282242188932,0.395343925909084,1,0,0
16050040,n5-6dof,N5 6-DOF graph,local-management,Local management reach,visibility-boundary,5,30326281937,30326281937,1061873,574375,137611490,NaN,NaN,NaN,NaN,NaN,3,3,0,1,NaN,0.3995,0,0,0,0,NaN,NaN,NaN,0,68,31,37,31,0,534,0.185393258426966,31,99,249,249,0,0,799,398,1998,1998,0,0,838,742,0,96,0,96,1,0.230825804842487,0.217877040180592,1,0,0
16050040,n5-6dof,N5 6-DOF graph,directed-grant-blackout,Directed GRANT blackout,grant-loss-witness,5,30326281937,20636866907,1160268,985753,175440741,1,2,421,0,0,3,3,0,1,NaN,0.7955,0,0,0,0,NaN,NaN,NaN,0,564,585,72,492,0,534,2.15168539325843,678,1149,4596,4197,399,0,1591,152,3979,3979,0,0,306,302,0,4,0,2,1,0.398972082191161,0.398784418935192,1,0,0
16050040,n5-6dof,N5 6-DOF graph,state-loss,Local client state loss,rejoin-boundary,5,30326281937,30326281937,1062446,492093,176900190,NaN,NaN,NaN,NaN,NaN,3,3,1,1,5,0.994,0,0,0,0,NaN,NaN,2,0,213,314,87,126,0,534,0.98689138576779,314,527,2108,2108,0,0,1988,4,4773,4773,0,0,10,10,0,0,0,0,1,0.406791384523224,0.406791384523224,1,0,0
16050040,n5-6dof,N5 6-DOF graph,owner-reconfiguration,Owner tuple reconfiguration,lease-fence-boundary,5,30326281937,30326281937,1062449,499364,177265338,NaN,NaN,NaN,NaN,NaN,3,3,1,1,5,0.9645,0,0,0,0,222,221,NaN,1,261,319,79,182,0,534,1.08614232209738,440,580,2320,2320,0,0,1929,26,4647,4647,0,0,52,48,0,4,0,4,1,0.403163228241147,0.402412575217269,1,0,0
16050040,n10-ring2,N10 ring2 graph,zero,Zero loss,native,10,113213524919,113213524919,1757145,3859829,504027300,NaN,NaN,NaN,NaN,NaN,3,3,1,1,10,0.98875,0,0,0,0,NaN,NaN,NaN,0,455,930,176,279,0,1409,0.982966643009226,930,1385,12465,12465,0,0,3955,6,10295,10295,0,0,13,13,0,0,0,0,1,0.455158734210149,0.292861781274649,1,0,0
16050040,n10-ring2,N10 ring2 graph,data-erasure-5,DATA erasure 5%,data-separation,10,113213524919,113213524919,2413015,3859829,504027300,NaN,NaN,NaN,NaN,NaN,3,3,1,1,10,0.98875,0,0,0,0,NaN,NaN,NaN,0,455,930,176,279,0,1409,0.982966643009226,930,1385,12465,12465,0,0,3955,6,10295,9742,553,0,13,12,1,0,0,0,1,0.455158734210149,0.292861781274649,1,0,0
16050040,n10-ring2,N10 ring2 graph,management-erasure-5,Management erasure 5%,control-loss,10,113213524919,113213524919,2081511,3851715,503605934,NaN,NaN,NaN,NaN,NaN,3,3,1,1,11,0.987,0,0,0,0,NaN,NaN,NaN,0,532,1024,169,363,0,1409,1.10432931156849,1190,1556,14004,13341,663,0,3948,7,10278,10278,0,0,15,15,0,0,0,0,1,0.460407399143384,0.298316276205265,1,0,0
16050040,n10-ring2,N10 ring2 graph,local-management,Local management reach,visibility-boundary,10,113213524919,113213524919,1746229,709138,382845946,NaN,NaN,NaN,NaN,NaN,3,3,0,1,NaN,0.19975,0,0,0,0,NaN,NaN,NaN,0,68,31,37,31,0,1409,0.0702625975869411,31,99,351,351,0,0,799,622,2798,2798,0,0,1350,1193,0,157,0,120,1,0.149638408096523,0.130804963336094,1,0,0
16050040,n10-ring2,N10 ring2 graph,directed-grant-blackout,Directed GRANT blackout,grant-loss-witness,10,113213524919,74520148152,1855086,4229540,501371854,1,2,421,0,0,3,3,0,1,NaN,0.889,0,0,0,0,NaN,NaN,NaN,0,806,1050,159,647,0,1409,1.31724627395316,1298,1856,16704,16305,399,0,3556,89,9497,9497,0,0,179,177,0,2,0,2,1,0.438795249418301,0.316943890968312,1,0,0
16050040,n10-ring2,N10 ring2 graph,state-loss,Local client state loss,rejoin-boundary,10,113213524919,113213524919,1757564,3860221,504021139,NaN,NaN,NaN,NaN,NaN,3,3,1,1,10,0.98825,0,0,0,0,NaN,NaN,2,0,455,915,175,280,0,1409,0.972320794889993,931,1370,12330,12330,0,0,3953,6,10291,10291,0,0,13,13,0,0,0,0,1,0.454438329219313,0.292347206281195,1,0,0
16050040,n10-ring2,N10 ring2 graph,owner-reconfiguration,Owner tuple reconfiguration,lease-fence-boundary,10,113213524919,113213524919,1757567,3864088,503321724,NaN,NaN,NaN,NaN,NaN,3,3,1,1,10,0.92975,0,0,0,0,222,221,NaN,5,619,1035,156,463,0,1409,1.17388218594748,1479,1654,14886,14886,0,0,3719,53,9717,9717,0,0,123,101,0,22,0,12,1,0.44493584434019,0.298487801203083,1,0,0
16050041,n5-6dof,N5 6-DOF graph,zero,Zero loss,native,5,30404492211,30404492211,1062327,491206,176806773,NaN,NaN,NaN,NaN,NaN,3,3,1,1,5,0.995,0,0,0,0,NaN,NaN,NaN,0,213,310,89,124,0,534,0.97940074906367,310,523,2092,2092,0,0,1990,5,4777,4777,0,0,12,8,0,4,0,2,1,0.407104156616506,0.406916493360537,1,0,0
16050041,n5-6dof,N5 6-DOF graph,data-erasure-5,DATA erasure 5%,data-separation,5,30404492211,30404492211,1718197,491206,176806773,NaN,NaN,NaN,NaN,NaN,3,3,1,1,5,0.995,0,0,0,0,NaN,NaN,NaN,0,213,310,89,124,0,534,0.97940074906367,310,523,2092,2092,0,0,1990,5,4777,4534,243,0,12,8,0,4,0,2,1,0.407104156616506,0.406916493360537,1,0,0
16050041,n5-6dof,N5 6-DOF graph,management-erasure-5,Management erasure 5%,control-loss,5,30404492211,30404492211,1386693,494892,176337362,NaN,NaN,NaN,NaN,NaN,3,3,1,1,20,0.9805,0,0,0,0,NaN,NaN,NaN,0,235,308,86,149,0,534,1.01685393258427,350,543,2172,2081,91,0,1961,20,4703,4703,0,0,46,38,0,8,0,6,1,0.405727959406063,0.405164969638155,1,0,0
16050041,n5-6dof,N5 6-DOF graph,local-management,Local management reach,visibility-boundary,5,30404492211,30404492211,1061873,574839,137611490,NaN,NaN,NaN,NaN,NaN,3,3,0,1,NaN,0.3995,0,0,0,0,NaN,NaN,NaN,0,68,31,37,31,0,534,0.185393258426966,31,99,249,249,0,0,799,430,1998,1998,0,0,892,804,0,88,0,86,1,0.236831029033512,0.223131611347738,1,0,0
16050041,n5-6dof,N5 6-DOF graph,directed-grant-blackout,Directed GRANT blackout,grant-loss-witness,5,30404492211,20755061588,1160268,985317,175440741,1,2,421,0,0,3,3,0,1,NaN,0.7955,0,0,0,0,NaN,NaN,NaN,0,564,585,72,492,0,534,2.15168539325843,678,1149,4596,4197,399,0,1591,130,3979,3979,0,0,262,254,0,8,0,4,1,0.394843490559832,0.394468164047893,1,0,0
16050041,n5-6dof,N5 6-DOF graph,state-loss,Local client state loss,rejoin-boundary,5,30404492211,30404492211,1062446,492185,176900190,NaN,NaN,NaN,NaN,NaN,3,3,1,1,5,0.994,0,0,0,0,NaN,NaN,2,0,213,314,87,126,0,534,0.98689138576779,314,527,2108,2108,0,0,1988,6,4773,4773,0,0,14,10,0,4,0,2,1,0.407166711035163,0.406979047779193,1,0,0
16050041,n5-6dof,N5 6-DOF graph,owner-reconfiguration,Owner tuple reconfiguration,lease-fence-boundary,5,30404492211,30404492211,1062449,499544,177265338,NaN,NaN,NaN,NaN,NaN,3,3,1,1,5,0.9645,0,0,0,0,222,221,NaN,1,261,319,79,182,0,534,1.08614232209738,440,580,2320,2320,0,0,1929,32,4647,4647,0,0,69,61,0,8,0,6,1,0.404289207776964,0.403726218009055,1,0,0
16050041,n10-ring2,N10 ring2 graph,zero,Zero loss,native,10,112896978660,112896978660,1757145,3859940,504027300,NaN,NaN,NaN,NaN,NaN,3,3,1,1,10,0.98875,0,0,0,0,NaN,NaN,NaN,0,455,930,176,279,0,1409,0.982966643009226,930,1385,12465,12465,0,0,3955,9,10295,10295,0,0,21,21,0,0,0,0,1,0.455467479206222,0.29296469627334,1,0,0
16050041,n10-ring2,N10 ring2 graph,data-erasure-5,DATA erasure 5%,data-separation,10,112896978660,112896978660,2413015,3859940,504027300,NaN,NaN,NaN,NaN,NaN,3,3,1,1,10,0.98875,0,0,0,0,NaN,NaN,NaN,0,455,930,176,279,0,1409,0.982966643009226,930,1385,12465,12465,0,0,3955,9,10295,9788,507,0,21,20,1,0,0,0,1,0.455467479206222,0.29296469627334,1,0,0
16050041,n10-ring2,N10 ring2 graph,management-erasure-5,Management erasure 5%,control-loss,10,112896978660,112896978660,2081511,3846260,502467837,NaN,NaN,NaN,NaN,NaN,3,3,1,1,23,0.9685,0,0,0,0,NaN,NaN,NaN,0,524,960,171,353,0,1409,1.05322924059617,1141,1484,13356,12660,696,0,3874,25,10105,10105,0,0,53,53,0,0,0,0,1,0.452174199248114,0.294817166249776,1,0,0
16050041,n10-ring2,N10 ring2 graph,local-management,Local management reach,visibility-boundary,10,112896978660,112896978660,1746229,708014,382845946,NaN,NaN,NaN,NaN,NaN,3,3,0,1,NaN,0.19975,0,0,0,0,NaN,NaN,NaN,0,68,31,37,31,0,1409,0.0702625975869411,31,99,351,351,0,0,799,599,2798,2798,0,0,1313,1161,0,152,0,113,1,0.147271363126633,0.129981643346567,1,0,0
16050041,n10-ring2,N10 ring2 graph,directed-grant-blackout,Directed GRANT blackout,grant-loss-witness,10,112896978660,74323344010,1855086,4229166,501371854,1,2,421,0,0,3,3,0,1,NaN,0.889,0,0,0,0,NaN,NaN,NaN,0,806,1050,159,647,0,1409,1.31724627395316,1298,1856,16704,16305,399,0,3556,81,9497,9497,0,0,165,165,0,0,0,0,1,0.437971929428774,0.316223485977476,1,0,0
16050041,n10-ring2,N10 ring2 graph,state-loss,Local client state loss,rejoin-boundary,10,112896978660,112896978660,1757564,3860332,504021139,NaN,NaN,NaN,NaN,NaN,3,3,1,1,10,0.98825,0,0,0,0,NaN,NaN,2,0,455,915,175,280,0,1409,0.972320794889993,931,1370,12330,12330,0,0,3953,9,10291,10291,0,0,21,21,0,0,0,0,1,0.454747074215386,0.292450121279886,1,0,0
16050041,n10-ring2,N10 ring2 graph,owner-reconfiguration,Owner tuple reconfiguration,lease-fence-boundary,10,112896978660,112896978660,1757567,3863809,503321724,NaN,NaN,NaN,NaN,NaN,3,3,1,1,10,0.92975,0,0,0,0,222,221,NaN,5,619,1035,156,463,0,1409,1.17388218594748,1479,1654,14886,14886,0,0,3719,56,9717,9717,0,0,130,128,0,2,0,2,1,0.445244589336262,0.29931112119261,1,0,0
16050042,n5-6dof,N5 6-DOF graph,zero,Zero loss,native,5,30315522047,30315522047,1062327,491162,176806773,NaN,NaN,NaN,NaN,NaN,3,3,1,1,5,0.995,0,0,0,0,NaN,NaN,NaN,0,213,310,89,124,0,534,0.97940074906367,310,523,2092,2092,0,0,1990,3,4777,4777,0,0,5,3,0,2,0,2,1,0.406728830104567,0.406541166848598,1,0,0
16050042,n5-6dof,N5 6-DOF graph,data-erasure-5,DATA erasure 5%,data-separation,5,30315522047,30315522047,1718197,491162,176806773,NaN,NaN,NaN,NaN,NaN,3,3,1,1,5,0.995,0,0,0,0,NaN,NaN,NaN,0,213,310,89,124,0,534,0.97940074906367,310,523,2092,2092,0,0,1990,3,4777,4547,230,0,5,3,0,2,0,2,1,0.406728830104567,0.406541166848598,1,0,0
16050042,n5-6dof,N5 6-DOF graph,management-erasure-5,Management erasure 5%,control-loss,5,30315522047,30315522047,1386693,491396,176462514,NaN,NaN,NaN,NaN,NaN,3,3,1,1,6,0.994,0,0,0,0,NaN,NaN,NaN,0,251,341,94,157,0,534,1.10861423220974,387,592,2368,2233,135,0,1988,3,4772,4772,0,0,5,3,0,2,0,2,1,0.410669758479927,0.410482095223957,1,0,0
16050042,n5-6dof,N5 6-DOF graph,local-management,Local management reach,visibility-boundary,5,30315522047,30315522047,1061873,574555,137611490,NaN,NaN,NaN,NaN,NaN,3,3,0,1,NaN,0.3995,0,0,0,0,NaN,NaN,NaN,0,68,31,37,31,0,534,0.185393258426966,31,99,249,249,0,0,799,428,1998,1998,0,0,882,806,0,76,0,76,1,0.236455702521573,0.22219329506789,1,0,0
16050042,n5-6dof,N5 6-DOF graph,directed-grant-blackout,Directed GRANT blackout,grant-loss-witness,5,30315522047,20696183180,1160268,985665,175440741,1,2,421,0,0,3,3,0,1,NaN,0.7955,0,0,0,0,NaN,NaN,NaN,0,564,585,72,492,0,534,2.15168539325843,678,1149,4596,4197,399,0,1591,148,3979,3979,0,0,295,293,0,2,0,2,1,0.398221429167283,0.398033765911314,1,0,0
16050042,n5-6dof,N5 6-DOF graph,state-loss,Local client state loss,rejoin-boundary,5,30315522047,30315522047,1062446,492141,176900190,NaN,NaN,NaN,NaN,NaN,3,3,1,1,5,0.994,0,0,0,0,NaN,NaN,2,0,213,314,87,126,0,534,0.98689138576779,314,527,2108,2108,0,0,1988,4,4773,4773,0,0,7,5,0,2,0,2,1,0.406791384523224,0.406603721267254,1,0,0
16050042,n5-6dof,N5 6-DOF graph,owner-reconfiguration,Owner tuple reconfiguration,lease-fence-boundary,5,30315522047,30315522047,1062449,499118,177265338,NaN,NaN,NaN,NaN,NaN,3,3,1,1,5,0.9645,0,0,0,0,222,221,NaN,1,261,319,79,182,0,534,1.08614232209738,440,580,2320,2320,0,0,1929,17,4647,4647,0,0,33,31,0,2,0,2,1,0.401474258937421,0.401286595681452,1,0,0
16050042,n10-ring2,N10 ring2 graph,zero,Zero loss,native,10,113159842499,113159842499,1757145,3859870,504027300,NaN,NaN,NaN,NaN,NaN,3,3,1,1,10,0.98875,0,0,0,0,NaN,NaN,NaN,0,455,930,176,279,0,1409,0.982966643009226,930,1385,12465,12465,0,0,3955,5,10295,10295,0,0,12,8,0,4,0,2,1,0.455055819211458,0.292655951277267,1,0,0
16050042,n10-ring2,N10 ring2 graph,data-erasure-5,DATA erasure 5%,data-separation,10,113159842499,113159842499,2413015,3859870,504027300,NaN,NaN,NaN,NaN,NaN,3,3,1,1,10,0.98875,0,0,0,0,NaN,NaN,NaN,0,455,930,176,279,0,1409,0.982966643009226,930,1385,12465,12465,0,0,3955,5,10295,9798,497,0,12,8,0,4,0,2,1,0.455055819211458,0.292655951277267,1,0,0
16050042,n10-ring2,N10 ring2 graph,management-erasure-5,Management erasure 5%,control-loss,10,113159842499,113159842499,2081511,3834251,499808946,NaN,NaN,NaN,NaN,NaN,3,3,1,1,31,0.9425,0,0,0,0,NaN,NaN,NaN,0,521,878,177,344,0,1409,0.992902767920511,1131,1399,12591,11977,614,0,3770,40,9861,9861,0,0,94,74,0,20,0,12,1,0.440098839401719,0.285005936374579,1,0,0
16050042,n10-ring2,N10 ring2 graph,local-management,Local management reach,visibility-boundary,10,113159842499,113159842499,1746229,708979,382845946,NaN,NaN,NaN,NaN,NaN,3,3,0,1,NaN,0.19975,0,0,0,0,NaN,NaN,NaN,0,68,31,37,31,0,1409,0.0702625975869411,31,99,351,351,0,0,799,604,2798,2798,0,0,1301,1129,0,172,0,133,1,0.147785938120088,0.129467068353113,1,0,0
16050042,n10-ring2,N10 ring2 graph,directed-grant-blackout,Directed GRANT blackout,grant-loss-witness,10,113159842499,74450985748,1855086,4229244,501371854,1,2,421,0,0,3,3,0,1,NaN,0.889,0,0,0,0,NaN,NaN,NaN,0,806,1050,159,647,0,1409,1.31724627395316,1298,1856,16704,16305,399,0,3556,81,9497,9497,0,0,164,160,0,4,0,2,1,0.437971929428774,0.316223485977476,1,0,0
16050042,n10-ring2,N10 ring2 graph,state-loss,Local client state loss,rejoin-boundary,10,113159842499,113159842499,1757564,3860262,504021139,NaN,NaN,NaN,NaN,NaN,3,3,1,1,10,0.98825,0,0,0,0,NaN,NaN,2,0,455,915,175,280,0,1409,0.972320794889993,931,1370,12330,12330,0,0,3953,5,10291,10291,0,0,12,8,0,4,0,2,1,0.454335414220622,0.292141376283813,1,0,0
16050042,n10-ring2,N10 ring2 graph,owner-reconfiguration,Owner tuple reconfiguration,lease-fence-boundary,10,113159842499,113159842499,1757567,3863714,503321724,NaN,NaN,NaN,NaN,NaN,3,3,1,1,10,0.92975,0,0,0,0,222,221,NaN,5,619,1035,156,463,0,1409,1.17388218594748,1479,1654,14886,14886,0,0,3719,45,9717,9717,0,0,114,96,0,18,0,10,1,0.444112524350663,0.298179056207011,1,0,0
16050043,n5-6dof,N5 6-DOF graph,zero,Zero loss,native,5,30435524669,30435524669,1062327,491136,176806773,NaN,NaN,NaN,NaN,NaN,3,3,1,1,5,0.995,0,0,0,0,NaN,NaN,NaN,0,213,310,89,124,0,534,0.97940074906367,310,523,2092,2092,0,0,1990,4,4777,4777,0,0,8,8,0,0,0,0,1,0.406916493360537,0.406916493360537,1,0,0
16050043,n5-6dof,N5 6-DOF graph,data-erasure-5,DATA erasure 5%,data-separation,5,30435524669,30435524669,1718197,491136,176806773,NaN,NaN,NaN,NaN,NaN,3,3,1,1,5,0.995,0,0,0,0,NaN,NaN,NaN,0,213,310,89,124,0,534,0.97940074906367,310,523,2092,2092,0,0,1990,4,4777,4551,226,0,8,8,0,0,0,0,1,0.406916493360537,0.406916493360537,1,0,0
16050043,n5-6dof,N5 6-DOF graph,management-erasure-5,Management erasure 5%,control-loss,5,30435524669,30435524669,1386693,492562,175916121,NaN,NaN,NaN,NaN,NaN,3,3,1,1,18,0.975,0,0,0,0,NaN,NaN,NaN,0,233,303,88,145,0,534,1.00374531835206,350,536,2144,2025,119,0,1950,20,4683,4683,0,0,46,44,0,2,0,2,1,0.403225782659803,0.402850456147864,1,0,0
16050043,n5-6dof,N5 6-DOF graph,local-management,Local management reach,visibility-boundary,5,30435524669,30435524669,1061873,574503,137611490,NaN,NaN,NaN,NaN,NaN,3,3,0,1,NaN,0.3995,0,0,0,0,NaN,NaN,NaN,0,68,31,37,31,0,534,0.185393258426966,31,99,249,249,0,0,799,406,1998,1998,0,0,839,745,0,94,0,94,1,0.232327110890243,0.21862769320447,1,0,0
16050043,n5-6dof,N5 6-DOF graph,directed-grant-blackout,Directed GRANT blackout,grant-loss-witness,5,30435524669,20681573538,1160268,985511,175440741,1,2,421,0,0,3,3,0,1,NaN,0.7955,0,0,0,0,NaN,NaN,NaN,0,564,585,72,492,0,534,2.15168539325843,678,1149,4596,4197,399,0,1591,141,3979,3979,0,0,282,280,0,2,0,2,1,0.396907786375497,0.396720123119527,1,0,0
16050043,n5-6dof,N5 6-DOF graph,state-loss,Local client state loss,rejoin-boundary,5,30435524669,30435524669,1062446,492093,176900190,NaN,NaN,NaN,NaN,NaN,3,3,1,1,5,0.994,0,0,0,0,NaN,NaN,2,0,213,314,87,126,0,534,0.98689138576779,314,527,2108,2108,0,0,1988,4,4773,4773,0,0,8,8,0,0,0,0,1,0.406791384523224,0.406791384523224,1,0,0
16050043,n5-6dof,N5 6-DOF graph,owner-reconfiguration,Owner tuple reconfiguration,lease-fence-boundary,5,30435524669,30435524669,1062449,499070,177265338,NaN,NaN,NaN,NaN,NaN,3,3,1,1,5,0.9645,0,0,0,0,222,221,NaN,1,261,319,79,182,0,534,1.08614232209738,440,580,2320,2320,0,0,1929,17,4647,4647,0,0,37,37,0,0,0,0,1,0.401474258937421,0.401474258937421,1,0,0
16050043,n10-ring2,N10 ring2 graph,zero,Zero loss,native,10,113154599260,113154599260,1757145,3860207,504027300,NaN,NaN,NaN,NaN,NaN,3,3,1,1,10,0.98875,0,0,0,0,NaN,NaN,NaN,0,455,930,176,279,0,1409,0.982966643009226,930,1385,12465,12465,0,0,3955,12,10295,10295,0,0,26,20,0,6,0,4,1,0.455776224202295,0.293170526270722,1,0,0
16050043,n10-ring2,N10 ring2 graph,data-erasure-5,DATA erasure 5%,data-separation,10,113154599260,113154599260,2413015,3860207,504027300,NaN,NaN,NaN,NaN,NaN,3,3,1,1,10,0.98875,0,0,0,0,NaN,NaN,NaN,0,455,930,176,279,0,1409,0.982966643009226,930,1385,12465,12465,0,0,3955,12,10295,9769,526,0,26,18,2,6,0,4,1,0.455776224202295,0.293170526270722,1,0,0
16050043,n10-ring2,N10 ring2 graph,management-erasure-5,Management erasure 5%,control-loss,10,113154599260,113154599260,2081511,3843385,503597855,NaN,NaN,NaN,NaN,NaN,3,3,1,1,12,0.988,0,0,0,0,NaN,NaN,NaN,0,542,964,179,363,0,1409,1.06884315117104,1175,1506,13554,12900,654,0,3952,14,10289,10289,0,0,30,24,0,6,0,4,1,0.459824214150802,0.29732143121792,1,0,0
16050043,n10-ring2,N10 ring2 graph,local-management,Local management reach,visibility-boundary,10,113154599260,113154599260,1746229,711558,382845946,NaN,NaN,NaN,NaN,NaN,3,3,0,1,NaN,0.19975,0,0,0,0,NaN,NaN,NaN,0,68,31,37,31,0,1409,0.0702625975869411,31,99,351,351,0,0,799,660,2798,2798,0,0,1474,1281,0,193,0,146,1,0.153549178046776,0.132966178308603,1,0,0
16050043,n10-ring2,N10 ring2 graph,directed-grant-blackout,Directed GRANT blackout,grant-loss-witness,10,113154599260,74408301819,1855086,4229729,501371854,1,2,421,0,0,3,3,0,1,NaN,0.889,0,0,0,0,NaN,NaN,NaN,0,806,1050,159,647,0,1409,1.31724627395316,1298,1856,16704,16305,399,0,3556,92,9497,9497,0,0,186,180,0,6,0,4,1,0.439103994414374,0.317252635964385,1,0,0
16050043,n10-ring2,N10 ring2 graph,state-loss,Local client state loss,rejoin-boundary,10,113154599260,113154599260,1757564,3860599,504021139,NaN,NaN,NaN,NaN,NaN,3,3,1,1,10,0.98825,0,0,0,0,NaN,NaN,2,0,455,915,175,280,0,1409,0.972320794889993,931,1370,12330,12330,0,0,3953,12,10291,10291,0,0,26,20,0,6,0,4,1,0.455055819211458,0.292655951277267,1,0,0
16050043,n10-ring2,N10 ring2 graph,owner-reconfiguration,Owner tuple reconfiguration,lease-fence-boundary,10,113154599260,113154599260,1757567,3864158,503321724,NaN,NaN,NaN,NaN,NaN,3,3,1,1,10,0.92975,0,0,0,0,222,221,NaN,5,619,1035,156,463,0,1409,1.17388218594748,1479,1654,14886,14886,0,0,3719,57,9717,9717,0,0,134,118,0,16,0,10,1,0.445347504334953,0.299002376196538,1,0,0
16050044,n5-6dof,N5 6-DOF graph,zero,Zero loss,native,5,30460222004,30460222004,1062327,491092,176806773,NaN,NaN,NaN,NaN,NaN,3,3,1,1,5,0.995,0,0,0,0,NaN,NaN,NaN,0,213,310,89,124,0,534,0.97940074906367,310,523,2092,2092,0,0,1990,2,4777,4777,0,0,4,4,0,0,0,0,1,0.406541166848598,0.406541166848598,1,0,0
16050044,n5-6dof,N5 6-DOF graph,data-erasure-5,DATA erasure 5%,data-separation,5,30460222004,30460222004,1718197,491092,176806773,NaN,NaN,NaN,NaN,NaN,3,3,1,1,5,0.995,0,0,0,0,NaN,NaN,NaN,0,213,310,89,124,0,534,0.97940074906367,310,523,2092,2092,0,0,1990,2,4777,4526,251,0,4,4,0,0,0,0,1,0.406541166848598,0.406541166848598,1,0,0
16050044,n5-6dof,N5 6-DOF graph,management-erasure-5,Management erasure 5%,control-loss,5,30460222004,30460222004,1386693,494825,175896942,NaN,NaN,NaN,NaN,NaN,3,3,1,1,23,0.977,0,0,0,0,NaN,NaN,NaN,0,237,356,83,154,0,534,1.11048689138577,373,593,2372,2247,125,0,1954,22,4687,4687,0,0,55,53,0,2,0,2,1,0.407917364059041,0.407729700803071,1,0,0
16050044,n5-6dof,N5 6-DOF graph,local-management,Local management reach,visibility-boundary,5,30460222004,30460222004,1061873,575373,137611490,NaN,NaN,NaN,NaN,NaN,3,3,0,1,NaN,0.3995,0,0,0,0,NaN,NaN,NaN,0,68,31,37,31,0,534,0.185393258426966,31,99,249,249,0,0,799,439,1998,1998,0,0,909,809,0,100,0,100,1,0.238519998337237,0.223694601115646,1,0,0
16050044,n5-6dof,N5 6-DOF graph,directed-grant-blackout,Directed GRANT blackout,grant-loss-witness,5,30460222004,20766214597,1160268,985375,175440741,1,2,421,0,0,3,3,0,1,NaN,0.7955,0,0,0,0,NaN,NaN,NaN,0,564,585,72,492,0,534,2.15168539325843,678,1149,4596,4197,399,0,1591,137,3979,3979,0,0,274,274,0,0,0,0,1,0.396157133351619,0.396157133351619,1,0,0
16050044,n5-6dof,N5 6-DOF graph,state-loss,Local client state loss,rejoin-boundary,5,30460222004,30460222004,1062446,492049,176900190,NaN,NaN,NaN,NaN,NaN,3,3,1,1,5,0.994,0,0,0,0,NaN,NaN,2,0,213,314,87,126,0,534,0.98689138576779,314,527,2108,2108,0,0,1988,2,4773,4773,0,0,4,4,0,0,0,0,1,0.406416058011285,0.406416058011285,1,0,0
16050044,n5-6dof,N5 6-DOF graph,owner-reconfiguration,Owner tuple reconfiguration,lease-fence-boundary,5,30460222004,30460222004,1062449,499382,177265338,NaN,NaN,NaN,NaN,NaN,3,3,1,1,5,0.9645,0,0,0,0,222,221,NaN,1,261,319,79,182,0,534,1.08614232209738,440,580,2320,2320,0,0,1929,29,4647,4647,0,0,61,59,0,2,0,2,1,0.403726218009055,0.403350891497116,1,0,0
16050044,n10-ring2,N10 ring2 graph,zero,Zero loss,native,10,113124768719,113124768719,1757145,3859903,504027300,NaN,NaN,NaN,NaN,NaN,3,3,1,1,10,0.98875,0,0,0,0,NaN,NaN,NaN,0,455,930,176,279,0,1409,0.982966643009226,930,1385,12465,12465,0,0,3955,8,10295,10295,0,0,18,18,0,0,0,0,1,0.455364564207531,0.292861781274649,1,0,0
16050044,n10-ring2,N10 ring2 graph,data-erasure-5,DATA erasure 5%,data-separation,10,113124768719,113124768719,2413015,3859903,504027300,NaN,NaN,NaN,NaN,NaN,3,3,1,1,10,0.98875,0,0,0,0,NaN,NaN,NaN,0,455,930,176,279,0,1409,0.982966643009226,930,1385,12465,12465,0,0,3955,8,10295,9781,514,0,18,14,4,0,0,0,1,0.455364564207531,0.292861781274649,1,0,0
16050044,n10-ring2,N10 ring2 graph,management-erasure-5,Management erasure 5%,control-loss,10,113124768719,113124768719,2081511,3839046,503450440,NaN,NaN,NaN,NaN,NaN,3,3,1,1,17,0.986,0,0,0,0,NaN,NaN,NaN,0,526,950,166,360,0,1409,1.04755145493258,1180,1476,13284,12673,611,0,3944,11,10271,10271,0,0,25,25,0,0,0,0,1,0.457662999178294,0.295571876240175,1,0,0
16050044,n10-ring2,N10 ring2 graph,local-management,Local management reach,visibility-boundary,10,113124768719,113124768719,1746229,711228,382845946,NaN,NaN,NaN,NaN,NaN,3,3,0,1,NaN,0.19975,0,0,0,0,NaN,NaN,NaN,0,68,31,37,31,0,1409,0.0702625975869411,31,99,351,351,0,0,799,669,2798,2798,0,0,1465,1296,0,169,0,129,1,0.154475413034994,0.134612818287656,1,0,0
16050044,n10-ring2,N10 ring2 graph,directed-grant-blackout,Directed GRANT blackout,grant-loss-witness,10,113124768719,74549362969,1855086,4229055,501371854,1,2,421,0,0,3,3,0,1,NaN,0.889,0,0,0,0,NaN,NaN,NaN,0,806,1050,159,647,0,1409,1.31724627395316,1298,1856,16704,16305,399,0,3556,78,9497,9497,0,0,158,158,0,0,0,0,1,0.437663184432702,0.315914740981404,1,0,0
16050044,n10-ring2,N10 ring2 graph,state-loss,Local client state loss,rejoin-boundary,10,113124768719,113124768719,1757564,3860295,504021139,NaN,NaN,NaN,NaN,NaN,3,3,1,1,10,0.98825,0,0,0,0,NaN,NaN,2,0,455,915,175,280,0,1409,0.972320794889993,931,1370,12330,12330,0,0,3953,8,10291,10291,0,0,18,18,0,0,0,0,1,0.454644159216695,0.292347206281195,1,0,0
16050044,n10-ring2,N10 ring2 graph,owner-reconfiguration,Owner tuple reconfiguration,lease-fence-boundary,10,113124768719,113124768719,1757567,3863776,503321724,NaN,NaN,NaN,NaN,NaN,3,3,1,1,10,0.92975,0,0,0,0,222,221,NaN,5,619,1035,156,463,0,1409,1.17388218594748,1479,1654,14886,14886,0,0,3719,53,9717,9717,0,0,129,125,0,4,0,4,1,0.44493584434019,0.298899461197847,1,0,0
16050045,n5-6dof,N5 6-DOF graph,zero,Zero loss,native,5,30375260100,30375260100,1062327,491070,176806773,NaN,NaN,NaN,NaN,NaN,3,3,1,1,5,0.995,0,0,0,0,NaN,NaN,NaN,0,213,310,89,124,0,534,0.97940074906367,310,523,2092,2092,0,0,1990,1,4777,4777,0,0,3,3,0,0,0,0,1,0.406353503592628,0.406353503592628,1,0,0
16050045,n5-6dof,N5 6-DOF graph,data-erasure-5,DATA erasure 5%,data-separation,5,30375260100,30375260100,1718197,491070,176806773,NaN,NaN,NaN,NaN,NaN,3,3,1,1,5,0.995,0,0,0,0,NaN,NaN,NaN,0,213,310,89,124,0,534,0.97940074906367,310,523,2092,2092,0,0,1990,1,4777,4537,240,0,3,3,0,0,0,0,1,0.406353503592628,0.406353503592628,1,0,0
16050045,n5-6dof,N5 6-DOF graph,management-erasure-5,Management erasure 5%,control-loss,5,30375260100,30375260100,1386693,491495,176256504,NaN,NaN,NaN,NaN,NaN,3,3,1,1,16,0.989,0,0,0,0,NaN,NaN,NaN,0,240,324,90,150,0,534,1.0561797752809,373,564,2256,2156,100,0,1978,7,4752,4752,0,0,15,15,0,0,0,0,1,0.407792255221728,0.407792255221728,1,0,0
16050045,n5-6dof,N5 6-DOF graph,local-management,Local management reach,visibility-boundary,5,30375260100,30375260100,1061873,575399,137611490,NaN,NaN,NaN,NaN,NaN,3,3,0,1,NaN,0.3995,0,0,0,0,NaN,NaN,NaN,0,68,31,37,31,0,534,0.185393258426966,31,99,249,249,0,0,799,414,1998,1998,0,0,860,736,0,124,0,124,1,0.233828416937999,0.2184400299485,1,0,0
16050045,n5-6dof,N5 6-DOF graph,directed-grant-blackout,Directed GRANT blackout,grant-loss-witness,5,30375260100,20634608183,1160268,985397,175440741,1,2,421,0,0,3,3,0,1,NaN,0.7955,0,0,0,0,NaN,NaN,NaN,0,564,585,72,492,0,534,2.15168539325843,678,1149,4596,4197,399,0,1591,138,3979,3979,0,0,277,277,0,0,0,0,1,0.396344796607588,0.396344796607588,1,0,0
16050045,n5-6dof,N5 6-DOF graph,state-loss,Local client state loss,rejoin-boundary,5,30375260100,30375260100,1062446,492027,176900190,NaN,NaN,NaN,NaN,NaN,3,3,1,1,5,0.994,0,0,0,0,NaN,NaN,2,0,213,314,87,126,0,534,0.98689138576779,314,527,2108,2108,0,0,1988,1,4773,4773,0,0,3,3,0,0,0,0,1,0.406228394755315,0.406228394755315,1,0,0
16050045,n5-6dof,N5 6-DOF graph,owner-reconfiguration,Owner tuple reconfiguration,lease-fence-boundary,5,30375260100,30375260100,1062449,499412,177265338,NaN,NaN,NaN,NaN,NaN,3,3,1,1,5,0.9645,0,0,0,0,222,221,NaN,1,261,319,79,182,0,534,1.08614232209738,440,580,2320,2320,0,0,1929,26,4647,4647,0,0,57,49,0,8,0,6,1,0.403163228241147,0.402600238473238,1,0,0
16050045,n10-ring2,N10 ring2 graph,zero,Zero loss,native,10,113292712339,113292712339,1757145,3860322,504027300,NaN,NaN,NaN,NaN,NaN,3,3,1,1,10,0.98875,0,0,0,0,NaN,NaN,NaN,0,455,930,176,279,0,1409,0.982966643009226,930,1385,12465,12465,0,0,3955,13,10295,10295,0,0,25,17,0,8,0,6,1,0.455879139200985,0.29296469627334,1,0,0
16050045,n10-ring2,N10 ring2 graph,data-erasure-5,DATA erasure 5%,data-separation,10,113292712339,113292712339,2413015,3860322,504027300,NaN,NaN,NaN,NaN,NaN,3,3,1,1,10,0.98875,0,0,0,0,NaN,NaN,NaN,0,455,930,176,279,0,1409,0.982966643009226,930,1385,12465,12465,0,0,3955,13,10295,9756,539,0,25,16,1,8,0,6,1,0.455879139200985,0.29296469627334,1,0,0
16050045,n10-ring2,N10 ring2 graph,management-erasure-5,Management erasure 5%,control-loss,10,113292712339,113292712339,2081511,3828344,502699605,NaN,NaN,NaN,NaN,NaN,3,3,1,1,21,0.97525,0,0,0,0,NaN,NaN,NaN,0,536,977,164,372,0,1409,1.07381121362669,1183,1513,13617,12915,702,0,3901,23,10166,10166,0,0,47,33,0,14,0,10,1,0.455741919202731,0.295914926235812,1,0,0
16050045,n10-ring2,N10 ring2 graph,local-management,Local management reach,visibility-boundary,10,113292712339,113292712339,1746229,706726,382845946,NaN,NaN,NaN,NaN,NaN,3,3,0,1,NaN,0.19975,0,0,0,0,NaN,NaN,NaN,0,68,31,37,31,0,1409,0.0702625975869411,31,99,351,351,0,0,799,580,2798,2798,0,0,1261,1130,0,131,0,98,1,0.145315978151507,0.128849578360968,1,0,0
16050045,n10-ring2,N10 ring2 graph,directed-grant-blackout,Directed GRANT blackout,grant-loss-witness,10,113292712339,74571145266,1855086,4229848,501371854,1,2,421,0,0,3,3,0,1,NaN,0.889,0,0,0,0,NaN,NaN,NaN,0,806,1050,159,647,0,1409,1.31724627395316,1298,1856,16704,16305,399,0,3556,91,9497,9497,0,0,181,171,0,10,0,8,1,0.439001079415683,0.316738060970931,1,0,0
16050045,n10-ring2,N10 ring2 graph,state-loss,Local client state loss,rejoin-boundary,10,113292712339,113292712339,1757564,3860751,504021139,NaN,NaN,NaN,NaN,NaN,3,3,1,1,10,0.98825,0,0,0,0,NaN,NaN,2,0,455,915,175,280,0,1409,0.972320794889993,931,1370,12330,12330,0,0,3953,14,10291,10291,0,0,27,19,0,8,0,6,1,0.45526164920884,0.292553036278577,1,0,0
16050045,n10-ring2,N10 ring2 graph,owner-reconfiguration,Owner tuple reconfiguration,lease-fence-boundary,10,113292712339,113292712339,1757567,3863858,503321724,NaN,NaN,NaN,NaN,NaN,3,3,1,1,10,0.92975,0,0,0,0,222,221,NaN,5,619,1035,156,463,0,1409,1.17388218594748,1479,1654,14886,14886,0,0,3719,51,9717,9717,0,0,116,106,0,10,0,8,1,0.444730014342808,0.298384886204392,1,0,0
16050046,n5-6dof,N5 6-DOF graph,zero,Zero loss,native,5,30325157940,30325157940,1062327,491114,176806773,NaN,NaN,NaN,NaN,NaN,3,3,1,1,5,0.995,0,0,0,0,NaN,NaN,NaN,0,213,310,89,124,0,534,0.97940074906367,310,523,2092,2092,0,0,1990,3,4777,4777,0,0,4,4,0,0,0,0,1,0.406728830104567,0.406541166848598,1,0,0
16050046,n5-6dof,N5 6-DOF graph,data-erasure-5,DATA erasure 5%,data-separation,5,30325157940,30325157940,1718197,491114,176806773,NaN,NaN,NaN,NaN,NaN,3,3,1,1,5,0.995,0,0,0,0,NaN,NaN,NaN,0,213,310,89,124,0,534,0.97940074906367,310,523,2092,2092,0,0,1990,3,4777,4554,223,0,4,4,0,0,0,0,1,0.406728830104567,0.406541166848598,1,0,0
16050046,n5-6dof,N5 6-DOF graph,management-erasure-5,Management erasure 5%,control-loss,5,30325157940,30325157940,1386693,492876,176680180,NaN,NaN,NaN,NaN,NaN,3,3,1,1,5,0.994,0,0,0,0,NaN,NaN,NaN,0,254,318,93,161,0,534,1.07116104868914,398,572,2288,2158,130,0,1988,4,4772,4772,0,0,6,6,0,0,0,0,1,0.409606333362766,0.409418670106797,1,0,0
16050046,n5-6dof,N5 6-DOF graph,local-management,Local management reach,visibility-boundary,5,30325157940,30325157940,1061873,575043,137611490,NaN,NaN,NaN,NaN,NaN,3,3,0,1,NaN,0.3995,0,0,0,0,NaN,NaN,NaN,0,68,31,37,31,0,534,0.185393258426966,31,99,249,249,0,0,799,424,1998,1998,0,0,905,805,0,100,0,100,1,0.235705049497694,0.222568621579829,1,0,0
16050046,n5-6dof,N5 6-DOF graph,directed-grant-blackout,Directed GRANT blackout,grant-loss-witness,5,30325157940,20644369811,1160268,985749,175440741,1,2,421,0,0,3,3,0,1,NaN,0.7955,0,0,0,0,NaN,NaN,NaN,0,564,585,72,492,0,534,2.15168539325843,678,1149,4596,4197,399,0,1591,154,3979,3979,0,0,306,306,0,0,0,0,1,0.3993474087031,0.399159745447131,1,0,0
16050046,n5-6dof,N5 6-DOF graph,state-loss,Local client state loss,rejoin-boundary,5,30325157940,30325157940,1062446,492093,176900190,NaN,NaN,NaN,NaN,NaN,3,3,1,1,5,0.994,0,0,0,0,NaN,NaN,2,0,213,314,87,126,0,534,0.98689138576779,314,527,2108,2108,0,0,1988,4,4773,4773,0,0,6,6,0,0,0,0,1,0.406791384523224,0.406603721267254,1,0,0
16050046,n5-6dof,N5 6-DOF graph,owner-reconfiguration,Owner tuple reconfiguration,lease-fence-boundary,5,30325157940,30325157940,1062449,499344,177265338,NaN,NaN,NaN,NaN,NaN,3,3,1,1,5,0.9645,0,0,0,0,222,221,NaN,1,261,319,79,182,0,534,1.08614232209738,440,580,2320,2320,0,0,1929,24,4647,4647,0,0,43,37,0,6,0,5,1,0.402787901729208,0.40184958544936,1,0,0
16050046,n10-ring2,N10 ring2 graph,zero,Zero loss,native,10,113371294494,113371294494,1757145,3859755,504027300,NaN,NaN,NaN,NaN,NaN,3,3,1,1,10,0.98875,0,0,0,0,NaN,NaN,NaN,0,455,930,176,279,0,1409,0.982966643009226,930,1385,12465,12465,0,0,3955,4,10295,10295,0,0,10,10,0,0,0,0,1,0.454952904212768,0.292655951277267,1,0,0
16050046,n10-ring2,N10 ring2 graph,data-erasure-5,DATA erasure 5%,data-separation,10,113371294494,113371294494,2413015,3859755,504027300,NaN,NaN,NaN,NaN,NaN,3,3,1,1,10,0.98875,0,0,0,0,NaN,NaN,NaN,0,455,930,176,279,0,1409,0.982966643009226,930,1385,12465,12465,0,0,3955,4,10295,9771,524,0,10,8,2,0,0,0,1,0.454952904212768,0.292655951277267,1,0,0
16050046,n10-ring2,N10 ring2 graph,management-erasure-5,Management erasure 5%,control-loss,10,113371294494,113371294494,2081511,3837772,503204823,NaN,NaN,NaN,NaN,NaN,3,3,1,1,22,0.985,0,0,0,0,NaN,NaN,NaN,0,535,1036,171,364,0,1409,1.11497515968772,1192,1571,14139,13411,728,0,3940,7,10264,10264,0,0,16,16,0,0,0,0,1,0.460098654147311,0.297904616210502,1,0,0
16050046,n10-ring2,N10 ring2 graph,local-management,Local management reach,visibility-boundary,10,113371294494,113371294494,1746229,707625,382845946,NaN,NaN,NaN,NaN,NaN,3,3,0,1,NaN,0.19975,0,0,0,0,NaN,NaN,NaN,0,68,31,37,31,0,1409,0.0702625975869411,31,99,351,351,0,0,799,579,2798,2798,0,0,1283,1123,0,160,0,122,1,0.145213063152816,0.128952493359659,1,0,0
16050046,n10-ring2,N10 ring2 graph,directed-grant-blackout,Directed GRANT blackout,grant-loss-witness,10,113371294494,74569373098,1855086,4229018,501371854,1,2,421,0,0,3,3,0,1,NaN,0.889,0,0,0,0,NaN,NaN,NaN,0,806,1050,159,647,0,1409,1.31724627395316,1298,1856,16704,16305,399,0,3556,77,9497,9497,0,0,156,156,0,0,0,0,1,0.437560269434011,0.316017655980095,1,0,0
16050046,n10-ring2,N10 ring2 graph,state-loss,Local client state loss,rejoin-boundary,10,113371294494,113371294494,1757564,3860147,504021139,NaN,NaN,NaN,NaN,NaN,3,3,1,1,10,0.98825,0,0,0,0,NaN,NaN,2,0,455,915,175,280,0,1409,0.972320794889993,931,1370,12330,12330,0,0,3953,4,10291,10291,0,0,10,10,0,0,0,0,1,0.454232499221931,0.292141376283813,1,0,0
16050046,n10-ring2,N10 ring2 graph,owner-reconfiguration,Owner tuple reconfiguration,lease-fence-boundary,10,113371294494,113371294494,1757567,3863971,503321724,NaN,NaN,NaN,NaN,NaN,3,3,1,1,10,0.92975,0,0,0,0,222,221,NaN,5,619,1035,156,463,0,1409,1.17388218594748,1479,1654,14886,14886,0,0,3719,53,9717,9717,0,0,122,110,0,12,0,9,1,0.44493584434019,0.298899461197847,1,0,0
16050047,n5-6dof,N5 6-DOF graph,zero,Zero loss,native,5,30362490442,30362490442,1062327,491184,176806773,NaN,NaN,NaN,NaN,NaN,3,3,1,1,5,0.995,0,0,0,0,NaN,NaN,NaN,0,213,310,89,124,0,534,0.97940074906367,310,523,2092,2092,0,0,1990,4,4777,4777,0,0,7,5,0,2,0,2,1,0.406916493360537,0.406728830104567,1,0,0
16050047,n5-6dof,N5 6-DOF graph,data-erasure-5,DATA erasure 5%,data-separation,5,30362490442,30362490442,1718197,491184,176806773,NaN,NaN,NaN,NaN,NaN,3,3,1,1,5,0.995,0,0,0,0,NaN,NaN,NaN,0,213,310,89,124,0,534,0.97940074906367,310,523,2092,2092,0,0,1990,4,4777,4526,251,0,7,5,0,2,0,2,1,0.406916493360537,0.406728830104567,1,0,0
16050047,n5-6dof,N5 6-DOF graph,management-erasure-5,Management erasure 5%,control-loss,5,30362490442,30362490442,1386693,495029,177043885,NaN,NaN,NaN,NaN,NaN,3,3,1,1,6,0.9945,0,0,0,0,NaN,NaN,NaN,0,242,337,91,151,0,534,1.08426966292135,362,579,2316,2204,112,0,1989,4,4775,4775,0,0,7,5,0,2,0,2,1,0.410231877549331,0.410044214293362,1,0,0
16050047,n5-6dof,N5 6-DOF graph,local-management,Local management reach,visibility-boundary,5,30362490442,30362490442,1061873,575905,137611490,NaN,NaN,NaN,NaN,NaN,3,3,0,1,NaN,0.3995,0,0,0,0,NaN,NaN,NaN,0,68,31,37,31,0,534,0.185393258426966,31,99,249,249,0,0,799,437,1998,1998,0,0,918,794,0,124,0,124,1,0.238144671825298,0.222568621579829,1,0,0
16050047,n5-6dof,N5 6-DOF graph,directed-grant-blackout,Directed GRANT blackout,grant-loss-witness,5,30362490442,20701502669,1160268,985819,175440741,1,2,421,0,0,3,3,0,1,NaN,0.7955,0,0,0,0,NaN,NaN,NaN,0,564,585,72,492,0,534,2.15168539325843,678,1149,4596,4197,399,0,1591,155,3979,3979,0,0,309,307,0,2,0,2,1,0.39953507195907,0.3993474087031,1,0,0
16050047,n5-6dof,N5 6-DOF graph,state-loss,Local client state loss,rejoin-boundary,5,30362490442,30362490442,1062446,492163,176900190,NaN,NaN,NaN,NaN,NaN,3,3,1,1,5,0.994,0,0,0,0,NaN,NaN,2,0,213,314,87,126,0,534,0.98689138576779,314,527,2108,2108,0,0,1988,5,4773,4773,0,0,9,7,0,2,0,2,1,0.406979047779193,0.406791384523224,1,0,0
16050047,n5-6dof,N5 6-DOF graph,owner-reconfiguration,Owner tuple reconfiguration,lease-fence-boundary,5,30362490442,30362490442,1062449,499430,177265338,NaN,NaN,NaN,NaN,NaN,3,3,1,1,5,0.9645,0,0,0,0,222,221,NaN,1,261,319,79,182,0,534,1.08614232209738,440,580,2320,2320,0,0,1929,29,4647,4647,0,0,57,53,0,4,0,4,1,0.403726218009055,0.402975564985177,1,0,0
16050047,n10-ring2,N10 ring2 graph,zero,Zero loss,native,10,113233319086,113233319086,1757145,3859829,504027300,NaN,NaN,NaN,NaN,NaN,3,3,1,1,10,0.98875,0,0,0,0,NaN,NaN,NaN,0,455,930,176,279,0,1409,0.982966643009226,930,1385,12465,12465,0,0,3955,6,10295,10295,0,0,10,10,0,0,0,0,1,0.455158734210149,0.292758866275958,1,0,0
16050047,n10-ring2,N10 ring2 graph,data-erasure-5,DATA erasure 5%,data-separation,10,113233319086,113233319086,2413015,3859829,504027300,NaN,NaN,NaN,NaN,NaN,3,3,1,1,10,0.98875,0,0,0,0,NaN,NaN,NaN,0,455,930,176,279,0,1409,0.982966643009226,930,1385,12465,12465,0,0,3955,6,10295,9803,492,0,10,10,0,0,0,0,1,0.455158734210149,0.292758866275958,1,0,0
16050047,n10-ring2,N10 ring2 graph,management-erasure-5,Management erasure 5%,control-loss,10,113233319086,113233319086,2081511,3837714,503526891,NaN,NaN,NaN,NaN,NaN,3,3,1,1,10,0.988,0,0,0,0,NaN,NaN,NaN,0,520,944,173,347,0,1409,1.03903477643719,1144,1464,13176,12534,642,0,3952,6,10287,10287,0,0,10,10,0,0,0,0,1,0.457560084179603,0.295366046242794,1,0,0
16050047,n10-ring2,N10 ring2 graph,local-management,Local management reach,visibility-boundary,10,113233319086,113233319086,1746229,707862,382845946,NaN,NaN,NaN,NaN,NaN,3,3,0,1,NaN,0.19975,0,0,0,0,NaN,NaN,NaN,0,68,31,37,31,0,1409,0.0702625975869411,31,99,351,351,0,0,799,597,2798,2798,0,0,1338,1187,0,151,0,111,1,0.147065533129252,0.130393303341331,1,0,0
16050047,n10-ring2,N10 ring2 graph,directed-grant-blackout,Directed GRANT blackout,grant-loss-witness,10,113233319086,74492390687,1855086,4228796,501371854,1,2,421,0,0,3,3,0,1,NaN,0.889,0,0,0,0,NaN,NaN,NaN,0,806,1050,159,647,0,1409,1.31724627395316,1298,1856,16704,16305,399,0,3556,71,9497,9497,0,0,140,140,0,0,0,0,1,0.436942779441866,0.315297250989259,1,0,0
16050047,n10-ring2,N10 ring2 graph,state-loss,Local client state loss,rejoin-boundary,10,113233319086,113233319086,1757564,3860221,504021139,NaN,NaN,NaN,NaN,NaN,3,3,1,1,10,0.98825,0,0,0,0,NaN,NaN,2,0,455,915,175,280,0,1409,0.972320794889993,931,1370,12330,12330,0,0,3953,6,10291,10291,0,0,10,10,0,0,0,0,1,0.454438329219313,0.292244291282504,1,0,0
16050047,n10-ring2,N10 ring2 graph,owner-reconfiguration,Owner tuple reconfiguration,lease-fence-boundary,10,113233319086,113233319086,1757567,3863706,503321724,NaN,NaN,NaN,NaN,NaN,3,3,1,1,10,0.92975,0,0,0,0,222,221,NaN,5,619,1035,156,463,0,1409,1.17388218594748,1479,1654,14886,14886,0,0,3719,49,9717,9717,0,0,114,104,0,10,0,6,1,0.444524184345426,0.298590716201774,1,0,0
16050048,n5-6dof,N5 6-DOF graph,zero,Zero loss,native,5,30332904794,30332904794,1062327,491092,176806773,NaN,NaN,NaN,NaN,NaN,3,3,1,1,5,0.995,0,0,0,0,NaN,NaN,NaN,0,213,310,89,124,0,534,0.97940074906367,310,523,2092,2092,0,0,1990,2,4777,4777,0,0,4,4,0,0,0,0,1,0.406541166848598,0.406541166848598,1,0,0
16050048,n5-6dof,N5 6-DOF graph,data-erasure-5,DATA erasure 5%,data-separation,5,30332904794,30332904794,1718197,491092,176806773,NaN,NaN,NaN,NaN,NaN,3,3,1,1,5,0.995,0,0,0,0,NaN,NaN,NaN,0,213,310,89,124,0,534,0.97940074906367,310,523,2092,2092,0,0,1990,2,4777,4550,227,0,4,4,0,0,0,0,1,0.406541166848598,0.406541166848598,1,0,0
16050048,n5-6dof,N5 6-DOF graph,management-erasure-5,Management erasure 5%,control-loss,5,30332904794,30332904794,1386693,492322,176649850,NaN,NaN,NaN,NaN,NaN,3,3,1,1,5,0.995,0,0,0,0,NaN,NaN,NaN,0,241,345,89,152,0,534,1.09737827715356,381,586,2344,2232,112,0,1990,2,4777,4777,0,0,4,4,0,0,0,0,1,0.410482095223957,0.410482095223957,1,0,0
16050048,n5-6dof,N5 6-DOF graph,local-management,Local management reach,visibility-boundary,5,30332904794,30332904794,1061873,575107,137611490,NaN,NaN,NaN,NaN,NaN,3,3,0,1,NaN,0.3995,0,0,0,0,NaN,NaN,NaN,0,68,31,37,31,0,534,0.185393258426966,31,99,249,249,0,0,799,440,1998,1998,0,0,935,847,0,88,0,88,1,0.238707661593207,0.225571233675341,1,0,0
16050048,n5-6dof,N5 6-DOF graph,directed-grant-blackout,Directed GRANT blackout,grant-loss-witness,5,30332904794,20631978633,1160268,985749,175440741,1,2,421,0,0,3,3,0,1,NaN,0.7955,0,0,0,0,NaN,NaN,NaN,0,564,585,72,492,0,534,2.15168539325843,678,1149,4596,4197,399,0,1591,154,3979,3979,0,0,308,308,0,0,0,0,1,0.3993474087031,0.3993474087031,1,0,0
16050048,n5-6dof,N5 6-DOF graph,state-loss,Local client state loss,rejoin-boundary,5,30332904794,30332904794,1062446,492049,176900190,NaN,NaN,NaN,NaN,NaN,3,3,1,1,5,0.994,0,0,0,0,NaN,NaN,2,0,213,314,87,126,0,534,0.98689138576779,314,527,2108,2108,0,0,1988,2,4773,4773,0,0,4,4,0,0,0,0,1,0.406416058011285,0.406416058011285,1,0,0
16050048,n5-6dof,N5 6-DOF graph,owner-reconfiguration,Owner tuple reconfiguration,lease-fence-boundary,5,30332904794,30332904794,1062449,499382,177265338,NaN,NaN,NaN,NaN,NaN,3,3,1,1,5,0.9645,0,0,0,0,222,221,NaN,1,261,319,79,182,0,534,1.08614232209738,440,580,2320,2320,0,0,1929,29,4647,4647,0,0,57,55,0,2,0,2,1,0.403726218009055,0.403163228241147,1,0,0
16050048,n10-ring2,N10 ring2 graph,zero,Zero loss,native,10,113318488050,113318488050,1757145,3860059,504027300,NaN,NaN,NaN,NaN,NaN,3,3,1,1,10,0.98875,0,0,0,0,NaN,NaN,NaN,0,455,930,176,279,0,1409,0.982966643009226,930,1385,12465,12465,0,0,3955,8,10295,10295,0,0,17,11,0,6,0,4,1,0.455364564207531,0.292655951277267,1,0,0
16050048,n10-ring2,N10 ring2 graph,data-erasure-5,DATA erasure 5%,data-separation,10,113318488050,113318488050,2413015,3860059,504027300,NaN,NaN,NaN,NaN,NaN,3,3,1,1,10,0.98875,0,0,0,0,NaN,NaN,NaN,0,455,930,176,279,0,1409,0.982966643009226,930,1385,12465,12465,0,0,3955,8,10295,9784,511,0,17,11,0,6,0,4,1,0.455364564207531,0.292655951277267,1,0,0
16050048,n10-ring2,N10 ring2 graph,management-erasure-5,Management erasure 5%,control-loss,10,113318488050,113318488050,2081511,3853464,500287458,NaN,NaN,NaN,NaN,NaN,3,3,1,1,41,0.94425,0,0,0,0,NaN,NaN,NaN,0,507,919,162,345,0,1409,1.01206529453513,1130,1426,12834,12171,663,0,3777,42,9880,9880,0,0,86,78,0,8,0,6,1,0.441951309378155,0.287578811341851,1,0,0
16050048,n10-ring2,N10 ring2 graph,local-management,Local management reach,visibility-boundary,10,113318488050,113318488050,1746229,708162,382845946,NaN,NaN,NaN,NaN,NaN,3,3,0,1,NaN,0.19975,0,0,0,0,NaN,NaN,NaN,0,68,31,37,31,0,1409,0.0702625975869411,31,99,351,351,0,0,799,603,2798,2798,0,0,1323,1168,0,155,0,113,1,0.147683023121397,0.131010793333476,1,0,0
16050048,n10-ring2,N10 ring2 graph,directed-grant-blackout,Directed GRANT blackout,grant-loss-witness,10,113318488050,74452442180,1855086,4229470,501371854,1,2,421,0,0,3,3,0,1,NaN,0.889,0,0,0,0,NaN,NaN,NaN,0,806,1050,159,647,0,1409,1.31724627395316,1298,1856,16704,16305,399,0,3556,85,9497,9497,0,0,171,165,0,6,0,4,1,0.438383589423538,0.316429315974858,1,0,0
16050048,n10-ring2,N10 ring2 graph,state-loss,Local client state loss,rejoin-boundary,10,113318488050,113318488050,1757564,3860451,504021139,NaN,NaN,NaN,NaN,NaN,3,3,1,1,10,0.98825,0,0,0,0,NaN,NaN,2,0,455,915,175,280,0,1409,0.972320794889993,931,1370,12330,12330,0,0,3953,8,10291,10291,0,0,17,11,0,6,0,4,1,0.454644159216695,0.292141376283813,1,0,0
16050048,n10-ring2,N10 ring2 graph,owner-reconfiguration,Owner tuple reconfiguration,lease-fence-boundary,10,113318488050,113318488050,1757567,3863854,503321724,NaN,NaN,NaN,NaN,NaN,3,3,1,1,10,0.92975,0,0,0,0,222,221,NaN,5,619,1035,156,463,0,1409,1.17388218594748,1479,1654,14886,14886,0,0,3719,53,9717,9717,0,0,128,118,0,10,0,6,1,0.44493584434019,0.298796546199156,1,0,0
16050049,n5-6dof,N5 6-DOF graph,zero,Zero loss,native,5,30393941865,30393941865,1062327,491162,176806773,NaN,NaN,NaN,NaN,NaN,3,3,1,1,5,0.995,0,0,0,0,NaN,NaN,NaN,0,213,310,89,124,0,534,0.97940074906367,310,523,2092,2092,0,0,1990,3,4777,4777,0,0,5,3,0,2,0,2,1,0.406728830104567,0.406541166848598,1,0,0
16050049,n5-6dof,N5 6-DOF graph,data-erasure-5,DATA erasure 5%,data-separation,5,30393941865,30393941865,1718197,491162,176806773,NaN,NaN,NaN,NaN,NaN,3,3,1,1,5,0.995,0,0,0,0,NaN,NaN,NaN,0,213,310,89,124,0,534,0.97940074906367,310,523,2092,2092,0,0,1990,3,4777,4544,233,0,5,3,0,2,0,2,1,0.406728830104567,0.406541166848598,1,0,0
16050049,n5-6dof,N5 6-DOF graph,management-erasure-5,Management erasure 5%,control-loss,5,30393941865,30393941865,1386693,492666,176658662,NaN,NaN,NaN,NaN,NaN,3,3,1,1,5,0.9945,0,0,0,0,NaN,NaN,NaN,0,239,366,87,152,0,534,1.13295880149813,374,605,2420,2306,114,0,1989,3,4774,4774,0,0,5,3,0,2,0,2,1,0.411670629178431,0.411482965922461,1,0,0
16050049,n5-6dof,N5 6-DOF graph,local-management,Local management reach,visibility-boundary,5,30393941865,30393941865,1061873,575953,137611490,NaN,NaN,NaN,NaN,NaN,3,3,0,1,NaN,0.3995,0,0,0,0,NaN,NaN,NaN,0,68,31,37,31,0,534,0.185393258426966,31,99,249,249,0,0,799,461,1998,1998,0,0,950,846,0,104,0,104,1,0.242648589968566,0.228010856002945,1,0,0
16050049,n5-6dof,N5 6-DOF graph,directed-grant-blackout,Directed GRANT blackout,grant-loss-witness,5,30393941865,20722315886,1160268,985797,175440741,1,2,421,0,0,3,3,0,1,NaN,0.7955,0,0,0,0,NaN,NaN,NaN,0,564,585,72,492,0,534,2.15168539325843,678,1149,4596,4197,399,0,1591,154,3979,3979,0,0,307,305,0,2,0,2,1,0.3993474087031,0.399159745447131,1,0,0
16050049,n5-6dof,N5 6-DOF graph,state-loss,Local client state loss,rejoin-boundary,5,30393941865,30393941865,1062446,492141,176900190,NaN,NaN,NaN,NaN,NaN,3,3,1,1,5,0.994,0,0,0,0,NaN,NaN,2,0,213,314,87,126,0,534,0.98689138576779,314,527,2108,2108,0,0,1988,4,4773,4773,0,0,7,5,0,2,0,2,1,0.406791384523224,0.406603721267254,1,0,0
16050049,n5-6dof,N5 6-DOF graph,owner-reconfiguration,Owner tuple reconfiguration,lease-fence-boundary,5,30393941865,30393941865,1062449,499408,177265338,NaN,NaN,NaN,NaN,NaN,3,3,1,1,5,0.9645,0,0,0,0,222,221,NaN,1,261,319,79,182,0,534,1.08614232209738,440,580,2320,2320,0,0,1929,28,4647,4647,0,0,55,51,0,4,0,4,1,0.403538554753086,0.402975564985177,1,0,0
16050049,n10-ring2,N10 ring2 graph,zero,Zero loss,native,10,113260641869,113260641869,1757145,3859829,504027300,NaN,NaN,NaN,NaN,NaN,3,3,1,1,10,0.98875,0,0,0,0,NaN,NaN,NaN,0,455,930,176,279,0,1409,0.982966643009226,930,1385,12465,12465,0,0,3955,6,10295,10295,0,0,13,13,0,0,0,0,1,0.455158734210149,0.292758866275958,1,0,0
16050049,n10-ring2,N10 ring2 graph,data-erasure-5,DATA erasure 5%,data-separation,10,113260641869,113260641869,2413015,3859829,504027300,NaN,NaN,NaN,NaN,NaN,3,3,1,1,10,0.98875,0,0,0,0,NaN,NaN,NaN,0,455,930,176,279,0,1409,0.982966643009226,930,1385,12465,12465,0,0,3955,6,10295,9768,527,0,13,12,1,0,0,0,1,0.455158734210149,0.292758866275958,1,0,0
16050049,n10-ring2,N10 ring2 graph,management-erasure-5,Management erasure 5%,control-loss,10,113260641869,113260641869,2081511,3843083,501202836,NaN,NaN,NaN,NaN,NaN,3,3,1,1,29,0.95675,0,0,0,0,NaN,NaN,NaN,0,518,997,160,358,0,1409,1.07523066004258,1155,1515,13635,12957,678,0,3827,37,9984,9984,0,0,82,71,0,11,0,7,1,0.449635629280406,0.29371940626374,1,0,0
16050049,n10-ring2,N10 ring2 graph,local-management,Local management reach,visibility-boundary,10,113260641869,113260641869,1746229,708365,382845946,NaN,NaN,NaN,NaN,NaN,3,3,0,1,NaN,0.19975,0,0,0,0,NaN,NaN,NaN,0,68,31,37,31,0,1409,0.0702625975869411,31,99,351,351,0,0,799,599,2798,2798,0,0,1337,1163,0,174,0,122,1,0.147271363126633,0.129878728347877,1,0,0
16050049,n10-ring2,N10 ring2 graph,directed-grant-blackout,Directed GRANT blackout,grant-loss-witness,10,113260641869,74605166649,1855086,4229873,501371854,1,2,421,0,0,3,3,0,1,NaN,0.889,0,0,0,0,NaN,NaN,NaN,0,806,1050,159,647,0,1409,1.31724627395316,1298,1856,16704,16305,399,0,3556,98,9497,9497,0,0,197,195,0,2,0,2,1,0.439721484406519,0.317973040955221,1,0,0
16050049,n10-ring2,N10 ring2 graph,state-loss,Local client state loss,rejoin-boundary,10,113260641869,113260641869,1757564,3860221,504021139,NaN,NaN,NaN,NaN,NaN,3,3,1,1,10,0.98825,0,0,0,0,NaN,NaN,2,0,455,915,175,280,0,1409,0.972320794889993,931,1370,12330,12330,0,0,3953,6,10291,10291,0,0,13,13,0,0,0,0,1,0.454438329219313,0.292244291282504,1,0,0
16050049,n10-ring2,N10 ring2 graph,owner-reconfiguration,Owner tuple reconfiguration,lease-fence-boundary,10,113260641869,113260641869,1757567,3863739,503321724,NaN,NaN,NaN,NaN,NaN,3,3,1,1,10,0.92975,0,0,0,0,222,221,NaN,5,619,1035,156,463,0,1409,1.17388218594748,1479,1654,14886,14886,0,0,3719,52,9717,9717,0,0,119,113,0,6,0,4,1,0.444832929341499,0.298796546199156,1,0,0
16050050,n5-6dof,N5 6-DOF graph,zero,Zero loss,native,5,30483401350,30483401350,1062327,491136,176806773,NaN,NaN,NaN,NaN,NaN,3,3,1,1,5,0.995,0,0,0,0,NaN,NaN,NaN,0,213,310,89,124,0,534,0.97940074906367,310,523,2092,2092,0,0,1990,4,4777,4777,0,0,7,7,0,0,0,0,1,0.406916493360537,0.406728830104567,1,0,0
16050050,n5-6dof,N5 6-DOF graph,data-erasure-5,DATA erasure 5%,data-separation,5,30483401350,30483401350,1718197,491136,176806773,NaN,NaN,NaN,NaN,NaN,3,3,1,1,5,0.995,0,0,0,0,NaN,NaN,NaN,0,213,310,89,124,0,534,0.97940074906367,310,523,2092,2092,0,0,1990,4,4777,4522,255,0,7,7,0,0,0,0,1,0.406916493360537,0.406728830104567,1,0,0
16050050,n5-6dof,N5 6-DOF graph,management-erasure-5,Management erasure 5%,control-loss,5,30483401350,30483401350,1386693,489856,176393560,NaN,NaN,NaN,NaN,NaN,3,3,1,1,6,0.9935,0,0,0,0,NaN,NaN,NaN,0,250,319,94,156,0,534,1.06554307116105,374,569,2276,2155,121,0,1987,6,4771,4771,0,0,11,11,0,0,0,0,1,0.409606333362766,0.409418670106797,1,0,0
16050050,n5-6dof,N5 6-DOF graph,local-management,Local management reach,visibility-boundary,5,30483401350,30483401350,1061873,574855,137611490,NaN,NaN,NaN,NaN,NaN,3,3,0,1,NaN,0.3995,0,0,0,0,NaN,NaN,NaN,0,68,31,37,31,0,534,0.185393258426966,31,99,249,249,0,0,799,422,1998,1998,0,0,890,796,0,94,0,94,1,0.235329722985755,0.222005631811921,1,0,0
16050050,n5-6dof,N5 6-DOF graph,directed-grant-blackout,Directed GRANT blackout,grant-loss-witness,5,30483401350,20738748090,1160268,985625,175440741,1,2,421,0,0,3,3,0,1,NaN,0.7955,0,0,0,0,NaN,NaN,NaN,0,564,585,72,492,0,534,2.15168539325843,678,1149,4596,4197,399,0,1591,144,3979,3979,0,0,285,281,0,4,0,4,1,0.397470776143405,0.396907786375497,1,0,0
16050050,n5-6dof,N5 6-DOF graph,state-loss,Local client state loss,rejoin-boundary,5,30483401350,30483401350,1062446,492093,176900190,NaN,NaN,NaN,NaN,NaN,3,3,1,1,5,0.994,0,0,0,0,NaN,NaN,2,0,213,314,87,126,0,534,0.98689138576779,314,527,2108,2108,0,0,1988,4,4773,4773,0,0,7,7,0,0,0,0,1,0.406791384523224,0.406603721267254,1,0,0
16050050,n5-6dof,N5 6-DOF graph,owner-reconfiguration,Owner tuple reconfiguration,lease-fence-boundary,5,30483401350,30483401350,1062449,499412,177265338,NaN,NaN,NaN,NaN,NaN,3,3,1,1,5,0.9645,0,0,0,0,222,221,NaN,1,261,319,79,182,0,534,1.08614232209738,440,580,2320,2320,0,0,1929,26,4647,4647,0,0,53,45,0,8,0,6,1,0.403163228241147,0.402224911961299,1,0,0
16050050,n10-ring2,N10 ring2 graph,zero,Zero loss,native,10,113278756374,113278756374,1757145,3859866,504027300,NaN,NaN,NaN,NaN,NaN,3,3,1,1,10,0.98875,0,0,0,0,NaN,NaN,NaN,0,455,930,176,279,0,1409,0.982966643009226,930,1385,12465,12465,0,0,3955,7,10295,10295,0,0,14,14,0,0,0,0,1,0.45526164920884,0.29296469627334,1,0,0
16050050,n10-ring2,N10 ring2 graph,data-erasure-5,DATA erasure 5%,data-separation,10,113278756374,113278756374,2413015,3859866,504027300,NaN,NaN,NaN,NaN,NaN,3,3,1,1,10,0.98875,0,0,0,0,NaN,NaN,NaN,0,455,930,176,279,0,1409,0.982966643009226,930,1385,12465,12465,0,0,3955,7,10295,9789,506,0,14,13,1,0,0,0,1,0.45526164920884,0.29296469627334,1,0,0
16050050,n10-ring2,N10 ring2 graph,management-erasure-5,Management erasure 5%,control-loss,10,113278756374,113278756374,2081511,3846586,502088328,NaN,NaN,NaN,NaN,NaN,3,3,1,1,23,0.967,0,0,0,0,NaN,NaN,NaN,0,519,973,177,342,0,1409,1.05890702625976,1116,1492,13428,12802,626,0,3868,24,10085,10085,0,0,55,49,0,6,0,4,1,0.451728234253787,0.294165371258067,1,0,0
16050050,n10-ring2,N10 ring2 graph,local-management,Local management reach,visibility-boundary,10,113278756374,113278756374,1746229,708073,382845946,NaN,NaN,NaN,NaN,NaN,3,3,0,1,NaN,0.19975,0,0,0,0,NaN,NaN,NaN,0,68,31,37,31,0,1409,0.0702625975869411,31,99,351,351,0,0,799,589,2798,2798,0,0,1312,1143,0,169,0,124,1,0.146242213139725,0.129364153354422,1,0,0
16050050,n10-ring2,N10 ring2 graph,directed-grant-blackout,Directed GRANT blackout,grant-loss-witness,10,113278756374,74612146449,1855086,4228833,501371854,1,2,421,0,0,3,3,0,1,NaN,0.889,0,0,0,0,NaN,NaN,NaN,0,806,1050,159,647,0,1409,1.31724627395316,1298,1856,16704,16305,399,0,3556,72,9497,9497,0,0,144,144,0,0,0,0,1,0.437045694440556,0.31550308098664,1,0,0
16050050,n10-ring2,N10 ring2 graph,state-loss,Local client state loss,rejoin-boundary,10,113278756374,113278756374,1757564,3860258,504021139,NaN,NaN,NaN,NaN,NaN,3,3,1,1,10,0.98825,0,0,0,0,NaN,NaN,2,0,455,915,175,280,0,1409,0.972320794889993,931,1370,12330,12330,0,0,3953,7,10291,10291,0,0,14,14,0,0,0,0,1,0.454541244218004,0.292450121279886,1,0,0
16050050,n10-ring2,N10 ring2 graph,owner-reconfiguration,Owner tuple reconfiguration,lease-fence-boundary,10,113278756374,113278756374,1757567,3863406,503321724,NaN,NaN,NaN,NaN,NaN,3,3,1,1,10,0.92975,0,0,0,0,222,221,NaN,5,619,1035,156,463,0,1409,1.17388218594748,1479,1654,14886,14886,0,0,3719,43,9717,9717,0,0,103,97,0,6,0,4,1,0.443906694353281,0.298281971205702,1,0,0
16050051,n5-6dof,N5 6-DOF graph,zero,Zero loss,native,5,30388171089,30388171089,1062327,491158,176806773,NaN,NaN,NaN,NaN,NaN,3,3,1,1,5,0.995,0,0,0,0,NaN,NaN,NaN,0,213,310,89,124,0,534,0.97940074906367,310,523,2092,2092,0,0,1990,5,4777,4777,0,0,12,12,0,0,0,0,1,0.407104156616506,0.407104156616506,1,0,0
16050051,n5-6dof,N5 6-DOF graph,data-erasure-5,DATA erasure 5%,data-separation,5,30388171089,30388171089,1718197,491158,176806773,NaN,NaN,NaN,NaN,NaN,3,3,1,1,5,0.995,0,0,0,0,NaN,NaN,NaN,0,213,310,89,124,0,534,0.97940074906367,310,523,2092,2092,0,0,1990,5,4777,4554,223,0,12,11,1,0,0,0,1,0.407104156616506,0.407104156616506,1,0,0
16050051,n5-6dof,N5 6-DOF graph,management-erasure-5,Management erasure 5%,control-loss,5,30388171089,30388171089,1386693,494159,176912541,NaN,NaN,NaN,NaN,NaN,3,3,1,1,5,0.9945,0,0,0,0,NaN,NaN,NaN,0,239,345,91,148,0,534,1.0936329588015,368,584,2336,2236,100,0,1989,5,4775,4775,0,0,12,12,0,0,0,0,1,0.410732312898583,0.410732312898583,1,0,0
16050051,n5-6dof,N5 6-DOF graph,local-management,Local management reach,visibility-boundary,5,30388171089,30388171089,1061873,574833,137611490,NaN,NaN,NaN,NaN,NaN,3,3,0,1,NaN,0.3995,0,0,0,0,NaN,NaN,NaN,0,68,31,37,31,0,534,0.185393258426966,31,99,249,249,0,0,799,421,1998,1998,0,0,896,802,0,94,0,94,1,0.235142059729786,0.22219329506789,1,0,0
16050051,n5-6dof,N5 6-DOF graph,directed-grant-blackout,Directed GRANT blackout,grant-loss-witness,5,30388171089,20658375313,1160268,985775,175440741,1,2,421,0,0,3,3,0,1,NaN,0.7955,0,0,0,0,NaN,NaN,NaN,0,564,585,72,492,0,534,2.15168539325843,678,1149,4596,4197,399,0,1591,153,3979,3979,0,0,308,306,0,2,0,2,1,0.399159745447131,0.398972082191161,1,0,0
16050051,n5-6dof,N5 6-DOF graph,state-loss,Local client state loss,rejoin-boundary,5,30388171089,30388171089,1062446,492115,176900190,NaN,NaN,NaN,NaN,NaN,3,3,1,1,5,0.994,0,0,0,0,NaN,NaN,2,0,213,314,87,126,0,534,0.98689138576779,314,527,2108,2108,0,0,1988,5,4773,4773,0,0,12,12,0,0,0,0,1,0.406979047779193,0.406979047779193,1,0,0
16050051,n5-6dof,N5 6-DOF graph,owner-reconfiguration,Owner tuple reconfiguration,lease-fence-boundary,5,30388171089,30388171089,1062449,499522,177265338,NaN,NaN,NaN,NaN,NaN,3,3,1,1,5,0.9645,0,0,0,0,222,221,NaN,1,261,319,79,182,0,534,1.08614232209738,440,580,2320,2320,0,0,1929,31,4647,4647,0,0,65,57,0,8,0,6,1,0.404101544520994,0.403350891497116,1,0,0
16050051,n10-ring2,N10 ring2 graph,zero,Zero loss,native,10,113211948341,113211948341,1757145,3860096,504027300,NaN,NaN,NaN,NaN,NaN,3,3,1,1,10,0.98875,0,0,0,0,NaN,NaN,NaN,0,455,930,176,279,0,1409,0.982966643009226,930,1385,12465,12465,0,0,3955,9,10295,10295,0,0,16,10,0,6,0,4,1,0.455467479206222,0.292655951277267,1,0,0
16050051,n10-ring2,N10 ring2 graph,data-erasure-5,DATA erasure 5%,data-separation,10,113211948341,113211948341,2413015,3860096,504027300,NaN,NaN,NaN,NaN,NaN,3,3,1,1,10,0.98875,0,0,0,0,NaN,NaN,NaN,0,455,930,176,279,0,1409,0.982966643009226,930,1385,12465,12465,0,0,3955,9,10295,9775,520,0,16,10,0,6,0,4,1,0.455467479206222,0.292655951277267,1,0,0
16050051,n10-ring2,N10 ring2 graph,management-erasure-5,Management erasure 5%,control-loss,10,113211948341,113211948341,2081511,3840310,500287154,NaN,NaN,NaN,NaN,NaN,3,3,1,1,37,0.94825,0,0,0,0,NaN,NaN,NaN,0,506,953,165,341,0,1409,1.03548616039745,1120,1459,13131,12529,602,0,3793,40,9913,9913,0,0,87,73,0,14,0,10,1,0.444524184345426,0.288916706324833,1,0,0
16050051,n10-ring2,N10 ring2 graph,local-management,Local management reach,visibility-boundary,10,113211948341,113211948341,1746229,708893,382845946,NaN,NaN,NaN,NaN,NaN,3,3,0,1,NaN,0.19975,0,0,0,0,NaN,NaN,NaN,0,68,31,37,31,0,1409,0.0702625975869411,31,99,351,351,0,0,799,608,2798,2798,0,0,1340,1178,0,162,0,127,1,0.148197598114851,0.13029038834264,1,0,0
16050051,n10-ring2,N10 ring2 graph,directed-grant-blackout,Directed GRANT blackout,grant-loss-witness,10,113211948341,74453491130,1855086,4228989,501371854,1,2,421,0,0,3,3,0,1,NaN,0.889,0,0,0,0,NaN,NaN,NaN,0,806,1050,159,647,0,1409,1.31724627395316,1298,1856,16704,16305,399,0,3556,72,9497,9497,0,0,142,136,0,6,0,4,1,0.437045694440556,0.314988505993186,1,0,0
16050051,n10-ring2,N10 ring2 graph,state-loss,Local client state loss,rejoin-boundary,10,113211948341,113211948341,1757564,3860488,504021139,NaN,NaN,NaN,NaN,NaN,3,3,1,1,10,0.98825,0,0,0,0,NaN,NaN,2,0,455,915,175,280,0,1409,0.972320794889993,931,1370,12330,12330,0,0,3953,9,10291,10291,0,0,16,10,0,6,0,4,1,0.454747074215386,0.292141376283813,1,0,0
16050051,n10-ring2,N10 ring2 graph,owner-reconfiguration,Owner tuple reconfiguration,lease-fence-boundary,10,113211948341,113211948341,1757567,3863780,503321724,NaN,NaN,NaN,NaN,NaN,3,3,1,1,10,0.92975,0,0,0,0,222,221,NaN,5,619,1035,156,463,0,1409,1.17388218594748,1479,1654,14886,14886,0,0,3719,51,9717,9717,0,0,112,104,0,8,0,6,1,0.444730014342808,0.298281971205702,1,0,0
16050052,n5-6dof,N5 6-DOF graph,zero,Zero loss,native,5,30408013360,30408013360,1062327,491136,176806773,NaN,NaN,NaN,NaN,NaN,3,3,1,1,5,0.995,0,0,0,0,NaN,NaN,NaN,0,213,310,89,124,0,534,0.97940074906367,310,523,2092,2092,0,0,1990,4,4777,4777,0,0,10,10,0,0,0,0,1,0.406916493360537,0.406916493360537,1,0,0
16050052,n5-6dof,N5 6-DOF graph,data-erasure-5,DATA erasure 5%,data-separation,5,30408013360,30408013360,1718197,491136,176806773,NaN,NaN,NaN,NaN,NaN,3,3,1,1,5,0.995,0,0,0,0,NaN,NaN,NaN,0,213,310,89,124,0,534,0.97940074906367,310,523,2092,2092,0,0,1990,4,4777,4548,229,0,10,10,0,0,0,0,1,0.406916493360537,0.406916493360537,1,0,0
16050052,n5-6dof,N5 6-DOF graph,management-erasure-5,Management erasure 5%,control-loss,5,30408013360,30408013360,1386693,492896,176806395,NaN,NaN,NaN,NaN,NaN,3,3,1,1,5,0.995,0,0,0,0,NaN,NaN,NaN,0,237,332,87,150,0,534,1.06554307116105,368,569,2276,2171,105,0,1990,4,4777,4777,0,0,10,10,0,0,0,0,1,0.409793996618736,0.409793996618736,1,0,0
16050052,n5-6dof,N5 6-DOF graph,local-management,Local management reach,visibility-boundary,5,30408013360,30408013360,1061873,574591,137611490,NaN,NaN,NaN,NaN,NaN,3,3,0,1,NaN,0.3995,0,0,0,0,NaN,NaN,NaN,0,68,31,37,31,0,534,0.185393258426966,31,99,249,249,0,0,799,410,1998,1998,0,0,873,779,0,94,0,94,1,0.233077763914121,0.219941335996256,1,0,0
16050052,n5-6dof,N5 6-DOF graph,directed-grant-blackout,Directed GRANT blackout,grant-loss-witness,5,30408013360,20706328685,1160268,985705,175440741,1,2,421,0,0,3,3,0,1,NaN,0.7955,0,0,0,0,NaN,NaN,NaN,0,564,585,72,492,0,534,2.15168539325843,678,1149,4596,4197,399,0,1591,152,3979,3979,0,0,306,306,0,0,0,0,1,0.398972082191161,0.398972082191161,1,0,0
16050052,n5-6dof,N5 6-DOF graph,state-loss,Local client state loss,rejoin-boundary,5,30408013360,30408013360,1062446,492093,176900190,NaN,NaN,NaN,NaN,NaN,3,3,1,1,5,0.994,0,0,0,0,NaN,NaN,2,0,213,314,87,126,0,534,0.98689138576779,314,527,2108,2108,0,0,1988,4,4773,4773,0,0,10,10,0,0,0,0,1,0.406791384523224,0.406791384523224,1,0,0
16050052,n5-6dof,N5 6-DOF graph,owner-reconfiguration,Owner tuple reconfiguration,lease-fence-boundary,5,30408013360,30408013360,1062449,499324,177265338,NaN,NaN,NaN,NaN,NaN,3,3,1,1,5,0.9645,0,0,0,0,222,221,NaN,1,261,319,79,182,0,534,1.08614232209738,440,580,2320,2320,0,0,1929,22,4647,4647,0,0,47,41,0,6,0,6,1,0.402412575217269,0.40184958544936,1,0,0
16050052,n10-ring2,N10 ring2 graph,zero,Zero loss,native,10,113213838446,113213838446,1757145,3860088,504027300,NaN,NaN,NaN,NaN,NaN,3,3,1,1,10,0.98875,0,0,0,0,NaN,NaN,NaN,0,455,930,176,279,0,1409,0.982966643009226,930,1385,12465,12465,0,0,3955,13,10295,10295,0,0,25,25,0,0,0,0,1,0.455879139200985,0.293273441269413,1,0,0
16050052,n10-ring2,N10 ring2 graph,data-erasure-5,DATA erasure 5%,data-separation,10,113213838446,113213838446,2413015,3860088,504027300,NaN,NaN,NaN,NaN,NaN,3,3,1,1,10,0.98875,0,0,0,0,NaN,NaN,NaN,0,455,930,176,279,0,1409,0.982966643009226,930,1385,12465,12465,0,0,3955,13,10295,9813,482,0,25,25,0,0,0,0,1,0.455879139200985,0.293273441269413,1,0,0
16050052,n10-ring2,N10 ring2 graph,management-erasure-5,Management erasure 5%,control-loss,10,113213838446,113213838446,2081511,3850595,502637225,NaN,NaN,NaN,NaN,NaN,3,3,1,1,26,0.968,0,0,0,0,NaN,NaN,NaN,0,526,967,176,350,0,1409,1.05961674946771,1141,1493,13437,12726,711,0,3872,29,10096,10096,0,0,64,60,0,4,0,2,1,0.452688774241569,0.294920081248467,1,0,0
16050052,n10-ring2,N10 ring2 graph,local-management,Local management reach,visibility-boundary,10,113213838446,113213838446,1746229,709087,382845946,NaN,NaN,NaN,NaN,NaN,3,3,0,1,NaN,0.19975,0,0,0,0,NaN,NaN,NaN,0,68,31,37,31,0,1409,0.0702625975869411,31,99,351,351,0,0,799,628,2798,2798,0,0,1396,1242,0,154,0,113,1,0.150255898088669,0.132863263309912,1,0,0
16050052,n10-ring2,N10 ring2 graph,directed-grant-blackout,Directed GRANT blackout,grant-loss-witness,10,113213838446,74421946792,1855086,4229425,501371854,1,2,421,0,0,3,3,0,1,NaN,0.889,0,0,0,0,NaN,NaN,NaN,0,806,1050,159,647,0,1409,1.31724627395316,1298,1856,16704,16305,399,0,3556,88,9497,9497,0,0,175,175,0,0,0,0,1,0.43869233441961,0.316738060970931,1,0,0
16050052,n10-ring2,N10 ring2 graph,state-loss,Local client state loss,rejoin-boundary,10,113213838446,113213838446,1757564,3860480,504021139,NaN,NaN,NaN,NaN,NaN,3,3,1,1,10,0.98825,0,0,0,0,NaN,NaN,2,0,455,915,175,280,0,1409,0.972320794889993,931,1370,12330,12330,0,0,3953,13,10291,10291,0,0,25,25,0,0,0,0,1,0.455158734210149,0.292758866275958,1,0,0
16050052,n10-ring2,N10 ring2 graph,owner-reconfiguration,Owner tuple reconfiguration,lease-fence-boundary,10,113213838446,113213838446,1757567,3864370,503321724,NaN,NaN,NaN,NaN,NaN,3,3,1,1,10,0.92975,0,0,0,0,222,221,NaN,5,619,1035,156,463,0,1409,1.17388218594748,1479,1654,14886,14886,0,0,3719,68,9717,9717,0,0,155,144,0,11,0,5,1,0.446479569320553,0.300031526183446,1,0,0
16050053,n5-6dof,N5 6-DOF graph,zero,Zero loss,native,5,30403944897,30403944897,1062327,491254,176806773,NaN,NaN,NaN,NaN,NaN,3,3,1,1,5,0.995,0,0,0,0,NaN,NaN,NaN,0,213,310,89,124,0,534,0.97940074906367,310,523,2092,2092,0,0,1990,5,4777,4777,0,0,8,4,0,4,0,4,1,0.407104156616506,0.406728830104567,1,0,0
16050053,n5-6dof,N5 6-DOF graph,data-erasure-5,DATA erasure 5%,data-separation,5,30403944897,30403944897,1718197,491254,176806773,NaN,NaN,NaN,NaN,NaN,3,3,1,1,5,0.995,0,0,0,0,NaN,NaN,NaN,0,213,310,89,124,0,534,0.97940074906367,310,523,2092,2092,0,0,1990,5,4777,4534,243,0,8,4,0,4,0,4,1,0.407104156616506,0.406728830104567,1,0,0
16050053,n5-6dof,N5 6-DOF graph,management-erasure-5,Management erasure 5%,control-loss,5,30403944897,30403944897,1386693,490165,176493125,NaN,NaN,NaN,NaN,NaN,3,3,1,1,5,0.995,0,0,0,0,NaN,NaN,NaN,0,238,315,92,146,0,534,1.03558052434457,365,553,2212,2101,111,0,1990,5,4777,4777,0,0,8,4,0,4,0,4,1,0.408980789176201,0.408605462664262,1,0,0
16050053,n5-6dof,N5 6-DOF graph,local-management,Local management reach,visibility-boundary,5,30403944897,30403944897,1061873,574925,137611490,NaN,NaN,NaN,NaN,NaN,3,3,0,1,NaN,0.3995,0,0,0,0,NaN,NaN,NaN,0,68,31,37,31,0,534,0.185393258426966,31,99,249,249,0,0,799,423,1998,1998,0,0,874,778,0,96,0,96,1,0.235517386241725,0.22219329506789,1,0,0
16050053,n5-6dof,N5 6-DOF graph,directed-grant-blackout,Directed GRANT blackout,grant-loss-witness,5,30403944897,20754146619,1160268,985647,175440741,1,2,421,0,0,3,3,0,1,NaN,0.7955,0,0,0,0,NaN,NaN,NaN,0,564,585,72,492,0,534,2.15168539325843,678,1149,4596,4197,399,0,1591,145,3979,3979,0,0,288,284,0,4,0,4,1,0.397658439399375,0.397283112887436,1,0,0
16050053,n5-6dof,N5 6-DOF graph,state-loss,Local client state loss,rejoin-boundary,5,30403944897,30403944897,1062446,492211,176900190,NaN,NaN,NaN,NaN,NaN,3,3,1,1,5,0.994,0,0,0,0,NaN,NaN,2,0,213,314,87,126,0,534,0.98689138576779,314,527,2108,2108,0,0,1988,5,4773,4773,0,0,8,4,0,4,0,4,1,0.406979047779193,0.406603721267254,1,0,0
16050053,n5-6dof,N5 6-DOF graph,owner-reconfiguration,Owner tuple reconfiguration,lease-fence-boundary,5,30403944897,30403944897,1062449,499552,177265338,NaN,NaN,NaN,NaN,NaN,3,3,1,1,5,0.9645,0,0,0,0,222,221,NaN,1,261,319,79,182,0,534,1.08614232209738,440,580,2320,2320,0,0,1929,28,4647,4647,0,0,54,44,0,10,0,10,1,0.403538554753086,0.402600238473238,1,0,0
16050053,n10-ring2,N10 ring2 graph,zero,Zero loss,native,10,112986601689,112986601689,1757145,3860092,504027300,NaN,NaN,NaN,NaN,NaN,3,3,1,1,10,0.98875,0,0,0,0,NaN,NaN,NaN,0,455,930,176,279,0,1409,0.982966643009226,930,1385,12465,12465,0,0,3955,11,10295,10295,0,0,24,22,0,2,0,2,1,0.455673309203604,0.293170526270722,1,0,0
16050053,n10-ring2,N10 ring2 graph,data-erasure-5,DATA erasure 5%,data-separation,10,112986601689,112986601689,2413015,3860092,504027300,NaN,NaN,NaN,NaN,NaN,3,3,1,1,10,0.98875,0,0,0,0,NaN,NaN,NaN,0,455,930,176,279,0,1409,0.982966643009226,930,1385,12465,12465,0,0,3955,11,10295,9775,520,0,24,21,1,2,0,2,1,0.455673309203604,0.293170526270722,1,0,0
16050053,n10-ring2,N10 ring2 graph,management-erasure-5,Management erasure 5%,control-loss,10,112986601689,112986601689,2081511,3850517,503593539,NaN,NaN,NaN,NaN,NaN,3,3,1,1,11,0.987,0,0,0,0,NaN,NaN,NaN,0,543,1013,182,361,0,1409,1.10432931156849,1184,1556,14004,13289,715,0,3948,12,10278,10278,0,0,27,25,0,2,0,2,1,0.460921974136838,0.298727936200029,1,0,0
16050053,n10-ring2,N10 ring2 graph,local-management,Local management reach,visibility-boundary,10,112986601689,112986601689,1746229,707819,382845946,NaN,NaN,NaN,NaN,NaN,3,3,0,1,NaN,0.19975,0,0,0,0,NaN,NaN,NaN,0,68,31,37,31,0,1409,0.0702625975869411,31,99,351,351,0,0,799,599,2798,2798,0,0,1313,1177,0,136,0,108,1,0.147271363126633,0.131010793333476,1,0,0
16050053,n10-ring2,N10 ring2 graph,directed-grant-blackout,Directed GRANT blackout,grant-loss-witness,10,112986601689,74327943890,1855086,4229544,501371854,1,2,421,0,0,3,3,0,1,NaN,0.889,0,0,0,0,NaN,NaN,NaN,0,806,1050,159,647,0,1409,1.31724627395316,1298,1856,16704,16305,399,0,3556,87,9497,9497,0,0,174,170,0,4,0,4,1,0.438589419420919,0.316532230973549,1,0,0
16050053,n10-ring2,N10 ring2 graph,state-loss,Local client state loss,rejoin-boundary,10,112986601689,112986601689,1757564,3860521,504021139,NaN,NaN,NaN,NaN,NaN,3,3,1,1,10,0.98825,0,0,0,0,NaN,NaN,2,0,455,915,175,280,0,1409,0.972320794889993,931,1370,12330,12330,0,0,3953,12,10291,10291,0,0,26,24,0,2,0,2,1,0.455055819211458,0.292758866275958,1,0,0
16050053,n10-ring2,N10 ring2 graph,owner-reconfiguration,Owner tuple reconfiguration,lease-fence-boundary,10,112986601689,112986601689,1757567,3863969,503321724,NaN,NaN,NaN,NaN,NaN,3,3,1,1,10,0.92975,0,0,0,0,222,221,NaN,5,619,1035,156,463,0,1409,1.17388218594748,1479,1654,14886,14886,0,0,3719,54,9717,9717,0,0,128,118,0,10,0,8,1,0.445038759338881,0.298899461197847,1,0,0
16050054,n5-6dof,N5 6-DOF graph,zero,Zero loss,native,5,30293716755,30293716755,1062327,491140,176806773,NaN,NaN,NaN,NaN,NaN,3,3,1,1,5,0.995,0,0,0,0,NaN,NaN,NaN,0,213,310,89,124,0,534,0.97940074906367,310,523,2092,2092,0,0,1990,2,4777,4777,0,0,3,1,0,2,0,2,1,0.406541166848598,0.406353503592628,1,0,0
16050054,n5-6dof,N5 6-DOF graph,data-erasure-5,DATA erasure 5%,data-separation,5,30293716755,30293716755,1718197,491140,176806773,NaN,NaN,NaN,NaN,NaN,3,3,1,1,5,0.995,0,0,0,0,NaN,NaN,NaN,0,213,310,89,124,0,534,0.97940074906367,310,523,2092,2092,0,0,1990,2,4777,4555,222,0,3,1,0,2,0,2,1,0.406541166848598,0.406353503592628,1,0,0
16050054,n5-6dof,N5 6-DOF graph,management-erasure-5,Management erasure 5%,control-loss,5,30293716755,30293716755,1386693,492689,176863856,NaN,NaN,NaN,NaN,NaN,3,3,1,1,5,0.9945,0,0,0,0,NaN,NaN,NaN,0,235,304,87,148,0,534,1.00936329588015,364,539,2156,2058,98,0,1989,2,4775,4775,0,0,3,1,0,2,0,2,1,0.407354374291132,0.407166711035163,1,0,0
16050054,n5-6dof,N5 6-DOF graph,local-management,Local management reach,visibility-boundary,5,30293716755,30293716755,1061873,574527,137611490,NaN,NaN,NaN,NaN,NaN,3,3,0,1,NaN,0.3995,0,0,0,0,NaN,NaN,NaN,0,68,31,37,31,0,534,0.185393258426966,31,99,249,249,0,0,799,418,1998,1998,0,0,872,788,0,84,0,84,1,0.234579069961877,0.221442642044012,1,0,0
16050054,n5-6dof,N5 6-DOF graph,directed-grant-blackout,Directed GRANT blackout,grant-loss-witness,5,30293716755,20617243508,1160268,986017,175440741,1,2,421,0,0,3,3,0,1,NaN,0.7955,0,0,0,0,NaN,NaN,NaN,0,564,585,72,492,0,534,2.15168539325843,678,1149,4596,4197,399,0,1591,164,3979,3979,0,0,327,325,0,2,0,2,1,0.401224041262795,0.401036378006826,1,0,0
16050054,n5-6dof,N5 6-DOF graph,state-loss,Local client state loss,rejoin-boundary,5,30293716755,30293716755,1062446,492141,176900190,NaN,NaN,NaN,NaN,NaN,3,3,1,1,5,0.994,0,0,0,0,NaN,NaN,2,0,213,314,87,126,0,534,0.98689138576779,314,527,2108,2108,0,0,1988,4,4773,4773,0,0,7,5,0,2,0,2,1,0.406791384523224,0.406603721267254,1,0,0
16050054,n5-6dof,N5 6-DOF graph,owner-reconfiguration,Owner tuple reconfiguration,lease-fence-boundary,5,30293716755,30293716755,1062449,499308,177265338,NaN,NaN,NaN,NaN,NaN,3,3,1,1,5,0.9645,0,0,0,0,222,221,NaN,1,261,319,79,182,0,534,1.08614232209738,440,580,2320,2320,0,0,1929,18,4647,4647,0,0,31,21,0,10,0,9,1,0.401661922193391,0.400535942657574,1,0,0
16050054,n10-ring2,N10 ring2 graph,zero,Zero loss,native,10,113363725200,113363725200,1757145,3860014,504027300,NaN,NaN,NaN,NaN,NaN,3,3,1,1,10,0.98875,0,0,0,0,NaN,NaN,NaN,0,455,930,176,279,0,1409,0.982966643009226,930,1385,12465,12465,0,0,3955,11,10295,10295,0,0,25,25,0,0,0,0,1,0.455673309203604,0.293273441269413,1,0,0
16050054,n10-ring2,N10 ring2 graph,data-erasure-5,DATA erasure 5%,data-separation,10,113363725200,113363725200,2413015,3860014,504027300,NaN,NaN,NaN,NaN,NaN,3,3,1,1,10,0.98875,0,0,0,0,NaN,NaN,NaN,0,455,930,176,279,0,1409,0.982966643009226,930,1385,12465,12465,0,0,3955,11,10295,9757,538,0,25,24,1,0,0,0,1,0.455673309203604,0.293273441269413,1,0,0
16050054,n10-ring2,N10 ring2 graph,management-erasure-5,Management erasure 5%,control-loss,10,113363725200,113363725200,2081511,3857505,503067927,NaN,NaN,NaN,NaN,NaN,3,3,1,1,23,0.9755,0,0,0,0,NaN,NaN,NaN,0,539,1012,178,361,0,1409,1.10078069552874,1156,1551,13959,13232,727,0,3902,19,10176,10176,0,0,44,44,0,0,0,0,1,0.456736764190076,0.297115601220538,1,0,0
16050054,n10-ring2,N10 ring2 graph,local-management,Local management reach,visibility-boundary,10,113363725200,113363725200,1746229,710327,382845946,NaN,NaN,NaN,NaN,NaN,3,3,0,1,NaN,0.19975,0,0,0,0,NaN,NaN,NaN,0,68,31,37,31,0,1409,0.0702625975869411,31,99,351,351,0,0,799,632,2798,2798,0,0,1395,1202,0,193,0,141,1,0.150667558083432,0.13142245332824,1,0,0
16050054,n10-ring2,N10 ring2 graph,directed-grant-blackout,Directed GRANT blackout,grant-loss-witness,10,113363725200,74567874043,1855086,4229166,501371854,1,2,421,0,0,3,3,0,1,NaN,0.889,0,0,0,0,NaN,NaN,NaN,0,806,1050,159,647,0,1409,1.31724627395316,1298,1856,16704,16305,399,0,3556,81,9497,9497,0,0,165,165,0,0,0,0,1,0.437971929428774,0.316326400976167,1,0,0
16050054,n10-ring2,N10 ring2 graph,state-loss,Local client state loss,rejoin-boundary,10,113363725200,113363725200,1757564,3860443,504021139,NaN,NaN,NaN,NaN,NaN,3,3,1,1,10,0.98825,0,0,0,0,NaN,NaN,2,0,455,915,175,280,0,1409,0.972320794889993,931,1370,12330,12330,0,0,3953,12,10291,10291,0,0,27,27,0,0,0,0,1,0.455055819211458,0.292861781274649,1,0,0
16050054,n10-ring2,N10 ring2 graph,owner-reconfiguration,Owner tuple reconfiguration,lease-fence-boundary,10,113363725200,113363725200,1757567,3864224,503321724,NaN,NaN,NaN,NaN,NaN,3,3,1,1,10,0.92975,0,0,0,0,222,221,NaN,5,619,1035,156,463,0,1409,1.17388218594748,1479,1654,14886,14886,0,0,3719,63,9717,9717,0,0,146,138,0,8,0,6,1,0.445964994327098,0.299928611184755,1,0,0
16050055,n5-6dof,N5 6-DOF graph,zero,Zero loss,native,5,30342527932,30342527932,1062327,491114,176806773,NaN,NaN,NaN,NaN,NaN,3,3,1,1,5,0.995,0,0,0,0,NaN,NaN,NaN,0,213,310,89,124,0,534,0.97940074906367,310,523,2092,2092,0,0,1990,3,4777,4777,0,0,7,7,0,0,0,0,1,0.406728830104567,0.406728830104567,1,0,0
16050055,n5-6dof,N5 6-DOF graph,data-erasure-5,DATA erasure 5%,data-separation,5,30342527932,30342527932,1718197,491114,176806773,NaN,NaN,NaN,NaN,NaN,3,3,1,1,5,0.995,0,0,0,0,NaN,NaN,NaN,0,213,310,89,124,0,534,0.97940074906367,310,523,2092,2092,0,0,1990,3,4777,4513,264,0,7,7,0,0,0,0,1,0.406728830104567,0.406728830104567,1,0,0
16050055,n5-6dof,N5 6-DOF graph,management-erasure-5,Management erasure 5%,control-loss,5,30342527932,30342527932,1386693,495829,177095865,NaN,NaN,NaN,NaN,NaN,3,3,1,1,5,0.995,0,0,0,0,NaN,NaN,NaN,0,237,350,87,150,0,534,1.09925093632959,369,587,2348,2234,114,0,1990,3,4777,4777,0,0,7,7,0,0,0,0,1,0.410732312898583,0.410732312898583,1,0,0
16050055,n5-6dof,N5 6-DOF graph,local-management,Local management reach,visibility-boundary,5,30342527932,30342527932,1061873,576093,137611490,NaN,NaN,NaN,NaN,NaN,3,3,0,1,NaN,0.3995,0,0,0,0,NaN,NaN,NaN,0,68,31,37,31,0,534,0.185393258426966,31,99,249,249,0,0,799,463,1998,1998,0,0,986,878,0,108,0,108,1,0.243023916480505,0.228949172282792,1,0,0
16050055,n5-6dof,N5 6-DOF graph,directed-grant-blackout,Directed GRANT blackout,grant-loss-witness,5,30342527932,20645066000,1160268,985573,175440741,1,2,421,0,0,3,3,0,1,NaN,0.7955,0,0,0,0,NaN,NaN,NaN,0,564,585,72,492,0,534,2.15168539325843,678,1149,4596,4197,399,0,1591,146,3979,3979,0,0,293,293,0,0,0,0,1,0.397846102655344,0.397846102655344,1,0,0
16050055,n5-6dof,N5 6-DOF graph,state-loss,Local client state loss,rejoin-boundary,5,30342527932,30342527932,1062446,492093,176900190,NaN,NaN,NaN,NaN,NaN,3,3,1,1,5,0.994,0,0,0,0,NaN,NaN,2,0,213,314,87,126,0,534,0.98689138576779,314,527,2108,2108,0,0,1988,4,4773,4773,0,0,9,9,0,0,0,0,1,0.406791384523224,0.406791384523224,1,0,0
16050055,n5-6dof,N5 6-DOF graph,owner-reconfiguration,Owner tuple reconfiguration,lease-fence-boundary,5,30342527932,30342527932,1062449,499206,177265338,NaN,NaN,NaN,NaN,NaN,3,3,1,1,5,0.9645,0,0,0,0,222,221,NaN,1,261,319,79,182,0,534,1.08614232209738,440,580,2320,2320,0,0,1929,21,4647,4647,0,0,46,44,0,2,0,2,1,0.402224911961299,0.40203724870533,1,0,0
16050055,n10-ring2,N10 ring2 graph,zero,Zero loss,native,10,113247837441,113247837441,1757145,3859977,504027300,NaN,NaN,NaN,NaN,NaN,3,3,1,1,10,0.98875,0,0,0,0,NaN,NaN,NaN,0,455,930,176,279,0,1409,0.982966643009226,930,1385,12465,12465,0,0,3955,10,10295,10295,0,0,21,21,0,0,0,0,1,0.455570394204913,0.293067611272031,1,0,0
16050055,n10-ring2,N10 ring2 graph,data-erasure-5,DATA erasure 5%,data-separation,10,113247837441,113247837441,2413015,3859977,504027300,NaN,NaN,NaN,NaN,NaN,3,3,1,1,10,0.98875,0,0,0,0,NaN,NaN,NaN,0,455,930,176,279,0,1409,0.982966643009226,930,1385,12465,12465,0,0,3955,10,10295,9763,532,0,21,21,0,0,0,0,1,0.455570394204913,0.293067611272031,1,0,0
16050055,n10-ring2,N10 ring2 graph,management-erasure-5,Management erasure 5%,control-loss,10,113247837441,113247837441,2081511,3833429,502604551,NaN,NaN,NaN,NaN,NaN,3,3,1,1,26,0.97225,0,0,0,0,NaN,NaN,NaN,0,517,997,165,352,0,1409,1.07452093683463,1143,1514,13626,12936,690,0,3889,21,10145,10145,0,0,46,44,0,2,0,2,1,0.454335414220622,0.295022996247157,1,0,0
16050055,n10-ring2,N10 ring2 graph,local-management,Local management reach,visibility-boundary,10,113247837441,113247837441,1746229,705771,382845946,NaN,NaN,NaN,NaN,NaN,3,3,0,1,NaN,0.19975,0,0,0,0,NaN,NaN,NaN,0,68,31,37,31,0,1409,0.0702625975869411,31,99,351,351,0,0,799,570,2798,2798,0,0,1248,1138,0,110,0,83,1,0.144286828164598,0.129569983351804,1,0,0
16050055,n10-ring2,N10 ring2 graph,directed-grant-blackout,Directed GRANT blackout,grant-loss-witness,10,113247837441,74504856218,1855086,4229614,501371854,1,2,421,0,0,3,3,0,1,NaN,0.889,0,0,0,0,NaN,NaN,NaN,0,806,1050,159,647,0,1409,1.31724627395316,1298,1856,16704,16305,399,0,3556,91,9497,9497,0,0,183,181,0,2,0,2,1,0.439001079415683,0.317046805967003,1,0,0
16050055,n10-ring2,N10 ring2 graph,state-loss,Local client state loss,rejoin-boundary,10,113247837441,113247837441,1757564,3860406,504021139,NaN,NaN,NaN,NaN,NaN,3,3,1,1,10,0.98825,0,0,0,0,NaN,NaN,2,0,455,915,175,280,0,1409,0.972320794889993,931,1370,12330,12330,0,0,3953,11,10291,10291,0,0,23,23,0,0,0,0,1,0.454952904212768,0.292655951277267,1,0,0
16050055,n10-ring2,N10 ring2 graph,owner-reconfiguration,Owner tuple reconfiguration,lease-fence-boundary,10,113247837441,113247837441,1757567,3863587,503321724,NaN,NaN,NaN,NaN,NaN,3,3,1,1,10,0.92975,0,0,0,0,222,221,NaN,5,619,1035,156,463,0,1409,1.17388218594748,1479,1654,14886,14886,0,0,3719,50,9717,9717,0,0,123,119,0,4,0,2,1,0.444627099344117,0.298796546199156,1,0,0
16050056,n5-6dof,N5 6-DOF graph,zero,Zero loss,native,5,30499454127,30499454127,1062327,491114,176806773,NaN,NaN,NaN,NaN,NaN,3,3,1,1,5,0.995,0,0,0,0,NaN,NaN,NaN,0,213,310,89,124,0,534,0.97940074906367,310,523,2092,2092,0,0,1990,3,4777,4777,0,0,7,7,0,0,0,0,1,0.406728830104567,0.406728830104567,1,0,0
16050056,n5-6dof,N5 6-DOF graph,data-erasure-5,DATA erasure 5%,data-separation,5,30499454127,30499454127,1718197,491114,176806773,NaN,NaN,NaN,NaN,NaN,3,3,1,1,5,0.995,0,0,0,0,NaN,NaN,NaN,0,213,310,89,124,0,534,0.97940074906367,310,523,2092,2092,0,0,1990,3,4777,4541,236,0,7,7,0,0,0,0,1,0.406728830104567,0.406728830104567,1,0,0
16050056,n5-6dof,N5 6-DOF graph,management-erasure-5,Management erasure 5%,control-loss,5,30499454127,30499454127,1386693,490572,175235581,NaN,NaN,NaN,NaN,NaN,3,3,1,1,25,0.9655,0,0,0,0,NaN,NaN,NaN,0,225,298,83,142,0,534,0.97940074906367,345,523,2092,1986,106,0,1931,26,4640,4640,0,0,54,46,0,8,0,8,1,0.399972952889665,0.399034636609818,1,0,0
16050056,n5-6dof,N5 6-DOF graph,local-management,Local management reach,visibility-boundary,5,30499454127,30499454127,1061873,574605,137611490,NaN,NaN,NaN,NaN,NaN,3,3,0,1,NaN,0.3995,0,0,0,0,NaN,NaN,NaN,0,68,31,37,31,0,534,0.185393258426966,31,99,249,249,0,0,799,415,1998,1998,0,0,862,772,0,90,0,90,1,0.234016080193969,0.221254978788043,1,0,0
16050056,n5-6dof,N5 6-DOF graph,directed-grant-blackout,Directed GRANT blackout,grant-loss-witness,5,30499454127,20773630673,1160268,985397,175440741,1,2,421,0,0,3,3,0,1,NaN,0.7955,0,0,0,0,NaN,NaN,NaN,0,564,585,72,492,0,534,2.15168539325843,678,1149,4596,4197,399,0,1591,138,3979,3979,0,0,277,277,0,0,0,0,1,0.396344796607588,0.396344796607588,1,0,0
16050056,n5-6dof,N5 6-DOF graph,state-loss,Local client state loss,rejoin-boundary,5,30499454127,30499454127,1062446,492093,176900190,NaN,NaN,NaN,NaN,NaN,3,3,1,1,5,0.994,0,0,0,0,NaN,NaN,2,0,213,314,87,126,0,534,0.98689138576779,314,527,2108,2108,0,0,1988,4,4773,4773,0,0,9,9,0,0,0,0,1,0.406791384523224,0.406791384523224,1,0,0
16050056,n5-6dof,N5 6-DOF graph,owner-reconfiguration,Owner tuple reconfiguration,lease-fence-boundary,5,30499454127,30499454127,1062449,499324,177265338,NaN,NaN,NaN,NaN,NaN,3,3,1,1,5,0.9645,0,0,0,0,222,221,NaN,1,261,319,79,182,0,534,1.08614232209738,440,580,2320,2320,0,0,1929,22,4647,4647,0,0,41,35,0,6,0,6,1,0.402412575217269,0.401661922193391,1,0,0
16050056,n10-ring2,N10 ring2 graph,zero,Zero loss,native,10,113286045668,113286045668,1757145,3859903,504027300,NaN,NaN,NaN,NaN,NaN,3,3,1,1,10,0.98875,0,0,0,0,NaN,NaN,NaN,0,455,930,176,279,0,1409,0.982966643009226,930,1385,12465,12465,0,0,3955,8,10295,10295,0,0,17,17,0,0,0,0,1,0.455364564207531,0.292758866275958,1,0,0
16050056,n10-ring2,N10 ring2 graph,data-erasure-5,DATA erasure 5%,data-separation,10,113286045668,113286045668,2413015,3859903,504027300,NaN,NaN,NaN,NaN,NaN,3,3,1,1,10,0.98875,0,0,0,0,NaN,NaN,NaN,0,455,930,176,279,0,1409,0.982966643009226,930,1385,12465,12465,0,0,3955,8,10295,9747,548,0,17,17,0,0,0,0,1,0.455364564207531,0.292758866275958,1,0,0
16050056,n10-ring2,N10 ring2 graph,management-erasure-5,Management erasure 5%,control-loss,10,113286045668,113286045668,2081511,3834297,503252877,NaN,NaN,NaN,NaN,NaN,3,3,1,1,22,0.98525,0,0,0,0,NaN,NaN,NaN,0,526,911,170,356,0,1409,1.01987224982257,1144,1437,12933,12281,652,0,3941,13,10265,10265,0,0,27,27,0,0,0,0,1,0.456222189196622,0.29371940626374,1,0,0
16050056,n10-ring2,N10 ring2 graph,local-management,Local management reach,visibility-boundary,10,113286045668,113286045668,1746229,708643,382845946,NaN,NaN,NaN,NaN,NaN,3,3,0,1,NaN,0.19975,0,0,0,0,NaN,NaN,NaN,0,68,31,37,31,0,1409,0.0702625975869411,31,99,351,351,0,0,799,616,2798,2798,0,0,1356,1195,0,161,0,113,1,0.149020918104378,0.131937028321694,1,0,0
16050056,n10-ring2,N10 ring2 graph,directed-grant-blackout,Directed GRANT blackout,grant-loss-witness,10,113286045668,74449307427,1855086,4229536,501371854,1,2,421,0,0,3,3,0,1,NaN,0.889,0,0,0,0,NaN,NaN,NaN,0,806,1050,159,647,0,1409,1.31724627395316,1298,1856,16704,16305,399,0,3556,91,9497,9497,0,0,183,183,0,0,0,0,1,0.439001079415683,0.317149720965694,1,0,0
16050056,n10-ring2,N10 ring2 graph,state-loss,Local client state loss,rejoin-boundary,10,113286045668,113286045668,1757564,3860332,504021139,NaN,NaN,NaN,NaN,NaN,3,3,1,1,10,0.98825,0,0,0,0,NaN,NaN,2,0,455,915,175,280,0,1409,0.972320794889993,931,1370,12330,12330,0,0,3953,9,10291,10291,0,0,19,19,0,0,0,0,1,0.454747074215386,0.292347206281195,1,0,0
16050056,n10-ring2,N10 ring2 graph,owner-reconfiguration,Owner tuple reconfiguration,lease-fence-boundary,10,113286045668,113286045668,1757567,3863850,503321724,NaN,NaN,NaN,NaN,NaN,3,3,1,1,10,0.92975,0,0,0,0,222,221,NaN,5,619,1035,156,463,0,1409,1.17388218594748,1479,1654,14886,14886,0,0,3719,55,9717,9717,0,0,124,118,0,6,0,4,1,0.445141674337571,0.298796546199156,1,0,0
16050057,n5-6dof,N5 6-DOF graph,zero,Zero loss,native,5,30408399889,30408399889,1062327,491136,176806773,NaN,NaN,NaN,NaN,NaN,3,3,1,1,5,0.995,0,0,0,0,NaN,NaN,NaN,0,213,310,89,124,0,534,0.97940074906367,310,523,2092,2092,0,0,1990,4,4777,4777,0,0,7,7,0,0,0,0,1,0.406916493360537,0.406728830104567,1,0,0
16050057,n5-6dof,N5 6-DOF graph,data-erasure-5,DATA erasure 5%,data-separation,5,30408399889,30408399889,1718197,491136,176806773,NaN,NaN,NaN,NaN,NaN,3,3,1,1,5,0.995,0,0,0,0,NaN,NaN,NaN,0,213,310,89,124,0,534,0.97940074906367,310,523,2092,2092,0,0,1990,4,4777,4555,222,0,7,6,1,0,0,0,1,0.406916493360537,0.406728830104567,1,0,0
16050057,n5-6dof,N5 6-DOF graph,management-erasure-5,Management erasure 5%,control-loss,5,30408399889,30408399889,1386693,495833,176905495,NaN,NaN,NaN,NaN,NaN,3,3,1,1,6,0.9945,0,0,0,0,NaN,NaN,NaN,0,246,390,89,157,0,534,1.19101123595506,391,636,2544,2417,127,0,1989,5,4775,4775,0,0,9,9,0,0,0,0,1,0.413985142668721,0.413797479412752,1,0,0
16050057,n5-6dof,N5 6-DOF graph,local-management,Local management reach,visibility-boundary,5,30408399889,30408399889,1061873,574619,137611490,NaN,NaN,NaN,NaN,NaN,3,3,0,1,NaN,0.3995,0,0,0,0,NaN,NaN,NaN,0,68,31,37,31,0,534,0.185393258426966,31,99,249,249,0,0,799,420,1998,1998,0,0,876,790,0,86,0,86,1,0.234954396473816,0.221254978788043,1,0,0
16050057,n5-6dof,N5 6-DOF graph,directed-grant-blackout,Directed GRANT blackout,grant-loss-witness,5,30408399889,20715703067,1160268,985639,175440741,1,2,421,0,0,3,3,0,1,NaN,0.7955,0,0,0,0,NaN,NaN,NaN,0,564,585,72,492,0,534,2.15168539325843,678,1149,4596,4197,399,0,1591,149,3979,3979,0,0,297,297,0,0,0,0,1,0.398409092423253,0.398221429167283,1,0,0
16050057,n5-6dof,N5 6-DOF graph,state-loss,Local client state loss,rejoin-boundary,5,30408399889,30408399889,1062446,492093,176900190,NaN,NaN,NaN,NaN,NaN,3,3,1,1,5,0.994,0,0,0,0,NaN,NaN,2,0,213,314,87,126,0,534,0.98689138576779,314,527,2108,2108,0,0,1988,4,4773,4773,0,0,7,7,0,0,0,0,1,0.406791384523224,0.406603721267254,1,0,0
16050057,n5-6dof,N5 6-DOF graph,owner-reconfiguration,Owner tuple reconfiguration,lease-fence-boundary,5,30408399889,30408399889,1062449,499294,177265338,NaN,NaN,NaN,NaN,NaN,3,3,1,1,5,0.9645,0,0,0,0,222,221,NaN,1,261,319,79,182,0,534,1.08614232209738,440,580,2320,2320,0,0,1929,25,4647,4647,0,0,50,48,0,2,0,2,1,0.402975564985177,0.402412575217269,1,0,0
16050057,n10-ring2,N10 ring2 graph,zero,Zero loss,native,10,113385149442,113385149442,1757145,3859907,504027300,NaN,NaN,NaN,NaN,NaN,3,3,1,1,10,0.98875,0,0,0,0,NaN,NaN,NaN,0,455,930,176,279,0,1409,0.982966643009226,930,1385,12465,12465,0,0,3955,6,10295,10295,0,0,10,8,0,2,0,2,1,0.455158734210149,0.292655951277267,1,0,0
16050057,n10-ring2,N10 ring2 graph,data-erasure-5,DATA erasure 5%,data-separation,10,113385149442,113385149442,2413015,3859907,504027300,NaN,NaN,NaN,NaN,NaN,3,3,1,1,10,0.98875,0,0,0,0,NaN,NaN,NaN,0,455,930,176,279,0,1409,0.982966643009226,930,1385,12465,12465,0,0,3955,6,10295,9769,526,0,10,8,0,2,0,2,1,0.455158734210149,0.292655951277267,1,0,0
16050057,n10-ring2,N10 ring2 graph,management-erasure-5,Management erasure 5%,control-loss,10,113385149442,113385149442,2081511,3852313,503701582,NaN,NaN,NaN,NaN,NaN,3,3,1,1,10,0.98825,0,0,0,0,NaN,NaN,NaN,0,518,999,163,355,0,1409,1.07665010645848,1184,1517,13653,12986,667,0,3953,7,10291,10291,0,0,12,10,0,2,0,2,1,0.459584079153857,0.297184211219666,1,0,0
16050057,n10-ring2,N10 ring2 graph,local-management,Local management reach,visibility-boundary,10,113385149442,113385149442,1746229,706064,382845946,NaN,NaN,NaN,NaN,NaN,3,3,0,1,NaN,0.19975,0,0,0,0,NaN,NaN,NaN,0,68,31,37,31,0,1409,0.0702625975869411,31,99,351,351,0,0,799,560,2798,2798,0,0,1218,1086,0,132,0,100,1,0.143257678177689,0.128026258371441,1,0,0
16050057,n10-ring2,N10 ring2 graph,directed-grant-blackout,Directed GRANT blackout,grant-loss-witness,10,113385149442,74535904506,1855086,4229725,501371854,1,2,421,0,0,3,3,0,1,NaN,0.889,0,0,0,0,NaN,NaN,NaN,0,806,1050,159,647,0,1409,1.31724627395316,1298,1856,16704,16305,399,0,3556,94,9497,9497,0,0,186,184,0,2,0,2,1,0.439309824411756,0.317561380960458,1,0,0
16050057,n10-ring2,N10 ring2 graph,state-loss,Local client state loss,rejoin-boundary,10,113385149442,113385149442,1757564,3860336,504021139,NaN,NaN,NaN,NaN,NaN,3,3,1,1,10,0.98825,0,0,0,0,NaN,NaN,2,0,455,915,175,280,0,1409,0.972320794889993,931,1370,12330,12330,0,0,3953,7,10291,10291,0,0,12,10,0,2,0,2,1,0.454541244218004,0.292244291282504,1,0,0
16050057,n10-ring2,N10 ring2 graph,owner-reconfiguration,Owner tuple reconfiguration,lease-fence-boundary,10,113385149442,113385149442,1757567,3863743,503321724,NaN,NaN,NaN,NaN,NaN,3,3,1,1,10,0.92975,0,0,0,0,222,221,NaN,5,619,1035,156,463,0,1409,1.17388218594748,1479,1654,14886,14886,0,0,3719,50,9717,9717,0,0,110,104,0,6,0,6,1,0.444627099344117,0.298281971205702,1,0,0
16050058,n5-6dof,N5 6-DOF graph,zero,Zero loss,native,5,30519537657,30519537657,1062327,491228,176806773,NaN,NaN,NaN,NaN,NaN,3,3,1,1,5,0.995,0,0,0,0,NaN,NaN,NaN,0,213,310,89,124,0,534,0.97940074906367,310,523,2092,2092,0,0,1990,6,4777,4777,0,0,12,10,0,2,0,2,1,0.407291819872476,0.406916493360537,1,0,0
16050058,n5-6dof,N5 6-DOF graph,data-erasure-5,DATA erasure 5%,data-separation,5,30519537657,30519537657,1718197,491228,176806773,NaN,NaN,NaN,NaN,NaN,3,3,1,1,5,0.995,0,0,0,0,NaN,NaN,NaN,0,213,310,89,124,0,534,0.97940074906367,310,523,2092,2092,0,0,1990,6,4777,4550,227,0,12,10,0,2,0,2,1,0.407291819872476,0.406916493360537,1,0,0
16050058,n5-6dof,N5 6-DOF graph,management-erasure-5,Management erasure 5%,control-loss,5,30519537657,30519537657,1386693,492610,176177907,NaN,NaN,NaN,NaN,NaN,3,3,1,1,22,0.986,0,0,0,0,NaN,NaN,NaN,0,241,320,89,152,0,534,1.05056179775281,370,561,2244,2131,113,0,1972,15,4741,4741,0,0,30,28,0,2,0,2,1,0.407979918477697,0.407604591965758,1,0,0
16050058,n5-6dof,N5 6-DOF graph,local-management,Local management reach,visibility-boundary,5,30519537657,30519537657,1061873,574101,137611490,NaN,NaN,NaN,NaN,NaN,3,3,0,1,NaN,0.3995,0,0,0,0,NaN,NaN,NaN,0,68,31,37,31,0,534,0.185393258426966,31,99,249,249,0,0,799,403,1998,1998,0,0,843,763,0,80,0,80,1,0.231764121122335,0.219941335996256,1,0,0
16050058,n5-6dof,N5 6-DOF graph,directed-grant-blackout,Directed GRANT blackout,grant-loss-witness,5,30519537657,20824062437,1160268,985599,175440741,1,2,421,0,0,3,3,0,1,NaN,0.7955,0,0,0,0,NaN,NaN,NaN,0,564,585,72,492,0,534,2.15168539325843,678,1149,4596,4197,399,0,1591,145,3979,3979,0,0,290,288,0,2,0,2,1,0.397658439399375,0.397283112887436,1,0,0
16050058,n5-6dof,N5 6-DOF graph,state-loss,Local client state loss,rejoin-boundary,5,30519537657,30519537657,1062446,492207,176900190,NaN,NaN,NaN,NaN,NaN,3,3,1,1,5,0.994,0,0,0,0,NaN,NaN,2,0,213,314,87,126,0,534,0.98689138576779,314,527,2108,2108,0,0,1988,7,4773,4773,0,0,14,12,0,2,0,2,1,0.407354374291132,0.406979047779193,1,0,0
16050058,n5-6dof,N5 6-DOF graph,owner-reconfiguration,Owner tuple reconfiguration,lease-fence-boundary,5,30519537657,30519537657,1062449,499460,177265338,NaN,NaN,NaN,NaN,NaN,3,3,1,1,5,0.9645,0,0,0,0,222,221,NaN,1,261,319,79,182,0,534,1.08614232209738,440,580,2320,2320,0,0,1929,26,4647,4647,0,0,53,43,0,10,0,8,1,0.403163228241147,0.402224911961299,1,0,0
16050058,n10-ring2,N10 ring2 graph,zero,Zero loss,native,10,113291678575,113291678575,1757145,3859981,504027300,NaN,NaN,NaN,NaN,NaN,3,3,1,1,10,0.98875,0,0,0,0,NaN,NaN,NaN,0,455,930,176,279,0,1409,0.982966643009226,930,1385,12465,12465,0,0,3955,8,10295,10295,0,0,20,16,0,4,0,2,1,0.455364564207531,0.292861781274649,1,0,0
16050058,n10-ring2,N10 ring2 graph,data-erasure-5,DATA erasure 5%,data-separation,10,113291678575,113291678575,2413015,3859981,504027300,NaN,NaN,NaN,NaN,NaN,3,3,1,1,10,0.98875,0,0,0,0,NaN,NaN,NaN,0,455,930,176,279,0,1409,0.982966643009226,930,1385,12465,12465,0,0,3955,8,10295,9798,497,0,20,16,0,4,0,2,1,0.455364564207531,0.292861781274649,1,0,0
16050058,n10-ring2,N10 ring2 graph,management-erasure-5,Management erasure 5%,control-loss,10,113291678575,113291678575,2081511,3855132,503761021,NaN,NaN,NaN,NaN,NaN,3,3,1,1,11,0.98775,0,0,0,0,NaN,NaN,NaN,0,541,921,180,361,0,1409,1.03761533002129,1198,1462,13158,12532,626,0,3951,8,10284,10284,0,0,20,16,0,4,0,2,1,0.457594389179167,0.295297436243666,1,0,0
16050058,n10-ring2,N10 ring2 graph,local-management,Local management reach,visibility-boundary,10,113291678575,113291678575,1746229,705776,382845946,NaN,NaN,NaN,NaN,NaN,3,3,0,1,NaN,0.19975,0,0,0,0,NaN,NaN,NaN,0,68,31,37,31,0,1409,0.0702625975869411,31,99,351,351,0,0,799,548,2798,2798,0,0,1211,1074,0,137,0,104,1,0.142022698193399,0.126585448389769,1,0,0
16050058,n10-ring2,N10 ring2 graph,directed-grant-blackout,Directed GRANT blackout,grant-loss-witness,10,113291678575,74467280422,1855086,4229400,501371854,1,2,421,0,0,3,3,0,1,NaN,0.889,0,0,0,0,NaN,NaN,NaN,0,806,1050,159,647,0,1409,1.31724627395316,1298,1856,16704,16305,399,0,3556,81,9497,9497,0,0,166,158,0,8,0,6,1,0.437971929428774,0.316017655980095,1,0,0
16050058,n10-ring2,N10 ring2 graph,state-loss,Local client state loss,rejoin-boundary,10,113291678575,113291678575,1757564,3860410,504021139,NaN,NaN,NaN,NaN,NaN,3,3,1,1,10,0.98825,0,0,0,0,NaN,NaN,2,0,455,915,175,280,0,1409,0.972320794889993,931,1370,12330,12330,0,0,3953,9,10291,10291,0,0,22,18,0,4,0,2,1,0.454747074215386,0.292450121279886,1,0,0
16050058,n10-ring2,N10 ring2 graph,owner-reconfiguration,Owner tuple reconfiguration,lease-fence-boundary,10,113291678575,113291678575,1757567,3864199,503321724,NaN,NaN,NaN,NaN,NaN,3,3,1,1,10,0.92975,0,0,0,0,222,221,NaN,5,619,1035,156,463,0,1409,1.17388218594748,1479,1654,14886,14886,0,0,3719,56,9717,9717,0,0,143,123,0,20,0,12,1,0.445244589336262,0.299002376196538,1,0,0
16050059,n5-6dof,N5 6-DOF graph,zero,Zero loss,native,5,30543830051,30543830051,1062327,491114,176806773,NaN,NaN,NaN,NaN,NaN,3,3,1,1,5,0.995,0,0,0,0,NaN,NaN,NaN,0,213,310,89,124,0,534,0.97940074906367,310,523,2092,2092,0,0,1990,3,4777,4777,0,0,8,8,0,0,0,0,1,0.406728830104567,0.406728830104567,1,0,0
16050059,n5-6dof,N5 6-DOF graph,data-erasure-5,DATA erasure 5%,data-separation,5,30543830051,30543830051,1718197,491114,176806773,NaN,NaN,NaN,NaN,NaN,3,3,1,1,5,0.995,0,0,0,0,NaN,NaN,NaN,0,213,310,89,124,0,534,0.97940074906367,310,523,2092,2092,0,0,1990,3,4777,4555,222,0,8,8,0,0,0,0,1,0.406728830104567,0.406728830104567,1,0,0
16050059,n5-6dof,N5 6-DOF graph,management-erasure-5,Management erasure 5%,control-loss,5,30543830051,30543830051,1386693,493229,176688769,NaN,NaN,NaN,NaN,NaN,3,3,1,1,5,0.9945,0,0,0,0,NaN,NaN,NaN,0,241,374,87,154,0,534,1.15168539325843,383,615,2460,2336,124,0,1989,3,4774,4774,0,0,8,8,0,0,0,0,1,0.412296173364996,0.412296173364996,1,0,0
16050059,n5-6dof,N5 6-DOF graph,local-management,Local management reach,visibility-boundary,5,30543830051,30543830051,1061873,574871,137611490,NaN,NaN,NaN,NaN,NaN,3,3,0,1,NaN,0.3995,0,0,0,0,NaN,NaN,NaN,0,68,31,37,31,0,534,0.185393258426966,31,99,249,249,0,0,799,414,1998,1998,0,0,879,777,0,102,0,102,1,0.233828416937999,0.220504325764165,1,0,0
16050059,n5-6dof,N5 6-DOF graph,directed-grant-blackout,Directed GRANT blackout,grant-loss-witness,5,30543830051,20825695796,1160268,985467,175440741,1,2,421,0,0,3,3,0,1,NaN,0.7955,0,0,0,0,NaN,NaN,NaN,0,564,585,72,492,0,534,2.15168539325843,678,1149,4596,4197,399,0,1591,139,3979,3979,0,0,280,276,0,4,0,2,1,0.396532459863558,0.396344796607588,1,0,0
16050059,n5-6dof,N5 6-DOF graph,state-loss,Local client state loss,rejoin-boundary,5,30543830051,30543830051,1062446,492071,176900190,NaN,NaN,NaN,NaN,NaN,3,3,1,1,5,0.994,0,0,0,0,NaN,NaN,2,0,213,314,87,126,0,534,0.98689138576779,314,527,2108,2108,0,0,1988,3,4773,4773,0,0,8,8,0,0,0,0,1,0.406603721267254,0.406603721267254,1,0,0
16050059,n5-6dof,N5 6-DOF graph,owner-reconfiguration,Owner tuple reconfiguration,lease-fence-boundary,5,30543830051,30543830051,1062449,499206,177265338,NaN,NaN,NaN,NaN,NaN,3,3,1,1,5,0.9645,0,0,0,0,222,221,NaN,1,261,319,79,182,0,534,1.08614232209738,440,580,2320,2320,0,0,1929,21,4647,4647,0,0,43,41,0,2,0,2,1,0.402224911961299,0.40203724870533,1,0,0
16050059,n10-ring2,N10 ring2 graph,zero,Zero loss,native,10,113110263510,113110263510,1757145,3860096,504027300,NaN,NaN,NaN,NaN,NaN,3,3,1,1,10,0.98875,0,0,0,0,NaN,NaN,NaN,0,455,930,176,279,0,1409,0.982966643009226,930,1385,12465,12465,0,0,3955,9,10295,10295,0,0,21,15,0,6,0,4,1,0.455467479206222,0.29296469627334,1,0,0
16050059,n10-ring2,N10 ring2 graph,data-erasure-5,DATA erasure 5%,data-separation,10,113110263510,113110263510,2413015,3860096,504027300,NaN,NaN,NaN,NaN,NaN,3,3,1,1,10,0.98875,0,0,0,0,NaN,NaN,NaN,0,455,930,176,279,0,1409,0.982966643009226,930,1385,12465,12465,0,0,3955,9,10295,9737,558,0,21,15,0,6,0,4,1,0.455467479206222,0.29296469627334,1,0,0
16050059,n10-ring2,N10 ring2 graph,management-erasure-5,Management erasure 5%,control-loss,10,113110263510,113110263510,2081511,3864998,502103417,NaN,NaN,NaN,NaN,NaN,3,3,1,1,41,0.95775,0,0,0,0,NaN,NaN,NaN,0,515,942,164,351,0,1409,1.03406671398155,1129,1457,13113,12458,655,0,3831,25,10014,10014,0,0,54,48,0,6,0,4,1,0.446822619316189,0.291935546286431,1,0,0
16050059,n10-ring2,N10 ring2 graph,local-management,Local management reach,visibility-boundary,10,113110263510,113110263510,1746229,710021,382845946,NaN,NaN,NaN,NaN,NaN,3,3,0,1,NaN,0.19975,0,0,0,0,NaN,NaN,NaN,0,68,31,37,31,0,1409,0.0702625975869411,31,99,351,351,0,0,799,629,2798,2798,0,0,1390,1214,0,176,0,136,1,0.150358813087359,0.13152536832693,1,0,0
16050059,n10-ring2,N10 ring2 graph,directed-grant-blackout,Directed GRANT blackout,grant-loss-witness,10,113110263510,74468339873,1855086,4229618,501371854,1,2,421,0,0,3,3,0,1,NaN,0.889,0,0,0,0,NaN,NaN,NaN,0,806,1050,159,647,0,1409,1.31724627395316,1298,1856,16704,16305,399,0,3556,89,9497,9497,0,0,181,175,0,6,0,4,1,0.438795249418301,0.317046805967003,1,0,0
16050059,n10-ring2,N10 ring2 graph,state-loss,Local client state loss,rejoin-boundary,10,113110263510,113110263510,1757564,3860525,504021139,NaN,NaN,NaN,NaN,NaN,3,3,1,1,10,0.98825,0,0,0,0,NaN,NaN,2,0,455,915,175,280,0,1409,0.972320794889993,931,1370,12330,12330,0,0,3953,10,10291,10291,0,0,23,17,0,6,0,4,1,0.454849989214077,0.292553036278577,1,0,0
16050059,n10-ring2,N10 ring2 graph,owner-reconfiguration,Owner tuple reconfiguration,lease-fence-boundary,10,113110263510,113110263510,1757567,3864154,503321724,NaN,NaN,NaN,NaN,NaN,3,3,1,1,10,0.92975,0,0,0,0,222,221,NaN,5,619,1035,156,463,0,1409,1.17388218594748,1479,1654,14886,14886,0,0,3719,59,9717,9717,0,0,139,129,0,10,0,8,1,0.445553334332335,0.29931112119261,1,0,0
16050060,n5-6dof,N5 6-DOF graph,zero,Zero loss,native,5,30333304877,30333304877,1062327,491092,176806773,NaN,NaN,NaN,NaN,NaN,3,3,1,1,5,0.995,0,0,0,0,NaN,NaN,NaN,0,213,310,89,124,0,534,0.97940074906367,310,523,2092,2092,0,0,1990,2,4777,4777,0,0,6,6,0,0,0,0,1,0.406541166848598,0.406541166848598,1,0,0
16050060,n5-6dof,N5 6-DOF graph,data-erasure-5,DATA erasure 5%,data-separation,5,30333304877,30333304877,1718197,491092,176806773,NaN,NaN,NaN,NaN,NaN,3,3,1,1,5,0.995,0,0,0,0,NaN,NaN,NaN,0,213,310,89,124,0,534,0.97940074906367,310,523,2092,2092,0,0,1990,2,4777,4554,223,0,6,6,0,0,0,0,1,0.406541166848598,0.406541166848598,1,0,0
16050060,n5-6dof,N5 6-DOF graph,management-erasure-5,Management erasure 5%,control-loss,5,30333304877,30333304877,1386693,493106,175848384,NaN,NaN,NaN,NaN,NaN,3,3,1,1,23,0.9795,0,0,0,0,NaN,NaN,NaN,0,238,355,88,150,0,534,1.11048689138577,375,593,2372,2245,127,0,1959,14,4702,4702,0,0,35,35,0,0,0,0,1,0.407354374291132,0.407354374291132,1,0,0
16050060,n5-6dof,N5 6-DOF graph,local-management,Local management reach,visibility-boundary,5,30333304877,30333304877,1061873,574927,137611490,NaN,NaN,NaN,NaN,NaN,3,3,0,1,NaN,0.3995,0,0,0,0,NaN,NaN,NaN,0,68,31,37,31,0,534,0.185393258426966,31,99,249,249,0,0,799,434,1998,1998,0,0,925,839,0,86,0,86,1,0.23758168205739,0.225383570419372,1,0,0
16050060,n5-6dof,N5 6-DOF graph,directed-grant-blackout,Directed GRANT blackout,grant-loss-witness,5,30333304877,20667367672,1160268,985265,175440741,1,2,421,0,0,3,3,0,1,NaN,0.7955,0,0,0,0,NaN,NaN,NaN,0,564,585,72,492,0,534,2.15168539325843,678,1149,4596,4197,399,0,1591,132,3979,3979,0,0,266,266,0,0,0,0,1,0.395218817071771,0.395218817071771,1,0,0
16050060,n5-6dof,N5 6-DOF graph,state-loss,Local client state loss,rejoin-boundary,5,30333304877,30333304877,1062446,492071,176900190,NaN,NaN,NaN,NaN,NaN,3,3,1,1,5,0.994,0,0,0,0,NaN,NaN,2,0,213,314,87,126,0,534,0.98689138576779,314,527,2108,2108,0,0,1988,3,4773,4773,0,0,8,8,0,0,0,0,1,0.406603721267254,0.406603721267254,1,0,0
16050060,n5-6dof,N5 6-DOF graph,owner-reconfiguration,Owner tuple reconfiguration,lease-fence-boundary,5,30333304877,30333304877,1062449,499320,177265338,NaN,NaN,NaN,NaN,NaN,3,3,1,1,5,0.9645,0,0,0,0,222,221,NaN,1,261,319,79,182,0,534,1.08614232209738,440,580,2320,2320,0,0,1929,24,4647,4647,0,0,51,47,0,4,0,4,1,0.402787901729208,0.402224911961299,1,0,0
16050060,n10-ring2,N10 ring2 graph,zero,Zero loss,native,10,113292313945,113292313945,1757145,3860055,504027300,NaN,NaN,NaN,NaN,NaN,3,3,1,1,10,0.98875,0,0,0,0,NaN,NaN,NaN,0,455,930,176,279,0,1409,0.982966643009226,930,1385,12465,12465,0,0,3955,10,10295,10295,0,0,21,17,0,4,0,2,1,0.455570394204913,0.29296469627334,1,0,0
16050060,n10-ring2,N10 ring2 graph,data-erasure-5,DATA erasure 5%,data-separation,10,113292313945,113292313945,2413015,3860055,504027300,NaN,NaN,NaN,NaN,NaN,3,3,1,1,10,0.98875,0,0,0,0,NaN,NaN,NaN,0,455,930,176,279,0,1409,0.982966643009226,930,1385,12465,12465,0,0,3955,10,10295,9723,572,0,21,16,1,4,0,2,1,0.455570394204913,0.29296469627334,1,0,0
16050060,n10-ring2,N10 ring2 graph,management-erasure-5,Management erasure 5%,control-loss,10,113292313945,113292313945,2081511,3845864,503462320,NaN,NaN,NaN,NaN,NaN,3,3,1,1,20,0.98625,0,0,0,0,NaN,NaN,NaN,0,514,997,172,342,0,1409,1.07239176721079,1135,1511,13599,12946,653,0,3945,12,10275,10275,0,0,25,21,0,4,0,2,1,0.459069504160402,0.29646380622883,1,0,0
16050060,n10-ring2,N10 ring2 graph,local-management,Local management reach,visibility-boundary,10,113292313945,113292313945,1746229,710816,382845946,NaN,NaN,NaN,NaN,NaN,3,3,0,1,NaN,0.19975,0,0,0,0,NaN,NaN,NaN,0,68,31,37,31,0,1409,0.0702625975869411,31,99,351,351,0,0,799,641,2798,2798,0,0,1422,1232,0,190,0,145,1,0.15159379307165,0.132348688316457,1,0,0
16050060,n10-ring2,N10 ring2 graph,directed-grant-blackout,Directed GRANT blackout,grant-loss-witness,10,113292313945,74596519881,1855086,4229914,501371854,1,2,421,0,0,3,3,0,1,NaN,0.889,0,0,0,0,NaN,NaN,NaN,0,806,1050,159,647,0,1409,1.31724627395316,1298,1856,16704,16305,399,0,3556,97,9497,9497,0,0,195,189,0,6,0,4,1,0.439618569407828,0.317664295959149,1,0,0
16050060,n10-ring2,N10 ring2 graph,state-loss,Local client state loss,rejoin-boundary,10,113292313945,113292313945,1757564,3860484,504021139,NaN,NaN,NaN,NaN,NaN,3,3,1,1,10,0.98825,0,0,0,0,NaN,NaN,2,0,455,915,175,280,0,1409,0.972320794889993,931,1370,12330,12330,0,0,3953,11,10291,10291,0,0,23,19,0,4,0,2,1,0.454952904212768,0.292553036278577,1,0,0
16050060,n10-ring2,N10 ring2 graph,owner-reconfiguration,Owner tuple reconfiguration,lease-fence-boundary,10,113292313945,113292313945,1757567,3863965,503321724,NaN,NaN,NaN,NaN,NaN,3,3,1,1,10,0.92975,0,0,0,0,222,221,NaN,5,619,1035,156,463,0,1409,1.17388218594748,1479,1654,14886,14886,0,0,3719,56,9717,9717,0,0,127,117,0,10,0,6,1,0.445244589336262,0.298899461197847,1,0,0
16050061,n5-6dof,N5 6-DOF graph,zero,Zero loss,native,5,30588449724,30588449724,1062327,491114,176806773,NaN,NaN,NaN,NaN,NaN,3,3,1,1,5,0.995,0,0,0,0,NaN,NaN,NaN,0,213,310,89,124,0,534,0.97940074906367,310,523,2092,2092,0,0,1990,3,4777,4777,0,0,7,7,0,0,0,0,1,0.406728830104567,0.406728830104567,1,0,0
16050061,n5-6dof,N5 6-DOF graph,data-erasure-5,DATA erasure 5%,data-separation,5,30588449724,30588449724,1718197,491114,176806773,NaN,NaN,NaN,NaN,NaN,3,3,1,1,5,0.995,0,0,0,0,NaN,NaN,NaN,0,213,310,89,124,0,534,0.97940074906367,310,523,2092,2092,0,0,1990,3,4777,4522,255,0,7,7,0,0,0,0,1,0.406728830104567,0.406728830104567,1,0,0
16050061,n5-6dof,N5 6-DOF graph,management-erasure-5,Management erasure 5%,control-loss,5,30588449724,30588449724,1386693,492714,176658195,NaN,NaN,NaN,NaN,NaN,3,3,1,1,6,0.9945,0,0,0,0,NaN,NaN,NaN,0,250,358,94,156,0,534,1.13857677902622,377,608,2432,2312,120,0,1989,4,4775,4775,0,0,9,9,0,0,0,0,1,0.41204595569037,0.41204595569037,1,0,0
16050061,n5-6dof,N5 6-DOF graph,local-management,Local management reach,visibility-boundary,5,30588449724,30588449724,1061873,574763,137611490,NaN,NaN,NaN,NaN,NaN,3,3,0,1,NaN,0.3995,0,0,0,0,NaN,NaN,NaN,0,68,31,37,31,0,534,0.185393258426966,31,99,249,249,0,0,799,420,1998,1998,0,0,852,760,0,92,0,92,1,0.234954396473816,0.219941335996256,1,0,0
16050061,n5-6dof,N5 6-DOF graph,directed-grant-blackout,Directed GRANT blackout,grant-loss-witness,5,30588449724,20811296112,1160268,985533,175440741,1,2,421,0,0,3,3,0,1,NaN,0.7955,0,0,0,0,NaN,NaN,NaN,0,564,585,72,492,0,534,2.15168539325843,678,1149,4596,4197,399,0,1591,142,3979,3979,0,0,285,283,0,2,0,2,1,0.397095449631466,0.396907786375497,1,0,0
16050061,n5-6dof,N5 6-DOF graph,state-loss,Local client state loss,rejoin-boundary,5,30588449724,30588449724,1062446,492093,176900190,NaN,NaN,NaN,NaN,NaN,3,3,1,1,5,0.994,0,0,0,0,NaN,NaN,2,0,213,314,87,126,0,534,0.98689138576779,314,527,2108,2108,0,0,1988,4,4773,4773,0,0,9,9,0,0,0,0,1,0.406791384523224,0.406791384523224,1,0,0
16050061,n5-6dof,N5 6-DOF graph,owner-reconfiguration,Owner tuple reconfiguration,lease-fence-boundary,5,30588449724,30588449724,1062449,499316,177265338,NaN,NaN,NaN,NaN,NaN,3,3,1,1,5,0.9645,0,0,0,0,222,221,NaN,1,261,319,79,182,0,534,1.08614232209738,440,580,2320,2320,0,0,1929,26,4647,4647,0,0,49,47,0,2,0,2,1,0.403163228241147,0.402600238473238,1,0,0
16050061,n10-ring2,N10 ring2 graph,zero,Zero loss,native,10,113341526315,113341526315,1757145,3860281,504027300,NaN,NaN,NaN,NaN,NaN,3,3,1,1,10,0.98875,0,0,0,0,NaN,NaN,NaN,0,455,930,176,279,0,1409,0.982966643009226,930,1385,12465,12465,0,0,3955,14,10295,10295,0,0,26,22,0,4,0,4,1,0.455982054199676,0.293067611272031,1,0,0
16050061,n10-ring2,N10 ring2 graph,data-erasure-5,DATA erasure 5%,data-separation,10,113341526315,113341526315,2413015,3860281,504027300,NaN,NaN,NaN,NaN,NaN,3,3,1,1,10,0.98875,0,0,0,0,NaN,NaN,NaN,0,455,930,176,279,0,1409,0.982966643009226,930,1385,12465,12465,0,0,3955,14,10295,9757,538,0,26,19,3,4,0,4,1,0.455982054199676,0.293067611272031,1,0,0
16050061,n10-ring2,N10 ring2 graph,management-erasure-5,Management erasure 5%,control-loss,10,113341526315,113341526315,2081511,3828916,502961728,NaN,NaN,NaN,NaN,NaN,3,3,1,1,24,0.98175,0,0,0,0,NaN,NaN,NaN,0,509,973,163,346,0,1409,1.05180979418027,1135,1482,13338,12654,684,0,3927,21,10238,10238,0,0,40,36,0,4,0,4,1,0.45714842418484,0.295571876240175,1,0,0
16050061,n10-ring2,N10 ring2 graph,local-management,Local management reach,visibility-boundary,10,113341526315,113341526315,1746229,708053,382845946,NaN,NaN,NaN,NaN,NaN,3,3,0,1,NaN,0.19975,0,0,0,0,NaN,NaN,NaN,0,68,31,37,31,0,1409,0.0702625975869411,31,99,351,351,0,0,799,599,2798,2798,0,0,1314,1163,0,151,0,114,1,0.147271363126633,0.130702048337403,1,0,0
16050061,n10-ring2,N10 ring2 graph,directed-grant-blackout,Directed GRANT blackout,grant-loss-witness,10,113341526315,74687901201,1855086,4229026,501371854,1,2,421,0,0,3,3,0,1,NaN,0.889,0,0,0,0,NaN,NaN,NaN,0,806,1050,159,647,0,1409,1.31724627395316,1298,1856,16704,16305,399,0,3556,73,9497,9497,0,0,144,140,0,4,0,4,1,0.437148609439247,0.314988505993186,1,0,0
16050061,n10-ring2,N10 ring2 graph,state-loss,Local client state loss,rejoin-boundary,10,113341526315,113341526315,1757564,3860710,504021139,NaN,NaN,NaN,NaN,NaN,3,3,1,1,10,0.98825,0,0,0,0,NaN,NaN,2,0,455,915,175,280,0,1409,0.972320794889993,931,1370,12330,12330,0,0,3953,15,10291,10291,0,0,28,24,0,4,0,4,1,0.455364564207531,0.292655951277267,1,0,0
16050061,n10-ring2,N10 ring2 graph,owner-reconfiguration,Owner tuple reconfiguration,lease-fence-boundary,10,113341526315,113341526315,1757567,3864306,503321724,NaN,NaN,NaN,NaN,NaN,3,3,1,1,10,0.92975,0,0,0,0,222,221,NaN,5,619,1035,156,463,0,1409,1.17388218594748,1479,1654,14886,14886,0,0,3719,61,9717,9717,0,0,138,122,0,16,0,10,1,0.445759164329717,0.29931112119261,1,0,0
16050062,n5-6dof,N5 6-DOF graph,zero,Zero loss,native,5,30424499783,30424499783,1062327,491162,176806773,NaN,NaN,NaN,NaN,NaN,3,3,1,1,5,0.995,0,0,0,0,NaN,NaN,NaN,0,213,310,89,124,0,534,0.97940074906367,310,523,2092,2092,0,0,1990,3,4777,4777,0,0,3,1,0,2,0,2,1,0.406728830104567,0.406353503592628,1,0,0
16050062,n5-6dof,N5 6-DOF graph,data-erasure-5,DATA erasure 5%,data-separation,5,30424499783,30424499783,1718197,491162,176806773,NaN,NaN,NaN,NaN,NaN,3,3,1,1,5,0.995,0,0,0,0,NaN,NaN,NaN,0,213,310,89,124,0,534,0.97940074906367,310,523,2092,2092,0,0,1990,3,4777,4555,222,0,3,1,0,2,0,2,1,0.406728830104567,0.406353503592628,1,0,0
16050062,n5-6dof,N5 6-DOF graph,management-erasure-5,Management erasure 5%,control-loss,5,30424499783,30424499783,1386693,492075,176043890,NaN,NaN,NaN,NaN,NaN,3,3,1,1,17,0.983,0,0,0,0,NaN,NaN,NaN,0,231,335,90,141,0,534,1.05992509363296,354,566,2264,2159,105,0,1966,11,4717,4717,0,0,25,23,0,2,0,2,1,0.406416058011285,0.406040731499346,1,0,0
16050062,n5-6dof,N5 6-DOF graph,local-management,Local management reach,visibility-boundary,5,30424499783,30424499783,1061873,574839,137611490,NaN,NaN,NaN,NaN,NaN,3,3,0,1,NaN,0.3995,0,0,0,0,NaN,NaN,NaN,0,68,31,37,31,0,534,0.185393258426966,31,99,249,249,0,0,799,430,1998,1998,0,0,885,799,0,86,0,86,1,0.236831029033512,0.222756284835799,1,0,0
16050062,n5-6dof,N5 6-DOF graph,directed-grant-blackout,Directed GRANT blackout,grant-loss-witness,5,30424499783,20685787642,1160268,985665,175440741,1,2,421,0,0,3,3,0,1,NaN,0.7955,0,0,0,0,NaN,NaN,NaN,0,564,585,72,492,0,534,2.15168539325843,678,1149,4596,4197,399,0,1591,148,3979,3979,0,0,293,291,0,2,0,2,1,0.398221429167283,0.397846102655344,1,0,0
16050062,n5-6dof,N5 6-DOF graph,state-loss,Local client state loss,rejoin-boundary,5,30424499783,30424499783,1062446,492141,176900190,NaN,NaN,NaN,NaN,NaN,3,3,1,1,5,0.994,0,0,0,0,NaN,NaN,2,0,213,314,87,126,0,534,0.98689138576779,314,527,2108,2108,0,0,1988,4,4773,4773,0,0,5,3,0,2,0,2,1,0.406791384523224,0.406416058011285,1,0,0
16050062,n5-6dof,N5 6-DOF graph,owner-reconfiguration,Owner tuple reconfiguration,lease-fence-boundary,5,30424499783,30424499783,1062449,499294,177265338,NaN,NaN,NaN,NaN,NaN,3,3,1,1,5,0.9645,0,0,0,0,222,221,NaN,1,261,319,79,182,0,534,1.08614232209738,440,580,2320,2320,0,0,1929,25,4647,4647,0,0,49,47,0,2,0,2,1,0.402975564985177,0.402600238473238,1,0,0
16050062,n10-ring2,N10 ring2 graph,zero,Zero loss,native,10,113219971416,113219971416,1757145,3860051,504027300,NaN,NaN,NaN,NaN,NaN,3,3,1,1,10,0.98875,0,0,0,0,NaN,NaN,NaN,0,455,930,176,279,0,1409,0.982966643009226,930,1385,12465,12465,0,0,3955,12,10295,10295,0,0,28,28,0,0,0,0,1,0.455776224202295,0.293273441269413,1,0,0
16050062,n10-ring2,N10 ring2 graph,data-erasure-5,DATA erasure 5%,data-separation,10,113219971416,113219971416,2413015,3860051,504027300,NaN,NaN,NaN,NaN,NaN,3,3,1,1,10,0.98875,0,0,0,0,NaN,NaN,NaN,0,455,930,176,279,0,1409,0.982966643009226,930,1385,12465,12465,0,0,3955,12,10295,9759,536,0,28,25,3,0,0,0,1,0.455776224202295,0.293273441269413,1,0,0
16050062,n10-ring2,N10 ring2 graph,management-erasure-5,Management erasure 5%,control-loss,10,113219971416,113219971416,2081511,3858483,503746190,NaN,NaN,NaN,NaN,NaN,3,3,1,1,11,0.98725,0,0,0,0,NaN,NaN,NaN,0,530,1015,176,354,0,1409,1.09652235628105,1159,1545,13905,13211,694,0,3949,13,10280,10280,0,0,30,30,0,0,0,0,1,0.46075044913902,0.29845349620352,1,0,0
16050062,n10-ring2,N10 ring2 graph,local-management,Local management reach,visibility-boundary,10,113219971416,113219971416,1746229,709339,382845946,NaN,NaN,NaN,NaN,NaN,3,3,0,1,NaN,0.19975,0,0,0,0,NaN,NaN,NaN,0,68,31,37,31,0,1409,0.0702625975869411,31,99,351,351,0,0,799,619,2798,2798,0,0,1371,1194,0,177,0,128,1,0.149329663100451,0.132245773317766,1,0,0
16050062,n10-ring2,N10 ring2 graph,directed-grant-blackout,Directed GRANT blackout,grant-loss-witness,10,113219971416,74416569038,1855086,4229392,501371854,1,2,421,0,0,3,3,0,1,NaN,0.889,0,0,0,0,NaN,NaN,NaN,0,806,1050,159,647,0,1409,1.31724627395316,1298,1856,16704,16305,399,0,3556,85,9497,9497,0,0,174,172,0,2,0,2,1,0.438383589423538,0.316532230973549,1,0,0
16050062,n10-ring2,N10 ring2 graph,state-loss,Local client state loss,rejoin-boundary,10,113219971416,113219971416,1757564,3860480,504021139,NaN,NaN,NaN,NaN,NaN,3,3,1,1,10,0.98825,0,0,0,0,NaN,NaN,2,0,455,915,175,280,0,1409,0.972320794889993,931,1370,12330,12330,0,0,3953,13,10291,10291,0,0,30,30,0,0,0,0,1,0.455158734210149,0.292861781274649,1,0,0
16050062,n10-ring2,N10 ring2 graph,owner-reconfiguration,Owner tuple reconfiguration,lease-fence-boundary,10,113219971416,113219971416,1757567,3863739,503321724,NaN,NaN,NaN,NaN,NaN,3,3,1,1,10,0.92975,0,0,0,0,222,221,NaN,5,619,1035,156,463,0,1409,1.17388218594748,1479,1654,14886,14886,0,0,3719,52,9717,9717,0,0,124,118,0,6,0,4,1,0.444832929341499,0.298899461197847,1,0,0
16050063,n5-6dof,N5 6-DOF graph,zero,Zero loss,native,5,30453287149,30453287149,1062327,491114,176806773,NaN,NaN,NaN,NaN,NaN,3,3,1,1,5,0.995,0,0,0,0,NaN,NaN,NaN,0,213,310,89,124,0,534,0.97940074906367,310,523,2092,2092,0,0,1990,3,4777,4777,0,0,7,7,0,0,0,0,1,0.406728830104567,0.406728830104567,1,0,0
16050063,n5-6dof,N5 6-DOF graph,data-erasure-5,DATA erasure 5%,data-separation,5,30453287149,30453287149,1718197,491114,176806773,NaN,NaN,NaN,NaN,NaN,3,3,1,1,5,0.995,0,0,0,0,NaN,NaN,NaN,0,213,310,89,124,0,534,0.97940074906367,310,523,2092,2092,0,0,1990,3,4777,4542,235,0,7,7,0,0,0,0,1,0.406728830104567,0.406728830104567,1,0,0
16050063,n5-6dof,N5 6-DOF graph,management-erasure-5,Management erasure 5%,control-loss,5,30453287149,30453287149,1386693,494324,175318074,NaN,NaN,NaN,NaN,NaN,3,3,1,1,25,0.955,0,0,0,0,NaN,NaN,NaN,0,228,327,84,144,0,534,1.03932584269663,355,555,2220,2113,107,0,1910,30,4597,4597,0,0,62,52,0,10,0,8,1,0.398784418935192,0.397658439399375,1,0,0
16050063,n5-6dof,N5 6-DOF graph,local-management,Local management reach,visibility-boundary,5,30453287149,30453287149,1061873,574505,137611490,NaN,NaN,NaN,NaN,NaN,3,3,0,1,NaN,0.3995,0,0,0,0,NaN,NaN,NaN,0,68,31,37,31,0,534,0.185393258426966,31,99,249,249,0,0,799,417,1998,1998,0,0,863,779,0,84,0,84,1,0.234391406705908,0.220879652276104,1,0,0
16050063,n5-6dof,N5 6-DOF graph,directed-grant-blackout,Directed GRANT blackout,grant-loss-witness,5,30453287149,20772626758,1160268,985665,175440741,1,2,421,0,0,3,3,0,1,NaN,0.7955,0,0,0,0,NaN,NaN,NaN,0,564,585,72,492,0,534,2.15168539325843,678,1149,4596,4197,399,0,1591,148,3979,3979,0,0,297,295,0,2,0,2,1,0.398221429167283,0.398033765911314,1,0,0
16050063,n5-6dof,N5 6-DOF graph,state-loss,Local client state loss,rejoin-boundary,5,30453287149,30453287149,1062446,492071,176900190,NaN,NaN,NaN,NaN,NaN,3,3,1,1,5,0.994,0,0,0,0,NaN,NaN,2,0,213,314,87,126,0,534,0.98689138576779,314,527,2108,2108,0,0,1988,3,4773,4773,0,0,7,7,0,0,0,0,1,0.406603721267254,0.406603721267254,1,0,0
16050063,n5-6dof,N5 6-DOF graph,owner-reconfiguration,Owner tuple reconfiguration,lease-fence-boundary,5,30453287149,30453287149,1062449,499184,177265338,NaN,NaN,NaN,NaN,NaN,3,3,1,1,5,0.9645,0,0,0,0,222,221,NaN,1,261,319,79,182,0,534,1.08614232209738,440,580,2320,2320,0,0,1929,20,4647,4647,0,0,39,37,0,2,0,2,1,0.40203724870533,0.401661922193391,1,0,0
16050063,n10-ring2,N10 ring2 graph,zero,Zero loss,native,10,113266630869,113266630869,1757145,3859792,504027300,NaN,NaN,NaN,NaN,NaN,3,3,1,1,10,0.98875,0,0,0,0,NaN,NaN,NaN,0,455,930,176,279,0,1409,0.982966643009226,930,1385,12465,12465,0,0,3955,5,10295,10295,0,0,11,11,0,0,0,0,1,0.455055819211458,0.292655951277267,1,0,0
16050063,n10-ring2,N10 ring2 graph,data-erasure-5,DATA erasure 5%,data-separation,10,113266630869,113266630869,2413015,3859792,504027300,NaN,NaN,NaN,NaN,NaN,3,3,1,1,10,0.98875,0,0,0,0,NaN,NaN,NaN,0,455,930,176,279,0,1409,0.982966643009226,930,1385,12465,12465,0,0,3955,5,10295,9782,513,0,11,10,1,0,0,0,1,0.455055819211458,0.292655951277267,1,0,0
16050063,n10-ring2,N10 ring2 graph,management-erasure-5,Management erasure 5%,control-loss,10,113266630869,113266630869,2081511,3851891,503471165,NaN,NaN,NaN,NaN,NaN,3,3,1,1,22,0.98525,0,0,0,0,NaN,NaN,NaN,0,523,979,167,356,0,1409,1.06600425833925,1179,1502,13518,12848,670,0,3941,9,10266,10266,0,0,18,18,0,0,0,0,1,0.458040354173494,0.295640486239303,1,0,0
16050063,n10-ring2,N10 ring2 graph,local-management,Local management reach,visibility-boundary,10,113266630869,113266630869,1746229,707336,382845946,NaN,NaN,NaN,NaN,NaN,3,3,0,1,NaN,0.19975,0,0,0,0,NaN,NaN,NaN,0,68,31,37,31,0,1409,0.0702625975869411,31,99,351,351,0,0,799,587,2798,2798,0,0,1295,1145,0,150,0,107,1,0.146036383142343,0.129878728347877,1,0,0
16050063,n10-ring2,N10 ring2 graph,directed-grant-blackout,Directed GRANT blackout,grant-loss-witness,10,113266630869,74614356632,1855086,4229573,501371854,1,2,421,0,0,3,3,0,1,NaN,0.889,0,0,0,0,NaN,NaN,NaN,0,806,1050,159,647,0,1409,1.31724627395316,1298,1856,16704,16305,399,0,3556,92,9497,9497,0,0,185,185,0,0,0,0,1,0.439103994414374,0.317458465961767,1,0,0
16050063,n10-ring2,N10 ring2 graph,state-loss,Local client state loss,rejoin-boundary,10,113266630869,113266630869,1757564,3860221,504021139,NaN,NaN,NaN,NaN,NaN,3,3,1,1,10,0.98825,0,0,0,0,NaN,NaN,2,0,455,915,175,280,0,1409,0.972320794889993,931,1370,12330,12330,0,0,3953,6,10291,10291,0,0,13,13,0,0,0,0,1,0.454438329219313,0.292244291282504,1,0,0
16050063,n10-ring2,N10 ring2 graph,owner-reconfiguration,Owner tuple reconfiguration,lease-fence-boundary,10,113266630869,113266630869,1757567,3863287,503321724,NaN,NaN,NaN,NaN,NaN,3,3,1,1,10,0.92975,0,0,0,0,222,221,NaN,5,619,1035,156,463,0,1409,1.17388218594748,1479,1654,14886,14886,0,0,3719,44,9717,9717,0,0,105,105,0,0,0,0,1,0.444009609351972,0.298179056207011,1,0,0
16050064,n5-6dof,N5 6-DOF graph,zero,Zero loss,native,5,30429652326,30429652326,1062327,491276,176806773,NaN,NaN,NaN,NaN,NaN,3,3,1,1,5,0.995,0,0,0,0,NaN,NaN,NaN,0,213,310,89,124,0,534,0.97940074906367,310,523,2092,2092,0,0,1990,6,4777,4777,0,0,14,8,0,6,0,4,1,0.407291819872476,0.406916493360537,1,0,0
16050064,n5-6dof,N5 6-DOF graph,data-erasure-5,DATA erasure 5%,data-separation,5,30429652326,30429652326,1718197,491276,176806773,NaN,NaN,NaN,NaN,NaN,3,3,1,1,5,0.995,0,0,0,0,NaN,NaN,NaN,0,213,310,89,124,0,534,0.97940074906367,310,523,2092,2092,0,0,1990,6,4777,4538,239,0,14,8,0,6,0,4,1,0.407291819872476,0.406916493360537,1,0,0
16050064,n5-6dof,N5 6-DOF graph,management-erasure-5,Management erasure 5%,control-loss,5,30429652326,30429652326,1386693,490316,176454090,NaN,NaN,NaN,NaN,NaN,3,3,1,1,5,0.9945,0,0,0,0,NaN,NaN,NaN,0,235,344,88,147,0,534,1.08426966292135,365,579,2316,2210,106,0,1989,6,4775,4775,0,0,14,8,0,6,0,4,1,0.41060720406127,0.410231877549331,1,0,0
16050064,n5-6dof,N5 6-DOF graph,local-management,Local management reach,visibility-boundary,5,30429652326,30429652326,1061873,574657,137611490,NaN,NaN,NaN,NaN,NaN,3,3,0,1,NaN,0.3995,0,0,0,0,NaN,NaN,NaN,0,68,31,37,31,0,534,0.185393258426966,31,99,249,249,0,0,799,413,1998,1998,0,0,870,774,0,96,0,94,1,0.23364075368203,0.220316662508195,1,0,0
16050064,n5-6dof,N5 6-DOF graph,directed-grant-blackout,Directed GRANT blackout,grant-loss-witness,5,30429652326,20800710466,1160268,985603,175440741,1,2,421,0,0,3,3,0,1,NaN,0.7955,0,0,0,0,NaN,NaN,NaN,0,564,585,72,492,0,534,2.15168539325843,678,1149,4596,4197,399,0,1591,143,3979,3979,0,0,288,282,0,6,0,4,1,0.397283112887436,0.396907786375497,1,0,0
16050064,n5-6dof,N5 6-DOF graph,state-loss,Local client state loss,rejoin-boundary,5,30429652326,30429652326,1062446,492255,176900190,NaN,NaN,NaN,NaN,NaN,3,3,1,1,5,0.994,0,0,0,0,NaN,NaN,2,0,213,314,87,126,0,534,0.98689138576779,314,527,2108,2108,0,0,1988,7,4773,4773,0,0,16,10,0,6,0,4,1,0.407354374291132,0.406979047779193,1,0,0
16050064,n5-6dof,N5 6-DOF graph,owner-reconfiguration,Owner tuple reconfiguration,lease-fence-boundary,5,30429652326,30429652326,1062449,499412,177265338,NaN,NaN,NaN,NaN,NaN,3,3,1,1,5,0.9645,0,0,0,0,222,221,NaN,1,261,319,79,182,0,534,1.08614232209738,440,580,2320,2320,0,0,1929,26,4647,4647,0,0,55,47,0,8,0,6,1,0.403163228241147,0.402412575217269,1,0,0
16050064,n10-ring2,N10 ring2 graph,zero,Zero loss,native,10,113078586238,113078586238,1757145,3860092,504027300,NaN,NaN,NaN,NaN,NaN,3,3,1,1,10,0.98875,0,0,0,0,NaN,NaN,NaN,0,455,930,176,279,0,1409,0.982966643009226,930,1385,12465,12465,0,0,3955,11,10295,10295,0,0,22,20,0,2,0,2,1,0.455673309203604,0.293067611272031,1,0,0
16050064,n10-ring2,N10 ring2 graph,data-erasure-5,DATA erasure 5%,data-separation,10,113078586238,113078586238,2413015,3860092,504027300,NaN,NaN,NaN,NaN,NaN,3,3,1,1,10,0.98875,0,0,0,0,NaN,NaN,NaN,0,455,930,176,279,0,1409,0.982966643009226,930,1385,12465,12465,0,0,3955,11,10295,9771,524,0,22,18,2,2,0,2,1,0.455673309203604,0.293067611272031,1,0,0
16050064,n10-ring2,N10 ring2 graph,management-erasure-5,Management erasure 5%,control-loss,10,113078586238,113078586238,2081511,3830142,500958296,NaN,NaN,NaN,NaN,NaN,3,3,1,1,28,0.9555,0,0,0,0,NaN,NaN,NaN,0,508,911,171,337,0,1409,1.00709723207949,1112,1419,12771,12150,621,0,3822,27,9980,9980,0,0,57,55,0,2,0,2,1,0.444798624341935,0.289294061320032,1,0,0
16050064,n10-ring2,N10 ring2 graph,local-management,Local management reach,visibility-boundary,10,113078586238,113078586238,1746229,706385,382845946,NaN,NaN,NaN,NaN,NaN,3,3,0,1,NaN,0.19975,0,0,0,0,NaN,NaN,NaN,0,68,31,37,31,0,1409,0.0702625975869411,31,99,351,351,0,0,799,575,2798,2798,0,0,1254,1131,0,123,0,94,1,0.144801403158052,0.128129173370132,1,0,0
16050064,n10-ring2,N10 ring2 graph,directed-grant-blackout,Directed GRANT blackout,grant-loss-witness,10,113078586238,74309964481,1855086,4229544,501371854,1,2,421,0,0,3,3,0,1,NaN,0.889,0,0,0,0,NaN,NaN,NaN,0,806,1050,159,647,0,1409,1.31724627395316,1298,1856,16704,16305,399,0,3556,87,9497,9497,0,0,174,168,0,6,0,4,1,0.438589419420919,0.31663514597224,1,0,0
16050064,n10-ring2,N10 ring2 graph,state-loss,Local client state loss,rejoin-boundary,10,113078586238,113078586238,1757564,3860484,504021139,NaN,NaN,NaN,NaN,NaN,3,3,1,1,10,0.98825,0,0,0,0,NaN,NaN,2,0,455,915,175,280,0,1409,0.972320794889993,931,1370,12330,12330,0,0,3953,11,10291,10291,0,0,22,20,0,2,0,2,1,0.454952904212768,0.292553036278577,1,0,0
16050064,n10-ring2,N10 ring2 graph,owner-reconfiguration,Owner tuple reconfiguration,lease-fence-boundary,10,113078586238,113078586238,1757567,3863858,503321724,NaN,NaN,NaN,NaN,NaN,3,3,1,1,10,0.92975,0,0,0,0,222,221,NaN,5,619,1035,156,463,0,1409,1.17388218594748,1479,1654,14886,14886,0,0,3719,51,9717,9717,0,0,121,109,0,12,0,8,1,0.444730014342808,0.298590716201774,1,0,0
16050065,n5-6dof,N5 6-DOF graph,zero,Zero loss,native,5,30468324862,30468324862,1062327,491070,176806773,NaN,NaN,NaN,NaN,NaN,3,3,1,1,5,0.995,0,0,0,0,NaN,NaN,NaN,0,213,310,89,124,0,534,0.97940074906367,310,523,2092,2092,0,0,1990,1,4777,4777,0,0,2,2,0,0,0,0,1,0.406353503592628,0.406353503592628,1,0,0
16050065,n5-6dof,N5 6-DOF graph,data-erasure-5,DATA erasure 5%,data-separation,5,30468324862,30468324862,1718197,491070,176806773,NaN,NaN,NaN,NaN,NaN,3,3,1,1,5,0.995,0,0,0,0,NaN,NaN,NaN,0,213,310,89,124,0,534,0.97940074906367,310,523,2092,2092,0,0,1990,1,4777,4509,268,0,2,1,1,0,0,0,1,0.406353503592628,0.406353503592628,1,0,0
16050065,n5-6dof,N5 6-DOF graph,management-erasure-5,Management erasure 5%,control-loss,5,30468324862,30468324862,1386693,496428,177126033,NaN,NaN,NaN,NaN,NaN,3,3,1,1,6,0.994,0,0,0,0,NaN,NaN,NaN,0,239,352,86,153,0,534,1.10674157303371,380,591,2364,2239,125,0,1988,3,4773,4773,0,0,6,6,0,0,0,0,1,0.41060720406127,0.41060720406127,1,0,0
16050065,n5-6dof,N5 6-DOF graph,local-management,Local management reach,visibility-boundary,5,30468324862,30468324862,1061873,574891,137611490,NaN,NaN,NaN,NaN,NaN,3,3,0,1,NaN,0.3995,0,0,0,0,NaN,NaN,NaN,0,68,31,37,31,0,534,0.185393258426966,31,99,249,249,0,0,799,428,1998,1998,0,0,888,798,0,90,0,90,1,0.236455702521573,0.22238095832386,1,0,0
16050065,n5-6dof,N5 6-DOF graph,directed-grant-blackout,Directed GRANT blackout,grant-loss-witness,5,30468324862,20715591514,1160268,985485,175440741,1,2,421,0,0,3,3,0,1,NaN,0.7955,0,0,0,0,NaN,NaN,NaN,0,564,585,72,492,0,534,2.15168539325843,678,1149,4596,4197,399,0,1591,142,3979,3979,0,0,284,284,0,0,0,0,1,0.397095449631466,0.397095449631466,1,0,0
16050065,n5-6dof,N5 6-DOF graph,state-loss,Local client state loss,rejoin-boundary,5,30468324862,30468324862,1062446,492027,176900190,NaN,NaN,NaN,NaN,NaN,3,3,1,1,5,0.994,0,0,0,0,NaN,NaN,2,0,213,314,87,126,0,534,0.98689138576779,314,527,2108,2108,0,0,1988,1,4773,4773,0,0,2,2,0,0,0,0,1,0.406228394755315,0.406228394755315,1,0,0
16050065,n5-6dof,N5 6-DOF graph,owner-reconfiguration,Owner tuple reconfiguration,lease-fence-boundary,5,30468324862,30468324862,1062449,499482,177265338,NaN,NaN,NaN,NaN,NaN,3,3,1,1,5,0.9645,0,0,0,0,222,221,NaN,1,261,319,79,182,0,534,1.08614232209738,440,580,2320,2320,0,0,1929,27,4647,4647,0,0,51,43,0,8,0,8,1,0.403350891497116,0.402412575217269,1,0,0
16050065,n10-ring2,N10 ring2 graph,zero,Zero loss,native,10,113132319941,113132319941,1757145,3860055,504027300,NaN,NaN,NaN,NaN,NaN,3,3,1,1,10,0.98875,0,0,0,0,NaN,NaN,NaN,0,455,930,176,279,0,1409,0.982966643009226,930,1385,12465,12465,0,0,3955,10,10295,10295,0,0,25,23,0,2,0,2,1,0.455570394204913,0.293170526270722,1,0,0
16050065,n10-ring2,N10 ring2 graph,data-erasure-5,DATA erasure 5%,data-separation,10,113132319941,113132319941,2413015,3860055,504027300,NaN,NaN,NaN,NaN,NaN,3,3,1,1,10,0.98875,0,0,0,0,NaN,NaN,NaN,0,455,930,176,279,0,1409,0.982966643009226,930,1385,12465,12465,0,0,3955,10,10295,9825,470,0,25,22,1,2,0,2,1,0.455570394204913,0.293170526270722,1,0,0
16050065,n10-ring2,N10 ring2 graph,management-erasure-5,Management erasure 5%,control-loss,10,113132319941,113132319941,2081511,3836305,497508587,NaN,NaN,NaN,NaN,NaN,3,3,1,1,56,0.91425,0,0,0,0,NaN,NaN,NaN,0,482,823,157,325,0,1409,0.926188786373314,1049,1305,11745,11153,592,0,3657,68,9599,9599,0,0,156,129,0,27,0,19,1,0.428126394554015,0.277561751469273,1,0,0
16050065,n10-ring2,N10 ring2 graph,local-management,Local management reach,visibility-boundary,10,113132319941,113132319941,1746229,709894,382845946,NaN,NaN,NaN,NaN,NaN,3,3,0,1,NaN,0.19975,0,0,0,0,NaN,NaN,NaN,0,68,31,37,31,0,1409,0.0702625975869411,31,99,351,351,0,0,799,634,2798,2798,0,0,1426,1246,0,180,0,128,1,0.150873388080814,0.133069093307293,1,0,0
16050065,n10-ring2,N10 ring2 graph,directed-grant-blackout,Directed GRANT blackout,grant-loss-witness,10,113132319941,74495014254,1855086,4229577,501371854,1,2,421,0,0,3,3,0,1,NaN,0.889,0,0,0,0,NaN,NaN,NaN,0,806,1050,159,647,0,1409,1.31724627395316,1298,1856,16704,16305,399,0,3556,90,9497,9497,0,0,185,183,0,2,0,2,1,0.438898164416992,0.317252635964385,1,0,0
16050065,n10-ring2,N10 ring2 graph,state-loss,Local client state loss,rejoin-boundary,10,113132319941,113132319941,1757564,3860447,504021139,NaN,NaN,NaN,NaN,NaN,3,3,1,1,10,0.98825,0,0,0,0,NaN,NaN,2,0,455,915,175,280,0,1409,0.972320794889993,931,1370,12330,12330,0,0,3953,10,10291,10291,0,0,25,23,0,2,0,2,1,0.454849989214077,0.292655951277267,1,0,0
16050065,n10-ring2,N10 ring2 graph,owner-reconfiguration,Owner tuple reconfiguration,lease-fence-boundary,10,113132319941,113132319941,1757567,3863928,503321724,NaN,NaN,NaN,NaN,NaN,3,3,1,1,10,0.92975,0,0,0,0,222,221,NaN,5,619,1035,156,463,0,1409,1.17388218594748,1479,1654,14886,14886,0,0,3719,55,9717,9717,0,0,132,122,0,10,0,6,1,0.445141674337571,0.29931112119261,1,0,0
16050066,n5-6dof,N5 6-DOF graph,zero,Zero loss,native,5,30332278074,30332278074,1062327,491184,176806773,NaN,NaN,NaN,NaN,NaN,3,3,1,1,5,0.995,0,0,0,0,NaN,NaN,NaN,0,213,310,89,124,0,534,0.97940074906367,310,523,2092,2092,0,0,1990,4,4777,4777,0,0,7,5,0,2,0,2,1,0.406916493360537,0.406728830104567,1,0,0
16050066,n5-6dof,N5 6-DOF graph,data-erasure-5,DATA erasure 5%,data-separation,5,30332278074,30332278074,1718197,491184,176806773,NaN,NaN,NaN,NaN,NaN,3,3,1,1,5,0.995,0,0,0,0,NaN,NaN,NaN,0,213,310,89,124,0,534,0.97940074906367,310,523,2092,2092,0,0,1990,4,4777,4534,243,0,7,5,0,2,0,2,1,0.406916493360537,0.406728830104567,1,0,0
16050066,n5-6dof,N5 6-DOF graph,management-erasure-5,Management erasure 5%,control-loss,5,30332278074,30332278074,1386693,493104,176601890,NaN,NaN,NaN,NaN,NaN,3,3,1,1,5,0.995,0,0,0,0,NaN,NaN,NaN,0,250,363,89,161,0,534,1.14794007490637,395,613,2452,2334,118,0,1990,4,4777,4777,0,0,7,5,0,2,0,2,1,0.412546391039622,0.412358727783652,1,0,0
16050066,n5-6dof,N5 6-DOF graph,local-management,Local management reach,visibility-boundary,5,30332278074,30332278074,1061873,574315,137611490,NaN,NaN,NaN,NaN,NaN,3,3,0,1,NaN,0.3995,0,0,0,0,NaN,NaN,NaN,0,68,31,37,31,0,534,0.185393258426966,31,99,249,249,0,0,799,404,1998,1998,0,0,849,761,0,88,0,88,1,0.231951784378304,0.219566009484317,1,0,0
16050066,n5-6dof,N5 6-DOF graph,directed-grant-blackout,Directed GRANT blackout,grant-loss-witness,5,30332278074,20699349380,1160268,985647,175440741,1,2,421,0,0,3,3,0,1,NaN,0.7955,0,0,0,0,NaN,NaN,NaN,0,564,585,72,492,0,534,2.15168539325843,678,1149,4596,4197,399,0,1591,145,3979,3979,0,0,289,285,0,4,0,4,1,0.397658439399375,0.397283112887436,1,0,0
16050066,n5-6dof,N5 6-DOF graph,state-loss,Local client state loss,rejoin-boundary,5,30332278074,30332278074,1062446,492163,176900190,NaN,NaN,NaN,NaN,NaN,3,3,1,1,5,0.994,0,0,0,0,NaN,NaN,2,0,213,314,87,126,0,534,0.98689138576779,314,527,2108,2108,0,0,1988,5,4773,4773,0,0,9,7,0,2,0,2,1,0.406979047779193,0.406791384523224,1,0,0
16050066,n5-6dof,N5 6-DOF graph,owner-reconfiguration,Owner tuple reconfiguration,lease-fence-boundary,5,30332278074,30332278074,1062449,499324,177265338,NaN,NaN,NaN,NaN,NaN,3,3,1,1,5,0.9645,0,0,0,0,222,221,NaN,1,261,319,79,182,0,534,1.08614232209738,440,580,2320,2320,0,0,1929,22,4647,4647,0,0,44,38,0,6,0,6,1,0.402412575217269,0.40184958544936,1,0,0
16050066,n10-ring2,N10 ring2 graph,zero,Zero loss,native,10,113205554502,113205554502,1757145,3859903,504027300,NaN,NaN,NaN,NaN,NaN,3,3,1,1,10,0.98875,0,0,0,0,NaN,NaN,NaN,0,455,930,176,279,0,1409,0.982966643009226,930,1385,12465,12465,0,0,3955,8,10295,10295,0,0,13,13,0,0,0,0,1,0.455364564207531,0.292861781274649,1,0,0
16050066,n10-ring2,N10 ring2 graph,data-erasure-5,DATA erasure 5%,data-separation,10,113205554502,113205554502,2413015,3859903,504027300,NaN,NaN,NaN,NaN,NaN,3,3,1,1,10,0.98875,0,0,0,0,NaN,NaN,NaN,0,455,930,176,279,0,1409,0.982966643009226,930,1385,12465,12465,0,0,3955,8,10295,9758,537,0,13,13,0,0,0,0,1,0.455364564207531,0.292861781274649,1,0,0
16050066,n10-ring2,N10 ring2 graph,management-erasure-5,Management erasure 5%,control-loss,10,113205554502,113205554502,2081511,3859770,502920650,NaN,NaN,NaN,NaN,NaN,3,3,1,1,26,0.97225,0,0,0,0,NaN,NaN,NaN,0,530,1015,172,358,0,1409,1.09652235628105,1160,1545,13905,13239,666,0,3889,24,10147,10147,0,0,44,42,0,2,0,2,1,0.455707614203167,0.296292281231011,1,0,0
16050066,n10-ring2,N10 ring2 graph,local-management,Local management reach,visibility-boundary,10,113205554502,113205554502,1746229,708514,382845946,NaN,NaN,NaN,NaN,NaN,3,3,0,1,NaN,0.19975,0,0,0,0,NaN,NaN,NaN,0,68,31,37,31,0,1409,0.0702625975869411,31,99,351,351,0,0,799,622,2798,2798,0,0,1381,1241,0,140,0,104,1,0.149638408096523,0.132554518313839,1,0,0
16050066,n10-ring2,N10 ring2 graph,directed-grant-blackout,Directed GRANT blackout,grant-loss-witness,10,113205554502,74506961057,1855086,4229795,501371854,1,2,421,0,0,3,3,0,1,NaN,0.889,0,0,0,0,NaN,NaN,NaN,0,806,1050,159,647,0,1409,1.31724627395316,1298,1856,16704,16305,399,0,3556,98,9497,9497,0,0,191,191,0,0,0,0,1,0.439721484406519,0.31787012595653,1,0,0
16050066,n10-ring2,N10 ring2 graph,state-loss,Local client state loss,rejoin-boundary,10,113205554502,113205554502,1757564,3860295,504021139,NaN,NaN,NaN,NaN,NaN,3,3,1,1,10,0.98825,0,0,0,0,NaN,NaN,2,0,455,915,175,280,0,1409,0.972320794889993,931,1370,12330,12330,0,0,3953,8,10291,10291,0,0,13,13,0,0,0,0,1,0.454644159216695,0.292347206281195,1,0,0
16050066,n10-ring2,N10 ring2 graph,owner-reconfiguration,Owner tuple reconfiguration,lease-fence-boundary,10,113205554502,113205554502,1757567,3863628,503321724,NaN,NaN,NaN,NaN,NaN,3,3,1,1,10,0.92975,0,0,0,0,222,221,NaN,5,619,1035,156,463,0,1409,1.17388218594748,1479,1654,14886,14886,0,0,3719,49,9717,9717,0,0,117,111,0,6,0,4,1,0.444524184345426,0.298693631200465,1,0,0
16050067,n5-6dof,N5 6-DOF graph,zero,Zero loss,native,5,30371701864,30371701864,1062327,491136,176806773,NaN,NaN,NaN,NaN,NaN,3,3,1,1,5,0.995,0,0,0,0,NaN,NaN,NaN,0,213,310,89,124,0,534,0.97940074906367,310,523,2092,2092,0,0,1990,4,4777,4777,0,0,9,9,0,0,0,0,1,0.406916493360537,0.406916493360537,1,0,0
16050067,n5-6dof,N5 6-DOF graph,data-erasure-5,DATA erasure 5%,data-separation,5,30371701864,30371701864,1718197,491136,176806773,NaN,NaN,NaN,NaN,NaN,3,3,1,1,5,0.995,0,0,0,0,NaN,NaN,NaN,0,213,310,89,124,0,534,0.97940074906367,310,523,2092,2092,0,0,1990,4,4777,4528,249,0,9,9,0,0,0,0,1,0.406916493360537,0.406916493360537,1,0,0
16050067,n5-6dof,N5 6-DOF graph,management-erasure-5,Management erasure 5%,control-loss,5,30371701864,30371701864,1386693,490578,176538407,NaN,NaN,NaN,NaN,NaN,3,3,1,1,5,0.9945,0,0,0,0,NaN,NaN,NaN,0,245,320,90,155,0,534,1.05805243445693,366,565,2260,2131,129,0,1989,5,4775,4775,0,0,11,11,0,0,0,0,1,0.40954377894411,0.40954377894411,1,0,0
16050067,n5-6dof,N5 6-DOF graph,local-management,Local management reach,visibility-boundary,5,30371701864,30371701864,1061873,575299,137611490,NaN,NaN,NaN,NaN,NaN,3,3,0,1,NaN,0.3995,0,0,0,0,NaN,NaN,NaN,0,68,31,37,31,0,534,0.185393258426966,31,99,249,249,0,0,799,440,1998,1998,0,0,920,824,0,96,0,96,1,0.238707661593207,0.224632917395494,1,0,0
16050067,n5-6dof,N5 6-DOF graph,directed-grant-blackout,Directed GRANT blackout,grant-loss-witness,5,30371701864,20669621427,1160268,985507,175440741,1,2,421,0,0,3,3,0,1,NaN,0.7955,0,0,0,0,NaN,NaN,NaN,0,564,585,72,492,0,534,2.15168539325843,678,1149,4596,4197,399,0,1591,143,3979,3979,0,0,287,287,0,0,0,0,1,0.397283112887436,0.397283112887436,1,0,0
16050067,n5-6dof,N5 6-DOF graph,state-loss,Local client state loss,rejoin-boundary,5,30371701864,30371701864,1062446,492093,176900190,NaN,NaN,NaN,NaN,NaN,3,3,1,1,5,0.994,0,0,0,0,NaN,NaN,2,0,213,314,87,126,0,534,0.98689138576779,314,527,2108,2108,0,0,1988,4,4773,4773,0,0,9,9,0,0,0,0,1,0.406791384523224,0.406791384523224,1,0,0
16050067,n5-6dof,N5 6-DOF graph,owner-reconfiguration,Owner tuple reconfiguration,lease-fence-boundary,5,30371701864,30371701864,1062449,499298,177265338,NaN,NaN,NaN,NaN,NaN,3,3,1,1,5,0.9645,0,0,0,0,222,221,NaN,1,261,319,79,182,0,534,1.08614232209738,440,580,2320,2320,0,0,1929,23,4647,4647,0,0,45,41,0,4,0,4,1,0.402600238473238,0.40203724870533,1,0,0
16050067,n10-ring2,N10 ring2 graph,zero,Zero loss,native,10,113240811668,113240811668,1757145,3860018,504027300,NaN,NaN,NaN,NaN,NaN,3,3,1,1,10,0.98875,0,0,0,0,NaN,NaN,NaN,0,455,930,176,279,0,1409,0.982966643009226,930,1385,12465,12465,0,0,3955,9,10295,10295,0,0,21,19,0,2,0,2,1,0.455467479206222,0.293067611272031,1,0,0
16050067,n10-ring2,N10 ring2 graph,data-erasure-5,DATA erasure 5%,data-separation,10,113240811668,113240811668,2413015,3860018,504027300,NaN,NaN,NaN,NaN,NaN,3,3,1,1,10,0.98875,0,0,0,0,NaN,NaN,NaN,0,455,930,176,279,0,1409,0.982966643009226,930,1385,12465,12465,0,0,3955,9,10295,9796,499,0,21,18,1,2,0,2,1,0.455467479206222,0.293067611272031,1,0,0
16050067,n10-ring2,N10 ring2 graph,management-erasure-5,Management erasure 5%,control-loss,10,113240811668,113240811668,2081511,3834418,503416967,NaN,NaN,NaN,NaN,NaN,3,3,1,1,10,0.9875,0,0,0,0,NaN,NaN,NaN,0,541,1003,178,363,0,1409,1.0958126330731,1182,1544,13896,13214,682,0,3950,10,10281,10281,0,0,24,22,0,2,0,2,1,0.460510314142075,0.298419191203956,1,0,0
16050067,n10-ring2,N10 ring2 graph,local-management,Local management reach,visibility-boundary,10,113240811668,113240811668,1746229,710086,382845946,NaN,NaN,NaN,NaN,NaN,3,3,0,1,NaN,0.19975,0,0,0,0,NaN,NaN,NaN,0,68,31,37,31,0,1409,0.0702625975869411,31,99,351,351,0,0,799,616,2798,2798,0,0,1392,1188,0,204,0,150,1,0.149020918104378,0.131216623330858,1,0,0
16050067,n10-ring2,N10 ring2 graph,directed-grant-blackout,Directed GRANT blackout,grant-loss-witness,10,113240811668,74464272184,1855086,4229248,501371854,1,2,421,0,0,3,3,0,1,NaN,0.889,0,0,0,0,NaN,NaN,NaN,0,806,1050,159,647,0,1409,1.31724627395316,1298,1856,16704,16305,399,0,3556,79,9497,9497,0,0,161,157,0,4,0,4,1,0.437766099431392,0.316017655980095,1,0,0
16050067,n10-ring2,N10 ring2 graph,state-loss,Local client state loss,rejoin-boundary,10,113240811668,113240811668,1757564,3860410,504021139,NaN,NaN,NaN,NaN,NaN,3,3,1,1,10,0.98825,0,0,0,0,NaN,NaN,2,0,455,915,175,280,0,1409,0.972320794889993,931,1370,12330,12330,0,0,3953,9,10291,10291,0,0,21,19,0,2,0,2,1,0.454747074215386,0.292553036278577,1,0,0
16050067,n10-ring2,N10 ring2 graph,owner-reconfiguration,Owner tuple reconfiguration,lease-fence-boundary,10,113240811668,113240811668,1757567,3864187,503321724,NaN,NaN,NaN,NaN,NaN,3,3,1,1,10,0.92975,0,0,0,0,222,221,NaN,5,619,1035,156,463,0,1409,1.17388218594748,1479,1654,14886,14886,0,0,3719,62,9717,9717,0,0,148,138,0,10,0,6,1,0.445862079328408,0.299928611184755,1,0,0
16050068,n5-6dof,N5 6-DOF graph,zero,Zero loss,native,5,30412932667,30412932667,1062327,491092,176806773,NaN,NaN,NaN,NaN,NaN,3,3,1,1,5,0.995,0,0,0,0,NaN,NaN,NaN,0,213,310,89,124,0,534,0.97940074906367,310,523,2092,2092,0,0,1990,2,4777,4777,0,0,4,4,0,0,0,0,1,0.406541166848598,0.406541166848598,1,0,0
16050068,n5-6dof,N5 6-DOF graph,data-erasure-5,DATA erasure 5%,data-separation,5,30412932667,30412932667,1718197,491092,176806773,NaN,NaN,NaN,NaN,NaN,3,3,1,1,5,0.995,0,0,0,0,NaN,NaN,NaN,0,213,310,89,124,0,534,0.97940074906367,310,523,2092,2092,0,0,1990,2,4777,4552,225,0,4,4,0,0,0,0,1,0.406541166848598,0.406541166848598,1,0,0
16050068,n5-6dof,N5 6-DOF graph,management-erasure-5,Management erasure 5%,control-loss,5,30412932667,30412932667,1386693,497457,177209941,NaN,NaN,NaN,NaN,NaN,3,3,1,1,6,0.994,0,0,0,0,NaN,NaN,NaN,0,247,347,90,157,0,534,1.1123595505618,377,594,2376,2257,119,0,1988,3,4772,4772,0,0,7,7,0,0,0,0,1,0.41079486731724,0.41079486731724,1,0,0
16050068,n5-6dof,N5 6-DOF graph,local-management,Local management reach,visibility-boundary,5,30412932667,30412932667,1061873,574655,137611490,NaN,NaN,NaN,NaN,NaN,3,3,0,1,NaN,0.3995,0,0,0,0,NaN,NaN,NaN,0,68,31,37,31,0,534,0.185393258426966,31,99,249,249,0,0,799,426,1998,1998,0,0,890,808,0,82,0,82,1,0.236080376009633,0.223319274603707,1,0,0
16050068,n5-6dof,N5 6-DOF graph,directed-grant-blackout,Directed GRANT blackout,grant-loss-witness,5,30412932667,20741875599,1160268,985947,175440741,1,2,421,0,0,3,3,0,1,NaN,0.7955,0,0,0,0,NaN,NaN,NaN,0,564,585,72,492,0,534,2.15168539325843,678,1149,4596,4197,399,0,1591,163,3979,3979,0,0,326,326,0,0,0,0,1,0.401036378006826,0.401036378006826,1,0,0
16050068,n5-6dof,N5 6-DOF graph,state-loss,Local client state loss,rejoin-boundary,5,30412932667,30412932667,1062446,492093,176900190,NaN,NaN,NaN,NaN,NaN,3,3,1,1,5,0.994,0,0,0,0,NaN,NaN,2,0,213,314,87,126,0,534,0.98689138576779,314,527,2108,2108,0,0,1988,4,4773,4773,0,0,8,8,0,0,0,0,1,0.406791384523224,0.406791384523224,1,0,0
16050068,n5-6dof,N5 6-DOF graph,owner-reconfiguration,Owner tuple reconfiguration,lease-fence-boundary,5,30412932667,30412932667,1062449,499162,177265338,NaN,NaN,NaN,NaN,NaN,3,3,1,1,5,0.9645,0,0,0,0,222,221,NaN,1,261,319,79,182,0,534,1.08614232209738,440,580,2320,2320,0,0,1929,19,4647,4647,0,0,41,39,0,2,0,2,1,0.40184958544936,0.401661922193391,1,0,0
16050068,n10-ring2,N10 ring2 graph,zero,Zero loss,native,10,113497213824,113497213824,1757145,3859940,504027300,NaN,NaN,NaN,NaN,NaN,3,3,1,1,10,0.98875,0,0,0,0,NaN,NaN,NaN,0,455,930,176,279,0,1409,0.982966643009226,930,1385,12465,12465,0,0,3955,9,10295,10295,0,0,22,22,0,0,0,0,1,0.455467479206222,0.29296469627334,1,0,0
16050068,n10-ring2,N10 ring2 graph,data-erasure-5,DATA erasure 5%,data-separation,10,113497213824,113497213824,2413015,3859940,504027300,NaN,NaN,NaN,NaN,NaN,3,3,1,1,10,0.98875,0,0,0,0,NaN,NaN,NaN,0,455,930,176,279,0,1409,0.982966643009226,930,1385,12465,12465,0,0,3955,9,10295,9809,486,0,22,22,0,0,0,0,1,0.455467479206222,0.29296469627334,1,0,0
16050068,n10-ring2,N10 ring2 graph,management-erasure-5,Management erasure 5%,control-loss,10,113497213824,113497213824,2081511,3845351,501264794,NaN,NaN,NaN,NaN,NaN,3,3,1,1,28,0.95575,0,0,0,0,NaN,NaN,NaN,0,499,912,149,350,0,1409,1.0014194464159,1129,1411,12699,12050,649,0,3823,35,9975,9975,0,0,81,75,0,6,0,4,1,0.445450419333644,0.289945856311741,1,0,0
16050068,n10-ring2,N10 ring2 graph,local-management,Local management reach,visibility-boundary,10,113497213824,113497213824,1746229,708417,382845946,NaN,NaN,NaN,NaN,NaN,3,3,0,1,NaN,0.19975,0,0,0,0,NaN,NaN,NaN,0,68,31,37,31,0,1409,0.0702625975869411,31,99,351,351,0,0,799,612,2798,2798,0,0,1369,1222,0,147,0,111,1,0.148609258109615,0.130187473343949,1,0,0
16050068,n10-ring2,N10 ring2 graph,directed-grant-blackout,Directed GRANT blackout,grant-loss-witness,10,113497213824,74580881341,1855086,4229022,501371854,1,2,421,0,0,3,3,0,1,NaN,0.889,0,0,0,0,NaN,NaN,NaN,0,806,1050,159,647,0,1409,1.31724627395316,1298,1856,16704,16305,399,0,3556,75,9497,9497,0,0,154,150,0,4,0,2,1,0.437354439436629,0.31550308098664,1,0,0
16050068,n10-ring2,N10 ring2 graph,state-loss,Local client state loss,rejoin-boundary,10,113497213824,113497213824,1757564,3860332,504021139,NaN,NaN,NaN,NaN,NaN,3,3,1,1,10,0.98825,0,0,0,0,NaN,NaN,2,0,455,915,175,280,0,1409,0.972320794889993,931,1370,12330,12330,0,0,3953,9,10291,10291,0,0,22,22,0,0,0,0,1,0.454747074215386,0.292450121279886,1,0,0
16050068,n10-ring2,N10 ring2 graph,owner-reconfiguration,Owner tuple reconfiguration,lease-fence-boundary,10,113497213824,113497213824,1757567,3863735,503321724,NaN,NaN,NaN,NaN,NaN,3,3,1,1,10,0.92975,0,0,0,0,222,221,NaN,5,619,1035,156,463,0,1409,1.17388218594748,1479,1654,14886,14886,0,0,3719,54,9717,9717,0,0,127,123,0,4,0,2,1,0.445038759338881,0.298899461197847,1,0,0
16050069,n5-6dof,N5 6-DOF graph,zero,Zero loss,native,5,30370520046,30370520046,1062327,491136,176806773,NaN,NaN,NaN,NaN,NaN,3,3,1,1,5,0.995,0,0,0,0,NaN,NaN,NaN,0,213,310,89,124,0,534,0.97940074906367,310,523,2092,2092,0,0,1990,4,4777,4777,0,0,9,9,0,0,0,0,1,0.406916493360537,0.406916493360537,1,0,0
16050069,n5-6dof,N5 6-DOF graph,data-erasure-5,DATA erasure 5%,data-separation,5,30370520046,30370520046,1718197,491136,176806773,NaN,NaN,NaN,NaN,NaN,3,3,1,1,5,0.995,0,0,0,0,NaN,NaN,NaN,0,213,310,89,124,0,534,0.97940074906367,310,523,2092,2092,0,0,1990,4,4777,4528,249,0,9,8,1,0,0,0,1,0.406916493360537,0.406916493360537,1,0,0
16050069,n5-6dof,N5 6-DOF graph,management-erasure-5,Management erasure 5%,control-loss,5,30370520046,30370520046,1386693,495539,176911716,NaN,NaN,NaN,NaN,NaN,3,3,1,1,6,0.9945,0,0,0,0,NaN,NaN,NaN,0,244,363,88,156,0,534,1.13670411985019,393,607,2428,2297,131,0,1989,5,4775,4775,0,0,11,11,0,0,0,0,1,0.412171064527683,0.412171064527683,1,0,0
16050069,n5-6dof,N5 6-DOF graph,local-management,Local management reach,visibility-boundary,5,30370520046,30370520046,1061873,574691,137611490,NaN,NaN,NaN,NaN,NaN,3,3,0,1,NaN,0.3995,0,0,0,0,NaN,NaN,NaN,0,68,31,37,31,0,534,0.185393258426966,31,99,249,249,0,0,799,432,1998,1998,0,0,893,815,0,78,0,78,1,0.237206355545451,0.224632917395494,1,0,0
16050069,n5-6dof,N5 6-DOF graph,directed-grant-blackout,Directed GRANT blackout,grant-loss-witness,5,30370520046,20685926697,1160268,985397,175440741,1,2,421,0,0,3,3,0,1,NaN,0.7955,0,0,0,0,NaN,NaN,NaN,0,564,585,72,492,0,534,2.15168539325843,678,1149,4596,4197,399,0,1591,138,3979,3979,0,0,277,277,0,0,0,0,1,0.396344796607588,0.396344796607588,1,0,0
16050069,n5-6dof,N5 6-DOF graph,state-loss,Local client state loss,rejoin-boundary,5,30370520046,30370520046,1062446,492093,176900190,NaN,NaN,NaN,NaN,NaN,3,3,1,1,5,0.994,0,0,0,0,NaN,NaN,2,0,213,314,87,126,0,534,0.98689138576779,314,527,2108,2108,0,0,1988,4,4773,4773,0,0,9,9,0,0,0,0,1,0.406791384523224,0.406791384523224,1,0,0
16050069,n5-6dof,N5 6-DOF graph,owner-reconfiguration,Owner tuple reconfiguration,lease-fence-boundary,5,30370520046,30370520046,1062449,499382,177265338,NaN,NaN,NaN,NaN,NaN,3,3,1,1,5,0.9645,0,0,0,0,222,221,NaN,1,261,319,79,182,0,534,1.08614232209738,440,580,2320,2320,0,0,1929,29,4647,4647,0,0,57,55,0,2,0,2,1,0.403726218009055,0.403163228241147,1,0,0
16050069,n10-ring2,N10 ring2 graph,zero,Zero loss,native,10,113138593640,113138593640,1757145,3859944,504027300,NaN,NaN,NaN,NaN,NaN,3,3,1,1,10,0.98875,0,0,0,0,NaN,NaN,NaN,0,455,930,176,279,0,1409,0.982966643009226,930,1385,12465,12465,0,0,3955,7,10295,10295,0,0,17,15,0,2,0,2,1,0.45526164920884,0.292861781274649,1,0,0
16050069,n10-ring2,N10 ring2 graph,data-erasure-5,DATA erasure 5%,data-separation,10,113138593640,113138593640,2413015,3859944,504027300,NaN,NaN,NaN,NaN,NaN,3,3,1,1,10,0.98875,0,0,0,0,NaN,NaN,NaN,0,455,930,176,279,0,1409,0.982966643009226,930,1385,12465,12465,0,0,3955,7,10295,9789,506,0,17,14,1,2,0,2,1,0.45526164920884,0.292861781274649,1,0,0
16050069,n10-ring2,N10 ring2 graph,management-erasure-5,Management erasure 5%,control-loss,10,113138593640,113138593640,2081511,3840492,503466764,NaN,NaN,NaN,NaN,NaN,3,3,1,1,12,0.98675,0,0,0,0,NaN,NaN,NaN,0,544,1000,180,364,0,1409,1.0958126330731,1173,1544,13896,13212,684,0,3947,8,10277,10277,0,0,19,17,0,2,0,2,1,0.45999573914862,0.298007531209193,1,0,0
16050069,n10-ring2,N10 ring2 graph,local-management,Local management reach,visibility-boundary,10,113138593640,113138593640,1746229,710042,382845946,NaN,NaN,NaN,NaN,NaN,3,3,0,1,NaN,0.19975,0,0,0,0,NaN,NaN,NaN,0,68,31,37,31,0,1409,0.0702625975869411,31,99,351,351,0,0,799,638,2798,2798,0,0,1414,1245,0,169,0,128,1,0.151285048075577,0.132245773317766,1,0,0
16050069,n10-ring2,N10 ring2 graph,directed-grant-blackout,Directed GRANT blackout,grant-loss-witness,10,113138593640,74558931965,1855086,4228874,501371854,1,2,421,0,0,3,3,0,1,NaN,0.889,0,0,0,0,NaN,NaN,NaN,0,806,1050,159,647,0,1409,1.31724627395316,1298,1856,16704,16305,399,0,3556,71,9497,9497,0,0,145,143,0,2,0,2,1,0.436942779441866,0.315297250989259,1,0,0
16050069,n10-ring2,N10 ring2 graph,state-loss,Local client state loss,rejoin-boundary,10,113138593640,113138593640,1757564,3860336,504021139,NaN,NaN,NaN,NaN,NaN,3,3,1,1,10,0.98825,0,0,0,0,NaN,NaN,2,0,455,915,175,280,0,1409,0.972320794889993,931,1370,12330,12330,0,0,3953,7,10291,10291,0,0,17,15,0,2,0,2,1,0.454541244218004,0.292347206281195,1,0,0
16050069,n10-ring2,N10 ring2 graph,owner-reconfiguration,Owner tuple reconfiguration,lease-fence-boundary,10,113138593640,113138593640,1757567,3864271,503321724,NaN,NaN,NaN,NaN,NaN,3,3,1,1,10,0.92975,0,0,0,0,222,221,NaN,5,619,1035,156,463,0,1409,1.17388218594748,1479,1654,14886,14886,0,0,3719,59,9717,9717,0,0,137,120,0,17,0,11,1,0.445553334332335,0.299208206193919,1,0,0
16050070,n5-6dof,N5 6-DOF graph,zero,Zero loss,native,5,30395702945,30395702945,1062327,491092,176806773,NaN,NaN,NaN,NaN,NaN,3,3,1,1,5,0.995,0,0,0,0,NaN,NaN,NaN,0,213,310,89,124,0,534,0.97940074906367,310,523,2092,2092,0,0,1990,2,4777,4777,0,0,5,5,0,0,0,0,1,0.406541166848598,0.406541166848598,1,0,0
16050070,n5-6dof,N5 6-DOF graph,data-erasure-5,DATA erasure 5%,data-separation,5,30395702945,30395702945,1718197,491092,176806773,NaN,NaN,NaN,NaN,NaN,3,3,1,1,5,0.995,0,0,0,0,NaN,NaN,NaN,0,213,310,89,124,0,534,0.97940074906367,310,523,2092,2092,0,0,1990,2,4777,4524,253,0,5,4,1,0,0,0,1,0.406541166848598,0.406541166848598,1,0,0
16050070,n5-6dof,N5 6-DOF graph,management-erasure-5,Management erasure 5%,control-loss,5,30395702945,30395702945,1386693,495921,177204540,NaN,NaN,NaN,NaN,NaN,3,3,1,1,5,0.995,0,0,0,0,NaN,NaN,NaN,0,239,294,86,153,0,534,0.99812734082397,374,533,2132,2009,123,0,1990,2,4777,4777,0,0,5,5,0,0,0,0,1,0.407166711035163,0.407166711035163,1,0,0
16050070,n5-6dof,N5 6-DOF graph,local-management,Local management reach,visibility-boundary,5,30395702945,30395702945,1061873,575061,137611490,NaN,NaN,NaN,NaN,NaN,3,3,0,1,NaN,0.3995,0,0,0,0,NaN,NaN,NaN,0,68,31,37,31,0,534,0.185393258426966,31,99,249,249,0,0,799,427,1998,1998,0,0,895,797,0,98,0,98,1,0.236268039265603,0.223131611347738,1,0,0
16050070,n5-6dof,N5 6-DOF graph,directed-grant-blackout,Directed GRANT blackout,grant-loss-witness,5,30395702945,20740604695,1160268,985595,175440741,1,2,421,0,0,3,3,0,1,NaN,0.7955,0,0,0,0,NaN,NaN,NaN,0,564,585,72,492,0,534,2.15168539325843,678,1149,4596,4197,399,0,1591,147,3979,3979,0,0,295,295,0,0,0,0,1,0.398033765911314,0.398033765911314,1,0,0
16050070,n5-6dof,N5 6-DOF graph,state-loss,Local client state loss,rejoin-boundary,5,30395702945,30395702945,1062446,492071,176900190,NaN,NaN,NaN,NaN,NaN,3,3,1,1,5,0.994,0,0,0,0,NaN,NaN,2,0,213,314,87,126,0,534,0.98689138576779,314,527,2108,2108,0,0,1988,3,4773,4773,0,0,7,7,0,0,0,0,1,0.406603721267254,0.406603721267254,1,0,0
16050070,n5-6dof,N5 6-DOF graph,owner-reconfiguration,Owner tuple reconfiguration,lease-fence-boundary,5,30395702945,30395702945,1062449,499390,177265338,NaN,NaN,NaN,NaN,NaN,3,3,1,1,5,0.9645,0,0,0,0,222,221,NaN,1,261,319,79,182,0,534,1.08614232209738,440,580,2320,2320,0,0,1929,25,4647,4647,0,0,48,42,0,6,0,6,1,0.402975564985177,0.402224911961299,1,0,0
16050070,n10-ring2,N10 ring2 graph,zero,Zero loss,native,10,113485291228,113485291228,1757145,3859944,504027300,NaN,NaN,NaN,NaN,NaN,3,3,1,1,10,0.98875,0,0,0,0,NaN,NaN,NaN,0,455,930,176,279,0,1409,0.982966643009226,930,1385,12465,12465,0,0,3955,7,10295,10295,0,0,17,15,0,2,0,2,1,0.45526164920884,0.292861781274649,1,0,0
16050070,n10-ring2,N10 ring2 graph,data-erasure-5,DATA erasure 5%,data-separation,10,113485291228,113485291228,2413015,3859944,504027300,NaN,NaN,NaN,NaN,NaN,3,3,1,1,10,0.98875,0,0,0,0,NaN,NaN,NaN,0,455,930,176,279,0,1409,0.982966643009226,930,1385,12465,12465,0,0,3955,7,10295,9780,515,0,17,15,0,2,0,2,1,0.45526164920884,0.292861781274649,1,0,0
16050070,n10-ring2,N10 ring2 graph,management-erasure-5,Management erasure 5%,control-loss,10,113485291228,113485291228,2081511,3835480,502574469,NaN,NaN,NaN,NaN,NaN,3,3,1,1,36,0.9745,0,0,0,0,NaN,NaN,NaN,0,515,926,153,362,0,1409,1.02271114265436,1178,1441,12969,12341,628,0,3898,15,10165,10165,0,0,35,33,0,2,0,2,1,0.452139894248551,0.291283751294723,1,0,0
16050070,n10-ring2,N10 ring2 graph,local-management,Local management reach,visibility-boundary,10,113485291228,113485291228,1746229,708390,382845946,NaN,NaN,NaN,NaN,NaN,3,3,0,1,NaN,0.19975,0,0,0,0,NaN,NaN,NaN,0,68,31,37,31,0,1409,0.0702625975869411,31,99,351,351,0,0,799,606,2798,2798,0,0,1330,1176,0,154,0,116,1,0.147991768117469,0.131216623330858,1,0,0
16050070,n10-ring2,N10 ring2 graph,directed-grant-blackout,Directed GRANT blackout,grant-loss-witness,10,113485291228,74538593253,1855086,4229207,501371854,1,2,421,0,0,3,3,0,1,NaN,0.889,0,0,0,0,NaN,NaN,NaN,0,806,1050,159,647,0,1409,1.31724627395316,1298,1856,16704,16305,399,0,3556,80,9497,9497,0,0,163,161,0,2,0,2,1,0.437869014430083,0.316223485977476,1,0,0
16050070,n10-ring2,N10 ring2 graph,state-loss,Local client state loss,rejoin-boundary,10,113485291228,113485291228,1757564,3860336,504021139,NaN,NaN,NaN,NaN,NaN,3,3,1,1,10,0.98825,0,0,0,0,NaN,NaN,2,0,455,915,175,280,0,1409,0.972320794889993,931,1370,12330,12330,0,0,3953,7,10291,10291,0,0,17,15,0,2,0,2,1,0.454541244218004,0.292347206281195,1,0,0
16050070,n10-ring2,N10 ring2 graph,owner-reconfiguration,Owner tuple reconfiguration,lease-fence-boundary,10,113485291228,113485291228,1757567,3863780,503321724,NaN,NaN,NaN,NaN,NaN,3,3,1,1,10,0.92975,0,0,0,0,222,221,NaN,5,619,1035,156,463,0,1409,1.17388218594748,1479,1654,14886,14886,0,0,3719,51,9717,9717,0,0,118,110,0,8,0,6,1,0.444730014342808,0.298590716201774,1,0,0
16050071,n5-6dof,N5 6-DOF graph,zero,Zero loss,native,5,30459324174,30459324174,1062327,491114,176806773,NaN,NaN,NaN,NaN,NaN,3,3,1,1,5,0.995,0,0,0,0,NaN,NaN,NaN,0,213,310,89,124,0,534,0.97940074906367,310,523,2092,2092,0,0,1990,3,4777,4777,0,0,7,7,0,0,0,0,1,0.406728830104567,0.406728830104567,1,0,0
16050071,n5-6dof,N5 6-DOF graph,data-erasure-5,DATA erasure 5%,data-separation,5,30459324174,30459324174,1718197,491114,176806773,NaN,NaN,NaN,NaN,NaN,3,3,1,1,5,0.995,0,0,0,0,NaN,NaN,NaN,0,213,310,89,124,0,534,0.97940074906367,310,523,2092,2092,0,0,1990,3,4777,4505,272,0,7,7,0,0,0,0,1,0.406728830104567,0.406728830104567,1,0,0
16050071,n5-6dof,N5 6-DOF graph,management-erasure-5,Management erasure 5%,control-loss,5,30459324174,30459324174,1386693,494182,176806593,NaN,NaN,NaN,NaN,NaN,3,3,1,1,5,0.995,0,0,0,0,NaN,NaN,NaN,0,242,372,89,153,0,534,1.1498127340824,378,614,2456,2316,140,0,1990,3,4777,4777,0,0,7,7,0,0,0,0,1,0.412421282202309,0.412421282202309,1,0,0
16050071,n5-6dof,N5 6-DOF graph,local-management,Local management reach,visibility-boundary,5,30459324174,30459324174,1061873,575019,137611490,NaN,NaN,NaN,NaN,NaN,3,3,0,1,NaN,0.3995,0,0,0,0,NaN,NaN,NaN,0,68,31,37,31,0,534,0.185393258426966,31,99,249,249,0,0,799,436,1998,1998,0,0,901,813,0,88,0,88,1,0.237957008569329,0.223319274603707,1,0,0
16050071,n5-6dof,N5 6-DOF graph,directed-grant-blackout,Directed GRANT blackout,grant-loss-witness,5,30459324174,20718649586,1160268,985863,175440741,1,2,421,0,0,3,3,0,1,NaN,0.7955,0,0,0,0,NaN,NaN,NaN,0,564,585,72,492,0,534,2.15168539325843,678,1149,4596,4197,399,0,1591,157,3979,3979,0,0,315,311,0,4,0,2,1,0.399910398471009,0.399722735215039,1,0,0
16050071,n5-6dof,N5 6-DOF graph,state-loss,Local client state loss,rejoin-boundary,5,30459324174,30459324174,1062446,492093,176900190,NaN,NaN,NaN,NaN,NaN,3,3,1,1,5,0.994,0,0,0,0,NaN,NaN,2,0,213,314,87,126,0,534,0.98689138576779,314,527,2108,2108,0,0,1988,4,4773,4773,0,0,9,9,0,0,0,0,1,0.406791384523224,0.406791384523224,1,0,0
16050071,n5-6dof,N5 6-DOF graph,owner-reconfiguration,Owner tuple reconfiguration,lease-fence-boundary,5,30459324174,30459324174,1062449,499364,177265338,NaN,NaN,NaN,NaN,NaN,3,3,1,1,5,0.9645,0,0,0,0,222,221,NaN,1,261,319,79,182,0,534,1.08614232209738,440,580,2320,2320,0,0,1929,26,4647,4647,0,0,54,50,0,4,0,4,1,0.403163228241147,0.402787901729208,1,0,0
16050071,n10-ring2,N10 ring2 graph,zero,Zero loss,native,10,113348296513,113348296513,1757145,3859829,504027300,NaN,NaN,NaN,NaN,NaN,3,3,1,1,10,0.98875,0,0,0,0,NaN,NaN,NaN,0,455,930,176,279,0,1409,0.982966643009226,930,1385,12465,12465,0,0,3955,6,10295,10295,0,0,12,12,0,0,0,0,1,0.455158734210149,0.292758866275958,1,0,0
16050071,n10-ring2,N10 ring2 graph,data-erasure-5,DATA erasure 5%,data-separation,10,113348296513,113348296513,2413015,3859829,504027300,NaN,NaN,NaN,NaN,NaN,3,3,1,1,10,0.98875,0,0,0,0,NaN,NaN,NaN,0,455,930,176,279,0,1409,0.982966643009226,930,1385,12465,12465,0,0,3955,6,10295,9780,515,0,12,11,1,0,0,0,1,0.455158734210149,0.292758866275958,1,0,0
16050071,n10-ring2,N10 ring2 graph,management-erasure-5,Management erasure 5%,control-loss,10,113348296513,113348296513,2081511,3843678,502037409,NaN,NaN,NaN,NaN,NaN,3,3,1,1,22,0.96725,0,0,0,0,NaN,NaN,NaN,0,509,949,162,347,0,1409,1.0347764371895,1127,1458,13122,12482,640,0,3869,21,10087,10087,0,0,48,41,0,7,0,5,1,0.450356034271242,0.29258734127814,1,0,0
16050071,n10-ring2,N10 ring2 graph,local-management,Local management reach,visibility-boundary,10,113348296513,113348296513,1746229,708392,382845946,NaN,NaN,NaN,NaN,NaN,3,3,0,1,NaN,0.19975,0,0,0,0,NaN,NaN,NaN,0,68,31,37,31,0,1409,0.0702625975869411,31,99,351,351,0,0,799,605,2798,2798,0,0,1332,1169,0,163,0,117,1,0.147888853118779,0.130187473343949,1,0,0
16050071,n10-ring2,N10 ring2 graph,directed-grant-blackout,Directed GRANT blackout,grant-loss-witness,10,113348296513,74521249559,1855086,4228685,501371854,1,2,421,0,0,3,3,0,1,NaN,0.889,0,0,0,0,NaN,NaN,NaN,0,806,1050,159,647,0,1409,1.31724627395316,1298,1856,16704,16305,399,0,3556,68,9497,9497,0,0,136,136,0,0,0,0,1,0.436634034445793,0.314988505993186,1,0,0
16050071,n10-ring2,N10 ring2 graph,state-loss,Local client state loss,rejoin-boundary,10,113348296513,113348296513,1757564,3860221,504021139,NaN,NaN,NaN,NaN,NaN,3,3,1,1,10,0.98825,0,0,0,0,NaN,NaN,2,0,455,915,175,280,0,1409,0.972320794889993,931,1370,12330,12330,0,0,3953,6,10291,10291,0,0,12,12,0,0,0,0,1,0.454438329219313,0.292244291282504,1,0,0
16050071,n10-ring2,N10 ring2 graph,owner-reconfiguration,Owner tuple reconfiguration,lease-fence-boundary,10,113348296513,113348296513,1757567,3863739,503321724,NaN,NaN,NaN,NaN,NaN,3,3,1,1,10,0.92975,0,0,0,0,222,221,NaN,5,619,1035,156,463,0,1409,1.17388218594748,1479,1654,14886,14886,0,0,3719,52,9717,9717,0,0,129,123,0,6,0,4,1,0.444832929341499,0.298899461197847,1,0,0
16050072,n5-6dof,N5 6-DOF graph,zero,Zero loss,native,5,30435655649,30435655649,1062327,491136,176806773,NaN,NaN,NaN,NaN,NaN,3,3,1,1,5,0.995,0,0,0,0,NaN,NaN,NaN,0,213,310,89,124,0,534,0.97940074906367,310,523,2092,2092,0,0,1990,4,4777,4777,0,0,9,9,0,0,0,0,1,0.406916493360537,0.406916493360537,1,0,0
16050072,n5-6dof,N5 6-DOF graph,data-erasure-5,DATA erasure 5%,data-separation,5,30435655649,30435655649,1718197,491136,176806773,NaN,NaN,NaN,NaN,NaN,3,3,1,1,5,0.995,0,0,0,0,NaN,NaN,NaN,0,213,310,89,124,0,534,0.97940074906367,310,523,2092,2092,0,0,1990,4,4777,4550,227,0,9,8,1,0,0,0,1,0.406916493360537,0.406916493360537,1,0,0
16050072,n5-6dof,N5 6-DOF graph,management-erasure-5,Management erasure 5%,control-loss,5,30435655649,30435655649,1386693,494373,176904775,NaN,NaN,NaN,NaN,NaN,3,3,1,1,7,0.9925,0,0,0,0,NaN,NaN,NaN,0,238,337,91,147,0,534,1.07677902621723,360,575,2300,2199,101,0,1985,6,4766,4766,0,0,9,9,0,0,0,0,1,0.409606333362766,0.409231006850827,1,0,0
16050072,n5-6dof,N5 6-DOF graph,local-management,Local management reach,visibility-boundary,5,30435655649,30435655649,1061873,574457,137611490,NaN,NaN,NaN,NaN,NaN,3,3,0,1,NaN,0.3995,0,0,0,0,NaN,NaN,NaN,0,68,31,37,31,0,534,0.185393258426966,31,99,249,249,0,0,799,417,1998,1998,0,0,898,816,0,82,0,82,1,0.234391406705908,0.223882264371616,1,0,0
16050072,n5-6dof,N5 6-DOF graph,directed-grant-blackout,Directed GRANT blackout,grant-loss-witness,5,30435655649,20712857744,1160268,985731,175440741,1,2,421,0,0,3,3,0,1,NaN,0.7955,0,0,0,0,NaN,NaN,NaN,0,564,585,72,492,0,534,2.15168539325843,678,1149,4596,4197,399,0,1591,151,3979,3979,0,0,301,297,0,4,0,2,1,0.398784418935192,0.398409092423253,1,0,0
16050072,n5-6dof,N5 6-DOF graph,state-loss,Local client state loss,rejoin-boundary,5,30435655649,30435655649,1062446,492137,176900190,NaN,NaN,NaN,NaN,NaN,3,3,1,1,5,0.994,0,0,0,0,NaN,NaN,2,0,213,314,87,126,0,534,0.98689138576779,314,527,2108,2108,0,0,1988,6,4773,4773,0,0,13,13,0,0,0,0,1,0.407166711035163,0.407166711035163,1,0,0
16050072,n5-6dof,N5 6-DOF graph,owner-reconfiguration,Owner tuple reconfiguration,lease-fence-boundary,5,30435655649,30435655649,1062449,499118,177265338,NaN,NaN,NaN,NaN,NaN,3,3,1,1,5,0.9645,0,0,0,0,222,221,NaN,1,261,319,79,182,0,534,1.08614232209738,440,580,2320,2320,0,0,1929,17,4647,4647,0,0,33,31,0,2,0,2,1,0.401474258937421,0.401098932425482,1,0,0
16050072,n10-ring2,N10 ring2 graph,zero,Zero loss,native,10,113169599730,113169599730,1757145,3860092,504027300,NaN,NaN,NaN,NaN,NaN,3,3,1,1,10,0.98875,0,0,0,0,NaN,NaN,NaN,0,455,930,176,279,0,1409,0.982966643009226,930,1385,12465,12465,0,0,3955,11,10295,10295,0,0,24,22,0,2,0,2,1,0.455673309203604,0.293067611272031,1,0,0
16050072,n10-ring2,N10 ring2 graph,data-erasure-5,DATA erasure 5%,data-separation,10,113169599730,113169599730,2413015,3860092,504027300,NaN,NaN,NaN,NaN,NaN,3,3,1,1,10,0.98875,0,0,0,0,NaN,NaN,NaN,0,455,930,176,279,0,1409,0.982966643009226,930,1385,12465,12465,0,0,3955,11,10295,9805,490,0,24,22,0,2,0,2,1,0.455673309203604,0.293067611272031,1,0,0
16050072,n10-ring2,N10 ring2 graph,management-erasure-5,Management erasure 5%,control-loss,10,113169599730,113169599730,2081511,3850981,503701755,NaN,NaN,NaN,NaN,NaN,3,3,1,1,11,0.988,0,0,0,0,NaN,NaN,NaN,0,541,959,185,356,0,1409,1.06458481192335,1175,1500,13500,12815,685,0,3952,11,10287,10287,0,0,24,22,0,2,0,2,1,0.459309639157348,0.296703941225775,1,0,0
16050072,n10-ring2,N10 ring2 graph,local-management,Local management reach,visibility-boundary,10,113169599730,113169599730,1746229,706903,382845946,NaN,NaN,NaN,NaN,NaN,3,3,0,1,NaN,0.19975,0,0,0,0,NaN,NaN,NaN,0,68,31,37,31,0,1409,0.0702625975869411,31,99,351,351,0,0,799,589,2798,2798,0,0,1319,1191,0,128,0,94,1,0.146242213139725,0.131628283325621,1,0,0
16050072,n10-ring2,N10 ring2 graph,directed-grant-blackout,Directed GRANT blackout,grant-loss-witness,10,113169599730,74415770473,1855086,4229133,501371854,1,2,421,0,0,3,3,0,1,NaN,0.889,0,0,0,0,NaN,NaN,NaN,0,806,1050,159,647,0,1409,1.31724627395316,1298,1856,16704,16305,399,0,3556,78,9497,9497,0,0,158,156,0,2,0,2,1,0.437663184432702,0.315811825982713,1,0,0
16050072,n10-ring2,N10 ring2 graph,state-loss,Local client state loss,rejoin-boundary,10,113169599730,113169599730,1757564,3860484,504021139,NaN,NaN,NaN,NaN,NaN,3,3,1,1,10,0.98825,0,0,0,0,NaN,NaN,2,0,455,915,175,280,0,1409,0.972320794889993,931,1370,12330,12330,0,0,3953,11,10291,10291,0,0,24,22,0,2,0,2,1,0.454952904212768,0.292553036278577,1,0,0
16050072,n10-ring2,N10 ring2 graph,owner-reconfiguration,Owner tuple reconfiguration,lease-fence-boundary,10,113169599730,113169599730,1757567,3863554,503321724,NaN,NaN,NaN,NaN,NaN,3,3,1,1,10,0.92975,0,0,0,0,222,221,NaN,5,619,1035,156,463,0,1409,1.17388218594748,1479,1654,14886,14886,0,0,3719,47,9717,9717,0,0,111,107,0,4,0,4,1,0.444318354348045,0.298590716201774,1,0,0
16050073,n5-6dof,N5 6-DOF graph,zero,Zero loss,native,5,30322134564,30322134564,1062327,491206,176806773,NaN,NaN,NaN,NaN,NaN,3,3,1,1,5,0.995,0,0,0,0,NaN,NaN,NaN,0,213,310,89,124,0,534,0.97940074906367,310,523,2092,2092,0,0,1990,5,4777,4777,0,0,8,6,0,2,0,2,1,0.407104156616506,0.406728830104567,1,0,0
16050073,n5-6dof,N5 6-DOF graph,data-erasure-5,DATA erasure 5%,data-separation,5,30322134564,30322134564,1718197,491206,176806773,NaN,NaN,NaN,NaN,NaN,3,3,1,1,5,0.995,0,0,0,0,NaN,NaN,NaN,0,213,310,89,124,0,534,0.97940074906367,310,523,2092,2092,0,0,1990,5,4777,4553,224,0,8,5,1,2,0,2,1,0.407104156616506,0.406728830104567,1,0,0
16050073,n5-6dof,N5 6-DOF graph,management-erasure-5,Management erasure 5%,control-loss,5,30322134564,30322134564,1386693,493548,176734239,NaN,NaN,NaN,NaN,NaN,3,3,1,1,5,0.995,0,0,0,0,NaN,NaN,NaN,0,240,365,87,153,0,534,1.13295880149813,382,605,2420,2290,130,0,1990,5,4777,4777,0,0,8,6,0,2,0,2,1,0.412233618946339,0.4118582924344,1,0,0
16050073,n5-6dof,N5 6-DOF graph,local-management,Local management reach,visibility-boundary,5,30322134564,30322134564,1061873,575339,137611490,NaN,NaN,NaN,NaN,NaN,3,3,0,1,NaN,0.3995,0,0,0,0,NaN,NaN,NaN,0,68,31,37,31,0,534,0.185393258426966,31,99,249,249,0,0,799,444,1998,1998,0,0,939,845,0,94,0,94,1,0.239458314617085,0.225008243907433,1,0,0
16050073,n5-6dof,N5 6-DOF graph,directed-grant-blackout,Directed GRANT blackout,grant-loss-witness,5,30322134564,20653827760,1160268,985401,175440741,1,2,421,0,0,3,3,0,1,NaN,0.7955,0,0,0,0,NaN,NaN,NaN,0,564,585,72,492,0,534,2.15168539325843,678,1149,4596,4197,399,0,1591,136,3979,3979,0,0,270,268,0,2,0,2,1,0.395969470095649,0.39559414358371,1,0,0
16050073,n5-6dof,N5 6-DOF graph,state-loss,Local client state loss,rejoin-boundary,5,30322134564,30322134564,1062446,492185,176900190,NaN,NaN,NaN,NaN,NaN,3,3,1,1,5,0.994,0,0,0,0,NaN,NaN,2,0,213,314,87,126,0,534,0.98689138576779,314,527,2108,2108,0,0,1988,6,4773,4773,0,0,10,8,0,2,0,2,1,0.407166711035163,0.406791384523224,1,0,0
16050073,n5-6dof,N5 6-DOF graph,owner-reconfiguration,Owner tuple reconfiguration,lease-fence-boundary,5,30322134564,30322134564,1062449,499522,177265338,NaN,NaN,NaN,NaN,NaN,3,3,1,1,5,0.9645,0,0,0,0,222,221,NaN,1,261,319,79,182,0,534,1.08614232209738,440,580,2320,2320,0,0,1929,31,4647,4647,0,0,62,56,0,6,0,6,1,0.404101544520994,0.403350891497116,1,0,0
16050073,n10-ring2,N10 ring2 graph,zero,Zero loss,native,10,113057208972,113057208972,1757145,3859829,504027300,NaN,NaN,NaN,NaN,NaN,3,3,1,1,10,0.98875,0,0,0,0,NaN,NaN,NaN,0,455,930,176,279,0,1409,0.982966643009226,930,1385,12465,12465,0,0,3955,6,10295,10295,0,0,17,17,0,0,0,0,1,0.455158734210149,0.292758866275958,1,0,0
16050073,n10-ring2,N10 ring2 graph,data-erasure-5,DATA erasure 5%,data-separation,10,113057208972,113057208972,2413015,3859829,504027300,NaN,NaN,NaN,NaN,NaN,3,3,1,1,10,0.98875,0,0,0,0,NaN,NaN,NaN,0,455,930,176,279,0,1409,0.982966643009226,930,1385,12465,12465,0,0,3955,6,10295,9784,511,0,17,16,1,0,0,0,1,0.455158734210149,0.292758866275958,1,0,0
16050073,n10-ring2,N10 ring2 graph,management-erasure-5,Management erasure 5%,control-loss,10,113057208972,113057208972,2081511,3818039,500207933,NaN,NaN,NaN,NaN,NaN,3,3,1,1,29,0.94975,0,0,0,0,NaN,NaN,NaN,0,507,867,165,342,0,1409,0.975159687721789,1105,1374,12366,11758,608,0,3799,33,9925,9925,0,0,76,62,0,14,0,13,1,0.441505344383827,0.286309526357997,1,0,0
16050073,n10-ring2,N10 ring2 graph,local-management,Local management reach,visibility-boundary,10,113057208972,113057208972,1746229,710052,382845946,NaN,NaN,NaN,NaN,NaN,3,3,0,1,NaN,0.19975,0,0,0,0,NaN,NaN,NaN,0,68,31,37,31,0,1409,0.0702625975869411,31,99,351,351,0,0,799,633,2798,2798,0,0,1379,1204,0,175,0,133,1,0.150770473082123,0.131319538329549,1,0,0
16050073,n10-ring2,N10 ring2 graph,directed-grant-blackout,Directed GRANT blackout,grant-loss-witness,10,113057208972,74330689533,1855086,4229022,501371854,1,2,421,0,0,3,3,0,1,NaN,0.889,0,0,0,0,NaN,NaN,NaN,0,806,1050,159,647,0,1409,1.31724627395316,1298,1856,16704,16305,399,0,3556,75,9497,9497,0,0,155,153,0,2,0,2,1,0.437354439436629,0.315605995985331,1,0,0
16050073,n10-ring2,N10 ring2 graph,state-loss,Local client state loss,rejoin-boundary,10,113057208972,113057208972,1757564,3860221,504021139,NaN,NaN,NaN,NaN,NaN,3,3,1,1,10,0.98825,0,0,0,0,NaN,NaN,2,0,455,915,175,280,0,1409,0.972320794889993,931,1370,12330,12330,0,0,3953,6,10291,10291,0,0,17,17,0,0,0,0,1,0.454438329219313,0.292244291282504,1,0,0
16050073,n10-ring2,N10 ring2 graph,owner-reconfiguration,Owner tuple reconfiguration,lease-fence-boundary,10,113057208972,113057208972,1757567,3863854,503321724,NaN,NaN,NaN,NaN,NaN,3,3,1,1,10,0.92975,0,0,0,0,222,221,NaN,5,619,1035,156,463,0,1409,1.17388218594748,1479,1654,14886,14886,0,0,3719,53,9717,9717,0,0,118,112,0,6,0,6,1,0.44493584434019,0.298384886204392,1,0,0
16050074,n5-6dof,N5 6-DOF graph,zero,Zero loss,native,5,30482410559,30482410559,1062327,491092,176806773,NaN,NaN,NaN,NaN,NaN,3,3,1,1,5,0.995,0,0,0,0,NaN,NaN,NaN,0,213,310,89,124,0,534,0.97940074906367,310,523,2092,2092,0,0,1990,2,4777,4777,0,0,5,5,0,0,0,0,1,0.406541166848598,0.406541166848598,1,0,0
16050074,n5-6dof,N5 6-DOF graph,data-erasure-5,DATA erasure 5%,data-separation,5,30482410559,30482410559,1718197,491092,176806773,NaN,NaN,NaN,NaN,NaN,3,3,1,1,5,0.995,0,0,0,0,NaN,NaN,NaN,0,213,310,89,124,0,534,0.97940074906367,310,523,2092,2092,0,0,1990,2,4777,4558,219,0,5,5,0,0,0,0,1,0.406541166848598,0.406541166848598,1,0,0
16050074,n5-6dof,N5 6-DOF graph,management-erasure-5,Management erasure 5%,control-loss,5,30482410559,30482410559,1386693,493717,176875215,NaN,NaN,NaN,NaN,NaN,3,3,1,1,6,0.9945,0,0,0,0,NaN,NaN,NaN,0,237,353,92,145,0,534,1.10486891385768,356,590,2360,2238,122,0,1989,2,4775,4775,0,0,5,5,0,0,0,0,1,0.410544649642614,0.410544649642614,1,0,0
16050074,n5-6dof,N5 6-DOF graph,local-management,Local management reach,visibility-boundary,5,30482410559,30482410559,1061873,574973,137611490,NaN,NaN,NaN,NaN,NaN,3,3,0,1,NaN,0.3995,0,0,0,0,NaN,NaN,NaN,0,68,31,37,31,0,534,0.185393258426966,31,99,249,249,0,0,799,423,1998,1998,0,0,888,790,0,98,0,98,1,0.235517386241725,0.222568621579829,1,0,0
16050074,n5-6dof,N5 6-DOF graph,directed-grant-blackout,Directed GRANT blackout,grant-loss-witness,5,30482410559,20678862412,1160268,985419,175440741,1,2,421,0,0,3,3,0,1,NaN,0.7955,0,0,0,0,NaN,NaN,NaN,0,564,585,72,492,0,534,2.15168539325843,678,1149,4596,4197,399,0,1591,139,3979,3979,0,0,279,279,0,0,0,0,1,0.396532459863558,0.396532459863558,1,0,0
16050074,n5-6dof,N5 6-DOF graph,state-loss,Local client state loss,rejoin-boundary,5,30482410559,30482410559,1062446,492093,176900190,NaN,NaN,NaN,NaN,NaN,3,3,1,1,5,0.994,0,0,0,0,NaN,NaN,2,0,213,314,87,126,0,534,0.98689138576779,314,527,2108,2108,0,0,1988,4,4773,4773,0,0,9,9,0,0,0,0,1,0.406791384523224,0.406791384523224,1,0,0
16050074,n5-6dof,N5 6-DOF graph,owner-reconfiguration,Owner tuple reconfiguration,lease-fence-boundary,5,30482410559,30482410559,1062449,499386,177265338,NaN,NaN,NaN,NaN,NaN,3,3,1,1,5,0.9645,0,0,0,0,222,221,NaN,1,261,319,79,182,0,534,1.08614232209738,440,580,2320,2320,0,0,1929,27,4647,4647,0,0,56,52,0,4,0,4,1,0.403350891497116,0.402975564985177,1,0,0
16050074,n10-ring2,N10 ring2 graph,zero,Zero loss,native,10,113325829134,113325829134,1757145,3859829,504027300,NaN,NaN,NaN,NaN,NaN,3,3,1,1,10,0.98875,0,0,0,0,NaN,NaN,NaN,0,455,930,176,279,0,1409,0.982966643009226,930,1385,12465,12465,0,0,3955,6,10295,10295,0,0,17,17,0,0,0,0,1,0.455158734210149,0.292861781274649,1,0,0
16050074,n10-ring2,N10 ring2 graph,data-erasure-5,DATA erasure 5%,data-separation,10,113325829134,113325829134,2413015,3859829,504027300,NaN,NaN,NaN,NaN,NaN,3,3,1,1,10,0.98875,0,0,0,0,NaN,NaN,NaN,0,455,930,176,279,0,1409,0.982966643009226,930,1385,12465,12465,0,0,3955,6,10295,9766,529,0,17,17,0,0,0,0,1,0.455158734210149,0.292861781274649,1,0,0
16050074,n10-ring2,N10 ring2 graph,management-erasure-5,Management erasure 5%,control-loss,10,113325829134,113325829134,2081511,3847958,503704811,NaN,NaN,NaN,NaN,NaN,3,3,1,1,10,0.98825,0,0,0,0,NaN,NaN,NaN,0,531,951,174,357,0,1409,1.05180979418027,1154,1482,13338,12690,648,0,3953,6,10291,10291,0,0,17,17,0,0,0,0,1,0.458280489170439,0.296189366232321,1,0,0
16050074,n10-ring2,N10 ring2 graph,local-management,Local management reach,visibility-boundary,10,113325829134,113325829134,1746229,709000,382845946,NaN,NaN,NaN,NaN,NaN,3,3,0,1,NaN,0.19975,0,0,0,0,NaN,NaN,NaN,0,68,31,37,31,0,1409,0.0702625975869411,31,99,351,351,0,0,799,613,2798,2798,0,0,1359,1192,0,167,0,125,1,0.148712173108306,0.130393303341331,1,0,0
16050074,n10-ring2,N10 ring2 graph,directed-grant-blackout,Directed GRANT blackout,grant-loss-witness,10,113325829134,74466442698,1855086,4229425,501371854,1,2,421,0,0,3,3,0,1,NaN,0.889,0,0,0,0,NaN,NaN,NaN,0,806,1050,159,647,0,1409,1.31724627395316,1298,1856,16704,16305,399,0,3556,88,9497,9497,0,0,181,181,0,0,0,0,1,0.43869233441961,0.317149720965694,1,0,0
16050074,n10-ring2,N10 ring2 graph,state-loss,Local client state loss,rejoin-boundary,10,113325829134,113325829134,1757564,3860221,504021139,NaN,NaN,NaN,NaN,NaN,3,3,1,1,10,0.98825,0,0,0,0,NaN,NaN,2,0,455,915,175,280,0,1409,0.972320794889993,931,1370,12330,12330,0,0,3953,6,10291,10291,0,0,17,17,0,0,0,0,1,0.454438329219313,0.292347206281195,1,0,0
16050074,n10-ring2,N10 ring2 graph,owner-reconfiguration,Owner tuple reconfiguration,lease-fence-boundary,10,113325829134,113325829134,1757567,3863749,503321724,NaN,NaN,NaN,NaN,NaN,3,3,1,1,10,0.92975,0,0,0,0,222,221,NaN,5,619,1035,156,463,0,1409,1.17388218594748,1479,1654,14886,14886,0,0,3719,47,9717,9717,0,0,120,105,0,15,0,9,1,0.444318354348045,0.298281971205702,1,0,0
16050075,n5-6dof,N5 6-DOF graph,zero,Zero loss,native,5,30368191318,30368191318,1062327,491070,176806773,NaN,NaN,NaN,NaN,NaN,3,3,1,1,5,0.995,0,0,0,0,NaN,NaN,NaN,0,213,310,89,124,0,534,0.97940074906367,310,523,2092,2092,0,0,1990,1,4777,4777,0,0,3,3,0,0,0,0,1,0.406353503592628,0.406353503592628,1,0,0
16050075,n5-6dof,N5 6-DOF graph,data-erasure-5,DATA erasure 5%,data-separation,5,30368191318,30368191318,1718197,491070,176806773,NaN,NaN,NaN,NaN,NaN,3,3,1,1,5,0.995,0,0,0,0,NaN,NaN,NaN,0,213,310,89,124,0,534,0.97940074906367,310,523,2092,2092,0,0,1990,1,4777,4552,225,0,3,2,1,0,0,0,1,0.406353503592628,0.406353503592628,1,0,0
16050075,n5-6dof,N5 6-DOF graph,management-erasure-5,Management erasure 5%,control-loss,5,30368191318,30368191318,1386693,492698,176833303,NaN,NaN,NaN,NaN,NaN,3,3,1,1,6,0.9935,0,0,0,0,NaN,NaN,NaN,0,239,317,89,150,0,534,1.04119850187266,364,556,2224,2122,102,0,1987,1,4771,4771,0,0,3,3,0,0,0,0,1,0.407854809640384,0.407854809640384,1,0,0
16050075,n5-6dof,N5 6-DOF graph,local-management,Local management reach,visibility-boundary,5,30368191318,30368191318,1061873,575539,137611490,NaN,NaN,NaN,NaN,NaN,3,3,0,1,NaN,0.3995,0,0,0,0,NaN,NaN,NaN,0,68,31,37,31,0,534,0.185393258426966,31,99,249,249,0,0,799,440,1998,1998,0,0,914,808,0,106,0,106,1,0.238707661593207,0.224445254139524,1,0,0
16050075,n5-6dof,N5 6-DOF graph,directed-grant-blackout,Directed GRANT blackout,grant-loss-witness,5,30368191318,20693947250,1160268,985485,175440741,1,2,421,0,0,3,3,0,1,NaN,0.7955,0,0,0,0,NaN,NaN,NaN,0,564,585,72,492,0,534,2.15168539325843,678,1149,4596,4197,399,0,1591,142,3979,3979,0,0,285,285,0,0,0,0,1,0.397095449631466,0.397095449631466,1,0,0
16050075,n5-6dof,N5 6-DOF graph,state-loss,Local client state loss,rejoin-boundary,5,30368191318,30368191318,1062446,492049,176900190,NaN,NaN,NaN,NaN,NaN,3,3,1,1,5,0.994,0,0,0,0,NaN,NaN,2,0,213,314,87,126,0,534,0.98689138576779,314,527,2108,2108,0,0,1988,2,4773,4773,0,0,5,5,0,0,0,0,1,0.406416058011285,0.406416058011285,1,0,0
16050075,n5-6dof,N5 6-DOF graph,owner-reconfiguration,Owner tuple reconfiguration,lease-fence-boundary,5,30368191318,30368191318,1062449,499276,177265338,NaN,NaN,NaN,NaN,NaN,3,3,1,1,5,0.9645,0,0,0,0,222,221,NaN,1,261,319,79,182,0,534,1.08614232209738,440,580,2320,2320,0,0,1929,22,4647,4647,0,0,44,40,0,4,0,4,1,0.402412575217269,0.40203724870533,1,0,0
16050075,n10-ring2,N10 ring2 graph,zero,Zero loss,native,10,113121744766,113121744766,1757145,3859903,504027300,NaN,NaN,NaN,NaN,NaN,3,3,1,1,10,0.98875,0,0,0,0,NaN,NaN,NaN,0,455,930,176,279,0,1409,0.982966643009226,930,1385,12465,12465,0,0,3955,8,10295,10295,0,0,16,16,0,0,0,0,1,0.455364564207531,0.29296469627334,1,0,0
16050075,n10-ring2,N10 ring2 graph,data-erasure-5,DATA erasure 5%,data-separation,10,113121744766,113121744766,2413015,3859903,504027300,NaN,NaN,NaN,NaN,NaN,3,3,1,1,10,0.98875,0,0,0,0,NaN,NaN,NaN,0,455,930,176,279,0,1409,0.982966643009226,930,1385,12465,12465,0,0,3955,8,10295,9790,505,0,16,14,2,0,0,0,1,0.455364564207531,0.29296469627334,1,0,0
16050075,n10-ring2,N10 ring2 graph,management-erasure-5,Management erasure 5%,control-loss,10,113121744766,113121744766,2081511,3832914,503391063,NaN,NaN,NaN,NaN,NaN,3,3,1,1,13,0.988,0,0,0,0,NaN,NaN,NaN,0,531,1039,175,356,0,1409,1.11426543647977,1182,1570,14130,13421,709,0,3952,9,10289,10289,0,0,18,18,0,0,0,0,1,0.46150515912942,0.299105291195228,1,0,0
16050075,n10-ring2,N10 ring2 graph,local-management,Local management reach,visibility-boundary,10,113121744766,113121744766,1746229,710367,382845946,NaN,NaN,NaN,NaN,NaN,3,3,0,1,NaN,0.19975,0,0,0,0,NaN,NaN,NaN,0,68,31,37,31,0,1409,0.0702625975869411,31,99,351,351,0,0,799,651,2798,2798,0,0,1399,1241,0,158,0,124,1,0.152622943058559,0.132863263309912,1,0,0
16050075,n10-ring2,N10 ring2 graph,directed-grant-blackout,Directed GRANT blackout,grant-loss-witness,10,113121744766,74503912807,1855086,4229281,501371854,1,2,421,0,0,3,3,0,1,NaN,0.889,0,0,0,0,NaN,NaN,NaN,0,806,1050,159,647,0,1409,1.31724627395316,1298,1856,16704,16305,399,0,3556,82,9497,9497,0,0,164,162,0,2,0,2,1,0.438074844427465,0.316223485977476,1,0,0
16050075,n10-ring2,N10 ring2 graph,state-loss,Local client state loss,rejoin-boundary,10,113121744766,113121744766,1757564,3860295,504021139,NaN,NaN,NaN,NaN,NaN,3,3,1,1,10,0.98825,0,0,0,0,NaN,NaN,2,0,455,915,175,280,0,1409,0.972320794889993,931,1370,12330,12330,0,0,3953,8,10291,10291,0,0,16,16,0,0,0,0,1,0.454644159216695,0.292450121279886,1,0,0
16050075,n10-ring2,N10 ring2 graph,owner-reconfiguration,Owner tuple reconfiguration,lease-fence-boundary,10,113121744766,113121744766,1757567,3863965,503321724,NaN,NaN,NaN,NaN,NaN,3,3,1,1,10,0.92975,0,0,0,0,222,221,NaN,5,619,1035,156,463,0,1409,1.17388218594748,1479,1654,14886,14886,0,0,3719,56,9717,9717,0,0,132,124,0,8,0,6,1,0.445244589336262,0.299002376196538,1,0,0
16050076,n5-6dof,N5 6-DOF graph,zero,Zero loss,native,5,30360292226,30360292226,1062327,491114,176806773,NaN,NaN,NaN,NaN,NaN,3,3,1,1,5,0.995,0,0,0,0,NaN,NaN,NaN,0,213,310,89,124,0,534,0.97940074906367,310,523,2092,2092,0,0,1990,3,4777,4777,0,0,6,6,0,0,0,0,1,0.406728830104567,0.406541166848598,1,0,0
16050076,n5-6dof,N5 6-DOF graph,data-erasure-5,DATA erasure 5%,data-separation,5,30360292226,30360292226,1718197,491114,176806773,NaN,NaN,NaN,NaN,NaN,3,3,1,1,5,0.995,0,0,0,0,NaN,NaN,NaN,0,213,310,89,124,0,534,0.97940074906367,310,523,2092,2092,0,0,1990,3,4777,4575,202,0,6,6,0,0,0,0,1,0.406728830104567,0.406541166848598,1,0,0
16050076,n5-6dof,N5 6-DOF graph,management-erasure-5,Management erasure 5%,control-loss,5,30360292226,30360292226,1386693,492693,176649922,NaN,NaN,NaN,NaN,NaN,3,3,1,1,5,0.995,0,0,0,0,NaN,NaN,NaN,0,247,356,92,155,0,534,1.12921348314607,378,603,2412,2292,120,0,1990,3,4777,4777,0,0,6,6,0,0,0,0,1,0.411733183597087,0.411545520341118,1,0,0
16050076,n5-6dof,N5 6-DOF graph,local-management,Local management reach,visibility-boundary,5,30360292226,30360292226,1061873,574615,137611490,NaN,NaN,NaN,NaN,NaN,3,3,0,1,NaN,0.3995,0,0,0,0,NaN,NaN,NaN,0,68,31,37,31,0,534,0.185393258426966,31,99,249,249,0,0,799,422,1998,1998,0,0,894,810,0,84,0,84,1,0.235329722985755,0.223319274603707,1,0,0
16050076,n5-6dof,N5 6-DOF graph,directed-grant-blackout,Directed GRANT blackout,grant-loss-witness,5,30360292226,20674802021,1160268,985797,175440741,1,2,421,0,0,3,3,0,1,NaN,0.7955,0,0,0,0,NaN,NaN,NaN,0,564,585,72,492,0,534,2.15168539325843,678,1149,4596,4197,399,0,1591,154,3979,3979,0,0,308,304,0,4,0,2,1,0.3993474087031,0.398972082191161,1,0,0
16050076,n5-6dof,N5 6-DOF graph,state-loss,Local client state loss,rejoin-boundary,5,30360292226,30360292226,1062446,492093,176900190,NaN,NaN,NaN,NaN,NaN,3,3,1,1,5,0.994,0,0,0,0,NaN,NaN,2,0,213,314,87,126,0,534,0.98689138576779,314,527,2108,2108,0,0,1988,4,4773,4773,0,0,8,8,0,0,0,0,1,0.406791384523224,0.406603721267254,1,0,0
16050076,n5-6dof,N5 6-DOF graph,owner-reconfiguration,Owner tuple reconfiguration,lease-fence-boundary,5,30360292226,30360292226,1062449,499364,177265338,NaN,NaN,NaN,NaN,NaN,3,3,1,1,5,0.9645,0,0,0,0,222,221,NaN,1,261,319,79,182,0,534,1.08614232209738,440,580,2320,2320,0,0,1929,26,4647,4647,0,0,51,47,0,4,0,4,1,0.403163228241147,0.402412575217269,1,0,0
16050076,n10-ring2,N10 ring2 graph,zero,Zero loss,native,10,113161607794,113161607794,1757145,3859829,504027300,NaN,NaN,NaN,NaN,NaN,3,3,1,1,10,0.98875,0,0,0,0,NaN,NaN,NaN,0,455,930,176,279,0,1409,0.982966643009226,930,1385,12465,12465,0,0,3955,6,10295,10295,0,0,14,14,0,0,0,0,1,0.455158734210149,0.292861781274649,1,0,0
16050076,n10-ring2,N10 ring2 graph,data-erasure-5,DATA erasure 5%,data-separation,10,113161607794,113161607794,2413015,3859829,504027300,NaN,NaN,NaN,NaN,NaN,3,3,1,1,10,0.98875,0,0,0,0,NaN,NaN,NaN,0,455,930,176,279,0,1409,0.982966643009226,930,1385,12465,12465,0,0,3955,6,10295,9805,490,0,14,13,1,0,0,0,1,0.455158734210149,0.292861781274649,1,0,0
16050076,n10-ring2,N10 ring2 graph,management-erasure-5,Management erasure 5%,control-loss,10,113161607794,113161607794,2081511,3854040,503557141,NaN,NaN,NaN,NaN,NaN,3,3,1,1,16,0.986,0,0,0,0,NaN,NaN,NaN,0,538,1025,173,365,0,1409,1.10929737402413,1193,1563,14067,13376,691,0,3944,8,10271,10271,0,0,19,19,0,0,0,0,1,0.460338789144256,0.298350581204829,1,0,0
16050076,n10-ring2,N10 ring2 graph,local-management,Local management reach,visibility-boundary,10,113161607794,113161607794,1746229,706498,382845946,NaN,NaN,NaN,NaN,NaN,3,3,0,1,NaN,0.19975,0,0,0,0,NaN,NaN,NaN,0,68,31,37,31,0,1409,0.0702625975869411,31,99,351,351,0,0,799,577,2798,2798,0,0,1290,1163,0,127,0,95,1,0.145007233155434,0.129878728347877,1,0,0
16050076,n10-ring2,N10 ring2 graph,directed-grant-blackout,Directed GRANT blackout,grant-loss-witness,10,113161607794,74417924494,1855086,4229244,501371854,1,2,421,0,0,3,3,0,1,NaN,0.889,0,0,0,0,NaN,NaN,NaN,0,806,1050,159,647,0,1409,1.31724627395316,1298,1856,16704,16305,399,0,3556,81,9497,9497,0,0,164,162,0,2,0,2,1,0.437971929428774,0.316326400976167,1,0,0
16050076,n10-ring2,N10 ring2 graph,state-loss,Local client state loss,rejoin-boundary,10,113161607794,113161607794,1757564,3860221,504021139,NaN,NaN,NaN,NaN,NaN,3,3,1,1,10,0.98825,0,0,0,0,NaN,NaN,2,0,455,915,175,280,0,1409,0.972320794889993,931,1370,12330,12330,0,0,3953,6,10291,10291,0,0,14,14,0,0,0,0,1,0.454438329219313,0.292347206281195,1,0,0
16050076,n10-ring2,N10 ring2 graph,owner-reconfiguration,Owner tuple reconfiguration,lease-fence-boundary,10,113161607794,113161607794,1757567,3863328,503321724,NaN,NaN,NaN,NaN,NaN,3,3,1,1,10,0.92975,0,0,0,0,222,221,NaN,5,619,1035,156,463,0,1409,1.17388218594748,1479,1654,14886,14886,0,0,3719,43,9717,9717,0,0,101,99,0,2,0,2,1,0.443906694353281,0.298281971205702,1,0,0
16050077,n5-6dof,N5 6-DOF graph,zero,Zero loss,native,5,30472017344,30472017344,1062327,491254,176806773,NaN,NaN,NaN,NaN,NaN,3,3,1,1,5,0.995,0,0,0,0,NaN,NaN,NaN,0,213,310,89,124,0,534,0.97940074906367,310,523,2092,2092,0,0,1990,5,4777,4777,0,0,10,6,0,4,0,4,1,0.407104156616506,0.406728830104567,1,0,0
16050077,n5-6dof,N5 6-DOF graph,data-erasure-5,DATA erasure 5%,data-separation,5,30472017344,30472017344,1718197,491254,176806773,NaN,NaN,NaN,NaN,NaN,3,3,1,1,5,0.995,0,0,0,0,NaN,NaN,NaN,0,213,310,89,124,0,534,0.97940074906367,310,523,2092,2092,0,0,1990,5,4777,4540,237,0,10,5,1,4,0,4,1,0.407104156616506,0.406728830104567,1,0,0
16050077,n5-6dof,N5 6-DOF graph,management-erasure-5,Management erasure 5%,control-loss,5,30472017344,30472017344,1386693,490531,176513990,NaN,NaN,NaN,NaN,NaN,3,3,1,1,5,0.9945,0,0,0,0,NaN,NaN,NaN,0,244,314,93,151,0,534,1.04494382022472,371,558,2232,2119,113,0,1989,5,4774,4774,0,0,10,6,0,4,0,4,1,0.409105898013514,0.408730571501575,1,0,0
16050077,n5-6dof,N5 6-DOF graph,local-management,Local management reach,visibility-boundary,5,30472017344,30472017344,1061873,574851,137611490,NaN,NaN,NaN,NaN,NaN,3,3,0,1,NaN,0.3995,0,0,0,0,NaN,NaN,NaN,0,68,31,37,31,0,534,0.185393258426966,31,99,249,249,0,0,799,424,1998,1998,0,0,879,787,0,92,0,92,1,0.235705049497694,0.221442642044012,1,0,0
16050077,n5-6dof,N5 6-DOF graph,directed-grant-blackout,Directed GRANT blackout,grant-loss-witness,5,30472017344,20716504387,1160268,985757,175440741,1,2,421,0,0,3,3,0,1,NaN,0.7955,0,0,0,0,NaN,NaN,NaN,0,564,585,72,492,0,534,2.15168539325843,678,1149,4596,4197,399,0,1591,150,3979,3979,0,0,300,296,0,4,0,4,1,0.398596755679222,0.398221429167283,1,0,0
16050077,n5-6dof,N5 6-DOF graph,state-loss,Local client state loss,rejoin-boundary,5,30472017344,30472017344,1062446,492211,176900190,NaN,NaN,NaN,NaN,NaN,3,3,1,1,5,0.994,0,0,0,0,NaN,NaN,2,0,213,314,87,126,0,534,0.98689138576779,314,527,2108,2108,0,0,1988,5,4773,4773,0,0,10,6,0,4,0,4,1,0.406979047779193,0.406603721267254,1,0,0
16050077,n5-6dof,N5 6-DOF graph,owner-reconfiguration,Owner tuple reconfiguration,lease-fence-boundary,5,30472017344,30472017344,1062449,499342,177265338,NaN,NaN,NaN,NaN,NaN,3,3,1,1,5,0.9645,0,0,0,0,222,221,NaN,1,261,319,79,182,0,534,1.08614232209738,440,580,2320,2320,0,0,1929,25,4647,4647,0,0,53,49,0,4,0,4,1,0.402975564985177,0.402600238473238,1,0,0
16050077,n10-ring2,N10 ring2 graph,zero,Zero loss,native,10,113238560133,113238560133,1757145,3860129,504027300,NaN,NaN,NaN,NaN,NaN,3,3,1,1,10,0.98875,0,0,0,0,NaN,NaN,NaN,0,455,930,176,279,0,1409,0.982966643009226,930,1385,12465,12465,0,0,3955,12,10295,10295,0,0,27,25,0,2,0,2,1,0.455776224202295,0.293170526270722,1,0,0
16050077,n10-ring2,N10 ring2 graph,data-erasure-5,DATA erasure 5%,data-separation,10,113238560133,113238560133,2413015,3860129,504027300,NaN,NaN,NaN,NaN,NaN,3,3,1,1,10,0.98875,0,0,0,0,NaN,NaN,NaN,0,455,930,176,279,0,1409,0.982966643009226,930,1385,12465,12465,0,0,3955,12,10295,9750,545,0,27,22,3,2,0,2,1,0.455776224202295,0.293170526270722,1,0,0
16050077,n10-ring2,N10 ring2 graph,management-erasure-5,Management erasure 5%,control-loss,10,113238560133,113238560133,2081511,3853034,502516183,NaN,NaN,NaN,NaN,NaN,3,3,1,1,24,0.968,0,0,0,0,NaN,NaN,NaN,0,534,999,179,355,0,1409,1.08800567778566,1175,1533,13797,13101,696,0,3872,29,10101,10101,0,0,61,53,0,8,0,6,1,0.454060974224113,0.296498111228393,1,0,0
16050077,n10-ring2,N10 ring2 graph,local-management,Local management reach,visibility-boundary,10,113238560133,113238560133,1746229,707577,382845946,NaN,NaN,NaN,NaN,NaN,3,3,0,1,NaN,0.19975,0,0,0,0,NaN,NaN,NaN,0,68,31,37,31,0,1409,0.0702625975869411,31,99,351,351,0,0,799,603,2798,2798,0,0,1354,1222,0,132,0,98,1,0.147683023121397,0.132348688316457,1,0,0
16050077,n10-ring2,N10 ring2 graph,directed-grant-blackout,Directed GRANT blackout,grant-loss-witness,10,113238560133,74463875786,1855086,4229400,501371854,1,2,421,0,0,3,3,0,1,NaN,0.889,0,0,0,0,NaN,NaN,NaN,0,806,1050,159,647,0,1409,1.31724627395316,1298,1856,16704,16305,399,0,3556,81,9497,9497,0,0,165,157,0,8,0,6,1,0.437971929428774,0.315914740981404,1,0,0
16050077,n10-ring2,N10 ring2 graph,state-loss,Local client state loss,rejoin-boundary,10,113238560133,113238560133,1757564,3860521,504021139,NaN,NaN,NaN,NaN,NaN,3,3,1,1,10,0.98825,0,0,0,0,NaN,NaN,2,0,455,915,175,280,0,1409,0.972320794889993,931,1370,12330,12330,0,0,3953,12,10291,10291,0,0,27,25,0,2,0,2,1,0.455055819211458,0.292655951277267,1,0,0
16050077,n10-ring2,N10 ring2 graph,owner-reconfiguration,Owner tuple reconfiguration,lease-fence-boundary,10,113238560133,113238560133,1757567,3864142,503321724,NaN,NaN,NaN,NaN,NaN,3,3,1,1,10,0.92975,0,0,0,0,222,221,NaN,5,619,1035,156,463,0,1409,1.17388218594748,1479,1654,14886,14886,0,0,3719,65,9717,9717,0,0,151,149,0,2,0,2,1,0.44617082432448,0.299928611184755,1,0,0
16050078,n5-6dof,N5 6-DOF graph,zero,Zero loss,native,5,30391369846,30391369846,1062327,491206,176806773,NaN,NaN,NaN,NaN,NaN,3,3,1,1,5,0.995,0,0,0,0,NaN,NaN,NaN,0,213,310,89,124,0,534,0.97940074906367,310,523,2092,2092,0,0,1990,5,4777,4777,0,0,10,8,0,2,0,2,1,0.407104156616506,0.406916493360537,1,0,0
16050078,n5-6dof,N5 6-DOF graph,data-erasure-5,DATA erasure 5%,data-separation,5,30391369846,30391369846,1718197,491206,176806773,NaN,NaN,NaN,NaN,NaN,3,3,1,1,5,0.995,0,0,0,0,NaN,NaN,NaN,0,213,310,89,124,0,534,0.97940074906367,310,523,2092,2092,0,0,1990,5,4777,4550,227,0,10,8,0,2,0,2,1,0.407104156616506,0.406916493360537,1,0,0
16050078,n5-6dof,N5 6-DOF graph,management-erasure-5,Management erasure 5%,control-loss,5,30391369846,30391369846,1386693,495450,175591782,NaN,NaN,NaN,NaN,NaN,3,3,1,1,24,0.9665,0,0,0,0,NaN,NaN,NaN,0,240,327,89,151,0,534,1.06179775280899,375,567,2268,2154,114,0,1933,31,4644,4644,0,0,61,47,0,14,0,14,1,0.404038990102338,0.402350020798612,1,0,0
16050078,n5-6dof,N5 6-DOF graph,local-management,Local management reach,visibility-boundary,5,30391369846,30391369846,1061873,575619,137611490,NaN,NaN,NaN,NaN,NaN,3,3,0,1,NaN,0.3995,0,0,0,0,NaN,NaN,NaN,0,68,31,37,31,0,534,0.185393258426966,31,99,249,249,0,0,799,424,1998,1998,0,0,865,741,0,124,0,124,1,0.235705049497694,0.219003019716409,1,0,0
16050078,n5-6dof,N5 6-DOF graph,directed-grant-blackout,Directed GRANT blackout,grant-loss-witness,5,30391369846,20797807244,1160268,985709,175440741,1,2,421,0,0,3,3,0,1,NaN,0.7955,0,0,0,0,NaN,NaN,NaN,0,564,585,72,492,0,534,2.15168539325843,678,1149,4596,4197,399,0,1591,150,3979,3979,0,0,300,298,0,2,0,2,1,0.398596755679222,0.398409092423253,1,0,0
16050078,n5-6dof,N5 6-DOF graph,state-loss,Local client state loss,rejoin-boundary,5,30391369846,30391369846,1062446,492185,176900190,NaN,NaN,NaN,NaN,NaN,3,3,1,1,5,0.994,0,0,0,0,NaN,NaN,2,0,213,314,87,126,0,534,0.98689138576779,314,527,2108,2108,0,0,1988,6,4773,4773,0,0,12,10,0,2,0,2,1,0.407166711035163,0.406979047779193,1,0,0
16050078,n5-6dof,N5 6-DOF graph,owner-reconfiguration,Owner tuple reconfiguration,lease-fence-boundary,5,30391369846,30391369846,1062449,499298,177265338,NaN,NaN,NaN,NaN,NaN,3,3,1,1,5,0.9645,0,0,0,0,222,221,NaN,1,261,319,79,182,0,534,1.08614232209738,440,580,2320,2320,0,0,1929,23,4647,4647,0,0,49,45,0,4,0,4,1,0.402600238473238,0.402224911961299,1,0,0
16050078,n10-ring2,N10 ring2 graph,zero,Zero loss,native,10,113397575186,113397575186,1757145,3859792,504027300,NaN,NaN,NaN,NaN,NaN,3,3,1,1,10,0.98875,0,0,0,0,NaN,NaN,NaN,0,455,930,176,279,0,1409,0.982966643009226,930,1385,12465,12465,0,0,3955,5,10295,10295,0,0,12,12,0,0,0,0,1,0.455055819211458,0.292758866275958,1,0,0
16050078,n10-ring2,N10 ring2 graph,data-erasure-5,DATA erasure 5%,data-separation,10,113397575186,113397575186,2413015,3859792,504027300,NaN,NaN,NaN,NaN,NaN,3,3,1,1,10,0.98875,0,0,0,0,NaN,NaN,NaN,0,455,930,176,279,0,1409,0.982966643009226,930,1385,12465,12465,0,0,3955,5,10295,9808,487,0,12,12,0,0,0,0,1,0.455055819211458,0.292758866275958,1,0,0
16050078,n10-ring2,N10 ring2 graph,management-erasure-5,Management erasure 5%,control-loss,10,113397575186,113397575186,2081511,3838691,502865723,NaN,NaN,NaN,NaN,NaN,3,3,1,1,22,0.97575,0,0,0,0,NaN,NaN,NaN,0,506,928,160,346,0,1409,1.01774308019872,1125,1434,12906,12272,634,0,3903,18,10176,10176,0,0,43,43,0,0,0,0,1,0.452723079241132,0.293101916271594,1,0,0
16050078,n10-ring2,N10 ring2 graph,local-management,Local management reach,visibility-boundary,10,113397575186,113397575186,1746229,709714,382845946,NaN,NaN,NaN,NaN,NaN,3,3,0,1,NaN,0.19975,0,0,0,0,NaN,NaN,NaN,0,68,31,37,31,0,1409,0.0702625975869411,31,99,351,351,0,0,799,646,2798,2798,0,0,1423,1255,0,168,0,112,1,0.152108368065104,0.132039943320385,1,0,0
16050078,n10-ring2,N10 ring2 graph,directed-grant-blackout,Directed GRANT blackout,grant-loss-witness,10,113397575186,74585016454,1855086,4229318,501371854,1,2,421,0,0,3,3,0,1,NaN,0.889,0,0,0,0,NaN,NaN,NaN,0,806,1050,159,647,0,1409,1.31724627395316,1298,1856,16704,16305,399,0,3556,83,9497,9497,0,0,168,166,0,2,0,2,1,0.438177759426156,0.316532230973549,1,0,0
16050078,n10-ring2,N10 ring2 graph,state-loss,Local client state loss,rejoin-boundary,10,113397575186,113397575186,1757564,3860184,504021139,NaN,NaN,NaN,NaN,NaN,3,3,1,1,10,0.98825,0,0,0,0,NaN,NaN,2,0,455,915,175,280,0,1409,0.972320794889993,931,1370,12330,12330,0,0,3953,5,10291,10291,0,0,12,12,0,0,0,0,1,0.454335414220622,0.292244291282504,1,0,0
16050078,n10-ring2,N10 ring2 graph,owner-reconfiguration,Owner tuple reconfiguration,lease-fence-boundary,10,113397575186,113397575186,1757567,3863328,503321724,NaN,NaN,NaN,NaN,NaN,3,3,1,1,10,0.92975,0,0,0,0,222,221,NaN,5,619,1035,156,463,0,1409,1.17388218594748,1479,1654,14886,14886,0,0,3719,43,9717,9717,0,0,101,97,0,4,0,2,1,0.443906694353281,0.29807614120832,1,0,0
16050079,n5-6dof,N5 6-DOF graph,zero,Zero loss,native,5,30383904117,30383904117,1062327,491114,176806773,NaN,NaN,NaN,NaN,NaN,3,3,1,1,5,0.995,0,0,0,0,NaN,NaN,NaN,0,213,310,89,124,0,534,0.97940074906367,310,523,2092,2092,0,0,1990,3,4777,4777,0,0,7,7,0,0,0,0,1,0.406728830104567,0.406728830104567,1,0,0
16050079,n5-6dof,N5 6-DOF graph,data-erasure-5,DATA erasure 5%,data-separation,5,30383904117,30383904117,1718197,491114,176806773,NaN,NaN,NaN,NaN,NaN,3,3,1,1,5,0.995,0,0,0,0,NaN,NaN,NaN,0,213,310,89,124,0,534,0.97940074906367,310,523,2092,2092,0,0,1990,3,4777,4532,245,0,7,7,0,0,0,0,1,0.406728830104567,0.406728830104567,1,0,0
16050079,n5-6dof,N5 6-DOF graph,management-erasure-5,Management erasure 5%,control-loss,5,30383904117,30383904117,1386693,490607,176587002,NaN,NaN,NaN,NaN,NaN,3,3,1,1,5,0.9945,0,0,0,0,NaN,NaN,NaN,0,244,311,91,153,0,534,1.03932584269663,361,555,2220,2110,110,0,1989,3,4775,4775,0,0,7,7,0,0,0,0,1,0.408542908245606,0.408542908245606,1,0,0
16050079,n5-6dof,N5 6-DOF graph,local-management,Local management reach,visibility-boundary,5,30383904117,30383904117,1061873,574357,137611490,NaN,NaN,NaN,NaN,NaN,3,3,0,1,NaN,0.3995,0,0,0,0,NaN,NaN,NaN,0,68,31,37,31,0,534,0.185393258426966,31,99,249,249,0,0,799,419,1998,1998,0,0,893,817,0,76,0,76,1,0.234766733217847,0.22219329506789,1,0,0
16050079,n5-6dof,N5 6-DOF graph,directed-grant-blackout,Directed GRANT blackout,grant-loss-witness,5,30383904117,20715614238,1160268,985573,175440741,1,2,421,0,0,3,3,0,1,NaN,0.7955,0,0,0,0,NaN,NaN,NaN,0,564,585,72,492,0,534,2.15168539325843,678,1149,4596,4197,399,0,1591,146,3979,3979,0,0,293,293,0,0,0,0,1,0.397846102655344,0.397846102655344,1,0,0
16050079,n5-6dof,N5 6-DOF graph,state-loss,Local client state loss,rejoin-boundary,5,30383904117,30383904117,1062446,492071,176900190,NaN,NaN,NaN,NaN,NaN,3,3,1,1,5,0.994,0,0,0,0,NaN,NaN,2,0,213,314,87,126,0,534,0.98689138576779,314,527,2108,2108,0,0,1988,3,4773,4773,0,0,7,7,0,0,0,0,1,0.406603721267254,0.406603721267254,1,0,0
16050079,n5-6dof,N5 6-DOF graph,owner-reconfiguration,Owner tuple reconfiguration,lease-fence-boundary,5,30383904117,30383904117,1062449,499188,177265338,NaN,NaN,NaN,NaN,NaN,3,3,1,1,5,0.9645,0,0,0,0,222,221,NaN,1,261,319,79,182,0,534,1.08614232209738,440,580,2320,2320,0,0,1929,18,4647,4647,0,0,39,35,0,4,0,4,1,0.401661922193391,0.401286595681452,1,0,0
16050079,n10-ring2,N10 ring2 graph,zero,Zero loss,native,10,113200593730,113200593730,1757145,3860018,504027300,NaN,NaN,NaN,NaN,NaN,3,3,1,1,10,0.98875,0,0,0,0,NaN,NaN,NaN,0,455,930,176,279,0,1409,0.982966643009226,930,1385,12465,12465,0,0,3955,9,10295,10295,0,0,21,19,0,2,0,2,1,0.455467479206222,0.293067611272031,1,0,0
16050079,n10-ring2,N10 ring2 graph,data-erasure-5,DATA erasure 5%,data-separation,10,113200593730,113200593730,2413015,3860018,504027300,NaN,NaN,NaN,NaN,NaN,3,3,1,1,10,0.98875,0,0,0,0,NaN,NaN,NaN,0,455,930,176,279,0,1409,0.982966643009226,930,1385,12465,12465,0,0,3955,9,10295,9786,509,0,21,18,1,2,0,2,1,0.455467479206222,0.293067611272031,1,0,0
16050079,n10-ring2,N10 ring2 graph,management-erasure-5,Management erasure 5%,control-loss,10,113200593730,113200593730,2081511,3839697,503351162,NaN,NaN,NaN,NaN,NaN,3,3,1,1,20,0.98575,0,0,0,0,NaN,NaN,NaN,0,525,1000,177,348,0,1409,1.08232789212207,1156,1525,13725,13114,611,0,3943,10,10271,10271,0,0,23,21,0,2,0,2,1,0.45913811415953,0.296841161224029,1,0,0
16050079,n10-ring2,N10 ring2 graph,local-management,Local management reach,visibility-boundary,10,113200593730,113200593730,1746229,710060,382845946,NaN,NaN,NaN,NaN,NaN,3,3,0,1,NaN,0.19975,0,0,0,0,NaN,NaN,NaN,0,68,31,37,31,0,1409,0.0702625975869411,31,99,351,351,0,0,799,629,2798,2798,0,0,1381,1197,0,184,0,137,1,0.150358813087359,0.131319538329549,1,0,0
16050079,n10-ring2,N10 ring2 graph,directed-grant-blackout,Directed GRANT blackout,grant-loss-witness,10,113200593730,74440153075,1855086,4229762,501371854,1,2,421,0,0,3,3,0,1,NaN,0.889,0,0,0,0,NaN,NaN,NaN,0,806,1050,159,647,0,1409,1.31724627395316,1298,1856,16704,16305,399,0,3556,95,9497,9497,0,0,193,191,0,2,0,2,1,0.439412739410446,0.317767210957839,1,0,0
16050079,n10-ring2,N10 ring2 graph,state-loss,Local client state loss,rejoin-boundary,10,113200593730,113200593730,1757564,3860447,504021139,NaN,NaN,NaN,NaN,NaN,3,3,1,1,10,0.98825,0,0,0,0,NaN,NaN,2,0,455,915,175,280,0,1409,0.972320794889993,931,1370,12330,12330,0,0,3953,10,10291,10291,0,0,23,21,0,2,0,2,1,0.454849989214077,0.292655951277267,1,0,0
16050079,n10-ring2,N10 ring2 graph,owner-reconfiguration,Owner tuple reconfiguration,lease-fence-boundary,10,113200593730,113200593730,1757567,3863595,503321724,NaN,NaN,NaN,NaN,NaN,3,3,1,1,10,0.92975,0,0,0,0,222,221,NaN,5,619,1035,156,463,0,1409,1.17388218594748,1479,1654,14886,14886,0,0,3719,46,9717,9717,0,0,112,106,0,6,0,6,1,0.444215439349354,0.298384886204392,1,0,0
16050080,n5-6dof,N5 6-DOF graph,zero,Zero loss,native,5,30402855206,30402855206,1062327,491114,176806773,NaN,NaN,NaN,NaN,NaN,3,3,1,1,5,0.995,0,0,0,0,NaN,NaN,NaN,0,213,310,89,124,0,534,0.97940074906367,310,523,2092,2092,0,0,1990,3,4777,4777,0,0,6,6,0,0,0,0,1,0.406728830104567,0.406728830104567,1,0,0
16050080,n5-6dof,N5 6-DOF graph,data-erasure-5,DATA erasure 5%,data-separation,5,30402855206,30402855206,1718197,491114,176806773,NaN,NaN,NaN,NaN,NaN,3,3,1,1,5,0.995,0,0,0,0,NaN,NaN,NaN,0,213,310,89,124,0,534,0.97940074906367,310,523,2092,2092,0,0,1990,3,4777,4536,241,0,6,4,2,0,0,0,1,0.406728830104567,0.406728830104567,1,0,0
16050080,n5-6dof,N5 6-DOF graph,management-erasure-5,Management erasure 5%,control-loss,5,30402855206,30402855206,1386693,496426,177120349,NaN,NaN,NaN,NaN,NaN,3,3,1,1,5,0.995,0,0,0,0,NaN,NaN,NaN,0,244,343,88,156,0,534,1.09925093632959,370,587,2348,2228,120,0,1990,3,4777,4777,0,0,6,6,0,0,0,0,1,0.410732312898583,0.410732312898583,1,0,0
16050080,n5-6dof,N5 6-DOF graph,local-management,Local management reach,visibility-boundary,5,30402855206,30402855206,1061873,575703,137611490,NaN,NaN,NaN,NaN,NaN,3,3,0,1,NaN,0.3995,0,0,0,0,NaN,NaN,NaN,0,68,31,37,31,0,534,0.185393258426966,31,99,249,249,0,0,799,454,1998,1998,0,0,943,843,0,100,0,100,1,0.24133494717678,0.227072539723097,1,0,0
16050080,n5-6dof,N5 6-DOF graph,directed-grant-blackout,Directed GRANT blackout,grant-loss-witness,5,30402855206,20678588971,1160268,985841,175440741,1,2,421,0,0,3,3,0,1,NaN,0.7955,0,0,0,0,NaN,NaN,NaN,0,564,585,72,492,0,534,2.15168539325843,678,1149,4596,4197,399,0,1591,156,3979,3979,0,0,312,310,0,2,0,2,1,0.399722735215039,0.39953507195907,1,0,0
16050080,n5-6dof,N5 6-DOF graph,state-loss,Local client state loss,rejoin-boundary,5,30402855206,30402855206,1062446,492115,176900190,NaN,NaN,NaN,NaN,NaN,3,3,1,1,5,0.994,0,0,0,0,NaN,NaN,2,0,213,314,87,126,0,534,0.98689138576779,314,527,2108,2108,0,0,1988,5,4773,4773,0,0,10,10,0,0,0,0,1,0.406979047779193,0.406979047779193,1,0,0
16050080,n5-6dof,N5 6-DOF graph,owner-reconfiguration,Owner tuple reconfiguration,lease-fence-boundary,5,30402855206,30402855206,1062449,499092,177265338,NaN,NaN,NaN,NaN,NaN,3,3,1,1,5,0.9645,0,0,0,0,222,221,NaN,1,261,319,79,182,0,534,1.08614232209738,440,580,2320,2320,0,0,1929,18,4647,4647,0,0,35,35,0,0,0,0,1,0.401661922193391,0.401474258937421,1,0,0
16050080,n10-ring2,N10 ring2 graph,zero,Zero loss,native,10,113063542596,113063542596,1757145,3860172,504027300,NaN,NaN,NaN,NaN,NaN,3,3,1,1,10,0.98875,0,0,0,0,NaN,NaN,NaN,0,455,930,176,279,0,1409,0.982966643009226,930,1385,12465,12465,0,0,3955,10,10295,10295,0,0,22,13,0,9,0,5,1,0.455570394204913,0.29296469627334,1,0,0
16050080,n10-ring2,N10 ring2 graph,data-erasure-5,DATA erasure 5%,data-separation,10,113063542596,113063542596,2413015,3860172,504027300,NaN,NaN,NaN,NaN,NaN,3,3,1,1,10,0.98875,0,0,0,0,NaN,NaN,NaN,0,455,930,176,279,0,1409,0.982966643009226,930,1385,12465,12465,0,0,3955,10,10295,9792,503,0,22,13,0,9,0,5,1,0.455570394204913,0.29296469627334,1,0,0
16050080,n10-ring2,N10 ring2 graph,management-erasure-5,Management erasure 5%,control-loss,10,113063542596,113063542596,2081511,3844697,501419961,NaN,NaN,NaN,NaN,NaN,3,3,1,1,24,0.96175,0,0,0,0,NaN,NaN,NaN,0,526,984,171,355,0,1409,1.07168204400284,1144,1510,13590,12935,655,0,3847,32,10038,10038,0,0,74,59,0,15,0,11,1,0.451007829262951,0.293547881265922,1,0,0
16050080,n10-ring2,N10 ring2 graph,local-management,Local management reach,visibility-boundary,10,113063542596,113063542596,1746229,708349,382845946,NaN,NaN,NaN,NaN,NaN,3,3,0,1,NaN,0.19975,0,0,0,0,NaN,NaN,NaN,0,68,31,37,31,0,1409,0.0702625975869411,31,99,351,351,0,0,799,607,2798,2798,0,0,1337,1182,0,155,0,114,1,0.14809468311616,0.13142245332824,1,0,0
16050080,n10-ring2,N10 ring2 graph,directed-grant-blackout,Directed GRANT blackout,grant-loss-witness,10,113063542596,74465066896,1855086,4229324,501371854,1,2,421,0,0,3,3,0,1,NaN,0.889,0,0,0,0,NaN,NaN,NaN,0,806,1050,159,647,0,1409,1.31724627395316,1298,1856,16704,16305,399,0,3556,80,9497,9497,0,0,162,153,0,9,0,5,1,0.437869014430083,0.316017655980095,1,0,0
16050080,n10-ring2,N10 ring2 graph,state-loss,Local client state loss,rejoin-boundary,10,113063542596,113063542596,1757564,3860564,504021139,NaN,NaN,NaN,NaN,NaN,3,3,1,1,10,0.98825,0,0,0,0,NaN,NaN,2,0,455,915,175,280,0,1409,0.972320794889993,931,1370,12330,12330,0,0,3953,10,10291,10291,0,0,22,13,0,9,0,5,1,0.454849989214077,0.292450121279886,1,0,0
16050080,n10-ring2,N10 ring2 graph,owner-reconfiguration,Owner tuple reconfiguration,lease-fence-boundary,10,113063542596,113063542596,1757567,3863852,503321724,NaN,NaN,NaN,NaN,NaN,3,3,1,1,10,0.92975,0,0,0,0,222,221,NaN,5,619,1035,156,463,0,1409,1.17388218594748,1479,1654,14886,14886,0,0,3719,54,9717,9717,0,0,124,115,0,9,0,5,1,0.445038759338881,0.29931112119261,1,0,0
16050081,n5-6dof,N5 6-DOF graph,zero,Zero loss,native,5,30317971581,30317971581,1062327,491092,176806773,NaN,NaN,NaN,NaN,NaN,3,3,1,1,5,0.995,0,0,0,0,NaN,NaN,NaN,0,213,310,89,124,0,534,0.97940074906367,310,523,2092,2092,0,0,1990,2,4777,4777,0,0,5,5,0,0,0,0,1,0.406541166848598,0.406541166848598,1,0,0
16050081,n5-6dof,N5 6-DOF graph,data-erasure-5,DATA erasure 5%,data-separation,5,30317971581,30317971581,1718197,491092,176806773,NaN,NaN,NaN,NaN,NaN,3,3,1,1,5,0.995,0,0,0,0,NaN,NaN,NaN,0,213,310,89,124,0,534,0.97940074906367,310,523,2092,2092,0,0,1990,2,4777,4539,238,0,5,4,1,0,0,0,1,0.406541166848598,0.406541166848598,1,0,0
16050081,n5-6dof,N5 6-DOF graph,management-erasure-5,Management erasure 5%,control-loss,5,30317971581,30317971581,1386693,492590,176682475,NaN,NaN,NaN,NaN,NaN,3,3,1,1,6,0.9945,0,0,0,0,NaN,NaN,NaN,0,245,333,92,153,0,534,1.08239700374532,383,578,2312,2200,112,0,1989,3,4775,4775,0,0,7,7,0,0,0,0,1,0.409981659874705,0.409981659874705,1,0,0
16050081,n5-6dof,N5 6-DOF graph,local-management,Local management reach,visibility-boundary,5,30317971581,30317971581,1061873,575073,137611490,NaN,NaN,NaN,NaN,NaN,3,3,0,1,NaN,0.3995,0,0,0,0,NaN,NaN,NaN,0,68,31,37,31,0,534,0.185393258426966,31,99,249,249,0,0,799,445,1998,1998,0,0,938,856,0,82,0,82,1,0.239645977873054,0.227260202979067,1,0,0
16050081,n5-6dof,N5 6-DOF graph,directed-grant-blackout,Directed GRANT blackout,grant-loss-witness,5,30317971581,20691112716,1160268,985581,175440741,1,2,421,0,0,3,3,0,1,NaN,0.7955,0,0,0,0,NaN,NaN,NaN,0,564,585,72,492,0,534,2.15168539325843,678,1149,4596,4197,399,0,1591,142,3979,3979,0,0,285,279,0,6,0,4,1,0.397095449631466,0.396720123119527,1,0,0
16050081,n5-6dof,N5 6-DOF graph,state-loss,Local client state loss,rejoin-boundary,5,30317971581,30317971581,1062446,492049,176900190,NaN,NaN,NaN,NaN,NaN,3,3,1,1,5,0.994,0,0,0,0,NaN,NaN,2,0,213,314,87,126,0,534,0.98689138576779,314,527,2108,2108,0,0,1988,2,4773,4773,0,0,5,5,0,0,0,0,1,0.406416058011285,0.406416058011285,1,0,0
16050081,n5-6dof,N5 6-DOF graph,owner-reconfiguration,Owner tuple reconfiguration,lease-fence-boundary,5,30317971581,30317971581,1062449,499430,177265338,NaN,NaN,NaN,NaN,NaN,3,3,1,1,5,0.9645,0,0,0,0,222,221,NaN,1,261,319,79,182,0,534,1.08614232209738,440,580,2320,2320,0,0,1929,29,4647,4647,0,0,56,52,0,4,0,4,1,0.403726218009055,0.403163228241147,1,0,0
16050081,n10-ring2,N10 ring2 graph,zero,Zero loss,native,10,112909864673,112909864673,1757145,3860396,504027300,NaN,NaN,NaN,NaN,NaN,3,3,1,1,10,0.98875,0,0,0,0,NaN,NaN,NaN,0,455,930,176,279,0,1409,0.982966643009226,930,1385,12465,12465,0,0,3955,15,10295,10295,0,0,33,27,0,6,0,6,1,0.456084969198367,0.293170526270722,1,0,0
16050081,n10-ring2,N10 ring2 graph,data-erasure-5,DATA erasure 5%,data-separation,10,112909864673,112909864673,2413015,3860396,504027300,NaN,NaN,NaN,NaN,NaN,3,3,1,1,10,0.98875,0,0,0,0,NaN,NaN,NaN,0,455,930,176,279,0,1409,0.982966643009226,930,1385,12465,12465,0,0,3955,15,10295,9772,523,0,33,27,0,6,0,6,1,0.456084969198367,0.293170526270722,1,0,0
16050081,n10-ring2,N10 ring2 graph,management-erasure-5,Management erasure 5%,control-loss,10,112909864673,112909864673,2081511,3850409,503667097,NaN,NaN,NaN,NaN,NaN,3,3,1,1,10,0.988,0,0,0,0,NaN,NaN,NaN,0,532,983,173,359,0,1409,1.07523066004258,1171,1515,13635,12961,674,0,3952,16,10286,10286,0,0,36,30,0,6,0,6,1,0.460338789144256,0.297424346216611,1,0,0
16050081,n10-ring2,N10 ring2 graph,local-management,Local management reach,visibility-boundary,10,112909864673,112909864673,1746229,708573,382845946,NaN,NaN,NaN,NaN,NaN,3,3,0,1,NaN,0.19975,0,0,0,0,NaN,NaN,NaN,0,68,31,37,31,0,1409,0.0702625975869411,31,99,351,351,0,0,799,612,2798,2798,0,0,1364,1213,0,151,0,115,1,0.148609258109615,0.131834113323003,1,0,0
16050081,n10-ring2,N10 ring2 graph,directed-grant-blackout,Directed GRANT blackout,grant-loss-witness,10,112909864673,74298714566,1855086,4229844,501371854,1,2,421,0,0,3,3,0,1,NaN,0.889,0,0,0,0,NaN,NaN,NaN,0,806,1050,159,647,0,1409,1.31724627395316,1298,1856,16704,16305,399,0,3556,93,9497,9497,0,0,189,183,0,6,0,6,1,0.439206909413065,0.317046805967003,1,0,0
16050081,n10-ring2,N10 ring2 graph,state-loss,Local client state loss,rejoin-boundary,10,112909864673,112909864673,1757564,3860788,504021139,NaN,NaN,NaN,NaN,NaN,3,3,1,1,10,0.98825,0,0,0,0,NaN,NaN,2,0,455,915,175,280,0,1409,0.972320794889993,931,1370,12330,12330,0,0,3953,15,10291,10291,0,0,33,27,0,6,0,6,1,0.455364564207531,0.292655951277267,1,0,0
16050081,n10-ring2,N10 ring2 graph,owner-reconfiguration,Owner tuple reconfiguration,lease-fence-boundary,10,112909864673,112909864673,1757567,3864614,503321724,NaN,NaN,NaN,NaN,NaN,3,3,1,1,10,0.92975,0,0,0,0,222,221,NaN,5,619,1035,156,463,0,1409,1.17388218594748,1479,1654,14886,14886,0,0,3719,63,9717,9717,0,0,153,137,0,16,0,16,1,0.445964994327098,0.299208206193919,1,0,0
16050082,n5-6dof,N5 6-DOF graph,zero,Zero loss,native,5,30249741383,30249741383,1062327,491276,176806773,NaN,NaN,NaN,NaN,NaN,3,3,1,1,5,0.995,0,0,0,0,NaN,NaN,NaN,0,213,310,89,124,0,534,0.97940074906367,310,523,2092,2092,0,0,1990,6,4777,4777,0,0,11,7,0,4,0,4,1,0.407291819872476,0.406916493360537,1,0,0
16050082,n5-6dof,N5 6-DOF graph,data-erasure-5,DATA erasure 5%,data-separation,5,30249741383,30249741383,1718197,491276,176806773,NaN,NaN,NaN,NaN,NaN,3,3,1,1,5,0.995,0,0,0,0,NaN,NaN,NaN,0,213,310,89,124,0,534,0.97940074906367,310,523,2092,2092,0,0,1990,6,4777,4528,249,0,11,6,1,4,0,4,1,0.407291819872476,0.406916493360537,1,0,0
16050082,n5-6dof,N5 6-DOF graph,management-erasure-5,Management erasure 5%,control-loss,5,30249741383,30249741383,1386693,491283,176346854,NaN,NaN,NaN,NaN,NaN,3,3,1,1,17,0.989,0,0,0,0,NaN,NaN,NaN,0,233,294,88,145,0,534,0.98689138576779,348,527,2108,2016,92,0,1978,8,4753,4753,0,0,15,11,0,4,0,4,1,0.405665404987407,0.405290078475468,1,0,0
16050082,n5-6dof,N5 6-DOF graph,local-management,Local management reach,visibility-boundary,5,30249741383,30249741383,1061873,575937,137611490,NaN,NaN,NaN,NaN,NaN,3,3,0,1,NaN,0.3995,0,0,0,0,NaN,NaN,NaN,0,68,31,37,31,0,534,0.185393258426966,31,99,249,249,0,0,799,469,1998,1998,0,0,988,892,0,96,0,96,1,0.244149896016322,0.229324498794731,1,0,0
16050082,n5-6dof,N5 6-DOF graph,directed-grant-blackout,Directed GRANT blackout,grant-loss-witness,5,30249741383,20593347242,1160268,985893,175440741,1,2,421,0,0,3,3,0,1,NaN,0.7955,0,0,0,0,NaN,NaN,NaN,0,564,585,72,492,0,534,2.15168539325843,678,1149,4596,4197,399,0,1591,154,3979,3979,0,0,307,301,0,6,0,6,1,0.3993474087031,0.398784418935192,1,0,0
16050082,n5-6dof,N5 6-DOF graph,state-loss,Local client state loss,rejoin-boundary,5,30249741383,30249741383,1062446,492277,176900190,NaN,NaN,NaN,NaN,NaN,3,3,1,1,5,0.994,0,0,0,0,NaN,NaN,2,0,213,314,87,126,0,534,0.98689138576779,314,527,2108,2108,0,0,1988,8,4773,4773,0,0,15,11,0,4,0,4,1,0.407542037547102,0.407166711035163,1,0,0
16050082,n5-6dof,N5 6-DOF graph,owner-reconfiguration,Owner tuple reconfiguration,lease-fence-boundary,5,30249741383,30249741383,1062449,499474,177265338,NaN,NaN,NaN,NaN,NaN,3,3,1,1,5,0.9645,0,0,0,0,222,221,NaN,1,261,319,79,182,0,534,1.08614232209738,440,580,2320,2320,0,0,1929,31,4647,4647,0,0,63,59,0,4,0,4,1,0.404101544520994,0.403538554753086,1,0,0
16050082,n10-ring2,N10 ring2 graph,zero,Zero loss,native,10,112897375503,112897375503,1757145,3859755,504027300,NaN,NaN,NaN,NaN,NaN,3,3,1,1,10,0.98875,0,0,0,0,NaN,NaN,NaN,0,455,930,176,279,0,1409,0.982966643009226,930,1385,12465,12465,0,0,3955,4,10295,10295,0,0,8,8,0,0,0,0,1,0.454952904212768,0.292655951277267,1,0,0
16050082,n10-ring2,N10 ring2 graph,data-erasure-5,DATA erasure 5%,data-separation,10,112897375503,112897375503,2413015,3859755,504027300,NaN,NaN,NaN,NaN,NaN,3,3,1,1,10,0.98875,0,0,0,0,NaN,NaN,NaN,0,455,930,176,279,0,1409,0.982966643009226,930,1385,12465,12465,0,0,3955,4,10295,9784,511,0,8,6,2,0,0,0,1,0.454952904212768,0.292655951277267,1,0,0
16050082,n10-ring2,N10 ring2 graph,management-erasure-5,Management erasure 5%,control-loss,10,112897375503,112897375503,2081511,3835414,503108693,NaN,NaN,NaN,NaN,NaN,3,3,1,1,22,0.98225,0,0,0,0,NaN,NaN,NaN,0,526,950,176,350,0,1409,1.04755145493258,1130,1476,13284,12598,686,0,3929,10,10242,10242,0,0,20,20,0,0,0,0,1,0.45601635919924,0.295057301246721,1,0,0
16050082,n10-ring2,N10 ring2 graph,local-management,Local management reach,visibility-boundary,10,112897375503,112897375503,1746229,707137,382845946,NaN,NaN,NaN,NaN,NaN,3,3,0,1,NaN,0.19975,0,0,0,0,NaN,NaN,NaN,0,68,31,37,31,0,1409,0.0702625975869411,31,99,351,351,0,0,799,589,2798,2798,0,0,1327,1192,0,135,0,100,1,0.146242213139725,0.130084558345258,1,0,0
16050082,n10-ring2,N10 ring2 graph,directed-grant-blackout,Directed GRANT blackout,grant-loss-witness,10,112897375503,74147069128,1855086,4228759,501371854,1,2,421,0,0,3,3,0,1,NaN,0.889,0,0,0,0,NaN,NaN,NaN,0,806,1050,159,647,0,1409,1.31724627395316,1298,1856,16704,16305,399,0,3556,70,9497,9497,0,0,140,140,0,0,0,0,1,0.436839864443175,0.315297250989259,1,0,0
16050082,n10-ring2,N10 ring2 graph,state-loss,Local client state loss,rejoin-boundary,10,112897375503,112897375503,1757564,3860184,504021139,NaN,NaN,NaN,NaN,NaN,3,3,1,1,10,0.98825,0,0,0,0,NaN,NaN,2,0,455,915,175,280,0,1409,0.972320794889993,931,1370,12330,12330,0,0,3953,5,10291,10291,0,0,10,10,0,0,0,0,1,0.454335414220622,0.292244291282504,1,0,0
16050082,n10-ring2,N10 ring2 graph,owner-reconfiguration,Owner tuple reconfiguration,lease-fence-boundary,10,112897375503,112897375503,1757567,3863628,503321724,NaN,NaN,NaN,NaN,NaN,3,3,1,1,10,0.92975,0,0,0,0,222,221,NaN,5,619,1035,156,463,0,1409,1.17388218594748,1479,1654,14886,14886,0,0,3719,49,9717,9717,0,0,116,110,0,6,0,4,1,0.444524184345426,0.298796546199156,1,0,0
16050083,n5-6dof,N5 6-DOF graph,zero,Zero loss,native,5,30449091962,30449091962,1062327,491070,176806773,NaN,NaN,NaN,NaN,NaN,3,3,1,1,5,0.995,0,0,0,0,NaN,NaN,NaN,0,213,310,89,124,0,534,0.97940074906367,310,523,2092,2092,0,0,1990,1,4777,4777,0,0,3,3,0,0,0,0,1,0.406353503592628,0.406353503592628,1,0,0
16050083,n5-6dof,N5 6-DOF graph,data-erasure-5,DATA erasure 5%,data-separation,5,30449091962,30449091962,1718197,491070,176806773,NaN,NaN,NaN,NaN,NaN,3,3,1,1,5,0.995,0,0,0,0,NaN,NaN,NaN,0,213,310,89,124,0,534,0.97940074906367,310,523,2092,2092,0,0,1990,1,4777,4546,231,0,3,3,0,0,0,0,1,0.406353503592628,0.406353503592628,1,0,0
16050083,n5-6dof,N5 6-DOF graph,management-erasure-5,Management erasure 5%,control-loss,5,30449091962,30449091962,1386693,495512,175901007,NaN,NaN,NaN,NaN,NaN,3,3,1,1,31,0.9755,0,0,0,0,NaN,NaN,NaN,0,237,351,85,152,0,534,1.10112359550562,368,588,2352,2234,118,0,1951,10,4686,4686,0,0,24,24,0,0,0,0,1,0.404789643126216,0.404789643126216,1,0,0
16050083,n5-6dof,N5 6-DOF graph,local-management,Local management reach,visibility-boundary,5,30449091962,30449091962,1061873,574645,137611490,NaN,NaN,NaN,NaN,NaN,3,3,0,1,NaN,0.3995,0,0,0,0,NaN,NaN,NaN,0,68,31,37,31,0,534,0.185393258426966,31,99,249,249,0,0,799,419,1998,1998,0,0,875,787,0,88,0,88,1,0.234766733217847,0.220691989020134,1,0,0
16050083,n5-6dof,N5 6-DOF graph,directed-grant-blackout,Directed GRANT blackout,grant-loss-witness,5,30449091962,20683145807,1160268,985441,175440741,1,2,421,0,0,3,3,0,1,NaN,0.7955,0,0,0,0,NaN,NaN,NaN,0,564,585,72,492,0,534,2.15168539325843,678,1149,4596,4197,399,0,1591,140,3979,3979,0,0,281,281,0,0,0,0,1,0.396720123119527,0.396720123119527,1,0,0
16050083,n5-6dof,N5 6-DOF graph,state-loss,Local client state loss,rejoin-boundary,5,30449091962,30449091962,1062446,492027,176900190,NaN,NaN,NaN,NaN,NaN,3,3,1,1,5,0.994,0,0,0,0,NaN,NaN,2,0,213,314,87,126,0,534,0.98689138576779,314,527,2108,2108,0,0,1988,1,4773,4773,0,0,3,3,0,0,0,0,1,0.406228394755315,0.406228394755315,1,0,0
16050083,n5-6dof,N5 6-DOF graph,owner-reconfiguration,Owner tuple reconfiguration,lease-fence-boundary,5,30449091962,30449091962,1062449,499246,177265338,NaN,NaN,NaN,NaN,NaN,3,3,1,1,5,0.9645,0,0,0,0,222,221,NaN,1,261,319,79,182,0,534,1.08614232209738,440,580,2320,2320,0,0,1929,25,4647,4647,0,0,55,55,0,0,0,0,1,0.402975564985177,0.402975564985177,1,0,0
16050083,n10-ring2,N10 ring2 graph,zero,Zero loss,native,10,113130540453,113130540453,1757145,3860059,504027300,NaN,NaN,NaN,NaN,NaN,3,3,1,1,10,0.98875,0,0,0,0,NaN,NaN,NaN,0,455,930,176,279,0,1409,0.982966643009226,930,1385,12465,12465,0,0,3955,8,10295,10295,0,0,19,11,0,8,0,4,1,0.455364564207531,0.292861781274649,1,0,0
16050083,n10-ring2,N10 ring2 graph,data-erasure-5,DATA erasure 5%,data-separation,10,113130540453,113130540453,2413015,3860059,504027300,NaN,NaN,NaN,NaN,NaN,3,3,1,1,10,0.98875,0,0,0,0,NaN,NaN,NaN,0,455,930,176,279,0,1409,0.982966643009226,930,1385,12465,12465,0,0,3955,8,10295,9762,533,0,19,11,0,8,0,4,1,0.455364564207531,0.292861781274649,1,0,0
16050083,n10-ring2,N10 ring2 graph,management-erasure-5,Management erasure 5%,control-loss,10,113130540453,113130540453,2081511,3863955,503816763,NaN,NaN,NaN,NaN,NaN,3,3,1,1,11,0.988,0,0,0,0,NaN,NaN,NaN,0,545,1040,175,370,0,1409,1.12491128459901,1210,1585,14265,13560,705,0,3952,8,10289,10289,0,0,19,11,0,8,0,4,1,0.461916819124183,0.299516951189992,1,0,0
16050083,n10-ring2,N10 ring2 graph,local-management,Local management reach,visibility-boundary,10,113130540453,113130540453,1746229,709458,382845946,NaN,NaN,NaN,NaN,NaN,3,3,0,1,NaN,0.19975,0,0,0,0,NaN,NaN,NaN,0,68,31,37,31,0,1409,0.0702625975869411,31,99,351,351,0,0,799,618,2798,2798,0,0,1384,1197,0,187,0,132,1,0.14922674810176,0.131628283325621,1,0,0
16050083,n10-ring2,N10 ring2 graph,directed-grant-blackout,Directed GRANT blackout,grant-loss-witness,10,113130540453,74428022285,1855086,4229396,501371854,1,2,421,0,0,3,3,0,1,NaN,0.889,0,0,0,0,NaN,NaN,NaN,0,806,1050,159,647,0,1409,1.31724627395316,1298,1856,16704,16305,399,0,3556,83,9497,9497,0,0,169,161,0,8,0,4,1,0.438177759426156,0.316429315974858,1,0,0
16050083,n10-ring2,N10 ring2 graph,state-loss,Local client state loss,rejoin-boundary,10,113130540453,113130540453,1757564,3860451,504021139,NaN,NaN,NaN,NaN,NaN,3,3,1,1,10,0.98825,0,0,0,0,NaN,NaN,2,0,455,915,175,280,0,1409,0.972320794889993,931,1370,12330,12330,0,0,3953,8,10291,10291,0,0,19,11,0,8,0,4,1,0.454644159216695,0.292347206281195,1,0,0
16050083,n10-ring2,N10 ring2 graph,owner-reconfiguration,Owner tuple reconfiguration,lease-fence-boundary,10,113130540453,113130540453,1757567,3863887,503321724,NaN,NaN,NaN,NaN,NaN,3,3,1,1,10,0.92975,0,0,0,0,222,221,NaN,5,619,1035,156,463,0,1409,1.17388218594748,1479,1654,14886,14886,0,0,3719,56,9717,9717,0,0,134,126,0,8,0,4,1,0.445244589336262,0.299208206193919,1,0,0
16050084,n5-6dof,N5 6-DOF graph,zero,Zero loss,native,5,30533355784,30533355784,1062327,491114,176806773,NaN,NaN,NaN,NaN,NaN,3,3,1,1,5,0.995,0,0,0,0,NaN,NaN,NaN,0,213,310,89,124,0,534,0.97940074906367,310,523,2092,2092,0,0,1990,3,4777,4777,0,0,5,5,0,0,0,0,1,0.406728830104567,0.406541166848598,1,0,0
16050084,n5-6dof,N5 6-DOF graph,data-erasure-5,DATA erasure 5%,data-separation,5,30533355784,30533355784,1718197,491114,176806773,NaN,NaN,NaN,NaN,NaN,3,3,1,1,5,0.995,0,0,0,0,NaN,NaN,NaN,0,213,310,89,124,0,534,0.97940074906367,310,523,2092,2092,0,0,1990,3,4777,4529,248,0,5,5,0,0,0,0,1,0.406728830104567,0.406541166848598,1,0,0
16050084,n5-6dof,N5 6-DOF graph,management-erasure-5,Management erasure 5%,control-loss,5,30533355784,30533355784,1386693,492221,176625708,NaN,NaN,NaN,NaN,NaN,3,3,1,1,5,0.995,0,0,0,0,NaN,NaN,NaN,0,243,358,90,153,0,534,1.12546816479401,372,601,2404,2282,122,0,1990,3,4777,4777,0,0,5,5,0,0,0,0,1,0.411608074759774,0.411420411503805,1,0,0
16050084,n5-6dof,N5 6-DOF graph,local-management,Local management reach,visibility-boundary,5,30533355784,30533355784,1061873,575667,137611490,NaN,NaN,NaN,NaN,NaN,3,3,0,1,NaN,0.3995,0,0,0,0,NaN,NaN,NaN,0,68,31,37,31,0,534,0.185393258426966,31,99,249,249,0,0,799,448,1998,1998,0,0,916,812,0,104,0,104,1,0.240208967640963,0.223506937859677,1,0,0
16050084,n5-6dof,N5 6-DOF graph,directed-grant-blackout,Directed GRANT blackout,grant-loss-witness,5,30533355784,20809633473,1160268,985423,175440741,1,2,421,0,0,3,3,0,1,NaN,0.7955,0,0,0,0,NaN,NaN,NaN,0,564,585,72,492,0,534,2.15168539325843,678,1149,4596,4197,399,0,1591,137,3979,3979,0,0,273,271,0,2,0,2,1,0.396157133351619,0.39578180683968,1,0,0
16050084,n5-6dof,N5 6-DOF graph,state-loss,Local client state loss,rejoin-boundary,5,30533355784,30533355784,1062446,492093,176900190,NaN,NaN,NaN,NaN,NaN,3,3,1,1,5,0.994,0,0,0,0,NaN,NaN,2,0,213,314,87,126,0,534,0.98689138576779,314,527,2108,2108,0,0,1988,4,4773,4773,0,0,7,7,0,0,0,0,1,0.406791384523224,0.406603721267254,1,0,0
16050084,n5-6dof,N5 6-DOF graph,owner-reconfiguration,Owner tuple reconfiguration,lease-fence-boundary,5,30533355784,30533355784,1062449,499316,177265338,NaN,NaN,NaN,NaN,NaN,3,3,1,1,5,0.9645,0,0,0,0,222,221,NaN,1,261,319,79,182,0,534,1.08614232209738,440,580,2320,2320,0,0,1929,26,4647,4647,0,0,48,46,0,2,0,2,1,0.403163228241147,0.402224911961299,1,0,0
16050084,n10-ring2,N10 ring2 graph,zero,Zero loss,native,10,113260262198,113260262198,1757145,3859903,504027300,NaN,NaN,NaN,NaN,NaN,3,3,1,1,10,0.98875,0,0,0,0,NaN,NaN,NaN,0,455,930,176,279,0,1409,0.982966643009226,930,1385,12465,12465,0,0,3955,8,10295,10295,0,0,15,15,0,0,0,0,1,0.455364564207531,0.292861781274649,1,0,0
16050084,n10-ring2,N10 ring2 graph,data-erasure-5,DATA erasure 5%,data-separation,10,113260262198,113260262198,2413015,3859903,504027300,NaN,NaN,NaN,NaN,NaN,3,3,1,1,10,0.98875,0,0,0,0,NaN,NaN,NaN,0,455,930,176,279,0,1409,0.982966643009226,930,1385,12465,12465,0,0,3955,8,10295,9790,505,0,15,15,0,0,0,0,1,0.455364564207531,0.292861781274649,1,0,0
16050084,n10-ring2,N10 ring2 graph,management-erasure-5,Management erasure 5%,control-loss,10,113260262198,113260262198,2081511,3838966,502569210,NaN,NaN,NaN,NaN,NaN,3,3,1,1,26,0.968,0,0,0,0,NaN,NaN,NaN,0,511,905,170,341,0,1409,1.00496806245564,1107,1416,12744,12120,624,0,3872,29,10095,10095,0,0,62,52,0,10,0,8,1,0.45004728927517,0.291866936287304,1,0,0
16050084,n10-ring2,N10 ring2 graph,local-management,Local management reach,visibility-boundary,10,113260262198,113260262198,1746229,707833,382845946,NaN,NaN,NaN,NaN,NaN,3,3,0,1,NaN,0.19975,0,0,0,0,NaN,NaN,NaN,0,68,31,37,31,0,1409,0.0702625975869411,31,99,351,351,0,0,799,592,2798,2798,0,0,1301,1147,0,154,0,115,1,0.146550958135797,0.129569983351804,1,0,0
16050084,n10-ring2,N10 ring2 graph,directed-grant-blackout,Directed GRANT blackout,grant-loss-witness,10,113260262198,74547042703,1855086,4229499,501371854,1,2,421,0,0,3,3,0,1,NaN,0.889,0,0,0,0,NaN,NaN,NaN,0,806,1050,159,647,0,1409,1.31724627395316,1298,1856,16704,16305,399,0,3556,90,9497,9497,0,0,179,179,0,0,0,0,1,0.438898164416992,0.317149720965694,1,0,0
16050084,n10-ring2,N10 ring2 graph,state-loss,Local client state loss,rejoin-boundary,10,113260262198,113260262198,1757564,3860295,504021139,NaN,NaN,NaN,NaN,NaN,3,3,1,1,10,0.98825,0,0,0,0,NaN,NaN,2,0,455,915,175,280,0,1409,0.972320794889993,931,1370,12330,12330,0,0,3953,8,10291,10291,0,0,15,15,0,0,0,0,1,0.454644159216695,0.292347206281195,1,0,0
16050084,n10-ring2,N10 ring2 graph,owner-reconfiguration,Owner tuple reconfiguration,lease-fence-boundary,10,113260262198,113260262198,1757567,3863628,503321724,NaN,NaN,NaN,NaN,NaN,3,3,1,1,10,0.92975,0,0,0,0,222,221,NaN,5,619,1035,156,463,0,1409,1.17388218594748,1479,1654,14886,14886,0,0,3719,49,9717,9717,0,0,112,106,0,6,0,4,1,0.444524184345426,0.298590716201774,1,0,0
16050085,n5-6dof,N5 6-DOF graph,zero,Zero loss,native,5,30276391252,30276391252,1062327,491136,176806773,NaN,NaN,NaN,NaN,NaN,3,3,1,1,5,0.995,0,0,0,0,NaN,NaN,NaN,0,213,310,89,124,0,534,0.97940074906367,310,523,2092,2092,0,0,1990,4,4777,4777,0,0,9,9,0,0,0,0,1,0.406916493360537,0.406916493360537,1,0,0
16050085,n5-6dof,N5 6-DOF graph,data-erasure-5,DATA erasure 5%,data-separation,5,30276391252,30276391252,1718197,491136,176806773,NaN,NaN,NaN,NaN,NaN,3,3,1,1,5,0.995,0,0,0,0,NaN,NaN,NaN,0,213,310,89,124,0,534,0.97940074906367,310,523,2092,2092,0,0,1990,4,4777,4546,231,0,9,9,0,0,0,0,1,0.406916493360537,0.406916493360537,1,0,0
16050085,n5-6dof,N5 6-DOF graph,management-erasure-5,Management erasure 5%,control-loss,5,30276391252,30276391252,1386693,494254,175700120,NaN,NaN,NaN,NaN,NaN,3,3,1,1,25,0.969,0,0,0,0,NaN,NaN,NaN,0,240,329,89,151,0,534,1.06554307116105,362,569,2276,2154,122,0,1938,21,4654,4654,0,0,42,38,0,4,0,4,1,0.403225782659803,0.402662792891895,1,0,0
16050085,n5-6dof,N5 6-DOF graph,local-management,Local management reach,visibility-boundary,5,30276391252,30276391252,1061873,576035,137611490,NaN,NaN,NaN,NaN,NaN,3,3,0,1,NaN,0.3995,0,0,0,0,NaN,NaN,NaN,0,68,31,37,31,0,534,0.185393258426966,31,99,249,249,0,0,799,456,1998,1998,0,0,943,831,0,112,0,112,1,0.241710273688719,0.226321886699219,1,0,0
16050085,n5-6dof,N5 6-DOF graph,directed-grant-blackout,Directed GRANT blackout,grant-loss-witness,5,30276391252,20650441428,1160268,985753,175440741,1,2,421,0,0,3,3,0,1,NaN,0.7955,0,0,0,0,NaN,NaN,NaN,0,564,585,72,492,0,534,2.15168539325843,678,1149,4596,4197,399,0,1591,152,3979,3979,0,0,305,303,0,2,0,2,1,0.398972082191161,0.398784418935192,1,0,0
16050085,n5-6dof,N5 6-DOF graph,state-loss,Local client state loss,rejoin-boundary,5,30276391252,30276391252,1062446,492093,176900190,NaN,NaN,NaN,NaN,NaN,3,3,1,1,5,0.994,0,0,0,0,NaN,NaN,2,0,213,314,87,126,0,534,0.98689138576779,314,527,2108,2108,0,0,1988,4,4773,4773,0,0,9,9,0,0,0,0,1,0.406791384523224,0.406791384523224,1,0,0
16050085,n5-6dof,N5 6-DOF graph,owner-reconfiguration,Owner tuple reconfiguration,lease-fence-boundary,5,30276391252,30276391252,1062449,499294,177265338,NaN,NaN,NaN,NaN,NaN,3,3,1,1,5,0.9645,0,0,0,0,222,221,NaN,1,261,319,79,182,0,534,1.08614232209738,440,580,2320,2320,0,0,1929,25,4647,4647,0,0,53,51,0,2,0,2,1,0.402975564985177,0.402787901729208,1,0,0
16050085,n10-ring2,N10 ring2 graph,zero,Zero loss,native,10,113414267503,113414267503,1757145,3859907,504027300,NaN,NaN,NaN,NaN,NaN,3,3,1,1,10,0.98875,0,0,0,0,NaN,NaN,NaN,0,455,930,176,279,0,1409,0.982966643009226,930,1385,12465,12465,0,0,3955,6,10295,10295,0,0,12,8,0,4,0,2,1,0.455158734210149,0.292655951277267,1,0,0
16050085,n10-ring2,N10 ring2 graph,data-erasure-5,DATA erasure 5%,data-separation,10,113414267503,113414267503,2413015,3859907,504027300,NaN,NaN,NaN,NaN,NaN,3,3,1,1,10,0.98875,0,0,0,0,NaN,NaN,NaN,0,455,930,176,279,0,1409,0.982966643009226,930,1385,12465,12465,0,0,3955,6,10295,9753,542,0,12,8,0,4,0,2,1,0.455158734210149,0.292655951277267,1,0,0
16050085,n10-ring2,N10 ring2 graph,management-erasure-5,Management erasure 5%,control-loss,10,113414267503,113414267503,2081511,3851972,502414652,NaN,NaN,NaN,NaN,NaN,3,3,1,1,29,0.96575,0,0,0,0,NaN,NaN,NaN,0,528,996,173,355,0,1409,1.08161816891412,1160,1524,13716,13005,711,0,3863,29,10082,10082,0,0,63,51,0,12,0,6,1,0.452825994239823,0.295674791238866,1,0,0
16050085,n10-ring2,N10 ring2 graph,local-management,Local management reach,visibility-boundary,10,113414267503,113414267503,1746229,707316,382845946,NaN,NaN,NaN,NaN,NaN,3,3,0,1,NaN,0.19975,0,0,0,0,NaN,NaN,NaN,0,68,31,37,31,0,1409,0.0702625975869411,31,99,351,351,0,0,799,597,2798,2798,0,0,1321,1189,0,132,0,97,1,0.147065533129252,0.13142245332824,1,0,0
16050085,n10-ring2,N10 ring2 graph,directed-grant-blackout,Directed GRANT blackout,grant-loss-witness,10,113414267503,74580999757,1855086,4229355,501371854,1,2,421,0,0,3,3,0,1,NaN,0.889,0,0,0,0,NaN,NaN,NaN,0,806,1050,159,647,0,1409,1.31724627395316,1298,1856,16704,16305,399,0,3556,84,9497,9497,0,0,168,164,0,4,0,2,1,0.438280674424847,0.316532230973549,1,0,0
16050085,n10-ring2,N10 ring2 graph,state-loss,Local client state loss,rejoin-boundary,10,113414267503,113414267503,1757564,3860299,504021139,NaN,NaN,NaN,NaN,NaN,3,3,1,1,10,0.98825,0,0,0,0,NaN,NaN,2,0,455,915,175,280,0,1409,0.972320794889993,931,1370,12330,12330,0,0,3953,6,10291,10291,0,0,12,8,0,4,0,2,1,0.454438329219313,0.292141376283813,1,0,0
16050085,n10-ring2,N10 ring2 graph,owner-reconfiguration,Owner tuple reconfiguration,lease-fence-boundary,10,113414267503,113414267503,1757567,3863439,503321724,NaN,NaN,NaN,NaN,NaN,3,3,1,1,10,0.92975,0,0,0,0,222,221,NaN,5,619,1035,156,463,0,1409,1.17388218594748,1479,1654,14886,14886,0,0,3719,46,9717,9717,0,0,110,106,0,4,0,2,1,0.444215439349354,0.298281971205702,1,0,0
16050086,n5-6dof,N5 6-DOF graph,zero,Zero loss,native,5,30387150871,30387150871,1062327,491092,176806773,NaN,NaN,NaN,NaN,NaN,3,3,1,1,5,0.995,0,0,0,0,NaN,NaN,NaN,0,213,310,89,124,0,534,0.97940074906367,310,523,2092,2092,0,0,1990,2,4777,4777,0,0,4,4,0,0,0,0,1,0.406541166848598,0.406541166848598,1,0,0
16050086,n5-6dof,N5 6-DOF graph,data-erasure-5,DATA erasure 5%,data-separation,5,30387150871,30387150871,1718197,491092,176806773,NaN,NaN,NaN,NaN,NaN,3,3,1,1,5,0.995,0,0,0,0,NaN,NaN,NaN,0,213,310,89,124,0,534,0.97940074906367,310,523,2092,2092,0,0,1990,2,4777,4529,248,0,4,4,0,0,0,0,1,0.406541166848598,0.406541166848598,1,0,0
16050086,n5-6dof,N5 6-DOF graph,management-erasure-5,Management erasure 5%,control-loss,5,30387150871,30387150871,1386693,488372,173687633,NaN,NaN,NaN,NaN,NaN,3,3,1,1,38,0.935,0,0,0,0,NaN,NaN,NaN,0,222,318,81,141,0,534,1.01123595505618,350,540,2160,2051,109,0,1870,47,4503,4503,0,0,98,88,0,10,0,10,1,0.393529847768046,0.39202854172029,1,0,0
16050086,n5-6dof,N5 6-DOF graph,local-management,Local management reach,visibility-boundary,5,30387150871,30387150871,1061873,575411,137611490,NaN,NaN,NaN,NaN,NaN,3,3,0,1,NaN,0.3995,0,0,0,0,NaN,NaN,NaN,0,68,31,37,31,0,534,0.185393258426966,31,99,249,249,0,0,799,432,1998,1998,0,0,917,809,0,108,0,108,1,0.237206355545451,0.222943948091768,1,0,0
16050086,n5-6dof,N5 6-DOF graph,directed-grant-blackout,Directed GRANT blackout,grant-loss-witness,5,30387150871,20683906770,1160268,985507,175440741,1,2,421,0,0,3,3,0,1,NaN,0.7955,0,0,0,0,NaN,NaN,NaN,0,564,585,72,492,0,534,2.15168539325843,678,1149,4596,4197,399,0,1591,143,3979,3979,0,0,286,286,0,0,0,0,1,0.397283112887436,0.397283112887436,1,0,0
16050086,n5-6dof,N5 6-DOF graph,state-loss,Local client state loss,rejoin-boundary,5,30387150871,30387150871,1062446,492071,176900190,NaN,NaN,NaN,NaN,NaN,3,3,1,1,5,0.994,0,0,0,0,NaN,NaN,2,0,213,314,87,126,0,534,0.98689138576779,314,527,2108,2108,0,0,1988,3,4773,4773,0,0,6,6,0,0,0,0,1,0.406603721267254,0.406603721267254,1,0,0
16050086,n5-6dof,N5 6-DOF graph,owner-reconfiguration,Owner tuple reconfiguration,lease-fence-boundary,5,30387150871,30387150871,1062449,499348,177265338,NaN,NaN,NaN,NaN,NaN,3,3,1,1,5,0.9645,0,0,0,0,222,221,NaN,1,261,319,79,182,0,534,1.08614232209738,440,580,2320,2320,0,0,1929,22,4647,4647,0,0,41,33,0,8,0,7,1,0.402412575217269,0.401661922193391,1,0,0
16050086,n10-ring2,N10 ring2 graph,zero,Zero loss,native,10,113209739037,113209739037,1757145,3859866,504027300,NaN,NaN,NaN,NaN,NaN,3,3,1,1,10,0.98875,0,0,0,0,NaN,NaN,NaN,0,455,930,176,279,0,1409,0.982966643009226,930,1385,12465,12465,0,0,3955,7,10295,10295,0,0,15,15,0,0,0,0,1,0.45526164920884,0.29296469627334,1,0,0
16050086,n10-ring2,N10 ring2 graph,data-erasure-5,DATA erasure 5%,data-separation,10,113209739037,113209739037,2413015,3859866,504027300,NaN,NaN,NaN,NaN,NaN,3,3,1,1,10,0.98875,0,0,0,0,NaN,NaN,NaN,0,455,930,176,279,0,1409,0.982966643009226,930,1385,12465,12465,0,0,3955,7,10295,9778,517,0,15,14,1,0,0,0,1,0.45526164920884,0.29296469627334,1,0,0
16050086,n10-ring2,N10 ring2 graph,management-erasure-5,Management erasure 5%,control-loss,10,113209739037,113209739037,2081511,3854837,502366159,NaN,NaN,NaN,NaN,NaN,3,3,1,1,37,0.9655,0,0,0,0,NaN,NaN,NaN,0,507,937,171,336,0,1409,1.02484031227821,1104,1444,12996,12359,637,0,3862,25,10082,10082,0,0,52,48,0,4,0,4,1,0.449567019281279,0.29220998628294,1,0,0
16050086,n10-ring2,N10 ring2 graph,local-management,Local management reach,visibility-boundary,10,113209739037,113209739037,1746229,706250,382845946,NaN,NaN,NaN,NaN,NaN,3,3,0,1,NaN,0.19975,0,0,0,0,NaN,NaN,NaN,0,68,31,37,31,0,1409,0.0702625975869411,31,99,351,351,0,0,799,584,2798,2798,0,0,1258,1143,0,115,0,82,1,0.14572763814627,0.128952493359659,1,0,0
16050086,n10-ring2,N10 ring2 graph,directed-grant-blackout,Directed GRANT blackout,grant-loss-witness,10,113209739037,74444978800,1855086,4229096,501371854,1,2,421,0,0,3,3,0,1,NaN,0.889,0,0,0,0,NaN,NaN,NaN,0,806,1050,159,647,0,1409,1.31724627395316,1298,1856,16704,16305,399,0,3556,77,9497,9497,0,0,155,153,0,2,0,2,1,0.437560269434011,0.315914740981404,1,0,0
16050086,n10-ring2,N10 ring2 graph,state-loss,Local client state loss,rejoin-boundary,10,113209739037,113209739037,1757564,3860258,504021139,NaN,NaN,NaN,NaN,NaN,3,3,1,1,10,0.98825,0,0,0,0,NaN,NaN,2,0,455,915,175,280,0,1409,0.972320794889993,931,1370,12330,12330,0,0,3953,7,10291,10291,0,0,15,15,0,0,0,0,1,0.454541244218004,0.292450121279886,1,0,0
16050086,n10-ring2,N10 ring2 graph,owner-reconfiguration,Owner tuple reconfiguration,lease-fence-boundary,10,113209739037,113209739037,1757567,3863328,503321724,NaN,NaN,NaN,NaN,NaN,3,3,1,1,10,0.92975,0,0,0,0,222,221,NaN,5,619,1035,156,463,0,1409,1.17388218594748,1479,1654,14886,14886,0,0,3719,43,9717,9717,0,0,100,98,0,2,0,2,1,0.443906694353281,0.298179056207011,1,0,0
16050087,n5-6dof,N5 6-DOF graph,zero,Zero loss,native,5,30340424445,30340424445,1062327,491250,176806773,NaN,NaN,NaN,NaN,NaN,3,3,1,1,5,0.995,0,0,0,0,NaN,NaN,NaN,0,213,310,89,124,0,534,0.97940074906367,310,523,2092,2092,0,0,1990,7,4777,4777,0,0,13,11,0,2,0,2,1,0.407479483128445,0.407104156616506,1,0,0
16050087,n5-6dof,N5 6-DOF graph,data-erasure-5,DATA erasure 5%,data-separation,5,30340424445,30340424445,1718197,491250,176806773,NaN,NaN,NaN,NaN,NaN,3,3,1,1,5,0.995,0,0,0,0,NaN,NaN,NaN,0,213,310,89,124,0,534,0.97940074906367,310,523,2092,2092,0,0,1990,7,4777,4549,228,0,13,10,1,2,0,2,1,0.407479483128445,0.407104156616506,1,0,0
16050087,n5-6dof,N5 6-DOF graph,management-erasure-5,Management erasure 5%,control-loss,5,30340424445,30340424445,1386693,492612,176643422,NaN,NaN,NaN,NaN,NaN,3,3,1,1,6,0.994,0,0,0,0,NaN,NaN,NaN,0,242,356,88,154,0,534,1.11985018726592,378,598,2392,2275,117,0,1988,7,4773,4773,0,0,13,11,0,2,0,2,1,0.411795738015744,0.411420411503805,1,0,0
16050087,n5-6dof,N5 6-DOF graph,local-management,Local management reach,visibility-boundary,5,30340424445,30340424445,1061873,574715,137611490,NaN,NaN,NaN,NaN,NaN,3,3,0,1,NaN,0.3995,0,0,0,0,NaN,NaN,NaN,0,68,31,37,31,0,534,0.185393258426966,31,99,249,249,0,0,799,420,1998,1998,0,0,876,786,0,90,0,90,1,0.234954396473816,0.221254978788043,1,0,0
16050087,n5-6dof,N5 6-DOF graph,directed-grant-blackout,Directed GRANT blackout,grant-loss-witness,5,30340424445,20631678728,1160268,985709,175440741,1,2,421,0,0,3,3,0,1,NaN,0.7955,0,0,0,0,NaN,NaN,NaN,0,564,585,72,492,0,534,2.15168539325843,678,1149,4596,4197,399,0,1591,150,3979,3979,0,0,297,295,0,2,0,2,1,0.398596755679222,0.398033765911314,1,0,0
16050087,n5-6dof,N5 6-DOF graph,state-loss,Local client state loss,rejoin-boundary,5,30340424445,30340424445,1062446,492207,176900190,NaN,NaN,NaN,NaN,NaN,3,3,1,1,5,0.994,0,0,0,0,NaN,NaN,2,0,213,314,87,126,0,534,0.98689138576779,314,527,2108,2108,0,0,1988,7,4773,4773,0,0,13,11,0,2,0,2,1,0.407354374291132,0.406979047779193,1,0,0
16050087,n5-6dof,N5 6-DOF graph,owner-reconfiguration,Owner tuple reconfiguration,lease-fence-boundary,5,30340424445,30340424445,1062449,499530,177265338,NaN,NaN,NaN,NaN,NaN,3,3,1,1,5,0.9645,0,0,0,0,222,221,NaN,1,261,319,79,182,0,534,1.08614232209738,440,580,2320,2320,0,0,1929,27,4647,4647,0,0,55,45,0,10,0,10,1,0.403350891497116,0.402224911961299,1,0,0
16050087,n10-ring2,N10 ring2 graph,zero,Zero loss,native,10,113298120627,113298120627,1757145,3859903,504027300,NaN,NaN,NaN,NaN,NaN,3,3,1,1,10,0.98875,0,0,0,0,NaN,NaN,NaN,0,455,930,176,279,0,1409,0.982966643009226,930,1385,12465,12465,0,0,3955,8,10295,10295,0,0,16,16,0,0,0,0,1,0.455364564207531,0.292861781274649,1,0,0
16050087,n10-ring2,N10 ring2 graph,data-erasure-5,DATA erasure 5%,data-separation,10,113298120627,113298120627,2413015,3859903,504027300,NaN,NaN,NaN,NaN,NaN,3,3,1,1,10,0.98875,0,0,0,0,NaN,NaN,NaN,0,455,930,176,279,0,1409,0.982966643009226,930,1385,12465,12465,0,0,3955,8,10295,9777,518,0,16,16,0,0,0,0,1,0.455364564207531,0.292861781274649,1,0,0
16050087,n10-ring2,N10 ring2 graph,management-erasure-5,Management erasure 5%,control-loss,10,113298120627,113298120627,2081511,3826225,498485750,NaN,NaN,NaN,NaN,NaN,3,3,1,1,43,0.9235,0,0,0,0,NaN,NaN,NaN,0,500,921,164,336,0,1409,1.00851667849539,1071,1421,12789,12086,703,0,3694,62,9686,9686,0,0,127,113,0,14,0,12,1,0.435296139462812,0.285143156372834,1,0,0
16050087,n10-ring2,N10 ring2 graph,local-management,Local management reach,visibility-boundary,10,113298120627,113298120627,1746229,710009,382845946,NaN,NaN,NaN,NaN,NaN,3,3,0,1,NaN,0.19975,0,0,0,0,NaN,NaN,NaN,0,68,31,37,31,0,1409,0.0702625975869411,31,99,351,351,0,0,799,635,2798,2798,0,0,1393,1227,0,166,0,130,1,0.150976303079505,0.132554518313839,1,0,0
16050087,n10-ring2,N10 ring2 graph,directed-grant-blackout,Directed GRANT blackout,grant-loss-witness,10,113298120627,74608602605,1855086,4228907,501371854,1,2,421,0,0,3,3,0,1,NaN,0.889,0,0,0,0,NaN,NaN,NaN,0,806,1050,159,647,0,1409,1.31724627395316,1298,1856,16704,16305,399,0,3556,74,9497,9497,0,0,148,148,0,0,0,0,1,0.437251524437938,0.31550308098664,1,0,0
16050087,n10-ring2,N10 ring2 graph,state-loss,Local client state loss,rejoin-boundary,10,113298120627,113298120627,1757564,3860295,504021139,NaN,NaN,NaN,NaN,NaN,3,3,1,1,10,0.98825,0,0,0,0,NaN,NaN,2,0,455,915,175,280,0,1409,0.972320794889993,931,1370,12330,12330,0,0,3953,8,10291,10291,0,0,16,16,0,0,0,0,1,0.454644159216695,0.292347206281195,1,0,0
16050087,n10-ring2,N10 ring2 graph,owner-reconfiguration,Owner tuple reconfiguration,lease-fence-boundary,10,113298120627,113298120627,1757567,3864154,503321724,NaN,NaN,NaN,NaN,NaN,3,3,1,1,10,0.92975,0,0,0,0,222,221,NaN,5,619,1035,156,463,0,1409,1.17388218594748,1479,1654,14886,14886,0,0,3719,59,9717,9717,0,0,142,130,0,12,0,8,1,0.445553334332335,0.299414036191301,1,0,0
16050088,n5-6dof,N5 6-DOF graph,zero,Zero loss,native,5,30345230936,30345230936,1062327,491092,176806773,NaN,NaN,NaN,NaN,NaN,3,3,1,1,5,0.995,0,0,0,0,NaN,NaN,NaN,0,213,310,89,124,0,534,0.97940074906367,310,523,2092,2092,0,0,1990,2,4777,4777,0,0,4,4,0,0,0,0,1,0.406541166848598,0.406541166848598,1,0,0
16050088,n5-6dof,N5 6-DOF graph,data-erasure-5,DATA erasure 5%,data-separation,5,30345230936,30345230936,1718197,491092,176806773,NaN,NaN,NaN,NaN,NaN,3,3,1,1,5,0.995,0,0,0,0,NaN,NaN,NaN,0,213,310,89,124,0,534,0.97940074906367,310,523,2092,2092,0,0,1990,2,4777,4522,255,0,4,4,0,0,0,0,1,0.406541166848598,0.406541166848598,1,0,0
16050088,n5-6dof,N5 6-DOF graph,management-erasure-5,Management erasure 5%,control-loss,5,30345230936,30345230936,1386693,492369,176815608,NaN,NaN,NaN,NaN,NaN,3,3,1,1,5,0.9945,0,0,0,0,NaN,NaN,NaN,0,237,311,88,149,0,534,1.02621722846442,362,548,2192,2081,111,0,1989,3,4775,4775,0,0,6,6,0,0,0,0,1,0.40810502731501,0.40810502731501,1,0,0
16050088,n5-6dof,N5 6-DOF graph,local-management,Local management reach,visibility-boundary,5,30345230936,30345230936,1061873,575453,137611490,NaN,NaN,NaN,NaN,NaN,3,3,0,1,NaN,0.3995,0,0,0,0,NaN,NaN,NaN,0,68,31,37,31,0,534,0.185393258426966,31,99,249,249,0,0,799,447,1998,1998,0,0,944,848,0,96,0,96,1,0.240021304384993,0.226509549955189,1,0,0
16050088,n5-6dof,N5 6-DOF graph,directed-grant-blackout,Directed GRANT blackout,grant-loss-witness,5,30345230936,20697405973,1160268,985595,175440741,1,2,421,0,0,3,3,0,1,NaN,0.7955,0,0,0,0,NaN,NaN,NaN,0,564,585,72,492,0,534,2.15168539325843,678,1149,4596,4197,399,0,1591,147,3979,3979,0,0,294,294,0,0,0,0,1,0.398033765911314,0.398033765911314,1,0,0
16050088,n5-6dof,N5 6-DOF graph,state-loss,Local client state loss,rejoin-boundary,5,30345230936,30345230936,1062446,492071,176900190,NaN,NaN,NaN,NaN,NaN,3,3,1,1,5,0.994,0,0,0,0,NaN,NaN,2,0,213,314,87,126,0,534,0.98689138576779,314,527,2108,2108,0,0,1988,3,4773,4773,0,0,6,6,0,0,0,0,1,0.406603721267254,0.406603721267254,1,0,0
16050088,n5-6dof,N5 6-DOF graph,owner-reconfiguration,Owner tuple reconfiguration,lease-fence-boundary,5,30345230936,30345230936,1062449,499246,177265338,NaN,NaN,NaN,NaN,NaN,3,3,1,1,5,0.9645,0,0,0,0,222,221,NaN,1,261,319,79,182,0,534,1.08614232209738,440,580,2320,2320,0,0,1929,25,4647,4647,0,0,52,52,0,0,0,0,1,0.402975564985177,0.402975564985177,1,0,0
16050088,n10-ring2,N10 ring2 graph,zero,Zero loss,native,10,113203350854,113203350854,1757145,3860396,504027300,NaN,NaN,NaN,NaN,NaN,3,3,1,1,10,0.98875,0,0,0,0,NaN,NaN,NaN,0,455,930,176,279,0,1409,0.982966643009226,930,1385,12465,12465,0,0,3955,15,10295,10295,0,0,29,23,0,6,0,6,1,0.456084969198367,0.293170526270722,1,0,0
16050088,n10-ring2,N10 ring2 graph,data-erasure-5,DATA erasure 5%,data-separation,10,113203350854,113203350854,2413015,3860396,504027300,NaN,NaN,NaN,NaN,NaN,3,3,1,1,10,0.98875,0,0,0,0,NaN,NaN,NaN,0,455,930,176,279,0,1409,0.982966643009226,930,1385,12465,12465,0,0,3955,15,10295,9741,554,0,29,22,1,6,0,6,1,0.456084969198367,0.293170526270722,1,0,0
16050088,n10-ring2,N10 ring2 graph,management-erasure-5,Management erasure 5%,control-loss,10,113203350854,113203350854,2081511,3831432,498464375,NaN,NaN,NaN,NaN,NaN,3,3,1,1,45,0.9215,0,0,0,0,NaN,NaN,NaN,0,506,929,168,338,0,1409,1.01845280340667,1095,1435,12915,12243,672,0,3686,59,9668,9668,0,0,132,112,0,20,0,14,1,0.434644344471103,0.284388446382434,1,0,0
16050088,n10-ring2,N10 ring2 graph,local-management,Local management reach,visibility-boundary,10,113203350854,113203350854,1746229,709456,382845946,NaN,NaN,NaN,NaN,NaN,3,3,0,1,NaN,0.19975,0,0,0,0,NaN,NaN,NaN,0,68,31,37,31,0,1409,0.0702625975869411,31,99,351,351,0,0,799,619,2798,2798,0,0,1371,1198,0,173,0,131,1,0.149329663100451,0.130187473343949,1,0,0
16050088,n10-ring2,N10 ring2 graph,directed-grant-blackout,Directed GRANT blackout,grant-loss-witness,10,113203350854,74440121387,1855086,4229622,501371854,1,2,421,0,0,3,3,0,1,NaN,0.889,0,0,0,0,NaN,NaN,NaN,0,806,1050,159,647,0,1409,1.31724627395316,1298,1856,16704,16305,399,0,3556,87,9497,9497,0,0,173,167,0,6,0,6,1,0.438589419420919,0.316429315974858,1,0,0
16050088,n10-ring2,N10 ring2 graph,state-loss,Local client state loss,rejoin-boundary,10,113203350854,113203350854,1757564,3860825,504021139,NaN,NaN,NaN,NaN,NaN,3,3,1,1,10,0.98825,0,0,0,0,NaN,NaN,2,0,455,915,175,280,0,1409,0.972320794889993,931,1370,12330,12330,0,0,3953,16,10291,10291,0,0,31,25,0,6,0,6,1,0.455467479206222,0.292758866275958,1,0,0
16050088,n10-ring2,N10 ring2 graph,owner-reconfiguration,Owner tuple reconfiguration,lease-fence-boundary,10,113203350854,113203350854,1757567,3863784,503321724,NaN,NaN,NaN,NaN,NaN,3,3,1,1,10,0.92975,0,0,0,0,222,221,NaN,5,619,1035,156,463,0,1409,1.17388218594748,1479,1654,14886,14886,0,0,3719,49,9717,9717,0,0,108,100,0,8,0,8,1,0.444524184345426,0.298281971205702,1,0,0
16050089,n5-6dof,N5 6-DOF graph,zero,Zero loss,native,5,30443676753,30443676753,1062327,491070,176806773,NaN,NaN,NaN,NaN,NaN,3,3,1,1,5,0.995,0,0,0,0,NaN,NaN,NaN,0,213,310,89,124,0,534,0.97940074906367,310,523,2092,2092,0,0,1990,1,4777,4777,0,0,2,2,0,0,0,0,1,0.406353503592628,0.406353503592628,1,0,0
16050089,n5-6dof,N5 6-DOF graph,data-erasure-5,DATA erasure 5%,data-separation,5,30443676753,30443676753,1718197,491070,176806773,NaN,NaN,NaN,NaN,NaN,3,3,1,1,5,0.995,0,0,0,0,NaN,NaN,NaN,0,213,310,89,124,0,534,0.97940074906367,310,523,2092,2092,0,0,1990,1,4777,4542,235,0,2,2,0,0,0,0,1,0.406353503592628,0.406353503592628,1,0,0
16050089,n5-6dof,N5 6-DOF graph,management-erasure-5,Management erasure 5%,control-loss,5,30443676753,30443676753,1386693,493185,176788559,NaN,NaN,NaN,NaN,NaN,3,3,1,1,5,0.995,0,0,0,0,NaN,NaN,NaN,0,244,338,91,153,0,534,1.08988764044944,368,582,2328,2205,123,0,1990,1,4777,4777,0,0,2,2,0,0,0,0,1,0.410044214293362,0.410044214293362,1,0,0
16050089,n5-6dof,N5 6-DOF graph,local-management,Local management reach,visibility-boundary,5,30443676753,30443676753,1061873,575535,137611490,NaN,NaN,NaN,NaN,NaN,3,3,0,1,NaN,0.3995,0,0,0,0,NaN,NaN,NaN,0,68,31,37,31,0,534,0.185393258426966,31,99,249,249,0,0,799,442,1998,1998,0,0,930,826,0,104,0,104,1,0.239082988105146,0.225571233675341,1,0,0
16050089,n5-6dof,N5 6-DOF graph,directed-grant-blackout,Directed GRANT blackout,grant-loss-witness,5,30443676753,20753162010,1160268,986013,175440741,1,2,421,0,0,3,3,0,1,NaN,0.7955,0,0,0,0,NaN,NaN,NaN,0,564,585,72,492,0,534,2.15168539325843,678,1149,4596,4197,399,0,1591,166,3979,3979,0,0,332,332,0,0,0,0,1,0.401599367774734,0.401599367774734,1,0,0
16050089,n5-6dof,N5 6-DOF graph,state-loss,Local client state loss,rejoin-boundary,5,30443676753,30443676753,1062446,492071,176900190,NaN,NaN,NaN,NaN,NaN,3,3,1,1,5,0.994,0,0,0,0,NaN,NaN,2,0,213,314,87,126,0,534,0.98689138576779,314,527,2108,2108,0,0,1988,3,4773,4773,0,0,6,6,0,0,0,0,1,0.406603721267254,0.406603721267254,1,0,0
16050089,n5-6dof,N5 6-DOF graph,owner-reconfiguration,Owner tuple reconfiguration,lease-fence-boundary,5,30443676753,30443676753,1062449,499162,177265338,NaN,NaN,NaN,NaN,NaN,3,3,1,1,5,0.9645,0,0,0,0,222,221,NaN,1,261,319,79,182,0,534,1.08614232209738,440,580,2320,2320,0,0,1929,19,4647,4647,0,0,38,34,0,4,0,2,1,0.40184958544936,0.401286595681452,1,0,0
16050089,n10-ring2,N10 ring2 graph,zero,Zero loss,native,10,113291725859,113291725859,1757145,3859944,504027300,NaN,NaN,NaN,NaN,NaN,3,3,1,1,10,0.98875,0,0,0,0,NaN,NaN,NaN,0,455,930,176,279,0,1409,0.982966643009226,930,1385,12465,12465,0,0,3955,7,10295,10295,0,0,16,14,0,2,0,2,1,0.45526164920884,0.292861781274649,1,0,0
16050089,n10-ring2,N10 ring2 graph,data-erasure-5,DATA erasure 5%,data-separation,10,113291725859,113291725859,2413015,3859944,504027300,NaN,NaN,NaN,NaN,NaN,3,3,1,1,10,0.98875,0,0,0,0,NaN,NaN,NaN,0,455,930,176,279,0,1409,0.982966643009226,930,1385,12465,12465,0,0,3955,7,10295,9742,553,0,16,13,1,2,0,2,1,0.45526164920884,0.292861781274649,1,0,0
16050089,n10-ring2,N10 ring2 graph,management-erasure-5,Management erasure 5%,control-loss,10,113291725859,113291725859,2081511,3834245,501905263,NaN,NaN,NaN,NaN,NaN,3,3,1,1,39,0.96225,0,0,0,0,NaN,NaN,NaN,0,508,924,175,333,0,1409,1.01632363378282,1077,1432,12888,12189,699,0,3849,26,10050,10050,0,0,57,49,0,8,0,8,1,0.447920379302225,0.291180836296032,1,0,0
16050089,n10-ring2,N10 ring2 graph,local-management,Local management reach,visibility-boundary,10,113291725859,113291725859,1746229,710218,382845946,NaN,NaN,NaN,NaN,NaN,3,3,0,1,NaN,0.19975,0,0,0,0,NaN,NaN,NaN,0,68,31,37,31,0,1409,0.0702625975869411,31,99,351,351,0,0,799,628,2798,2798,0,0,1398,1215,0,183,0,142,1,0.150255898088669,0.130702048337403,1,0,0
16050089,n10-ring2,N10 ring2 graph,directed-grant-blackout,Directed GRANT blackout,grant-loss-witness,10,113291725859,74494940391,1855086,4229577,501371854,1,2,421,0,0,3,3,0,1,NaN,0.889,0,0,0,0,NaN,NaN,NaN,0,806,1050,159,647,0,1409,1.31724627395316,1298,1856,16704,16305,399,0,3556,90,9497,9497,0,0,182,180,0,2,0,2,1,0.438898164416992,0.317252635964385,1,0,0
16050089,n10-ring2,N10 ring2 graph,state-loss,Local client state loss,rejoin-boundary,10,113291725859,113291725859,1757564,3860373,504021139,NaN,NaN,NaN,NaN,NaN,3,3,1,1,10,0.98825,0,0,0,0,NaN,NaN,2,0,455,915,175,280,0,1409,0.972320794889993,931,1370,12330,12330,0,0,3953,8,10291,10291,0,0,18,16,0,2,0,2,1,0.454644159216695,0.292450121279886,1,0,0
16050089,n10-ring2,N10 ring2 graph,owner-reconfiguration,Owner tuple reconfiguration,lease-fence-boundary,10,113291725859,113291725859,1757567,3863967,503321724,NaN,NaN,NaN,NaN,NaN,3,3,1,1,10,0.92975,0,0,0,0,222,221,NaN,5,619,1035,156,463,0,1409,1.17388218594748,1479,1654,14886,14886,0,0,3719,55,9717,9717,0,0,131,122,0,9,0,7,1,0.445141674337571,0.299105291195228,1,0,0
16050090,n5-6dof,N5 6-DOF graph,zero,Zero loss,native,5,30279919935,30279919935,1062327,491114,176806773,NaN,NaN,NaN,NaN,NaN,3,3,1,1,5,0.995,0,0,0,0,NaN,NaN,NaN,0,213,310,89,124,0,534,0.97940074906367,310,523,2092,2092,0,0,1990,3,4777,4777,0,0,7,7,0,0,0,0,1,0.406728830104567,0.406728830104567,1,0,0
16050090,n5-6dof,N5 6-DOF graph,data-erasure-5,DATA erasure 5%,data-separation,5,30279919935,30279919935,1718197,491114,176806773,NaN,NaN,NaN,NaN,NaN,3,3,1,1,5,0.995,0,0,0,0,NaN,NaN,NaN,0,213,310,89,124,0,534,0.97940074906367,310,523,2092,2092,0,0,1990,3,4777,4542,235,0,7,7,0,0,0,0,1,0.406728830104567,0.406728830104567,1,0,0
16050090,n5-6dof,N5 6-DOF graph,management-erasure-5,Management erasure 5%,control-loss,5,30279919935,30279919935,1386693,493649,176233659,NaN,NaN,NaN,NaN,NaN,3,3,1,1,17,0.9825,0,0,0,0,NaN,NaN,NaN,0,239,307,89,150,0,534,1.02247191011236,366,546,2184,2080,104,0,1965,12,4714,4714,0,0,28,26,0,2,0,2,1,0.405164969638155,0.404977306382185,1,0,0
16050090,n5-6dof,N5 6-DOF graph,local-management,Local management reach,visibility-boundary,5,30279919935,30279919935,1061873,574173,137611490,NaN,NaN,NaN,NaN,NaN,3,3,0,1,NaN,0.3995,0,0,0,0,NaN,NaN,NaN,0,68,31,37,31,0,534,0.185393258426966,31,99,249,249,0,0,799,415,1998,1998,0,0,893,821,0,72,0,72,1,0.234016080193969,0.224257590883555,1,0,0
16050090,n5-6dof,N5 6-DOF graph,directed-grant-blackout,Directed GRANT blackout,grant-loss-witness,5,30279919935,20627670389,1160268,985731,175440741,1,2,421,0,0,3,3,0,1,NaN,0.7955,0,0,0,0,NaN,NaN,NaN,0,564,585,72,492,0,534,2.15168539325843,678,1149,4596,4197,399,0,1591,151,3979,3979,0,0,303,301,0,2,0,2,1,0.398784418935192,0.398596755679222,1,0,0
16050090,n5-6dof,N5 6-DOF graph,state-loss,Local client state loss,rejoin-boundary,5,30279919935,30279919935,1062446,492093,176900190,NaN,NaN,NaN,NaN,NaN,3,3,1,1,5,0.994,0,0,0,0,NaN,NaN,2,0,213,314,87,126,0,534,0.98689138576779,314,527,2108,2108,0,0,1988,4,4773,4773,0,0,9,9,0,0,0,0,1,0.406791384523224,0.406791384523224,1,0,0
16050090,n5-6dof,N5 6-DOF graph,owner-reconfiguration,Owner tuple reconfiguration,lease-fence-boundary,5,30279919935,30279919935,1062449,499548,177265338,NaN,NaN,NaN,NaN,NaN,3,3,1,1,5,0.9645,0,0,0,0,222,221,NaN,1,261,319,79,182,0,534,1.08614232209738,440,580,2320,2320,0,0,1929,30,4647,4647,0,0,63,53,0,10,0,8,1,0.403913881265025,0.403163228241147,1,0,0
16050090,n10-ring2,N10 ring2 graph,zero,Zero loss,native,10,113319625162,113319625162,1757145,3860166,504027300,NaN,NaN,NaN,NaN,NaN,3,3,1,1,10,0.98875,0,0,0,0,NaN,NaN,NaN,0,455,930,176,279,0,1409,0.982966643009226,930,1385,12465,12465,0,0,3955,13,10295,10295,0,0,22,20,0,2,0,2,1,0.455879139200985,0.293273441269413,1,0,0
16050090,n10-ring2,N10 ring2 graph,data-erasure-5,DATA erasure 5%,data-separation,10,113319625162,113319625162,2413015,3860166,504027300,NaN,NaN,NaN,NaN,NaN,3,3,1,1,10,0.98875,0,0,0,0,NaN,NaN,NaN,0,455,930,176,279,0,1409,0.982966643009226,930,1385,12465,12465,0,0,3955,13,10295,9785,510,0,22,20,0,2,0,2,1,0.455879139200985,0.293273441269413,1,0,0
16050090,n10-ring2,N10 ring2 graph,management-erasure-5,Management erasure 5%,control-loss,10,113319625162,113319625162,2081511,3833154,500419462,NaN,NaN,NaN,NaN,NaN,3,3,1,1,43,0.94675,0,0,0,0,NaN,NaN,NaN,0,522,985,170,352,0,1409,1.06955287437899,1144,1507,13563,12899,664,0,3787,47,9892,9892,0,0,102,94,0,8,0,6,1,0.446273739323171,0.291592496290795,1,0,0
16050090,n10-ring2,N10 ring2 graph,local-management,Local management reach,visibility-boundary,10,113319625162,113319625162,1746229,708565,382845946,NaN,NaN,NaN,NaN,NaN,3,3,0,1,NaN,0.19975,0,0,0,0,NaN,NaN,NaN,0,68,31,37,31,0,1409,0.0702625975869411,31,99,351,351,0,0,799,616,2798,2798,0,0,1374,1224,0,150,0,111,1,0.149020918104378,0.13265743331253,1,0,0
16050090,n10-ring2,N10 ring2 graph,directed-grant-blackout,Directed GRANT blackout,grant-loss-witness,10,113319625162,74473802576,1855086,4229799,501371854,1,2,421,0,0,3,3,0,1,NaN,0.889,0,0,0,0,NaN,NaN,NaN,0,806,1050,159,647,0,1409,1.31724627395316,1298,1856,16704,16305,399,0,3556,96,9497,9497,0,0,188,186,0,2,0,2,1,0.439515654409137,0.317561380960458,1,0,0
16050090,n10-ring2,N10 ring2 graph,state-loss,Local client state loss,rejoin-boundary,10,113319625162,113319625162,1757564,3860558,504021139,NaN,NaN,NaN,NaN,NaN,3,3,1,1,10,0.98825,0,0,0,0,NaN,NaN,2,0,455,915,175,280,0,1409,0.972320794889993,931,1370,12330,12330,0,0,3953,13,10291,10291,0,0,22,20,0,2,0,2,1,0.455158734210149,0.292758866275958,1,0,0
16050090,n10-ring2,N10 ring2 graph,owner-reconfiguration,Owner tuple reconfiguration,lease-fence-boundary,10,113319625162,113319625162,1757567,3864380,503321724,NaN,NaN,NaN,NaN,NaN,3,3,1,1,10,0.92975,0,0,0,0,222,221,NaN,5,619,1035,156,463,0,1409,1.17388218594748,1479,1654,14886,14886,0,0,3719,63,9717,9717,0,0,134,118,0,16,0,10,1,0.445964994327098,0.299414036191301,1,0,0
16050091,n5-6dof,N5 6-DOF graph,zero,Zero loss,native,5,30361776847,30361776847,1062327,491070,176806773,NaN,NaN,NaN,NaN,NaN,3,3,1,1,5,0.995,0,0,0,0,NaN,NaN,NaN,0,213,310,89,124,0,534,0.97940074906367,310,523,2092,2092,0,0,1990,1,4777,4777,0,0,2,2,0,0,0,0,1,0.406353503592628,0.406353503592628,1,0,0
16050091,n5-6dof,N5 6-DOF graph,data-erasure-5,DATA erasure 5%,data-separation,5,30361776847,30361776847,1718197,491070,176806773,NaN,NaN,NaN,NaN,NaN,3,3,1,1,5,0.995,0,0,0,0,NaN,NaN,NaN,0,213,310,89,124,0,534,0.97940074906367,310,523,2092,2092,0,0,1990,1,4777,4516,261,0,2,2,0,0,0,0,1,0.406353503592628,0.406353503592628,1,0,0
16050091,n5-6dof,N5 6-DOF graph,management-erasure-5,Management erasure 5%,control-loss,5,30361776847,30361776847,1386693,494435,176939169,NaN,NaN,NaN,NaN,NaN,3,3,1,1,5,0.994,0,0,0,0,NaN,NaN,NaN,0,245,325,91,154,0,534,1.06741573033708,381,570,2280,2151,129,0,1988,3,4772,4772,0,0,7,7,0,0,0,0,1,0.409293561269484,0.409293561269484,1,0,0
16050091,n5-6dof,N5 6-DOF graph,local-management,Local management reach,visibility-boundary,5,30361776847,30361776847,1061873,576133,137611490,NaN,NaN,NaN,NaN,NaN,3,3,0,1,NaN,0.3995,0,0,0,0,NaN,NaN,NaN,0,68,31,37,31,0,534,0.185393258426966,31,99,249,249,0,0,799,467,1998,1998,0,0,974,868,0,106,0,106,1,0.243774569504383,0.228010856002945,1,0,0
16050091,n5-6dof,N5 6-DOF graph,directed-grant-blackout,Directed GRANT blackout,grant-loss-witness,5,30361776847,20685564853,1160268,985485,175440741,1,2,421,0,0,3,3,0,1,NaN,0.7955,0,0,0,0,NaN,NaN,NaN,0,564,585,72,492,0,534,2.15168539325843,678,1149,4596,4197,399,0,1591,142,3979,3979,0,0,284,284,0,0,0,0,1,0.397095449631466,0.397095449631466,1,0,0
16050091,n5-6dof,N5 6-DOF graph,state-loss,Local client state loss,rejoin-boundary,5,30361776847,30361776847,1062446,492049,176900190,NaN,NaN,NaN,NaN,NaN,3,3,1,1,5,0.994,0,0,0,0,NaN,NaN,2,0,213,314,87,126,0,534,0.98689138576779,314,527,2108,2108,0,0,1988,2,4773,4773,0,0,4,4,0,0,0,0,1,0.406416058011285,0.406416058011285,1,0,0
16050091,n5-6dof,N5 6-DOF graph,owner-reconfiguration,Owner tuple reconfiguration,lease-fence-boundary,5,30361776847,30361776847,1062449,499254,177265338,NaN,NaN,NaN,NaN,NaN,3,3,1,1,5,0.9645,0,0,0,0,222,221,NaN,1,261,319,79,182,0,534,1.08614232209738,440,580,2320,2320,0,0,1929,21,4647,4647,0,0,42,38,0,4,0,4,1,0.402224911961299,0.40184958544936,1,0,0
16050091,n10-ring2,N10 ring2 graph,zero,Zero loss,native,10,113216459219,113216459219,1757145,3859792,504027300,NaN,NaN,NaN,NaN,NaN,3,3,1,1,10,0.98875,0,0,0,0,NaN,NaN,NaN,0,455,930,176,279,0,1409,0.982966643009226,930,1385,12465,12465,0,0,3955,5,10295,10295,0,0,10,10,0,0,0,0,1,0.455055819211458,0.292758866275958,1,0,0
16050091,n10-ring2,N10 ring2 graph,data-erasure-5,DATA erasure 5%,data-separation,10,113216459219,113216459219,2413015,3859792,504027300,NaN,NaN,NaN,NaN,NaN,3,3,1,1,10,0.98875,0,0,0,0,NaN,NaN,NaN,0,455,930,176,279,0,1409,0.982966643009226,930,1385,12465,12465,0,0,3955,5,10295,9790,505,0,10,9,1,0,0,0,1,0.455055819211458,0.292758866275958,1,0,0
16050091,n10-ring2,N10 ring2 graph,management-erasure-5,Management erasure 5%,control-loss,10,113216459219,113216459219,2081511,3844080,501583499,NaN,NaN,NaN,NaN,NaN,3,3,1,1,28,0.95925,0,0,0,0,NaN,NaN,NaN,0,518,903,167,351,0,1409,1.00851667849539,1135,1421,12789,12120,669,0,3837,25,10011,10011,0,0,55,49,0,6,0,4,1,0.446205129324044,0.290700566302141,1,0,0
16050091,n10-ring2,N10 ring2 graph,local-management,Local management reach,visibility-boundary,10,113216459219,113216459219,1746229,707182,382845946,NaN,NaN,NaN,NaN,NaN,3,3,0,1,NaN,0.19975,0,0,0,0,NaN,NaN,NaN,0,68,31,37,31,0,1409,0.0702625975869411,31,99,351,351,0,0,799,586,2798,2798,0,0,1284,1140,0,144,0,104,1,0.145933468143652,0.12905540835835,1,0,0
16050091,n10-ring2,N10 ring2 graph,directed-grant-blackout,Directed GRANT blackout,grant-loss-witness,10,113216459219,74461071920,1855086,4228537,501371854,1,2,421,0,0,3,3,0,1,NaN,0.889,0,0,0,0,NaN,NaN,NaN,0,806,1050,159,647,0,1409,1.31724627395316,1298,1856,16704,16305,399,0,3556,64,9497,9497,0,0,128,128,0,0,0,0,1,0.436222374451029,0.314679760997113,1,0,0
16050091,n10-ring2,N10 ring2 graph,state-loss,Local client state loss,rejoin-boundary,10,113216459219,113216459219,1757564,3860184,504021139,NaN,NaN,NaN,NaN,NaN,3,3,1,1,10,0.98825,0,0,0,0,NaN,NaN,2,0,455,915,175,280,0,1409,0.972320794889993,931,1370,12330,12330,0,0,3953,5,10291,10291,0,0,10,10,0,0,0,0,1,0.454335414220622,0.292244291282504,1,0,0
16050091,n10-ring2,N10 ring2 graph,owner-reconfiguration,Owner tuple reconfiguration,lease-fence-boundary,10,113216459219,113216459219,1757567,3863632,503321724,NaN,NaN,NaN,NaN,NaN,3,3,1,1,10,0.92975,0,0,0,0,222,221,NaN,5,619,1035,156,463,0,1409,1.17388218594748,1479,1654,14886,14886,0,0,3719,47,9717,9717,0,0,112,102,0,10,0,6,1,0.444318354348045,0.298281971205702,1,0,0
16050092,n5-6dof,N5 6-DOF graph,zero,Zero loss,native,5,30366085360,30366085360,1062327,491114,176806773,NaN,NaN,NaN,NaN,NaN,3,3,1,1,5,0.995,0,0,0,0,NaN,NaN,NaN,0,213,310,89,124,0,534,0.97940074906367,310,523,2092,2092,0,0,1990,3,4777,4777,0,0,7,7,0,0,0,0,1,0.406728830104567,0.406728830104567,1,0,0
16050092,n5-6dof,N5 6-DOF graph,data-erasure-5,DATA erasure 5%,data-separation,5,30366085360,30366085360,1718197,491114,176806773,NaN,NaN,NaN,NaN,NaN,3,3,1,1,5,0.995,0,0,0,0,NaN,NaN,NaN,0,213,310,89,124,0,534,0.97940074906367,310,523,2092,2092,0,0,1990,3,4777,4513,264,0,7,7,0,0,0,0,1,0.406728830104567,0.406728830104567,1,0,0
16050092,n5-6dof,N5 6-DOF graph,management-erasure-5,Management erasure 5%,control-loss,5,30366085360,30366085360,1386693,495650,176871119,NaN,NaN,NaN,NaN,NaN,3,3,1,1,17,0.989,0,0,0,0,NaN,NaN,NaN,0,231,287,83,148,0,534,0.970037453183521,358,518,2072,1974,98,0,1978,7,4753,4753,0,0,15,15,0,0,0,0,1,0.404914751963529,0.404914751963529,1,0,0
16050092,n5-6dof,N5 6-DOF graph,local-management,Local management reach,visibility-boundary,5,30366085360,30366085360,1061873,574609,137611490,NaN,NaN,NaN,NaN,NaN,3,3,0,1,NaN,0.3995,0,0,0,0,NaN,NaN,NaN,0,68,31,37,31,0,534,0.185393258426966,31,99,249,249,0,0,799,413,1998,1998,0,0,856,764,0,92,0,92,1,0.23364075368203,0.219753672740287,1,0,0
16050092,n5-6dof,N5 6-DOF graph,directed-grant-blackout,Directed GRANT blackout,grant-loss-witness,5,30366085360,20650690777,1160268,985485,175440741,1,2,421,0,0,3,3,0,1,NaN,0.7955,0,0,0,0,NaN,NaN,NaN,0,564,585,72,492,0,534,2.15168539325843,678,1149,4596,4197,399,0,1591,142,3979,3979,0,0,285,285,0,0,0,0,1,0.397095449631466,0.397095449631466,1,0,0
16050092,n5-6dof,N5 6-DOF graph,state-loss,Local client state loss,rejoin-boundary,5,30366085360,30366085360,1062446,492071,176900190,NaN,NaN,NaN,NaN,NaN,3,3,1,1,5,0.994,0,0,0,0,NaN,NaN,2,0,213,314,87,126,0,534,0.98689138576779,314,527,2108,2108,0,0,1988,3,4773,4773,0,0,7,7,0,0,0,0,1,0.406603721267254,0.406603721267254,1,0,0
16050092,n5-6dof,N5 6-DOF graph,owner-reconfiguration,Owner tuple reconfiguration,lease-fence-boundary,5,30366085360,30366085360,1062449,499412,177265338,NaN,NaN,NaN,NaN,NaN,3,3,1,1,5,0.9645,0,0,0,0,222,221,NaN,1,261,319,79,182,0,534,1.08614232209738,440,580,2320,2320,0,0,1929,26,4647,4647,0,0,53,47,0,6,0,6,1,0.403163228241147,0.402600238473238,1,0,0
16050092,n10-ring2,N10 ring2 graph,zero,Zero loss,native,10,113243703795,113243703795,1757145,3860051,504027300,NaN,NaN,NaN,NaN,NaN,3,3,1,1,10,0.98875,0,0,0,0,NaN,NaN,NaN,0,455,930,176,279,0,1409,0.982966643009226,930,1385,12465,12465,0,0,3955,12,10295,10295,0,0,26,26,0,0,0,0,1,0.455776224202295,0.293170526270722,1,0,0
16050092,n10-ring2,N10 ring2 graph,data-erasure-5,DATA erasure 5%,data-separation,10,113243703795,113243703795,2413015,3860051,504027300,NaN,NaN,NaN,NaN,NaN,3,3,1,1,10,0.98875,0,0,0,0,NaN,NaN,NaN,0,455,930,176,279,0,1409,0.982966643009226,930,1385,12465,12465,0,0,3955,12,10295,9798,497,0,26,26,0,0,0,0,1,0.455776224202295,0.293170526270722,1,0,0
16050092,n10-ring2,N10 ring2 graph,management-erasure-5,Management erasure 5%,control-loss,10,113243703795,113243703795,2081511,3847084,502982094,NaN,NaN,NaN,NaN,NaN,3,3,1,1,24,0.97775,0,0,0,0,NaN,NaN,NaN,0,529,977,179,350,0,1409,1.06884315117104,1153,1506,13554,12895,659,0,3911,21,10192,10192,0,0,44,44,0,0,0,0,1,0.456325104195313,0.295160216245412,1,0,0
16050092,n10-ring2,N10 ring2 graph,local-management,Local management reach,visibility-boundary,10,113243703795,113243703795,1746229,710251,382845946,NaN,NaN,NaN,NaN,NaN,3,3,0,1,NaN,0.19975,0,0,0,0,NaN,NaN,NaN,0,68,31,37,31,0,1409,0.0702625975869411,31,99,351,351,0,0,799,631,2798,2798,0,0,1401,1205,0,196,0,140,1,0.150564643084741,0.132039943320385,1,0,0
16050092,n10-ring2,N10 ring2 graph,directed-grant-blackout,Directed GRANT blackout,grant-loss-witness,10,113243703795,74399340547,1855086,4229610,501371854,1,2,421,0,0,3,3,0,1,NaN,0.889,0,0,0,0,NaN,NaN,NaN,0,806,1050,159,647,0,1409,1.31724627395316,1298,1856,16704,16305,399,0,3556,93,9497,9497,0,0,188,188,0,0,0,0,1,0.439206909413065,0.317355550963076,1,0,0
16050092,n10-ring2,N10 ring2 graph,state-loss,Local client state loss,rejoin-boundary,10,113243703795,113243703795,1757564,3860443,504021139,NaN,NaN,NaN,NaN,NaN,3,3,1,1,10,0.98825,0,0,0,0,NaN,NaN,2,0,455,915,175,280,0,1409,0.972320794889993,931,1370,12330,12330,0,0,3953,12,10291,10291,0,0,26,26,0,0,0,0,1,0.455055819211458,0.292655951277267,1,0,0
16050092,n10-ring2,N10 ring2 graph,owner-reconfiguration,Owner tuple reconfiguration,lease-fence-boundary,10,113243703795,113243703795,1757567,3864641,503321724,NaN,NaN,NaN,NaN,NaN,3,3,1,1,10,0.92975,0,0,0,0,222,221,NaN,5,619,1035,156,463,0,1409,1.17388218594748,1479,1654,14886,14886,0,0,3719,69,9717,9717,0,0,159,142,0,17,0,11,1,0.446582484319244,0.299619866188683,1,0,0
16050093,n5-6dof,N5 6-DOF graph,zero,Zero loss,native,5,30498642155,30498642155,1062327,491228,176806773,NaN,NaN,NaN,NaN,NaN,3,3,1,1,5,0.995,0,0,0,0,NaN,NaN,NaN,0,213,310,89,124,0,534,0.97940074906367,310,523,2092,2092,0,0,1990,6,4777,4777,0,0,13,11,0,2,0,2,1,0.407291819872476,0.407104156616506,1,0,0
16050093,n5-6dof,N5 6-DOF graph,data-erasure-5,DATA erasure 5%,data-separation,5,30498642155,30498642155,1718197,491228,176806773,NaN,NaN,NaN,NaN,NaN,3,3,1,1,5,0.995,0,0,0,0,NaN,NaN,NaN,0,213,310,89,124,0,534,0.97940074906367,310,523,2092,2092,0,0,1990,6,4777,4514,263,0,13,10,1,2,0,2,1,0.407291819872476,0.407104156616506,1,0,0
16050093,n5-6dof,N5 6-DOF graph,management-erasure-5,Management erasure 5%,control-loss,5,30498642155,30498642155,1386693,495770,177057465,NaN,NaN,NaN,NaN,NaN,3,3,1,1,5,0.9945,0,0,0,0,NaN,NaN,NaN,0,241,341,89,152,0,534,1.08988764044944,373,582,2328,2208,120,0,1989,6,4775,4775,0,0,13,11,0,2,0,2,1,0.41079486731724,0.41060720406127,1,0,0
16050093,n5-6dof,N5 6-DOF graph,local-management,Local management reach,visibility-boundary,5,30498642155,30498642155,1061873,574761,137611490,NaN,NaN,NaN,NaN,NaN,3,3,0,1,NaN,0.3995,0,0,0,0,NaN,NaN,NaN,0,68,31,37,31,0,534,0.185393258426966,31,99,249,249,0,0,799,433,1998,1998,0,0,895,815,0,80,0,80,1,0.23739401880142,0.224257590883555,1,0,0
16050093,n5-6dof,N5 6-DOF graph,directed-grant-blackout,Directed GRANT blackout,grant-loss-witness,5,30498642155,20778217103,1160268,985625,175440741,1,2,421,0,0,3,3,0,1,NaN,0.7955,0,0,0,0,NaN,NaN,NaN,0,564,585,72,492,0,534,2.15168539325843,678,1149,4596,4197,399,0,1591,144,3979,3979,0,0,289,285,0,4,0,4,1,0.397470776143405,0.397095449631466,1,0,0
16050093,n5-6dof,N5 6-DOF graph,state-loss,Local client state loss,rejoin-boundary,5,30498642155,30498642155,1062446,492185,176900190,NaN,NaN,NaN,NaN,NaN,3,3,1,1,5,0.994,0,0,0,0,NaN,NaN,2,0,213,314,87,126,0,534,0.98689138576779,314,527,2108,2108,0,0,1988,6,4773,4773,0,0,13,11,0,2,0,2,1,0.407166711035163,0.406979047779193,1,0,0
16050093,n5-6dof,N5 6-DOF graph,owner-reconfiguration,Owner tuple reconfiguration,lease-fence-boundary,5,30498642155,30498642155,1062449,499480,177265338,NaN,NaN,NaN,NaN,NaN,3,3,1,1,5,0.9645,0,0,0,0,222,221,NaN,1,261,319,79,182,0,534,1.08614232209738,440,580,2320,2320,0,0,1929,28,4647,4647,0,0,60,49,0,11,0,7,1,0.403538554753086,0.402787901729208,1,0,0
16050093,n10-ring2,N10 ring2 graph,zero,Zero loss,native,10,113268161305,113268161305,1757145,3859903,504027300,NaN,NaN,NaN,NaN,NaN,3,3,1,1,10,0.98875,0,0,0,0,NaN,NaN,NaN,0,455,930,176,279,0,1409,0.982966643009226,930,1385,12465,12465,0,0,3955,8,10295,10295,0,0,17,17,0,0,0,0,1,0.455364564207531,0.29296469627334,1,0,0
16050093,n10-ring2,N10 ring2 graph,data-erasure-5,DATA erasure 5%,data-separation,10,113268161305,113268161305,2413015,3859903,504027300,NaN,NaN,NaN,NaN,NaN,3,3,1,1,10,0.98875,0,0,0,0,NaN,NaN,NaN,0,455,930,176,279,0,1409,0.982966643009226,930,1385,12465,12465,0,0,3955,8,10295,9782,513,0,17,15,2,0,0,0,1,0.455364564207531,0.29296469627334,1,0,0
16050093,n10-ring2,N10 ring2 graph,management-erasure-5,Management erasure 5%,control-loss,10,113268161305,113268161305,2081511,3849758,503667155,NaN,NaN,NaN,NaN,NaN,3,3,1,1,11,0.98825,0,0,0,0,NaN,NaN,NaN,0,531,981,166,365,0,1409,1.07310149041874,1190,1512,13608,12883,725,0,3953,8,10291,10291,0,0,17,17,0,0,0,0,1,0.459515469154729,0.297218516219229,1,0,0
16050093,n10-ring2,N10 ring2 graph,local-management,Local management reach,visibility-boundary,10,113268161305,113268161305,1746229,706924,382845946,NaN,NaN,NaN,NaN,NaN,3,3,0,1,NaN,0.19975,0,0,0,0,NaN,NaN,NaN,0,68,31,37,31,0,1409,0.0702625975869411,31,99,351,351,0,0,799,598,2798,2798,0,0,1331,1228,0,103,0,86,1,0.147168448127942,0.131731198324312,1,0,0
16050093,n10-ring2,N10 ring2 graph,directed-grant-blackout,Directed GRANT blackout,grant-loss-witness,10,113268161305,74341137869,1855086,4229462,501371854,1,2,421,0,0,3,3,0,1,NaN,0.889,0,0,0,0,NaN,NaN,NaN,0,806,1050,159,647,0,1409,1.31724627395316,1298,1856,16704,16305,399,0,3556,89,9497,9497,0,0,179,179,0,0,0,0,1,0.438795249418301,0.317149720965694,1,0,0
16050093,n10-ring2,N10 ring2 graph,state-loss,Local client state loss,rejoin-boundary,10,113268161305,113268161305,1757564,3860295,504021139,NaN,NaN,NaN,NaN,NaN,3,3,1,1,10,0.98825,0,0,0,0,NaN,NaN,2,0,455,915,175,280,0,1409,0.972320794889993,931,1370,12330,12330,0,0,3953,8,10291,10291,0,0,17,17,0,0,0,0,1,0.454644159216695,0.292450121279886,1,0,0
16050093,n10-ring2,N10 ring2 graph,owner-reconfiguration,Owner tuple reconfiguration,lease-fence-boundary,10,113268161305,113268161305,1757567,3863805,503321724,NaN,NaN,NaN,NaN,NaN,3,3,1,1,10,0.92975,0,0,0,0,222,221,NaN,5,619,1035,156,463,0,1409,1.17388218594748,1479,1654,14886,14886,0,0,3719,58,9717,9717,0,0,134,134,0,0,0,0,1,0.445450419333644,0.299516951189992,1,0,0
16050094,n5-6dof,N5 6-DOF graph,zero,Zero loss,native,5,30422883668,30422883668,1062327,491136,176806773,NaN,NaN,NaN,NaN,NaN,3,3,1,1,5,0.995,0,0,0,0,NaN,NaN,NaN,0,213,310,89,124,0,534,0.97940074906367,310,523,2092,2092,0,0,1990,4,4777,4777,0,0,7,7,0,0,0,0,1,0.406916493360537,0.406728830104567,1,0,0
16050094,n5-6dof,N5 6-DOF graph,data-erasure-5,DATA erasure 5%,data-separation,5,30422883668,30422883668,1718197,491136,176806773,NaN,NaN,NaN,NaN,NaN,3,3,1,1,5,0.995,0,0,0,0,NaN,NaN,NaN,0,213,310,89,124,0,534,0.97940074906367,310,523,2092,2092,0,0,1990,4,4777,4552,225,0,7,6,1,0,0,0,1,0.406916493360537,0.406728830104567,1,0,0
16050094,n5-6dof,N5 6-DOF graph,management-erasure-5,Management erasure 5%,control-loss,5,30422883668,30422883668,1386693,493755,176759998,NaN,NaN,NaN,NaN,NaN,3,3,1,1,7,0.9935,0,0,0,0,NaN,NaN,NaN,0,249,343,90,159,0,534,1.10861423220974,392,592,2368,2253,115,0,1987,6,4770,4770,0,0,12,12,0,0,0,0,1,0.411045084991866,0.410857421735896,1,0,0
16050094,n5-6dof,N5 6-DOF graph,local-management,Local management reach,visibility-boundary,5,30422883668,30422883668,1061873,575657,137611490,NaN,NaN,NaN,NaN,NaN,3,3,0,1,NaN,0.3995,0,0,0,0,NaN,NaN,NaN,0,68,31,37,31,0,534,0.185393258426966,31,99,249,249,0,0,799,441,1998,1998,0,0,918,808,0,110,0,110,1,0.238895324849176,0.223694601115646,1,0,0
16050094,n5-6dof,N5 6-DOF graph,directed-grant-blackout,Directed GRANT blackout,grant-loss-witness,5,30422883668,20663227151,1160268,985661,175440741,1,2,421,0,0,3,3,0,1,NaN,0.7955,0,0,0,0,NaN,NaN,NaN,0,564,585,72,492,0,534,2.15168539325843,678,1149,4596,4197,399,0,1591,150,3979,3979,0,0,299,299,0,0,0,0,1,0.398596755679222,0.398409092423253,1,0,0
16050094,n5-6dof,N5 6-DOF graph,state-loss,Local client state loss,rejoin-boundary,5,30422883668,30422883668,1062446,492093,176900190,NaN,NaN,NaN,NaN,NaN,3,3,1,1,5,0.994,0,0,0,0,NaN,NaN,2,0,213,314,87,126,0,534,0.98689138576779,314,527,2108,2108,0,0,1988,4,4773,4773,0,0,7,7,0,0,0,0,1,0.406791384523224,0.406603721267254,1,0,0
16050094,n5-6dof,N5 6-DOF graph,owner-reconfiguration,Owner tuple reconfiguration,lease-fence-boundary,5,30422883668,30422883668,1062449,499342,177265338,NaN,NaN,NaN,NaN,NaN,3,3,1,1,5,0.9645,0,0,0,0,222,221,NaN,1,261,319,79,182,0,534,1.08614232209738,440,580,2320,2320,0,0,1929,25,4647,4647,0,0,50,44,0,6,0,4,1,0.402975564985177,0.402224911961299,1,0,0
16050094,n10-ring2,N10 ring2 graph,zero,Zero loss,native,10,113559012005,113559012005,1757145,3859866,504027300,NaN,NaN,NaN,NaN,NaN,3,3,1,1,10,0.98875,0,0,0,0,NaN,NaN,NaN,0,455,930,176,279,0,1409,0.982966643009226,930,1385,12465,12465,0,0,3955,7,10295,10295,0,0,15,15,0,0,0,0,1,0.45526164920884,0.292861781274649,1,0,0
16050094,n10-ring2,N10 ring2 graph,data-erasure-5,DATA erasure 5%,data-separation,10,113559012005,113559012005,2413015,3859866,504027300,NaN,NaN,NaN,NaN,NaN,3,3,1,1,10,0.98875,0,0,0,0,NaN,NaN,NaN,0,455,930,176,279,0,1409,0.982966643009226,930,1385,12465,12465,0,0,3955,7,10295,9802,493,0,15,14,1,0,0,0,1,0.45526164920884,0.292861781274649,1,0,0
16050094,n10-ring2,N10 ring2 graph,management-erasure-5,Management erasure 5%,control-loss,10,113559012005,113559012005,2081511,3841467,503506031,NaN,NaN,NaN,NaN,NaN,3,3,1,1,10,0.98825,0,0,0,0,NaN,NaN,NaN,0,538,995,172,366,0,1409,1.08800567778566,1195,1533,13797,13126,671,0,3953,8,10289,10289,0,0,18,18,0,0,0,0,1,0.460235874145566,0.297938921210065,1,0,0
16050094,n10-ring2,N10 ring2 graph,local-management,Local management reach,visibility-boundary,10,113559012005,113559012005,1746229,708914,382845946,NaN,NaN,NaN,NaN,NaN,3,3,0,1,NaN,0.19975,0,0,0,0,NaN,NaN,NaN,0,68,31,37,31,0,1409,0.0702625975869411,31,99,351,351,0,0,799,617,2798,2798,0,0,1377,1222,0,155,0,119,1,0.149123833103069,0.131937028321694,1,0,0
16050094,n10-ring2,N10 ring2 graph,directed-grant-blackout,Directed GRANT blackout,grant-loss-witness,10,113559012005,74734106558,1855086,4229499,501371854,1,2,421,0,0,3,3,0,1,NaN,0.889,0,0,0,0,NaN,NaN,NaN,0,806,1050,159,647,0,1409,1.31724627395316,1298,1856,16704,16305,399,0,3556,90,9497,9497,0,0,181,181,0,0,0,0,1,0.438898164416992,0.317252635964385,1,0,0
16050094,n10-ring2,N10 ring2 graph,state-loss,Local client state loss,rejoin-boundary,10,113559012005,113559012005,1757564,3860258,504021139,NaN,NaN,NaN,NaN,NaN,3,3,1,1,10,0.98825,0,0,0,0,NaN,NaN,2,0,455,915,175,280,0,1409,0.972320794889993,931,1370,12330,12330,0,0,3953,7,10291,10291,0,0,15,15,0,0,0,0,1,0.454541244218004,0.292347206281195,1,0,0
16050094,n10-ring2,N10 ring2 graph,owner-reconfiguration,Owner tuple reconfiguration,lease-fence-boundary,10,113559012005,113559012005,1757567,3863891,503321724,NaN,NaN,NaN,NaN,NaN,3,3,1,1,10,0.92975,0,0,0,0,222,221,NaN,5,619,1035,156,463,0,1409,1.17388218594748,1479,1654,14886,14886,0,0,3719,54,9717,9717,0,0,126,116,0,10,0,6,1,0.445038759338881,0.299105291195228,1,0,0
16050095,n5-6dof,N5 6-DOF graph,zero,Zero loss,native,5,30408614725,30408614725,1062327,491202,176806773,NaN,NaN,NaN,NaN,NaN,3,3,1,1,5,0.995,0,0,0,0,NaN,NaN,NaN,0,213,310,89,124,0,534,0.97940074906367,310,523,2092,2092,0,0,1990,7,4777,4777,0,0,15,15,0,0,0,0,1,0.407479483128445,0.407291819872476,1,0,0
16050095,n5-6dof,N5 6-DOF graph,data-erasure-5,DATA erasure 5%,data-separation,5,30408614725,30408614725,1718197,491202,176806773,NaN,NaN,NaN,NaN,NaN,3,3,1,1,5,0.995,0,0,0,0,NaN,NaN,NaN,0,213,310,89,124,0,534,0.97940074906367,310,523,2092,2092,0,0,1990,7,4777,4543,234,0,15,15,0,0,0,0,1,0.407479483128445,0.407291819872476,1,0,0
16050095,n5-6dof,N5 6-DOF graph,management-erasure-5,Management erasure 5%,control-loss,5,30408614725,30408614725,1386693,497297,177180200,NaN,NaN,NaN,NaN,NaN,3,3,1,1,5,0.995,0,0,0,0,NaN,NaN,NaN,0,246,353,86,160,0,534,1.12172284644195,392,599,2396,2278,118,0,1990,7,4777,4777,0,0,15,15,0,0,0,0,1,0.412233618946339,0.41204595569037,1,0,0
16050095,n5-6dof,N5 6-DOF graph,local-management,Local management reach,visibility-boundary,5,30408614725,30408614725,1061873,575709,137611490,NaN,NaN,NaN,NaN,NaN,3,3,0,1,NaN,0.3995,0,0,0,0,NaN,NaN,NaN,0,68,31,37,31,0,534,0.185393258426966,31,99,249,249,0,0,799,439,1998,1998,0,0,904,790,0,114,0,114,1,0.238519998337237,0.222568621579829,1,0,0
16050095,n5-6dof,N5 6-DOF graph,directed-grant-blackout,Directed GRANT blackout,grant-loss-witness,5,30408614725,20702337518,1160268,985973,175440741,1,2,421,0,0,3,3,0,1,NaN,0.7955,0,0,0,0,NaN,NaN,NaN,0,564,585,72,492,0,534,2.15168539325843,678,1149,4596,4197,399,0,1591,162,3979,3979,0,0,325,323,0,2,0,2,1,0.400848714750856,0.400473388238917,1,0,0
16050095,n5-6dof,N5 6-DOF graph,state-loss,Local client state loss,rejoin-boundary,5,30408614725,30408614725,1062446,492159,176900190,NaN,NaN,NaN,NaN,NaN,3,3,1,1,5,0.994,0,0,0,0,NaN,NaN,2,0,213,314,87,126,0,534,0.98689138576779,314,527,2108,2108,0,0,1988,7,4773,4773,0,0,15,15,0,0,0,0,1,0.407354374291132,0.407166711035163,1,0,0
16050095,n5-6dof,N5 6-DOF graph,owner-reconfiguration,Owner tuple reconfiguration,lease-fence-boundary,5,30408614725,30408614725,1062449,499386,177265338,NaN,NaN,NaN,NaN,NaN,3,3,1,1,5,0.9645,0,0,0,0,222,221,NaN,1,261,319,79,182,0,534,1.08614232209738,440,580,2320,2320,0,0,1929,27,4647,4647,0,0,57,51,0,6,0,4,1,0.403350891497116,0.402787901729208,1,0,0
16050095,n10-ring2,N10 ring2 graph,zero,Zero loss,native,10,113158545894,113158545894,1757145,3860096,504027300,NaN,NaN,NaN,NaN,NaN,3,3,1,1,10,0.98875,0,0,0,0,NaN,NaN,NaN,0,455,930,176,279,0,1409,0.982966643009226,930,1385,12465,12465,0,0,3955,9,10295,10295,0,0,19,15,0,4,0,4,1,0.455467479206222,0.292861781274649,1,0,0
16050095,n10-ring2,N10 ring2 graph,data-erasure-5,DATA erasure 5%,data-separation,10,113158545894,113158545894,2413015,3860096,504027300,NaN,NaN,NaN,NaN,NaN,3,3,1,1,10,0.98875,0,0,0,0,NaN,NaN,NaN,0,455,930,176,279,0,1409,0.982966643009226,930,1385,12465,12465,0,0,3955,9,10295,9773,522,0,19,14,1,4,0,4,1,0.455467479206222,0.292861781274649,1,0,0
16050095,n10-ring2,N10 ring2 graph,management-erasure-5,Management erasure 5%,control-loss,10,113158545894,113158545894,2081511,3839654,499665746,NaN,NaN,NaN,NaN,NaN,3,3,1,1,44,0.93475,0,0,0,0,NaN,NaN,NaN,0,506,923,167,339,0,1409,1.01419446415898,1114,1429,12861,12167,694,0,3739,46,9781,9781,0,0,100,88,0,12,0,10,1,0.438555114421356,0.286652576353633,1,0,0
16050095,n10-ring2,N10 ring2 graph,local-management,Local management reach,visibility-boundary,10,113158545894,113158545894,1746229,708300,382845946,NaN,NaN,NaN,NaN,NaN,3,3,0,1,NaN,0.19975,0,0,0,0,NaN,NaN,NaN,0,68,31,37,31,0,1409,0.0702625975869411,31,99,351,351,0,0,799,612,2798,2798,0,0,1358,1222,0,136,0,108,1,0.148609258109615,0.130702048337403,1,0,0
16050095,n10-ring2,N10 ring2 graph,directed-grant-blackout,Directed GRANT blackout,grant-loss-witness,10,113158545894,74569615619,1855086,4229692,501371854,1,2,421,0,0,3,3,0,1,NaN,0.889,0,0,0,0,NaN,NaN,NaN,0,806,1050,159,647,0,1409,1.31724627395316,1298,1856,16704,16305,399,0,3556,91,9497,9497,0,0,183,179,0,4,0,4,1,0.439001079415683,0.317149720965694,1,0,0
16050095,n10-ring2,N10 ring2 graph,state-loss,Local client state loss,rejoin-boundary,10,113158545894,113158545894,1757564,3860488,504021139,NaN,NaN,NaN,NaN,NaN,3,3,1,1,10,0.98825,0,0,0,0,NaN,NaN,2,0,455,915,175,280,0,1409,0.972320794889993,931,1370,12330,12330,0,0,3953,9,10291,10291,0,0,19,15,0,4,0,4,1,0.454747074215386,0.292347206281195,1,0,0
16050095,n10-ring2,N10 ring2 graph,owner-reconfiguration,Owner tuple reconfiguration,lease-fence-boundary,10,113158545894,113158545894,1757567,3864076,503321724,NaN,NaN,NaN,NaN,NaN,3,3,1,1,10,0.92975,0,0,0,0,222,221,NaN,5,619,1035,156,463,0,1409,1.17388218594748,1479,1654,14886,14886,0,0,3719,59,9717,9717,0,0,137,131,0,6,0,6,1,0.445553334332335,0.299105291195228,1,0,0
16050096,n5-6dof,N5 6-DOF graph,zero,Zero loss,native,5,30375992782,30375992782,1062327,491184,176806773,NaN,NaN,NaN,NaN,NaN,3,3,1,1,5,0.995,0,0,0,0,NaN,NaN,NaN,0,213,310,89,124,0,534,0.97940074906367,310,523,2092,2092,0,0,1990,4,4777,4777,0,0,10,6,0,4,0,2,1,0.406916493360537,0.406728830104567,1,0,0
16050096,n5-6dof,N5 6-DOF graph,data-erasure-5,DATA erasure 5%,data-separation,5,30375992782,30375992782,1718197,491184,176806773,NaN,NaN,NaN,NaN,NaN,3,3,1,1,5,0.995,0,0,0,0,NaN,NaN,NaN,0,213,310,89,124,0,534,0.97940074906367,310,523,2092,2092,0,0,1990,4,4777,4553,224,0,10,5,1,4,0,2,1,0.406916493360537,0.406728830104567,1,0,0
16050096,n5-6dof,N5 6-DOF graph,management-erasure-5,Management erasure 5%,control-loss,5,30375992782,30375992782,1386693,493622,176782289,NaN,NaN,NaN,NaN,NaN,3,3,1,1,5,0.995,0,0,0,0,NaN,NaN,NaN,0,244,352,87,157,0,534,1.11610486891386,384,596,2384,2277,107,0,1990,4,4777,4777,0,0,10,6,0,4,0,2,1,0.411482965922461,0.411295302666492,1,0,0
16050096,n5-6dof,N5 6-DOF graph,local-management,Local management reach,visibility-boundary,5,30375992782,30375992782,1061873,575907,137611490,NaN,NaN,NaN,NaN,NaN,3,3,0,1,NaN,0.3995,0,0,0,0,NaN,NaN,NaN,0,68,31,37,31,0,534,0.185393258426966,31,99,249,249,0,0,799,448,1998,1998,0,0,929,813,0,116,0,114,1,0.240208967640963,0.224445254139524,1,0,0
16050096,n5-6dof,N5 6-DOF graph,directed-grant-blackout,Directed GRANT blackout,grant-loss-witness,5,30375992782,20677678951,1160268,985621,175440741,1,2,421,0,0,3,3,0,1,NaN,0.7955,0,0,0,0,NaN,NaN,NaN,0,564,585,72,492,0,534,2.15168539325843,678,1149,4596,4197,399,0,1591,146,3979,3979,0,0,294,290,0,4,0,2,1,0.397846102655344,0.397658439399375,1,0,0
16050096,n5-6dof,N5 6-DOF graph,state-loss,Local client state loss,rejoin-boundary,5,30375992782,30375992782,1062446,492163,176900190,NaN,NaN,NaN,NaN,NaN,3,3,1,1,5,0.994,0,0,0,0,NaN,NaN,2,0,213,314,87,126,0,534,0.98689138576779,314,527,2108,2108,0,0,1988,5,4773,4773,0,0,12,8,0,4,0,2,1,0.406979047779193,0.406791384523224,1,0,0
16050096,n5-6dof,N5 6-DOF graph,owner-reconfiguration,Owner tuple reconfiguration,lease-fence-boundary,5,30375992782,30375992782,1062449,499294,177265338,NaN,NaN,NaN,NaN,NaN,3,3,1,1,5,0.9645,0,0,0,0,222,221,NaN,1,261,319,79,182,0,534,1.08614232209738,440,580,2320,2320,0,0,1929,25,4647,4647,0,0,53,49,0,4,0,2,1,0.402975564985177,0.402787901729208,1,0,0
16050096,n10-ring2,N10 ring2 graph,zero,Zero loss,native,10,113276360213,113276360213,1757145,3860207,504027300,NaN,NaN,NaN,NaN,NaN,3,3,1,1,10,0.98875,0,0,0,0,NaN,NaN,NaN,0,455,930,176,279,0,1409,0.982966643009226,930,1385,12465,12465,0,0,3955,12,10295,10295,0,0,25,21,0,4,0,4,1,0.455776224202295,0.293067611272031,1,0,0
16050096,n10-ring2,N10 ring2 graph,data-erasure-5,DATA erasure 5%,data-separation,10,113276360213,113276360213,2413015,3860207,504027300,NaN,NaN,NaN,NaN,NaN,3,3,1,1,10,0.98875,0,0,0,0,NaN,NaN,NaN,0,455,930,176,279,0,1409,0.982966643009226,930,1385,12465,12465,0,0,3955,12,10295,9756,539,0,25,20,1,4,0,4,1,0.455776224202295,0.293067611272031,1,0,0
16050096,n10-ring2,N10 ring2 graph,management-erasure-5,Management erasure 5%,control-loss,10,113276360213,113276360213,2081511,3852536,501430774,NaN,NaN,NaN,NaN,NaN,3,3,1,1,26,0.9585,0,0,0,0,NaN,NaN,NaN,0,519,928,172,347,0,1409,1.02696948190206,1137,1447,13023,12365,658,0,3834,43,10007,10007,0,0,97,81,0,16,0,14,1,0.448640784293061,0.291180836296032,1,0,0
16050096,n10-ring2,N10 ring2 graph,local-management,Local management reach,visibility-boundary,10,113276360213,113276360213,1746229,709619,382845946,NaN,NaN,NaN,NaN,NaN,3,3,0,1,NaN,0.19975,0,0,0,0,NaN,NaN,NaN,0,68,31,37,31,0,1409,0.0702625975869411,31,99,351,351,0,0,799,635,2798,2798,0,0,1417,1256,0,161,0,120,1,0.150976303079505,0.132245773317766,1,0,0
16050096,n10-ring2,N10 ring2 graph,directed-grant-blackout,Directed GRANT blackout,grant-loss-witness,10,113276360213,74477800667,1855086,4229618,501371854,1,2,421,0,0,3,3,0,1,NaN,0.889,0,0,0,0,NaN,NaN,NaN,0,806,1050,159,647,0,1409,1.31724627395316,1298,1856,16704,16305,399,0,3556,89,9497,9497,0,0,179,175,0,4,0,4,1,0.438795249418301,0.316840975969622,1,0,0
16050096,n10-ring2,N10 ring2 graph,state-loss,Local client state loss,rejoin-boundary,10,113276360213,113276360213,1757564,3860636,504021139,NaN,NaN,NaN,NaN,NaN,3,3,1,1,10,0.98825,0,0,0,0,NaN,NaN,2,0,455,915,175,280,0,1409,0.972320794889993,931,1370,12330,12330,0,0,3953,13,10291,10291,0,0,27,23,0,4,0,4,1,0.455158734210149,0.292655951277267,1,0,0
16050096,n10-ring2,N10 ring2 graph,owner-reconfiguration,Owner tuple reconfiguration,lease-fence-boundary,10,113276360213,113276360213,1757567,3864273,503321724,NaN,NaN,NaN,NaN,NaN,3,3,1,1,10,0.92975,0,0,0,0,222,221,NaN,5,619,1035,156,463,0,1409,1.17388218594748,1479,1654,14886,14886,0,0,3719,58,9717,9717,0,0,137,119,0,18,0,12,1,0.445450419333644,0.299208206193919,1,0,0
16050097,n5-6dof,N5 6-DOF graph,zero,Zero loss,native,5,30338905822,30338905822,1062327,491136,176806773,NaN,NaN,NaN,NaN,NaN,3,3,1,1,5,0.995,0,0,0,0,NaN,NaN,NaN,0,213,310,89,124,0,534,0.97940074906367,310,523,2092,2092,0,0,1990,4,4777,4777,0,0,9,9,0,0,0,0,1,0.406916493360537,0.406916493360537,1,0,0
16050097,n5-6dof,N5 6-DOF graph,data-erasure-5,DATA erasure 5%,data-separation,5,30338905822,30338905822,1718197,491136,176806773,NaN,NaN,NaN,NaN,NaN,3,3,1,1,5,0.995,0,0,0,0,NaN,NaN,NaN,0,213,310,89,124,0,534,0.97940074906367,310,523,2092,2092,0,0,1990,4,4777,4553,224,0,9,9,0,0,0,0,1,0.406916493360537,0.406916493360537,1,0,0
16050097,n5-6dof,N5 6-DOF graph,management-erasure-5,Management erasure 5%,control-loss,5,30338905822,30338905822,1386693,498053,177264823,NaN,NaN,NaN,NaN,NaN,3,3,1,1,5,0.995,0,0,0,0,NaN,NaN,NaN,0,243,353,84,159,0,534,1.11610486891386,389,596,2384,2237,147,0,1990,4,4777,4777,0,0,9,9,0,0,0,0,1,0.411482965922461,0.411482965922461,1,0,0
16050097,n5-6dof,N5 6-DOF graph,local-management,Local management reach,visibility-boundary,5,30338905822,30338905822,1061873,575121,137611490,NaN,NaN,NaN,NaN,NaN,3,3,0,1,NaN,0.3995,0,0,0,0,NaN,NaN,NaN,0,68,31,37,31,0,534,0.185393258426966,31,99,249,249,0,0,799,421,1998,1998,0,0,876,770,0,106,0,106,1,0.235142059729786,0.221442642044012,1,0,0
16050097,n5-6dof,N5 6-DOF graph,directed-grant-blackout,Directed GRANT blackout,grant-loss-witness,5,30338905822,20708001149,1160268,985595,175440741,1,2,421,0,0,3,3,0,1,NaN,0.7955,0,0,0,0,NaN,NaN,NaN,0,564,585,72,492,0,534,2.15168539325843,678,1149,4596,4197,399,0,1591,147,3979,3979,0,0,295,295,0,0,0,0,1,0.398033765911314,0.398033765911314,1,0,0
16050097,n5-6dof,N5 6-DOF graph,state-loss,Local client state loss,rejoin-boundary,5,30338905822,30338905822,1062446,492093,176900190,NaN,NaN,NaN,NaN,NaN,3,3,1,1,5,0.994,0,0,0,0,NaN,NaN,2,0,213,314,87,126,0,534,0.98689138576779,314,527,2108,2108,0,0,1988,4,4773,4773,0,0,9,9,0,0,0,0,1,0.406791384523224,0.406791384523224,1,0,0
16050097,n5-6dof,N5 6-DOF graph,owner-reconfiguration,Owner tuple reconfiguration,lease-fence-boundary,5,30338905822,30338905822,1062449,499614,177265338,NaN,NaN,NaN,NaN,NaN,3,3,1,1,5,0.9645,0,0,0,0,222,221,NaN,1,261,319,79,182,0,534,1.08614232209738,440,580,2320,2320,0,0,1929,33,4647,4647,0,0,64,56,0,8,0,8,1,0.404476871032933,0.403538554753086,1,0,0
16050097,n10-ring2,N10 ring2 graph,zero,Zero loss,native,10,113385360370,113385360370,1757145,3860018,504027300,NaN,NaN,NaN,NaN,NaN,3,3,1,1,10,0.98875,0,0,0,0,NaN,NaN,NaN,0,455,930,176,279,0,1409,0.982966643009226,930,1385,12465,12465,0,0,3955,9,10295,10295,0,0,18,16,0,2,0,2,1,0.455467479206222,0.292861781274649,1,0,0
16050097,n10-ring2,N10 ring2 graph,data-erasure-5,DATA erasure 5%,data-separation,10,113385360370,113385360370,2413015,3860018,504027300,NaN,NaN,NaN,NaN,NaN,3,3,1,1,10,0.98875,0,0,0,0,NaN,NaN,NaN,0,455,930,176,279,0,1409,0.982966643009226,930,1385,12465,12465,0,0,3955,9,10295,9799,496,0,18,16,0,2,0,2,1,0.455467479206222,0.292861781274649,1,0,0
16050097,n10-ring2,N10 ring2 graph,management-erasure-5,Management erasure 5%,control-loss,10,113385360370,113385360370,2081511,3853419,503671520,NaN,NaN,NaN,NaN,NaN,3,3,1,1,11,0.988,0,0,0,0,NaN,NaN,NaN,0,553,1006,177,376,0,1409,1.10645848119234,1199,1559,14031,13299,732,0,3952,9,10289,10289,0,0,18,16,0,2,0,2,1,0.46112780413422,0.298625021201338,1,0,0
16050097,n10-ring2,N10 ring2 graph,local-management,Local management reach,visibility-boundary,10,113385360370,113385360370,1746229,710880,382845946,NaN,NaN,NaN,NaN,NaN,3,3,0,1,NaN,0.19975,0,0,0,0,NaN,NaN,NaN,0,68,31,37,31,0,1409,0.0702625975869411,31,99,351,351,0,0,799,648,2798,2798,0,0,1439,1247,0,192,0,140,1,0.152314198062486,0.13378949829813,1,0,0
16050097,n10-ring2,N10 ring2 graph,directed-grant-blackout,Directed GRANT blackout,grant-loss-witness,10,113385360370,74687246185,1855086,4229618,501371854,1,2,421,0,0,3,3,0,1,NaN,0.889,0,0,0,0,NaN,NaN,NaN,0,806,1050,159,647,0,1409,1.31724627395316,1298,1856,16704,16305,399,0,3556,89,9497,9497,0,0,178,174,0,4,0,4,1,0.438795249418301,0.316840975969622,1,0,0
16050097,n10-ring2,N10 ring2 graph,state-loss,Local client state loss,rejoin-boundary,10,113385360370,113385360370,1757564,3860447,504021139,NaN,NaN,NaN,NaN,NaN,3,3,1,1,10,0.98825,0,0,0,0,NaN,NaN,2,0,455,915,175,280,0,1409,0.972320794889993,931,1370,12330,12330,0,0,3953,10,10291,10291,0,0,20,18,0,2,0,2,1,0.454849989214077,0.292450121279886,1,0,0
16050097,n10-ring2,N10 ring2 graph,owner-reconfiguration,Owner tuple reconfiguration,lease-fence-boundary,10,113385360370,113385360370,1757567,3864725,503321724,NaN,NaN,NaN,NaN,NaN,3,3,1,1,10,0.92975,0,0,0,0,222,221,NaN,5,619,1035,156,463,0,1409,1.17388218594748,1479,1654,14886,14886,0,0,3719,66,9717,9717,0,0,154,134,0,20,0,16,1,0.446273739323171,0.29931112119261,1,0,0
16050098,n5-6dof,N5 6-DOF graph,zero,Zero loss,native,5,30512780399,30512780399,1062327,491114,176806773,NaN,NaN,NaN,NaN,NaN,3,3,1,1,5,0.995,0,0,0,0,NaN,NaN,NaN,0,213,310,89,124,0,534,0.97940074906367,310,523,2092,2092,0,0,1990,3,4777,4777,0,0,8,8,0,0,0,0,1,0.406728830104567,0.406728830104567,1,0,0
16050098,n5-6dof,N5 6-DOF graph,data-erasure-5,DATA erasure 5%,data-separation,5,30512780399,30512780399,1718197,491114,176806773,NaN,NaN,NaN,NaN,NaN,3,3,1,1,5,0.995,0,0,0,0,NaN,NaN,NaN,0,213,310,89,124,0,534,0.97940074906367,310,523,2092,2092,0,0,1990,3,4777,4534,243,0,8,7,1,0,0,0,1,0.406728830104567,0.406728830104567,1,0,0
16050098,n5-6dof,N5 6-DOF graph,management-erasure-5,Management erasure 5%,control-loss,5,30512780399,30512780399,1386693,490829,176655439,NaN,NaN,NaN,NaN,NaN,3,3,1,1,6,0.994,0,0,0,0,NaN,NaN,NaN,0,243,280,88,155,0,534,0.97940074906367,368,523,2092,1990,102,0,1988,3,4773,4773,0,0,8,8,0,0,0,0,1,0.406353503592628,0.406353503592628,1,0,0
16050098,n5-6dof,N5 6-DOF graph,local-management,Local management reach,visibility-boundary,5,30512780399,30512780399,1061873,574259,137611490,NaN,NaN,NaN,NaN,NaN,3,3,0,1,NaN,0.3995,0,0,0,0,NaN,NaN,NaN,0,68,31,37,31,0,534,0.185393258426966,31,99,249,249,0,0,799,408,1998,1998,0,0,861,779,0,82,0,82,1,0.232702437402182,0.220128999252226,1,0,0
16050098,n5-6dof,N5 6-DOF graph,directed-grant-blackout,Directed GRANT blackout,grant-loss-witness,5,30512780399,20755545973,1160268,985749,175440741,1,2,421,0,0,3,3,0,1,NaN,0.7955,0,0,0,0,NaN,NaN,NaN,0,564,585,72,492,0,534,2.15168539325843,678,1149,4596,4197,399,0,1591,154,3979,3979,0,0,310,310,0,0,0,0,1,0.3993474087031,0.3993474087031,1,0,0
16050098,n5-6dof,N5 6-DOF graph,state-loss,Local client state loss,rejoin-boundary,5,30512780399,30512780399,1062446,492093,176900190,NaN,NaN,NaN,NaN,NaN,3,3,1,1,5,0.994,0,0,0,0,NaN,NaN,2,0,213,314,87,126,0,534,0.98689138576779,314,527,2108,2108,0,0,1988,4,4773,4773,0,0,10,10,0,0,0,0,1,0.406791384523224,0.406791384523224,1,0,0
16050098,n5-6dof,N5 6-DOF graph,owner-reconfiguration,Owner tuple reconfiguration,lease-fence-boundary,5,30512780399,30512780399,1062449,499298,177265338,NaN,NaN,NaN,NaN,NaN,3,3,1,1,5,0.9645,0,0,0,0,222,221,NaN,1,261,319,79,182,0,534,1.08614232209738,440,580,2320,2320,0,0,1929,23,4647,4647,0,0,47,43,0,4,0,4,1,0.402600238473238,0.40203724870533,1,0,0
16050098,n10-ring2,N10 ring2 graph,zero,Zero loss,native,10,113208937969,113208937969,1757145,3860018,504027300,NaN,NaN,NaN,NaN,NaN,3,3,1,1,10,0.98875,0,0,0,0,NaN,NaN,NaN,0,455,930,176,279,0,1409,0.982966643009226,930,1385,12465,12465,0,0,3955,9,10295,10295,0,0,20,18,0,2,0,2,1,0.455467479206222,0.29296469627334,1,0,0
16050098,n10-ring2,N10 ring2 graph,data-erasure-5,DATA erasure 5%,data-separation,10,113208937969,113208937969,2413015,3860018,504027300,NaN,NaN,NaN,NaN,NaN,3,3,1,1,10,0.98875,0,0,0,0,NaN,NaN,NaN,0,455,930,176,279,0,1409,0.982966643009226,930,1385,12465,12465,0,0,3955,9,10295,9758,537,0,20,16,2,2,0,2,1,0.455467479206222,0.29296469627334,1,0,0
16050098,n10-ring2,N10 ring2 graph,management-erasure-5,Management erasure 5%,control-loss,10,113208937969,113208937969,2081511,3821139,502654049,NaN,NaN,NaN,NaN,NaN,3,3,1,1,23,0.97625,0,0,0,0,NaN,NaN,NaN,0,518,851,174,344,0,1409,0.971611071682044,1102,1369,12321,11741,580,0,3905,18,10183,10183,0,0,36,32,0,4,0,4,1,0.450699084266878,0.290357516306505,1,0,0
16050098,n10-ring2,N10 ring2 graph,local-management,Local management reach,visibility-boundary,10,113208937969,113208937969,1746229,708414,382845946,NaN,NaN,NaN,NaN,NaN,3,3,0,1,NaN,0.19975,0,0,0,0,NaN,NaN,NaN,0,68,31,37,31,0,1409,0.0702625975869411,31,99,351,351,0,0,799,594,2798,2798,0,0,1274,1098,0,176,0,128,1,0.146756788133179,0.128849578360968,1,0,0
16050098,n10-ring2,N10 ring2 graph,directed-grant-blackout,Directed GRANT blackout,grant-loss-witness,10,113208937969,74490071498,1855086,4229133,501371854,1,2,421,0,0,3,3,0,1,NaN,0.889,0,0,0,0,NaN,NaN,NaN,0,806,1050,159,647,0,1409,1.31724627395316,1298,1856,16704,16305,399,0,3556,78,9497,9497,0,0,158,156,0,2,0,2,1,0.437663184432702,0.315914740981404,1,0,0
16050098,n10-ring2,N10 ring2 graph,state-loss,Local client state loss,rejoin-boundary,10,113208937969,113208937969,1757564,3860410,504021139,NaN,NaN,NaN,NaN,NaN,3,3,1,1,10,0.98825,0,0,0,0,NaN,NaN,2,0,455,915,175,280,0,1409,0.972320794889993,931,1370,12330,12330,0,0,3953,9,10291,10291,0,0,20,18,0,2,0,2,1,0.454747074215386,0.292450121279886,1,0,0
16050098,n10-ring2,N10 ring2 graph,owner-reconfiguration,Owner tuple reconfiguration,lease-fence-boundary,10,113208937969,113208937969,1757567,3863743,503321724,NaN,NaN,NaN,NaN,NaN,3,3,1,1,10,0.92975,0,0,0,0,222,221,NaN,5,619,1035,156,463,0,1409,1.17388218594748,1479,1654,14886,14886,0,0,3719,50,9717,9717,0,0,125,117,0,8,0,6,1,0.444627099344117,0.298796546199156,1,0,0
16050099,n5-6dof,N5 6-DOF graph,zero,Zero loss,native,5,30442550909,30442550909,1062327,491136,176806773,NaN,NaN,NaN,NaN,NaN,3,3,1,1,5,0.995,0,0,0,0,NaN,NaN,NaN,0,213,310,89,124,0,534,0.97940074906367,310,523,2092,2092,0,0,1990,4,4777,4777,0,0,5,5,0,0,0,0,1,0.406916493360537,0.406541166848598,1,0,0
16050099,n5-6dof,N5 6-DOF graph,data-erasure-5,DATA erasure 5%,data-separation,5,30442550909,30442550909,1718197,491136,176806773,NaN,NaN,NaN,NaN,NaN,3,3,1,1,5,0.995,0,0,0,0,NaN,NaN,NaN,0,213,310,89,124,0,534,0.97940074906367,310,523,2092,2092,0,0,1990,4,4777,4527,250,0,5,5,0,0,0,0,1,0.406916493360537,0.406541166848598,1,0,0
16050099,n5-6dof,N5 6-DOF graph,management-erasure-5,Management erasure 5%,control-loss,5,30442550909,30442550909,1386693,495848,177023655,NaN,NaN,NaN,NaN,NaN,3,3,1,1,5,0.995,0,0,0,0,NaN,NaN,NaN,0,237,371,91,146,0,534,1.13857677902622,372,608,2432,2317,115,0,1990,4,4777,4777,0,0,5,5,0,0,0,0,1,0.412233618946339,0.4118582924344,1,0,0
16050099,n5-6dof,N5 6-DOF graph,local-management,Local management reach,visibility-boundary,5,30442550909,30442550909,1061873,574291,137611490,NaN,NaN,NaN,NaN,NaN,3,3,0,1,NaN,0.3995,0,0,0,0,NaN,NaN,NaN,0,68,31,37,31,0,534,0.185393258426966,31,99,249,249,0,0,799,416,1998,1998,0,0,884,808,0,76,0,76,1,0.234203743449938,0.222756284835799,1,0,0
16050099,n5-6dof,N5 6-DOF graph,directed-grant-blackout,Directed GRANT blackout,grant-loss-witness,5,30442550909,20754410453,1160268,985639,175440741,1,2,421,0,0,3,3,0,1,NaN,0.7955,0,0,0,0,NaN,NaN,NaN,0,564,585,72,492,0,534,2.15168539325843,678,1149,4596,4197,399,0,1591,149,3979,3979,0,0,295,295,0,0,0,0,1,0.398409092423253,0.398033765911314,1,0,0
16050099,n5-6dof,N5 6-DOF graph,state-loss,Local client state loss,rejoin-boundary,5,30442550909,30442550909,1062446,492093,176900190,NaN,NaN,NaN,NaN,NaN,3,3,1,1,5,0.994,0,0,0,0,NaN,NaN,2,0,213,314,87,126,0,534,0.98689138576779,314,527,2108,2108,0,0,1988,4,4773,4773,0,0,5,5,0,0,0,0,1,0.406791384523224,0.406416058011285,1,0,0
16050099,n5-6dof,N5 6-DOF graph,owner-reconfiguration,Owner tuple reconfiguration,lease-fence-boundary,5,30442550909,30442550909,1062449,499208,177265338,NaN,NaN,NaN,NaN,NaN,3,3,1,1,5,0.9645,0,0,0,0,222,221,NaN,1,261,319,79,182,0,534,1.08614232209738,440,580,2320,2320,0,0,1929,20,4647,4647,0,0,36,32,0,4,0,3,1,0.40203724870533,0.401286595681452,1,0,0
16050099,n10-ring2,N10 ring2 graph,zero,Zero loss,native,10,113244453487,113244453487,1757145,3859981,504027300,NaN,NaN,NaN,NaN,NaN,3,3,1,1,10,0.98875,0,0,0,0,NaN,NaN,NaN,0,455,930,176,279,0,1409,0.982966643009226,930,1385,12465,12465,0,0,3955,8,10295,10295,0,0,18,16,0,2,0,2,1,0.455364564207531,0.29296469627334,1,0,0
16050099,n10-ring2,N10 ring2 graph,data-erasure-5,DATA erasure 5%,data-separation,10,113244453487,113244453487,2413015,3859981,504027300,NaN,NaN,NaN,NaN,NaN,3,3,1,1,10,0.98875,0,0,0,0,NaN,NaN,NaN,0,455,930,176,279,0,1409,0.982966643009226,930,1385,12465,12465,0,0,3955,8,10295,9767,528,0,18,14,2,2,0,2,1,0.455364564207531,0.29296469627334,1,0,0
16050099,n10-ring2,N10 ring2 graph,management-erasure-5,Management erasure 5%,control-loss,10,113244453487,113244453487,2081511,3839211,503566103,NaN,NaN,NaN,NaN,NaN,3,3,1,1,10,0.98875,0,0,0,0,NaN,NaN,NaN,0,530,924,175,355,0,1409,1.0319375443577,1163,1454,13086,12430,656,0,3955,8,10295,10295,0,0,18,16,0,2,0,2,1,0.457731609177421,0.29533174124323,1,0,0
16050099,n10-ring2,N10 ring2 graph,local-management,Local management reach,visibility-boundary,10,113244453487,113244453487,1746229,708053,382845946,NaN,NaN,NaN,NaN,NaN,3,3,0,1,NaN,0.19975,0,0,0,0,NaN,NaN,NaN,0,68,31,37,31,0,1409,0.0702625975869411,31,99,351,351,0,0,799,599,2798,2798,0,0,1323,1175,0,148,0,114,1,0.147271363126633,0.129261238355731,1,0,0
16050099,n10-ring2,N10 ring2 graph,directed-grant-blackout,Directed GRANT blackout,grant-loss-witness,10,113244453487,74528060391,1855086,4229392,501371854,1,2,421,0,0,3,3,0,1,NaN,0.889,0,0,0,0,NaN,NaN,NaN,0,806,1050,159,647,0,1409,1.31724627395316,1298,1856,16704,16305,399,0,3556,85,9497,9497,0,0,172,170,0,2,0,2,1,0.438383589423538,0.316738060970931,1,0,0
16050099,n10-ring2,N10 ring2 graph,state-loss,Local client state loss,rejoin-boundary,10,113244453487,113244453487,1757564,3860373,504021139,NaN,NaN,NaN,NaN,NaN,3,3,1,1,10,0.98825,0,0,0,0,NaN,NaN,2,0,455,915,175,280,0,1409,0.972320794889993,931,1370,12330,12330,0,0,3953,8,10291,10291,0,0,18,16,0,2,0,2,1,0.454644159216695,0.292450121279886,1,0,0
16050099,n10-ring2,N10 ring2 graph,owner-reconfiguration,Owner tuple reconfiguration,lease-fence-boundary,10,113244453487,113244453487,1757567,3863665,503321724,NaN,NaN,NaN,NaN,NaN,3,3,1,1,10,0.92975,0,0,0,0,222,221,NaN,5,619,1035,156,463,0,1409,1.17388218594748,1479,1654,14886,14886,0,0,3719,50,9717,9717,0,0,114,110,0,4,0,4,1,0.444627099344117,0.298796546199156,1,0,0
16050100,n5-6dof,N5 6-DOF graph,zero,Zero loss,native,5,30535061996,30535061996,1062327,491206,176806773,NaN,NaN,NaN,NaN,NaN,3,3,1,1,5,0.995,0,0,0,0,NaN,NaN,NaN,0,213,310,89,124,0,534,0.97940074906367,310,523,2092,2092,0,0,1990,5,4777,4777,0,0,10,8,0,2,0,2,1,0.407104156616506,0.406916493360537,1,0,0
16050100,n5-6dof,N5 6-DOF graph,data-erasure-5,DATA erasure 5%,data-separation,5,30535061996,30535061996,1718197,491206,176806773,NaN,NaN,NaN,NaN,NaN,3,3,1,1,5,0.995,0,0,0,0,NaN,NaN,NaN,0,213,310,89,124,0,534,0.97940074906367,310,523,2092,2092,0,0,1990,5,4777,4543,234,0,10,8,0,2,0,2,1,0.407104156616506,0.406916493360537,1,0,0
16050100,n5-6dof,N5 6-DOF graph,management-erasure-5,Management erasure 5%,control-loss,5,30535061996,30535061996,1386693,493335,175342280,NaN,NaN,NaN,NaN,NaN,3,3,1,1,24,0.966,0,0,0,0,NaN,NaN,NaN,0,234,353,84,150,0,534,1.09925093632959,370,587,2348,2229,119,0,1932,24,4642,4642,0,0,51,45,0,6,0,6,1,0.403788772427712,0.403038119403834,1,0,0
16050100,n5-6dof,N5 6-DOF graph,local-management,Local management reach,visibility-boundary,5,30535061996,30535061996,1061873,574553,137611490,NaN,NaN,NaN,NaN,NaN,3,3,0,1,NaN,0.3995,0,0,0,0,NaN,NaN,NaN,0,68,31,37,31,0,534,0.185393258426966,31,99,249,249,0,0,799,417,1998,1998,0,0,882,796,0,86,0,86,1,0.234391406705908,0.223131611347738,1,0,0
16050100,n5-6dof,N5 6-DOF graph,directed-grant-blackout,Directed GRANT blackout,grant-loss-witness,5,30535061996,20824158756,1160268,985753,175440741,1,2,421,0,0,3,3,0,1,NaN,0.7955,0,0,0,0,NaN,NaN,NaN,0,564,585,72,492,0,534,2.15168539325843,678,1149,4596,4197,399,0,1591,152,3979,3979,0,0,302,300,0,2,0,2,1,0.398972082191161,0.398596755679222,1,0,0
16050100,n5-6dof,N5 6-DOF graph,state-loss,Local client state loss,rejoin-boundary,5,30535061996,30535061996,1062446,492163,176900190,NaN,NaN,NaN,NaN,NaN,3,3,1,1,5,0.994,0,0,0,0,NaN,NaN,2,0,213,314,87,126,0,534,0.98689138576779,314,527,2108,2108,0,0,1988,5,4773,4773,0,0,10,8,0,2,0,2,1,0.406979047779193,0.406791384523224,1,0,0
16050100,n5-6dof,N5 6-DOF graph,owner-reconfiguration,Owner tuple reconfiguration,lease-fence-boundary,5,30535061996,30535061996,1062449,499504,177265338,NaN,NaN,NaN,NaN,NaN,3,3,1,1,5,0.9645,0,0,0,0,222,221,NaN,1,261,319,79,182,0,534,1.08614232209738,440,580,2320,2320,0,0,1929,28,4647,4647,0,0,57,49,0,8,0,8,1,0.403538554753086,0.402787901729208,1,0,0
16050100,n10-ring2,N10 ring2 graph,zero,Zero loss,native,10,112987351964,112987351964,1757145,3860018,504027300,NaN,NaN,NaN,NaN,NaN,3,3,1,1,10,0.98875,0,0,0,0,NaN,NaN,NaN,0,455,930,176,279,0,1409,0.982966643009226,930,1385,12465,12465,0,0,3955,9,10295,10295,0,0,18,16,0,2,0,2,1,0.455467479206222,0.29296469627334,1,0,0
16050100,n10-ring2,N10 ring2 graph,data-erasure-5,DATA erasure 5%,data-separation,10,112987351964,112987351964,2413015,3860018,504027300,NaN,NaN,NaN,NaN,NaN,3,3,1,1,10,0.98875,0,0,0,0,NaN,NaN,NaN,0,455,930,176,279,0,1409,0.982966643009226,930,1385,12465,12465,0,0,3955,9,10295,9803,492,0,18,16,0,2,0,2,1,0.455467479206222,0.29296469627334,1,0,0
16050100,n10-ring2,N10 ring2 graph,management-erasure-5,Management erasure 5%,control-loss,10,112987351964,112987351964,2081511,3839418,502945403,NaN,NaN,NaN,NaN,NaN,3,3,1,1,22,0.97925,0,0,0,0,NaN,NaN,NaN,0,538,963,175,363,0,1409,1.0652945351313,1165,1501,13509,12797,712,0,3917,19,10205,10205,0,0,41,39,0,2,0,2,1,0.456565239192258,0.295297436243666,1,0,0
16050100,n10-ring2,N10 ring2 graph,local-management,Local management reach,visibility-boundary,10,112987351964,112987351964,1746229,708683,382845946,NaN,NaN,NaN,NaN,NaN,3,3,0,1,NaN,0.19975,0,0,0,0,NaN,NaN,NaN,0,68,31,37,31,0,1409,0.0702625975869411,31,99,351,351,0,0,799,596,2798,2798,0,0,1311,1136,0,175,0,133,1,0.146962618130561,0.129261238355731,1,0,0
16050100,n10-ring2,N10 ring2 graph,directed-grant-blackout,Directed GRANT blackout,grant-loss-witness,10,112987351964,74269844331,1855086,4229211,501371854,1,2,421,0,0,3,3,0,1,NaN,0.889,0,0,0,0,NaN,NaN,NaN,0,806,1050,159,647,0,1409,1.31724627395316,1298,1856,16704,16305,399,0,3556,78,9497,9497,0,0,156,152,0,4,0,4,1,0.437663184432702,0.315811825982713,1,0,0
16050100,n10-ring2,N10 ring2 graph,state-loss,Local client state loss,rejoin-boundary,10,112987351964,112987351964,1757564,3860410,504021139,NaN,NaN,NaN,NaN,NaN,3,3,1,1,10,0.98825,0,0,0,0,NaN,NaN,2,0,455,915,175,280,0,1409,0.972320794889993,931,1370,12330,12330,0,0,3953,9,10291,10291,0,0,18,16,0,2,0,2,1,0.454747074215386,0.292450121279886,1,0,0
16050100,n10-ring2,N10 ring2 graph,owner-reconfiguration,Owner tuple reconfiguration,lease-fence-boundary,10,112987351964,112987351964,1757567,3863550,503321724,NaN,NaN,NaN,NaN,NaN,3,3,1,1,10,0.92975,0,0,0,0,222,221,NaN,5,619,1035,156,463,0,1409,1.17388218594748,1479,1654,14886,14886,0,0,3719,49,9717,9717,0,0,116,114,0,2,0,2,1,0.444524184345426,0.298796546199156,1,0,0
