seed,scenario,scenarioLabel,condition,conditionLabel,conditionKind,N,BASE_TRACE_HASH_EXACT,CONDITION_TRACE_HASH_EXACT,CONFIG_HASH,SCHEDULE_STATE_HASH,WITNESS_HASH_EXACT,CONFLICT_EDGES,HIDDEN_CONFLICT_EDGES,MAX_WITNESS_LOAD,FINAL_ALL_CERTIFIED,FIRST_ALL_CERTIFIED_FRAME,CERTIFIED_NODE_FRAME_FRACTION,FALSE_VALID_EDGE_FRAMES,SCHEDULED_COLLISION_FRAMES,FALLBACK_COLLISION_FRAMES,CLAIM_ATTEMPTS,CERTIFICATE_ATTEMPTS,CONTROL_ATTEMPTS,CONTROL_ATTEMPT_BOUND,CONTROL_ATTEMPT_BOUND_RATIO,CLAIM_BYTES,NOMINAL_CONTROL_ATTEMPT_BOUND,CERTIFICATE_BYTES,CONTROL_BYTES,CONTROL_BYTE_BOUND,CONTROL_BYTE_BOUND_RATIO,NOMINAL_CONTROL_BYTE_BOUND,CERTIFICATE_ENTRIES_ATTEMPTED,RESPONSE_ENTRIES_ATTEMPTED,RETRY_CLAIM_ATTEMPTS,LOCAL_CERTIFICATE_ENTRIES,CERTIFICATE_WITHOUT_FRESH_CLAIMS,MANAGEMENT_RECIPIENT_ATTEMPTS,MANAGEMENT_RECIPIENT_SUCCESS,MANAGEMENT_RECIPIENT_ERASURE,MANAGEMENT_RECIPIENT_COLLISION,SCHEDULED_ATTEMPTS,FALLBACK_ATTEMPTS,SCHEDULED_RECIPIENT_ATTEMPTS,SCHEDULED_RECIPIENT_SUCCESS,SCHEDULED_RECIPIENT_ERASURE,SCHEDULED_RECIPIENT_COLLISION,FALLBACK_RECIPIENT_ATTEMPTS,FALLBACK_RECIPIENT_SUCCESS,FALLBACK_RECIPIENT_ERASURE,FALLBACK_RECIPIENT_COLLISION,MAX_FALLBACK_ATTEMPTS_PER_NODE_FRAME,BLACKOUT_OWNER,BLACKOUT_CLIENT,BLACKOUT_WITNESS,BLACKOUT_CLIENT_FINAL_ACTIVE,ACCOUNTING_CLOSES,FUTURE_RANDOM_READS,RECEIVER_TRUTH_READS,retryMode,CUMULATIVE_RECEIPT_RETRY,CLAIM_TRANSACTION_STARTS,FINAL_OPEN_CLAIM_TRANSACTIONS,BACKGROUND_LOAD,BACKGROUND_TRACE_HASH_EXACT,BACKGROUND_OVERLAY_HASH_EXACT,BACKGROUND_POTENTIAL_HITS,geometryIndex,networkIndex,BASE_GEOMETRY_HASH,DATA_NEIGHBOR_GRAPH_HASH,MANAGEMENT_GRAPH_HASH,SELECTOR_HASH_EXACT,SELECTED_HORIZON_SEC,SELECTED_HORIZON_INDEX,SELECTED_CONFLICT_EDGES,SELECTED_HIDDEN_EDGES,COHERENCE_ENABLED,COHERENCE_ADMISSIBLE,COHERENCE_HORIZON_FRAMES,RENEWAL_PERIOD_FRAMES,LEASE_FRAMES,CLAIM_PACKET_BYTES,CERTIFICATE_HEADER_BYTES,CERTIFICATE_ENTRY_BYTES,REVOKE_PACKET_BYTES,MAX_RESPONSE_PACKET_BYTES,PACKET_MTU_VIOLATIONS,BLACKOUT_APPLIED,SELF_REVOCATIONS,REVOKE_ATTEMPTS,REVOKE_BYTES,geometryCondition,networkCondition,bindingReason
16079001,static-wide-low,static-wide-low,zero,zero,zero,5,30302262046,30302262046,33224997,16471446,37876,1,0,1,1,1,1,0,0,0,15,3,18,2400,0.0075,420,18,78,498,66400,0.0075,498,3,3,0,0,0,72,72,0,0,2000,0,800,800,0,0,0,0,0,0,0,NaN,NaN,NaN,NaN,1,0,0,coherence-cumulative,1,15,0,0,31622911654,NaN,0,1,1,39577305,2478,2730,5777266,6.8,6,1,0,1,1,148,141,148,28,16,10,24,26,0,0,0,0,0,static-wide-low,zero,admissible
16079001,static-wide-low,static-wide-low,claim-iid5,claim-iid5,claim-iid5,5,30302262046,30302262046,33610562,16471446,37876,1,0,1,1,1,1,0,0,0,15,3,18,2400,0.0075,420,18,78,498,66400,0.0075,498,3,3,0,0,0,72,71,1,0,2000,0,800,800,0,0,0,0,0,0,0,NaN,NaN,NaN,NaN,1,0,0,coherence-cumulative,1,15,0,0,31622911654,NaN,0,1,2,39577305,2478,2730,5777266,6.8,6,1,0,1,1,148,141,148,28,16,10,24,26,0,0,0,0,0,static-wide-low,claim-iid5,admissible
16079001,static-wide-low,static-wide-low,response-iid5,response-iid5,response-iid5,5,30302262046,30302262046,33610562,16471446,37876,1,0,1,1,1,1,0,0,0,16,4,20,2400,0.00833333333333333,448,18,104,552,66400,0.00831325301204819,498,4,4,1,0,0,80,79,1,0,2000,0,800,800,0,0,0,0,0,0,0,NaN,NaN,NaN,NaN,1,0,0,coherence-cumulative,1,15,0,0,31622911654,NaN,0,1,3,39577305,2478,2730,5777266,6.8,6,1,0,1,1,148,141,148,28,16,10,24,26,0,0,0,0,0,static-wide-low,response-iid5,admissible
16079001,static-wide-low,static-wide-low,joint-control-iid5,joint-control-iid5,joint-control-iid5,5,30302262046,30302262046,33996127,16471446,37876,1,0,1,1,1,1,0,0,0,16,4,20,2400,0.00833333333333333,448,18,104,552,66400,0.00831325301204819,498,4,4,1,0,0,80,78,2,0,2000,0,800,800,0,0,0,0,0,0,0,NaN,NaN,NaN,NaN,1,0,0,coherence-cumulative,1,15,0,0,31622911654,NaN,0,1,4,39577305,2478,2730,5777266,6.8,6,1,0,1,1,148,141,148,28,16,10,24,26,0,0,0,0,0,static-wide-low,joint-control-iid5,admissible
16079001,static-wide-low,static-wide-low,iid-occupancy15,iid-occupancy15,iid-occupancy15,5,30302262046,21757357625,33224997,16469817,37876,1,0,1,1,2,0.9995,0,0,0,18,5,23,2400,0.00958333333333333,504,18,130,634,66400,0.00954819277108434,498,5,5,3,0,0,92,60,32,0,1999,1,799,439,360,0,1,0,1,0,1,NaN,NaN,NaN,NaN,1,0,0,coherence-cumulative,1,15,0,0.15,31622911654,1257440,3506,1,5,39577305,2478,2730,5777266,6.8,6,1,0,1,1,148,141,148,28,16,10,24,26,0,0,0,0,0,static-wide-low,iid-occupancy15,admissible
16079001,static-wide-low,static-wide-low,directed-response-blackout,directed-response-blackout,directed-response-blackout,5,30302262046,25461288716,33224997,15727771,37876,1,0,1,0,NaN,0.8,0,0,0,412,400,812,2400,0.338333333333333,11536,18,10400,21936,66400,0.330361445783133,498,400,400,399,0,0,3248,2848,400,0,1600,143,400,400,0,0,143,143,0,0,1,NaN,NaN,NaN,NaN,1,0,0,coherence-cumulative,1,13,1,0,31622911654,NaN,0,1,6,39577305,2478,2730,5777266,6.8,6,1,0,1,1,148,141,148,28,16,10,24,26,0,1,0,0,0,static-wide-low,directed-response-blackout,admissible
16079001,mobile-limited-low,mobile-limited-low,zero,zero,zero,5,30302262046,30302262046,32398576,16472733,36640,1,0,1,1,1,1,0,0,0,60,12,72,2400,0.03,1680,72,312,1992,66400,0.03,1992,12,12,0,0,0,36,36,0,0,2000,0,800,800,0,0,0,0,0,0,0,NaN,NaN,NaN,NaN,1,0,0,coherence-cumulative,1,60,0,0,31622911654,NaN,0,2,1,39577305,2478,2478,4914091,2,4,1,0,1,1,43,36,43,28,16,10,24,26,0,0,0,0,0,mobile-limited-low,zero,admissible
16079001,mobile-limited-low,mobile-limited-low,claim-iid5,claim-iid5,claim-iid5,5,30302262046,30302262046,32784141,16472733,36640,1,0,1,1,1,1,0,0,0,60,12,72,2400,0.03,1680,72,312,1992,66400,0.03,1992,12,12,0,0,0,36,36,0,0,2000,0,800,800,0,0,0,0,0,0,0,NaN,NaN,NaN,NaN,1,0,0,coherence-cumulative,1,60,0,0,31622911654,NaN,0,2,2,39577305,2478,2478,4914091,2,4,1,0,1,1,43,36,43,28,16,10,24,26,0,0,0,0,0,mobile-limited-low,claim-iid5,admissible
16079001,mobile-limited-low,mobile-limited-low,response-iid5,response-iid5,response-iid5,5,30302262046,30302262046,32784141,16472733,36640,1,0,1,1,1,1,0,0,0,62,14,76,2400,0.0316666666666667,1736,72,364,2100,66400,0.0316265060240964,1992,14,14,2,0,0,40,38,2,0,2000,0,800,800,0,0,0,0,0,0,0,NaN,NaN,NaN,NaN,1,0,0,coherence-cumulative,1,60,0,0,31622911654,NaN,0,2,3,39577305,2478,2478,4914091,2,4,1,0,1,1,43,36,43,28,16,10,24,26,0,0,0,0,0,mobile-limited-low,response-iid5,admissible
16079001,mobile-limited-low,mobile-limited-low,joint-control-iid5,joint-control-iid5,joint-control-iid5,5,30302262046,30302262046,33169706,16472733,36640,1,0,1,1,1,1,0,0,0,62,14,76,2400,0.0316666666666667,1736,72,364,2100,66400,0.0316265060240964,1992,14,14,2,0,0,40,37,3,0,2000,0,800,800,0,0,0,0,0,0,0,NaN,NaN,NaN,NaN,1,0,0,coherence-cumulative,1,60,0,0,31622911654,NaN,0,2,4,39577305,2478,2478,4914091,2,4,1,0,1,1,43,36,43,28,16,10,24,26,0,0,0,0,0,mobile-limited-low,joint-control-iid5,admissible
16079001,mobile-limited-low,mobile-limited-low,iid-occupancy15,iid-occupancy15,iid-occupancy15,5,30302262046,21757357625,32398576,16471104,36640,1,0,1,1,2,0.9995,0,0,0,72,23,95,2400,0.0395833333333333,2016,72,598,2614,66400,0.0393674698795181,1992,23,23,12,0,0,59,39,20,0,1999,1,799,439,360,0,1,0,1,0,1,NaN,NaN,NaN,NaN,1,0,0,coherence-cumulative,1,60,0,0.15,31622911654,1257440,3506,2,5,39577305,2478,2478,4914091,2,4,1,0,1,1,43,36,43,28,16,10,24,26,0,0,0,0,0,mobile-limited-low,iid-occupancy15,admissible
16079001,mobile-limited-low,mobile-limited-low,directed-response-blackout,directed-response-blackout,directed-response-blackout,5,30302262046,25461288716,32398576,15728455,36640,1,0,1,0,NaN,0.8,0,0,0,448,400,848,2400,0.353333333333333,12544,72,10400,22944,66400,0.345542168674699,1992,400,400,399,0,0,812,412,400,0,1600,143,400,400,0,0,143,143,0,0,1,NaN,NaN,NaN,NaN,1,0,0,coherence-cumulative,1,49,1,0,31622911654,NaN,0,2,6,39577305,2478,2478,4914091,2,4,1,0,1,1,43,36,43,28,16,10,24,26,0,1,0,0,0,mobile-limited-low,directed-response-blackout,admissible
16079001,mobile-limited-high,mobile-limited-high,zero,zero,zero,5,30302262046,30302262046,32664810,16473960,36640,1,0,1,1,1,1,0,0,0,145,29,174,2400,0.0725,4060,174,754,4814,66400,0.0725,4814,29,29,0,0,0,87,87,0,0,2000,0,800,800,0,0,0,0,0,0,0,NaN,NaN,NaN,NaN,1,0,0,coherence-cumulative,1,145,0,0,31622911654,NaN,0,3,1,39577305,2478,2478,5661093,1,3,1,0,1,1,21,14,21,28,16,10,24,26,0,0,0,0,0,mobile-limited-high,zero,admissible
16079001,mobile-limited-high,mobile-limited-high,claim-iid5,claim-iid5,claim-iid5,5,30302262046,30302262046,33050375,16473960,36640,1,0,1,1,1,1,0,0,0,145,29,174,2400,0.0725,4060,174,754,4814,66400,0.0725,4814,29,29,0,0,0,87,86,1,0,2000,0,800,800,0,0,0,0,0,0,0,NaN,NaN,NaN,NaN,1,0,0,coherence-cumulative,1,145,0,0,31622911654,NaN,0,3,2,39577305,2478,2478,5661093,1,3,1,0,1,1,21,14,21,28,16,10,24,26,0,0,0,0,0,mobile-limited-high,claim-iid5,admissible
16079001,mobile-limited-high,mobile-limited-high,response-iid5,response-iid5,response-iid5,5,30302262046,30302262046,33050375,16473960,36640,1,0,1,1,1,1,0,0,0,148,32,180,2400,0.075,4144,174,832,4976,66400,0.0749397590361446,4814,32,32,3,0,0,93,90,3,0,2000,0,800,800,0,0,0,0,0,0,0,NaN,NaN,NaN,NaN,1,0,0,coherence-cumulative,1,145,0,0,31622911654,NaN,0,3,3,39577305,2478,2478,5661093,1,3,1,0,1,1,21,14,21,28,16,10,24,26,0,0,0,0,0,mobile-limited-high,response-iid5,admissible
16079001,mobile-limited-high,mobile-limited-high,joint-control-iid5,joint-control-iid5,joint-control-iid5,5,30302262046,30302262046,33435940,16473960,36640,1,0,1,1,1,1,0,0,0,148,32,180,2400,0.075,4144,174,832,4976,66400,0.0749397590361446,4814,32,32,3,0,0,93,89,4,0,2000,0,800,800,0,0,0,0,0,0,0,NaN,NaN,NaN,NaN,1,0,0,coherence-cumulative,1,145,0,0,31622911654,NaN,0,3,4,39577305,2478,2478,5661093,1,3,1,0,1,1,21,14,21,28,16,10,24,26,0,0,0,0,0,mobile-limited-high,joint-control-iid5,admissible
16079001,mobile-limited-high,mobile-limited-high,iid-occupancy15,iid-occupancy15,iid-occupancy15,5,30302262046,21757357625,32664810,16472331,36640,1,0,1,1,2,0.9995,0,0,0,161,42,203,2400,0.0845833333333333,4508,174,1092,5600,66400,0.0843373493975904,4814,42,42,16,0,0,116,90,26,0,1999,1,799,439,360,0,1,0,1,0,1,NaN,NaN,NaN,NaN,1,0,0,coherence-cumulative,1,145,0,0.15,31622911654,1257440,3506,3,5,39577305,2478,2478,5661093,1,3,1,0,1,1,21,14,21,28,16,10,24,26,0,0,0,0,0,mobile-limited-high,iid-occupancy15,admissible
16079001,mobile-limited-high,mobile-limited-high,directed-response-blackout,directed-response-blackout,directed-response-blackout,5,30302262046,25461288716,32664810,15729747,36640,1,0,1,0,NaN,0.8,0,0,0,516,400,916,2400,0.381666666666667,14448,174,10400,24848,66400,0.37421686746988,4814,400,400,399,0,0,829,429,400,0,1600,143,400,400,0,0,143,143,0,0,1,NaN,NaN,NaN,NaN,1,0,0,coherence-cumulative,1,117,1,0,31622911654,NaN,0,3,6,39577305,2478,2478,5661093,1,3,1,0,1,1,21,14,21,28,16,10,24,26,0,1,0,0,0,mobile-limited-high,directed-response-blackout,admissible
16079001,static-wide-low,static-wide-low,zero,zero,zero,10,113203132088,113203132088,33913396,66363255,611958,4,0,1,1,1,1,0,0,0,60,24,84,5600,0.015,1680,84,624,2304,153600,0.015,2304,24,24,0,0,0,756,756,0,0,4000,0,3200,3200,0,0,0,0,0,0,0,NaN,NaN,NaN,NaN,1,0,0,coherence-cumulative,1,60,0,0,31570493169,NaN,0,1,1,62628448,36484,40685,4438506,6.8,6,4,0,1,1,78,71,78,28,16,10,24,26,0,0,0,0,0,static-wide-low,zero,admissible
16079001,static-wide-low,static-wide-low,claim-iid5,claim-iid5,claim-iid5,10,113203132088,113203132088,34298961,66363255,611958,4,0,1,1,1,1,0,0,0,61,25,86,5600,0.0153571428571429,1708,84,650,2358,153600,0.0153515625,2304,25,25,1,0,0,774,747,27,0,4000,0,3200,3200,0,0,0,0,0,0,0,NaN,NaN,NaN,NaN,1,0,0,coherence-cumulative,1,60,0,0,31570493169,NaN,0,1,2,62628448,36484,40685,4438506,6.8,6,4,0,1,1,78,71,78,28,16,10,24,26,0,0,0,0,0,static-wide-low,claim-iid5,admissible
16079001,static-wide-low,static-wide-low,response-iid5,response-iid5,response-iid5,10,113203132088,113203132088,34298961,66363255,611958,4,0,1,1,1,1,0,0,0,62,26,88,5600,0.0157142857142857,1736,84,676,2412,153600,0.015703125,2304,26,26,2,0,0,792,784,8,0,4000,0,3200,3200,0,0,0,0,0,0,0,NaN,NaN,NaN,NaN,1,0,0,coherence-cumulative,1,60,0,0,31570493169,NaN,0,1,3,62628448,36484,40685,4438506,6.8,6,4,0,1,1,78,71,78,28,16,10,24,26,0,0,0,0,0,static-wide-low,response-iid5,admissible
16079001,static-wide-low,static-wide-low,joint-control-iid5,joint-control-iid5,joint-control-iid5,10,113203132088,113203132088,34684526,66363255,611958,4,0,1,1,1,1,0,0,0,63,27,90,5600,0.0160714285714286,1764,84,702,2466,153600,0.0160546875,2304,27,27,3,0,0,810,774,36,0,4000,0,3200,3200,0,0,0,0,0,0,0,NaN,NaN,NaN,NaN,1,0,0,coherence-cumulative,1,60,0,0,31570493169,NaN,0,1,4,62628448,36484,40685,4438506,6.8,6,4,0,1,1,78,71,78,28,16,10,24,26,0,0,0,0,0,static-wide-low,joint-control-iid5,admissible
16079001,static-wide-low,static-wide-low,iid-occupancy15,iid-occupancy15,iid-occupancy15,10,113203132088,78231555279,33913396,66353128,611958,4,0,1,1,3,0.999,0,0,0,90,46,136,5600,0.0242857142857143,2520,84,1196,3716,153600,0.0241927083333333,2304,44,46,28,0,0,1224,936,288,0,3996,0,3196,1722,1474,0,0,0,0,0,0,NaN,NaN,NaN,NaN,1,0,0,coherence-cumulative,1,62,0,0.15,31570493169,437384,7149,1,5,62628448,36484,40685,4438506,6.8,6,4,0,1,1,78,71,78,28,16,10,24,26,0,0,0,0,0,static-wide-low,iid-occupancy15,admissible
16079001,static-wide-low,static-wide-low,directed-response-blackout,directed-response-blackout,directed-response-blackout,10,113203132088,93843450082,33913396,65906171,611958,4,0,1,0,NaN,0.9,0,0,0,454,418,872,5600,0.155714285714286,12712,84,10868,23580,153600,0.153515625,2304,418,418,399,0,0,7848,7448,400,0,3600,83,2800,2800,0,0,83,83,0,0,1,NaN,NaN,NaN,NaN,1,0,0,coherence-cumulative,1,55,1,0,31570493169,NaN,0,1,6,62628448,36484,40685,4438506,6.8,6,4,0,1,1,78,71,78,28,16,10,24,26,0,1,0,0,0,static-wide-low,directed-response-blackout,admissible
16079001,mobile-limited-low,mobile-limited-low,zero,zero,zero,10,113203132088,113203132088,33108312,66415361,581874,4,0,1,1,1,1,0,0,0,1000,400,1400,5600,0.25,28000,1400,10400,38400,153600,0.25,38400,400,400,0,0,0,1200,1200,0,0,4000,0,3200,3200,0,0,0,0,0,0,0,NaN,NaN,NaN,NaN,1,0,0,coherence-cumulative,1,1000,0,0,31570493169,NaN,0,2,1,62628448,36484,36484,4400755,1,3,4,0,1,1,11,4,11,28,16,10,24,26,0,0,0,0,0,mobile-limited-low,zero,admissible
16079001,mobile-limited-low,mobile-limited-low,claim-iid5,claim-iid5,claim-iid5,10,113203132088,113203132088,33493877,66415361,581874,4,0,1,1,1,1,0,0,0,1023,423,1446,5600,0.258214285714286,28644,1400,10998,39642,153600,0.2580859375,38400,423,423,23,0,0,1246,1207,39,0,4000,0,3200,3200,0,0,0,0,0,0,0,NaN,NaN,NaN,NaN,1,0,0,coherence-cumulative,1,1000,0,0,31570493169,NaN,0,2,2,62628448,36484,36484,4400755,1,3,4,0,1,1,11,4,11,28,16,10,24,26,0,0,0,0,0,mobile-limited-low,claim-iid5,admissible
16079001,mobile-limited-low,mobile-limited-low,response-iid5,response-iid5,response-iid5,10,113203132088,113203132088,33493877,66415361,581874,4,0,1,1,1,1,0,0,0,1025,425,1450,5600,0.258928571428571,28700,1400,11050,39750,153600,0.2587890625,38400,425,425,25,0,0,1250,1225,25,0,4000,0,3200,3200,0,0,0,0,0,0,0,NaN,NaN,NaN,NaN,1,0,0,coherence-cumulative,1,1000,0,0,31570493169,NaN,0,2,3,62628448,36484,36484,4400755,1,3,4,0,1,1,11,4,11,28,16,10,24,26,0,0,0,0,0,mobile-limited-low,response-iid5,admissible
16079001,mobile-limited-low,mobile-limited-low,joint-control-iid5,joint-control-iid5,joint-control-iid5,10,113203132088,113203132088,33879442,66415361,581874,4,0,1,1,1,1,0,0,0,1050,450,1500,5600,0.267857142857143,29400,1400,11700,41100,153600,0.267578125,38400,450,450,50,0,0,1300,1234,66,0,4000,0,3200,3200,0,0,0,0,0,0,0,NaN,NaN,NaN,NaN,1,0,0,coherence-cumulative,1,1000,0,0,31570493169,NaN,0,2,4,62628448,36484,36484,4400755,1,3,4,0,1,1,11,4,11,28,16,10,24,26,0,0,0,0,0,mobile-limited-low,joint-control-iid5,admissible
16079001,mobile-limited-low,mobile-limited-low,iid-occupancy15,iid-occupancy15,iid-occupancy15,10,113203132088,78190654417,33108312,66404110,581874,4,0,1,1,3,0.999,0,0,0,1261,622,1883,5600,0.33625,35308,1400,16172,51480,153600,0.33515625,38400,620,622,274,0,0,1683,1232,451,0,3996,0,3196,1722,1474,0,0,0,0,0,0,NaN,NaN,NaN,NaN,1,0,0,coherence-cumulative,1,987,0,0.15,31570493169,385319,7160,2,5,62628448,36484,36484,4400755,1,3,4,0,1,1,11,4,11,28,16,10,24,26,0,0,0,0,0,mobile-limited-low,iid-occupancy15,admissible
16079001,mobile-limited-low,mobile-limited-low,directed-response-blackout,directed-response-blackout,directed-response-blackout,10,113203132088,93843450082,33108312,65953413,581874,4,0,1,0,NaN,0.9,0,0,0,1300,700,2000,5600,0.357142857142857,36400,1400,18200,54600,153600,0.35546875,38400,700,700,399,0,0,1800,1400,400,0,3600,83,2800,2800,0,0,83,83,0,0,1,NaN,NaN,NaN,NaN,1,0,0,coherence-cumulative,1,901,1,0,31570493169,NaN,0,2,6,62628448,36484,36484,4400755,1,3,4,0,1,1,11,4,11,28,16,10,24,26,0,1,0,0,0,mobile-limited-low,directed-response-blackout,admissible
16079001,mobile-limited-high,mobile-limited-high,zero,zero,zero,10,113203132088,113203132088,33419762,57168250,565434,0,0,0,0,NaN,0,0,0,0,0,0,0,4000,0,0,310,0,0,112000,0,8680,0,0,0,0,0,0,0,0,0,0,751,0,0,0,0,544,544,0,0,1,NaN,NaN,NaN,NaN,1,0,0,coherence-cumulative,1,0,0,0,31570493169,NaN,0,3,1,62628448,36484,36484,5680431,0.25,1,4,0,1,0,0,13,20,28,16,10,24,0,0,0,0,0,0,mobile-limited-high,zero,horizon-shorter-than-renewal-slack
16079001,mobile-limited-high,mobile-limited-high,claim-iid5,claim-iid5,claim-iid5,10,113203132088,113203132088,33805327,57168250,565434,0,0,0,0,NaN,0,0,0,0,0,0,0,4000,0,0,310,0,0,112000,0,8680,0,0,0,0,0,0,0,0,0,0,751,0,0,0,0,544,544,0,0,1,NaN,NaN,NaN,NaN,1,0,0,coherence-cumulative,1,0,0,0,31570493169,NaN,0,3,2,62628448,36484,36484,5680431,0.25,1,4,0,1,0,0,13,20,28,16,10,24,0,0,0,0,0,0,mobile-limited-high,claim-iid5,horizon-shorter-than-renewal-slack
16079001,mobile-limited-high,mobile-limited-high,response-iid5,response-iid5,response-iid5,10,113203132088,113203132088,33805327,57168250,565434,0,0,0,0,NaN,0,0,0,0,0,0,0,4000,0,0,310,0,0,112000,0,8680,0,0,0,0,0,0,0,0,0,0,751,0,0,0,0,544,544,0,0,1,NaN,NaN,NaN,NaN,1,0,0,coherence-cumulative,1,0,0,0,31570493169,NaN,0,3,3,62628448,36484,36484,5680431,0.25,1,4,0,1,0,0,13,20,28,16,10,24,0,0,0,0,0,0,mobile-limited-high,response-iid5,horizon-shorter-than-renewal-slack
16079001,mobile-limited-high,mobile-limited-high,joint-control-iid5,joint-control-iid5,joint-control-iid5,10,113203132088,113203132088,34190892,57168250,565434,0,0,0,0,NaN,0,0,0,0,0,0,0,4000,0,0,310,0,0,112000,0,8680,0,0,0,0,0,0,0,0,0,0,751,0,0,0,0,544,544,0,0,1,NaN,NaN,NaN,NaN,1,0,0,coherence-cumulative,1,0,0,0,31570493169,NaN,0,3,4,62628448,36484,36484,5680431,0.25,1,4,0,1,0,0,13,20,28,16,10,24,0,0,0,0,0,0,mobile-limited-high,joint-control-iid5,horizon-shorter-than-renewal-slack
16079001,mobile-limited-high,mobile-limited-high,iid-occupancy15,iid-occupancy15,iid-occupancy15,10,113203132088,80050835138,33419762,57168250,565434,0,0,0,0,NaN,0,0,0,0,0,0,0,4000,0,0,310,0,0,112000,0,8680,0,0,0,0,0,0,0,0,0,0,751,0,0,0,0,544,299,245,0,1,NaN,NaN,NaN,NaN,1,0,0,coherence-cumulative,1,0,0,0.15,31570493169,481036,6781,3,5,62628448,36484,36484,5680431,0.25,1,4,0,1,0,0,13,20,28,16,10,24,0,0,0,0,0,0,mobile-limited-high,iid-occupancy15,horizon-shorter-than-renewal-slack
16079001,mobile-limited-high,mobile-limited-high,directed-response-blackout,directed-response-blackout,directed-response-blackout,10,113203132088,113203132088,33419762,57168250,565434,0,0,0,0,NaN,0,0,0,0,0,0,0,4000,0,0,310,0,0,112000,0,8680,0,0,0,0,0,0,0,0,0,0,751,0,0,0,0,544,544,0,0,1,NaN,NaN,NaN,NaN,1,0,0,coherence-cumulative,1,0,0,0,31570493169,NaN,0,3,6,62628448,36484,36484,5680431,0.25,1,4,0,1,0,0,13,20,28,16,10,24,0,0,0,0,0,0,mobile-limited-high,directed-response-blackout,horizon-shorter-than-renewal-slack
16079002,static-wide-low,static-wide-low,zero,zero,zero,5,30376776137,30376776137,33154382,16601554,39098,2,0,1,1,1,1,0,0,0,15,6,21,2800,0.0075,420,21,156,576,76800,0.0075,576,6,6,0,0,0,84,84,0,0,2000,0,1600,1600,0,0,0,0,0,0,0,NaN,NaN,NaN,NaN,1,0,0,coherence-cumulative,1,15,0,0,31409120817,NaN,0,1,1,37266096,2512,2730,6092301,6.8,6,2,0,1,1,141,134,141,28,16,10,24,26,0,0,0,0,0,static-wide-low,zero,admissible
16079002,static-wide-low,static-wide-low,claim-iid5,claim-iid5,claim-iid5,5,30376776137,30376776137,33539947,16601554,39098,2,0,1,1,1,1,0,0,0,16,7,23,2800,0.00821428571428571,448,21,182,630,76800,0.008203125,576,7,7,1,0,0,92,89,3,0,2000,0,1600,1600,0,0,0,0,0,0,0,NaN,NaN,NaN,NaN,1,0,0,coherence-cumulative,1,15,0,0,31409120817,NaN,0,1,2,37266096,2512,2730,6092301,6.8,6,2,0,1,1,141,134,141,28,16,10,24,26,0,0,0,0,0,static-wide-low,claim-iid5,admissible
16079002,static-wide-low,static-wide-low,response-iid5,response-iid5,response-iid5,5,30376776137,30376776137,33539947,16601554,39098,2,0,1,1,1,1,0,0,0,15,6,21,2800,0.0075,420,21,156,576,76800,0.0075,576,6,6,0,0,0,84,82,2,0,2000,0,1600,1600,0,0,0,0,0,0,0,NaN,NaN,NaN,NaN,1,0,0,coherence-cumulative,1,15,0,0,31409120817,NaN,0,1,3,37266096,2512,2730,6092301,6.8,6,2,0,1,1,141,134,141,28,16,10,24,26,0,0,0,0,0,static-wide-low,response-iid5,admissible
16079002,static-wide-low,static-wide-low,joint-control-iid5,joint-control-iid5,joint-control-iid5,5,30376776137,30376776137,33925512,16601554,39098,2,0,1,1,1,1,0,0,0,16,7,23,2800,0.00821428571428571,448,21,182,630,76800,0.008203125,576,7,7,1,0,0,92,87,5,0,2000,0,1600,1600,0,0,0,0,0,0,0,NaN,NaN,NaN,NaN,1,0,0,coherence-cumulative,1,15,0,0,31409120817,NaN,0,1,4,37266096,2512,2730,6092301,6.8,6,2,0,1,1,141,134,141,28,16,10,24,26,0,0,0,0,0,static-wide-low,joint-control-iid5,admissible
16079002,static-wide-low,static-wide-low,iid-occupancy15,iid-occupancy15,iid-occupancy15,5,30376776137,21403022712,33154382,16594170,39098,2,0,1,1,4,0.9975,0,0,0,27,15,42,2800,0.015,756,21,390,1146,76800,0.014921875,576,14,15,12,0,0,168,112,56,0,1995,1,1595,849,746,0,1,1,0,0,1,NaN,NaN,NaN,NaN,1,0,0,coherence-cumulative,1,15,0,0.15,31409120817,1225996,3667,1,5,37266096,2512,2730,6092301,6.8,6,2,0,1,1,141,134,141,28,16,10,24,26,0,0,0,0,0,static-wide-low,iid-occupancy15,admissible
16079002,static-wide-low,static-wide-low,directed-response-blackout,directed-response-blackout,directed-response-blackout,5,30376776137,25515084488,33154382,16013188,39098,2,0,1,0,NaN,0.8,0,0,0,412,403,815,2800,0.291071428571429,11536,21,10478,22014,76800,0.286640625,576,403,403,399,0,0,3260,2860,400,0,1600,141,1200,1200,0,0,141,141,0,0,1,NaN,NaN,NaN,NaN,1,0,0,coherence-cumulative,1,13,1,0,31409120817,NaN,0,1,6,37266096,2512,2730,6092301,6.8,6,2,0,1,1,141,134,141,28,16,10,24,26,0,1,0,0,0,static-wide-low,directed-response-blackout,admissible
16079002,mobile-limited-low,mobile-limited-low,zero,zero,zero,5,30376776137,30376776137,31988222,16605772,37528,2,0,1,1,1,1,0,0,0,30,12,42,2800,0.015,840,42,312,1152,76800,0.015,1152,12,12,0,0,0,36,36,0,0,2000,0,1600,1600,0,0,0,0,0,0,0,NaN,NaN,NaN,NaN,1,0,0,coherence-cumulative,1,30,0,0,31409120817,NaN,0,2,1,37266096,2512,2512,3703373,4,5,2,0,1,1,83,76,83,28,16,10,24,26,0,0,0,0,0,mobile-limited-low,zero,admissible
16079002,mobile-limited-low,mobile-limited-low,claim-iid5,claim-iid5,claim-iid5,5,30376776137,30376776137,32373787,16605772,37528,2,0,1,1,1,1,0,0,0,30,12,42,2800,0.015,840,42,312,1152,76800,0.015,1152,12,12,0,0,0,36,36,0,0,2000,0,1600,1600,0,0,0,0,0,0,0,NaN,NaN,NaN,NaN,1,0,0,coherence-cumulative,1,30,0,0,31409120817,NaN,0,2,2,37266096,2512,2512,3703373,4,5,2,0,1,1,83,76,83,28,16,10,24,26,0,0,0,0,0,mobile-limited-low,claim-iid5,admissible
16079002,mobile-limited-low,mobile-limited-low,response-iid5,response-iid5,response-iid5,5,30376776137,30376776137,32373787,16605772,37528,2,0,1,1,1,1,0,0,0,30,12,42,2800,0.015,840,42,312,1152,76800,0.015,1152,12,12,0,0,0,36,36,0,0,2000,0,1600,1600,0,0,0,0,0,0,0,NaN,NaN,NaN,NaN,1,0,0,coherence-cumulative,1,30,0,0,31409120817,NaN,0,2,3,37266096,2512,2512,3703373,4,5,2,0,1,1,83,76,83,28,16,10,24,26,0,0,0,0,0,mobile-limited-low,response-iid5,admissible
16079002,mobile-limited-low,mobile-limited-low,joint-control-iid5,joint-control-iid5,joint-control-iid5,5,30376776137,30376776137,32759352,16605772,37528,2,0,1,1,1,1,0,0,0,30,12,42,2800,0.015,840,42,312,1152,76800,0.015,1152,12,12,0,0,0,36,36,0,0,2000,0,1600,1600,0,0,0,0,0,0,0,NaN,NaN,NaN,NaN,1,0,0,coherence-cumulative,1,30,0,0,31409120817,NaN,0,2,4,37266096,2512,2512,3703373,4,5,2,0,1,1,83,76,83,28,16,10,24,26,0,0,0,0,0,mobile-limited-low,joint-control-iid5,admissible
16079002,mobile-limited-low,mobile-limited-low,iid-occupancy15,iid-occupancy15,iid-occupancy15,5,30376776137,21394838960,31988222,16598388,37528,2,0,1,1,4,0.9975,0,0,0,43,23,66,2800,0.0235714285714286,1204,42,598,1802,76800,0.0234635416666667,1152,23,23,13,0,0,60,39,21,0,1995,1,1595,849,746,0,1,1,0,0,1,NaN,NaN,NaN,NaN,1,0,0,coherence-cumulative,1,30,0,0.15,31409120817,767536,3673,2,5,37266096,2512,2512,3703373,4,5,2,0,1,1,83,76,83,28,16,10,24,26,0,0,0,0,0,mobile-limited-low,iid-occupancy15,admissible
16079002,mobile-limited-low,mobile-limited-low,directed-response-blackout,directed-response-blackout,directed-response-blackout,5,30376776137,25514284488,31988222,16015453,37528,2,0,1,0,NaN,0.8,0,0,0,424,406,830,2800,0.296428571428571,11872,42,10556,22428,76800,0.29203125,1152,406,406,399,0,0,824,424,400,0,1600,141,1200,1200,0,0,141,141,0,0,1,NaN,NaN,NaN,NaN,1,0,0,coherence-cumulative,1,25,1,0,31409120817,NaN,0,2,6,37266096,2512,2512,3703373,4,5,2,0,1,1,83,76,83,28,16,10,24,26,0,1,0,0,0,mobile-limited-low,directed-response-blackout,admissible
16079002,mobile-limited-high,mobile-limited-high,zero,zero,zero,5,30376776137,30376776137,32688227,16603444,37528,2,0,1,1,1,1,0,0,0,60,24,84,2800,0.03,1680,84,624,2304,76800,0.03,2304,24,24,0,0,0,72,72,0,0,2000,0,1600,1600,0,0,0,0,0,0,0,NaN,NaN,NaN,NaN,1,0,0,coherence-cumulative,1,60,0,0,31409120817,NaN,0,3,1,37266096,2512,2512,5442136,2,4,2,0,1,1,41,34,41,28,16,10,24,26,0,0,0,0,0,mobile-limited-high,zero,admissible
16079002,mobile-limited-high,mobile-limited-high,claim-iid5,claim-iid5,claim-iid5,5,30376776137,30376776137,33073792,16603444,37528,2,0,1,1,1,1,0,0,0,60,24,84,2800,0.03,1680,84,624,2304,76800,0.03,2304,24,24,0,0,0,72,70,2,0,2000,0,1600,1600,0,0,0,0,0,0,0,NaN,NaN,NaN,NaN,1,0,0,coherence-cumulative,1,60,0,0,31409120817,NaN,0,3,2,37266096,2512,2512,5442136,2,4,2,0,1,1,41,34,41,28,16,10,24,26,0,0,0,0,0,mobile-limited-high,claim-iid5,admissible
16079002,mobile-limited-high,mobile-limited-high,response-iid5,response-iid5,response-iid5,5,30376776137,30376776137,33073792,16603444,37528,2,0,1,1,1,1,0,0,0,61,25,86,2800,0.0307142857142857,1708,84,650,2358,76800,0.030703125,2304,25,25,1,0,0,74,73,1,0,2000,0,1600,1600,0,0,0,0,0,0,0,NaN,NaN,NaN,NaN,1,0,0,coherence-cumulative,1,60,0,0,31409120817,NaN,0,3,3,37266096,2512,2512,5442136,2,4,2,0,1,1,41,34,41,28,16,10,24,26,0,0,0,0,0,mobile-limited-high,response-iid5,admissible
16079002,mobile-limited-high,mobile-limited-high,joint-control-iid5,joint-control-iid5,joint-control-iid5,5,30376776137,30376776137,33459357,16603444,37528,2,0,1,1,1,1,0,0,0,61,25,86,2800,0.0307142857142857,1708,84,650,2358,76800,0.030703125,2304,25,25,1,0,0,74,71,3,0,2000,0,1600,1600,0,0,0,0,0,0,0,NaN,NaN,NaN,NaN,1,0,0,coherence-cumulative,1,60,0,0,31409120817,NaN,0,3,4,37266096,2512,2512,5442136,2,4,2,0,1,1,41,34,41,28,16,10,24,26,0,0,0,0,0,mobile-limited-high,joint-control-iid5,admissible
16079002,mobile-limited-high,mobile-limited-high,iid-occupancy15,iid-occupancy15,iid-occupancy15,5,30376776137,21394838960,32688227,16596060,37528,2,0,1,1,4,0.9975,0,0,0,80,42,122,2800,0.0435714285714286,2240,84,1092,3332,76800,0.0433854166666667,2304,42,42,20,0,0,110,76,34,0,1995,1,1595,849,746,0,1,1,0,0,1,NaN,NaN,NaN,NaN,1,0,0,coherence-cumulative,1,60,0,0.15,31409120817,767536,3673,3,5,37266096,2512,2512,5442136,2,4,2,0,1,1,41,34,41,28,16,10,24,26,0,0,0,0,0,mobile-limited-high,iid-occupancy15,admissible
16079002,mobile-limited-high,mobile-limited-high,directed-response-blackout,directed-response-blackout,directed-response-blackout,5,30376776137,25514284488,32688227,16014523,37528,2,0,1,0,NaN,0.8,0,0,0,448,412,860,2800,0.307142857142857,12544,84,10712,23256,76800,0.3028125,2304,412,412,399,0,0,848,448,400,0,1600,141,1200,1200,0,0,141,141,0,0,1,NaN,NaN,NaN,NaN,1,0,0,coherence-cumulative,1,49,1,0,31409120817,NaN,0,3,6,37266096,2512,2512,5442136,2,4,2,0,1,1,41,34,41,28,16,10,24,26,0,1,0,0,0,mobile-limited-high,directed-response-blackout,admissible
16079002,static-wide-low,static-wide-low,zero,zero,zero,10,113422973614,113422973614,34027063,68390403,684807,11,0,2,1,1,1,0,0,0,70,70,140,8000,0.0175,1960,140,1890,3850,220000,0.0175,3850,77,77,0,14,0,1260,1260,0,0,4000,0,7200,7200,0,0,0,0,0,0,0,NaN,NaN,NaN,NaN,1,0,0,coherence-cumulative,1,70,0,0,31436526374,NaN,0,1,1,67767279,36922,40685,4442956,6.8,6,11,0,1,1,67,60,67,28,16,10,24,36,0,0,0,0,0,static-wide-low,zero,admissible
16079002,static-wide-low,static-wide-low,claim-iid5,claim-iid5,claim-iid5,10,113422973614,113422973614,34412628,68390242,684807,11,0,2,1,2,0.99975,0,0,0,85,121,206,8000,0.02575,2380,140,3216,5596,220000,0.0254363636363636,3850,127,128,11,26,0,1854,1814,40,0,3999,0,7197,7197,0,0,0,0,0,0,0,NaN,NaN,NaN,NaN,1,0,0,coherence-cumulative,1,74,0,0,31436526374,NaN,0,1,2,67767279,36922,40685,4442956,6.8,6,11,0,1,1,67,60,67,28,16,10,24,36,0,0,0,0,0,static-wide-low,claim-iid5,admissible
16079002,static-wide-low,static-wide-low,response-iid5,response-iid5,response-iid5,10,113422973614,113422973614,34412628,68390403,684807,11,0,2,1,1,1,0,0,0,76,90,166,8000,0.02075,2128,140,2410,4538,220000,0.0206272727272727,3850,97,97,6,15,0,1494,1457,37,0,4000,0,7200,7200,0,0,0,0,0,0,0,NaN,NaN,NaN,NaN,1,0,0,coherence-cumulative,1,70,0,0,31436526374,NaN,0,1,3,67767279,36922,40685,4442956,6.8,6,11,0,1,1,67,60,67,28,16,10,24,36,0,0,0,0,0,static-wide-low,response-iid5,admissible
16079002,static-wide-low,static-wide-low,joint-control-iid5,joint-control-iid5,joint-control-iid5,10,113422973614,113422973614,34798193,68390242,684807,11,0,2,1,2,0.99975,0,0,0,90,130,220,8000,0.0275,2520,140,3460,5980,220000,0.0271818181818182,3850,137,138,16,27,0,1980,1889,91,0,3999,0,7197,7197,0,0,0,0,0,0,0,NaN,NaN,NaN,NaN,1,0,0,coherence-cumulative,1,74,0,0,31436526374,NaN,0,1,4,67767279,36922,40685,4442956,6.8,6,11,0,1,1,67,60,67,28,16,10,24,36,0,0,0,0,0,static-wide-low,joint-control-iid5,admissible
16079002,static-wide-low,static-wide-low,iid-occupancy15,iid-occupancy15,iid-occupancy15,10,113422973614,74529597588,34027063,68380336,684807,11,0,2,1,3,0.9985,0,0,0,135,227,362,8000,0.04525,3780,140,5972,9752,220000,0.0443272727272727,3850,229,234,56,53,0,3258,2403,855,0,3994,1,7183,3901,3282,0,3,3,0,0,1,NaN,NaN,NaN,NaN,1,0,0,coherence-cumulative,1,79,0,0.15,31436526374,1427482,7928,1,5,67767279,36922,40685,4442956,6.8,6,11,0,1,1,67,60,67,28,16,10,24,36,0,0,0,0,0,static-wide-low,iid-occupancy15,admissible
16079002,static-wide-low,static-wide-low,directed-response-blackout,directed-response-blackout,directed-response-blackout,10,113422973614,94027434000,34027063,67895055,684807,11,0,2,0,NaN,0.9,0,0,0,463,1642,2105,8000,0.263125,12964,140,42762,55726,220000,0.2533,3850,1649,1649,399,14,0,18945,18545,400,0,3600,65,6000,6000,0,0,195,195,0,0,1,NaN,NaN,NaN,NaN,1,0,0,coherence-cumulative,1,64,1,0,31436526374,NaN,0,1,6,67767279,36922,40685,4442956,6.8,6,11,0,1,1,67,60,67,28,16,10,24,36,0,1,0,0,0,static-wide-low,directed-response-blackout,admissible
16079002,mobile-limited-low,mobile-limited-low,zero,zero,zero,10,113422973614,113422973614,32564505,68548369,619455,11,2,3,1,1,1,0,0,0,1340,804,2144,6400,0.335,37520,2144,27604,65124,194400,0.335,65124,1474,1474,0,134,0,4690,4690,0,0,4000,0,7200,7200,0,0,0,0,0,0,0,NaN,NaN,NaN,NaN,1,0,0,coherence-cumulative,1,1340,0,0,31436526374,NaN,0,2,1,67767279,36922,36922,4754987,1,3,11,2,1,1,10,3,10,28,16,10,24,46,0,0,0,0,0,mobile-limited-low,zero,admissible
16079002,mobile-limited-low,mobile-limited-low,claim-iid5,claim-iid5,claim-iid5,10,113422973614,113422973614,32950070,68554208,619455,11,2,3,1,1,1,0,0,0,1445,1033,2478,6400,0.3871875,40460,2144,34658,75118,194400,0.386409465020576,65124,1813,1813,80,177,0,5711,5591,120,0,4000,0,7200,7200,0,0,0,0,0,0,0,NaN,NaN,NaN,NaN,1,0,0,coherence-cumulative,1,1365,2,0,31436526374,NaN,0,2,2,67767279,36922,36922,4754987,1,3,11,2,1,1,10,3,10,28,16,10,24,46,0,0,0,0,0,mobile-limited-low,claim-iid5,admissible
16079002,mobile-limited-low,mobile-limited-low,response-iid5,response-iid5,response-iid5,10,113422973614,113422973614,32950070,68547050,619455,11,2,3,1,2,0.99975,0,0,0,1431,1060,2491,6400,0.38921875,40068,2144,35000,75068,194400,0.386152263374486,65124,1804,1804,91,160,0,5823,5651,172,0,3999,0,7197,7197,0,0,0,0,0,0,0,NaN,NaN,NaN,NaN,1,0,0,coherence-cumulative,1,1340,0,0,31436526374,NaN,0,2,3,67767279,36922,36922,4754987,1,3,11,2,1,1,10,3,10,28,16,10,24,46,0,0,0,0,0,mobile-limited-low,response-iid5,admissible
16079002,mobile-limited-low,mobile-limited-low,joint-control-iid5,joint-control-iid5,joint-control-iid5,10,113422973614,113422973614,33335635,68551313,619455,11,2,3,1,2,0.99975,0,0,0,1528,1227,2755,6400,0.43046875,42784,2144,40532,83316,194400,0.42858024691358,65124,2090,2090,169,197,0,6619,6288,331,0,3999,0,7197,7197,0,0,0,0,0,0,0,NaN,NaN,NaN,NaN,1,0,0,coherence-cumulative,1,1359,2,0,31436526374,NaN,0,2,4,67767279,36922,36922,4754987,1,3,11,2,1,1,10,3,10,28,16,10,24,46,0,0,0,0,0,mobile-limited-low,joint-control-iid5,admissible
16079002,mobile-limited-low,mobile-limited-low,iid-occupancy15,iid-occupancy15,iid-occupancy15,10,113422973614,77150635940,32564505,68527332,619455,11,2,3,1,3,0.99825,0,0,0,2132,1908,4040,6400,0.63125,59696,2144,63588,123284,194400,0.63417695473251,65124,3302,3306,819,346,0,10361,7555,2806,0,3993,1,7180,3755,3425,0,3,3,0,0,1,NaN,NaN,NaN,NaN,1,0,0,coherence-cumulative,1,1313,4,0.15,31436526374,1416946,7382,2,5,67767279,36922,36922,4754987,1,3,11,2,1,1,10,3,10,28,16,10,24,46,0,0,0,0,0,mobile-limited-low,iid-occupancy15,admissible
16079002,mobile-limited-low,mobile-limited-low,directed-response-blackout,directed-response-blackout,directed-response-blackout,10,113422973614,94027434000,32564505,68027235,619455,11,2,3,0,NaN,0.9,0,0,0,1606,1602,3208,6400,0.50125,44968,2144,51012,95980,194400,0.493724279835391,65124,2538,2538,399,134,0,8414,8014,400,0,3600,65,6000,6000,0,0,195,195,0,0,1,NaN,NaN,NaN,NaN,1,0,0,coherence-cumulative,1,1207,1,0,31436526374,NaN,0,2,6,67767279,36922,36922,4754987,1,3,11,2,1,1,10,3,10,28,16,10,24,46,0,1,0,0,0,mobile-limited-low,directed-response-blackout,admissible
16079002,mobile-limited-high,mobile-limited-high,zero,zero,zero,10,113422973614,113422973614,32220225,68548369,619455,11,2,3,1,1,1,0,0,0,1340,804,2144,6400,0.335,37520,2144,27604,65124,194400,0.335,65124,1474,1474,0,134,0,4690,4690,0,0,4000,0,7200,7200,0,0,0,0,0,0,0,NaN,NaN,NaN,NaN,1,0,0,coherence-cumulative,1,1340,0,0,31436526374,NaN,0,3,1,67767279,36922,36922,5810191,1,3,11,2,1,1,10,3,10,28,16,10,24,46,0,0,0,0,0,mobile-limited-high,zero,admissible
16079002,mobile-limited-high,mobile-limited-high,claim-iid5,claim-iid5,claim-iid5,10,113422973614,113422973614,32605790,68554208,619455,11,2,3,1,1,1,0,0,0,1445,1033,2478,6400,0.3871875,40460,2144,34658,75118,194400,0.386409465020576,65124,1813,1813,80,177,0,5711,5591,120,0,4000,0,7200,7200,0,0,0,0,0,0,0,NaN,NaN,NaN,NaN,1,0,0,coherence-cumulative,1,1365,2,0,31436526374,NaN,0,3,2,67767279,36922,36922,5810191,1,3,11,2,1,1,10,3,10,28,16,10,24,46,0,0,0,0,0,mobile-limited-high,claim-iid5,admissible
16079002,mobile-limited-high,mobile-limited-high,response-iid5,response-iid5,response-iid5,10,113422973614,113422973614,32605790,68547050,619455,11,2,3,1,2,0.99975,0,0,0,1431,1060,2491,6400,0.38921875,40068,2144,35000,75068,194400,0.386152263374486,65124,1804,1804,91,160,0,5823,5651,172,0,3999,0,7197,7197,0,0,0,0,0,0,0,NaN,NaN,NaN,NaN,1,0,0,coherence-cumulative,1,1340,0,0,31436526374,NaN,0,3,3,67767279,36922,36922,5810191,1,3,11,2,1,1,10,3,10,28,16,10,24,46,0,0,0,0,0,mobile-limited-high,response-iid5,admissible
16079002,mobile-limited-high,mobile-limited-high,joint-control-iid5,joint-control-iid5,joint-control-iid5,10,113422973614,113422973614,32991355,68551313,619455,11,2,3,1,2,0.99975,0,0,0,1528,1227,2755,6400,0.43046875,42784,2144,40532,83316,194400,0.42858024691358,65124,2090,2090,169,197,0,6619,6288,331,0,3999,0,7197,7197,0,0,0,0,0,0,0,NaN,NaN,NaN,NaN,1,0,0,coherence-cumulative,1,1359,2,0,31436526374,NaN,0,3,4,67767279,36922,36922,5810191,1,3,11,2,1,1,10,3,10,28,16,10,24,46,0,0,0,0,0,mobile-limited-high,joint-control-iid5,admissible
16079002,mobile-limited-high,mobile-limited-high,iid-occupancy15,iid-occupancy15,iid-occupancy15,10,113422973614,77150635940,32220225,68527332,619455,11,2,3,1,3,0.99825,0,0,0,2132,1908,4040,6400,0.63125,59696,2144,63588,123284,194400,0.63417695473251,65124,3302,3306,819,346,0,10361,7555,2806,0,3993,1,7180,3755,3425,0,3,3,0,0,1,NaN,NaN,NaN,NaN,1,0,0,coherence-cumulative,1,1313,4,0.15,31436526374,1416946,7382,3,5,67767279,36922,36922,5810191,1,3,11,2,1,1,10,3,10,28,16,10,24,46,0,0,0,0,0,mobile-limited-high,iid-occupancy15,admissible
16079002,mobile-limited-high,mobile-limited-high,directed-response-blackout,directed-response-blackout,directed-response-blackout,10,113422973614,94027434000,32220225,68027235,619455,11,2,3,0,NaN,0.9,0,0,0,1606,1602,3208,6400,0.50125,44968,2144,51012,95980,194400,0.493724279835391,65124,2538,2538,399,134,0,8414,8014,400,0,3600,65,6000,6000,0,0,195,195,0,0,1,NaN,NaN,NaN,NaN,1,0,0,coherence-cumulative,1,1207,1,0,31436526374,NaN,0,3,6,67767279,36922,36922,5810191,1,3,11,2,1,1,10,3,10,28,16,10,24,46,0,1,0,0,0,mobile-limited-high,directed-response-blackout,admissible
16079003,static-wide-low,static-wide-low,zero,zero,zero,5,30392969480,30392969480,33049591,16471445,37834,1,0,1,1,1,1,0,0,0,15,3,18,2400,0.0075,420,18,78,498,66400,0.0075,498,3,3,0,0,0,72,72,0,0,2000,0,800,800,0,0,0,0,0,0,0,NaN,NaN,NaN,NaN,1,0,0,coherence-cumulative,1,15,0,0,31336674158,NaN,0,1,1,34928735,2472,2730,4576883,6.8,6,1,0,1,1,148,141,148,28,16,10,24,26,0,0,0,0,0,static-wide-low,zero,admissible
16079003,static-wide-low,static-wide-low,claim-iid5,claim-iid5,claim-iid5,5,30392969480,30392969480,33435156,16471445,37834,1,0,1,1,1,1,0,0,0,15,3,18,2400,0.0075,420,18,78,498,66400,0.0075,498,3,3,0,0,0,72,68,4,0,2000,0,800,800,0,0,0,0,0,0,0,NaN,NaN,NaN,NaN,1,0,0,coherence-cumulative,1,15,0,0,31336674158,NaN,0,1,2,34928735,2472,2730,4576883,6.8,6,1,0,1,1,148,141,148,28,16,10,24,26,0,0,0,0,0,static-wide-low,claim-iid5,admissible
16079003,static-wide-low,static-wide-low,response-iid5,response-iid5,response-iid5,5,30392969480,30392969480,33435156,16471445,37834,1,0,1,1,1,1,0,0,0,15,3,18,2400,0.0075,420,18,78,498,66400,0.0075,498,3,3,0,0,0,72,72,0,0,2000,0,800,800,0,0,0,0,0,0,0,NaN,NaN,NaN,NaN,1,0,0,coherence-cumulative,1,15,0,0,31336674158,NaN,0,1,3,34928735,2472,2730,4576883,6.8,6,1,0,1,1,148,141,148,28,16,10,24,26,0,0,0,0,0,static-wide-low,response-iid5,admissible
16079003,static-wide-low,static-wide-low,joint-control-iid5,joint-control-iid5,joint-control-iid5,5,30392969480,30392969480,33820721,16471445,37834,1,0,1,1,1,1,0,0,0,15,3,18,2400,0.0075,420,18,78,498,66400,0.0075,498,3,3,0,0,0,72,68,4,0,2000,0,800,800,0,0,0,0,0,0,0,NaN,NaN,NaN,NaN,1,0,0,coherence-cumulative,1,15,0,0,31336674158,NaN,0,1,4,34928735,2472,2730,4576883,6.8,6,1,0,1,1,148,141,148,28,16,10,24,26,0,0,0,0,0,static-wide-low,joint-control-iid5,admissible
16079003,static-wide-low,static-wide-low,iid-occupancy15,iid-occupancy15,iid-occupancy15,5,30392969480,21690246840,33049591,16470216,37834,1,0,1,1,2,0.9995,0,0,0,17,5,22,2400,0.00916666666666667,476,18,130,606,66400,0.00912650602409639,498,5,5,2,0,0,88,68,20,0,1999,0,799,422,377,0,0,0,0,0,0,NaN,NaN,NaN,NaN,1,0,0,coherence-cumulative,1,15,0,0.15,31336674158,1309693,3553,1,5,34928735,2472,2730,4576883,6.8,6,1,0,1,1,148,141,148,28,16,10,24,26,0,0,0,0,0,static-wide-low,iid-occupancy15,admissible
16079003,static-wide-low,static-wide-low,directed-response-blackout,directed-response-blackout,directed-response-blackout,5,30392969480,25599402112,33049591,15887771,37834,1,0,1,0,NaN,0.8,0,0,0,412,400,812,2400,0.338333333333333,11536,18,10400,21936,66400,0.330361445783133,498,400,400,399,0,0,3248,2848,400,0,1600,144,400,400,0,0,144,144,0,0,1,NaN,NaN,NaN,NaN,1,0,0,coherence-cumulative,1,13,1,0,31336674158,NaN,0,1,6,34928735,2472,2730,4576883,6.8,6,1,0,1,1,148,141,148,28,16,10,24,26,0,1,0,0,0,static-wide-low,directed-response-blackout,admissible
16079003,mobile-limited-low,mobile-limited-low,zero,zero,zero,5,30392969480,30392969480,32650381,16473959,36610,1,0,1,1,1,1,0,0,0,145,29,174,2400,0.0725,4060,174,754,4814,66400,0.0725,4814,29,29,0,0,0,87,87,0,0,2000,0,800,800,0,0,0,0,0,0,0,NaN,NaN,NaN,NaN,1,0,0,coherence-cumulative,1,145,0,0,31336674158,NaN,0,2,1,34928735,2472,2472,4192896,1,3,1,0,1,1,21,14,21,28,16,10,24,26,0,0,0,0,0,mobile-limited-low,zero,admissible
16079003,mobile-limited-low,mobile-limited-low,claim-iid5,claim-iid5,claim-iid5,5,30392969480,30392969480,33035946,16473959,36610,1,0,1,1,1,1,0,0,0,148,32,180,2400,0.075,4144,174,832,4976,66400,0.0749397590361446,4814,32,32,3,0,0,93,89,4,0,2000,0,800,800,0,0,0,0,0,0,0,NaN,NaN,NaN,NaN,1,0,0,coherence-cumulative,1,145,0,0,31336674158,NaN,0,2,2,34928735,2472,2472,4192896,1,3,1,0,1,1,21,14,21,28,16,10,24,26,0,0,0,0,0,mobile-limited-low,claim-iid5,admissible
16079003,mobile-limited-low,mobile-limited-low,response-iid5,response-iid5,response-iid5,5,30392969480,30392969480,33035946,16473959,36610,1,0,1,1,1,1,0,0,0,148,32,180,2400,0.075,4144,174,832,4976,66400,0.0749397590361446,4814,32,32,3,0,0,93,90,3,0,2000,0,800,800,0,0,0,0,0,0,0,NaN,NaN,NaN,NaN,1,0,0,coherence-cumulative,1,145,0,0,31336674158,NaN,0,2,3,34928735,2472,2472,4192896,1,3,1,0,1,1,21,14,21,28,16,10,24,26,0,0,0,0,0,mobile-limited-low,response-iid5,admissible
16079003,mobile-limited-low,mobile-limited-low,joint-control-iid5,joint-control-iid5,joint-control-iid5,5,30392969480,30392969480,33421511,16473959,36610,1,0,1,1,1,1,0,0,0,151,35,186,2400,0.0775,4228,174,910,5138,66400,0.0773795180722892,4814,35,35,6,0,0,99,92,7,0,2000,0,800,800,0,0,0,0,0,0,0,NaN,NaN,NaN,NaN,1,0,0,coherence-cumulative,1,145,0,0,31336674158,NaN,0,2,4,34928735,2472,2472,4192896,1,3,1,0,1,1,21,14,21,28,16,10,24,26,0,0,0,0,0,mobile-limited-low,joint-control-iid5,admissible
16079003,mobile-limited-low,mobile-limited-low,iid-occupancy15,iid-occupancy15,iid-occupancy15,5,30392969480,21690246840,32650381,16472730,36610,1,0,1,1,2,0.9995,0,0,0,165,44,209,2400,0.0870833333333333,4620,174,1144,5764,66400,0.0868072289156627,4814,44,44,20,0,0,122,92,30,0,1999,0,799,422,377,0,0,0,0,0,0,NaN,NaN,NaN,NaN,1,0,0,coherence-cumulative,1,145,0,0.15,31336674158,1309693,3553,2,5,34928735,2472,2472,4192896,1,3,1,0,1,1,21,14,21,28,16,10,24,26,0,0,0,0,0,mobile-limited-low,iid-occupancy15,admissible
16079003,mobile-limited-low,mobile-limited-low,directed-response-blackout,directed-response-blackout,directed-response-blackout,5,30392969480,25599402112,32650381,15889773,36610,1,0,1,0,NaN,0.8,0,0,0,516,400,916,2400,0.381666666666667,14448,174,10400,24848,66400,0.37421686746988,4814,400,400,399,0,0,829,429,400,0,1600,144,400,400,0,0,144,144,0,0,1,NaN,NaN,NaN,NaN,1,0,0,coherence-cumulative,1,117,1,0,31336674158,NaN,0,2,6,34928735,2472,2472,4192896,1,3,1,0,1,1,21,14,21,28,16,10,24,26,0,1,0,0,0,mobile-limited-low,directed-response-blackout,admissible
16079003,mobile-limited-high,mobile-limited-high,zero,zero,zero,5,30392969480,30392969480,31726977,14302675,36122,0,0,0,0,NaN,0,0,0,0,0,0,0,2000,0,0,155,0,0,56000,0,4340,0,0,0,0,0,0,0,0,0,0,715,0,0,0,0,232,232,0,0,1,NaN,NaN,NaN,NaN,1,0,0,coherence-cumulative,1,0,0,0,31336674158,NaN,0,3,1,34928735,2472,2472,6004454,0,0,0,0,1,0,0,13,20,28,16,10,24,0,0,0,0,0,0,mobile-limited-high,zero,selector-issued-no-horizon
16079003,mobile-limited-high,mobile-limited-high,claim-iid5,claim-iid5,claim-iid5,5,30392969480,30392969480,32112542,14302675,36122,0,0,0,0,NaN,0,0,0,0,0,0,0,2000,0,0,155,0,0,56000,0,4340,0,0,0,0,0,0,0,0,0,0,715,0,0,0,0,232,232,0,0,1,NaN,NaN,NaN,NaN,1,0,0,coherence-cumulative,1,0,0,0,31336674158,NaN,0,3,2,34928735,2472,2472,6004454,0,0,0,0,1,0,0,13,20,28,16,10,24,0,0,0,0,0,0,mobile-limited-high,claim-iid5,selector-issued-no-horizon
16079003,mobile-limited-high,mobile-limited-high,response-iid5,response-iid5,response-iid5,5,30392969480,30392969480,32112542,14302675,36122,0,0,0,0,NaN,0,0,0,0,0,0,0,2000,0,0,155,0,0,56000,0,4340,0,0,0,0,0,0,0,0,0,0,715,0,0,0,0,232,232,0,0,1,NaN,NaN,NaN,NaN,1,0,0,coherence-cumulative,1,0,0,0,31336674158,NaN,0,3,3,34928735,2472,2472,6004454,0,0,0,0,1,0,0,13,20,28,16,10,24,0,0,0,0,0,0,mobile-limited-high,response-iid5,selector-issued-no-horizon
16079003,mobile-limited-high,mobile-limited-high,joint-control-iid5,joint-control-iid5,joint-control-iid5,5,30392969480,30392969480,32498107,14302675,36122,0,0,0,0,NaN,0,0,0,0,0,0,0,2000,0,0,155,0,0,56000,0,4340,0,0,0,0,0,0,0,0,0,0,715,0,0,0,0,232,232,0,0,1,NaN,NaN,NaN,NaN,1,0,0,coherence-cumulative,1,0,0,0,31336674158,NaN,0,3,4,34928735,2472,2472,6004454,0,0,0,0,1,0,0,13,20,28,16,10,24,0,0,0,0,0,0,mobile-limited-high,joint-control-iid5,selector-issued-no-horizon
16079003,mobile-limited-high,mobile-limited-high,iid-occupancy15,iid-occupancy15,iid-occupancy15,5,30392969480,21848081308,31726977,14302675,36122,0,0,0,0,NaN,0,0,0,0,0,0,0,2000,0,0,155,0,0,56000,0,4340,0,0,0,0,0,0,0,0,0,0,715,0,0,0,0,232,120,112,0,1,NaN,NaN,NaN,NaN,1,0,0,coherence-cumulative,1,0,0,0.15,31336674158,454442,3468,3,5,34928735,2472,2472,6004454,0,0,0,0,1,0,0,13,20,28,16,10,24,0,0,0,0,0,0,mobile-limited-high,iid-occupancy15,selector-issued-no-horizon
16079003,mobile-limited-high,mobile-limited-high,directed-response-blackout,directed-response-blackout,directed-response-blackout,5,30392969480,30392969480,31726977,14302675,36122,0,0,0,0,NaN,0,0,0,0,0,0,0,2000,0,0,155,0,0,56000,0,4340,0,0,0,0,0,0,0,0,0,0,715,0,0,0,0,232,232,0,0,1,NaN,NaN,NaN,NaN,1,0,0,coherence-cumulative,1,0,0,0,31336674158,NaN,0,3,6,34928735,2472,2472,6004454,0,0,0,0,1,0,0,13,20,28,16,10,24,0,0,0,0,0,0,mobile-limited-high,directed-response-blackout,selector-issued-no-horizon
16079003,static-wide-low,static-wide-low,zero,zero,zero,10,113382478562,113382478562,32801944,67216720,644985,7,0,1,1,1,1,0,0,0,70,49,119,6800,0.0175,1960,119,1274,3234,184800,0.0175,3234,49,49,0,0,0,1071,1071,0,0,4000,0,4000,4000,0,0,0,0,0,0,0,NaN,NaN,NaN,NaN,1,0,0,coherence-cumulative,1,70,0,0,31509244536,NaN,0,1,1,71173829,36675,40685,6310069,6.8,6,7,0,1,1,72,65,72,28,16,10,24,26,0,0,0,0,0,static-wide-low,zero,admissible
16079003,static-wide-low,static-wide-low,claim-iid5,claim-iid5,claim-iid5,10,113382478562,113382478562,33187509,67216913,644985,7,0,1,1,1,1,0,0,0,73,57,130,6800,0.0191176470588235,2044,119,1482,3526,184800,0.0190800865800866,3234,57,57,2,0,0,1170,1141,29,0,4000,0,4000,4000,0,0,0,0,0,0,0,NaN,NaN,NaN,NaN,1,0,0,coherence-cumulative,1,71,0,0,31509244536,NaN,0,1,2,71173829,36675,40685,6310069,6.8,6,7,0,1,1,72,65,72,28,16,10,24,26,0,0,0,0,0,static-wide-low,claim-iid5,admissible
16079003,static-wide-low,static-wide-low,response-iid5,response-iid5,response-iid5,10,113382478562,113382478562,33187509,67216720,644985,7,0,1,1,1,1,0,0,0,71,52,123,6800,0.0180882352941176,1988,119,1352,3340,184800,0.0180735930735931,3234,52,52,1,0,0,1107,1088,19,0,4000,0,4000,4000,0,0,0,0,0,0,0,NaN,NaN,NaN,NaN,1,0,0,coherence-cumulative,1,70,0,0,31509244536,NaN,0,1,3,71173829,36675,40685,6310069,6.8,6,7,0,1,1,72,65,72,28,16,10,24,26,0,0,0,0,0,static-wide-low,response-iid5,admissible
16079003,static-wide-low,static-wide-low,joint-control-iid5,joint-control-iid5,joint-control-iid5,10,113382478562,113382478562,33573074,67216913,644985,7,0,1,1,1,1,0,0,0,76,65,141,6800,0.0207352941176471,2128,119,1690,3818,184800,0.0206601731601732,3234,65,65,5,0,0,1269,1216,53,0,4000,0,4000,4000,0,0,0,0,0,0,0,NaN,NaN,NaN,NaN,1,0,0,coherence-cumulative,1,71,0,0,31509244536,NaN,0,1,4,71173829,36675,40685,6310069,6.8,6,7,0,1,1,72,65,72,28,16,10,24,26,0,0,0,0,0,static-wide-low,joint-control-iid5,admissible
16079003,static-wide-low,static-wide-low,iid-occupancy15,iid-occupancy15,iid-occupancy15,10,113382478562,76281573071,32801944,67211457,644985,7,0,1,1,2,0.9995,0,0,0,113,128,241,6800,0.0354411764705882,3164,119,3328,6492,184800,0.0351298701298701,3234,128,128,38,0,0,2169,1674,495,0,3998,0,3997,2021,1976,0,0,0,0,0,0,NaN,NaN,NaN,NaN,1,0,0,coherence-cumulative,1,75,0,0.15,31509244536,2053740,7557,1,5,71173829,36675,40685,6310069,6.8,6,7,0,1,1,72,65,72,28,16,10,24,26,0,0,0,0,0,static-wide-low,iid-occupancy15,admissible
16079003,static-wide-low,static-wide-low,directed-response-blackout,directed-response-blackout,directed-response-blackout,10,113382478562,93875229166,32801944,66580841,644985,7,0,1,0,NaN,0.9,0,0,0,463,442,905,6800,0.133088235294118,12964,119,11492,24456,184800,0.132337662337662,3234,442,442,399,0,0,8145,7745,400,0,3600,82,3600,3600,0,0,82,82,0,0,1,NaN,NaN,NaN,NaN,1,0,0,coherence-cumulative,1,64,1,0,31509244536,NaN,0,1,6,71173829,36675,40685,6310069,6.8,6,7,0,1,1,72,65,72,28,16,10,24,26,0,1,0,0,0,static-wide-low,directed-response-blackout,admissible
16079003,mobile-limited-low,mobile-limited-low,zero,zero,zero,10,113382478562,113382478562,33385218,57168250,565825,0,0,0,0,NaN,0,0,0,34,0,0,0,4000,0,0,310,0,0,112000,0,8680,0,0,0,0,0,0,0,0,0,0,754,0,0,0,0,673,604,0,69,1,NaN,NaN,NaN,NaN,1,0,0,coherence-cumulative,1,0,0,0,31509244536,NaN,0,2,1,71173829,36675,36675,6271950,0.5,2,7,2,1,0,0,13,20,28,16,10,24,0,0,0,0,0,0,mobile-limited-low,zero,horizon-shorter-than-renewal-slack
16079003,mobile-limited-low,mobile-limited-low,claim-iid5,claim-iid5,claim-iid5,10,113382478562,113382478562,33770783,57168250,565825,0,0,0,0,NaN,0,0,0,34,0,0,0,4000,0,0,310,0,0,112000,0,8680,0,0,0,0,0,0,0,0,0,0,754,0,0,0,0,673,604,0,69,1,NaN,NaN,NaN,NaN,1,0,0,coherence-cumulative,1,0,0,0,31509244536,NaN,0,2,2,71173829,36675,36675,6271950,0.5,2,7,2,1,0,0,13,20,28,16,10,24,0,0,0,0,0,0,mobile-limited-low,claim-iid5,horizon-shorter-than-renewal-slack
16079003,mobile-limited-low,mobile-limited-low,response-iid5,response-iid5,response-iid5,10,113382478562,113382478562,33770783,57168250,565825,0,0,0,0,NaN,0,0,0,34,0,0,0,4000,0,0,310,0,0,112000,0,8680,0,0,0,0,0,0,0,0,0,0,754,0,0,0,0,673,604,0,69,1,NaN,NaN,NaN,NaN,1,0,0,coherence-cumulative,1,0,0,0,31509244536,NaN,0,2,3,71173829,36675,36675,6271950,0.5,2,7,2,1,0,0,13,20,28,16,10,24,0,0,0,0,0,0,mobile-limited-low,response-iid5,horizon-shorter-than-renewal-slack
16079003,mobile-limited-low,mobile-limited-low,joint-control-iid5,joint-control-iid5,joint-control-iid5,10,113382478562,113382478562,34156348,57168250,565825,0,0,0,0,NaN,0,0,0,34,0,0,0,4000,0,0,310,0,0,112000,0,8680,0,0,0,0,0,0,0,0,0,0,754,0,0,0,0,673,604,0,69,1,NaN,NaN,NaN,NaN,1,0,0,coherence-cumulative,1,0,0,0,31509244536,NaN,0,2,4,71173829,36675,36675,6271950,0.5,2,7,2,1,0,0,13,20,28,16,10,24,0,0,0,0,0,0,mobile-limited-low,joint-control-iid5,horizon-shorter-than-renewal-slack
16079003,mobile-limited-low,mobile-limited-low,iid-occupancy15,iid-occupancy15,iid-occupancy15,10,113382478562,78901139094,33385218,57168250,565825,0,0,0,0,NaN,0,0,0,34,0,0,0,4000,0,0,310,0,0,112000,0,8680,0,0,0,0,0,0,0,0,0,0,754,0,0,0,0,673,287,317,69,1,NaN,NaN,NaN,NaN,1,0,0,coherence-cumulative,1,0,0,0.15,31509244536,1799770,7038,2,5,71173829,36675,36675,6271950,0.5,2,7,2,1,0,0,13,20,28,16,10,24,0,0,0,0,0,0,mobile-limited-low,iid-occupancy15,horizon-shorter-than-renewal-slack
16079003,mobile-limited-low,mobile-limited-low,directed-response-blackout,directed-response-blackout,directed-response-blackout,10,113382478562,113382478562,33385218,57168250,565825,0,0,0,0,NaN,0,0,0,34,0,0,0,4000,0,0,310,0,0,112000,0,8680,0,0,0,0,0,0,0,0,0,0,754,0,0,0,0,673,604,0,69,1,NaN,NaN,NaN,NaN,1,0,0,coherence-cumulative,1,0,0,0,31509244536,NaN,0,2,6,71173829,36675,36675,6271950,0.5,2,7,2,1,0,0,13,20,28,16,10,24,0,0,0,0,0,0,mobile-limited-low,directed-response-blackout,horizon-shorter-than-renewal-slack
16079003,mobile-limited-high,mobile-limited-high,zero,zero,zero,10,113382478562,113382478562,31727916,57168250,565825,0,0,0,0,NaN,0,0,0,34,0,0,0,4000,0,0,310,0,0,112000,0,8680,0,0,0,0,0,0,0,0,0,0,754,0,0,0,0,673,604,0,69,1,NaN,NaN,NaN,NaN,1,0,0,coherence-cumulative,1,0,0,0,31509244536,NaN,0,3,1,71173829,36675,36675,5273978,0,0,0,0,1,0,0,13,20,28,16,10,24,0,0,0,0,0,0,mobile-limited-high,zero,selector-issued-no-horizon
16079003,mobile-limited-high,mobile-limited-high,claim-iid5,claim-iid5,claim-iid5,10,113382478562,113382478562,32113481,57168250,565825,0,0,0,0,NaN,0,0,0,34,0,0,0,4000,0,0,310,0,0,112000,0,8680,0,0,0,0,0,0,0,0,0,0,754,0,0,0,0,673,604,0,69,1,NaN,NaN,NaN,NaN,1,0,0,coherence-cumulative,1,0,0,0,31509244536,NaN,0,3,2,71173829,36675,36675,5273978,0,0,0,0,1,0,0,13,20,28,16,10,24,0,0,0,0,0,0,mobile-limited-high,claim-iid5,selector-issued-no-horizon
16079003,mobile-limited-high,mobile-limited-high,response-iid5,response-iid5,response-iid5,10,113382478562,113382478562,32113481,57168250,565825,0,0,0,0,NaN,0,0,0,34,0,0,0,4000,0,0,310,0,0,112000,0,8680,0,0,0,0,0,0,0,0,0,0,754,0,0,0,0,673,604,0,69,1,NaN,NaN,NaN,NaN,1,0,0,coherence-cumulative,1,0,0,0,31509244536,NaN,0,3,3,71173829,36675,36675,5273978,0,0,0,0,1,0,0,13,20,28,16,10,24,0,0,0,0,0,0,mobile-limited-high,response-iid5,selector-issued-no-horizon
16079003,mobile-limited-high,mobile-limited-high,joint-control-iid5,joint-control-iid5,joint-control-iid5,10,113382478562,113382478562,32499046,57168250,565825,0,0,0,0,NaN,0,0,0,34,0,0,0,4000,0,0,310,0,0,112000,0,8680,0,0,0,0,0,0,0,0,0,0,754,0,0,0,0,673,604,0,69,1,NaN,NaN,NaN,NaN,1,0,0,coherence-cumulative,1,0,0,0,31509244536,NaN,0,3,4,71173829,36675,36675,5273978,0,0,0,0,1,0,0,13,20,28,16,10,24,0,0,0,0,0,0,mobile-limited-high,joint-control-iid5,selector-issued-no-horizon
16079003,mobile-limited-high,mobile-limited-high,iid-occupancy15,iid-occupancy15,iid-occupancy15,10,113382478562,78901139094,31727916,57168250,565825,0,0,0,0,NaN,0,0,0,34,0,0,0,4000,0,0,310,0,0,112000,0,8680,0,0,0,0,0,0,0,0,0,0,754,0,0,0,0,673,287,317,69,1,NaN,NaN,NaN,NaN,1,0,0,coherence-cumulative,1,0,0,0.15,31509244536,1799770,7038,3,5,71173829,36675,36675,5273978,0,0,0,0,1,0,0,13,20,28,16,10,24,0,0,0,0,0,0,mobile-limited-high,iid-occupancy15,selector-issued-no-horizon
16079003,mobile-limited-high,mobile-limited-high,directed-response-blackout,directed-response-blackout,directed-response-blackout,10,113382478562,113382478562,31727916,57168250,565825,0,0,0,0,NaN,0,0,0,34,0,0,0,4000,0,0,310,0,0,112000,0,8680,0,0,0,0,0,0,0,0,0,0,754,0,0,0,0,673,604,0,69,1,NaN,NaN,NaN,NaN,1,0,0,coherence-cumulative,1,0,0,0,31509244536,NaN,0,3,6,71173829,36675,36675,5273978,0,0,0,0,1,0,0,13,20,28,16,10,24,0,0,0,0,0,0,mobile-limited-high,directed-response-blackout,selector-issued-no-horizon
16079004,static-wide-low,static-wide-low,zero,zero,zero,5,30535535034,30535535034,32977319,16345885,36830,0,0,0,1,1,1,0,0,0,15,0,15,2000,0.0075,420,15,0,420,56000,0.0075,420,0,0,0,0,0,60,60,0,0,2000,0,0,0,0,0,0,0,0,0,0,NaN,NaN,NaN,NaN,1,0,0,coherence-cumulative,1,15,0,0,31429449139,NaN,0,1,1,37867626,2450,2730,6891597,6.8,6,0,0,1,1,156,149,156,28,16,10,24,0,0,0,0,0,0,static-wide-low,zero,admissible
16079004,static-wide-low,static-wide-low,claim-iid5,claim-iid5,claim-iid5,5,30535535034,30535535034,33362884,16345885,36830,0,0,0,1,1,1,0,0,0,15,0,15,2000,0.0075,420,15,0,420,56000,0.0075,420,0,0,0,0,0,60,60,0,0,2000,0,0,0,0,0,0,0,0,0,0,NaN,NaN,NaN,NaN,1,0,0,coherence-cumulative,1,15,0,0,31429449139,NaN,0,1,2,37867626,2450,2730,6891597,6.8,6,0,0,1,1,156,149,156,28,16,10,24,0,0,0,0,0,0,static-wide-low,claim-iid5,admissible
16079004,static-wide-low,static-wide-low,response-iid5,response-iid5,response-iid5,5,30535535034,30535535034,33362884,16345885,36830,0,0,0,1,1,1,0,0,0,15,0,15,2000,0.0075,420,15,0,420,56000,0.0075,420,0,0,0,0,0,60,60,0,0,2000,0,0,0,0,0,0,0,0,0,0,NaN,NaN,NaN,NaN,1,0,0,coherence-cumulative,1,15,0,0,31429449139,NaN,0,1,3,37867626,2450,2730,6891597,6.8,6,0,0,1,1,156,149,156,28,16,10,24,0,0,0,0,0,0,static-wide-low,response-iid5,admissible
16079004,static-wide-low,static-wide-low,joint-control-iid5,joint-control-iid5,joint-control-iid5,5,30535535034,30535535034,33748449,16345885,36830,0,0,0,1,1,1,0,0,0,15,0,15,2000,0.0075,420,15,0,420,56000,0.0075,420,0,0,0,0,0,60,60,0,0,2000,0,0,0,0,0,0,0,0,0,0,NaN,NaN,NaN,NaN,1,0,0,coherence-cumulative,1,15,0,0,31429449139,NaN,0,1,4,37867626,2450,2730,6891597,6.8,6,0,0,1,1,156,149,156,28,16,10,24,0,0,0,0,0,0,static-wide-low,joint-control-iid5,admissible
16079004,static-wide-low,static-wide-low,iid-occupancy15,iid-occupancy15,iid-occupancy15,5,30535535034,22038064882,32977319,16345885,36830,0,0,0,1,1,1,0,0,0,15,0,15,2000,0.0075,420,15,0,420,56000,0.0075,420,0,0,0,0,0,60,36,24,0,2000,0,0,0,0,0,0,0,0,0,0,NaN,NaN,NaN,NaN,1,0,0,coherence-cumulative,1,15,0,0.15,31429449139,1393806,3452,1,5,37867626,2450,2730,6891597,6.8,6,0,0,1,1,156,149,156,28,16,10,24,0,0,0,0,0,0,static-wide-low,iid-occupancy15,admissible
16079004,static-wide-low,static-wide-low,directed-response-blackout,directed-response-blackout,directed-response-blackout,5,30535535034,30535535034,32977319,16345885,36830,0,0,0,1,1,1,0,0,0,15,0,15,2000,0.0075,420,15,0,420,56000,0.0075,420,0,0,0,0,0,60,60,0,0,2000,0,0,0,0,0,0,0,0,0,0,NaN,NaN,NaN,NaN,1,0,0,coherence-cumulative,1,15,0,0,31429449139,NaN,0,1,6,37867626,2450,2730,6891597,6.8,6,0,0,1,1,156,149,156,28,16,10,24,0,0,0,0,0,0,static-wide-low,directed-response-blackout,admissible
16079004,mobile-limited-low,mobile-limited-low,zero,zero,zero,5,30535535034,30535535034,32961383,16345885,36050,0,0,0,1,1,1,0,0,0,15,0,15,2000,0.0075,420,15,0,420,56000,0.0075,420,0,0,0,0,0,0,0,0,0,2000,0,0,0,0,0,0,0,0,0,0,NaN,NaN,NaN,NaN,1,0,0,coherence-cumulative,1,15,0,0,31429449139,NaN,0,2,1,37867626,2450,2450,4787831,6.8,6,0,0,1,1,156,149,156,28,16,10,24,0,0,0,0,0,0,mobile-limited-low,zero,admissible
16079004,mobile-limited-low,mobile-limited-low,claim-iid5,claim-iid5,claim-iid5,5,30535535034,30535535034,33346948,16345885,36050,0,0,0,1,1,1,0,0,0,15,0,15,2000,0.0075,420,15,0,420,56000,0.0075,420,0,0,0,0,0,0,0,0,0,2000,0,0,0,0,0,0,0,0,0,0,NaN,NaN,NaN,NaN,1,0,0,coherence-cumulative,1,15,0,0,31429449139,NaN,0,2,2,37867626,2450,2450,4787831,6.8,6,0,0,1,1,156,149,156,28,16,10,24,0,0,0,0,0,0,mobile-limited-low,claim-iid5,admissible
16079004,mobile-limited-low,mobile-limited-low,response-iid5,response-iid5,response-iid5,5,30535535034,30535535034,33346948,16345885,36050,0,0,0,1,1,1,0,0,0,15,0,15,2000,0.0075,420,15,0,420,56000,0.0075,420,0,0,0,0,0,0,0,0,0,2000,0,0,0,0,0,0,0,0,0,0,NaN,NaN,NaN,NaN,1,0,0,coherence-cumulative,1,15,0,0,31429449139,NaN,0,2,3,37867626,2450,2450,4787831,6.8,6,0,0,1,1,156,149,156,28,16,10,24,0,0,0,0,0,0,mobile-limited-low,response-iid5,admissible
16079004,mobile-limited-low,mobile-limited-low,joint-control-iid5,joint-control-iid5,joint-control-iid5,5,30535535034,30535535034,33732513,16345885,36050,0,0,0,1,1,1,0,0,0,15,0,15,2000,0.0075,420,15,0,420,56000,0.0075,420,0,0,0,0,0,0,0,0,0,2000,0,0,0,0,0,0,0,0,0,0,NaN,NaN,NaN,NaN,1,0,0,coherence-cumulative,1,15,0,0,31429449139,NaN,0,2,4,37867626,2450,2450,4787831,6.8,6,0,0,1,1,156,149,156,28,16,10,24,0,0,0,0,0,0,mobile-limited-low,joint-control-iid5,admissible
16079004,mobile-limited-low,mobile-limited-low,iid-occupancy15,iid-occupancy15,iid-occupancy15,5,30535535034,22038064882,32961383,16345885,36050,0,0,0,1,1,1,0,0,0,15,0,15,2000,0.0075,420,15,0,420,56000,0.0075,420,0,0,0,0,0,0,0,0,0,2000,0,0,0,0,0,0,0,0,0,0,NaN,NaN,NaN,NaN,1,0,0,coherence-cumulative,1,15,0,0.15,31429449139,1393806,3452,2,5,37867626,2450,2450,4787831,6.8,6,0,0,1,1,156,149,156,28,16,10,24,0,0,0,0,0,0,mobile-limited-low,iid-occupancy15,admissible
16079004,mobile-limited-low,mobile-limited-low,directed-response-blackout,directed-response-blackout,directed-response-blackout,5,30535535034,30535535034,32961383,16345885,36050,0,0,0,1,1,1,0,0,0,15,0,15,2000,0.0075,420,15,0,420,56000,0.0075,420,0,0,0,0,0,0,0,0,0,2000,0,0,0,0,0,0,0,0,0,0,NaN,NaN,NaN,NaN,1,0,0,coherence-cumulative,1,15,0,0,31429449139,NaN,0,2,6,37867626,2450,2450,4787831,6.8,6,0,0,1,1,156,149,156,28,16,10,24,0,0,0,0,0,0,mobile-limited-low,directed-response-blackout,admissible
16079004,mobile-limited-high,mobile-limited-high,zero,zero,zero,5,30535535034,30535535034,32720831,16345885,36050,0,0,0,1,1,1,0,0,0,15,0,15,2000,0.0075,420,15,0,420,56000,0.0075,420,0,0,0,0,0,0,0,0,0,2000,0,0,0,0,0,0,0,0,0,0,NaN,NaN,NaN,NaN,1,0,0,coherence-cumulative,1,15,0,0,31429449139,NaN,0,3,1,37867626,2450,2450,5506953,6.8,6,0,0,1,1,156,149,156,28,16,10,24,0,0,0,0,0,0,mobile-limited-high,zero,admissible
16079004,mobile-limited-high,mobile-limited-high,claim-iid5,claim-iid5,claim-iid5,5,30535535034,30535535034,33106396,16345885,36050,0,0,0,1,1,1,0,0,0,15,0,15,2000,0.0075,420,15,0,420,56000,0.0075,420,0,0,0,0,0,0,0,0,0,2000,0,0,0,0,0,0,0,0,0,0,NaN,NaN,NaN,NaN,1,0,0,coherence-cumulative,1,15,0,0,31429449139,NaN,0,3,2,37867626,2450,2450,5506953,6.8,6,0,0,1,1,156,149,156,28,16,10,24,0,0,0,0,0,0,mobile-limited-high,claim-iid5,admissible
16079004,mobile-limited-high,mobile-limited-high,response-iid5,response-iid5,response-iid5,5,30535535034,30535535034,33106396,16345885,36050,0,0,0,1,1,1,0,0,0,15,0,15,2000,0.0075,420,15,0,420,56000,0.0075,420,0,0,0,0,0,0,0,0,0,2000,0,0,0,0,0,0,0,0,0,0,NaN,NaN,NaN,NaN,1,0,0,coherence-cumulative,1,15,0,0,31429449139,NaN,0,3,3,37867626,2450,2450,5506953,6.8,6,0,0,1,1,156,149,156,28,16,10,24,0,0,0,0,0,0,mobile-limited-high,response-iid5,admissible
16079004,mobile-limited-high,mobile-limited-high,joint-control-iid5,joint-control-iid5,joint-control-iid5,5,30535535034,30535535034,33491961,16345885,36050,0,0,0,1,1,1,0,0,0,15,0,15,2000,0.0075,420,15,0,420,56000,0.0075,420,0,0,0,0,0,0,0,0,0,2000,0,0,0,0,0,0,0,0,0,0,NaN,NaN,NaN,NaN,1,0,0,coherence-cumulative,1,15,0,0,31429449139,NaN,0,3,4,37867626,2450,2450,5506953,6.8,6,0,0,1,1,156,149,156,28,16,10,24,0,0,0,0,0,0,mobile-limited-high,joint-control-iid5,admissible
16079004,mobile-limited-high,mobile-limited-high,iid-occupancy15,iid-occupancy15,iid-occupancy15,5,30535535034,22038064882,32720831,16345885,36050,0,0,0,1,1,1,0,0,0,15,0,15,2000,0.0075,420,15,0,420,56000,0.0075,420,0,0,0,0,0,0,0,0,0,2000,0,0,0,0,0,0,0,0,0,0,NaN,NaN,NaN,NaN,1,0,0,coherence-cumulative,1,15,0,0.15,31429449139,1393806,3452,3,5,37867626,2450,2450,5506953,6.8,6,0,0,1,1,156,149,156,28,16,10,24,0,0,0,0,0,0,mobile-limited-high,iid-occupancy15,admissible
16079004,mobile-limited-high,mobile-limited-high,directed-response-blackout,directed-response-blackout,directed-response-blackout,5,30535535034,30535535034,32720831,16345885,36050,0,0,0,1,1,1,0,0,0,15,0,15,2000,0.0075,420,15,0,420,56000,0.0075,420,0,0,0,0,0,0,0,0,0,2000,0,0,0,0,0,0,0,0,0,0,NaN,NaN,NaN,NaN,1,0,0,coherence-cumulative,1,15,0,0,31429449139,NaN,0,3,6,37867626,2450,2450,5506953,6.8,6,0,0,1,1,156,149,156,28,16,10,24,0,0,0,0,0,0,mobile-limited-high,directed-response-blackout,admissible
16079004,static-wide-low,static-wide-low,zero,zero,zero,10,113188631372,113188631372,33401118,66630973,622255,5,0,1,1,1,1,0,0,0,60,30,90,6000,0.015,1680,90,780,2460,164000,0.015,2460,30,30,0,0,0,810,810,0,0,4000,0,4000,4000,0,0,0,0,0,0,0,NaN,NaN,NaN,NaN,1,0,0,coherence-cumulative,1,60,0,0,31519136426,NaN,0,1,1,69108874,36642,40685,5806848,6.8,6,5,0,1,1,76,69,76,28,16,10,24,26,0,0,0,0,0,static-wide-low,zero,admissible
16079004,static-wide-low,static-wide-low,claim-iid5,claim-iid5,claim-iid5,10,113188631372,113188631372,33786683,66628783,622255,5,0,1,1,2,0.99975,0,0,0,66,35,101,6000,0.0168333333333333,1848,90,910,2758,164000,0.0168170731707317,2460,34,35,3,0,0,909,867,42,0,3999,0,3999,3999,0,0,0,0,0,0,0,NaN,NaN,NaN,NaN,1,0,0,coherence-cumulative,1,63,0,0,31519136426,NaN,0,1,2,69108874,36642,40685,5806848,6.8,6,5,0,1,1,76,69,76,28,16,10,24,26,0,0,0,0,0,static-wide-low,claim-iid5,admissible
16079004,static-wide-low,static-wide-low,response-iid5,response-iid5,response-iid5,10,113188631372,113188631372,33786683,66630973,622255,5,0,1,1,1,1,0,0,0,66,39,105,6000,0.0175,1848,90,1014,2862,164000,0.0174512195121951,2460,39,39,6,0,0,945,929,16,0,4000,0,4000,4000,0,0,0,0,0,0,0,NaN,NaN,NaN,NaN,1,0,0,coherence-cumulative,1,60,0,0,31519136426,NaN,0,1,3,69108874,36642,40685,5806848,6.8,6,5,0,1,1,76,69,76,28,16,10,24,26,0,0,0,0,0,static-wide-low,response-iid5,admissible
16079004,static-wide-low,static-wide-low,joint-control-iid5,joint-control-iid5,joint-control-iid5,10,113188631372,113188631372,34172248,66628783,622255,5,0,1,1,2,0.99975,0,0,0,72,43,115,6000,0.0191666666666667,2016,90,1118,3134,164000,0.019109756097561,2460,42,43,9,0,0,1035,969,66,0,3999,0,3999,3999,0,0,0,0,0,0,0,NaN,NaN,NaN,NaN,1,0,0,coherence-cumulative,1,63,0,0,31519136426,NaN,0,1,4,69108874,36642,40685,5806848,6.8,6,5,0,1,1,76,69,76,28,16,10,24,26,0,0,0,0,0,static-wide-low,joint-control-iid5,admissible
16079004,static-wide-low,static-wide-low,iid-occupancy15,iid-occupancy15,iid-occupancy15,10,113188631372,76296285059,33401118,66612004,622255,5,0,1,1,5,0.9985,0,0,0,109,70,179,6000,0.0298333333333333,3052,90,1820,4872,164000,0.0297073170731707,2460,68,70,46,0,0,1611,1125,486,0,3994,0,3989,2044,1945,0,0,0,0,0,0,NaN,NaN,NaN,NaN,1,0,0,coherence-cumulative,1,63,0,0.15,31519136426,528323,7532,1,5,69108874,36642,40685,5806848,6.8,6,5,0,1,1,76,69,76,28,16,10,24,26,0,0,0,0,0,static-wide-low,iid-occupancy15,admissible
16079004,static-wide-low,static-wide-low,directed-response-blackout,directed-response-blackout,directed-response-blackout,10,113188631372,93832360733,33401118,65849088,622255,5,0,1,0,NaN,0.9,0,0,0,454,818,1272,6000,0.212,12712,90,21268,33980,164000,0.20719512195122,2460,818,818,399,0,0,11448,11048,400,0,3600,82,3200,3200,0,0,164,164,0,0,1,NaN,NaN,NaN,NaN,1,0,0,coherence-cumulative,1,55,1,0,31519136426,NaN,0,1,6,69108874,36642,40685,5806848,6.8,6,5,0,1,1,76,69,76,28,16,10,24,26,0,1,0,0,0,static-wide-low,directed-response-blackout,admissible
16079004,mobile-limited-low,mobile-limited-low,zero,zero,zero,10,113188631372,113188631372,32487908,57168250,565792,0,0,0,0,NaN,0,0,0,20,0,0,0,4000,0,0,310,0,0,112000,0,8680,0,0,0,0,0,0,0,0,0,0,739,0,0,0,0,673,633,0,40,1,NaN,NaN,NaN,NaN,1,0,0,coherence-cumulative,1,0,0,0,31519136426,NaN,0,2,1,69108874,36642,36642,5823214,0.5,2,5,0,1,0,0,13,20,28,16,10,24,0,0,0,0,0,0,mobile-limited-low,zero,horizon-shorter-than-renewal-slack
16079004,mobile-limited-low,mobile-limited-low,claim-iid5,claim-iid5,claim-iid5,10,113188631372,113188631372,32873473,57168250,565792,0,0,0,0,NaN,0,0,0,20,0,0,0,4000,0,0,310,0,0,112000,0,8680,0,0,0,0,0,0,0,0,0,0,739,0,0,0,0,673,633,0,40,1,NaN,NaN,NaN,NaN,1,0,0,coherence-cumulative,1,0,0,0,31519136426,NaN,0,2,2,69108874,36642,36642,5823214,0.5,2,5,0,1,0,0,13,20,28,16,10,24,0,0,0,0,0,0,mobile-limited-low,claim-iid5,horizon-shorter-than-renewal-slack
16079004,mobile-limited-low,mobile-limited-low,response-iid5,response-iid5,response-iid5,10,113188631372,113188631372,32873473,57168250,565792,0,0,0,0,NaN,0,0,0,20,0,0,0,4000,0,0,310,0,0,112000,0,8680,0,0,0,0,0,0,0,0,0,0,739,0,0,0,0,673,633,0,40,1,NaN,NaN,NaN,NaN,1,0,0,coherence-cumulative,1,0,0,0,31519136426,NaN,0,2,3,69108874,36642,36642,5823214,0.5,2,5,0,1,0,0,13,20,28,16,10,24,0,0,0,0,0,0,mobile-limited-low,response-iid5,horizon-shorter-than-renewal-slack
16079004,mobile-limited-low,mobile-limited-low,joint-control-iid5,joint-control-iid5,joint-control-iid5,10,113188631372,113188631372,33259038,57168250,565792,0,0,0,0,NaN,0,0,0,20,0,0,0,4000,0,0,310,0,0,112000,0,8680,0,0,0,0,0,0,0,0,0,0,739,0,0,0,0,673,633,0,40,1,NaN,NaN,NaN,NaN,1,0,0,coherence-cumulative,1,0,0,0,31519136426,NaN,0,2,4,69108874,36642,36642,5823214,0.5,2,5,0,1,0,0,13,20,28,16,10,24,0,0,0,0,0,0,mobile-limited-low,joint-control-iid5,horizon-shorter-than-renewal-slack
16079004,mobile-limited-low,mobile-limited-low,iid-occupancy15,iid-occupancy15,iid-occupancy15,10,113188631372,80913576098,32487908,57168250,565792,0,0,0,0,NaN,0,0,0,20,0,0,0,4000,0,0,310,0,0,112000,0,8680,0,0,0,0,0,0,0,0,0,0,739,0,0,0,0,673,319,314,40,1,NaN,NaN,NaN,NaN,1,0,0,coherence-cumulative,1,0,0,0.15,31519136426,769957,6595,2,5,69108874,36642,36642,5823214,0.5,2,5,0,1,0,0,13,20,28,16,10,24,0,0,0,0,0,0,mobile-limited-low,iid-occupancy15,horizon-shorter-than-renewal-slack
16079004,mobile-limited-low,mobile-limited-low,directed-response-blackout,directed-response-blackout,directed-response-blackout,10,113188631372,113188631372,32487908,57168250,565792,0,0,0,0,NaN,0,0,0,20,0,0,0,4000,0,0,310,0,0,112000,0,8680,0,0,0,0,0,0,0,0,0,0,739,0,0,0,0,673,633,0,40,1,NaN,NaN,NaN,NaN,1,0,0,coherence-cumulative,1,0,0,0,31519136426,NaN,0,2,6,69108874,36642,36642,5823214,0.5,2,5,0,1,0,0,13,20,28,16,10,24,0,0,0,0,0,0,mobile-limited-low,directed-response-blackout,horizon-shorter-than-renewal-slack
16079004,mobile-limited-high,mobile-limited-high,zero,zero,zero,10,113188631372,113188631372,31959653,57168250,565792,0,0,0,0,NaN,0,0,0,20,0,0,0,4000,0,0,310,0,0,112000,0,8680,0,0,0,0,0,0,0,0,0,0,739,0,0,0,0,673,633,0,40,1,NaN,NaN,NaN,NaN,1,0,0,coherence-cumulative,1,0,0,0,31519136426,NaN,0,3,1,69108874,36642,36642,5914052,0,0,0,0,1,0,0,13,20,28,16,10,24,0,0,0,0,0,0,mobile-limited-high,zero,selector-issued-no-horizon
16079004,mobile-limited-high,mobile-limited-high,claim-iid5,claim-iid5,claim-iid5,10,113188631372,113188631372,32345218,57168250,565792,0,0,0,0,NaN,0,0,0,20,0,0,0,4000,0,0,310,0,0,112000,0,8680,0,0,0,0,0,0,0,0,0,0,739,0,0,0,0,673,633,0,40,1,NaN,NaN,NaN,NaN,1,0,0,coherence-cumulative,1,0,0,0,31519136426,NaN,0,3,2,69108874,36642,36642,5914052,0,0,0,0,1,0,0,13,20,28,16,10,24,0,0,0,0,0,0,mobile-limited-high,claim-iid5,selector-issued-no-horizon
16079004,mobile-limited-high,mobile-limited-high,response-iid5,response-iid5,response-iid5,10,113188631372,113188631372,32345218,57168250,565792,0,0,0,0,NaN,0,0,0,20,0,0,0,4000,0,0,310,0,0,112000,0,8680,0,0,0,0,0,0,0,0,0,0,739,0,0,0,0,673,633,0,40,1,NaN,NaN,NaN,NaN,1,0,0,coherence-cumulative,1,0,0,0,31519136426,NaN,0,3,3,69108874,36642,36642,5914052,0,0,0,0,1,0,0,13,20,28,16,10,24,0,0,0,0,0,0,mobile-limited-high,response-iid5,selector-issued-no-horizon
16079004,mobile-limited-high,mobile-limited-high,joint-control-iid5,joint-control-iid5,joint-control-iid5,10,113188631372,113188631372,32730783,57168250,565792,0,0,0,0,NaN,0,0,0,20,0,0,0,4000,0,0,310,0,0,112000,0,8680,0,0,0,0,0,0,0,0,0,0,739,0,0,0,0,673,633,0,40,1,NaN,NaN,NaN,NaN,1,0,0,coherence-cumulative,1,0,0,0,31519136426,NaN,0,3,4,69108874,36642,36642,5914052,0,0,0,0,1,0,0,13,20,28,16,10,24,0,0,0,0,0,0,mobile-limited-high,joint-control-iid5,selector-issued-no-horizon
16079004,mobile-limited-high,mobile-limited-high,iid-occupancy15,iid-occupancy15,iid-occupancy15,10,113188631372,80913576098,31959653,57168250,565792,0,0,0,0,NaN,0,0,0,20,0,0,0,4000,0,0,310,0,0,112000,0,8680,0,0,0,0,0,0,0,0,0,0,739,0,0,0,0,673,319,314,40,1,NaN,NaN,NaN,NaN,1,0,0,coherence-cumulative,1,0,0,0.15,31519136426,769957,6595,3,5,69108874,36642,36642,5914052,0,0,0,0,1,0,0,13,20,28,16,10,24,0,0,0,0,0,0,mobile-limited-high,iid-occupancy15,selector-issued-no-horizon
16079004,mobile-limited-high,mobile-limited-high,directed-response-blackout,directed-response-blackout,directed-response-blackout,10,113188631372,113188631372,31959653,57168250,565792,0,0,0,0,NaN,0,0,0,20,0,0,0,4000,0,0,310,0,0,112000,0,8680,0,0,0,0,0,0,0,0,0,0,739,0,0,0,0,673,633,0,40,1,NaN,NaN,NaN,NaN,1,0,0,coherence-cumulative,1,0,0,0,31519136426,NaN,0,3,6,69108874,36642,36642,5914052,0,0,0,0,1,0,0,13,20,28,16,10,24,0,0,0,0,0,0,mobile-limited-high,directed-response-blackout,selector-issued-no-horizon
16079005,static-wide-low,static-wide-low,zero,zero,zero,5,30401413808,30401413808,33525100,16345885,36830,0,0,0,1,1,1,0,0,0,15,0,15,2000,0.0075,420,15,0,420,56000,0.0075,420,0,0,0,0,0,60,60,0,0,2000,0,0,0,0,0,0,0,0,0,0,NaN,NaN,NaN,NaN,1,0,0,coherence-cumulative,1,15,0,0,31474302409,NaN,0,1,1,31557610,2450,2730,5421757,6.8,6,0,0,1,1,156,149,156,28,16,10,24,0,0,0,0,0,0,static-wide-low,zero,admissible
16079005,static-wide-low,static-wide-low,claim-iid5,claim-iid5,claim-iid5,5,30401413808,30401413808,33910665,16345885,36830,0,0,0,1,1,1,0,0,0,15,0,15,2000,0.0075,420,15,0,420,56000,0.0075,420,0,0,0,0,0,60,57,3,0,2000,0,0,0,0,0,0,0,0,0,0,NaN,NaN,NaN,NaN,1,0,0,coherence-cumulative,1,15,0,0,31474302409,NaN,0,1,2,31557610,2450,2730,5421757,6.8,6,0,0,1,1,156,149,156,28,16,10,24,0,0,0,0,0,0,static-wide-low,claim-iid5,admissible
16079005,static-wide-low,static-wide-low,response-iid5,response-iid5,response-iid5,5,30401413808,30401413808,33910665,16345885,36830,0,0,0,1,1,1,0,0,0,15,0,15,2000,0.0075,420,15,0,420,56000,0.0075,420,0,0,0,0,0,60,60,0,0,2000,0,0,0,0,0,0,0,0,0,0,NaN,NaN,NaN,NaN,1,0,0,coherence-cumulative,1,15,0,0,31474302409,NaN,0,1,3,31557610,2450,2730,5421757,6.8,6,0,0,1,1,156,149,156,28,16,10,24,0,0,0,0,0,0,static-wide-low,response-iid5,admissible
16079005,static-wide-low,static-wide-low,joint-control-iid5,joint-control-iid5,joint-control-iid5,5,30401413808,30401413808,34296230,16345885,36830,0,0,0,1,1,1,0,0,0,15,0,15,2000,0.0075,420,15,0,420,56000,0.0075,420,0,0,0,0,0,60,57,3,0,2000,0,0,0,0,0,0,0,0,0,0,NaN,NaN,NaN,NaN,1,0,0,coherence-cumulative,1,15,0,0,31474302409,NaN,0,1,4,31557610,2450,2730,5421757,6.8,6,0,0,1,1,156,149,156,28,16,10,24,0,0,0,0,0,0,static-wide-low,joint-control-iid5,admissible
16079005,static-wide-low,static-wide-low,iid-occupancy15,iid-occupancy15,iid-occupancy15,5,30401413808,21929971191,33525100,16345885,36830,0,0,0,1,1,1,0,0,0,15,0,15,2000,0.0075,420,15,0,420,56000,0.0075,420,0,0,0,0,0,60,48,12,0,2000,0,0,0,0,0,0,0,0,0,0,NaN,NaN,NaN,NaN,1,0,0,coherence-cumulative,1,15,0,0.15,31474302409,2059465,3456,1,5,31557610,2450,2730,5421757,6.8,6,0,0,1,1,156,149,156,28,16,10,24,0,0,0,0,0,0,static-wide-low,iid-occupancy15,admissible
16079005,static-wide-low,static-wide-low,directed-response-blackout,directed-response-blackout,directed-response-blackout,5,30401413808,30401413808,33525100,16345885,36830,0,0,0,1,1,1,0,0,0,15,0,15,2000,0.0075,420,15,0,420,56000,0.0075,420,0,0,0,0,0,60,60,0,0,2000,0,0,0,0,0,0,0,0,0,0,NaN,NaN,NaN,NaN,1,0,0,coherence-cumulative,1,15,0,0,31474302409,NaN,0,1,6,31557610,2450,2730,5421757,6.8,6,0,0,1,1,156,149,156,28,16,10,24,0,0,0,0,0,0,static-wide-low,directed-response-blackout,admissible
16079005,mobile-limited-low,mobile-limited-low,zero,zero,zero,5,30401413808,30401413808,33975365,16345885,36050,0,0,0,1,1,1,0,0,0,15,0,15,2000,0.0075,420,15,0,420,56000,0.0075,420,0,0,0,0,0,0,0,0,0,2000,0,0,0,0,0,0,0,0,0,0,NaN,NaN,NaN,NaN,1,0,0,coherence-cumulative,1,15,0,0,31474302409,NaN,0,2,1,31557610,2450,2450,6192576,6.8,6,0,0,1,1,156,149,156,28,16,10,24,0,0,0,0,0,0,mobile-limited-low,zero,admissible
16079005,mobile-limited-low,mobile-limited-low,claim-iid5,claim-iid5,claim-iid5,5,30401413808,30401413808,34360930,16345885,36050,0,0,0,1,1,1,0,0,0,15,0,15,2000,0.0075,420,15,0,420,56000,0.0075,420,0,0,0,0,0,0,0,0,0,2000,0,0,0,0,0,0,0,0,0,0,NaN,NaN,NaN,NaN,1,0,0,coherence-cumulative,1,15,0,0,31474302409,NaN,0,2,2,31557610,2450,2450,6192576,6.8,6,0,0,1,1,156,149,156,28,16,10,24,0,0,0,0,0,0,mobile-limited-low,claim-iid5,admissible
16079005,mobile-limited-low,mobile-limited-low,response-iid5,response-iid5,response-iid5,5,30401413808,30401413808,34360930,16345885,36050,0,0,0,1,1,1,0,0,0,15,0,15,2000,0.0075,420,15,0,420,56000,0.0075,420,0,0,0,0,0,0,0,0,0,2000,0,0,0,0,0,0,0,0,0,0,NaN,NaN,NaN,NaN,1,0,0,coherence-cumulative,1,15,0,0,31474302409,NaN,0,2,3,31557610,2450,2450,6192576,6.8,6,0,0,1,1,156,149,156,28,16,10,24,0,0,0,0,0,0,mobile-limited-low,response-iid5,admissible
16079005,mobile-limited-low,mobile-limited-low,joint-control-iid5,joint-control-iid5,joint-control-iid5,5,30401413808,30401413808,34746495,16345885,36050,0,0,0,1,1,1,0,0,0,15,0,15,2000,0.0075,420,15,0,420,56000,0.0075,420,0,0,0,0,0,0,0,0,0,2000,0,0,0,0,0,0,0,0,0,0,NaN,NaN,NaN,NaN,1,0,0,coherence-cumulative,1,15,0,0,31474302409,NaN,0,2,4,31557610,2450,2450,6192576,6.8,6,0,0,1,1,156,149,156,28,16,10,24,0,0,0,0,0,0,mobile-limited-low,joint-control-iid5,admissible
16079005,mobile-limited-low,mobile-limited-low,iid-occupancy15,iid-occupancy15,iid-occupancy15,5,30401413808,21929971191,33975365,16345885,36050,0,0,0,1,1,1,0,0,0,15,0,15,2000,0.0075,420,15,0,420,56000,0.0075,420,0,0,0,0,0,0,0,0,0,2000,0,0,0,0,0,0,0,0,0,0,NaN,NaN,NaN,NaN,1,0,0,coherence-cumulative,1,15,0,0.15,31474302409,2059465,3456,2,5,31557610,2450,2450,6192576,6.8,6,0,0,1,1,156,149,156,28,16,10,24,0,0,0,0,0,0,mobile-limited-low,iid-occupancy15,admissible
16079005,mobile-limited-low,mobile-limited-low,directed-response-blackout,directed-response-blackout,directed-response-blackout,5,30401413808,30401413808,33975365,16345885,36050,0,0,0,1,1,1,0,0,0,15,0,15,2000,0.0075,420,15,0,420,56000,0.0075,420,0,0,0,0,0,0,0,0,0,2000,0,0,0,0,0,0,0,0,0,0,NaN,NaN,NaN,NaN,1,0,0,coherence-cumulative,1,15,0,0,31474302409,NaN,0,2,6,31557610,2450,2450,6192576,6.8,6,0,0,1,1,156,149,156,28,16,10,24,0,0,0,0,0,0,mobile-limited-low,directed-response-blackout,admissible
16079005,mobile-limited-high,mobile-limited-high,zero,zero,zero,5,30401413808,30401413808,32652416,16345885,36050,0,0,0,1,1,1,0,0,0,15,0,15,2000,0.0075,420,15,0,420,56000,0.0075,420,0,0,0,0,0,0,0,0,0,2000,0,0,0,0,0,0,0,0,0,0,NaN,NaN,NaN,NaN,1,0,0,coherence-cumulative,1,15,0,0,31474302409,NaN,0,3,1,31557610,2450,2450,4797640,6.8,6,0,0,1,1,156,149,156,28,16,10,24,0,0,0,0,0,0,mobile-limited-high,zero,admissible
16079005,mobile-limited-high,mobile-limited-high,claim-iid5,claim-iid5,claim-iid5,5,30401413808,30401413808,33037981,16345885,36050,0,0,0,1,1,1,0,0,0,15,0,15,2000,0.0075,420,15,0,420,56000,0.0075,420,0,0,0,0,0,0,0,0,0,2000,0,0,0,0,0,0,0,0,0,0,NaN,NaN,NaN,NaN,1,0,0,coherence-cumulative,1,15,0,0,31474302409,NaN,0,3,2,31557610,2450,2450,4797640,6.8,6,0,0,1,1,156,149,156,28,16,10,24,0,0,0,0,0,0,mobile-limited-high,claim-iid5,admissible
16079005,mobile-limited-high,mobile-limited-high,response-iid5,response-iid5,response-iid5,5,30401413808,30401413808,33037981,16345885,36050,0,0,0,1,1,1,0,0,0,15,0,15,2000,0.0075,420,15,0,420,56000,0.0075,420,0,0,0,0,0,0,0,0,0,2000,0,0,0,0,0,0,0,0,0,0,NaN,NaN,NaN,NaN,1,0,0,coherence-cumulative,1,15,0,0,31474302409,NaN,0,3,3,31557610,2450,2450,4797640,6.8,6,0,0,1,1,156,149,156,28,16,10,24,0,0,0,0,0,0,mobile-limited-high,response-iid5,admissible
16079005,mobile-limited-high,mobile-limited-high,joint-control-iid5,joint-control-iid5,joint-control-iid5,5,30401413808,30401413808,33423546,16345885,36050,0,0,0,1,1,1,0,0,0,15,0,15,2000,0.0075,420,15,0,420,56000,0.0075,420,0,0,0,0,0,0,0,0,0,2000,0,0,0,0,0,0,0,0,0,0,NaN,NaN,NaN,NaN,1,0,0,coherence-cumulative,1,15,0,0,31474302409,NaN,0,3,4,31557610,2450,2450,4797640,6.8,6,0,0,1,1,156,149,156,28,16,10,24,0,0,0,0,0,0,mobile-limited-high,joint-control-iid5,admissible
16079005,mobile-limited-high,mobile-limited-high,iid-occupancy15,iid-occupancy15,iid-occupancy15,5,30401413808,21929971191,32652416,16345885,36050,0,0,0,1,1,1,0,0,0,15,0,15,2000,0.0075,420,15,0,420,56000,0.0075,420,0,0,0,0,0,0,0,0,0,2000,0,0,0,0,0,0,0,0,0,0,NaN,NaN,NaN,NaN,1,0,0,coherence-cumulative,1,15,0,0.15,31474302409,2059465,3456,3,5,31557610,2450,2450,4797640,6.8,6,0,0,1,1,156,149,156,28,16,10,24,0,0,0,0,0,0,mobile-limited-high,iid-occupancy15,admissible
16079005,mobile-limited-high,mobile-limited-high,directed-response-blackout,directed-response-blackout,directed-response-blackout,5,30401413808,30401413808,32652416,16345885,36050,0,0,0,1,1,1,0,0,0,15,0,15,2000,0.0075,420,15,0,420,56000,0.0075,420,0,0,0,0,0,0,0,0,0,2000,0,0,0,0,0,0,0,0,0,0,NaN,NaN,NaN,NaN,1,0,0,coherence-cumulative,1,15,0,0,31474302409,NaN,0,3,6,31557610,2450,2450,4797640,6.8,6,0,0,1,1,156,149,156,28,16,10,24,0,0,0,0,0,0,mobile-limited-high,directed-response-blackout,admissible
16079005,static-wide-low,static-wide-low,zero,zero,zero,10,113250135313,113250135313,33143545,65840069,593456,2,0,1,1,1,1,0,0,0,60,12,72,4800,0.015,1680,72,312,1992,132800,0.015,1992,12,12,0,0,0,648,648,0,0,4000,0,1600,1600,0,0,0,0,0,0,0,NaN,NaN,NaN,NaN,1,0,0,coherence-cumulative,1,60,0,0,31562147607,NaN,0,1,1,65463227,36245,40685,5296300,6.8,6,2,0,1,1,82,75,82,28,16,10,24,26,0,0,0,0,0,static-wide-low,zero,admissible
16079005,static-wide-low,static-wide-low,claim-iid5,claim-iid5,claim-iid5,10,113250135313,113250135313,33529110,65836559,593456,2,0,1,1,2,0.99975,0,0,0,66,15,81,4800,0.016875,1848,72,390,2238,132800,0.0168524096385542,1992,14,15,4,0,0,729,704,25,0,3999,1,1599,1599,0,0,1,1,0,0,1,NaN,NaN,NaN,NaN,1,0,0,coherence-cumulative,1,62,0,0,31562147607,NaN,0,1,2,65463227,36245,40685,5296300,6.8,6,2,0,1,1,82,75,82,28,16,10,24,26,0,0,0,0,0,static-wide-low,claim-iid5,admissible
16079005,static-wide-low,static-wide-low,response-iid5,response-iid5,response-iid5,10,113250135313,113250135313,33529110,65840069,593456,2,0,1,1,1,1,0,0,0,60,12,72,4800,0.015,1680,72,312,1992,132800,0.015,1992,12,12,0,0,0,648,645,3,0,4000,0,1600,1600,0,0,0,0,0,0,0,NaN,NaN,NaN,NaN,1,0,0,coherence-cumulative,1,60,0,0,31562147607,NaN,0,1,3,65463227,36245,40685,5296300,6.8,6,2,0,1,1,82,75,82,28,16,10,24,26,0,0,0,0,0,static-wide-low,response-iid5,admissible
16079005,static-wide-low,static-wide-low,joint-control-iid5,joint-control-iid5,joint-control-iid5,10,113250135313,113250135313,33914675,65836559,593456,2,0,1,1,2,0.99975,0,0,0,66,15,81,4800,0.016875,1848,72,390,2238,132800,0.0168524096385542,1992,14,15,4,0,0,729,701,28,0,3999,1,1599,1599,0,0,1,1,0,0,1,NaN,NaN,NaN,NaN,1,0,0,coherence-cumulative,1,62,0,0,31562147607,NaN,0,1,4,65463227,36245,40685,5296300,6.8,6,2,0,1,1,82,75,82,28,16,10,24,26,0,0,0,0,0,static-wide-low,joint-control-iid5,admissible
16079005,static-wide-low,static-wide-low,iid-occupancy15,iid-occupancy15,iid-occupancy15,10,113250135313,78631672149,33143545,65838544,593456,2,0,1,1,2,0.99975,0,0,0,79,22,101,4800,0.0210416666666667,2212,72,572,2784,132800,0.0209638554216867,1992,22,22,18,0,0,909,684,225,0,3999,0,1599,842,757,0,0,0,0,0,0,NaN,NaN,NaN,NaN,1,0,0,coherence-cumulative,1,61,0,0.15,31562147607,1256685,7099,1,5,65463227,36245,40685,5296300,6.8,6,2,0,1,1,82,75,82,28,16,10,24,26,0,0,0,0,0,static-wide-low,iid-occupancy15,admissible
16079005,static-wide-low,static-wide-low,directed-response-blackout,directed-response-blackout,directed-response-blackout,10,113250135313,93780035001,33143545,65072535,593456,2,0,1,0,NaN,0.9,0,0,0,454,406,860,4800,0.179166666666667,12712,72,10556,23268,132800,0.175210843373494,1992,406,406,399,0,0,7740,7340,400,0,3600,84,1200,1200,0,0,84,84,0,0,1,NaN,NaN,NaN,NaN,1,0,0,coherence-cumulative,1,55,1,0,31562147607,NaN,0,1,6,65463227,36245,40685,5296300,6.8,6,2,0,1,1,82,75,82,28,16,10,24,26,0,1,0,0,0,static-wide-low,directed-response-blackout,admissible
16079005,mobile-limited-low,mobile-limited-low,zero,zero,zero,10,113250135313,113250135313,32758966,65867105,570732,2,0,1,1,1,1,0,0,0,800,160,960,4800,0.2,22400,960,4160,26560,132800,0.2,26560,160,160,0,0,0,480,480,0,0,4000,0,1600,1600,0,0,0,0,0,0,0,NaN,NaN,NaN,NaN,1,0,0,coherence-cumulative,1,800,0,0,31562147607,NaN,0,2,1,65463227,36245,36245,4865643,1,3,2,0,1,1,12,5,12,28,16,10,24,26,0,0,0,0,0,mobile-limited-low,zero,admissible
16079005,mobile-limited-low,mobile-limited-low,claim-iid5,claim-iid5,claim-iid5,10,113250135313,113250135313,33144531,65867105,570732,2,0,1,1,1,1,0,0,0,806,166,972,4800,0.2025,22568,960,4316,26884,132800,0.202439759036145,26560,166,166,6,0,0,492,483,9,0,4000,0,1600,1600,0,0,0,0,0,0,0,NaN,NaN,NaN,NaN,1,0,0,coherence-cumulative,1,800,0,0,31562147607,NaN,0,2,2,65463227,36245,36245,4865643,1,3,2,0,1,1,12,5,12,28,16,10,24,26,0,0,0,0,0,mobile-limited-low,claim-iid5,admissible
16079005,mobile-limited-low,mobile-limited-low,response-iid5,response-iid5,response-iid5,10,113250135313,113250135313,33144531,65867105,570732,2,0,1,1,1,1,0,0,0,809,169,978,4800,0.20375,22652,960,4394,27046,132800,0.203659638554217,26560,169,169,9,0,0,498,489,9,0,4000,0,1600,1600,0,0,0,0,0,0,0,NaN,NaN,NaN,NaN,1,0,0,coherence-cumulative,1,800,0,0,31562147607,NaN,0,2,3,65463227,36245,36245,4865643,1,3,2,0,1,1,12,5,12,28,16,10,24,26,0,0,0,0,0,mobile-limited-low,response-iid5,admissible
16079005,mobile-limited-low,mobile-limited-low,joint-control-iid5,joint-control-iid5,joint-control-iid5,10,113250135313,113250135313,33530096,65867105,570732,2,0,1,1,1,1,0,0,0,815,175,990,4800,0.20625,22820,960,4550,27370,132800,0.206099397590361,26560,175,175,15,0,0,510,492,18,0,4000,0,1600,1600,0,0,0,0,0,0,0,NaN,NaN,NaN,NaN,1,0,0,coherence-cumulative,1,800,0,0,31562147607,NaN,0,2,4,65463227,36245,36245,4865643,1,3,2,0,1,1,12,5,12,28,16,10,24,26,0,0,0,0,0,mobile-limited-low,joint-control-iid5,admissible
16079005,mobile-limited-low,mobile-limited-low,iid-occupancy15,iid-occupancy15,iid-occupancy15,10,113250135313,78520114351,32758966,65865309,570732,2,0,1,1,2,0.99975,0,0,0,924,265,1189,4800,0.247708333333333,25872,960,6890,32762,132800,0.246701807228916,26560,265,265,126,0,0,709,512,197,0,3999,0,1599,842,757,0,0,0,0,0,0,NaN,NaN,NaN,NaN,1,0,0,coherence-cumulative,1,798,0,0.15,31562147607,1129999,7114,2,5,65463227,36245,36245,4865643,1,3,2,0,1,1,12,5,12,28,16,10,24,26,0,0,0,0,0,mobile-limited-low,iid-occupancy15,admissible
16079005,mobile-limited-low,mobile-limited-low,directed-response-blackout,directed-response-blackout,directed-response-blackout,10,113250135313,93780824201,32758966,65097091,570732,2,0,1,0,NaN,0.9,0,0,0,1120,480,1600,4800,0.333333333333333,31360,960,12480,43840,132800,0.330120481927711,26560,480,480,399,0,0,1120,720,400,0,3600,84,1200,1200,0,0,84,84,0,0,1,NaN,NaN,NaN,NaN,1,0,0,coherence-cumulative,1,721,1,0,31562147607,NaN,0,2,6,65463227,36245,36245,4865643,1,3,2,0,1,1,12,5,12,28,16,10,24,26,0,1,0,0,0,mobile-limited-low,directed-response-blackout,admissible
16079005,mobile-limited-high,mobile-limited-high,zero,zero,zero,10,113250135313,113250135313,31888254,57168250,564795,0,0,0,0,NaN,0,0,0,0,0,0,0,4000,0,0,310,0,0,112000,0,8680,0,0,0,0,0,0,0,0,0,0,753,0,0,0,0,276,276,0,0,1,NaN,NaN,NaN,NaN,1,0,0,coherence-cumulative,1,0,0,0,31562147607,NaN,0,3,1,65463227,36245,36245,4830410,0,0,0,0,1,0,0,13,20,28,16,10,24,0,0,0,0,0,0,mobile-limited-high,zero,selector-issued-no-horizon
16079005,mobile-limited-high,mobile-limited-high,claim-iid5,claim-iid5,claim-iid5,10,113250135313,113250135313,32273819,57168250,564795,0,0,0,0,NaN,0,0,0,0,0,0,0,4000,0,0,310,0,0,112000,0,8680,0,0,0,0,0,0,0,0,0,0,753,0,0,0,0,276,276,0,0,1,NaN,NaN,NaN,NaN,1,0,0,coherence-cumulative,1,0,0,0,31562147607,NaN,0,3,2,65463227,36245,36245,4830410,0,0,0,0,1,0,0,13,20,28,16,10,24,0,0,0,0,0,0,mobile-limited-high,claim-iid5,selector-issued-no-horizon
16079005,mobile-limited-high,mobile-limited-high,response-iid5,response-iid5,response-iid5,10,113250135313,113250135313,32273819,57168250,564795,0,0,0,0,NaN,0,0,0,0,0,0,0,4000,0,0,310,0,0,112000,0,8680,0,0,0,0,0,0,0,0,0,0,753,0,0,0,0,276,276,0,0,1,NaN,NaN,NaN,NaN,1,0,0,coherence-cumulative,1,0,0,0,31562147607,NaN,0,3,3,65463227,36245,36245,4830410,0,0,0,0,1,0,0,13,20,28,16,10,24,0,0,0,0,0,0,mobile-limited-high,response-iid5,selector-issued-no-horizon
16079005,mobile-limited-high,mobile-limited-high,joint-control-iid5,joint-control-iid5,joint-control-iid5,10,113250135313,113250135313,32659384,57168250,564795,0,0,0,0,NaN,0,0,0,0,0,0,0,4000,0,0,310,0,0,112000,0,8680,0,0,0,0,0,0,0,0,0,0,753,0,0,0,0,276,276,0,0,1,NaN,NaN,NaN,NaN,1,0,0,coherence-cumulative,1,0,0,0,31562147607,NaN,0,3,4,65463227,36245,36245,4830410,0,0,0,0,1,0,0,13,20,28,16,10,24,0,0,0,0,0,0,mobile-limited-high,joint-control-iid5,selector-issued-no-horizon
16079005,mobile-limited-high,mobile-limited-high,iid-occupancy15,iid-occupancy15,iid-occupancy15,10,113250135313,79065494916,31888254,57168250,564795,0,0,0,0,NaN,0,0,0,0,0,0,0,4000,0,0,310,0,0,112000,0,8680,0,0,0,0,0,0,0,0,0,0,753,0,0,0,0,276,128,148,0,1,NaN,NaN,NaN,NaN,1,0,0,coherence-cumulative,1,0,0,0.15,31562147607,1061737,6992,3,5,65463227,36245,36245,4830410,0,0,0,0,1,0,0,13,20,28,16,10,24,0,0,0,0,0,0,mobile-limited-high,iid-occupancy15,selector-issued-no-horizon
16079005,mobile-limited-high,mobile-limited-high,directed-response-blackout,directed-response-blackout,directed-response-blackout,10,113250135313,113250135313,31888254,57168250,564795,0,0,0,0,NaN,0,0,0,0,0,0,0,4000,0,0,310,0,0,112000,0,8680,0,0,0,0,0,0,0,0,0,0,753,0,0,0,0,276,276,0,0,1,NaN,NaN,NaN,NaN,1,0,0,coherence-cumulative,1,0,0,0,31562147607,NaN,0,3,6,65463227,36245,36245,4830410,0,0,0,0,1,0,0,13,20,28,16,10,24,0,0,0,0,0,0,mobile-limited-high,directed-response-blackout,selector-issued-no-horizon
16079006,static-wide-low,static-wide-low,zero,zero,zero,5,30447385458,30447385458,33337416,16345885,36830,0,0,0,1,1,1,0,0,0,15,0,15,2000,0.0075,420,15,0,420,56000,0.0075,420,0,0,0,0,0,60,60,0,0,2000,0,0,0,0,0,0,0,0,0,0,NaN,NaN,NaN,NaN,1,0,0,coherence-cumulative,1,15,0,0,31382284787,NaN,0,1,1,32561640,2450,2730,5611930,6.8,6,0,0,1,1,156,149,156,28,16,10,24,0,0,0,0,0,0,static-wide-low,zero,admissible
16079006,static-wide-low,static-wide-low,claim-iid5,claim-iid5,claim-iid5,5,30447385458,30447385458,33722981,16345885,36830,0,0,0,1,1,1,0,0,0,15,0,15,2000,0.0075,420,15,0,420,56000,0.0075,420,0,0,0,0,0,60,57,3,0,2000,0,0,0,0,0,0,0,0,0,0,NaN,NaN,NaN,NaN,1,0,0,coherence-cumulative,1,15,0,0,31382284787,NaN,0,1,2,32561640,2450,2730,5611930,6.8,6,0,0,1,1,156,149,156,28,16,10,24,0,0,0,0,0,0,static-wide-low,claim-iid5,admissible
16079006,static-wide-low,static-wide-low,response-iid5,response-iid5,response-iid5,5,30447385458,30447385458,33722981,16345885,36830,0,0,0,1,1,1,0,0,0,15,0,15,2000,0.0075,420,15,0,420,56000,0.0075,420,0,0,0,0,0,60,60,0,0,2000,0,0,0,0,0,0,0,0,0,0,NaN,NaN,NaN,NaN,1,0,0,coherence-cumulative,1,15,0,0,31382284787,NaN,0,1,3,32561640,2450,2730,5611930,6.8,6,0,0,1,1,156,149,156,28,16,10,24,0,0,0,0,0,0,static-wide-low,response-iid5,admissible
16079006,static-wide-low,static-wide-low,joint-control-iid5,joint-control-iid5,joint-control-iid5,5,30447385458,30447385458,34108546,16345885,36830,0,0,0,1,1,1,0,0,0,15,0,15,2000,0.0075,420,15,0,420,56000,0.0075,420,0,0,0,0,0,60,57,3,0,2000,0,0,0,0,0,0,0,0,0,0,NaN,NaN,NaN,NaN,1,0,0,coherence-cumulative,1,15,0,0,31382284787,NaN,0,1,4,32561640,2450,2730,5611930,6.8,6,0,0,1,1,156,149,156,28,16,10,24,0,0,0,0,0,0,static-wide-low,joint-control-iid5,admissible
16079006,static-wide-low,static-wide-low,iid-occupancy15,iid-occupancy15,iid-occupancy15,5,30447385458,21858020585,33337416,16345885,36830,0,0,0,1,1,1,0,0,0,15,0,15,2000,0.0075,420,15,0,420,56000,0.0075,420,0,0,0,0,0,60,44,16,0,2000,0,0,0,0,0,0,0,0,0,0,NaN,NaN,NaN,NaN,1,0,0,coherence-cumulative,1,15,0,0.15,31382284787,1843358,3513,1,5,32561640,2450,2730,5611930,6.8,6,0,0,1,1,156,149,156,28,16,10,24,0,0,0,0,0,0,static-wide-low,iid-occupancy15,admissible
16079006,static-wide-low,static-wide-low,directed-response-blackout,directed-response-blackout,directed-response-blackout,5,30447385458,30447385458,33337416,16345885,36830,0,0,0,1,1,1,0,0,0,15,0,15,2000,0.0075,420,15,0,420,56000,0.0075,420,0,0,0,0,0,60,60,0,0,2000,0,0,0,0,0,0,0,0,0,0,NaN,NaN,NaN,NaN,1,0,0,coherence-cumulative,1,15,0,0,31382284787,NaN,0,1,6,32561640,2450,2730,5611930,6.8,6,0,0,1,1,156,149,156,28,16,10,24,0,0,0,0,0,0,static-wide-low,directed-response-blackout,admissible
16079006,mobile-limited-low,mobile-limited-low,zero,zero,zero,5,30447385458,30447385458,32532648,16345885,36050,0,0,0,1,1,1,0,0,0,15,0,15,2000,0.0075,420,15,0,420,56000,0.0075,420,0,0,0,0,0,0,0,0,0,2000,0,0,0,0,0,0,0,0,0,0,NaN,NaN,NaN,NaN,1,0,0,coherence-cumulative,1,15,0,0,31382284787,NaN,0,2,1,32561640,2450,2450,5806077,6.8,6,0,0,1,1,156,149,156,28,16,10,24,0,0,0,0,0,0,mobile-limited-low,zero,admissible
16079006,mobile-limited-low,mobile-limited-low,claim-iid5,claim-iid5,claim-iid5,5,30447385458,30447385458,32918213,16345885,36050,0,0,0,1,1,1,0,0,0,15,0,15,2000,0.0075,420,15,0,420,56000,0.0075,420,0,0,0,0,0,0,0,0,0,2000,0,0,0,0,0,0,0,0,0,0,NaN,NaN,NaN,NaN,1,0,0,coherence-cumulative,1,15,0,0,31382284787,NaN,0,2,2,32561640,2450,2450,5806077,6.8,6,0,0,1,1,156,149,156,28,16,10,24,0,0,0,0,0,0,mobile-limited-low,claim-iid5,admissible
16079006,mobile-limited-low,mobile-limited-low,response-iid5,response-iid5,response-iid5,5,30447385458,30447385458,32918213,16345885,36050,0,0,0,1,1,1,0,0,0,15,0,15,2000,0.0075,420,15,0,420,56000,0.0075,420,0,0,0,0,0,0,0,0,0,2000,0,0,0,0,0,0,0,0,0,0,NaN,NaN,NaN,NaN,1,0,0,coherence-cumulative,1,15,0,0,31382284787,NaN,0,2,3,32561640,2450,2450,5806077,6.8,6,0,0,1,1,156,149,156,28,16,10,24,0,0,0,0,0,0,mobile-limited-low,response-iid5,admissible
16079006,mobile-limited-low,mobile-limited-low,joint-control-iid5,joint-control-iid5,joint-control-iid5,5,30447385458,30447385458,33303778,16345885,36050,0,0,0,1,1,1,0,0,0,15,0,15,2000,0.0075,420,15,0,420,56000,0.0075,420,0,0,0,0,0,0,0,0,0,2000,0,0,0,0,0,0,0,0,0,0,NaN,NaN,NaN,NaN,1,0,0,coherence-cumulative,1,15,0,0,31382284787,NaN,0,2,4,32561640,2450,2450,5806077,6.8,6,0,0,1,1,156,149,156,28,16,10,24,0,0,0,0,0,0,mobile-limited-low,joint-control-iid5,admissible
16079006,mobile-limited-low,mobile-limited-low,iid-occupancy15,iid-occupancy15,iid-occupancy15,5,30447385458,21858020585,32532648,16345885,36050,0,0,0,1,1,1,0,0,0,15,0,15,2000,0.0075,420,15,0,420,56000,0.0075,420,0,0,0,0,0,0,0,0,0,2000,0,0,0,0,0,0,0,0,0,0,NaN,NaN,NaN,NaN,1,0,0,coherence-cumulative,1,15,0,0.15,31382284787,1843358,3513,2,5,32561640,2450,2450,5806077,6.8,6,0,0,1,1,156,149,156,28,16,10,24,0,0,0,0,0,0,mobile-limited-low,iid-occupancy15,admissible
16079006,mobile-limited-low,mobile-limited-low,directed-response-blackout,directed-response-blackout,directed-response-blackout,5,30447385458,30447385458,32532648,16345885,36050,0,0,0,1,1,1,0,0,0,15,0,15,2000,0.0075,420,15,0,420,56000,0.0075,420,0,0,0,0,0,0,0,0,0,2000,0,0,0,0,0,0,0,0,0,0,NaN,NaN,NaN,NaN,1,0,0,coherence-cumulative,1,15,0,0,31382284787,NaN,0,2,6,32561640,2450,2450,5806077,6.8,6,0,0,1,1,156,149,156,28,16,10,24,0,0,0,0,0,0,mobile-limited-low,directed-response-blackout,admissible
16079006,mobile-limited-high,mobile-limited-high,zero,zero,zero,5,30447385458,30447385458,33379589,16345885,36050,0,0,0,1,1,1,0,0,0,15,0,15,2000,0.0075,420,15,0,420,56000,0.0075,420,0,0,0,0,0,0,0,0,0,2000,0,0,0,0,0,0,0,0,0,0,NaN,NaN,NaN,NaN,1,0,0,coherence-cumulative,1,15,0,0,31382284787,NaN,0,3,1,32561640,2450,2450,5496086,6.8,6,0,0,1,1,156,149,156,28,16,10,24,0,0,0,0,0,0,mobile-limited-high,zero,admissible
16079006,mobile-limited-high,mobile-limited-high,claim-iid5,claim-iid5,claim-iid5,5,30447385458,30447385458,33765154,16345885,36050,0,0,0,1,1,1,0,0,0,15,0,15,2000,0.0075,420,15,0,420,56000,0.0075,420,0,0,0,0,0,0,0,0,0,2000,0,0,0,0,0,0,0,0,0,0,NaN,NaN,NaN,NaN,1,0,0,coherence-cumulative,1,15,0,0,31382284787,NaN,0,3,2,32561640,2450,2450,5496086,6.8,6,0,0,1,1,156,149,156,28,16,10,24,0,0,0,0,0,0,mobile-limited-high,claim-iid5,admissible
16079006,mobile-limited-high,mobile-limited-high,response-iid5,response-iid5,response-iid5,5,30447385458,30447385458,33765154,16345885,36050,0,0,0,1,1,1,0,0,0,15,0,15,2000,0.0075,420,15,0,420,56000,0.0075,420,0,0,0,0,0,0,0,0,0,2000,0,0,0,0,0,0,0,0,0,0,NaN,NaN,NaN,NaN,1,0,0,coherence-cumulative,1,15,0,0,31382284787,NaN,0,3,3,32561640,2450,2450,5496086,6.8,6,0,0,1,1,156,149,156,28,16,10,24,0,0,0,0,0,0,mobile-limited-high,response-iid5,admissible
16079006,mobile-limited-high,mobile-limited-high,joint-control-iid5,joint-control-iid5,joint-control-iid5,5,30447385458,30447385458,34150719,16345885,36050,0,0,0,1,1,1,0,0,0,15,0,15,2000,0.0075,420,15,0,420,56000,0.0075,420,0,0,0,0,0,0,0,0,0,2000,0,0,0,0,0,0,0,0,0,0,NaN,NaN,NaN,NaN,1,0,0,coherence-cumulative,1,15,0,0,31382284787,NaN,0,3,4,32561640,2450,2450,5496086,6.8,6,0,0,1,1,156,149,156,28,16,10,24,0,0,0,0,0,0,mobile-limited-high,joint-control-iid5,admissible
16079006,mobile-limited-high,mobile-limited-high,iid-occupancy15,iid-occupancy15,iid-occupancy15,5,30447385458,21858020585,33379589,16345885,36050,0,0,0,1,1,1,0,0,0,15,0,15,2000,0.0075,420,15,0,420,56000,0.0075,420,0,0,0,0,0,0,0,0,0,2000,0,0,0,0,0,0,0,0,0,0,NaN,NaN,NaN,NaN,1,0,0,coherence-cumulative,1,15,0,0.15,31382284787,1843358,3513,3,5,32561640,2450,2450,5496086,6.8,6,0,0,1,1,156,149,156,28,16,10,24,0,0,0,0,0,0,mobile-limited-high,iid-occupancy15,admissible
16079006,mobile-limited-high,mobile-limited-high,directed-response-blackout,directed-response-blackout,directed-response-blackout,5,30447385458,30447385458,33379589,16345885,36050,0,0,0,1,1,1,0,0,0,15,0,15,2000,0.0075,420,15,0,420,56000,0.0075,420,0,0,0,0,0,0,0,0,0,2000,0,0,0,0,0,0,0,0,0,0,NaN,NaN,NaN,NaN,1,0,0,coherence-cumulative,1,15,0,0,31382284787,NaN,0,3,6,32561640,2450,2450,5496086,6.8,6,0,0,1,1,156,149,156,28,16,10,24,0,0,0,0,0,0,mobile-limited-high,directed-response-blackout,admissible
16079006,static-wide-low,static-wide-low,zero,zero,zero,10,113225220872,113225220872,33232964,66902027,629502,6,0,1,1,1,1,0,0,0,60,36,96,6400,0.015,1680,96,936,2616,174400,0.015,2616,36,36,0,6,0,864,864,0,0,4000,0,4800,4800,0,0,0,0,0,0,0,NaN,NaN,NaN,NaN,1,0,0,coherence-cumulative,1,60,0,0,31411200843,NaN,0,1,1,69542414,36536,40685,7429682,6.8,6,6,0,1,1,74,67,74,28,16,10,24,26,0,0,0,0,0,static-wide-low,zero,admissible
16079006,static-wide-low,static-wide-low,claim-iid5,claim-iid5,claim-iid5,10,113225220872,113225220872,33618529,66902275,629502,6,0,1,1,1,1,0,0,0,65,44,109,6400,0.01703125,1820,96,1144,2964,174400,0.0169954128440367,2616,44,44,3,8,0,981,953,28,0,4000,0,4800,4800,0,0,0,0,0,0,0,NaN,NaN,NaN,NaN,1,0,0,coherence-cumulative,1,62,0,0,31411200843,NaN,0,1,2,69542414,36536,40685,7429682,6.8,6,6,0,1,1,74,67,74,28,16,10,24,26,0,0,0,0,0,static-wide-low,claim-iid5,admissible
16079006,static-wide-low,static-wide-low,response-iid5,response-iid5,response-iid5,10,113225220872,113225220872,33618529,66902027,629502,6,0,1,1,1,1,0,0,0,63,42,105,6400,0.01640625,1764,96,1092,2856,174400,0.0163761467889908,2616,42,42,3,7,0,945,919,26,0,4000,0,4800,4800,0,0,0,0,0,0,0,NaN,NaN,NaN,NaN,1,0,0,coherence-cumulative,1,60,0,0,31411200843,NaN,0,1,3,69542414,36536,40685,7429682,6.8,6,6,0,1,1,74,67,74,28,16,10,24,26,0,0,0,0,0,static-wide-low,response-iid5,admissible
16079006,static-wide-low,static-wide-low,joint-control-iid5,joint-control-iid5,joint-control-iid5,10,113225220872,113225220872,34004094,66902155,629502,6,0,1,1,1,1,0,0,0,67,48,115,6400,0.01796875,1876,96,1248,3124,174400,0.0179128440366972,2616,48,48,6,8,0,1035,972,63,0,4000,0,4800,4800,0,0,0,0,0,0,0,NaN,NaN,NaN,NaN,1,0,0,coherence-cumulative,1,61,0,0,31411200843,NaN,0,1,4,69542414,36536,40685,7429682,6.8,6,6,0,1,1,74,67,74,28,16,10,24,26,0,0,0,0,0,static-wide-low,joint-control-iid5,admissible
16079006,static-wide-low,static-wide-low,iid-occupancy15,iid-occupancy15,iid-occupancy15,10,113225220872,75888612596,33232964,66894003,629502,6,0,1,1,3,0.999,0,0,0,103,91,194,6400,0.0303125,2884,96,2366,5250,174400,0.0301032110091743,2616,89,91,40,20,0,1746,1278,468,0,3996,3,4792,2498,2294,0,6,6,0,0,1,NaN,NaN,NaN,NaN,1,0,0,coherence-cumulative,1,63,0,0.15,31411200843,1461920,7611,1,5,69542414,36536,40685,7429682,6.8,6,6,0,1,1,74,67,74,28,16,10,24,26,0,0,0,0,0,static-wide-low,iid-occupancy15,admissible
16079006,static-wide-low,static-wide-low,directed-response-blackout,directed-response-blackout,directed-response-blackout,10,113225220872,93958084256,33232964,66275722,629502,6,0,1,0,NaN,0.9,0,0,0,454,824,1278,6400,0.1996875,12712,96,21424,34136,174400,0.195733944954128,2616,824,824,399,6,0,11502,11102,400,0,3600,78,4000,4000,0,0,156,156,0,0,1,NaN,NaN,NaN,NaN,1,0,0,coherence-cumulative,1,55,1,0,31411200843,NaN,0,1,6,69542414,36536,40685,7429682,6.8,6,6,0,1,1,74,67,74,28,16,10,24,26,0,1,0,0,0,static-wide-low,directed-response-blackout,admissible
16079006,mobile-limited-low,mobile-limited-low,zero,zero,zero,10,113225220872,113225220872,32389461,67008907,592046,6,0,1,1,1,1,0,0,0,1340,804,2144,6400,0.335,37520,2144,20904,58424,174400,0.335,58424,804,804,0,268,0,3216,3216,0,0,4000,0,4800,4800,0,0,0,0,0,0,0,NaN,NaN,NaN,NaN,1,0,0,coherence-cumulative,1,1340,0,0,31411200843,NaN,0,2,1,69542414,36536,36536,7650340,1,3,6,0,1,1,10,3,10,28,16,10,24,26,0,0,0,0,0,mobile-limited-low,zero,admissible
16079006,mobile-limited-low,mobile-limited-low,claim-iid5,claim-iid5,claim-iid5,10,113225220872,113225220872,32775026,67012994,592046,6,0,1,1,1,1,0,0,0,1423,937,2360,6400,0.36875,39844,2144,24362,64206,174400,0.368153669724771,58424,937,937,52,318,0,3648,3568,80,0,4000,0,4800,4800,0,0,0,0,0,0,0,NaN,NaN,NaN,NaN,1,0,0,coherence-cumulative,1,1371,0,0,31411200843,NaN,0,2,2,69542414,36536,36536,7650340,1,3,6,0,1,1,10,3,10,28,16,10,24,26,0,0,0,0,0,mobile-limited-low,claim-iid5,admissible
16079006,mobile-limited-low,mobile-limited-low,response-iid5,response-iid5,response-iid5,10,113225220872,113225220872,32775026,67008657,592046,6,0,1,1,1,1,0,0,0,1393,908,2301,6400,0.35953125,39004,2144,23608,62612,174400,0.35901376146789,58424,908,908,53,305,0,3530,3452,78,0,4000,0,4800,4800,0,0,0,0,0,0,0,NaN,NaN,NaN,NaN,1,0,0,coherence-cumulative,1,1340,1,0,31411200843,NaN,0,2,3,69542414,36536,36536,7650340,1,3,6,0,1,1,10,3,10,28,16,10,24,26,0,0,0,0,0,mobile-limited-low,response-iid5,admissible
16079006,mobile-limited-low,mobile-limited-low,joint-control-iid5,joint-control-iid5,joint-control-iid5,10,113225220872,113225220872,33160591,67012609,592046,6,0,1,1,1,1,0,0,0,1478,1035,2513,6400,0.39265625,41384,2144,26910,68294,174400,0.391594036697248,58424,1035,1035,108,351,0,3954,3779,175,0,4000,0,4800,4800,0,0,0,0,0,0,0,NaN,NaN,NaN,NaN,1,0,0,coherence-cumulative,1,1370,1,0,31411200843,NaN,0,2,4,69542414,36536,36536,7650340,1,3,6,0,1,1,10,3,10,28,16,10,24,26,0,0,0,0,0,mobile-limited-low,joint-control-iid5,admissible
16079006,mobile-limited-low,mobile-limited-low,iid-occupancy15,iid-occupancy15,iid-occupancy15,10,113225220872,75873711331,32389461,67001988,592046,6,0,1,1,3,0.999,0,0,0,1924,1617,3541,6400,0.55328125,53872,2144,42042,95914,174400,0.549965596330275,58424,1615,1617,570,587,0,6010,4502,1508,0,3996,3,4792,2498,2294,0,6,6,0,0,1,NaN,NaN,NaN,NaN,1,0,0,coherence-cumulative,1,1354,2,0.15,31411200843,740544,7610,2,5,69542414,36536,36536,7650340,1,3,6,0,1,1,10,3,10,28,16,10,24,26,0,0,0,0,0,mobile-limited-low,iid-occupancy15,admissible
16079006,mobile-limited-low,mobile-limited-low,directed-response-blackout,directed-response-blackout,directed-response-blackout,10,113225220872,93958084256,32389461,66367242,592046,6,0,1,0,NaN,0.9,0,0,0,1606,1336,2942,6400,0.4596875,44968,2144,34736,79704,174400,0.457018348623853,58424,1336,1336,399,534,0,4812,4412,400,0,3600,78,4000,4000,0,0,156,156,0,0,1,NaN,NaN,NaN,NaN,1,0,0,coherence-cumulative,1,1207,1,0,31411200843,NaN,0,2,6,69542414,36536,36536,7650340,1,3,6,0,1,1,10,3,10,28,16,10,24,26,0,1,0,0,0,mobile-limited-low,directed-response-blackout,admissible
16079006,mobile-limited-high,mobile-limited-high,zero,zero,zero,10,113225220872,113225220872,33360126,57168250,565886,0,0,0,0,NaN,0,0,0,48,0,0,0,4000,0,0,310,0,0,112000,0,8680,0,0,0,0,0,0,0,0,0,0,766,0,0,0,0,842,746,0,96,1,NaN,NaN,NaN,NaN,1,0,0,coherence-cumulative,1,0,0,0,31411200843,NaN,0,3,1,69542414,36536,36536,4162338,0.5,2,6,0,1,0,0,13,20,28,16,10,24,0,0,0,0,0,0,mobile-limited-high,zero,horizon-shorter-than-renewal-slack
16079006,mobile-limited-high,mobile-limited-high,claim-iid5,claim-iid5,claim-iid5,10,113225220872,113225220872,33745691,57168250,565886,0,0,0,0,NaN,0,0,0,48,0,0,0,4000,0,0,310,0,0,112000,0,8680,0,0,0,0,0,0,0,0,0,0,766,0,0,0,0,842,746,0,96,1,NaN,NaN,NaN,NaN,1,0,0,coherence-cumulative,1,0,0,0,31411200843,NaN,0,3,2,69542414,36536,36536,4162338,0.5,2,6,0,1,0,0,13,20,28,16,10,24,0,0,0,0,0,0,mobile-limited-high,claim-iid5,horizon-shorter-than-renewal-slack
16079006,mobile-limited-high,mobile-limited-high,response-iid5,response-iid5,response-iid5,10,113225220872,113225220872,33745691,57168250,565886,0,0,0,0,NaN,0,0,0,48,0,0,0,4000,0,0,310,0,0,112000,0,8680,0,0,0,0,0,0,0,0,0,0,766,0,0,0,0,842,746,0,96,1,NaN,NaN,NaN,NaN,1,0,0,coherence-cumulative,1,0,0,0,31411200843,NaN,0,3,3,69542414,36536,36536,4162338,0.5,2,6,0,1,0,0,13,20,28,16,10,24,0,0,0,0,0,0,mobile-limited-high,response-iid5,horizon-shorter-than-renewal-slack
16079006,mobile-limited-high,mobile-limited-high,joint-control-iid5,joint-control-iid5,joint-control-iid5,10,113225220872,113225220872,34131256,57168250,565886,0,0,0,0,NaN,0,0,0,48,0,0,0,4000,0,0,310,0,0,112000,0,8680,0,0,0,0,0,0,0,0,0,0,766,0,0,0,0,842,746,0,96,1,NaN,NaN,NaN,NaN,1,0,0,coherence-cumulative,1,0,0,0,31411200843,NaN,0,3,4,69542414,36536,36536,4162338,0.5,2,6,0,1,0,0,13,20,28,16,10,24,0,0,0,0,0,0,mobile-limited-high,joint-control-iid5,horizon-shorter-than-renewal-slack
16079006,mobile-limited-high,mobile-limited-high,iid-occupancy15,iid-occupancy15,iid-occupancy15,10,113225220872,80680714345,33360126,57168250,565886,0,0,0,0,NaN,0,0,0,48,0,0,0,4000,0,0,310,0,0,112000,0,8680,0,0,0,0,0,0,0,0,0,0,766,0,0,0,0,842,396,350,96,1,NaN,NaN,NaN,NaN,1,0,0,coherence-cumulative,1,0,0,0.15,31411200843,1393228,6668,3,5,69542414,36536,36536,4162338,0.5,2,6,0,1,0,0,13,20,28,16,10,24,0,0,0,0,0,0,mobile-limited-high,iid-occupancy15,horizon-shorter-than-renewal-slack
16079006,mobile-limited-high,mobile-limited-high,directed-response-blackout,directed-response-blackout,directed-response-blackout,10,113225220872,113225220872,33360126,57168250,565886,0,0,0,0,NaN,0,0,0,48,0,0,0,4000,0,0,310,0,0,112000,0,8680,0,0,0,0,0,0,0,0,0,0,766,0,0,0,0,842,746,0,96,1,NaN,NaN,NaN,NaN,1,0,0,coherence-cumulative,1,0,0,0,31411200843,NaN,0,3,6,69542414,36536,36536,4162338,0.5,2,6,0,1,0,0,13,20,28,16,10,24,0,0,0,0,0,0,mobile-limited-high,directed-response-blackout,horizon-shorter-than-renewal-slack
16079007,static-wide-low,static-wide-low,zero,zero,zero,5,30501458722,30501458722,33140911,16471445,37918,1,0,1,1,1,1,0,0,0,15,3,18,2400,0.0075,420,18,78,498,66400,0.0075,498,3,3,0,0,0,72,72,0,0,2000,0,800,800,0,0,0,0,0,0,0,NaN,NaN,NaN,NaN,1,0,0,coherence-cumulative,1,15,0,0,31442349424,NaN,0,1,1,33982179,2484,2730,5112245,6.8,6,1,0,1,1,148,141,148,28,16,10,24,26,0,0,0,0,0,static-wide-low,zero,admissible
16079007,static-wide-low,static-wide-low,claim-iid5,claim-iid5,claim-iid5,5,30501458722,30501458722,33526476,16471445,37918,1,0,1,1,1,1,0,0,0,15,3,18,2400,0.0075,420,18,78,498,66400,0.0075,498,3,3,0,0,0,72,69,3,0,2000,0,800,800,0,0,0,0,0,0,0,NaN,NaN,NaN,NaN,1,0,0,coherence-cumulative,1,15,0,0,31442349424,NaN,0,1,2,33982179,2484,2730,5112245,6.8,6,1,0,1,1,148,141,148,28,16,10,24,26,0,0,0,0,0,static-wide-low,claim-iid5,admissible
16079007,static-wide-low,static-wide-low,response-iid5,response-iid5,response-iid5,5,30501458722,30501458722,33526476,16471445,37918,1,0,1,1,1,1,0,0,0,15,3,18,2400,0.0075,420,18,78,498,66400,0.0075,498,3,3,0,0,0,72,72,0,0,2000,0,800,800,0,0,0,0,0,0,0,NaN,NaN,NaN,NaN,1,0,0,coherence-cumulative,1,15,0,0,31442349424,NaN,0,1,3,33982179,2484,2730,5112245,6.8,6,1,0,1,1,148,141,148,28,16,10,24,26,0,0,0,0,0,static-wide-low,response-iid5,admissible
16079007,static-wide-low,static-wide-low,joint-control-iid5,joint-control-iid5,joint-control-iid5,5,30501458722,30501458722,33912041,16471445,37918,1,0,1,1,1,1,0,0,0,15,3,18,2400,0.0075,420,18,78,498,66400,0.0075,498,3,3,0,0,0,72,69,3,0,2000,0,800,800,0,0,0,0,0,0,0,NaN,NaN,NaN,NaN,1,0,0,coherence-cumulative,1,15,0,0,31442349424,NaN,0,1,4,33982179,2484,2730,5112245,6.8,6,1,0,1,1,148,141,148,28,16,10,24,26,0,0,0,0,0,static-wide-low,joint-control-iid5,admissible
16079007,static-wide-low,static-wide-low,iid-occupancy15,iid-occupancy15,iid-occupancy15,5,30501458722,21840724679,33140911,16471445,37918,1,0,1,1,1,1,0,0,0,22,7,29,2400,0.0120833333333333,616,18,182,798,66400,0.0120180722891566,498,7,7,7,0,0,116,92,24,0,2000,0,800,431,369,0,0,0,0,0,0,NaN,NaN,NaN,NaN,1,0,0,coherence-cumulative,1,15,0,0.15,31442349424,1727099,3524,1,5,33982179,2484,2730,5112245,6.8,6,1,0,1,1,148,141,148,28,16,10,24,26,0,0,0,0,0,static-wide-low,iid-occupancy15,admissible
16079007,static-wide-low,static-wide-low,directed-response-blackout,directed-response-blackout,directed-response-blackout,5,30501458722,25663457781,33140911,15887771,37918,1,0,1,0,NaN,0.8,0,0,0,412,400,812,2400,0.338333333333333,11536,18,10400,21936,66400,0.330361445783133,498,400,400,399,0,0,3248,2848,400,0,1600,154,400,400,0,0,154,154,0,0,1,NaN,NaN,NaN,NaN,1,0,0,coherence-cumulative,1,13,1,0,31442349424,NaN,0,1,6,33982179,2484,2730,5112245,6.8,6,1,0,1,1,148,141,148,28,16,10,24,26,0,1,0,0,0,static-wide-low,directed-response-blackout,admissible
16079007,mobile-limited-low,mobile-limited-low,zero,zero,zero,5,30501458722,30501458722,32824173,16473959,36938,1,0,1,1,1,1,0,0,0,145,29,174,2400,0.0725,4060,174,754,4814,66400,0.0725,4814,29,29,0,0,0,87,87,0,0,2000,0,800,800,0,0,0,0,0,0,0,NaN,NaN,NaN,NaN,1,0,0,coherence-cumulative,1,145,0,0,31442349424,NaN,0,2,1,33982179,2484,2484,5029985,1,3,1,0,1,1,21,14,21,28,16,10,24,26,0,0,0,0,0,mobile-limited-low,zero,admissible
16079007,mobile-limited-low,mobile-limited-low,claim-iid5,claim-iid5,claim-iid5,5,30501458722,30501458722,33209738,16473959,36938,1,0,1,1,1,1,0,0,0,145,29,174,2400,0.0725,4060,174,754,4814,66400,0.0725,4814,29,29,0,0,0,87,86,1,0,2000,0,800,800,0,0,0,0,0,0,0,NaN,NaN,NaN,NaN,1,0,0,coherence-cumulative,1,145,0,0,31442349424,NaN,0,2,2,33982179,2484,2484,5029985,1,3,1,0,1,1,21,14,21,28,16,10,24,26,0,0,0,0,0,mobile-limited-low,claim-iid5,admissible
16079007,mobile-limited-low,mobile-limited-low,response-iid5,response-iid5,response-iid5,5,30501458722,30501458722,33209738,16473959,36938,1,0,1,1,1,1,0,0,0,148,32,180,2400,0.075,4144,174,832,4976,66400,0.0749397590361446,4814,32,32,3,0,0,93,90,3,0,2000,0,800,800,0,0,0,0,0,0,0,NaN,NaN,NaN,NaN,1,0,0,coherence-cumulative,1,145,0,0,31442349424,NaN,0,2,3,33982179,2484,2484,5029985,1,3,1,0,1,1,21,14,21,28,16,10,24,26,0,0,0,0,0,mobile-limited-low,response-iid5,admissible
16079007,mobile-limited-low,mobile-limited-low,joint-control-iid5,joint-control-iid5,joint-control-iid5,5,30501458722,30501458722,33595303,16473959,36938,1,0,1,1,1,1,0,0,0,148,32,180,2400,0.075,4144,174,832,4976,66400,0.0749397590361446,4814,32,32,3,0,0,93,89,4,0,2000,0,800,800,0,0,0,0,0,0,0,NaN,NaN,NaN,NaN,1,0,0,coherence-cumulative,1,145,0,0,31442349424,NaN,0,2,4,33982179,2484,2484,5029985,1,3,1,0,1,1,21,14,21,28,16,10,24,26,0,0,0,0,0,mobile-limited-low,joint-control-iid5,admissible
16079007,mobile-limited-low,mobile-limited-low,iid-occupancy15,iid-occupancy15,iid-occupancy15,5,30501458722,21858012602,32824173,16473959,36938,1,0,1,1,1,1,0,0,0,163,45,208,2400,0.0866666666666667,4564,174,1170,5734,66400,0.086355421686747,4814,45,45,18,0,0,121,92,29,0,2000,0,800,431,369,0,0,0,0,0,0,NaN,NaN,NaN,NaN,1,0,0,coherence-cumulative,1,145,0,0.15,31442349424,1618877,3530,2,5,33982179,2484,2484,5029985,1,3,1,0,1,1,21,14,21,28,16,10,24,26,0,0,0,0,0,mobile-limited-low,iid-occupancy15,admissible
16079007,mobile-limited-low,mobile-limited-low,directed-response-blackout,directed-response-blackout,directed-response-blackout,5,30501458722,25661857781,32824173,15889773,36938,1,0,1,0,NaN,0.8,0,0,0,516,400,916,2400,0.381666666666667,14448,174,10400,24848,66400,0.37421686746988,4814,400,400,399,0,0,829,429,400,0,1600,154,400,400,0,0,154,154,0,0,1,NaN,NaN,NaN,NaN,1,0,0,coherence-cumulative,1,117,1,0,31442349424,NaN,0,2,6,33982179,2484,2484,5029985,1,3,1,0,1,1,21,14,21,28,16,10,24,26,0,1,0,0,0,mobile-limited-low,directed-response-blackout,admissible
16079007,mobile-limited-high,mobile-limited-high,zero,zero,zero,5,30501458722,30501458722,32730469,16473959,36938,1,0,1,1,1,1,0,0,0,145,29,174,2400,0.0725,4060,174,754,4814,66400,0.0725,4814,29,29,0,0,0,87,87,0,0,2000,0,800,800,0,0,0,0,0,0,0,NaN,NaN,NaN,NaN,1,0,0,coherence-cumulative,1,145,0,0,31442349424,NaN,0,3,1,33982179,2484,2484,5751726,1,3,1,0,1,1,21,14,21,28,16,10,24,26,0,0,0,0,0,mobile-limited-high,zero,admissible
16079007,mobile-limited-high,mobile-limited-high,claim-iid5,claim-iid5,claim-iid5,5,30501458722,30501458722,33116034,16473959,36938,1,0,1,1,1,1,0,0,0,145,29,174,2400,0.0725,4060,174,754,4814,66400,0.0725,4814,29,29,0,0,0,87,86,1,0,2000,0,800,800,0,0,0,0,0,0,0,NaN,NaN,NaN,NaN,1,0,0,coherence-cumulative,1,145,0,0,31442349424,NaN,0,3,2,33982179,2484,2484,5751726,1,3,1,0,1,1,21,14,21,28,16,10,24,26,0,0,0,0,0,mobile-limited-high,claim-iid5,admissible
16079007,mobile-limited-high,mobile-limited-high,response-iid5,response-iid5,response-iid5,5,30501458722,30501458722,33116034,16473959,36938,1,0,1,1,1,1,0,0,0,148,32,180,2400,0.075,4144,174,832,4976,66400,0.0749397590361446,4814,32,32,3,0,0,93,90,3,0,2000,0,800,800,0,0,0,0,0,0,0,NaN,NaN,NaN,NaN,1,0,0,coherence-cumulative,1,145,0,0,31442349424,NaN,0,3,3,33982179,2484,2484,5751726,1,3,1,0,1,1,21,14,21,28,16,10,24,26,0,0,0,0,0,mobile-limited-high,response-iid5,admissible
16079007,mobile-limited-high,mobile-limited-high,joint-control-iid5,joint-control-iid5,joint-control-iid5,5,30501458722,30501458722,33501599,16473959,36938,1,0,1,1,1,1,0,0,0,148,32,180,2400,0.075,4144,174,832,4976,66400,0.0749397590361446,4814,32,32,3,0,0,93,89,4,0,2000,0,800,800,0,0,0,0,0,0,0,NaN,NaN,NaN,NaN,1,0,0,coherence-cumulative,1,145,0,0,31442349424,NaN,0,3,4,33982179,2484,2484,5751726,1,3,1,0,1,1,21,14,21,28,16,10,24,26,0,0,0,0,0,mobile-limited-high,joint-control-iid5,admissible
16079007,mobile-limited-high,mobile-limited-high,iid-occupancy15,iid-occupancy15,iid-occupancy15,5,30501458722,21858012602,32730469,16473959,36938,1,0,1,1,1,1,0,0,0,163,45,208,2400,0.0866666666666667,4564,174,1170,5734,66400,0.086355421686747,4814,45,45,18,0,0,121,92,29,0,2000,0,800,431,369,0,0,0,0,0,0,NaN,NaN,NaN,NaN,1,0,0,coherence-cumulative,1,145,0,0.15,31442349424,1618877,3530,3,5,33982179,2484,2484,5751726,1,3,1,0,1,1,21,14,21,28,16,10,24,26,0,0,0,0,0,mobile-limited-high,iid-occupancy15,admissible
16079007,mobile-limited-high,mobile-limited-high,directed-response-blackout,directed-response-blackout,directed-response-blackout,5,30501458722,25661857781,32730469,15889773,36938,1,0,1,0,NaN,0.8,0,0,0,516,400,916,2400,0.381666666666667,14448,174,10400,24848,66400,0.37421686746988,4814,400,400,399,0,0,829,429,400,0,1600,154,400,400,0,0,154,154,0,0,1,NaN,NaN,NaN,NaN,1,0,0,coherence-cumulative,1,117,1,0,31442349424,NaN,0,3,6,33982179,2484,2484,5751726,1,3,1,0,1,1,21,14,21,28,16,10,24,26,0,1,0,0,0,mobile-limited-high,directed-response-blackout,admissible
16079007,static-wide-low,static-wide-low,zero,zero,zero,10,113144405052,113144405052,33644023,65585348,584811,1,0,1,1,1,1,0,0,0,60,6,66,4400,0.015,1680,66,156,1836,122400,0.015,1836,6,6,0,0,0,594,594,0,0,4000,0,800,800,0,0,0,0,0,0,0,NaN,NaN,NaN,NaN,1,0,0,coherence-cumulative,1,60,0,0,31418994598,NaN,0,1,1,72320103,36098,40685,6356950,6.8,6,1,0,1,1,84,77,84,28,16,10,24,26,0,0,0,0,0,static-wide-low,zero,admissible
16079007,static-wide-low,static-wide-low,claim-iid5,claim-iid5,claim-iid5,10,113144405052,113144405052,34029588,65585348,584811,1,0,1,1,1,1,0,0,0,60,6,66,4400,0.015,1680,66,156,1836,122400,0.015,1836,6,6,0,0,0,594,560,34,0,4000,0,800,800,0,0,0,0,0,0,0,NaN,NaN,NaN,NaN,1,0,0,coherence-cumulative,1,60,0,0,31418994598,NaN,0,1,2,72320103,36098,40685,6356950,6.8,6,1,0,1,1,84,77,84,28,16,10,24,26,0,0,0,0,0,static-wide-low,claim-iid5,admissible
16079007,static-wide-low,static-wide-low,response-iid5,response-iid5,response-iid5,10,113144405052,113144405052,34029588,65585348,584811,1,0,1,1,1,1,0,0,0,60,6,66,4400,0.015,1680,66,156,1836,122400,0.015,1836,6,6,0,0,0,594,591,3,0,4000,0,800,800,0,0,0,0,0,0,0,NaN,NaN,NaN,NaN,1,0,0,coherence-cumulative,1,60,0,0,31418994598,NaN,0,1,3,72320103,36098,40685,6356950,6.8,6,1,0,1,1,84,77,84,28,16,10,24,26,0,0,0,0,0,static-wide-low,response-iid5,admissible
16079007,static-wide-low,static-wide-low,joint-control-iid5,joint-control-iid5,joint-control-iid5,10,113144405052,113144405052,34415153,65585348,584811,1,0,1,1,1,1,0,0,0,60,6,66,4400,0.015,1680,66,156,1836,122400,0.015,1836,6,6,0,0,0,594,557,37,0,4000,0,800,800,0,0,0,0,0,0,0,NaN,NaN,NaN,NaN,1,0,0,coherence-cumulative,1,60,0,0,31418994598,NaN,0,1,4,72320103,36098,40685,6356950,6.8,6,1,0,1,1,84,77,84,28,16,10,24,26,0,0,0,0,0,static-wide-low,joint-control-iid5,admissible
16079007,static-wide-low,static-wide-low,iid-occupancy15,iid-occupancy15,iid-occupancy15,10,113144405052,79671878677,33644023,65583699,584811,1,0,1,1,2,0.99975,0,0,0,61,7,68,4400,0.0154545454545455,1708,66,182,1890,122400,0.0154411764705882,1836,6,7,1,0,0,612,459,153,0,3999,0,799,399,400,0,0,0,0,0,0,NaN,NaN,NaN,NaN,1,0,0,coherence-cumulative,1,60,0,0.15,31418994598,1887942,6841,1,5,72320103,36098,40685,6356950,6.8,6,1,0,1,1,84,77,84,28,16,10,24,26,0,0,0,0,0,static-wide-low,iid-occupancy15,admissible
16079007,static-wide-low,static-wide-low,directed-response-blackout,directed-response-blackout,directed-response-blackout,10,113144405052,93857208755,33644023,64822809,584811,1,0,1,0,NaN,0.9,0,0,0,454,400,854,4400,0.194090909090909,12712,66,10400,23112,122400,0.188823529411765,1836,400,400,399,0,0,7686,7286,400,0,3600,80,400,400,0,0,80,80,0,0,1,NaN,NaN,NaN,NaN,1,0,0,coherence-cumulative,1,55,1,0,31418994598,NaN,0,1,6,72320103,36098,40685,6356950,6.8,6,1,0,1,1,84,77,84,28,16,10,24,26,0,1,0,0,0,static-wide-low,directed-response-blackout,admissible
16079007,mobile-limited-low,mobile-limited-low,zero,zero,zero,10,113144405052,113144405052,33104579,65608272,566240,1,0,1,1,1,1,0,0,0,800,80,880,4400,0.2,22400,880,2080,24480,122400,0.2,24480,80,80,0,0,0,240,240,0,0,4000,0,800,800,0,0,0,0,0,0,0,NaN,NaN,NaN,NaN,1,0,0,coherence-cumulative,1,800,0,0,31418994598,NaN,0,2,1,72320103,36098,36098,6247067,1,3,1,0,1,1,12,5,12,28,16,10,24,26,0,0,0,0,0,mobile-limited-low,zero,admissible
16079007,mobile-limited-low,mobile-limited-low,claim-iid5,claim-iid5,claim-iid5,10,113144405052,113144405052,33490144,65608272,566240,1,0,1,1,1,1,0,0,0,809,88,897,4400,0.203863636363636,22652,880,2288,24940,122400,0.203758169934641,24480,88,88,9,0,0,257,245,12,0,4000,0,800,800,0,0,0,0,0,0,0,NaN,NaN,NaN,NaN,1,0,0,coherence-cumulative,1,800,0,0,31418994598,NaN,0,2,2,72320103,36098,36098,6247067,1,3,1,0,1,1,12,5,12,28,16,10,24,26,0,0,0,0,0,mobile-limited-low,claim-iid5,admissible
16079007,mobile-limited-low,mobile-limited-low,response-iid5,response-iid5,response-iid5,10,113144405052,113144405052,33490144,65608272,566240,1,0,1,1,1,1,0,0,0,804,84,888,4400,0.201818181818182,22512,880,2184,24696,122400,0.201764705882353,24480,84,84,4,0,0,248,244,4,0,4000,0,800,800,0,0,0,0,0,0,0,NaN,NaN,NaN,NaN,1,0,0,coherence-cumulative,1,800,0,0,31418994598,NaN,0,2,3,72320103,36098,36098,6247067,1,3,1,0,1,1,12,5,12,28,16,10,24,26,0,0,0,0,0,mobile-limited-low,response-iid5,admissible
16079007,mobile-limited-low,mobile-limited-low,joint-control-iid5,joint-control-iid5,joint-control-iid5,10,113144405052,113144405052,33875709,65608272,566240,1,0,1,1,1,1,0,0,0,812,91,903,4400,0.205227272727273,22736,880,2366,25102,122400,0.205081699346405,24480,91,91,12,0,0,263,247,16,0,4000,0,800,800,0,0,0,0,0,0,0,NaN,NaN,NaN,NaN,1,0,0,coherence-cumulative,1,800,0,0,31418994598,NaN,0,2,4,72320103,36098,36098,6247067,1,3,1,0,1,1,12,5,12,28,16,10,24,26,0,0,0,0,0,mobile-limited-low,joint-control-iid5,admissible
16079007,mobile-limited-low,mobile-limited-low,iid-occupancy15,iid-occupancy15,iid-occupancy15,10,113144405052,79671878677,33104579,65606623,566240,1,0,1,1,2,0.99975,0,0,0,840,117,957,4400,0.2175,23520,880,3042,26562,122400,0.217009803921569,24480,116,117,40,0,0,317,258,59,0,3999,0,799,399,400,0,0,0,0,0,0,NaN,NaN,NaN,NaN,1,0,0,coherence-cumulative,1,800,0,0.15,31418994598,1887942,6841,2,5,72320103,36098,36098,6247067,1,3,1,0,1,1,12,5,12,28,16,10,24,26,0,0,0,0,0,mobile-limited-low,iid-occupancy15,admissible
16079007,mobile-limited-low,mobile-limited-low,directed-response-blackout,directed-response-blackout,directed-response-blackout,10,113144405052,93857208755,33104579,64843603,566240,1,0,1,0,NaN,0.9,0,0,0,1120,400,1520,4400,0.345454545454545,31360,880,10400,41760,122400,0.341176470588235,24480,400,400,399,0,0,880,480,400,0,3600,80,400,400,0,0,80,80,0,0,1,NaN,NaN,NaN,NaN,1,0,0,coherence-cumulative,1,721,1,0,31418994598,NaN,0,2,6,72320103,36098,36098,6247067,1,3,1,0,1,1,12,5,12,28,16,10,24,26,0,1,0,0,0,mobile-limited-low,directed-response-blackout,admissible
16079007,mobile-limited-high,mobile-limited-high,zero,zero,zero,10,113144405052,113144405052,31730436,57168250,564448,0,0,0,0,NaN,0,0,0,0,0,0,0,4000,0,0,310,0,0,112000,0,8680,0,0,0,0,0,0,0,0,0,0,778,0,0,0,0,147,147,0,0,1,NaN,NaN,NaN,NaN,1,0,0,coherence-cumulative,1,0,0,0,31418994598,NaN,0,3,1,72320103,36098,36098,4751624,0,0,0,0,1,0,0,13,20,28,16,10,24,0,0,0,0,0,0,mobile-limited-high,zero,selector-issued-no-horizon
16079007,mobile-limited-high,mobile-limited-high,claim-iid5,claim-iid5,claim-iid5,10,113144405052,113144405052,32116001,57168250,564448,0,0,0,0,NaN,0,0,0,0,0,0,0,4000,0,0,310,0,0,112000,0,8680,0,0,0,0,0,0,0,0,0,0,778,0,0,0,0,147,147,0,0,1,NaN,NaN,NaN,NaN,1,0,0,coherence-cumulative,1,0,0,0,31418994598,NaN,0,3,2,72320103,36098,36098,4751624,0,0,0,0,1,0,0,13,20,28,16,10,24,0,0,0,0,0,0,mobile-limited-high,claim-iid5,selector-issued-no-horizon
16079007,mobile-limited-high,mobile-limited-high,response-iid5,response-iid5,response-iid5,10,113144405052,113144405052,32116001,57168250,564448,0,0,0,0,NaN,0,0,0,0,0,0,0,4000,0,0,310,0,0,112000,0,8680,0,0,0,0,0,0,0,0,0,0,778,0,0,0,0,147,147,0,0,1,NaN,NaN,NaN,NaN,1,0,0,coherence-cumulative,1,0,0,0,31418994598,NaN,0,3,3,72320103,36098,36098,4751624,0,0,0,0,1,0,0,13,20,28,16,10,24,0,0,0,0,0,0,mobile-limited-high,response-iid5,selector-issued-no-horizon
16079007,mobile-limited-high,mobile-limited-high,joint-control-iid5,joint-control-iid5,joint-control-iid5,10,113144405052,113144405052,32501566,57168250,564448,0,0,0,0,NaN,0,0,0,0,0,0,0,4000,0,0,310,0,0,112000,0,8680,0,0,0,0,0,0,0,0,0,0,778,0,0,0,0,147,147,0,0,1,NaN,NaN,NaN,NaN,1,0,0,coherence-cumulative,1,0,0,0,31418994598,NaN,0,3,4,72320103,36098,36098,4751624,0,0,0,0,1,0,0,13,20,28,16,10,24,0,0,0,0,0,0,mobile-limited-high,joint-control-iid5,selector-issued-no-horizon
16079007,mobile-limited-high,mobile-limited-high,iid-occupancy15,iid-occupancy15,iid-occupancy15,10,113144405052,79000358525,31730436,57168250,564448,0,0,0,0,NaN,0,0,0,0,0,0,0,4000,0,0,310,0,0,112000,0,8680,0,0,0,0,0,0,0,0,0,0,778,0,0,0,0,147,73,74,0,1,NaN,NaN,NaN,NaN,1,0,0,coherence-cumulative,1,0,0,0.15,31418994598,1567168,6991,3,5,72320103,36098,36098,4751624,0,0,0,0,1,0,0,13,20,28,16,10,24,0,0,0,0,0,0,mobile-limited-high,iid-occupancy15,selector-issued-no-horizon
16079007,mobile-limited-high,mobile-limited-high,directed-response-blackout,directed-response-blackout,directed-response-blackout,10,113144405052,113144405052,31730436,57168250,564448,0,0,0,0,NaN,0,0,0,0,0,0,0,4000,0,0,310,0,0,112000,0,8680,0,0,0,0,0,0,0,0,0,0,778,0,0,0,0,147,147,0,0,1,NaN,NaN,NaN,NaN,1,0,0,coherence-cumulative,1,0,0,0,31418994598,NaN,0,3,6,72320103,36098,36098,4751624,0,0,0,0,1,0,0,13,20,28,16,10,24,0,0,0,0,0,0,mobile-limited-high,directed-response-blackout,selector-issued-no-horizon
16079008,static-wide-low,static-wide-low,zero,zero,zero,5,30507741056,30507741056,32920742,16345885,36830,0,0,0,1,1,1,0,0,0,15,0,15,2000,0.0075,420,15,0,420,56000,0.0075,420,0,0,0,0,0,60,60,0,0,2000,0,0,0,0,0,0,0,0,0,0,NaN,NaN,NaN,NaN,1,0,0,coherence-cumulative,1,15,0,0,31366033197,NaN,0,1,1,35028634,2450,2730,5795513,6.8,6,0,0,1,1,156,149,156,28,16,10,24,0,0,0,0,0,0,static-wide-low,zero,admissible
16079008,static-wide-low,static-wide-low,claim-iid5,claim-iid5,claim-iid5,5,30507741056,30507741056,33306307,16345885,36830,0,0,0,1,1,1,0,0,0,15,0,15,2000,0.0075,420,15,0,420,56000,0.0075,420,0,0,0,0,0,60,59,1,0,2000,0,0,0,0,0,0,0,0,0,0,NaN,NaN,NaN,NaN,1,0,0,coherence-cumulative,1,15,0,0,31366033197,NaN,0,1,2,35028634,2450,2730,5795513,6.8,6,0,0,1,1,156,149,156,28,16,10,24,0,0,0,0,0,0,static-wide-low,claim-iid5,admissible
16079008,static-wide-low,static-wide-low,response-iid5,response-iid5,response-iid5,5,30507741056,30507741056,33306307,16345885,36830,0,0,0,1,1,1,0,0,0,15,0,15,2000,0.0075,420,15,0,420,56000,0.0075,420,0,0,0,0,0,60,60,0,0,2000,0,0,0,0,0,0,0,0,0,0,NaN,NaN,NaN,NaN,1,0,0,coherence-cumulative,1,15,0,0,31366033197,NaN,0,1,3,35028634,2450,2730,5795513,6.8,6,0,0,1,1,156,149,156,28,16,10,24,0,0,0,0,0,0,static-wide-low,response-iid5,admissible
16079008,static-wide-low,static-wide-low,joint-control-iid5,joint-control-iid5,joint-control-iid5,5,30507741056,30507741056,33691872,16345885,36830,0,0,0,1,1,1,0,0,0,15,0,15,2000,0.0075,420,15,0,420,56000,0.0075,420,0,0,0,0,0,60,59,1,0,2000,0,0,0,0,0,0,0,0,0,0,NaN,NaN,NaN,NaN,1,0,0,coherence-cumulative,1,15,0,0,31366033197,NaN,0,1,4,35028634,2450,2730,5795513,6.8,6,0,0,1,1,156,149,156,28,16,10,24,0,0,0,0,0,0,static-wide-low,joint-control-iid5,admissible
16079008,static-wide-low,static-wide-low,iid-occupancy15,iid-occupancy15,iid-occupancy15,5,30507741056,21887914577,32920742,16345885,36830,0,0,0,1,1,1,0,0,0,15,0,15,2000,0.0075,420,15,0,420,56000,0.0075,420,0,0,0,0,0,60,40,20,0,2000,0,0,0,0,0,0,0,0,0,0,NaN,NaN,NaN,NaN,1,0,0,coherence-cumulative,1,15,0,0.15,31366033197,351631,3490,1,5,35028634,2450,2730,5795513,6.8,6,0,0,1,1,156,149,156,28,16,10,24,0,0,0,0,0,0,static-wide-low,iid-occupancy15,admissible
16079008,static-wide-low,static-wide-low,directed-response-blackout,directed-response-blackout,directed-response-blackout,5,30507741056,30507741056,32920742,16345885,36830,0,0,0,1,1,1,0,0,0,15,0,15,2000,0.0075,420,15,0,420,56000,0.0075,420,0,0,0,0,0,60,60,0,0,2000,0,0,0,0,0,0,0,0,0,0,NaN,NaN,NaN,NaN,1,0,0,coherence-cumulative,1,15,0,0,31366033197,NaN,0,1,6,35028634,2450,2730,5795513,6.8,6,0,0,1,1,156,149,156,28,16,10,24,0,0,0,0,0,0,static-wide-low,directed-response-blackout,admissible
16079008,mobile-limited-low,mobile-limited-low,zero,zero,zero,5,30507741056,30507741056,33325356,16345885,36050,0,0,0,1,1,1,0,0,0,15,0,15,2000,0.0075,420,15,0,420,56000,0.0075,420,0,0,0,0,0,0,0,0,0,2000,0,0,0,0,0,0,0,0,0,0,NaN,NaN,NaN,NaN,1,0,0,coherence-cumulative,1,15,0,0,31366033197,NaN,0,2,1,35028634,2450,2450,5689085,6.8,6,0,0,1,1,156,149,156,28,16,10,24,0,0,0,0,0,0,mobile-limited-low,zero,admissible
16079008,mobile-limited-low,mobile-limited-low,claim-iid5,claim-iid5,claim-iid5,5,30507741056,30507741056,33710921,16345885,36050,0,0,0,1,1,1,0,0,0,15,0,15,2000,0.0075,420,15,0,420,56000,0.0075,420,0,0,0,0,0,0,0,0,0,2000,0,0,0,0,0,0,0,0,0,0,NaN,NaN,NaN,NaN,1,0,0,coherence-cumulative,1,15,0,0,31366033197,NaN,0,2,2,35028634,2450,2450,5689085,6.8,6,0,0,1,1,156,149,156,28,16,10,24,0,0,0,0,0,0,mobile-limited-low,claim-iid5,admissible
16079008,mobile-limited-low,mobile-limited-low,response-iid5,response-iid5,response-iid5,5,30507741056,30507741056,33710921,16345885,36050,0,0,0,1,1,1,0,0,0,15,0,15,2000,0.0075,420,15,0,420,56000,0.0075,420,0,0,0,0,0,0,0,0,0,2000,0,0,0,0,0,0,0,0,0,0,NaN,NaN,NaN,NaN,1,0,0,coherence-cumulative,1,15,0,0,31366033197,NaN,0,2,3,35028634,2450,2450,5689085,6.8,6,0,0,1,1,156,149,156,28,16,10,24,0,0,0,0,0,0,mobile-limited-low,response-iid5,admissible
16079008,mobile-limited-low,mobile-limited-low,joint-control-iid5,joint-control-iid5,joint-control-iid5,5,30507741056,30507741056,34096486,16345885,36050,0,0,0,1,1,1,0,0,0,15,0,15,2000,0.0075,420,15,0,420,56000,0.0075,420,0,0,0,0,0,0,0,0,0,2000,0,0,0,0,0,0,0,0,0,0,NaN,NaN,NaN,NaN,1,0,0,coherence-cumulative,1,15,0,0,31366033197,NaN,0,2,4,35028634,2450,2450,5689085,6.8,6,0,0,1,1,156,149,156,28,16,10,24,0,0,0,0,0,0,mobile-limited-low,joint-control-iid5,admissible
16079008,mobile-limited-low,mobile-limited-low,iid-occupancy15,iid-occupancy15,iid-occupancy15,5,30507741056,21887914577,33325356,16345885,36050,0,0,0,1,1,1,0,0,0,15,0,15,2000,0.0075,420,15,0,420,56000,0.0075,420,0,0,0,0,0,0,0,0,0,2000,0,0,0,0,0,0,0,0,0,0,NaN,NaN,NaN,NaN,1,0,0,coherence-cumulative,1,15,0,0.15,31366033197,351631,3490,2,5,35028634,2450,2450,5689085,6.8,6,0,0,1,1,156,149,156,28,16,10,24,0,0,0,0,0,0,mobile-limited-low,iid-occupancy15,admissible
16079008,mobile-limited-low,mobile-limited-low,directed-response-blackout,directed-response-blackout,directed-response-blackout,5,30507741056,30507741056,33325356,16345885,36050,0,0,0,1,1,1,0,0,0,15,0,15,2000,0.0075,420,15,0,420,56000,0.0075,420,0,0,0,0,0,0,0,0,0,2000,0,0,0,0,0,0,0,0,0,0,NaN,NaN,NaN,NaN,1,0,0,coherence-cumulative,1,15,0,0,31366033197,NaN,0,2,6,35028634,2450,2450,5689085,6.8,6,0,0,1,1,156,149,156,28,16,10,24,0,0,0,0,0,0,mobile-limited-low,directed-response-blackout,admissible
16079008,mobile-limited-high,mobile-limited-high,zero,zero,zero,5,30507741056,30507741056,33250548,16345885,36050,0,0,0,1,1,1,0,0,0,15,0,15,2000,0.0075,420,15,0,420,56000,0.0075,420,0,0,0,0,0,0,0,0,0,2000,0,0,0,0,0,0,0,0,0,0,NaN,NaN,NaN,NaN,1,0,0,coherence-cumulative,1,15,0,0,31366033197,NaN,0,3,1,35028634,2450,2450,5442506,6.8,6,0,0,1,1,156,149,156,28,16,10,24,0,0,0,0,0,0,mobile-limited-high,zero,admissible
16079008,mobile-limited-high,mobile-limited-high,claim-iid5,claim-iid5,claim-iid5,5,30507741056,30507741056,33636113,16345885,36050,0,0,0,1,1,1,0,0,0,15,0,15,2000,0.0075,420,15,0,420,56000,0.0075,420,0,0,0,0,0,0,0,0,0,2000,0,0,0,0,0,0,0,0,0,0,NaN,NaN,NaN,NaN,1,0,0,coherence-cumulative,1,15,0,0,31366033197,NaN,0,3,2,35028634,2450,2450,5442506,6.8,6,0,0,1,1,156,149,156,28,16,10,24,0,0,0,0,0,0,mobile-limited-high,claim-iid5,admissible
16079008,mobile-limited-high,mobile-limited-high,response-iid5,response-iid5,response-iid5,5,30507741056,30507741056,33636113,16345885,36050,0,0,0,1,1,1,0,0,0,15,0,15,2000,0.0075,420,15,0,420,56000,0.0075,420,0,0,0,0,0,0,0,0,0,2000,0,0,0,0,0,0,0,0,0,0,NaN,NaN,NaN,NaN,1,0,0,coherence-cumulative,1,15,0,0,31366033197,NaN,0,3,3,35028634,2450,2450,5442506,6.8,6,0,0,1,1,156,149,156,28,16,10,24,0,0,0,0,0,0,mobile-limited-high,response-iid5,admissible
16079008,mobile-limited-high,mobile-limited-high,joint-control-iid5,joint-control-iid5,joint-control-iid5,5,30507741056,30507741056,34021678,16345885,36050,0,0,0,1,1,1,0,0,0,15,0,15,2000,0.0075,420,15,0,420,56000,0.0075,420,0,0,0,0,0,0,0,0,0,2000,0,0,0,0,0,0,0,0,0,0,NaN,NaN,NaN,NaN,1,0,0,coherence-cumulative,1,15,0,0,31366033197,NaN,0,3,4,35028634,2450,2450,5442506,6.8,6,0,0,1,1,156,149,156,28,16,10,24,0,0,0,0,0,0,mobile-limited-high,joint-control-iid5,admissible
16079008,mobile-limited-high,mobile-limited-high,iid-occupancy15,iid-occupancy15,iid-occupancy15,5,30507741056,21887914577,33250548,16345885,36050,0,0,0,1,1,1,0,0,0,15,0,15,2000,0.0075,420,15,0,420,56000,0.0075,420,0,0,0,0,0,0,0,0,0,2000,0,0,0,0,0,0,0,0,0,0,NaN,NaN,NaN,NaN,1,0,0,coherence-cumulative,1,15,0,0.15,31366033197,351631,3490,3,5,35028634,2450,2450,5442506,6.8,6,0,0,1,1,156,149,156,28,16,10,24,0,0,0,0,0,0,mobile-limited-high,iid-occupancy15,admissible
16079008,mobile-limited-high,mobile-limited-high,directed-response-blackout,directed-response-blackout,directed-response-blackout,5,30507741056,30507741056,33250548,16345885,36050,0,0,0,1,1,1,0,0,0,15,0,15,2000,0.0075,420,15,0,420,56000,0.0075,420,0,0,0,0,0,0,0,0,0,2000,0,0,0,0,0,0,0,0,0,0,NaN,NaN,NaN,NaN,1,0,0,coherence-cumulative,1,15,0,0,31366033197,NaN,0,3,6,35028634,2450,2450,5442506,6.8,6,0,0,1,1,156,149,156,28,16,10,24,0,0,0,0,0,0,mobile-limited-high,directed-response-blackout,admissible
16079008,static-wide-low,static-wide-low,zero,zero,zero,10,113188264882,113188264882,33757716,66363427,612816,4,0,1,1,1,1,0,0,0,60,24,84,5600,0.015,1680,84,624,2304,153600,0.015,2304,24,24,0,0,0,756,756,0,0,4000,0,3200,3200,0,0,0,0,0,0,0,NaN,NaN,NaN,NaN,1,0,0,coherence-cumulative,1,60,0,0,31332654124,NaN,0,1,1,74163998,36561,40685,5848471,6.8,6,4,0,1,1,78,71,78,28,16,10,24,26,0,0,0,0,0,static-wide-low,zero,admissible
16079008,static-wide-low,static-wide-low,claim-iid5,claim-iid5,claim-iid5,10,113188264882,113188264882,34143281,66363646,612816,4,0,1,1,1,1,0,0,0,65,28,93,5600,0.0166071428571429,1820,84,728,2548,153600,0.0165885416666667,2304,28,28,3,0,0,837,805,32,0,4000,0,3200,3200,0,0,0,0,0,0,0,NaN,NaN,NaN,NaN,1,0,0,coherence-cumulative,1,62,0,0,31332654124,NaN,0,1,2,74163998,36561,40685,5848471,6.8,6,4,0,1,1,78,71,78,28,16,10,24,26,0,0,0,0,0,static-wide-low,claim-iid5,admissible
16079008,static-wide-low,static-wide-low,response-iid5,response-iid5,response-iid5,10,113188264882,113188264882,34143281,66360957,612816,4,0,1,1,2,0.99975,0,0,0,66,35,101,5600,0.0180357142857143,1848,84,910,2758,153600,0.0179557291666667,2304,35,35,6,0,0,909,889,20,0,3999,0,3198,3198,0,0,0,0,0,0,0,NaN,NaN,NaN,NaN,1,0,0,coherence-cumulative,1,60,0,0,31332654124,NaN,0,1,3,74163998,36561,40685,5848471,6.8,6,4,0,1,1,78,71,78,28,16,10,24,26,0,0,0,0,0,static-wide-low,response-iid5,admissible
16079008,static-wide-low,static-wide-low,joint-control-iid5,joint-control-iid5,joint-control-iid5,10,113188264882,113188264882,34528846,66361100,612816,4,0,1,1,2,0.99975,0,0,0,70,38,108,5600,0.0192857142857143,1960,84,988,2948,153600,0.0191927083333333,2304,38,38,9,0,0,972,918,54,0,3999,0,3198,3198,0,0,0,0,0,0,0,NaN,NaN,NaN,NaN,1,0,0,coherence-cumulative,1,61,0,0,31332654124,NaN,0,1,4,74163998,36561,40685,5848471,6.8,6,4,0,1,1,78,71,78,28,16,10,24,26,0,0,0,0,0,static-wide-low,joint-control-iid5,admissible
16079008,static-wide-low,static-wide-low,iid-occupancy15,iid-occupancy15,iid-occupancy15,10,113188264882,77547000444,33757716,66346549,612816,4,0,1,1,4,0.9985,0,0,0,91,56,147,5600,0.02625,2548,84,1456,4004,153600,0.0260677083333333,2304,53,56,28,0,0,1323,1008,315,0,3994,1,3188,1621,1567,0,2,2,0,0,1,NaN,NaN,NaN,NaN,1,0,0,coherence-cumulative,1,63,0,0.15,31332654124,1257336,7283,1,5,74163998,36561,40685,5848471,6.8,6,4,0,1,1,78,71,78,28,16,10,24,26,0,0,0,0,0,static-wide-low,iid-occupancy15,admissible
16079008,static-wide-low,static-wide-low,directed-response-blackout,directed-response-blackout,directed-response-blackout,10,113188264882,93791379553,33757716,65266102,612816,4,0,1,0,NaN,0.9,0,0,0,454,812,1266,5600,0.226071428571429,12712,84,21112,33824,153600,0.220208333333333,2304,812,812,399,0,0,11394,10994,400,0,3600,89,2400,2400,0,0,178,178,0,0,1,NaN,NaN,NaN,NaN,1,0,0,coherence-cumulative,1,55,1,0,31332654124,NaN,0,1,6,74163998,36561,40685,5848471,6.8,6,4,0,1,1,78,71,78,28,16,10,24,26,0,1,0,0,0,static-wide-low,directed-response-blackout,admissible
16079008,mobile-limited-low,mobile-limited-low,zero,zero,zero,10,113188264882,113188264882,33016503,57168250,565511,0,0,0,0,NaN,0,0,0,19,0,0,0,4000,0,0,310,0,0,112000,0,8680,0,0,0,0,0,0,0,0,0,0,740,0,0,0,0,502,464,0,38,1,NaN,NaN,NaN,NaN,1,0,0,coherence-cumulative,1,0,0,0,31332654124,NaN,0,2,1,74163998,36561,36561,6612061,0.5,2,4,0,1,0,0,13,20,28,16,10,24,0,0,0,0,0,0,mobile-limited-low,zero,horizon-shorter-than-renewal-slack
16079008,mobile-limited-low,mobile-limited-low,claim-iid5,claim-iid5,claim-iid5,10,113188264882,113188264882,33402068,57168250,565511,0,0,0,0,NaN,0,0,0,19,0,0,0,4000,0,0,310,0,0,112000,0,8680,0,0,0,0,0,0,0,0,0,0,740,0,0,0,0,502,464,0,38,1,NaN,NaN,NaN,NaN,1,0,0,coherence-cumulative,1,0,0,0,31332654124,NaN,0,2,2,74163998,36561,36561,6612061,0.5,2,4,0,1,0,0,13,20,28,16,10,24,0,0,0,0,0,0,mobile-limited-low,claim-iid5,horizon-shorter-than-renewal-slack
16079008,mobile-limited-low,mobile-limited-low,response-iid5,response-iid5,response-iid5,10,113188264882,113188264882,33402068,57168250,565511,0,0,0,0,NaN,0,0,0,19,0,0,0,4000,0,0,310,0,0,112000,0,8680,0,0,0,0,0,0,0,0,0,0,740,0,0,0,0,502,464,0,38,1,NaN,NaN,NaN,NaN,1,0,0,coherence-cumulative,1,0,0,0,31332654124,NaN,0,2,3,74163998,36561,36561,6612061,0.5,2,4,0,1,0,0,13,20,28,16,10,24,0,0,0,0,0,0,mobile-limited-low,response-iid5,horizon-shorter-than-renewal-slack
16079008,mobile-limited-low,mobile-limited-low,joint-control-iid5,joint-control-iid5,joint-control-iid5,10,113188264882,113188264882,33787633,57168250,565511,0,0,0,0,NaN,0,0,0,19,0,0,0,4000,0,0,310,0,0,112000,0,8680,0,0,0,0,0,0,0,0,0,0,740,0,0,0,0,502,464,0,38,1,NaN,NaN,NaN,NaN,1,0,0,coherence-cumulative,1,0,0,0,31332654124,NaN,0,2,4,74163998,36561,36561,6612061,0.5,2,4,0,1,0,0,13,20,28,16,10,24,0,0,0,0,0,0,mobile-limited-low,joint-control-iid5,horizon-shorter-than-renewal-slack
16079008,mobile-limited-low,mobile-limited-low,iid-occupancy15,iid-occupancy15,iid-occupancy15,10,113188264882,79743028295,33016503,57168250,565511,0,0,0,0,NaN,0,0,0,19,0,0,0,4000,0,0,310,0,0,112000,0,8680,0,0,0,0,0,0,0,0,0,0,740,0,0,0,0,502,247,217,38,1,NaN,NaN,NaN,NaN,1,0,0,coherence-cumulative,1,0,0,0.15,31332654124,1685698,6837,2,5,74163998,36561,36561,6612061,0.5,2,4,0,1,0,0,13,20,28,16,10,24,0,0,0,0,0,0,mobile-limited-low,iid-occupancy15,horizon-shorter-than-renewal-slack
16079008,mobile-limited-low,mobile-limited-low,directed-response-blackout,directed-response-blackout,directed-response-blackout,10,113188264882,113188264882,33016503,57168250,565511,0,0,0,0,NaN,0,0,0,19,0,0,0,4000,0,0,310,0,0,112000,0,8680,0,0,0,0,0,0,0,0,0,0,740,0,0,0,0,502,464,0,38,1,NaN,NaN,NaN,NaN,1,0,0,coherence-cumulative,1,0,0,0,31332654124,NaN,0,2,6,74163998,36561,36561,6612061,0.5,2,4,0,1,0,0,13,20,28,16,10,24,0,0,0,0,0,0,mobile-limited-low,directed-response-blackout,horizon-shorter-than-renewal-slack
16079008,mobile-limited-high,mobile-limited-high,zero,zero,zero,10,113188264882,113188264882,31693161,57168250,565511,0,0,0,0,NaN,0,0,0,19,0,0,0,4000,0,0,310,0,0,112000,0,8680,0,0,0,0,0,0,0,0,0,0,740,0,0,0,0,502,464,0,38,1,NaN,NaN,NaN,NaN,1,0,0,coherence-cumulative,1,0,0,0,31332654124,NaN,0,3,1,74163998,36561,36561,5781069,0,0,0,0,1,0,0,13,20,28,16,10,24,0,0,0,0,0,0,mobile-limited-high,zero,selector-issued-no-horizon
16079008,mobile-limited-high,mobile-limited-high,claim-iid5,claim-iid5,claim-iid5,10,113188264882,113188264882,32078726,57168250,565511,0,0,0,0,NaN,0,0,0,19,0,0,0,4000,0,0,310,0,0,112000,0,8680,0,0,0,0,0,0,0,0,0,0,740,0,0,0,0,502,464,0,38,1,NaN,NaN,NaN,NaN,1,0,0,coherence-cumulative,1,0,0,0,31332654124,NaN,0,3,2,74163998,36561,36561,5781069,0,0,0,0,1,0,0,13,20,28,16,10,24,0,0,0,0,0,0,mobile-limited-high,claim-iid5,selector-issued-no-horizon
16079008,mobile-limited-high,mobile-limited-high,response-iid5,response-iid5,response-iid5,10,113188264882,113188264882,32078726,57168250,565511,0,0,0,0,NaN,0,0,0,19,0,0,0,4000,0,0,310,0,0,112000,0,8680,0,0,0,0,0,0,0,0,0,0,740,0,0,0,0,502,464,0,38,1,NaN,NaN,NaN,NaN,1,0,0,coherence-cumulative,1,0,0,0,31332654124,NaN,0,3,3,74163998,36561,36561,5781069,0,0,0,0,1,0,0,13,20,28,16,10,24,0,0,0,0,0,0,mobile-limited-high,response-iid5,selector-issued-no-horizon
16079008,mobile-limited-high,mobile-limited-high,joint-control-iid5,joint-control-iid5,joint-control-iid5,10,113188264882,113188264882,32464291,57168250,565511,0,0,0,0,NaN,0,0,0,19,0,0,0,4000,0,0,310,0,0,112000,0,8680,0,0,0,0,0,0,0,0,0,0,740,0,0,0,0,502,464,0,38,1,NaN,NaN,NaN,NaN,1,0,0,coherence-cumulative,1,0,0,0,31332654124,NaN,0,3,4,74163998,36561,36561,5781069,0,0,0,0,1,0,0,13,20,28,16,10,24,0,0,0,0,0,0,mobile-limited-high,joint-control-iid5,selector-issued-no-horizon
16079008,mobile-limited-high,mobile-limited-high,iid-occupancy15,iid-occupancy15,iid-occupancy15,10,113188264882,79743028295,31693161,57168250,565511,0,0,0,0,NaN,0,0,0,19,0,0,0,4000,0,0,310,0,0,112000,0,8680,0,0,0,0,0,0,0,0,0,0,740,0,0,0,0,502,247,217,38,1,NaN,NaN,NaN,NaN,1,0,0,coherence-cumulative,1,0,0,0.15,31332654124,1685698,6837,3,5,74163998,36561,36561,5781069,0,0,0,0,1,0,0,13,20,28,16,10,24,0,0,0,0,0,0,mobile-limited-high,iid-occupancy15,selector-issued-no-horizon
16079008,mobile-limited-high,mobile-limited-high,directed-response-blackout,directed-response-blackout,directed-response-blackout,10,113188264882,113188264882,31693161,57168250,565511,0,0,0,0,NaN,0,0,0,19,0,0,0,4000,0,0,310,0,0,112000,0,8680,0,0,0,0,0,0,0,0,0,0,740,0,0,0,0,502,464,0,38,1,NaN,NaN,NaN,NaN,1,0,0,coherence-cumulative,1,0,0,0,31332654124,NaN,0,3,6,74163998,36561,36561,5781069,0,0,0,0,1,0,0,13,20,28,16,10,24,0,0,0,0,0,0,mobile-limited-high,directed-response-blackout,selector-issued-no-horizon
16079009,static-wide-low,static-wide-low,zero,zero,zero,5,30330052595,30330052595,33319903,16471446,37918,1,0,1,1,1,1,0,0,0,15,3,18,2400,0.0075,420,18,78,498,66400,0.0075,498,3,3,0,0,0,72,72,0,0,2000,0,800,800,0,0,0,0,0,0,0,NaN,NaN,NaN,NaN,1,0,0,coherence-cumulative,1,15,0,0,31448233113,NaN,0,1,1,34961885,2484,2730,5059300,6.8,6,1,0,1,1,148,141,148,28,16,10,24,26,0,0,0,0,0,static-wide-low,zero,admissible
16079009,static-wide-low,static-wide-low,claim-iid5,claim-iid5,claim-iid5,5,30330052595,30330052595,33705468,16471446,37918,1,0,1,1,1,1,0,0,0,15,3,18,2400,0.0075,420,18,78,498,66400,0.0075,498,3,3,0,0,0,72,70,2,0,2000,0,800,800,0,0,0,0,0,0,0,NaN,NaN,NaN,NaN,1,0,0,coherence-cumulative,1,15,0,0,31448233113,NaN,0,1,2,34961885,2484,2730,5059300,6.8,6,1,0,1,1,148,141,148,28,16,10,24,26,0,0,0,0,0,static-wide-low,claim-iid5,admissible
16079009,static-wide-low,static-wide-low,response-iid5,response-iid5,response-iid5,5,30330052595,30330052595,33705468,16471446,37918,1,0,1,1,1,1,0,0,0,15,3,18,2400,0.0075,420,18,78,498,66400,0.0075,498,3,3,0,0,0,72,72,0,0,2000,0,800,800,0,0,0,0,0,0,0,NaN,NaN,NaN,NaN,1,0,0,coherence-cumulative,1,15,0,0,31448233113,NaN,0,1,3,34961885,2484,2730,5059300,6.8,6,1,0,1,1,148,141,148,28,16,10,24,26,0,0,0,0,0,static-wide-low,response-iid5,admissible
16079009,static-wide-low,static-wide-low,joint-control-iid5,joint-control-iid5,joint-control-iid5,5,30330052595,30330052595,34091033,16471446,37918,1,0,1,1,1,1,0,0,0,15,3,18,2400,0.0075,420,18,78,498,66400,0.0075,498,3,3,0,0,0,72,70,2,0,2000,0,800,800,0,0,0,0,0,0,0,NaN,NaN,NaN,NaN,1,0,0,coherence-cumulative,1,15,0,0,31448233113,NaN,0,1,4,34961885,2484,2730,5059300,6.8,6,1,0,1,1,148,141,148,28,16,10,24,26,0,0,0,0,0,static-wide-low,joint-control-iid5,admissible
16079009,static-wide-low,static-wide-low,iid-occupancy15,iid-occupancy15,iid-occupancy15,5,30330052595,21698681180,33319903,16468187,37918,1,0,1,1,3,0.999,0,0,0,17,4,21,2400,0.00875,476,18,104,580,66400,0.00873493975903615,498,3,4,2,0,0,84,68,16,0,1998,0,798,407,391,0,0,0,0,0,0,NaN,NaN,NaN,NaN,1,0,0,coherence-cumulative,1,15,0,0.15,31448233113,808720,3507,1,5,34961885,2484,2730,5059300,6.8,6,1,0,1,1,148,141,148,28,16,10,24,26,0,0,0,0,0,static-wide-low,iid-occupancy15,admissible
16079009,static-wide-low,static-wide-low,directed-response-blackout,directed-response-blackout,directed-response-blackout,5,30330052595,25520619309,33319903,15727771,37918,1,0,1,0,NaN,0.8,0,0,0,412,400,812,2400,0.338333333333333,11536,18,10400,21936,66400,0.330361445783133,498,400,400,399,0,0,3248,2848,400,0,1600,129,400,400,0,0,129,129,0,0,1,NaN,NaN,NaN,NaN,1,0,0,coherence-cumulative,1,13,1,0,31448233113,NaN,0,1,6,34961885,2484,2730,5059300,6.8,6,1,0,1,1,148,141,148,28,16,10,24,26,0,1,0,0,0,static-wide-low,directed-response-blackout,admissible
16079009,mobile-limited-low,mobile-limited-low,zero,zero,zero,5,30330052595,30330052595,32049368,16473960,36804,1,0,1,1,1,1,0,0,0,145,29,174,2400,0.0725,4060,174,754,4814,66400,0.0725,4814,29,29,0,0,0,87,87,0,0,2000,0,800,800,0,0,0,0,0,0,0,NaN,NaN,NaN,NaN,1,0,0,coherence-cumulative,1,145,0,0,31448233113,NaN,0,2,1,34961885,2484,2484,4955774,1,3,1,0,1,1,21,14,21,28,16,10,24,26,0,0,0,0,0,mobile-limited-low,zero,admissible
16079009,mobile-limited-low,mobile-limited-low,claim-iid5,claim-iid5,claim-iid5,5,30330052595,30330052595,32434933,16473960,36804,1,0,1,1,1,1,0,0,0,148,32,180,2400,0.075,4144,174,832,4976,66400,0.0749397590361446,4814,32,32,3,0,0,93,90,3,0,2000,0,800,800,0,0,0,0,0,0,0,NaN,NaN,NaN,NaN,1,0,0,coherence-cumulative,1,145,0,0,31448233113,NaN,0,2,2,34961885,2484,2484,4955774,1,3,1,0,1,1,21,14,21,28,16,10,24,26,0,0,0,0,0,mobile-limited-low,claim-iid5,admissible
16079009,mobile-limited-low,mobile-limited-low,response-iid5,response-iid5,response-iid5,5,30330052595,30330052595,32434933,16473960,36804,1,0,1,1,1,1,0,0,0,146,30,176,2400,0.0733333333333333,4088,174,780,4868,66400,0.0733132530120482,4814,30,30,1,0,0,89,88,1,0,2000,0,800,800,0,0,0,0,0,0,0,NaN,NaN,NaN,NaN,1,0,0,coherence-cumulative,1,145,0,0,31448233113,NaN,0,2,3,34961885,2484,2484,4955774,1,3,1,0,1,1,21,14,21,28,16,10,24,26,0,0,0,0,0,mobile-limited-low,response-iid5,admissible
16079009,mobile-limited-low,mobile-limited-low,joint-control-iid5,joint-control-iid5,joint-control-iid5,5,30330052595,30330052595,32820498,16473960,36804,1,0,1,1,1,1,0,0,0,149,33,182,2400,0.0758333333333333,4172,174,858,5030,66400,0.0757530120481928,4814,33,33,4,0,0,95,91,4,0,2000,0,800,800,0,0,0,0,0,0,0,NaN,NaN,NaN,NaN,1,0,0,coherence-cumulative,1,145,0,0,31448233113,NaN,0,2,4,34961885,2484,2484,4955774,1,3,1,0,1,1,21,14,21,28,16,10,24,26,0,0,0,0,0,mobile-limited-low,joint-control-iid5,admissible
16079009,mobile-limited-low,mobile-limited-low,iid-occupancy15,iid-occupancy15,iid-occupancy15,5,30330052595,21708326368,32049368,16470701,36804,1,0,1,1,3,0.999,0,0,0,163,45,208,2400,0.0866666666666667,4564,174,1170,5734,66400,0.086355421686747,4814,44,45,18,0,0,121,95,26,0,1998,0,798,407,391,0,0,0,0,0,0,NaN,NaN,NaN,NaN,1,0,0,coherence-cumulative,1,145,0,0.15,31448233113,1424395,3507,2,5,34961885,2484,2484,4955774,1,3,1,0,1,1,21,14,21,28,16,10,24,26,0,0,0,0,0,mobile-limited-low,iid-occupancy15,admissible
16079009,mobile-limited-low,mobile-limited-low,directed-response-blackout,directed-response-blackout,directed-response-blackout,5,30330052595,25519819309,32049368,15729747,36804,1,0,1,0,NaN,0.8,0,0,0,516,400,916,2400,0.381666666666667,14448,174,10400,24848,66400,0.37421686746988,4814,400,400,399,0,0,829,429,400,0,1600,129,400,400,0,0,129,129,0,0,1,NaN,NaN,NaN,NaN,1,0,0,coherence-cumulative,1,117,1,0,31448233113,NaN,0,2,6,34961885,2484,2484,4955774,1,3,1,0,1,1,21,14,21,28,16,10,24,26,0,1,0,0,0,mobile-limited-low,directed-response-blackout,admissible
16079009,mobile-limited-high,mobile-limited-high,zero,zero,zero,5,30330052595,30330052595,31265229,14302675,36134,0,0,0,0,NaN,0,0,0,0,0,0,0,2000,0,0,155,0,0,56000,0,4340,0,0,0,0,0,0,0,0,0,0,690,0,0,0,0,232,232,0,0,1,NaN,NaN,NaN,NaN,1,0,0,coherence-cumulative,1,0,0,0,31448233113,NaN,0,3,1,34961885,2484,2484,4724995,0,0,0,0,1,0,0,13,20,28,16,10,24,0,0,0,0,0,0,mobile-limited-high,zero,selector-issued-no-horizon
16079009,mobile-limited-high,mobile-limited-high,claim-iid5,claim-iid5,claim-iid5,5,30330052595,30330052595,31650794,14302675,36134,0,0,0,0,NaN,0,0,0,0,0,0,0,2000,0,0,155,0,0,56000,0,4340,0,0,0,0,0,0,0,0,0,0,690,0,0,0,0,232,232,0,0,1,NaN,NaN,NaN,NaN,1,0,0,coherence-cumulative,1,0,0,0,31448233113,NaN,0,3,2,34961885,2484,2484,4724995,0,0,0,0,1,0,0,13,20,28,16,10,24,0,0,0,0,0,0,mobile-limited-high,claim-iid5,selector-issued-no-horizon
16079009,mobile-limited-high,mobile-limited-high,response-iid5,response-iid5,response-iid5,5,30330052595,30330052595,31650794,14302675,36134,0,0,0,0,NaN,0,0,0,0,0,0,0,2000,0,0,155,0,0,56000,0,4340,0,0,0,0,0,0,0,0,0,0,690,0,0,0,0,232,232,0,0,1,NaN,NaN,NaN,NaN,1,0,0,coherence-cumulative,1,0,0,0,31448233113,NaN,0,3,3,34961885,2484,2484,4724995,0,0,0,0,1,0,0,13,20,28,16,10,24,0,0,0,0,0,0,mobile-limited-high,response-iid5,selector-issued-no-horizon
16079009,mobile-limited-high,mobile-limited-high,joint-control-iid5,joint-control-iid5,joint-control-iid5,5,30330052595,30330052595,32036359,14302675,36134,0,0,0,0,NaN,0,0,0,0,0,0,0,2000,0,0,155,0,0,56000,0,4340,0,0,0,0,0,0,0,0,0,0,690,0,0,0,0,232,232,0,0,1,NaN,NaN,NaN,NaN,1,0,0,coherence-cumulative,1,0,0,0,31448233113,NaN,0,3,4,34961885,2484,2484,4724995,0,0,0,0,1,0,0,13,20,28,16,10,24,0,0,0,0,0,0,mobile-limited-high,joint-control-iid5,selector-issued-no-horizon
16079009,mobile-limited-high,mobile-limited-high,iid-occupancy15,iid-occupancy15,iid-occupancy15,5,30330052595,21941626831,31265229,14302675,36134,0,0,0,0,NaN,0,0,0,0,0,0,0,2000,0,0,155,0,0,56000,0,4340,0,0,0,0,0,0,0,0,0,0,690,0,0,0,0,232,116,116,0,1,NaN,NaN,NaN,NaN,1,0,0,coherence-cumulative,1,0,0,0.15,31448233113,1367795,3421,3,5,34961885,2484,2484,4724995,0,0,0,0,1,0,0,13,20,28,16,10,24,0,0,0,0,0,0,mobile-limited-high,iid-occupancy15,selector-issued-no-horizon
16079009,mobile-limited-high,mobile-limited-high,directed-response-blackout,directed-response-blackout,directed-response-blackout,5,30330052595,30330052595,31265229,14302675,36134,0,0,0,0,NaN,0,0,0,0,0,0,0,2000,0,0,155,0,0,56000,0,4340,0,0,0,0,0,0,0,0,0,0,690,0,0,0,0,232,232,0,0,1,NaN,NaN,NaN,NaN,1,0,0,coherence-cumulative,1,0,0,0,31448233113,NaN,0,3,6,34961885,2484,2484,4724995,0,0,0,0,1,0,0,13,20,28,16,10,24,0,0,0,0,0,0,mobile-limited-high,directed-response-blackout,selector-issued-no-horizon
16079009,static-wide-low,static-wide-low,zero,zero,zero,10,113183149477,113183149477,33927829,66099686,603044,3,0,1,1,1,1,0,0,0,60,18,78,5200,0.015,1680,78,468,2148,143200,0.015,2148,18,18,0,0,0,702,702,0,0,4000,0,1600,1600,0,0,0,0,0,0,0,NaN,NaN,NaN,NaN,1,0,0,coherence-cumulative,1,60,0,0,31439852526,NaN,0,1,1,66572867,36311,40685,5491603,6.8,6,3,0,1,1,80,73,80,28,16,10,24,26,0,0,0,0,0,static-wide-low,zero,admissible
16079009,static-wide-low,static-wide-low,claim-iid5,claim-iid5,claim-iid5,10,113183149477,113183149477,34313394,66099686,603044,3,0,1,1,1,1,0,0,0,60,18,78,5200,0.015,1680,78,468,2148,143200,0.015,2148,18,18,0,0,0,702,676,26,0,4000,0,1600,1600,0,0,0,0,0,0,0,NaN,NaN,NaN,NaN,1,0,0,coherence-cumulative,1,60,0,0,31439852526,NaN,0,1,2,66572867,36311,40685,5491603,6.8,6,3,0,1,1,80,73,80,28,16,10,24,26,0,0,0,0,0,static-wide-low,claim-iid5,admissible
16079009,static-wide-low,static-wide-low,response-iid5,response-iid5,response-iid5,10,113183149477,113183149477,34313394,66099686,603044,3,0,1,1,1,1,0,0,0,60,18,78,5200,0.015,1680,78,468,2148,143200,0.015,2148,18,18,0,0,0,702,700,2,0,4000,0,1600,1600,0,0,0,0,0,0,0,NaN,NaN,NaN,NaN,1,0,0,coherence-cumulative,1,60,0,0,31439852526,NaN,0,1,3,66572867,36311,40685,5491603,6.8,6,3,0,1,1,80,73,80,28,16,10,24,26,0,0,0,0,0,static-wide-low,response-iid5,admissible
16079009,static-wide-low,static-wide-low,joint-control-iid5,joint-control-iid5,joint-control-iid5,10,113183149477,113183149477,34698959,66099686,603044,3,0,1,1,1,1,0,0,0,60,18,78,5200,0.015,1680,78,468,2148,143200,0.015,2148,18,18,0,0,0,702,674,28,0,4000,0,1600,1600,0,0,0,0,0,0,0,NaN,NaN,NaN,NaN,1,0,0,coherence-cumulative,1,60,0,0,31439852526,NaN,0,1,4,66572867,36311,40685,5491603,6.8,6,3,0,1,1,80,73,80,28,16,10,24,26,0,0,0,0,0,static-wide-low,joint-control-iid5,admissible
16079009,static-wide-low,static-wide-low,iid-occupancy15,iid-occupancy15,iid-occupancy15,10,113183149477,78003860704,33927829,66090532,603044,3,0,1,1,3,0.99925,0,0,0,81,45,126,5200,0.0242307692307692,2268,78,1170,3438,143200,0.0240083798882682,2148,43,45,19,0,0,1134,819,315,0,3997,1,1596,802,794,0,1,1,0,0,1,NaN,NaN,NaN,NaN,1,0,0,coherence-cumulative,1,62,0,0.15,31439852526,1545305,7170,1,5,66572867,36311,40685,5491603,6.8,6,3,0,1,1,80,73,80,28,16,10,24,26,0,0,0,0,0,static-wide-low,iid-occupancy15,admissible
16079009,static-wide-low,static-wide-low,directed-response-blackout,directed-response-blackout,directed-response-blackout,10,113183149477,93916245482,33927829,64847069,603044,3,0,1,0,NaN,0.9,0,0,0,454,806,1260,5200,0.242307692307692,12712,78,20956,33668,143200,0.235111731843575,2148,806,806,399,0,0,11340,10940,400,0,3600,72,800,800,0,0,144,144,0,0,1,NaN,NaN,NaN,NaN,1,0,0,coherence-cumulative,1,55,1,0,31439852526,NaN,0,1,6,66572867,36311,40685,5491603,6.8,6,3,0,1,1,80,73,80,28,16,10,24,26,0,1,0,0,0,static-wide-low,directed-response-blackout,admissible
16079009,mobile-limited-low,mobile-limited-low,zero,zero,zero,10,113183149477,113183149477,32665253,66142740,578979,3,1,1,1,1,1,0,0,0,1000,300,1300,5200,0.25,28000,1300,7800,35800,143200,0.25,35800,300,300,0,100,0,800,800,0,0,4000,0,1600,1600,0,0,0,0,0,0,0,NaN,NaN,NaN,NaN,1,0,0,coherence-cumulative,1,1000,0,0,31439852526,NaN,0,2,1,66572867,36311,36311,4929704,1,3,3,1,1,1,11,4,11,28,16,10,24,26,0,0,0,0,0,mobile-limited-low,zero,admissible
16079009,mobile-limited-low,mobile-limited-low,claim-iid5,claim-iid5,claim-iid5,10,113183149477,113183149477,33050818,66144462,578979,3,1,1,1,1,1,0,0,0,1038,356,1394,5200,0.268076923076923,29064,1300,9256,38320,143200,0.267597765363129,35800,356,356,24,121,0,926,900,26,0,4000,0,1600,1600,0,0,0,0,0,0,0,NaN,NaN,NaN,NaN,1,0,0,coherence-cumulative,1,1014,0,0,31439852526,NaN,0,2,2,66572867,36311,36311,4929704,1,3,3,1,1,1,11,4,11,28,16,10,24,26,0,0,0,0,0,mobile-limited-low,claim-iid5,admissible
16079009,mobile-limited-low,mobile-limited-low,response-iid5,response-iid5,response-iid5,10,113183149477,113183149477,33050818,66142740,578979,3,1,1,1,1,1,0,0,0,1014,328,1342,5200,0.258076923076923,28392,1300,8528,36920,143200,0.257821229050279,35800,328,328,14,109,0,856,841,15,0,4000,0,1600,1600,0,0,0,0,0,0,0,NaN,NaN,NaN,NaN,1,0,0,coherence-cumulative,1,1000,0,0,31439852526,NaN,0,2,3,66572867,36311,36311,4929704,1,3,3,1,1,1,11,4,11,28,16,10,24,26,0,0,0,0,0,mobile-limited-low,response-iid5,admissible
16079009,mobile-limited-low,mobile-limited-low,joint-control-iid5,joint-control-iid5,joint-control-iid5,10,113183149477,113183149477,33436383,66144462,578979,3,1,1,1,1,1,0,0,0,1054,383,1437,5200,0.276346153846154,29512,1300,9958,39470,143200,0.275628491620112,35800,383,383,40,131,0,983,934,49,0,4000,0,1600,1600,0,0,0,0,0,0,0,NaN,NaN,NaN,NaN,1,0,0,coherence-cumulative,1,1014,0,0,31439852526,NaN,0,2,4,66572867,36311,36311,4929704,1,3,3,1,1,1,11,4,11,28,16,10,24,26,0,0,0,0,0,mobile-limited-low,joint-control-iid5,admissible
16079009,mobile-limited-low,mobile-limited-low,iid-occupancy15,iid-occupancy15,iid-occupancy15,10,113183149477,78060944837,32665253,66138504,578979,3,1,1,1,2,0.9995,0,0,0,1269,668,1937,5200,0.3725,35532,1300,17368,52900,143200,0.369413407821229,35800,665,668,254,244,0,1634,1209,425,0,3998,1,1597,803,794,0,1,1,0,0,1,NaN,NaN,NaN,NaN,1,0,0,coherence-cumulative,1,1015,0,0.15,31439852526,1040491,7160,2,5,66572867,36311,36311,4929704,1,3,3,1,1,1,11,4,11,28,16,10,24,26,0,0,0,0,0,mobile-limited-low,iid-occupancy15,admissible
16079009,mobile-limited-low,mobile-limited-low,directed-response-blackout,directed-response-blackout,directed-response-blackout,10,113183149477,93914645482,32665253,64881311,578979,3,1,1,0,NaN,0.9,0,0,0,1300,900,2200,5200,0.423076923076923,36400,1300,23400,59800,143200,0.417597765363128,35800,900,900,399,400,0,2000,1600,400,0,3600,72,800,800,0,0,144,144,0,0,1,NaN,NaN,NaN,NaN,1,0,0,coherence-cumulative,1,901,1,0,31439852526,NaN,0,2,6,66572867,36311,36311,4929704,1,3,3,1,1,1,11,4,11,28,16,10,24,26,0,1,0,0,0,mobile-limited-low,directed-response-blackout,admissible
16079009,mobile-limited-high,mobile-limited-high,zero,zero,zero,10,113183149477,113183149477,31915159,57168250,564861,0,0,0,0,NaN,0,0,0,11,0,0,0,4000,0,0,310,0,0,112000,0,8680,0,0,0,0,0,0,0,0,0,0,718,0,0,0,0,278,256,0,22,1,NaN,NaN,NaN,NaN,1,0,0,coherence-cumulative,1,0,0,0,31439852526,NaN,0,3,1,66572867,36311,36311,5892285,0,0,0,0,1,0,0,13,20,28,16,10,24,0,0,0,0,0,0,mobile-limited-high,zero,selector-issued-no-horizon
16079009,mobile-limited-high,mobile-limited-high,claim-iid5,claim-iid5,claim-iid5,10,113183149477,113183149477,32300724,57168250,564861,0,0,0,0,NaN,0,0,0,11,0,0,0,4000,0,0,310,0,0,112000,0,8680,0,0,0,0,0,0,0,0,0,0,718,0,0,0,0,278,256,0,22,1,NaN,NaN,NaN,NaN,1,0,0,coherence-cumulative,1,0,0,0,31439852526,NaN,0,3,2,66572867,36311,36311,5892285,0,0,0,0,1,0,0,13,20,28,16,10,24,0,0,0,0,0,0,mobile-limited-high,claim-iid5,selector-issued-no-horizon
16079009,mobile-limited-high,mobile-limited-high,response-iid5,response-iid5,response-iid5,10,113183149477,113183149477,32300724,57168250,564861,0,0,0,0,NaN,0,0,0,11,0,0,0,4000,0,0,310,0,0,112000,0,8680,0,0,0,0,0,0,0,0,0,0,718,0,0,0,0,278,256,0,22,1,NaN,NaN,NaN,NaN,1,0,0,coherence-cumulative,1,0,0,0,31439852526,NaN,0,3,3,66572867,36311,36311,5892285,0,0,0,0,1,0,0,13,20,28,16,10,24,0,0,0,0,0,0,mobile-limited-high,response-iid5,selector-issued-no-horizon
16079009,mobile-limited-high,mobile-limited-high,joint-control-iid5,joint-control-iid5,joint-control-iid5,10,113183149477,113183149477,32686289,57168250,564861,0,0,0,0,NaN,0,0,0,11,0,0,0,4000,0,0,310,0,0,112000,0,8680,0,0,0,0,0,0,0,0,0,0,718,0,0,0,0,278,256,0,22,1,NaN,NaN,NaN,NaN,1,0,0,coherence-cumulative,1,0,0,0,31439852526,NaN,0,3,4,66572867,36311,36311,5892285,0,0,0,0,1,0,0,13,20,28,16,10,24,0,0,0,0,0,0,mobile-limited-high,joint-control-iid5,selector-issued-no-horizon
16079009,mobile-limited-high,mobile-limited-high,iid-occupancy15,iid-occupancy15,iid-occupancy15,10,113183149477,79587762238,31915159,57168250,564861,0,0,0,0,NaN,0,0,0,11,0,0,0,4000,0,0,310,0,0,112000,0,8680,0,0,0,0,0,0,0,0,0,0,718,0,0,0,0,278,137,119,22,1,NaN,NaN,NaN,NaN,1,0,0,coherence-cumulative,1,0,0,0.15,31439852526,751283,6862,3,5,66572867,36311,36311,5892285,0,0,0,0,1,0,0,13,20,28,16,10,24,0,0,0,0,0,0,mobile-limited-high,iid-occupancy15,selector-issued-no-horizon
16079009,mobile-limited-high,mobile-limited-high,directed-response-blackout,directed-response-blackout,directed-response-blackout,10,113183149477,113183149477,31915159,57168250,564861,0,0,0,0,NaN,0,0,0,11,0,0,0,4000,0,0,310,0,0,112000,0,8680,0,0,0,0,0,0,0,0,0,0,718,0,0,0,0,278,256,0,22,1,NaN,NaN,NaN,NaN,1,0,0,coherence-cumulative,1,0,0,0,31439852526,NaN,0,3,6,66572867,36311,36311,5892285,0,0,0,0,1,0,0,13,20,28,16,10,24,0,0,0,0,0,0,mobile-limited-high,directed-response-blackout,selector-issued-no-horizon
16079010,static-wide-low,static-wide-low,zero,zero,zero,5,30331551318,30331551318,32948965,16345885,36830,0,0,0,1,1,1,0,0,0,15,0,15,2000,0.0075,420,15,0,420,56000,0.0075,420,0,0,0,0,0,60,60,0,0,2000,0,0,0,0,0,0,0,0,0,0,NaN,NaN,NaN,NaN,1,0,0,coherence-cumulative,1,15,0,0,31336466139,NaN,0,1,1,33619635,2450,2730,5927746,6.8,6,0,0,1,1,156,149,156,28,16,10,24,0,0,0,0,0,0,static-wide-low,zero,admissible
16079010,static-wide-low,static-wide-low,claim-iid5,claim-iid5,claim-iid5,5,30331551318,30331551318,33334530,16345885,36830,0,0,0,1,1,1,0,0,0,15,0,15,2000,0.0075,420,15,0,420,56000,0.0075,420,0,0,0,0,0,60,57,3,0,2000,0,0,0,0,0,0,0,0,0,0,NaN,NaN,NaN,NaN,1,0,0,coherence-cumulative,1,15,0,0,31336466139,NaN,0,1,2,33619635,2450,2730,5927746,6.8,6,0,0,1,1,156,149,156,28,16,10,24,0,0,0,0,0,0,static-wide-low,claim-iid5,admissible
16079010,static-wide-low,static-wide-low,response-iid5,response-iid5,response-iid5,5,30331551318,30331551318,33334530,16345885,36830,0,0,0,1,1,1,0,0,0,15,0,15,2000,0.0075,420,15,0,420,56000,0.0075,420,0,0,0,0,0,60,60,0,0,2000,0,0,0,0,0,0,0,0,0,0,NaN,NaN,NaN,NaN,1,0,0,coherence-cumulative,1,15,0,0,31336466139,NaN,0,1,3,33619635,2450,2730,5927746,6.8,6,0,0,1,1,156,149,156,28,16,10,24,0,0,0,0,0,0,static-wide-low,response-iid5,admissible
16079010,static-wide-low,static-wide-low,joint-control-iid5,joint-control-iid5,joint-control-iid5,5,30331551318,30331551318,33720095,16345885,36830,0,0,0,1,1,1,0,0,0,15,0,15,2000,0.0075,420,15,0,420,56000,0.0075,420,0,0,0,0,0,60,57,3,0,2000,0,0,0,0,0,0,0,0,0,0,NaN,NaN,NaN,NaN,1,0,0,coherence-cumulative,1,15,0,0,31336466139,NaN,0,1,4,33619635,2450,2730,5927746,6.8,6,0,0,1,1,156,149,156,28,16,10,24,0,0,0,0,0,0,static-wide-low,joint-control-iid5,admissible
16079010,static-wide-low,static-wide-low,iid-occupancy15,iid-occupancy15,iid-occupancy15,5,30331551318,21874414366,32948965,16345885,36830,0,0,0,1,1,1,0,0,0,15,0,15,2000,0.0075,420,15,0,420,56000,0.0075,420,0,0,0,0,0,60,40,20,0,2000,0,0,0,0,0,0,0,0,0,0,NaN,NaN,NaN,NaN,1,0,0,coherence-cumulative,1,15,0,0.15,31336466139,780343,3477,1,5,33619635,2450,2730,5927746,6.8,6,0,0,1,1,156,149,156,28,16,10,24,0,0,0,0,0,0,static-wide-low,iid-occupancy15,admissible
16079010,static-wide-low,static-wide-low,directed-response-blackout,directed-response-blackout,directed-response-blackout,5,30331551318,30331551318,32948965,16345885,36830,0,0,0,1,1,1,0,0,0,15,0,15,2000,0.0075,420,15,0,420,56000,0.0075,420,0,0,0,0,0,60,60,0,0,2000,0,0,0,0,0,0,0,0,0,0,NaN,NaN,NaN,NaN,1,0,0,coherence-cumulative,1,15,0,0,31336466139,NaN,0,1,6,33619635,2450,2730,5927746,6.8,6,0,0,1,1,156,149,156,28,16,10,24,0,0,0,0,0,0,static-wide-low,directed-response-blackout,admissible
16079010,mobile-limited-low,mobile-limited-low,zero,zero,zero,5,30331551318,30331551318,32377226,16345885,36050,0,0,0,1,1,1,0,0,0,15,0,15,2000,0.0075,420,15,0,420,56000,0.0075,420,0,0,0,0,0,0,0,0,0,2000,0,0,0,0,0,0,0,0,0,0,NaN,NaN,NaN,NaN,1,0,0,coherence-cumulative,1,15,0,0,31336466139,NaN,0,2,1,33619635,2450,2450,7427070,6.8,6,0,0,1,1,156,149,156,28,16,10,24,0,0,0,0,0,0,mobile-limited-low,zero,admissible
16079010,mobile-limited-low,mobile-limited-low,claim-iid5,claim-iid5,claim-iid5,5,30331551318,30331551318,32762791,16345885,36050,0,0,0,1,1,1,0,0,0,15,0,15,2000,0.0075,420,15,0,420,56000,0.0075,420,0,0,0,0,0,0,0,0,0,2000,0,0,0,0,0,0,0,0,0,0,NaN,NaN,NaN,NaN,1,0,0,coherence-cumulative,1,15,0,0,31336466139,NaN,0,2,2,33619635,2450,2450,7427070,6.8,6,0,0,1,1,156,149,156,28,16,10,24,0,0,0,0,0,0,mobile-limited-low,claim-iid5,admissible
16079010,mobile-limited-low,mobile-limited-low,response-iid5,response-iid5,response-iid5,5,30331551318,30331551318,32762791,16345885,36050,0,0,0,1,1,1,0,0,0,15,0,15,2000,0.0075,420,15,0,420,56000,0.0075,420,0,0,0,0,0,0,0,0,0,2000,0,0,0,0,0,0,0,0,0,0,NaN,NaN,NaN,NaN,1,0,0,coherence-cumulative,1,15,0,0,31336466139,NaN,0,2,3,33619635,2450,2450,7427070,6.8,6,0,0,1,1,156,149,156,28,16,10,24,0,0,0,0,0,0,mobile-limited-low,response-iid5,admissible
16079010,mobile-limited-low,mobile-limited-low,joint-control-iid5,joint-control-iid5,joint-control-iid5,5,30331551318,30331551318,33148356,16345885,36050,0,0,0,1,1,1,0,0,0,15,0,15,2000,0.0075,420,15,0,420,56000,0.0075,420,0,0,0,0,0,0,0,0,0,2000,0,0,0,0,0,0,0,0,0,0,NaN,NaN,NaN,NaN,1,0,0,coherence-cumulative,1,15,0,0,31336466139,NaN,0,2,4,33619635,2450,2450,7427070,6.8,6,0,0,1,1,156,149,156,28,16,10,24,0,0,0,0,0,0,mobile-limited-low,joint-control-iid5,admissible
16079010,mobile-limited-low,mobile-limited-low,iid-occupancy15,iid-occupancy15,iid-occupancy15,5,30331551318,21874414366,32377226,16345885,36050,0,0,0,1,1,1,0,0,0,15,0,15,2000,0.0075,420,15,0,420,56000,0.0075,420,0,0,0,0,0,0,0,0,0,2000,0,0,0,0,0,0,0,0,0,0,NaN,NaN,NaN,NaN,1,0,0,coherence-cumulative,1,15,0,0.15,31336466139,780343,3477,2,5,33619635,2450,2450,7427070,6.8,6,0,0,1,1,156,149,156,28,16,10,24,0,0,0,0,0,0,mobile-limited-low,iid-occupancy15,admissible
16079010,mobile-limited-low,mobile-limited-low,directed-response-blackout,directed-response-blackout,directed-response-blackout,5,30331551318,30331551318,32377226,16345885,36050,0,0,0,1,1,1,0,0,0,15,0,15,2000,0.0075,420,15,0,420,56000,0.0075,420,0,0,0,0,0,0,0,0,0,2000,0,0,0,0,0,0,0,0,0,0,NaN,NaN,NaN,NaN,1,0,0,coherence-cumulative,1,15,0,0,31336466139,NaN,0,2,6,33619635,2450,2450,7427070,6.8,6,0,0,1,1,156,149,156,28,16,10,24,0,0,0,0,0,0,mobile-limited-low,directed-response-blackout,admissible
16079010,mobile-limited-high,mobile-limited-high,zero,zero,zero,5,30331551318,30331551318,33157183,16345885,36050,0,0,0,1,1,1,0,0,0,15,0,15,2000,0.0075,420,15,0,420,56000,0.0075,420,0,0,0,0,0,0,0,0,0,2000,0,0,0,0,0,0,0,0,0,0,NaN,NaN,NaN,NaN,1,0,0,coherence-cumulative,1,15,0,0,31336466139,NaN,0,3,1,33619635,2450,2450,4986441,6.8,6,0,0,1,1,156,149,156,28,16,10,24,0,0,0,0,0,0,mobile-limited-high,zero,admissible
16079010,mobile-limited-high,mobile-limited-high,claim-iid5,claim-iid5,claim-iid5,5,30331551318,30331551318,33542748,16345885,36050,0,0,0,1,1,1,0,0,0,15,0,15,2000,0.0075,420,15,0,420,56000,0.0075,420,0,0,0,0,0,0,0,0,0,2000,0,0,0,0,0,0,0,0,0,0,NaN,NaN,NaN,NaN,1,0,0,coherence-cumulative,1,15,0,0,31336466139,NaN,0,3,2,33619635,2450,2450,4986441,6.8,6,0,0,1,1,156,149,156,28,16,10,24,0,0,0,0,0,0,mobile-limited-high,claim-iid5,admissible
16079010,mobile-limited-high,mobile-limited-high,response-iid5,response-iid5,response-iid5,5,30331551318,30331551318,33542748,16345885,36050,0,0,0,1,1,1,0,0,0,15,0,15,2000,0.0075,420,15,0,420,56000,0.0075,420,0,0,0,0,0,0,0,0,0,2000,0,0,0,0,0,0,0,0,0,0,NaN,NaN,NaN,NaN,1,0,0,coherence-cumulative,1,15,0,0,31336466139,NaN,0,3,3,33619635,2450,2450,4986441,6.8,6,0,0,1,1,156,149,156,28,16,10,24,0,0,0,0,0,0,mobile-limited-high,response-iid5,admissible
16079010,mobile-limited-high,mobile-limited-high,joint-control-iid5,joint-control-iid5,joint-control-iid5,5,30331551318,30331551318,33928313,16345885,36050,0,0,0,1,1,1,0,0,0,15,0,15,2000,0.0075,420,15,0,420,56000,0.0075,420,0,0,0,0,0,0,0,0,0,2000,0,0,0,0,0,0,0,0,0,0,NaN,NaN,NaN,NaN,1,0,0,coherence-cumulative,1,15,0,0,31336466139,NaN,0,3,4,33619635,2450,2450,4986441,6.8,6,0,0,1,1,156,149,156,28,16,10,24,0,0,0,0,0,0,mobile-limited-high,joint-control-iid5,admissible
16079010,mobile-limited-high,mobile-limited-high,iid-occupancy15,iid-occupancy15,iid-occupancy15,5,30331551318,21874414366,33157183,16345885,36050,0,0,0,1,1,1,0,0,0,15,0,15,2000,0.0075,420,15,0,420,56000,0.0075,420,0,0,0,0,0,0,0,0,0,2000,0,0,0,0,0,0,0,0,0,0,NaN,NaN,NaN,NaN,1,0,0,coherence-cumulative,1,15,0,0.15,31336466139,780343,3477,3,5,33619635,2450,2450,4986441,6.8,6,0,0,1,1,156,149,156,28,16,10,24,0,0,0,0,0,0,mobile-limited-high,iid-occupancy15,admissible
16079010,mobile-limited-high,mobile-limited-high,directed-response-blackout,directed-response-blackout,directed-response-blackout,5,30331551318,30331551318,33157183,16345885,36050,0,0,0,1,1,1,0,0,0,15,0,15,2000,0.0075,420,15,0,420,56000,0.0075,420,0,0,0,0,0,0,0,0,0,2000,0,0,0,0,0,0,0,0,0,0,NaN,NaN,NaN,NaN,1,0,0,coherence-cumulative,1,15,0,0,31336466139,NaN,0,3,6,33619635,2450,2450,4986441,6.8,6,0,0,1,1,156,149,156,28,16,10,24,0,0,0,0,0,0,mobile-limited-high,directed-response-blackout,admissible
16079010,static-wide-low,static-wide-low,zero,zero,zero,10,113381307856,113381307856,33246695,66901871,632362,6,0,1,1,1,1,0,0,0,60,36,96,6400,0.015,1680,96,936,2616,174400,0.015,2616,36,36,0,0,0,864,864,0,0,4000,0,3200,3200,0,0,0,0,0,0,0,NaN,NaN,NaN,NaN,1,0,0,coherence-cumulative,1,60,0,0,31521781811,NaN,0,1,1,73112501,36506,40685,5319888,6.8,6,6,0,1,1,74,67,74,28,16,10,24,26,0,0,0,0,0,static-wide-low,zero,admissible
16079010,static-wide-low,static-wide-low,claim-iid5,claim-iid5,claim-iid5,10,113381307856,113381307856,33632260,66892634,632362,6,0,1,1,2,0.99925,0,0,0,66,47,113,6400,0.01765625,1848,96,1222,3070,174400,0.0176032110091743,2616,44,47,5,0,0,1017,982,35,0,3997,0,3196,3196,0,0,0,0,0,0,0,NaN,NaN,NaN,NaN,1,0,0,coherence-cumulative,1,61,0,0,31521781811,NaN,0,1,2,73112501,36506,40685,5319888,6.8,6,6,0,1,1,74,67,74,28,16,10,24,26,0,0,0,0,0,static-wide-low,claim-iid5,admissible
16079010,static-wide-low,static-wide-low,response-iid5,response-iid5,response-iid5,10,113381307856,113381307856,33632260,66901871,632362,6,0,1,1,1,1,0,0,0,67,48,115,6400,0.01796875,1876,96,1248,3124,174400,0.0179128440366972,2616,48,48,7,0,0,1035,1011,24,0,4000,0,3200,3200,0,0,0,0,0,0,0,NaN,NaN,NaN,NaN,1,0,0,coherence-cumulative,1,60,0,0,31521781811,NaN,0,1,3,73112501,36506,40685,5319888,6.8,6,6,0,1,1,74,67,74,28,16,10,24,26,0,0,0,0,0,static-wide-low,response-iid5,admissible
16079010,static-wide-low,static-wide-low,joint-control-iid5,joint-control-iid5,joint-control-iid5,10,113381307856,113381307856,34017825,66892634,632362,6,0,1,1,2,0.99925,0,0,0,73,58,131,6400,0.02046875,2044,96,1508,3552,174400,0.0203669724770642,2616,55,58,12,0,0,1179,1111,68,0,3997,0,3196,3196,0,0,0,0,0,0,0,NaN,NaN,NaN,NaN,1,0,0,coherence-cumulative,1,61,0,0,31521781811,NaN,0,1,4,73112501,36506,40685,5319888,6.8,6,6,0,1,1,74,67,74,28,16,10,24,26,0,0,0,0,0,static-wide-low,joint-control-iid5,admissible
16079010,static-wide-low,static-wide-low,iid-occupancy15,iid-occupancy15,iid-occupancy15,10,113381307856,76909494204,33246695,66893664,632362,6,0,1,1,2,0.99925,0,0,0,111,116,227,6400,0.03546875,3108,96,3016,6124,174400,0.0351146788990826,2616,112,116,43,0,0,2043,1422,621,0,3997,0,3196,1615,1581,0,0,0,0,0,0,NaN,NaN,NaN,NaN,1,0,0,coherence-cumulative,1,68,0,0.15,31521781811,1572167,7454,1,5,73112501,36506,40685,5319888,6.8,6,6,0,1,1,74,67,74,28,16,10,24,26,0,0,0,0,0,static-wide-low,iid-occupancy15,admissible
16079010,static-wide-low,static-wide-low,directed-response-blackout,directed-response-blackout,directed-response-blackout,10,113381307856,93946237637,33246695,65955348,632362,6,0,1,0,NaN,0.9,0,0,0,454,1218,1672,6400,0.26125,12712,96,31668,44380,174400,0.25447247706422,2616,1218,1218,399,0,0,15048,14648,400,0,3600,83,2400,2400,0,0,166,166,0,0,1,NaN,NaN,NaN,NaN,1,0,0,coherence-cumulative,1,55,1,0,31521781811,NaN,0,1,6,73112501,36506,40685,5319888,6.8,6,6,0,1,1,74,67,74,28,16,10,24,26,0,1,0,0,0,static-wide-low,directed-response-blackout,admissible
16079010,mobile-limited-low,mobile-limited-low,zero,zero,zero,10,113381307856,113381307856,32138222,66979395,590091,6,2,2,1,1,1,0,0,0,1000,500,1500,6000,0.25,28000,1500,14000,42000,168000,0.25,42000,600,600,0,200,0,1500,1500,0,0,4000,0,3200,3200,0,0,0,0,0,0,0,NaN,NaN,NaN,NaN,1,0,0,coherence-cumulative,1,1000,0,0,31521781811,NaN,0,2,1,73112501,36506,36506,5256057,1,3,6,2,1,1,11,4,11,28,16,10,24,36,0,0,0,0,0,mobile-limited-low,zero,admissible
16079010,mobile-limited-low,mobile-limited-low,claim-iid5,claim-iid5,claim-iid5,10,113381307856,113381307856,32523787,66981271,590091,6,2,2,1,1,1,0,0,0,1042,569,1611,6000,0.2685,29176,1500,15884,45060,168000,0.268214285714286,42000,678,678,30,238,0,1667,1633,34,0,4000,0,3200,3200,0,0,0,0,0,0,0,NaN,NaN,NaN,NaN,1,0,0,coherence-cumulative,1,1012,0,0,31521781811,NaN,0,2,2,73112501,36506,36506,5256057,1,3,6,2,1,1,11,4,11,28,16,10,24,36,0,0,0,0,0,mobile-limited-low,claim-iid5,admissible
16079010,mobile-limited-low,mobile-limited-low,response-iid5,response-iid5,response-iid5,10,113381307856,113381307856,32523787,66979395,590091,6,2,2,1,1,1,0,0,0,1031,558,1589,6000,0.264833333333333,28868,1500,15598,44466,168000,0.264678571428571,42000,667,667,31,219,0,1629,1594,35,0,4000,0,3200,3200,0,0,0,0,0,0,0,NaN,NaN,NaN,NaN,1,0,0,coherence-cumulative,1,1000,0,0,31521781811,NaN,0,2,3,73112501,36506,36506,5256057,1,3,6,2,1,1,11,4,11,28,16,10,24,36,0,0,0,0,0,mobile-limited-low,response-iid5,admissible
16079010,mobile-limited-low,mobile-limited-low,joint-control-iid5,joint-control-iid5,joint-control-iid5,10,113381307856,113381307856,32909352,66980925,590091,6,2,2,1,1,1,0,0,0,1068,610,1678,6000,0.279666666666667,29904,1500,17050,46954,168000,0.279488095238095,42000,729,729,58,248,0,1761,1691,70,0,4000,0,3200,3200,0,0,0,0,0,0,0,NaN,NaN,NaN,NaN,1,0,0,coherence-cumulative,1,1010,0,0,31521781811,NaN,0,2,4,73112501,36506,36506,5256057,1,3,6,2,1,1,11,4,11,28,16,10,24,36,0,0,0,0,0,mobile-limited-low,joint-control-iid5,admissible
16079010,mobile-limited-low,mobile-limited-low,iid-occupancy15,iid-occupancy15,iid-occupancy15,10,113381307856,77478081813,32138222,66976811,590091,6,2,2,1,2,0.9995,0,0,0,1466,1121,2587,6000,0.431166666666667,41048,1500,31146,72194,168000,0.42972619047619,42000,1319,1321,447,495,0,3074,2277,797,0,3998,0,3197,1620,1577,0,0,0,0,0,0,NaN,NaN,NaN,NaN,1,0,0,coherence-cumulative,1,1019,0,0.15,31521781811,1562911,7347,2,5,73112501,36506,36506,5256057,1,3,6,2,1,1,11,4,11,28,16,10,24,36,0,0,0,0,0,mobile-limited-low,iid-occupancy15,admissible
16079010,mobile-limited-low,mobile-limited-low,directed-response-blackout,directed-response-blackout,directed-response-blackout,10,113381307856,93946237637,32138222,66017612,590091,6,2,2,0,NaN,0.9,0,0,0,1300,1100,2400,6000,0.4,36400,1500,32600,69000,168000,0.410714285714286,42000,1500,1500,399,500,0,3000,2600,400,0,3600,83,2400,2400,0,0,166,166,0,0,1,NaN,NaN,NaN,NaN,1,0,0,coherence-cumulative,1,901,1,0,31521781811,NaN,0,2,6,73112501,36506,36506,5256057,1,3,6,2,1,1,11,4,11,28,16,10,24,36,0,1,0,0,0,mobile-limited-low,directed-response-blackout,admissible
16079010,mobile-limited-high,mobile-limited-high,zero,zero,zero,10,113381307856,113381307856,32557723,57168250,565456,0,0,0,0,NaN,0,0,0,14,0,0,0,4000,0,0,310,0,0,112000,0,8680,0,0,0,0,0,0,0,0,0,0,745,0,0,0,0,549,521,0,28,1,NaN,NaN,NaN,NaN,1,0,0,coherence-cumulative,1,0,0,0,31521781811,NaN,0,3,1,73112501,36506,36506,5164775,0,0,0,0,1,0,0,13,20,28,16,10,24,0,0,0,0,0,0,mobile-limited-high,zero,selector-issued-no-horizon
16079010,mobile-limited-high,mobile-limited-high,claim-iid5,claim-iid5,claim-iid5,10,113381307856,113381307856,32943288,57168250,565456,0,0,0,0,NaN,0,0,0,14,0,0,0,4000,0,0,310,0,0,112000,0,8680,0,0,0,0,0,0,0,0,0,0,745,0,0,0,0,549,521,0,28,1,NaN,NaN,NaN,NaN,1,0,0,coherence-cumulative,1,0,0,0,31521781811,NaN,0,3,2,73112501,36506,36506,5164775,0,0,0,0,1,0,0,13,20,28,16,10,24,0,0,0,0,0,0,mobile-limited-high,claim-iid5,selector-issued-no-horizon
16079010,mobile-limited-high,mobile-limited-high,response-iid5,response-iid5,response-iid5,10,113381307856,113381307856,32943288,57168250,565456,0,0,0,0,NaN,0,0,0,14,0,0,0,4000,0,0,310,0,0,112000,0,8680,0,0,0,0,0,0,0,0,0,0,745,0,0,0,0,549,521,0,28,1,NaN,NaN,NaN,NaN,1,0,0,coherence-cumulative,1,0,0,0,31521781811,NaN,0,3,3,73112501,36506,36506,5164775,0,0,0,0,1,0,0,13,20,28,16,10,24,0,0,0,0,0,0,mobile-limited-high,response-iid5,selector-issued-no-horizon
16079010,mobile-limited-high,mobile-limited-high,joint-control-iid5,joint-control-iid5,joint-control-iid5,10,113381307856,113381307856,33328853,57168250,565456,0,0,0,0,NaN,0,0,0,14,0,0,0,4000,0,0,310,0,0,112000,0,8680,0,0,0,0,0,0,0,0,0,0,745,0,0,0,0,549,521,0,28,1,NaN,NaN,NaN,NaN,1,0,0,coherence-cumulative,1,0,0,0,31521781811,NaN,0,3,4,73112501,36506,36506,5164775,0,0,0,0,1,0,0,13,20,28,16,10,24,0,0,0,0,0,0,mobile-limited-high,joint-control-iid5,selector-issued-no-horizon
16079010,mobile-limited-high,mobile-limited-high,iid-occupancy15,iid-occupancy15,iid-occupancy15,10,113381307856,79308255393,32557723,57168250,565456,0,0,0,0,NaN,0,0,0,14,0,0,0,4000,0,0,310,0,0,112000,0,8680,0,0,0,0,0,0,0,0,0,0,745,0,0,0,0,549,259,262,28,1,NaN,NaN,NaN,NaN,1,0,0,coherence-cumulative,1,0,0,0.15,31521781811,1725006,6952,3,5,73112501,36506,36506,5164775,0,0,0,0,1,0,0,13,20,28,16,10,24,0,0,0,0,0,0,mobile-limited-high,iid-occupancy15,selector-issued-no-horizon
16079010,mobile-limited-high,mobile-limited-high,directed-response-blackout,directed-response-blackout,directed-response-blackout,10,113381307856,113381307856,32557723,57168250,565456,0,0,0,0,NaN,0,0,0,14,0,0,0,4000,0,0,310,0,0,112000,0,8680,0,0,0,0,0,0,0,0,0,0,745,0,0,0,0,549,521,0,28,1,NaN,NaN,NaN,NaN,1,0,0,coherence-cumulative,1,0,0,0,31521781811,NaN,0,3,6,73112501,36506,36506,5164775,0,0,0,0,1,0,0,13,20,28,16,10,24,0,0,0,0,0,0,mobile-limited-high,directed-response-blackout,selector-issued-no-horizon
16079011,static-wide-low,static-wide-low,zero,zero,zero,5,30390496464,30390496464,33543516,16345885,36830,0,0,0,1,1,1,0,0,0,15,0,15,2000,0.0075,420,15,0,420,56000,0.0075,420,0,0,0,0,0,60,60,0,0,2000,0,0,0,0,0,0,0,0,0,0,NaN,NaN,NaN,NaN,1,0,0,coherence-cumulative,1,15,0,0,31614108468,NaN,0,1,1,33749677,2450,2730,6187275,6.8,6,0,0,1,1,156,149,156,28,16,10,24,0,0,0,0,0,0,static-wide-low,zero,admissible
16079011,static-wide-low,static-wide-low,claim-iid5,claim-iid5,claim-iid5,5,30390496464,30390496464,33929081,16345885,36830,0,0,0,1,1,1,0,0,0,15,0,15,2000,0.0075,420,15,0,420,56000,0.0075,420,0,0,0,0,0,60,59,1,0,2000,0,0,0,0,0,0,0,0,0,0,NaN,NaN,NaN,NaN,1,0,0,coherence-cumulative,1,15,0,0,31614108468,NaN,0,1,2,33749677,2450,2730,6187275,6.8,6,0,0,1,1,156,149,156,28,16,10,24,0,0,0,0,0,0,static-wide-low,claim-iid5,admissible
16079011,static-wide-low,static-wide-low,response-iid5,response-iid5,response-iid5,5,30390496464,30390496464,33929081,16345885,36830,0,0,0,1,1,1,0,0,0,15,0,15,2000,0.0075,420,15,0,420,56000,0.0075,420,0,0,0,0,0,60,60,0,0,2000,0,0,0,0,0,0,0,0,0,0,NaN,NaN,NaN,NaN,1,0,0,coherence-cumulative,1,15,0,0,31614108468,NaN,0,1,3,33749677,2450,2730,6187275,6.8,6,0,0,1,1,156,149,156,28,16,10,24,0,0,0,0,0,0,static-wide-low,response-iid5,admissible
16079011,static-wide-low,static-wide-low,joint-control-iid5,joint-control-iid5,joint-control-iid5,5,30390496464,30390496464,34314646,16345885,36830,0,0,0,1,1,1,0,0,0,15,0,15,2000,0.0075,420,15,0,420,56000,0.0075,420,0,0,0,0,0,60,59,1,0,2000,0,0,0,0,0,0,0,0,0,0,NaN,NaN,NaN,NaN,1,0,0,coherence-cumulative,1,15,0,0,31614108468,NaN,0,1,4,33749677,2450,2730,6187275,6.8,6,0,0,1,1,156,149,156,28,16,10,24,0,0,0,0,0,0,static-wide-low,joint-control-iid5,admissible
16079011,static-wide-low,static-wide-low,iid-occupancy15,iid-occupancy15,iid-occupancy15,5,30390496464,22210830143,33543516,16345885,36830,0,0,0,1,1,1,0,0,0,15,0,15,2000,0.0075,420,15,0,420,56000,0.0075,420,0,0,0,0,0,60,52,8,0,2000,0,0,0,0,0,0,0,0,0,0,NaN,NaN,NaN,NaN,1,0,0,coherence-cumulative,1,15,0,0.15,31614108468,1827506,3361,1,5,33749677,2450,2730,6187275,6.8,6,0,0,1,1,156,149,156,28,16,10,24,0,0,0,0,0,0,static-wide-low,iid-occupancy15,admissible
16079011,static-wide-low,static-wide-low,directed-response-blackout,directed-response-blackout,directed-response-blackout,5,30390496464,30390496464,33543516,16345885,36830,0,0,0,1,1,1,0,0,0,15,0,15,2000,0.0075,420,15,0,420,56000,0.0075,420,0,0,0,0,0,60,60,0,0,2000,0,0,0,0,0,0,0,0,0,0,NaN,NaN,NaN,NaN,1,0,0,coherence-cumulative,1,15,0,0,31614108468,NaN,0,1,6,33749677,2450,2730,6187275,6.8,6,0,0,1,1,156,149,156,28,16,10,24,0,0,0,0,0,0,static-wide-low,directed-response-blackout,admissible
16079011,mobile-limited-low,mobile-limited-low,zero,zero,zero,5,30390496464,30390496464,33665864,16345885,36050,0,0,0,1,1,1,0,0,0,15,0,15,2000,0.0075,420,15,0,420,56000,0.0075,420,0,0,0,0,0,0,0,0,0,2000,0,0,0,0,0,0,0,0,0,0,NaN,NaN,NaN,NaN,1,0,0,coherence-cumulative,1,15,0,0,31614108468,NaN,0,2,1,33749677,2450,2450,5203014,6.8,6,0,0,1,1,156,149,156,28,16,10,24,0,0,0,0,0,0,mobile-limited-low,zero,admissible
16079011,mobile-limited-low,mobile-limited-low,claim-iid5,claim-iid5,claim-iid5,5,30390496464,30390496464,34051429,16345885,36050,0,0,0,1,1,1,0,0,0,15,0,15,2000,0.0075,420,15,0,420,56000,0.0075,420,0,0,0,0,0,0,0,0,0,2000,0,0,0,0,0,0,0,0,0,0,NaN,NaN,NaN,NaN,1,0,0,coherence-cumulative,1,15,0,0,31614108468,NaN,0,2,2,33749677,2450,2450,5203014,6.8,6,0,0,1,1,156,149,156,28,16,10,24,0,0,0,0,0,0,mobile-limited-low,claim-iid5,admissible
16079011,mobile-limited-low,mobile-limited-low,response-iid5,response-iid5,response-iid5,5,30390496464,30390496464,34051429,16345885,36050,0,0,0,1,1,1,0,0,0,15,0,15,2000,0.0075,420,15,0,420,56000,0.0075,420,0,0,0,0,0,0,0,0,0,2000,0,0,0,0,0,0,0,0,0,0,NaN,NaN,NaN,NaN,1,0,0,coherence-cumulative,1,15,0,0,31614108468,NaN,0,2,3,33749677,2450,2450,5203014,6.8,6,0,0,1,1,156,149,156,28,16,10,24,0,0,0,0,0,0,mobile-limited-low,response-iid5,admissible
16079011,mobile-limited-low,mobile-limited-low,joint-control-iid5,joint-control-iid5,joint-control-iid5,5,30390496464,30390496464,34436994,16345885,36050,0,0,0,1,1,1,0,0,0,15,0,15,2000,0.0075,420,15,0,420,56000,0.0075,420,0,0,0,0,0,0,0,0,0,2000,0,0,0,0,0,0,0,0,0,0,NaN,NaN,NaN,NaN,1,0,0,coherence-cumulative,1,15,0,0,31614108468,NaN,0,2,4,33749677,2450,2450,5203014,6.8,6,0,0,1,1,156,149,156,28,16,10,24,0,0,0,0,0,0,mobile-limited-low,joint-control-iid5,admissible
16079011,mobile-limited-low,mobile-limited-low,iid-occupancy15,iid-occupancy15,iid-occupancy15,5,30390496464,22210830143,33665864,16345885,36050,0,0,0,1,1,1,0,0,0,15,0,15,2000,0.0075,420,15,0,420,56000,0.0075,420,0,0,0,0,0,0,0,0,0,2000,0,0,0,0,0,0,0,0,0,0,NaN,NaN,NaN,NaN,1,0,0,coherence-cumulative,1,15,0,0.15,31614108468,1827506,3361,2,5,33749677,2450,2450,5203014,6.8,6,0,0,1,1,156,149,156,28,16,10,24,0,0,0,0,0,0,mobile-limited-low,iid-occupancy15,admissible
16079011,mobile-limited-low,mobile-limited-low,directed-response-blackout,directed-response-blackout,directed-response-blackout,5,30390496464,30390496464,33665864,16345885,36050,0,0,0,1,1,1,0,0,0,15,0,15,2000,0.0075,420,15,0,420,56000,0.0075,420,0,0,0,0,0,0,0,0,0,2000,0,0,0,0,0,0,0,0,0,0,NaN,NaN,NaN,NaN,1,0,0,coherence-cumulative,1,15,0,0,31614108468,NaN,0,2,6,33749677,2450,2450,5203014,6.8,6,0,0,1,1,156,149,156,28,16,10,24,0,0,0,0,0,0,mobile-limited-low,directed-response-blackout,admissible
16079011,mobile-limited-high,mobile-limited-high,zero,zero,zero,5,30390496464,30390496464,33471784,16345885,36050,0,0,0,1,1,1,0,0,0,15,0,15,2000,0.0075,420,15,0,420,56000,0.0075,420,0,0,0,0,0,0,0,0,0,2000,0,0,0,0,0,0,0,0,0,0,NaN,NaN,NaN,NaN,1,0,0,coherence-cumulative,1,15,0,0,31614108468,NaN,0,3,1,33749677,2450,2450,5945372,6.8,6,0,0,1,1,156,149,156,28,16,10,24,0,0,0,0,0,0,mobile-limited-high,zero,admissible
16079011,mobile-limited-high,mobile-limited-high,claim-iid5,claim-iid5,claim-iid5,5,30390496464,30390496464,33857349,16345885,36050,0,0,0,1,1,1,0,0,0,15,0,15,2000,0.0075,420,15,0,420,56000,0.0075,420,0,0,0,0,0,0,0,0,0,2000,0,0,0,0,0,0,0,0,0,0,NaN,NaN,NaN,NaN,1,0,0,coherence-cumulative,1,15,0,0,31614108468,NaN,0,3,2,33749677,2450,2450,5945372,6.8,6,0,0,1,1,156,149,156,28,16,10,24,0,0,0,0,0,0,mobile-limited-high,claim-iid5,admissible
16079011,mobile-limited-high,mobile-limited-high,response-iid5,response-iid5,response-iid5,5,30390496464,30390496464,33857349,16345885,36050,0,0,0,1,1,1,0,0,0,15,0,15,2000,0.0075,420,15,0,420,56000,0.0075,420,0,0,0,0,0,0,0,0,0,2000,0,0,0,0,0,0,0,0,0,0,NaN,NaN,NaN,NaN,1,0,0,coherence-cumulative,1,15,0,0,31614108468,NaN,0,3,3,33749677,2450,2450,5945372,6.8,6,0,0,1,1,156,149,156,28,16,10,24,0,0,0,0,0,0,mobile-limited-high,response-iid5,admissible
16079011,mobile-limited-high,mobile-limited-high,joint-control-iid5,joint-control-iid5,joint-control-iid5,5,30390496464,30390496464,34242914,16345885,36050,0,0,0,1,1,1,0,0,0,15,0,15,2000,0.0075,420,15,0,420,56000,0.0075,420,0,0,0,0,0,0,0,0,0,2000,0,0,0,0,0,0,0,0,0,0,NaN,NaN,NaN,NaN,1,0,0,coherence-cumulative,1,15,0,0,31614108468,NaN,0,3,4,33749677,2450,2450,5945372,6.8,6,0,0,1,1,156,149,156,28,16,10,24,0,0,0,0,0,0,mobile-limited-high,joint-control-iid5,admissible
16079011,mobile-limited-high,mobile-limited-high,iid-occupancy15,iid-occupancy15,iid-occupancy15,5,30390496464,22210830143,33471784,16345885,36050,0,0,0,1,1,1,0,0,0,15,0,15,2000,0.0075,420,15,0,420,56000,0.0075,420,0,0,0,0,0,0,0,0,0,2000,0,0,0,0,0,0,0,0,0,0,NaN,NaN,NaN,NaN,1,0,0,coherence-cumulative,1,15,0,0.15,31614108468,1827506,3361,3,5,33749677,2450,2450,5945372,6.8,6,0,0,1,1,156,149,156,28,16,10,24,0,0,0,0,0,0,mobile-limited-high,iid-occupancy15,admissible
16079011,mobile-limited-high,mobile-limited-high,directed-response-blackout,directed-response-blackout,directed-response-blackout,5,30390496464,30390496464,33471784,16345885,36050,0,0,0,1,1,1,0,0,0,15,0,15,2000,0.0075,420,15,0,420,56000,0.0075,420,0,0,0,0,0,0,0,0,0,2000,0,0,0,0,0,0,0,0,0,0,NaN,NaN,NaN,NaN,1,0,0,coherence-cumulative,1,15,0,0,31614108468,NaN,0,3,6,33749677,2450,2450,5945372,6.8,6,0,0,1,1,156,149,156,28,16,10,24,0,0,0,0,0,0,mobile-limited-high,directed-response-blackout,admissible
16079011,static-wide-low,static-wide-low,zero,zero,zero,10,112995210038,112995210038,34140671,66363417,611980,4,0,1,1,1,1,0,0,0,60,24,84,5600,0.015,1680,84,624,2304,153600,0.015,2304,24,24,0,0,0,756,756,0,0,4000,0,2400,2400,0,0,0,0,0,0,0,NaN,NaN,NaN,NaN,1,0,0,coherence-cumulative,1,60,0,0,31395578400,NaN,0,1,1,71477687,36403,40685,5180668,6.8,6,4,0,1,1,78,71,78,28,16,10,24,26,0,0,0,0,0,static-wide-low,zero,admissible
16079011,static-wide-low,static-wide-low,claim-iid5,claim-iid5,claim-iid5,10,112995210038,112995210038,34526236,66363496,611980,4,0,1,1,1,1,0,0,0,63,27,90,5600,0.0160714285714286,1764,84,702,2466,153600,0.0160546875,2304,27,27,2,0,0,810,780,30,0,4000,0,2400,2400,0,0,0,0,0,0,0,NaN,NaN,NaN,NaN,1,0,0,coherence-cumulative,1,61,0,0,31395578400,NaN,0,1,2,71477687,36403,40685,5180668,6.8,6,4,0,1,1,78,71,78,28,16,10,24,26,0,0,0,0,0,static-wide-low,claim-iid5,admissible
16079011,static-wide-low,static-wide-low,response-iid5,response-iid5,response-iid5,10,112995210038,112995210038,34526236,66363417,611980,4,0,1,1,1,1,0,0,0,60,24,84,5600,0.015,1680,84,624,2304,153600,0.015,2304,24,24,0,0,0,756,748,8,0,4000,0,2400,2400,0,0,0,0,0,0,0,NaN,NaN,NaN,NaN,1,0,0,coherence-cumulative,1,60,0,0,31395578400,NaN,0,1,3,71477687,36403,40685,5180668,6.8,6,4,0,1,1,78,71,78,28,16,10,24,26,0,0,0,0,0,static-wide-low,response-iid5,admissible
16079011,static-wide-low,static-wide-low,joint-control-iid5,joint-control-iid5,joint-control-iid5,10,112995210038,112995210038,34911801,66363496,611980,4,0,1,1,1,1,0,0,0,63,27,90,5600,0.0160714285714286,1764,84,702,2466,153600,0.0160546875,2304,27,27,2,0,0,810,772,38,0,4000,0,2400,2400,0,0,0,0,0,0,0,NaN,NaN,NaN,NaN,1,0,0,coherence-cumulative,1,61,0,0,31395578400,NaN,0,1,4,71477687,36403,40685,5180668,6.8,6,4,0,1,1,78,71,78,28,16,10,24,26,0,0,0,0,0,static-wide-low,joint-control-iid5,admissible
16079011,static-wide-low,static-wide-low,iid-occupancy15,iid-occupancy15,iid-occupancy15,10,112995210038,77834499725,34140671,66346550,611980,4,0,1,1,4,0.99825,0,0,0,98,61,159,5600,0.0283928571428571,2744,84,1586,4330,153600,0.0281901041666667,2304,55,61,34,0,0,1431,1053,378,0,3993,0,2391,1257,1134,0,0,0,0,0,0,NaN,NaN,NaN,NaN,1,0,0,coherence-cumulative,1,64,0,0.15,31395578400,1760224,7217,1,5,71477687,36403,40685,5180668,6.8,6,4,0,1,1,78,71,78,28,16,10,24,26,0,0,0,0,0,static-wide-low,iid-occupancy15,admissible
16079011,static-wide-low,static-wide-low,directed-response-blackout,directed-response-blackout,directed-response-blackout,10,112995210038,93719359027,34140671,65586105,611980,4,0,1,0,NaN,0.9,0,0,0,454,812,1266,5600,0.226071428571429,12712,84,21112,33824,153600,0.220208333333333,2304,812,812,399,0,0,11394,10994,400,0,3600,75,1600,1600,0,0,150,150,0,0,1,NaN,NaN,NaN,NaN,1,0,0,coherence-cumulative,1,55,1,0,31395578400,NaN,0,1,6,71477687,36403,40685,5180668,6.8,6,4,0,1,1,78,71,78,28,16,10,24,26,0,1,0,0,0,static-wide-low,directed-response-blackout,admissible
16079011,mobile-limited-low,mobile-limited-low,zero,zero,zero,10,112995210038,112995210038,32568694,57168250,565153,0,0,0,0,NaN,0,0,0,9,0,0,0,4000,0,0,310,0,0,112000,0,8680,0,0,0,0,0,0,0,0,0,0,814,0,0,0,0,427,409,0,18,1,NaN,NaN,NaN,NaN,1,0,0,coherence-cumulative,1,0,0,0,31395578400,NaN,0,2,1,71477687,36403,36403,6388366,0.5,2,4,1,1,0,0,13,20,28,16,10,24,0,0,0,0,0,0,mobile-limited-low,zero,horizon-shorter-than-renewal-slack
16079011,mobile-limited-low,mobile-limited-low,claim-iid5,claim-iid5,claim-iid5,10,112995210038,112995210038,32954259,57168250,565153,0,0,0,0,NaN,0,0,0,9,0,0,0,4000,0,0,310,0,0,112000,0,8680,0,0,0,0,0,0,0,0,0,0,814,0,0,0,0,427,409,0,18,1,NaN,NaN,NaN,NaN,1,0,0,coherence-cumulative,1,0,0,0,31395578400,NaN,0,2,2,71477687,36403,36403,6388366,0.5,2,4,1,1,0,0,13,20,28,16,10,24,0,0,0,0,0,0,mobile-limited-low,claim-iid5,horizon-shorter-than-renewal-slack
16079011,mobile-limited-low,mobile-limited-low,response-iid5,response-iid5,response-iid5,10,112995210038,112995210038,32954259,57168250,565153,0,0,0,0,NaN,0,0,0,9,0,0,0,4000,0,0,310,0,0,112000,0,8680,0,0,0,0,0,0,0,0,0,0,814,0,0,0,0,427,409,0,18,1,NaN,NaN,NaN,NaN,1,0,0,coherence-cumulative,1,0,0,0,31395578400,NaN,0,2,3,71477687,36403,36403,6388366,0.5,2,4,1,1,0,0,13,20,28,16,10,24,0,0,0,0,0,0,mobile-limited-low,response-iid5,horizon-shorter-than-renewal-slack
16079011,mobile-limited-low,mobile-limited-low,joint-control-iid5,joint-control-iid5,joint-control-iid5,10,112995210038,112995210038,33339824,57168250,565153,0,0,0,0,NaN,0,0,0,9,0,0,0,4000,0,0,310,0,0,112000,0,8680,0,0,0,0,0,0,0,0,0,0,814,0,0,0,0,427,409,0,18,1,NaN,NaN,NaN,NaN,1,0,0,coherence-cumulative,1,0,0,0,31395578400,NaN,0,2,4,71477687,36403,36403,6388366,0.5,2,4,1,1,0,0,13,20,28,16,10,24,0,0,0,0,0,0,mobile-limited-low,joint-control-iid5,horizon-shorter-than-renewal-slack
16079011,mobile-limited-low,mobile-limited-low,iid-occupancy15,iid-occupancy15,iid-occupancy15,10,112995210038,80143847059,32568694,57168250,565153,0,0,0,0,NaN,0,0,0,9,0,0,0,4000,0,0,310,0,0,112000,0,8680,0,0,0,0,0,0,0,0,0,0,814,0,0,0,0,427,215,194,18,1,NaN,NaN,NaN,NaN,1,0,0,coherence-cumulative,1,0,0,0.15,31395578400,1728734,6747,2,5,71477687,36403,36403,6388366,0.5,2,4,1,1,0,0,13,20,28,16,10,24,0,0,0,0,0,0,mobile-limited-low,iid-occupancy15,horizon-shorter-than-renewal-slack
16079011,mobile-limited-low,mobile-limited-low,directed-response-blackout,directed-response-blackout,directed-response-blackout,10,112995210038,112995210038,32568694,57168250,565153,0,0,0,0,NaN,0,0,0,9,0,0,0,4000,0,0,310,0,0,112000,0,8680,0,0,0,0,0,0,0,0,0,0,814,0,0,0,0,427,409,0,18,1,NaN,NaN,NaN,NaN,1,0,0,coherence-cumulative,1,0,0,0,31395578400,NaN,0,2,6,71477687,36403,36403,6388366,0.5,2,4,1,1,0,0,13,20,28,16,10,24,0,0,0,0,0,0,mobile-limited-low,directed-response-blackout,horizon-shorter-than-renewal-slack
16079011,mobile-limited-high,mobile-limited-high,zero,zero,zero,10,112995210038,112995210038,32018947,57168250,565153,0,0,0,0,NaN,0,0,0,9,0,0,0,4000,0,0,310,0,0,112000,0,8680,0,0,0,0,0,0,0,0,0,0,814,0,0,0,0,427,409,0,18,1,NaN,NaN,NaN,NaN,1,0,0,coherence-cumulative,1,0,0,0,31395578400,NaN,0,3,1,71477687,36403,36403,6468458,0,0,0,0,1,0,0,13,20,28,16,10,24,0,0,0,0,0,0,mobile-limited-high,zero,selector-issued-no-horizon
16079011,mobile-limited-high,mobile-limited-high,claim-iid5,claim-iid5,claim-iid5,10,112995210038,112995210038,32404512,57168250,565153,0,0,0,0,NaN,0,0,0,9,0,0,0,4000,0,0,310,0,0,112000,0,8680,0,0,0,0,0,0,0,0,0,0,814,0,0,0,0,427,409,0,18,1,NaN,NaN,NaN,NaN,1,0,0,coherence-cumulative,1,0,0,0,31395578400,NaN,0,3,2,71477687,36403,36403,6468458,0,0,0,0,1,0,0,13,20,28,16,10,24,0,0,0,0,0,0,mobile-limited-high,claim-iid5,selector-issued-no-horizon
16079011,mobile-limited-high,mobile-limited-high,response-iid5,response-iid5,response-iid5,10,112995210038,112995210038,32404512,57168250,565153,0,0,0,0,NaN,0,0,0,9,0,0,0,4000,0,0,310,0,0,112000,0,8680,0,0,0,0,0,0,0,0,0,0,814,0,0,0,0,427,409,0,18,1,NaN,NaN,NaN,NaN,1,0,0,coherence-cumulative,1,0,0,0,31395578400,NaN,0,3,3,71477687,36403,36403,6468458,0,0,0,0,1,0,0,13,20,28,16,10,24,0,0,0,0,0,0,mobile-limited-high,response-iid5,selector-issued-no-horizon
16079011,mobile-limited-high,mobile-limited-high,joint-control-iid5,joint-control-iid5,joint-control-iid5,10,112995210038,112995210038,32790077,57168250,565153,0,0,0,0,NaN,0,0,0,9,0,0,0,4000,0,0,310,0,0,112000,0,8680,0,0,0,0,0,0,0,0,0,0,814,0,0,0,0,427,409,0,18,1,NaN,NaN,NaN,NaN,1,0,0,coherence-cumulative,1,0,0,0,31395578400,NaN,0,3,4,71477687,36403,36403,6468458,0,0,0,0,1,0,0,13,20,28,16,10,24,0,0,0,0,0,0,mobile-limited-high,joint-control-iid5,selector-issued-no-horizon
16079011,mobile-limited-high,mobile-limited-high,iid-occupancy15,iid-occupancy15,iid-occupancy15,10,112995210038,80143847059,32018947,57168250,565153,0,0,0,0,NaN,0,0,0,9,0,0,0,4000,0,0,310,0,0,112000,0,8680,0,0,0,0,0,0,0,0,0,0,814,0,0,0,0,427,215,194,18,1,NaN,NaN,NaN,NaN,1,0,0,coherence-cumulative,1,0,0,0.15,31395578400,1728734,6747,3,5,71477687,36403,36403,6468458,0,0,0,0,1,0,0,13,20,28,16,10,24,0,0,0,0,0,0,mobile-limited-high,iid-occupancy15,selector-issued-no-horizon
16079011,mobile-limited-high,mobile-limited-high,directed-response-blackout,directed-response-blackout,directed-response-blackout,10,112995210038,112995210038,32018947,57168250,565153,0,0,0,0,NaN,0,0,0,9,0,0,0,4000,0,0,310,0,0,112000,0,8680,0,0,0,0,0,0,0,0,0,0,814,0,0,0,0,427,409,0,18,1,NaN,NaN,NaN,NaN,1,0,0,coherence-cumulative,1,0,0,0,31395578400,NaN,0,3,6,71477687,36403,36403,6468458,0,0,0,0,1,0,0,13,20,28,16,10,24,0,0,0,0,0,0,mobile-limited-high,directed-response-blackout,selector-issued-no-horizon
16079012,static-wide-low,static-wide-low,zero,zero,zero,5,30532328369,30532328369,33571327,16471445,37834,1,0,1,1,1,1,0,0,0,15,3,18,2400,0.0075,420,18,78,498,66400,0.0075,498,3,3,0,0,0,72,72,0,0,2000,0,800,800,0,0,0,0,0,0,0,NaN,NaN,NaN,NaN,1,0,0,coherence-cumulative,1,15,0,0,31465386298,NaN,0,1,1,34992025,2472,2730,4922585,6.8,6,1,0,1,1,148,141,148,28,16,10,24,26,0,0,0,0,0,static-wide-low,zero,admissible
16079012,static-wide-low,static-wide-low,claim-iid5,claim-iid5,claim-iid5,5,30532328369,30532328369,33956892,16471445,37834,1,0,1,1,1,1,0,0,0,15,3,18,2400,0.0075,420,18,78,498,66400,0.0075,498,3,3,0,0,0,72,70,2,0,2000,0,800,800,0,0,0,0,0,0,0,NaN,NaN,NaN,NaN,1,0,0,coherence-cumulative,1,15,0,0,31465386298,NaN,0,1,2,34992025,2472,2730,4922585,6.8,6,1,0,1,1,148,141,148,28,16,10,24,26,0,0,0,0,0,static-wide-low,claim-iid5,admissible
16079012,static-wide-low,static-wide-low,response-iid5,response-iid5,response-iid5,5,30532328369,30532328369,33956892,16471445,37834,1,0,1,1,1,1,0,0,0,15,3,18,2400,0.0075,420,18,78,498,66400,0.0075,498,3,3,0,0,0,72,71,1,0,2000,0,800,800,0,0,0,0,0,0,0,NaN,NaN,NaN,NaN,1,0,0,coherence-cumulative,1,15,0,0,31465386298,NaN,0,1,3,34992025,2472,2730,4922585,6.8,6,1,0,1,1,148,141,148,28,16,10,24,26,0,0,0,0,0,static-wide-low,response-iid5,admissible
16079012,static-wide-low,static-wide-low,joint-control-iid5,joint-control-iid5,joint-control-iid5,5,30532328369,30532328369,34342457,16471445,37834,1,0,1,1,1,1,0,0,0,15,3,18,2400,0.0075,420,18,78,498,66400,0.0075,498,3,3,0,0,0,72,69,3,0,2000,0,800,800,0,0,0,0,0,0,0,NaN,NaN,NaN,NaN,1,0,0,coherence-cumulative,1,15,0,0,31465386298,NaN,0,1,4,34992025,2472,2730,4922585,6.8,6,1,0,1,1,148,141,148,28,16,10,24,26,0,0,0,0,0,static-wide-low,joint-control-iid5,admissible
16079012,static-wide-low,static-wide-low,iid-occupancy15,iid-occupancy15,iid-occupancy15,5,30532328369,22071894477,33571327,16471445,37834,1,0,1,1,1,1,0,0,0,16,4,20,2400,0.00833333333333333,448,18,104,552,66400,0.00831325301204819,498,4,4,1,0,0,80,60,20,0,2000,0,800,404,396,0,0,0,0,0,0,NaN,NaN,NaN,NaN,1,0,0,coherence-cumulative,1,15,0,0.15,31465386298,1306961,3446,1,5,34992025,2472,2730,4922585,6.8,6,1,0,1,1,148,141,148,28,16,10,24,26,0,0,0,0,0,static-wide-low,iid-occupancy15,admissible
16079012,static-wide-low,static-wide-low,directed-response-blackout,directed-response-blackout,directed-response-blackout,5,30532328369,25648338541,33571327,15887771,37834,1,0,1,0,NaN,0.8,0,0,0,412,400,812,2400,0.338333333333333,11536,18,10400,21936,66400,0.330361445783133,498,400,400,399,0,0,3248,2848,400,0,1600,149,400,400,0,0,149,149,0,0,1,NaN,NaN,NaN,NaN,1,0,0,coherence-cumulative,1,13,1,0,31465386298,NaN,0,1,6,34992025,2472,2730,4922585,6.8,6,1,0,1,1,148,141,148,28,16,10,24,26,0,1,0,0,0,static-wide-low,directed-response-blackout,admissible
16079012,mobile-limited-low,mobile-limited-low,zero,zero,zero,5,30532328369,30532328369,32377707,16473959,36610,1,0,1,1,1,1,0,0,0,145,29,174,2400,0.0725,4060,174,754,4814,66400,0.0725,4814,29,29,0,0,0,87,87,0,0,2000,0,800,800,0,0,0,0,0,0,0,NaN,NaN,NaN,NaN,1,0,0,coherence-cumulative,1,145,0,0,31465386298,NaN,0,2,1,34992025,2472,2472,5649422,1,3,1,0,1,1,21,14,21,28,16,10,24,26,0,0,0,0,0,mobile-limited-low,zero,admissible
16079012,mobile-limited-low,mobile-limited-low,claim-iid5,claim-iid5,claim-iid5,5,30532328369,30532328369,32763272,16473959,36610,1,0,1,1,1,1,0,0,0,146,30,176,2400,0.0733333333333333,4088,174,780,4868,66400,0.0733132530120482,4814,30,30,1,0,0,89,87,2,0,2000,0,800,800,0,0,0,0,0,0,0,NaN,NaN,NaN,NaN,1,0,0,coherence-cumulative,1,145,0,0,31465386298,NaN,0,2,2,34992025,2472,2472,5649422,1,3,1,0,1,1,21,14,21,28,16,10,24,26,0,0,0,0,0,mobile-limited-low,claim-iid5,admissible
16079012,mobile-limited-low,mobile-limited-low,response-iid5,response-iid5,response-iid5,5,30532328369,30532328369,32763272,16473959,36610,1,0,1,1,1,1,0,0,0,145,29,174,2400,0.0725,4060,174,754,4814,66400,0.0725,4814,29,29,0,0,0,87,87,0,0,2000,0,800,800,0,0,0,0,0,0,0,NaN,NaN,NaN,NaN,1,0,0,coherence-cumulative,1,145,0,0,31465386298,NaN,0,2,3,34992025,2472,2472,5649422,1,3,1,0,1,1,21,14,21,28,16,10,24,26,0,0,0,0,0,mobile-limited-low,response-iid5,admissible
16079012,mobile-limited-low,mobile-limited-low,joint-control-iid5,joint-control-iid5,joint-control-iid5,5,30532328369,30532328369,33148837,16473959,36610,1,0,1,1,1,1,0,0,0,146,30,176,2400,0.0733333333333333,4088,174,780,4868,66400,0.0733132530120482,4814,30,30,1,0,0,89,87,2,0,2000,0,800,800,0,0,0,0,0,0,0,NaN,NaN,NaN,NaN,1,0,0,coherence-cumulative,1,145,0,0,31465386298,NaN,0,2,4,34992025,2472,2472,5649422,1,3,1,0,1,1,21,14,21,28,16,10,24,26,0,0,0,0,0,mobile-limited-low,joint-control-iid5,admissible
16079012,mobile-limited-low,mobile-limited-low,iid-occupancy15,iid-occupancy15,iid-occupancy15,5,30532328369,22071894477,32377707,16473959,36610,1,0,1,1,1,1,0,0,0,164,45,209,2400,0.0870833333333333,4592,174,1170,5762,66400,0.0867771084337349,4814,45,45,19,0,0,122,92,30,0,2000,0,800,404,396,0,0,0,0,0,0,NaN,NaN,NaN,NaN,1,0,0,coherence-cumulative,1,145,0,0.15,31465386298,1306961,3446,2,5,34992025,2472,2472,5649422,1,3,1,0,1,1,21,14,21,28,16,10,24,26,0,0,0,0,0,mobile-limited-low,iid-occupancy15,admissible
16079012,mobile-limited-low,mobile-limited-low,directed-response-blackout,directed-response-blackout,directed-response-blackout,5,30532328369,25648338541,32377707,15889773,36610,1,0,1,0,NaN,0.8,0,0,0,516,400,916,2400,0.381666666666667,14448,174,10400,24848,66400,0.37421686746988,4814,400,400,399,0,0,829,429,400,0,1600,149,400,400,0,0,149,149,0,0,1,NaN,NaN,NaN,NaN,1,0,0,coherence-cumulative,1,117,1,0,31465386298,NaN,0,2,6,34992025,2472,2472,5649422,1,3,1,0,1,1,21,14,21,28,16,10,24,26,0,1,0,0,0,mobile-limited-low,directed-response-blackout,admissible
16079012,mobile-limited-high,mobile-limited-high,zero,zero,zero,5,30532328369,30532328369,31542806,14302675,36122,0,0,0,0,NaN,0,0,0,0,0,0,0,2000,0,0,155,0,0,56000,0,4340,0,0,0,0,0,0,0,0,0,0,706,0,0,0,0,227,227,0,0,1,NaN,NaN,NaN,NaN,1,0,0,coherence-cumulative,1,0,0,0,31465386298,NaN,0,3,1,34992025,2472,2472,4339509,0,0,0,0,1,0,0,13,20,28,16,10,24,0,0,0,0,0,0,mobile-limited-high,zero,selector-issued-no-horizon
16079012,mobile-limited-high,mobile-limited-high,claim-iid5,claim-iid5,claim-iid5,5,30532328369,30532328369,31928371,14302675,36122,0,0,0,0,NaN,0,0,0,0,0,0,0,2000,0,0,155,0,0,56000,0,4340,0,0,0,0,0,0,0,0,0,0,706,0,0,0,0,227,227,0,0,1,NaN,NaN,NaN,NaN,1,0,0,coherence-cumulative,1,0,0,0,31465386298,NaN,0,3,2,34992025,2472,2472,4339509,0,0,0,0,1,0,0,13,20,28,16,10,24,0,0,0,0,0,0,mobile-limited-high,claim-iid5,selector-issued-no-horizon
16079012,mobile-limited-high,mobile-limited-high,response-iid5,response-iid5,response-iid5,5,30532328369,30532328369,31928371,14302675,36122,0,0,0,0,NaN,0,0,0,0,0,0,0,2000,0,0,155,0,0,56000,0,4340,0,0,0,0,0,0,0,0,0,0,706,0,0,0,0,227,227,0,0,1,NaN,NaN,NaN,NaN,1,0,0,coherence-cumulative,1,0,0,0,31465386298,NaN,0,3,3,34992025,2472,2472,4339509,0,0,0,0,1,0,0,13,20,28,16,10,24,0,0,0,0,0,0,mobile-limited-high,response-iid5,selector-issued-no-horizon
16079012,mobile-limited-high,mobile-limited-high,joint-control-iid5,joint-control-iid5,joint-control-iid5,5,30532328369,30532328369,32313936,14302675,36122,0,0,0,0,NaN,0,0,0,0,0,0,0,2000,0,0,155,0,0,56000,0,4340,0,0,0,0,0,0,0,0,0,0,706,0,0,0,0,227,227,0,0,1,NaN,NaN,NaN,NaN,1,0,0,coherence-cumulative,1,0,0,0,31465386298,NaN,0,3,4,34992025,2472,2472,4339509,0,0,0,0,1,0,0,13,20,28,16,10,24,0,0,0,0,0,0,mobile-limited-high,joint-control-iid5,selector-issued-no-horizon
16079012,mobile-limited-high,mobile-limited-high,iid-occupancy15,iid-occupancy15,iid-occupancy15,5,30532328369,22010707701,31542806,14302675,36122,0,0,0,0,NaN,0,0,0,0,0,0,0,2000,0,0,155,0,0,56000,0,4340,0,0,0,0,0,0,0,0,0,0,706,0,0,0,0,227,121,106,0,1,NaN,NaN,NaN,NaN,1,0,0,coherence-cumulative,1,0,0,0.15,31465386298,1496762,3484,3,5,34992025,2472,2472,4339509,0,0,0,0,1,0,0,13,20,28,16,10,24,0,0,0,0,0,0,mobile-limited-high,iid-occupancy15,selector-issued-no-horizon
16079012,mobile-limited-high,mobile-limited-high,directed-response-blackout,directed-response-blackout,directed-response-blackout,5,30532328369,30532328369,31542806,14302675,36122,0,0,0,0,NaN,0,0,0,0,0,0,0,2000,0,0,155,0,0,56000,0,4340,0,0,0,0,0,0,0,0,0,0,706,0,0,0,0,227,227,0,0,1,NaN,NaN,NaN,NaN,1,0,0,coherence-cumulative,1,0,0,0,31465386298,NaN,0,3,6,34992025,2472,2472,4339509,0,0,0,0,1,0,0,13,20,28,16,10,24,0,0,0,0,0,0,mobile-limited-high,directed-response-blackout,selector-issued-no-horizon
16079012,static-wide-low,static-wide-low,zero,zero,zero,10,113078273453,113078273453,34049027,69336197,709633,14,0,2,1,1,1,0,0,0,70,70,140,8000,0.0175,1960,140,2100,4060,232000,0.0175,4060,98,98,0,0,0,1260,1260,0,0,4000,0,6400,6400,0,0,0,0,0,0,0,NaN,NaN,NaN,NaN,1,0,0,coherence-cumulative,1,70,0,0,31454337184,NaN,0,1,1,68712542,36753,40685,6049999,6.8,6,14,0,1,1,66,59,66,28,16,10,24,36,0,0,0,0,0,static-wide-low,zero,admissible
16079012,static-wide-low,static-wide-low,claim-iid5,claim-iid5,claim-iid5,10,113078273453,113078273453,34434592,69337936,709633,14,0,2,1,1,1,0,0,0,82,105,187,8000,0.023375,2296,140,3080,5376,232000,0.0231724137931034,4060,140,140,7,0,0,1683,1644,39,0,4000,0,6400,6400,0,0,0,0,0,0,0,NaN,NaN,NaN,NaN,1,0,0,coherence-cumulative,1,75,0,0,31454337184,NaN,0,1,2,68712542,36753,40685,6049999,6.8,6,14,0,1,1,66,59,66,28,16,10,24,36,0,0,0,0,0,static-wide-low,claim-iid5,admissible
16079012,static-wide-low,static-wide-low,response-iid5,response-iid5,response-iid5,10,113078273453,113078273453,34434592,69336197,709633,14,0,2,1,1,1,0,0,0,81,110,191,8000,0.023875,2268,140,3170,5438,232000,0.0234396551724138,4060,141,141,11,0,0,1719,1663,56,0,4000,0,6400,6400,0,0,0,0,0,0,0,NaN,NaN,NaN,NaN,1,0,0,coherence-cumulative,1,70,0,0,31454337184,NaN,0,1,3,68712542,36753,40685,6049999,6.8,6,14,0,1,1,66,59,66,28,16,10,24,36,0,0,0,0,0,static-wide-low,response-iid5,admissible
16079012,static-wide-low,static-wide-low,joint-control-iid5,joint-control-iid5,joint-control-iid5,10,113078273453,113078273453,34820157,69337329,709633,14,0,2,1,1,1,0,0,0,90,130,220,8000,0.0275,2520,140,3760,6280,232000,0.0270689655172414,4060,168,168,17,0,0,1980,1871,109,0,4000,0,6400,6400,0,0,0,0,0,0,0,NaN,NaN,NaN,NaN,1,0,0,coherence-cumulative,1,73,0,0,31454337184,NaN,0,1,4,68712542,36753,40685,6049999,6.8,6,14,0,1,1,66,59,66,28,16,10,24,36,0,0,0,0,0,static-wide-low,joint-control-iid5,admissible
16079012,static-wide-low,static-wide-low,iid-occupancy15,iid-occupancy15,iid-occupancy15,10,113078273453,73283782595,34049027,69325744,709633,14,0,2,1,3,0.9985,0,0,0,149,250,399,8000,0.049875,4172,140,7090,11262,232000,0.0485431034482759,4060,303,309,74,0,0,3591,2565,1026,0,3994,1,6387,3342,3045,0,2,0,2,0,1,NaN,NaN,NaN,NaN,1,0,0,coherence-cumulative,1,75,0,0.15,31454337184,1550183,8126,1,5,68712542,36753,40685,6049999,6.8,6,14,0,1,1,66,59,66,28,16,10,24,36,0,0,0,0,0,static-wide-low,iid-occupancy15,admissible
16079012,static-wide-low,static-wide-low,directed-response-blackout,directed-response-blackout,directed-response-blackout,10,113078273453,93776538578,34049027,68825243,709633,14,0,2,0,NaN,0.9,0,0,0,463,2035,2498,8000,0.31225,12964,140,53190,66154,232000,0.285146551724138,4060,2063,2063,399,0,0,22482,22082,400,0,3600,80,5200,5200,0,0,240,240,0,0,1,NaN,NaN,NaN,NaN,1,0,0,coherence-cumulative,1,64,1,0,31454337184,NaN,0,1,6,68712542,36753,40685,6049999,6.8,6,14,0,1,1,66,59,66,28,16,10,24,36,0,1,0,0,0,static-wide-low,directed-response-blackout,admissible
16079012,mobile-limited-low,mobile-limited-low,zero,zero,zero,10,113078273453,113078273453,32994909,57168250,566503,0,0,0,0,NaN,0,0,0,55,0,0,0,4000,0,0,310,0,0,112000,0,8680,0,0,0,0,0,0,0,0,0,0,747,0,0,0,0,1111,971,0,140,1,NaN,NaN,NaN,NaN,1,0,0,coherence-cumulative,1,0,0,0,31454337184,NaN,0,2,1,68712542,36753,36753,5552486,0.5,2,14,6,1,0,0,13,20,28,16,10,24,0,0,0,0,0,0,mobile-limited-low,zero,horizon-shorter-than-renewal-slack
16079012,mobile-limited-low,mobile-limited-low,claim-iid5,claim-iid5,claim-iid5,10,113078273453,113078273453,33380474,57168250,566503,0,0,0,0,NaN,0,0,0,55,0,0,0,4000,0,0,310,0,0,112000,0,8680,0,0,0,0,0,0,0,0,0,0,747,0,0,0,0,1111,971,0,140,1,NaN,NaN,NaN,NaN,1,0,0,coherence-cumulative,1,0,0,0,31454337184,NaN,0,2,2,68712542,36753,36753,5552486,0.5,2,14,6,1,0,0,13,20,28,16,10,24,0,0,0,0,0,0,mobile-limited-low,claim-iid5,horizon-shorter-than-renewal-slack
16079012,mobile-limited-low,mobile-limited-low,response-iid5,response-iid5,response-iid5,10,113078273453,113078273453,33380474,57168250,566503,0,0,0,0,NaN,0,0,0,55,0,0,0,4000,0,0,310,0,0,112000,0,8680,0,0,0,0,0,0,0,0,0,0,747,0,0,0,0,1111,971,0,140,1,NaN,NaN,NaN,NaN,1,0,0,coherence-cumulative,1,0,0,0,31454337184,NaN,0,2,3,68712542,36753,36753,5552486,0.5,2,14,6,1,0,0,13,20,28,16,10,24,0,0,0,0,0,0,mobile-limited-low,response-iid5,horizon-shorter-than-renewal-slack
16079012,mobile-limited-low,mobile-limited-low,joint-control-iid5,joint-control-iid5,joint-control-iid5,10,113078273453,113078273453,33766039,57168250,566503,0,0,0,0,NaN,0,0,0,55,0,0,0,4000,0,0,310,0,0,112000,0,8680,0,0,0,0,0,0,0,0,0,0,747,0,0,0,0,1111,971,0,140,1,NaN,NaN,NaN,NaN,1,0,0,coherence-cumulative,1,0,0,0,31454337184,NaN,0,2,4,68712542,36753,36753,5552486,0.5,2,14,6,1,0,0,13,20,28,16,10,24,0,0,0,0,0,0,mobile-limited-low,joint-control-iid5,horizon-shorter-than-renewal-slack
16079012,mobile-limited-low,mobile-limited-low,iid-occupancy15,iid-occupancy15,iid-occupancy15,10,113078273453,79185076437,32994909,57168250,566503,0,0,0,0,NaN,0,0,0,55,0,0,0,4000,0,0,310,0,0,112000,0,8680,0,0,0,0,0,0,0,0,0,0,747,0,0,0,0,1111,480,491,140,1,NaN,NaN,NaN,NaN,1,0,0,coherence-cumulative,1,0,0,0.15,31454337184,1992620,6933,2,5,68712542,36753,36753,5552486,0.5,2,14,6,1,0,0,13,20,28,16,10,24,0,0,0,0,0,0,mobile-limited-low,iid-occupancy15,horizon-shorter-than-renewal-slack
16079012,mobile-limited-low,mobile-limited-low,directed-response-blackout,directed-response-blackout,directed-response-blackout,10,113078273453,113078273453,32994909,57168250,566503,0,0,0,0,NaN,0,0,0,55,0,0,0,4000,0,0,310,0,0,112000,0,8680,0,0,0,0,0,0,0,0,0,0,747,0,0,0,0,1111,971,0,140,1,NaN,NaN,NaN,NaN,1,0,0,coherence-cumulative,1,0,0,0,31454337184,NaN,0,2,6,68712542,36753,36753,5552486,0.5,2,14,6,1,0,0,13,20,28,16,10,24,0,0,0,0,0,0,mobile-limited-low,directed-response-blackout,horizon-shorter-than-renewal-slack
16079012,mobile-limited-high,mobile-limited-high,zero,zero,zero,10,113078273453,113078273453,32460572,57168250,566503,0,0,0,0,NaN,0,0,0,55,0,0,0,4000,0,0,310,0,0,112000,0,8680,0,0,0,0,0,0,0,0,0,0,747,0,0,0,0,1111,971,0,140,1,NaN,NaN,NaN,NaN,1,0,0,coherence-cumulative,1,0,0,0,31454337184,NaN,0,3,1,68712542,36753,36753,4591710,0,0,0,0,1,0,0,13,20,28,16,10,24,0,0,0,0,0,0,mobile-limited-high,zero,selector-issued-no-horizon
16079012,mobile-limited-high,mobile-limited-high,claim-iid5,claim-iid5,claim-iid5,10,113078273453,113078273453,32846137,57168250,566503,0,0,0,0,NaN,0,0,0,55,0,0,0,4000,0,0,310,0,0,112000,0,8680,0,0,0,0,0,0,0,0,0,0,747,0,0,0,0,1111,971,0,140,1,NaN,NaN,NaN,NaN,1,0,0,coherence-cumulative,1,0,0,0,31454337184,NaN,0,3,2,68712542,36753,36753,4591710,0,0,0,0,1,0,0,13,20,28,16,10,24,0,0,0,0,0,0,mobile-limited-high,claim-iid5,selector-issued-no-horizon
16079012,mobile-limited-high,mobile-limited-high,response-iid5,response-iid5,response-iid5,10,113078273453,113078273453,32846137,57168250,566503,0,0,0,0,NaN,0,0,0,55,0,0,0,4000,0,0,310,0,0,112000,0,8680,0,0,0,0,0,0,0,0,0,0,747,0,0,0,0,1111,971,0,140,1,NaN,NaN,NaN,NaN,1,0,0,coherence-cumulative,1,0,0,0,31454337184,NaN,0,3,3,68712542,36753,36753,4591710,0,0,0,0,1,0,0,13,20,28,16,10,24,0,0,0,0,0,0,mobile-limited-high,response-iid5,selector-issued-no-horizon
16079012,mobile-limited-high,mobile-limited-high,joint-control-iid5,joint-control-iid5,joint-control-iid5,10,113078273453,113078273453,33231702,57168250,566503,0,0,0,0,NaN,0,0,0,55,0,0,0,4000,0,0,310,0,0,112000,0,8680,0,0,0,0,0,0,0,0,0,0,747,0,0,0,0,1111,971,0,140,1,NaN,NaN,NaN,NaN,1,0,0,coherence-cumulative,1,0,0,0,31454337184,NaN,0,3,4,68712542,36753,36753,4591710,0,0,0,0,1,0,0,13,20,28,16,10,24,0,0,0,0,0,0,mobile-limited-high,joint-control-iid5,selector-issued-no-horizon
16079012,mobile-limited-high,mobile-limited-high,iid-occupancy15,iid-occupancy15,iid-occupancy15,10,113078273453,79185076437,32460572,57168250,566503,0,0,0,0,NaN,0,0,0,55,0,0,0,4000,0,0,310,0,0,112000,0,8680,0,0,0,0,0,0,0,0,0,0,747,0,0,0,0,1111,480,491,140,1,NaN,NaN,NaN,NaN,1,0,0,coherence-cumulative,1,0,0,0.15,31454337184,1992620,6933,3,5,68712542,36753,36753,4591710,0,0,0,0,1,0,0,13,20,28,16,10,24,0,0,0,0,0,0,mobile-limited-high,iid-occupancy15,selector-issued-no-horizon
16079012,mobile-limited-high,mobile-limited-high,directed-response-blackout,directed-response-blackout,directed-response-blackout,10,113078273453,113078273453,32460572,57168250,566503,0,0,0,0,NaN,0,0,0,55,0,0,0,4000,0,0,310,0,0,112000,0,8680,0,0,0,0,0,0,0,0,0,0,747,0,0,0,0,1111,971,0,140,1,NaN,NaN,NaN,NaN,1,0,0,coherence-cumulative,1,0,0,0,31454337184,NaN,0,3,6,68712542,36753,36753,4591710,0,0,0,0,1,0,0,13,20,28,16,10,24,0,0,0,0,0,0,mobile-limited-high,directed-response-blackout,selector-issued-no-horizon
16079013,static-wide-low,static-wide-low,zero,zero,zero,5,30468577445,30468577445,32467451,16471446,37960,1,0,1,1,1,1,0,0,0,15,3,18,2400,0.0075,420,18,78,498,66400,0.0075,498,3,3,0,0,0,72,72,0,0,2000,0,800,800,0,0,0,0,0,0,0,NaN,NaN,NaN,NaN,1,0,0,coherence-cumulative,1,15,0,0,31449117400,NaN,0,1,1,32377259,2490,2730,6323961,6.8,6,1,0,1,1,148,141,148,28,16,10,24,26,0,0,0,0,0,static-wide-low,zero,admissible
16079013,static-wide-low,static-wide-low,claim-iid5,claim-iid5,claim-iid5,5,30468577445,30468577445,32853016,16471446,37960,1,0,1,1,1,1,0,0,0,15,3,18,2400,0.0075,420,18,78,498,66400,0.0075,498,3,3,0,0,0,72,68,4,0,2000,0,800,800,0,0,0,0,0,0,0,NaN,NaN,NaN,NaN,1,0,0,coherence-cumulative,1,15,0,0,31449117400,NaN,0,1,2,32377259,2490,2730,6323961,6.8,6,1,0,1,1,148,141,148,28,16,10,24,26,0,0,0,0,0,static-wide-low,claim-iid5,admissible
16079013,static-wide-low,static-wide-low,response-iid5,response-iid5,response-iid5,5,30468577445,30468577445,32853016,16471446,37960,1,0,1,1,1,1,0,0,0,15,3,18,2400,0.0075,420,18,78,498,66400,0.0075,498,3,3,0,0,0,72,71,1,0,2000,0,800,800,0,0,0,0,0,0,0,NaN,NaN,NaN,NaN,1,0,0,coherence-cumulative,1,15,0,0,31449117400,NaN,0,1,3,32377259,2490,2730,6323961,6.8,6,1,0,1,1,148,141,148,28,16,10,24,26,0,0,0,0,0,static-wide-low,response-iid5,admissible
16079013,static-wide-low,static-wide-low,joint-control-iid5,joint-control-iid5,joint-control-iid5,5,30468577445,30468577445,33238581,16471446,37960,1,0,1,1,1,1,0,0,0,15,3,18,2400,0.0075,420,18,78,498,66400,0.0075,498,3,3,0,0,0,72,67,5,0,2000,0,800,800,0,0,0,0,0,0,0,NaN,NaN,NaN,NaN,1,0,0,coherence-cumulative,1,15,0,0,31449117400,NaN,0,1,4,32377259,2490,2730,6323961,6.8,6,1,0,1,1,148,141,148,28,16,10,24,26,0,0,0,0,0,static-wide-low,joint-control-iid5,admissible
16079013,static-wide-low,static-wide-low,iid-occupancy15,iid-occupancy15,iid-occupancy15,5,30468577445,21666755562,32467451,16463291,37960,1,0,1,1,6,0.9975,0,0,0,23,7,30,2400,0.0125,644,18,182,826,66400,0.0124397590361446,498,5,7,8,0,0,120,64,56,0,1995,1,795,426,369,0,1,0,1,0,1,NaN,NaN,NaN,NaN,1,0,0,coherence-cumulative,1,15,0,0.15,31449117400,1811994,3587,1,5,32377259,2490,2730,6323961,6.8,6,1,0,1,1,148,141,148,28,16,10,24,26,0,0,0,0,0,static-wide-low,iid-occupancy15,admissible
16079013,static-wide-low,static-wide-low,directed-response-blackout,directed-response-blackout,directed-response-blackout,5,30468577445,25596317317,32467451,15727771,37960,1,0,1,0,NaN,0.8,0,0,0,412,400,812,2400,0.338333333333333,11536,18,10400,21936,66400,0.330361445783133,498,400,400,399,0,0,3248,2848,400,0,1600,154,400,400,0,0,154,154,0,0,1,NaN,NaN,NaN,NaN,1,0,0,coherence-cumulative,1,13,1,0,31449117400,NaN,0,1,6,32377259,2490,2730,6323961,6.8,6,1,0,1,1,148,141,148,28,16,10,24,26,0,1,0,0,0,static-wide-low,directed-response-blackout,admissible
16079013,mobile-limited-low,mobile-limited-low,zero,zero,zero,5,30468577445,30468577445,32457349,16472733,36980,1,0,1,1,1,1,0,0,0,60,12,72,2400,0.03,1680,72,312,1992,66400,0.03,1992,12,12,0,0,0,36,36,0,0,2000,0,800,800,0,0,0,0,0,0,0,NaN,NaN,NaN,NaN,1,0,0,coherence-cumulative,1,60,0,0,31449117400,NaN,0,2,1,32377259,2490,2490,5535048,2,4,1,0,1,1,43,36,43,28,16,10,24,26,0,0,0,0,0,mobile-limited-low,zero,admissible
16079013,mobile-limited-low,mobile-limited-low,claim-iid5,claim-iid5,claim-iid5,5,30468577445,30468577445,32842914,16472733,36980,1,0,1,1,1,1,0,0,0,60,12,72,2400,0.03,1680,72,312,1992,66400,0.03,1992,12,12,0,0,0,36,36,0,0,2000,0,800,800,0,0,0,0,0,0,0,NaN,NaN,NaN,NaN,1,0,0,coherence-cumulative,1,60,0,0,31449117400,NaN,0,2,2,32377259,2490,2490,5535048,2,4,1,0,1,1,43,36,43,28,16,10,24,26,0,0,0,0,0,mobile-limited-low,claim-iid5,admissible
16079013,mobile-limited-low,mobile-limited-low,response-iid5,response-iid5,response-iid5,5,30468577445,30468577445,32842914,16472733,36980,1,0,1,1,1,1,0,0,0,61,13,74,2400,0.0308333333333333,1708,72,338,2046,66400,0.0308132530120482,1992,13,13,1,0,0,38,37,1,0,2000,0,800,800,0,0,0,0,0,0,0,NaN,NaN,NaN,NaN,1,0,0,coherence-cumulative,1,60,0,0,31449117400,NaN,0,2,3,32377259,2490,2490,5535048,2,4,1,0,1,1,43,36,43,28,16,10,24,26,0,0,0,0,0,mobile-limited-low,response-iid5,admissible
16079013,mobile-limited-low,mobile-limited-low,joint-control-iid5,joint-control-iid5,joint-control-iid5,5,30468577445,30468577445,33228479,16472733,36980,1,0,1,1,1,1,0,0,0,61,13,74,2400,0.0308333333333333,1708,72,338,2046,66400,0.0308132530120482,1992,13,13,1,0,0,38,37,1,0,2000,0,800,800,0,0,0,0,0,0,0,NaN,NaN,NaN,NaN,1,0,0,coherence-cumulative,1,60,0,0,31449117400,NaN,0,2,4,32377259,2490,2490,5535048,2,4,1,0,1,1,43,36,43,28,16,10,24,26,0,0,0,0,0,mobile-limited-low,joint-control-iid5,admissible
16079013,mobile-limited-low,mobile-limited-low,iid-occupancy15,iid-occupancy15,iid-occupancy15,5,30468577445,21693335533,32457349,16464578,36980,1,0,1,1,6,0.9975,0,0,0,72,21,93,2400,0.03875,2016,72,546,2562,66400,0.0385843373493976,1992,20,21,12,0,0,57,37,20,0,1995,1,795,426,369,0,1,0,1,0,1,NaN,NaN,NaN,NaN,1,0,0,coherence-cumulative,1,60,0,0.15,31449117400,1591448,3588,2,5,32377259,2490,2490,5535048,2,4,1,0,1,1,43,36,43,28,16,10,24,26,0,0,0,0,0,mobile-limited-low,iid-occupancy15,admissible
16079013,mobile-limited-low,mobile-limited-low,directed-response-blackout,directed-response-blackout,directed-response-blackout,5,30468577445,25595265832,32457349,15728455,36980,1,0,1,0,NaN,0.8,0,0,0,448,400,848,2400,0.353333333333333,12544,72,10400,22944,66400,0.345542168674699,1992,400,400,399,0,0,812,412,400,0,1600,154,400,400,0,0,154,154,0,0,1,NaN,NaN,NaN,NaN,1,0,0,coherence-cumulative,1,49,1,0,31449117400,NaN,0,2,6,32377259,2490,2490,5535048,2,4,1,0,1,1,43,36,43,28,16,10,24,26,0,1,0,0,0,mobile-limited-low,directed-response-blackout,admissible
16079013,mobile-limited-high,mobile-limited-high,zero,zero,zero,5,30468577445,30468577445,32737864,16473960,36980,1,0,1,1,1,1,0,0,0,145,29,174,2400,0.0725,4060,174,754,4814,66400,0.0725,4814,29,29,0,0,0,87,87,0,0,2000,0,800,800,0,0,0,0,0,0,0,NaN,NaN,NaN,NaN,1,0,0,coherence-cumulative,1,145,0,0,31449117400,NaN,0,3,1,32377259,2490,2490,5210935,1,3,1,0,1,1,21,14,21,28,16,10,24,26,0,0,0,0,0,mobile-limited-high,zero,admissible
16079013,mobile-limited-high,mobile-limited-high,claim-iid5,claim-iid5,claim-iid5,5,30468577445,30468577445,33123429,16473960,36980,1,0,1,1,1,1,0,0,0,145,29,174,2400,0.0725,4060,174,754,4814,66400,0.0725,4814,29,29,0,0,0,87,86,1,0,2000,0,800,800,0,0,0,0,0,0,0,NaN,NaN,NaN,NaN,1,0,0,coherence-cumulative,1,145,0,0,31449117400,NaN,0,3,2,32377259,2490,2490,5210935,1,3,1,0,1,1,21,14,21,28,16,10,24,26,0,0,0,0,0,mobile-limited-high,claim-iid5,admissible
16079013,mobile-limited-high,mobile-limited-high,response-iid5,response-iid5,response-iid5,5,30468577445,30468577445,33123429,16473960,36980,1,0,1,1,1,1,0,0,0,149,33,182,2400,0.0758333333333333,4172,174,858,5030,66400,0.0757530120481928,4814,33,33,4,0,0,95,91,4,0,2000,0,800,800,0,0,0,0,0,0,0,NaN,NaN,NaN,NaN,1,0,0,coherence-cumulative,1,145,0,0,31449117400,NaN,0,3,3,32377259,2490,2490,5210935,1,3,1,0,1,1,21,14,21,28,16,10,24,26,0,0,0,0,0,mobile-limited-high,response-iid5,admissible
16079013,mobile-limited-high,mobile-limited-high,joint-control-iid5,joint-control-iid5,joint-control-iid5,5,30468577445,30468577445,33508994,16473960,36980,1,0,1,1,1,1,0,0,0,149,33,182,2400,0.0758333333333333,4172,174,858,5030,66400,0.0757530120481928,4814,33,33,4,0,0,95,90,5,0,2000,0,800,800,0,0,0,0,0,0,0,NaN,NaN,NaN,NaN,1,0,0,coherence-cumulative,1,145,0,0,31449117400,NaN,0,3,4,32377259,2490,2490,5210935,1,3,1,0,1,1,21,14,21,28,16,10,24,26,0,0,0,0,0,mobile-limited-high,joint-control-iid5,admissible
16079013,mobile-limited-high,mobile-limited-high,iid-occupancy15,iid-occupancy15,iid-occupancy15,5,30468577445,21693335533,32737864,16465805,36980,1,0,1,1,6,0.9975,0,0,0,175,51,226,2400,0.0941666666666667,4900,174,1326,6226,66400,0.0937650602409639,4814,50,51,30,0,0,139,96,43,0,1995,1,795,426,369,0,1,0,1,0,1,NaN,NaN,NaN,NaN,1,0,0,coherence-cumulative,1,145,0,0.15,31449117400,1591448,3588,3,5,32377259,2490,2490,5210935,1,3,1,0,1,1,21,14,21,28,16,10,24,26,0,0,0,0,0,mobile-limited-high,iid-occupancy15,admissible
16079013,mobile-limited-high,mobile-limited-high,directed-response-blackout,directed-response-blackout,directed-response-blackout,5,30468577445,25595265832,32737864,15729747,36980,1,0,1,0,NaN,0.8,0,0,0,516,400,916,2400,0.381666666666667,14448,174,10400,24848,66400,0.37421686746988,4814,400,400,399,0,0,829,429,400,0,1600,154,400,400,0,0,154,154,0,0,1,NaN,NaN,NaN,NaN,1,0,0,coherence-cumulative,1,117,1,0,31449117400,NaN,0,3,6,32377259,2490,2490,5210935,1,3,1,0,1,1,21,14,21,28,16,10,24,26,0,1,0,0,0,mobile-limited-high,directed-response-blackout,admissible
16079013,static-wide-low,static-wide-low,zero,zero,zero,10,113193954470,113193954470,34060877,66099527,602274,3,0,1,1,1,1,0,0,0,60,18,78,5200,0.015,1680,78,468,2148,143200,0.015,2148,18,18,0,0,0,702,702,0,0,4000,0,2400,2400,0,0,0,0,0,0,0,NaN,NaN,NaN,NaN,1,0,0,coherence-cumulative,1,60,0,0,31426472072,NaN,0,1,1,76069272,36359,40685,5609396,6.8,6,3,0,1,1,80,73,80,28,16,10,24,26,0,0,0,0,0,static-wide-low,zero,admissible
16079013,static-wide-low,static-wide-low,claim-iid5,claim-iid5,claim-iid5,10,113193954470,113193954470,34446442,66095471,602274,3,0,1,1,2,0.9995,0,0,0,64,21,85,5200,0.0163461538461538,1792,78,546,2338,143200,0.0163268156424581,2148,19,21,3,0,0,765,741,24,0,3998,0,2398,2398,0,0,0,0,0,0,0,NaN,NaN,NaN,NaN,1,0,0,coherence-cumulative,1,61,0,0,31426472072,NaN,0,1,2,76069272,36359,40685,5609396,6.8,6,3,0,1,1,80,73,80,28,16,10,24,26,0,0,0,0,0,static-wide-low,claim-iid5,admissible
16079013,static-wide-low,static-wide-low,response-iid5,response-iid5,response-iid5,10,113193954470,113193954470,34446442,66099527,602274,3,0,1,1,1,1,0,0,0,64,22,86,5200,0.0165384615384615,1792,78,572,2364,143200,0.0165083798882682,2148,22,22,4,0,0,774,761,13,0,4000,0,2400,2400,0,0,0,0,0,0,0,NaN,NaN,NaN,NaN,1,0,0,coherence-cumulative,1,60,0,0,31426472072,NaN,0,1,3,76069272,36359,40685,5609396,6.8,6,3,0,1,1,80,73,80,28,16,10,24,26,0,0,0,0,0,static-wide-low,response-iid5,admissible
16079013,static-wide-low,static-wide-low,joint-control-iid5,joint-control-iid5,joint-control-iid5,10,113193954470,113193954470,34832007,66095471,602274,3,0,1,1,2,0.9995,0,0,0,68,24,92,5200,0.0176923076923077,1904,78,624,2528,143200,0.0176536312849162,2148,22,24,7,0,0,828,788,40,0,3998,0,2398,2398,0,0,0,0,0,0,0,NaN,NaN,NaN,NaN,1,0,0,coherence-cumulative,1,61,0,0,31426472072,NaN,0,1,4,76069272,36359,40685,5609396,6.8,6,3,0,1,1,80,73,80,28,16,10,24,26,0,0,0,0,0,static-wide-low,joint-control-iid5,admissible
16079013,static-wide-low,static-wide-low,iid-occupancy15,iid-occupancy15,iid-occupancy15,10,113193954470,78762666694,34060877,66084862,602274,3,0,1,1,5,0.99875,0,0,0,91,36,127,5200,0.0244230769230769,2548,78,936,3484,143200,0.0243296089385475,2148,32,36,25,0,0,1143,837,306,0,3995,1,2395,1248,1147,0,1,0,1,0,1,NaN,NaN,NaN,NaN,1,0,0,coherence-cumulative,1,66,0,0.15,31426472072,458932,7026,1,5,76069272,36359,40685,5609396,6.8,6,3,0,1,1,80,73,80,28,16,10,24,26,0,0,0,0,0,static-wide-low,iid-occupancy15,admissible
16079013,static-wide-low,static-wide-low,directed-response-blackout,directed-response-blackout,directed-response-blackout,10,113193954470,93939150261,34060877,65487146,602274,3,0,1,0,NaN,0.9,0,0,0,454,412,866,5200,0.166538461538462,12712,78,10712,23424,143200,0.163575418994413,2148,412,412,399,0,0,7794,7394,400,0,3600,66,2000,2000,0,0,66,66,0,0,1,NaN,NaN,NaN,NaN,1,0,0,coherence-cumulative,1,55,1,0,31426472072,NaN,0,1,6,76069272,36359,40685,5609396,6.8,6,3,0,1,1,80,73,80,28,16,10,24,26,0,1,0,0,0,static-wide-low,directed-response-blackout,admissible
16079013,mobile-limited-low,mobile-limited-low,zero,zero,zero,10,113193954470,113193954470,33139015,66142581,575257,3,0,1,1,1,1,0,0,0,1000,300,1300,5200,0.25,28000,1300,7800,35800,143200,0.25,35800,300,300,0,0,0,900,900,0,0,4000,0,2400,2400,0,0,0,0,0,0,0,NaN,NaN,NaN,NaN,1,0,0,coherence-cumulative,1,1000,0,0,31426472072,NaN,0,2,1,76069272,36359,36359,5506315,1,3,3,0,1,1,11,4,11,28,16,10,24,26,0,0,0,0,0,mobile-limited-low,zero,admissible
16079013,mobile-limited-low,mobile-limited-low,claim-iid5,claim-iid5,claim-iid5,10,113193954470,113193954470,33524580,66142581,575257,3,0,1,1,1,1,0,0,0,1011,309,1320,5200,0.253846153846154,28308,1300,8034,36342,143200,0.253784916201117,35800,309,309,11,0,0,920,897,23,0,4000,0,2400,2400,0,0,0,0,0,0,0,NaN,NaN,NaN,NaN,1,0,0,coherence-cumulative,1,1000,0,0,31426472072,NaN,0,2,2,76069272,36359,36359,5506315,1,3,3,0,1,1,11,4,11,28,16,10,24,26,0,0,0,0,0,mobile-limited-low,claim-iid5,admissible
16079013,mobile-limited-low,mobile-limited-low,response-iid5,response-iid5,response-iid5,10,113193954470,113193954470,33524580,66142581,575257,3,0,1,1,1,1,0,0,0,1007,307,1314,5200,0.252692307692308,28196,1300,7982,36178,143200,0.252639664804469,35800,307,307,7,0,0,914,907,7,0,4000,0,2400,2400,0,0,0,0,0,0,0,NaN,NaN,NaN,NaN,1,0,0,coherence-cumulative,1,1000,0,0,31426472072,NaN,0,2,3,76069272,36359,36359,5506315,1,3,3,0,1,1,11,4,11,28,16,10,24,26,0,0,0,0,0,mobile-limited-low,response-iid5,admissible
16079013,mobile-limited-low,mobile-limited-low,joint-control-iid5,joint-control-iid5,joint-control-iid5,10,113193954470,113193954470,33910145,66142581,575257,3,0,1,1,1,1,0,0,0,1018,316,1334,5200,0.256538461538462,28504,1300,8216,36720,143200,0.256424581005587,35800,316,316,18,0,0,934,903,31,0,4000,0,2400,2400,0,0,0,0,0,0,0,NaN,NaN,NaN,NaN,1,0,0,coherence-cumulative,1,1000,0,0,31426472072,NaN,0,2,4,76069272,36359,36359,5506315,1,3,3,0,1,1,11,4,11,28,16,10,24,26,0,0,0,0,0,mobile-limited-low,joint-control-iid5,admissible
16079013,mobile-limited-low,mobile-limited-low,iid-occupancy15,iid-occupancy15,iid-occupancy15,10,113193954470,78825526022,33139015,66142226,575257,3,0,1,1,1,1,0,0,0,1185,454,1639,5200,0.315192307692308,33180,1300,11804,44984,143200,0.314134078212291,35800,454,454,190,0,0,1239,926,313,0,4000,0,2400,1249,1151,0,0,0,0,0,0,NaN,NaN,NaN,NaN,1,0,0,coherence-cumulative,1,995,0,0.15,31426472072,1067034,7015,2,5,76069272,36359,36359,5506315,1,3,3,0,1,1,11,4,11,28,16,10,24,26,0,0,0,0,0,mobile-limited-low,iid-occupancy15,admissible
16079013,mobile-limited-low,mobile-limited-low,directed-response-blackout,directed-response-blackout,directed-response-blackout,10,113193954470,93937550261,33139015,65525900,575257,3,0,1,0,NaN,0.9,0,0,0,1300,600,1900,5200,0.365384615384615,36400,1300,15600,52000,143200,0.363128491620112,35800,600,600,399,0,0,1500,1100,400,0,3600,66,2000,2000,0,0,66,66,0,0,1,NaN,NaN,NaN,NaN,1,0,0,coherence-cumulative,1,901,1,0,31426472072,NaN,0,2,6,76069272,36359,36359,5506315,1,3,3,0,1,1,11,4,11,28,16,10,24,26,0,1,0,0,0,mobile-limited-low,directed-response-blackout,admissible
16079013,mobile-limited-high,mobile-limited-high,zero,zero,zero,10,113193954470,113193954470,33342225,57168250,565109,0,0,0,0,NaN,0,0,0,0,0,0,0,4000,0,0,310,0,0,112000,0,8680,0,0,0,0,0,0,0,0,0,0,760,0,0,0,0,406,406,0,0,1,NaN,NaN,NaN,NaN,1,0,0,coherence-cumulative,1,0,0,0,31426472072,NaN,0,3,1,76069272,36359,36359,4593301,0.25,1,3,0,1,0,0,13,20,28,16,10,24,0,0,0,0,0,0,mobile-limited-high,zero,horizon-shorter-than-renewal-slack
16079013,mobile-limited-high,mobile-limited-high,claim-iid5,claim-iid5,claim-iid5,10,113193954470,113193954470,33727790,57168250,565109,0,0,0,0,NaN,0,0,0,0,0,0,0,4000,0,0,310,0,0,112000,0,8680,0,0,0,0,0,0,0,0,0,0,760,0,0,0,0,406,406,0,0,1,NaN,NaN,NaN,NaN,1,0,0,coherence-cumulative,1,0,0,0,31426472072,NaN,0,3,2,76069272,36359,36359,4593301,0.25,1,3,0,1,0,0,13,20,28,16,10,24,0,0,0,0,0,0,mobile-limited-high,claim-iid5,horizon-shorter-than-renewal-slack
16079013,mobile-limited-high,mobile-limited-high,response-iid5,response-iid5,response-iid5,10,113193954470,113193954470,33727790,57168250,565109,0,0,0,0,NaN,0,0,0,0,0,0,0,4000,0,0,310,0,0,112000,0,8680,0,0,0,0,0,0,0,0,0,0,760,0,0,0,0,406,406,0,0,1,NaN,NaN,NaN,NaN,1,0,0,coherence-cumulative,1,0,0,0,31426472072,NaN,0,3,3,76069272,36359,36359,4593301,0.25,1,3,0,1,0,0,13,20,28,16,10,24,0,0,0,0,0,0,mobile-limited-high,response-iid5,horizon-shorter-than-renewal-slack
16079013,mobile-limited-high,mobile-limited-high,joint-control-iid5,joint-control-iid5,joint-control-iid5,10,113193954470,113193954470,34113355,57168250,565109,0,0,0,0,NaN,0,0,0,0,0,0,0,4000,0,0,310,0,0,112000,0,8680,0,0,0,0,0,0,0,0,0,0,760,0,0,0,0,406,406,0,0,1,NaN,NaN,NaN,NaN,1,0,0,coherence-cumulative,1,0,0,0,31426472072,NaN,0,3,4,76069272,36359,36359,4593301,0.25,1,3,0,1,0,0,13,20,28,16,10,24,0,0,0,0,0,0,mobile-limited-high,joint-control-iid5,horizon-shorter-than-renewal-slack
16079013,mobile-limited-high,mobile-limited-high,iid-occupancy15,iid-occupancy15,iid-occupancy15,10,113193954470,79788289736,33342225,57168250,565109,0,0,0,0,NaN,0,0,0,0,0,0,0,4000,0,0,310,0,0,112000,0,8680,0,0,0,0,0,0,0,0,0,0,760,0,0,0,0,406,211,195,0,1,NaN,NaN,NaN,NaN,1,0,0,coherence-cumulative,1,0,0,0.15,31426472072,358892,6833,3,5,76069272,36359,36359,4593301,0.25,1,3,0,1,0,0,13,20,28,16,10,24,0,0,0,0,0,0,mobile-limited-high,iid-occupancy15,horizon-shorter-than-renewal-slack
16079013,mobile-limited-high,mobile-limited-high,directed-response-blackout,directed-response-blackout,directed-response-blackout,10,113193954470,113193954470,33342225,57168250,565109,0,0,0,0,NaN,0,0,0,0,0,0,0,4000,0,0,310,0,0,112000,0,8680,0,0,0,0,0,0,0,0,0,0,760,0,0,0,0,406,406,0,0,1,NaN,NaN,NaN,NaN,1,0,0,coherence-cumulative,1,0,0,0,31426472072,NaN,0,3,6,76069272,36359,36359,4593301,0.25,1,3,0,1,0,0,13,20,28,16,10,24,0,0,0,0,0,0,mobile-limited-high,directed-response-blackout,horizon-shorter-than-renewal-slack
16079014,static-wide-low,static-wide-low,zero,zero,zero,5,30311264389,30311264389,33192740,16345885,36830,0,0,0,1,1,1,0,0,0,15,0,15,2000,0.0075,420,15,0,420,56000,0.0075,420,0,0,0,0,0,60,60,0,0,2000,0,0,0,0,0,0,0,0,0,0,NaN,NaN,NaN,NaN,1,0,0,coherence-cumulative,1,15,0,0,31454694563,NaN,0,1,1,33477756,2450,2730,5445345,6.8,6,0,0,1,1,156,149,156,28,16,10,24,0,0,0,0,0,0,static-wide-low,zero,admissible
16079014,static-wide-low,static-wide-low,claim-iid5,claim-iid5,claim-iid5,5,30311264389,30311264389,33578305,16345885,36830,0,0,0,1,1,1,0,0,0,15,0,15,2000,0.0075,420,15,0,420,56000,0.0075,420,0,0,0,0,0,60,56,4,0,2000,0,0,0,0,0,0,0,0,0,0,NaN,NaN,NaN,NaN,1,0,0,coherence-cumulative,1,15,0,0,31454694563,NaN,0,1,2,33477756,2450,2730,5445345,6.8,6,0,0,1,1,156,149,156,28,16,10,24,0,0,0,0,0,0,static-wide-low,claim-iid5,admissible
16079014,static-wide-low,static-wide-low,response-iid5,response-iid5,response-iid5,5,30311264389,30311264389,33578305,16345885,36830,0,0,0,1,1,1,0,0,0,15,0,15,2000,0.0075,420,15,0,420,56000,0.0075,420,0,0,0,0,0,60,60,0,0,2000,0,0,0,0,0,0,0,0,0,0,NaN,NaN,NaN,NaN,1,0,0,coherence-cumulative,1,15,0,0,31454694563,NaN,0,1,3,33477756,2450,2730,5445345,6.8,6,0,0,1,1,156,149,156,28,16,10,24,0,0,0,0,0,0,static-wide-low,response-iid5,admissible
16079014,static-wide-low,static-wide-low,joint-control-iid5,joint-control-iid5,joint-control-iid5,5,30311264389,30311264389,33963870,16345885,36830,0,0,0,1,1,1,0,0,0,15,0,15,2000,0.0075,420,15,0,420,56000,0.0075,420,0,0,0,0,0,60,56,4,0,2000,0,0,0,0,0,0,0,0,0,0,NaN,NaN,NaN,NaN,1,0,0,coherence-cumulative,1,15,0,0,31454694563,NaN,0,1,4,33477756,2450,2730,5445345,6.8,6,0,0,1,1,156,149,156,28,16,10,24,0,0,0,0,0,0,static-wide-low,joint-control-iid5,admissible
16079014,static-wide-low,static-wide-low,iid-occupancy15,iid-occupancy15,iid-occupancy15,5,30311264389,22287512829,33192740,16345885,36830,0,0,0,1,1,1,0,0,0,15,0,15,2000,0.0075,420,15,0,420,56000,0.0075,420,0,0,0,0,0,60,44,16,0,2000,0,0,0,0,0,0,0,0,0,0,NaN,NaN,NaN,NaN,1,0,0,coherence-cumulative,1,15,0,0.15,31454694563,1780892,3284,1,5,33477756,2450,2730,5445345,6.8,6,0,0,1,1,156,149,156,28,16,10,24,0,0,0,0,0,0,static-wide-low,iid-occupancy15,admissible
16079014,static-wide-low,static-wide-low,directed-response-blackout,directed-response-blackout,directed-response-blackout,5,30311264389,30311264389,33192740,16345885,36830,0,0,0,1,1,1,0,0,0,15,0,15,2000,0.0075,420,15,0,420,56000,0.0075,420,0,0,0,0,0,60,60,0,0,2000,0,0,0,0,0,0,0,0,0,0,NaN,NaN,NaN,NaN,1,0,0,coherence-cumulative,1,15,0,0,31454694563,NaN,0,1,6,33477756,2450,2730,5445345,6.8,6,0,0,1,1,156,149,156,28,16,10,24,0,0,0,0,0,0,static-wide-low,directed-response-blackout,admissible
16079014,mobile-limited-low,mobile-limited-low,zero,zero,zero,5,30311264389,30311264389,33863697,16345885,36050,0,0,0,1,1,1,0,0,0,15,0,15,2000,0.0075,420,15,0,420,56000,0.0075,420,0,0,0,0,0,0,0,0,0,2000,0,0,0,0,0,0,0,0,0,0,NaN,NaN,NaN,NaN,1,0,0,coherence-cumulative,1,15,0,0,31454694563,NaN,0,2,1,33477756,2450,2450,4568447,6.8,6,0,0,1,1,156,149,156,28,16,10,24,0,0,0,0,0,0,mobile-limited-low,zero,admissible
16079014,mobile-limited-low,mobile-limited-low,claim-iid5,claim-iid5,claim-iid5,5,30311264389,30311264389,34249262,16345885,36050,0,0,0,1,1,1,0,0,0,15,0,15,2000,0.0075,420,15,0,420,56000,0.0075,420,0,0,0,0,0,0,0,0,0,2000,0,0,0,0,0,0,0,0,0,0,NaN,NaN,NaN,NaN,1,0,0,coherence-cumulative,1,15,0,0,31454694563,NaN,0,2,2,33477756,2450,2450,4568447,6.8,6,0,0,1,1,156,149,156,28,16,10,24,0,0,0,0,0,0,mobile-limited-low,claim-iid5,admissible
16079014,mobile-limited-low,mobile-limited-low,response-iid5,response-iid5,response-iid5,5,30311264389,30311264389,34249262,16345885,36050,0,0,0,1,1,1,0,0,0,15,0,15,2000,0.0075,420,15,0,420,56000,0.0075,420,0,0,0,0,0,0,0,0,0,2000,0,0,0,0,0,0,0,0,0,0,NaN,NaN,NaN,NaN,1,0,0,coherence-cumulative,1,15,0,0,31454694563,NaN,0,2,3,33477756,2450,2450,4568447,6.8,6,0,0,1,1,156,149,156,28,16,10,24,0,0,0,0,0,0,mobile-limited-low,response-iid5,admissible
16079014,mobile-limited-low,mobile-limited-low,joint-control-iid5,joint-control-iid5,joint-control-iid5,5,30311264389,30311264389,34634827,16345885,36050,0,0,0,1,1,1,0,0,0,15,0,15,2000,0.0075,420,15,0,420,56000,0.0075,420,0,0,0,0,0,0,0,0,0,2000,0,0,0,0,0,0,0,0,0,0,NaN,NaN,NaN,NaN,1,0,0,coherence-cumulative,1,15,0,0,31454694563,NaN,0,2,4,33477756,2450,2450,4568447,6.8,6,0,0,1,1,156,149,156,28,16,10,24,0,0,0,0,0,0,mobile-limited-low,joint-control-iid5,admissible
16079014,mobile-limited-low,mobile-limited-low,iid-occupancy15,iid-occupancy15,iid-occupancy15,5,30311264389,22287512829,33863697,16345885,36050,0,0,0,1,1,1,0,0,0,15,0,15,2000,0.0075,420,15,0,420,56000,0.0075,420,0,0,0,0,0,0,0,0,0,2000,0,0,0,0,0,0,0,0,0,0,NaN,NaN,NaN,NaN,1,0,0,coherence-cumulative,1,15,0,0.15,31454694563,1780892,3284,2,5,33477756,2450,2450,4568447,6.8,6,0,0,1,1,156,149,156,28,16,10,24,0,0,0,0,0,0,mobile-limited-low,iid-occupancy15,admissible
16079014,mobile-limited-low,mobile-limited-low,directed-response-blackout,directed-response-blackout,directed-response-blackout,5,30311264389,30311264389,33863697,16345885,36050,0,0,0,1,1,1,0,0,0,15,0,15,2000,0.0075,420,15,0,420,56000,0.0075,420,0,0,0,0,0,0,0,0,0,2000,0,0,0,0,0,0,0,0,0,0,NaN,NaN,NaN,NaN,1,0,0,coherence-cumulative,1,15,0,0,31454694563,NaN,0,2,6,33477756,2450,2450,4568447,6.8,6,0,0,1,1,156,149,156,28,16,10,24,0,0,0,0,0,0,mobile-limited-low,directed-response-blackout,admissible
16079014,mobile-limited-high,mobile-limited-high,zero,zero,zero,5,30311264389,30311264389,32644324,16345885,36050,0,0,0,1,1,1,0,0,0,15,0,15,2000,0.0075,420,15,0,420,56000,0.0075,420,0,0,0,0,0,0,0,0,0,2000,0,0,0,0,0,0,0,0,0,0,NaN,NaN,NaN,NaN,1,0,0,coherence-cumulative,1,15,0,0,31454694563,NaN,0,3,1,33477756,2450,2450,6371018,6.8,6,0,0,1,1,156,149,156,28,16,10,24,0,0,0,0,0,0,mobile-limited-high,zero,admissible
16079014,mobile-limited-high,mobile-limited-high,claim-iid5,claim-iid5,claim-iid5,5,30311264389,30311264389,33029889,16345885,36050,0,0,0,1,1,1,0,0,0,15,0,15,2000,0.0075,420,15,0,420,56000,0.0075,420,0,0,0,0,0,0,0,0,0,2000,0,0,0,0,0,0,0,0,0,0,NaN,NaN,NaN,NaN,1,0,0,coherence-cumulative,1,15,0,0,31454694563,NaN,0,3,2,33477756,2450,2450,6371018,6.8,6,0,0,1,1,156,149,156,28,16,10,24,0,0,0,0,0,0,mobile-limited-high,claim-iid5,admissible
16079014,mobile-limited-high,mobile-limited-high,response-iid5,response-iid5,response-iid5,5,30311264389,30311264389,33029889,16345885,36050,0,0,0,1,1,1,0,0,0,15,0,15,2000,0.0075,420,15,0,420,56000,0.0075,420,0,0,0,0,0,0,0,0,0,2000,0,0,0,0,0,0,0,0,0,0,NaN,NaN,NaN,NaN,1,0,0,coherence-cumulative,1,15,0,0,31454694563,NaN,0,3,3,33477756,2450,2450,6371018,6.8,6,0,0,1,1,156,149,156,28,16,10,24,0,0,0,0,0,0,mobile-limited-high,response-iid5,admissible
16079014,mobile-limited-high,mobile-limited-high,joint-control-iid5,joint-control-iid5,joint-control-iid5,5,30311264389,30311264389,33415454,16345885,36050,0,0,0,1,1,1,0,0,0,15,0,15,2000,0.0075,420,15,0,420,56000,0.0075,420,0,0,0,0,0,0,0,0,0,2000,0,0,0,0,0,0,0,0,0,0,NaN,NaN,NaN,NaN,1,0,0,coherence-cumulative,1,15,0,0,31454694563,NaN,0,3,4,33477756,2450,2450,6371018,6.8,6,0,0,1,1,156,149,156,28,16,10,24,0,0,0,0,0,0,mobile-limited-high,joint-control-iid5,admissible
16079014,mobile-limited-high,mobile-limited-high,iid-occupancy15,iid-occupancy15,iid-occupancy15,5,30311264389,22287512829,32644324,16345885,36050,0,0,0,1,1,1,0,0,0,15,0,15,2000,0.0075,420,15,0,420,56000,0.0075,420,0,0,0,0,0,0,0,0,0,2000,0,0,0,0,0,0,0,0,0,0,NaN,NaN,NaN,NaN,1,0,0,coherence-cumulative,1,15,0,0.15,31454694563,1780892,3284,3,5,33477756,2450,2450,6371018,6.8,6,0,0,1,1,156,149,156,28,16,10,24,0,0,0,0,0,0,mobile-limited-high,iid-occupancy15,admissible
16079014,mobile-limited-high,mobile-limited-high,directed-response-blackout,directed-response-blackout,directed-response-blackout,5,30311264389,30311264389,32644324,16345885,36050,0,0,0,1,1,1,0,0,0,15,0,15,2000,0.0075,420,15,0,420,56000,0.0075,420,0,0,0,0,0,0,0,0,0,2000,0,0,0,0,0,0,0,0,0,0,NaN,NaN,NaN,NaN,1,0,0,coherence-cumulative,1,15,0,0,31454694563,NaN,0,3,6,33477756,2450,2450,6371018,6.8,6,0,0,1,1,156,149,156,28,16,10,24,0,0,0,0,0,0,mobile-limited-high,directed-response-blackout,admissible
16079014,static-wide-low,static-wide-low,zero,zero,zero,10,113329545694,113329545694,33721311,66363427,613168,4,0,1,1,1,1,0,0,0,60,24,84,5600,0.015,1680,84,624,2304,153600,0.015,2304,24,24,0,0,0,756,756,0,0,4000,0,2400,2400,0,0,0,0,0,0,0,NaN,NaN,NaN,NaN,1,0,0,coherence-cumulative,1,60,0,0,31381496803,NaN,0,1,1,67817873,36447,40685,4616379,6.8,6,4,0,1,1,78,71,78,28,16,10,24,26,0,0,0,0,0,static-wide-low,zero,admissible
16079014,static-wide-low,static-wide-low,claim-iid5,claim-iid5,claim-iid5,10,113329545694,113329545694,34106876,66363427,613168,4,0,1,1,1,1,0,0,0,61,26,87,5600,0.0155357142857143,1708,84,676,2384,153600,0.0155208333333333,2304,26,26,1,0,0,783,761,22,0,4000,0,2400,2400,0,0,0,0,0,0,0,NaN,NaN,NaN,NaN,1,0,0,coherence-cumulative,1,60,0,0,31381496803,NaN,0,1,2,67817873,36447,40685,4616379,6.8,6,4,0,1,1,78,71,78,28,16,10,24,26,0,0,0,0,0,static-wide-low,claim-iid5,admissible
16079014,static-wide-low,static-wide-low,response-iid5,response-iid5,response-iid5,10,113329545694,113329545694,34106876,66363427,613168,4,0,1,1,1,1,0,0,0,60,24,84,5600,0.015,1680,84,624,2304,153600,0.015,2304,24,24,0,0,0,756,750,6,0,4000,0,2400,2400,0,0,0,0,0,0,0,NaN,NaN,NaN,NaN,1,0,0,coherence-cumulative,1,60,0,0,31381496803,NaN,0,1,3,67817873,36447,40685,4616379,6.8,6,4,0,1,1,78,71,78,28,16,10,24,26,0,0,0,0,0,static-wide-low,response-iid5,admissible
16079014,static-wide-low,static-wide-low,joint-control-iid5,joint-control-iid5,joint-control-iid5,10,113329545694,113329545694,34492441,66363427,613168,4,0,1,1,1,1,0,0,0,61,26,87,5600,0.0155357142857143,1708,84,676,2384,153600,0.0155208333333333,2304,26,26,1,0,0,783,755,28,0,4000,0,2400,2400,0,0,0,0,0,0,0,NaN,NaN,NaN,NaN,1,0,0,coherence-cumulative,1,60,0,0,31381496803,NaN,0,1,4,67817873,36447,40685,4616379,6.8,6,4,0,1,1,78,71,78,28,16,10,24,26,0,0,0,0,0,static-wide-low,joint-control-iid5,admissible
16079014,static-wide-low,static-wide-low,iid-occupancy15,iid-occupancy15,iid-occupancy15,10,113329545694,78145375011,33721311,66356504,613168,4,0,1,1,4,0.99925,0,0,0,87,49,136,5600,0.0242857142857143,2436,84,1274,3710,153600,0.0241536458333333,2304,48,49,25,0,0,1224,945,279,0,3997,1,2397,1183,1214,0,1,1,0,0,1,NaN,NaN,NaN,NaN,1,0,0,coherence-cumulative,1,62,0,0.15,31381496803,1245308,7199,1,5,67817873,36447,40685,4616379,6.8,6,4,0,1,1,78,71,78,28,16,10,24,26,0,0,0,0,0,static-wide-low,iid-occupancy15,admissible
16079014,static-wide-low,static-wide-low,directed-response-blackout,directed-response-blackout,directed-response-blackout,10,113329545694,94040239570,33721311,65266327,613168,4,0,1,0,NaN,0.9,0,0,0,454,418,872,5600,0.155714285714286,12712,84,10868,23580,153600,0.153515625,2304,418,418,399,0,0,7848,7448,400,0,3600,81,2000,2000,0,0,81,81,0,0,1,NaN,NaN,NaN,NaN,1,0,0,coherence-cumulative,1,55,1,0,31381496803,NaN,0,1,6,67817873,36447,40685,4616379,6.8,6,4,0,1,1,78,71,78,28,16,10,24,26,0,1,0,0,0,static-wide-low,directed-response-blackout,admissible
16079014,mobile-limited-low,mobile-limited-low,zero,zero,zero,10,113329545694,113329545694,33019139,66370966,584480,4,1,1,1,1,1,0,0,0,270,108,378,5600,0.0675,7560,378,2808,10368,153600,0.0675,10368,108,108,0,0,0,297,297,0,0,4000,0,2400,2400,0,0,0,0,0,0,0,NaN,NaN,NaN,NaN,1,0,0,coherence-cumulative,1,270,0,0,31381496803,NaN,0,2,1,67817873,36447,36447,6710014,2,4,4,1,1,1,22,15,22,28,16,10,24,26,0,0,0,0,0,mobile-limited-low,zero,admissible
16079014,mobile-limited-low,mobile-limited-low,claim-iid5,claim-iid5,claim-iid5,10,113329545694,113329545694,33404704,66370966,584480,4,1,1,1,1,1,0,0,0,273,114,387,5600,0.0691071428571429,7644,378,2964,10608,153600,0.0690625,10368,114,114,3,0,0,309,305,4,0,4000,0,2400,2400,0,0,0,0,0,0,0,NaN,NaN,NaN,NaN,1,0,0,coherence-cumulative,1,270,0,0,31381496803,NaN,0,2,2,67817873,36447,36447,6710014,2,4,4,1,1,1,22,15,22,28,16,10,24,26,0,0,0,0,0,mobile-limited-low,claim-iid5,admissible
16079014,mobile-limited-low,mobile-limited-low,response-iid5,response-iid5,response-iid5,10,113329545694,113329545694,33404704,66370966,584480,4,1,1,1,1,1,0,0,0,280,125,405,5600,0.0723214285714286,7840,378,3250,11090,153600,0.0722005208333333,10368,125,125,10,0,0,331,321,10,0,4000,0,2400,2400,0,0,0,0,0,0,0,NaN,NaN,NaN,NaN,1,0,0,coherence-cumulative,1,270,0,0,31381496803,NaN,0,2,3,67817873,36447,36447,6710014,2,4,4,1,1,1,22,15,22,28,16,10,24,26,0,0,0,0,0,mobile-limited-low,response-iid5,admissible
16079014,mobile-limited-low,mobile-limited-low,joint-control-iid5,joint-control-iid5,joint-control-iid5,10,113329545694,113329545694,33790269,66370966,584480,4,1,1,1,1,1,0,0,0,281,127,408,5600,0.0728571428571429,7868,378,3302,11170,153600,0.0727213541666667,10368,127,127,11,0,0,335,321,14,0,4000,0,2400,2400,0,0,0,0,0,0,0,NaN,NaN,NaN,NaN,1,0,0,coherence-cumulative,1,270,0,0,31381496803,NaN,0,2,4,67817873,36447,36447,6710014,2,4,4,1,1,1,22,15,22,28,16,10,24,26,0,0,0,0,0,mobile-limited-low,joint-control-iid5,admissible
16079014,mobile-limited-low,mobile-limited-low,iid-occupancy15,iid-occupancy15,iid-occupancy15,10,113329545694,78088392003,33019139,66364480,584480,4,1,1,1,4,0.99925,0,0,0,348,207,555,5600,0.0991071428571429,9744,378,5382,15126,153600,0.0984765625,10368,206,207,72,0,0,509,391,118,0,3997,1,2397,1183,1214,0,1,1,0,0,1,NaN,NaN,NaN,NaN,1,0,0,coherence-cumulative,1,276,0,0.15,31381496803,1510569,7213,2,5,67817873,36447,36447,6710014,2,4,4,1,1,1,22,15,22,28,16,10,24,26,0,0,0,0,0,mobile-limited-low,iid-occupancy15,admissible
16079014,mobile-limited-low,mobile-limited-low,directed-response-blackout,directed-response-blackout,directed-response-blackout,10,113329545694,94038639570,33019139,65273698,584480,4,1,1,0,NaN,0.9,0,0,0,643,481,1124,5600,0.200714285714286,18004,378,12506,30510,153600,0.1986328125,10368,481,481,399,0,0,1043,643,400,0,3600,81,2000,2000,0,0,81,81,0,0,1,NaN,NaN,NaN,NaN,1,0,0,coherence-cumulative,1,244,1,0,31381496803,NaN,0,2,6,67817873,36447,36447,6710014,2,4,4,1,1,1,22,15,22,28,16,10,24,26,0,1,0,0,0,mobile-limited-low,directed-response-blackout,admissible
16079014,mobile-limited-high,mobile-limited-high,zero,zero,zero,10,113329545694,113329545694,32875105,66415533,584480,4,1,1,1,1,1,0,0,0,1000,400,1400,5600,0.25,28000,1400,10400,38400,153600,0.25,38400,400,400,0,0,0,1100,1100,0,0,4000,0,2400,2400,0,0,0,0,0,0,0,NaN,NaN,NaN,NaN,1,0,0,coherence-cumulative,1,1000,0,0,31381496803,NaN,0,3,1,67817873,36447,36447,4144414,1,3,4,1,1,1,11,4,11,28,16,10,24,26,0,0,0,0,0,mobile-limited-high,zero,admissible
16079014,mobile-limited-high,mobile-limited-high,claim-iid5,claim-iid5,claim-iid5,10,113329545694,113329545694,33260670,66416259,584480,4,1,1,1,1,1,0,0,0,1029,446,1475,5600,0.263392857142857,28812,1400,11596,40408,153600,0.263072916666667,38400,446,446,23,0,0,1193,1166,27,0,4000,0,2400,2400,0,0,0,0,0,0,0,NaN,NaN,NaN,NaN,1,0,0,coherence-cumulative,1,1006,0,0,31381496803,NaN,0,3,2,67817873,36447,36447,4144414,1,3,4,1,1,1,11,4,11,28,16,10,24,26,0,0,0,0,0,mobile-limited-high,claim-iid5,admissible
16079014,mobile-limited-high,mobile-limited-high,response-iid5,response-iid5,response-iid5,10,113329545694,113329545694,33260670,66415533,584480,4,1,1,1,1,1,0,0,0,1019,432,1451,5600,0.259107142857143,28532,1400,11232,39764,153600,0.258880208333333,38400,432,432,19,0,0,1164,1145,19,0,4000,0,2400,2400,0,0,0,0,0,0,0,NaN,NaN,NaN,NaN,1,0,0,coherence-cumulative,1,1000,0,0,31381496803,NaN,0,3,3,67817873,36447,36447,4144414,1,3,4,1,1,1,11,4,11,28,16,10,24,26,0,0,0,0,0,mobile-limited-high,response-iid5,admissible
16079014,mobile-limited-high,mobile-limited-high,joint-control-iid5,joint-control-iid5,joint-control-iid5,10,113329545694,113329545694,33646235,66416138,584480,4,1,1,1,1,1,0,0,0,1046,473,1519,5600,0.27125,29288,1400,12298,41586,153600,0.2707421875,38400,473,473,41,0,0,1249,1202,47,0,4000,0,2400,2400,0,0,0,0,0,0,0,NaN,NaN,NaN,NaN,1,0,0,coherence-cumulative,1,1005,0,0,31381496803,NaN,0,3,4,67817873,36447,36447,4144414,1,3,4,1,1,1,11,4,11,28,16,10,24,26,0,0,0,0,0,mobile-limited-high,joint-control-iid5,admissible
16079014,mobile-limited-high,mobile-limited-high,iid-occupancy15,iid-occupancy15,iid-occupancy15,10,113329545694,78088392003,32875105,66409148,584480,4,1,1,1,4,0.99925,0,0,0,1262,751,2013,5600,0.359464285714286,35336,1400,19526,54862,153600,0.357174479166667,38400,750,751,255,0,0,1859,1409,450,0,3997,1,2397,1183,1214,0,1,1,0,0,1,NaN,NaN,NaN,NaN,1,0,0,coherence-cumulative,1,1007,0,0.15,31381496803,1510569,7213,3,5,67817873,36447,36447,4144414,1,3,4,1,1,1,11,4,11,28,16,10,24,26,0,0,0,0,0,mobile-limited-high,iid-occupancy15,admissible
16079014,mobile-limited-high,mobile-limited-high,directed-response-blackout,directed-response-blackout,directed-response-blackout,10,113329545694,94038639570,32875105,65313193,584480,4,1,1,0,NaN,0.9,0,0,0,1300,700,2000,5600,0.357142857142857,36400,1400,18200,54600,153600,0.35546875,38400,700,700,399,0,0,1700,1300,400,0,3600,81,2000,2000,0,0,81,81,0,0,1,NaN,NaN,NaN,NaN,1,0,0,coherence-cumulative,1,901,1,0,31381496803,NaN,0,3,6,67817873,36447,36447,4144414,1,3,4,1,1,1,11,4,11,28,16,10,24,26,0,1,0,0,0,mobile-limited-high,directed-response-blackout,admissible
16079015,static-wide-low,static-wide-low,zero,zero,zero,5,30467522362,30467522362,33130439,16471445,37876,1,0,1,1,1,1,0,0,0,15,3,18,2400,0.0075,420,18,78,498,66400,0.0075,498,3,3,0,0,0,72,72,0,0,2000,0,800,800,0,0,0,0,0,0,0,NaN,NaN,NaN,NaN,1,0,0,coherence-cumulative,1,15,0,0,31387434351,NaN,0,1,1,33286585,2478,2730,5472321,6.8,6,1,0,1,1,148,141,148,28,16,10,24,26,0,0,0,0,0,static-wide-low,zero,admissible
16079015,static-wide-low,static-wide-low,claim-iid5,claim-iid5,claim-iid5,5,30467522362,30467522362,33516004,16471445,37876,1,0,1,1,1,1,0,0,0,15,3,18,2400,0.0075,420,18,78,498,66400,0.0075,498,3,3,0,0,0,72,68,4,0,2000,0,800,800,0,0,0,0,0,0,0,NaN,NaN,NaN,NaN,1,0,0,coherence-cumulative,1,15,0,0,31387434351,NaN,0,1,2,33286585,2478,2730,5472321,6.8,6,1,0,1,1,148,141,148,28,16,10,24,26,0,0,0,0,0,static-wide-low,claim-iid5,admissible
16079015,static-wide-low,static-wide-low,response-iid5,response-iid5,response-iid5,5,30467522362,30467522362,33516004,16471445,37876,1,0,1,1,1,1,0,0,0,15,3,18,2400,0.0075,420,18,78,498,66400,0.0075,498,3,3,0,0,0,72,72,0,0,2000,0,800,800,0,0,0,0,0,0,0,NaN,NaN,NaN,NaN,1,0,0,coherence-cumulative,1,15,0,0,31387434351,NaN,0,1,3,33286585,2478,2730,5472321,6.8,6,1,0,1,1,148,141,148,28,16,10,24,26,0,0,0,0,0,static-wide-low,response-iid5,admissible
16079015,static-wide-low,static-wide-low,joint-control-iid5,joint-control-iid5,joint-control-iid5,5,30467522362,30467522362,33901569,16471445,37876,1,0,1,1,1,1,0,0,0,15,3,18,2400,0.0075,420,18,78,498,66400,0.0075,498,3,3,0,0,0,72,68,4,0,2000,0,800,800,0,0,0,0,0,0,0,NaN,NaN,NaN,NaN,1,0,0,coherence-cumulative,1,15,0,0,31387434351,NaN,0,1,4,33286585,2478,2730,5472321,6.8,6,1,0,1,1,148,141,148,28,16,10,24,26,0,0,0,0,0,static-wide-low,joint-control-iid5,admissible
16079015,static-wide-low,static-wide-low,iid-occupancy15,iid-occupancy15,iid-occupancy15,5,30467522362,21460018470,33130439,16470254,37876,1,0,1,1,2,0.9995,0,0,0,24,7,31,2400,0.0129166666666667,672,18,182,854,66400,0.0128614457831325,498,6,7,8,0,0,124,92,32,0,1999,0,799,372,427,0,0,0,0,0,0,NaN,NaN,NaN,NaN,1,0,0,coherence-cumulative,1,16,0,0.15,31387434351,1015000,3677,1,5,33286585,2478,2730,5472321,6.8,6,1,0,1,1,148,141,148,28,16,10,24,26,0,0,0,0,0,static-wide-low,iid-occupancy15,admissible
16079015,static-wide-low,static-wide-low,directed-response-blackout,directed-response-blackout,directed-response-blackout,5,30467522362,25617501678,33130439,15887771,37876,1,0,1,0,NaN,0.8,0,0,0,412,400,812,2400,0.338333333333333,11536,18,10400,21936,66400,0.330361445783133,498,400,400,399,0,0,3248,2848,400,0,1600,136,400,400,0,0,136,136,0,0,1,NaN,NaN,NaN,NaN,1,0,0,coherence-cumulative,1,13,1,0,31387434351,NaN,0,1,6,33286585,2478,2730,5472321,6.8,6,1,0,1,1,148,141,148,28,16,10,24,26,0,1,0,0,0,static-wide-low,directed-response-blackout,admissible
16079015,mobile-limited-low,mobile-limited-low,zero,zero,zero,5,30467522362,30467522362,32541319,16472732,36768,1,0,1,1,1,1,0,0,0,60,12,72,2400,0.03,1680,72,312,1992,66400,0.03,1992,12,12,0,0,0,36,36,0,0,2000,0,800,800,0,0,0,0,0,0,0,NaN,NaN,NaN,NaN,1,0,0,coherence-cumulative,1,60,0,0,31387434351,NaN,0,2,1,33286585,2478,2478,5414946,2,4,1,0,1,1,43,36,43,28,16,10,24,26,0,0,0,0,0,mobile-limited-low,zero,admissible
16079015,mobile-limited-low,mobile-limited-low,claim-iid5,claim-iid5,claim-iid5,5,30467522362,30467522362,32926884,16472732,36768,1,0,1,1,1,1,0,0,0,60,12,72,2400,0.03,1680,72,312,1992,66400,0.03,1992,12,12,0,0,0,36,35,1,0,2000,0,800,800,0,0,0,0,0,0,0,NaN,NaN,NaN,NaN,1,0,0,coherence-cumulative,1,60,0,0,31387434351,NaN,0,2,2,33286585,2478,2478,5414946,2,4,1,0,1,1,43,36,43,28,16,10,24,26,0,0,0,0,0,mobile-limited-low,claim-iid5,admissible
16079015,mobile-limited-low,mobile-limited-low,response-iid5,response-iid5,response-iid5,5,30467522362,30467522362,32926884,16472732,36768,1,0,1,1,1,1,0,0,0,60,12,72,2400,0.03,1680,72,312,1992,66400,0.03,1992,12,12,0,0,0,36,36,0,0,2000,0,800,800,0,0,0,0,0,0,0,NaN,NaN,NaN,NaN,1,0,0,coherence-cumulative,1,60,0,0,31387434351,NaN,0,2,3,33286585,2478,2478,5414946,2,4,1,0,1,1,43,36,43,28,16,10,24,26,0,0,0,0,0,mobile-limited-low,response-iid5,admissible
16079015,mobile-limited-low,mobile-limited-low,joint-control-iid5,joint-control-iid5,joint-control-iid5,5,30467522362,30467522362,33312449,16472732,36768,1,0,1,1,1,1,0,0,0,60,12,72,2400,0.03,1680,72,312,1992,66400,0.03,1992,12,12,0,0,0,36,35,1,0,2000,0,800,800,0,0,0,0,0,0,0,NaN,NaN,NaN,NaN,1,0,0,coherence-cumulative,1,60,0,0,31387434351,NaN,0,2,4,33286585,2478,2478,5414946,2,4,1,0,1,1,43,36,43,28,16,10,24,26,0,0,0,0,0,mobile-limited-low,joint-control-iid5,admissible
16079015,mobile-limited-low,mobile-limited-low,iid-occupancy15,iid-occupancy15,iid-occupancy15,5,30467522362,21467922062,32541319,16472732,36768,1,0,1,1,1,1,0,0,0,68,20,88,2400,0.0366666666666667,1904,72,520,2424,66400,0.0365060240963855,1992,20,20,8,0,0,52,38,14,0,2000,0,800,373,427,0,0,0,0,0,0,NaN,NaN,NaN,NaN,1,0,0,coherence-cumulative,1,60,0,0.15,31387434351,1329366,3679,2,5,33286585,2478,2478,5414946,2,4,1,0,1,1,43,36,43,28,16,10,24,26,0,0,0,0,0,mobile-limited-low,iid-occupancy15,admissible
16079015,mobile-limited-low,mobile-limited-low,directed-response-blackout,directed-response-blackout,directed-response-blackout,5,30467522362,25616701678,32541319,15888464,36768,1,0,1,0,NaN,0.8,0,0,0,448,400,848,2400,0.353333333333333,12544,72,10400,22944,66400,0.345542168674699,1992,400,400,399,0,0,812,412,400,0,1600,136,400,400,0,0,136,136,0,0,1,NaN,NaN,NaN,NaN,1,0,0,coherence-cumulative,1,49,1,0,31387434351,NaN,0,2,6,33286585,2478,2478,5414946,2,4,1,0,1,1,43,36,43,28,16,10,24,26,0,1,0,0,0,mobile-limited-low,directed-response-blackout,admissible
16079015,mobile-limited-high,mobile-limited-high,zero,zero,zero,5,30467522362,30467522362,32685180,16473959,36768,1,0,1,1,1,1,0,0,0,145,29,174,2400,0.0725,4060,174,754,4814,66400,0.0725,4814,29,29,0,0,0,87,87,0,0,2000,0,800,800,0,0,0,0,0,0,0,NaN,NaN,NaN,NaN,1,0,0,coherence-cumulative,1,145,0,0,31387434351,NaN,0,3,1,33286585,2478,2478,5089219,1,3,1,0,1,1,21,14,21,28,16,10,24,26,0,0,0,0,0,mobile-limited-high,zero,admissible
16079015,mobile-limited-high,mobile-limited-high,claim-iid5,claim-iid5,claim-iid5,5,30467522362,30467522362,33070745,16473959,36768,1,0,1,1,1,1,0,0,0,148,31,179,2400,0.0745833333333333,4144,174,806,4950,66400,0.0745481927710843,4814,31,31,3,0,0,92,89,3,0,2000,0,800,800,0,0,0,0,0,0,0,NaN,NaN,NaN,NaN,1,0,0,coherence-cumulative,1,145,0,0,31387434351,NaN,0,3,2,33286585,2478,2478,5089219,1,3,1,0,1,1,21,14,21,28,16,10,24,26,0,0,0,0,0,mobile-limited-high,claim-iid5,admissible
16079015,mobile-limited-high,mobile-limited-high,response-iid5,response-iid5,response-iid5,5,30467522362,30467522362,33070745,16473959,36768,1,0,1,1,1,1,0,0,0,146,30,176,2400,0.0733333333333333,4088,174,780,4868,66400,0.0733132530120482,4814,30,30,1,0,0,89,88,1,0,2000,0,800,800,0,0,0,0,0,0,0,NaN,NaN,NaN,NaN,1,0,0,coherence-cumulative,1,145,0,0,31387434351,NaN,0,3,3,33286585,2478,2478,5089219,1,3,1,0,1,1,21,14,21,28,16,10,24,26,0,0,0,0,0,mobile-limited-high,response-iid5,admissible
16079015,mobile-limited-high,mobile-limited-high,joint-control-iid5,joint-control-iid5,joint-control-iid5,5,30467522362,30467522362,33456310,16473959,36768,1,0,1,1,1,1,0,0,0,149,32,181,2400,0.0754166666666667,4172,174,832,5004,66400,0.0753614457831325,4814,32,32,4,0,0,94,90,4,0,2000,0,800,800,0,0,0,0,0,0,0,NaN,NaN,NaN,NaN,1,0,0,coherence-cumulative,1,145,0,0,31387434351,NaN,0,3,4,33286585,2478,2478,5089219,1,3,1,0,1,1,21,14,21,28,16,10,24,26,0,0,0,0,0,mobile-limited-high,joint-control-iid5,admissible
16079015,mobile-limited-high,mobile-limited-high,iid-occupancy15,iid-occupancy15,iid-occupancy15,5,30467522362,21467922062,32685180,16473959,36768,1,0,1,1,1,1,0,0,0,177,54,231,2400,0.09625,4956,174,1404,6360,66400,0.0957831325301205,4814,54,54,32,0,0,144,97,47,0,2000,0,800,373,427,0,0,0,0,0,0,NaN,NaN,NaN,NaN,1,0,0,coherence-cumulative,1,145,0,0.15,31387434351,1329366,3679,3,5,33286585,2478,2478,5089219,1,3,1,0,1,1,21,14,21,28,16,10,24,26,0,0,0,0,0,mobile-limited-high,iid-occupancy15,admissible
16079015,mobile-limited-high,mobile-limited-high,directed-response-blackout,directed-response-blackout,directed-response-blackout,5,30467522362,25616701678,32685180,15889773,36768,1,0,1,0,NaN,0.8,0,0,0,516,400,916,2400,0.381666666666667,14448,174,10400,24848,66400,0.37421686746988,4814,400,400,399,0,0,829,429,400,0,1600,136,400,400,0,0,136,136,0,0,1,NaN,NaN,NaN,NaN,1,0,0,coherence-cumulative,1,117,1,0,31387434351,NaN,0,3,6,33286585,2478,2478,5089219,1,3,1,0,1,1,21,14,21,28,16,10,24,26,0,1,0,0,0,mobile-limited-high,directed-response-blackout,admissible
16079015,static-wide-low,static-wide-low,zero,zero,zero,10,113230079968,113230079968,34208720,67500544,653689,8,0,1,1,1,1,0,0,0,70,56,126,7200,0.0175,1960,126,1456,3416,195200,0.0175,3416,56,56,0,0,0,1134,1134,0,0,4000,0,4800,4800,0,0,0,0,0,0,0,NaN,NaN,NaN,NaN,1,0,0,coherence-cumulative,1,70,0,0,31412744673,NaN,0,1,1,65407442,36701,40685,5666778,6.8,6,8,0,1,1,70,63,70,28,16,10,24,26,0,0,0,0,0,static-wide-low,zero,admissible
16079015,static-wide-low,static-wide-low,claim-iid5,claim-iid5,claim-iid5,10,113230079968,113230079968,34594285,67500924,653689,8,0,1,1,1,1,0,0,0,75,69,144,7200,0.02,2100,126,1794,3894,195200,0.0199487704918033,3416,69,69,3,0,0,1296,1260,36,0,4000,0,4800,4800,0,0,0,0,0,0,0,NaN,NaN,NaN,NaN,1,0,0,coherence-cumulative,1,72,0,0,31412744673,NaN,0,1,2,65407442,36701,40685,5666778,6.8,6,8,0,1,1,70,63,70,28,16,10,24,26,0,0,0,0,0,static-wide-low,claim-iid5,admissible
16079015,static-wide-low,static-wide-low,response-iid5,response-iid5,response-iid5,10,113230079968,113230079968,34594285,67500544,653689,8,0,1,1,1,1,0,0,0,73,65,138,7200,0.0191666666666667,2044,126,1690,3734,195200,0.0191290983606557,3416,65,65,3,0,0,1242,1217,25,0,4000,0,4800,4800,0,0,0,0,0,0,0,NaN,NaN,NaN,NaN,1,0,0,coherence-cumulative,1,70,0,0,31412744673,NaN,0,1,3,65407442,36701,40685,5666778,6.8,6,8,0,1,1,70,63,70,28,16,10,24,26,0,0,0,0,0,static-wide-low,response-iid5,admissible
16079015,static-wide-low,static-wide-low,joint-control-iid5,joint-control-iid5,joint-control-iid5,10,113230079968,113230079968,34979850,67500924,653689,8,0,1,1,1,1,0,0,0,78,78,156,7200,0.0216666666666667,2184,126,2028,4212,195200,0.021577868852459,3416,78,78,6,0,0,1404,1338,66,0,4000,0,4800,4800,0,0,0,0,0,0,0,NaN,NaN,NaN,NaN,1,0,0,coherence-cumulative,1,72,0,0,31412744673,NaN,0,1,4,65407442,36701,40685,5666778,6.8,6,8,0,1,1,70,63,70,28,16,10,24,26,0,0,0,0,0,static-wide-low,joint-control-iid5,admissible
16079015,static-wide-low,static-wide-low,iid-occupancy15,iid-occupancy15,iid-occupancy15,10,113230079968,76443281510,34208720,67492831,653689,8,0,1,1,3,0.99925,0,0,0,113,127,240,7200,0.0333333333333333,3164,126,3302,6466,195200,0.033125,3416,127,127,42,0,0,2160,1674,486,0,3997,0,4796,2482,2314,0,0,0,0,0,0,NaN,NaN,NaN,NaN,1,0,0,coherence-cumulative,1,71,0,0.15,31412744673,1688573,7532,1,5,65407442,36701,40685,5666778,6.8,6,8,0,1,1,70,63,70,28,16,10,24,26,0,0,0,0,0,static-wide-low,iid-occupancy15,admissible
16079015,static-wide-low,static-wide-low,directed-response-blackout,directed-response-blackout,directed-response-blackout,10,113230079968,93818177962,34208720,66860323,653689,8,0,1,0,NaN,0.9,0,0,0,463,449,912,7200,0.126666666666667,12964,126,11674,24638,195200,0.126219262295082,3416,449,449,399,0,0,8208,7808,400,0,3600,60,4400,4400,0,0,60,60,0,0,1,NaN,NaN,NaN,NaN,1,0,0,coherence-cumulative,1,64,1,0,31412744673,NaN,0,1,6,65407442,36701,40685,5666778,6.8,6,8,0,1,1,70,63,70,28,16,10,24,26,0,1,0,0,0,static-wide-low,directed-response-blackout,admissible
16079015,mobile-limited-low,mobile-limited-low,zero,zero,zero,10,113230079968,113230079968,32653176,57168250,566051,0,0,0,0,NaN,0,0,0,34,0,0,0,4000,0,0,310,0,0,112000,0,8680,0,0,0,0,0,0,0,0,0,0,744,0,0,0,0,788,720,0,68,1,NaN,NaN,NaN,NaN,1,0,0,coherence-cumulative,1,0,0,0,31412744673,NaN,0,2,1,65407442,36701,36701,6430173,0.5,2,8,2,1,0,0,13,20,28,16,10,24,0,0,0,0,0,0,mobile-limited-low,zero,horizon-shorter-than-renewal-slack
16079015,mobile-limited-low,mobile-limited-low,claim-iid5,claim-iid5,claim-iid5,10,113230079968,113230079968,33038741,57168250,566051,0,0,0,0,NaN,0,0,0,34,0,0,0,4000,0,0,310,0,0,112000,0,8680,0,0,0,0,0,0,0,0,0,0,744,0,0,0,0,788,720,0,68,1,NaN,NaN,NaN,NaN,1,0,0,coherence-cumulative,1,0,0,0,31412744673,NaN,0,2,2,65407442,36701,36701,6430173,0.5,2,8,2,1,0,0,13,20,28,16,10,24,0,0,0,0,0,0,mobile-limited-low,claim-iid5,horizon-shorter-than-renewal-slack
16079015,mobile-limited-low,mobile-limited-low,response-iid5,response-iid5,response-iid5,10,113230079968,113230079968,33038741,57168250,566051,0,0,0,0,NaN,0,0,0,34,0,0,0,4000,0,0,310,0,0,112000,0,8680,0,0,0,0,0,0,0,0,0,0,744,0,0,0,0,788,720,0,68,1,NaN,NaN,NaN,NaN,1,0,0,coherence-cumulative,1,0,0,0,31412744673,NaN,0,2,3,65407442,36701,36701,6430173,0.5,2,8,2,1,0,0,13,20,28,16,10,24,0,0,0,0,0,0,mobile-limited-low,response-iid5,horizon-shorter-than-renewal-slack
16079015,mobile-limited-low,mobile-limited-low,joint-control-iid5,joint-control-iid5,joint-control-iid5,10,113230079968,113230079968,33424306,57168250,566051,0,0,0,0,NaN,0,0,0,34,0,0,0,4000,0,0,310,0,0,112000,0,8680,0,0,0,0,0,0,0,0,0,0,744,0,0,0,0,788,720,0,68,1,NaN,NaN,NaN,NaN,1,0,0,coherence-cumulative,1,0,0,0,31412744673,NaN,0,2,4,65407442,36701,36701,6430173,0.5,2,8,2,1,0,0,13,20,28,16,10,24,0,0,0,0,0,0,mobile-limited-low,joint-control-iid5,horizon-shorter-than-renewal-slack
16079015,mobile-limited-low,mobile-limited-low,iid-occupancy15,iid-occupancy15,iid-occupancy15,10,113230079968,80669326256,32653176,57168250,566051,0,0,0,0,NaN,0,0,0,34,0,0,0,4000,0,0,310,0,0,112000,0,8680,0,0,0,0,0,0,0,0,0,0,744,0,0,0,0,788,357,363,68,1,NaN,NaN,NaN,NaN,1,0,0,coherence-cumulative,1,0,0,0.15,31412744673,1951372,6644,2,5,65407442,36701,36701,6430173,0.5,2,8,2,1,0,0,13,20,28,16,10,24,0,0,0,0,0,0,mobile-limited-low,iid-occupancy15,horizon-shorter-than-renewal-slack
16079015,mobile-limited-low,mobile-limited-low,directed-response-blackout,directed-response-blackout,directed-response-blackout,10,113230079968,113230079968,32653176,57168250,566051,0,0,0,0,NaN,0,0,0,34,0,0,0,4000,0,0,310,0,0,112000,0,8680,0,0,0,0,0,0,0,0,0,0,744,0,0,0,0,788,720,0,68,1,NaN,NaN,NaN,NaN,1,0,0,coherence-cumulative,1,0,0,0,31412744673,NaN,0,2,6,65407442,36701,36701,6430173,0.5,2,8,2,1,0,0,13,20,28,16,10,24,0,0,0,0,0,0,mobile-limited-low,directed-response-blackout,horizon-shorter-than-renewal-slack
16079015,mobile-limited-high,mobile-limited-high,zero,zero,zero,10,113230079968,113230079968,32228468,57168250,566051,0,0,0,0,NaN,0,0,0,34,0,0,0,4000,0,0,310,0,0,112000,0,8680,0,0,0,0,0,0,0,0,0,0,744,0,0,0,0,788,720,0,68,1,NaN,NaN,NaN,NaN,1,0,0,coherence-cumulative,1,0,0,0,31412744673,NaN,0,3,1,65407442,36701,36701,4999925,0,0,0,0,1,0,0,13,20,28,16,10,24,0,0,0,0,0,0,mobile-limited-high,zero,selector-issued-no-horizon
16079015,mobile-limited-high,mobile-limited-high,claim-iid5,claim-iid5,claim-iid5,10,113230079968,113230079968,32614033,57168250,566051,0,0,0,0,NaN,0,0,0,34,0,0,0,4000,0,0,310,0,0,112000,0,8680,0,0,0,0,0,0,0,0,0,0,744,0,0,0,0,788,720,0,68,1,NaN,NaN,NaN,NaN,1,0,0,coherence-cumulative,1,0,0,0,31412744673,NaN,0,3,2,65407442,36701,36701,4999925,0,0,0,0,1,0,0,13,20,28,16,10,24,0,0,0,0,0,0,mobile-limited-high,claim-iid5,selector-issued-no-horizon
16079015,mobile-limited-high,mobile-limited-high,response-iid5,response-iid5,response-iid5,10,113230079968,113230079968,32614033,57168250,566051,0,0,0,0,NaN,0,0,0,34,0,0,0,4000,0,0,310,0,0,112000,0,8680,0,0,0,0,0,0,0,0,0,0,744,0,0,0,0,788,720,0,68,1,NaN,NaN,NaN,NaN,1,0,0,coherence-cumulative,1,0,0,0,31412744673,NaN,0,3,3,65407442,36701,36701,4999925,0,0,0,0,1,0,0,13,20,28,16,10,24,0,0,0,0,0,0,mobile-limited-high,response-iid5,selector-issued-no-horizon
16079015,mobile-limited-high,mobile-limited-high,joint-control-iid5,joint-control-iid5,joint-control-iid5,10,113230079968,113230079968,32999598,57168250,566051,0,0,0,0,NaN,0,0,0,34,0,0,0,4000,0,0,310,0,0,112000,0,8680,0,0,0,0,0,0,0,0,0,0,744,0,0,0,0,788,720,0,68,1,NaN,NaN,NaN,NaN,1,0,0,coherence-cumulative,1,0,0,0,31412744673,NaN,0,3,4,65407442,36701,36701,4999925,0,0,0,0,1,0,0,13,20,28,16,10,24,0,0,0,0,0,0,mobile-limited-high,joint-control-iid5,selector-issued-no-horizon
16079015,mobile-limited-high,mobile-limited-high,iid-occupancy15,iid-occupancy15,iid-occupancy15,10,113230079968,80669326256,32228468,57168250,566051,0,0,0,0,NaN,0,0,0,34,0,0,0,4000,0,0,310,0,0,112000,0,8680,0,0,0,0,0,0,0,0,0,0,744,0,0,0,0,788,357,363,68,1,NaN,NaN,NaN,NaN,1,0,0,coherence-cumulative,1,0,0,0.15,31412744673,1951372,6644,3,5,65407442,36701,36701,4999925,0,0,0,0,1,0,0,13,20,28,16,10,24,0,0,0,0,0,0,mobile-limited-high,iid-occupancy15,selector-issued-no-horizon
16079015,mobile-limited-high,mobile-limited-high,directed-response-blackout,directed-response-blackout,directed-response-blackout,10,113230079968,113230079968,32228468,57168250,566051,0,0,0,0,NaN,0,0,0,34,0,0,0,4000,0,0,310,0,0,112000,0,8680,0,0,0,0,0,0,0,0,0,0,744,0,0,0,0,788,720,0,68,1,NaN,NaN,NaN,NaN,1,0,0,coherence-cumulative,1,0,0,0,31412744673,NaN,0,3,6,65407442,36701,36701,4999925,0,0,0,0,1,0,0,13,20,28,16,10,24,0,0,0,0,0,0,mobile-limited-high,directed-response-blackout,selector-issued-no-horizon
16079016,static-wide-low,static-wide-low,zero,zero,zero,5,30418132812,30418132812,33825049,16471445,37834,1,0,1,1,1,1,0,0,0,15,3,18,2400,0.0075,420,18,78,498,66400,0.0075,498,3,3,0,0,0,72,72,0,0,2000,0,800,800,0,0,0,0,0,0,0,NaN,NaN,NaN,NaN,1,0,0,coherence-cumulative,1,15,0,0,31560329500,NaN,0,1,1,37237754,2472,2730,5585911,6.8,6,1,0,1,1,148,141,148,28,16,10,24,26,0,0,0,0,0,static-wide-low,zero,admissible
16079016,static-wide-low,static-wide-low,claim-iid5,claim-iid5,claim-iid5,5,30418132812,30418132812,34210614,16471445,37834,1,0,1,1,1,1,0,0,0,15,3,18,2400,0.0075,420,18,78,498,66400,0.0075,498,3,3,0,0,0,72,70,2,0,2000,0,800,800,0,0,0,0,0,0,0,NaN,NaN,NaN,NaN,1,0,0,coherence-cumulative,1,15,0,0,31560329500,NaN,0,1,2,37237754,2472,2730,5585911,6.8,6,1,0,1,1,148,141,148,28,16,10,24,26,0,0,0,0,0,static-wide-low,claim-iid5,admissible
16079016,static-wide-low,static-wide-low,response-iid5,response-iid5,response-iid5,5,30418132812,30418132812,34210614,16471445,37834,1,0,1,1,1,1,0,0,0,15,3,18,2400,0.0075,420,18,78,498,66400,0.0075,498,3,3,0,0,0,72,72,0,0,2000,0,800,800,0,0,0,0,0,0,0,NaN,NaN,NaN,NaN,1,0,0,coherence-cumulative,1,15,0,0,31560329500,NaN,0,1,3,37237754,2472,2730,5585911,6.8,6,1,0,1,1,148,141,148,28,16,10,24,26,0,0,0,0,0,static-wide-low,response-iid5,admissible
16079016,static-wide-low,static-wide-low,joint-control-iid5,joint-control-iid5,joint-control-iid5,5,30418132812,30418132812,34596179,16471445,37834,1,0,1,1,1,1,0,0,0,15,3,18,2400,0.0075,420,18,78,498,66400,0.0075,498,3,3,0,0,0,72,70,2,0,2000,0,800,800,0,0,0,0,0,0,0,NaN,NaN,NaN,NaN,1,0,0,coherence-cumulative,1,15,0,0,31560329500,NaN,0,1,4,37237754,2472,2730,5585911,6.8,6,1,0,1,1,148,141,148,28,16,10,24,26,0,0,0,0,0,static-wide-low,joint-control-iid5,admissible
16079016,static-wide-low,static-wide-low,iid-occupancy15,iid-occupancy15,iid-occupancy15,5,30418132812,22030536527,33825049,16471445,37834,1,0,1,1,1,1,0,0,0,17,5,22,2400,0.00916666666666667,476,18,130,606,66400,0.00912650602409639,498,5,5,2,0,0,88,60,28,0,2000,0,800,431,369,0,0,0,0,0,0,NaN,NaN,NaN,NaN,1,0,0,coherence-cumulative,1,15,0,0.15,31560329500,361596,3426,1,5,37237754,2472,2730,5585911,6.8,6,1,0,1,1,148,141,148,28,16,10,24,26,0,0,0,0,0,static-wide-low,iid-occupancy15,admissible
16079016,static-wide-low,static-wide-low,directed-response-blackout,directed-response-blackout,directed-response-blackout,5,30418132812,25551644473,33825049,15887771,37834,1,0,1,0,NaN,0.8,0,0,0,412,400,812,2400,0.338333333333333,11536,18,10400,21936,66400,0.330361445783133,498,400,400,399,0,0,3248,2848,400,0,1600,158,400,400,0,0,158,158,0,0,1,NaN,NaN,NaN,NaN,1,0,0,coherence-cumulative,1,13,1,0,31560329500,NaN,0,1,6,37237754,2472,2730,5585911,6.8,6,1,0,1,1,148,141,148,28,16,10,24,26,0,1,0,0,0,static-wide-low,directed-response-blackout,admissible
16079016,mobile-limited-low,mobile-limited-low,zero,zero,zero,5,30418132812,30418132812,32412331,16472732,36610,1,0,1,1,1,1,0,0,0,60,12,72,2400,0.03,1680,72,312,1992,66400,0.03,1992,12,12,0,0,0,36,36,0,0,2000,0,800,800,0,0,0,0,0,0,0,NaN,NaN,NaN,NaN,1,0,0,coherence-cumulative,1,60,0,0,31560329500,NaN,0,2,1,37237754,2472,2472,4907436,2,4,1,0,1,1,43,36,43,28,16,10,24,26,0,0,0,0,0,mobile-limited-low,zero,admissible
16079016,mobile-limited-low,mobile-limited-low,claim-iid5,claim-iid5,claim-iid5,5,30418132812,30418132812,32797896,16472732,36610,1,0,1,1,1,1,0,0,0,61,13,74,2400,0.0308333333333333,1708,72,338,2046,66400,0.0308132530120482,1992,13,13,1,0,0,38,36,2,0,2000,0,800,800,0,0,0,0,0,0,0,NaN,NaN,NaN,NaN,1,0,0,coherence-cumulative,1,60,0,0,31560329500,NaN,0,2,2,37237754,2472,2472,4907436,2,4,1,0,1,1,43,36,43,28,16,10,24,26,0,0,0,0,0,mobile-limited-low,claim-iid5,admissible
16079016,mobile-limited-low,mobile-limited-low,response-iid5,response-iid5,response-iid5,5,30418132812,30418132812,32797896,16472732,36610,1,0,1,1,1,1,0,0,0,60,12,72,2400,0.03,1680,72,312,1992,66400,0.03,1992,12,12,0,0,0,36,36,0,0,2000,0,800,800,0,0,0,0,0,0,0,NaN,NaN,NaN,NaN,1,0,0,coherence-cumulative,1,60,0,0,31560329500,NaN,0,2,3,37237754,2472,2472,4907436,2,4,1,0,1,1,43,36,43,28,16,10,24,26,0,0,0,0,0,mobile-limited-low,response-iid5,admissible
16079016,mobile-limited-low,mobile-limited-low,joint-control-iid5,joint-control-iid5,joint-control-iid5,5,30418132812,30418132812,33183461,16472732,36610,1,0,1,1,1,1,0,0,0,61,13,74,2400,0.0308333333333333,1708,72,338,2046,66400,0.0308132530120482,1992,13,13,1,0,0,38,36,2,0,2000,0,800,800,0,0,0,0,0,0,0,NaN,NaN,NaN,NaN,1,0,0,coherence-cumulative,1,60,0,0,31560329500,NaN,0,2,4,37237754,2472,2472,4907436,2,4,1,0,1,1,43,36,43,28,16,10,24,26,0,0,0,0,0,mobile-limited-low,joint-control-iid5,admissible
16079016,mobile-limited-low,mobile-limited-low,iid-occupancy15,iid-occupancy15,iid-occupancy15,5,30418132812,22030536527,32412331,16471749,36610,1,0,1,1,1,1,0,0,0,71,20,91,2400,0.0379166666666667,1988,72,520,2508,66400,0.0377710843373494,1992,20,20,11,0,0,55,39,16,0,2000,0,800,431,369,0,0,0,0,0,0,NaN,NaN,NaN,NaN,1,0,0,coherence-cumulative,1,60,1,0.15,31560329500,361596,3426,2,5,37237754,2472,2472,4907436,2,4,1,0,1,1,43,36,43,28,16,10,24,26,0,0,0,0,0,mobile-limited-low,iid-occupancy15,admissible
16079016,mobile-limited-low,mobile-limited-low,directed-response-blackout,directed-response-blackout,directed-response-blackout,5,30418132812,25551644473,32412331,15888464,36610,1,0,1,0,NaN,0.8,0,0,0,448,400,848,2400,0.353333333333333,12544,72,10400,22944,66400,0.345542168674699,1992,400,400,399,0,0,812,412,400,0,1600,158,400,400,0,0,158,158,0,0,1,NaN,NaN,NaN,NaN,1,0,0,coherence-cumulative,1,49,1,0,31560329500,NaN,0,2,6,37237754,2472,2472,4907436,2,4,1,0,1,1,43,36,43,28,16,10,24,26,0,1,0,0,0,mobile-limited-low,directed-response-blackout,admissible
16079016,mobile-limited-high,mobile-limited-high,zero,zero,zero,5,30418132812,30418132812,33057877,16473959,36610,1,0,1,1,1,1,0,0,0,145,29,174,2400,0.0725,4060,174,754,4814,66400,0.0725,4814,29,29,0,0,0,87,87,0,0,2000,0,800,800,0,0,0,0,0,0,0,NaN,NaN,NaN,NaN,1,0,0,coherence-cumulative,1,145,0,0,31560329500,NaN,0,3,1,37237754,2472,2472,3575438,1,3,1,0,1,1,21,14,21,28,16,10,24,26,0,0,0,0,0,mobile-limited-high,zero,admissible
16079016,mobile-limited-high,mobile-limited-high,claim-iid5,claim-iid5,claim-iid5,5,30418132812,30418132812,33443442,16473959,36610,1,0,1,1,1,1,0,0,0,146,30,176,2400,0.0733333333333333,4088,174,780,4868,66400,0.0733132530120482,4814,30,30,1,0,0,89,84,5,0,2000,0,800,800,0,0,0,0,0,0,0,NaN,NaN,NaN,NaN,1,0,0,coherence-cumulative,1,145,0,0,31560329500,NaN,0,3,2,37237754,2472,2472,3575438,1,3,1,0,1,1,21,14,21,28,16,10,24,26,0,0,0,0,0,mobile-limited-high,claim-iid5,admissible
16079016,mobile-limited-high,mobile-limited-high,response-iid5,response-iid5,response-iid5,5,30418132812,30418132812,33443442,16473959,36610,1,0,1,1,1,1,0,0,0,147,31,178,2400,0.0741666666666667,4116,174,806,4922,66400,0.0741265060240964,4814,31,31,2,0,0,91,89,2,0,2000,0,800,800,0,0,0,0,0,0,0,NaN,NaN,NaN,NaN,1,0,0,coherence-cumulative,1,145,0,0,31560329500,NaN,0,3,3,37237754,2472,2472,3575438,1,3,1,0,1,1,21,14,21,28,16,10,24,26,0,0,0,0,0,mobile-limited-high,response-iid5,admissible
16079016,mobile-limited-high,mobile-limited-high,joint-control-iid5,joint-control-iid5,joint-control-iid5,5,30418132812,30418132812,33829007,16473959,36610,1,0,1,1,1,1,0,0,0,148,32,180,2400,0.075,4144,174,832,4976,66400,0.0749397590361446,4814,32,32,3,0,0,93,86,7,0,2000,0,800,800,0,0,0,0,0,0,0,NaN,NaN,NaN,NaN,1,0,0,coherence-cumulative,1,145,0,0,31560329500,NaN,0,3,4,37237754,2472,2472,3575438,1,3,1,0,1,1,21,14,21,28,16,10,24,26,0,0,0,0,0,mobile-limited-high,joint-control-iid5,admissible
16079016,mobile-limited-high,mobile-limited-high,iid-occupancy15,iid-occupancy15,iid-occupancy15,5,30418132812,22030536527,33057877,16473959,36610,1,0,1,1,1,1,0,0,0,163,46,209,2400,0.0870833333333333,4564,174,1196,5760,66400,0.0867469879518072,4814,46,46,18,0,0,122,97,25,0,2000,0,800,431,369,0,0,0,0,0,0,NaN,NaN,NaN,NaN,1,0,0,coherence-cumulative,1,145,0,0.15,31560329500,361596,3426,3,5,37237754,2472,2472,3575438,1,3,1,0,1,1,21,14,21,28,16,10,24,26,0,0,0,0,0,mobile-limited-high,iid-occupancy15,admissible
16079016,mobile-limited-high,mobile-limited-high,directed-response-blackout,directed-response-blackout,directed-response-blackout,5,30418132812,25551644473,33057877,15889773,36610,1,0,1,0,NaN,0.8,0,0,0,516,400,916,2400,0.381666666666667,14448,174,10400,24848,66400,0.37421686746988,4814,400,400,399,0,0,829,429,400,0,1600,158,400,400,0,0,158,158,0,0,1,NaN,NaN,NaN,NaN,1,0,0,coherence-cumulative,1,117,1,0,31560329500,NaN,0,3,6,37237754,2472,2472,3575438,1,3,1,0,1,1,21,14,21,28,16,10,24,26,0,1,0,0,0,mobile-limited-high,directed-response-blackout,admissible
16079016,static-wide-low,static-wide-low,zero,zero,zero,10,113093124658,113093124658,33045924,67216328,643291,7,0,1,1,1,1,0,0,0,70,49,119,6800,0.0175,1960,119,1274,3234,184800,0.0175,3234,49,49,0,0,0,1071,1071,0,0,4000,0,4800,4800,0,0,0,0,0,0,0,NaN,NaN,NaN,NaN,1,0,0,coherence-cumulative,1,70,0,0,31499849980,NaN,0,1,1,73254781,36690,40685,5438856,6.8,6,7,0,1,1,72,65,72,28,16,10,24,26,0,0,0,0,0,static-wide-low,zero,admissible
16079016,static-wide-low,static-wide-low,claim-iid5,claim-iid5,claim-iid5,10,113093124658,113093124658,33431489,67216598,643291,7,0,1,1,1,1,0,0,0,78,60,138,6800,0.0202941176470588,2184,119,1560,3744,184800,0.0202597402597403,3234,60,60,6,0,0,1242,1201,41,0,4000,0,4800,4800,0,0,0,0,0,0,0,NaN,NaN,NaN,NaN,1,0,0,coherence-cumulative,1,72,0,0,31499849980,NaN,0,1,2,73254781,36690,40685,5438856,6.8,6,7,0,1,1,72,65,72,28,16,10,24,26,0,0,0,0,0,static-wide-low,claim-iid5,admissible
16079016,static-wide-low,static-wide-low,response-iid5,response-iid5,response-iid5,10,113093124658,113093124658,33431489,67216328,643291,7,0,1,1,1,1,0,0,0,71,51,122,6800,0.0179411764705882,1988,119,1326,3314,184800,0.0179329004329004,3234,51,51,1,0,0,1098,1082,16,0,4000,0,4800,4800,0,0,0,0,0,0,0,NaN,NaN,NaN,NaN,1,0,0,coherence-cumulative,1,70,0,0,31499849980,NaN,0,1,3,73254781,36690,40685,5438856,6.8,6,7,0,1,1,72,65,72,28,16,10,24,26,0,0,0,0,0,static-wide-low,response-iid5,admissible
16079016,static-wide-low,static-wide-low,joint-control-iid5,joint-control-iid5,joint-control-iid5,10,113093124658,113093124658,33817054,67216598,643291,7,0,1,1,1,1,0,0,0,79,62,141,6800,0.0207352941176471,2212,119,1612,3824,184800,0.0206926406926407,3234,62,62,7,0,0,1269,1209,60,0,4000,0,4800,4800,0,0,0,0,0,0,0,NaN,NaN,NaN,NaN,1,0,0,coherence-cumulative,1,72,0,0,31499849980,NaN,0,1,4,73254781,36690,40685,5438856,6.8,6,7,0,1,1,72,65,72,28,16,10,24,26,0,0,0,0,0,static-wide-low,joint-control-iid5,admissible
16079016,static-wide-low,static-wide-low,iid-occupancy15,iid-occupancy15,iid-occupancy15,10,113093124658,76444031699,33045924,67203616,643291,7,0,1,1,4,0.999,0,0,0,140,118,258,6800,0.0379411764705882,3920,119,3068,6988,184800,0.0378138528138528,3234,118,118,65,0,0,2322,1665,657,0,3996,0,4793,2460,2333,0,0,0,0,0,0,NaN,NaN,NaN,NaN,1,0,0,coherence-cumulative,1,75,0,0.15,31499849980,571402,7516,1,5,73254781,36690,40685,5438856,6.8,6,7,0,1,1,72,65,72,28,16,10,24,26,0,0,0,0,0,static-wide-low,iid-occupancy15,admissible
16079016,static-wide-low,static-wide-low,directed-response-blackout,directed-response-blackout,directed-response-blackout,10,113093124658,93679693470,33045924,66420156,643291,7,0,1,0,NaN,0.9,0,0,0,463,835,1298,6800,0.190882352941176,12964,119,21710,34674,184800,0.18762987012987,3234,835,835,399,0,0,11682,11282,400,0,3600,84,4400,4400,0,0,84,84,0,0,1,NaN,NaN,NaN,NaN,1,0,0,coherence-cumulative,1,64,1,0,31499849980,NaN,0,1,6,73254781,36690,40685,5438856,6.8,6,7,0,1,1,72,65,72,28,16,10,24,26,0,1,0,0,0,static-wide-low,directed-response-blackout,admissible
16079016,mobile-limited-low,mobile-limited-low,zero,zero,zero,10,113093124658,113093124658,32791740,57168250,566040,0,0,0,0,NaN,0,0,0,33,0,0,0,4000,0,0,310,0,0,112000,0,8680,0,0,0,0,0,0,0,0,0,0,765,0,0,0,0,813,747,0,66,1,NaN,NaN,NaN,NaN,1,0,0,coherence-cumulative,1,0,0,0,31499849980,NaN,0,2,1,73254781,36690,36690,5450926,0.5,2,7,1,1,0,0,13,20,28,16,10,24,0,0,0,0,0,0,mobile-limited-low,zero,horizon-shorter-than-renewal-slack
16079016,mobile-limited-low,mobile-limited-low,claim-iid5,claim-iid5,claim-iid5,10,113093124658,113093124658,33177305,57168250,566040,0,0,0,0,NaN,0,0,0,33,0,0,0,4000,0,0,310,0,0,112000,0,8680,0,0,0,0,0,0,0,0,0,0,765,0,0,0,0,813,747,0,66,1,NaN,NaN,NaN,NaN,1,0,0,coherence-cumulative,1,0,0,0,31499849980,NaN,0,2,2,73254781,36690,36690,5450926,0.5,2,7,1,1,0,0,13,20,28,16,10,24,0,0,0,0,0,0,mobile-limited-low,claim-iid5,horizon-shorter-than-renewal-slack
16079016,mobile-limited-low,mobile-limited-low,response-iid5,response-iid5,response-iid5,10,113093124658,113093124658,33177305,57168250,566040,0,0,0,0,NaN,0,0,0,33,0,0,0,4000,0,0,310,0,0,112000,0,8680,0,0,0,0,0,0,0,0,0,0,765,0,0,0,0,813,747,0,66,1,NaN,NaN,NaN,NaN,1,0,0,coherence-cumulative,1,0,0,0,31499849980,NaN,0,2,3,73254781,36690,36690,5450926,0.5,2,7,1,1,0,0,13,20,28,16,10,24,0,0,0,0,0,0,mobile-limited-low,response-iid5,horizon-shorter-than-renewal-slack
16079016,mobile-limited-low,mobile-limited-low,joint-control-iid5,joint-control-iid5,joint-control-iid5,10,113093124658,113093124658,33562870,57168250,566040,0,0,0,0,NaN,0,0,0,33,0,0,0,4000,0,0,310,0,0,112000,0,8680,0,0,0,0,0,0,0,0,0,0,765,0,0,0,0,813,747,0,66,1,NaN,NaN,NaN,NaN,1,0,0,coherence-cumulative,1,0,0,0,31499849980,NaN,0,2,4,73254781,36690,36690,5450926,0.5,2,7,1,1,0,0,13,20,28,16,10,24,0,0,0,0,0,0,mobile-limited-low,joint-control-iid5,horizon-shorter-than-renewal-slack
16079016,mobile-limited-low,mobile-limited-low,iid-occupancy15,iid-occupancy15,iid-occupancy15,10,113093124658,79178826543,32791740,57168250,566040,0,0,0,0,NaN,0,0,0,33,0,0,0,4000,0,0,310,0,0,112000,0,8680,0,0,0,0,0,0,0,0,0,0,765,0,0,0,0,813,374,373,66,1,NaN,NaN,NaN,NaN,1,0,0,coherence-cumulative,1,0,0,0.15,31499849980,451817,6927,2,5,73254781,36690,36690,5450926,0.5,2,7,1,1,0,0,13,20,28,16,10,24,0,0,0,0,0,0,mobile-limited-low,iid-occupancy15,horizon-shorter-than-renewal-slack
16079016,mobile-limited-low,mobile-limited-low,directed-response-blackout,directed-response-blackout,directed-response-blackout,10,113093124658,113093124658,32791740,57168250,566040,0,0,0,0,NaN,0,0,0,33,0,0,0,4000,0,0,310,0,0,112000,0,8680,0,0,0,0,0,0,0,0,0,0,765,0,0,0,0,813,747,0,66,1,NaN,NaN,NaN,NaN,1,0,0,coherence-cumulative,1,0,0,0,31499849980,NaN,0,2,6,73254781,36690,36690,5450926,0.5,2,7,1,1,0,0,13,20,28,16,10,24,0,0,0,0,0,0,mobile-limited-low,directed-response-blackout,horizon-shorter-than-renewal-slack
16079016,mobile-limited-high,mobile-limited-high,zero,zero,zero,10,113093124658,113093124658,33178354,57168250,566040,0,0,0,0,NaN,0,0,0,33,0,0,0,4000,0,0,310,0,0,112000,0,8680,0,0,0,0,0,0,0,0,0,0,765,0,0,0,0,813,747,0,66,1,NaN,NaN,NaN,NaN,1,0,0,coherence-cumulative,1,0,0,0,31499849980,NaN,0,3,1,73254781,36690,36690,7132432,0.25,1,7,1,1,0,0,13,20,28,16,10,24,0,0,0,0,0,0,mobile-limited-high,zero,horizon-shorter-than-renewal-slack
16079016,mobile-limited-high,mobile-limited-high,claim-iid5,claim-iid5,claim-iid5,10,113093124658,113093124658,33563919,57168250,566040,0,0,0,0,NaN,0,0,0,33,0,0,0,4000,0,0,310,0,0,112000,0,8680,0,0,0,0,0,0,0,0,0,0,765,0,0,0,0,813,747,0,66,1,NaN,NaN,NaN,NaN,1,0,0,coherence-cumulative,1,0,0,0,31499849980,NaN,0,3,2,73254781,36690,36690,7132432,0.25,1,7,1,1,0,0,13,20,28,16,10,24,0,0,0,0,0,0,mobile-limited-high,claim-iid5,horizon-shorter-than-renewal-slack
16079016,mobile-limited-high,mobile-limited-high,response-iid5,response-iid5,response-iid5,10,113093124658,113093124658,33563919,57168250,566040,0,0,0,0,NaN,0,0,0,33,0,0,0,4000,0,0,310,0,0,112000,0,8680,0,0,0,0,0,0,0,0,0,0,765,0,0,0,0,813,747,0,66,1,NaN,NaN,NaN,NaN,1,0,0,coherence-cumulative,1,0,0,0,31499849980,NaN,0,3,3,73254781,36690,36690,7132432,0.25,1,7,1,1,0,0,13,20,28,16,10,24,0,0,0,0,0,0,mobile-limited-high,response-iid5,horizon-shorter-than-renewal-slack
16079016,mobile-limited-high,mobile-limited-high,joint-control-iid5,joint-control-iid5,joint-control-iid5,10,113093124658,113093124658,33949484,57168250,566040,0,0,0,0,NaN,0,0,0,33,0,0,0,4000,0,0,310,0,0,112000,0,8680,0,0,0,0,0,0,0,0,0,0,765,0,0,0,0,813,747,0,66,1,NaN,NaN,NaN,NaN,1,0,0,coherence-cumulative,1,0,0,0,31499849980,NaN,0,3,4,73254781,36690,36690,7132432,0.25,1,7,1,1,0,0,13,20,28,16,10,24,0,0,0,0,0,0,mobile-limited-high,joint-control-iid5,horizon-shorter-than-renewal-slack
16079016,mobile-limited-high,mobile-limited-high,iid-occupancy15,iid-occupancy15,iid-occupancy15,10,113093124658,79178826543,33178354,57168250,566040,0,0,0,0,NaN,0,0,0,33,0,0,0,4000,0,0,310,0,0,112000,0,8680,0,0,0,0,0,0,0,0,0,0,765,0,0,0,0,813,374,373,66,1,NaN,NaN,NaN,NaN,1,0,0,coherence-cumulative,1,0,0,0.15,31499849980,451817,6927,3,5,73254781,36690,36690,7132432,0.25,1,7,1,1,0,0,13,20,28,16,10,24,0,0,0,0,0,0,mobile-limited-high,iid-occupancy15,horizon-shorter-than-renewal-slack
16079016,mobile-limited-high,mobile-limited-high,directed-response-blackout,directed-response-blackout,directed-response-blackout,10,113093124658,113093124658,33178354,57168250,566040,0,0,0,0,NaN,0,0,0,33,0,0,0,4000,0,0,310,0,0,112000,0,8680,0,0,0,0,0,0,0,0,0,0,765,0,0,0,0,813,747,0,66,1,NaN,NaN,NaN,NaN,1,0,0,coherence-cumulative,1,0,0,0,31499849980,NaN,0,3,6,73254781,36690,36690,7132432,0.25,1,7,1,1,0,0,13,20,28,16,10,24,0,0,0,0,0,0,mobile-limited-high,directed-response-blackout,horizon-shorter-than-renewal-slack
16079017,static-wide-low,static-wide-low,zero,zero,zero,5,30391793609,30391793609,33482990,16471446,37918,1,0,1,1,1,1,0,0,0,15,3,18,2400,0.0075,420,18,78,498,66400,0.0075,498,3,3,0,0,0,72,72,0,0,2000,0,800,800,0,0,0,0,0,0,0,NaN,NaN,NaN,NaN,1,0,0,coherence-cumulative,1,15,0,0,31389246327,NaN,0,1,1,36601544,2484,2730,7669823,6.8,6,1,0,1,1,148,141,148,28,16,10,24,26,0,0,0,0,0,static-wide-low,zero,admissible
16079017,static-wide-low,static-wide-low,claim-iid5,claim-iid5,claim-iid5,5,30391793609,30391793609,33868555,16471446,37918,1,0,1,1,1,1,0,0,0,15,3,18,2400,0.0075,420,18,78,498,66400,0.0075,498,3,3,0,0,0,72,68,4,0,2000,0,800,800,0,0,0,0,0,0,0,NaN,NaN,NaN,NaN,1,0,0,coherence-cumulative,1,15,0,0,31389246327,NaN,0,1,2,36601544,2484,2730,7669823,6.8,6,1,0,1,1,148,141,148,28,16,10,24,26,0,0,0,0,0,static-wide-low,claim-iid5,admissible
16079017,static-wide-low,static-wide-low,response-iid5,response-iid5,response-iid5,5,30391793609,30391793609,33868555,16469817,37918,1,0,1,1,2,0.9995,0,0,0,16,4,20,2400,0.00833333333333333,448,18,104,552,66400,0.00831325301204819,498,4,4,1,0,0,80,79,1,0,1999,0,799,799,0,0,0,0,0,0,0,NaN,NaN,NaN,NaN,1,0,0,coherence-cumulative,1,15,0,0,31389246327,NaN,0,1,3,36601544,2484,2730,7669823,6.8,6,1,0,1,1,148,141,148,28,16,10,24,26,0,0,0,0,0,static-wide-low,response-iid5,admissible
16079017,static-wide-low,static-wide-low,joint-control-iid5,joint-control-iid5,joint-control-iid5,5,30391793609,30391793609,34254120,16469817,37918,1,0,1,1,2,0.9995,0,0,0,16,4,20,2400,0.00833333333333333,448,18,104,552,66400,0.00831325301204819,498,4,4,1,0,0,80,75,5,0,1999,0,799,799,0,0,0,0,0,0,0,NaN,NaN,NaN,NaN,1,0,0,coherence-cumulative,1,15,0,0,31389246327,NaN,0,1,4,36601544,2484,2730,7669823,6.8,6,1,0,1,1,148,141,148,28,16,10,24,26,0,0,0,0,0,static-wide-low,joint-control-iid5,admissible
16079017,static-wide-low,static-wide-low,iid-occupancy15,iid-occupancy15,iid-occupancy15,5,30391793609,21676410914,33482990,16471446,37918,1,0,1,1,1,1,0,0,0,15,3,18,2400,0.0075,420,18,78,498,66400,0.0075,498,3,3,0,0,0,72,64,8,0,2000,0,800,413,387,0,0,0,0,0,0,NaN,NaN,NaN,NaN,1,0,0,coherence-cumulative,1,15,0,0.15,31389246327,1153027,3575,1,5,36601544,2484,2730,7669823,6.8,6,1,0,1,1,148,141,148,28,16,10,24,26,0,0,0,0,0,static-wide-low,iid-occupancy15,admissible
16079017,static-wide-low,static-wide-low,directed-response-blackout,directed-response-blackout,directed-response-blackout,5,30391793609,25534136473,33482990,15727771,37918,1,0,1,0,NaN,0.8,0,0,0,412,400,812,2400,0.338333333333333,11536,18,10400,21936,66400,0.330361445783133,498,400,400,399,0,0,3248,2848,400,0,1600,149,400,400,0,0,149,149,0,0,1,NaN,NaN,NaN,NaN,1,0,0,coherence-cumulative,1,13,1,0,31389246327,NaN,0,1,6,36601544,2484,2730,7669823,6.8,6,1,0,1,1,148,141,148,28,16,10,24,26,0,1,0,0,0,static-wide-low,directed-response-blackout,admissible
16079017,mobile-limited-low,mobile-limited-low,zero,zero,zero,5,30391793609,30391793609,32286820,16472733,36804,1,0,1,1,1,1,0,0,0,60,12,72,2400,0.03,1680,72,312,1992,66400,0.03,1992,12,12,0,0,0,36,36,0,0,2000,0,800,800,0,0,0,0,0,0,0,NaN,NaN,NaN,NaN,1,0,0,coherence-cumulative,1,60,0,0,31389246327,NaN,0,2,1,36601544,2484,2484,3892372,2,4,1,0,1,1,43,36,43,28,16,10,24,26,0,0,0,0,0,mobile-limited-low,zero,admissible
16079017,mobile-limited-low,mobile-limited-low,claim-iid5,claim-iid5,claim-iid5,5,30391793609,30391793609,32672385,16472733,36804,1,0,1,1,1,1,0,0,0,61,13,74,2400,0.0308333333333333,1708,72,338,2046,66400,0.0308132530120482,1992,13,13,1,0,0,38,36,2,0,2000,0,800,800,0,0,0,0,0,0,0,NaN,NaN,NaN,NaN,1,0,0,coherence-cumulative,1,60,0,0,31389246327,NaN,0,2,2,36601544,2484,2484,3892372,2,4,1,0,1,1,43,36,43,28,16,10,24,26,0,0,0,0,0,mobile-limited-low,claim-iid5,admissible
16079017,mobile-limited-low,mobile-limited-low,response-iid5,response-iid5,response-iid5,5,30391793609,30391793609,32672385,16472733,36804,1,0,1,1,1,1,0,0,0,62,14,76,2400,0.0316666666666667,1736,72,364,2100,66400,0.0316265060240964,1992,14,14,2,0,0,40,38,2,0,2000,0,800,800,0,0,0,0,0,0,0,NaN,NaN,NaN,NaN,1,0,0,coherence-cumulative,1,60,0,0,31389246327,NaN,0,2,3,36601544,2484,2484,3892372,2,4,1,0,1,1,43,36,43,28,16,10,24,26,0,0,0,0,0,mobile-limited-low,response-iid5,admissible
16079017,mobile-limited-low,mobile-limited-low,joint-control-iid5,joint-control-iid5,joint-control-iid5,5,30391793609,30391793609,33057950,16472733,36804,1,0,1,1,1,1,0,0,0,63,15,78,2400,0.0325,1764,72,390,2154,66400,0.0324397590361446,1992,15,15,3,0,0,42,38,4,0,2000,0,800,800,0,0,0,0,0,0,0,NaN,NaN,NaN,NaN,1,0,0,coherence-cumulative,1,60,0,0,31389246327,NaN,0,2,4,36601544,2484,2484,3892372,2,4,1,0,1,1,43,36,43,28,16,10,24,26,0,0,0,0,0,mobile-limited-low,joint-control-iid5,admissible
16079017,mobile-limited-low,mobile-limited-low,iid-occupancy15,iid-occupancy15,iid-occupancy15,5,30391793609,21700251259,32286820,16472733,36804,1,0,1,1,1,1,0,0,0,65,15,80,2400,0.0333333333333333,1820,72,390,2210,66400,0.0332831325301205,1992,15,15,5,0,0,44,35,9,0,2000,0,800,413,387,0,0,0,0,0,0,NaN,NaN,NaN,NaN,1,0,0,coherence-cumulative,1,60,0,0.15,31389246327,1035471,3569,2,5,36601544,2484,2484,3892372,2,4,1,0,1,1,43,36,43,28,16,10,24,26,0,0,0,0,0,mobile-limited-low,iid-occupancy15,admissible
16079017,mobile-limited-low,mobile-limited-low,directed-response-blackout,directed-response-blackout,directed-response-blackout,5,30391793609,25533336473,32286820,15728455,36804,1,0,1,0,NaN,0.8,0,0,0,448,400,848,2400,0.353333333333333,12544,72,10400,22944,66400,0.345542168674699,1992,400,400,399,0,0,812,412,400,0,1600,149,400,400,0,0,149,149,0,0,1,NaN,NaN,NaN,NaN,1,0,0,coherence-cumulative,1,49,1,0,31389246327,NaN,0,2,6,36601544,2484,2484,3892372,2,4,1,0,1,1,43,36,43,28,16,10,24,26,0,1,0,0,0,mobile-limited-low,directed-response-blackout,admissible
16079017,mobile-limited-high,mobile-limited-high,zero,zero,zero,5,30391793609,30391793609,33250719,16473960,36804,1,0,1,1,1,1,0,0,0,145,29,174,2400,0.0725,4060,174,754,4814,66400,0.0725,4814,29,29,0,0,0,87,87,0,0,2000,0,800,800,0,0,0,0,0,0,0,NaN,NaN,NaN,NaN,1,0,0,coherence-cumulative,1,145,0,0,31389246327,NaN,0,3,1,36601544,2484,2484,5721414,1,3,1,0,1,1,21,14,21,28,16,10,24,26,0,0,0,0,0,mobile-limited-high,zero,admissible
16079017,mobile-limited-high,mobile-limited-high,claim-iid5,claim-iid5,claim-iid5,5,30391793609,30391793609,33636284,16473960,36804,1,0,1,1,1,1,0,0,0,147,31,178,2400,0.0741666666666667,4116,174,806,4922,66400,0.0741265060240964,4814,31,31,2,0,0,91,84,7,0,2000,0,800,800,0,0,0,0,0,0,0,NaN,NaN,NaN,NaN,1,0,0,coherence-cumulative,1,145,0,0,31389246327,NaN,0,3,2,36601544,2484,2484,5721414,1,3,1,0,1,1,21,14,21,28,16,10,24,26,0,0,0,0,0,mobile-limited-high,claim-iid5,admissible
16079017,mobile-limited-high,mobile-limited-high,response-iid5,response-iid5,response-iid5,5,30391793609,30391793609,33636284,16473960,36804,1,0,1,1,1,1,0,0,0,145,29,174,2400,0.0725,4060,174,754,4814,66400,0.0725,4814,29,29,0,0,0,87,87,0,0,2000,0,800,800,0,0,0,0,0,0,0,NaN,NaN,NaN,NaN,1,0,0,coherence-cumulative,1,145,0,0,31389246327,NaN,0,3,3,36601544,2484,2484,5721414,1,3,1,0,1,1,21,14,21,28,16,10,24,26,0,0,0,0,0,mobile-limited-high,response-iid5,admissible
16079017,mobile-limited-high,mobile-limited-high,joint-control-iid5,joint-control-iid5,joint-control-iid5,5,30391793609,30391793609,34021849,16473960,36804,1,0,1,1,1,1,0,0,0,147,31,178,2400,0.0741666666666667,4116,174,806,4922,66400,0.0741265060240964,4814,31,31,2,0,0,91,84,7,0,2000,0,800,800,0,0,0,0,0,0,0,NaN,NaN,NaN,NaN,1,0,0,coherence-cumulative,1,145,0,0,31389246327,NaN,0,3,4,36601544,2484,2484,5721414,1,3,1,0,1,1,21,14,21,28,16,10,24,26,0,0,0,0,0,mobile-limited-high,joint-control-iid5,admissible
16079017,mobile-limited-high,mobile-limited-high,iid-occupancy15,iid-occupancy15,iid-occupancy15,5,30391793609,21700251259,33250719,16473960,36804,1,0,1,1,1,1,0,0,0,167,47,214,2400,0.0891666666666667,4676,174,1222,5898,66400,0.0888253012048193,4814,47,47,22,0,0,127,99,28,0,2000,0,800,413,387,0,0,0,0,0,0,NaN,NaN,NaN,NaN,1,0,0,coherence-cumulative,1,145,0,0.15,31389246327,1035471,3569,3,5,36601544,2484,2484,5721414,1,3,1,0,1,1,21,14,21,28,16,10,24,26,0,0,0,0,0,mobile-limited-high,iid-occupancy15,admissible
16079017,mobile-limited-high,mobile-limited-high,directed-response-blackout,directed-response-blackout,directed-response-blackout,5,30391793609,25533336473,33250719,15729747,36804,1,0,1,0,NaN,0.8,0,0,0,516,400,916,2400,0.381666666666667,14448,174,10400,24848,66400,0.37421686746988,4814,400,400,399,0,0,829,429,400,0,1600,149,400,400,0,0,149,149,0,0,1,NaN,NaN,NaN,NaN,1,0,0,coherence-cumulative,1,117,1,0,31389246327,NaN,0,3,6,36601544,2484,2484,5721414,1,3,1,0,1,1,21,14,21,28,16,10,24,26,0,1,0,0,0,mobile-limited-high,directed-response-blackout,admissible
16079017,static-wide-low,static-wide-low,zero,zero,zero,10,113205302960,113205302960,33610231,66363422,611903,4,0,1,1,1,1,0,0,0,60,24,84,5600,0.015,1680,84,624,2304,153600,0.015,2304,24,24,0,0,0,756,756,0,0,4000,0,3200,3200,0,0,0,0,0,0,0,NaN,NaN,NaN,NaN,1,0,0,coherence-cumulative,1,60,0,0,31493591046,NaN,0,1,1,74507433,36484,40685,4860569,6.8,6,4,0,1,1,78,71,78,28,16,10,24,26,0,0,0,0,0,static-wide-low,zero,admissible
16079017,static-wide-low,static-wide-low,claim-iid5,claim-iid5,claim-iid5,10,113205302960,113205302960,33995796,66363422,611903,4,0,1,1,1,1,0,0,0,63,29,92,5600,0.0164285714285714,1764,84,754,2518,153600,0.0163932291666667,2304,29,29,3,0,0,828,804,24,0,4000,0,3200,3200,0,0,0,0,0,0,0,NaN,NaN,NaN,NaN,1,0,0,coherence-cumulative,1,60,0,0,31493591046,NaN,0,1,2,74507433,36484,40685,4860569,6.8,6,4,0,1,1,78,71,78,28,16,10,24,26,0,0,0,0,0,static-wide-low,claim-iid5,admissible
16079017,static-wide-low,static-wide-low,response-iid5,response-iid5,response-iid5,10,113205302960,113205302960,33995796,66360952,611903,4,0,1,1,2,0.99975,0,0,0,61,26,87,5600,0.0155357142857143,1708,84,676,2384,153600,0.0155208333333333,2304,26,26,1,0,0,783,774,9,0,3999,1,3198,3198,0,0,2,2,0,0,1,NaN,NaN,NaN,NaN,1,0,0,coherence-cumulative,1,60,0,0,31493591046,NaN,0,1,3,74507433,36484,40685,4860569,6.8,6,4,0,1,1,78,71,78,28,16,10,24,26,0,0,0,0,0,static-wide-low,response-iid5,admissible
16079017,static-wide-low,static-wide-low,joint-control-iid5,joint-control-iid5,joint-control-iid5,10,113205302960,113205302960,34381361,66360952,611903,4,0,1,1,2,0.99975,0,0,0,64,31,95,5600,0.0169642857142857,1792,84,806,2598,153600,0.0169140625,2304,31,31,4,0,0,855,819,36,0,3999,1,3198,3198,0,0,2,2,0,0,1,NaN,NaN,NaN,NaN,1,0,0,coherence-cumulative,1,60,0,0,31493591046,NaN,0,1,4,74507433,36484,40685,4860569,6.8,6,4,0,1,1,78,71,78,28,16,10,24,26,0,0,0,0,0,static-wide-low,joint-control-iid5,admissible
16079017,static-wide-low,static-wide-low,iid-occupancy15,iid-occupancy15,iid-occupancy15,10,113205302960,76178274470,33610231,66343099,611903,4,0,1,1,6,0.99825,0,0,0,90,59,149,5600,0.0266071428571429,2520,84,1534,4054,153600,0.0263932291666667,2304,56,59,26,0,0,1341,1008,333,0,3993,2,3186,1532,1654,0,4,2,2,0,1,NaN,NaN,NaN,NaN,1,0,0,coherence-cumulative,1,64,0,0.15,31493591046,1117828,7537,1,5,74507433,36484,40685,4860569,6.8,6,4,0,1,1,78,71,78,28,16,10,24,26,0,0,0,0,0,static-wide-low,iid-occupancy15,admissible
16079017,static-wide-low,static-wide-low,directed-response-blackout,directed-response-blackout,directed-response-blackout,10,113205302960,93904593495,33610231,65906338,611903,4,0,1,0,NaN,0.9,0,0,0,454,418,872,5600,0.155714285714286,12712,84,10868,23580,153600,0.153515625,2304,418,418,399,0,0,7848,7448,400,0,3600,89,2800,2800,0,0,89,89,0,0,1,NaN,NaN,NaN,NaN,1,0,0,coherence-cumulative,1,55,1,0,31493591046,NaN,0,1,6,74507433,36484,40685,4860569,6.8,6,4,0,1,1,78,71,78,28,16,10,24,26,0,1,0,0,0,static-wide-low,directed-response-blackout,admissible
16079017,mobile-limited-low,mobile-limited-low,zero,zero,zero,10,113205302960,113205302960,33130015,66415528,585514,4,0,1,1,1,1,0,0,0,1000,400,1400,5600,0.25,28000,1400,10400,38400,153600,0.25,38400,400,400,0,100,0,1500,1500,0,0,4000,0,3200,3200,0,0,0,0,0,0,0,NaN,NaN,NaN,NaN,1,0,0,coherence-cumulative,1,1000,0,0,31493591046,NaN,0,2,1,74507433,36484,36484,5637175,1,3,4,0,1,1,11,4,11,28,16,10,24,26,0,0,0,0,0,mobile-limited-low,zero,admissible
16079017,mobile-limited-low,mobile-limited-low,claim-iid5,claim-iid5,claim-iid5,10,113205302960,113205302960,33515580,66417179,585514,4,0,1,1,1,1,0,0,0,1047,471,1518,5600,0.271071428571429,29316,1400,12246,41562,153600,0.2705859375,38400,471,471,34,126,0,1722,1665,57,0,4000,0,3200,3200,0,0,0,0,0,0,0,NaN,NaN,NaN,NaN,1,0,0,coherence-cumulative,1,1013,0,0,31493591046,NaN,0,2,2,74507433,36484,36484,5637175,1,3,4,0,1,1,11,4,11,28,16,10,24,26,0,0,0,0,0,mobile-limited-low,claim-iid5,admissible
16079017,mobile-limited-low,mobile-limited-low,response-iid5,response-iid5,response-iid5,10,113205302960,113205302960,33515580,66415528,585514,4,0,1,1,1,1,0,0,0,1029,450,1479,5600,0.264107142857143,28812,1400,11700,40512,153600,0.26375,38400,450,450,29,120,0,1650,1611,39,0,4000,0,3200,3200,0,0,0,0,0,0,0,NaN,NaN,NaN,NaN,1,0,0,coherence-cumulative,1,1000,0,0,31493591046,NaN,0,2,3,74507433,36484,36484,5637175,1,3,4,0,1,1,11,4,11,28,16,10,24,26,0,0,0,0,0,mobile-limited-low,response-iid5,admissible
16079017,mobile-limited-low,mobile-limited-low,joint-control-iid5,joint-control-iid5,joint-control-iid5,10,113205302960,113205302960,33901145,66416544,585514,4,0,1,1,1,1,0,0,0,1066,503,1569,5600,0.280178571428571,29848,1400,13078,42926,153600,0.279466145833333,38400,503,503,58,139,0,1816,1717,99,0,4000,0,3200,3200,0,0,0,0,0,0,0,NaN,NaN,NaN,NaN,1,0,0,coherence-cumulative,1,1008,0,0,31493591046,NaN,0,2,4,74507433,36484,36484,5637175,1,3,4,0,1,1,11,4,11,28,16,10,24,26,0,0,0,0,0,mobile-limited-low,joint-control-iid5,admissible
16079017,mobile-limited-low,mobile-limited-low,iid-occupancy15,iid-occupancy15,iid-occupancy15,10,113205302960,76240136953,33130015,66407192,585514,4,0,1,1,3,0.999,0,0,0,1296,758,2054,5600,0.366785714285714,36288,1400,19708,55996,153600,0.364557291666667,38400,755,758,273,216,0,2689,2081,608,0,3996,2,3192,1538,1654,0,4,2,2,0,1,NaN,NaN,NaN,NaN,1,0,0,coherence-cumulative,1,1023,0,0.15,31493591046,1091156,7521,2,5,74507433,36484,36484,5637175,1,3,4,0,1,1,11,4,11,28,16,10,24,26,0,0,0,0,0,mobile-limited-low,iid-occupancy15,admissible
16079017,mobile-limited-low,mobile-limited-low,directed-response-blackout,directed-response-blackout,directed-response-blackout,10,113205302960,93904593495,33130015,65953580,585514,4,0,1,0,NaN,0.9,0,0,0,1300,700,2000,5600,0.357142857142857,36400,1400,18200,54600,153600,0.35546875,38400,700,700,399,100,0,2100,1700,400,0,3600,89,2800,2800,0,0,89,89,0,0,1,NaN,NaN,NaN,NaN,1,0,0,coherence-cumulative,1,901,1,0,31493591046,NaN,0,2,6,74507433,36484,36484,5637175,1,3,4,0,1,1,11,4,11,28,16,10,24,26,0,1,0,0,0,mobile-limited-low,directed-response-blackout,admissible
16079017,mobile-limited-high,mobile-limited-high,zero,zero,zero,10,113205302960,113205302960,33314619,57168250,565434,0,0,0,0,NaN,0,0,0,18,0,0,0,4000,0,0,310,0,0,112000,0,8680,0,0,0,0,0,0,0,0,0,0,793,0,0,0,0,591,555,0,36,1,NaN,NaN,NaN,NaN,1,0,0,coherence-cumulative,1,0,0,0,31493591046,NaN,0,3,1,74507433,36484,36484,5627922,0.25,1,4,0,1,0,0,13,20,28,16,10,24,0,0,0,0,0,0,mobile-limited-high,zero,horizon-shorter-than-renewal-slack
16079017,mobile-limited-high,mobile-limited-high,claim-iid5,claim-iid5,claim-iid5,10,113205302960,113205302960,33700184,57168250,565434,0,0,0,0,NaN,0,0,0,18,0,0,0,4000,0,0,310,0,0,112000,0,8680,0,0,0,0,0,0,0,0,0,0,793,0,0,0,0,591,555,0,36,1,NaN,NaN,NaN,NaN,1,0,0,coherence-cumulative,1,0,0,0,31493591046,NaN,0,3,2,74507433,36484,36484,5627922,0.25,1,4,0,1,0,0,13,20,28,16,10,24,0,0,0,0,0,0,mobile-limited-high,claim-iid5,horizon-shorter-than-renewal-slack
16079017,mobile-limited-high,mobile-limited-high,response-iid5,response-iid5,response-iid5,10,113205302960,113205302960,33700184,57168250,565434,0,0,0,0,NaN,0,0,0,18,0,0,0,4000,0,0,310,0,0,112000,0,8680,0,0,0,0,0,0,0,0,0,0,793,0,0,0,0,591,555,0,36,1,NaN,NaN,NaN,NaN,1,0,0,coherence-cumulative,1,0,0,0,31493591046,NaN,0,3,3,74507433,36484,36484,5627922,0.25,1,4,0,1,0,0,13,20,28,16,10,24,0,0,0,0,0,0,mobile-limited-high,response-iid5,horizon-shorter-than-renewal-slack
16079017,mobile-limited-high,mobile-limited-high,joint-control-iid5,joint-control-iid5,joint-control-iid5,10,113205302960,113205302960,34085749,57168250,565434,0,0,0,0,NaN,0,0,0,18,0,0,0,4000,0,0,310,0,0,112000,0,8680,0,0,0,0,0,0,0,0,0,0,793,0,0,0,0,591,555,0,36,1,NaN,NaN,NaN,NaN,1,0,0,coherence-cumulative,1,0,0,0,31493591046,NaN,0,3,4,74507433,36484,36484,5627922,0.25,1,4,0,1,0,0,13,20,28,16,10,24,0,0,0,0,0,0,mobile-limited-high,joint-control-iid5,horizon-shorter-than-renewal-slack
16079017,mobile-limited-high,mobile-limited-high,iid-occupancy15,iid-occupancy15,iid-occupancy15,10,113205302960,81231699278,33314619,57168250,565434,0,0,0,0,NaN,0,0,0,18,0,0,0,4000,0,0,310,0,0,112000,0,8680,0,0,0,0,0,0,0,0,0,0,793,0,0,0,0,591,316,239,36,1,NaN,NaN,NaN,NaN,1,0,0,coherence-cumulative,1,0,0,0.15,31493591046,777978,6539,3,5,74507433,36484,36484,5627922,0.25,1,4,0,1,0,0,13,20,28,16,10,24,0,0,0,0,0,0,mobile-limited-high,iid-occupancy15,horizon-shorter-than-renewal-slack
16079017,mobile-limited-high,mobile-limited-high,directed-response-blackout,directed-response-blackout,directed-response-blackout,10,113205302960,113205302960,33314619,57168250,565434,0,0,0,0,NaN,0,0,0,18,0,0,0,4000,0,0,310,0,0,112000,0,8680,0,0,0,0,0,0,0,0,0,0,793,0,0,0,0,591,555,0,36,1,NaN,NaN,NaN,NaN,1,0,0,coherence-cumulative,1,0,0,0,31493591046,NaN,0,3,6,74507433,36484,36484,5627922,0.25,1,4,0,1,0,0,13,20,28,16,10,24,0,0,0,0,0,0,mobile-limited-high,directed-response-blackout,horizon-shorter-than-renewal-slack
16079018,static-wide-low,static-wide-low,zero,zero,zero,5,30540518860,30540518860,33557094,16471446,38002,1,0,1,1,1,1,0,0,0,15,3,18,2400,0.0075,420,18,78,498,66400,0.0075,498,3,3,0,0,0,72,72,0,0,2000,0,800,800,0,0,0,0,0,0,0,NaN,NaN,NaN,NaN,1,0,0,coherence-cumulative,1,15,0,0,31485826305,NaN,0,1,1,34912852,2496,2730,4548077,6.8,6,1,0,1,1,148,141,148,28,16,10,24,26,0,0,0,0,0,static-wide-low,zero,admissible
16079018,static-wide-low,static-wide-low,claim-iid5,claim-iid5,claim-iid5,5,30540518860,30540518860,33942659,16469817,38002,1,0,1,1,2,0.9995,0,0,0,16,4,20,2400,0.00833333333333333,448,18,104,552,66400,0.00831325301204819,498,3,4,1,0,0,80,76,4,0,1999,1,799,799,0,0,1,1,0,0,1,NaN,NaN,NaN,NaN,1,0,0,coherence-cumulative,1,15,0,0,31485826305,NaN,0,1,2,34912852,2496,2730,4548077,6.8,6,1,0,1,1,148,141,148,28,16,10,24,26,0,0,0,0,0,static-wide-low,claim-iid5,admissible
16079018,static-wide-low,static-wide-low,response-iid5,response-iid5,response-iid5,5,30540518860,30540518860,33942659,16471446,38002,1,0,1,1,1,1,0,0,0,15,3,18,2400,0.0075,420,18,78,498,66400,0.0075,498,3,3,0,0,0,72,72,0,0,2000,0,800,800,0,0,0,0,0,0,0,NaN,NaN,NaN,NaN,1,0,0,coherence-cumulative,1,15,0,0,31485826305,NaN,0,1,3,34912852,2496,2730,4548077,6.8,6,1,0,1,1,148,141,148,28,16,10,24,26,0,0,0,0,0,static-wide-low,response-iid5,admissible
16079018,static-wide-low,static-wide-low,joint-control-iid5,joint-control-iid5,joint-control-iid5,5,30540518860,30540518860,34328224,16469817,38002,1,0,1,1,2,0.9995,0,0,0,16,4,20,2400,0.00833333333333333,448,18,104,552,66400,0.00831325301204819,498,3,4,1,0,0,80,76,4,0,1999,1,799,799,0,0,1,1,0,0,1,NaN,NaN,NaN,NaN,1,0,0,coherence-cumulative,1,15,0,0,31485826305,NaN,0,1,4,34912852,2496,2730,4548077,6.8,6,1,0,1,1,148,141,148,28,16,10,24,26,0,0,0,0,0,static-wide-low,joint-control-iid5,admissible
16079018,static-wide-low,static-wide-low,iid-occupancy15,iid-occupancy15,iid-occupancy15,5,30540518860,22083633043,33557094,16469856,38002,1,0,1,1,2,0.9995,0,0,0,25,8,33,2400,0.01375,700,18,208,908,66400,0.0136746987951807,498,8,8,9,0,0,132,92,40,0,1999,1,799,418,381,0,1,1,0,0,1,NaN,NaN,NaN,NaN,1,0,0,coherence-cumulative,1,16,0,0.15,31485826305,1346691,3454,1,5,34912852,2496,2730,4548077,6.8,6,1,0,1,1,148,141,148,28,16,10,24,26,0,0,0,0,0,static-wide-low,iid-occupancy15,admissible
16079018,static-wide-low,static-wide-low,directed-response-blackout,directed-response-blackout,directed-response-blackout,5,30540518860,25640976823,33557094,15727771,38002,1,0,1,0,NaN,0.8,0,0,0,412,400,812,2400,0.338333333333333,11536,18,10400,21936,66400,0.330361445783133,498,400,400,399,0,0,3248,2848,400,0,1600,143,400,400,0,0,143,143,0,0,1,NaN,NaN,NaN,NaN,1,0,0,coherence-cumulative,1,13,1,0,31485826305,NaN,0,1,6,34912852,2496,2730,4548077,6.8,6,1,0,1,1,148,141,148,28,16,10,24,26,0,1,0,0,0,static-wide-low,directed-response-blackout,admissible
16079018,mobile-limited-low,mobile-limited-low,zero,zero,zero,5,30540518860,30540518860,33160211,16472733,37168,1,0,1,1,1,1,0,0,0,60,12,72,2400,0.03,1680,72,312,1992,66400,0.03,1992,12,12,0,0,0,36,36,0,0,2000,0,800,800,0,0,0,0,0,0,0,NaN,NaN,NaN,NaN,1,0,0,coherence-cumulative,1,60,0,0,31485826305,NaN,0,2,1,34912852,2496,2496,4184466,2,4,1,0,1,1,43,36,43,28,16,10,24,26,0,0,0,0,0,mobile-limited-low,zero,admissible
16079018,mobile-limited-low,mobile-limited-low,claim-iid5,claim-iid5,claim-iid5,5,30540518860,30540518860,33545776,16472733,37168,1,0,1,1,1,1,0,0,0,60,12,72,2400,0.03,1680,72,312,1992,66400,0.03,1992,12,12,0,0,0,36,36,0,0,2000,0,800,800,0,0,0,0,0,0,0,NaN,NaN,NaN,NaN,1,0,0,coherence-cumulative,1,60,0,0,31485826305,NaN,0,2,2,34912852,2496,2496,4184466,2,4,1,0,1,1,43,36,43,28,16,10,24,26,0,0,0,0,0,mobile-limited-low,claim-iid5,admissible
16079018,mobile-limited-low,mobile-limited-low,response-iid5,response-iid5,response-iid5,5,30540518860,30540518860,33545776,16472733,37168,1,0,1,1,1,1,0,0,0,60,12,72,2400,0.03,1680,72,312,1992,66400,0.03,1992,12,12,0,0,0,36,36,0,0,2000,0,800,800,0,0,0,0,0,0,0,NaN,NaN,NaN,NaN,1,0,0,coherence-cumulative,1,60,0,0,31485826305,NaN,0,2,3,34912852,2496,2496,4184466,2,4,1,0,1,1,43,36,43,28,16,10,24,26,0,0,0,0,0,mobile-limited-low,response-iid5,admissible
16079018,mobile-limited-low,mobile-limited-low,joint-control-iid5,joint-control-iid5,joint-control-iid5,5,30540518860,30540518860,33931341,16472733,37168,1,0,1,1,1,1,0,0,0,60,12,72,2400,0.03,1680,72,312,1992,66400,0.03,1992,12,12,0,0,0,36,36,0,0,2000,0,800,800,0,0,0,0,0,0,0,NaN,NaN,NaN,NaN,1,0,0,coherence-cumulative,1,60,0,0,31485826305,NaN,0,2,4,34912852,2496,2496,4184466,2,4,1,0,1,1,43,36,43,28,16,10,24,26,0,0,0,0,0,mobile-limited-low,joint-control-iid5,admissible
16079018,mobile-limited-low,mobile-limited-low,iid-occupancy15,iid-occupancy15,iid-occupancy15,5,30540518860,22096822898,33160211,16471104,37168,1,0,1,1,2,0.9995,0,0,0,67,19,86,2400,0.0358333333333333,1876,72,494,2370,66400,0.0356927710843373,1992,19,19,7,0,0,50,36,14,0,1999,1,799,418,381,0,1,1,0,0,1,NaN,NaN,NaN,NaN,1,0,0,coherence-cumulative,1,60,0,0.15,31485826305,2008221,3452,2,5,34912852,2496,2496,4184466,2,4,1,0,1,1,43,36,43,28,16,10,24,26,0,0,0,0,0,mobile-limited-low,iid-occupancy15,admissible
16079018,mobile-limited-low,mobile-limited-low,directed-response-blackout,directed-response-blackout,directed-response-blackout,5,30540518860,25642566023,33160211,15728455,37168,1,0,1,0,NaN,0.8,0,0,0,448,400,848,2400,0.353333333333333,12544,72,10400,22944,66400,0.345542168674699,1992,400,400,399,0,0,812,412,400,0,1600,143,400,400,0,0,143,143,0,0,1,NaN,NaN,NaN,NaN,1,0,0,coherence-cumulative,1,49,1,0,31485826305,NaN,0,2,6,34912852,2496,2496,4184466,2,4,1,0,1,1,43,36,43,28,16,10,24,26,0,1,0,0,0,mobile-limited-low,directed-response-blackout,admissible
16079018,mobile-limited-high,mobile-limited-high,zero,zero,zero,5,30540518860,30540518860,32017721,16472733,37168,1,0,1,1,1,1,0,0,0,60,12,72,2400,0.03,1680,72,312,1992,66400,0.03,1992,12,12,0,0,0,36,36,0,0,2000,0,800,800,0,0,0,0,0,0,0,NaN,NaN,NaN,NaN,1,0,0,coherence-cumulative,1,60,0,0,31485826305,NaN,0,3,1,34912852,2496,2496,4909232,2,4,1,0,1,1,43,36,43,28,16,10,24,26,0,0,0,0,0,mobile-limited-high,zero,admissible
16079018,mobile-limited-high,mobile-limited-high,claim-iid5,claim-iid5,claim-iid5,5,30540518860,30540518860,32403286,16472733,37168,1,0,1,1,1,1,0,0,0,60,12,72,2400,0.03,1680,72,312,1992,66400,0.03,1992,12,12,0,0,0,36,36,0,0,2000,0,800,800,0,0,0,0,0,0,0,NaN,NaN,NaN,NaN,1,0,0,coherence-cumulative,1,60,0,0,31485826305,NaN,0,3,2,34912852,2496,2496,4909232,2,4,1,0,1,1,43,36,43,28,16,10,24,26,0,0,0,0,0,mobile-limited-high,claim-iid5,admissible
16079018,mobile-limited-high,mobile-limited-high,response-iid5,response-iid5,response-iid5,5,30540518860,30540518860,32403286,16472733,37168,1,0,1,1,1,1,0,0,0,60,12,72,2400,0.03,1680,72,312,1992,66400,0.03,1992,12,12,0,0,0,36,36,0,0,2000,0,800,800,0,0,0,0,0,0,0,NaN,NaN,NaN,NaN,1,0,0,coherence-cumulative,1,60,0,0,31485826305,NaN,0,3,3,34912852,2496,2496,4909232,2,4,1,0,1,1,43,36,43,28,16,10,24,26,0,0,0,0,0,mobile-limited-high,response-iid5,admissible
16079018,mobile-limited-high,mobile-limited-high,joint-control-iid5,joint-control-iid5,joint-control-iid5,5,30540518860,30540518860,32788851,16472733,37168,1,0,1,1,1,1,0,0,0,60,12,72,2400,0.03,1680,72,312,1992,66400,0.03,1992,12,12,0,0,0,36,36,0,0,2000,0,800,800,0,0,0,0,0,0,0,NaN,NaN,NaN,NaN,1,0,0,coherence-cumulative,1,60,0,0,31485826305,NaN,0,3,4,34912852,2496,2496,4909232,2,4,1,0,1,1,43,36,43,28,16,10,24,26,0,0,0,0,0,mobile-limited-high,joint-control-iid5,admissible
16079018,mobile-limited-high,mobile-limited-high,iid-occupancy15,iid-occupancy15,iid-occupancy15,5,30540518860,22096822898,32017721,16471104,37168,1,0,1,1,2,0.9995,0,0,0,67,19,86,2400,0.0358333333333333,1876,72,494,2370,66400,0.0356927710843373,1992,19,19,7,0,0,50,36,14,0,1999,1,799,418,381,0,1,1,0,0,1,NaN,NaN,NaN,NaN,1,0,0,coherence-cumulative,1,60,0,0.15,31485826305,2008221,3452,3,5,34912852,2496,2496,4909232,2,4,1,0,1,1,43,36,43,28,16,10,24,26,0,0,0,0,0,mobile-limited-high,iid-occupancy15,admissible
16079018,mobile-limited-high,mobile-limited-high,directed-response-blackout,directed-response-blackout,directed-response-blackout,5,30540518860,25642566023,32017721,15728455,37168,1,0,1,0,NaN,0.8,0,0,0,448,400,848,2400,0.353333333333333,12544,72,10400,22944,66400,0.345542168674699,1992,400,400,399,0,0,812,412,400,0,1600,143,400,400,0,0,143,143,0,0,1,NaN,NaN,NaN,NaN,1,0,0,coherence-cumulative,1,49,1,0,31485826305,NaN,0,3,6,34912852,2496,2496,4909232,2,4,1,0,1,1,43,36,43,28,16,10,24,26,0,1,0,0,0,mobile-limited-high,directed-response-blackout,admissible
16079018,static-wide-low,static-wide-low,zero,zero,zero,10,113290751574,113290751574,33631173,67786675,664557,9,0,1,1,1,1,0,0,0,70,63,133,7600,0.0175,1960,133,1638,3598,205600,0.0175,3598,63,63,0,14,0,1197,1197,0,0,4000,0,4800,4800,0,0,0,0,0,0,0,NaN,NaN,NaN,NaN,1,0,0,coherence-cumulative,1,70,0,0,31592214690,NaN,0,1,1,64920014,36635,40685,4845619,6.8,6,9,0,1,1,68,61,68,28,16,10,24,26,0,0,0,0,0,static-wide-low,zero,admissible
16079018,static-wide-low,static-wide-low,claim-iid5,claim-iid5,claim-iid5,10,113290751574,113290751574,34016738,67787004,664557,9,0,1,1,1,1,0,0,0,75,71,146,7600,0.0192105263157895,2100,133,1846,3946,205600,0.0191926070038911,3598,71,71,3,15,0,1314,1287,27,0,4000,0,4800,4800,0,0,0,0,0,0,0,NaN,NaN,NaN,NaN,1,0,0,coherence-cumulative,1,72,0,0,31592214690,NaN,0,1,2,64920014,36635,40685,4845619,6.8,6,9,0,1,1,68,61,68,28,16,10,24,26,0,0,0,0,0,static-wide-low,claim-iid5,admissible
16079018,static-wide-low,static-wide-low,response-iid5,response-iid5,response-iid5,10,113290751574,113290751574,34016738,67785370,664557,9,0,1,1,2,0.99975,0,0,0,75,79,154,7600,0.0202631578947368,2100,133,2054,4154,205600,0.020204280155642,3598,79,79,5,17,0,1386,1348,38,0,3999,0,4798,4798,0,0,0,0,0,0,0,NaN,NaN,NaN,NaN,1,0,0,coherence-cumulative,1,70,0,0,31592214690,NaN,0,1,3,64920014,36635,40685,4845619,6.8,6,9,0,1,1,68,61,68,28,16,10,24,26,0,0,0,0,0,static-wide-low,response-iid5,admissible
16079018,static-wide-low,static-wide-low,joint-control-iid5,joint-control-iid5,joint-control-iid5,10,113290751574,113290751574,34402303,67785699,664557,9,0,1,1,2,0.99975,0,0,0,80,87,167,7600,0.0219736842105263,2240,133,2262,4502,205600,0.0218968871595331,3598,87,87,8,18,0,1503,1434,69,0,3999,0,4798,4798,0,0,0,0,0,0,0,NaN,NaN,NaN,NaN,1,0,0,coherence-cumulative,1,72,0,0,31592214690,NaN,0,1,4,64920014,36635,40685,4845619,6.8,6,9,0,1,1,68,61,68,28,16,10,24,26,0,0,0,0,0,static-wide-low,joint-control-iid5,admissible
16079018,static-wide-low,static-wide-low,iid-occupancy15,iid-occupancy15,iid-occupancy15,10,113290751574,76129968105,33631173,67773378,664557,9,0,1,1,3,0.99875,0,0,0,114,147,261,7600,0.0343421052631579,3192,133,3822,7014,205600,0.0341147859922179,3598,143,147,43,25,0,2349,1746,603,0,3995,1,4790,2595,2195,0,3,3,0,0,1,NaN,NaN,NaN,NaN,1,0,0,coherence-cumulative,1,71,0,0.15,31592214690,714473,7596,1,5,64920014,36635,40685,4845619,6.8,6,9,0,1,1,68,61,68,28,16,10,24,26,0,0,0,0,0,static-wide-low,iid-occupancy15,admissible
16079018,static-wide-low,static-wide-low,directed-response-blackout,directed-response-blackout,directed-response-blackout,10,113290751574,93886376688,33631173,67301745,664557,9,0,1,0,NaN,0.9,0,0,0,463,1242,1705,7600,0.224342105263158,12964,133,32292,45256,205600,0.22011673151751,3598,1242,1242,399,407,0,15345,14945,400,0,3600,83,4000,4000,0,0,166,166,0,0,1,NaN,NaN,NaN,NaN,1,0,0,coherence-cumulative,1,64,1,0,31592214690,NaN,0,1,6,64920014,36635,40685,4845619,6.8,6,9,0,1,1,68,61,68,28,16,10,24,26,0,1,0,0,0,static-wide-low,directed-response-blackout,admissible
16079018,mobile-limited-low,mobile-limited-low,zero,zero,zero,10,113290751574,113290751574,32438726,57168250,565985,0,0,0,0,NaN,0,0,0,48,0,0,0,4000,0,0,310,0,0,112000,0,8680,0,0,0,0,0,0,0,0,0,0,801,0,0,0,0,900,800,0,100,1,NaN,NaN,NaN,NaN,1,0,0,coherence-cumulative,1,0,0,0,31592214690,NaN,0,2,1,64920014,36635,36635,6847282,0.5,2,9,3,1,0,0,13,20,28,16,10,24,0,0,0,0,0,0,mobile-limited-low,zero,horizon-shorter-than-renewal-slack
16079018,mobile-limited-low,mobile-limited-low,claim-iid5,claim-iid5,claim-iid5,10,113290751574,113290751574,32824291,57168250,565985,0,0,0,0,NaN,0,0,0,48,0,0,0,4000,0,0,310,0,0,112000,0,8680,0,0,0,0,0,0,0,0,0,0,801,0,0,0,0,900,800,0,100,1,NaN,NaN,NaN,NaN,1,0,0,coherence-cumulative,1,0,0,0,31592214690,NaN,0,2,2,64920014,36635,36635,6847282,0.5,2,9,3,1,0,0,13,20,28,16,10,24,0,0,0,0,0,0,mobile-limited-low,claim-iid5,horizon-shorter-than-renewal-slack
16079018,mobile-limited-low,mobile-limited-low,response-iid5,response-iid5,response-iid5,10,113290751574,113290751574,32824291,57168250,565985,0,0,0,0,NaN,0,0,0,48,0,0,0,4000,0,0,310,0,0,112000,0,8680,0,0,0,0,0,0,0,0,0,0,801,0,0,0,0,900,800,0,100,1,NaN,NaN,NaN,NaN,1,0,0,coherence-cumulative,1,0,0,0,31592214690,NaN,0,2,3,64920014,36635,36635,6847282,0.5,2,9,3,1,0,0,13,20,28,16,10,24,0,0,0,0,0,0,mobile-limited-low,response-iid5,horizon-shorter-than-renewal-slack
16079018,mobile-limited-low,mobile-limited-low,joint-control-iid5,joint-control-iid5,joint-control-iid5,10,113290751574,113290751574,33209856,57168250,565985,0,0,0,0,NaN,0,0,0,48,0,0,0,4000,0,0,310,0,0,112000,0,8680,0,0,0,0,0,0,0,0,0,0,801,0,0,0,0,900,800,0,100,1,NaN,NaN,NaN,NaN,1,0,0,coherence-cumulative,1,0,0,0,31592214690,NaN,0,2,4,64920014,36635,36635,6847282,0.5,2,9,3,1,0,0,13,20,28,16,10,24,0,0,0,0,0,0,mobile-limited-low,joint-control-iid5,horizon-shorter-than-renewal-slack
16079018,mobile-limited-low,mobile-limited-low,iid-occupancy15,iid-occupancy15,iid-occupancy15,10,113290751574,81020271669,32438726,57168250,565985,0,0,0,0,NaN,0,0,0,48,0,0,0,4000,0,0,310,0,0,112000,0,8680,0,0,0,0,0,0,0,0,0,0,801,0,0,0,0,900,425,375,100,1,NaN,NaN,NaN,NaN,1,0,0,coherence-cumulative,1,0,0,0.15,31592214690,879328,6601,2,5,64920014,36635,36635,6847282,0.5,2,9,3,1,0,0,13,20,28,16,10,24,0,0,0,0,0,0,mobile-limited-low,iid-occupancy15,horizon-shorter-than-renewal-slack
16079018,mobile-limited-low,mobile-limited-low,directed-response-blackout,directed-response-blackout,directed-response-blackout,10,113290751574,113290751574,32438726,57168250,565985,0,0,0,0,NaN,0,0,0,48,0,0,0,4000,0,0,310,0,0,112000,0,8680,0,0,0,0,0,0,0,0,0,0,801,0,0,0,0,900,800,0,100,1,NaN,NaN,NaN,NaN,1,0,0,coherence-cumulative,1,0,0,0,31592214690,NaN,0,2,6,64920014,36635,36635,6847282,0.5,2,9,3,1,0,0,13,20,28,16,10,24,0,0,0,0,0,0,mobile-limited-low,directed-response-blackout,horizon-shorter-than-renewal-slack
16079018,mobile-limited-high,mobile-limited-high,zero,zero,zero,10,113290751574,113290751574,31826947,57168250,565985,0,0,0,0,NaN,0,0,0,48,0,0,0,4000,0,0,310,0,0,112000,0,8680,0,0,0,0,0,0,0,0,0,0,801,0,0,0,0,900,800,0,100,1,NaN,NaN,NaN,NaN,1,0,0,coherence-cumulative,1,0,0,0,31592214690,NaN,0,3,1,64920014,36635,36635,4799212,0,0,0,0,1,0,0,13,20,28,16,10,24,0,0,0,0,0,0,mobile-limited-high,zero,selector-issued-no-horizon
16079018,mobile-limited-high,mobile-limited-high,claim-iid5,claim-iid5,claim-iid5,10,113290751574,113290751574,32212512,57168250,565985,0,0,0,0,NaN,0,0,0,48,0,0,0,4000,0,0,310,0,0,112000,0,8680,0,0,0,0,0,0,0,0,0,0,801,0,0,0,0,900,800,0,100,1,NaN,NaN,NaN,NaN,1,0,0,coherence-cumulative,1,0,0,0,31592214690,NaN,0,3,2,64920014,36635,36635,4799212,0,0,0,0,1,0,0,13,20,28,16,10,24,0,0,0,0,0,0,mobile-limited-high,claim-iid5,selector-issued-no-horizon
16079018,mobile-limited-high,mobile-limited-high,response-iid5,response-iid5,response-iid5,10,113290751574,113290751574,32212512,57168250,565985,0,0,0,0,NaN,0,0,0,48,0,0,0,4000,0,0,310,0,0,112000,0,8680,0,0,0,0,0,0,0,0,0,0,801,0,0,0,0,900,800,0,100,1,NaN,NaN,NaN,NaN,1,0,0,coherence-cumulative,1,0,0,0,31592214690,NaN,0,3,3,64920014,36635,36635,4799212,0,0,0,0,1,0,0,13,20,28,16,10,24,0,0,0,0,0,0,mobile-limited-high,response-iid5,selector-issued-no-horizon
16079018,mobile-limited-high,mobile-limited-high,joint-control-iid5,joint-control-iid5,joint-control-iid5,10,113290751574,113290751574,32598077,57168250,565985,0,0,0,0,NaN,0,0,0,48,0,0,0,4000,0,0,310,0,0,112000,0,8680,0,0,0,0,0,0,0,0,0,0,801,0,0,0,0,900,800,0,100,1,NaN,NaN,NaN,NaN,1,0,0,coherence-cumulative,1,0,0,0,31592214690,NaN,0,3,4,64920014,36635,36635,4799212,0,0,0,0,1,0,0,13,20,28,16,10,24,0,0,0,0,0,0,mobile-limited-high,joint-control-iid5,selector-issued-no-horizon
16079018,mobile-limited-high,mobile-limited-high,iid-occupancy15,iid-occupancy15,iid-occupancy15,10,113290751574,81020271669,31826947,57168250,565985,0,0,0,0,NaN,0,0,0,48,0,0,0,4000,0,0,310,0,0,112000,0,8680,0,0,0,0,0,0,0,0,0,0,801,0,0,0,0,900,425,375,100,1,NaN,NaN,NaN,NaN,1,0,0,coherence-cumulative,1,0,0,0.15,31592214690,879328,6601,3,5,64920014,36635,36635,4799212,0,0,0,0,1,0,0,13,20,28,16,10,24,0,0,0,0,0,0,mobile-limited-high,iid-occupancy15,selector-issued-no-horizon
16079018,mobile-limited-high,mobile-limited-high,directed-response-blackout,directed-response-blackout,directed-response-blackout,10,113290751574,113290751574,31826947,57168250,565985,0,0,0,0,NaN,0,0,0,48,0,0,0,4000,0,0,310,0,0,112000,0,8680,0,0,0,0,0,0,0,0,0,0,801,0,0,0,0,900,800,0,100,1,NaN,NaN,NaN,NaN,1,0,0,coherence-cumulative,1,0,0,0,31592214690,NaN,0,3,6,64920014,36635,36635,4799212,0,0,0,0,1,0,0,13,20,28,16,10,24,0,0,0,0,0,0,mobile-limited-high,directed-response-blackout,selector-issued-no-horizon
16079019,static-wide-low,static-wide-low,zero,zero,zero,5,30512350288,30512350288,33041818,16471445,37918,1,0,1,1,1,1,0,0,0,15,3,18,2400,0.0075,420,18,78,498,66400,0.0075,498,3,3,0,0,0,72,72,0,0,2000,0,800,800,0,0,0,0,0,0,0,NaN,NaN,NaN,NaN,1,0,0,coherence-cumulative,1,15,0,0,31563876700,NaN,0,1,1,33506713,2484,2730,4742743,6.8,6,1,0,1,1,148,141,148,28,16,10,24,26,0,0,0,0,0,static-wide-low,zero,admissible
16079019,static-wide-low,static-wide-low,claim-iid5,claim-iid5,claim-iid5,5,30512350288,30512350288,33427383,16470254,37918,1,0,1,1,2,0.9995,0,0,0,17,4,21,2400,0.00875,476,18,104,580,66400,0.00873493975903615,498,3,4,1,0,0,84,78,6,0,1999,1,799,799,0,0,1,1,0,0,1,NaN,NaN,NaN,NaN,1,0,0,coherence-cumulative,1,16,0,0,31563876700,NaN,0,1,2,33506713,2484,2730,4742743,6.8,6,1,0,1,1,148,141,148,28,16,10,24,26,0,0,0,0,0,static-wide-low,claim-iid5,admissible
16079019,static-wide-low,static-wide-low,response-iid5,response-iid5,response-iid5,5,30512350288,30512350288,33427383,16471445,37918,1,0,1,1,1,1,0,0,0,15,3,18,2400,0.0075,420,18,78,498,66400,0.0075,498,3,3,0,0,0,72,72,0,0,2000,0,800,800,0,0,0,0,0,0,0,NaN,NaN,NaN,NaN,1,0,0,coherence-cumulative,1,15,0,0,31563876700,NaN,0,1,3,33506713,2484,2730,4742743,6.8,6,1,0,1,1,148,141,148,28,16,10,24,26,0,0,0,0,0,static-wide-low,response-iid5,admissible
16079019,static-wide-low,static-wide-low,joint-control-iid5,joint-control-iid5,joint-control-iid5,5,30512350288,30512350288,33812948,16470254,37918,1,0,1,1,2,0.9995,0,0,0,17,4,21,2400,0.00875,476,18,104,580,66400,0.00873493975903615,498,3,4,1,0,0,84,78,6,0,1999,1,799,799,0,0,1,1,0,0,1,NaN,NaN,NaN,NaN,1,0,0,coherence-cumulative,1,16,0,0,31563876700,NaN,0,1,4,33506713,2484,2730,4742743,6.8,6,1,0,1,1,148,141,148,28,16,10,24,26,0,0,0,0,0,static-wide-low,joint-control-iid5,admissible
16079019,static-wide-low,static-wide-low,iid-occupancy15,iid-occupancy15,iid-occupancy15,5,30512350288,21634501560,33041818,16469156,37918,1,0,1,1,3,0.999,0,0,0,26,8,34,2400,0.0141666666666667,728,18,208,936,66400,0.0140963855421687,498,6,8,8,0,0,136,104,32,0,1998,1,798,391,407,0,1,0,1,0,1,NaN,NaN,NaN,NaN,1,0,0,coherence-cumulative,1,18,0,0.15,31563876700,1026505,3626,1,5,33506713,2484,2730,4742743,6.8,6,1,0,1,1,148,141,148,28,16,10,24,26,0,0,0,0,0,static-wide-low,iid-occupancy15,admissible
16079019,static-wide-low,static-wide-low,directed-response-blackout,directed-response-blackout,directed-response-blackout,5,30512350288,25682160967,33041818,15887771,37918,1,0,1,0,NaN,0.8,0,0,0,412,400,812,2400,0.338333333333333,11536,18,10400,21936,66400,0.330361445783133,498,400,400,399,0,0,3248,2848,400,0,1600,161,400,400,0,0,161,161,0,0,1,NaN,NaN,NaN,NaN,1,0,0,coherence-cumulative,1,13,1,0,31563876700,NaN,0,1,6,33506713,2484,2730,4742743,6.8,6,1,0,1,1,148,141,148,28,16,10,24,26,0,1,0,0,0,static-wide-low,directed-response-blackout,admissible
16079019,mobile-limited-low,mobile-limited-low,zero,zero,zero,5,30512350288,30512350288,33095218,16471031,36938,1,0,1,1,1,1,0,0,0,25,5,30,2400,0.0125,700,30,130,830,66400,0.0125,830,5,5,0,0,0,15,15,0,0,2000,0,800,800,0,0,0,0,0,0,0,NaN,NaN,NaN,NaN,1,0,0,coherence-cumulative,1,25,0,0,31563876700,NaN,0,2,1,33506713,2484,2484,5120185,4,5,1,0,1,1,87,80,87,28,16,10,24,26,0,0,0,0,0,mobile-limited-low,zero,admissible
16079019,mobile-limited-low,mobile-limited-low,claim-iid5,claim-iid5,claim-iid5,5,30512350288,30512350288,33480783,16471031,36938,1,0,1,1,1,1,0,0,0,25,5,30,2400,0.0125,700,30,130,830,66400,0.0125,830,5,5,0,0,0,15,14,1,0,2000,0,800,800,0,0,0,0,0,0,0,NaN,NaN,NaN,NaN,1,0,0,coherence-cumulative,1,25,0,0,31563876700,NaN,0,2,2,33506713,2484,2484,5120185,4,5,1,0,1,1,87,80,87,28,16,10,24,26,0,0,0,0,0,mobile-limited-low,claim-iid5,admissible
16079019,mobile-limited-low,mobile-limited-low,response-iid5,response-iid5,response-iid5,5,30512350288,30512350288,33480783,16471031,36938,1,0,1,1,1,1,0,0,0,25,5,30,2400,0.0125,700,30,130,830,66400,0.0125,830,5,5,0,0,0,15,15,0,0,2000,0,800,800,0,0,0,0,0,0,0,NaN,NaN,NaN,NaN,1,0,0,coherence-cumulative,1,25,0,0,31563876700,NaN,0,2,3,33506713,2484,2484,5120185,4,5,1,0,1,1,87,80,87,28,16,10,24,26,0,0,0,0,0,mobile-limited-low,response-iid5,admissible
16079019,mobile-limited-low,mobile-limited-low,joint-control-iid5,joint-control-iid5,joint-control-iid5,5,30512350288,30512350288,33866348,16471031,36938,1,0,1,1,1,1,0,0,0,25,5,30,2400,0.0125,700,30,130,830,66400,0.0125,830,5,5,0,0,0,15,14,1,0,2000,0,800,800,0,0,0,0,0,0,0,NaN,NaN,NaN,NaN,1,0,0,coherence-cumulative,1,25,0,0,31563876700,NaN,0,2,4,33506713,2484,2484,5120185,4,5,1,0,1,1,87,80,87,28,16,10,24,26,0,0,0,0,0,mobile-limited-low,joint-control-iid5,admissible
16079019,mobile-limited-low,mobile-limited-low,iid-occupancy15,iid-occupancy15,iid-occupancy15,5,30512350288,21605418634,33095218,16471031,36938,1,0,1,1,1,1,0,0,0,28,7,35,2400,0.0145833333333333,784,30,182,966,66400,0.0145481927710843,830,7,7,3,0,0,20,16,4,0,2000,0,800,392,408,0,0,0,0,0,0,NaN,NaN,NaN,NaN,1,0,0,coherence-cumulative,1,25,0,0.15,31563876700,1146393,3644,2,5,33506713,2484,2484,5120185,4,5,1,0,1,1,87,80,87,28,16,10,24,26,0,0,0,0,0,mobile-limited-low,iid-occupancy15,admissible
16079019,mobile-limited-low,mobile-limited-low,directed-response-blackout,directed-response-blackout,directed-response-blackout,5,30512350288,25680560967,33095218,15887925,36938,1,0,1,0,NaN,0.8,0,0,0,420,400,820,2400,0.341666666666667,11760,30,10400,22160,66400,0.333734939759036,830,400,400,399,0,0,805,405,400,0,1600,161,400,400,0,0,161,161,0,0,1,NaN,NaN,NaN,NaN,1,0,0,coherence-cumulative,1,21,1,0,31563876700,NaN,0,2,6,33506713,2484,2484,5120185,4,5,1,0,1,1,87,80,87,28,16,10,24,26,0,1,0,0,0,mobile-limited-low,directed-response-blackout,admissible
16079019,mobile-limited-high,mobile-limited-high,zero,zero,zero,5,30512350288,30512350288,31665355,16472732,36938,1,0,1,1,1,1,0,0,0,60,12,72,2400,0.03,1680,72,312,1992,66400,0.03,1992,12,12,0,0,0,36,36,0,0,2000,0,800,800,0,0,0,0,0,0,0,NaN,NaN,NaN,NaN,1,0,0,coherence-cumulative,1,60,0,0,31563876700,NaN,0,3,1,33506713,2484,2484,5847069,2,4,1,0,1,1,43,36,43,28,16,10,24,26,0,0,0,0,0,mobile-limited-high,zero,admissible
16079019,mobile-limited-high,mobile-limited-high,claim-iid5,claim-iid5,claim-iid5,5,30512350288,30512350288,32050920,16472732,36938,1,0,1,1,1,1,0,0,0,60,12,72,2400,0.03,1680,72,312,1992,66400,0.03,1992,12,12,0,0,0,36,36,0,0,2000,0,800,800,0,0,0,0,0,0,0,NaN,NaN,NaN,NaN,1,0,0,coherence-cumulative,1,60,0,0,31563876700,NaN,0,3,2,33506713,2484,2484,5847069,2,4,1,0,1,1,43,36,43,28,16,10,24,26,0,0,0,0,0,mobile-limited-high,claim-iid5,admissible
16079019,mobile-limited-high,mobile-limited-high,response-iid5,response-iid5,response-iid5,5,30512350288,30512350288,32050920,16472732,36938,1,0,1,1,1,1,0,0,0,60,12,72,2400,0.03,1680,72,312,1992,66400,0.03,1992,12,12,0,0,0,36,36,0,0,2000,0,800,800,0,0,0,0,0,0,0,NaN,NaN,NaN,NaN,1,0,0,coherence-cumulative,1,60,0,0,31563876700,NaN,0,3,3,33506713,2484,2484,5847069,2,4,1,0,1,1,43,36,43,28,16,10,24,26,0,0,0,0,0,mobile-limited-high,response-iid5,admissible
16079019,mobile-limited-high,mobile-limited-high,joint-control-iid5,joint-control-iid5,joint-control-iid5,5,30512350288,30512350288,32436485,16472732,36938,1,0,1,1,1,1,0,0,0,60,12,72,2400,0.03,1680,72,312,1992,66400,0.03,1992,12,12,0,0,0,36,36,0,0,2000,0,800,800,0,0,0,0,0,0,0,NaN,NaN,NaN,NaN,1,0,0,coherence-cumulative,1,60,0,0,31563876700,NaN,0,3,4,33506713,2484,2484,5847069,2,4,1,0,1,1,43,36,43,28,16,10,24,26,0,0,0,0,0,mobile-limited-high,joint-control-iid5,admissible
16079019,mobile-limited-high,mobile-limited-high,iid-occupancy15,iid-occupancy15,iid-occupancy15,5,30512350288,21605418634,31665355,16472732,36938,1,0,1,1,1,1,0,0,0,70,22,92,2400,0.0383333333333333,1960,72,572,2532,66400,0.0381325301204819,1992,22,22,10,0,0,56,42,14,0,2000,0,800,392,408,0,0,0,0,0,0,NaN,NaN,NaN,NaN,1,0,0,coherence-cumulative,1,60,0,0.15,31563876700,1146393,3644,3,5,33506713,2484,2484,5847069,2,4,1,0,1,1,43,36,43,28,16,10,24,26,0,0,0,0,0,mobile-limited-high,iid-occupancy15,admissible
16079019,mobile-limited-high,mobile-limited-high,directed-response-blackout,directed-response-blackout,directed-response-blackout,5,30512350288,25680560967,31665355,15888464,36938,1,0,1,0,NaN,0.8,0,0,0,448,400,848,2400,0.353333333333333,12544,72,10400,22944,66400,0.345542168674699,1992,400,400,399,0,0,812,412,400,0,1600,161,400,400,0,0,161,161,0,0,1,NaN,NaN,NaN,NaN,1,0,0,coherence-cumulative,1,49,1,0,31563876700,NaN,0,3,6,33506713,2484,2484,5847069,2,4,1,0,1,1,43,36,43,28,16,10,24,26,0,1,0,0,0,mobile-limited-high,directed-response-blackout,admissible
16079019,static-wide-low,static-wide-low,zero,zero,zero,10,113141319833,113141319833,33589011,66363425,611276,4,0,1,1,1,1,0,0,0,60,24,84,5600,0.015,1680,84,624,2304,153600,0.015,2304,24,24,0,0,0,756,756,0,0,4000,0,3200,3200,0,0,0,0,0,0,0,NaN,NaN,NaN,NaN,1,0,0,coherence-cumulative,1,60,0,0,31543583049,NaN,0,1,1,77944956,36440,40685,5360948,6.8,6,4,0,1,1,78,71,78,28,16,10,24,26,0,0,0,0,0,static-wide-low,zero,admissible
16079019,static-wide-low,static-wide-low,claim-iid5,claim-iid5,claim-iid5,10,113141319833,113141319833,33974576,66363425,611276,4,0,1,1,1,1,0,0,0,60,24,84,5600,0.015,1680,84,624,2304,153600,0.015,2304,24,24,0,0,0,756,730,26,0,4000,0,3200,3200,0,0,0,0,0,0,0,NaN,NaN,NaN,NaN,1,0,0,coherence-cumulative,1,60,0,0,31543583049,NaN,0,1,2,77944956,36440,40685,5360948,6.8,6,4,0,1,1,78,71,78,28,16,10,24,26,0,0,0,0,0,static-wide-low,claim-iid5,admissible
16079019,static-wide-low,static-wide-low,response-iid5,response-iid5,response-iid5,10,113141319833,113141319833,33974576,66363425,611276,4,0,1,1,1,1,0,0,0,61,26,87,5600,0.0155357142857143,1708,84,676,2384,153600,0.0155208333333333,2304,26,26,1,0,0,783,771,12,0,4000,0,3200,3200,0,0,0,0,0,0,0,NaN,NaN,NaN,NaN,1,0,0,coherence-cumulative,1,60,0,0,31543583049,NaN,0,1,3,77944956,36440,40685,5360948,6.8,6,4,0,1,1,78,71,78,28,16,10,24,26,0,0,0,0,0,static-wide-low,response-iid5,admissible
16079019,static-wide-low,static-wide-low,joint-control-iid5,joint-control-iid5,joint-control-iid5,10,113141319833,113141319833,34360141,66363425,611276,4,0,1,1,1,1,0,0,0,61,26,87,5600,0.0155357142857143,1708,84,676,2384,153600,0.0155208333333333,2304,26,26,1,0,0,783,743,40,0,4000,0,3200,3200,0,0,0,0,0,0,0,NaN,NaN,NaN,NaN,1,0,0,coherence-cumulative,1,60,0,0,31543583049,NaN,0,1,4,77944956,36440,40685,5360948,6.8,6,4,0,1,1,78,71,78,28,16,10,24,26,0,0,0,0,0,static-wide-low,joint-control-iid5,admissible
16079019,static-wide-low,static-wide-low,iid-occupancy15,iid-occupancy15,iid-occupancy15,10,113141319833,78266839012,33589011,66358483,611276,4,0,1,1,4,0.999,0,0,0,93,52,145,5600,0.0258928571428571,2604,84,1352,3956,153600,0.0257552083333333,2304,50,52,31,0,0,1305,891,414,0,3996,0,3193,1679,1514,0,0,0,0,0,0,NaN,NaN,NaN,NaN,1,0,0,coherence-cumulative,1,62,0,0.15,31543583049,650822,7152,1,5,77944956,36440,40685,5360948,6.8,6,4,0,1,1,78,71,78,28,16,10,24,26,0,0,0,0,0,static-wide-low,iid-occupancy15,admissible
16079019,static-wide-low,static-wide-low,directed-response-blackout,directed-response-blackout,directed-response-blackout,10,113141319833,93638277558,33589011,65906116,611276,4,0,1,0,NaN,0.9,0,0,0,454,812,1266,5600,0.226071428571429,12712,84,21112,33824,153600,0.220208333333333,2304,812,812,399,0,0,11394,10994,400,0,3600,73,2400,2400,0,0,146,146,0,0,1,NaN,NaN,NaN,NaN,1,0,0,coherence-cumulative,1,55,1,0,31543583049,NaN,0,1,6,77944956,36440,40685,5360948,6.8,6,4,0,1,1,78,71,78,28,16,10,24,26,0,1,0,0,0,static-wide-low,directed-response-blackout,admissible
16079019,mobile-limited-low,mobile-limited-low,zero,zero,zero,10,113141319833,113141319833,33578832,66415531,583815,4,0,1,1,1,1,0,0,0,1000,400,1400,5600,0.25,28000,1400,10400,38400,153600,0.25,38400,400,400,0,100,0,1500,1500,0,0,4000,0,3200,3200,0,0,0,0,0,0,0,NaN,NaN,NaN,NaN,1,0,0,coherence-cumulative,1,1000,0,0,31543583049,NaN,0,2,1,77944956,36440,36440,4635941,1,3,4,0,1,1,11,4,11,28,16,10,24,26,0,0,0,0,0,mobile-limited-low,zero,admissible
16079019,mobile-limited-low,mobile-limited-low,claim-iid5,claim-iid5,claim-iid5,10,113141319833,113141319833,33964397,66416043,583815,4,0,1,1,1,1,0,0,0,1023,435,1458,5600,0.260357142857143,28644,1400,11310,39954,153600,0.2601171875,38400,435,435,19,113,0,1605,1571,34,0,4000,0,3200,3200,0,0,0,0,0,0,0,NaN,NaN,NaN,NaN,1,0,0,coherence-cumulative,1,1004,0,0,31543583049,NaN,0,2,2,77944956,36440,36440,4635941,1,3,4,0,1,1,11,4,11,28,16,10,24,26,0,0,0,0,0,mobile-limited-low,claim-iid5,admissible
16079019,mobile-limited-low,mobile-limited-low,response-iid5,response-iid5,response-iid5,10,113141319833,113141319833,33964397,66415531,583815,4,0,1,1,1,1,0,0,0,1026,445,1471,5600,0.262678571428571,28728,1400,11570,40298,153600,0.262356770833333,38400,445,445,26,115,0,1628,1591,37,0,4000,0,3200,3200,0,0,0,0,0,0,0,NaN,NaN,NaN,NaN,1,0,0,coherence-cumulative,1,1000,0,0,31543583049,NaN,0,2,3,77944956,36440,36440,4635941,1,3,4,0,1,1,11,4,11,28,16,10,24,26,0,0,0,0,0,mobile-limited-low,response-iid5,admissible
16079019,mobile-limited-low,mobile-limited-low,joint-control-iid5,joint-control-iid5,joint-control-iid5,10,113141319833,113141319833,34349962,66416043,583815,4,0,1,1,1,1,0,0,0,1047,475,1522,5600,0.271785714285714,29316,1400,12350,41666,153600,0.271263020833333,38400,475,475,43,126,0,1723,1647,76,0,4000,0,3200,3200,0,0,0,0,0,0,0,NaN,NaN,NaN,NaN,1,0,0,coherence-cumulative,1,1004,0,0,31543583049,NaN,0,2,4,77944956,36440,36440,4635941,1,3,4,0,1,1,11,4,11,28,16,10,24,26,0,0,0,0,0,mobile-limited-low,joint-control-iid5,admissible
16079019,mobile-limited-low,mobile-limited-low,iid-occupancy15,iid-occupancy15,iid-occupancy15,10,113141319833,78260090597,33578832,66401103,583815,4,0,1,1,4,0.99825,0,0,0,1333,813,2146,5600,0.383214285714286,37324,1400,21138,58462,153600,0.380611979166667,38400,808,813,318,241,0,2875,2122,753,0,3993,0,3187,1677,1510,0,0,0,0,0,0,NaN,NaN,NaN,NaN,1,0,0,coherence-cumulative,1,1015,0,0.15,31543583049,1189318,7156,2,5,77944956,36440,36440,4635941,1,3,4,0,1,1,11,4,11,28,16,10,24,26,0,0,0,0,0,mobile-limited-low,iid-occupancy15,admissible
16079019,mobile-limited-low,mobile-limited-low,directed-response-blackout,directed-response-blackout,directed-response-blackout,10,113141319833,93638277558,33578832,65949128,583815,4,0,1,0,NaN,0.9,0,0,0,1300,1000,2300,5600,0.410714285714286,36400,1400,26000,62400,153600,0.40625,38400,1000,1000,399,400,0,3300,2900,400,0,3600,73,2400,2400,0,0,146,146,0,0,1,NaN,NaN,NaN,NaN,1,0,0,coherence-cumulative,1,901,1,0,31543583049,NaN,0,2,6,77944956,36440,36440,4635941,1,3,4,0,1,1,11,4,11,28,16,10,24,26,0,1,0,0,0,mobile-limited-low,directed-response-blackout,admissible
16079019,mobile-limited-high,mobile-limited-high,zero,zero,zero,10,113141319833,113141319833,33412636,57168250,565390,0,0,0,0,NaN,0,0,0,23,0,0,0,4000,0,0,310,0,0,112000,0,8680,0,0,0,0,0,0,0,0,0,0,831,0,0,0,0,601,555,0,46,1,NaN,NaN,NaN,NaN,1,0,0,coherence-cumulative,1,0,0,0,31543583049,NaN,0,3,1,77944956,36440,36440,4713073,0.5,2,4,0,1,0,0,13,20,28,16,10,24,0,0,0,0,0,0,mobile-limited-high,zero,horizon-shorter-than-renewal-slack
16079019,mobile-limited-high,mobile-limited-high,claim-iid5,claim-iid5,claim-iid5,10,113141319833,113141319833,33798201,57168250,565390,0,0,0,0,NaN,0,0,0,23,0,0,0,4000,0,0,310,0,0,112000,0,8680,0,0,0,0,0,0,0,0,0,0,831,0,0,0,0,601,555,0,46,1,NaN,NaN,NaN,NaN,1,0,0,coherence-cumulative,1,0,0,0,31543583049,NaN,0,3,2,77944956,36440,36440,4713073,0.5,2,4,0,1,0,0,13,20,28,16,10,24,0,0,0,0,0,0,mobile-limited-high,claim-iid5,horizon-shorter-than-renewal-slack
16079019,mobile-limited-high,mobile-limited-high,response-iid5,response-iid5,response-iid5,10,113141319833,113141319833,33798201,57168250,565390,0,0,0,0,NaN,0,0,0,23,0,0,0,4000,0,0,310,0,0,112000,0,8680,0,0,0,0,0,0,0,0,0,0,831,0,0,0,0,601,555,0,46,1,NaN,NaN,NaN,NaN,1,0,0,coherence-cumulative,1,0,0,0,31543583049,NaN,0,3,3,77944956,36440,36440,4713073,0.5,2,4,0,1,0,0,13,20,28,16,10,24,0,0,0,0,0,0,mobile-limited-high,response-iid5,horizon-shorter-than-renewal-slack
16079019,mobile-limited-high,mobile-limited-high,joint-control-iid5,joint-control-iid5,joint-control-iid5,10,113141319833,113141319833,34183766,57168250,565390,0,0,0,0,NaN,0,0,0,23,0,0,0,4000,0,0,310,0,0,112000,0,8680,0,0,0,0,0,0,0,0,0,0,831,0,0,0,0,601,555,0,46,1,NaN,NaN,NaN,NaN,1,0,0,coherence-cumulative,1,0,0,0,31543583049,NaN,0,3,4,77944956,36440,36440,4713073,0.5,2,4,0,1,0,0,13,20,28,16,10,24,0,0,0,0,0,0,mobile-limited-high,joint-control-iid5,horizon-shorter-than-renewal-slack
16079019,mobile-limited-high,mobile-limited-high,iid-occupancy15,iid-occupancy15,iid-occupancy15,10,113141319833,80085677193,33412636,57168250,565390,0,0,0,0,NaN,0,0,0,23,0,0,0,4000,0,0,310,0,0,112000,0,8680,0,0,0,0,0,0,0,0,0,0,831,0,0,0,0,601,266,289,46,1,NaN,NaN,NaN,NaN,1,0,0,coherence-cumulative,1,0,0,0.15,31543583049,1355455,6792,3,5,77944956,36440,36440,4713073,0.5,2,4,0,1,0,0,13,20,28,16,10,24,0,0,0,0,0,0,mobile-limited-high,iid-occupancy15,horizon-shorter-than-renewal-slack
16079019,mobile-limited-high,mobile-limited-high,directed-response-blackout,directed-response-blackout,directed-response-blackout,10,113141319833,113141319833,33412636,57168250,565390,0,0,0,0,NaN,0,0,0,23,0,0,0,4000,0,0,310,0,0,112000,0,8680,0,0,0,0,0,0,0,0,0,0,831,0,0,0,0,601,555,0,46,1,NaN,NaN,NaN,NaN,1,0,0,coherence-cumulative,1,0,0,0,31543583049,NaN,0,3,6,77944956,36440,36440,4713073,0.5,2,4,0,1,0,0,13,20,28,16,10,24,0,0,0,0,0,0,mobile-limited-high,directed-response-blackout,horizon-shorter-than-renewal-slack
16079020,static-wide-low,static-wide-low,zero,zero,zero,5,30485625119,30485625119,33291278,16345885,36830,0,0,0,1,1,1,0,0,0,15,0,15,2000,0.0075,420,15,0,420,56000,0.0075,420,0,0,0,0,0,60,60,0,0,2000,0,0,0,0,0,0,0,0,0,0,NaN,NaN,NaN,NaN,1,0,0,coherence-cumulative,1,15,0,0,31435925729,NaN,0,1,1,35386449,2450,2730,5653417,6.8,6,0,0,1,1,156,149,156,28,16,10,24,0,0,0,0,0,0,static-wide-low,zero,admissible
16079020,static-wide-low,static-wide-low,claim-iid5,claim-iid5,claim-iid5,5,30485625119,30485625119,33676843,16345885,36830,0,0,0,1,1,1,0,0,0,15,0,15,2000,0.0075,420,15,0,420,56000,0.0075,420,0,0,0,0,0,60,56,4,0,2000,0,0,0,0,0,0,0,0,0,0,NaN,NaN,NaN,NaN,1,0,0,coherence-cumulative,1,15,0,0,31435925729,NaN,0,1,2,35386449,2450,2730,5653417,6.8,6,0,0,1,1,156,149,156,28,16,10,24,0,0,0,0,0,0,static-wide-low,claim-iid5,admissible
16079020,static-wide-low,static-wide-low,response-iid5,response-iid5,response-iid5,5,30485625119,30485625119,33676843,16345885,36830,0,0,0,1,1,1,0,0,0,15,0,15,2000,0.0075,420,15,0,420,56000,0.0075,420,0,0,0,0,0,60,60,0,0,2000,0,0,0,0,0,0,0,0,0,0,NaN,NaN,NaN,NaN,1,0,0,coherence-cumulative,1,15,0,0,31435925729,NaN,0,1,3,35386449,2450,2730,5653417,6.8,6,0,0,1,1,156,149,156,28,16,10,24,0,0,0,0,0,0,static-wide-low,response-iid5,admissible
16079020,static-wide-low,static-wide-low,joint-control-iid5,joint-control-iid5,joint-control-iid5,5,30485625119,30485625119,34062408,16345885,36830,0,0,0,1,1,1,0,0,0,15,0,15,2000,0.0075,420,15,0,420,56000,0.0075,420,0,0,0,0,0,60,56,4,0,2000,0,0,0,0,0,0,0,0,0,0,NaN,NaN,NaN,NaN,1,0,0,coherence-cumulative,1,15,0,0,31435925729,NaN,0,1,4,35386449,2450,2730,5653417,6.8,6,0,0,1,1,156,149,156,28,16,10,24,0,0,0,0,0,0,static-wide-low,joint-control-iid5,admissible
16079020,static-wide-low,static-wide-low,iid-occupancy15,iid-occupancy15,iid-occupancy15,5,30485625119,21724014905,33291278,16345885,36830,0,0,0,1,1,1,0,0,0,15,0,15,2000,0.0075,420,15,0,420,56000,0.0075,420,0,0,0,0,0,60,44,16,0,2000,0,0,0,0,0,0,0,0,0,0,NaN,NaN,NaN,NaN,1,0,0,coherence-cumulative,1,15,0,0.15,31435925729,882357,3554,1,5,35386449,2450,2730,5653417,6.8,6,0,0,1,1,156,149,156,28,16,10,24,0,0,0,0,0,0,static-wide-low,iid-occupancy15,admissible
16079020,static-wide-low,static-wide-low,directed-response-blackout,directed-response-blackout,directed-response-blackout,5,30485625119,30485625119,33291278,16345885,36830,0,0,0,1,1,1,0,0,0,15,0,15,2000,0.0075,420,15,0,420,56000,0.0075,420,0,0,0,0,0,60,60,0,0,2000,0,0,0,0,0,0,0,0,0,0,NaN,NaN,NaN,NaN,1,0,0,coherence-cumulative,1,15,0,0,31435925729,NaN,0,1,6,35386449,2450,2730,5653417,6.8,6,0,0,1,1,156,149,156,28,16,10,24,0,0,0,0,0,0,static-wide-low,directed-response-blackout,admissible
16079020,mobile-limited-low,mobile-limited-low,zero,zero,zero,5,30485625119,30485625119,33211574,16345885,36050,0,0,0,1,1,1,0,0,0,15,0,15,2000,0.0075,420,15,0,420,56000,0.0075,420,0,0,0,0,0,0,0,0,0,2000,0,0,0,0,0,0,0,0,0,0,NaN,NaN,NaN,NaN,1,0,0,coherence-cumulative,1,15,0,0,31435925729,NaN,0,2,1,35386449,2450,2450,7625537,6.8,6,0,0,1,1,156,149,156,28,16,10,24,0,0,0,0,0,0,mobile-limited-low,zero,admissible
16079020,mobile-limited-low,mobile-limited-low,claim-iid5,claim-iid5,claim-iid5,5,30485625119,30485625119,33597139,16345885,36050,0,0,0,1,1,1,0,0,0,15,0,15,2000,0.0075,420,15,0,420,56000,0.0075,420,0,0,0,0,0,0,0,0,0,2000,0,0,0,0,0,0,0,0,0,0,NaN,NaN,NaN,NaN,1,0,0,coherence-cumulative,1,15,0,0,31435925729,NaN,0,2,2,35386449,2450,2450,7625537,6.8,6,0,0,1,1,156,149,156,28,16,10,24,0,0,0,0,0,0,mobile-limited-low,claim-iid5,admissible
16079020,mobile-limited-low,mobile-limited-low,response-iid5,response-iid5,response-iid5,5,30485625119,30485625119,33597139,16345885,36050,0,0,0,1,1,1,0,0,0,15,0,15,2000,0.0075,420,15,0,420,56000,0.0075,420,0,0,0,0,0,0,0,0,0,2000,0,0,0,0,0,0,0,0,0,0,NaN,NaN,NaN,NaN,1,0,0,coherence-cumulative,1,15,0,0,31435925729,NaN,0,2,3,35386449,2450,2450,7625537,6.8,6,0,0,1,1,156,149,156,28,16,10,24,0,0,0,0,0,0,mobile-limited-low,response-iid5,admissible
16079020,mobile-limited-low,mobile-limited-low,joint-control-iid5,joint-control-iid5,joint-control-iid5,5,30485625119,30485625119,33982704,16345885,36050,0,0,0,1,1,1,0,0,0,15,0,15,2000,0.0075,420,15,0,420,56000,0.0075,420,0,0,0,0,0,0,0,0,0,2000,0,0,0,0,0,0,0,0,0,0,NaN,NaN,NaN,NaN,1,0,0,coherence-cumulative,1,15,0,0,31435925729,NaN,0,2,4,35386449,2450,2450,7625537,6.8,6,0,0,1,1,156,149,156,28,16,10,24,0,0,0,0,0,0,mobile-limited-low,joint-control-iid5,admissible
16079020,mobile-limited-low,mobile-limited-low,iid-occupancy15,iid-occupancy15,iid-occupancy15,5,30485625119,21724014905,33211574,16345885,36050,0,0,0,1,1,1,0,0,0,15,0,15,2000,0.0075,420,15,0,420,56000,0.0075,420,0,0,0,0,0,0,0,0,0,2000,0,0,0,0,0,0,0,0,0,0,NaN,NaN,NaN,NaN,1,0,0,coherence-cumulative,1,15,0,0.15,31435925729,882357,3554,2,5,35386449,2450,2450,7625537,6.8,6,0,0,1,1,156,149,156,28,16,10,24,0,0,0,0,0,0,mobile-limited-low,iid-occupancy15,admissible
16079020,mobile-limited-low,mobile-limited-low,directed-response-blackout,directed-response-blackout,directed-response-blackout,5,30485625119,30485625119,33211574,16345885,36050,0,0,0,1,1,1,0,0,0,15,0,15,2000,0.0075,420,15,0,420,56000,0.0075,420,0,0,0,0,0,0,0,0,0,2000,0,0,0,0,0,0,0,0,0,0,NaN,NaN,NaN,NaN,1,0,0,coherence-cumulative,1,15,0,0,31435925729,NaN,0,2,6,35386449,2450,2450,7625537,6.8,6,0,0,1,1,156,149,156,28,16,10,24,0,0,0,0,0,0,mobile-limited-low,directed-response-blackout,admissible
16079020,mobile-limited-high,mobile-limited-high,zero,zero,zero,5,30485625119,30485625119,34043491,16345885,36050,0,0,0,1,1,1,0,0,0,15,0,15,2000,0.0075,420,15,0,420,56000,0.0075,420,0,0,0,0,0,0,0,0,0,2000,0,0,0,0,0,0,0,0,0,0,NaN,NaN,NaN,NaN,1,0,0,coherence-cumulative,1,15,0,0,31435925729,NaN,0,3,1,35386449,2450,2450,5210888,6.8,6,0,0,1,1,156,149,156,28,16,10,24,0,0,0,0,0,0,mobile-limited-high,zero,admissible
16079020,mobile-limited-high,mobile-limited-high,claim-iid5,claim-iid5,claim-iid5,5,30485625119,30485625119,34429056,16345885,36050,0,0,0,1,1,1,0,0,0,15,0,15,2000,0.0075,420,15,0,420,56000,0.0075,420,0,0,0,0,0,0,0,0,0,2000,0,0,0,0,0,0,0,0,0,0,NaN,NaN,NaN,NaN,1,0,0,coherence-cumulative,1,15,0,0,31435925729,NaN,0,3,2,35386449,2450,2450,5210888,6.8,6,0,0,1,1,156,149,156,28,16,10,24,0,0,0,0,0,0,mobile-limited-high,claim-iid5,admissible
16079020,mobile-limited-high,mobile-limited-high,response-iid5,response-iid5,response-iid5,5,30485625119,30485625119,34429056,16345885,36050,0,0,0,1,1,1,0,0,0,15,0,15,2000,0.0075,420,15,0,420,56000,0.0075,420,0,0,0,0,0,0,0,0,0,2000,0,0,0,0,0,0,0,0,0,0,NaN,NaN,NaN,NaN,1,0,0,coherence-cumulative,1,15,0,0,31435925729,NaN,0,3,3,35386449,2450,2450,5210888,6.8,6,0,0,1,1,156,149,156,28,16,10,24,0,0,0,0,0,0,mobile-limited-high,response-iid5,admissible
16079020,mobile-limited-high,mobile-limited-high,joint-control-iid5,joint-control-iid5,joint-control-iid5,5,30485625119,30485625119,34814621,16345885,36050,0,0,0,1,1,1,0,0,0,15,0,15,2000,0.0075,420,15,0,420,56000,0.0075,420,0,0,0,0,0,0,0,0,0,2000,0,0,0,0,0,0,0,0,0,0,NaN,NaN,NaN,NaN,1,0,0,coherence-cumulative,1,15,0,0,31435925729,NaN,0,3,4,35386449,2450,2450,5210888,6.8,6,0,0,1,1,156,149,156,28,16,10,24,0,0,0,0,0,0,mobile-limited-high,joint-control-iid5,admissible
16079020,mobile-limited-high,mobile-limited-high,iid-occupancy15,iid-occupancy15,iid-occupancy15,5,30485625119,21724014905,34043491,16345885,36050,0,0,0,1,1,1,0,0,0,15,0,15,2000,0.0075,420,15,0,420,56000,0.0075,420,0,0,0,0,0,0,0,0,0,2000,0,0,0,0,0,0,0,0,0,0,NaN,NaN,NaN,NaN,1,0,0,coherence-cumulative,1,15,0,0.15,31435925729,882357,3554,3,5,35386449,2450,2450,5210888,6.8,6,0,0,1,1,156,149,156,28,16,10,24,0,0,0,0,0,0,mobile-limited-high,iid-occupancy15,admissible
16079020,mobile-limited-high,mobile-limited-high,directed-response-blackout,directed-response-blackout,directed-response-blackout,5,30485625119,30485625119,34043491,16345885,36050,0,0,0,1,1,1,0,0,0,15,0,15,2000,0.0075,420,15,0,420,56000,0.0075,420,0,0,0,0,0,0,0,0,0,2000,0,0,0,0,0,0,0,0,0,0,NaN,NaN,NaN,NaN,1,0,0,coherence-cumulative,1,15,0,0,31435925729,NaN,0,3,6,35386449,2450,2450,5210888,6.8,6,0,0,1,1,156,149,156,28,16,10,24,0,0,0,0,0,0,mobile-limited-high,directed-response-blackout,admissible
16079020,static-wide-low,static-wide-low,zero,zero,zero,10,113086182375,113086182375,33165339,67500542,653722,8,0,1,1,1,1,0,0,0,70,56,126,7200,0.0175,1960,126,1456,3416,195200,0.0175,3416,56,56,0,7,0,1134,1134,0,0,4000,0,6400,6400,0,0,0,0,0,0,0,NaN,NaN,NaN,NaN,1,0,0,coherence-cumulative,1,70,0,0,31383870476,NaN,0,1,1,63240740,36896,40685,5882234,6.8,6,8,0,1,1,70,63,70,28,16,10,24,26,0,0,0,0,0,static-wide-low,zero,admissible
16079020,static-wide-low,static-wide-low,claim-iid5,claim-iid5,claim-iid5,10,113086182375,113086182375,33550904,67500719,653722,8,0,1,1,1,1,0,0,0,76,65,141,7200,0.0195833333333333,2128,126,1690,3818,195200,0.0195594262295082,3416,65,65,5,8,0,1269,1229,40,0,4000,0,6400,6400,0,0,0,0,0,0,0,NaN,NaN,NaN,NaN,1,0,0,coherence-cumulative,1,71,0,0,31383870476,NaN,0,1,2,63240740,36896,40685,5882234,6.8,6,8,0,1,1,70,63,70,28,16,10,24,26,0,0,0,0,0,static-wide-low,claim-iid5,admissible
16079020,static-wide-low,static-wide-low,response-iid5,response-iid5,response-iid5,10,113086182375,113086182375,33550904,67500542,653722,8,0,1,1,1,1,0,0,0,75,69,144,7200,0.02,2100,126,1794,3894,195200,0.0199487704918033,3416,69,69,5,9,0,1296,1263,33,0,4000,0,6400,6400,0,0,0,0,0,0,0,NaN,NaN,NaN,NaN,1,0,0,coherence-cumulative,1,70,0,0,31383870476,NaN,0,1,3,63240740,36896,40685,5882234,6.8,6,8,0,1,1,70,63,70,28,16,10,24,26,0,0,0,0,0,static-wide-low,response-iid5,admissible
16079020,static-wide-low,static-wide-low,joint-control-iid5,joint-control-iid5,joint-control-iid5,10,113086182375,113086182375,33936469,67500815,653722,8,0,1,1,1,1,0,0,0,81,75,156,7200,0.0216666666666667,2268,126,1950,4218,195200,0.021608606557377,3416,75,75,10,9,0,1404,1324,80,0,4000,0,6400,6400,0,0,0,0,0,0,0,NaN,NaN,NaN,NaN,1,0,0,coherence-cumulative,1,71,0,0,31383870476,NaN,0,1,4,63240740,36896,40685,5882234,6.8,6,8,0,1,1,70,63,70,28,16,10,24,26,0,0,0,0,0,static-wide-low,joint-control-iid5,admissible
16079020,static-wide-low,static-wide-low,iid-occupancy15,iid-occupancy15,iid-occupancy15,10,113086182375,75987305998,33165339,67488690,653722,8,0,1,1,4,0.9985,0,0,0,128,147,275,7200,0.0381944444444444,3584,126,3822,7406,195200,0.0379405737704918,3416,144,147,54,21,0,2475,1836,639,0,3994,1,6386,3371,3015,0,1,1,0,0,1,NaN,NaN,NaN,NaN,1,0,0,coherence-cumulative,1,74,0,0.15,31383870476,1230497,7569,1,5,63240740,36896,40685,5882234,6.8,6,8,0,1,1,70,63,70,28,16,10,24,26,0,0,0,0,0,static-wide-low,iid-occupancy15,admissible
16079020,static-wide-low,static-wide-low,directed-response-blackout,directed-response-blackout,directed-response-blackout,10,113086182375,93704760481,33165339,66859769,653722,8,0,1,0,NaN,0.9,0,0,0,463,1235,1698,7200,0.235833333333333,12964,126,32110,45074,195200,0.230911885245902,3416,1235,1235,399,400,0,15282,14882,400,0,3600,82,5200,5200,0,0,246,246,0,0,1,NaN,NaN,NaN,NaN,1,0,0,coherence-cumulative,1,64,1,0,31383870476,NaN,0,1,6,63240740,36896,40685,5882234,6.8,6,8,0,1,1,70,63,70,28,16,10,24,26,0,1,0,0,0,static-wide-low,directed-response-blackout,admissible
16079020,mobile-limited-low,mobile-limited-low,zero,zero,zero,10,113086182375,113086182375,32760452,67605609,605864,8,0,2,1,1,1,0,0,0,1340,804,2144,6400,0.335,37520,2144,23584,61104,182400,0.335,61104,1072,1072,0,0,0,4020,4020,0,0,4000,0,6400,6400,0,0,0,0,0,0,0,NaN,NaN,NaN,NaN,1,0,0,coherence-cumulative,1,1340,0,0,31383870476,NaN,0,2,1,63240740,36896,36896,4546301,1,3,8,0,1,1,10,3,10,28,16,10,24,36,0,0,0,0,0,mobile-limited-low,zero,admissible
16079020,mobile-limited-low,mobile-limited-low,claim-iid5,claim-iid5,claim-iid5,10,113086182375,113086182375,33146017,67609143,605864,8,0,2,1,2,0.99975,0,0,0,1459,1008,2467,6400,0.38546875,40852,2144,29488,70340,182400,0.385635964912281,61104,1335,1336,87,0,0,4923,4799,124,0,3999,0,6399,6399,0,0,0,0,0,0,0,NaN,NaN,NaN,NaN,1,0,0,coherence-cumulative,1,1372,0,0,31383870476,NaN,0,2,2,63240740,36896,36896,4546301,1,3,8,0,1,1,10,3,10,28,16,10,24,36,0,0,0,0,0,mobile-limited-low,claim-iid5,admissible
16079020,mobile-limited-low,mobile-limited-low,response-iid5,response-iid5,response-iid5,10,113086182375,113086182375,33146017,67605313,605864,8,0,2,1,1,1,0,0,0,1418,971,2389,6400,0.37328125,39704,2144,28266,67970,182400,0.372642543859649,61104,1273,1273,78,0,0,4699,4580,119,0,4000,0,6400,6400,0,0,0,0,0,0,0,NaN,NaN,NaN,NaN,1,0,0,coherence-cumulative,1,1340,1,0,31383870476,NaN,0,2,3,63240740,36896,36896,4546301,1,3,8,0,1,1,10,3,10,28,16,10,24,36,0,0,0,0,0,mobile-limited-low,response-iid5,admissible
16079020,mobile-limited-low,mobile-limited-low,joint-control-iid5,joint-control-iid5,joint-control-iid5,10,113086182375,113086182375,33531582,67606962,605864,8,0,2,1,2,0.99975,0,0,0,1527,1139,2666,6400,0.4165625,42756,2144,33214,75970,182400,0.416502192982456,61104,1498,1499,165,0,0,5468,5199,269,0,3999,0,6399,6399,0,0,0,0,0,0,0,NaN,NaN,NaN,NaN,1,0,0,coherence-cumulative,1,1362,1,0,31383870476,NaN,0,2,4,63240740,36896,36896,4546301,1,3,8,0,1,1,10,3,10,28,16,10,24,36,0,0,0,0,0,mobile-limited-low,joint-control-iid5,admissible
16079020,mobile-limited-low,mobile-limited-low,iid-occupancy15,iid-occupancy15,iid-occupancy15,10,113086182375,76276786622,32760452,67577309,605864,8,0,2,1,6,0.99825,0,0,0,2062,1670,3732,6400,0.583125,57736,2144,49070,106806,182400,0.585559210526316,61104,2233,2235,757,0,0,8182,5978,2204,0,3993,1,6381,3207,3174,0,3,3,0,0,1,NaN,NaN,NaN,NaN,1,0,0,coherence-cumulative,1,1305,2,0.15,31383870476,778048,7548,2,5,63240740,36896,36896,4546301,1,3,8,0,1,1,10,3,10,28,16,10,24,36,0,0,0,0,0,mobile-limited-low,iid-occupancy15,admissible
16079020,mobile-limited-low,mobile-limited-low,directed-response-blackout,directed-response-blackout,directed-response-blackout,10,113086182375,93703160481,32760452,66947089,605864,8,0,2,0,NaN,0.9,0,0,0,1606,1336,2942,6400,0.4596875,44968,2144,40076,85044,182400,0.46625,61104,1870,1870,399,0,0,6414,6014,400,0,3600,82,5200,5200,0,0,246,246,0,0,1,NaN,NaN,NaN,NaN,1,0,0,coherence-cumulative,1,1207,1,0,31383870476,NaN,0,2,6,63240740,36896,36896,4546301,1,3,8,0,1,1,10,3,10,28,16,10,24,36,0,1,0,0,0,mobile-limited-low,directed-response-blackout,admissible
16079020,mobile-limited-high,mobile-limited-high,zero,zero,zero,10,113086182375,113086182375,32447211,57168250,566646,0,0,0,0,NaN,0,0,0,46,0,0,0,4000,0,0,310,0,0,112000,0,8680,0,0,0,0,0,0,0,0,0,0,786,0,0,0,0,1172,991,0,181,1,NaN,NaN,NaN,NaN,1,0,0,coherence-cumulative,1,0,0,0,31383870476,NaN,0,3,1,63240740,36896,36896,5633228,0,0,0,0,1,0,0,13,20,28,16,10,24,0,0,0,0,0,0,mobile-limited-high,zero,selector-issued-no-horizon
16079020,mobile-limited-high,mobile-limited-high,claim-iid5,claim-iid5,claim-iid5,10,113086182375,113086182375,32832776,57168250,566646,0,0,0,0,NaN,0,0,0,46,0,0,0,4000,0,0,310,0,0,112000,0,8680,0,0,0,0,0,0,0,0,0,0,786,0,0,0,0,1172,991,0,181,1,NaN,NaN,NaN,NaN,1,0,0,coherence-cumulative,1,0,0,0,31383870476,NaN,0,3,2,63240740,36896,36896,5633228,0,0,0,0,1,0,0,13,20,28,16,10,24,0,0,0,0,0,0,mobile-limited-high,claim-iid5,selector-issued-no-horizon
16079020,mobile-limited-high,mobile-limited-high,response-iid5,response-iid5,response-iid5,10,113086182375,113086182375,32832776,57168250,566646,0,0,0,0,NaN,0,0,0,46,0,0,0,4000,0,0,310,0,0,112000,0,8680,0,0,0,0,0,0,0,0,0,0,786,0,0,0,0,1172,991,0,181,1,NaN,NaN,NaN,NaN,1,0,0,coherence-cumulative,1,0,0,0,31383870476,NaN,0,3,3,63240740,36896,36896,5633228,0,0,0,0,1,0,0,13,20,28,16,10,24,0,0,0,0,0,0,mobile-limited-high,response-iid5,selector-issued-no-horizon
16079020,mobile-limited-high,mobile-limited-high,joint-control-iid5,joint-control-iid5,joint-control-iid5,10,113086182375,113086182375,33218341,57168250,566646,0,0,0,0,NaN,0,0,0,46,0,0,0,4000,0,0,310,0,0,112000,0,8680,0,0,0,0,0,0,0,0,0,0,786,0,0,0,0,1172,991,0,181,1,NaN,NaN,NaN,NaN,1,0,0,coherence-cumulative,1,0,0,0,31383870476,NaN,0,3,4,63240740,36896,36896,5633228,0,0,0,0,1,0,0,13,20,28,16,10,24,0,0,0,0,0,0,mobile-limited-high,joint-control-iid5,selector-issued-no-horizon
16079020,mobile-limited-high,mobile-limited-high,iid-occupancy15,iid-occupancy15,iid-occupancy15,10,113086182375,79032258543,32447211,57168250,566646,0,0,0,0,NaN,0,0,0,46,0,0,0,4000,0,0,310,0,0,112000,0,8680,0,0,0,0,0,0,0,0,0,0,786,0,0,0,0,1172,505,486,181,1,NaN,NaN,NaN,NaN,1,0,0,coherence-cumulative,1,0,0,0.15,31383870476,400434,6983,3,5,63240740,36896,36896,5633228,0,0,0,0,1,0,0,13,20,28,16,10,24,0,0,0,0,0,0,mobile-limited-high,iid-occupancy15,selector-issued-no-horizon
16079020,mobile-limited-high,mobile-limited-high,directed-response-blackout,directed-response-blackout,directed-response-blackout,10,113086182375,113086182375,32447211,57168250,566646,0,0,0,0,NaN,0,0,0,46,0,0,0,4000,0,0,310,0,0,112000,0,8680,0,0,0,0,0,0,0,0,0,0,786,0,0,0,0,1172,991,0,181,1,NaN,NaN,NaN,NaN,1,0,0,coherence-cumulative,1,0,0,0,31383870476,NaN,0,3,6,63240740,36896,36896,5633228,0,0,0,0,1,0,0,13,20,28,16,10,24,0,0,0,0,0,0,mobile-limited-high,directed-response-blackout,selector-issued-no-horizon
16079021,static-wide-low,static-wide-low,zero,zero,zero,5,30382866886,30382866886,33764322,16345885,36830,0,0,0,1,1,1,0,0,0,15,0,15,2000,0.0075,420,15,0,420,56000,0.0075,420,0,0,0,0,0,60,60,0,0,2000,0,0,0,0,0,0,0,0,0,0,NaN,NaN,NaN,NaN,1,0,0,coherence-cumulative,1,15,0,0,31435812618,NaN,0,1,1,31355663,2450,2730,6052272,6.8,6,0,0,1,1,156,149,156,28,16,10,24,0,0,0,0,0,0,static-wide-low,zero,admissible
16079021,static-wide-low,static-wide-low,claim-iid5,claim-iid5,claim-iid5,5,30382866886,30382866886,34149887,16345885,36830,0,0,0,1,1,1,0,0,0,15,0,15,2000,0.0075,420,15,0,420,56000,0.0075,420,0,0,0,0,0,60,56,4,0,2000,0,0,0,0,0,0,0,0,0,0,NaN,NaN,NaN,NaN,1,0,0,coherence-cumulative,1,15,0,0,31435812618,NaN,0,1,2,31355663,2450,2730,6052272,6.8,6,0,0,1,1,156,149,156,28,16,10,24,0,0,0,0,0,0,static-wide-low,claim-iid5,admissible
16079021,static-wide-low,static-wide-low,response-iid5,response-iid5,response-iid5,5,30382866886,30382866886,34149887,16345885,36830,0,0,0,1,1,1,0,0,0,15,0,15,2000,0.0075,420,15,0,420,56000,0.0075,420,0,0,0,0,0,60,60,0,0,2000,0,0,0,0,0,0,0,0,0,0,NaN,NaN,NaN,NaN,1,0,0,coherence-cumulative,1,15,0,0,31435812618,NaN,0,1,3,31355663,2450,2730,6052272,6.8,6,0,0,1,1,156,149,156,28,16,10,24,0,0,0,0,0,0,static-wide-low,response-iid5,admissible
16079021,static-wide-low,static-wide-low,joint-control-iid5,joint-control-iid5,joint-control-iid5,5,30382866886,30382866886,34535452,16345885,36830,0,0,0,1,1,1,0,0,0,15,0,15,2000,0.0075,420,15,0,420,56000,0.0075,420,0,0,0,0,0,60,56,4,0,2000,0,0,0,0,0,0,0,0,0,0,NaN,NaN,NaN,NaN,1,0,0,coherence-cumulative,1,15,0,0,31435812618,NaN,0,1,4,31355663,2450,2730,6052272,6.8,6,0,0,1,1,156,149,156,28,16,10,24,0,0,0,0,0,0,static-wide-low,joint-control-iid5,admissible
16079021,static-wide-low,static-wide-low,iid-occupancy15,iid-occupancy15,iid-occupancy15,5,30382866886,22146040930,33764322,16345885,36830,0,0,0,1,1,1,0,0,0,15,0,15,2000,0.0075,420,15,0,420,56000,0.0075,420,0,0,0,0,0,60,48,12,0,2000,0,0,0,0,0,0,0,0,0,0,NaN,NaN,NaN,NaN,1,0,0,coherence-cumulative,1,15,0,0.15,31435812618,1393699,3390,1,5,31355663,2450,2730,6052272,6.8,6,0,0,1,1,156,149,156,28,16,10,24,0,0,0,0,0,0,static-wide-low,iid-occupancy15,admissible
16079021,static-wide-low,static-wide-low,directed-response-blackout,directed-response-blackout,directed-response-blackout,5,30382866886,30382866886,33764322,16345885,36830,0,0,0,1,1,1,0,0,0,15,0,15,2000,0.0075,420,15,0,420,56000,0.0075,420,0,0,0,0,0,60,60,0,0,2000,0,0,0,0,0,0,0,0,0,0,NaN,NaN,NaN,NaN,1,0,0,coherence-cumulative,1,15,0,0,31435812618,NaN,0,1,6,31355663,2450,2730,6052272,6.8,6,0,0,1,1,156,149,156,28,16,10,24,0,0,0,0,0,0,static-wide-low,directed-response-blackout,admissible
16079021,mobile-limited-low,mobile-limited-low,zero,zero,zero,5,30382866886,30382866886,33314967,16345885,36050,0,0,0,1,1,1,0,0,0,15,0,15,2000,0.0075,420,15,0,420,56000,0.0075,420,0,0,0,0,0,0,0,0,0,2000,0,0,0,0,0,0,0,0,0,0,NaN,NaN,NaN,NaN,1,0,0,coherence-cumulative,1,15,0,0,31435812618,NaN,0,2,1,31355663,2450,2450,4985144,6.8,6,0,0,1,1,156,149,156,28,16,10,24,0,0,0,0,0,0,mobile-limited-low,zero,admissible
16079021,mobile-limited-low,mobile-limited-low,claim-iid5,claim-iid5,claim-iid5,5,30382866886,30382866886,33700532,16345885,36050,0,0,0,1,1,1,0,0,0,15,0,15,2000,0.0075,420,15,0,420,56000,0.0075,420,0,0,0,0,0,0,0,0,0,2000,0,0,0,0,0,0,0,0,0,0,NaN,NaN,NaN,NaN,1,0,0,coherence-cumulative,1,15,0,0,31435812618,NaN,0,2,2,31355663,2450,2450,4985144,6.8,6,0,0,1,1,156,149,156,28,16,10,24,0,0,0,0,0,0,mobile-limited-low,claim-iid5,admissible
16079021,mobile-limited-low,mobile-limited-low,response-iid5,response-iid5,response-iid5,5,30382866886,30382866886,33700532,16345885,36050,0,0,0,1,1,1,0,0,0,15,0,15,2000,0.0075,420,15,0,420,56000,0.0075,420,0,0,0,0,0,0,0,0,0,2000,0,0,0,0,0,0,0,0,0,0,NaN,NaN,NaN,NaN,1,0,0,coherence-cumulative,1,15,0,0,31435812618,NaN,0,2,3,31355663,2450,2450,4985144,6.8,6,0,0,1,1,156,149,156,28,16,10,24,0,0,0,0,0,0,mobile-limited-low,response-iid5,admissible
16079021,mobile-limited-low,mobile-limited-low,joint-control-iid5,joint-control-iid5,joint-control-iid5,5,30382866886,30382866886,34086097,16345885,36050,0,0,0,1,1,1,0,0,0,15,0,15,2000,0.0075,420,15,0,420,56000,0.0075,420,0,0,0,0,0,0,0,0,0,2000,0,0,0,0,0,0,0,0,0,0,NaN,NaN,NaN,NaN,1,0,0,coherence-cumulative,1,15,0,0,31435812618,NaN,0,2,4,31355663,2450,2450,4985144,6.8,6,0,0,1,1,156,149,156,28,16,10,24,0,0,0,0,0,0,mobile-limited-low,joint-control-iid5,admissible
16079021,mobile-limited-low,mobile-limited-low,iid-occupancy15,iid-occupancy15,iid-occupancy15,5,30382866886,22146040930,33314967,16345885,36050,0,0,0,1,1,1,0,0,0,15,0,15,2000,0.0075,420,15,0,420,56000,0.0075,420,0,0,0,0,0,0,0,0,0,2000,0,0,0,0,0,0,0,0,0,0,NaN,NaN,NaN,NaN,1,0,0,coherence-cumulative,1,15,0,0.15,31435812618,1393699,3390,2,5,31355663,2450,2450,4985144,6.8,6,0,0,1,1,156,149,156,28,16,10,24,0,0,0,0,0,0,mobile-limited-low,iid-occupancy15,admissible
16079021,mobile-limited-low,mobile-limited-low,directed-response-blackout,directed-response-blackout,directed-response-blackout,5,30382866886,30382866886,33314967,16345885,36050,0,0,0,1,1,1,0,0,0,15,0,15,2000,0.0075,420,15,0,420,56000,0.0075,420,0,0,0,0,0,0,0,0,0,2000,0,0,0,0,0,0,0,0,0,0,NaN,NaN,NaN,NaN,1,0,0,coherence-cumulative,1,15,0,0,31435812618,NaN,0,2,6,31355663,2450,2450,4985144,6.8,6,0,0,1,1,156,149,156,28,16,10,24,0,0,0,0,0,0,mobile-limited-low,directed-response-blackout,admissible
16079021,mobile-limited-high,mobile-limited-high,zero,zero,zero,5,30382866886,30382866886,34067252,16345885,36050,0,0,0,1,1,1,0,0,0,15,0,15,2000,0.0075,420,15,0,420,56000,0.0075,420,0,0,0,0,0,0,0,0,0,2000,0,0,0,0,0,0,0,0,0,0,NaN,NaN,NaN,NaN,1,0,0,coherence-cumulative,1,15,0,0,31435812618,NaN,0,3,1,31355663,2450,2450,6724971,6.8,6,0,0,1,1,156,149,156,28,16,10,24,0,0,0,0,0,0,mobile-limited-high,zero,admissible
16079021,mobile-limited-high,mobile-limited-high,claim-iid5,claim-iid5,claim-iid5,5,30382866886,30382866886,34452817,16345885,36050,0,0,0,1,1,1,0,0,0,15,0,15,2000,0.0075,420,15,0,420,56000,0.0075,420,0,0,0,0,0,0,0,0,0,2000,0,0,0,0,0,0,0,0,0,0,NaN,NaN,NaN,NaN,1,0,0,coherence-cumulative,1,15,0,0,31435812618,NaN,0,3,2,31355663,2450,2450,6724971,6.8,6,0,0,1,1,156,149,156,28,16,10,24,0,0,0,0,0,0,mobile-limited-high,claim-iid5,admissible
16079021,mobile-limited-high,mobile-limited-high,response-iid5,response-iid5,response-iid5,5,30382866886,30382866886,34452817,16345885,36050,0,0,0,1,1,1,0,0,0,15,0,15,2000,0.0075,420,15,0,420,56000,0.0075,420,0,0,0,0,0,0,0,0,0,2000,0,0,0,0,0,0,0,0,0,0,NaN,NaN,NaN,NaN,1,0,0,coherence-cumulative,1,15,0,0,31435812618,NaN,0,3,3,31355663,2450,2450,6724971,6.8,6,0,0,1,1,156,149,156,28,16,10,24,0,0,0,0,0,0,mobile-limited-high,response-iid5,admissible
16079021,mobile-limited-high,mobile-limited-high,joint-control-iid5,joint-control-iid5,joint-control-iid5,5,30382866886,30382866886,34838382,16345885,36050,0,0,0,1,1,1,0,0,0,15,0,15,2000,0.0075,420,15,0,420,56000,0.0075,420,0,0,0,0,0,0,0,0,0,2000,0,0,0,0,0,0,0,0,0,0,NaN,NaN,NaN,NaN,1,0,0,coherence-cumulative,1,15,0,0,31435812618,NaN,0,3,4,31355663,2450,2450,6724971,6.8,6,0,0,1,1,156,149,156,28,16,10,24,0,0,0,0,0,0,mobile-limited-high,joint-control-iid5,admissible
16079021,mobile-limited-high,mobile-limited-high,iid-occupancy15,iid-occupancy15,iid-occupancy15,5,30382866886,22146040930,34067252,16345885,36050,0,0,0,1,1,1,0,0,0,15,0,15,2000,0.0075,420,15,0,420,56000,0.0075,420,0,0,0,0,0,0,0,0,0,2000,0,0,0,0,0,0,0,0,0,0,NaN,NaN,NaN,NaN,1,0,0,coherence-cumulative,1,15,0,0.15,31435812618,1393699,3390,3,5,31355663,2450,2450,6724971,6.8,6,0,0,1,1,156,149,156,28,16,10,24,0,0,0,0,0,0,mobile-limited-high,iid-occupancy15,admissible
16079021,mobile-limited-high,mobile-limited-high,directed-response-blackout,directed-response-blackout,directed-response-blackout,5,30382866886,30382866886,34067252,16345885,36050,0,0,0,1,1,1,0,0,0,15,0,15,2000,0.0075,420,15,0,420,56000,0.0075,420,0,0,0,0,0,0,0,0,0,2000,0,0,0,0,0,0,0,0,0,0,NaN,NaN,NaN,NaN,1,0,0,coherence-cumulative,1,15,0,0,31435812618,NaN,0,3,6,31355663,2450,2450,6724971,6.8,6,0,0,1,1,156,149,156,28,16,10,24,0,0,0,0,0,0,mobile-limited-high,directed-response-blackout,admissible
16079021,static-wide-low,static-wide-low,zero,zero,zero,10,113131258127,113131258127,33611080,65840063,592257,2,0,1,1,1,1,0,0,0,60,12,72,4800,0.015,1680,72,312,1992,132800,0.015,1992,12,12,0,0,0,648,648,0,0,4000,0,1600,1600,0,0,0,0,0,0,0,NaN,NaN,NaN,NaN,1,0,0,coherence-cumulative,1,60,0,0,31549300141,NaN,0,1,1,65927441,36146,40685,6033228,6.8,6,2,0,1,1,82,75,82,28,16,10,24,26,0,0,0,0,0,static-wide-low,zero,admissible
16079021,static-wide-low,static-wide-low,claim-iid5,claim-iid5,claim-iid5,10,113131258127,113131258127,33996645,65840063,592257,2,0,1,1,1,1,0,0,0,60,12,72,4800,0.015,1680,72,312,1992,132800,0.015,1992,12,12,0,0,0,648,616,32,0,4000,0,1600,1600,0,0,0,0,0,0,0,NaN,NaN,NaN,NaN,1,0,0,coherence-cumulative,1,60,0,0,31549300141,NaN,0,1,2,65927441,36146,40685,6033228,6.8,6,2,0,1,1,82,75,82,28,16,10,24,26,0,0,0,0,0,static-wide-low,claim-iid5,admissible
16079021,static-wide-low,static-wide-low,response-iid5,response-iid5,response-iid5,10,113131258127,113131258127,33996645,65840063,592257,2,0,1,1,1,1,0,0,0,60,12,72,4800,0.015,1680,72,312,1992,132800,0.015,1992,12,12,0,0,0,648,641,7,0,4000,0,1600,1600,0,0,0,0,0,0,0,NaN,NaN,NaN,NaN,1,0,0,coherence-cumulative,1,60,0,0,31549300141,NaN,0,1,3,65927441,36146,40685,6033228,6.8,6,2,0,1,1,82,75,82,28,16,10,24,26,0,0,0,0,0,static-wide-low,response-iid5,admissible
16079021,static-wide-low,static-wide-low,joint-control-iid5,joint-control-iid5,joint-control-iid5,10,113131258127,113131258127,34382210,65840063,592257,2,0,1,1,1,1,0,0,0,60,12,72,4800,0.015,1680,72,312,1992,132800,0.015,1992,12,12,0,0,0,648,609,39,0,4000,0,1600,1600,0,0,0,0,0,0,0,NaN,NaN,NaN,NaN,1,0,0,coherence-cumulative,1,60,0,0,31549300141,NaN,0,1,4,65927441,36146,40685,6033228,6.8,6,2,0,1,1,82,75,82,28,16,10,24,26,0,0,0,0,0,static-wide-low,joint-control-iid5,admissible
16079021,static-wide-low,static-wide-low,iid-occupancy15,iid-occupancy15,iid-occupancy15,10,113131258127,78577839139,33611080,65840063,592257,2,0,1,1,1,1,0,0,0,66,18,84,4800,0.0175,1848,72,468,2316,132800,0.0174397590361446,1992,18,18,6,0,0,756,549,207,0,4000,0,1600,883,717,0,0,0,0,0,0,NaN,NaN,NaN,NaN,1,0,0,coherence-cumulative,1,60,0,0.15,31549300141,761996,7061,1,5,65927441,36146,40685,6033228,6.8,6,2,0,1,1,82,75,82,28,16,10,24,26,0,0,0,0,0,static-wide-low,iid-occupancy15,admissible
16079021,static-wide-low,static-wide-low,directed-response-blackout,directed-response-blackout,directed-response-blackout,10,113131258127,93702310302,33611080,65392537,592257,2,0,1,0,NaN,0.9,0,0,0,454,406,860,4800,0.179166666666667,12712,72,10556,23268,132800,0.175210843373494,1992,406,406,399,0,0,7740,7340,400,0,3600,74,1200,1200,0,0,74,74,0,0,1,NaN,NaN,NaN,NaN,1,0,0,coherence-cumulative,1,55,1,0,31549300141,NaN,0,1,6,65927441,36146,40685,6033228,6.8,6,2,0,1,1,82,75,82,28,16,10,24,26,0,1,0,0,0,static-wide-low,directed-response-blackout,admissible
16079021,mobile-limited-low,mobile-limited-low,zero,zero,zero,10,113131258127,113131258127,33122856,57168250,564696,0,0,0,0,NaN,0,0,0,0,0,0,0,4000,0,0,310,0,0,112000,0,8680,0,0,0,0,0,0,0,0,0,0,742,0,0,0,0,259,259,0,0,1,NaN,NaN,NaN,NaN,1,0,0,coherence-cumulative,1,0,0,0,31549300141,NaN,0,2,1,65927441,36146,36146,5617131,0.5,2,2,0,1,0,0,13,20,28,16,10,24,0,0,0,0,0,0,mobile-limited-low,zero,horizon-shorter-than-renewal-slack
16079021,mobile-limited-low,mobile-limited-low,claim-iid5,claim-iid5,claim-iid5,10,113131258127,113131258127,33508421,57168250,564696,0,0,0,0,NaN,0,0,0,0,0,0,0,4000,0,0,310,0,0,112000,0,8680,0,0,0,0,0,0,0,0,0,0,742,0,0,0,0,259,259,0,0,1,NaN,NaN,NaN,NaN,1,0,0,coherence-cumulative,1,0,0,0,31549300141,NaN,0,2,2,65927441,36146,36146,5617131,0.5,2,2,0,1,0,0,13,20,28,16,10,24,0,0,0,0,0,0,mobile-limited-low,claim-iid5,horizon-shorter-than-renewal-slack
16079021,mobile-limited-low,mobile-limited-low,response-iid5,response-iid5,response-iid5,10,113131258127,113131258127,33508421,57168250,564696,0,0,0,0,NaN,0,0,0,0,0,0,0,4000,0,0,310,0,0,112000,0,8680,0,0,0,0,0,0,0,0,0,0,742,0,0,0,0,259,259,0,0,1,NaN,NaN,NaN,NaN,1,0,0,coherence-cumulative,1,0,0,0,31549300141,NaN,0,2,3,65927441,36146,36146,5617131,0.5,2,2,0,1,0,0,13,20,28,16,10,24,0,0,0,0,0,0,mobile-limited-low,response-iid5,horizon-shorter-than-renewal-slack
16079021,mobile-limited-low,mobile-limited-low,joint-control-iid5,joint-control-iid5,joint-control-iid5,10,113131258127,113131258127,33893986,57168250,564696,0,0,0,0,NaN,0,0,0,0,0,0,0,4000,0,0,310,0,0,112000,0,8680,0,0,0,0,0,0,0,0,0,0,742,0,0,0,0,259,259,0,0,1,NaN,NaN,NaN,NaN,1,0,0,coherence-cumulative,1,0,0,0,31549300141,NaN,0,2,4,65927441,36146,36146,5617131,0.5,2,2,0,1,0,0,13,20,28,16,10,24,0,0,0,0,0,0,mobile-limited-low,joint-control-iid5,horizon-shorter-than-renewal-slack
16079021,mobile-limited-low,mobile-limited-low,iid-occupancy15,iid-occupancy15,iid-occupancy15,10,113131258127,80293653734,33122856,57168250,564696,0,0,0,0,NaN,0,0,0,0,0,0,0,4000,0,0,310,0,0,112000,0,8680,0,0,0,0,0,0,0,0,0,0,742,0,0,0,0,259,148,111,0,1,NaN,NaN,NaN,NaN,1,0,0,coherence-cumulative,1,0,0,0.15,31549300141,1456128,6748,2,5,65927441,36146,36146,5617131,0.5,2,2,0,1,0,0,13,20,28,16,10,24,0,0,0,0,0,0,mobile-limited-low,iid-occupancy15,horizon-shorter-than-renewal-slack
16079021,mobile-limited-low,mobile-limited-low,directed-response-blackout,directed-response-blackout,directed-response-blackout,10,113131258127,113131258127,33122856,57168250,564696,0,0,0,0,NaN,0,0,0,0,0,0,0,4000,0,0,310,0,0,112000,0,8680,0,0,0,0,0,0,0,0,0,0,742,0,0,0,0,259,259,0,0,1,NaN,NaN,NaN,NaN,1,0,0,coherence-cumulative,1,0,0,0,31549300141,NaN,0,2,6,65927441,36146,36146,5617131,0.5,2,2,0,1,0,0,13,20,28,16,10,24,0,0,0,0,0,0,mobile-limited-low,directed-response-blackout,horizon-shorter-than-renewal-slack
16079021,mobile-limited-high,mobile-limited-high,zero,zero,zero,10,113131258127,113131258127,31700496,57168250,564696,0,0,0,0,NaN,0,0,0,0,0,0,0,4000,0,0,310,0,0,112000,0,8680,0,0,0,0,0,0,0,0,0,0,742,0,0,0,0,259,259,0,0,1,NaN,NaN,NaN,NaN,1,0,0,coherence-cumulative,1,0,0,0,31549300141,NaN,0,3,1,65927441,36146,36146,5785203,0,0,0,0,1,0,0,13,20,28,16,10,24,0,0,0,0,0,0,mobile-limited-high,zero,selector-issued-no-horizon
16079021,mobile-limited-high,mobile-limited-high,claim-iid5,claim-iid5,claim-iid5,10,113131258127,113131258127,32086061,57168250,564696,0,0,0,0,NaN,0,0,0,0,0,0,0,4000,0,0,310,0,0,112000,0,8680,0,0,0,0,0,0,0,0,0,0,742,0,0,0,0,259,259,0,0,1,NaN,NaN,NaN,NaN,1,0,0,coherence-cumulative,1,0,0,0,31549300141,NaN,0,3,2,65927441,36146,36146,5785203,0,0,0,0,1,0,0,13,20,28,16,10,24,0,0,0,0,0,0,mobile-limited-high,claim-iid5,selector-issued-no-horizon
16079021,mobile-limited-high,mobile-limited-high,response-iid5,response-iid5,response-iid5,10,113131258127,113131258127,32086061,57168250,564696,0,0,0,0,NaN,0,0,0,0,0,0,0,4000,0,0,310,0,0,112000,0,8680,0,0,0,0,0,0,0,0,0,0,742,0,0,0,0,259,259,0,0,1,NaN,NaN,NaN,NaN,1,0,0,coherence-cumulative,1,0,0,0,31549300141,NaN,0,3,3,65927441,36146,36146,5785203,0,0,0,0,1,0,0,13,20,28,16,10,24,0,0,0,0,0,0,mobile-limited-high,response-iid5,selector-issued-no-horizon
16079021,mobile-limited-high,mobile-limited-high,joint-control-iid5,joint-control-iid5,joint-control-iid5,10,113131258127,113131258127,32471626,57168250,564696,0,0,0,0,NaN,0,0,0,0,0,0,0,4000,0,0,310,0,0,112000,0,8680,0,0,0,0,0,0,0,0,0,0,742,0,0,0,0,259,259,0,0,1,NaN,NaN,NaN,NaN,1,0,0,coherence-cumulative,1,0,0,0,31549300141,NaN,0,3,4,65927441,36146,36146,5785203,0,0,0,0,1,0,0,13,20,28,16,10,24,0,0,0,0,0,0,mobile-limited-high,joint-control-iid5,selector-issued-no-horizon
16079021,mobile-limited-high,mobile-limited-high,iid-occupancy15,iid-occupancy15,iid-occupancy15,10,113131258127,80293653734,31700496,57168250,564696,0,0,0,0,NaN,0,0,0,0,0,0,0,4000,0,0,310,0,0,112000,0,8680,0,0,0,0,0,0,0,0,0,0,742,0,0,0,0,259,148,111,0,1,NaN,NaN,NaN,NaN,1,0,0,coherence-cumulative,1,0,0,0.15,31549300141,1456128,6748,3,5,65927441,36146,36146,5785203,0,0,0,0,1,0,0,13,20,28,16,10,24,0,0,0,0,0,0,mobile-limited-high,iid-occupancy15,selector-issued-no-horizon
16079021,mobile-limited-high,mobile-limited-high,directed-response-blackout,directed-response-blackout,directed-response-blackout,10,113131258127,113131258127,31700496,57168250,564696,0,0,0,0,NaN,0,0,0,0,0,0,0,4000,0,0,310,0,0,112000,0,8680,0,0,0,0,0,0,0,0,0,0,742,0,0,0,0,259,259,0,0,1,NaN,NaN,NaN,NaN,1,0,0,coherence-cumulative,1,0,0,0,31549300141,NaN,0,3,6,65927441,36146,36146,5785203,0,0,0,0,1,0,0,13,20,28,16,10,24,0,0,0,0,0,0,mobile-limited-high,directed-response-blackout,selector-issued-no-horizon
16079022,static-wide-low,static-wide-low,zero,zero,zero,5,30395837079,30395837079,32372571,16345885,36830,0,0,0,1,1,1,0,0,0,15,0,15,2000,0.0075,420,15,0,420,56000,0.0075,420,0,0,0,0,0,60,60,0,0,2000,0,0,0,0,0,0,0,0,0,0,NaN,NaN,NaN,NaN,1,0,0,coherence-cumulative,1,15,0,0,31549514313,NaN,0,1,1,36673093,2450,2730,5309828,6.8,6,0,0,1,1,156,149,156,28,16,10,24,0,0,0,0,0,0,static-wide-low,zero,admissible
16079022,static-wide-low,static-wide-low,claim-iid5,claim-iid5,claim-iid5,5,30395837079,30395837079,32758136,16345885,36830,0,0,0,1,1,1,0,0,0,15,0,15,2000,0.0075,420,15,0,420,56000,0.0075,420,0,0,0,0,0,60,58,2,0,2000,0,0,0,0,0,0,0,0,0,0,NaN,NaN,NaN,NaN,1,0,0,coherence-cumulative,1,15,0,0,31549514313,NaN,0,1,2,36673093,2450,2730,5309828,6.8,6,0,0,1,1,156,149,156,28,16,10,24,0,0,0,0,0,0,static-wide-low,claim-iid5,admissible
16079022,static-wide-low,static-wide-low,response-iid5,response-iid5,response-iid5,5,30395837079,30395837079,32758136,16345885,36830,0,0,0,1,1,1,0,0,0,15,0,15,2000,0.0075,420,15,0,420,56000,0.0075,420,0,0,0,0,0,60,60,0,0,2000,0,0,0,0,0,0,0,0,0,0,NaN,NaN,NaN,NaN,1,0,0,coherence-cumulative,1,15,0,0,31549514313,NaN,0,1,3,36673093,2450,2730,5309828,6.8,6,0,0,1,1,156,149,156,28,16,10,24,0,0,0,0,0,0,static-wide-low,response-iid5,admissible
16079022,static-wide-low,static-wide-low,joint-control-iid5,joint-control-iid5,joint-control-iid5,5,30395837079,30395837079,33143701,16345885,36830,0,0,0,1,1,1,0,0,0,15,0,15,2000,0.0075,420,15,0,420,56000,0.0075,420,0,0,0,0,0,60,58,2,0,2000,0,0,0,0,0,0,0,0,0,0,NaN,NaN,NaN,NaN,1,0,0,coherence-cumulative,1,15,0,0,31549514313,NaN,0,1,4,36673093,2450,2730,5309828,6.8,6,0,0,1,1,156,149,156,28,16,10,24,0,0,0,0,0,0,static-wide-low,joint-control-iid5,admissible
16079022,static-wide-low,static-wide-low,iid-occupancy15,iid-occupancy15,iid-occupancy15,5,30395837079,22057139850,32372571,16345885,36830,0,0,0,1,1,1,0,0,0,15,0,15,2000,0.0075,420,15,0,420,56000,0.0075,420,0,0,0,0,0,60,40,20,0,2000,0,0,0,0,0,0,0,0,0,0,NaN,NaN,NaN,NaN,1,0,0,coherence-cumulative,1,15,0,0.15,31549514313,388070,3414,1,5,36673093,2450,2730,5309828,6.8,6,0,0,1,1,156,149,156,28,16,10,24,0,0,0,0,0,0,static-wide-low,iid-occupancy15,admissible
16079022,static-wide-low,static-wide-low,directed-response-blackout,directed-response-blackout,directed-response-blackout,5,30395837079,30395837079,32372571,16345885,36830,0,0,0,1,1,1,0,0,0,15,0,15,2000,0.0075,420,15,0,420,56000,0.0075,420,0,0,0,0,0,60,60,0,0,2000,0,0,0,0,0,0,0,0,0,0,NaN,NaN,NaN,NaN,1,0,0,coherence-cumulative,1,15,0,0,31549514313,NaN,0,1,6,36673093,2450,2730,5309828,6.8,6,0,0,1,1,156,149,156,28,16,10,24,0,0,0,0,0,0,static-wide-low,directed-response-blackout,admissible
16079022,mobile-limited-low,mobile-limited-low,zero,zero,zero,5,30395837079,30395837079,32768712,16345885,36050,0,0,0,1,1,1,0,0,0,15,0,15,2000,0.0075,420,15,0,420,56000,0.0075,420,0,0,0,0,0,0,0,0,0,2000,0,0,0,0,0,0,0,0,0,0,NaN,NaN,NaN,NaN,1,0,0,coherence-cumulative,1,15,0,0,31549514313,NaN,0,2,1,36673093,2450,2450,6386669,6.8,6,0,0,1,1,156,149,156,28,16,10,24,0,0,0,0,0,0,mobile-limited-low,zero,admissible
16079022,mobile-limited-low,mobile-limited-low,claim-iid5,claim-iid5,claim-iid5,5,30395837079,30395837079,33154277,16345885,36050,0,0,0,1,1,1,0,0,0,15,0,15,2000,0.0075,420,15,0,420,56000,0.0075,420,0,0,0,0,0,0,0,0,0,2000,0,0,0,0,0,0,0,0,0,0,NaN,NaN,NaN,NaN,1,0,0,coherence-cumulative,1,15,0,0,31549514313,NaN,0,2,2,36673093,2450,2450,6386669,6.8,6,0,0,1,1,156,149,156,28,16,10,24,0,0,0,0,0,0,mobile-limited-low,claim-iid5,admissible
16079022,mobile-limited-low,mobile-limited-low,response-iid5,response-iid5,response-iid5,5,30395837079,30395837079,33154277,16345885,36050,0,0,0,1,1,1,0,0,0,15,0,15,2000,0.0075,420,15,0,420,56000,0.0075,420,0,0,0,0,0,0,0,0,0,2000,0,0,0,0,0,0,0,0,0,0,NaN,NaN,NaN,NaN,1,0,0,coherence-cumulative,1,15,0,0,31549514313,NaN,0,2,3,36673093,2450,2450,6386669,6.8,6,0,0,1,1,156,149,156,28,16,10,24,0,0,0,0,0,0,mobile-limited-low,response-iid5,admissible
16079022,mobile-limited-low,mobile-limited-low,joint-control-iid5,joint-control-iid5,joint-control-iid5,5,30395837079,30395837079,33539842,16345885,36050,0,0,0,1,1,1,0,0,0,15,0,15,2000,0.0075,420,15,0,420,56000,0.0075,420,0,0,0,0,0,0,0,0,0,2000,0,0,0,0,0,0,0,0,0,0,NaN,NaN,NaN,NaN,1,0,0,coherence-cumulative,1,15,0,0,31549514313,NaN,0,2,4,36673093,2450,2450,6386669,6.8,6,0,0,1,1,156,149,156,28,16,10,24,0,0,0,0,0,0,mobile-limited-low,joint-control-iid5,admissible
16079022,mobile-limited-low,mobile-limited-low,iid-occupancy15,iid-occupancy15,iid-occupancy15,5,30395837079,22057139850,32768712,16345885,36050,0,0,0,1,1,1,0,0,0,15,0,15,2000,0.0075,420,15,0,420,56000,0.0075,420,0,0,0,0,0,0,0,0,0,2000,0,0,0,0,0,0,0,0,0,0,NaN,NaN,NaN,NaN,1,0,0,coherence-cumulative,1,15,0,0.15,31549514313,388070,3414,2,5,36673093,2450,2450,6386669,6.8,6,0,0,1,1,156,149,156,28,16,10,24,0,0,0,0,0,0,mobile-limited-low,iid-occupancy15,admissible
16079022,mobile-limited-low,mobile-limited-low,directed-response-blackout,directed-response-blackout,directed-response-blackout,5,30395837079,30395837079,32768712,16345885,36050,0,0,0,1,1,1,0,0,0,15,0,15,2000,0.0075,420,15,0,420,56000,0.0075,420,0,0,0,0,0,0,0,0,0,2000,0,0,0,0,0,0,0,0,0,0,NaN,NaN,NaN,NaN,1,0,0,coherence-cumulative,1,15,0,0,31549514313,NaN,0,2,6,36673093,2450,2450,6386669,6.8,6,0,0,1,1,156,149,156,28,16,10,24,0,0,0,0,0,0,mobile-limited-low,directed-response-blackout,admissible
16079022,mobile-limited-high,mobile-limited-high,zero,zero,zero,5,30395837079,30395837079,33570477,16345885,36050,0,0,0,1,1,1,0,0,0,15,0,15,2000,0.0075,420,15,0,420,56000,0.0075,420,0,0,0,0,0,0,0,0,0,2000,0,0,0,0,0,0,0,0,0,0,NaN,NaN,NaN,NaN,1,0,0,coherence-cumulative,1,15,0,0,31549514313,NaN,0,3,1,36673093,2450,2450,3956944,6.8,6,0,0,1,1,156,149,156,28,16,10,24,0,0,0,0,0,0,mobile-limited-high,zero,admissible
16079022,mobile-limited-high,mobile-limited-high,claim-iid5,claim-iid5,claim-iid5,5,30395837079,30395837079,33956042,16345885,36050,0,0,0,1,1,1,0,0,0,15,0,15,2000,0.0075,420,15,0,420,56000,0.0075,420,0,0,0,0,0,0,0,0,0,2000,0,0,0,0,0,0,0,0,0,0,NaN,NaN,NaN,NaN,1,0,0,coherence-cumulative,1,15,0,0,31549514313,NaN,0,3,2,36673093,2450,2450,3956944,6.8,6,0,0,1,1,156,149,156,28,16,10,24,0,0,0,0,0,0,mobile-limited-high,claim-iid5,admissible
16079022,mobile-limited-high,mobile-limited-high,response-iid5,response-iid5,response-iid5,5,30395837079,30395837079,33956042,16345885,36050,0,0,0,1,1,1,0,0,0,15,0,15,2000,0.0075,420,15,0,420,56000,0.0075,420,0,0,0,0,0,0,0,0,0,2000,0,0,0,0,0,0,0,0,0,0,NaN,NaN,NaN,NaN,1,0,0,coherence-cumulative,1,15,0,0,31549514313,NaN,0,3,3,36673093,2450,2450,3956944,6.8,6,0,0,1,1,156,149,156,28,16,10,24,0,0,0,0,0,0,mobile-limited-high,response-iid5,admissible
16079022,mobile-limited-high,mobile-limited-high,joint-control-iid5,joint-control-iid5,joint-control-iid5,5,30395837079,30395837079,34341607,16345885,36050,0,0,0,1,1,1,0,0,0,15,0,15,2000,0.0075,420,15,0,420,56000,0.0075,420,0,0,0,0,0,0,0,0,0,2000,0,0,0,0,0,0,0,0,0,0,NaN,NaN,NaN,NaN,1,0,0,coherence-cumulative,1,15,0,0,31549514313,NaN,0,3,4,36673093,2450,2450,3956944,6.8,6,0,0,1,1,156,149,156,28,16,10,24,0,0,0,0,0,0,mobile-limited-high,joint-control-iid5,admissible
16079022,mobile-limited-high,mobile-limited-high,iid-occupancy15,iid-occupancy15,iid-occupancy15,5,30395837079,22057139850,33570477,16345885,36050,0,0,0,1,1,1,0,0,0,15,0,15,2000,0.0075,420,15,0,420,56000,0.0075,420,0,0,0,0,0,0,0,0,0,2000,0,0,0,0,0,0,0,0,0,0,NaN,NaN,NaN,NaN,1,0,0,coherence-cumulative,1,15,0,0.15,31549514313,388070,3414,3,5,36673093,2450,2450,3956944,6.8,6,0,0,1,1,156,149,156,28,16,10,24,0,0,0,0,0,0,mobile-limited-high,iid-occupancy15,admissible
16079022,mobile-limited-high,mobile-limited-high,directed-response-blackout,directed-response-blackout,directed-response-blackout,5,30395837079,30395837079,33570477,16345885,36050,0,0,0,1,1,1,0,0,0,15,0,15,2000,0.0075,420,15,0,420,56000,0.0075,420,0,0,0,0,0,0,0,0,0,2000,0,0,0,0,0,0,0,0,0,0,NaN,NaN,NaN,NaN,1,0,0,coherence-cumulative,1,15,0,0,31549514313,NaN,0,3,6,36673093,2450,2450,3956944,6.8,6,0,0,1,1,156,149,156,28,16,10,24,0,0,0,0,0,0,mobile-limited-high,directed-response-blackout,admissible
16079022,static-wide-low,static-wide-low,zero,zero,zero,10,113230860533,113230860533,33666471,66901867,631988,6,0,1,1,1,1,0,0,0,60,36,96,6400,0.015,1680,96,936,2616,174400,0.015,2616,36,36,0,0,0,864,864,0,0,4000,0,3200,3200,0,0,0,0,0,0,0,NaN,NaN,NaN,NaN,1,0,0,coherence-cumulative,1,60,0,0,31557613872,NaN,0,1,1,66565110,36495,40685,5460761,6.8,6,6,0,1,1,74,67,74,28,16,10,24,26,0,0,0,0,0,static-wide-low,zero,admissible
16079022,static-wide-low,static-wide-low,claim-iid5,claim-iid5,claim-iid5,10,113230860533,113230860533,34052036,66898583,631988,6,0,1,1,2,0.99975,0,0,0,65,46,111,6400,0.01734375,1820,96,1196,3016,174400,0.0172935779816514,2616,45,46,5,0,0,999,960,39,0,3999,1,3199,3199,0,0,1,1,0,0,1,NaN,NaN,NaN,NaN,1,0,0,coherence-cumulative,1,60,0,0,31557613872,NaN,0,1,2,66565110,36495,40685,5460761,6.8,6,6,0,1,1,74,67,74,28,16,10,24,26,0,0,0,0,0,static-wide-low,claim-iid5,admissible
16079022,static-wide-low,static-wide-low,response-iid5,response-iid5,response-iid5,10,113230860533,113230860533,34052036,66899783,631988,6,0,1,1,2,0.99975,0,0,0,65,51,116,6400,0.018125,1820,96,1326,3146,174400,0.0180389908256881,2616,51,51,5,0,0,1044,1013,31,0,3999,0,3198,3198,0,0,0,0,0,0,0,NaN,NaN,NaN,NaN,1,0,0,coherence-cumulative,1,60,0,0,31557613872,NaN,0,1,3,66565110,36495,40685,5460761,6.8,6,6,0,1,1,74,67,74,28,16,10,24,26,0,0,0,0,0,static-wide-low,response-iid5,admissible
16079022,static-wide-low,static-wide-low,joint-control-iid5,joint-control-iid5,joint-control-iid5,10,113230860533,113230860533,34437601,66896499,631988,6,0,1,1,2,0.9995,0,0,0,69,57,126,6400,0.0196875,1932,96,1482,3414,174400,0.0195756880733945,2616,56,57,9,0,0,1134,1063,71,0,3998,1,3197,3197,0,0,1,1,0,0,1,NaN,NaN,NaN,NaN,1,0,0,coherence-cumulative,1,60,0,0,31557613872,NaN,0,1,4,66565110,36495,40685,5460761,6.8,6,6,0,1,1,74,67,74,28,16,10,24,26,0,0,0,0,0,static-wide-low,joint-control-iid5,admissible
16079022,static-wide-low,static-wide-low,iid-occupancy15,iid-occupancy15,iid-occupancy15,10,113230860533,76756964851,33666471,66895840,631988,6,0,1,1,3,0.9995,0,0,0,100,85,185,6400,0.02890625,2800,96,2210,5010,174400,0.0287270642201835,2616,84,85,38,0,0,1665,1233,432,0,3998,1,3198,1706,1492,0,1,0,1,0,1,NaN,NaN,NaN,NaN,1,0,0,coherence-cumulative,1,62,0,0.15,31557613872,1369585,7443,1,5,66565110,36495,40685,5460761,6.8,6,6,0,1,1,74,67,74,28,16,10,24,26,0,0,0,0,0,static-wide-low,iid-occupancy15,admissible
16079022,static-wide-low,static-wide-low,directed-response-blackout,directed-response-blackout,directed-response-blackout,10,113230860533,93882252497,33666471,66275347,631988,6,0,1,0,NaN,0.9,0,0,0,454,1218,1672,6400,0.26125,12712,96,31668,44380,174400,0.25447247706422,2616,1218,1218,399,0,0,15048,14648,400,0,3600,76,2400,2400,0,0,152,152,0,0,1,NaN,NaN,NaN,NaN,1,0,0,coherence-cumulative,1,55,1,0,31557613872,NaN,0,1,6,66565110,36495,40685,5460761,6.8,6,6,0,1,1,74,67,74,28,16,10,24,26,0,1,0,0,0,static-wide-low,directed-response-blackout,admissible
16079022,mobile-limited-low,mobile-limited-low,zero,zero,zero,10,113230860533,113230860533,32839068,66979391,589717,6,2,2,1,1,1,0,0,0,1000,500,1500,6000,0.25,28000,1500,14000,42000,168000,0.25,42000,600,600,0,100,0,1500,1500,0,0,4000,0,3200,3200,0,0,0,0,0,0,0,NaN,NaN,NaN,NaN,1,0,0,coherence-cumulative,1,1000,0,0,31557613872,NaN,0,2,1,66565110,36495,36495,5988797,1,3,6,2,1,1,11,4,11,28,16,10,24,36,0,0,0,0,0,mobile-limited-low,zero,admissible
16079022,mobile-limited-low,mobile-limited-low,claim-iid5,claim-iid5,claim-iid5,10,113230860533,113230860533,33224633,66979645,589717,6,2,2,1,2,0.99975,0,0,0,1055,593,1648,6000,0.274666666666667,29540,1500,16558,46098,168000,0.274392857142857,42000,706,707,39,125,0,1716,1672,44,0,3999,0,3198,3198,0,0,0,0,0,0,0,NaN,NaN,NaN,NaN,1,0,0,coherence-cumulative,1,1016,0,0,31557613872,NaN,0,2,2,66565110,36495,36495,5988797,1,3,6,2,1,1,11,4,11,28,16,10,24,36,0,0,0,0,0,mobile-limited-low,claim-iid5,admissible
16079022,mobile-limited-low,mobile-limited-low,response-iid5,response-iid5,response-iid5,10,113230860533,113230860533,33224633,66979391,589717,6,2,2,1,1,1,0,0,0,1037,570,1607,6000,0.267833333333333,29036,1500,15890,44926,168000,0.267416666666667,42000,677,677,37,114,0,1657,1619,38,0,4000,0,3200,3200,0,0,0,0,0,0,0,NaN,NaN,NaN,NaN,1,0,0,coherence-cumulative,1,1000,0,0,31557613872,NaN,0,2,3,66565110,36495,36495,5988797,1,3,6,2,1,1,11,4,11,28,16,10,24,36,0,0,0,0,0,mobile-limited-low,response-iid5,admissible
16079022,mobile-limited-low,mobile-limited-low,joint-control-iid5,joint-control-iid5,joint-control-iid5,10,113230860533,113230860533,33610198,66979319,589717,6,2,2,1,2,0.99975,0,0,0,1092,659,1751,6000,0.291833333333333,30576,1500,18334,48910,168000,0.291130952380952,42000,778,779,78,138,0,1863,1770,93,0,3999,0,3198,3198,0,0,0,0,0,0,0,NaN,NaN,NaN,NaN,1,0,0,coherence-cumulative,1,1014,0,0,31557613872,NaN,0,2,4,66565110,36495,36495,5988797,1,3,6,2,1,1,11,4,11,28,16,10,24,36,0,0,0,0,0,mobile-limited-low,joint-control-iid5,admissible
16079022,mobile-limited-low,mobile-limited-low,iid-occupancy15,iid-occupancy15,iid-occupancy15,10,113230860533,76231312564,32839068,66977660,589717,6,2,2,1,2,0.9995,0,0,0,1462,1128,2590,6000,0.431666666666667,40936,1500,31258,72194,168000,0.42972619047619,42000,1320,1321,436,266,0,3081,2260,821,0,3998,1,3197,1635,1562,0,1,0,1,0,1,NaN,NaN,NaN,NaN,1,0,0,coherence-cumulative,1,1026,0,0.15,31557613872,929682,7533,2,5,66565110,36495,36495,5988797,1,3,6,2,1,1,11,4,11,28,16,10,24,36,0,0,0,0,0,mobile-limited-low,iid-occupancy15,admissible
16079022,mobile-limited-low,mobile-limited-low,directed-response-blackout,directed-response-blackout,directed-response-blackout,10,113230860533,93882230897,32839068,66337705,589717,6,2,2,0,NaN,0.9,0,0,0,1300,1400,2700,6000,0.45,36400,1500,37400,73800,168000,0.439285714285714,42000,1500,1500,399,400,0,3600,3200,400,0,3600,76,2400,2400,0,0,152,152,0,0,1,NaN,NaN,NaN,NaN,1,0,0,coherence-cumulative,1,901,1,0,31557613872,NaN,0,2,6,66565110,36495,36495,5988797,1,3,6,2,1,1,11,4,11,28,16,10,24,36,0,1,0,0,0,mobile-limited-low,directed-response-blackout,admissible
16079022,mobile-limited-high,mobile-limited-high,zero,zero,zero,10,113230860533,113230860533,32555028,57168250,565445,0,0,0,0,NaN,0,0,0,12,0,0,0,4000,0,0,310,0,0,112000,0,8680,0,0,0,0,0,0,0,0,0,0,726,0,0,0,0,501,477,0,24,1,NaN,NaN,NaN,NaN,1,0,0,coherence-cumulative,1,0,0,0,31557613872,NaN,0,3,1,66565110,36495,36495,6381294,0.5,2,6,2,1,0,0,13,20,28,16,10,24,0,0,0,0,0,0,mobile-limited-high,zero,horizon-shorter-than-renewal-slack
16079022,mobile-limited-high,mobile-limited-high,claim-iid5,claim-iid5,claim-iid5,10,113230860533,113230860533,32940593,57168250,565445,0,0,0,0,NaN,0,0,0,12,0,0,0,4000,0,0,310,0,0,112000,0,8680,0,0,0,0,0,0,0,0,0,0,726,0,0,0,0,501,477,0,24,1,NaN,NaN,NaN,NaN,1,0,0,coherence-cumulative,1,0,0,0,31557613872,NaN,0,3,2,66565110,36495,36495,6381294,0.5,2,6,2,1,0,0,13,20,28,16,10,24,0,0,0,0,0,0,mobile-limited-high,claim-iid5,horizon-shorter-than-renewal-slack
16079022,mobile-limited-high,mobile-limited-high,response-iid5,response-iid5,response-iid5,10,113230860533,113230860533,32940593,57168250,565445,0,0,0,0,NaN,0,0,0,12,0,0,0,4000,0,0,310,0,0,112000,0,8680,0,0,0,0,0,0,0,0,0,0,726,0,0,0,0,501,477,0,24,1,NaN,NaN,NaN,NaN,1,0,0,coherence-cumulative,1,0,0,0,31557613872,NaN,0,3,3,66565110,36495,36495,6381294,0.5,2,6,2,1,0,0,13,20,28,16,10,24,0,0,0,0,0,0,mobile-limited-high,response-iid5,horizon-shorter-than-renewal-slack
16079022,mobile-limited-high,mobile-limited-high,joint-control-iid5,joint-control-iid5,joint-control-iid5,10,113230860533,113230860533,33326158,57168250,565445,0,0,0,0,NaN,0,0,0,12,0,0,0,4000,0,0,310,0,0,112000,0,8680,0,0,0,0,0,0,0,0,0,0,726,0,0,0,0,501,477,0,24,1,NaN,NaN,NaN,NaN,1,0,0,coherence-cumulative,1,0,0,0,31557613872,NaN,0,3,4,66565110,36495,36495,6381294,0.5,2,6,2,1,0,0,13,20,28,16,10,24,0,0,0,0,0,0,mobile-limited-high,joint-control-iid5,horizon-shorter-than-renewal-slack
16079022,mobile-limited-high,mobile-limited-high,iid-occupancy15,iid-occupancy15,iid-occupancy15,10,113230860533,78637885078,32555028,57168250,565445,0,0,0,0,NaN,0,0,0,12,0,0,0,4000,0,0,310,0,0,112000,0,8680,0,0,0,0,0,0,0,0,0,0,726,0,0,0,0,501,249,228,24,1,NaN,NaN,NaN,NaN,1,0,0,coherence-cumulative,1,0,0,0.15,31557613872,658778,7062,3,5,66565110,36495,36495,6381294,0.5,2,6,2,1,0,0,13,20,28,16,10,24,0,0,0,0,0,0,mobile-limited-high,iid-occupancy15,horizon-shorter-than-renewal-slack
16079022,mobile-limited-high,mobile-limited-high,directed-response-blackout,directed-response-blackout,directed-response-blackout,10,113230860533,113230860533,32555028,57168250,565445,0,0,0,0,NaN,0,0,0,12,0,0,0,4000,0,0,310,0,0,112000,0,8680,0,0,0,0,0,0,0,0,0,0,726,0,0,0,0,501,477,0,24,1,NaN,NaN,NaN,NaN,1,0,0,coherence-cumulative,1,0,0,0,31557613872,NaN,0,3,6,66565110,36495,36495,6381294,0.5,2,6,2,1,0,0,13,20,28,16,10,24,0,0,0,0,0,0,mobile-limited-high,directed-response-blackout,horizon-shorter-than-renewal-slack
16079023,static-wide-low,static-wide-low,zero,zero,zero,5,30374705372,30374705372,33565068,16345885,36830,0,0,0,1,1,1,0,0,0,15,0,15,2000,0.0075,420,15,0,420,56000,0.0075,420,0,0,0,0,0,60,60,0,0,2000,0,0,0,0,0,0,0,0,0,0,NaN,NaN,NaN,NaN,1,0,0,coherence-cumulative,1,15,0,0,31368415075,NaN,0,1,1,37195900,2450,2730,6249576,6.8,6,0,0,1,1,156,149,156,28,16,10,24,0,0,0,0,0,0,static-wide-low,zero,admissible
16079023,static-wide-low,static-wide-low,claim-iid5,claim-iid5,claim-iid5,5,30374705372,30374705372,33950633,16345885,36830,0,0,0,1,1,1,0,0,0,15,0,15,2000,0.0075,420,15,0,420,56000,0.0075,420,0,0,0,0,0,60,57,3,0,2000,0,0,0,0,0,0,0,0,0,0,NaN,NaN,NaN,NaN,1,0,0,coherence-cumulative,1,15,0,0,31368415075,NaN,0,1,2,37195900,2450,2730,6249576,6.8,6,0,0,1,1,156,149,156,28,16,10,24,0,0,0,0,0,0,static-wide-low,claim-iid5,admissible
16079023,static-wide-low,static-wide-low,response-iid5,response-iid5,response-iid5,5,30374705372,30374705372,33950633,16345885,36830,0,0,0,1,1,1,0,0,0,15,0,15,2000,0.0075,420,15,0,420,56000,0.0075,420,0,0,0,0,0,60,60,0,0,2000,0,0,0,0,0,0,0,0,0,0,NaN,NaN,NaN,NaN,1,0,0,coherence-cumulative,1,15,0,0,31368415075,NaN,0,1,3,37195900,2450,2730,6249576,6.8,6,0,0,1,1,156,149,156,28,16,10,24,0,0,0,0,0,0,static-wide-low,response-iid5,admissible
16079023,static-wide-low,static-wide-low,joint-control-iid5,joint-control-iid5,joint-control-iid5,5,30374705372,30374705372,34336198,16345885,36830,0,0,0,1,1,1,0,0,0,15,0,15,2000,0.0075,420,15,0,420,56000,0.0075,420,0,0,0,0,0,60,57,3,0,2000,0,0,0,0,0,0,0,0,0,0,NaN,NaN,NaN,NaN,1,0,0,coherence-cumulative,1,15,0,0,31368415075,NaN,0,1,4,37195900,2450,2730,6249576,6.8,6,0,0,1,1,156,149,156,28,16,10,24,0,0,0,0,0,0,static-wide-low,joint-control-iid5,admissible
16079023,static-wide-low,static-wide-low,iid-occupancy15,iid-occupancy15,iid-occupancy15,5,30374705372,22326309551,33565068,16345885,36830,0,0,0,1,1,1,0,0,0,15,0,15,2000,0.0075,420,15,0,420,56000,0.0075,420,0,0,0,0,0,60,52,8,0,2000,0,0,0,0,0,0,0,0,0,0,NaN,NaN,NaN,NaN,1,0,0,coherence-cumulative,1,15,0,0.15,31368415075,887461,3285,1,5,37195900,2450,2730,6249576,6.8,6,0,0,1,1,156,149,156,28,16,10,24,0,0,0,0,0,0,static-wide-low,iid-occupancy15,admissible
16079023,static-wide-low,static-wide-low,directed-response-blackout,directed-response-blackout,directed-response-blackout,5,30374705372,30374705372,33565068,16345885,36830,0,0,0,1,1,1,0,0,0,15,0,15,2000,0.0075,420,15,0,420,56000,0.0075,420,0,0,0,0,0,60,60,0,0,2000,0,0,0,0,0,0,0,0,0,0,NaN,NaN,NaN,NaN,1,0,0,coherence-cumulative,1,15,0,0,31368415075,NaN,0,1,6,37195900,2450,2730,6249576,6.8,6,0,0,1,1,156,149,156,28,16,10,24,0,0,0,0,0,0,static-wide-low,directed-response-blackout,admissible
16079023,mobile-limited-low,mobile-limited-low,zero,zero,zero,5,30374705372,30374705372,33955905,16345885,36050,0,0,0,1,1,1,0,0,0,15,0,15,2000,0.0075,420,15,0,420,56000,0.0075,420,0,0,0,0,0,0,0,0,0,2000,0,0,0,0,0,0,0,0,0,0,NaN,NaN,NaN,NaN,1,0,0,coherence-cumulative,1,15,0,0,31368415075,NaN,0,2,1,37195900,2450,2450,5736067,6.8,6,0,0,1,1,156,149,156,28,16,10,24,0,0,0,0,0,0,mobile-limited-low,zero,admissible
16079023,mobile-limited-low,mobile-limited-low,claim-iid5,claim-iid5,claim-iid5,5,30374705372,30374705372,34341470,16345885,36050,0,0,0,1,1,1,0,0,0,15,0,15,2000,0.0075,420,15,0,420,56000,0.0075,420,0,0,0,0,0,0,0,0,0,2000,0,0,0,0,0,0,0,0,0,0,NaN,NaN,NaN,NaN,1,0,0,coherence-cumulative,1,15,0,0,31368415075,NaN,0,2,2,37195900,2450,2450,5736067,6.8,6,0,0,1,1,156,149,156,28,16,10,24,0,0,0,0,0,0,mobile-limited-low,claim-iid5,admissible
16079023,mobile-limited-low,mobile-limited-low,response-iid5,response-iid5,response-iid5,5,30374705372,30374705372,34341470,16345885,36050,0,0,0,1,1,1,0,0,0,15,0,15,2000,0.0075,420,15,0,420,56000,0.0075,420,0,0,0,0,0,0,0,0,0,2000,0,0,0,0,0,0,0,0,0,0,NaN,NaN,NaN,NaN,1,0,0,coherence-cumulative,1,15,0,0,31368415075,NaN,0,2,3,37195900,2450,2450,5736067,6.8,6,0,0,1,1,156,149,156,28,16,10,24,0,0,0,0,0,0,mobile-limited-low,response-iid5,admissible
16079023,mobile-limited-low,mobile-limited-low,joint-control-iid5,joint-control-iid5,joint-control-iid5,5,30374705372,30374705372,34727035,16345885,36050,0,0,0,1,1,1,0,0,0,15,0,15,2000,0.0075,420,15,0,420,56000,0.0075,420,0,0,0,0,0,0,0,0,0,2000,0,0,0,0,0,0,0,0,0,0,NaN,NaN,NaN,NaN,1,0,0,coherence-cumulative,1,15,0,0,31368415075,NaN,0,2,4,37195900,2450,2450,5736067,6.8,6,0,0,1,1,156,149,156,28,16,10,24,0,0,0,0,0,0,mobile-limited-low,joint-control-iid5,admissible
16079023,mobile-limited-low,mobile-limited-low,iid-occupancy15,iid-occupancy15,iid-occupancy15,5,30374705372,22326309551,33955905,16345885,36050,0,0,0,1,1,1,0,0,0,15,0,15,2000,0.0075,420,15,0,420,56000,0.0075,420,0,0,0,0,0,0,0,0,0,2000,0,0,0,0,0,0,0,0,0,0,NaN,NaN,NaN,NaN,1,0,0,coherence-cumulative,1,15,0,0.15,31368415075,887461,3285,2,5,37195900,2450,2450,5736067,6.8,6,0,0,1,1,156,149,156,28,16,10,24,0,0,0,0,0,0,mobile-limited-low,iid-occupancy15,admissible
16079023,mobile-limited-low,mobile-limited-low,directed-response-blackout,directed-response-blackout,directed-response-blackout,5,30374705372,30374705372,33955905,16345885,36050,0,0,0,1,1,1,0,0,0,15,0,15,2000,0.0075,420,15,0,420,56000,0.0075,420,0,0,0,0,0,0,0,0,0,2000,0,0,0,0,0,0,0,0,0,0,NaN,NaN,NaN,NaN,1,0,0,coherence-cumulative,1,15,0,0,31368415075,NaN,0,2,6,37195900,2450,2450,5736067,6.8,6,0,0,1,1,156,149,156,28,16,10,24,0,0,0,0,0,0,mobile-limited-low,directed-response-blackout,admissible
16079023,mobile-limited-high,mobile-limited-high,zero,zero,zero,5,30374705372,30374705372,32588084,16345885,36050,0,0,0,1,1,1,0,0,0,15,0,15,2000,0.0075,420,15,0,420,56000,0.0075,420,0,0,0,0,0,0,0,0,0,2000,0,0,0,0,0,0,0,0,0,0,NaN,NaN,NaN,NaN,1,0,0,coherence-cumulative,1,15,0,0,31368415075,NaN,0,3,1,37195900,2450,2450,6415841,6.8,6,0,0,1,1,156,149,156,28,16,10,24,0,0,0,0,0,0,mobile-limited-high,zero,admissible
16079023,mobile-limited-high,mobile-limited-high,claim-iid5,claim-iid5,claim-iid5,5,30374705372,30374705372,32973649,16345885,36050,0,0,0,1,1,1,0,0,0,15,0,15,2000,0.0075,420,15,0,420,56000,0.0075,420,0,0,0,0,0,0,0,0,0,2000,0,0,0,0,0,0,0,0,0,0,NaN,NaN,NaN,NaN,1,0,0,coherence-cumulative,1,15,0,0,31368415075,NaN,0,3,2,37195900,2450,2450,6415841,6.8,6,0,0,1,1,156,149,156,28,16,10,24,0,0,0,0,0,0,mobile-limited-high,claim-iid5,admissible
16079023,mobile-limited-high,mobile-limited-high,response-iid5,response-iid5,response-iid5,5,30374705372,30374705372,32973649,16345885,36050,0,0,0,1,1,1,0,0,0,15,0,15,2000,0.0075,420,15,0,420,56000,0.0075,420,0,0,0,0,0,0,0,0,0,2000,0,0,0,0,0,0,0,0,0,0,NaN,NaN,NaN,NaN,1,0,0,coherence-cumulative,1,15,0,0,31368415075,NaN,0,3,3,37195900,2450,2450,6415841,6.8,6,0,0,1,1,156,149,156,28,16,10,24,0,0,0,0,0,0,mobile-limited-high,response-iid5,admissible
16079023,mobile-limited-high,mobile-limited-high,joint-control-iid5,joint-control-iid5,joint-control-iid5,5,30374705372,30374705372,33359214,16345885,36050,0,0,0,1,1,1,0,0,0,15,0,15,2000,0.0075,420,15,0,420,56000,0.0075,420,0,0,0,0,0,0,0,0,0,2000,0,0,0,0,0,0,0,0,0,0,NaN,NaN,NaN,NaN,1,0,0,coherence-cumulative,1,15,0,0,31368415075,NaN,0,3,4,37195900,2450,2450,6415841,6.8,6,0,0,1,1,156,149,156,28,16,10,24,0,0,0,0,0,0,mobile-limited-high,joint-control-iid5,admissible
16079023,mobile-limited-high,mobile-limited-high,iid-occupancy15,iid-occupancy15,iid-occupancy15,5,30374705372,22326309551,32588084,16345885,36050,0,0,0,1,1,1,0,0,0,15,0,15,2000,0.0075,420,15,0,420,56000,0.0075,420,0,0,0,0,0,0,0,0,0,2000,0,0,0,0,0,0,0,0,0,0,NaN,NaN,NaN,NaN,1,0,0,coherence-cumulative,1,15,0,0.15,31368415075,887461,3285,3,5,37195900,2450,2450,6415841,6.8,6,0,0,1,1,156,149,156,28,16,10,24,0,0,0,0,0,0,mobile-limited-high,iid-occupancy15,admissible
16079023,mobile-limited-high,mobile-limited-high,directed-response-blackout,directed-response-blackout,directed-response-blackout,5,30374705372,30374705372,32588084,16345885,36050,0,0,0,1,1,1,0,0,0,15,0,15,2000,0.0075,420,15,0,420,56000,0.0075,420,0,0,0,0,0,0,0,0,0,2000,0,0,0,0,0,0,0,0,0,0,NaN,NaN,NaN,NaN,1,0,0,coherence-cumulative,1,15,0,0,31368415075,NaN,0,3,6,37195900,2450,2450,6415841,6.8,6,0,0,1,1,156,149,156,28,16,10,24,0,0,0,0,0,0,mobile-limited-high,directed-response-blackout,admissible
16079023,static-wide-low,static-wide-low,zero,zero,zero,10,113256937909,113256937909,33681933,65585348,584943,1,0,1,1,1,1,0,0,0,60,6,66,4400,0.015,1680,66,156,1836,122400,0.015,1836,6,6,0,0,0,594,594,0,0,4000,0,800,800,0,0,0,0,0,0,0,NaN,NaN,NaN,NaN,1,0,0,coherence-cumulative,1,60,0,0,31464167041,NaN,0,1,1,68341928,36109,40685,6661590,6.8,6,1,0,1,1,84,77,84,28,16,10,24,26,0,0,0,0,0,static-wide-low,zero,admissible
16079023,static-wide-low,static-wide-low,claim-iid5,claim-iid5,claim-iid5,10,113256937909,113256937909,34067498,65585348,584943,1,0,1,1,1,1,0,0,0,60,6,66,4400,0.015,1680,66,156,1836,122400,0.015,1836,6,6,0,0,0,594,568,26,0,4000,0,800,800,0,0,0,0,0,0,0,NaN,NaN,NaN,NaN,1,0,0,coherence-cumulative,1,60,0,0,31464167041,NaN,0,1,2,68341928,36109,40685,6661590,6.8,6,1,0,1,1,84,77,84,28,16,10,24,26,0,0,0,0,0,static-wide-low,claim-iid5,admissible
16079023,static-wide-low,static-wide-low,response-iid5,response-iid5,response-iid5,10,113256937909,113256937909,34067498,65585348,584943,1,0,1,1,1,1,0,0,0,61,7,68,4400,0.0154545454545455,1708,66,182,1890,122400,0.0154411764705882,1836,7,7,1,0,0,612,609,3,0,4000,0,800,800,0,0,0,0,0,0,0,NaN,NaN,NaN,NaN,1,0,0,coherence-cumulative,1,60,0,0,31464167041,NaN,0,1,3,68341928,36109,40685,6661590,6.8,6,1,0,1,1,84,77,84,28,16,10,24,26,0,0,0,0,0,static-wide-low,response-iid5,admissible
16079023,static-wide-low,static-wide-low,joint-control-iid5,joint-control-iid5,joint-control-iid5,10,113256937909,113256937909,34453063,65585348,584943,1,0,1,1,1,1,0,0,0,61,7,68,4400,0.0154545454545455,1708,66,182,1890,122400,0.0154411764705882,1836,7,7,1,0,0,612,583,29,0,4000,0,800,800,0,0,0,0,0,0,0,NaN,NaN,NaN,NaN,1,0,0,coherence-cumulative,1,60,0,0,31464167041,NaN,0,1,4,68341928,36109,40685,6661590,6.8,6,1,0,1,1,84,77,84,28,16,10,24,26,0,0,0,0,0,static-wide-low,joint-control-iid5,admissible
16079023,static-wide-low,static-wide-low,iid-occupancy15,iid-occupancy15,iid-occupancy15,10,113256937909,78544657451,33681933,65585348,584943,1,0,1,1,1,1,0,0,0,62,7,69,4400,0.0156818181818182,1736,66,182,1918,122400,0.0156699346405229,1836,7,7,2,0,0,621,531,90,0,4000,0,800,407,393,0,0,0,0,0,0,NaN,NaN,NaN,NaN,1,0,0,coherence-cumulative,1,60,0,0.15,31464167041,2098771,7093,1,5,68341928,36109,40685,6661590,6.8,6,1,0,1,1,84,77,84,28,16,10,24,26,0,0,0,0,0,static-wide-low,iid-occupancy15,admissible
16079023,static-wide-low,static-wide-low,directed-response-blackout,directed-response-blackout,directed-response-blackout,10,113256937909,93902788101,33681933,64822809,584943,1,0,1,0,NaN,0.9,0,0,0,454,400,854,4400,0.194090909090909,12712,66,10400,23112,122400,0.188823529411765,1836,400,400,399,0,0,7686,7286,400,0,3600,55,400,400,0,0,55,55,0,0,1,NaN,NaN,NaN,NaN,1,0,0,coherence-cumulative,1,55,1,0,31464167041,NaN,0,1,6,68341928,36109,40685,6661590,6.8,6,1,0,1,1,84,77,84,28,16,10,24,26,0,1,0,0,0,static-wide-low,directed-response-blackout,admissible
16079023,mobile-limited-low,mobile-limited-low,zero,zero,zero,10,113256937909,113256937909,33336595,57168250,564459,0,0,0,0,NaN,0,0,0,0,0,0,0,4000,0,0,310,0,0,112000,0,8680,0,0,0,0,0,0,0,0,0,0,700,0,0,0,0,113,113,0,0,1,NaN,NaN,NaN,NaN,1,0,0,coherence-cumulative,1,0,0,0,31464167041,NaN,0,2,1,68341928,36109,36109,5115061,0.25,1,1,0,1,0,0,13,20,28,16,10,24,0,0,0,0,0,0,mobile-limited-low,zero,horizon-shorter-than-renewal-slack
16079023,mobile-limited-low,mobile-limited-low,claim-iid5,claim-iid5,claim-iid5,10,113256937909,113256937909,33722160,57168250,564459,0,0,0,0,NaN,0,0,0,0,0,0,0,4000,0,0,310,0,0,112000,0,8680,0,0,0,0,0,0,0,0,0,0,700,0,0,0,0,113,113,0,0,1,NaN,NaN,NaN,NaN,1,0,0,coherence-cumulative,1,0,0,0,31464167041,NaN,0,2,2,68341928,36109,36109,5115061,0.25,1,1,0,1,0,0,13,20,28,16,10,24,0,0,0,0,0,0,mobile-limited-low,claim-iid5,horizon-shorter-than-renewal-slack
16079023,mobile-limited-low,mobile-limited-low,response-iid5,response-iid5,response-iid5,10,113256937909,113256937909,33722160,57168250,564459,0,0,0,0,NaN,0,0,0,0,0,0,0,4000,0,0,310,0,0,112000,0,8680,0,0,0,0,0,0,0,0,0,0,700,0,0,0,0,113,113,0,0,1,NaN,NaN,NaN,NaN,1,0,0,coherence-cumulative,1,0,0,0,31464167041,NaN,0,2,3,68341928,36109,36109,5115061,0.25,1,1,0,1,0,0,13,20,28,16,10,24,0,0,0,0,0,0,mobile-limited-low,response-iid5,horizon-shorter-than-renewal-slack
16079023,mobile-limited-low,mobile-limited-low,joint-control-iid5,joint-control-iid5,joint-control-iid5,10,113256937909,113256937909,34107725,57168250,564459,0,0,0,0,NaN,0,0,0,0,0,0,0,4000,0,0,310,0,0,112000,0,8680,0,0,0,0,0,0,0,0,0,0,700,0,0,0,0,113,113,0,0,1,NaN,NaN,NaN,NaN,1,0,0,coherence-cumulative,1,0,0,0,31464167041,NaN,0,2,4,68341928,36109,36109,5115061,0.25,1,1,0,1,0,0,13,20,28,16,10,24,0,0,0,0,0,0,mobile-limited-low,joint-control-iid5,horizon-shorter-than-renewal-slack
16079023,mobile-limited-low,mobile-limited-low,iid-occupancy15,iid-occupancy15,iid-occupancy15,10,113256937909,80140951081,33336595,57168250,564459,0,0,0,0,NaN,0,0,0,0,0,0,0,4000,0,0,310,0,0,112000,0,8680,0,0,0,0,0,0,0,0,0,0,700,0,0,0,0,113,60,53,0,1,NaN,NaN,NaN,NaN,1,0,0,coherence-cumulative,1,0,0,0.15,31464167041,1875276,6765,2,5,68341928,36109,36109,5115061,0.25,1,1,0,1,0,0,13,20,28,16,10,24,0,0,0,0,0,0,mobile-limited-low,iid-occupancy15,horizon-shorter-than-renewal-slack
16079023,mobile-limited-low,mobile-limited-low,directed-response-blackout,directed-response-blackout,directed-response-blackout,10,113256937909,113256937909,33336595,57168250,564459,0,0,0,0,NaN,0,0,0,0,0,0,0,4000,0,0,310,0,0,112000,0,8680,0,0,0,0,0,0,0,0,0,0,700,0,0,0,0,113,113,0,0,1,NaN,NaN,NaN,NaN,1,0,0,coherence-cumulative,1,0,0,0,31464167041,NaN,0,2,6,68341928,36109,36109,5115061,0.25,1,1,0,1,0,0,13,20,28,16,10,24,0,0,0,0,0,0,mobile-limited-low,directed-response-blackout,horizon-shorter-than-renewal-slack
16079023,mobile-limited-high,mobile-limited-high,zero,zero,zero,10,113256937909,113256937909,32317356,57168250,564459,0,0,0,0,NaN,0,0,0,0,0,0,0,4000,0,0,310,0,0,112000,0,8680,0,0,0,0,0,0,0,0,0,0,700,0,0,0,0,113,113,0,0,1,NaN,NaN,NaN,NaN,1,0,0,coherence-cumulative,1,0,0,0,31464167041,NaN,0,3,1,68341928,36109,36109,5569354,0,0,0,0,1,0,0,13,20,28,16,10,24,0,0,0,0,0,0,mobile-limited-high,zero,selector-issued-no-horizon
16079023,mobile-limited-high,mobile-limited-high,claim-iid5,claim-iid5,claim-iid5,10,113256937909,113256937909,32702921,57168250,564459,0,0,0,0,NaN,0,0,0,0,0,0,0,4000,0,0,310,0,0,112000,0,8680,0,0,0,0,0,0,0,0,0,0,700,0,0,0,0,113,113,0,0,1,NaN,NaN,NaN,NaN,1,0,0,coherence-cumulative,1,0,0,0,31464167041,NaN,0,3,2,68341928,36109,36109,5569354,0,0,0,0,1,0,0,13,20,28,16,10,24,0,0,0,0,0,0,mobile-limited-high,claim-iid5,selector-issued-no-horizon
16079023,mobile-limited-high,mobile-limited-high,response-iid5,response-iid5,response-iid5,10,113256937909,113256937909,32702921,57168250,564459,0,0,0,0,NaN,0,0,0,0,0,0,0,4000,0,0,310,0,0,112000,0,8680,0,0,0,0,0,0,0,0,0,0,700,0,0,0,0,113,113,0,0,1,NaN,NaN,NaN,NaN,1,0,0,coherence-cumulative,1,0,0,0,31464167041,NaN,0,3,3,68341928,36109,36109,5569354,0,0,0,0,1,0,0,13,20,28,16,10,24,0,0,0,0,0,0,mobile-limited-high,response-iid5,selector-issued-no-horizon
16079023,mobile-limited-high,mobile-limited-high,joint-control-iid5,joint-control-iid5,joint-control-iid5,10,113256937909,113256937909,33088486,57168250,564459,0,0,0,0,NaN,0,0,0,0,0,0,0,4000,0,0,310,0,0,112000,0,8680,0,0,0,0,0,0,0,0,0,0,700,0,0,0,0,113,113,0,0,1,NaN,NaN,NaN,NaN,1,0,0,coherence-cumulative,1,0,0,0,31464167041,NaN,0,3,4,68341928,36109,36109,5569354,0,0,0,0,1,0,0,13,20,28,16,10,24,0,0,0,0,0,0,mobile-limited-high,joint-control-iid5,selector-issued-no-horizon
16079023,mobile-limited-high,mobile-limited-high,iid-occupancy15,iid-occupancy15,iid-occupancy15,10,113256937909,80140951081,32317356,57168250,564459,0,0,0,0,NaN,0,0,0,0,0,0,0,4000,0,0,310,0,0,112000,0,8680,0,0,0,0,0,0,0,0,0,0,700,0,0,0,0,113,60,53,0,1,NaN,NaN,NaN,NaN,1,0,0,coherence-cumulative,1,0,0,0.15,31464167041,1875276,6765,3,5,68341928,36109,36109,5569354,0,0,0,0,1,0,0,13,20,28,16,10,24,0,0,0,0,0,0,mobile-limited-high,iid-occupancy15,selector-issued-no-horizon
16079023,mobile-limited-high,mobile-limited-high,directed-response-blackout,directed-response-blackout,directed-response-blackout,10,113256937909,113256937909,32317356,57168250,564459,0,0,0,0,NaN,0,0,0,0,0,0,0,4000,0,0,310,0,0,112000,0,8680,0,0,0,0,0,0,0,0,0,0,700,0,0,0,0,113,113,0,0,1,NaN,NaN,NaN,NaN,1,0,0,coherence-cumulative,1,0,0,0,31464167041,NaN,0,3,6,68341928,36109,36109,5569354,0,0,0,0,1,0,0,13,20,28,16,10,24,0,0,0,0,0,0,mobile-limited-high,directed-response-blackout,selector-issued-no-horizon
16079024,static-wide-low,static-wide-low,zero,zero,zero,5,30392929448,30392929448,32711604,16471445,37918,1,0,1,1,1,1,0,0,0,15,3,18,2400,0.0075,420,18,78,498,66400,0.0075,498,3,3,0,0,0,72,72,0,0,2000,0,800,800,0,0,0,0,0,0,0,NaN,NaN,NaN,NaN,1,0,0,coherence-cumulative,1,15,0,0,31511371853,NaN,0,1,1,34840713,2484,2730,5390527,6.8,6,1,0,1,1,148,141,148,28,16,10,24,26,0,0,0,0,0,static-wide-low,zero,admissible
16079024,static-wide-low,static-wide-low,claim-iid5,claim-iid5,claim-iid5,5,30392929448,30392929448,33097169,16470254,37918,1,0,1,1,2,0.9995,0,0,0,17,4,21,2400,0.00875,476,18,104,580,66400,0.00873493975903615,498,3,4,1,0,0,84,79,5,0,1999,0,799,799,0,0,0,0,0,0,0,NaN,NaN,NaN,NaN,1,0,0,coherence-cumulative,1,16,0,0,31511371853,NaN,0,1,2,34840713,2484,2730,5390527,6.8,6,1,0,1,1,148,141,148,28,16,10,24,26,0,0,0,0,0,static-wide-low,claim-iid5,admissible
16079024,static-wide-low,static-wide-low,response-iid5,response-iid5,response-iid5,5,30392929448,30392929448,33097169,16471445,37918,1,0,1,1,1,1,0,0,0,15,3,18,2400,0.0075,420,18,78,498,66400,0.0075,498,3,3,0,0,0,72,72,0,0,2000,0,800,800,0,0,0,0,0,0,0,NaN,NaN,NaN,NaN,1,0,0,coherence-cumulative,1,15,0,0,31511371853,NaN,0,1,3,34840713,2484,2730,5390527,6.8,6,1,0,1,1,148,141,148,28,16,10,24,26,0,0,0,0,0,static-wide-low,response-iid5,admissible
16079024,static-wide-low,static-wide-low,joint-control-iid5,joint-control-iid5,joint-control-iid5,5,30392929448,30392929448,33482734,16470254,37918,1,0,1,1,2,0.9995,0,0,0,17,4,21,2400,0.00875,476,18,104,580,66400,0.00873493975903615,498,3,4,1,0,0,84,79,5,0,1999,0,799,799,0,0,0,0,0,0,0,NaN,NaN,NaN,NaN,1,0,0,coherence-cumulative,1,16,0,0,31511371853,NaN,0,1,4,34840713,2484,2730,5390527,6.8,6,1,0,1,1,148,141,148,28,16,10,24,26,0,0,0,0,0,static-wide-low,joint-control-iid5,admissible
16079024,static-wide-low,static-wide-low,iid-occupancy15,iid-occupancy15,iid-occupancy15,5,30392929448,22053968750,32711604,16471445,37918,1,0,1,1,1,1,0,0,0,15,3,18,2400,0.0075,420,18,78,498,66400,0.0075,498,3,3,0,0,0,72,60,12,0,2000,0,800,407,393,0,0,0,0,0,0,NaN,NaN,NaN,NaN,1,0,0,coherence-cumulative,1,15,0,0.15,31511371853,1100323,3421,1,5,34840713,2484,2730,5390527,6.8,6,1,0,1,1,148,141,148,28,16,10,24,26,0,0,0,0,0,static-wide-low,iid-occupancy15,admissible
16079024,static-wide-low,static-wide-low,directed-response-blackout,directed-response-blackout,directed-response-blackout,5,30392929448,25557811881,32711604,15887771,37918,1,0,1,0,NaN,0.8,0,0,0,412,400,812,2400,0.338333333333333,11536,18,10400,21936,66400,0.330361445783133,498,400,400,399,0,0,3248,2848,400,0,1600,148,400,400,0,0,148,148,0,0,1,NaN,NaN,NaN,NaN,1,0,0,coherence-cumulative,1,13,1,0,31511371853,NaN,0,1,6,34840713,2484,2730,5390527,6.8,6,1,0,1,1,148,141,148,28,16,10,24,26,0,1,0,0,0,static-wide-low,directed-response-blackout,admissible
16079024,mobile-limited-low,mobile-limited-low,zero,zero,zero,5,30392929448,30392929448,32495640,16473959,36938,1,0,1,1,1,1,0,0,0,145,29,174,2400,0.0725,4060,174,754,4814,66400,0.0725,4814,29,29,0,0,0,87,87,0,0,2000,0,800,800,0,0,0,0,0,0,0,NaN,NaN,NaN,NaN,1,0,0,coherence-cumulative,1,145,0,0,31511371853,NaN,0,2,1,34840713,2484,2484,3657128,1,3,1,0,1,1,21,14,21,28,16,10,24,26,0,0,0,0,0,mobile-limited-low,zero,admissible
16079024,mobile-limited-low,mobile-limited-low,claim-iid5,claim-iid5,claim-iid5,5,30392929448,30392929448,32881205,16473959,36938,1,0,1,1,1,1,0,0,0,145,29,174,2400,0.0725,4060,174,754,4814,66400,0.0725,4814,29,29,0,0,0,87,87,0,0,2000,0,800,800,0,0,0,0,0,0,0,NaN,NaN,NaN,NaN,1,0,0,coherence-cumulative,1,145,0,0,31511371853,NaN,0,2,2,34840713,2484,2484,3657128,1,3,1,0,1,1,21,14,21,28,16,10,24,26,0,0,0,0,0,mobile-limited-low,claim-iid5,admissible
16079024,mobile-limited-low,mobile-limited-low,response-iid5,response-iid5,response-iid5,5,30392929448,30392929448,32881205,16473959,36938,1,0,1,1,1,1,0,0,0,147,31,178,2400,0.0741666666666667,4116,174,806,4922,66400,0.0741265060240964,4814,31,31,2,0,0,91,89,2,0,2000,0,800,800,0,0,0,0,0,0,0,NaN,NaN,NaN,NaN,1,0,0,coherence-cumulative,1,145,0,0,31511371853,NaN,0,2,3,34840713,2484,2484,3657128,1,3,1,0,1,1,21,14,21,28,16,10,24,26,0,0,0,0,0,mobile-limited-low,response-iid5,admissible
16079024,mobile-limited-low,mobile-limited-low,joint-control-iid5,joint-control-iid5,joint-control-iid5,5,30392929448,30392929448,33266770,16473959,36938,1,0,1,1,1,1,0,0,0,147,31,178,2400,0.0741666666666667,4116,174,806,4922,66400,0.0741265060240964,4814,31,31,2,0,0,91,89,2,0,2000,0,800,800,0,0,0,0,0,0,0,NaN,NaN,NaN,NaN,1,0,0,coherence-cumulative,1,145,0,0,31511371853,NaN,0,2,4,34840713,2484,2484,3657128,1,3,1,0,1,1,21,14,21,28,16,10,24,26,0,0,0,0,0,mobile-limited-low,joint-control-iid5,admissible
16079024,mobile-limited-low,mobile-limited-low,iid-occupancy15,iid-occupancy15,iid-occupancy15,5,30392929448,22073776114,32495640,16473959,36938,1,0,1,1,1,1,0,0,0,166,46,212,2400,0.0883333333333333,4648,174,1196,5844,66400,0.0880120481927711,4814,46,46,21,0,0,125,89,36,0,2000,0,800,407,393,0,0,0,0,0,0,NaN,NaN,NaN,NaN,1,0,0,coherence-cumulative,1,145,0,0.15,31511371853,176134,3420,2,5,34840713,2484,2484,3657128,1,3,1,0,1,1,21,14,21,28,16,10,24,26,0,0,0,0,0,mobile-limited-low,iid-occupancy15,admissible
16079024,mobile-limited-low,mobile-limited-low,directed-response-blackout,directed-response-blackout,directed-response-blackout,5,30392929448,25556211881,32495640,15889773,36938,1,0,1,0,NaN,0.8,0,0,0,516,400,916,2400,0.381666666666667,14448,174,10400,24848,66400,0.37421686746988,4814,400,400,399,0,0,829,429,400,0,1600,148,400,400,0,0,148,148,0,0,1,NaN,NaN,NaN,NaN,1,0,0,coherence-cumulative,1,117,1,0,31511371853,NaN,0,2,6,34840713,2484,2484,3657128,1,3,1,0,1,1,21,14,21,28,16,10,24,26,0,1,0,0,0,mobile-limited-low,directed-response-blackout,admissible
16079024,mobile-limited-high,mobile-limited-high,zero,zero,zero,5,30392929448,30392929448,33183620,16485922,36938,1,0,1,1,1,1,0,0,0,670,134,804,2400,0.335,18760,804,3484,22244,66400,0.335,22244,134,134,0,0,0,402,402,0,0,2000,0,800,800,0,0,0,0,0,0,0,NaN,NaN,NaN,NaN,1,0,0,coherence-cumulative,1,670,0,0,31511371853,NaN,0,3,1,34840713,2484,2484,8502889,0.5,2,1,0,1,1,10,3,10,28,16,10,24,26,0,0,0,0,0,mobile-limited-high,zero,admissible
16079024,mobile-limited-high,mobile-limited-high,claim-iid5,claim-iid5,claim-iid5,5,30392929448,30392929448,33569185,16485922,36938,1,0,1,1,1,1,0,0,0,675,139,814,2400,0.339166666666667,18900,804,3614,22514,66400,0.339066265060241,22244,139,139,5,0,0,412,401,11,0,2000,0,800,800,0,0,0,0,0,0,0,NaN,NaN,NaN,NaN,1,0,0,coherence-cumulative,1,670,0,0,31511371853,NaN,0,3,2,34840713,2484,2484,8502889,0.5,2,1,0,1,1,10,3,10,28,16,10,24,26,0,0,0,0,0,mobile-limited-high,claim-iid5,admissible
16079024,mobile-limited-high,mobile-limited-high,response-iid5,response-iid5,response-iid5,5,30392929448,30392929448,33569185,16485922,36938,1,0,1,1,1,1,0,0,0,678,142,820,2400,0.341666666666667,18984,804,3692,22676,66400,0.341506024096386,22244,142,142,8,0,0,418,410,8,0,2000,0,800,800,0,0,0,0,0,0,0,NaN,NaN,NaN,NaN,1,0,0,coherence-cumulative,1,670,0,0,31511371853,NaN,0,3,3,34840713,2484,2484,8502889,0.5,2,1,0,1,1,10,3,10,28,16,10,24,26,0,0,0,0,0,mobile-limited-high,response-iid5,admissible
16079024,mobile-limited-high,mobile-limited-high,joint-control-iid5,joint-control-iid5,joint-control-iid5,5,30392929448,30392929448,33954750,16485922,36938,1,0,1,1,1,1,0,0,0,683,147,830,2400,0.345833333333333,19124,804,3822,22946,66400,0.345572289156627,22244,147,147,13,0,0,428,408,20,0,2000,0,800,800,0,0,0,0,0,0,0,NaN,NaN,NaN,NaN,1,0,0,coherence-cumulative,1,670,0,0,31511371853,NaN,0,3,4,34840713,2484,2484,8502889,0.5,2,1,0,1,1,10,3,10,28,16,10,24,26,0,0,0,0,0,mobile-limited-high,joint-control-iid5,admissible
16079024,mobile-limited-high,mobile-limited-high,iid-occupancy15,iid-occupancy15,iid-occupancy15,5,30392929448,22073776114,33183620,16485618,36938,1,0,1,1,1,1,0,0,0,763,212,975,2400,0.40625,21364,804,5512,26876,66400,0.404759036144578,22244,212,212,101,0,0,573,411,162,0,2000,0,800,407,393,0,0,0,0,0,0,NaN,NaN,NaN,NaN,1,0,0,coherence-cumulative,1,662,0,0.15,31511371853,176134,3420,3,5,34840713,2484,2484,8502889,0.5,2,1,0,1,1,10,3,10,28,16,10,24,26,0,0,0,0,0,mobile-limited-high,iid-occupancy15,admissible
16079024,mobile-limited-high,mobile-limited-high,directed-response-blackout,directed-response-blackout,directed-response-blackout,5,30392929448,25556211881,33183620,15897858,36938,1,0,1,0,NaN,0.8,0,0,0,936,400,1336,2400,0.556666666666667,26208,804,10400,36608,66400,0.551325301204819,22244,400,400,399,0,0,934,534,400,0,1600,148,400,400,0,0,148,148,0,0,1,NaN,NaN,NaN,NaN,1,0,0,coherence-cumulative,1,537,1,0,31511371853,NaN,0,3,6,34840713,2484,2484,8502889,0.5,2,1,0,1,1,10,3,10,28,16,10,24,26,0,1,0,0,0,mobile-limited-high,directed-response-blackout,admissible
16079024,static-wide-low,static-wide-low,zero,zero,zero,10,113306468173,113306468173,33760395,66363259,611969,4,0,1,1,1,1,0,0,0,60,24,84,5600,0.015,1680,84,624,2304,153600,0.015,2304,24,24,0,0,0,756,756,0,0,4000,0,3200,3200,0,0,0,0,0,0,0,NaN,NaN,NaN,NaN,1,0,0,coherence-cumulative,1,60,0,0,31464123209,NaN,0,1,1,68533337,36495,40685,5732396,6.8,6,4,0,1,1,78,71,78,28,16,10,24,26,0,0,0,0,0,static-wide-low,zero,admissible
16079024,static-wide-low,static-wide-low,claim-iid5,claim-iid5,claim-iid5,10,113306468173,113306468173,34145960,66360543,611969,4,0,1,1,2,0.99975,0,0,0,64,26,90,5600,0.0160714285714286,1792,84,676,2468,153600,0.0160677083333333,2304,25,26,2,0,0,810,782,28,0,3999,1,3199,3199,0,0,1,1,0,0,1,NaN,NaN,NaN,NaN,1,0,0,coherence-cumulative,1,62,0,0,31464123209,NaN,0,1,2,68533337,36495,40685,5732396,6.8,6,4,0,1,1,78,71,78,28,16,10,24,26,0,0,0,0,0,static-wide-low,claim-iid5,admissible
16079024,static-wide-low,static-wide-low,response-iid5,response-iid5,response-iid5,10,113306468173,113306468173,34145960,66363259,611969,4,0,1,1,1,1,0,0,0,62,26,88,5600,0.0157142857142857,1736,84,676,2412,153600,0.015703125,2304,26,26,2,0,0,792,778,14,0,4000,0,3200,3200,0,0,0,0,0,0,0,NaN,NaN,NaN,NaN,1,0,0,coherence-cumulative,1,60,0,0,31464123209,NaN,0,1,3,68533337,36495,40685,5732396,6.8,6,4,0,1,1,78,71,78,28,16,10,24,26,0,0,0,0,0,static-wide-low,response-iid5,admissible
16079024,static-wide-low,static-wide-low,joint-control-iid5,joint-control-iid5,joint-control-iid5,10,113306468173,113306468173,34531525,66360465,611969,4,0,1,1,2,0.99975,0,0,0,65,27,92,5600,0.0164285714285714,1820,84,702,2522,153600,0.0164192708333333,2304,26,27,4,0,0,828,786,42,0,3999,1,3199,3199,0,0,1,1,0,0,1,NaN,NaN,NaN,NaN,1,0,0,coherence-cumulative,1,61,0,0,31464123209,NaN,0,1,4,68533337,36495,40685,5732396,6.8,6,4,0,1,1,78,71,78,28,16,10,24,26,0,0,0,0,0,static-wide-low,joint-control-iid5,admissible
16079024,static-wide-low,static-wide-low,iid-occupancy15,iid-occupancy15,iid-occupancy15,10,113306468173,77740155765,33760395,66350253,611969,4,0,1,1,3,0.999,0,0,0,85,40,125,5600,0.0223214285714286,2380,84,1040,3420,153600,0.022265625,2304,39,40,24,0,0,1125,837,288,0,3996,1,3196,1760,1436,0,1,0,1,0,1,NaN,NaN,NaN,NaN,1,0,0,coherence-cumulative,1,61,0,0.15,31464123209,1046864,7254,1,5,68533337,36495,40685,5732396,6.8,6,4,0,1,1,78,71,78,28,16,10,24,26,0,0,0,0,0,static-wide-low,iid-occupancy15,admissible
16079024,static-wide-low,static-wide-low,directed-response-blackout,directed-response-blackout,directed-response-blackout,10,113306468173,93910574996,33760395,65746171,611969,4,0,1,0,NaN,0.9,0,0,0,454,418,872,5600,0.155714285714286,12712,84,10868,23580,153600,0.153515625,2304,418,418,399,0,0,7848,7448,400,0,3600,69,2800,2800,0,0,69,69,0,0,1,NaN,NaN,NaN,NaN,1,0,0,coherence-cumulative,1,55,1,0,31464123209,NaN,0,1,6,68533337,36495,40685,5732396,6.8,6,4,0,1,1,78,71,78,28,16,10,24,26,0,1,0,0,0,static-wide-low,directed-response-blackout,admissible
16079024,mobile-limited-low,mobile-limited-low,zero,zero,zero,10,113306468173,113306468173,32903780,57168250,565445,0,0,0,0,NaN,0,0,0,0,0,0,0,4000,0,0,310,0,0,112000,0,8680,0,0,0,0,0,0,0,0,0,0,802,0,0,0,0,575,575,0,0,1,NaN,NaN,NaN,NaN,1,0,0,coherence-cumulative,1,0,0,0,31464123209,NaN,0,2,1,68533337,36495,36495,4982803,0.5,2,4,0,1,0,0,13,20,28,16,10,24,0,0,0,0,0,0,mobile-limited-low,zero,horizon-shorter-than-renewal-slack
16079024,mobile-limited-low,mobile-limited-low,claim-iid5,claim-iid5,claim-iid5,10,113306468173,113306468173,33289345,57168250,565445,0,0,0,0,NaN,0,0,0,0,0,0,0,4000,0,0,310,0,0,112000,0,8680,0,0,0,0,0,0,0,0,0,0,802,0,0,0,0,575,575,0,0,1,NaN,NaN,NaN,NaN,1,0,0,coherence-cumulative,1,0,0,0,31464123209,NaN,0,2,2,68533337,36495,36495,4982803,0.5,2,4,0,1,0,0,13,20,28,16,10,24,0,0,0,0,0,0,mobile-limited-low,claim-iid5,horizon-shorter-than-renewal-slack
16079024,mobile-limited-low,mobile-limited-low,response-iid5,response-iid5,response-iid5,10,113306468173,113306468173,33289345,57168250,565445,0,0,0,0,NaN,0,0,0,0,0,0,0,4000,0,0,310,0,0,112000,0,8680,0,0,0,0,0,0,0,0,0,0,802,0,0,0,0,575,575,0,0,1,NaN,NaN,NaN,NaN,1,0,0,coherence-cumulative,1,0,0,0,31464123209,NaN,0,2,3,68533337,36495,36495,4982803,0.5,2,4,0,1,0,0,13,20,28,16,10,24,0,0,0,0,0,0,mobile-limited-low,response-iid5,horizon-shorter-than-renewal-slack
16079024,mobile-limited-low,mobile-limited-low,joint-control-iid5,joint-control-iid5,joint-control-iid5,10,113306468173,113306468173,33674910,57168250,565445,0,0,0,0,NaN,0,0,0,0,0,0,0,4000,0,0,310,0,0,112000,0,8680,0,0,0,0,0,0,0,0,0,0,802,0,0,0,0,575,575,0,0,1,NaN,NaN,NaN,NaN,1,0,0,coherence-cumulative,1,0,0,0,31464123209,NaN,0,2,4,68533337,36495,36495,4982803,0.5,2,4,0,1,0,0,13,20,28,16,10,24,0,0,0,0,0,0,mobile-limited-low,joint-control-iid5,horizon-shorter-than-renewal-slack
16079024,mobile-limited-low,mobile-limited-low,iid-occupancy15,iid-occupancy15,iid-occupancy15,10,113306468173,78460369986,32903780,57168250,565445,0,0,0,0,NaN,0,0,0,0,0,0,0,4000,0,0,310,0,0,112000,0,8680,0,0,0,0,0,0,0,0,0,0,802,0,0,0,0,575,306,269,0,1,NaN,NaN,NaN,NaN,1,0,0,coherence-cumulative,1,0,0,0.15,31464123209,1900409,7127,2,5,68533337,36495,36495,4982803,0.5,2,4,0,1,0,0,13,20,28,16,10,24,0,0,0,0,0,0,mobile-limited-low,iid-occupancy15,horizon-shorter-than-renewal-slack
16079024,mobile-limited-low,mobile-limited-low,directed-response-blackout,directed-response-blackout,directed-response-blackout,10,113306468173,113306468173,32903780,57168250,565445,0,0,0,0,NaN,0,0,0,0,0,0,0,4000,0,0,310,0,0,112000,0,8680,0,0,0,0,0,0,0,0,0,0,802,0,0,0,0,575,575,0,0,1,NaN,NaN,NaN,NaN,1,0,0,coherence-cumulative,1,0,0,0,31464123209,NaN,0,2,6,68533337,36495,36495,4982803,0.5,2,4,0,1,0,0,13,20,28,16,10,24,0,0,0,0,0,0,mobile-limited-low,directed-response-blackout,horizon-shorter-than-renewal-slack
16079024,mobile-limited-high,mobile-limited-high,zero,zero,zero,10,113306468173,113306468173,31701321,57168250,565445,0,0,0,0,NaN,0,0,0,0,0,0,0,4000,0,0,310,0,0,112000,0,8680,0,0,0,0,0,0,0,0,0,0,802,0,0,0,0,575,575,0,0,1,NaN,NaN,NaN,NaN,1,0,0,coherence-cumulative,1,0,0,0,31464123209,NaN,0,3,1,68533337,36495,36495,4736539,0,0,0,0,1,0,0,13,20,28,16,10,24,0,0,0,0,0,0,mobile-limited-high,zero,selector-issued-no-horizon
16079024,mobile-limited-high,mobile-limited-high,claim-iid5,claim-iid5,claim-iid5,10,113306468173,113306468173,32086886,57168250,565445,0,0,0,0,NaN,0,0,0,0,0,0,0,4000,0,0,310,0,0,112000,0,8680,0,0,0,0,0,0,0,0,0,0,802,0,0,0,0,575,575,0,0,1,NaN,NaN,NaN,NaN,1,0,0,coherence-cumulative,1,0,0,0,31464123209,NaN,0,3,2,68533337,36495,36495,4736539,0,0,0,0,1,0,0,13,20,28,16,10,24,0,0,0,0,0,0,mobile-limited-high,claim-iid5,selector-issued-no-horizon
16079024,mobile-limited-high,mobile-limited-high,response-iid5,response-iid5,response-iid5,10,113306468173,113306468173,32086886,57168250,565445,0,0,0,0,NaN,0,0,0,0,0,0,0,4000,0,0,310,0,0,112000,0,8680,0,0,0,0,0,0,0,0,0,0,802,0,0,0,0,575,575,0,0,1,NaN,NaN,NaN,NaN,1,0,0,coherence-cumulative,1,0,0,0,31464123209,NaN,0,3,3,68533337,36495,36495,4736539,0,0,0,0,1,0,0,13,20,28,16,10,24,0,0,0,0,0,0,mobile-limited-high,response-iid5,selector-issued-no-horizon
16079024,mobile-limited-high,mobile-limited-high,joint-control-iid5,joint-control-iid5,joint-control-iid5,10,113306468173,113306468173,32472451,57168250,565445,0,0,0,0,NaN,0,0,0,0,0,0,0,4000,0,0,310,0,0,112000,0,8680,0,0,0,0,0,0,0,0,0,0,802,0,0,0,0,575,575,0,0,1,NaN,NaN,NaN,NaN,1,0,0,coherence-cumulative,1,0,0,0,31464123209,NaN,0,3,4,68533337,36495,36495,4736539,0,0,0,0,1,0,0,13,20,28,16,10,24,0,0,0,0,0,0,mobile-limited-high,joint-control-iid5,selector-issued-no-horizon
16079024,mobile-limited-high,mobile-limited-high,iid-occupancy15,iid-occupancy15,iid-occupancy15,10,113306468173,78460369986,31701321,57168250,565445,0,0,0,0,NaN,0,0,0,0,0,0,0,4000,0,0,310,0,0,112000,0,8680,0,0,0,0,0,0,0,0,0,0,802,0,0,0,0,575,306,269,0,1,NaN,NaN,NaN,NaN,1,0,0,coherence-cumulative,1,0,0,0.15,31464123209,1900409,7127,3,5,68533337,36495,36495,4736539,0,0,0,0,1,0,0,13,20,28,16,10,24,0,0,0,0,0,0,mobile-limited-high,iid-occupancy15,selector-issued-no-horizon
16079024,mobile-limited-high,mobile-limited-high,directed-response-blackout,directed-response-blackout,directed-response-blackout,10,113306468173,113306468173,31701321,57168250,565445,0,0,0,0,NaN,0,0,0,0,0,0,0,4000,0,0,310,0,0,112000,0,8680,0,0,0,0,0,0,0,0,0,0,802,0,0,0,0,575,575,0,0,1,NaN,NaN,NaN,NaN,1,0,0,coherence-cumulative,1,0,0,0,31464123209,NaN,0,3,6,68533337,36495,36495,4736539,0,0,0,0,1,0,0,13,20,28,16,10,24,0,0,0,0,0,0,mobile-limited-high,directed-response-blackout,selector-issued-no-horizon
16079025,static-wide-low,static-wide-low,zero,zero,zero,5,30451042002,30451042002,33431870,16471445,37834,1,0,1,1,1,1,0,0,0,15,3,18,2400,0.0075,420,18,78,498,66400,0.0075,498,3,3,0,0,0,72,72,0,0,2000,0,800,800,0,0,0,0,0,0,0,NaN,NaN,NaN,NaN,1,0,0,coherence-cumulative,1,15,0,0,31382521371,NaN,0,1,1,38665028,2472,2730,6518442,6.8,6,1,0,1,1,148,141,148,28,16,10,24,26,0,0,0,0,0,static-wide-low,zero,admissible
16079025,static-wide-low,static-wide-low,claim-iid5,claim-iid5,claim-iid5,5,30451042002,30451042002,33817435,16471445,37834,1,0,1,1,1,1,0,0,0,16,4,20,2400,0.00833333333333333,448,18,104,552,66400,0.00831325301204819,498,4,4,1,0,0,80,76,4,0,2000,0,800,800,0,0,0,0,0,0,0,NaN,NaN,NaN,NaN,1,0,0,coherence-cumulative,1,15,0,0,31382521371,NaN,0,1,2,38665028,2472,2730,6518442,6.8,6,1,0,1,1,148,141,148,28,16,10,24,26,0,0,0,0,0,static-wide-low,claim-iid5,admissible
16079025,static-wide-low,static-wide-low,response-iid5,response-iid5,response-iid5,5,30451042002,30451042002,33817435,16471445,37834,1,0,1,1,1,1,0,0,0,15,3,18,2400,0.0075,420,18,78,498,66400,0.0075,498,3,3,0,0,0,72,72,0,0,2000,0,800,800,0,0,0,0,0,0,0,NaN,NaN,NaN,NaN,1,0,0,coherence-cumulative,1,15,0,0,31382521371,NaN,0,1,3,38665028,2472,2730,6518442,6.8,6,1,0,1,1,148,141,148,28,16,10,24,26,0,0,0,0,0,static-wide-low,response-iid5,admissible
16079025,static-wide-low,static-wide-low,joint-control-iid5,joint-control-iid5,joint-control-iid5,5,30451042002,30451042002,34203000,16471445,37834,1,0,1,1,1,1,0,0,0,16,4,20,2400,0.00833333333333333,448,18,104,552,66400,0.00831325301204819,498,4,4,1,0,0,80,76,4,0,2000,0,800,800,0,0,0,0,0,0,0,NaN,NaN,NaN,NaN,1,0,0,coherence-cumulative,1,15,0,0,31382521371,NaN,0,1,4,38665028,2472,2730,6518442,6.8,6,1,0,1,1,148,141,148,28,16,10,24,26,0,0,0,0,0,static-wide-low,joint-control-iid5,admissible
16079025,static-wide-low,static-wide-low,iid-occupancy15,iid-occupancy15,iid-occupancy15,5,30451042002,21961649880,33431870,16470216,37834,1,0,1,1,2,0.9995,0,0,0,16,4,20,2400,0.00833333333333333,448,18,104,552,66400,0.00831325301204819,498,4,4,1,0,0,80,68,12,0,1999,0,799,420,379,0,0,0,0,0,0,NaN,NaN,NaN,NaN,1,0,0,coherence-cumulative,1,15,0,0.15,31382521371,1117171,3445,1,5,38665028,2472,2730,6518442,6.8,6,1,0,1,1,148,141,148,28,16,10,24,26,0,0,0,0,0,static-wide-low,iid-occupancy15,admissible
16079025,static-wide-low,static-wide-low,directed-response-blackout,directed-response-blackout,directed-response-blackout,5,30451042002,25581376013,33431870,15887771,37834,1,0,1,0,NaN,0.8,0,0,0,412,400,812,2400,0.338333333333333,11536,18,10400,21936,66400,0.330361445783133,498,400,400,399,0,0,3248,2848,400,0,1600,142,400,400,0,0,142,142,0,0,1,NaN,NaN,NaN,NaN,1,0,0,coherence-cumulative,1,13,1,0,31382521371,NaN,0,1,6,38665028,2472,2730,6518442,6.8,6,1,0,1,1,148,141,148,28,16,10,24,26,0,1,0,0,0,static-wide-low,directed-response-blackout,admissible
16079025,mobile-limited-low,mobile-limited-low,zero,zero,zero,5,30451042002,30451042002,32361255,16473959,36610,1,0,1,1,1,1,0,0,0,145,29,174,2400,0.0725,4060,174,754,4814,66400,0.0725,4814,29,29,0,0,0,87,87,0,0,2000,0,800,800,0,0,0,0,0,0,0,NaN,NaN,NaN,NaN,1,0,0,coherence-cumulative,1,145,0,0,31382521371,NaN,0,2,1,38665028,2472,2472,5830564,1,3,1,0,1,1,21,14,21,28,16,10,24,26,0,0,0,0,0,mobile-limited-low,zero,admissible
16079025,mobile-limited-low,mobile-limited-low,claim-iid5,claim-iid5,claim-iid5,5,30451042002,30451042002,32746820,16473959,36610,1,0,1,1,1,1,0,0,0,147,30,177,2400,0.07375,4116,174,780,4896,66400,0.0737349397590361,4814,30,30,2,0,0,90,87,3,0,2000,0,800,800,0,0,0,0,0,0,0,NaN,NaN,NaN,NaN,1,0,0,coherence-cumulative,1,145,0,0,31382521371,NaN,0,2,2,38665028,2472,2472,5830564,1,3,1,0,1,1,21,14,21,28,16,10,24,26,0,0,0,0,0,mobile-limited-low,claim-iid5,admissible
16079025,mobile-limited-low,mobile-limited-low,response-iid5,response-iid5,response-iid5,5,30451042002,30451042002,32746820,16473959,36610,1,0,1,1,1,1,0,0,0,147,31,178,2400,0.0741666666666667,4116,174,806,4922,66400,0.0741265060240964,4814,31,31,2,0,0,91,89,2,0,2000,0,800,800,0,0,0,0,0,0,0,NaN,NaN,NaN,NaN,1,0,0,coherence-cumulative,1,145,0,0,31382521371,NaN,0,2,3,38665028,2472,2472,5830564,1,3,1,0,1,1,21,14,21,28,16,10,24,26,0,0,0,0,0,mobile-limited-low,response-iid5,admissible
16079025,mobile-limited-low,mobile-limited-low,joint-control-iid5,joint-control-iid5,joint-control-iid5,5,30451042002,30451042002,33132385,16473959,36610,1,0,1,1,1,1,0,0,0,149,32,181,2400,0.0754166666666667,4172,174,832,5004,66400,0.0753614457831325,4814,32,32,4,0,0,94,89,5,0,2000,0,800,800,0,0,0,0,0,0,0,NaN,NaN,NaN,NaN,1,0,0,coherence-cumulative,1,145,0,0,31382521371,NaN,0,2,4,38665028,2472,2472,5830564,1,3,1,0,1,1,21,14,21,28,16,10,24,26,0,0,0,0,0,mobile-limited-low,joint-control-iid5,admissible
16079025,mobile-limited-low,mobile-limited-low,iid-occupancy15,iid-occupancy15,iid-occupancy15,5,30451042002,21961649880,32361255,16472730,36610,1,0,1,1,2,0.9995,0,0,0,163,47,210,2400,0.0875,4564,174,1222,5786,66400,0.0871385542168675,4814,47,47,18,0,0,123,94,29,0,1999,0,799,420,379,0,0,0,0,0,0,NaN,NaN,NaN,NaN,1,0,0,coherence-cumulative,1,145,0,0.15,31382521371,1117171,3445,2,5,38665028,2472,2472,5830564,1,3,1,0,1,1,21,14,21,28,16,10,24,26,0,0,0,0,0,mobile-limited-low,iid-occupancy15,admissible
16079025,mobile-limited-low,mobile-limited-low,directed-response-blackout,directed-response-blackout,directed-response-blackout,5,30451042002,25581376013,32361255,15889773,36610,1,0,1,0,NaN,0.8,0,0,0,516,400,916,2400,0.381666666666667,14448,174,10400,24848,66400,0.37421686746988,4814,400,400,399,0,0,829,429,400,0,1600,142,400,400,0,0,142,142,0,0,1,NaN,NaN,NaN,NaN,1,0,0,coherence-cumulative,1,117,1,0,31382521371,NaN,0,2,6,38665028,2472,2472,5830564,1,3,1,0,1,1,21,14,21,28,16,10,24,26,0,1,0,0,0,mobile-limited-low,directed-response-blackout,admissible
16079025,mobile-limited-high,mobile-limited-high,zero,zero,zero,5,30451042002,30451042002,32165883,16473959,36610,1,0,1,1,1,1,0,0,0,145,29,174,2400,0.0725,4060,174,754,4814,66400,0.0725,4814,29,29,0,0,0,87,87,0,0,2000,0,800,800,0,0,0,0,0,0,0,NaN,NaN,NaN,NaN,1,0,0,coherence-cumulative,1,145,0,0,31382521371,NaN,0,3,1,38665028,2472,2472,5452898,1,3,1,0,1,1,21,14,21,28,16,10,24,26,0,0,0,0,0,mobile-limited-high,zero,admissible
16079025,mobile-limited-high,mobile-limited-high,claim-iid5,claim-iid5,claim-iid5,5,30451042002,30451042002,32551448,16473959,36610,1,0,1,1,1,1,0,0,0,147,30,177,2400,0.07375,4116,174,780,4896,66400,0.0737349397590361,4814,30,30,2,0,0,90,87,3,0,2000,0,800,800,0,0,0,0,0,0,0,NaN,NaN,NaN,NaN,1,0,0,coherence-cumulative,1,145,0,0,31382521371,NaN,0,3,2,38665028,2472,2472,5452898,1,3,1,0,1,1,21,14,21,28,16,10,24,26,0,0,0,0,0,mobile-limited-high,claim-iid5,admissible
16079025,mobile-limited-high,mobile-limited-high,response-iid5,response-iid5,response-iid5,5,30451042002,30451042002,32551448,16473959,36610,1,0,1,1,1,1,0,0,0,147,31,178,2400,0.0741666666666667,4116,174,806,4922,66400,0.0741265060240964,4814,31,31,2,0,0,91,89,2,0,2000,0,800,800,0,0,0,0,0,0,0,NaN,NaN,NaN,NaN,1,0,0,coherence-cumulative,1,145,0,0,31382521371,NaN,0,3,3,38665028,2472,2472,5452898,1,3,1,0,1,1,21,14,21,28,16,10,24,26,0,0,0,0,0,mobile-limited-high,response-iid5,admissible
16079025,mobile-limited-high,mobile-limited-high,joint-control-iid5,joint-control-iid5,joint-control-iid5,5,30451042002,30451042002,32937013,16473959,36610,1,0,1,1,1,1,0,0,0,149,32,181,2400,0.0754166666666667,4172,174,832,5004,66400,0.0753614457831325,4814,32,32,4,0,0,94,89,5,0,2000,0,800,800,0,0,0,0,0,0,0,NaN,NaN,NaN,NaN,1,0,0,coherence-cumulative,1,145,0,0,31382521371,NaN,0,3,4,38665028,2472,2472,5452898,1,3,1,0,1,1,21,14,21,28,16,10,24,26,0,0,0,0,0,mobile-limited-high,joint-control-iid5,admissible
16079025,mobile-limited-high,mobile-limited-high,iid-occupancy15,iid-occupancy15,iid-occupancy15,5,30451042002,21961649880,32165883,16472730,36610,1,0,1,1,2,0.9995,0,0,0,163,47,210,2400,0.0875,4564,174,1222,5786,66400,0.0871385542168675,4814,47,47,18,0,0,123,94,29,0,1999,0,799,420,379,0,0,0,0,0,0,NaN,NaN,NaN,NaN,1,0,0,coherence-cumulative,1,145,0,0.15,31382521371,1117171,3445,3,5,38665028,2472,2472,5452898,1,3,1,0,1,1,21,14,21,28,16,10,24,26,0,0,0,0,0,mobile-limited-high,iid-occupancy15,admissible
16079025,mobile-limited-high,mobile-limited-high,directed-response-blackout,directed-response-blackout,directed-response-blackout,5,30451042002,25581376013,32165883,15889773,36610,1,0,1,0,NaN,0.8,0,0,0,516,400,916,2400,0.381666666666667,14448,174,10400,24848,66400,0.37421686746988,4814,400,400,399,0,0,829,429,400,0,1600,142,400,400,0,0,142,142,0,0,1,NaN,NaN,NaN,NaN,1,0,0,coherence-cumulative,1,117,1,0,31382521371,NaN,0,3,6,38665028,2472,2472,5452898,1,3,1,0,1,1,21,14,21,28,16,10,24,26,0,1,0,0,0,mobile-limited-high,directed-response-blackout,admissible
16079025,static-wide-low,static-wide-low,zero,zero,zero,10,113202598041,113202598041,34286283,65840067,592961,2,0,1,1,1,1,0,0,0,60,12,72,4800,0.015,1680,72,312,1992,132800,0.015,1992,12,12,0,0,0,648,648,0,0,4000,0,1600,1600,0,0,0,0,0,0,0,NaN,NaN,NaN,NaN,1,0,0,coherence-cumulative,1,60,0,0,31423092621,NaN,0,1,1,72907883,36201,40685,5694711,6.8,6,2,0,1,1,82,75,82,28,16,10,24,26,0,0,0,0,0,static-wide-low,zero,admissible
16079025,static-wide-low,static-wide-low,claim-iid5,claim-iid5,claim-iid5,10,113202598041,113202598041,34671848,65840067,592961,2,0,1,1,1,1,0,0,0,61,13,74,4800,0.0154166666666667,1708,72,338,2046,132800,0.0154066265060241,1992,13,13,1,0,0,666,641,25,0,4000,0,1600,1600,0,0,0,0,0,0,0,NaN,NaN,NaN,NaN,1,0,0,coherence-cumulative,1,60,0,0,31423092621,NaN,0,1,2,72907883,36201,40685,5694711,6.8,6,2,0,1,1,82,75,82,28,16,10,24,26,0,0,0,0,0,static-wide-low,claim-iid5,admissible
16079025,static-wide-low,static-wide-low,response-iid5,response-iid5,response-iid5,10,113202598041,113202598041,34671848,65840067,592961,2,0,1,1,1,1,0,0,0,61,13,74,4800,0.0154166666666667,1708,72,338,2046,132800,0.0154066265060241,1992,13,13,1,0,0,666,661,5,0,4000,0,1600,1600,0,0,0,0,0,0,0,NaN,NaN,NaN,NaN,1,0,0,coherence-cumulative,1,60,0,0,31423092621,NaN,0,1,3,72907883,36201,40685,5694711,6.8,6,2,0,1,1,82,75,82,28,16,10,24,26,0,0,0,0,0,static-wide-low,response-iid5,admissible
16079025,static-wide-low,static-wide-low,joint-control-iid5,joint-control-iid5,joint-control-iid5,10,113202598041,113202598041,35057413,65840067,592961,2,0,1,1,1,1,0,0,0,62,14,76,4800,0.0158333333333333,1736,72,364,2100,132800,0.0158132530120482,1992,14,14,2,0,0,684,653,31,0,4000,0,1600,1600,0,0,0,0,0,0,0,NaN,NaN,NaN,NaN,1,0,0,coherence-cumulative,1,60,0,0,31423092621,NaN,0,1,4,72907883,36201,40685,5694711,6.8,6,2,0,1,1,82,75,82,28,16,10,24,26,0,0,0,0,0,static-wide-low,joint-control-iid5,admissible
16079025,static-wide-low,static-wide-low,iid-occupancy15,iid-occupancy15,iid-occupancy15,10,113202598041,79199177257,34286283,65834688,592961,2,0,1,1,3,0.99925,0,0,0,92,28,120,4800,0.025,2576,72,728,3304,132800,0.0248795180722892,1992,27,28,29,0,0,1080,729,351,0,3997,1,1597,835,762,0,1,0,1,0,1,NaN,NaN,NaN,NaN,1,0,0,coherence-cumulative,1,63,0,0.15,31423092621,1142376,6950,1,5,72907883,36201,40685,5694711,6.8,6,2,0,1,1,82,75,82,28,16,10,24,26,0,0,0,0,0,static-wide-low,iid-occupancy15,admissible
16079025,static-wide-low,static-wide-low,directed-response-blackout,directed-response-blackout,directed-response-blackout,10,113202598041,93868473077,34286283,65232537,592961,2,0,1,0,NaN,0.9,0,0,0,454,406,860,4800,0.179166666666667,12712,72,10556,23268,132800,0.175210843373494,1992,406,406,399,0,0,7740,7340,400,0,3600,69,1200,1200,0,0,69,69,0,0,1,NaN,NaN,NaN,NaN,1,0,0,coherence-cumulative,1,55,1,0,31423092621,NaN,0,1,6,72907883,36201,40685,5694711,6.8,6,2,0,1,1,82,75,82,28,16,10,24,26,0,1,0,0,0,static-wide-low,directed-response-blackout,admissible
16079025,mobile-limited-low,mobile-limited-low,zero,zero,zero,10,113202598041,113202598041,33070329,65867103,569583,2,0,1,1,1,1,0,0,0,800,160,960,4800,0.2,22400,960,4160,26560,132800,0.2,26560,160,160,0,0,0,480,480,0,0,4000,0,1600,1600,0,0,0,0,0,0,0,NaN,NaN,NaN,NaN,1,0,0,coherence-cumulative,1,800,0,0,31423092621,NaN,0,2,1,72907883,36201,36201,4604027,1,3,2,0,1,1,12,5,12,28,16,10,24,26,0,0,0,0,0,mobile-limited-low,zero,admissible
16079025,mobile-limited-low,mobile-limited-low,claim-iid5,claim-iid5,claim-iid5,10,113202598041,113202598041,33455894,65867103,569583,2,0,1,1,1,1,0,0,0,807,166,973,4800,0.202708333333333,22596,960,4316,26912,132800,0.202650602409639,26560,166,166,7,0,0,493,480,13,0,4000,0,1600,1600,0,0,0,0,0,0,0,NaN,NaN,NaN,NaN,1,0,0,coherence-cumulative,1,800,0,0,31423092621,NaN,0,2,2,72907883,36201,36201,4604027,1,3,2,0,1,1,12,5,12,28,16,10,24,26,0,0,0,0,0,mobile-limited-low,claim-iid5,admissible
16079025,mobile-limited-low,mobile-limited-low,response-iid5,response-iid5,response-iid5,10,113202598041,113202598041,33455894,65867103,569583,2,0,1,1,1,1,0,0,0,811,171,982,4800,0.204583333333333,22708,960,4446,27154,132800,0.204472891566265,26560,171,171,11,0,0,502,491,11,0,4000,0,1600,1600,0,0,0,0,0,0,0,NaN,NaN,NaN,NaN,1,0,0,coherence-cumulative,1,800,0,0,31423092621,NaN,0,2,3,72907883,36201,36201,4604027,1,3,2,0,1,1,12,5,12,28,16,10,24,26,0,0,0,0,0,mobile-limited-low,response-iid5,admissible
16079025,mobile-limited-low,mobile-limited-low,joint-control-iid5,joint-control-iid5,joint-control-iid5,10,113202598041,113202598041,33841459,65867103,569583,2,0,1,1,1,1,0,0,0,818,177,995,4800,0.207291666666667,22904,960,4602,27506,132800,0.207123493975904,26560,177,177,18,0,0,515,491,24,0,4000,0,1600,1600,0,0,0,0,0,0,0,NaN,NaN,NaN,NaN,1,0,0,coherence-cumulative,1,800,0,0,31423092621,NaN,0,2,4,72907883,36201,36201,4604027,1,3,2,0,1,1,12,5,12,28,16,10,24,26,0,0,0,0,0,mobile-limited-low,joint-control-iid5,admissible
16079025,mobile-limited-low,mobile-limited-low,iid-occupancy15,iid-occupancy15,iid-occupancy15,10,113202598041,79266062893,33070329,65861265,569583,2,0,1,1,3,0.99925,0,0,0,910,252,1162,4800,0.242083333333333,25480,960,6552,32032,132800,0.241204819277108,26560,251,252,111,0,0,682,502,180,0,3997,1,1597,835,762,0,1,0,1,0,1,NaN,NaN,NaN,NaN,1,0,0,coherence-cumulative,1,799,0,0.15,31423092621,1455199,6943,2,5,72907883,36201,36201,4604027,1,3,2,0,1,1,12,5,12,28,16,10,24,26,0,0,0,0,0,mobile-limited-low,iid-occupancy15,admissible
16079025,mobile-limited-low,mobile-limited-low,directed-response-blackout,directed-response-blackout,directed-response-blackout,10,113202598041,93868473077,33070329,65257167,569583,2,0,1,0,NaN,0.9,0,0,0,1120,480,1600,4800,0.333333333333333,31360,960,12480,43840,132800,0.330120481927711,26560,480,480,399,0,0,1120,720,400,0,3600,69,1200,1200,0,0,69,69,0,0,1,NaN,NaN,NaN,NaN,1,0,0,coherence-cumulative,1,721,1,0,31423092621,NaN,0,2,6,72907883,36201,36201,4604027,1,3,2,0,1,1,12,5,12,28,16,10,24,26,0,1,0,0,0,mobile-limited-low,directed-response-blackout,admissible
16079025,mobile-limited-high,mobile-limited-high,zero,zero,zero,10,113202598041,113202598041,32669700,57168250,564751,0,0,0,0,NaN,0,0,0,0,0,0,0,4000,0,0,310,0,0,112000,0,8680,0,0,0,0,0,0,0,0,0,0,771,0,0,0,0,260,260,0,0,1,NaN,NaN,NaN,NaN,1,0,0,coherence-cumulative,1,0,0,0,31423092621,NaN,0,3,1,72907883,36201,36201,4696872,0,0,0,0,1,0,0,13,20,28,16,10,24,0,0,0,0,0,0,mobile-limited-high,zero,selector-issued-no-horizon
16079025,mobile-limited-high,mobile-limited-high,claim-iid5,claim-iid5,claim-iid5,10,113202598041,113202598041,33055265,57168250,564751,0,0,0,0,NaN,0,0,0,0,0,0,0,4000,0,0,310,0,0,112000,0,8680,0,0,0,0,0,0,0,0,0,0,771,0,0,0,0,260,260,0,0,1,NaN,NaN,NaN,NaN,1,0,0,coherence-cumulative,1,0,0,0,31423092621,NaN,0,3,2,72907883,36201,36201,4696872,0,0,0,0,1,0,0,13,20,28,16,10,24,0,0,0,0,0,0,mobile-limited-high,claim-iid5,selector-issued-no-horizon
16079025,mobile-limited-high,mobile-limited-high,response-iid5,response-iid5,response-iid5,10,113202598041,113202598041,33055265,57168250,564751,0,0,0,0,NaN,0,0,0,0,0,0,0,4000,0,0,310,0,0,112000,0,8680,0,0,0,0,0,0,0,0,0,0,771,0,0,0,0,260,260,0,0,1,NaN,NaN,NaN,NaN,1,0,0,coherence-cumulative,1,0,0,0,31423092621,NaN,0,3,3,72907883,36201,36201,4696872,0,0,0,0,1,0,0,13,20,28,16,10,24,0,0,0,0,0,0,mobile-limited-high,response-iid5,selector-issued-no-horizon
16079025,mobile-limited-high,mobile-limited-high,joint-control-iid5,joint-control-iid5,joint-control-iid5,10,113202598041,113202598041,33440830,57168250,564751,0,0,0,0,NaN,0,0,0,0,0,0,0,4000,0,0,310,0,0,112000,0,8680,0,0,0,0,0,0,0,0,0,0,771,0,0,0,0,260,260,0,0,1,NaN,NaN,NaN,NaN,1,0,0,coherence-cumulative,1,0,0,0,31423092621,NaN,0,3,4,72907883,36201,36201,4696872,0,0,0,0,1,0,0,13,20,28,16,10,24,0,0,0,0,0,0,mobile-limited-high,joint-control-iid5,selector-issued-no-horizon
16079025,mobile-limited-high,mobile-limited-high,iid-occupancy15,iid-occupancy15,iid-occupancy15,10,113202598041,80171123020,32669700,57168250,564751,0,0,0,0,NaN,0,0,0,0,0,0,0,4000,0,0,310,0,0,112000,0,8680,0,0,0,0,0,0,0,0,0,0,771,0,0,0,0,260,133,127,0,1,NaN,NaN,NaN,NaN,1,0,0,coherence-cumulative,1,0,0,0.15,31423092621,1538848,6749,3,5,72907883,36201,36201,4696872,0,0,0,0,1,0,0,13,20,28,16,10,24,0,0,0,0,0,0,mobile-limited-high,iid-occupancy15,selector-issued-no-horizon
16079025,mobile-limited-high,mobile-limited-high,directed-response-blackout,directed-response-blackout,directed-response-blackout,10,113202598041,113202598041,32669700,57168250,564751,0,0,0,0,NaN,0,0,0,0,0,0,0,4000,0,0,310,0,0,112000,0,8680,0,0,0,0,0,0,0,0,0,0,771,0,0,0,0,260,260,0,0,1,NaN,NaN,NaN,NaN,1,0,0,coherence-cumulative,1,0,0,0,31423092621,NaN,0,3,6,72907883,36201,36201,4696872,0,0,0,0,1,0,0,13,20,28,16,10,24,0,0,0,0,0,0,mobile-limited-high,directed-response-blackout,selector-issued-no-horizon
16079026,static-wide-low,static-wide-low,zero,zero,zero,5,30273331928,30273331928,33643150,16751324,40466,3,0,1,1,1,1,0,0,0,20,12,32,3200,0.01,560,32,312,872,87200,0.01,872,12,12,0,0,0,128,128,0,0,2000,0,1600,1600,0,0,0,0,0,0,0,NaN,NaN,NaN,NaN,1,0,0,coherence-cumulative,1,20,0,0,31466991344,NaN,0,1,1,31605867,2524,2730,6726760,6.8,6,3,0,1,1,134,127,134,28,16,10,24,26,0,0,0,0,0,static-wide-low,zero,admissible
16079026,static-wide-low,static-wide-low,claim-iid5,claim-iid5,claim-iid5,5,30273331928,30273331928,34028715,16751324,40466,3,0,1,1,1,1,0,0,0,20,12,32,3200,0.01,560,32,312,872,87200,0.01,872,12,12,0,0,0,128,127,1,0,2000,0,1600,1600,0,0,0,0,0,0,0,NaN,NaN,NaN,NaN,1,0,0,coherence-cumulative,1,20,0,0,31466991344,NaN,0,1,2,31605867,2524,2730,6726760,6.8,6,3,0,1,1,134,127,134,28,16,10,24,26,0,0,0,0,0,static-wide-low,claim-iid5,admissible
16079026,static-wide-low,static-wide-low,response-iid5,response-iid5,response-iid5,5,30273331928,30273331928,34028715,16751324,40466,3,0,1,1,1,1,0,0,0,21,14,35,3200,0.0109375,588,32,364,952,87200,0.0109174311926606,872,14,14,1,0,0,140,139,1,0,2000,0,1600,1600,0,0,0,0,0,0,0,NaN,NaN,NaN,NaN,1,0,0,coherence-cumulative,1,20,0,0,31466991344,NaN,0,1,3,31605867,2524,2730,6726760,6.8,6,3,0,1,1,134,127,134,28,16,10,24,26,0,0,0,0,0,static-wide-low,response-iid5,admissible
16079026,static-wide-low,static-wide-low,joint-control-iid5,joint-control-iid5,joint-control-iid5,5,30273331928,30273331928,34414280,16751324,40466,3,0,1,1,1,1,0,0,0,21,14,35,3200,0.0109375,588,32,364,952,87200,0.0109174311926606,872,14,14,1,0,0,140,138,2,0,2000,0,1600,1600,0,0,0,0,0,0,0,NaN,NaN,NaN,NaN,1,0,0,coherence-cumulative,1,20,0,0,31466991344,NaN,0,1,4,31605867,2524,2730,6726760,6.8,6,3,0,1,1,134,127,134,28,16,10,24,26,0,0,0,0,0,static-wide-low,joint-control-iid5,admissible
16079026,static-wide-low,static-wide-low,iid-occupancy15,iid-occupancy15,iid-occupancy15,5,30273331928,21373071740,33643150,16750767,40466,3,0,1,1,2,0.9995,0,0,0,41,40,81,3200,0.0253125,1148,32,1040,2188,87200,0.0250917431192661,872,39,40,19,0,0,324,232,92,0,1999,0,1599,822,777,0,0,0,0,0,0,NaN,NaN,NaN,NaN,1,0,0,coherence-cumulative,1,22,0,0.15,31466991344,241085,3665,1,5,31605867,2524,2730,6726760,6.8,6,3,0,1,1,134,127,134,28,16,10,24,26,0,0,0,0,0,static-wide-low,iid-occupancy15,admissible
16079026,static-wide-low,static-wide-low,directed-response-blackout,directed-response-blackout,directed-response-blackout,5,30273331928,25453447659,33643150,16313328,40466,3,0,1,0,NaN,0.8,0,0,0,416,804,1220,3200,0.38125,11648,32,20904,32552,87200,0.373302752293578,872,804,804,399,0,0,4880,4480,400,0,1600,153,1200,1200,0,0,153,153,0,0,1,NaN,NaN,NaN,NaN,1,0,0,coherence-cumulative,1,17,1,0,31466991344,NaN,0,1,6,31605867,2524,2730,6726760,6.8,6,3,0,1,1,134,127,134,28,16,10,24,26,0,1,0,0,0,static-wide-low,directed-response-blackout,admissible
16079026,mobile-limited-low,mobile-limited-low,zero,zero,zero,5,30273331928,30273331928,32370849,16741961,38538,3,1,1,1,1,1,0,0,0,65,39,104,3200,0.0325,1820,104,1014,2834,87200,0.0325,2834,39,39,0,0,0,104,104,0,0,2000,0,1600,1600,0,0,0,0,0,0,0,NaN,NaN,NaN,NaN,1,0,0,coherence-cumulative,1,65,0,0,31466991344,NaN,0,2,1,31605867,2524,2524,3741991,2,4,3,1,1,1,39,32,39,28,16,10,24,26,0,0,0,0,0,mobile-limited-low,zero,admissible
16079026,mobile-limited-low,mobile-limited-low,claim-iid5,claim-iid5,claim-iid5,5,30273331928,30273331928,32756414,16742150,38538,3,1,1,1,1,1,0,0,0,71,48,119,3200,0.0371875,1988,104,1248,3236,87200,0.0371100917431193,2834,48,48,3,0,0,122,119,3,0,2000,0,1600,1600,0,0,0,0,0,0,0,NaN,NaN,NaN,NaN,1,0,0,coherence-cumulative,1,68,0,0,31466991344,NaN,0,2,2,31605867,2524,2524,3741991,2,4,3,1,1,1,39,32,39,28,16,10,24,26,0,0,0,0,0,mobile-limited-low,claim-iid5,admissible
16079026,mobile-limited-low,mobile-limited-low,response-iid5,response-iid5,response-iid5,5,30273331928,30273331928,32756414,16741961,38538,3,1,1,1,1,1,0,0,0,68,45,113,3200,0.0353125,1904,104,1170,3074,87200,0.0352522935779817,2834,45,45,3,0,0,116,112,4,0,2000,0,1600,1600,0,0,0,0,0,0,0,NaN,NaN,NaN,NaN,1,0,0,coherence-cumulative,1,65,0,0,31466991344,NaN,0,2,3,31605867,2524,2524,3741991,2,4,3,1,1,1,39,32,39,28,16,10,24,26,0,0,0,0,0,mobile-limited-low,response-iid5,admissible
16079026,mobile-limited-low,mobile-limited-low,joint-control-iid5,joint-control-iid5,joint-control-iid5,5,30273331928,30273331928,33141979,16742150,38538,3,1,1,1,1,1,0,0,0,74,52,126,3200,0.039375,2072,104,1352,3424,87200,0.0392660550458716,2834,52,52,6,0,0,132,125,7,0,2000,0,1600,1600,0,0,0,0,0,0,0,NaN,NaN,NaN,NaN,1,0,0,coherence-cumulative,1,68,0,0,31466991344,NaN,0,2,4,31605867,2524,2524,3741991,2,4,3,1,1,1,39,32,39,28,16,10,24,26,0,0,0,0,0,mobile-limited-low,joint-control-iid5,admissible
16079026,mobile-limited-low,mobile-limited-low,iid-occupancy15,iid-occupancy15,iid-occupancy15,5,30273331928,21369229056,32370849,16739475,38538,3,1,1,1,2,0.999,0,0,0,89,74,163,3200,0.0509375,2492,104,1924,4416,87200,0.0506422018348624,2834,73,74,24,0,0,181,143,38,0,1998,0,1597,822,775,0,0,0,0,0,0,NaN,NaN,NaN,NaN,1,0,0,coherence-cumulative,1,65,0,0.15,31466991344,956818,3668,2,5,31605867,2524,2524,3741991,2,4,3,1,1,1,39,32,39,28,16,10,24,26,0,0,0,0,0,mobile-limited-low,iid-occupancy15,admissible
16079026,mobile-limited-low,mobile-limited-low,directed-response-blackout,directed-response-blackout,directed-response-blackout,5,30273331928,25454236859,32370849,16307078,38538,3,1,1,0,NaN,0.8,0,0,0,452,813,1265,3200,0.3953125,12656,104,21138,33794,87200,0.387545871559633,2834,813,813,399,0,0,1652,1252,400,0,1600,153,1200,1200,0,0,153,153,0,0,1,NaN,NaN,NaN,NaN,1,0,0,coherence-cumulative,1,53,1,0,31466991344,NaN,0,2,6,31605867,2524,2524,3741991,2,4,3,1,1,1,39,32,39,28,16,10,24,26,0,1,0,0,0,mobile-limited-low,directed-response-blackout,admissible
16079026,mobile-limited-high,mobile-limited-high,zero,zero,zero,5,30273331928,30273331928,32278380,16741961,38538,3,1,1,1,1,1,0,0,0,65,39,104,3200,0.0325,1820,104,1014,2834,87200,0.0325,2834,39,39,0,0,0,104,104,0,0,2000,0,1600,1600,0,0,0,0,0,0,0,NaN,NaN,NaN,NaN,1,0,0,coherence-cumulative,1,65,0,0,31466991344,NaN,0,3,1,31605867,2524,2524,5516918,2,4,3,1,1,1,39,32,39,28,16,10,24,26,0,0,0,0,0,mobile-limited-high,zero,admissible
16079026,mobile-limited-high,mobile-limited-high,claim-iid5,claim-iid5,claim-iid5,5,30273331928,30273331928,32663945,16742150,38538,3,1,1,1,1,1,0,0,0,71,48,119,3200,0.0371875,1988,104,1248,3236,87200,0.0371100917431193,2834,48,48,3,0,0,122,119,3,0,2000,0,1600,1600,0,0,0,0,0,0,0,NaN,NaN,NaN,NaN,1,0,0,coherence-cumulative,1,68,0,0,31466991344,NaN,0,3,2,31605867,2524,2524,5516918,2,4,3,1,1,1,39,32,39,28,16,10,24,26,0,0,0,0,0,mobile-limited-high,claim-iid5,admissible
16079026,mobile-limited-high,mobile-limited-high,response-iid5,response-iid5,response-iid5,5,30273331928,30273331928,32663945,16741961,38538,3,1,1,1,1,1,0,0,0,68,45,113,3200,0.0353125,1904,104,1170,3074,87200,0.0352522935779817,2834,45,45,3,0,0,116,112,4,0,2000,0,1600,1600,0,0,0,0,0,0,0,NaN,NaN,NaN,NaN,1,0,0,coherence-cumulative,1,65,0,0,31466991344,NaN,0,3,3,31605867,2524,2524,5516918,2,4,3,1,1,1,39,32,39,28,16,10,24,26,0,0,0,0,0,mobile-limited-high,response-iid5,admissible
16079026,mobile-limited-high,mobile-limited-high,joint-control-iid5,joint-control-iid5,joint-control-iid5,5,30273331928,30273331928,33049510,16742150,38538,3,1,1,1,1,1,0,0,0,74,52,126,3200,0.039375,2072,104,1352,3424,87200,0.0392660550458716,2834,52,52,6,0,0,132,125,7,0,2000,0,1600,1600,0,0,0,0,0,0,0,NaN,NaN,NaN,NaN,1,0,0,coherence-cumulative,1,68,0,0,31466991344,NaN,0,3,4,31605867,2524,2524,5516918,2,4,3,1,1,1,39,32,39,28,16,10,24,26,0,0,0,0,0,mobile-limited-high,joint-control-iid5,admissible
16079026,mobile-limited-high,mobile-limited-high,iid-occupancy15,iid-occupancy15,iid-occupancy15,5,30273331928,21369229056,32278380,16739475,38538,3,1,1,1,2,0.999,0,0,0,89,74,163,3200,0.0509375,2492,104,1924,4416,87200,0.0506422018348624,2834,73,74,24,0,0,181,143,38,0,1998,0,1597,822,775,0,0,0,0,0,0,NaN,NaN,NaN,NaN,1,0,0,coherence-cumulative,1,65,0,0.15,31466991344,956818,3668,3,5,31605867,2524,2524,5516918,2,4,3,1,1,1,39,32,39,28,16,10,24,26,0,0,0,0,0,mobile-limited-high,iid-occupancy15,admissible
16079026,mobile-limited-high,mobile-limited-high,directed-response-blackout,directed-response-blackout,directed-response-blackout,5,30273331928,25454236859,32278380,16307078,38538,3,1,1,0,NaN,0.8,0,0,0,452,813,1265,3200,0.3953125,12656,104,21138,33794,87200,0.387545871559633,2834,813,813,399,0,0,1652,1252,400,0,1600,153,1200,1200,0,0,153,153,0,0,1,NaN,NaN,NaN,NaN,1,0,0,coherence-cumulative,1,53,1,0,31466991344,NaN,0,3,6,31605867,2524,2524,5516918,2,4,3,1,1,1,39,32,39,28,16,10,24,26,0,1,0,0,0,mobile-limited-high,directed-response-blackout,admissible
16079026,static-wide-low,static-wide-low,zero,zero,zero,10,113345104971,113345104971,34022471,66901891,630118,6,0,1,1,1,1,0,0,0,60,36,96,6400,0.015,1680,96,936,2616,174400,0.015,2616,36,36,0,0,0,864,864,0,0,4000,0,3200,3200,0,0,0,0,0,0,0,NaN,NaN,NaN,NaN,1,0,0,coherence-cumulative,1,60,0,0,31506497164,NaN,0,1,1,68478645,36429,40685,5757865,6.8,6,6,0,1,1,74,67,74,28,16,10,24,26,0,0,0,0,0,static-wide-low,zero,admissible
16079026,static-wide-low,static-wide-low,claim-iid5,claim-iid5,claim-iid5,10,113345104971,113345104971,34408036,66898869,630118,6,0,1,1,2,0.99975,0,0,0,65,46,111,6400,0.01734375,1820,96,1196,3016,174400,0.0172935779816514,2616,45,46,4,0,0,999,969,30,0,3999,1,3199,3199,0,0,1,1,0,0,1,NaN,NaN,NaN,NaN,1,0,0,coherence-cumulative,1,61,0,0,31506497164,NaN,0,1,2,68478645,36429,40685,5757865,6.8,6,6,0,1,1,74,67,74,28,16,10,24,26,0,0,0,0,0,static-wide-low,claim-iid5,admissible
16079026,static-wide-low,static-wide-low,response-iid5,response-iid5,response-iid5,10,113345104971,113345104971,34408036,66900207,630118,6,0,1,1,2,0.99975,0,0,0,65,50,115,6400,0.01796875,1820,96,1300,3120,174400,0.0178899082568807,2616,50,50,5,0,0,1035,1011,24,0,3999,0,3198,3198,0,0,0,0,0,0,0,NaN,NaN,NaN,NaN,1,0,0,coherence-cumulative,1,60,0,0,31506497164,NaN,0,1,3,68478645,36429,40685,5757865,6.8,6,6,0,1,1,74,67,74,28,16,10,24,26,0,0,0,0,0,static-wide-low,response-iid5,admissible
16079026,static-wide-low,static-wide-low,joint-control-iid5,joint-control-iid5,joint-control-iid5,10,113345104971,113345104971,34793601,66897185,630118,6,0,1,1,2,0.9995,0,0,0,70,61,131,6400,0.02046875,1960,96,1586,3546,174400,0.0203325688073395,2616,60,61,9,0,0,1179,1117,62,0,3998,1,3197,3197,0,0,1,1,0,0,1,NaN,NaN,NaN,NaN,1,0,0,coherence-cumulative,1,61,0,0,31506497164,NaN,0,1,4,68478645,36429,40685,5757865,6.8,6,6,0,1,1,74,67,74,28,16,10,24,26,0,0,0,0,0,static-wide-low,joint-control-iid5,admissible
16079026,static-wide-low,static-wide-low,iid-occupancy15,iid-occupancy15,iid-occupancy15,10,113345104971,77165930660,34022471,66894321,630118,6,0,1,1,3,0.999,0,0,0,94,99,193,6400,0.03015625,2632,96,2574,5206,174400,0.0298509174311927,2616,94,99,32,0,0,1737,1359,378,0,3996,0,3192,1659,1533,0,0,0,0,0,0,NaN,NaN,NaN,NaN,1,0,0,coherence-cumulative,1,62,0,0.15,31506497164,240940,7392,1,5,68478645,36429,40685,5757865,6.8,6,6,0,1,1,74,67,74,28,16,10,24,26,0,0,0,0,0,static-wide-low,iid-occupancy15,admissible
16079026,static-wide-low,static-wide-low,directed-response-blackout,directed-response-blackout,directed-response-blackout,10,113345104971,93946717569,34022471,66115342,630118,6,0,1,0,NaN,0.9,0,0,0,454,1218,1672,6400,0.26125,12712,96,31668,44380,174400,0.25447247706422,2616,1218,1218,399,0,0,15048,14648,400,0,3600,75,2400,2400,0,0,150,150,0,0,1,NaN,NaN,NaN,NaN,1,0,0,coherence-cumulative,1,55,1,0,31506497164,NaN,0,1,6,68478645,36429,40685,5757865,6.8,6,6,0,1,1,74,67,74,28,16,10,24,26,0,1,0,0,0,static-wide-low,directed-response-blackout,admissible
16079026,mobile-limited-low,mobile-limited-low,zero,zero,zero,10,113345104971,113345104971,32024994,66920875,585107,6,2,2,1,1,1,0,0,0,270,135,405,6000,0.0675,7560,405,3780,11340,168000,0.0675,11340,162,162,0,0,0,405,405,0,0,4000,0,3200,3200,0,0,0,0,0,0,0,NaN,NaN,NaN,NaN,1,0,0,coherence-cumulative,1,270,0,0,31506497164,NaN,0,2,1,68478645,36429,36429,5334416,2,4,6,2,1,1,22,15,22,28,16,10,24,36,0,0,0,0,0,mobile-limited-low,zero,admissible
16079026,mobile-limited-low,mobile-limited-low,claim-iid5,claim-iid5,claim-iid5,10,113345104971,113345104971,32410559,66918315,585107,6,2,2,1,2,0.99975,0,0,0,289,165,454,6000,0.0756666666666667,8092,405,4630,12722,168000,0.0757261904761905,11340,198,199,15,0,0,479,464,15,0,3999,1,3199,3199,0,0,1,1,0,0,1,NaN,NaN,NaN,NaN,1,0,0,coherence-cumulative,1,274,0,0,31506497164,NaN,0,2,2,68478645,36429,36429,5334416,2,4,6,2,1,1,22,15,22,28,16,10,24,36,0,0,0,0,0,mobile-limited-low,claim-iid5,admissible
16079026,mobile-limited-low,mobile-limited-low,response-iid5,response-iid5,response-iid5,10,113345104971,113345104971,32410559,66919191,585107,6,2,2,1,2,0.99975,0,0,0,282,162,444,6000,0.074,7896,405,4492,12388,168000,0.0737380952380952,11340,190,190,12,0,0,464,451,13,0,3999,0,3198,3198,0,0,0,0,0,0,0,NaN,NaN,NaN,NaN,1,0,0,coherence-cumulative,1,270,0,0,31506497164,NaN,0,2,3,68478645,36429,36429,5334416,2,4,6,2,1,1,22,15,22,28,16,10,24,36,0,0,0,0,0,mobile-limited-low,response-iid5,admissible
16079026,mobile-limited-low,mobile-limited-low,joint-control-iid5,joint-control-iid5,joint-control-iid5,10,113345104971,113345104971,32796124,66916450,585107,6,2,2,1,2,0.9995,0,0,0,299,184,483,6000,0.0805,8372,405,5134,13506,168000,0.0803928571428571,11340,218,219,26,0,0,523,489,34,0,3998,1,3197,3197,0,0,1,1,0,0,1,NaN,NaN,NaN,NaN,1,0,0,coherence-cumulative,1,273,0,0,31506497164,NaN,0,2,4,68478645,36429,36429,5334416,2,4,6,2,1,1,22,15,22,28,16,10,24,36,0,0,0,0,0,mobile-limited-low,joint-control-iid5,admissible
16079026,mobile-limited-low,mobile-limited-low,iid-occupancy15,iid-occupancy15,iid-occupancy15,10,113345104971,77460654950,32024994,66913599,585107,6,2,2,1,3,0.999,0,0,0,401,310,711,6000,0.1185,11228,405,8630,19858,168000,0.118202380952381,11340,365,367,125,0,0,862,629,233,0,3996,0,3192,1650,1542,0,0,0,0,0,0,NaN,NaN,NaN,NaN,1,0,0,coherence-cumulative,1,276,0,0.15,31506497164,842793,7323,2,5,68478645,36429,36429,5334416,2,4,6,2,1,1,22,15,22,28,16,10,24,36,0,0,0,0,0,mobile-limited-low,iid-occupancy15,admissible
16079026,mobile-limited-low,mobile-limited-low,directed-response-blackout,directed-response-blackout,directed-response-blackout,10,113345104971,93946717569,32024994,66130543,585107,6,2,2,0,NaN,0.9,0,0,0,643,1254,1897,6000,0.316166666666667,18004,405,32874,50878,168000,0.302845238095238,11340,1281,1281,399,0,0,3016,2616,400,0,3600,75,2400,2400,0,0,150,150,0,0,1,NaN,NaN,NaN,NaN,1,0,0,coherence-cumulative,1,244,1,0,31506497164,NaN,0,2,6,68478645,36429,36429,5334416,2,4,6,2,1,1,22,15,22,28,16,10,24,36,0,1,0,0,0,mobile-limited-low,directed-response-blackout,admissible
16079026,mobile-limited-high,mobile-limited-high,zero,zero,zero,10,113345104971,113345104971,32326743,66979415,585107,6,2,2,1,1,1,0,0,0,1000,500,1500,6000,0.25,28000,1500,14000,42000,168000,0.25,42000,600,600,0,0,0,1500,1500,0,0,4000,0,3200,3200,0,0,0,0,0,0,0,NaN,NaN,NaN,NaN,1,0,0,coherence-cumulative,1,1000,0,0,31506497164,NaN,0,3,1,68478645,36429,36429,5906571,1,3,6,2,1,1,11,4,11,28,16,10,24,36,0,0,0,0,0,mobile-limited-high,zero,admissible
16079026,mobile-limited-high,mobile-limited-high,claim-iid5,claim-iid5,claim-iid5,10,113345104971,113345104971,32712308,66977386,585107,6,2,2,1,2,0.99975,0,0,0,1044,574,1618,6000,0.269666666666667,29232,1500,16124,45356,168000,0.26997619047619,42000,693,694,37,0,0,1681,1640,41,0,3999,1,3199,3199,0,0,1,1,0,0,1,NaN,NaN,NaN,NaN,1,0,0,coherence-cumulative,1,1007,0,0,31506497164,NaN,0,3,2,68478645,36429,36429,5906571,1,3,6,2,1,1,11,4,11,28,16,10,24,36,0,0,0,0,0,mobile-limited-high,claim-iid5,admissible
16079026,mobile-limited-high,mobile-limited-high,response-iid5,response-iid5,response-iid5,10,113345104971,113345104971,32712308,66977731,585107,6,2,2,1,2,0.99975,0,0,0,1038,578,1616,6000,0.269333333333333,29064,1500,16148,45212,168000,0.269119047619048,42000,690,690,38,0,0,1680,1636,44,0,3999,0,3198,3198,0,0,0,0,0,0,0,NaN,NaN,NaN,NaN,1,0,0,coherence-cumulative,1,1000,0,0,31506497164,NaN,0,3,3,68478645,36429,36429,5906571,1,3,6,2,1,1,11,4,11,28,16,10,24,36,0,0,0,0,0,mobile-limited-high,response-iid5,admissible
16079026,mobile-limited-high,mobile-limited-high,joint-control-iid5,joint-control-iid5,joint-control-iid5,10,113345104971,113345104971,33097873,66975702,585107,6,2,2,1,2,0.9995,0,0,0,1084,650,1734,6000,0.289,30352,1500,18230,48582,168000,0.289178571428571,42000,782,783,77,0,0,1863,1770,93,0,3998,1,3197,3197,0,0,1,1,0,0,1,NaN,NaN,NaN,NaN,1,0,0,coherence-cumulative,1,1007,0,0,31506497164,NaN,0,3,4,68478645,36429,36429,5906571,1,3,6,2,1,1,11,4,11,28,16,10,24,36,0,0,0,0,0,mobile-limited-high,joint-control-iid5,admissible
16079026,mobile-limited-high,mobile-limited-high,iid-occupancy15,iid-occupancy15,iid-occupancy15,10,113345104971,77460654950,32326743,66973337,585107,6,2,2,1,3,0.999,0,0,0,1455,1118,2573,6000,0.428833333333333,40740,1500,31118,71858,168000,0.42772619047619,42000,1321,1323,445,0,0,3089,2232,857,0,3996,0,3192,1650,1542,0,0,0,0,0,0,NaN,NaN,NaN,NaN,1,0,0,coherence-cumulative,1,1010,0,0.15,31506497164,842793,7323,3,5,68478645,36429,36429,5906571,1,3,6,2,1,1,11,4,11,28,16,10,24,36,0,0,0,0,0,mobile-limited-high,iid-occupancy15,admissible
16079026,mobile-limited-high,mobile-limited-high,directed-response-blackout,directed-response-blackout,directed-response-blackout,10,113345104971,93946717569,32326743,66177136,585107,6,2,2,0,NaN,0.9,0,0,0,1300,1400,2700,6000,0.45,36400,1500,37400,73800,168000,0.439285714285714,42000,1500,1500,399,0,0,3600,3200,400,0,3600,75,2400,2400,0,0,150,150,0,0,1,NaN,NaN,NaN,NaN,1,0,0,coherence-cumulative,1,901,1,0,31506497164,NaN,0,3,6,68478645,36429,36429,5906571,1,3,6,2,1,1,11,4,11,28,16,10,24,36,0,1,0,0,0,mobile-limited-high,directed-response-blackout,admissible
16079027,static-wide-low,static-wide-low,zero,zero,zero,5,30346938585,30346938585,33054471,16471445,37876,1,0,1,1,1,1,0,0,0,15,3,18,2400,0.0075,420,18,78,498,66400,0.0075,498,3,3,0,0,0,72,72,0,0,2000,0,800,800,0,0,0,0,0,0,0,NaN,NaN,NaN,NaN,1,0,0,coherence-cumulative,1,15,0,0,31416537122,NaN,0,1,1,37056163,2478,2730,6586204,6.8,6,1,0,1,1,148,141,148,28,16,10,24,26,0,0,0,0,0,static-wide-low,zero,admissible
16079027,static-wide-low,static-wide-low,claim-iid5,claim-iid5,claim-iid5,5,30346938585,30346938585,33440036,16471445,37876,1,0,1,1,1,1,0,0,0,15,3,18,2400,0.0075,420,18,78,498,66400,0.0075,498,3,3,0,0,0,72,70,2,0,2000,0,800,800,0,0,0,0,0,0,0,NaN,NaN,NaN,NaN,1,0,0,coherence-cumulative,1,15,0,0,31416537122,NaN,0,1,2,37056163,2478,2730,6586204,6.8,6,1,0,1,1,148,141,148,28,16,10,24,26,0,0,0,0,0,static-wide-low,claim-iid5,admissible
16079027,static-wide-low,static-wide-low,response-iid5,response-iid5,response-iid5,5,30346938585,30346938585,33440036,16471445,37876,1,0,1,1,1,1,0,0,0,15,3,18,2400,0.0075,420,18,78,498,66400,0.0075,498,3,3,0,0,0,72,71,1,0,2000,0,800,800,0,0,0,0,0,0,0,NaN,NaN,NaN,NaN,1,0,0,coherence-cumulative,1,15,0,0,31416537122,NaN,0,1,3,37056163,2478,2730,6586204,6.8,6,1,0,1,1,148,141,148,28,16,10,24,26,0,0,0,0,0,static-wide-low,response-iid5,admissible
16079027,static-wide-low,static-wide-low,joint-control-iid5,joint-control-iid5,joint-control-iid5,5,30346938585,30346938585,33825601,16471445,37876,1,0,1,1,1,1,0,0,0,15,3,18,2400,0.0075,420,18,78,498,66400,0.0075,498,3,3,0,0,0,72,69,3,0,2000,0,800,800,0,0,0,0,0,0,0,NaN,NaN,NaN,NaN,1,0,0,coherence-cumulative,1,15,0,0,31416537122,NaN,0,1,4,37056163,2478,2730,6586204,6.8,6,1,0,1,1,148,141,148,28,16,10,24,26,0,0,0,0,0,static-wide-low,joint-control-iid5,admissible
16079027,static-wide-low,static-wide-low,iid-occupancy15,iid-occupancy15,iid-occupancy15,5,30346938585,22073614308,33054471,16471445,37876,1,0,1,1,1,1,0,0,0,19,5,24,2400,0.01,532,18,130,662,66400,0.00996987951807229,498,5,5,4,0,0,96,68,28,0,2000,0,800,419,381,0,0,0,0,0,0,NaN,NaN,NaN,NaN,1,0,0,coherence-cumulative,1,15,0,0.15,31416537122,1686289,3376,1,5,37056163,2478,2730,6586204,6.8,6,1,0,1,1,148,141,148,28,16,10,24,26,0,0,0,0,0,static-wide-low,iid-occupancy15,admissible
16079027,static-wide-low,static-wide-low,directed-response-blackout,directed-response-blackout,directed-response-blackout,5,30346938585,25553724915,33054471,15887771,37876,1,0,1,0,NaN,0.8,0,0,0,412,400,812,2400,0.338333333333333,11536,18,10400,21936,66400,0.330361445783133,498,400,400,399,0,0,3248,2848,400,0,1600,138,400,400,0,0,138,138,0,0,1,NaN,NaN,NaN,NaN,1,0,0,coherence-cumulative,1,13,1,0,31416537122,NaN,0,1,6,37056163,2478,2730,6586204,6.8,6,1,0,1,1,148,141,148,28,16,10,24,26,0,1,0,0,0,static-wide-low,directed-response-blackout,admissible
16079027,mobile-limited-low,mobile-limited-low,zero,zero,zero,5,30346938585,30346938585,32884924,16473959,36768,1,0,1,1,1,1,0,0,0,145,29,174,2400,0.0725,4060,174,754,4814,66400,0.0725,4814,29,29,0,0,0,87,87,0,0,2000,0,800,800,0,0,0,0,0,0,0,NaN,NaN,NaN,NaN,1,0,0,coherence-cumulative,1,145,0,0,31416537122,NaN,0,2,1,37056163,2478,2478,5136873,1,3,1,0,1,1,21,14,21,28,16,10,24,26,0,0,0,0,0,mobile-limited-low,zero,admissible
16079027,mobile-limited-low,mobile-limited-low,claim-iid5,claim-iid5,claim-iid5,5,30346938585,30346938585,33270489,16473959,36768,1,0,1,1,1,1,0,0,0,147,30,177,2400,0.07375,4116,174,780,4896,66400,0.0737349397590361,4814,30,30,2,0,0,90,86,4,0,2000,0,800,800,0,0,0,0,0,0,0,NaN,NaN,NaN,NaN,1,0,0,coherence-cumulative,1,145,0,0,31416537122,NaN,0,2,2,37056163,2478,2478,5136873,1,3,1,0,1,1,21,14,21,28,16,10,24,26,0,0,0,0,0,mobile-limited-low,claim-iid5,admissible
16079027,mobile-limited-low,mobile-limited-low,response-iid5,response-iid5,response-iid5,5,30346938585,30346938585,33270489,16473959,36768,1,0,1,1,1,1,0,0,0,148,32,180,2400,0.075,4144,174,832,4976,66400,0.0749397590361446,4814,32,32,3,0,0,93,90,3,0,2000,0,800,800,0,0,0,0,0,0,0,NaN,NaN,NaN,NaN,1,0,0,coherence-cumulative,1,145,0,0,31416537122,NaN,0,2,3,37056163,2478,2478,5136873,1,3,1,0,1,1,21,14,21,28,16,10,24,26,0,0,0,0,0,mobile-limited-low,response-iid5,admissible
16079027,mobile-limited-low,mobile-limited-low,joint-control-iid5,joint-control-iid5,joint-control-iid5,5,30346938585,30346938585,33656054,16473959,36768,1,0,1,1,1,1,0,0,0,150,33,183,2400,0.07625,4200,174,858,5058,66400,0.0761746987951807,4814,33,33,5,0,0,96,89,7,0,2000,0,800,800,0,0,0,0,0,0,0,NaN,NaN,NaN,NaN,1,0,0,coherence-cumulative,1,145,0,0,31416537122,NaN,0,2,4,37056163,2478,2478,5136873,1,3,1,0,1,1,21,14,21,28,16,10,24,26,0,0,0,0,0,mobile-limited-low,joint-control-iid5,admissible
16079027,mobile-limited-low,mobile-limited-low,iid-occupancy15,iid-occupancy15,iid-occupancy15,5,30346938585,22100475940,32884924,16473959,36768,1,0,1,1,1,1,0,0,0,167,49,216,2400,0.09,4676,174,1274,5950,66400,0.0896084337349398,4814,49,49,22,0,0,129,95,34,0,2000,0,800,419,381,0,0,0,0,0,0,NaN,NaN,NaN,NaN,1,0,0,coherence-cumulative,1,145,0,0.15,31416537122,1621855,3371,2,5,37056163,2478,2478,5136873,1,3,1,0,1,1,21,14,21,28,16,10,24,26,0,0,0,0,0,mobile-limited-low,iid-occupancy15,admissible
16079027,mobile-limited-low,mobile-limited-low,directed-response-blackout,directed-response-blackout,directed-response-blackout,5,30346938585,25552924915,32884924,15889773,36768,1,0,1,0,NaN,0.8,0,0,0,516,400,916,2400,0.381666666666667,14448,174,10400,24848,66400,0.37421686746988,4814,400,400,399,0,0,829,429,400,0,1600,138,400,400,0,0,138,138,0,0,1,NaN,NaN,NaN,NaN,1,0,0,coherence-cumulative,1,117,1,0,31416537122,NaN,0,2,6,37056163,2478,2478,5136873,1,3,1,0,1,1,21,14,21,28,16,10,24,26,0,1,0,0,0,mobile-limited-low,directed-response-blackout,admissible
16079027,mobile-limited-high,mobile-limited-high,zero,zero,zero,5,30346938585,30346938585,33182672,16485922,36768,1,0,1,1,1,1,0,0,0,670,134,804,2400,0.335,18760,804,3484,22244,66400,0.335,22244,134,134,0,0,0,402,402,0,0,2000,0,800,800,0,0,0,0,0,0,0,NaN,NaN,NaN,NaN,1,0,0,coherence-cumulative,1,670,0,0,31416537122,NaN,0,3,1,37056163,2478,2478,6797943,0.5,2,1,0,1,1,10,3,10,28,16,10,24,26,0,0,0,0,0,mobile-limited-high,zero,admissible
16079027,mobile-limited-high,mobile-limited-high,claim-iid5,claim-iid5,claim-iid5,5,30346938585,30346938585,33568237,16485835,36768,1,0,1,1,1,1,0,0,0,680,142,822,2400,0.3425,19040,804,3692,22732,66400,0.342349397590361,22244,142,142,10,0,0,420,402,18,0,2000,0,800,800,0,0,0,0,0,0,0,NaN,NaN,NaN,NaN,1,0,0,coherence-cumulative,1,670,1,0,31416537122,NaN,0,3,2,37056163,2478,2478,6797943,0.5,2,1,0,1,1,10,3,10,28,16,10,24,26,0,0,0,0,0,mobile-limited-high,claim-iid5,admissible
16079027,mobile-limited-high,mobile-limited-high,response-iid5,response-iid5,response-iid5,5,30346938585,30346938585,33568237,16485922,36768,1,0,1,1,1,1,0,0,0,680,144,824,2400,0.343333333333333,19040,804,3744,22784,66400,0.343132530120482,22244,144,144,10,0,0,422,412,10,0,2000,0,800,800,0,0,0,0,0,0,0,NaN,NaN,NaN,NaN,1,0,0,coherence-cumulative,1,670,0,0,31416537122,NaN,0,3,3,37056163,2478,2478,6797943,0.5,2,1,0,1,1,10,3,10,28,16,10,24,26,0,0,0,0,0,mobile-limited-high,response-iid5,admissible
16079027,mobile-limited-high,mobile-limited-high,joint-control-iid5,joint-control-iid5,joint-control-iid5,5,30346938585,30346938585,33953802,16485835,36768,1,0,1,1,1,1,0,0,0,689,151,840,2400,0.35,19292,804,3926,23218,66400,0.349668674698795,22244,151,151,19,0,0,438,410,28,0,2000,0,800,800,0,0,0,0,0,0,0,NaN,NaN,NaN,NaN,1,0,0,coherence-cumulative,1,670,1,0,31416537122,NaN,0,3,4,37056163,2478,2478,6797943,0.5,2,1,0,1,1,10,3,10,28,16,10,24,26,0,0,0,0,0,mobile-limited-high,joint-control-iid5,admissible
16079027,mobile-limited-high,mobile-limited-high,iid-occupancy15,iid-occupancy15,iid-occupancy15,5,30346938585,22100475940,33182672,16485656,36768,1,0,1,1,1,1,0,0,0,752,208,960,2400,0.4,21056,804,5408,26464,66400,0.39855421686747,22244,208,208,89,0,0,558,414,144,0,2000,0,800,419,381,0,0,0,0,0,0,NaN,NaN,NaN,NaN,1,0,0,coherence-cumulative,1,663,0,0.15,31416537122,1621855,3371,3,5,37056163,2478,2478,6797943,0.5,2,1,0,1,1,10,3,10,28,16,10,24,26,0,0,0,0,0,mobile-limited-high,iid-occupancy15,admissible
16079027,mobile-limited-high,mobile-limited-high,directed-response-blackout,directed-response-blackout,directed-response-blackout,5,30346938585,25552924915,33182672,15897858,36768,1,0,1,0,NaN,0.8,0,0,0,936,400,1336,2400,0.556666666666667,26208,804,10400,36608,66400,0.551325301204819,22244,400,400,399,0,0,934,534,400,0,1600,138,400,400,0,0,138,138,0,0,1,NaN,NaN,NaN,NaN,1,0,0,coherence-cumulative,1,537,1,0,31416537122,NaN,0,3,6,37056163,2478,2478,6797943,0.5,2,1,0,1,1,10,3,10,28,16,10,24,26,0,1,0,0,0,mobile-limited-high,directed-response-blackout,admissible
16079027,static-wide-low,static-wide-low,zero,zero,zero,10,113277262287,113277262287,33763002,66363419,610583,4,0,1,1,1,1,0,0,0,60,24,84,5600,0.015,1680,84,624,2304,153600,0.015,2304,24,24,0,0,0,756,756,0,0,4000,0,2400,2400,0,0,0,0,0,0,0,NaN,NaN,NaN,NaN,1,0,0,coherence-cumulative,1,60,0,0,31496121705,NaN,0,1,1,74622513,36282,40685,6568525,6.8,6,4,0,1,1,78,71,78,28,16,10,24,26,0,0,0,0,0,static-wide-low,zero,admissible
16079027,static-wide-low,static-wide-low,claim-iid5,claim-iid5,claim-iid5,10,113277262287,113277262287,34148567,66361171,610583,4,0,1,1,2,0.99975,0,0,0,67,29,96,5600,0.0171428571428571,1876,84,754,2630,153600,0.0171223958333333,2304,28,29,4,0,0,864,836,28,0,3999,0,2399,2399,0,0,0,0,0,0,0,NaN,NaN,NaN,NaN,1,0,0,coherence-cumulative,1,63,0,0,31496121705,NaN,0,1,2,74622513,36282,40685,6568525,6.8,6,4,0,1,1,78,71,78,28,16,10,24,26,0,0,0,0,0,static-wide-low,claim-iid5,admissible
16079027,static-wide-low,static-wide-low,response-iid5,response-iid5,response-iid5,10,113277262287,113277262287,34148567,66363419,610583,4,0,1,1,1,1,0,0,0,60,24,84,5600,0.015,1680,84,624,2304,153600,0.015,2304,24,24,0,0,0,756,748,8,0,4000,0,2400,2400,0,0,0,0,0,0,0,NaN,NaN,NaN,NaN,1,0,0,coherence-cumulative,1,60,0,0,31496121705,NaN,0,1,3,74622513,36282,40685,6568525,6.8,6,4,0,1,1,78,71,78,28,16,10,24,26,0,0,0,0,0,static-wide-low,response-iid5,admissible
16079027,static-wide-low,static-wide-low,joint-control-iid5,joint-control-iid5,joint-control-iid5,10,113277262287,113277262287,34534132,66361171,610583,4,0,1,1,2,0.99975,0,0,0,68,30,98,5600,0.0175,1904,84,780,2684,153600,0.0174739583333333,2304,29,30,5,0,0,882,840,42,0,3999,0,2399,2399,0,0,0,0,0,0,0,NaN,NaN,NaN,NaN,1,0,0,coherence-cumulative,1,63,0,0,31496121705,NaN,0,1,4,74622513,36282,40685,6568525,6.8,6,4,0,1,1,78,71,78,28,16,10,24,26,0,0,0,0,0,static-wide-low,joint-control-iid5,admissible
16079027,static-wide-low,static-wide-low,iid-occupancy15,iid-occupancy15,iid-occupancy15,10,113277262287,78053426454,33763002,66357612,610583,4,0,1,1,2,0.99925,0,0,0,86,53,139,5600,0.0248214285714286,2408,84,1378,3786,153600,0.0246484375,2304,50,53,23,0,0,1251,954,297,0,3997,1,2397,1248,1149,0,1,1,0,0,1,NaN,NaN,NaN,NaN,1,0,0,coherence-cumulative,1,63,0,0.15,31496121705,649339,7217,1,5,74622513,36282,40685,6568525,6.8,6,4,0,1,1,78,71,78,28,16,10,24,26,0,0,0,0,0,static-wide-low,iid-occupancy15,admissible
16079027,static-wide-low,static-wide-low,directed-response-blackout,directed-response-blackout,directed-response-blackout,10,113277262287,93830048620,33763002,65586102,610583,4,0,1,0,NaN,0.9,0,0,0,454,812,1266,5600,0.226071428571429,12712,84,21112,33824,153600,0.220208333333333,2304,812,812,399,0,0,11394,10994,400,0,3600,61,2000,2000,0,0,61,61,0,0,1,NaN,NaN,NaN,NaN,1,0,0,coherence-cumulative,1,55,1,0,31496121705,NaN,0,1,6,74622513,36282,40685,6568525,6.8,6,4,0,1,1,78,71,78,28,16,10,24,26,0,1,0,0,0,static-wide-low,directed-response-blackout,admissible
16079027,mobile-limited-low,mobile-limited-low,zero,zero,zero,10,113277262287,113277262287,32801444,66415525,577492,4,1,2,1,1,1,0,0,0,1000,300,1300,5200,0.25,28000,1300,8800,36800,147200,0.25,36800,400,400,0,100,0,1000,1000,0,0,4000,0,2400,2400,0,0,0,0,0,0,0,NaN,NaN,NaN,NaN,1,0,0,coherence-cumulative,1,1000,0,0,31496121705,NaN,0,2,1,74622513,36282,36282,4774620,1,3,4,1,1,1,11,4,11,28,16,10,24,36,0,0,0,0,0,mobile-limited-low,zero,admissible
16079027,mobile-limited-low,mobile-limited-low,claim-iid5,claim-iid5,claim-iid5,10,113277262287,113277262287,33187009,66412135,577492,4,1,2,1,2,0.9995,0,0,0,1023,330,1353,5200,0.260192307692308,28644,1300,9640,38284,147200,0.26008152173913,36800,434,436,17,114,0,1069,1042,27,0,3998,0,2398,2398,0,0,0,0,0,0,0,NaN,NaN,NaN,NaN,1,0,0,coherence-cumulative,1,1006,0,0,31496121705,NaN,0,2,2,74622513,36282,36282,4774620,1,3,4,1,1,1,11,4,11,28,16,10,24,36,0,0,0,0,0,mobile-limited-low,claim-iid5,admissible
16079027,mobile-limited-low,mobile-limited-low,response-iid5,response-iid5,response-iid5,10,113277262287,113277262287,33187009,66415525,577492,4,1,2,1,1,1,0,0,0,1016,321,1337,5200,0.257115384615385,28448,1300,9406,37854,147200,0.257160326086957,36800,427,427,16,106,0,1052,1035,17,0,4000,0,2400,2400,0,0,0,0,0,0,0,NaN,NaN,NaN,NaN,1,0,0,coherence-cumulative,1,1000,0,0,31496121705,NaN,0,2,3,74622513,36282,36282,4774620,1,3,4,1,1,1,11,4,11,28,16,10,24,36,0,0,0,0,0,mobile-limited-low,response-iid5,admissible
16079027,mobile-limited-low,mobile-limited-low,joint-control-iid5,joint-control-iid5,joint-control-iid5,10,113277262287,113277262287,33572574,66412010,577492,4,1,2,1,2,0.9995,0,0,0,1037,348,1385,5200,0.266346153846154,29036,1300,10168,39204,147200,0.26633152173913,36800,458,460,32,118,0,1115,1071,44,0,3998,0,2398,2398,0,0,0,0,0,0,0,NaN,NaN,NaN,NaN,1,0,0,coherence-cumulative,1,1005,0,0,31496121705,NaN,0,2,4,74622513,36282,36282,4774620,1,3,4,1,1,1,11,4,11,28,16,10,24,36,0,0,0,0,0,mobile-limited-low,joint-control-iid5,admissible
16079027,mobile-limited-low,mobile-limited-low,iid-occupancy15,iid-occupancy15,iid-occupancy15,10,113277262287,78065744492,32801444,66396310,577492,4,1,2,1,6,0.9975,0,0,0,1321,632,1953,5200,0.375576923076923,36988,1300,18152,55140,147200,0.374592391304348,36800,799,804,310,239,0,1853,1354,499,0,3990,1,2390,1199,1191,0,1,1,0,0,1,NaN,NaN,NaN,NaN,1,0,0,coherence-cumulative,1,1011,0,0.15,31496121705,628038,7229,2,5,74622513,36282,36282,4774620,1,3,4,1,1,1,11,4,11,28,16,10,24,36,0,0,0,0,0,mobile-limited-low,iid-occupancy15,admissible
16079027,mobile-limited-low,mobile-limited-low,directed-response-blackout,directed-response-blackout,directed-response-blackout,10,113277262287,93828448620,32801444,65628881,577492,4,1,2,0,NaN,0.9,0,0,0,1300,600,1900,5200,0.365384615384615,36400,1300,19600,56000,147200,0.380434782608696,36800,1000,1000,399,100,0,1900,1500,400,0,3600,61,2000,2000,0,0,61,61,0,0,1,NaN,NaN,NaN,NaN,1,0,0,coherence-cumulative,1,901,1,0,31496121705,NaN,0,2,6,74622513,36282,36282,4774620,1,3,4,1,1,1,11,4,11,28,16,10,24,36,0,1,0,0,0,mobile-limited-low,directed-response-blackout,admissible
16079027,mobile-limited-high,mobile-limited-high,zero,zero,zero,10,113277262287,113277262287,33178010,57168250,565032,0,0,0,0,NaN,0,0,0,4,0,0,0,4000,0,0,310,0,0,112000,0,8680,0,0,0,0,0,0,0,0,0,0,741,0,0,0,0,388,380,0,8,1,NaN,NaN,NaN,NaN,1,0,0,coherence-cumulative,1,0,0,0,31496121705,NaN,0,3,1,74622513,36282,36282,5644537,0.5,2,4,1,1,0,0,13,20,28,16,10,24,0,0,0,0,0,0,mobile-limited-high,zero,horizon-shorter-than-renewal-slack
16079027,mobile-limited-high,mobile-limited-high,claim-iid5,claim-iid5,claim-iid5,10,113277262287,113277262287,33563575,57168250,565032,0,0,0,0,NaN,0,0,0,4,0,0,0,4000,0,0,310,0,0,112000,0,8680,0,0,0,0,0,0,0,0,0,0,741,0,0,0,0,388,380,0,8,1,NaN,NaN,NaN,NaN,1,0,0,coherence-cumulative,1,0,0,0,31496121705,NaN,0,3,2,74622513,36282,36282,5644537,0.5,2,4,1,1,0,0,13,20,28,16,10,24,0,0,0,0,0,0,mobile-limited-high,claim-iid5,horizon-shorter-than-renewal-slack
16079027,mobile-limited-high,mobile-limited-high,response-iid5,response-iid5,response-iid5,10,113277262287,113277262287,33563575,57168250,565032,0,0,0,0,NaN,0,0,0,4,0,0,0,4000,0,0,310,0,0,112000,0,8680,0,0,0,0,0,0,0,0,0,0,741,0,0,0,0,388,380,0,8,1,NaN,NaN,NaN,NaN,1,0,0,coherence-cumulative,1,0,0,0,31496121705,NaN,0,3,3,74622513,36282,36282,5644537,0.5,2,4,1,1,0,0,13,20,28,16,10,24,0,0,0,0,0,0,mobile-limited-high,response-iid5,horizon-shorter-than-renewal-slack
16079027,mobile-limited-high,mobile-limited-high,joint-control-iid5,joint-control-iid5,joint-control-iid5,10,113277262287,113277262287,33949140,57168250,565032,0,0,0,0,NaN,0,0,0,4,0,0,0,4000,0,0,310,0,0,112000,0,8680,0,0,0,0,0,0,0,0,0,0,741,0,0,0,0,388,380,0,8,1,NaN,NaN,NaN,NaN,1,0,0,coherence-cumulative,1,0,0,0,31496121705,NaN,0,3,4,74622513,36282,36282,5644537,0.5,2,4,1,1,0,0,13,20,28,16,10,24,0,0,0,0,0,0,mobile-limited-high,joint-control-iid5,horizon-shorter-than-renewal-slack
16079027,mobile-limited-high,mobile-limited-high,iid-occupancy15,iid-occupancy15,iid-occupancy15,10,113277262287,78824180287,33178010,57168250,565032,0,0,0,0,NaN,0,0,0,4,0,0,0,4000,0,0,310,0,0,112000,0,8680,0,0,0,0,0,0,0,0,0,0,741,0,0,0,0,388,178,202,8,1,NaN,NaN,NaN,NaN,1,0,0,coherence-cumulative,1,0,0,0.15,31496121705,1070460,7051,3,5,74622513,36282,36282,5644537,0.5,2,4,1,1,0,0,13,20,28,16,10,24,0,0,0,0,0,0,mobile-limited-high,iid-occupancy15,horizon-shorter-than-renewal-slack
16079027,mobile-limited-high,mobile-limited-high,directed-response-blackout,directed-response-blackout,directed-response-blackout,10,113277262287,113277262287,33178010,57168250,565032,0,0,0,0,NaN,0,0,0,4,0,0,0,4000,0,0,310,0,0,112000,0,8680,0,0,0,0,0,0,0,0,0,0,741,0,0,0,0,388,380,0,8,1,NaN,NaN,NaN,NaN,1,0,0,coherence-cumulative,1,0,0,0,31496121705,NaN,0,3,6,74622513,36282,36282,5644537,0.5,2,4,1,1,0,0,13,20,28,16,10,24,0,0,0,0,0,0,mobile-limited-high,directed-response-blackout,horizon-shorter-than-renewal-slack
16079028,static-wide-low,static-wide-low,zero,zero,zero,5,30426441038,30426441038,33421198,16896838,41866,4,0,1,1,1,1,0,0,0,20,16,36,3600,0.01,560,36,416,976,97600,0.01,976,16,16,0,4,0,144,144,0,0,2000,0,3200,3200,0,0,0,0,0,0,0,NaN,NaN,NaN,NaN,1,0,0,coherence-cumulative,1,20,0,0,31458885409,NaN,0,1,1,33110756,2568,2730,4836872,6.8,6,4,0,1,1,129,122,129,28,16,10,24,26,0,0,0,0,0,static-wide-low,zero,admissible
16079028,static-wide-low,static-wide-low,claim-iid5,claim-iid5,claim-iid5,5,30426441038,30426441038,33806763,16896838,41866,4,0,1,1,1,1,0,0,0,20,16,36,3600,0.01,560,36,416,976,97600,0.01,976,16,16,0,4,0,144,141,3,0,2000,0,3200,3200,0,0,0,0,0,0,0,NaN,NaN,NaN,NaN,1,0,0,coherence-cumulative,1,20,0,0,31458885409,NaN,0,1,2,33110756,2568,2730,4836872,6.8,6,4,0,1,1,129,122,129,28,16,10,24,26,0,0,0,0,0,static-wide-low,claim-iid5,admissible
16079028,static-wide-low,static-wide-low,response-iid5,response-iid5,response-iid5,5,30426441038,30426441038,33806763,16895588,41866,4,0,1,1,2,0.9995,0,0,0,22,20,42,3600,0.0116666666666667,616,36,520,1136,97600,0.0116393442622951,976,20,20,2,4,0,168,164,4,0,1999,1,3198,3198,0,0,2,2,0,0,1,NaN,NaN,NaN,NaN,1,0,0,coherence-cumulative,1,20,0,0,31458885409,NaN,0,1,3,33110756,2568,2730,4836872,6.8,6,4,0,1,1,129,122,129,28,16,10,24,26,0,0,0,0,0,static-wide-low,response-iid5,admissible
16079028,static-wide-low,static-wide-low,joint-control-iid5,joint-control-iid5,joint-control-iid5,5,30426441038,30426441038,34192328,16895588,41866,4,0,1,1,2,0.9995,0,0,0,22,20,42,3600,0.0116666666666667,616,36,520,1136,97600,0.0116393442622951,976,20,20,2,4,0,168,161,7,0,1999,1,3198,3198,0,0,2,2,0,0,1,NaN,NaN,NaN,NaN,1,0,0,coherence-cumulative,1,20,0,0,31458885409,NaN,0,1,4,33110756,2568,2730,4836872,6.8,6,4,0,1,1,129,122,129,28,16,10,24,26,0,0,0,0,0,static-wide-low,joint-control-iid5,admissible
16079028,static-wide-low,static-wide-low,iid-occupancy15,iid-occupancy15,iid-occupancy15,5,30426441038,20750944829,33421198,16895371,41866,4,0,1,1,2,0.9995,0,0,0,34,33,67,3600,0.0186111111111111,952,36,858,1810,97600,0.0185450819672131,976,33,33,13,5,0,268,200,68,0,1999,1,3198,1591,1607,0,2,2,0,0,1,NaN,NaN,NaN,NaN,1,0,0,coherence-cumulative,1,21,0,0.15,31458885409,1651630,3955,1,5,33110756,2568,2730,4836872,6.8,6,4,0,1,1,129,122,129,28,16,10,24,26,0,0,0,0,0,static-wide-low,iid-occupancy15,admissible
16079028,static-wide-low,static-wide-low,directed-response-blackout,directed-response-blackout,directed-response-blackout,5,30426441038,25609851333,33421198,16293335,41866,4,0,1,0,NaN,0.8,0,0,0,416,808,1224,3600,0.34,11648,36,21008,32656,97600,0.334590163934426,976,808,808,399,4,0,4896,4496,400,0,1600,143,2400,2400,0,0,286,286,0,0,1,NaN,NaN,NaN,NaN,1,0,0,coherence-cumulative,1,17,1,0,31458885409,NaN,0,1,6,33110756,2568,2730,4836872,6.8,6,4,0,1,1,129,122,129,28,16,10,24,26,0,1,0,0,0,static-wide-low,directed-response-blackout,admissible
16079028,mobile-limited-low,mobile-limited-low,zero,zero,zero,5,30426441038,30426441038,32057840,16882186,40076,4,0,1,1,1,1,0,0,0,30,24,54,3600,0.015,840,54,624,1464,97600,0.015,1464,24,24,0,6,0,90,90,0,0,2000,0,3200,3200,0,0,0,0,0,0,0,NaN,NaN,NaN,NaN,1,0,0,coherence-cumulative,1,30,0,0,31458885409,NaN,0,2,1,33110756,2568,2568,5059338,4,5,4,0,1,1,75,68,75,28,16,10,24,26,0,0,0,0,0,mobile-limited-low,zero,admissible
16079028,mobile-limited-low,mobile-limited-low,claim-iid5,claim-iid5,claim-iid5,5,30426441038,30426441038,32443405,16882186,40076,4,0,1,1,1,1,0,0,0,30,24,54,3600,0.015,840,54,624,1464,97600,0.015,1464,24,24,0,6,0,90,90,0,0,2000,0,3200,3200,0,0,0,0,0,0,0,NaN,NaN,NaN,NaN,1,0,0,coherence-cumulative,1,30,0,0,31458885409,NaN,0,2,2,33110756,2568,2568,5059338,4,5,4,0,1,1,75,68,75,28,16,10,24,26,0,0,0,0,0,mobile-limited-low,claim-iid5,admissible
16079028,mobile-limited-low,mobile-limited-low,response-iid5,response-iid5,response-iid5,5,30426441038,30426441038,32443405,16880936,40076,4,0,1,1,2,0.9995,0,0,0,33,29,62,3600,0.0172222222222222,924,54,754,1678,97600,0.0171926229508197,1464,29,29,3,8,0,106,102,4,0,1999,1,3198,3198,0,0,2,2,0,0,1,NaN,NaN,NaN,NaN,1,0,0,coherence-cumulative,1,30,0,0,31458885409,NaN,0,2,3,33110756,2568,2568,5059338,4,5,4,0,1,1,75,68,75,28,16,10,24,26,0,0,0,0,0,mobile-limited-low,response-iid5,admissible
16079028,mobile-limited-low,mobile-limited-low,joint-control-iid5,joint-control-iid5,joint-control-iid5,5,30426441038,30426441038,32828970,16880936,40076,4,0,1,1,2,0.9995,0,0,0,33,29,62,3600,0.0172222222222222,924,54,754,1678,97600,0.0171926229508197,1464,29,29,3,8,0,106,102,4,0,1999,1,3198,3198,0,0,2,2,0,0,1,NaN,NaN,NaN,NaN,1,0,0,coherence-cumulative,1,30,0,0,31458885409,NaN,0,2,4,33110756,2568,2568,5059338,4,5,4,0,1,1,75,68,75,28,16,10,24,26,0,0,0,0,0,mobile-limited-low,joint-control-iid5,admissible
16079028,mobile-limited-low,mobile-limited-low,iid-occupancy15,iid-occupancy15,iid-occupancy15,5,30426441038,20730283912,32057840,16882403,40076,4,0,1,1,1,1,0,0,0,43,40,83,3600,0.0230555555555556,1204,54,1040,2244,97600,0.0229918032786885,1464,40,40,12,12,0,142,113,29,0,2000,0,3200,1591,1609,0,0,0,0,0,0,NaN,NaN,NaN,NaN,1,0,0,coherence-cumulative,1,31,0,0.15,31458885409,2038873,3964,2,5,33110756,2568,2568,5059338,4,5,4,0,1,1,75,68,75,28,16,10,24,26,0,0,0,0,0,mobile-limited-low,iid-occupancy15,admissible
16079028,mobile-limited-low,mobile-limited-low,directed-response-blackout,directed-response-blackout,directed-response-blackout,5,30426441038,25609211333,32057840,16442865,40076,4,0,1,0,NaN,0.8,0,0,0,424,418,842,3600,0.233888888888889,11872,54,10868,22740,97600,0.232991803278689,1464,418,418,399,6,0,878,478,400,0,1600,152,2800,2800,0,0,152,152,0,0,1,NaN,NaN,NaN,NaN,1,0,0,coherence-cumulative,1,25,1,0,31458885409,NaN,0,2,6,33110756,2568,2568,5059338,4,5,4,0,1,1,75,68,75,28,16,10,24,26,0,1,0,0,0,mobile-limited-low,directed-response-blackout,admissible
16079028,mobile-limited-high,mobile-limited-high,zero,zero,zero,5,30426441038,30426441038,31462859,16886658,40076,4,0,1,1,1,1,0,0,0,70,56,126,3600,0.035,1960,126,1456,3416,97600,0.035,3416,56,56,0,14,0,210,210,0,0,2000,0,3200,3200,0,0,0,0,0,0,0,NaN,NaN,NaN,NaN,1,0,0,coherence-cumulative,1,70,0,0,31458885409,NaN,0,3,1,33110756,2568,2568,4777589,2,4,4,0,1,1,37,30,37,28,16,10,24,26,0,0,0,0,0,mobile-limited-high,zero,admissible
16079028,mobile-limited-high,mobile-limited-high,claim-iid5,claim-iid5,claim-iid5,5,30426441038,30426441038,31848424,16886804,40076,4,0,1,1,1,1,0,0,0,75,64,139,3600,0.0386111111111111,2100,126,1664,3764,97600,0.0385655737704918,3416,64,64,3,17,0,236,230,6,0,2000,0,3200,3200,0,0,0,0,0,0,0,NaN,NaN,NaN,NaN,1,0,0,coherence-cumulative,1,72,0,0,31458885409,NaN,0,3,2,33110756,2568,2568,4777589,2,4,4,0,1,1,37,30,37,28,16,10,24,26,0,0,0,0,0,mobile-limited-high,claim-iid5,admissible
16079028,mobile-limited-high,mobile-limited-high,response-iid5,response-iid5,response-iid5,5,30426441038,30426441038,31848424,16885408,40076,4,0,1,1,2,0.9995,0,0,0,75,66,141,3600,0.0391666666666667,2100,126,1716,3816,97600,0.0390983606557377,3416,66,66,5,17,0,240,230,10,0,1999,1,3198,3198,0,0,2,2,0,0,1,NaN,NaN,NaN,NaN,1,0,0,coherence-cumulative,1,70,0,0,31458885409,NaN,0,3,3,33110756,2568,2568,4777589,2,4,4,0,1,1,37,30,37,28,16,10,24,26,0,0,0,0,0,mobile-limited-high,response-iid5,admissible
16079028,mobile-limited-high,mobile-limited-high,joint-control-iid5,joint-control-iid5,joint-control-iid5,5,30426441038,30426441038,32233989,16885554,40076,4,0,1,1,2,0.9995,0,0,0,81,73,154,3600,0.0427777777777778,2268,126,1898,4166,97600,0.0426844262295082,3416,73,73,9,18,0,266,249,17,0,1999,1,3198,3198,0,0,2,2,0,0,1,NaN,NaN,NaN,NaN,1,0,0,coherence-cumulative,1,72,0,0,31458885409,NaN,0,3,4,33110756,2568,2568,4777589,2,4,4,0,1,1,37,30,37,28,16,10,24,26,0,0,0,0,0,mobile-limited-high,joint-control-iid5,admissible
16079028,mobile-limited-high,mobile-limited-high,iid-occupancy15,iid-occupancy15,iid-occupancy15,5,30426441038,20730283912,31462859,16887044,40076,4,0,1,1,1,1,0,0,0,117,115,232,3600,0.0644444444444444,3276,126,2990,6266,97600,0.0642008196721311,3416,115,115,45,33,0,403,299,104,0,2000,0,3200,1591,1609,0,0,0,0,0,0,NaN,NaN,NaN,NaN,1,0,0,coherence-cumulative,1,72,0,0.15,31458885409,2038873,3964,3,5,33110756,2568,2568,4777589,2,4,4,0,1,1,37,30,37,28,16,10,24,26,0,0,0,0,0,mobile-limited-high,iid-occupancy15,admissible
16079028,mobile-limited-high,mobile-limited-high,directed-response-blackout,directed-response-blackout,directed-response-blackout,5,30426441038,25609211333,31462859,16446465,40076,4,0,1,0,NaN,0.8,0,0,0,456,442,898,3600,0.249444444444444,12768,126,11492,24260,97600,0.248565573770492,3416,442,442,399,14,0,982,582,400,0,1600,152,2800,2800,0,0,152,152,0,0,1,NaN,NaN,NaN,NaN,1,0,0,coherence-cumulative,1,57,1,0,31458885409,NaN,0,3,6,33110756,2568,2568,4777589,2,4,4,0,1,1,37,30,37,28,16,10,24,26,0,1,0,0,0,mobile-limited-high,directed-response-blackout,admissible
16079028,static-wide-low,static-wide-low,zero,zero,zero,10,113296211151,113296211151,33690658,65840066,592620,2,0,1,1,1,1,0,0,0,60,12,72,4800,0.015,1680,72,312,1992,132800,0.015,1992,12,12,0,0,0,648,648,0,0,4000,0,1600,1600,0,0,0,0,0,0,0,NaN,NaN,NaN,NaN,1,0,0,coherence-cumulative,1,60,0,0,31462042794,NaN,0,1,1,68797181,36179,40685,6207446,6.8,6,2,0,1,1,82,75,82,28,16,10,24,26,0,0,0,0,0,static-wide-low,zero,admissible
16079028,static-wide-low,static-wide-low,claim-iid5,claim-iid5,claim-iid5,10,113296211151,113296211151,34076223,65840066,592620,2,0,1,1,1,1,0,0,0,60,12,72,4800,0.015,1680,72,312,1992,132800,0.015,1992,12,12,0,0,0,648,631,17,0,4000,0,1600,1600,0,0,0,0,0,0,0,NaN,NaN,NaN,NaN,1,0,0,coherence-cumulative,1,60,0,0,31462042794,NaN,0,1,2,68797181,36179,40685,6207446,6.8,6,2,0,1,1,82,75,82,28,16,10,24,26,0,0,0,0,0,static-wide-low,claim-iid5,admissible
16079028,static-wide-low,static-wide-low,response-iid5,response-iid5,response-iid5,10,113296211151,113296211151,34076223,65840066,592620,2,0,1,1,1,1,0,0,0,62,14,76,4800,0.0158333333333333,1736,72,364,2100,132800,0.0158132530120482,1992,14,14,2,0,0,684,677,7,0,4000,0,1600,1600,0,0,0,0,0,0,0,NaN,NaN,NaN,NaN,1,0,0,coherence-cumulative,1,60,0,0,31462042794,NaN,0,1,3,68797181,36179,40685,6207446,6.8,6,2,0,1,1,82,75,82,28,16,10,24,26,0,0,0,0,0,static-wide-low,response-iid5,admissible
16079028,static-wide-low,static-wide-low,joint-control-iid5,joint-control-iid5,joint-control-iid5,10,113296211151,113296211151,34461788,65840066,592620,2,0,1,1,1,1,0,0,0,62,14,76,4800,0.0158333333333333,1736,72,364,2100,132800,0.0158132530120482,1992,14,14,2,0,0,684,660,24,0,4000,0,1600,1600,0,0,0,0,0,0,0,NaN,NaN,NaN,NaN,1,0,0,coherence-cumulative,1,60,0,0,31462042794,NaN,0,1,4,68797181,36179,40685,6207446,6.8,6,2,0,1,1,82,75,82,28,16,10,24,26,0,0,0,0,0,static-wide-low,joint-control-iid5,admissible
16079028,static-wide-low,static-wide-low,iid-occupancy15,iid-occupancy15,iid-occupancy15,10,113296211151,77760954905,33690658,65833553,592620,2,0,1,1,3,0.9995,0,0,0,67,19,86,4800,0.0179166666666667,1876,72,494,2370,132800,0.0178463855421687,1992,19,19,7,0,0,774,567,207,0,3998,0,1598,849,749,0,0,0,0,0,0,NaN,NaN,NaN,NaN,1,0,0,coherence-cumulative,1,60,0,0.15,31462042794,1816074,7267,1,5,68797181,36179,40685,6207446,6.8,6,2,0,1,1,82,75,82,28,16,10,24,26,0,0,0,0,0,static-wide-low,iid-occupancy15,admissible
16079028,static-wide-low,static-wide-low,directed-response-blackout,directed-response-blackout,directed-response-blackout,10,113296211151,93904436143,33690658,65392540,592620,2,0,1,0,NaN,0.9,0,0,0,454,406,860,4800,0.179166666666667,12712,72,10556,23268,132800,0.175210843373494,1992,406,406,399,0,0,7740,7340,400,0,3600,72,1200,1200,0,0,72,72,0,0,1,NaN,NaN,NaN,NaN,1,0,0,coherence-cumulative,1,55,1,0,31462042794,NaN,0,1,6,68797181,36179,40685,6207446,6.8,6,2,0,1,1,82,75,82,28,16,10,24,26,0,1,0,0,0,static-wide-low,directed-response-blackout,admissible
16079028,mobile-limited-low,mobile-limited-low,zero,zero,zero,10,113296211151,113296211151,33320805,65867102,568882,2,0,1,1,1,1,0,0,0,800,160,960,4800,0.2,22400,960,4160,26560,132800,0.2,26560,160,160,0,0,0,480,480,0,0,4000,0,1600,1600,0,0,0,0,0,0,0,NaN,NaN,NaN,NaN,1,0,0,coherence-cumulative,1,800,0,0,31462042794,NaN,0,2,1,68797181,36179,36179,4648663,1,3,2,0,1,1,12,5,12,28,16,10,24,26,0,0,0,0,0,mobile-limited-low,zero,admissible
16079028,mobile-limited-low,mobile-limited-low,claim-iid5,claim-iid5,claim-iid5,10,113296211151,113296211151,33706370,65867102,568882,2,0,1,1,1,1,0,0,0,808,168,976,4800,0.203333333333333,22624,960,4368,26992,132800,0.203253012048193,26560,168,168,8,0,0,496,479,17,0,4000,0,1600,1600,0,0,0,0,0,0,0,NaN,NaN,NaN,NaN,1,0,0,coherence-cumulative,1,800,0,0,31462042794,NaN,0,2,2,68797181,36179,36179,4648663,1,3,2,0,1,1,12,5,12,28,16,10,24,26,0,0,0,0,0,mobile-limited-low,claim-iid5,admissible
16079028,mobile-limited-low,mobile-limited-low,response-iid5,response-iid5,response-iid5,10,113296211151,113296211151,33706370,65867102,568882,2,0,1,1,1,1,0,0,0,806,166,972,4800,0.2025,22568,960,4316,26884,132800,0.202439759036145,26560,166,166,6,0,0,492,486,6,0,4000,0,1600,1600,0,0,0,0,0,0,0,NaN,NaN,NaN,NaN,1,0,0,coherence-cumulative,1,800,0,0,31462042794,NaN,0,2,3,68797181,36179,36179,4648663,1,3,2,0,1,1,12,5,12,28,16,10,24,26,0,0,0,0,0,mobile-limited-low,response-iid5,admissible
16079028,mobile-limited-low,mobile-limited-low,joint-control-iid5,joint-control-iid5,joint-control-iid5,10,113296211151,113296211151,34091935,65867102,568882,2,0,1,1,1,1,0,0,0,814,174,988,4800,0.205833333333333,22792,960,4524,27316,132800,0.205692771084337,26560,174,174,14,0,0,508,485,23,0,4000,0,1600,1600,0,0,0,0,0,0,0,NaN,NaN,NaN,NaN,1,0,0,coherence-cumulative,1,800,0,0,31462042794,NaN,0,2,4,68797181,36179,36179,4648663,1,3,2,0,1,1,12,5,12,28,16,10,24,26,0,0,0,0,0,mobile-limited-low,joint-control-iid5,admissible
16079028,mobile-limited-low,mobile-limited-low,iid-occupancy15,iid-occupancy15,iid-occupancy15,10,113296211151,77760954905,33320805,65860589,568882,2,0,1,1,3,0.9995,0,0,0,911,264,1175,4800,0.244791666666667,25508,960,6864,32372,132800,0.243765060240964,26560,264,264,111,0,0,695,509,186,0,3998,0,1598,849,749,0,0,0,0,0,0,NaN,NaN,NaN,NaN,1,0,0,coherence-cumulative,1,800,0,0.15,31462042794,1816074,7267,2,5,68797181,36179,36179,4648663,1,3,2,0,1,1,12,5,12,28,16,10,24,26,0,0,0,0,0,mobile-limited-low,iid-occupancy15,admissible
16079028,mobile-limited-low,mobile-limited-low,directed-response-blackout,directed-response-blackout,directed-response-blackout,10,113296211151,93904436143,33320805,65417244,568882,2,0,1,0,NaN,0.9,0,0,0,1120,480,1600,4800,0.333333333333333,31360,960,12480,43840,132800,0.330120481927711,26560,480,480,399,0,0,1120,720,400,0,3600,72,1200,1200,0,0,72,72,0,0,1,NaN,NaN,NaN,NaN,1,0,0,coherence-cumulative,1,721,1,0,31462042794,NaN,0,2,6,68797181,36179,36179,4648663,1,3,2,0,1,1,12,5,12,28,16,10,24,26,0,1,0,0,0,mobile-limited-low,directed-response-blackout,admissible
16079028,mobile-limited-high,mobile-limited-high,zero,zero,zero,10,113296211151,113296211151,32407843,57168250,564729,0,0,0,0,NaN,0,0,0,0,0,0,0,4000,0,0,310,0,0,112000,0,8680,0,0,0,0,0,0,0,0,0,0,796,0,0,0,0,285,285,0,0,1,NaN,NaN,NaN,NaN,1,0,0,coherence-cumulative,1,0,0,0,31462042794,NaN,0,3,1,68797181,36179,36179,6308146,0.5,2,2,0,1,0,0,13,20,28,16,10,24,0,0,0,0,0,0,mobile-limited-high,zero,horizon-shorter-than-renewal-slack
16079028,mobile-limited-high,mobile-limited-high,claim-iid5,claim-iid5,claim-iid5,10,113296211151,113296211151,32793408,57168250,564729,0,0,0,0,NaN,0,0,0,0,0,0,0,4000,0,0,310,0,0,112000,0,8680,0,0,0,0,0,0,0,0,0,0,796,0,0,0,0,285,285,0,0,1,NaN,NaN,NaN,NaN,1,0,0,coherence-cumulative,1,0,0,0,31462042794,NaN,0,3,2,68797181,36179,36179,6308146,0.5,2,2,0,1,0,0,13,20,28,16,10,24,0,0,0,0,0,0,mobile-limited-high,claim-iid5,horizon-shorter-than-renewal-slack
16079028,mobile-limited-high,mobile-limited-high,response-iid5,response-iid5,response-iid5,10,113296211151,113296211151,32793408,57168250,564729,0,0,0,0,NaN,0,0,0,0,0,0,0,4000,0,0,310,0,0,112000,0,8680,0,0,0,0,0,0,0,0,0,0,796,0,0,0,0,285,285,0,0,1,NaN,NaN,NaN,NaN,1,0,0,coherence-cumulative,1,0,0,0,31462042794,NaN,0,3,3,68797181,36179,36179,6308146,0.5,2,2,0,1,0,0,13,20,28,16,10,24,0,0,0,0,0,0,mobile-limited-high,response-iid5,horizon-shorter-than-renewal-slack
16079028,mobile-limited-high,mobile-limited-high,joint-control-iid5,joint-control-iid5,joint-control-iid5,10,113296211151,113296211151,33178973,57168250,564729,0,0,0,0,NaN,0,0,0,0,0,0,0,4000,0,0,310,0,0,112000,0,8680,0,0,0,0,0,0,0,0,0,0,796,0,0,0,0,285,285,0,0,1,NaN,NaN,NaN,NaN,1,0,0,coherence-cumulative,1,0,0,0,31462042794,NaN,0,3,4,68797181,36179,36179,6308146,0.5,2,2,0,1,0,0,13,20,28,16,10,24,0,0,0,0,0,0,mobile-limited-high,joint-control-iid5,horizon-shorter-than-renewal-slack
16079028,mobile-limited-high,mobile-limited-high,iid-occupancy15,iid-occupancy15,iid-occupancy15,10,113296211151,78939394245,32407843,57168250,564729,0,0,0,0,NaN,0,0,0,0,0,0,0,4000,0,0,310,0,0,112000,0,8680,0,0,0,0,0,0,0,0,0,0,796,0,0,0,0,285,137,148,0,1,NaN,NaN,NaN,NaN,1,0,0,coherence-cumulative,1,0,0,0.15,31462042794,1609584,7009,3,5,68797181,36179,36179,6308146,0.5,2,2,0,1,0,0,13,20,28,16,10,24,0,0,0,0,0,0,mobile-limited-high,iid-occupancy15,horizon-shorter-than-renewal-slack
16079028,mobile-limited-high,mobile-limited-high,directed-response-blackout,directed-response-blackout,directed-response-blackout,10,113296211151,113296211151,32407843,57168250,564729,0,0,0,0,NaN,0,0,0,0,0,0,0,4000,0,0,310,0,0,112000,0,8680,0,0,0,0,0,0,0,0,0,0,796,0,0,0,0,285,285,0,0,1,NaN,NaN,NaN,NaN,1,0,0,coherence-cumulative,1,0,0,0,31462042794,NaN,0,3,6,68797181,36179,36179,6308146,0.5,2,2,0,1,0,0,13,20,28,16,10,24,0,0,0,0,0,0,mobile-limited-high,directed-response-blackout,horizon-shorter-than-renewal-slack
16079029,static-wide-low,static-wide-low,zero,zero,zero,5,30378547620,30378547620,33846380,17045201,43628,5,0,1,1,1,1,0,0,0,20,20,40,4000,0.01,560,40,520,1080,108000,0.01,1080,20,20,0,4,0,160,160,0,0,2000,0,2400,2400,0,0,0,0,0,0,0,NaN,NaN,NaN,NaN,1,0,0,coherence-cumulative,1,20,0,0,31468858638,NaN,0,1,1,35699398,2552,2730,4640172,6.8,6,5,0,1,1,123,116,123,28,16,10,24,26,0,0,0,0,0,static-wide-low,zero,admissible
16079029,static-wide-low,static-wide-low,claim-iid5,claim-iid5,claim-iid5,5,30378547620,30378547620,34231945,17045201,43628,5,0,1,1,1,1,0,0,0,21,23,44,4000,0.011,588,40,598,1186,108000,0.0109814814814815,1080,23,23,1,5,0,176,170,6,0,2000,0,2400,2400,0,0,0,0,0,0,0,NaN,NaN,NaN,NaN,1,0,0,coherence-cumulative,1,20,0,0,31468858638,NaN,0,1,2,35699398,2552,2730,4640172,6.8,6,5,0,1,1,123,116,123,28,16,10,24,26,0,0,0,0,0,static-wide-low,claim-iid5,admissible
16079029,static-wide-low,static-wide-low,response-iid5,response-iid5,response-iid5,5,30378547620,30378547620,34231945,17045201,43628,5,0,1,1,1,1,0,0,0,20,20,40,4000,0.01,560,40,520,1080,108000,0.01,1080,20,20,0,4,0,160,157,3,0,2000,0,2400,2400,0,0,0,0,0,0,0,NaN,NaN,NaN,NaN,1,0,0,coherence-cumulative,1,20,0,0,31468858638,NaN,0,1,3,35699398,2552,2730,4640172,6.8,6,5,0,1,1,123,116,123,28,16,10,24,26,0,0,0,0,0,static-wide-low,response-iid5,admissible
16079029,static-wide-low,static-wide-low,joint-control-iid5,joint-control-iid5,joint-control-iid5,5,30378547620,30378547620,34617510,17045201,43628,5,0,1,1,1,1,0,0,0,21,23,44,4000,0.011,588,40,598,1186,108000,0.0109814814814815,1080,23,23,1,5,0,176,167,9,0,2000,0,2400,2400,0,0,0,0,0,0,0,NaN,NaN,NaN,NaN,1,0,0,coherence-cumulative,1,20,0,0,31468858638,NaN,0,1,4,35699398,2552,2730,4640172,6.8,6,5,0,1,1,123,116,123,28,16,10,24,26,0,0,0,0,0,static-wide-low,joint-control-iid5,admissible
16079029,static-wide-low,static-wide-low,iid-occupancy15,iid-occupancy15,iid-occupancy15,5,30378547620,20830389797,33846380,17043814,43628,5,0,1,1,2,0.9995,0,0,0,28,33,61,4000,0.01525,784,40,858,1642,108000,0.0152037037037037,1080,31,33,8,7,0,244,200,44,0,1999,1,2398,1336,1062,0,2,2,0,0,1,NaN,NaN,NaN,NaN,1,0,0,coherence-cumulative,1,20,0,0.15,31468858638,1286762,3912,1,5,35699398,2552,2730,4640172,6.8,6,5,0,1,1,123,116,123,28,16,10,24,26,0,0,0,0,0,static-wide-low,iid-occupancy15,admissible
16079029,static-wide-low,static-wide-low,directed-response-blackout,directed-response-blackout,directed-response-blackout,5,30378547620,25540996179,33846380,16597587,43628,5,0,1,0,NaN,0.8,0,0,0,416,1208,1624,4000,0.406,11648,40,31408,43056,108000,0.398666666666667,1080,1208,1208,399,4,0,6496,6096,400,0,1600,133,1600,1600,0,0,266,266,0,0,1,NaN,NaN,NaN,NaN,1,0,0,coherence-cumulative,1,17,1,0,31468858638,NaN,0,1,6,35699398,2552,2730,4640172,6.8,6,5,0,1,1,123,116,123,28,16,10,24,26,0,1,0,0,0,static-wide-low,directed-response-blackout,admissible
16079029,mobile-limited-low,mobile-limited-low,zero,zero,zero,5,30378547620,30378547620,32217462,17040131,39900,5,2,3,1,1,1,0,0,0,170,102,272,3200,0.085,4760,272,3332,8092,95200,0.085,8092,170,170,0,0,0,374,374,0,0,2000,0,2400,2400,0,0,0,0,0,0,0,NaN,NaN,NaN,NaN,1,0,0,coherence-cumulative,1,170,0,0,31468858638,NaN,0,2,1,35699398,2552,2552,5453941,1,3,5,2,1,1,19,12,19,28,16,10,24,46,0,0,0,0,0,mobile-limited-low,zero,admissible
16079029,mobile-limited-low,mobile-limited-low,claim-iid5,claim-iid5,claim-iid5,5,30378547620,30378547620,32603027,17040521,39900,5,2,3,1,1,1,0,0,0,183,120,303,3200,0.0946875,5124,272,3900,9024,95200,0.0947899159663866,8092,198,198,9,0,0,424,412,12,0,2000,0,2400,2400,0,0,0,0,0,0,0,NaN,NaN,NaN,NaN,1,0,0,coherence-cumulative,1,174,0,0,31468858638,NaN,0,2,2,35699398,2552,2552,5453941,1,3,5,2,1,1,19,12,19,28,16,10,24,46,0,0,0,0,0,mobile-limited-low,claim-iid5,admissible
16079029,mobile-limited-low,mobile-limited-low,response-iid5,response-iid5,response-iid5,5,30378547620,30378547620,32603027,17040131,39900,5,2,3,1,1,1,0,0,0,178,115,293,3200,0.0915625,4984,272,3730,8714,95200,0.0915336134453782,8092,189,189,8,0,0,409,400,9,0,2000,0,2400,2400,0,0,0,0,0,0,0,NaN,NaN,NaN,NaN,1,0,0,coherence-cumulative,1,170,0,0,31468858638,NaN,0,2,3,35699398,2552,2552,5453941,1,3,5,2,1,1,19,12,19,28,16,10,24,46,0,0,0,0,0,mobile-limited-low,response-iid5,admissible
16079029,mobile-limited-low,mobile-limited-low,joint-control-iid5,joint-control-iid5,joint-control-iid5,5,30378547620,30378547620,32988592,17040415,39900,5,2,3,1,1,1,0,0,0,189,130,319,3200,0.0996875,5292,272,4200,9492,95200,0.0997058823529412,8092,212,212,16,0,0,451,430,21,0,2000,0,2400,2400,0,0,0,0,0,0,0,NaN,NaN,NaN,NaN,1,0,0,coherence-cumulative,1,173,0,0,31468858638,NaN,0,2,4,35699398,2552,2552,5453941,1,3,5,2,1,1,19,12,19,28,16,10,24,46,0,0,0,0,0,mobile-limited-low,joint-control-iid5,admissible
16079029,mobile-limited-low,mobile-limited-low,iid-occupancy15,iid-occupancy15,iid-occupancy15,5,30378547620,21308193059,32217462,17027397,39900,5,2,3,1,9,0.996,0,0,0,270,228,498,3200,0.155625,7560,272,7288,14848,95200,0.155966386554622,8092,361,364,95,0,0,743,544,199,0,1992,3,2384,1211,1173,0,6,4,2,0,1,NaN,NaN,NaN,NaN,1,0,0,coherence-cumulative,1,175,0,0.15,31468858638,614726,3725,2,5,35699398,2552,2552,5453941,1,3,5,2,1,1,19,12,19,28,16,10,24,46,0,0,0,0,0,mobile-limited-low,iid-occupancy15,admissible
16079029,mobile-limited-low,mobile-limited-low,directed-response-blackout,directed-response-blackout,directed-response-blackout,5,30378547620,25541785379,32217462,16592759,39900,5,2,3,0,NaN,0.8,0,0,0,536,834,1370,3200,0.428125,15008,272,26024,41032,95200,0.431008403361345,8092,1268,1268,399,0,0,2570,2170,400,0,1600,133,1600,1600,0,0,266,266,0,0,1,NaN,NaN,NaN,NaN,1,0,0,coherence-cumulative,1,137,1,0,31468858638,NaN,0,2,6,35699398,2552,2552,5453941,1,3,5,2,1,1,19,12,19,28,16,10,24,46,0,1,0,0,0,mobile-limited-low,directed-response-blackout,admissible
16079029,mobile-limited-high,mobile-limited-high,zero,zero,zero,5,30378547620,30378547620,32163491,14302675,36302,0,0,0,0,NaN,0,0,0,40,0,0,0,2000,0,0,155,0,0,56000,0,4340,0,0,0,0,0,0,0,0,0,0,697,0,0,0,0,696,616,0,80,1,NaN,NaN,NaN,NaN,1,0,0,coherence-cumulative,1,0,0,0,31468858638,NaN,0,3,1,35699398,2552,2552,5174038,0,0,0,0,1,0,0,13,20,28,16,10,24,0,0,0,0,0,0,mobile-limited-high,zero,selector-issued-no-horizon
16079029,mobile-limited-high,mobile-limited-high,claim-iid5,claim-iid5,claim-iid5,5,30378547620,30378547620,32549056,14302675,36302,0,0,0,0,NaN,0,0,0,40,0,0,0,2000,0,0,155,0,0,56000,0,4340,0,0,0,0,0,0,0,0,0,0,697,0,0,0,0,696,616,0,80,1,NaN,NaN,NaN,NaN,1,0,0,coherence-cumulative,1,0,0,0,31468858638,NaN,0,3,2,35699398,2552,2552,5174038,0,0,0,0,1,0,0,13,20,28,16,10,24,0,0,0,0,0,0,mobile-limited-high,claim-iid5,selector-issued-no-horizon
16079029,mobile-limited-high,mobile-limited-high,response-iid5,response-iid5,response-iid5,5,30378547620,30378547620,32549056,14302675,36302,0,0,0,0,NaN,0,0,0,40,0,0,0,2000,0,0,155,0,0,56000,0,4340,0,0,0,0,0,0,0,0,0,0,697,0,0,0,0,696,616,0,80,1,NaN,NaN,NaN,NaN,1,0,0,coherence-cumulative,1,0,0,0,31468858638,NaN,0,3,3,35699398,2552,2552,5174038,0,0,0,0,1,0,0,13,20,28,16,10,24,0,0,0,0,0,0,mobile-limited-high,response-iid5,selector-issued-no-horizon
16079029,mobile-limited-high,mobile-limited-high,joint-control-iid5,joint-control-iid5,joint-control-iid5,5,30378547620,30378547620,32934621,14302675,36302,0,0,0,0,NaN,0,0,0,40,0,0,0,2000,0,0,155,0,0,56000,0,4340,0,0,0,0,0,0,0,0,0,0,697,0,0,0,0,696,616,0,80,1,NaN,NaN,NaN,NaN,1,0,0,coherence-cumulative,1,0,0,0,31468858638,NaN,0,3,4,35699398,2552,2552,5174038,0,0,0,0,1,0,0,13,20,28,16,10,24,0,0,0,0,0,0,mobile-limited-high,joint-control-iid5,selector-issued-no-horizon
16079029,mobile-limited-high,mobile-limited-high,iid-occupancy15,iid-occupancy15,iid-occupancy15,5,30378547620,22020929330,32163491,14302675,36302,0,0,0,0,NaN,0,0,0,40,0,0,0,2000,0,0,155,0,0,56000,0,4340,0,0,0,0,0,0,0,0,0,0,697,0,0,0,0,696,322,294,80,1,NaN,NaN,NaN,NaN,1,0,0,coherence-cumulative,1,0,0,0.15,31468858638,1412041,3421,3,5,35699398,2552,2552,5174038,0,0,0,0,1,0,0,13,20,28,16,10,24,0,0,0,0,0,0,mobile-limited-high,iid-occupancy15,selector-issued-no-horizon
16079029,mobile-limited-high,mobile-limited-high,directed-response-blackout,directed-response-blackout,directed-response-blackout,5,30378547620,30378547620,32163491,14302675,36302,0,0,0,0,NaN,0,0,0,40,0,0,0,2000,0,0,155,0,0,56000,0,4340,0,0,0,0,0,0,0,0,0,0,697,0,0,0,0,696,616,0,80,1,NaN,NaN,NaN,NaN,1,0,0,coherence-cumulative,1,0,0,0,31468858638,NaN,0,3,6,35699398,2552,2552,5174038,0,0,0,0,1,0,0,13,20,28,16,10,24,0,0,0,0,0,0,mobile-limited-high,directed-response-blackout,selector-issued-no-horizon
16079029,static-wide-low,static-wide-low,zero,zero,zero,10,113008482714,113008482714,34119239,66630966,622387,5,0,1,1,1,1,0,0,0,60,30,90,6000,0.015,1680,90,780,2460,164000,0.015,2460,30,30,0,0,0,810,810,0,0,4000,0,4000,4000,0,0,0,0,0,0,0,NaN,NaN,NaN,NaN,1,0,0,coherence-cumulative,1,60,0,0,31417248971,NaN,0,1,1,68795939,36642,40685,5610302,6.8,6,5,0,1,1,76,69,76,28,16,10,24,26,0,0,0,0,0,static-wide-low,zero,admissible
16079029,static-wide-low,static-wide-low,claim-iid5,claim-iid5,claim-iid5,10,113008482714,113008482714,34504804,66631083,622387,5,0,1,1,1,1,0,0,0,64,36,100,6000,0.0166666666666667,1792,90,936,2728,164000,0.0166341463414634,2460,36,36,3,0,0,900,864,36,0,4000,0,4000,4000,0,0,0,0,0,0,0,NaN,NaN,NaN,NaN,1,0,0,coherence-cumulative,1,61,0,0,31417248971,NaN,0,1,2,68795939,36642,40685,5610302,6.8,6,5,0,1,1,76,69,76,28,16,10,24,26,0,0,0,0,0,static-wide-low,claim-iid5,admissible
16079029,static-wide-low,static-wide-low,response-iid5,response-iid5,response-iid5,10,113008482714,113008482714,34504804,66628089,622387,5,0,1,1,2,0.99975,0,0,0,64,36,100,6000,0.0166666666666667,1792,90,936,2728,164000,0.0166341463414634,2460,36,36,4,0,0,900,887,13,0,3999,0,3998,3998,0,0,0,0,0,0,0,NaN,NaN,NaN,NaN,1,0,0,coherence-cumulative,1,60,0,0,31417248971,NaN,0,1,3,68795939,36642,40685,5610302,6.8,6,5,0,1,1,76,69,76,28,16,10,24,26,0,0,0,0,0,static-wide-low,response-iid5,admissible
16079029,static-wide-low,static-wide-low,joint-control-iid5,joint-control-iid5,joint-control-iid5,10,113008482714,113008482714,34890369,66628089,622387,5,0,1,1,2,0.99975,0,0,0,69,44,113,6000,0.0188333333333333,1932,90,1144,3076,164000,0.0187560975609756,2460,44,44,9,0,0,1017,965,52,0,3999,0,3998,3998,0,0,0,0,0,0,0,NaN,NaN,NaN,NaN,1,0,0,coherence-cumulative,1,60,0,0,31417248971,NaN,0,1,4,68795939,36642,40685,5610302,6.8,6,5,0,1,1,76,69,76,28,16,10,24,26,0,0,0,0,0,static-wide-low,joint-control-iid5,admissible
16079029,static-wide-low,static-wide-low,iid-occupancy15,iid-occupancy15,iid-occupancy15,10,113008482714,78724147905,34119239,66616990,622387,5,0,1,1,3,0.99875,0,0,0,100,70,170,6000,0.0283333333333333,2800,90,1820,4620,164000,0.0281707317073171,2460,68,70,35,0,0,1530,1107,423,0,3995,0,3993,2177,1816,0,0,0,0,0,0,NaN,NaN,NaN,NaN,1,0,0,coherence-cumulative,1,65,0,0.15,31417248971,1230847,7029,1,5,68795939,36642,40685,5610302,6.8,6,5,0,1,1,76,69,76,28,16,10,24,26,0,0,0,0,0,static-wide-low,iid-occupancy15,admissible
16079029,static-wide-low,static-wide-low,directed-response-blackout,directed-response-blackout,directed-response-blackout,10,113008482714,93621267215,34119239,65849091,622387,5,0,1,0,NaN,0.9,0,0,0,454,818,1272,6000,0.212,12712,90,21268,33980,164000,0.20719512195122,2460,818,818,399,0,0,11448,11048,400,0,3600,78,3200,3200,0,0,156,156,0,0,1,NaN,NaN,NaN,NaN,1,0,0,coherence-cumulative,1,55,1,0,31417248971,NaN,0,1,6,68795939,36642,40685,5610302,6.8,6,5,0,1,1,76,69,76,28,16,10,24,26,0,1,0,0,0,static-wide-low,directed-response-blackout,admissible
16079029,mobile-limited-low,mobile-limited-low,zero,zero,zero,10,113008482714,113008482714,33040239,66694406,590476,5,0,1,1,1,1,0,0,0,1000,500,1500,6000,0.25,28000,1500,13000,41000,164000,0.25,41000,500,500,0,100,0,1800,1800,0,0,4000,0,4000,4000,0,0,0,0,0,0,0,NaN,NaN,NaN,NaN,1,0,0,coherence-cumulative,1,1000,0,0,31417248971,NaN,0,2,1,68795939,36642,36642,4093213,1,3,5,0,1,1,11,4,11,28,16,10,24,26,0,0,0,0,0,mobile-limited-low,zero,admissible
16079029,mobile-limited-low,mobile-limited-low,claim-iid5,claim-iid5,claim-iid5,10,113008482714,113008482714,33425804,66695792,590476,5,0,1,1,1,1,0,0,0,1050,573,1623,6000,0.2705,29400,1500,14898,44298,164000,0.270109756097561,41000,573,573,39,126,0,2029,1972,57,0,4000,0,4000,4000,0,0,0,0,0,0,0,NaN,NaN,NaN,NaN,1,0,0,coherence-cumulative,1,1011,0,0,31417248971,NaN,0,2,2,68795939,36642,36642,4093213,1,3,5,0,1,1,11,4,11,28,16,10,24,26,0,0,0,0,0,mobile-limited-low,claim-iid5,admissible
16079029,mobile-limited-low,mobile-limited-low,response-iid5,response-iid5,response-iid5,10,113008482714,113008482714,33425804,66694406,590476,5,0,1,1,1,1,0,0,0,1030,548,1578,6000,0.263,28840,1500,14248,43088,164000,0.262731707317073,41000,548,548,30,116,0,1938,1897,41,0,4000,0,4000,4000,0,0,0,0,0,0,0,NaN,NaN,NaN,NaN,1,0,0,coherence-cumulative,1,1000,0,0,31417248971,NaN,0,2,3,68795939,36642,36642,4093213,1,3,5,0,1,1,11,4,11,28,16,10,24,26,0,0,0,0,0,mobile-limited-low,response-iid5,admissible
16079029,mobile-limited-low,mobile-limited-low,joint-control-iid5,joint-control-iid5,joint-control-iid5,10,113008482714,113008482714,33811369,66695792,590476,5,0,1,1,1,1,0,0,0,1082,624,1706,6000,0.284333333333333,30296,1500,16224,46520,164000,0.283658536585366,41000,624,624,71,143,0,2177,2068,109,0,4000,0,4000,4000,0,0,0,0,0,0,0,NaN,NaN,NaN,NaN,1,0,0,coherence-cumulative,1,1011,0,0,31417248971,NaN,0,2,4,68795939,36642,36642,4093213,1,3,5,0,1,1,11,4,11,28,16,10,24,26,0,0,0,0,0,mobile-limited-low,joint-control-iid5,admissible
16079029,mobile-limited-low,mobile-limited-low,iid-occupancy15,iid-occupancy15,iid-occupancy15,10,113008482714,78813929335,33040239,66689514,590476,5,0,1,1,2,0.99925,0,0,0,1384,973,2357,6000,0.392833333333333,38752,1500,25298,64050,164000,0.390548780487805,41000,971,973,364,239,0,3265,2436,829,0,3997,0,3995,2178,1817,0,0,0,0,0,0,NaN,NaN,NaN,NaN,1,0,0,coherence-cumulative,1,1020,0,0.15,31417248971,1209702,7013,2,5,68795939,36642,36642,4093213,1,3,5,0,1,1,11,4,11,28,16,10,24,26,0,0,0,0,0,mobile-limited-low,iid-occupancy15,admissible
16079029,mobile-limited-low,mobile-limited-low,directed-response-blackout,directed-response-blackout,directed-response-blackout,10,113008482714,93622300087,33040239,65902541,590476,5,0,1,0,NaN,0.9,0,0,0,1300,1100,2400,6000,0.4,36400,1500,28600,65000,164000,0.396341463414634,41000,1100,1100,399,400,0,3600,3200,400,0,3600,78,3200,3200,0,0,156,156,0,0,1,NaN,NaN,NaN,NaN,1,0,0,coherence-cumulative,1,901,1,0,31417248971,NaN,0,2,6,68795939,36642,36642,4093213,1,3,5,0,1,1,11,4,11,28,16,10,24,26,0,1,0,0,0,mobile-limited-low,directed-response-blackout,admissible
16079029,mobile-limited-high,mobile-limited-high,zero,zero,zero,10,113008482714,113008482714,32260477,57168250,565792,0,0,0,0,NaN,0,0,0,18,0,0,0,4000,0,0,310,0,0,112000,0,8680,0,0,0,0,0,0,0,0,0,0,740,0,0,0,0,679,643,0,36,1,NaN,NaN,NaN,NaN,1,0,0,coherence-cumulative,1,0,0,0,31417248971,NaN,0,3,1,68795939,36642,36642,5015904,0,0,0,0,1,0,0,13,20,28,16,10,24,0,0,0,0,0,0,mobile-limited-high,zero,selector-issued-no-horizon
16079029,mobile-limited-high,mobile-limited-high,claim-iid5,claim-iid5,claim-iid5,10,113008482714,113008482714,32646042,57168250,565792,0,0,0,0,NaN,0,0,0,18,0,0,0,4000,0,0,310,0,0,112000,0,8680,0,0,0,0,0,0,0,0,0,0,740,0,0,0,0,679,643,0,36,1,NaN,NaN,NaN,NaN,1,0,0,coherence-cumulative,1,0,0,0,31417248971,NaN,0,3,2,68795939,36642,36642,5015904,0,0,0,0,1,0,0,13,20,28,16,10,24,0,0,0,0,0,0,mobile-limited-high,claim-iid5,selector-issued-no-horizon
16079029,mobile-limited-high,mobile-limited-high,response-iid5,response-iid5,response-iid5,10,113008482714,113008482714,32646042,57168250,565792,0,0,0,0,NaN,0,0,0,18,0,0,0,4000,0,0,310,0,0,112000,0,8680,0,0,0,0,0,0,0,0,0,0,740,0,0,0,0,679,643,0,36,1,NaN,NaN,NaN,NaN,1,0,0,coherence-cumulative,1,0,0,0,31417248971,NaN,0,3,3,68795939,36642,36642,5015904,0,0,0,0,1,0,0,13,20,28,16,10,24,0,0,0,0,0,0,mobile-limited-high,response-iid5,selector-issued-no-horizon
16079029,mobile-limited-high,mobile-limited-high,joint-control-iid5,joint-control-iid5,joint-control-iid5,10,113008482714,113008482714,33031607,57168250,565792,0,0,0,0,NaN,0,0,0,18,0,0,0,4000,0,0,310,0,0,112000,0,8680,0,0,0,0,0,0,0,0,0,0,740,0,0,0,0,679,643,0,36,1,NaN,NaN,NaN,NaN,1,0,0,coherence-cumulative,1,0,0,0,31417248971,NaN,0,3,4,68795939,36642,36642,5015904,0,0,0,0,1,0,0,13,20,28,16,10,24,0,0,0,0,0,0,mobile-limited-high,joint-control-iid5,selector-issued-no-horizon
16079029,mobile-limited-high,mobile-limited-high,iid-occupancy15,iid-occupancy15,iid-occupancy15,10,113008482714,81675719390,32260477,57168250,565792,0,0,0,0,NaN,0,0,0,18,0,0,0,4000,0,0,310,0,0,112000,0,8680,0,0,0,0,0,0,0,0,0,0,740,0,0,0,0,679,394,249,36,1,NaN,NaN,NaN,NaN,1,0,0,coherence-cumulative,1,0,0,0.15,31417248971,983870,6407,3,5,68795939,36642,36642,5015904,0,0,0,0,1,0,0,13,20,28,16,10,24,0,0,0,0,0,0,mobile-limited-high,iid-occupancy15,selector-issued-no-horizon
16079029,mobile-limited-high,mobile-limited-high,directed-response-blackout,directed-response-blackout,directed-response-blackout,10,113008482714,113008482714,32260477,57168250,565792,0,0,0,0,NaN,0,0,0,18,0,0,0,4000,0,0,310,0,0,112000,0,8680,0,0,0,0,0,0,0,0,0,0,740,0,0,0,0,679,643,0,36,1,NaN,NaN,NaN,NaN,1,0,0,coherence-cumulative,1,0,0,0,31417248971,NaN,0,3,6,68795939,36642,36642,5015904,0,0,0,0,1,0,0,13,20,28,16,10,24,0,0,0,0,0,0,mobile-limited-high,directed-response-blackout,selector-issued-no-horizon
16079030,static-wide-low,static-wide-low,zero,zero,zero,5,30443182319,30443182319,33532345,16471444,37834,1,0,1,1,1,1,0,0,0,15,3,18,2400,0.0075,420,18,78,498,66400,0.0075,498,3,3,0,0,0,72,72,0,0,2000,0,800,800,0,0,0,0,0,0,0,NaN,NaN,NaN,NaN,1,0,0,coherence-cumulative,1,15,0,0,31441540271,NaN,0,1,1,31446103,2472,2730,6630547,6.8,6,1,0,1,1,148,141,148,28,16,10,24,26,0,0,0,0,0,static-wide-low,zero,admissible
16079030,static-wide-low,static-wide-low,claim-iid5,claim-iid5,claim-iid5,5,30443182319,30443182319,33917910,16471444,37834,1,0,1,1,1,1,0,0,0,15,3,18,2400,0.0075,420,18,78,498,66400,0.0075,498,3,3,0,0,0,72,69,3,0,2000,0,800,800,0,0,0,0,0,0,0,NaN,NaN,NaN,NaN,1,0,0,coherence-cumulative,1,15,0,0,31441540271,NaN,0,1,2,31446103,2472,2730,6630547,6.8,6,1,0,1,1,148,141,148,28,16,10,24,26,0,0,0,0,0,static-wide-low,claim-iid5,admissible
16079030,static-wide-low,static-wide-low,response-iid5,response-iid5,response-iid5,5,30443182319,30443182319,33917910,16471444,37834,1,0,1,1,1,1,0,0,0,15,3,18,2400,0.0075,420,18,78,498,66400,0.0075,498,3,3,0,0,0,72,72,0,0,2000,0,800,800,0,0,0,0,0,0,0,NaN,NaN,NaN,NaN,1,0,0,coherence-cumulative,1,15,0,0,31441540271,NaN,0,1,3,31446103,2472,2730,6630547,6.8,6,1,0,1,1,148,141,148,28,16,10,24,26,0,0,0,0,0,static-wide-low,response-iid5,admissible
16079030,static-wide-low,static-wide-low,joint-control-iid5,joint-control-iid5,joint-control-iid5,5,30443182319,30443182319,34303475,16471444,37834,1,0,1,1,1,1,0,0,0,15,3,18,2400,0.0075,420,18,78,498,66400,0.0075,498,3,3,0,0,0,72,69,3,0,2000,0,800,800,0,0,0,0,0,0,0,NaN,NaN,NaN,NaN,1,0,0,coherence-cumulative,1,15,0,0,31441540271,NaN,0,1,4,31446103,2472,2730,6630547,6.8,6,1,0,1,1,148,141,148,28,16,10,24,26,0,0,0,0,0,static-wide-low,joint-control-iid5,admissible
16079030,static-wide-low,static-wide-low,iid-occupancy15,iid-occupancy15,iid-occupancy15,5,30443182319,22073846442,33532345,16469785,37834,1,0,1,1,3,0.999,0,0,0,18,6,24,2400,0.01,504,18,156,660,66400,0.00993975903614458,498,5,6,3,0,0,96,76,20,0,1998,0,798,411,387,0,0,0,0,0,0,NaN,NaN,NaN,NaN,1,0,0,coherence-cumulative,1,15,0,0.15,31441540271,958718,3415,1,5,31446103,2472,2730,6630547,6.8,6,1,0,1,1,148,141,148,28,16,10,24,26,0,0,0,0,0,static-wide-low,iid-occupancy15,admissible
16079030,static-wide-low,static-wide-low,directed-response-blackout,directed-response-blackout,directed-response-blackout,5,30443182319,25580985085,33532345,16047771,37834,1,0,1,0,NaN,0.8,0,0,0,412,400,812,2400,0.338333333333333,11536,18,10400,21936,66400,0.330361445783133,498,400,400,399,0,0,3248,2848,400,0,1600,122,400,400,0,0,122,122,0,0,1,NaN,NaN,NaN,NaN,1,0,0,coherence-cumulative,1,13,1,0,31441540271,NaN,0,1,6,31446103,2472,2730,6630547,6.8,6,1,0,1,1,148,141,148,28,16,10,24,26,0,1,0,0,0,static-wide-low,directed-response-blackout,admissible
16079030,mobile-limited-low,mobile-limited-low,zero,zero,zero,5,30443182319,30443182319,31985997,16473958,36732,1,0,1,1,1,1,0,0,0,145,29,174,2400,0.0725,4060,174,754,4814,66400,0.0725,4814,29,29,0,0,0,87,87,0,0,2000,0,800,800,0,0,0,0,0,0,0,NaN,NaN,NaN,NaN,1,0,0,coherence-cumulative,1,145,0,0,31441540271,NaN,0,2,1,31446103,2472,2472,5283286,1,3,1,0,1,1,21,14,21,28,16,10,24,26,0,0,0,0,0,mobile-limited-low,zero,admissible
16079030,mobile-limited-low,mobile-limited-low,claim-iid5,claim-iid5,claim-iid5,5,30443182319,30443182319,32371562,16473958,36732,1,0,1,1,1,1,0,0,0,146,30,176,2400,0.0733333333333333,4088,174,780,4868,66400,0.0733132530120482,4814,30,30,1,0,0,89,88,1,0,2000,0,800,800,0,0,0,0,0,0,0,NaN,NaN,NaN,NaN,1,0,0,coherence-cumulative,1,145,0,0,31441540271,NaN,0,2,2,31446103,2472,2472,5283286,1,3,1,0,1,1,21,14,21,28,16,10,24,26,0,0,0,0,0,mobile-limited-low,claim-iid5,admissible
16079030,mobile-limited-low,mobile-limited-low,response-iid5,response-iid5,response-iid5,5,30443182319,30443182319,32371562,16473958,36732,1,0,1,1,1,1,0,0,0,147,31,178,2400,0.0741666666666667,4116,174,806,4922,66400,0.0741265060240964,4814,31,31,2,0,0,91,89,2,0,2000,0,800,800,0,0,0,0,0,0,0,NaN,NaN,NaN,NaN,1,0,0,coherence-cumulative,1,145,0,0,31441540271,NaN,0,2,3,31446103,2472,2472,5283286,1,3,1,0,1,1,21,14,21,28,16,10,24,26,0,0,0,0,0,mobile-limited-low,response-iid5,admissible
16079030,mobile-limited-low,mobile-limited-low,joint-control-iid5,joint-control-iid5,joint-control-iid5,5,30443182319,30443182319,32757127,16473958,36732,1,0,1,1,1,1,0,0,0,147,31,178,2400,0.0741666666666667,4116,174,806,4922,66400,0.0741265060240964,4814,31,31,2,0,0,91,88,3,0,2000,0,800,800,0,0,0,0,0,0,0,NaN,NaN,NaN,NaN,1,0,0,coherence-cumulative,1,145,0,0,31441540271,NaN,0,2,4,31446103,2472,2472,5283286,1,3,1,0,1,1,21,14,21,28,16,10,24,26,0,0,0,0,0,mobile-limited-low,joint-control-iid5,admissible
16079030,mobile-limited-low,mobile-limited-low,iid-occupancy15,iid-occupancy15,iid-occupancy15,5,30443182319,22077435343,31985997,16472299,36732,1,0,1,1,3,0.999,0,0,0,157,40,197,2400,0.0820833333333333,4396,174,1040,5436,66400,0.0818674698795181,4814,39,40,12,0,0,110,88,22,0,1998,0,798,411,387,0,0,0,0,0,0,NaN,NaN,NaN,NaN,1,0,0,coherence-cumulative,1,145,0,0.15,31441540271,1358485,3421,2,5,31446103,2472,2472,5283286,1,3,1,0,1,1,21,14,21,28,16,10,24,26,0,0,0,0,0,mobile-limited-low,iid-occupancy15,admissible
16079030,mobile-limited-low,mobile-limited-low,directed-response-blackout,directed-response-blackout,directed-response-blackout,5,30443182319,25580185085,31985997,16049799,36732,1,0,1,0,NaN,0.8,0,0,0,516,400,916,2400,0.381666666666667,14448,174,10400,24848,66400,0.37421686746988,4814,400,400,399,0,0,829,429,400,0,1600,122,400,400,0,0,122,122,0,0,1,NaN,NaN,NaN,NaN,1,0,0,coherence-cumulative,1,117,1,0,31441540271,NaN,0,2,6,31446103,2472,2472,5283286,1,3,1,0,1,1,21,14,21,28,16,10,24,26,0,1,0,0,0,mobile-limited-low,directed-response-blackout,admissible
16079030,mobile-limited-high,mobile-limited-high,zero,zero,zero,5,30443182319,30443182319,32305280,16485921,36732,1,0,1,1,1,1,0,0,0,670,134,804,2400,0.335,18760,804,3484,22244,66400,0.335,22244,134,134,0,0,0,402,402,0,0,2000,0,800,800,0,0,0,0,0,0,0,NaN,NaN,NaN,NaN,1,0,0,coherence-cumulative,1,670,0,0,31441540271,NaN,0,3,1,31446103,2472,2472,4874345,0.5,2,1,0,1,1,10,3,10,28,16,10,24,26,0,0,0,0,0,mobile-limited-high,zero,admissible
16079030,mobile-limited-high,mobile-limited-high,claim-iid5,claim-iid5,claim-iid5,5,30443182319,30443182319,32690845,16485921,36732,1,0,1,1,1,1,0,0,0,674,138,812,2400,0.338333333333333,18872,804,3588,22460,66400,0.338253012048193,22244,138,138,4,0,0,410,398,12,0,2000,0,800,800,0,0,0,0,0,0,0,NaN,NaN,NaN,NaN,1,0,0,coherence-cumulative,1,670,0,0,31441540271,NaN,0,3,2,31446103,2472,2472,4874345,0.5,2,1,0,1,1,10,3,10,28,16,10,24,26,0,0,0,0,0,mobile-limited-high,claim-iid5,admissible
16079030,mobile-limited-high,mobile-limited-high,response-iid5,response-iid5,response-iid5,5,30443182319,30443182319,32690845,16485921,36732,1,0,1,1,1,1,0,0,0,678,142,820,2400,0.341666666666667,18984,804,3692,22676,66400,0.341506024096386,22244,142,142,8,0,0,418,410,8,0,2000,0,800,800,0,0,0,0,0,0,0,NaN,NaN,NaN,NaN,1,0,0,coherence-cumulative,1,670,0,0,31441540271,NaN,0,3,3,31446103,2472,2472,4874345,0.5,2,1,0,1,1,10,3,10,28,16,10,24,26,0,0,0,0,0,mobile-limited-high,response-iid5,admissible
16079030,mobile-limited-high,mobile-limited-high,joint-control-iid5,joint-control-iid5,joint-control-iid5,5,30443182319,30443182319,33076410,16485921,36732,1,0,1,1,1,1,0,0,0,682,146,828,2400,0.345,19096,804,3796,22892,66400,0.344759036144578,22244,146,146,12,0,0,426,406,20,0,2000,0,800,800,0,0,0,0,0,0,0,NaN,NaN,NaN,NaN,1,0,0,coherence-cumulative,1,670,0,0,31441540271,NaN,0,3,4,31446103,2472,2472,4874345,0.5,2,1,0,1,1,10,3,10,28,16,10,24,26,0,0,0,0,0,mobile-limited-high,joint-control-iid5,admissible
16079030,mobile-limited-high,mobile-limited-high,iid-occupancy15,iid-occupancy15,iid-occupancy15,5,30443182319,22077435343,32305280,16484003,36732,1,0,1,1,3,0.999,0,0,0,749,204,953,2400,0.397083333333333,20972,804,5304,26276,66400,0.395722891566265,22244,203,204,86,0,0,551,403,148,0,1998,0,798,411,387,0,0,0,0,0,0,NaN,NaN,NaN,NaN,1,0,0,coherence-cumulative,1,663,0,0.15,31441540271,1358485,3421,3,5,31446103,2472,2472,4874345,0.5,2,1,0,1,1,10,3,10,28,16,10,24,26,0,0,0,0,0,mobile-limited-high,iid-occupancy15,admissible
16079030,mobile-limited-high,mobile-limited-high,directed-response-blackout,directed-response-blackout,directed-response-blackout,5,30443182319,25580185085,32305280,16057989,36732,1,0,1,0,NaN,0.8,0,0,0,936,400,1336,2400,0.556666666666667,26208,804,10400,36608,66400,0.551325301204819,22244,400,400,399,0,0,934,534,400,0,1600,122,400,400,0,0,122,122,0,0,1,NaN,NaN,NaN,NaN,1,0,0,coherence-cumulative,1,537,1,0,31441540271,NaN,0,3,6,31446103,2472,2472,4874345,0.5,2,1,0,1,1,10,3,10,28,16,10,24,26,0,1,0,0,0,mobile-limited-high,directed-response-blackout,admissible
16079030,static-wide-low,static-wide-low,zero,zero,zero,10,113124918408,113124918408,33058556,66630968,621144,5,0,1,1,1,1,0,0,0,60,30,90,6000,0.015,1680,90,780,2460,164000,0.015,2460,30,30,0,0,0,810,810,0,0,4000,0,3200,3200,0,0,0,0,0,0,0,NaN,NaN,NaN,NaN,1,0,0,coherence-cumulative,1,60,0,0,31566670214,NaN,0,1,1,71184561,36429,40685,4820782,6.8,6,5,0,1,1,76,69,76,28,16,10,24,26,0,0,0,0,0,static-wide-low,zero,admissible
16079030,static-wide-low,static-wide-low,claim-iid5,claim-iid5,claim-iid5,10,113124918408,113124918408,33444121,66631132,621144,5,0,1,1,1,1,0,0,0,66,34,100,6000,0.0166666666666667,1848,90,884,2732,164000,0.0166585365853659,2460,34,34,4,0,0,900,876,24,0,4000,0,3200,3200,0,0,0,0,0,0,0,NaN,NaN,NaN,NaN,1,0,0,coherence-cumulative,1,62,0,0,31566670214,NaN,0,1,2,71184561,36429,40685,4820782,6.8,6,5,0,1,1,76,69,76,28,16,10,24,26,0,0,0,0,0,static-wide-low,claim-iid5,admissible
16079030,static-wide-low,static-wide-low,response-iid5,response-iid5,response-iid5,10,113124918408,113124918408,33444121,66630968,621144,5,0,1,1,1,1,0,0,0,62,33,95,6000,0.0158333333333333,1736,90,858,2594,164000,0.0158170731707317,2460,33,33,2,0,0,855,838,17,0,4000,0,3200,3200,0,0,0,0,0,0,0,NaN,NaN,NaN,NaN,1,0,0,coherence-cumulative,1,60,0,0,31566670214,NaN,0,1,3,71184561,36429,40685,4820782,6.8,6,5,0,1,1,76,69,76,28,16,10,24,26,0,0,0,0,0,static-wide-low,response-iid5,admissible
16079030,static-wide-low,static-wide-low,joint-control-iid5,joint-control-iid5,joint-control-iid5,10,113124918408,113124918408,33829686,66631132,621144,5,0,1,1,1,1,0,0,0,68,37,105,6000,0.0175,1904,90,962,2866,164000,0.0174756097560976,2460,37,37,6,0,0,945,903,42,0,4000,0,3200,3200,0,0,0,0,0,0,0,NaN,NaN,NaN,NaN,1,0,0,coherence-cumulative,1,62,0,0,31566670214,NaN,0,1,4,71184561,36429,40685,4820782,6.8,6,5,0,1,1,76,69,76,28,16,10,24,26,0,0,0,0,0,static-wide-low,joint-control-iid5,admissible
16079030,static-wide-low,static-wide-low,iid-occupancy15,iid-occupancy15,iid-occupancy15,10,113124918408,78331766901,33058556,66627691,621144,5,0,1,1,2,0.99975,0,0,0,79,54,133,6000,0.0221666666666667,2212,90,1404,3616,164000,0.0220487804878049,2460,54,54,19,0,0,1197,909,288,0,3999,0,3199,1696,1503,0,0,0,0,0,0,NaN,NaN,NaN,NaN,1,0,0,coherence-cumulative,1,60,0,0.15,31566670214,1085588,7126,1,5,71184561,36429,40685,4820782,6.8,6,5,0,1,1,76,69,76,28,16,10,24,26,0,0,0,0,0,static-wide-low,iid-occupancy15,admissible
16079030,static-wide-low,static-wide-low,directed-response-blackout,directed-response-blackout,directed-response-blackout,10,113124918408,93774557110,33058556,66009092,621144,5,0,1,0,NaN,0.9,0,0,0,454,818,1272,6000,0.212,12712,90,21268,33980,164000,0.20719512195122,2460,818,818,399,0,0,11448,11048,400,0,3600,67,2800,2800,0,0,67,67,0,0,1,NaN,NaN,NaN,NaN,1,0,0,coherence-cumulative,1,55,1,0,31566670214,NaN,0,1,6,71184561,36429,40685,4820782,6.8,6,5,0,1,1,76,69,76,28,16,10,24,26,0,1,0,0,0,static-wide-low,directed-response-blackout,admissible
16079030,mobile-limited-low,mobile-limited-low,zero,zero,zero,10,113124918408,113124918408,32428771,66694408,582457,5,1,2,1,1,1,0,0,0,1000,400,1400,5600,0.25,28000,1400,11400,39400,157600,0.25,39400,500,500,0,100,0,1300,1300,0,0,4000,0,3200,3200,0,0,0,0,0,0,0,NaN,NaN,NaN,NaN,1,0,0,coherence-cumulative,1,1000,0,0,31566670214,NaN,0,2,1,71184561,36429,36429,4476500,1,3,5,1,1,1,11,4,11,28,16,10,24,36,0,0,0,0,0,mobile-limited-low,zero,admissible
16079030,mobile-limited-low,mobile-limited-low,claim-iid5,claim-iid5,claim-iid5,10,113124918408,113124918408,32814336,66695698,582457,5,1,2,1,1,1,0,0,0,1041,444,1485,5600,0.265178571428571,29148,1400,12634,41782,157600,0.26511421319797,39400,553,553,31,116,0,1408,1358,50,0,4000,0,3200,3200,0,0,0,0,0,0,0,NaN,NaN,NaN,NaN,1,0,0,coherence-cumulative,1,1010,0,0,31566670214,NaN,0,2,2,71184561,36429,36429,4476500,1,3,5,1,1,1,11,4,11,28,16,10,24,36,0,0,0,0,0,mobile-limited-low,claim-iid5,admissible
16079030,mobile-limited-low,mobile-limited-low,response-iid5,response-iid5,response-iid5,10,113124918408,113124918408,32814336,66694408,582457,5,1,2,1,1,1,0,0,0,1024,436,1460,5600,0.260714285714286,28672,1400,12366,41038,157600,0.260393401015228,39400,539,539,24,112,0,1375,1350,25,0,4000,0,3200,3200,0,0,0,0,0,0,0,NaN,NaN,NaN,NaN,1,0,0,coherence-cumulative,1,1000,0,0,31566670214,NaN,0,2,3,71184561,36429,36429,4476500,1,3,5,1,1,1,11,4,11,28,16,10,24,36,0,0,0,0,0,mobile-limited-low,response-iid5,admissible
16079030,mobile-limited-low,mobile-limited-low,joint-control-iid5,joint-control-iid5,joint-control-iid5,10,113124918408,113124918408,33199901,66695569,582457,5,1,2,1,1,1,0,0,0,1066,481,1547,5600,0.27625,29848,1400,13616,43464,157600,0.275786802030457,39400,592,592,57,129,0,1485,1405,80,0,4000,0,3200,3200,0,0,0,0,0,0,0,NaN,NaN,NaN,NaN,1,0,0,coherence-cumulative,1,1009,0,0,31566670214,NaN,0,2,4,71184561,36429,36429,4476500,1,3,5,1,1,1,11,4,11,28,16,10,24,36,0,0,0,0,0,mobile-limited-low,joint-control-iid5,admissible
16079030,mobile-limited-low,mobile-limited-low,iid-occupancy15,iid-occupancy15,iid-occupancy15,10,113124918408,76951291023,32428771,66686036,582457,5,1,2,1,1,0.999,0,0,0,1341,744,2085,5600,0.372321428571429,37548,1400,20984,58532,157600,0.371395939086294,39400,908,908,334,223,0,2162,1618,544,0,3996,0,3196,1657,1539,0,0,0,0,0,0,NaN,NaN,NaN,NaN,1,0,0,coherence-cumulative,1,1007,0,0.15,31566670214,851449,7386,2,5,71184561,36429,36429,4476500,1,3,5,1,1,1,11,4,11,28,16,10,24,36,0,0,0,0,0,mobile-limited-low,iid-occupancy15,admissible
16079030,mobile-limited-low,mobile-limited-low,directed-response-blackout,directed-response-blackout,directed-response-blackout,10,113124918408,93774557110,32428771,66062497,582457,5,1,2,0,NaN,0.9,0,0,0,1300,700,2000,5600,0.357142857142857,36400,1400,22200,58600,157600,0.371827411167513,39400,1100,1100,399,100,0,2200,1800,400,0,3600,67,2800,2800,0,0,67,67,0,0,1,NaN,NaN,NaN,NaN,1,0,0,coherence-cumulative,1,901,1,0,31566670214,NaN,0,2,6,71184561,36429,36429,4476500,1,3,5,1,1,1,11,4,11,28,16,10,24,36,0,1,0,0,0,mobile-limited-low,directed-response-blackout,admissible
16079030,mobile-limited-high,mobile-limited-high,zero,zero,zero,10,113124918408,113124918408,31964076,57168250,565379,0,0,0,0,NaN,0,0,0,6,0,0,0,4000,0,0,310,0,0,112000,0,8680,0,0,0,0,0,0,0,0,0,0,796,0,0,0,0,550,538,0,12,1,NaN,NaN,NaN,NaN,1,0,0,coherence-cumulative,1,0,0,0,31566670214,NaN,0,3,1,71184561,36429,36429,5392234,0,0,0,0,1,0,0,13,20,28,16,10,24,0,0,0,0,0,0,mobile-limited-high,zero,selector-issued-no-horizon
16079030,mobile-limited-high,mobile-limited-high,claim-iid5,claim-iid5,claim-iid5,10,113124918408,113124918408,32349641,57168250,565379,0,0,0,0,NaN,0,0,0,6,0,0,0,4000,0,0,310,0,0,112000,0,8680,0,0,0,0,0,0,0,0,0,0,796,0,0,0,0,550,538,0,12,1,NaN,NaN,NaN,NaN,1,0,0,coherence-cumulative,1,0,0,0,31566670214,NaN,0,3,2,71184561,36429,36429,5392234,0,0,0,0,1,0,0,13,20,28,16,10,24,0,0,0,0,0,0,mobile-limited-high,claim-iid5,selector-issued-no-horizon
16079030,mobile-limited-high,mobile-limited-high,response-iid5,response-iid5,response-iid5,10,113124918408,113124918408,32349641,57168250,565379,0,0,0,0,NaN,0,0,0,6,0,0,0,4000,0,0,310,0,0,112000,0,8680,0,0,0,0,0,0,0,0,0,0,796,0,0,0,0,550,538,0,12,1,NaN,NaN,NaN,NaN,1,0,0,coherence-cumulative,1,0,0,0,31566670214,NaN,0,3,3,71184561,36429,36429,5392234,0,0,0,0,1,0,0,13,20,28,16,10,24,0,0,0,0,0,0,mobile-limited-high,response-iid5,selector-issued-no-horizon
16079030,mobile-limited-high,mobile-limited-high,joint-control-iid5,joint-control-iid5,joint-control-iid5,10,113124918408,113124918408,32735206,57168250,565379,0,0,0,0,NaN,0,0,0,6,0,0,0,4000,0,0,310,0,0,112000,0,8680,0,0,0,0,0,0,0,0,0,0,796,0,0,0,0,550,538,0,12,1,NaN,NaN,NaN,NaN,1,0,0,coherence-cumulative,1,0,0,0,31566670214,NaN,0,3,4,71184561,36429,36429,5392234,0,0,0,0,1,0,0,13,20,28,16,10,24,0,0,0,0,0,0,mobile-limited-high,joint-control-iid5,selector-issued-no-horizon
16079030,mobile-limited-high,mobile-limited-high,iid-occupancy15,iid-occupancy15,iid-occupancy15,10,113124918408,80096963393,31964076,57168250,565379,0,0,0,0,NaN,0,0,0,6,0,0,0,4000,0,0,310,0,0,112000,0,8680,0,0,0,0,0,0,0,0,0,0,796,0,0,0,0,550,286,252,12,1,NaN,NaN,NaN,NaN,1,0,0,coherence-cumulative,1,0,0,0.15,31566670214,474871,6756,3,5,71184561,36429,36429,5392234,0,0,0,0,1,0,0,13,20,28,16,10,24,0,0,0,0,0,0,mobile-limited-high,iid-occupancy15,selector-issued-no-horizon
16079030,mobile-limited-high,mobile-limited-high,directed-response-blackout,directed-response-blackout,directed-response-blackout,10,113124918408,113124918408,31964076,57168250,565379,0,0,0,0,NaN,0,0,0,6,0,0,0,4000,0,0,310,0,0,112000,0,8680,0,0,0,0,0,0,0,0,0,0,796,0,0,0,0,550,538,0,12,1,NaN,NaN,NaN,NaN,1,0,0,coherence-cumulative,1,0,0,0,31566670214,NaN,0,3,6,71184561,36429,36429,5392234,0,0,0,0,1,0,0,13,20,28,16,10,24,0,0,0,0,0,0,mobile-limited-high,directed-response-blackout,selector-issued-no-horizon
16079031,static-wide-low,static-wide-low,zero,zero,zero,5,30500467689,30500467689,33832113,16345885,36830,0,0,0,1,1,1,0,0,0,15,0,15,2000,0.0075,420,15,0,420,56000,0.0075,420,0,0,0,0,0,60,60,0,0,2000,0,0,0,0,0,0,0,0,0,0,NaN,NaN,NaN,NaN,1,0,0,coherence-cumulative,1,15,0,0,31428533362,NaN,0,1,1,33586106,2450,2730,6754279,6.8,6,0,0,1,1,156,149,156,28,16,10,24,0,0,0,0,0,0,static-wide-low,zero,admissible
16079031,static-wide-low,static-wide-low,claim-iid5,claim-iid5,claim-iid5,5,30500467689,30500467689,34217678,16345885,36830,0,0,0,1,1,1,0,0,0,15,0,15,2000,0.0075,420,15,0,420,56000,0.0075,420,0,0,0,0,0,60,55,5,0,2000,0,0,0,0,0,0,0,0,0,0,NaN,NaN,NaN,NaN,1,0,0,coherence-cumulative,1,15,0,0,31428533362,NaN,0,1,2,33586106,2450,2730,6754279,6.8,6,0,0,1,1,156,149,156,28,16,10,24,0,0,0,0,0,0,static-wide-low,claim-iid5,admissible
16079031,static-wide-low,static-wide-low,response-iid5,response-iid5,response-iid5,5,30500467689,30500467689,34217678,16345885,36830,0,0,0,1,1,1,0,0,0,15,0,15,2000,0.0075,420,15,0,420,56000,0.0075,420,0,0,0,0,0,60,60,0,0,2000,0,0,0,0,0,0,0,0,0,0,NaN,NaN,NaN,NaN,1,0,0,coherence-cumulative,1,15,0,0,31428533362,NaN,0,1,3,33586106,2450,2730,6754279,6.8,6,0,0,1,1,156,149,156,28,16,10,24,0,0,0,0,0,0,static-wide-low,response-iid5,admissible
16079031,static-wide-low,static-wide-low,joint-control-iid5,joint-control-iid5,joint-control-iid5,5,30500467689,30500467689,34603243,16345885,36830,0,0,0,1,1,1,0,0,0,15,0,15,2000,0.0075,420,15,0,420,56000,0.0075,420,0,0,0,0,0,60,55,5,0,2000,0,0,0,0,0,0,0,0,0,0,NaN,NaN,NaN,NaN,1,0,0,coherence-cumulative,1,15,0,0,31428533362,NaN,0,1,4,33586106,2450,2730,6754279,6.8,6,0,0,1,1,156,149,156,28,16,10,24,0,0,0,0,0,0,static-wide-low,joint-control-iid5,admissible
16079031,static-wide-low,static-wide-low,iid-occupancy15,iid-occupancy15,iid-occupancy15,5,30500467689,22165928604,33832113,16345885,36830,0,0,0,1,1,1,0,0,0,15,0,15,2000,0.0075,420,15,0,420,56000,0.0075,420,0,0,0,0,0,60,40,20,0,2000,0,0,0,0,0,0,0,0,0,0,NaN,NaN,NaN,NaN,1,0,0,coherence-cumulative,1,15,0,0.15,31428533362,245689,3388,1,5,33586106,2450,2730,6754279,6.8,6,0,0,1,1,156,149,156,28,16,10,24,0,0,0,0,0,0,static-wide-low,iid-occupancy15,admissible
16079031,static-wide-low,static-wide-low,directed-response-blackout,directed-response-blackout,directed-response-blackout,5,30500467689,30500467689,33832113,16345885,36830,0,0,0,1,1,1,0,0,0,15,0,15,2000,0.0075,420,15,0,420,56000,0.0075,420,0,0,0,0,0,60,60,0,0,2000,0,0,0,0,0,0,0,0,0,0,NaN,NaN,NaN,NaN,1,0,0,coherence-cumulative,1,15,0,0,31428533362,NaN,0,1,6,33586106,2450,2730,6754279,6.8,6,0,0,1,1,156,149,156,28,16,10,24,0,0,0,0,0,0,static-wide-low,directed-response-blackout,admissible
16079031,mobile-limited-low,mobile-limited-low,zero,zero,zero,5,30500467689,30500467689,33713720,16345885,36050,0,0,0,1,1,1,0,0,0,15,0,15,2000,0.0075,420,15,0,420,56000,0.0075,420,0,0,0,0,0,0,0,0,0,2000,0,0,0,0,0,0,0,0,0,0,NaN,NaN,NaN,NaN,1,0,0,coherence-cumulative,1,15,0,0,31428533362,NaN,0,2,1,33586106,2450,2450,6588577,6.8,6,0,0,1,1,156,149,156,28,16,10,24,0,0,0,0,0,0,mobile-limited-low,zero,admissible
16079031,mobile-limited-low,mobile-limited-low,claim-iid5,claim-iid5,claim-iid5,5,30500467689,30500467689,34099285,16345885,36050,0,0,0,1,1,1,0,0,0,15,0,15,2000,0.0075,420,15,0,420,56000,0.0075,420,0,0,0,0,0,0,0,0,0,2000,0,0,0,0,0,0,0,0,0,0,NaN,NaN,NaN,NaN,1,0,0,coherence-cumulative,1,15,0,0,31428533362,NaN,0,2,2,33586106,2450,2450,6588577,6.8,6,0,0,1,1,156,149,156,28,16,10,24,0,0,0,0,0,0,mobile-limited-low,claim-iid5,admissible
16079031,mobile-limited-low,mobile-limited-low,response-iid5,response-iid5,response-iid5,5,30500467689,30500467689,34099285,16345885,36050,0,0,0,1,1,1,0,0,0,15,0,15,2000,0.0075,420,15,0,420,56000,0.0075,420,0,0,0,0,0,0,0,0,0,2000,0,0,0,0,0,0,0,0,0,0,NaN,NaN,NaN,NaN,1,0,0,coherence-cumulative,1,15,0,0,31428533362,NaN,0,2,3,33586106,2450,2450,6588577,6.8,6,0,0,1,1,156,149,156,28,16,10,24,0,0,0,0,0,0,mobile-limited-low,response-iid5,admissible
16079031,mobile-limited-low,mobile-limited-low,joint-control-iid5,joint-control-iid5,joint-control-iid5,5,30500467689,30500467689,34484850,16345885,36050,0,0,0,1,1,1,0,0,0,15,0,15,2000,0.0075,420,15,0,420,56000,0.0075,420,0,0,0,0,0,0,0,0,0,2000,0,0,0,0,0,0,0,0,0,0,NaN,NaN,NaN,NaN,1,0,0,coherence-cumulative,1,15,0,0,31428533362,NaN,0,2,4,33586106,2450,2450,6588577,6.8,6,0,0,1,1,156,149,156,28,16,10,24,0,0,0,0,0,0,mobile-limited-low,joint-control-iid5,admissible
16079031,mobile-limited-low,mobile-limited-low,iid-occupancy15,iid-occupancy15,iid-occupancy15,5,30500467689,22165928604,33713720,16345885,36050,0,0,0,1,1,1,0,0,0,15,0,15,2000,0.0075,420,15,0,420,56000,0.0075,420,0,0,0,0,0,0,0,0,0,2000,0,0,0,0,0,0,0,0,0,0,NaN,NaN,NaN,NaN,1,0,0,coherence-cumulative,1,15,0,0.15,31428533362,245689,3388,2,5,33586106,2450,2450,6588577,6.8,6,0,0,1,1,156,149,156,28,16,10,24,0,0,0,0,0,0,mobile-limited-low,iid-occupancy15,admissible
16079031,mobile-limited-low,mobile-limited-low,directed-response-blackout,directed-response-blackout,directed-response-blackout,5,30500467689,30500467689,33713720,16345885,36050,0,0,0,1,1,1,0,0,0,15,0,15,2000,0.0075,420,15,0,420,56000,0.0075,420,0,0,0,0,0,0,0,0,0,2000,0,0,0,0,0,0,0,0,0,0,NaN,NaN,NaN,NaN,1,0,0,coherence-cumulative,1,15,0,0,31428533362,NaN,0,2,6,33586106,2450,2450,6588577,6.8,6,0,0,1,1,156,149,156,28,16,10,24,0,0,0,0,0,0,mobile-limited-low,directed-response-blackout,admissible
16079031,mobile-limited-high,mobile-limited-high,zero,zero,zero,5,30500467689,30500467689,33469352,16345885,36050,0,0,0,1,1,1,0,0,0,15,0,15,2000,0.0075,420,15,0,420,56000,0.0075,420,0,0,0,0,0,0,0,0,0,2000,0,0,0,0,0,0,0,0,0,0,NaN,NaN,NaN,NaN,1,0,0,coherence-cumulative,1,15,0,0,31428533362,NaN,0,3,1,33586106,2450,2450,5208645,6.8,6,0,0,1,1,156,149,156,28,16,10,24,0,0,0,0,0,0,mobile-limited-high,zero,admissible
16079031,mobile-limited-high,mobile-limited-high,claim-iid5,claim-iid5,claim-iid5,5,30500467689,30500467689,33854917,16345885,36050,0,0,0,1,1,1,0,0,0,15,0,15,2000,0.0075,420,15,0,420,56000,0.0075,420,0,0,0,0,0,0,0,0,0,2000,0,0,0,0,0,0,0,0,0,0,NaN,NaN,NaN,NaN,1,0,0,coherence-cumulative,1,15,0,0,31428533362,NaN,0,3,2,33586106,2450,2450,5208645,6.8,6,0,0,1,1,156,149,156,28,16,10,24,0,0,0,0,0,0,mobile-limited-high,claim-iid5,admissible
16079031,mobile-limited-high,mobile-limited-high,response-iid5,response-iid5,response-iid5,5,30500467689,30500467689,33854917,16345885,36050,0,0,0,1,1,1,0,0,0,15,0,15,2000,0.0075,420,15,0,420,56000,0.0075,420,0,0,0,0,0,0,0,0,0,2000,0,0,0,0,0,0,0,0,0,0,NaN,NaN,NaN,NaN,1,0,0,coherence-cumulative,1,15,0,0,31428533362,NaN,0,3,3,33586106,2450,2450,5208645,6.8,6,0,0,1,1,156,149,156,28,16,10,24,0,0,0,0,0,0,mobile-limited-high,response-iid5,admissible
16079031,mobile-limited-high,mobile-limited-high,joint-control-iid5,joint-control-iid5,joint-control-iid5,5,30500467689,30500467689,34240482,16345885,36050,0,0,0,1,1,1,0,0,0,15,0,15,2000,0.0075,420,15,0,420,56000,0.0075,420,0,0,0,0,0,0,0,0,0,2000,0,0,0,0,0,0,0,0,0,0,NaN,NaN,NaN,NaN,1,0,0,coherence-cumulative,1,15,0,0,31428533362,NaN,0,3,4,33586106,2450,2450,5208645,6.8,6,0,0,1,1,156,149,156,28,16,10,24,0,0,0,0,0,0,mobile-limited-high,joint-control-iid5,admissible
16079031,mobile-limited-high,mobile-limited-high,iid-occupancy15,iid-occupancy15,iid-occupancy15,5,30500467689,22165928604,33469352,16345885,36050,0,0,0,1,1,1,0,0,0,15,0,15,2000,0.0075,420,15,0,420,56000,0.0075,420,0,0,0,0,0,0,0,0,0,2000,0,0,0,0,0,0,0,0,0,0,NaN,NaN,NaN,NaN,1,0,0,coherence-cumulative,1,15,0,0.15,31428533362,245689,3388,3,5,33586106,2450,2450,5208645,6.8,6,0,0,1,1,156,149,156,28,16,10,24,0,0,0,0,0,0,mobile-limited-high,iid-occupancy15,admissible
16079031,mobile-limited-high,mobile-limited-high,directed-response-blackout,directed-response-blackout,directed-response-blackout,5,30500467689,30500467689,33469352,16345885,36050,0,0,0,1,1,1,0,0,0,15,0,15,2000,0.0075,420,15,0,420,56000,0.0075,420,0,0,0,0,0,0,0,0,0,2000,0,0,0,0,0,0,0,0,0,0,NaN,NaN,NaN,NaN,1,0,0,coherence-cumulative,1,15,0,0,31428533362,NaN,0,3,6,33586106,2450,2450,5208645,6.8,6,0,0,1,1,156,149,156,28,16,10,24,0,0,0,0,0,0,mobile-limited-high,directed-response-blackout,admissible
16079031,static-wide-low,static-wide-low,zero,zero,zero,10,113252543994,113252543994,33593002,67786753,666581,9,0,1,1,1,1,0,0,0,70,63,133,7600,0.0175,1960,133,1638,3598,205600,0.0175,3598,63,63,0,14,0,1197,1197,0,0,4000,0,4800,4800,0,0,0,0,0,0,0,NaN,NaN,NaN,NaN,1,0,0,coherence-cumulative,1,70,0,0,31439578984,NaN,0,1,1,70653740,36701,40685,6366127,6.8,6,9,0,1,1,68,61,68,28,16,10,24,26,0,0,0,0,0,static-wide-low,zero,admissible
16079031,static-wide-low,static-wide-low,claim-iid5,claim-iid5,claim-iid5,10,113252543994,113252543994,33978567,67782609,666581,9,0,1,1,2,0.9995,0,0,0,77,83,160,7600,0.0210526315789474,2156,133,2158,4314,205600,0.0209824902723735,3598,81,83,6,20,0,1440,1396,44,0,3998,0,4797,4797,0,0,0,0,0,0,0,NaN,NaN,NaN,NaN,1,0,0,coherence-cumulative,1,71,0,0,31439578984,NaN,0,1,2,70653740,36701,40685,6366127,6.8,6,9,0,1,1,68,61,68,28,16,10,24,26,0,0,0,0,0,static-wide-low,claim-iid5,admissible
16079031,static-wide-low,static-wide-low,response-iid5,response-iid5,response-iid5,10,113252543994,113252543994,33978567,67786857,666581,9,0,1,1,1,1,0,0,0,75,79,154,7600,0.0202631578947368,2100,133,2054,4154,205600,0.020204280155642,3598,79,79,5,18,0,1386,1341,45,0,4000,0,4800,4800,0,0,0,0,0,0,0,NaN,NaN,NaN,NaN,1,0,0,coherence-cumulative,1,70,0,0,31439578984,NaN,0,1,3,70653740,36701,40685,6366127,6.8,6,9,0,1,1,68,61,68,28,16,10,24,26,0,0,0,0,0,static-wide-low,response-iid5,admissible
16079031,static-wide-low,static-wide-low,joint-control-iid5,joint-control-iid5,joint-control-iid5,10,113252543994,113252543994,34364132,67782813,666581,9,0,1,1,2,0.9995,0,0,0,82,97,179,7600,0.0235526315789474,2296,133,2522,4818,205600,0.0234338521400778,3598,95,97,11,23,0,1611,1511,100,0,3998,0,4797,4797,0,0,0,0,0,0,0,NaN,NaN,NaN,NaN,1,0,0,coherence-cumulative,1,71,0,0,31439578984,NaN,0,1,4,70653740,36701,40685,6366127,6.8,6,9,0,1,1,68,61,68,28,16,10,24,26,0,0,0,0,0,static-wide-low,joint-control-iid5,admissible
16079031,static-wide-low,static-wide-low,iid-occupancy15,iid-occupancy15,iid-occupancy15,10,113252543994,75232088913,33593002,67768768,666581,9,0,1,1,4,0.998,0,0,0,127,179,306,7600,0.0402631578947368,3556,133,4654,8210,205600,0.039931906614786,3598,173,179,49,48,0,2754,2007,747,0,3992,3,4783,2399,2384,0,8,5,3,0,1,NaN,NaN,NaN,NaN,1,0,0,coherence-cumulative,1,78,0,0.15,31439578984,1775057,7768,1,5,70653740,36701,40685,6366127,6.8,6,9,0,1,1,68,61,68,28,16,10,24,26,0,0,0,0,0,static-wide-low,iid-occupancy15,admissible
16079031,static-wide-low,static-wide-low,directed-response-blackout,directed-response-blackout,directed-response-blackout,10,113252543994,93983587394,33593002,67142358,666581,9,0,1,0,NaN,0.9,0,0,0,463,456,919,7600,0.120921052631579,12964,133,11856,24820,205600,0.120719844357977,3598,456,456,399,14,0,8271,7871,400,0,3600,75,4400,4400,0,0,75,75,0,0,1,NaN,NaN,NaN,NaN,1,0,0,coherence-cumulative,1,64,1,0,31439578984,NaN,0,1,6,70653740,36701,40685,6366127,6.8,6,9,0,1,1,68,61,68,28,16,10,24,26,0,1,0,0,0,static-wide-low,directed-response-blackout,admissible
16079031,mobile-limited-low,mobile-limited-low,zero,zero,zero,10,113252543994,113252543994,31858473,67913351,606778,9,3,2,1,1,1,0,0,0,1340,804,2144,6400,0.335,37520,2144,24924,62444,186400,0.335,62444,1206,1206,0,134,0,3082,3082,0,0,4000,0,4800,4800,0,0,0,0,0,0,0,NaN,NaN,NaN,NaN,1,0,0,coherence-cumulative,1,1340,0,0,31439578984,NaN,0,2,1,70653740,36701,36701,6309112,1,3,9,3,1,1,10,3,10,28,16,10,24,36,0,0,0,0,0,mobile-limited-low,zero,admissible
16079031,mobile-limited-low,mobile-limited-low,claim-iid5,claim-iid5,claim-iid5,10,113252543994,113252543994,32244038,67920046,606778,9,3,2,1,2,0.99975,0,0,0,1462,1053,2515,6400,0.39296875,40936,2144,32358,73294,186400,0.393208154506438,62444,1550,1551,90,196,0,3853,3748,105,0,3999,0,4799,4799,0,0,0,0,0,0,0,NaN,NaN,NaN,NaN,1,0,0,coherence-cumulative,1,1372,0,0,31439578984,NaN,0,2,2,70653740,36701,36701,6309112,1,3,9,3,1,1,10,3,10,28,16,10,24,36,0,0,0,0,0,mobile-limited-low,claim-iid5,admissible
16079031,mobile-limited-low,mobile-limited-low,response-iid5,response-iid5,response-iid5,10,113252543994,113252543994,32244038,67913351,606778,9,3,2,1,1,1,0,0,0,1409,971,2380,6400,0.371875,39452,2144,29676,69128,186400,0.370858369098712,62444,1414,1414,69,158,0,3566,3473,93,0,4000,0,4800,4800,0,0,0,0,0,0,0,NaN,NaN,NaN,NaN,1,0,0,coherence-cumulative,1,1340,0,0,31439578984,NaN,0,2,3,70653740,36701,36701,6309112,1,3,9,3,1,1,10,3,10,28,16,10,24,36,0,0,0,0,0,mobile-limited-low,response-iid5,admissible
16079031,mobile-limited-low,mobile-limited-low,joint-control-iid5,joint-control-iid5,joint-control-iid5,10,113252543994,113252543994,32629603,67918046,606778,9,3,2,1,2,0.99975,0,0,0,1518,1166,2684,6400,0.419375,42504,2144,35636,78140,186400,0.419206008583691,62444,1697,1698,154,212,0,4193,3973,220,0,3999,0,4799,4799,0,0,0,0,0,0,0,NaN,NaN,NaN,NaN,1,0,0,coherence-cumulative,1,1364,0,0,31439578984,NaN,0,2,4,70653740,36701,36701,6309112,1,3,9,3,1,1,10,3,10,28,16,10,24,36,0,0,0,0,0,mobile-limited-low,joint-control-iid5,admissible
16079031,mobile-limited-low,mobile-limited-low,iid-occupancy15,iid-occupancy15,iid-occupancy15,10,113252543994,76579907036,31858473,67896187,606778,9,3,2,1,6,0.998,0,0,0,2084,1828,3912,6400,0.61125,58352,2144,55788,114140,186400,0.612339055793991,62444,2649,2654,767,340,0,6536,4746,1790,0,3992,3,4788,2498,2290,0,6,3,3,0,1,NaN,NaN,NaN,NaN,1,0,0,coherence-cumulative,1,1317,5,0.15,31439578984,1842620,7504,2,5,70653740,36701,36701,6309112,1,3,9,3,1,1,10,3,10,28,16,10,24,36,0,0,0,0,0,mobile-limited-low,iid-occupancy15,admissible
16079031,mobile-limited-low,mobile-limited-low,directed-response-blackout,directed-response-blackout,directed-response-blackout,10,113252543994,93983587394,31858473,67261704,606778,9,3,2,0,NaN,0.9,0,0,0,1606,1070,2676,6400,0.418125,44968,2144,31840,76808,186400,0.41206008583691,62444,1472,1472,399,134,0,3614,3214,400,0,3600,75,4400,4400,0,0,75,75,0,0,1,NaN,NaN,NaN,NaN,1,0,0,coherence-cumulative,1,1207,1,0,31439578984,NaN,0,2,6,70653740,36701,36701,6309112,1,3,9,3,1,1,10,3,10,28,16,10,24,36,0,1,0,0,0,mobile-limited-low,directed-response-blackout,admissible
16079031,mobile-limited-high,mobile-limited-high,zero,zero,zero,10,113252543994,113252543994,31962322,57168250,566051,0,0,0,0,NaN,0,0,0,39,0,0,0,4000,0,0,310,0,0,112000,0,8680,0,0,0,0,0,0,0,0,0,0,748,0,0,0,0,836,752,0,84,1,NaN,NaN,NaN,NaN,1,0,0,coherence-cumulative,1,0,0,0,31439578984,NaN,0,3,1,70653740,36701,36701,4342501,0,0,0,0,1,0,0,13,20,28,16,10,24,0,0,0,0,0,0,mobile-limited-high,zero,selector-issued-no-horizon
16079031,mobile-limited-high,mobile-limited-high,claim-iid5,claim-iid5,claim-iid5,10,113252543994,113252543994,32347887,57168250,566051,0,0,0,0,NaN,0,0,0,39,0,0,0,4000,0,0,310,0,0,112000,0,8680,0,0,0,0,0,0,0,0,0,0,748,0,0,0,0,836,752,0,84,1,NaN,NaN,NaN,NaN,1,0,0,coherence-cumulative,1,0,0,0,31439578984,NaN,0,3,2,70653740,36701,36701,4342501,0,0,0,0,1,0,0,13,20,28,16,10,24,0,0,0,0,0,0,mobile-limited-high,claim-iid5,selector-issued-no-horizon
16079031,mobile-limited-high,mobile-limited-high,response-iid5,response-iid5,response-iid5,10,113252543994,113252543994,32347887,57168250,566051,0,0,0,0,NaN,0,0,0,39,0,0,0,4000,0,0,310,0,0,112000,0,8680,0,0,0,0,0,0,0,0,0,0,748,0,0,0,0,836,752,0,84,1,NaN,NaN,NaN,NaN,1,0,0,coherence-cumulative,1,0,0,0,31439578984,NaN,0,3,3,70653740,36701,36701,4342501,0,0,0,0,1,0,0,13,20,28,16,10,24,0,0,0,0,0,0,mobile-limited-high,response-iid5,selector-issued-no-horizon
16079031,mobile-limited-high,mobile-limited-high,joint-control-iid5,joint-control-iid5,joint-control-iid5,10,113252543994,113252543994,32733452,57168250,566051,0,0,0,0,NaN,0,0,0,39,0,0,0,4000,0,0,310,0,0,112000,0,8680,0,0,0,0,0,0,0,0,0,0,748,0,0,0,0,836,752,0,84,1,NaN,NaN,NaN,NaN,1,0,0,coherence-cumulative,1,0,0,0,31439578984,NaN,0,3,4,70653740,36701,36701,4342501,0,0,0,0,1,0,0,13,20,28,16,10,24,0,0,0,0,0,0,mobile-limited-high,joint-control-iid5,selector-issued-no-horizon
16079031,mobile-limited-high,mobile-limited-high,iid-occupancy15,iid-occupancy15,iid-occupancy15,10,113252543994,81148929263,31962322,57168250,566051,0,0,0,0,NaN,0,0,0,39,0,0,0,4000,0,0,310,0,0,112000,0,8680,0,0,0,0,0,0,0,0,0,0,748,0,0,0,0,836,397,355,84,1,NaN,NaN,NaN,NaN,1,0,0,coherence-cumulative,1,0,0,0.15,31439578984,1808866,6574,3,5,70653740,36701,36701,4342501,0,0,0,0,1,0,0,13,20,28,16,10,24,0,0,0,0,0,0,mobile-limited-high,iid-occupancy15,selector-issued-no-horizon
16079031,mobile-limited-high,mobile-limited-high,directed-response-blackout,directed-response-blackout,directed-response-blackout,10,113252543994,113252543994,31962322,57168250,566051,0,0,0,0,NaN,0,0,0,39,0,0,0,4000,0,0,310,0,0,112000,0,8680,0,0,0,0,0,0,0,0,0,0,748,0,0,0,0,836,752,0,84,1,NaN,NaN,NaN,NaN,1,0,0,coherence-cumulative,1,0,0,0,31439578984,NaN,0,3,6,70653740,36701,36701,4342501,0,0,0,0,1,0,0,13,20,28,16,10,24,0,0,0,0,0,0,mobile-limited-high,directed-response-blackout,selector-issued-no-horizon
16079032,static-wide-low,static-wide-low,zero,zero,zero,5,30472927765,30472927765,33429614,16471444,37834,1,0,1,1,1,1,0,0,0,15,3,18,2400,0.0075,420,18,78,498,66400,0.0075,498,3,3,0,0,0,72,72,0,0,2000,0,800,800,0,0,0,0,0,0,0,NaN,NaN,NaN,NaN,1,0,0,coherence-cumulative,1,15,0,0,31322006862,NaN,0,1,1,35285838,2472,2730,5352715,6.8,6,1,0,1,1,148,141,148,28,16,10,24,26,0,0,0,0,0,static-wide-low,zero,admissible
16079032,static-wide-low,static-wide-low,claim-iid5,claim-iid5,claim-iid5,5,30472927765,30472927765,33815179,16471444,37834,1,0,1,1,1,1,0,0,0,15,3,18,2400,0.0075,420,18,78,498,66400,0.0075,498,3,3,0,0,0,72,70,2,0,2000,0,800,800,0,0,0,0,0,0,0,NaN,NaN,NaN,NaN,1,0,0,coherence-cumulative,1,15,0,0,31322006862,NaN,0,1,2,35285838,2472,2730,5352715,6.8,6,1,0,1,1,148,141,148,28,16,10,24,26,0,0,0,0,0,static-wide-low,claim-iid5,admissible
16079032,static-wide-low,static-wide-low,response-iid5,response-iid5,response-iid5,5,30472927765,30472927765,33815179,16470615,37834,1,0,1,1,2,0.9995,0,0,0,16,4,20,2400,0.00833333333333333,448,18,104,552,66400,0.00831325301204819,498,4,4,1,0,0,80,79,1,0,1999,0,799,799,0,0,0,0,0,0,0,NaN,NaN,NaN,NaN,1,0,0,coherence-cumulative,1,15,0,0,31322006862,NaN,0,1,3,35285838,2472,2730,5352715,6.8,6,1,0,1,1,148,141,148,28,16,10,24,26,0,0,0,0,0,static-wide-low,response-iid5,admissible
16079032,static-wide-low,static-wide-low,joint-control-iid5,joint-control-iid5,joint-control-iid5,5,30472927765,30472927765,34200744,16470615,37834,1,0,1,1,2,0.9995,0,0,0,16,4,20,2400,0.00833333333333333,448,18,104,552,66400,0.00831325301204819,498,4,4,1,0,0,80,77,3,0,1999,0,799,799,0,0,0,0,0,0,0,NaN,NaN,NaN,NaN,1,0,0,coherence-cumulative,1,15,0,0,31322006862,NaN,0,1,4,35285838,2472,2730,5352715,6.8,6,1,0,1,1,148,141,148,28,16,10,24,26,0,0,0,0,0,static-wide-low,joint-control-iid5,admissible
16079032,static-wide-low,static-wide-low,iid-occupancy15,iid-occupancy15,iid-occupancy15,5,30472927765,21974788007,33429614,16470615,37834,1,0,1,1,2,0.9995,0,0,0,19,5,24,2400,0.01,532,18,130,662,66400,0.00996987951807229,498,5,5,4,0,0,96,76,20,0,1999,0,799,405,394,0,0,0,0,0,0,NaN,NaN,NaN,NaN,1,0,0,coherence-cumulative,1,15,0,0.15,31322006862,1224479,3459,1,5,35285838,2472,2730,5352715,6.8,6,1,0,1,1,148,141,148,28,16,10,24,26,0,0,0,0,0,static-wide-low,iid-occupancy15,admissible
16079032,static-wide-low,static-wide-low,directed-response-blackout,directed-response-blackout,directed-response-blackout,5,30472927765,25652185604,33429614,16047771,37834,1,0,1,0,NaN,0.8,0,0,0,412,400,812,2400,0.338333333333333,11536,18,10400,21936,66400,0.330361445783133,498,400,400,399,0,0,3248,2848,400,0,1600,145,400,400,0,0,145,145,0,0,1,NaN,NaN,NaN,NaN,1,0,0,coherence-cumulative,1,13,1,0,31322006862,NaN,0,1,6,35285838,2472,2730,5352715,6.8,6,1,0,1,1,148,141,148,28,16,10,24,26,0,1,0,0,0,static-wide-low,directed-response-blackout,admissible
16079032,mobile-limited-low,mobile-limited-low,zero,zero,zero,5,30472927765,30472927765,32983512,16473958,36732,1,0,1,1,1,1,0,0,0,145,29,174,2400,0.0725,4060,174,754,4814,66400,0.0725,4814,29,29,0,0,0,87,87,0,0,2000,0,800,800,0,0,0,0,0,0,0,NaN,NaN,NaN,NaN,1,0,0,coherence-cumulative,1,145,0,0,31322006862,NaN,0,2,1,35285838,2472,2472,5079023,1,3,1,0,1,1,21,14,21,28,16,10,24,26,0,0,0,0,0,mobile-limited-low,zero,admissible
16079032,mobile-limited-low,mobile-limited-low,claim-iid5,claim-iid5,claim-iid5,5,30472927765,30472927765,33369077,16473958,36732,1,0,1,1,1,1,0,0,0,145,29,174,2400,0.0725,4060,174,754,4814,66400,0.0725,4814,29,29,0,0,0,87,87,0,0,2000,0,800,800,0,0,0,0,0,0,0,NaN,NaN,NaN,NaN,1,0,0,coherence-cumulative,1,145,0,0,31322006862,NaN,0,2,2,35285838,2472,2472,5079023,1,3,1,0,1,1,21,14,21,28,16,10,24,26,0,0,0,0,0,mobile-limited-low,claim-iid5,admissible
16079032,mobile-limited-low,mobile-limited-low,response-iid5,response-iid5,response-iid5,5,30472927765,30472927765,33369077,16473958,36732,1,0,1,1,1,1,0,0,0,146,30,176,2400,0.0733333333333333,4088,174,780,4868,66400,0.0733132530120482,4814,30,30,1,0,0,89,88,1,0,2000,0,800,800,0,0,0,0,0,0,0,NaN,NaN,NaN,NaN,1,0,0,coherence-cumulative,1,145,0,0,31322006862,NaN,0,2,3,35285838,2472,2472,5079023,1,3,1,0,1,1,21,14,21,28,16,10,24,26,0,0,0,0,0,mobile-limited-low,response-iid5,admissible
16079032,mobile-limited-low,mobile-limited-low,joint-control-iid5,joint-control-iid5,joint-control-iid5,5,30472927765,30472927765,33754642,16473958,36732,1,0,1,1,1,1,0,0,0,146,30,176,2400,0.0733333333333333,4088,174,780,4868,66400,0.0733132530120482,4814,30,30,1,0,0,89,88,1,0,2000,0,800,800,0,0,0,0,0,0,0,NaN,NaN,NaN,NaN,1,0,0,coherence-cumulative,1,145,0,0,31322006862,NaN,0,2,4,35285838,2472,2472,5079023,1,3,1,0,1,1,21,14,21,28,16,10,24,26,0,0,0,0,0,mobile-limited-low,joint-control-iid5,admissible
16079032,mobile-limited-low,mobile-limited-low,iid-occupancy15,iid-occupancy15,iid-occupancy15,5,30472927765,21996669405,32983512,16473129,36732,1,0,1,1,2,0.9995,0,0,0,159,42,201,2400,0.08375,4452,174,1092,5544,66400,0.0834939759036145,4814,42,42,14,0,0,114,86,28,0,1999,0,799,405,394,0,0,0,0,0,0,NaN,NaN,NaN,NaN,1,0,0,coherence-cumulative,1,145,0,0.15,31322006862,1163952,3455,2,5,35285838,2472,2472,5079023,1,3,1,0,1,1,21,14,21,28,16,10,24,26,0,0,0,0,0,mobile-limited-low,iid-occupancy15,admissible
16079032,mobile-limited-low,mobile-limited-low,directed-response-blackout,directed-response-blackout,directed-response-blackout,5,30472927765,25651385604,32983512,16049799,36732,1,0,1,0,NaN,0.8,0,0,0,516,400,916,2400,0.381666666666667,14448,174,10400,24848,66400,0.37421686746988,4814,400,400,399,0,0,829,429,400,0,1600,145,400,400,0,0,145,145,0,0,1,NaN,NaN,NaN,NaN,1,0,0,coherence-cumulative,1,117,1,0,31322006862,NaN,0,2,6,35285838,2472,2472,5079023,1,3,1,0,1,1,21,14,21,28,16,10,24,26,0,1,0,0,0,mobile-limited-low,directed-response-blackout,admissible
16079032,mobile-limited-high,mobile-limited-high,zero,zero,zero,5,30472927765,30472927765,32156200,14302675,36122,0,0,0,0,NaN,0,0,0,0,0,0,0,2000,0,0,155,0,0,56000,0,4340,0,0,0,0,0,0,0,0,0,0,726,0,0,0,0,223,223,0,0,1,NaN,NaN,NaN,NaN,1,0,0,coherence-cumulative,1,0,0,0,31322006862,NaN,0,3,1,35285838,2472,2472,5255142,0.25,1,1,0,1,0,0,13,20,28,16,10,24,0,0,0,0,0,0,mobile-limited-high,zero,horizon-shorter-than-renewal-slack
16079032,mobile-limited-high,mobile-limited-high,claim-iid5,claim-iid5,claim-iid5,5,30472927765,30472927765,32541765,14302675,36122,0,0,0,0,NaN,0,0,0,0,0,0,0,2000,0,0,155,0,0,56000,0,4340,0,0,0,0,0,0,0,0,0,0,726,0,0,0,0,223,223,0,0,1,NaN,NaN,NaN,NaN,1,0,0,coherence-cumulative,1,0,0,0,31322006862,NaN,0,3,2,35285838,2472,2472,5255142,0.25,1,1,0,1,0,0,13,20,28,16,10,24,0,0,0,0,0,0,mobile-limited-high,claim-iid5,horizon-shorter-than-renewal-slack
16079032,mobile-limited-high,mobile-limited-high,response-iid5,response-iid5,response-iid5,5,30472927765,30472927765,32541765,14302675,36122,0,0,0,0,NaN,0,0,0,0,0,0,0,2000,0,0,155,0,0,56000,0,4340,0,0,0,0,0,0,0,0,0,0,726,0,0,0,0,223,223,0,0,1,NaN,NaN,NaN,NaN,1,0,0,coherence-cumulative,1,0,0,0,31322006862,NaN,0,3,3,35285838,2472,2472,5255142,0.25,1,1,0,1,0,0,13,20,28,16,10,24,0,0,0,0,0,0,mobile-limited-high,response-iid5,horizon-shorter-than-renewal-slack
16079032,mobile-limited-high,mobile-limited-high,joint-control-iid5,joint-control-iid5,joint-control-iid5,5,30472927765,30472927765,32927330,14302675,36122,0,0,0,0,NaN,0,0,0,0,0,0,0,2000,0,0,155,0,0,56000,0,4340,0,0,0,0,0,0,0,0,0,0,726,0,0,0,0,223,223,0,0,1,NaN,NaN,NaN,NaN,1,0,0,coherence-cumulative,1,0,0,0,31322006862,NaN,0,3,4,35285838,2472,2472,5255142,0.25,1,1,0,1,0,0,13,20,28,16,10,24,0,0,0,0,0,0,mobile-limited-high,joint-control-iid5,horizon-shorter-than-renewal-slack
16079032,mobile-limited-high,mobile-limited-high,iid-occupancy15,iid-occupancy15,iid-occupancy15,5,30472927765,22080707287,32156200,14302675,36122,0,0,0,0,NaN,0,0,0,0,0,0,0,2000,0,0,155,0,0,56000,0,4340,0,0,0,0,0,0,0,0,0,0,726,0,0,0,0,223,111,112,0,1,NaN,NaN,NaN,NaN,1,0,0,coherence-cumulative,1,0,0,0.15,31322006862,1331725,3424,3,5,35285838,2472,2472,5255142,0.25,1,1,0,1,0,0,13,20,28,16,10,24,0,0,0,0,0,0,mobile-limited-high,iid-occupancy15,horizon-shorter-than-renewal-slack
16079032,mobile-limited-high,mobile-limited-high,directed-response-blackout,directed-response-blackout,directed-response-blackout,5,30472927765,30472927765,32156200,14302675,36122,0,0,0,0,NaN,0,0,0,0,0,0,0,2000,0,0,155,0,0,56000,0,4340,0,0,0,0,0,0,0,0,0,0,726,0,0,0,0,223,223,0,0,1,NaN,NaN,NaN,NaN,1,0,0,coherence-cumulative,1,0,0,0,31322006862,NaN,0,3,6,35285838,2472,2472,5255142,0.25,1,1,0,1,0,0,13,20,28,16,10,24,0,0,0,0,0,0,mobile-limited-high,directed-response-blackout,horizon-shorter-than-renewal-slack
16079032,static-wide-low,static-wide-low,zero,zero,zero,10,113211233314,113211233314,34263166,66630964,620649,5,0,1,1,1,1,0,0,0,60,30,90,6000,0.015,1680,90,780,2460,164000,0.015,2460,30,30,0,0,0,810,810,0,0,4000,0,3200,3200,0,0,0,0,0,0,0,NaN,NaN,NaN,NaN,1,0,0,coherence-cumulative,1,60,0,0,31491427010,NaN,0,1,1,67612561,36484,40685,6245760,6.8,6,5,0,1,1,76,69,76,28,16,10,24,26,0,0,0,0,0,static-wide-low,zero,admissible
16079032,static-wide-low,static-wide-low,claim-iid5,claim-iid5,claim-iid5,10,113211233314,113211233314,34648731,66628087,620649,5,0,1,1,2,0.99975,0,0,0,62,34,96,6000,0.016,1736,90,884,2620,164000,0.0159756097560976,2460,33,34,2,0,0,864,844,20,0,3999,0,3198,3198,0,0,0,0,0,0,0,NaN,NaN,NaN,NaN,1,0,0,coherence-cumulative,1,60,0,0,31491427010,NaN,0,1,2,67612561,36484,40685,6245760,6.8,6,5,0,1,1,76,69,76,28,16,10,24,26,0,0,0,0,0,static-wide-low,claim-iid5,admissible
16079032,static-wide-low,static-wide-low,response-iid5,response-iid5,response-iid5,10,113211233314,113211233314,34648731,66627287,620649,5,0,1,1,2,0.99975,0,0,0,62,32,94,6000,0.0156666666666667,1736,90,832,2568,164000,0.0156585365853659,2460,32,32,2,0,0,846,828,18,0,3999,0,3199,3199,0,0,0,0,0,0,0,NaN,NaN,NaN,NaN,1,0,0,coherence-cumulative,1,60,0,0,31491427010,NaN,0,1,3,67612561,36484,40685,6245760,6.8,6,5,0,1,1,76,69,76,28,16,10,24,26,0,0,0,0,0,static-wide-low,response-iid5,admissible
16079032,static-wide-low,static-wide-low,joint-control-iid5,joint-control-iid5,joint-control-iid5,10,113211233314,113211233314,35034296,66624410,620649,5,0,1,1,2,0.9995,0,0,0,64,36,100,6000,0.0166666666666667,1792,90,936,2728,164000,0.0166341463414634,2460,35,36,4,0,0,900,859,41,0,3998,0,3197,3197,0,0,0,0,0,0,0,NaN,NaN,NaN,NaN,1,0,0,coherence-cumulative,1,60,0,0,31491427010,NaN,0,1,4,67612561,36484,40685,6245760,6.8,6,5,0,1,1,76,69,76,28,16,10,24,26,0,0,0,0,0,static-wide-low,joint-control-iid5,admissible
16079032,static-wide-low,static-wide-low,iid-occupancy15,iid-occupancy15,iid-occupancy15,10,113211233314,76816259939,34263166,66609153,620649,5,0,1,1,4,0.998,0,0,0,99,82,181,6000,0.0301666666666667,2772,90,2132,4904,164000,0.0299024390243902,2460,79,82,38,0,0,1629,1080,549,0,3992,1,3189,1659,1530,0,1,0,1,0,1,NaN,NaN,NaN,NaN,1,0,0,coherence-cumulative,1,61,0,0.15,31491427010,1395363,7461,1,5,67612561,36484,40685,6245760,6.8,6,5,0,1,1,76,69,76,28,16,10,24,26,0,0,0,0,0,static-wide-low,iid-occupancy15,admissible
16079032,static-wide-low,static-wide-low,directed-response-blackout,directed-response-blackout,directed-response-blackout,10,113211233314,93755316277,34263166,66169092,620649,5,0,1,0,NaN,0.9,0,0,0,454,818,1272,6000,0.212,12712,90,21268,33980,164000,0.20719512195122,2460,818,818,399,0,0,11448,11048,400,0,3600,92,2800,2800,0,0,92,92,0,0,1,NaN,NaN,NaN,NaN,1,0,0,coherence-cumulative,1,55,1,0,31491427010,NaN,0,1,6,67612561,36484,40685,6245760,6.8,6,5,0,1,1,76,69,76,28,16,10,24,26,0,1,0,0,0,static-wide-low,directed-response-blackout,admissible
16079032,mobile-limited-low,mobile-limited-low,zero,zero,zero,10,113211233314,113211233314,32974758,66694404,582902,5,1,1,1,1,1,0,0,0,1000,500,1500,6000,0.25,28000,1500,13000,41000,164000,0.25,41000,500,500,0,0,0,1400,1400,0,0,4000,0,3200,3200,0,0,0,0,0,0,0,NaN,NaN,NaN,NaN,1,0,0,coherence-cumulative,1,1000,0,0,31491427010,NaN,0,2,1,67612561,36484,36484,5066875,1,3,5,1,1,1,11,4,11,28,16,10,24,26,0,0,0,0,0,mobile-limited-low,zero,admissible
16079032,mobile-limited-low,mobile-limited-low,claim-iid5,claim-iid5,claim-iid5,10,113211233314,113211233314,33360323,66692107,582902,5,1,1,1,2,0.99975,0,0,0,1034,551,1585,6000,0.264166666666667,28952,1500,14326,43278,164000,0.263890243902439,41000,550,551,29,0,0,1504,1462,42,0,3999,0,3198,3198,0,0,0,0,0,0,0,NaN,NaN,NaN,NaN,1,0,0,coherence-cumulative,1,1005,0,0,31491427010,NaN,0,2,2,67612561,36484,36484,5066875,1,3,5,1,1,1,11,4,11,28,16,10,24,26,0,0,0,0,0,mobile-limited-low,claim-iid5,admissible
16079032,mobile-limited-low,mobile-limited-low,response-iid5,response-iid5,response-iid5,10,113211233314,113211233314,33360323,66690727,582902,5,1,1,1,2,0.99975,0,0,0,1024,537,1561,6000,0.260166666666667,28672,1500,13962,42634,164000,0.259963414634146,41000,537,537,24,0,0,1474,1448,26,0,3999,0,3199,3199,0,0,0,0,0,0,0,NaN,NaN,NaN,NaN,1,0,0,coherence-cumulative,1,1000,0,0,31491427010,NaN,0,2,3,67612561,36484,36484,5066875,1,3,5,1,1,1,11,4,11,28,16,10,24,26,0,0,0,0,0,mobile-limited-low,response-iid5,admissible
16079032,mobile-limited-low,mobile-limited-low,joint-control-iid5,joint-control-iid5,joint-control-iid5,10,113211233314,113211233314,33745888,66688314,582902,5,1,1,1,2,0.9995,0,0,0,1059,591,1650,6000,0.275,29652,1500,15366,45018,164000,0.2745,41000,590,591,55,0,0,1584,1509,75,0,3998,0,3197,3197,0,0,0,0,0,0,0,NaN,NaN,NaN,NaN,1,0,0,coherence-cumulative,1,1004,0,0,31491427010,NaN,0,2,4,67612561,36484,36484,5066875,1,3,5,1,1,1,11,4,11,28,16,10,24,26,0,0,0,0,0,mobile-limited-low,joint-control-iid5,admissible
16079032,mobile-limited-low,mobile-limited-low,iid-occupancy15,iid-occupancy15,iid-occupancy15,10,113211233314,76945397350,32974758,66669728,582902,5,1,1,1,4,0.9975,0,0,0,1388,964,2352,6000,0.392,38864,1500,25064,63928,164000,0.389804878048781,41000,959,964,383,0,0,2415,1796,619,0,3990,1,3187,1659,1528,0,1,0,1,0,1,NaN,NaN,NaN,NaN,1,0,0,coherence-cumulative,1,1005,0,0.15,31491427010,1650156,7443,2,5,67612561,36484,36484,5066875,1,3,5,1,1,1,11,4,11,28,16,10,24,26,0,0,0,0,0,mobile-limited-low,iid-occupancy15,admissible
16079032,mobile-limited-low,mobile-limited-low,directed-response-blackout,directed-response-blackout,directed-response-blackout,10,113211233314,93756083877,32974758,66222636,582902,5,1,1,0,NaN,0.9,0,0,0,1300,1100,2400,6000,0.4,36400,1500,28600,65000,164000,0.396341463414634,41000,1100,1100,399,0,0,2600,2200,400,0,3600,92,2800,2800,0,0,92,92,0,0,1,NaN,NaN,NaN,NaN,1,0,0,coherence-cumulative,1,901,1,0,31491427010,NaN,0,2,6,67612561,36484,36484,5066875,1,3,5,1,1,1,11,4,11,28,16,10,24,26,0,1,0,0,0,mobile-limited-low,directed-response-blackout,admissible
16079032,mobile-limited-high,mobile-limited-high,zero,zero,zero,10,113211233314,113211233314,33384598,57168250,565434,0,0,0,0,NaN,0,0,0,9,0,0,0,4000,0,0,310,0,0,112000,0,8680,0,0,0,0,0,0,0,0,0,0,778,0,0,0,0,586,568,0,18,1,NaN,NaN,NaN,NaN,1,0,0,coherence-cumulative,1,0,0,0,31491427010,NaN,0,3,1,67612561,36484,36484,6187244,0.25,1,5,1,1,0,0,13,20,28,16,10,24,0,0,0,0,0,0,mobile-limited-high,zero,horizon-shorter-than-renewal-slack
16079032,mobile-limited-high,mobile-limited-high,claim-iid5,claim-iid5,claim-iid5,10,113211233314,113211233314,33770163,57168250,565434,0,0,0,0,NaN,0,0,0,9,0,0,0,4000,0,0,310,0,0,112000,0,8680,0,0,0,0,0,0,0,0,0,0,778,0,0,0,0,586,568,0,18,1,NaN,NaN,NaN,NaN,1,0,0,coherence-cumulative,1,0,0,0,31491427010,NaN,0,3,2,67612561,36484,36484,6187244,0.25,1,5,1,1,0,0,13,20,28,16,10,24,0,0,0,0,0,0,mobile-limited-high,claim-iid5,horizon-shorter-than-renewal-slack
16079032,mobile-limited-high,mobile-limited-high,response-iid5,response-iid5,response-iid5,10,113211233314,113211233314,33770163,57168250,565434,0,0,0,0,NaN,0,0,0,9,0,0,0,4000,0,0,310,0,0,112000,0,8680,0,0,0,0,0,0,0,0,0,0,778,0,0,0,0,586,568,0,18,1,NaN,NaN,NaN,NaN,1,0,0,coherence-cumulative,1,0,0,0,31491427010,NaN,0,3,3,67612561,36484,36484,6187244,0.25,1,5,1,1,0,0,13,20,28,16,10,24,0,0,0,0,0,0,mobile-limited-high,response-iid5,horizon-shorter-than-renewal-slack
16079032,mobile-limited-high,mobile-limited-high,joint-control-iid5,joint-control-iid5,joint-control-iid5,10,113211233314,113211233314,34155728,57168250,565434,0,0,0,0,NaN,0,0,0,9,0,0,0,4000,0,0,310,0,0,112000,0,8680,0,0,0,0,0,0,0,0,0,0,778,0,0,0,0,586,568,0,18,1,NaN,NaN,NaN,NaN,1,0,0,coherence-cumulative,1,0,0,0,31491427010,NaN,0,3,4,67612561,36484,36484,6187244,0.25,1,5,1,1,0,0,13,20,28,16,10,24,0,0,0,0,0,0,mobile-limited-high,joint-control-iid5,horizon-shorter-than-renewal-slack
16079032,mobile-limited-high,mobile-limited-high,iid-occupancy15,iid-occupancy15,iid-occupancy15,10,113211233314,81470228617,33384598,57168250,565434,0,0,0,0,NaN,0,0,0,9,0,0,0,4000,0,0,310,0,0,112000,0,8680,0,0,0,0,0,0,0,0,0,0,778,0,0,0,0,586,313,255,18,1,NaN,NaN,NaN,NaN,1,0,0,coherence-cumulative,1,0,0,0.15,31491427010,1457674,6497,3,5,67612561,36484,36484,6187244,0.25,1,5,1,1,0,0,13,20,28,16,10,24,0,0,0,0,0,0,mobile-limited-high,iid-occupancy15,horizon-shorter-than-renewal-slack
16079032,mobile-limited-high,mobile-limited-high,directed-response-blackout,directed-response-blackout,directed-response-blackout,10,113211233314,113211233314,33384598,57168250,565434,0,0,0,0,NaN,0,0,0,9,0,0,0,4000,0,0,310,0,0,112000,0,8680,0,0,0,0,0,0,0,0,0,0,778,0,0,0,0,586,568,0,18,1,NaN,NaN,NaN,NaN,1,0,0,coherence-cumulative,1,0,0,0,31491427010,NaN,0,3,6,67612561,36484,36484,6187244,0.25,1,5,1,1,0,0,13,20,28,16,10,24,0,0,0,0,0,0,mobile-limited-high,directed-response-blackout,horizon-shorter-than-renewal-slack
16079033,static-wide-low,static-wide-low,zero,zero,zero,5,30462441627,30462441627,33196608,16345885,36830,0,0,0,1,1,1,0,0,0,15,0,15,2000,0.0075,420,15,0,420,56000,0.0075,420,0,0,0,0,0,60,60,0,0,2000,0,0,0,0,0,0,0,0,0,0,NaN,NaN,NaN,NaN,1,0,0,coherence-cumulative,1,15,0,0,31430324502,NaN,0,1,1,37255446,2450,2730,5266779,6.8,6,0,0,1,1,156,149,156,28,16,10,24,0,0,0,0,0,0,static-wide-low,zero,admissible
16079033,static-wide-low,static-wide-low,claim-iid5,claim-iid5,claim-iid5,5,30462441627,30462441627,33582173,16345885,36830,0,0,0,1,1,1,0,0,0,15,0,15,2000,0.0075,420,15,0,420,56000,0.0075,420,0,0,0,0,0,60,56,4,0,2000,0,0,0,0,0,0,0,0,0,0,NaN,NaN,NaN,NaN,1,0,0,coherence-cumulative,1,15,0,0,31430324502,NaN,0,1,2,37255446,2450,2730,5266779,6.8,6,0,0,1,1,156,149,156,28,16,10,24,0,0,0,0,0,0,static-wide-low,claim-iid5,admissible
16079033,static-wide-low,static-wide-low,response-iid5,response-iid5,response-iid5,5,30462441627,30462441627,33582173,16345885,36830,0,0,0,1,1,1,0,0,0,15,0,15,2000,0.0075,420,15,0,420,56000,0.0075,420,0,0,0,0,0,60,60,0,0,2000,0,0,0,0,0,0,0,0,0,0,NaN,NaN,NaN,NaN,1,0,0,coherence-cumulative,1,15,0,0,31430324502,NaN,0,1,3,37255446,2450,2730,5266779,6.8,6,0,0,1,1,156,149,156,28,16,10,24,0,0,0,0,0,0,static-wide-low,response-iid5,admissible
16079033,static-wide-low,static-wide-low,joint-control-iid5,joint-control-iid5,joint-control-iid5,5,30462441627,30462441627,33967738,16345885,36830,0,0,0,1,1,1,0,0,0,15,0,15,2000,0.0075,420,15,0,420,56000,0.0075,420,0,0,0,0,0,60,56,4,0,2000,0,0,0,0,0,0,0,0,0,0,NaN,NaN,NaN,NaN,1,0,0,coherence-cumulative,1,15,0,0,31430324502,NaN,0,1,4,37255446,2450,2730,5266779,6.8,6,0,0,1,1,156,149,156,28,16,10,24,0,0,0,0,0,0,static-wide-low,joint-control-iid5,admissible
16079033,static-wide-low,static-wide-low,iid-occupancy15,iid-occupancy15,iid-occupancy15,5,30462441627,21941908579,33196608,16345885,36830,0,0,0,1,1,1,0,0,0,15,0,15,2000,0.0075,420,15,0,420,56000,0.0075,420,0,0,0,0,0,60,40,20,0,2000,0,0,0,0,0,0,0,0,0,0,NaN,NaN,NaN,NaN,1,0,0,coherence-cumulative,1,15,0,0.15,31430324502,1276546,3487,1,5,37255446,2450,2730,5266779,6.8,6,0,0,1,1,156,149,156,28,16,10,24,0,0,0,0,0,0,static-wide-low,iid-occupancy15,admissible
16079033,static-wide-low,static-wide-low,directed-response-blackout,directed-response-blackout,directed-response-blackout,5,30462441627,30462441627,33196608,16345885,36830,0,0,0,1,1,1,0,0,0,15,0,15,2000,0.0075,420,15,0,420,56000,0.0075,420,0,0,0,0,0,60,60,0,0,2000,0,0,0,0,0,0,0,0,0,0,NaN,NaN,NaN,NaN,1,0,0,coherence-cumulative,1,15,0,0,31430324502,NaN,0,1,6,37255446,2450,2730,5266779,6.8,6,0,0,1,1,156,149,156,28,16,10,24,0,0,0,0,0,0,static-wide-low,directed-response-blackout,admissible
16079033,mobile-limited-low,mobile-limited-low,zero,zero,zero,5,30462441627,30462441627,32921818,16345885,36050,0,0,0,1,1,1,0,0,0,15,0,15,2000,0.0075,420,15,0,420,56000,0.0075,420,0,0,0,0,0,0,0,0,0,2000,0,0,0,0,0,0,0,0,0,0,NaN,NaN,NaN,NaN,1,0,0,coherence-cumulative,1,15,0,0,31430324502,NaN,0,2,1,37255446,2450,2450,5389968,6.8,6,0,0,1,1,156,149,156,28,16,10,24,0,0,0,0,0,0,mobile-limited-low,zero,admissible
16079033,mobile-limited-low,mobile-limited-low,claim-iid5,claim-iid5,claim-iid5,5,30462441627,30462441627,33307383,16345885,36050,0,0,0,1,1,1,0,0,0,15,0,15,2000,0.0075,420,15,0,420,56000,0.0075,420,0,0,0,0,0,0,0,0,0,2000,0,0,0,0,0,0,0,0,0,0,NaN,NaN,NaN,NaN,1,0,0,coherence-cumulative,1,15,0,0,31430324502,NaN,0,2,2,37255446,2450,2450,5389968,6.8,6,0,0,1,1,156,149,156,28,16,10,24,0,0,0,0,0,0,mobile-limited-low,claim-iid5,admissible
16079033,mobile-limited-low,mobile-limited-low,response-iid5,response-iid5,response-iid5,5,30462441627,30462441627,33307383,16345885,36050,0,0,0,1,1,1,0,0,0,15,0,15,2000,0.0075,420,15,0,420,56000,0.0075,420,0,0,0,0,0,0,0,0,0,2000,0,0,0,0,0,0,0,0,0,0,NaN,NaN,NaN,NaN,1,0,0,coherence-cumulative,1,15,0,0,31430324502,NaN,0,2,3,37255446,2450,2450,5389968,6.8,6,0,0,1,1,156,149,156,28,16,10,24,0,0,0,0,0,0,mobile-limited-low,response-iid5,admissible
16079033,mobile-limited-low,mobile-limited-low,joint-control-iid5,joint-control-iid5,joint-control-iid5,5,30462441627,30462441627,33692948,16345885,36050,0,0,0,1,1,1,0,0,0,15,0,15,2000,0.0075,420,15,0,420,56000,0.0075,420,0,0,0,0,0,0,0,0,0,2000,0,0,0,0,0,0,0,0,0,0,NaN,NaN,NaN,NaN,1,0,0,coherence-cumulative,1,15,0,0,31430324502,NaN,0,2,4,37255446,2450,2450,5389968,6.8,6,0,0,1,1,156,149,156,28,16,10,24,0,0,0,0,0,0,mobile-limited-low,joint-control-iid5,admissible
16079033,mobile-limited-low,mobile-limited-low,iid-occupancy15,iid-occupancy15,iid-occupancy15,5,30462441627,21941908579,32921818,16345885,36050,0,0,0,1,1,1,0,0,0,15,0,15,2000,0.0075,420,15,0,420,56000,0.0075,420,0,0,0,0,0,0,0,0,0,2000,0,0,0,0,0,0,0,0,0,0,NaN,NaN,NaN,NaN,1,0,0,coherence-cumulative,1,15,0,0.15,31430324502,1276546,3487,2,5,37255446,2450,2450,5389968,6.8,6,0,0,1,1,156,149,156,28,16,10,24,0,0,0,0,0,0,mobile-limited-low,iid-occupancy15,admissible
16079033,mobile-limited-low,mobile-limited-low,directed-response-blackout,directed-response-blackout,directed-response-blackout,5,30462441627,30462441627,32921818,16345885,36050,0,0,0,1,1,1,0,0,0,15,0,15,2000,0.0075,420,15,0,420,56000,0.0075,420,0,0,0,0,0,0,0,0,0,2000,0,0,0,0,0,0,0,0,0,0,NaN,NaN,NaN,NaN,1,0,0,coherence-cumulative,1,15,0,0,31430324502,NaN,0,2,6,37255446,2450,2450,5389968,6.8,6,0,0,1,1,156,149,156,28,16,10,24,0,0,0,0,0,0,mobile-limited-low,directed-response-blackout,admissible
16079033,mobile-limited-high,mobile-limited-high,zero,zero,zero,5,30462441627,30462441627,33671687,16345885,36050,0,0,0,1,1,1,0,0,0,15,0,15,2000,0.0075,420,15,0,420,56000,0.0075,420,0,0,0,0,0,0,0,0,0,2000,0,0,0,0,0,0,0,0,0,0,NaN,NaN,NaN,NaN,1,0,0,coherence-cumulative,1,15,0,0,31430324502,NaN,0,3,1,37255446,2450,2450,5031441,6.8,6,0,0,1,1,156,149,156,28,16,10,24,0,0,0,0,0,0,mobile-limited-high,zero,admissible
16079033,mobile-limited-high,mobile-limited-high,claim-iid5,claim-iid5,claim-iid5,5,30462441627,30462441627,34057252,16345885,36050,0,0,0,1,1,1,0,0,0,15,0,15,2000,0.0075,420,15,0,420,56000,0.0075,420,0,0,0,0,0,0,0,0,0,2000,0,0,0,0,0,0,0,0,0,0,NaN,NaN,NaN,NaN,1,0,0,coherence-cumulative,1,15,0,0,31430324502,NaN,0,3,2,37255446,2450,2450,5031441,6.8,6,0,0,1,1,156,149,156,28,16,10,24,0,0,0,0,0,0,mobile-limited-high,claim-iid5,admissible
16079033,mobile-limited-high,mobile-limited-high,response-iid5,response-iid5,response-iid5,5,30462441627,30462441627,34057252,16345885,36050,0,0,0,1,1,1,0,0,0,15,0,15,2000,0.0075,420,15,0,420,56000,0.0075,420,0,0,0,0,0,0,0,0,0,2000,0,0,0,0,0,0,0,0,0,0,NaN,NaN,NaN,NaN,1,0,0,coherence-cumulative,1,15,0,0,31430324502,NaN,0,3,3,37255446,2450,2450,5031441,6.8,6,0,0,1,1,156,149,156,28,16,10,24,0,0,0,0,0,0,mobile-limited-high,response-iid5,admissible
16079033,mobile-limited-high,mobile-limited-high,joint-control-iid5,joint-control-iid5,joint-control-iid5,5,30462441627,30462441627,34442817,16345885,36050,0,0,0,1,1,1,0,0,0,15,0,15,2000,0.0075,420,15,0,420,56000,0.0075,420,0,0,0,0,0,0,0,0,0,2000,0,0,0,0,0,0,0,0,0,0,NaN,NaN,NaN,NaN,1,0,0,coherence-cumulative,1,15,0,0,31430324502,NaN,0,3,4,37255446,2450,2450,5031441,6.8,6,0,0,1,1,156,149,156,28,16,10,24,0,0,0,0,0,0,mobile-limited-high,joint-control-iid5,admissible
16079033,mobile-limited-high,mobile-limited-high,iid-occupancy15,iid-occupancy15,iid-occupancy15,5,30462441627,21941908579,33671687,16345885,36050,0,0,0,1,1,1,0,0,0,15,0,15,2000,0.0075,420,15,0,420,56000,0.0075,420,0,0,0,0,0,0,0,0,0,2000,0,0,0,0,0,0,0,0,0,0,NaN,NaN,NaN,NaN,1,0,0,coherence-cumulative,1,15,0,0.15,31430324502,1276546,3487,3,5,37255446,2450,2450,5031441,6.8,6,0,0,1,1,156,149,156,28,16,10,24,0,0,0,0,0,0,mobile-limited-high,iid-occupancy15,admissible
16079033,mobile-limited-high,mobile-limited-high,directed-response-blackout,directed-response-blackout,directed-response-blackout,5,30462441627,30462441627,33671687,16345885,36050,0,0,0,1,1,1,0,0,0,15,0,15,2000,0.0075,420,15,0,420,56000,0.0075,420,0,0,0,0,0,0,0,0,0,2000,0,0,0,0,0,0,0,0,0,0,NaN,NaN,NaN,NaN,1,0,0,coherence-cumulative,1,15,0,0,31430324502,NaN,0,3,6,37255446,2450,2450,5031441,6.8,6,0,0,1,1,156,149,156,28,16,10,24,0,0,0,0,0,0,mobile-limited-high,directed-response-blackout,admissible
16079033,static-wide-low,static-wide-low,zero,zero,zero,10,113388471627,113388471627,33654595,65840067,593522,2,0,1,1,1,1,0,0,0,60,12,72,4800,0.015,1680,72,312,1992,132800,0.015,1992,12,12,0,0,0,648,648,0,0,4000,0,1600,1600,0,0,0,0,0,0,0,NaN,NaN,NaN,NaN,1,0,0,coherence-cumulative,1,60,0,0,31375821833,NaN,0,1,1,73053973,36245,40685,4609994,6.8,6,2,0,1,1,82,75,82,28,16,10,24,26,0,0,0,0,0,static-wide-low,zero,admissible
16079033,static-wide-low,static-wide-low,claim-iid5,claim-iid5,claim-iid5,10,113388471627,113388471627,34040160,65840067,593522,2,0,1,1,1,1,0,0,0,60,12,72,4800,0.015,1680,72,312,1992,132800,0.015,1992,12,12,0,0,0,648,620,28,0,4000,0,1600,1600,0,0,0,0,0,0,0,NaN,NaN,NaN,NaN,1,0,0,coherence-cumulative,1,60,0,0,31375821833,NaN,0,1,2,73053973,36245,40685,4609994,6.8,6,2,0,1,1,82,75,82,28,16,10,24,26,0,0,0,0,0,static-wide-low,claim-iid5,admissible
16079033,static-wide-low,static-wide-low,response-iid5,response-iid5,response-iid5,10,113388471627,113388471627,34040160,65840067,593522,2,0,1,1,1,1,0,0,0,61,13,74,4800,0.0154166666666667,1708,72,338,2046,132800,0.0154066265060241,1992,13,13,1,0,0,666,659,7,0,4000,0,1600,1600,0,0,0,0,0,0,0,NaN,NaN,NaN,NaN,1,0,0,coherence-cumulative,1,60,0,0,31375821833,NaN,0,1,3,73053973,36245,40685,4609994,6.8,6,2,0,1,1,82,75,82,28,16,10,24,26,0,0,0,0,0,static-wide-low,response-iid5,admissible
16079033,static-wide-low,static-wide-low,joint-control-iid5,joint-control-iid5,joint-control-iid5,10,113388471627,113388471627,34425725,65840067,593522,2,0,1,1,1,1,0,0,0,61,13,74,4800,0.0154166666666667,1708,72,338,2046,132800,0.0154066265060241,1992,13,13,1,0,0,666,631,35,0,4000,0,1600,1600,0,0,0,0,0,0,0,NaN,NaN,NaN,NaN,1,0,0,coherence-cumulative,1,60,0,0,31375821833,NaN,0,1,4,73053973,36245,40685,4609994,6.8,6,2,0,1,1,82,75,82,28,16,10,24,26,0,0,0,0,0,static-wide-low,joint-control-iid5,admissible
16079033,static-wide-low,static-wide-low,iid-occupancy15,iid-occupancy15,iid-occupancy15,10,113388471627,78500521805,33654595,65837211,593522,2,0,1,1,2,0.99975,0,0,0,73,21,94,4800,0.0195833333333333,2044,72,546,2590,132800,0.0195030120481928,1992,21,21,13,0,0,846,594,252,0,3999,0,1599,810,789,0,0,0,0,0,0,NaN,NaN,NaN,NaN,1,0,0,coherence-cumulative,1,60,0,0.15,31375821833,539121,7119,1,5,73053973,36245,40685,4609994,6.8,6,2,0,1,1,82,75,82,28,16,10,24,26,0,0,0,0,0,static-wide-low,iid-occupancy15,admissible
16079033,static-wide-low,static-wide-low,directed-response-blackout,directed-response-blackout,directed-response-blackout,10,113388471627,93921160150,33654595,65072533,593522,2,0,1,0,NaN,0.9,0,0,0,454,406,860,4800,0.179166666666667,12712,72,10556,23268,132800,0.175210843373494,1992,406,406,399,0,0,7740,7340,400,0,3600,80,1200,1200,0,0,80,80,0,0,1,NaN,NaN,NaN,NaN,1,0,0,coherence-cumulative,1,55,1,0,31375821833,NaN,0,1,6,73053973,36245,40685,4609994,6.8,6,2,0,1,1,82,75,82,28,16,10,24,26,0,1,0,0,0,static-wide-low,directed-response-blackout,admissible
16079033,mobile-limited-low,mobile-limited-low,zero,zero,zero,10,113388471627,113388471627,32072447,65867103,572057,2,0,1,1,1,1,0,0,0,800,160,960,4800,0.2,22400,960,4160,26560,132800,0.2,26560,160,160,0,0,0,480,480,0,0,4000,0,1600,1600,0,0,0,0,0,0,0,NaN,NaN,NaN,NaN,1,0,0,coherence-cumulative,1,800,0,0,31375821833,NaN,0,2,1,73053973,36245,36245,4857909,1,3,2,0,1,1,12,5,12,28,16,10,24,26,0,0,0,0,0,mobile-limited-low,zero,admissible
16079033,mobile-limited-low,mobile-limited-low,claim-iid5,claim-iid5,claim-iid5,10,113388471627,113388471627,32458012,65867103,572057,2,0,1,1,1,1,0,0,0,804,164,968,4800,0.201666666666667,22512,960,4264,26776,132800,0.201626506024096,26560,164,164,4,0,0,488,475,13,0,4000,0,1600,1600,0,0,0,0,0,0,0,NaN,NaN,NaN,NaN,1,0,0,coherence-cumulative,1,800,0,0,31375821833,NaN,0,2,2,73053973,36245,36245,4857909,1,3,2,0,1,1,12,5,12,28,16,10,24,26,0,0,0,0,0,mobile-limited-low,claim-iid5,admissible
16079033,mobile-limited-low,mobile-limited-low,response-iid5,response-iid5,response-iid5,10,113388471627,113388471627,32458012,65867103,572057,2,0,1,1,1,1,0,0,0,807,167,974,4800,0.202916666666667,22596,960,4342,26938,132800,0.202846385542169,26560,167,167,7,0,0,494,487,7,0,4000,0,1600,1600,0,0,0,0,0,0,0,NaN,NaN,NaN,NaN,1,0,0,coherence-cumulative,1,800,0,0,31375821833,NaN,0,2,3,73053973,36245,36245,4857909,1,3,2,0,1,1,12,5,12,28,16,10,24,26,0,0,0,0,0,mobile-limited-low,response-iid5,admissible
16079033,mobile-limited-low,mobile-limited-low,joint-control-iid5,joint-control-iid5,joint-control-iid5,10,113388471627,113388471627,32843577,65867103,572057,2,0,1,1,1,1,0,0,0,811,171,982,4800,0.204583333333333,22708,960,4446,27154,132800,0.204472891566265,26560,171,171,11,0,0,502,482,20,0,4000,0,1600,1600,0,0,0,0,0,0,0,NaN,NaN,NaN,NaN,1,0,0,coherence-cumulative,1,800,0,0,31375821833,NaN,0,2,4,73053973,36245,36245,4857909,1,3,2,0,1,1,12,5,12,28,16,10,24,26,0,0,0,0,0,mobile-limited-low,joint-control-iid5,admissible
16079033,mobile-limited-low,mobile-limited-low,iid-occupancy15,iid-occupancy15,iid-occupancy15,10,113388471627,78523468935,32072447,65864177,572057,2,0,1,1,2,0.99975,0,0,0,915,261,1176,4800,0.245,25620,960,6786,32406,132800,0.244021084337349,26560,260,261,116,0,0,696,526,170,0,3999,0,1599,810,789,0,0,0,0,0,0,NaN,NaN,NaN,NaN,1,0,0,coherence-cumulative,1,799,0,0.15,31375821833,615866,7115,2,5,73053973,36245,36245,4857909,1,3,2,0,1,1,12,5,12,28,16,10,24,26,0,0,0,0,0,mobile-limited-low,iid-occupancy15,admissible
16079033,mobile-limited-low,mobile-limited-low,directed-response-blackout,directed-response-blackout,directed-response-blackout,10,113388471627,93921160150,32072447,65097089,572057,2,0,1,0,NaN,0.9,0,0,0,1120,480,1600,4800,0.333333333333333,31360,960,12480,43840,132800,0.330120481927711,26560,480,480,399,0,0,1120,720,400,0,3600,80,1200,1200,0,0,80,80,0,0,1,NaN,NaN,NaN,NaN,1,0,0,coherence-cumulative,1,721,1,0,31375821833,NaN,0,2,6,73053973,36245,36245,4857909,1,3,2,0,1,1,12,5,12,28,16,10,24,26,0,1,0,0,0,mobile-limited-low,directed-response-blackout,admissible
16079033,mobile-limited-high,mobile-limited-high,zero,zero,zero,10,113388471627,113388471627,31736646,57168250,564795,0,0,0,0,NaN,0,0,0,0,0,0,0,4000,0,0,310,0,0,112000,0,8680,0,0,0,0,0,0,0,0,0,0,702,0,0,0,0,265,265,0,0,1,NaN,NaN,NaN,NaN,1,0,0,coherence-cumulative,1,0,0,0,31375821833,NaN,0,3,1,73053973,36245,36245,4754582,0,0,0,0,1,0,0,13,20,28,16,10,24,0,0,0,0,0,0,mobile-limited-high,zero,selector-issued-no-horizon
16079033,mobile-limited-high,mobile-limited-high,claim-iid5,claim-iid5,claim-iid5,10,113388471627,113388471627,32122211,57168250,564795,0,0,0,0,NaN,0,0,0,0,0,0,0,4000,0,0,310,0,0,112000,0,8680,0,0,0,0,0,0,0,0,0,0,702,0,0,0,0,265,265,0,0,1,NaN,NaN,NaN,NaN,1,0,0,coherence-cumulative,1,0,0,0,31375821833,NaN,0,3,2,73053973,36245,36245,4754582,0,0,0,0,1,0,0,13,20,28,16,10,24,0,0,0,0,0,0,mobile-limited-high,claim-iid5,selector-issued-no-horizon
16079033,mobile-limited-high,mobile-limited-high,response-iid5,response-iid5,response-iid5,10,113388471627,113388471627,32122211,57168250,564795,0,0,0,0,NaN,0,0,0,0,0,0,0,4000,0,0,310,0,0,112000,0,8680,0,0,0,0,0,0,0,0,0,0,702,0,0,0,0,265,265,0,0,1,NaN,NaN,NaN,NaN,1,0,0,coherence-cumulative,1,0,0,0,31375821833,NaN,0,3,3,73053973,36245,36245,4754582,0,0,0,0,1,0,0,13,20,28,16,10,24,0,0,0,0,0,0,mobile-limited-high,response-iid5,selector-issued-no-horizon
16079033,mobile-limited-high,mobile-limited-high,joint-control-iid5,joint-control-iid5,joint-control-iid5,10,113388471627,113388471627,32507776,57168250,564795,0,0,0,0,NaN,0,0,0,0,0,0,0,4000,0,0,310,0,0,112000,0,8680,0,0,0,0,0,0,0,0,0,0,702,0,0,0,0,265,265,0,0,1,NaN,NaN,NaN,NaN,1,0,0,coherence-cumulative,1,0,0,0,31375821833,NaN,0,3,4,73053973,36245,36245,4754582,0,0,0,0,1,0,0,13,20,28,16,10,24,0,0,0,0,0,0,mobile-limited-high,joint-control-iid5,selector-issued-no-horizon
16079033,mobile-limited-high,mobile-limited-high,iid-occupancy15,iid-occupancy15,iid-occupancy15,10,113388471627,78241438674,31736646,57168250,564795,0,0,0,0,NaN,0,0,0,0,0,0,0,4000,0,0,310,0,0,112000,0,8680,0,0,0,0,0,0,0,0,0,0,702,0,0,0,0,265,125,140,0,1,NaN,NaN,NaN,NaN,1,0,0,coherence-cumulative,1,0,0,0.15,31375821833,903554,7197,3,5,73053973,36245,36245,4754582,0,0,0,0,1,0,0,13,20,28,16,10,24,0,0,0,0,0,0,mobile-limited-high,iid-occupancy15,selector-issued-no-horizon
16079033,mobile-limited-high,mobile-limited-high,directed-response-blackout,directed-response-blackout,directed-response-blackout,10,113388471627,113388471627,31736646,57168250,564795,0,0,0,0,NaN,0,0,0,0,0,0,0,4000,0,0,310,0,0,112000,0,8680,0,0,0,0,0,0,0,0,0,0,702,0,0,0,0,265,265,0,0,1,NaN,NaN,NaN,NaN,1,0,0,coherence-cumulative,1,0,0,0,31375821833,NaN,0,3,6,73053973,36245,36245,4754582,0,0,0,0,1,0,0,13,20,28,16,10,24,0,0,0,0,0,0,mobile-limited-high,directed-response-blackout,selector-issued-no-horizon
16079034,static-wide-low,static-wide-low,zero,zero,zero,5,30525079021,30525079021,33341214,16471444,37834,1,0,1,1,1,1,0,0,0,15,3,18,2400,0.0075,420,18,78,498,66400,0.0075,498,3,3,0,0,0,72,72,0,0,2000,0,800,800,0,0,0,0,0,0,0,NaN,NaN,NaN,NaN,1,0,0,coherence-cumulative,1,15,0,0,31484236214,NaN,0,1,1,32777299,2472,2730,4947712,6.8,6,1,0,1,1,148,141,148,28,16,10,24,26,0,0,0,0,0,static-wide-low,zero,admissible
16079034,static-wide-low,static-wide-low,claim-iid5,claim-iid5,claim-iid5,5,30525079021,30525079021,33726779,16471444,37834,1,0,1,1,1,1,0,0,0,15,3,18,2400,0.0075,420,18,78,498,66400,0.0075,498,3,3,0,0,0,72,69,3,0,2000,0,800,800,0,0,0,0,0,0,0,NaN,NaN,NaN,NaN,1,0,0,coherence-cumulative,1,15,0,0,31484236214,NaN,0,1,2,32777299,2472,2730,4947712,6.8,6,1,0,1,1,148,141,148,28,16,10,24,26,0,0,0,0,0,static-wide-low,claim-iid5,admissible
16079034,static-wide-low,static-wide-low,response-iid5,response-iid5,response-iid5,5,30525079021,30525079021,33726779,16471444,37834,1,0,1,1,1,1,0,0,0,15,3,18,2400,0.0075,420,18,78,498,66400,0.0075,498,3,3,0,0,0,72,72,0,0,2000,0,800,800,0,0,0,0,0,0,0,NaN,NaN,NaN,NaN,1,0,0,coherence-cumulative,1,15,0,0,31484236214,NaN,0,1,3,32777299,2472,2730,4947712,6.8,6,1,0,1,1,148,141,148,28,16,10,24,26,0,0,0,0,0,static-wide-low,response-iid5,admissible
16079034,static-wide-low,static-wide-low,joint-control-iid5,joint-control-iid5,joint-control-iid5,5,30525079021,30525079021,34112344,16471444,37834,1,0,1,1,1,1,0,0,0,15,3,18,2400,0.0075,420,18,78,498,66400,0.0075,498,3,3,0,0,0,72,69,3,0,2000,0,800,800,0,0,0,0,0,0,0,NaN,NaN,NaN,NaN,1,0,0,coherence-cumulative,1,15,0,0,31484236214,NaN,0,1,4,32777299,2472,2730,4947712,6.8,6,1,0,1,1,148,141,148,28,16,10,24,26,0,0,0,0,0,static-wide-low,joint-control-iid5,admissible
16079034,static-wide-low,static-wide-low,iid-occupancy15,iid-occupancy15,iid-occupancy15,5,30525079021,21976967491,33341214,16470643,37834,1,0,1,1,2,0.9995,0,0,0,22,6,28,2400,0.0116666666666667,616,18,156,772,66400,0.0116265060240964,498,5,6,7,0,0,112,72,40,0,1999,1,799,425,374,0,1,1,0,0,1,NaN,NaN,NaN,NaN,1,0,0,coherence-cumulative,1,15,0,0.15,31484236214,985074,3496,1,5,32777299,2472,2730,4947712,6.8,6,1,0,1,1,148,141,148,28,16,10,24,26,0,0,0,0,0,static-wide-low,iid-occupancy15,admissible
16079034,static-wide-low,static-wide-low,directed-response-blackout,directed-response-blackout,directed-response-blackout,5,30525079021,25662336111,33341214,16047771,37834,1,0,1,0,NaN,0.8,0,0,0,412,400,812,2400,0.338333333333333,11536,18,10400,21936,66400,0.330361445783133,498,400,400,399,0,0,3248,2848,400,0,1600,129,400,400,0,0,129,129,0,0,1,NaN,NaN,NaN,NaN,1,0,0,coherence-cumulative,1,13,1,0,31484236214,NaN,0,1,6,32777299,2472,2730,4947712,6.8,6,1,0,1,1,148,141,148,28,16,10,24,26,0,1,0,0,0,static-wide-low,directed-response-blackout,admissible
16079034,mobile-limited-low,mobile-limited-low,zero,zero,zero,5,30525079021,30525079021,32431040,16473958,36732,1,0,1,1,1,1,0,0,0,145,29,174,2400,0.0725,4060,174,754,4814,66400,0.0725,4814,29,29,0,0,0,87,87,0,0,2000,0,800,800,0,0,0,0,0,0,0,NaN,NaN,NaN,NaN,1,0,0,coherence-cumulative,1,145,0,0,31484236214,NaN,0,2,1,32777299,2472,2472,5635079,1,3,1,0,1,1,21,14,21,28,16,10,24,26,0,0,0,0,0,mobile-limited-low,zero,admissible
16079034,mobile-limited-low,mobile-limited-low,claim-iid5,claim-iid5,claim-iid5,5,30525079021,30525079021,32816605,16473958,36732,1,0,1,1,1,1,0,0,0,146,30,176,2400,0.0733333333333333,4088,174,780,4868,66400,0.0733132530120482,4814,30,30,1,0,0,89,86,3,0,2000,0,800,800,0,0,0,0,0,0,0,NaN,NaN,NaN,NaN,1,0,0,coherence-cumulative,1,145,0,0,31484236214,NaN,0,2,2,32777299,2472,2472,5635079,1,3,1,0,1,1,21,14,21,28,16,10,24,26,0,0,0,0,0,mobile-limited-low,claim-iid5,admissible
16079034,mobile-limited-low,mobile-limited-low,response-iid5,response-iid5,response-iid5,5,30525079021,30525079021,32816605,16473958,36732,1,0,1,1,1,1,0,0,0,146,30,176,2400,0.0733333333333333,4088,174,780,4868,66400,0.0733132530120482,4814,30,30,1,0,0,89,88,1,0,2000,0,800,800,0,0,0,0,0,0,0,NaN,NaN,NaN,NaN,1,0,0,coherence-cumulative,1,145,0,0,31484236214,NaN,0,2,3,32777299,2472,2472,5635079,1,3,1,0,1,1,21,14,21,28,16,10,24,26,0,0,0,0,0,mobile-limited-low,response-iid5,admissible
16079034,mobile-limited-low,mobile-limited-low,joint-control-iid5,joint-control-iid5,joint-control-iid5,5,30525079021,30525079021,33202170,16473958,36732,1,0,1,1,1,1,0,0,0,147,31,178,2400,0.0741666666666667,4116,174,806,4922,66400,0.0741265060240964,4814,31,31,2,0,0,91,87,4,0,2000,0,800,800,0,0,0,0,0,0,0,NaN,NaN,NaN,NaN,1,0,0,coherence-cumulative,1,145,0,0,31484236214,NaN,0,2,4,32777299,2472,2472,5635079,1,3,1,0,1,1,21,14,21,28,16,10,24,26,0,0,0,0,0,mobile-limited-low,joint-control-iid5,admissible
16079034,mobile-limited-low,mobile-limited-low,iid-occupancy15,iid-occupancy15,iid-occupancy15,5,30525079021,22002941247,32431040,16473129,36732,1,0,1,1,2,0.9995,0,0,0,164,44,208,2400,0.0866666666666667,4592,174,1144,5736,66400,0.0863855421686747,4814,43,44,19,0,0,121,92,29,0,1999,1,799,425,374,0,1,1,0,0,1,NaN,NaN,NaN,NaN,1,0,0,coherence-cumulative,1,145,0,0.15,31484236214,1157623,3487,2,5,32777299,2472,2472,5635079,1,3,1,0,1,1,21,14,21,28,16,10,24,26,0,0,0,0,0,mobile-limited-low,iid-occupancy15,admissible
16079034,mobile-limited-low,mobile-limited-low,directed-response-blackout,directed-response-blackout,directed-response-blackout,5,30525079021,25661536111,32431040,16049799,36732,1,0,1,0,NaN,0.8,0,0,0,516,400,916,2400,0.381666666666667,14448,174,10400,24848,66400,0.37421686746988,4814,400,400,399,0,0,829,429,400,0,1600,129,400,400,0,0,129,129,0,0,1,NaN,NaN,NaN,NaN,1,0,0,coherence-cumulative,1,117,1,0,31484236214,NaN,0,2,6,32777299,2472,2472,5635079,1,3,1,0,1,1,21,14,21,28,16,10,24,26,0,1,0,0,0,mobile-limited-low,directed-response-blackout,admissible
16079034,mobile-limited-high,mobile-limited-high,zero,zero,zero,5,30525079021,30525079021,33836799,16485921,36732,1,0,1,1,1,1,0,0,0,670,134,804,2400,0.335,18760,804,3484,22244,66400,0.335,22244,134,134,0,0,0,402,402,0,0,2000,0,800,800,0,0,0,0,0,0,0,NaN,NaN,NaN,NaN,1,0,0,coherence-cumulative,1,670,0,0,31484236214,NaN,0,3,1,32777299,2472,2472,7291300,0.5,2,1,0,1,1,10,3,10,28,16,10,24,26,0,0,0,0,0,mobile-limited-high,zero,admissible
16079034,mobile-limited-high,mobile-limited-high,claim-iid5,claim-iid5,claim-iid5,5,30525079021,30525079021,34222364,16485921,36732,1,0,1,1,1,1,0,0,0,678,141,819,2400,0.34125,18984,804,3666,22650,66400,0.341114457831325,22244,141,141,8,0,0,417,399,18,0,2000,0,800,800,0,0,0,0,0,0,0,NaN,NaN,NaN,NaN,1,0,0,coherence-cumulative,1,670,0,0,31484236214,NaN,0,3,2,32777299,2472,2472,7291300,0.5,2,1,0,1,1,10,3,10,28,16,10,24,26,0,0,0,0,0,mobile-limited-high,claim-iid5,admissible
16079034,mobile-limited-high,mobile-limited-high,response-iid5,response-iid5,response-iid5,5,30525079021,30525079021,34222364,16485921,36732,1,0,1,1,1,1,0,0,0,679,143,822,2400,0.3425,19012,804,3718,22730,66400,0.342319277108434,22244,143,143,9,0,0,420,411,9,0,2000,0,800,800,0,0,0,0,0,0,0,NaN,NaN,NaN,NaN,1,0,0,coherence-cumulative,1,670,0,0,31484236214,NaN,0,3,3,32777299,2472,2472,7291300,0.5,2,1,0,1,1,10,3,10,28,16,10,24,26,0,0,0,0,0,mobile-limited-high,response-iid5,admissible
16079034,mobile-limited-high,mobile-limited-high,joint-control-iid5,joint-control-iid5,joint-control-iid5,5,30525079021,30525079021,34607929,16485921,36732,1,0,1,1,1,1,0,0,0,688,151,839,2400,0.349583333333333,19264,804,3926,23190,66400,0.349246987951807,22244,151,151,18,0,0,437,408,29,0,2000,0,800,800,0,0,0,0,0,0,0,NaN,NaN,NaN,NaN,1,0,0,coherence-cumulative,1,670,0,0,31484236214,NaN,0,3,4,32777299,2472,2472,7291300,0.5,2,1,0,1,1,10,3,10,28,16,10,24,26,0,0,0,0,0,mobile-limited-high,joint-control-iid5,admissible
16079034,mobile-limited-high,mobile-limited-high,iid-occupancy15,iid-occupancy15,iid-occupancy15,5,30525079021,22002941247,33836799,16484819,36732,1,0,1,1,2,0.9995,0,0,0,753,204,957,2400,0.39875,21084,804,5304,26388,66400,0.397409638554217,22244,203,204,88,0,0,555,422,133,0,1999,1,799,425,374,0,1,1,0,0,1,NaN,NaN,NaN,NaN,1,0,0,coherence-cumulative,1,665,1,0.15,31484236214,1157623,3487,3,5,32777299,2472,2472,7291300,0.5,2,1,0,1,1,10,3,10,28,16,10,24,26,0,0,0,0,0,mobile-limited-high,iid-occupancy15,admissible
16079034,mobile-limited-high,mobile-limited-high,directed-response-blackout,directed-response-blackout,directed-response-blackout,5,30525079021,25661536111,33836799,16057989,36732,1,0,1,0,NaN,0.8,0,0,0,936,400,1336,2400,0.556666666666667,26208,804,10400,36608,66400,0.551325301204819,22244,400,400,399,0,0,934,534,400,0,1600,129,400,400,0,0,129,129,0,0,1,NaN,NaN,NaN,NaN,1,0,0,coherence-cumulative,1,537,1,0,31484236214,NaN,0,3,6,32777299,2472,2472,7291300,0.5,2,1,0,1,1,10,3,10,28,16,10,24,26,0,1,0,0,0,mobile-limited-high,directed-response-blackout,admissible
16079034,static-wide-low,static-wide-low,zero,zero,zero,10,113042428880,113042428880,33857756,66363253,611375,4,0,1,1,1,1,0,0,0,60,24,84,5600,0.015,1680,84,624,2304,153600,0.015,2304,24,24,0,0,0,756,756,0,0,4000,0,3200,3200,0,0,0,0,0,0,0,NaN,NaN,NaN,NaN,1,0,0,coherence-cumulative,1,60,0,0,31529722206,NaN,0,1,1,64803807,36440,40685,5899363,6.8,6,4,0,1,1,78,71,78,28,16,10,24,26,0,0,0,0,0,static-wide-low,zero,admissible
16079034,static-wide-low,static-wide-low,claim-iid5,claim-iid5,claim-iid5,10,113042428880,113042428880,34243321,66363330,611375,4,0,1,1,1,1,0,0,0,63,26,89,5600,0.0158928571428571,1764,84,676,2440,153600,0.0158854166666667,2304,26,26,2,0,0,801,762,39,0,4000,0,3200,3200,0,0,0,0,0,0,0,NaN,NaN,NaN,NaN,1,0,0,coherence-cumulative,1,61,0,0,31529722206,NaN,0,1,2,64803807,36440,40685,5899363,6.8,6,4,0,1,1,78,71,78,28,16,10,24,26,0,0,0,0,0,static-wide-low,claim-iid5,admissible
16079034,static-wide-low,static-wide-low,response-iid5,response-iid5,response-iid5,10,113042428880,113042428880,34243321,66363253,611375,4,0,1,1,1,1,0,0,0,62,26,88,5600,0.0157142857142857,1736,84,676,2412,153600,0.015703125,2304,26,26,2,0,0,792,783,9,0,4000,0,3200,3200,0,0,0,0,0,0,0,NaN,NaN,NaN,NaN,1,0,0,coherence-cumulative,1,60,0,0,31529722206,NaN,0,1,3,64803807,36440,40685,5899363,6.8,6,4,0,1,1,78,71,78,28,16,10,24,26,0,0,0,0,0,static-wide-low,response-iid5,admissible
16079034,static-wide-low,static-wide-low,joint-control-iid5,joint-control-iid5,joint-control-iid5,10,113042428880,113042428880,34628886,66363330,611375,4,0,1,1,1,1,0,0,0,64,27,91,5600,0.01625,1792,84,702,2494,153600,0.0162369791666667,2304,27,27,3,0,0,819,770,49,0,4000,0,3200,3200,0,0,0,0,0,0,0,NaN,NaN,NaN,NaN,1,0,0,coherence-cumulative,1,61,0,0,31529722206,NaN,0,1,4,64803807,36440,40685,5899363,6.8,6,4,0,1,1,78,71,78,28,16,10,24,26,0,0,0,0,0,static-wide-low,joint-control-iid5,admissible
16079034,static-wide-low,static-wide-low,iid-occupancy15,iid-occupancy15,iid-occupancy15,10,113042428880,76668686228,33857756,66356474,611375,4,0,1,1,3,0.999,0,0,0,82,41,123,5600,0.0219642857142857,2296,84,1066,3362,153600,0.0218880208333333,2304,38,41,19,0,0,1107,873,234,0,3996,2,3196,1539,1657,0,2,0,2,0,1,NaN,NaN,NaN,NaN,1,0,0,coherence-cumulative,1,63,0,0.15,31529722206,1041296,7431,1,5,64803807,36440,40685,5899363,6.8,6,4,0,1,1,78,71,78,28,16,10,24,26,0,0,0,0,0,static-wide-low,iid-occupancy15,admissible
16079034,static-wide-low,static-wide-low,directed-response-blackout,directed-response-blackout,directed-response-blackout,10,113042428880,93664683735,33857756,65906169,611375,4,0,1,0,NaN,0.9,0,0,0,454,418,872,5600,0.155714285714286,12712,84,10868,23580,153600,0.153515625,2304,418,418,399,0,0,7848,7448,400,0,3600,88,2800,2800,0,0,88,88,0,0,1,NaN,NaN,NaN,NaN,1,0,0,coherence-cumulative,1,55,1,0,31529722206,NaN,0,1,6,64803807,36440,40685,5899363,6.8,6,4,0,1,1,78,71,78,28,16,10,24,26,0,1,0,0,0,static-wide-low,directed-response-blackout,admissible
16079034,mobile-limited-low,mobile-limited-low,zero,zero,zero,10,113042428880,113042428880,32581453,66415359,580615,4,0,1,1,1,1,0,0,0,1000,400,1400,5600,0.25,28000,1400,10400,38400,153600,0.25,38400,400,400,0,0,0,1200,1200,0,0,4000,0,3200,3200,0,0,0,0,0,0,0,NaN,NaN,NaN,NaN,1,0,0,coherence-cumulative,1,1000,0,0,31529722206,NaN,0,2,1,64803807,36440,36440,5321714,1,3,4,0,1,1,11,4,11,28,16,10,24,26,0,0,0,0,0,mobile-limited-low,zero,admissible
16079034,mobile-limited-low,mobile-limited-low,claim-iid5,claim-iid5,claim-iid5,10,113042428880,113042428880,32967018,66408819,580615,4,0,1,1,2,0.9995,0,0,0,1030,429,1459,5600,0.260535714285714,28840,1400,11154,39994,153600,0.260377604166667,38400,427,429,30,0,0,1259,1204,55,0,3998,1,3198,3198,0,0,1,1,0,0,1,NaN,NaN,NaN,NaN,1,0,0,coherence-cumulative,1,1000,0,0,31529722206,NaN,0,2,2,64803807,36440,36440,5321714,1,3,4,0,1,1,11,4,11,28,16,10,24,26,0,0,0,0,0,mobile-limited-low,claim-iid5,admissible
16079034,mobile-limited-low,mobile-limited-low,response-iid5,response-iid5,response-iid5,10,113042428880,113042428880,32967018,66415359,580615,4,0,1,1,1,1,0,0,0,1025,425,1450,5600,0.258928571428571,28700,1400,11050,39750,153600,0.2587890625,38400,425,425,25,0,0,1250,1225,25,0,4000,0,3200,3200,0,0,0,0,0,0,0,NaN,NaN,NaN,NaN,1,0,0,coherence-cumulative,1,1000,0,0,31529722206,NaN,0,2,3,64803807,36440,36440,5321714,1,3,4,0,1,1,11,4,11,28,16,10,24,26,0,0,0,0,0,mobile-limited-low,response-iid5,admissible
16079034,mobile-limited-low,mobile-limited-low,joint-control-iid5,joint-control-iid5,joint-control-iid5,10,113042428880,113042428880,33352583,66408819,580615,4,0,1,1,2,0.9995,0,0,0,1051,450,1501,5600,0.268035714285714,29428,1400,11700,41128,153600,0.267760416666667,38400,448,450,51,0,0,1301,1221,80,0,3998,1,3198,3198,0,0,1,1,0,0,1,NaN,NaN,NaN,NaN,1,0,0,coherence-cumulative,1,1000,0,0,31529722206,NaN,0,2,4,64803807,36440,36440,5321714,1,3,4,0,1,1,11,4,11,28,16,10,24,26,0,0,0,0,0,mobile-limited-low,joint-control-iid5,admissible
16079034,mobile-limited-low,mobile-limited-low,iid-occupancy15,iid-occupancy15,iid-occupancy15,10,113042428880,76673446862,32581453,66405531,580615,4,0,1,1,3,0.99875,0,0,0,1268,630,1898,5600,0.338928571428571,35504,1400,16380,51884,153600,0.337786458333333,38400,628,630,273,0,0,1698,1265,433,0,3995,2,3195,1538,1657,0,2,0,2,0,1,NaN,NaN,NaN,NaN,1,0,0,coherence-cumulative,1,995,0,0.15,31529722206,1377705,7424,2,5,64803807,36440,36440,5321714,1,3,4,0,1,1,11,4,11,28,16,10,24,26,0,0,0,0,0,mobile-limited-low,iid-occupancy15,admissible
16079034,mobile-limited-low,mobile-limited-low,directed-response-blackout,directed-response-blackout,directed-response-blackout,10,113042428880,93664683735,32581453,65953411,580615,4,0,1,0,NaN,0.9,0,0,0,1300,700,2000,5600,0.357142857142857,36400,1400,18200,54600,153600,0.35546875,38400,700,700,399,0,0,1800,1400,400,0,3600,88,2800,2800,0,0,88,88,0,0,1,NaN,NaN,NaN,NaN,1,0,0,coherence-cumulative,1,901,1,0,31529722206,NaN,0,2,6,64803807,36440,36440,5321714,1,3,4,0,1,1,11,4,11,28,16,10,24,26,0,1,0,0,0,mobile-limited-low,directed-response-blackout,admissible
16079034,mobile-limited-high,mobile-limited-high,zero,zero,zero,10,113042428880,113042428880,32154402,57168250,565390,0,0,0,0,NaN,0,0,0,0,0,0,0,4000,0,0,310,0,0,112000,0,8680,0,0,0,0,0,0,0,0,0,0,795,0,0,0,0,612,612,0,0,1,NaN,NaN,NaN,NaN,1,0,0,coherence-cumulative,1,0,0,0,31529722206,NaN,0,3,1,64803807,36440,36440,4963175,0,0,0,0,1,0,0,13,20,28,16,10,24,0,0,0,0,0,0,mobile-limited-high,zero,selector-issued-no-horizon
16079034,mobile-limited-high,mobile-limited-high,claim-iid5,claim-iid5,claim-iid5,10,113042428880,113042428880,32539967,57168250,565390,0,0,0,0,NaN,0,0,0,0,0,0,0,4000,0,0,310,0,0,112000,0,8680,0,0,0,0,0,0,0,0,0,0,795,0,0,0,0,612,612,0,0,1,NaN,NaN,NaN,NaN,1,0,0,coherence-cumulative,1,0,0,0,31529722206,NaN,0,3,2,64803807,36440,36440,4963175,0,0,0,0,1,0,0,13,20,28,16,10,24,0,0,0,0,0,0,mobile-limited-high,claim-iid5,selector-issued-no-horizon
16079034,mobile-limited-high,mobile-limited-high,response-iid5,response-iid5,response-iid5,10,113042428880,113042428880,32539967,57168250,565390,0,0,0,0,NaN,0,0,0,0,0,0,0,4000,0,0,310,0,0,112000,0,8680,0,0,0,0,0,0,0,0,0,0,795,0,0,0,0,612,612,0,0,1,NaN,NaN,NaN,NaN,1,0,0,coherence-cumulative,1,0,0,0,31529722206,NaN,0,3,3,64803807,36440,36440,4963175,0,0,0,0,1,0,0,13,20,28,16,10,24,0,0,0,0,0,0,mobile-limited-high,response-iid5,selector-issued-no-horizon
16079034,mobile-limited-high,mobile-limited-high,joint-control-iid5,joint-control-iid5,joint-control-iid5,10,113042428880,113042428880,32925532,57168250,565390,0,0,0,0,NaN,0,0,0,0,0,0,0,4000,0,0,310,0,0,112000,0,8680,0,0,0,0,0,0,0,0,0,0,795,0,0,0,0,612,612,0,0,1,NaN,NaN,NaN,NaN,1,0,0,coherence-cumulative,1,0,0,0,31529722206,NaN,0,3,4,64803807,36440,36440,4963175,0,0,0,0,1,0,0,13,20,28,16,10,24,0,0,0,0,0,0,mobile-limited-high,joint-control-iid5,selector-issued-no-horizon
16079034,mobile-limited-high,mobile-limited-high,iid-occupancy15,iid-occupancy15,iid-occupancy15,10,113042428880,81844221754,32154402,57168250,565390,0,0,0,0,NaN,0,0,0,0,0,0,0,4000,0,0,310,0,0,112000,0,8680,0,0,0,0,0,0,0,0,0,0,795,0,0,0,0,612,361,251,0,1,NaN,NaN,NaN,NaN,1,0,0,coherence-cumulative,1,0,0,0.15,31529722206,1365560,6368,3,5,64803807,36440,36440,4963175,0,0,0,0,1,0,0,13,20,28,16,10,24,0,0,0,0,0,0,mobile-limited-high,iid-occupancy15,selector-issued-no-horizon
16079034,mobile-limited-high,mobile-limited-high,directed-response-blackout,directed-response-blackout,directed-response-blackout,10,113042428880,113042428880,32154402,57168250,565390,0,0,0,0,NaN,0,0,0,0,0,0,0,4000,0,0,310,0,0,112000,0,8680,0,0,0,0,0,0,0,0,0,0,795,0,0,0,0,612,612,0,0,1,NaN,NaN,NaN,NaN,1,0,0,coherence-cumulative,1,0,0,0,31529722206,NaN,0,3,6,64803807,36440,36440,4963175,0,0,0,0,1,0,0,13,20,28,16,10,24,0,0,0,0,0,0,mobile-limited-high,directed-response-blackout,selector-issued-no-horizon
16079035,static-wide-low,static-wide-low,zero,zero,zero,5,30382837945,30382837945,33350497,16345885,36830,0,0,0,1,1,1,0,0,0,15,0,15,2000,0.0075,420,15,0,420,56000,0.0075,420,0,0,0,0,0,60,60,0,0,2000,0,0,0,0,0,0,0,0,0,0,NaN,NaN,NaN,NaN,1,0,0,coherence-cumulative,1,15,0,0,31455908275,NaN,0,1,1,35410181,2450,2730,4967383,6.8,6,0,0,1,1,156,149,156,28,16,10,24,0,0,0,0,0,0,static-wide-low,zero,admissible
16079035,static-wide-low,static-wide-low,claim-iid5,claim-iid5,claim-iid5,5,30382837945,30382837945,33736062,16345885,36830,0,0,0,1,1,1,0,0,0,15,0,15,2000,0.0075,420,15,0,420,56000,0.0075,420,0,0,0,0,0,60,54,6,0,2000,0,0,0,0,0,0,0,0,0,0,NaN,NaN,NaN,NaN,1,0,0,coherence-cumulative,1,15,0,0,31455908275,NaN,0,1,2,35410181,2450,2730,4967383,6.8,6,0,0,1,1,156,149,156,28,16,10,24,0,0,0,0,0,0,static-wide-low,claim-iid5,admissible
16079035,static-wide-low,static-wide-low,response-iid5,response-iid5,response-iid5,5,30382837945,30382837945,33736062,16345885,36830,0,0,0,1,1,1,0,0,0,15,0,15,2000,0.0075,420,15,0,420,56000,0.0075,420,0,0,0,0,0,60,60,0,0,2000,0,0,0,0,0,0,0,0,0,0,NaN,NaN,NaN,NaN,1,0,0,coherence-cumulative,1,15,0,0,31455908275,NaN,0,1,3,35410181,2450,2730,4967383,6.8,6,0,0,1,1,156,149,156,28,16,10,24,0,0,0,0,0,0,static-wide-low,response-iid5,admissible
16079035,static-wide-low,static-wide-low,joint-control-iid5,joint-control-iid5,joint-control-iid5,5,30382837945,30382837945,34121627,16345885,36830,0,0,0,1,1,1,0,0,0,15,0,15,2000,0.0075,420,15,0,420,56000,0.0075,420,0,0,0,0,0,60,54,6,0,2000,0,0,0,0,0,0,0,0,0,0,NaN,NaN,NaN,NaN,1,0,0,coherence-cumulative,1,15,0,0,31455908275,NaN,0,1,4,35410181,2450,2730,4967383,6.8,6,0,0,1,1,156,149,156,28,16,10,24,0,0,0,0,0,0,static-wide-low,joint-control-iid5,admissible
16079035,static-wide-low,static-wide-low,iid-occupancy15,iid-occupancy15,iid-occupancy15,5,30382837945,22545007301,33350497,16345885,36830,0,0,0,1,1,1,0,0,0,15,0,15,2000,0.0075,420,15,0,420,56000,0.0075,420,0,0,0,0,0,60,36,24,0,2000,0,0,0,0,0,0,0,0,0,0,NaN,NaN,NaN,NaN,1,0,0,coherence-cumulative,1,15,0,0.15,31455908275,736950,3210,1,5,35410181,2450,2730,4967383,6.8,6,0,0,1,1,156,149,156,28,16,10,24,0,0,0,0,0,0,static-wide-low,iid-occupancy15,admissible
16079035,static-wide-low,static-wide-low,directed-response-blackout,directed-response-blackout,directed-response-blackout,5,30382837945,30382837945,33350497,16345885,36830,0,0,0,1,1,1,0,0,0,15,0,15,2000,0.0075,420,15,0,420,56000,0.0075,420,0,0,0,0,0,60,60,0,0,2000,0,0,0,0,0,0,0,0,0,0,NaN,NaN,NaN,NaN,1,0,0,coherence-cumulative,1,15,0,0,31455908275,NaN,0,1,6,35410181,2450,2730,4967383,6.8,6,0,0,1,1,156,149,156,28,16,10,24,0,0,0,0,0,0,static-wide-low,directed-response-blackout,admissible
16079035,mobile-limited-low,mobile-limited-low,zero,zero,zero,5,30382837945,30382837945,33931527,16345885,36050,0,0,0,1,1,1,0,0,0,15,0,15,2000,0.0075,420,15,0,420,56000,0.0075,420,0,0,0,0,0,0,0,0,0,2000,0,0,0,0,0,0,0,0,0,0,NaN,NaN,NaN,NaN,1,0,0,coherence-cumulative,1,15,0,0,31455908275,NaN,0,2,1,35410181,2450,2450,5139756,6.8,6,0,0,1,1,156,149,156,28,16,10,24,0,0,0,0,0,0,mobile-limited-low,zero,admissible
16079035,mobile-limited-low,mobile-limited-low,claim-iid5,claim-iid5,claim-iid5,5,30382837945,30382837945,34317092,16345885,36050,0,0,0,1,1,1,0,0,0,15,0,15,2000,0.0075,420,15,0,420,56000,0.0075,420,0,0,0,0,0,0,0,0,0,2000,0,0,0,0,0,0,0,0,0,0,NaN,NaN,NaN,NaN,1,0,0,coherence-cumulative,1,15,0,0,31455908275,NaN,0,2,2,35410181,2450,2450,5139756,6.8,6,0,0,1,1,156,149,156,28,16,10,24,0,0,0,0,0,0,mobile-limited-low,claim-iid5,admissible
16079035,mobile-limited-low,mobile-limited-low,response-iid5,response-iid5,response-iid5,5,30382837945,30382837945,34317092,16345885,36050,0,0,0,1,1,1,0,0,0,15,0,15,2000,0.0075,420,15,0,420,56000,0.0075,420,0,0,0,0,0,0,0,0,0,2000,0,0,0,0,0,0,0,0,0,0,NaN,NaN,NaN,NaN,1,0,0,coherence-cumulative,1,15,0,0,31455908275,NaN,0,2,3,35410181,2450,2450,5139756,6.8,6,0,0,1,1,156,149,156,28,16,10,24,0,0,0,0,0,0,mobile-limited-low,response-iid5,admissible
16079035,mobile-limited-low,mobile-limited-low,joint-control-iid5,joint-control-iid5,joint-control-iid5,5,30382837945,30382837945,34702657,16345885,36050,0,0,0,1,1,1,0,0,0,15,0,15,2000,0.0075,420,15,0,420,56000,0.0075,420,0,0,0,0,0,0,0,0,0,2000,0,0,0,0,0,0,0,0,0,0,NaN,NaN,NaN,NaN,1,0,0,coherence-cumulative,1,15,0,0,31455908275,NaN,0,2,4,35410181,2450,2450,5139756,6.8,6,0,0,1,1,156,149,156,28,16,10,24,0,0,0,0,0,0,mobile-limited-low,joint-control-iid5,admissible
16079035,mobile-limited-low,mobile-limited-low,iid-occupancy15,iid-occupancy15,iid-occupancy15,5,30382837945,22545007301,33931527,16345885,36050,0,0,0,1,1,1,0,0,0,15,0,15,2000,0.0075,420,15,0,420,56000,0.0075,420,0,0,0,0,0,0,0,0,0,2000,0,0,0,0,0,0,0,0,0,0,NaN,NaN,NaN,NaN,1,0,0,coherence-cumulative,1,15,0,0.15,31455908275,736950,3210,2,5,35410181,2450,2450,5139756,6.8,6,0,0,1,1,156,149,156,28,16,10,24,0,0,0,0,0,0,mobile-limited-low,iid-occupancy15,admissible
16079035,mobile-limited-low,mobile-limited-low,directed-response-blackout,directed-response-blackout,directed-response-blackout,5,30382837945,30382837945,33931527,16345885,36050,0,0,0,1,1,1,0,0,0,15,0,15,2000,0.0075,420,15,0,420,56000,0.0075,420,0,0,0,0,0,0,0,0,0,2000,0,0,0,0,0,0,0,0,0,0,NaN,NaN,NaN,NaN,1,0,0,coherence-cumulative,1,15,0,0,31455908275,NaN,0,2,6,35410181,2450,2450,5139756,6.8,6,0,0,1,1,156,149,156,28,16,10,24,0,0,0,0,0,0,mobile-limited-low,directed-response-blackout,admissible
16079035,mobile-limited-high,mobile-limited-high,zero,zero,zero,5,30382837945,30382837945,32681730,16345885,36050,0,0,0,1,1,1,0,0,0,15,0,15,2000,0.0075,420,15,0,420,56000,0.0075,420,0,0,0,0,0,0,0,0,0,2000,0,0,0,0,0,0,0,0,0,0,NaN,NaN,NaN,NaN,1,0,0,coherence-cumulative,1,15,0,0,31455908275,NaN,0,3,1,35410181,2450,2450,6927115,6.8,6,0,0,1,1,156,149,156,28,16,10,24,0,0,0,0,0,0,mobile-limited-high,zero,admissible
16079035,mobile-limited-high,mobile-limited-high,claim-iid5,claim-iid5,claim-iid5,5,30382837945,30382837945,33067295,16345885,36050,0,0,0,1,1,1,0,0,0,15,0,15,2000,0.0075,420,15,0,420,56000,0.0075,420,0,0,0,0,0,0,0,0,0,2000,0,0,0,0,0,0,0,0,0,0,NaN,NaN,NaN,NaN,1,0,0,coherence-cumulative,1,15,0,0,31455908275,NaN,0,3,2,35410181,2450,2450,6927115,6.8,6,0,0,1,1,156,149,156,28,16,10,24,0,0,0,0,0,0,mobile-limited-high,claim-iid5,admissible
16079035,mobile-limited-high,mobile-limited-high,response-iid5,response-iid5,response-iid5,5,30382837945,30382837945,33067295,16345885,36050,0,0,0,1,1,1,0,0,0,15,0,15,2000,0.0075,420,15,0,420,56000,0.0075,420,0,0,0,0,0,0,0,0,0,2000,0,0,0,0,0,0,0,0,0,0,NaN,NaN,NaN,NaN,1,0,0,coherence-cumulative,1,15,0,0,31455908275,NaN,0,3,3,35410181,2450,2450,6927115,6.8,6,0,0,1,1,156,149,156,28,16,10,24,0,0,0,0,0,0,mobile-limited-high,response-iid5,admissible
16079035,mobile-limited-high,mobile-limited-high,joint-control-iid5,joint-control-iid5,joint-control-iid5,5,30382837945,30382837945,33452860,16345885,36050,0,0,0,1,1,1,0,0,0,15,0,15,2000,0.0075,420,15,0,420,56000,0.0075,420,0,0,0,0,0,0,0,0,0,2000,0,0,0,0,0,0,0,0,0,0,NaN,NaN,NaN,NaN,1,0,0,coherence-cumulative,1,15,0,0,31455908275,NaN,0,3,4,35410181,2450,2450,6927115,6.8,6,0,0,1,1,156,149,156,28,16,10,24,0,0,0,0,0,0,mobile-limited-high,joint-control-iid5,admissible
16079035,mobile-limited-high,mobile-limited-high,iid-occupancy15,iid-occupancy15,iid-occupancy15,5,30382837945,22545007301,32681730,16345885,36050,0,0,0,1,1,1,0,0,0,15,0,15,2000,0.0075,420,15,0,420,56000,0.0075,420,0,0,0,0,0,0,0,0,0,2000,0,0,0,0,0,0,0,0,0,0,NaN,NaN,NaN,NaN,1,0,0,coherence-cumulative,1,15,0,0.15,31455908275,736950,3210,3,5,35410181,2450,2450,6927115,6.8,6,0,0,1,1,156,149,156,28,16,10,24,0,0,0,0,0,0,mobile-limited-high,iid-occupancy15,admissible
16079035,mobile-limited-high,mobile-limited-high,directed-response-blackout,directed-response-blackout,directed-response-blackout,5,30382837945,30382837945,32681730,16345885,36050,0,0,0,1,1,1,0,0,0,15,0,15,2000,0.0075,420,15,0,420,56000,0.0075,420,0,0,0,0,0,0,0,0,0,2000,0,0,0,0,0,0,0,0,0,0,NaN,NaN,NaN,NaN,1,0,0,coherence-cumulative,1,15,0,0,31455908275,NaN,0,3,6,35410181,2450,2450,6927115,6.8,6,0,0,1,1,156,149,156,28,16,10,24,0,0,0,0,0,0,mobile-limited-high,directed-response-blackout,admissible
16079035,static-wide-low,static-wide-low,zero,zero,zero,10,113144993701,113144993701,33723735,67786318,666361,9,0,1,1,1,1,0,0,0,70,63,133,7600,0.0175,1960,133,1638,3598,205600,0.0175,3598,63,63,0,14,0,1197,1197,0,0,4000,0,5600,5600,0,0,0,0,0,0,0,NaN,NaN,NaN,NaN,1,0,0,coherence-cumulative,1,70,0,0,31516284059,NaN,0,1,1,68992738,36881,40685,5376294,6.8,6,9,0,1,1,68,61,68,28,16,10,24,26,0,0,0,0,0,static-wide-low,zero,admissible
16079035,static-wide-low,static-wide-low,claim-iid5,claim-iid5,claim-iid5,10,113144993701,113144993701,34109300,67782239,666361,9,0,1,1,2,0.9995,0,0,0,78,78,156,7600,0.0205263157894737,2184,133,2028,4212,205600,0.0204863813229572,3598,76,78,7,20,0,1404,1371,33,0,3998,0,5598,5598,0,0,0,0,0,0,0,NaN,NaN,NaN,NaN,1,0,0,coherence-cumulative,1,71,0,0,31516284059,NaN,0,1,2,68992738,36881,40685,5376294,6.8,6,9,0,1,1,68,61,68,28,16,10,24,26,0,0,0,0,0,static-wide-low,claim-iid5,admissible
16079035,static-wide-low,static-wide-low,response-iid5,response-iid5,response-iid5,10,113144993701,113144993701,34109300,67786318,666361,9,0,1,1,1,1,0,0,0,72,67,139,7600,0.0182894736842105,2016,133,1742,3758,205600,0.0182782101167315,3598,67,67,2,15,0,1251,1212,39,0,4000,0,5600,5600,0,0,0,0,0,0,0,NaN,NaN,NaN,NaN,1,0,0,coherence-cumulative,1,70,0,0,31516284059,NaN,0,1,3,68992738,36881,40685,5376294,6.8,6,9,0,1,1,68,61,68,28,16,10,24,26,0,0,0,0,0,static-wide-low,response-iid5,admissible
16079035,static-wide-low,static-wide-low,joint-control-iid5,joint-control-iid5,joint-control-iid5,10,113144993701,113144993701,34494865,67782239,666361,9,0,1,1,2,0.9995,0,0,0,80,82,162,7600,0.0213157894736842,2240,133,2132,4372,205600,0.0212645914396887,3598,80,82,9,21,0,1458,1376,82,0,3998,0,5598,5598,0,0,0,0,0,0,0,NaN,NaN,NaN,NaN,1,0,0,coherence-cumulative,1,71,0,0,31516284059,NaN,0,1,4,68992738,36881,40685,5376294,6.8,6,9,0,1,1,68,61,68,28,16,10,24,26,0,0,0,0,0,static-wide-low,joint-control-iid5,admissible
16079035,static-wide-low,static-wide-low,iid-occupancy15,iid-occupancy15,iid-occupancy15,10,113144993701,74750688028,33723735,67771082,666361,9,0,1,1,3,0.99825,0,0,0,109,119,228,7600,0.03,3052,133,3094,6146,205600,0.0298929961089494,3598,114,119,39,28,0,2052,1674,378,0,3993,0,5589,2946,2643,0,0,0,0,0,0,NaN,NaN,NaN,NaN,1,0,0,coherence-cumulative,1,70,0,0.15,31516284059,357948,7852,1,5,68992738,36881,40685,5376294,6.8,6,9,0,1,1,68,61,68,28,16,10,24,26,0,0,0,0,0,static-wide-low,iid-occupancy15,admissible
16079035,static-wide-low,static-wide-low,directed-response-blackout,directed-response-blackout,directed-response-blackout,10,113144993701,93826357771,33723735,67301664,666361,9,0,1,0,NaN,0.9,0,0,0,463,849,1312,7600,0.172631578947368,12964,133,22074,35038,205600,0.170418287937743,3598,849,849,399,407,0,11808,11408,400,0,3600,56,4800,4800,0,0,112,112,0,0,1,NaN,NaN,NaN,NaN,1,0,0,coherence-cumulative,1,64,1,0,31516284059,NaN,0,1,6,68992738,36881,40685,5376294,6.8,6,9,0,1,1,68,61,68,28,16,10,24,26,0,1,0,0,0,static-wide-low,directed-response-blackout,admissible
16079035,mobile-limited-low,mobile-limited-low,zero,zero,zero,10,113144993701,113144993701,32036204,67912916,608073,9,2,1,1,1,1,0,0,0,1340,1206,2546,7600,0.335,37520,2546,31356,68876,205600,0.335,68876,1206,1206,0,268,0,3752,3752,0,0,4000,0,5600,5600,0,0,0,0,0,0,0,NaN,NaN,NaN,NaN,1,0,0,coherence-cumulative,1,1340,0,0,31516284059,NaN,0,2,1,68992738,36881,36881,4820601,1,3,9,2,1,1,10,3,10,28,16,10,24,26,0,0,0,0,0,mobile-limited-low,zero,admissible
16079035,mobile-limited-low,mobile-limited-low,claim-iid5,claim-iid5,claim-iid5,10,113144993701,113144993701,32421769,67917078,608073,9,2,1,1,1,1,0,0,0,1458,1400,2858,7600,0.376052631578947,40824,2546,36400,77224,205600,0.375603112840467,68876,1400,1400,86,320,0,4243,4143,100,0,4000,0,5600,5600,0,0,0,0,0,0,0,NaN,NaN,NaN,NaN,1,0,0,coherence-cumulative,1,1372,1,0,31516284059,NaN,0,2,2,68992738,36881,36881,4820601,1,3,9,2,1,1,10,3,10,28,16,10,24,26,0,0,0,0,0,mobile-limited-low,claim-iid5,admissible
16079035,mobile-limited-low,mobile-limited-low,response-iid5,response-iid5,response-iid5,10,113144993701,113144993701,32421769,67912916,608073,9,2,1,1,1,1,0,0,0,1411,1345,2756,7600,0.362631578947368,39508,2546,34970,74478,205600,0.362247081712062,68876,1345,1345,71,301,0,4081,3989,92,0,4000,0,5600,5600,0,0,0,0,0,0,0,NaN,NaN,NaN,NaN,1,0,0,coherence-cumulative,1,1340,0,0,31516284059,NaN,0,2,3,68992738,36881,36881,4820601,1,3,9,2,1,1,10,3,10,28,16,10,24,26,0,0,0,0,0,mobile-limited-low,response-iid5,admissible
16079035,mobile-limited-low,mobile-limited-low,joint-control-iid5,joint-control-iid5,joint-control-iid5,10,113144993701,113144993701,32807334,67916355,608073,9,2,1,1,1,1,0,0,0,1525,1530,3055,7600,0.401973684210526,42700,2546,39780,82480,205600,0.401167315175097,68876,1530,1530,158,352,0,4549,4337,212,0,4000,0,5600,5600,0,0,0,0,0,0,0,NaN,NaN,NaN,NaN,1,0,0,coherence-cumulative,1,1367,1,0,31516284059,NaN,0,2,4,68992738,36881,36881,4820601,1,3,9,2,1,1,10,3,10,28,16,10,24,26,0,0,0,0,0,mobile-limited-low,joint-control-iid5,admissible
16079035,mobile-limited-low,mobile-limited-low,iid-occupancy15,iid-occupancy15,iid-occupancy15,10,113144993701,74937297186,32036204,67882951,608073,9,2,1,1,3,0.997,0,0,0,2239,2407,4646,7600,0.611315789473684,62692,2546,62582,125274,205600,0.609309338521401,68876,2402,2407,913,584,0,6987,5240,1747,0,3988,0,5580,2942,2638,0,0,0,0,0,0,NaN,NaN,NaN,NaN,1,0,0,coherence-cumulative,1,1326,2,0.15,31516284059,1111733,7832,2,5,68992738,36881,36881,4820601,1,3,9,2,1,1,10,3,10,28,16,10,24,26,0,0,0,0,0,mobile-limited-low,iid-occupancy15,admissible
16079035,mobile-limited-low,mobile-limited-low,directed-response-blackout,directed-response-blackout,directed-response-blackout,10,113144993701,93826357771,32036204,67415549,608073,9,2,1,0,NaN,0.9,0,0,0,1606,1738,3344,7600,0.44,44968,2546,45188,90156,205600,0.438501945525292,68876,1738,1738,399,534,0,4816,4416,400,0,3600,56,4800,4800,0,0,112,112,0,0,1,NaN,NaN,NaN,NaN,1,0,0,coherence-cumulative,1,1207,1,0,31516284059,NaN,0,2,6,68992738,36881,36881,4820601,1,3,9,2,1,1,10,3,10,28,16,10,24,26,0,1,0,0,0,mobile-limited-low,directed-response-blackout,admissible
16079035,mobile-limited-high,mobile-limited-high,zero,zero,zero,10,113144993701,113144993701,32459357,57168250,566431,0,0,0,0,NaN,0,0,0,31,0,0,0,4000,0,0,310,0,0,112000,0,8680,0,0,0,0,0,0,0,0,0,0,774,0,0,0,0,989,927,0,62,1,NaN,NaN,NaN,NaN,1,0,0,coherence-cumulative,1,0,0,0,31516284059,NaN,0,3,1,68992738,36881,36881,5808716,0.5,2,9,2,1,0,0,13,20,28,16,10,24,0,0,0,0,0,0,mobile-limited-high,zero,horizon-shorter-than-renewal-slack
16079035,mobile-limited-high,mobile-limited-high,claim-iid5,claim-iid5,claim-iid5,10,113144993701,113144993701,32844922,57168250,566431,0,0,0,0,NaN,0,0,0,31,0,0,0,4000,0,0,310,0,0,112000,0,8680,0,0,0,0,0,0,0,0,0,0,774,0,0,0,0,989,927,0,62,1,NaN,NaN,NaN,NaN,1,0,0,coherence-cumulative,1,0,0,0,31516284059,NaN,0,3,2,68992738,36881,36881,5808716,0.5,2,9,2,1,0,0,13,20,28,16,10,24,0,0,0,0,0,0,mobile-limited-high,claim-iid5,horizon-shorter-than-renewal-slack
16079035,mobile-limited-high,mobile-limited-high,response-iid5,response-iid5,response-iid5,10,113144993701,113144993701,32844922,57168250,566431,0,0,0,0,NaN,0,0,0,31,0,0,0,4000,0,0,310,0,0,112000,0,8680,0,0,0,0,0,0,0,0,0,0,774,0,0,0,0,989,927,0,62,1,NaN,NaN,NaN,NaN,1,0,0,coherence-cumulative,1,0,0,0,31516284059,NaN,0,3,3,68992738,36881,36881,5808716,0.5,2,9,2,1,0,0,13,20,28,16,10,24,0,0,0,0,0,0,mobile-limited-high,response-iid5,horizon-shorter-than-renewal-slack
16079035,mobile-limited-high,mobile-limited-high,joint-control-iid5,joint-control-iid5,joint-control-iid5,10,113144993701,113144993701,33230487,57168250,566431,0,0,0,0,NaN,0,0,0,31,0,0,0,4000,0,0,310,0,0,112000,0,8680,0,0,0,0,0,0,0,0,0,0,774,0,0,0,0,989,927,0,62,1,NaN,NaN,NaN,NaN,1,0,0,coherence-cumulative,1,0,0,0,31516284059,NaN,0,3,4,68992738,36881,36881,5808716,0.5,2,9,2,1,0,0,13,20,28,16,10,24,0,0,0,0,0,0,mobile-limited-high,joint-control-iid5,horizon-shorter-than-renewal-slack
16079035,mobile-limited-high,mobile-limited-high,iid-occupancy15,iid-occupancy15,iid-occupancy15,10,113144993701,80858094838,32459357,57168250,566431,0,0,0,0,NaN,0,0,0,31,0,0,0,4000,0,0,310,0,0,112000,0,8680,0,0,0,0,0,0,0,0,0,0,774,0,0,0,0,989,510,417,62,1,NaN,NaN,NaN,NaN,1,0,0,coherence-cumulative,1,0,0,0.15,31516284059,297997,6585,3,5,68992738,36881,36881,5808716,0.5,2,9,2,1,0,0,13,20,28,16,10,24,0,0,0,0,0,0,mobile-limited-high,iid-occupancy15,horizon-shorter-than-renewal-slack
16079035,mobile-limited-high,mobile-limited-high,directed-response-blackout,directed-response-blackout,directed-response-blackout,10,113144993701,113144993701,32459357,57168250,566431,0,0,0,0,NaN,0,0,0,31,0,0,0,4000,0,0,310,0,0,112000,0,8680,0,0,0,0,0,0,0,0,0,0,774,0,0,0,0,989,927,0,62,1,NaN,NaN,NaN,NaN,1,0,0,coherence-cumulative,1,0,0,0,31516284059,NaN,0,3,6,68992738,36881,36881,5808716,0.5,2,9,2,1,0,0,13,20,28,16,10,24,0,0,0,0,0,0,mobile-limited-high,directed-response-blackout,horizon-shorter-than-renewal-slack
16079036,static-wide-low,static-wide-low,zero,zero,zero,5,30388945999,30388945999,33880415,16601553,39002,2,0,1,1,1,1,0,0,0,15,6,21,2800,0.0075,420,21,156,576,76800,0.0075,576,6,6,0,0,0,84,84,0,0,2000,0,1600,1600,0,0,0,0,0,0,0,NaN,NaN,NaN,NaN,1,0,0,coherence-cumulative,1,15,0,0,31538144228,NaN,0,1,1,33363785,2500,2730,4165466,6.8,6,2,0,1,1,141,134,141,28,16,10,24,26,0,0,0,0,0,static-wide-low,zero,admissible
16079036,static-wide-low,static-wide-low,claim-iid5,claim-iid5,claim-iid5,5,30388945999,30388945999,34265980,16601553,39002,2,0,1,1,1,1,0,0,0,15,6,21,2800,0.0075,420,21,156,576,76800,0.0075,576,6,6,0,0,0,84,83,1,0,2000,0,1600,1600,0,0,0,0,0,0,0,NaN,NaN,NaN,NaN,1,0,0,coherence-cumulative,1,15,0,0,31538144228,NaN,0,1,2,33363785,2500,2730,4165466,6.8,6,2,0,1,1,141,134,141,28,16,10,24,26,0,0,0,0,0,static-wide-low,claim-iid5,admissible
16079036,static-wide-low,static-wide-low,response-iid5,response-iid5,response-iid5,5,30388945999,30388945999,34265980,16601553,39002,2,0,1,1,1,1,0,0,0,15,6,21,2800,0.0075,420,21,156,576,76800,0.0075,576,6,6,0,0,0,84,83,1,0,2000,0,1600,1600,0,0,0,0,0,0,0,NaN,NaN,NaN,NaN,1,0,0,coherence-cumulative,1,15,0,0,31538144228,NaN,0,1,3,33363785,2500,2730,4165466,6.8,6,2,0,1,1,141,134,141,28,16,10,24,26,0,0,0,0,0,static-wide-low,response-iid5,admissible
16079036,static-wide-low,static-wide-low,joint-control-iid5,joint-control-iid5,joint-control-iid5,5,30388945999,30388945999,34651545,16601553,39002,2,0,1,1,1,1,0,0,0,15,6,21,2800,0.0075,420,21,156,576,76800,0.0075,576,6,6,0,0,0,84,82,2,0,2000,0,1600,1600,0,0,0,0,0,0,0,NaN,NaN,NaN,NaN,1,0,0,coherence-cumulative,1,15,0,0,31538144228,NaN,0,1,4,33363785,2500,2730,4165466,6.8,6,2,0,1,1,141,134,141,28,16,10,24,26,0,0,0,0,0,static-wide-low,joint-control-iid5,admissible
16079036,static-wide-low,static-wide-low,iid-occupancy15,iid-occupancy15,iid-occupancy15,5,30388945999,21797880781,33880415,16599917,39002,2,0,1,1,2,0.9995,0,0,0,19,9,28,2800,0.01,532,21,234,766,76800,0.00997395833333333,576,8,9,4,0,0,112,84,28,0,1999,0,1599,803,796,0,0,0,0,0,0,NaN,NaN,NaN,NaN,1,0,0,coherence-cumulative,1,15,0,0.15,31538144228,885896,3528,1,5,33363785,2500,2730,4165466,6.8,6,2,0,1,1,141,134,141,28,16,10,24,26,0,0,0,0,0,static-wide-low,iid-occupancy15,admissible
16079036,static-wide-low,static-wide-low,directed-response-blackout,directed-response-blackout,directed-response-blackout,5,30388945999,25577556442,33880415,16173188,39002,2,0,1,0,NaN,0.8,0,0,0,412,403,815,2800,0.291071428571429,11536,21,10478,22014,76800,0.286640625,576,403,403,399,0,0,3260,2860,400,0,1600,156,1200,1200,0,0,156,156,0,0,1,NaN,NaN,NaN,NaN,1,0,0,coherence-cumulative,1,13,1,0,31538144228,NaN,0,1,6,33363785,2500,2730,4165466,6.8,6,2,0,1,1,141,134,141,28,16,10,24,26,0,1,0,0,0,static-wide-low,directed-response-blackout,admissible
16079036,mobile-limited-low,mobile-limited-low,zero,zero,zero,5,30388945999,30388945999,31612130,16606214,37322,2,0,1,1,1,1,0,0,0,155,62,217,2800,0.0775,4340,217,1612,5952,76800,0.0775,5952,62,62,0,0,0,186,186,0,0,2000,0,1600,1600,0,0,0,0,0,0,0,NaN,NaN,NaN,NaN,1,0,0,coherence-cumulative,1,155,0,0,31538144228,NaN,0,2,1,33363785,2500,2500,5822217,1,3,2,0,1,1,20,13,20,28,16,10,24,26,0,0,0,0,0,mobile-limited-low,zero,admissible
16079036,mobile-limited-low,mobile-limited-low,claim-iid5,claim-iid5,claim-iid5,5,30388945999,30388945999,31997695,16606214,37322,2,0,1,1,1,1,0,0,0,156,63,219,2800,0.0782142857142857,4368,217,1638,6006,76800,0.078203125,5952,63,63,1,0,0,188,182,6,0,2000,0,1600,1600,0,0,0,0,0,0,0,NaN,NaN,NaN,NaN,1,0,0,coherence-cumulative,1,155,0,0,31538144228,NaN,0,2,2,33363785,2500,2500,5822217,1,3,2,0,1,1,20,13,20,28,16,10,24,26,0,0,0,0,0,mobile-limited-low,claim-iid5,admissible
16079036,mobile-limited-low,mobile-limited-low,response-iid5,response-iid5,response-iid5,5,30388945999,30388945999,31997695,16606214,37322,2,0,1,1,1,1,0,0,0,161,68,229,2800,0.0817857142857143,4508,217,1768,6276,76800,0.08171875,5952,68,68,6,0,0,198,192,6,0,2000,0,1600,1600,0,0,0,0,0,0,0,NaN,NaN,NaN,NaN,1,0,0,coherence-cumulative,1,155,0,0,31538144228,NaN,0,2,3,33363785,2500,2500,5822217,1,3,2,0,1,1,20,13,20,28,16,10,24,26,0,0,0,0,0,mobile-limited-low,response-iid5,admissible
16079036,mobile-limited-low,mobile-limited-low,joint-control-iid5,joint-control-iid5,joint-control-iid5,5,30388945999,30388945999,32383260,16606214,37322,2,0,1,1,1,1,0,0,0,162,69,231,2800,0.0825,4536,217,1794,6330,76800,0.082421875,5952,69,69,7,0,0,200,188,12,0,2000,0,1600,1600,0,0,0,0,0,0,0,NaN,NaN,NaN,NaN,1,0,0,coherence-cumulative,1,155,0,0,31538144228,NaN,0,2,4,33363785,2500,2500,5822217,1,3,2,0,1,1,20,13,20,28,16,10,24,26,0,0,0,0,0,mobile-limited-low,joint-control-iid5,admissible
16079036,mobile-limited-low,mobile-limited-low,iid-occupancy15,iid-occupancy15,iid-occupancy15,5,30388945999,21797880781,31612130,16604578,37322,2,0,1,1,2,0.9995,0,0,0,188,93,281,2800,0.100357142857143,5264,217,2418,7682,76800,0.100026041666667,5952,92,93,33,0,0,250,191,59,0,1999,0,1599,803,796,0,0,0,0,0,0,NaN,NaN,NaN,NaN,1,0,0,coherence-cumulative,1,155,0,0.15,31538144228,885896,3528,2,5,33363785,2500,2500,5822217,1,3,2,0,1,1,20,13,20,28,16,10,24,26,0,0,0,0,0,mobile-limited-low,iid-occupancy15,admissible
16079036,mobile-limited-low,mobile-limited-low,directed-response-blackout,directed-response-blackout,directed-response-blackout,5,30388945999,25577556442,31612130,16176751,37322,2,0,1,0,NaN,0.8,0,0,0,524,431,955,2800,0.341071428571429,14672,217,11206,25878,76800,0.336953125,5952,431,431,399,0,0,924,524,400,0,1600,156,1200,1200,0,0,156,156,0,0,1,NaN,NaN,NaN,NaN,1,0,0,coherence-cumulative,1,125,1,0,31538144228,NaN,0,2,6,33363785,2500,2500,5822217,1,3,2,0,1,1,20,13,20,28,16,10,24,26,0,1,0,0,0,mobile-limited-low,directed-response-blackout,admissible
16079036,mobile-limited-high,mobile-limited-high,zero,zero,zero,5,30388945999,30388945999,32529429,16606214,37322,2,0,1,1,1,1,0,0,0,155,62,217,2800,0.0775,4340,217,1612,5952,76800,0.0775,5952,62,62,0,0,0,186,186,0,0,2000,0,1600,1600,0,0,0,0,0,0,0,NaN,NaN,NaN,NaN,1,0,0,coherence-cumulative,1,155,0,0,31538144228,NaN,0,3,1,33363785,2500,2500,5476600,1,3,2,0,1,1,20,13,20,28,16,10,24,26,0,0,0,0,0,mobile-limited-high,zero,admissible
16079036,mobile-limited-high,mobile-limited-high,claim-iid5,claim-iid5,claim-iid5,5,30388945999,30388945999,32914994,16606214,37322,2,0,1,1,1,1,0,0,0,156,63,219,2800,0.0782142857142857,4368,217,1638,6006,76800,0.078203125,5952,63,63,1,0,0,188,182,6,0,2000,0,1600,1600,0,0,0,0,0,0,0,NaN,NaN,NaN,NaN,1,0,0,coherence-cumulative,1,155,0,0,31538144228,NaN,0,3,2,33363785,2500,2500,5476600,1,3,2,0,1,1,20,13,20,28,16,10,24,26,0,0,0,0,0,mobile-limited-high,claim-iid5,admissible
16079036,mobile-limited-high,mobile-limited-high,response-iid5,response-iid5,response-iid5,5,30388945999,30388945999,32914994,16606214,37322,2,0,1,1,1,1,0,0,0,161,68,229,2800,0.0817857142857143,4508,217,1768,6276,76800,0.08171875,5952,68,68,6,0,0,198,192,6,0,2000,0,1600,1600,0,0,0,0,0,0,0,NaN,NaN,NaN,NaN,1,0,0,coherence-cumulative,1,155,0,0,31538144228,NaN,0,3,3,33363785,2500,2500,5476600,1,3,2,0,1,1,20,13,20,28,16,10,24,26,0,0,0,0,0,mobile-limited-high,response-iid5,admissible
16079036,mobile-limited-high,mobile-limited-high,joint-control-iid5,joint-control-iid5,joint-control-iid5,5,30388945999,30388945999,33300559,16606214,37322,2,0,1,1,1,1,0,0,0,162,69,231,2800,0.0825,4536,217,1794,6330,76800,0.082421875,5952,69,69,7,0,0,200,188,12,0,2000,0,1600,1600,0,0,0,0,0,0,0,NaN,NaN,NaN,NaN,1,0,0,coherence-cumulative,1,155,0,0,31538144228,NaN,0,3,4,33363785,2500,2500,5476600,1,3,2,0,1,1,20,13,20,28,16,10,24,26,0,0,0,0,0,mobile-limited-high,joint-control-iid5,admissible
16079036,mobile-limited-high,mobile-limited-high,iid-occupancy15,iid-occupancy15,iid-occupancy15,5,30388945999,21797880781,32529429,16604578,37322,2,0,1,1,2,0.9995,0,0,0,188,93,281,2800,0.100357142857143,5264,217,2418,7682,76800,0.100026041666667,5952,92,93,33,0,0,250,191,59,0,1999,0,1599,803,796,0,0,0,0,0,0,NaN,NaN,NaN,NaN,1,0,0,coherence-cumulative,1,155,0,0.15,31538144228,885896,3528,3,5,33363785,2500,2500,5476600,1,3,2,0,1,1,20,13,20,28,16,10,24,26,0,0,0,0,0,mobile-limited-high,iid-occupancy15,admissible
16079036,mobile-limited-high,mobile-limited-high,directed-response-blackout,directed-response-blackout,directed-response-blackout,5,30388945999,25577556442,32529429,16176751,37322,2,0,1,0,NaN,0.8,0,0,0,524,431,955,2800,0.341071428571429,14672,217,11206,25878,76800,0.336953125,5952,431,431,399,0,0,924,524,400,0,1600,156,1200,1200,0,0,156,156,0,0,1,NaN,NaN,NaN,NaN,1,0,0,coherence-cumulative,1,125,1,0,31538144228,NaN,0,3,6,33363785,2500,2500,5476600,1,3,2,0,1,1,20,13,20,28,16,10,24,26,0,1,0,0,0,mobile-limited-high,directed-response-blackout,admissible
16079036,static-wide-low,static-wide-low,zero,zero,zero,10,113124466548,113124466548,33309289,66902407,634287,6,0,1,1,1,1,0,0,0,60,36,96,6400,0.015,1680,96,936,2616,174400,0.015,2616,36,36,0,0,0,864,864,0,0,4000,0,4000,4000,0,0,0,0,0,0,0,NaN,NaN,NaN,NaN,1,0,0,coherence-cumulative,1,60,0,0,31408760870,NaN,0,1,1,67784732,36763,40685,6636193,6.8,6,6,0,1,1,74,67,74,28,16,10,24,26,0,0,0,0,0,static-wide-low,zero,admissible
16079036,static-wide-low,static-wide-low,claim-iid5,claim-iid5,claim-iid5,10,113124466548,113124466548,33694854,66896893,634287,6,0,1,1,2,0.9995,0,0,0,70,62,132,6400,0.020625,1960,96,1612,3572,174400,0.0204816513761468,2616,60,62,9,0,0,1188,1152,36,0,3998,0,3995,3995,0,0,0,0,0,0,0,NaN,NaN,NaN,NaN,1,0,0,coherence-cumulative,1,61,0,0,31408760870,NaN,0,1,2,67784732,36763,40685,6636193,6.8,6,6,0,1,1,74,67,74,28,16,10,24,26,0,0,0,0,0,static-wide-low,claim-iid5,admissible
16079036,static-wide-low,static-wide-low,response-iid5,response-iid5,response-iid5,10,113124466548,113124466548,33694854,66902407,634287,6,0,1,1,1,1,0,0,0,62,42,104,6400,0.01625,1736,96,1092,2828,174400,0.0162155963302752,2616,42,42,2,0,0,936,926,10,0,4000,0,4000,4000,0,0,0,0,0,0,0,NaN,NaN,NaN,NaN,1,0,0,coherence-cumulative,1,60,0,0,31408760870,NaN,0,1,3,67784732,36763,40685,6636193,6.8,6,6,0,1,1,74,67,74,28,16,10,24,26,0,0,0,0,0,static-wide-low,response-iid5,admissible
16079036,static-wide-low,static-wide-low,joint-control-iid5,joint-control-iid5,joint-control-iid5,10,113124466548,113124466548,34080419,66893208,634287,6,0,1,1,3,0.99925,0,0,0,73,69,142,6400,0.0221875,2044,96,1794,3838,174400,0.022006880733945,2616,67,69,12,0,0,1278,1216,62,0,3997,0,3992,3992,0,0,0,0,0,0,0,NaN,NaN,NaN,NaN,1,0,0,coherence-cumulative,1,61,0,0,31408760870,NaN,0,1,4,67784732,36763,40685,6636193,6.8,6,6,0,1,1,74,67,74,28,16,10,24,26,0,0,0,0,0,static-wide-low,joint-control-iid5,admissible
16079036,static-wide-low,static-wide-low,iid-occupancy15,iid-occupancy15,iid-occupancy15,10,113124466548,76256942902,33309289,66891459,634287,6,0,1,1,3,0.999,0,0,0,97,102,199,6400,0.03109375,2716,96,2652,5368,174400,0.0307798165137615,2616,99,102,36,0,0,1791,1314,477,0,3996,0,3990,2006,1984,0,0,0,0,0,0,NaN,NaN,NaN,NaN,1,0,0,coherence-cumulative,1,61,0,0.15,31408760870,1633709,7545,1,5,67784732,36763,40685,6636193,6.8,6,6,0,1,1,74,67,74,28,16,10,24,26,0,0,0,0,0,static-wide-low,iid-occupancy15,admissible
16079036,static-wide-low,static-wide-low,directed-response-blackout,directed-response-blackout,directed-response-blackout,10,113124466548,93846928602,33309289,65955879,634287,6,0,1,0,NaN,0.9,0,0,0,454,1218,1672,6400,0.26125,12712,96,31668,44380,174400,0.25447247706422,2616,1218,1218,399,0,0,15048,14648,400,0,3600,62,3200,3200,0,0,124,124,0,0,1,NaN,NaN,NaN,NaN,1,0,0,coherence-cumulative,1,55,1,0,31408760870,NaN,0,1,6,67784732,36763,40685,6636193,6.8,6,6,0,1,1,74,67,74,28,16,10,24,26,0,1,0,0,0,static-wide-low,directed-response-blackout,admissible
16079036,mobile-limited-low,mobile-limited-low,zero,zero,zero,10,113124466548,113124466548,32750606,66979931,600947,6,1,2,1,1,1,0,0,0,1000,400,1400,5600,0.25,28000,1400,12400,40400,161600,0.25,40400,600,600,0,100,0,2000,2000,0,0,4000,0,4000,4000,0,0,0,0,0,0,0,NaN,NaN,NaN,NaN,1,0,0,coherence-cumulative,1,1000,0,0,31408760870,NaN,0,2,1,67784732,36763,36763,4668661,1,3,6,1,1,1,11,4,11,28,16,10,24,36,0,0,0,0,0,mobile-limited-low,zero,admissible
16079036,mobile-limited-low,mobile-limited-low,claim-iid5,claim-iid5,claim-iid5,10,113124466548,113124466548,33136171,66982896,600947,6,1,2,1,1,1,0,0,0,1055,514,1569,5600,0.280178571428571,29540,1400,15654,45194,161600,0.279665841584158,40400,743,743,39,128,0,2416,2355,61,0,4000,0,4000,4000,0,0,0,0,0,0,0,NaN,NaN,NaN,NaN,1,0,0,coherence-cumulative,1,1016,0,0,31408760870,NaN,0,2,2,67784732,36763,36763,4668661,1,3,6,1,1,1,11,4,11,28,16,10,24,36,0,0,0,0,0,mobile-limited-low,claim-iid5,admissible
16079036,mobile-limited-low,mobile-limited-low,response-iid5,response-iid5,response-iid5,10,113124466548,113124466548,33136171,66980010,600947,6,1,2,1,1,1,0,0,0,1036,487,1523,5600,0.271964285714286,29008,1400,14832,43840,161600,0.271287128712871,40400,704,704,36,119,0,2300,2240,60,0,4000,0,4000,4000,0,0,0,0,0,0,0,NaN,NaN,NaN,NaN,1,0,0,coherence-cumulative,1,1000,0,0,31408760870,NaN,0,2,3,67784732,36763,36763,4668661,1,3,6,1,1,1,11,4,11,28,16,10,24,36,0,0,0,0,0,mobile-limited-low,response-iid5,admissible
16079036,mobile-limited-low,mobile-limited-low,joint-control-iid5,joint-control-iid5,joint-control-iid5,10,113124466548,113124466548,33521736,66982869,600947,6,1,2,1,1,1,0,0,0,1090,581,1671,5600,0.298392857142857,30520,1400,17616,48136,161600,0.297871287128713,40400,832,832,75,144,0,2668,2529,139,0,4000,0,4000,4000,0,0,0,0,0,0,0,NaN,NaN,NaN,NaN,1,0,0,coherence-cumulative,1,1015,0,0,31408760870,NaN,0,2,4,67784732,36763,36763,4668661,1,3,6,1,1,1,11,4,11,28,16,10,24,36,0,0,0,0,0,mobile-limited-low,joint-control-iid5,admissible
16079036,mobile-limited-low,mobile-limited-low,iid-occupancy15,iid-occupancy15,iid-occupancy15,10,113124466548,76517900235,32750606,66969131,600947,6,1,2,1,4,0.999,0,0,0,1323,897,2220,5600,0.396428571428571,37044,1400,27092,64136,161600,0.396881188118812,40400,1271,1274,311,237,0,4039,3058,981,0,3996,0,3988,2065,1923,0,0,0,0,0,0,NaN,NaN,NaN,NaN,1,0,0,coherence-cumulative,1,1012,0,0.15,31408760870,1583751,7506,2,5,67784732,36763,36763,4668661,1,3,6,1,1,1,11,4,11,28,16,10,24,36,0,0,0,0,0,mobile-limited-low,iid-occupancy15,admissible
16079036,mobile-limited-low,mobile-limited-low,directed-response-blackout,directed-response-blackout,directed-response-blackout,10,113124466548,93845307002,32750606,66018049,600947,6,1,2,0,NaN,0.9,0,0,0,1300,1000,2300,5600,0.410714285714286,36400,1400,31000,67400,161600,0.417079207920792,40400,1500,1500,399,100,0,4100,3700,400,0,3600,62,3200,3200,0,0,124,124,0,0,1,NaN,NaN,NaN,NaN,1,0,0,coherence-cumulative,1,901,1,0,31408760870,NaN,0,2,6,67784732,36763,36763,4668661,1,3,6,1,1,1,11,4,11,28,16,10,24,36,0,1,0,0,0,mobile-limited-low,directed-response-blackout,admissible
16079036,mobile-limited-high,mobile-limited-high,zero,zero,zero,10,113124466548,113124466548,32505345,57168250,565913,0,0,0,0,NaN,0,0,0,39,0,0,0,4000,0,0,310,0,0,112000,0,8680,0,0,0,0,0,0,0,0,0,0,719,0,0,0,0,621,528,0,93,1,NaN,NaN,NaN,NaN,1,0,0,coherence-cumulative,1,0,0,0,31408760870,NaN,0,3,1,67784732,36763,36763,6355975,0.5,2,6,1,1,0,0,13,20,28,16,10,24,0,0,0,0,0,0,mobile-limited-high,zero,horizon-shorter-than-renewal-slack
16079036,mobile-limited-high,mobile-limited-high,claim-iid5,claim-iid5,claim-iid5,10,113124466548,113124466548,32890910,57168250,565913,0,0,0,0,NaN,0,0,0,39,0,0,0,4000,0,0,310,0,0,112000,0,8680,0,0,0,0,0,0,0,0,0,0,719,0,0,0,0,621,528,0,93,1,NaN,NaN,NaN,NaN,1,0,0,coherence-cumulative,1,0,0,0,31408760870,NaN,0,3,2,67784732,36763,36763,6355975,0.5,2,6,1,1,0,0,13,20,28,16,10,24,0,0,0,0,0,0,mobile-limited-high,claim-iid5,horizon-shorter-than-renewal-slack
16079036,mobile-limited-high,mobile-limited-high,response-iid5,response-iid5,response-iid5,10,113124466548,113124466548,32890910,57168250,565913,0,0,0,0,NaN,0,0,0,39,0,0,0,4000,0,0,310,0,0,112000,0,8680,0,0,0,0,0,0,0,0,0,0,719,0,0,0,0,621,528,0,93,1,NaN,NaN,NaN,NaN,1,0,0,coherence-cumulative,1,0,0,0,31408760870,NaN,0,3,3,67784732,36763,36763,6355975,0.5,2,6,1,1,0,0,13,20,28,16,10,24,0,0,0,0,0,0,mobile-limited-high,response-iid5,horizon-shorter-than-renewal-slack
16079036,mobile-limited-high,mobile-limited-high,joint-control-iid5,joint-control-iid5,joint-control-iid5,10,113124466548,113124466548,33276475,57168250,565913,0,0,0,0,NaN,0,0,0,39,0,0,0,4000,0,0,310,0,0,112000,0,8680,0,0,0,0,0,0,0,0,0,0,719,0,0,0,0,621,528,0,93,1,NaN,NaN,NaN,NaN,1,0,0,coherence-cumulative,1,0,0,0,31408760870,NaN,0,3,4,67784732,36763,36763,6355975,0.5,2,6,1,1,0,0,13,20,28,16,10,24,0,0,0,0,0,0,mobile-limited-high,joint-control-iid5,horizon-shorter-than-renewal-slack
16079036,mobile-limited-high,mobile-limited-high,iid-occupancy15,iid-occupancy15,iid-occupancy15,10,113124466548,80628345636,32505345,57168250,565913,0,0,0,0,NaN,0,0,0,39,0,0,0,4000,0,0,310,0,0,112000,0,8680,0,0,0,0,0,0,0,0,0,0,719,0,0,0,0,621,273,255,93,1,NaN,NaN,NaN,NaN,1,0,0,coherence-cumulative,1,0,0,0.15,31408760870,844076,6660,3,5,67784732,36763,36763,6355975,0.5,2,6,1,1,0,0,13,20,28,16,10,24,0,0,0,0,0,0,mobile-limited-high,iid-occupancy15,horizon-shorter-than-renewal-slack
16079036,mobile-limited-high,mobile-limited-high,directed-response-blackout,directed-response-blackout,directed-response-blackout,10,113124466548,113124466548,32505345,57168250,565913,0,0,0,0,NaN,0,0,0,39,0,0,0,4000,0,0,310,0,0,112000,0,8680,0,0,0,0,0,0,0,0,0,0,719,0,0,0,0,621,528,0,93,1,NaN,NaN,NaN,NaN,1,0,0,coherence-cumulative,1,0,0,0,31408760870,NaN,0,3,6,67784732,36763,36763,6355975,0.5,2,6,1,1,0,0,13,20,28,16,10,24,0,0,0,0,0,0,mobile-limited-high,directed-response-blackout,horizon-shorter-than-renewal-slack
16079037,static-wide-low,static-wide-low,zero,zero,zero,5,30397604171,30397604171,32782427,16471445,37834,1,0,1,1,1,1,0,0,0,15,3,18,2400,0.0075,420,18,78,498,66400,0.0075,498,3,3,0,0,0,72,72,0,0,2000,0,800,800,0,0,0,0,0,0,0,NaN,NaN,NaN,NaN,1,0,0,coherence-cumulative,1,15,0,0,31496001829,NaN,0,1,1,33649039,2472,2730,5397878,6.8,6,1,0,1,1,148,141,148,28,16,10,24,26,0,0,0,0,0,static-wide-low,zero,admissible
16079037,static-wide-low,static-wide-low,claim-iid5,claim-iid5,claim-iid5,5,30397604171,30397604171,33167992,16471445,37834,1,0,1,1,1,1,0,0,0,15,3,18,2400,0.0075,420,18,78,498,66400,0.0075,498,3,3,0,0,0,72,69,3,0,2000,0,800,800,0,0,0,0,0,0,0,NaN,NaN,NaN,NaN,1,0,0,coherence-cumulative,1,15,0,0,31496001829,NaN,0,1,2,33649039,2472,2730,5397878,6.8,6,1,0,1,1,148,141,148,28,16,10,24,26,0,0,0,0,0,static-wide-low,claim-iid5,admissible
16079037,static-wide-low,static-wide-low,response-iid5,response-iid5,response-iid5,5,30397604171,30397604171,33167992,16471445,37834,1,0,1,1,1,1,0,0,0,15,3,18,2400,0.0075,420,18,78,498,66400,0.0075,498,3,3,0,0,0,72,71,1,0,2000,0,800,800,0,0,0,0,0,0,0,NaN,NaN,NaN,NaN,1,0,0,coherence-cumulative,1,15,0,0,31496001829,NaN,0,1,3,33649039,2472,2730,5397878,6.8,6,1,0,1,1,148,141,148,28,16,10,24,26,0,0,0,0,0,static-wide-low,response-iid5,admissible
16079037,static-wide-low,static-wide-low,joint-control-iid5,joint-control-iid5,joint-control-iid5,5,30397604171,30397604171,33553557,16471445,37834,1,0,1,1,1,1,0,0,0,15,3,18,2400,0.0075,420,18,78,498,66400,0.0075,498,3,3,0,0,0,72,68,4,0,2000,0,800,800,0,0,0,0,0,0,0,NaN,NaN,NaN,NaN,1,0,0,coherence-cumulative,1,15,0,0,31496001829,NaN,0,1,4,33649039,2472,2730,5397878,6.8,6,1,0,1,1,148,141,148,28,16,10,24,26,0,0,0,0,0,static-wide-low,joint-control-iid5,admissible
16079037,static-wide-low,static-wide-low,iid-occupancy15,iid-occupancy15,iid-occupancy15,5,30397604171,22034931231,32782427,16470216,37834,1,0,1,1,2,0.9995,0,0,0,16,4,20,2400,0.00833333333333333,448,18,104,552,66400,0.00831325301204819,498,4,4,1,0,0,80,64,16,0,1999,1,799,443,356,0,1,1,0,0,1,NaN,NaN,NaN,NaN,1,0,0,coherence-cumulative,1,15,0,0.15,31496001829,870497,3402,1,5,33649039,2472,2730,5397878,6.8,6,1,0,1,1,148,141,148,28,16,10,24,26,0,0,0,0,0,static-wide-low,iid-occupancy15,admissible
16079037,static-wide-low,static-wide-low,directed-response-blackout,directed-response-blackout,directed-response-blackout,5,30397604171,25535879451,32782427,15887771,37834,1,0,1,0,NaN,0.8,0,0,0,412,400,812,2400,0.338333333333333,11536,18,10400,21936,66400,0.330361445783133,498,400,400,399,0,0,3248,2848,400,0,1600,140,400,400,0,0,140,140,0,0,1,NaN,NaN,NaN,NaN,1,0,0,coherence-cumulative,1,13,1,0,31496001829,NaN,0,1,6,33649039,2472,2730,5397878,6.8,6,1,0,1,1,148,141,148,28,16,10,24,26,0,1,0,0,0,static-wide-low,directed-response-blackout,admissible
16079037,mobile-limited-low,mobile-limited-low,zero,zero,zero,5,30397604171,30397604171,33038485,16473959,36610,1,0,1,1,1,1,0,0,0,145,29,174,2400,0.0725,4060,174,754,4814,66400,0.0725,4814,29,29,0,0,0,87,87,0,0,2000,0,800,800,0,0,0,0,0,0,0,NaN,NaN,NaN,NaN,1,0,0,coherence-cumulative,1,145,0,0,31496001829,NaN,0,2,1,33649039,2472,2472,7267773,1,3,1,0,1,1,21,14,21,28,16,10,24,26,0,0,0,0,0,mobile-limited-low,zero,admissible
16079037,mobile-limited-low,mobile-limited-low,claim-iid5,claim-iid5,claim-iid5,5,30397604171,30397604171,33424050,16473959,36610,1,0,1,1,1,1,0,0,0,145,29,174,2400,0.0725,4060,174,754,4814,66400,0.0725,4814,29,29,0,0,0,87,85,2,0,2000,0,800,800,0,0,0,0,0,0,0,NaN,NaN,NaN,NaN,1,0,0,coherence-cumulative,1,145,0,0,31496001829,NaN,0,2,2,33649039,2472,2472,7267773,1,3,1,0,1,1,21,14,21,28,16,10,24,26,0,0,0,0,0,mobile-limited-low,claim-iid5,admissible
16079037,mobile-limited-low,mobile-limited-low,response-iid5,response-iid5,response-iid5,5,30397604171,30397604171,33424050,16473959,36610,1,0,1,1,1,1,0,0,0,147,31,178,2400,0.0741666666666667,4116,174,806,4922,66400,0.0741265060240964,4814,31,31,2,0,0,91,89,2,0,2000,0,800,800,0,0,0,0,0,0,0,NaN,NaN,NaN,NaN,1,0,0,coherence-cumulative,1,145,0,0,31496001829,NaN,0,2,3,33649039,2472,2472,7267773,1,3,1,0,1,1,21,14,21,28,16,10,24,26,0,0,0,0,0,mobile-limited-low,response-iid5,admissible
16079037,mobile-limited-low,mobile-limited-low,joint-control-iid5,joint-control-iid5,joint-control-iid5,5,30397604171,30397604171,33809615,16473959,36610,1,0,1,1,1,1,0,0,0,147,31,178,2400,0.0741666666666667,4116,174,806,4922,66400,0.0741265060240964,4814,31,31,2,0,0,91,86,5,0,2000,0,800,800,0,0,0,0,0,0,0,NaN,NaN,NaN,NaN,1,0,0,coherence-cumulative,1,145,0,0,31496001829,NaN,0,2,4,33649039,2472,2472,7267773,1,3,1,0,1,1,21,14,21,28,16,10,24,26,0,0,0,0,0,mobile-limited-low,joint-control-iid5,admissible
16079037,mobile-limited-low,mobile-limited-low,iid-occupancy15,iid-occupancy15,iid-occupancy15,5,30397604171,22034931231,33038485,16472730,36610,1,0,1,1,2,0.9995,0,0,0,163,47,210,2400,0.0875,4564,174,1222,5786,66400,0.0871385542168675,4814,47,47,18,0,0,123,90,33,0,1999,1,799,443,356,0,1,1,0,0,1,NaN,NaN,NaN,NaN,1,0,0,coherence-cumulative,1,145,0,0.15,31496001829,870497,3402,2,5,33649039,2472,2472,7267773,1,3,1,0,1,1,21,14,21,28,16,10,24,26,0,0,0,0,0,mobile-limited-low,iid-occupancy15,admissible
16079037,mobile-limited-low,mobile-limited-low,directed-response-blackout,directed-response-blackout,directed-response-blackout,5,30397604171,25535879451,33038485,15889773,36610,1,0,1,0,NaN,0.8,0,0,0,516,400,916,2400,0.381666666666667,14448,174,10400,24848,66400,0.37421686746988,4814,400,400,399,0,0,829,429,400,0,1600,140,400,400,0,0,140,140,0,0,1,NaN,NaN,NaN,NaN,1,0,0,coherence-cumulative,1,117,1,0,31496001829,NaN,0,2,6,33649039,2472,2472,7267773,1,3,1,0,1,1,21,14,21,28,16,10,24,26,0,1,0,0,0,mobile-limited-low,directed-response-blackout,admissible
16079037,mobile-limited-high,mobile-limited-high,zero,zero,zero,5,30397604171,30397604171,31576311,14302675,36122,0,0,0,0,NaN,0,0,0,0,0,0,0,2000,0,0,155,0,0,56000,0,4340,0,0,0,0,0,0,0,0,0,0,698,0,0,0,0,237,237,0,0,1,NaN,NaN,NaN,NaN,1,0,0,coherence-cumulative,1,0,0,0,31496001829,NaN,0,3,1,33649039,2472,2472,4880537,0,0,0,0,1,0,0,13,20,28,16,10,24,0,0,0,0,0,0,mobile-limited-high,zero,selector-issued-no-horizon
16079037,mobile-limited-high,mobile-limited-high,claim-iid5,claim-iid5,claim-iid5,5,30397604171,30397604171,31961876,14302675,36122,0,0,0,0,NaN,0,0,0,0,0,0,0,2000,0,0,155,0,0,56000,0,4340,0,0,0,0,0,0,0,0,0,0,698,0,0,0,0,237,237,0,0,1,NaN,NaN,NaN,NaN,1,0,0,coherence-cumulative,1,0,0,0,31496001829,NaN,0,3,2,33649039,2472,2472,4880537,0,0,0,0,1,0,0,13,20,28,16,10,24,0,0,0,0,0,0,mobile-limited-high,claim-iid5,selector-issued-no-horizon
16079037,mobile-limited-high,mobile-limited-high,response-iid5,response-iid5,response-iid5,5,30397604171,30397604171,31961876,14302675,36122,0,0,0,0,NaN,0,0,0,0,0,0,0,2000,0,0,155,0,0,56000,0,4340,0,0,0,0,0,0,0,0,0,0,698,0,0,0,0,237,237,0,0,1,NaN,NaN,NaN,NaN,1,0,0,coherence-cumulative,1,0,0,0,31496001829,NaN,0,3,3,33649039,2472,2472,4880537,0,0,0,0,1,0,0,13,20,28,16,10,24,0,0,0,0,0,0,mobile-limited-high,response-iid5,selector-issued-no-horizon
16079037,mobile-limited-high,mobile-limited-high,joint-control-iid5,joint-control-iid5,joint-control-iid5,5,30397604171,30397604171,32347441,14302675,36122,0,0,0,0,NaN,0,0,0,0,0,0,0,2000,0,0,155,0,0,56000,0,4340,0,0,0,0,0,0,0,0,0,0,698,0,0,0,0,237,237,0,0,1,NaN,NaN,NaN,NaN,1,0,0,coherence-cumulative,1,0,0,0,31496001829,NaN,0,3,4,33649039,2472,2472,4880537,0,0,0,0,1,0,0,13,20,28,16,10,24,0,0,0,0,0,0,mobile-limited-high,joint-control-iid5,selector-issued-no-horizon
16079037,mobile-limited-high,mobile-limited-high,iid-occupancy15,iid-occupancy15,iid-occupancy15,5,30397604171,22193401722,31576311,14302675,36122,0,0,0,0,NaN,0,0,0,0,0,0,0,2000,0,0,155,0,0,56000,0,4340,0,0,0,0,0,0,0,0,0,0,698,0,0,0,0,237,125,112,0,1,NaN,NaN,NaN,NaN,1,0,0,coherence-cumulative,1,0,0,0.15,31496001829,909585,3369,3,5,33649039,2472,2472,4880537,0,0,0,0,1,0,0,13,20,28,16,10,24,0,0,0,0,0,0,mobile-limited-high,iid-occupancy15,selector-issued-no-horizon
16079037,mobile-limited-high,mobile-limited-high,directed-response-blackout,directed-response-blackout,directed-response-blackout,5,30397604171,30397604171,31576311,14302675,36122,0,0,0,0,NaN,0,0,0,0,0,0,0,2000,0,0,155,0,0,56000,0,4340,0,0,0,0,0,0,0,0,0,0,698,0,0,0,0,237,237,0,0,1,NaN,NaN,NaN,NaN,1,0,0,coherence-cumulative,1,0,0,0,31496001829,NaN,0,3,6,33649039,2472,2472,4880537,0,0,0,0,1,0,0,13,20,28,16,10,24,0,0,0,0,0,0,mobile-limited-high,directed-response-blackout,selector-issued-no-horizon
16079037,static-wide-low,static-wide-low,zero,zero,zero,10,113472335739,113472335739,33080768,67216165,643192,7,0,1,1,1,1,0,0,0,70,49,119,6800,0.0175,1960,119,1274,3234,184800,0.0175,3234,49,49,0,0,0,1071,1071,0,0,4000,0,4000,4000,0,0,0,0,0,0,0,NaN,NaN,NaN,NaN,1,0,0,coherence-cumulative,1,70,0,0,31426763023,NaN,0,1,1,68645202,36642,40685,5928312,6.8,6,7,0,1,1,72,65,72,28,16,10,24,26,0,0,0,0,0,static-wide-low,zero,admissible
16079037,static-wide-low,static-wide-low,claim-iid5,claim-iid5,claim-iid5,10,113472335739,113472335739,33466333,67216165,643192,7,0,1,1,1,1,0,0,0,71,50,121,6800,0.0177941176470588,1988,119,1300,3288,184800,0.0177922077922078,3234,50,50,1,0,0,1089,1058,31,0,4000,0,4000,4000,0,0,0,0,0,0,0,NaN,NaN,NaN,NaN,1,0,0,coherence-cumulative,1,70,0,0,31426763023,NaN,0,1,2,68645202,36642,40685,5928312,6.8,6,7,0,1,1,72,65,72,28,16,10,24,26,0,0,0,0,0,static-wide-low,claim-iid5,admissible
16079037,static-wide-low,static-wide-low,response-iid5,response-iid5,response-iid5,10,113472335739,113472335739,33466333,67216165,643192,7,0,1,1,1,1,0,0,0,73,54,127,6800,0.0186764705882353,2044,119,1404,3448,184800,0.0186580086580087,3234,54,54,3,0,0,1143,1123,20,0,4000,0,4000,4000,0,0,0,0,0,0,0,NaN,NaN,NaN,NaN,1,0,0,coherence-cumulative,1,70,0,0,31426763023,NaN,0,1,3,68645202,36642,40685,5928312,6.8,6,7,0,1,1,72,65,72,28,16,10,24,26,0,0,0,0,0,static-wide-low,response-iid5,admissible
16079037,static-wide-low,static-wide-low,joint-control-iid5,joint-control-iid5,joint-control-iid5,10,113472335739,113472335739,33851898,67216165,643192,7,0,1,1,1,1,0,0,0,74,55,129,6800,0.0189705882352941,2072,119,1430,3502,184800,0.0189502164502164,3234,55,55,4,0,0,1161,1110,51,0,4000,0,4000,4000,0,0,0,0,0,0,0,NaN,NaN,NaN,NaN,1,0,0,coherence-cumulative,1,70,0,0,31426763023,NaN,0,1,4,68645202,36642,40685,5928312,6.8,6,7,0,1,1,72,65,72,28,16,10,24,26,0,0,0,0,0,static-wide-low,joint-control-iid5,admissible
16079037,static-wide-low,static-wide-low,iid-occupancy15,iid-occupancy15,iid-occupancy15,10,113472335739,74776393540,33080768,67210321,643192,7,0,1,1,2,0.9995,0,0,0,111,121,232,6800,0.0341176470588235,3108,119,3146,6254,184800,0.0338419913419913,3234,120,121,39,0,0,2088,1512,576,0,3998,1,3997,1995,2002,0,2,0,2,0,1,NaN,NaN,NaN,NaN,1,0,0,coherence-cumulative,1,72,0,0.15,31426763023,1402170,7891,1,5,68645202,36642,40685,5928312,6.8,6,7,0,1,1,72,65,72,28,16,10,24,26,0,0,0,0,0,static-wide-low,iid-occupancy15,admissible
16079037,static-wide-low,static-wide-low,directed-response-blackout,directed-response-blackout,directed-response-blackout,10,113472335739,94086355739,33080768,66579758,643192,7,0,1,0,NaN,0.9,0,0,0,463,1228,1691,6800,0.248676470588235,12964,119,31928,44892,184800,0.242922077922078,3234,1228,1228,399,0,0,15219,14819,400,0,3600,81,3200,3200,0,0,162,162,0,0,1,NaN,NaN,NaN,NaN,1,0,0,coherence-cumulative,1,64,1,0,31426763023,NaN,0,1,6,68645202,36642,40685,5928312,6.8,6,7,0,1,1,72,65,72,28,16,10,24,26,0,1,0,0,0,static-wide-low,directed-response-blackout,admissible
16079037,mobile-limited-low,mobile-limited-low,zero,zero,zero,10,113472335739,113472335739,32320794,67270462,591397,7,2,3,1,1,1,0,0,0,1000,500,1500,6000,0.25,28000,1500,15000,43000,172000,0.25,43000,700,700,0,0,0,1700,1700,0,0,4000,0,4000,4000,0,0,0,0,0,0,0,NaN,NaN,NaN,NaN,1,0,0,coherence-cumulative,1,1000,0,0,31426763023,NaN,0,2,1,68645202,36642,36642,4749295,1,3,7,2,1,1,11,4,11,28,16,10,24,46,0,0,0,0,0,mobile-limited-low,zero,admissible
16079037,mobile-limited-low,mobile-limited-low,claim-iid5,claim-iid5,claim-iid5,10,113472335739,113472335739,32706359,67272405,591397,7,2,3,1,1,1,0,0,0,1046,566,1612,6000,0.268666666666667,29288,1500,17076,46364,172000,0.269558139534884,43000,802,802,35,0,0,1880,1827,53,0,4000,0,4000,4000,0,0,0,0,0,0,0,NaN,NaN,NaN,NaN,1,0,0,coherence-cumulative,1,1011,0,0,31426763023,NaN,0,2,2,68645202,36642,36642,4749295,1,3,7,2,1,1,11,4,11,28,16,10,24,46,0,0,0,0,0,mobile-limited-low,claim-iid5,admissible
16079037,mobile-limited-low,mobile-limited-low,response-iid5,response-iid5,response-iid5,10,113472335739,113472335739,32706359,67270462,591397,7,2,3,1,1,1,0,0,0,1037,556,1593,6000,0.2655,29036,1500,16596,45632,172000,0.265302325581395,43000,770,770,37,0,0,1831,1790,41,0,4000,0,4000,4000,0,0,0,0,0,0,0,NaN,NaN,NaN,NaN,1,0,0,coherence-cumulative,1,1000,0,0,31426763023,NaN,0,2,3,68645202,36642,36642,4749295,1,3,7,2,1,1,11,4,11,28,16,10,24,46,0,0,0,0,0,mobile-limited-low,response-iid5,admissible
16079037,mobile-limited-low,mobile-limited-low,joint-control-iid5,joint-control-iid5,joint-control-iid5,10,113472335739,113472335739,33091924,67272405,591397,7,2,3,1,1,1,0,0,0,1082,612,1694,6000,0.282333333333333,30296,1500,18392,48688,172000,0.28306976744186,43000,860,860,71,0,0,1993,1893,100,0,4000,0,4000,4000,0,0,0,0,0,0,0,NaN,NaN,NaN,NaN,1,0,0,coherence-cumulative,1,1011,0,0,31426763023,NaN,0,2,4,68645202,36642,36642,4749295,1,3,7,2,1,1,11,4,11,28,16,10,24,46,0,0,0,0,0,mobile-limited-low,joint-control-iid5,admissible
16079037,mobile-limited-low,mobile-limited-low,iid-occupancy15,iid-occupancy15,iid-occupancy15,10,113472335739,76602357103,32320794,67270881,591397,7,2,3,1,2,0.99975,0,0,0,1510,996,2506,6000,0.417666666666667,42280,1500,29966,72246,172000,0.42003488372093,43000,1402,1403,505,0,0,3141,2262,879,0,3999,0,3998,2047,1951,0,0,0,0,0,0,NaN,NaN,NaN,NaN,1,0,0,coherence-cumulative,1,1005,0,0.15,31426763023,1438070,7511,2,5,68645202,36642,36642,4749295,1,3,7,2,1,1,11,4,11,28,16,10,24,46,0,0,0,0,0,mobile-limited-low,iid-occupancy15,admissible
16079037,mobile-limited-low,mobile-limited-low,directed-response-blackout,directed-response-blackout,directed-response-blackout,10,113472335739,94087123339,32320794,66623609,591397,7,2,3,0,NaN,0.9,0,0,0,1300,1100,2400,6000,0.4,36400,1500,33600,70000,172000,0.406976744186047,43000,1600,1600,399,0,0,3500,3100,400,0,3600,81,3200,3200,0,0,162,162,0,0,1,NaN,NaN,NaN,NaN,1,0,0,coherence-cumulative,1,901,1,0,31426763023,NaN,0,2,6,68645202,36642,36642,4749295,1,3,7,2,1,1,11,4,11,28,16,10,24,46,0,1,0,0,0,mobile-limited-low,directed-response-blackout,admissible
16079037,mobile-limited-high,mobile-limited-high,zero,zero,zero,10,113472335739,113472335739,32272856,57168250,565792,0,0,0,0,NaN,0,0,0,11,0,0,0,4000,0,0,310,0,0,112000,0,8680,0,0,0,0,0,0,0,0,0,0,725,0,0,0,0,645,623,0,22,1,NaN,NaN,NaN,NaN,1,0,0,coherence-cumulative,1,0,0,0,31426763023,NaN,0,3,1,68645202,36642,36642,5022314,0,0,0,0,1,0,0,13,20,28,16,10,24,0,0,0,0,0,0,mobile-limited-high,zero,selector-issued-no-horizon
16079037,mobile-limited-high,mobile-limited-high,claim-iid5,claim-iid5,claim-iid5,10,113472335739,113472335739,32658421,57168250,565792,0,0,0,0,NaN,0,0,0,11,0,0,0,4000,0,0,310,0,0,112000,0,8680,0,0,0,0,0,0,0,0,0,0,725,0,0,0,0,645,623,0,22,1,NaN,NaN,NaN,NaN,1,0,0,coherence-cumulative,1,0,0,0,31426763023,NaN,0,3,2,68645202,36642,36642,5022314,0,0,0,0,1,0,0,13,20,28,16,10,24,0,0,0,0,0,0,mobile-limited-high,claim-iid5,selector-issued-no-horizon
16079037,mobile-limited-high,mobile-limited-high,response-iid5,response-iid5,response-iid5,10,113472335739,113472335739,32658421,57168250,565792,0,0,0,0,NaN,0,0,0,11,0,0,0,4000,0,0,310,0,0,112000,0,8680,0,0,0,0,0,0,0,0,0,0,725,0,0,0,0,645,623,0,22,1,NaN,NaN,NaN,NaN,1,0,0,coherence-cumulative,1,0,0,0,31426763023,NaN,0,3,3,68645202,36642,36642,5022314,0,0,0,0,1,0,0,13,20,28,16,10,24,0,0,0,0,0,0,mobile-limited-high,response-iid5,selector-issued-no-horizon
16079037,mobile-limited-high,mobile-limited-high,joint-control-iid5,joint-control-iid5,joint-control-iid5,10,113472335739,113472335739,33043986,57168250,565792,0,0,0,0,NaN,0,0,0,11,0,0,0,4000,0,0,310,0,0,112000,0,8680,0,0,0,0,0,0,0,0,0,0,725,0,0,0,0,645,623,0,22,1,NaN,NaN,NaN,NaN,1,0,0,coherence-cumulative,1,0,0,0,31426763023,NaN,0,3,4,68645202,36642,36642,5022314,0,0,0,0,1,0,0,13,20,28,16,10,24,0,0,0,0,0,0,mobile-limited-high,joint-control-iid5,selector-issued-no-horizon
16079037,mobile-limited-high,mobile-limited-high,iid-occupancy15,iid-occupancy15,iid-occupancy15,10,113472335739,79095078935,32272856,57168250,565792,0,0,0,0,NaN,0,0,0,11,0,0,0,4000,0,0,310,0,0,112000,0,8680,0,0,0,0,0,0,0,0,0,0,725,0,0,0,0,645,318,305,22,1,NaN,NaN,NaN,NaN,1,0,0,coherence-cumulative,1,0,0,0.15,31426763023,1448865,6978,3,5,68645202,36642,36642,5022314,0,0,0,0,1,0,0,13,20,28,16,10,24,0,0,0,0,0,0,mobile-limited-high,iid-occupancy15,selector-issued-no-horizon
16079037,mobile-limited-high,mobile-limited-high,directed-response-blackout,directed-response-blackout,directed-response-blackout,10,113472335739,113472335739,32272856,57168250,565792,0,0,0,0,NaN,0,0,0,11,0,0,0,4000,0,0,310,0,0,112000,0,8680,0,0,0,0,0,0,0,0,0,0,725,0,0,0,0,645,623,0,22,1,NaN,NaN,NaN,NaN,1,0,0,coherence-cumulative,1,0,0,0,31426763023,NaN,0,3,6,68645202,36642,36642,5022314,0,0,0,0,1,0,0,13,20,28,16,10,24,0,0,0,0,0,0,mobile-limited-high,directed-response-blackout,selector-issued-no-horizon
16079038,static-wide-low,static-wide-low,zero,zero,zero,5,30321651026,30321651026,33569468,16471444,37834,1,0,1,1,1,1,0,0,0,15,3,18,2400,0.0075,420,18,78,498,66400,0.0075,498,3,3,0,0,0,72,72,0,0,2000,0,800,800,0,0,0,0,0,0,0,NaN,NaN,NaN,NaN,1,0,0,coherence-cumulative,1,15,0,0,31452693246,NaN,0,1,1,35734719,2472,2730,5108643,6.8,6,1,0,1,1,148,141,148,28,16,10,24,26,0,0,0,0,0,static-wide-low,zero,admissible
16079038,static-wide-low,static-wide-low,claim-iid5,claim-iid5,claim-iid5,5,30321651026,30321651026,33955033,16471444,37834,1,0,1,1,1,1,0,0,0,16,4,20,2400,0.00833333333333333,448,18,104,552,66400,0.00831325301204819,498,4,4,1,0,0,80,77,3,0,2000,0,800,800,0,0,0,0,0,0,0,NaN,NaN,NaN,NaN,1,0,0,coherence-cumulative,1,15,0,0,31452693246,NaN,0,1,2,35734719,2472,2730,5108643,6.8,6,1,0,1,1,148,141,148,28,16,10,24,26,0,0,0,0,0,static-wide-low,claim-iid5,admissible
16079038,static-wide-low,static-wide-low,response-iid5,response-iid5,response-iid5,5,30321651026,30321651026,33955033,16471444,37834,1,0,1,1,1,1,0,0,0,15,3,18,2400,0.0075,420,18,78,498,66400,0.0075,498,3,3,0,0,0,72,72,0,0,2000,0,800,800,0,0,0,0,0,0,0,NaN,NaN,NaN,NaN,1,0,0,coherence-cumulative,1,15,0,0,31452693246,NaN,0,1,3,35734719,2472,2730,5108643,6.8,6,1,0,1,1,148,141,148,28,16,10,24,26,0,0,0,0,0,static-wide-low,response-iid5,admissible
16079038,static-wide-low,static-wide-low,joint-control-iid5,joint-control-iid5,joint-control-iid5,5,30321651026,30321651026,34340598,16471444,37834,1,0,1,1,1,1,0,0,0,16,4,20,2400,0.00833333333333333,448,18,104,552,66400,0.00831325301204819,498,4,4,1,0,0,80,76,4,0,2000,0,800,800,0,0,0,0,0,0,0,NaN,NaN,NaN,NaN,1,0,0,coherence-cumulative,1,15,0,0,31452693246,NaN,0,1,4,35734719,2472,2730,5108643,6.8,6,1,0,1,1,148,141,148,28,16,10,24,26,0,0,0,0,0,static-wide-low,joint-control-iid5,admissible
16079038,static-wide-low,static-wide-low,iid-occupancy15,iid-occupancy15,iid-occupancy15,5,30321651026,21473337198,33569468,16470652,37834,1,0,1,1,2,0.9995,0,0,0,20,6,26,2400,0.0108333333333333,560,18,156,716,66400,0.0107831325301205,498,5,6,4,0,0,104,72,32,0,1999,0,799,408,391,0,0,0,0,0,0,NaN,NaN,NaN,NaN,1,0,0,coherence-cumulative,1,16,0,0.15,31452693246,303708,3619,1,5,35734719,2472,2730,5108643,6.8,6,1,0,1,1,148,141,148,28,16,10,24,26,0,0,0,0,0,static-wide-low,iid-occupancy15,admissible
16079038,static-wide-low,static-wide-low,directed-response-blackout,directed-response-blackout,directed-response-blackout,5,30321651026,25496432664,33569468,16047771,37834,1,0,1,0,NaN,0.8,0,0,0,412,400,812,2400,0.338333333333333,11536,18,10400,21936,66400,0.330361445783133,498,400,400,399,0,0,3248,2848,400,0,1600,142,400,400,0,0,142,142,0,0,1,NaN,NaN,NaN,NaN,1,0,0,coherence-cumulative,1,13,1,0,31452693246,NaN,0,1,6,35734719,2472,2730,5108643,6.8,6,1,0,1,1,148,141,148,28,16,10,24,26,0,1,0,0,0,static-wide-low,directed-response-blackout,admissible
16079038,mobile-limited-low,mobile-limited-low,zero,zero,zero,5,30321651026,30321651026,33001314,16472731,36732,1,0,1,1,1,1,0,0,0,60,12,72,2400,0.03,1680,72,312,1992,66400,0.03,1992,12,12,0,0,0,36,36,0,0,2000,0,800,800,0,0,0,0,0,0,0,NaN,NaN,NaN,NaN,1,0,0,coherence-cumulative,1,60,0,0,31452693246,NaN,0,2,1,35734719,2472,2472,5227267,2,4,1,0,1,1,43,36,43,28,16,10,24,26,0,0,0,0,0,mobile-limited-low,zero,admissible
16079038,mobile-limited-low,mobile-limited-low,claim-iid5,claim-iid5,claim-iid5,5,30321651026,30321651026,33386879,16472731,36732,1,0,1,1,1,1,0,0,0,60,12,72,2400,0.03,1680,72,312,1992,66400,0.03,1992,12,12,0,0,0,36,35,1,0,2000,0,800,800,0,0,0,0,0,0,0,NaN,NaN,NaN,NaN,1,0,0,coherence-cumulative,1,60,0,0,31452693246,NaN,0,2,2,35734719,2472,2472,5227267,2,4,1,0,1,1,43,36,43,28,16,10,24,26,0,0,0,0,0,mobile-limited-low,claim-iid5,admissible
16079038,mobile-limited-low,mobile-limited-low,response-iid5,response-iid5,response-iid5,5,30321651026,30321651026,33386879,16472731,36732,1,0,1,1,1,1,0,0,0,63,15,78,2400,0.0325,1764,72,390,2154,66400,0.0324397590361446,1992,15,15,3,0,0,42,39,3,0,2000,0,800,800,0,0,0,0,0,0,0,NaN,NaN,NaN,NaN,1,0,0,coherence-cumulative,1,60,0,0,31452693246,NaN,0,2,3,35734719,2472,2472,5227267,2,4,1,0,1,1,43,36,43,28,16,10,24,26,0,0,0,0,0,mobile-limited-low,response-iid5,admissible
16079038,mobile-limited-low,mobile-limited-low,joint-control-iid5,joint-control-iid5,joint-control-iid5,5,30321651026,30321651026,33772444,16472731,36732,1,0,1,1,1,1,0,0,0,63,15,78,2400,0.0325,1764,72,390,2154,66400,0.0324397590361446,1992,15,15,3,0,0,42,38,4,0,2000,0,800,800,0,0,0,0,0,0,0,NaN,NaN,NaN,NaN,1,0,0,coherence-cumulative,1,60,0,0,31452693246,NaN,0,2,4,35734719,2472,2472,5227267,2,4,1,0,1,1,43,36,43,28,16,10,24,26,0,0,0,0,0,mobile-limited-low,joint-control-iid5,admissible
16079038,mobile-limited-low,mobile-limited-low,iid-occupancy15,iid-occupancy15,iid-occupancy15,5,30321651026,21455486583,33001314,16471902,36732,1,0,1,1,2,0.9995,0,0,0,68,19,87,2400,0.03625,1904,72,494,2398,66400,0.0361144578313253,1992,18,19,8,0,0,51,37,14,0,1999,0,799,408,391,0,0,0,0,0,0,NaN,NaN,NaN,NaN,1,0,0,coherence-cumulative,1,60,0,0.15,31452693246,1153334,3628,2,5,35734719,2472,2472,5227267,2,4,1,0,1,1,43,36,43,28,16,10,24,26,0,0,0,0,0,mobile-limited-low,iid-occupancy15,admissible
16079038,mobile-limited-low,mobile-limited-low,directed-response-blackout,directed-response-blackout,directed-response-blackout,5,30321651026,25495632664,33001314,16048473,36732,1,0,1,0,NaN,0.8,0,0,0,448,400,848,2400,0.353333333333333,12544,72,10400,22944,66400,0.345542168674699,1992,400,400,399,0,0,812,412,400,0,1600,142,400,400,0,0,142,142,0,0,1,NaN,NaN,NaN,NaN,1,0,0,coherence-cumulative,1,49,1,0,31452693246,NaN,0,2,6,35734719,2472,2472,5227267,2,4,1,0,1,1,43,36,43,28,16,10,24,26,0,1,0,0,0,mobile-limited-low,directed-response-blackout,admissible
16079038,mobile-limited-high,mobile-limited-high,zero,zero,zero,5,30321651026,30321651026,31773718,16472731,36732,1,0,1,1,1,1,0,0,0,60,12,72,2400,0.03,1680,72,312,1992,66400,0.03,1992,12,12,0,0,0,36,36,0,0,2000,0,800,800,0,0,0,0,0,0,0,NaN,NaN,NaN,NaN,1,0,0,coherence-cumulative,1,60,0,0,31452693246,NaN,0,3,1,35734719,2472,2472,3812895,2,4,1,0,1,1,43,36,43,28,16,10,24,26,0,0,0,0,0,mobile-limited-high,zero,admissible
16079038,mobile-limited-high,mobile-limited-high,claim-iid5,claim-iid5,claim-iid5,5,30321651026,30321651026,32159283,16472731,36732,1,0,1,1,1,1,0,0,0,60,12,72,2400,0.03,1680,72,312,1992,66400,0.03,1992,12,12,0,0,0,36,35,1,0,2000,0,800,800,0,0,0,0,0,0,0,NaN,NaN,NaN,NaN,1,0,0,coherence-cumulative,1,60,0,0,31452693246,NaN,0,3,2,35734719,2472,2472,3812895,2,4,1,0,1,1,43,36,43,28,16,10,24,26,0,0,0,0,0,mobile-limited-high,claim-iid5,admissible
16079038,mobile-limited-high,mobile-limited-high,response-iid5,response-iid5,response-iid5,5,30321651026,30321651026,32159283,16472731,36732,1,0,1,1,1,1,0,0,0,63,15,78,2400,0.0325,1764,72,390,2154,66400,0.0324397590361446,1992,15,15,3,0,0,42,39,3,0,2000,0,800,800,0,0,0,0,0,0,0,NaN,NaN,NaN,NaN,1,0,0,coherence-cumulative,1,60,0,0,31452693246,NaN,0,3,3,35734719,2472,2472,3812895,2,4,1,0,1,1,43,36,43,28,16,10,24,26,0,0,0,0,0,mobile-limited-high,response-iid5,admissible
16079038,mobile-limited-high,mobile-limited-high,joint-control-iid5,joint-control-iid5,joint-control-iid5,5,30321651026,30321651026,32544848,16472731,36732,1,0,1,1,1,1,0,0,0,63,15,78,2400,0.0325,1764,72,390,2154,66400,0.0324397590361446,1992,15,15,3,0,0,42,38,4,0,2000,0,800,800,0,0,0,0,0,0,0,NaN,NaN,NaN,NaN,1,0,0,coherence-cumulative,1,60,0,0,31452693246,NaN,0,3,4,35734719,2472,2472,3812895,2,4,1,0,1,1,43,36,43,28,16,10,24,26,0,0,0,0,0,mobile-limited-high,joint-control-iid5,admissible
16079038,mobile-limited-high,mobile-limited-high,iid-occupancy15,iid-occupancy15,iid-occupancy15,5,30321651026,21455486583,31773718,16471902,36732,1,0,1,1,2,0.9995,0,0,0,68,19,87,2400,0.03625,1904,72,494,2398,66400,0.0361144578313253,1992,18,19,8,0,0,51,37,14,0,1999,0,799,408,391,0,0,0,0,0,0,NaN,NaN,NaN,NaN,1,0,0,coherence-cumulative,1,60,0,0.15,31452693246,1153334,3628,3,5,35734719,2472,2472,3812895,2,4,1,0,1,1,43,36,43,28,16,10,24,26,0,0,0,0,0,mobile-limited-high,iid-occupancy15,admissible
16079038,mobile-limited-high,mobile-limited-high,directed-response-blackout,directed-response-blackout,directed-response-blackout,5,30321651026,25495632664,31773718,16048473,36732,1,0,1,0,NaN,0.8,0,0,0,448,400,848,2400,0.353333333333333,12544,72,10400,22944,66400,0.345542168674699,1992,400,400,399,0,0,812,412,400,0,1600,142,400,400,0,0,142,142,0,0,1,NaN,NaN,NaN,NaN,1,0,0,coherence-cumulative,1,49,1,0,31452693246,NaN,0,3,6,35734719,2472,2472,3812895,2,4,1,0,1,1,43,36,43,28,16,10,24,26,0,1,0,0,0,mobile-limited-high,directed-response-blackout,admissible
16079038,static-wide-low,static-wide-low,zero,zero,zero,10,113503422406,113503422406,32875076,68390377,686710,11,0,2,1,1,1,0,0,0,70,70,140,8000,0.0175,1960,140,1890,3850,220000,0.0175,3850,77,77,0,0,0,1260,1260,0,0,4000,0,4800,4800,0,0,0,0,0,0,0,NaN,NaN,NaN,NaN,1,0,0,coherence-cumulative,1,70,0,0,31542340851,NaN,0,1,1,65962113,36701,40685,5778347,6.8,6,11,0,1,1,67,60,67,28,16,10,24,36,0,0,0,0,0,static-wide-low,zero,admissible
16079038,static-wide-low,static-wide-low,claim-iid5,claim-iid5,claim-iid5,10,113503422406,113503422406,33260641,68391151,686710,11,0,2,1,1,1,0,0,0,79,93,172,8000,0.0215,2212,140,2518,4730,220000,0.0215,3850,103,103,7,0,0,1548,1517,31,0,4000,0,4800,4800,0,0,0,0,0,0,0,NaN,NaN,NaN,NaN,1,0,0,coherence-cumulative,1,72,0,0,31542340851,NaN,0,1,2,65962113,36701,40685,5778347,6.8,6,11,0,1,1,67,60,67,28,16,10,24,36,0,0,0,0,0,static-wide-low,claim-iid5,admissible
16079038,static-wide-low,static-wide-low,response-iid5,response-iid5,response-iid5,10,113503422406,113503422406,33260641,68387458,686710,11,0,2,1,2,0.99975,0,0,0,80,103,183,8000,0.022875,2240,140,2758,4998,220000,0.0227181818181818,3850,111,111,10,0,0,1647,1601,46,0,3999,1,4799,4799,0,0,1,1,0,0,1,NaN,NaN,NaN,NaN,1,0,0,coherence-cumulative,1,70,0,0,31542340851,NaN,0,1,3,65962113,36701,40685,5778347,6.8,6,11,0,1,1,67,60,67,28,16,10,24,36,0,0,0,0,0,static-wide-low,response-iid5,admissible
16079038,static-wide-low,static-wide-low,joint-control-iid5,joint-control-iid5,joint-control-iid5,10,113503422406,113503422406,33646206,68388232,686710,11,0,2,1,2,0.99975,0,0,0,90,130,220,8000,0.0275,2520,140,3490,6010,220000,0.0273181818181818,3850,141,141,18,0,0,1980,1883,97,0,3999,1,4799,4799,0,0,1,1,0,0,1,NaN,NaN,NaN,NaN,1,0,0,coherence-cumulative,1,72,0,0,31542340851,NaN,0,1,4,65962113,36701,40685,5778347,6.8,6,11,0,1,1,67,60,67,28,16,10,24,36,0,0,0,0,0,static-wide-low,joint-control-iid5,admissible
16079038,static-wide-low,static-wide-low,iid-occupancy15,iid-occupancy15,iid-occupancy15,10,113503422406,72937188274,32875076,68368326,686710,11,0,2,1,4,0.998,0,0,0,154,243,397,8000,0.049625,4312,140,6538,10850,220000,0.0493181818181818,3850,261,265,80,0,0,3573,2691,882,0,3992,1,4783,2434,2349,0,1,1,0,0,1,NaN,NaN,NaN,NaN,1,0,0,coherence-cumulative,1,74,0,0.15,31542340851,994127,8258,1,5,65962113,36701,40685,5778347,6.8,6,11,0,1,1,67,60,67,28,16,10,24,36,0,0,0,0,0,static-wide-low,iid-occupancy15,admissible
16079038,static-wide-low,static-wide-low,directed-response-blackout,directed-response-blackout,directed-response-blackout,10,113503422406,94096295068,32875076,67895041,686710,11,0,2,0,NaN,0.9,0,0,0,463,1642,2105,8000,0.263125,12964,140,42762,55726,220000,0.2533,3850,1649,1649,399,0,0,18945,18545,400,0,3600,75,4000,4000,0,0,150,150,0,0,1,NaN,NaN,NaN,NaN,1,0,0,coherence-cumulative,1,64,1,0,31542340851,NaN,0,1,6,65962113,36701,40685,5778347,6.8,6,11,0,1,1,67,60,67,28,16,10,24,36,0,1,0,0,0,static-wide-low,directed-response-blackout,admissible
16079038,mobile-limited-low,mobile-limited-low,zero,zero,zero,10,113503422406,113503422406,33683441,68548343,614286,11,5,5,1,1,1,0,0,0,1340,804,2144,6400,0.335,37520,2144,27604,65124,194400,0.335,65124,1474,1474,0,268,0,3082,3082,0,0,4000,0,4800,4800,0,0,0,0,0,0,0,NaN,NaN,NaN,NaN,1,0,0,coherence-cumulative,1,1340,0,0,31542340851,NaN,0,2,1,65962113,36701,36701,6259651,1,3,11,5,1,1,10,3,10,28,16,10,24,66,0,0,0,0,0,mobile-limited-low,zero,admissible
16079038,mobile-limited-low,mobile-limited-low,claim-iid5,claim-iid5,claim-iid5,10,113503422406,113503422406,34069006,68555208,614286,11,5,5,1,2,0.99975,0,0,0,1462,1044,2506,6400,0.3915625,40936,2144,35104,76040,194400,0.391152263374486,65124,1839,1840,75,369,0,3800,3703,97,0,3999,0,4799,4799,0,0,0,0,0,0,0,NaN,NaN,NaN,NaN,1,0,0,coherence-cumulative,1,1387,2,0,31542340851,NaN,0,2,2,65962113,36701,36701,6259651,1,3,11,5,1,1,10,3,10,28,16,10,24,66,0,0,0,0,0,mobile-limited-low,claim-iid5,admissible
16079038,mobile-limited-low,mobile-limited-low,response-iid5,response-iid5,response-iid5,10,113503422406,113503422406,34069006,68548282,614286,11,5,5,1,1,1,0,0,0,1415,1004,2419,6400,0.37796875,39620,2144,33434,73054,194400,0.375792181069959,65124,1737,1737,75,340,0,3663,3566,97,0,4000,0,4800,4800,0,0,0,0,0,0,0,NaN,NaN,NaN,NaN,1,0,0,coherence-cumulative,1,1340,1,0,31542340851,NaN,0,2,3,65962113,36701,36701,6259651,1,3,11,5,1,1,10,3,10,28,16,10,24,66,0,0,0,0,0,mobile-limited-low,response-iid5,admissible
16079038,mobile-limited-low,mobile-limited-low,joint-control-iid5,joint-control-iid5,joint-control-iid5,10,113503422406,113503422406,34454571,68553106,614286,11,5,5,1,2,0.99975,0,0,0,1525,1187,2712,6400,0.42375,42700,2144,39392,82092,194400,0.422283950617284,65124,2039,2040,146,412,0,4245,4027,218,0,3999,0,4799,4799,0,0,0,0,0,0,0,NaN,NaN,NaN,NaN,1,0,0,coherence-cumulative,1,1379,3,0,31542340851,NaN,0,2,4,65962113,36701,36701,6259651,1,3,11,5,1,1,10,3,10,28,16,10,24,66,0,0,0,0,0,mobile-limited-low,joint-control-iid5,admissible
16079038,mobile-limited-low,mobile-limited-low,iid-occupancy15,iid-occupancy15,iid-occupancy15,10,113503422406,76340625659,33683441,68513097,614286,11,5,5,1,4,0.99775,0,0,0,2112,1827,3939,6400,0.61546875,59136,2144,60782,119918,194400,0.616862139917695,65124,3147,3155,808,660,0,6520,4597,1923,0,3991,2,4782,2360,2422,0,2,0,2,0,1,NaN,NaN,NaN,NaN,1,0,0,coherence-cumulative,1,1304,1,0.15,31542340851,1242615,7579,2,5,65962113,36701,36701,6259651,1,3,11,5,1,1,10,3,10,28,16,10,24,66,0,0,0,0,0,mobile-limited-low,iid-occupancy15,admissible
16079038,mobile-limited-low,mobile-limited-low,directed-response-blackout,directed-response-blackout,directed-response-blackout,10,113503422406,94098684268,33683441,68027475,614286,11,5,5,0,NaN,0.9,0,0,0,1606,1336,2942,6400,0.4596875,44968,2144,46756,91724,194400,0.471831275720165,65124,2538,2538,399,268,0,5210,4810,400,0,3600,75,4000,4000,0,0,150,150,0,0,1,NaN,NaN,NaN,NaN,1,0,0,coherence-cumulative,1,1207,1,0,31542340851,NaN,0,2,6,65962113,36701,36701,6259651,1,3,11,5,1,1,10,3,10,28,16,10,24,66,0,1,0,0,0,mobile-limited-low,directed-response-blackout,admissible
16079038,mobile-limited-high,mobile-limited-high,zero,zero,zero,10,113503422406,113503422406,33259802,57168250,566051,0,0,0,0,NaN,0,0,0,43,0,0,0,4000,0,0,310,0,0,112000,0,8680,0,0,0,0,0,0,0,0,0,0,746,0,0,0,0,764,675,0,89,1,NaN,NaN,NaN,NaN,1,0,0,coherence-cumulative,1,0,0,0,31542340851,NaN,0,3,1,65962113,36701,36701,7257890,0.5,2,11,5,1,0,0,13,20,28,16,10,24,0,0,0,0,0,0,mobile-limited-high,zero,horizon-shorter-than-renewal-slack
16079038,mobile-limited-high,mobile-limited-high,claim-iid5,claim-iid5,claim-iid5,10,113503422406,113503422406,33645367,57168250,566051,0,0,0,0,NaN,0,0,0,43,0,0,0,4000,0,0,310,0,0,112000,0,8680,0,0,0,0,0,0,0,0,0,0,746,0,0,0,0,764,675,0,89,1,NaN,NaN,NaN,NaN,1,0,0,coherence-cumulative,1,0,0,0,31542340851,NaN,0,3,2,65962113,36701,36701,7257890,0.5,2,11,5,1,0,0,13,20,28,16,10,24,0,0,0,0,0,0,mobile-limited-high,claim-iid5,horizon-shorter-than-renewal-slack
16079038,mobile-limited-high,mobile-limited-high,response-iid5,response-iid5,response-iid5,10,113503422406,113503422406,33645367,57168250,566051,0,0,0,0,NaN,0,0,0,43,0,0,0,4000,0,0,310,0,0,112000,0,8680,0,0,0,0,0,0,0,0,0,0,746,0,0,0,0,764,675,0,89,1,NaN,NaN,NaN,NaN,1,0,0,coherence-cumulative,1,0,0,0,31542340851,NaN,0,3,3,65962113,36701,36701,7257890,0.5,2,11,5,1,0,0,13,20,28,16,10,24,0,0,0,0,0,0,mobile-limited-high,response-iid5,horizon-shorter-than-renewal-slack
16079038,mobile-limited-high,mobile-limited-high,joint-control-iid5,joint-control-iid5,joint-control-iid5,10,113503422406,113503422406,34030932,57168250,566051,0,0,0,0,NaN,0,0,0,43,0,0,0,4000,0,0,310,0,0,112000,0,8680,0,0,0,0,0,0,0,0,0,0,746,0,0,0,0,764,675,0,89,1,NaN,NaN,NaN,NaN,1,0,0,coherence-cumulative,1,0,0,0,31542340851,NaN,0,3,4,65962113,36701,36701,7257890,0.5,2,11,5,1,0,0,13,20,28,16,10,24,0,0,0,0,0,0,mobile-limited-high,joint-control-iid5,horizon-shorter-than-renewal-slack
16079038,mobile-limited-high,mobile-limited-high,iid-occupancy15,iid-occupancy15,iid-occupancy15,10,113503422406,77992722642,33259802,57168250,566051,0,0,0,0,NaN,0,0,0,43,0,0,0,4000,0,0,310,0,0,112000,0,8680,0,0,0,0,0,0,0,0,0,0,746,0,0,0,0,764,327,348,89,1,NaN,NaN,NaN,NaN,1,0,0,coherence-cumulative,1,0,0,0.15,31542340851,1803478,7244,3,5,65962113,36701,36701,7257890,0.5,2,11,5,1,0,0,13,20,28,16,10,24,0,0,0,0,0,0,mobile-limited-high,iid-occupancy15,horizon-shorter-than-renewal-slack
16079038,mobile-limited-high,mobile-limited-high,directed-response-blackout,directed-response-blackout,directed-response-blackout,10,113503422406,113503422406,33259802,57168250,566051,0,0,0,0,NaN,0,0,0,43,0,0,0,4000,0,0,310,0,0,112000,0,8680,0,0,0,0,0,0,0,0,0,0,746,0,0,0,0,764,675,0,89,1,NaN,NaN,NaN,NaN,1,0,0,coherence-cumulative,1,0,0,0,31542340851,NaN,0,3,6,65962113,36701,36701,7257890,0.5,2,11,5,1,0,0,13,20,28,16,10,24,0,0,0,0,0,0,mobile-limited-high,directed-response-blackout,horizon-shorter-than-renewal-slack
16079039,static-wide-low,static-wide-low,zero,zero,zero,5,30395050931,30395050931,32463929,16471445,37876,1,0,1,1,1,1,0,0,0,15,3,18,2400,0.0075,420,18,78,498,66400,0.0075,498,3,3,0,0,0,72,72,0,0,2000,0,800,800,0,0,0,0,0,0,0,NaN,NaN,NaN,NaN,1,0,0,coherence-cumulative,1,15,0,0,31509343946,NaN,0,1,1,37572383,2478,2730,4723595,6.8,6,1,0,1,1,148,141,148,28,16,10,24,26,0,0,0,0,0,static-wide-low,zero,admissible
16079039,static-wide-low,static-wide-low,claim-iid5,claim-iid5,claim-iid5,5,30395050931,30395050931,32849494,16470216,37876,1,0,1,1,2,0.9995,0,0,0,18,6,24,2400,0.01,504,18,156,660,66400,0.00993975903614458,498,5,6,3,0,0,96,91,5,0,1999,1,799,799,0,0,1,1,0,0,1,NaN,NaN,NaN,NaN,1,0,0,coherence-cumulative,1,15,0,0,31509343946,NaN,0,1,2,37572383,2478,2730,4723595,6.8,6,1,0,1,1,148,141,148,28,16,10,24,26,0,0,0,0,0,static-wide-low,claim-iid5,admissible
16079039,static-wide-low,static-wide-low,response-iid5,response-iid5,response-iid5,5,30395050931,30395050931,32849494,16471445,37876,1,0,1,1,1,1,0,0,0,15,3,18,2400,0.0075,420,18,78,498,66400,0.0075,498,3,3,0,0,0,72,71,1,0,2000,0,800,800,0,0,0,0,0,0,0,NaN,NaN,NaN,NaN,1,0,0,coherence-cumulative,1,15,0,0,31509343946,NaN,0,1,3,37572383,2478,2730,4723595,6.8,6,1,0,1,1,148,141,148,28,16,10,24,26,0,0,0,0,0,static-wide-low,response-iid5,admissible
16079039,static-wide-low,static-wide-low,joint-control-iid5,joint-control-iid5,joint-control-iid5,5,30395050931,30395050931,33235059,16470216,37876,1,0,1,1,2,0.9995,0,0,0,18,6,24,2400,0.01,504,18,156,660,66400,0.00993975903614458,498,5,6,3,0,0,96,89,7,0,1999,1,799,799,0,0,1,1,0,0,1,NaN,NaN,NaN,NaN,1,0,0,coherence-cumulative,1,15,0,0,31509343946,NaN,0,1,4,37572383,2478,2730,4723595,6.8,6,1,0,1,1,148,141,148,28,16,10,24,26,0,0,0,0,0,static-wide-low,joint-control-iid5,admissible
16079039,static-wide-low,static-wide-low,iid-occupancy15,iid-occupancy15,iid-occupancy15,5,30395050931,21943568827,32463929,16471445,37876,1,0,1,1,1,1,0,0,0,23,9,32,2400,0.0133333333333333,644,18,234,878,66400,0.0132228915662651,498,9,9,8,0,0,128,84,44,0,2000,0,800,447,353,0,0,0,0,0,0,NaN,NaN,NaN,NaN,1,0,0,coherence-cumulative,1,15,0,0.15,31509343946,1007631,3461,1,5,37572383,2478,2730,4723595,6.8,6,1,0,1,1,148,141,148,28,16,10,24,26,0,0,0,0,0,static-wide-low,iid-occupancy15,admissible
16079039,static-wide-low,static-wide-low,directed-response-blackout,directed-response-blackout,directed-response-blackout,5,30395050931,25569246657,32463929,15887771,37876,1,0,1,0,NaN,0.8,0,0,0,412,400,812,2400,0.338333333333333,11536,18,10400,21936,66400,0.330361445783133,498,400,400,399,0,0,3248,2848,400,0,1600,155,400,400,0,0,155,155,0,0,1,NaN,NaN,NaN,NaN,1,0,0,coherence-cumulative,1,13,1,0,31509343946,NaN,0,1,6,37572383,2478,2730,4723595,6.8,6,1,0,1,1,148,141,148,28,16,10,24,26,0,1,0,0,0,static-wide-low,directed-response-blackout,admissible
16079039,mobile-limited-low,mobile-limited-low,zero,zero,zero,5,30395050931,30395050931,31437771,16472732,36768,1,0,1,1,1,1,0,0,0,60,12,72,2400,0.03,1680,72,312,1992,66400,0.03,1992,12,12,0,0,0,36,36,0,0,2000,0,800,800,0,0,0,0,0,0,0,NaN,NaN,NaN,NaN,1,0,0,coherence-cumulative,1,60,0,0,31509343946,NaN,0,2,1,37572383,2478,2478,4782194,2,4,1,0,1,1,43,36,43,28,16,10,24,26,0,0,0,0,0,mobile-limited-low,zero,admissible
16079039,mobile-limited-low,mobile-limited-low,claim-iid5,claim-iid5,claim-iid5,5,30395050931,30395050931,31823336,16472732,36768,1,0,1,1,1,1,0,0,0,61,13,74,2400,0.0308333333333333,1708,72,338,2046,66400,0.0308132530120482,1992,13,13,1,0,0,38,36,2,0,2000,0,800,800,0,0,0,0,0,0,0,NaN,NaN,NaN,NaN,1,0,0,coherence-cumulative,1,60,0,0,31509343946,NaN,0,2,2,37572383,2478,2478,4782194,2,4,1,0,1,1,43,36,43,28,16,10,24,26,0,0,0,0,0,mobile-limited-low,claim-iid5,admissible
16079039,mobile-limited-low,mobile-limited-low,response-iid5,response-iid5,response-iid5,5,30395050931,30395050931,31823336,16472732,36768,1,0,1,1,1,1,0,0,0,61,13,74,2400,0.0308333333333333,1708,72,338,2046,66400,0.0308132530120482,1992,13,13,1,0,0,38,37,1,0,2000,0,800,800,0,0,0,0,0,0,0,NaN,NaN,NaN,NaN,1,0,0,coherence-cumulative,1,60,0,0,31509343946,NaN,0,2,3,37572383,2478,2478,4782194,2,4,1,0,1,1,43,36,43,28,16,10,24,26,0,0,0,0,0,mobile-limited-low,response-iid5,admissible
16079039,mobile-limited-low,mobile-limited-low,joint-control-iid5,joint-control-iid5,joint-control-iid5,5,30395050931,30395050931,32208901,16472732,36768,1,0,1,1,1,1,0,0,0,62,14,76,2400,0.0316666666666667,1736,72,364,2100,66400,0.0316265060240964,1992,14,14,2,0,0,40,37,3,0,2000,0,800,800,0,0,0,0,0,0,0,NaN,NaN,NaN,NaN,1,0,0,coherence-cumulative,1,60,0,0,31509343946,NaN,0,2,4,37572383,2478,2478,4782194,2,4,1,0,1,1,43,36,43,28,16,10,24,26,0,0,0,0,0,mobile-limited-low,joint-control-iid5,admissible
16079039,mobile-limited-low,mobile-limited-low,iid-occupancy15,iid-occupancy15,iid-occupancy15,5,30395050931,21957004278,31437771,16472732,36768,1,0,1,1,1,1,0,0,0,67,18,85,2400,0.0354166666666667,1876,72,468,2344,66400,0.0353012048192771,1992,18,18,7,0,0,49,39,10,0,2000,0,800,447,353,0,0,0,0,0,0,NaN,NaN,NaN,NaN,1,0,0,coherence-cumulative,1,60,0,0.15,31509343946,488195,3456,2,5,37572383,2478,2478,4782194,2,4,1,0,1,1,43,36,43,28,16,10,24,26,0,0,0,0,0,mobile-limited-low,iid-occupancy15,admissible
16079039,mobile-limited-low,mobile-limited-low,directed-response-blackout,directed-response-blackout,directed-response-blackout,5,30395050931,25568446657,31437771,15888464,36768,1,0,1,0,NaN,0.8,0,0,0,448,400,848,2400,0.353333333333333,12544,72,10400,22944,66400,0.345542168674699,1992,400,400,399,0,0,812,412,400,0,1600,155,400,400,0,0,155,155,0,0,1,NaN,NaN,NaN,NaN,1,0,0,coherence-cumulative,1,49,1,0,31509343946,NaN,0,2,6,37572383,2478,2478,4782194,2,4,1,0,1,1,43,36,43,28,16,10,24,26,0,1,0,0,0,mobile-limited-low,directed-response-blackout,admissible
16079039,mobile-limited-high,mobile-limited-high,zero,zero,zero,5,30395050931,30395050931,32764366,16473959,36768,1,0,1,1,1,1,0,0,0,145,29,174,2400,0.0725,4060,174,754,4814,66400,0.0725,4814,29,29,0,0,0,87,87,0,0,2000,0,800,800,0,0,0,0,0,0,0,NaN,NaN,NaN,NaN,1,0,0,coherence-cumulative,1,145,0,0,31509343946,NaN,0,3,1,37572383,2478,2478,4522639,1,3,1,0,1,1,21,14,21,28,16,10,24,26,0,0,0,0,0,mobile-limited-high,zero,admissible
16079039,mobile-limited-high,mobile-limited-high,claim-iid5,claim-iid5,claim-iid5,5,30395050931,30395050931,33149931,16473959,36768,1,0,1,1,1,1,0,0,0,147,31,178,2400,0.0741666666666667,4116,174,806,4922,66400,0.0741265060240964,4814,31,31,2,0,0,91,88,3,0,2000,0,800,800,0,0,0,0,0,0,0,NaN,NaN,NaN,NaN,1,0,0,coherence-cumulative,1,145,0,0,31509343946,NaN,0,3,2,37572383,2478,2478,4522639,1,3,1,0,1,1,21,14,21,28,16,10,24,26,0,0,0,0,0,mobile-limited-high,claim-iid5,admissible
16079039,mobile-limited-high,mobile-limited-high,response-iid5,response-iid5,response-iid5,5,30395050931,30395050931,33149931,16473959,36768,1,0,1,1,1,1,0,0,0,150,34,184,2400,0.0766666666666667,4200,174,884,5084,66400,0.076566265060241,4814,34,34,5,0,0,97,92,5,0,2000,0,800,800,0,0,0,0,0,0,0,NaN,NaN,NaN,NaN,1,0,0,coherence-cumulative,1,145,0,0,31509343946,NaN,0,3,3,37572383,2478,2478,4522639,1,3,1,0,1,1,21,14,21,28,16,10,24,26,0,0,0,0,0,mobile-limited-high,response-iid5,admissible
16079039,mobile-limited-high,mobile-limited-high,joint-control-iid5,joint-control-iid5,joint-control-iid5,5,30395050931,30395050931,33535496,16473959,36768,1,0,1,1,1,1,0,0,0,152,36,188,2400,0.0783333333333333,4256,174,936,5192,66400,0.0781927710843374,4814,36,36,7,0,0,101,93,8,0,2000,0,800,800,0,0,0,0,0,0,0,NaN,NaN,NaN,NaN,1,0,0,coherence-cumulative,1,145,0,0,31509343946,NaN,0,3,4,37572383,2478,2478,4522639,1,3,1,0,1,1,21,14,21,28,16,10,24,26,0,0,0,0,0,mobile-limited-high,joint-control-iid5,admissible
16079039,mobile-limited-high,mobile-limited-high,iid-occupancy15,iid-occupancy15,iid-occupancy15,5,30395050931,21957004278,32764366,16473959,36768,1,0,1,1,1,1,0,0,0,162,45,207,2400,0.08625,4536,174,1170,5706,66400,0.085933734939759,4814,45,45,17,0,0,120,89,31,0,2000,0,800,447,353,0,0,0,0,0,0,NaN,NaN,NaN,NaN,1,0,0,coherence-cumulative,1,145,0,0.15,31509343946,488195,3456,3,5,37572383,2478,2478,4522639,1,3,1,0,1,1,21,14,21,28,16,10,24,26,0,0,0,0,0,mobile-limited-high,iid-occupancy15,admissible
16079039,mobile-limited-high,mobile-limited-high,directed-response-blackout,directed-response-blackout,directed-response-blackout,5,30395050931,25568446657,32764366,15889773,36768,1,0,1,0,NaN,0.8,0,0,0,516,400,916,2400,0.381666666666667,14448,174,10400,24848,66400,0.37421686746988,4814,400,400,399,0,0,829,429,400,0,1600,155,400,400,0,0,155,155,0,0,1,NaN,NaN,NaN,NaN,1,0,0,coherence-cumulative,1,117,1,0,31509343946,NaN,0,3,6,37572383,2478,2478,4522639,1,3,1,0,1,1,21,14,21,28,16,10,24,26,0,1,0,0,0,mobile-limited-high,directed-response-blackout,admissible
16079039,static-wide-low,static-wide-low,zero,zero,zero,10,113232585820,113232585820,33781468,66099525,601306,3,0,1,1,1,1,0,0,0,60,18,78,5200,0.015,1680,78,468,2148,143200,0.015,2148,18,18,0,0,0,702,702,0,0,4000,0,2400,2400,0,0,0,0,0,0,0,NaN,NaN,NaN,NaN,1,0,0,coherence-cumulative,1,60,0,0,31510728121,NaN,0,1,1,69649726,36282,40685,5399671,6.8,6,3,0,1,1,80,73,80,28,16,10,24,26,0,0,0,0,0,static-wide-low,zero,admissible
16079039,static-wide-low,static-wide-low,claim-iid5,claim-iid5,claim-iid5,10,113232585820,113232585820,34167033,66096262,601306,3,0,1,1,2,0.99975,0,0,0,61,19,80,5200,0.0153846153846154,1708,78,494,2202,143200,0.015377094972067,2148,18,19,1,0,0,720,683,37,0,3999,1,2399,2399,0,0,1,1,0,0,1,NaN,NaN,NaN,NaN,1,0,0,coherence-cumulative,1,60,0,0,31510728121,NaN,0,1,2,69649726,36282,40685,5399671,6.8,6,3,0,1,1,80,73,80,28,16,10,24,26,0,0,0,0,0,static-wide-low,claim-iid5,admissible
16079039,static-wide-low,static-wide-low,response-iid5,response-iid5,response-iid5,10,113232585820,113232585820,34167033,66099525,601306,3,0,1,1,1,1,0,0,0,61,19,80,5200,0.0153846153846154,1708,78,494,2202,143200,0.015377094972067,2148,19,19,1,0,0,720,713,7,0,4000,0,2400,2400,0,0,0,0,0,0,0,NaN,NaN,NaN,NaN,1,0,0,coherence-cumulative,1,60,0,0,31510728121,NaN,0,1,3,69649726,36282,40685,5399671,6.8,6,3,0,1,1,80,73,80,28,16,10,24,26,0,0,0,0,0,static-wide-low,response-iid5,admissible
16079039,static-wide-low,static-wide-low,joint-control-iid5,joint-control-iid5,joint-control-iid5,10,113232585820,113232585820,34552598,66096262,601306,3,0,1,1,2,0.99975,0,0,0,62,20,82,5200,0.0157692307692308,1736,78,520,2256,143200,0.0157541899441341,2148,19,20,2,0,0,738,691,47,0,3999,1,2399,2399,0,0,1,1,0,0,1,NaN,NaN,NaN,NaN,1,0,0,coherence-cumulative,1,60,0,0,31510728121,NaN,0,1,4,69649726,36282,40685,5399671,6.8,6,3,0,1,1,80,73,80,28,16,10,24,26,0,0,0,0,0,static-wide-low,joint-control-iid5,admissible
16079039,static-wide-low,static-wide-low,iid-occupancy15,iid-occupancy15,iid-occupancy15,10,113232585820,77608434489,33781468,66093333,601306,3,0,1,1,4,0.99925,0,0,0,75,31,106,5200,0.0203846153846154,2100,78,806,2906,143200,0.0202932960893855,2148,30,31,15,0,0,954,693,261,0,3997,0,2397,1256,1141,0,0,0,0,0,0,NaN,NaN,NaN,NaN,1,0,0,coherence-cumulative,1,60,0,0.15,31510728121,398984,7289,1,5,69649726,36282,40685,5399671,6.8,6,3,0,1,1,80,73,80,28,16,10,24,26,0,0,0,0,0,static-wide-low,iid-occupancy15,admissible
16079039,static-wide-low,static-wide-low,directed-response-blackout,directed-response-blackout,directed-response-blackout,10,113232585820,93833933548,33781468,65327140,601306,3,0,1,0,NaN,0.9,0,0,0,454,412,866,5200,0.166538461538462,12712,78,10712,23424,143200,0.163575418994413,2148,412,412,399,0,0,7794,7394,400,0,3600,67,2000,2000,0,0,67,67,0,0,1,NaN,NaN,NaN,NaN,1,0,0,coherence-cumulative,1,55,1,0,31510728121,NaN,0,1,6,69649726,36282,40685,5399671,6.8,6,3,0,1,1,80,73,80,28,16,10,24,26,0,1,0,0,0,static-wide-low,directed-response-blackout,admissible
16079039,mobile-limited-low,mobile-limited-low,zero,zero,zero,10,113232585820,113232585820,32541170,66102679,572247,3,0,1,1,1,1,0,0,0,250,75,325,5200,0.0625,7000,325,1950,8950,143200,0.0625,8950,75,75,0,0,0,225,225,0,0,4000,0,2400,2400,0,0,0,0,0,0,0,NaN,NaN,NaN,NaN,1,0,0,coherence-cumulative,1,250,0,0,31510728121,NaN,0,2,1,69649726,36282,36282,4058892,2,4,3,0,1,1,23,16,23,28,16,10,24,26,0,0,0,0,0,mobile-limited-low,zero,admissible
16079039,mobile-limited-low,mobile-limited-low,claim-iid5,claim-iid5,claim-iid5,10,113232585820,113232585820,32926735,66099416,572247,3,0,1,1,2,0.99975,0,0,0,254,78,332,5200,0.0638461538461538,7112,325,2028,9140,143200,0.0638268156424581,8950,77,78,4,0,0,232,225,7,0,3999,1,2399,2399,0,0,1,1,0,0,1,NaN,NaN,NaN,NaN,1,0,0,coherence-cumulative,1,250,0,0,31510728121,NaN,0,2,2,69649726,36282,36282,4058892,2,4,3,0,1,1,23,16,23,28,16,10,24,26,0,0,0,0,0,mobile-limited-low,claim-iid5,admissible
16079039,mobile-limited-low,mobile-limited-low,response-iid5,response-iid5,response-iid5,10,113232585820,113232585820,32926735,66102679,572247,3,0,1,1,1,1,0,0,0,252,77,329,5200,0.0632692307692308,7056,325,2002,9058,143200,0.0632541899441341,8950,77,77,2,0,0,229,227,2,0,4000,0,2400,2400,0,0,0,0,0,0,0,NaN,NaN,NaN,NaN,1,0,0,coherence-cumulative,1,250,0,0,31510728121,NaN,0,2,3,69649726,36282,36282,4058892,2,4,3,0,1,1,23,16,23,28,16,10,24,26,0,0,0,0,0,mobile-limited-low,response-iid5,admissible
16079039,mobile-limited-low,mobile-limited-low,joint-control-iid5,joint-control-iid5,joint-control-iid5,10,113232585820,113232585820,33312300,66099416,572247,3,0,1,1,2,0.99975,0,0,0,256,80,336,5200,0.0646153846153846,7168,325,2080,9248,143200,0.0645810055865922,8950,79,80,6,0,0,236,227,9,0,3999,1,2399,2399,0,0,1,1,0,0,1,NaN,NaN,NaN,NaN,1,0,0,coherence-cumulative,1,250,0,0,31510728121,NaN,0,2,4,69649726,36282,36282,4058892,2,4,3,0,1,1,23,16,23,28,16,10,24,26,0,0,0,0,0,mobile-limited-low,joint-control-iid5,admissible
16079039,mobile-limited-low,mobile-limited-low,iid-occupancy15,iid-occupancy15,iid-occupancy15,10,113232585820,77608434489,32541170,66096487,572247,3,0,1,1,4,0.99925,0,0,0,304,120,424,5200,0.0815384615384615,8512,325,3120,11632,143200,0.0812290502793296,8950,119,120,54,0,0,324,236,88,0,3997,0,2397,1256,1141,0,0,0,0,0,0,NaN,NaN,NaN,NaN,1,0,0,coherence-cumulative,1,250,0,0.15,31510728121,398984,7289,2,5,69649726,36282,36282,4058892,2,4,3,0,1,1,23,16,23,28,16,10,24,26,0,0,0,0,0,mobile-limited-low,iid-occupancy15,admissible
16079039,mobile-limited-low,mobile-limited-low,directed-response-blackout,directed-response-blackout,directed-response-blackout,10,113232585820,93833933548,32541170,65331225,572247,3,0,1,0,NaN,0.9,0,0,0,625,450,1075,5200,0.206730769230769,17500,325,11700,29200,143200,0.20391061452514,8950,450,450,399,0,0,975,575,400,0,3600,67,2000,2000,0,0,67,67,0,0,1,NaN,NaN,NaN,NaN,1,0,0,coherence-cumulative,1,226,1,0,31510728121,NaN,0,2,6,69649726,36282,36282,4058892,2,4,3,0,1,1,23,16,23,28,16,10,24,26,0,1,0,0,0,mobile-limited-low,directed-response-blackout,admissible
16079039,mobile-limited-high,mobile-limited-high,zero,zero,zero,10,113232585820,113232585820,32866508,66142579,572247,3,0,1,1,1,1,0,0,0,1000,300,1300,5200,0.25,28000,1300,7800,35800,143200,0.25,35800,300,300,0,0,0,900,900,0,0,4000,0,2400,2400,0,0,0,0,0,0,0,NaN,NaN,NaN,NaN,1,0,0,coherence-cumulative,1,1000,0,0,31510728121,NaN,0,3,1,69649726,36282,36282,6603875,1,3,3,0,1,1,11,4,11,28,16,10,24,26,0,0,0,0,0,mobile-limited-high,zero,admissible
16079039,mobile-limited-high,mobile-limited-high,claim-iid5,claim-iid5,claim-iid5,10,113232585820,113232585820,33252073,66139316,572247,3,0,1,1,2,0.99975,0,0,0,1016,314,1330,5200,0.255769230769231,28448,1300,8164,36612,143200,0.255670391061453,35800,313,314,16,0,0,930,898,32,0,3999,1,2399,2399,0,0,1,1,0,0,1,NaN,NaN,NaN,NaN,1,0,0,coherence-cumulative,1,1000,0,0,31510728121,NaN,0,3,2,69649726,36282,36282,6603875,1,3,3,0,1,1,11,4,11,28,16,10,24,26,0,0,0,0,0,mobile-limited-high,claim-iid5,admissible
16079039,mobile-limited-high,mobile-limited-high,response-iid5,response-iid5,response-iid5,10,113232585820,113232585820,33252073,66142579,572247,3,0,1,1,1,1,0,0,0,1010,310,1320,5200,0.253846153846154,28280,1300,8060,36340,143200,0.25377094972067,35800,310,310,10,0,0,920,910,10,0,4000,0,2400,2400,0,0,0,0,0,0,0,NaN,NaN,NaN,NaN,1,0,0,coherence-cumulative,1,1000,0,0,31510728121,NaN,0,3,3,69649726,36282,36282,6603875,1,3,3,0,1,1,11,4,11,28,16,10,24,26,0,0,0,0,0,mobile-limited-high,response-iid5,admissible
16079039,mobile-limited-high,mobile-limited-high,joint-control-iid5,joint-control-iid5,joint-control-iid5,10,113232585820,113232585820,33637638,66139316,572247,3,0,1,1,2,0.99975,0,0,0,1026,324,1350,5200,0.259615384615385,28728,1300,8424,37152,143200,0.259441340782123,35800,323,324,26,0,0,950,908,42,0,3999,1,2399,2399,0,0,1,1,0,0,1,NaN,NaN,NaN,NaN,1,0,0,coherence-cumulative,1,1000,0,0,31510728121,NaN,0,3,4,69649726,36282,36282,6603875,1,3,3,0,1,1,11,4,11,28,16,10,24,26,0,0,0,0,0,mobile-limited-high,joint-control-iid5,admissible
16079039,mobile-limited-high,mobile-limited-high,iid-occupancy15,iid-occupancy15,iid-occupancy15,10,113232585820,77608434489,32866508,66136162,572247,3,0,1,1,4,0.99925,0,0,0,1187,465,1652,5200,0.317692307692308,33236,1300,12090,45326,143200,0.316522346368715,35800,464,465,190,0,0,1252,931,321,0,3997,0,2397,1256,1141,0,0,0,0,0,0,NaN,NaN,NaN,NaN,1,0,0,coherence-cumulative,1,997,0,0.15,31510728121,398984,7289,3,5,69649726,36282,36282,6603875,1,3,3,0,1,1,11,4,11,28,16,10,24,26,0,0,0,0,0,mobile-limited-high,iid-occupancy15,admissible
16079039,mobile-limited-high,mobile-limited-high,directed-response-blackout,directed-response-blackout,directed-response-blackout,10,113232585820,93833933548,32866508,65365800,572247,3,0,1,0,NaN,0.9,0,0,0,1300,600,1900,5200,0.365384615384615,36400,1300,15600,52000,143200,0.363128491620112,35800,600,600,399,0,0,1500,1100,400,0,3600,67,2000,2000,0,0,67,67,0,0,1,NaN,NaN,NaN,NaN,1,0,0,coherence-cumulative,1,901,1,0,31510728121,NaN,0,3,6,69649726,36282,36282,6603875,1,3,3,0,1,1,11,4,11,28,16,10,24,26,0,1,0,0,0,mobile-limited-high,directed-response-blackout,admissible
16079040,static-wide-low,static-wide-low,zero,zero,zero,5,30368273006,30368273006,32609043,16471444,37834,1,0,1,1,1,1,0,0,0,15,3,18,2400,0.0075,420,18,78,498,66400,0.0075,498,3,3,0,0,0,72,72,0,0,2000,0,800,800,0,0,0,0,0,0,0,NaN,NaN,NaN,NaN,1,0,0,coherence-cumulative,1,15,0,0,31609506699,NaN,0,1,1,38319554,2472,2730,5298649,6.8,6,1,0,1,1,148,141,148,28,16,10,24,26,0,0,0,0,0,static-wide-low,zero,admissible
16079040,static-wide-low,static-wide-low,claim-iid5,claim-iid5,claim-iid5,5,30368273006,30368273006,32994608,16471444,37834,1,0,1,1,1,1,0,0,0,15,3,18,2400,0.0075,420,18,78,498,66400,0.0075,498,3,3,0,0,0,72,66,6,0,2000,0,800,800,0,0,0,0,0,0,0,NaN,NaN,NaN,NaN,1,0,0,coherence-cumulative,1,15,0,0,31609506699,NaN,0,1,2,38319554,2472,2730,5298649,6.8,6,1,0,1,1,148,141,148,28,16,10,24,26,0,0,0,0,0,static-wide-low,claim-iid5,admissible
16079040,static-wide-low,static-wide-low,response-iid5,response-iid5,response-iid5,5,30368273006,30368273006,32994608,16471444,37834,1,0,1,1,1,1,0,0,0,15,3,18,2400,0.0075,420,18,78,498,66400,0.0075,498,3,3,0,0,0,72,72,0,0,2000,0,800,800,0,0,0,0,0,0,0,NaN,NaN,NaN,NaN,1,0,0,coherence-cumulative,1,15,0,0,31609506699,NaN,0,1,3,38319554,2472,2730,5298649,6.8,6,1,0,1,1,148,141,148,28,16,10,24,26,0,0,0,0,0,static-wide-low,response-iid5,admissible
16079040,static-wide-low,static-wide-low,joint-control-iid5,joint-control-iid5,joint-control-iid5,5,30368273006,30368273006,33380173,16471444,37834,1,0,1,1,1,1,0,0,0,15,3,18,2400,0.0075,420,18,78,498,66400,0.0075,498,3,3,0,0,0,72,66,6,0,2000,0,800,800,0,0,0,0,0,0,0,NaN,NaN,NaN,NaN,1,0,0,coherence-cumulative,1,15,0,0,31609506699,NaN,0,1,4,38319554,2472,2730,5298649,6.8,6,1,0,1,1,148,141,148,28,16,10,24,26,0,0,0,0,0,static-wide-low,joint-control-iid5,admissible
16079040,static-wide-low,static-wide-low,iid-occupancy15,iid-occupancy15,iid-occupancy15,5,30368273006,21836359104,32609043,16471444,37834,1,0,1,1,1,1,0,0,0,16,4,20,2400,0.00833333333333333,448,18,104,552,66400,0.00831325301204819,498,4,4,1,0,0,80,72,8,0,2000,0,800,419,381,0,0,0,0,0,0,NaN,NaN,NaN,NaN,1,0,0,coherence-cumulative,1,15,0,0.15,31609506699,1659102,3486,1,5,38319554,2472,2730,5298649,6.8,6,1,0,1,1,148,141,148,28,16,10,24,26,0,0,0,0,0,static-wide-low,iid-occupancy15,admissible
16079040,static-wide-low,static-wide-low,directed-response-blackout,directed-response-blackout,directed-response-blackout,5,30368273006,25547265544,32609043,16047771,37834,1,0,1,0,NaN,0.8,0,0,0,412,400,812,2400,0.338333333333333,11536,18,10400,21936,66400,0.330361445783133,498,400,400,399,0,0,3248,2848,400,0,1600,154,400,400,0,0,154,154,0,0,1,NaN,NaN,NaN,NaN,1,0,0,coherence-cumulative,1,13,1,0,31609506699,NaN,0,1,6,38319554,2472,2730,5298649,6.8,6,1,0,1,1,148,141,148,28,16,10,24,26,0,1,0,0,0,static-wide-low,directed-response-blackout,admissible
16079040,mobile-limited-low,mobile-limited-low,zero,zero,zero,5,30368273006,30368273006,32382018,16472731,36732,1,0,1,1,1,1,0,0,0,60,12,72,2400,0.03,1680,72,312,1992,66400,0.03,1992,12,12,0,0,0,36,36,0,0,2000,0,800,800,0,0,0,0,0,0,0,NaN,NaN,NaN,NaN,1,0,0,coherence-cumulative,1,60,0,0,31609506699,NaN,0,2,1,38319554,2472,2472,4895181,2,4,1,0,1,1,43,36,43,28,16,10,24,26,0,0,0,0,0,mobile-limited-low,zero,admissible
16079040,mobile-limited-low,mobile-limited-low,claim-iid5,claim-iid5,claim-iid5,5,30368273006,30368273006,32767583,16472731,36732,1,0,1,1,1,1,0,0,0,60,12,72,2400,0.03,1680,72,312,1992,66400,0.03,1992,12,12,0,0,0,36,35,1,0,2000,0,800,800,0,0,0,0,0,0,0,NaN,NaN,NaN,NaN,1,0,0,coherence-cumulative,1,60,0,0,31609506699,NaN,0,2,2,38319554,2472,2472,4895181,2,4,1,0,1,1,43,36,43,28,16,10,24,26,0,0,0,0,0,mobile-limited-low,claim-iid5,admissible
16079040,mobile-limited-low,mobile-limited-low,response-iid5,response-iid5,response-iid5,5,30368273006,30368273006,32767583,16472731,36732,1,0,1,1,1,1,0,0,0,61,13,74,2400,0.0308333333333333,1708,72,338,2046,66400,0.0308132530120482,1992,13,13,1,0,0,38,37,1,0,2000,0,800,800,0,0,0,0,0,0,0,NaN,NaN,NaN,NaN,1,0,0,coherence-cumulative,1,60,0,0,31609506699,NaN,0,2,3,38319554,2472,2472,4895181,2,4,1,0,1,1,43,36,43,28,16,10,24,26,0,0,0,0,0,mobile-limited-low,response-iid5,admissible
16079040,mobile-limited-low,mobile-limited-low,joint-control-iid5,joint-control-iid5,joint-control-iid5,5,30368273006,30368273006,33153148,16472731,36732,1,0,1,1,1,1,0,0,0,61,13,74,2400,0.0308333333333333,1708,72,338,2046,66400,0.0308132530120482,1992,13,13,1,0,0,38,36,2,0,2000,0,800,800,0,0,0,0,0,0,0,NaN,NaN,NaN,NaN,1,0,0,coherence-cumulative,1,60,0,0,31609506699,NaN,0,2,4,38319554,2472,2472,4895181,2,4,1,0,1,1,43,36,43,28,16,10,24,26,0,0,0,0,0,mobile-limited-low,joint-control-iid5,admissible
16079040,mobile-limited-low,mobile-limited-low,iid-occupancy15,iid-occupancy15,iid-occupancy15,5,30368273006,21846160091,32382018,16472731,36732,1,0,1,1,1,1,0,0,0,70,20,90,2400,0.0375,1960,72,520,2480,66400,0.0373493975903614,1992,20,20,10,0,0,54,42,12,0,2000,0,800,419,381,0,0,0,0,0,0,NaN,NaN,NaN,NaN,1,0,0,coherence-cumulative,1,60,0,0.15,31609506699,1424013,3484,2,5,38319554,2472,2472,4895181,2,4,1,0,1,1,43,36,43,28,16,10,24,26,0,0,0,0,0,mobile-limited-low,iid-occupancy15,admissible
16079040,mobile-limited-low,mobile-limited-low,directed-response-blackout,directed-response-blackout,directed-response-blackout,5,30368273006,25546465544,32382018,16048473,36732,1,0,1,0,NaN,0.8,0,0,0,448,400,848,2400,0.353333333333333,12544,72,10400,22944,66400,0.345542168674699,1992,400,400,399,0,0,812,412,400,0,1600,154,400,400,0,0,154,154,0,0,1,NaN,NaN,NaN,NaN,1,0,0,coherence-cumulative,1,49,1,0,31609506699,NaN,0,2,6,38319554,2472,2472,4895181,2,4,1,0,1,1,43,36,43,28,16,10,24,26,0,1,0,0,0,mobile-limited-low,directed-response-blackout,admissible
16079040,mobile-limited-high,mobile-limited-high,zero,zero,zero,5,30368273006,30368273006,32204527,16473958,36732,1,0,1,1,1,1,0,0,0,145,29,174,2400,0.0725,4060,174,754,4814,66400,0.0725,4814,29,29,0,0,0,87,87,0,0,2000,0,800,800,0,0,0,0,0,0,0,NaN,NaN,NaN,NaN,1,0,0,coherence-cumulative,1,145,0,0,31609506699,NaN,0,3,1,38319554,2472,2472,5633134,1,3,1,0,1,1,21,14,21,28,16,10,24,26,0,0,0,0,0,mobile-limited-high,zero,admissible
16079040,mobile-limited-high,mobile-limited-high,claim-iid5,claim-iid5,claim-iid5,5,30368273006,30368273006,32590092,16473958,36732,1,0,1,1,1,1,0,0,0,146,30,176,2400,0.0733333333333333,4088,174,780,4868,66400,0.0733132530120482,4814,30,30,1,0,0,89,87,2,0,2000,0,800,800,0,0,0,0,0,0,0,NaN,NaN,NaN,NaN,1,0,0,coherence-cumulative,1,145,0,0,31609506699,NaN,0,3,2,38319554,2472,2472,5633134,1,3,1,0,1,1,21,14,21,28,16,10,24,26,0,0,0,0,0,mobile-limited-high,claim-iid5,admissible
16079040,mobile-limited-high,mobile-limited-high,response-iid5,response-iid5,response-iid5,5,30368273006,30368273006,32590092,16473958,36732,1,0,1,1,1,1,0,0,0,148,32,180,2400,0.075,4144,174,832,4976,66400,0.0749397590361446,4814,32,32,3,0,0,93,90,3,0,2000,0,800,800,0,0,0,0,0,0,0,NaN,NaN,NaN,NaN,1,0,0,coherence-cumulative,1,145,0,0,31609506699,NaN,0,3,3,38319554,2472,2472,5633134,1,3,1,0,1,1,21,14,21,28,16,10,24,26,0,0,0,0,0,mobile-limited-high,response-iid5,admissible
16079040,mobile-limited-high,mobile-limited-high,joint-control-iid5,joint-control-iid5,joint-control-iid5,5,30368273006,30368273006,32975657,16473958,36732,1,0,1,1,1,1,0,0,0,148,32,180,2400,0.075,4144,174,832,4976,66400,0.0749397590361446,4814,32,32,3,0,0,93,88,5,0,2000,0,800,800,0,0,0,0,0,0,0,NaN,NaN,NaN,NaN,1,0,0,coherence-cumulative,1,145,0,0,31609506699,NaN,0,3,4,38319554,2472,2472,5633134,1,3,1,0,1,1,21,14,21,28,16,10,24,26,0,0,0,0,0,mobile-limited-high,joint-control-iid5,admissible
16079040,mobile-limited-high,mobile-limited-high,iid-occupancy15,iid-occupancy15,iid-occupancy15,5,30368273006,21846160091,32204527,16473958,36732,1,0,1,1,1,1,0,0,0,157,41,198,2400,0.0825,4396,174,1066,5462,66400,0.0822590361445783,4814,41,41,12,0,0,111,88,23,0,2000,0,800,419,381,0,0,0,0,0,0,NaN,NaN,NaN,NaN,1,0,0,coherence-cumulative,1,145,0,0.15,31609506699,1424013,3484,3,5,38319554,2472,2472,5633134,1,3,1,0,1,1,21,14,21,28,16,10,24,26,0,0,0,0,0,mobile-limited-high,iid-occupancy15,admissible
16079040,mobile-limited-high,mobile-limited-high,directed-response-blackout,directed-response-blackout,directed-response-blackout,5,30368273006,25546465544,32204527,16049799,36732,1,0,1,0,NaN,0.8,0,0,0,516,400,916,2400,0.381666666666667,14448,174,10400,24848,66400,0.37421686746988,4814,400,400,399,0,0,829,429,400,0,1600,154,400,400,0,0,154,154,0,0,1,NaN,NaN,NaN,NaN,1,0,0,coherence-cumulative,1,117,1,0,31609506699,NaN,0,3,6,38319554,2472,2472,5633134,1,3,1,0,1,1,21,14,21,28,16,10,24,26,0,1,0,0,0,mobile-limited-high,directed-response-blackout,admissible
16079040,static-wide-low,static-wide-low,zero,zero,zero,10,113207132858,113207132858,33979194,66630967,620946,5,0,1,1,1,1,0,0,0,60,30,90,6000,0.015,1680,90,780,2460,164000,0.015,2460,30,30,0,0,0,810,810,0,0,4000,0,4000,4000,0,0,0,0,0,0,0,NaN,NaN,NaN,NaN,1,0,0,coherence-cumulative,1,60,0,0,31492765482,NaN,0,1,1,70000525,36543,40685,4588172,6.8,6,5,0,1,1,76,69,76,28,16,10,24,26,0,0,0,0,0,static-wide-low,zero,admissible
16079040,static-wide-low,static-wide-low,claim-iid5,claim-iid5,claim-iid5,10,113207132858,113207132858,34364759,66630967,620946,5,0,1,1,1,1,0,0,0,62,33,95,6000,0.0158333333333333,1736,90,858,2594,164000,0.0158170731707317,2460,33,33,2,0,0,855,824,31,0,4000,0,4000,4000,0,0,0,0,0,0,0,NaN,NaN,NaN,NaN,1,0,0,coherence-cumulative,1,60,0,0,31492765482,NaN,0,1,2,70000525,36543,40685,4588172,6.8,6,5,0,1,1,76,69,76,28,16,10,24,26,0,0,0,0,0,static-wide-low,claim-iid5,admissible
16079040,static-wide-low,static-wide-low,response-iid5,response-iid5,response-iid5,10,113207132858,113207132858,34364759,66630967,620946,5,0,1,1,1,1,0,0,0,66,40,106,6000,0.0176666666666667,1848,90,1040,2888,164000,0.017609756097561,2460,40,40,6,0,0,954,932,22,0,4000,0,4000,4000,0,0,0,0,0,0,0,NaN,NaN,NaN,NaN,1,0,0,coherence-cumulative,1,60,0,0,31492765482,NaN,0,1,3,70000525,36543,40685,4588172,6.8,6,5,0,1,1,76,69,76,28,16,10,24,26,0,0,0,0,0,static-wide-low,response-iid5,admissible
16079040,static-wide-low,static-wide-low,joint-control-iid5,joint-control-iid5,joint-control-iid5,10,113207132858,113207132858,34750324,66630967,620946,5,0,1,1,1,1,0,0,0,67,41,108,6000,0.018,1876,90,1066,2942,164000,0.0179390243902439,2460,41,41,7,0,0,972,917,55,0,4000,0,4000,4000,0,0,0,0,0,0,0,NaN,NaN,NaN,NaN,1,0,0,coherence-cumulative,1,60,0,0,31492765482,NaN,0,1,4,70000525,36543,40685,4588172,6.8,6,5,0,1,1,76,69,76,28,16,10,24,26,0,0,0,0,0,static-wide-low,joint-control-iid5,admissible
16079040,static-wide-low,static-wide-low,iid-occupancy15,iid-occupancy15,iid-occupancy15,10,113207132858,76289050603,33979194,66631590,620946,5,0,1,1,1,1,0,0,0,108,73,181,6000,0.0301666666666667,3024,90,1898,4922,164000,0.0300121951219512,2460,73,73,45,0,0,1629,1161,468,0,4000,0,4000,2142,1858,0,0,0,0,0,0,NaN,NaN,NaN,NaN,1,0,0,coherence-cumulative,1,63,0,0.15,31492765482,1951408,7515,1,5,70000525,36543,40685,4588172,6.8,6,5,0,1,1,76,69,76,28,16,10,24,26,0,0,0,0,0,static-wide-low,iid-occupancy15,admissible
16079040,static-wide-low,static-wide-low,directed-response-blackout,directed-response-blackout,directed-response-blackout,10,113207132858,93927133123,33979194,65849312,620946,5,0,1,0,NaN,0.9,0,0,0,454,424,878,6000,0.146333333333333,12712,90,11024,23736,164000,0.144731707317073,2460,424,424,399,0,0,7902,7502,400,0,3600,83,3600,3600,0,0,83,83,0,0,1,NaN,NaN,NaN,NaN,1,0,0,coherence-cumulative,1,55,1,0,31492765482,NaN,0,1,6,70000525,36543,40685,4588172,6.8,6,5,0,1,1,76,69,76,28,16,10,24,26,0,1,0,0,0,static-wide-low,directed-response-blackout,admissible
16079040,mobile-limited-low,mobile-limited-low,zero,zero,zero,10,113207132858,113207132858,31892799,66694407,586545,5,0,1,1,1,1,0,0,0,1000,500,1500,6000,0.25,28000,1500,13000,41000,164000,0.25,41000,500,500,0,100,0,1800,1800,0,0,4000,0,4000,4000,0,0,0,0,0,0,0,NaN,NaN,NaN,NaN,1,0,0,coherence-cumulative,1,1000,0,0,31492765482,NaN,0,2,1,70000525,36543,36543,6303330,1,3,5,0,1,1,11,4,11,28,16,10,24,26,0,0,0,0,0,mobile-limited-low,zero,admissible
16079040,mobile-limited-low,mobile-limited-low,claim-iid5,claim-iid5,claim-iid5,10,113207132858,113207132858,32278364,66696071,586545,5,0,1,1,1,1,0,0,0,1044,565,1609,6000,0.268166666666667,29232,1500,14690,43922,164000,0.267817073170732,41000,565,565,31,121,0,2000,1951,49,0,4000,0,4000,4000,0,0,0,0,0,0,0,NaN,NaN,NaN,NaN,1,0,0,coherence-cumulative,1,1013,0,0,31492765482,NaN,0,2,2,70000525,36543,36543,6303330,1,3,5,0,1,1,11,4,11,28,16,10,24,26,0,0,0,0,0,mobile-limited-low,claim-iid5,admissible
16079040,mobile-limited-low,mobile-limited-low,response-iid5,response-iid5,response-iid5,10,113207132858,113207132858,32278364,66694407,586545,5,0,1,1,1,1,0,0,0,1026,540,1566,6000,0.261,28728,1500,14040,42768,164000,0.260780487804878,41000,540,540,26,114,0,1910,1873,37,0,4000,0,4000,4000,0,0,0,0,0,0,0,NaN,NaN,NaN,NaN,1,0,0,coherence-cumulative,1,1000,0,0,31492765482,NaN,0,2,3,70000525,36543,36543,6303330,1,3,5,0,1,1,11,4,11,28,16,10,24,26,0,0,0,0,0,mobile-limited-low,response-iid5,admissible
16079040,mobile-limited-low,mobile-limited-low,joint-control-iid5,joint-control-iid5,joint-control-iid5,10,113207132858,113207132858,32663929,66695943,586545,5,0,1,1,1,1,0,0,0,1067,599,1666,6000,0.277666666666667,29876,1500,15574,45450,164000,0.277134146341463,41000,599,599,55,132,0,2094,2003,91,0,4000,0,4000,4000,0,0,0,0,0,0,0,NaN,NaN,NaN,NaN,1,0,0,coherence-cumulative,1,1012,0,0,31492765482,NaN,0,2,4,70000525,36543,36543,6303330,1,3,5,0,1,1,11,4,11,28,16,10,24,26,0,0,0,0,0,mobile-limited-low,joint-control-iid5,admissible
16079040,mobile-limited-low,mobile-limited-low,iid-occupancy15,iid-occupancy15,iid-occupancy15,10,113207132858,76353487656,31892799,66696893,586545,5,0,1,1,1,1,0,0,0,1366,932,2298,6000,0.383,38248,1500,24232,62480,164000,0.380975609756098,41000,932,932,351,225,0,3155,2370,785,0,4000,0,4000,2142,1858,0,0,0,0,0,0,NaN,NaN,NaN,NaN,1,0,0,coherence-cumulative,1,1015,0,0.15,31492765482,1549886,7509,2,5,70000525,36543,36543,6303330,1,3,5,0,1,1,11,4,11,28,16,10,24,26,0,0,0,0,0,mobile-limited-low,iid-occupancy15,admissible
16079040,mobile-limited-low,mobile-limited-low,directed-response-blackout,directed-response-blackout,directed-response-blackout,10,113207132858,93928733123,31892799,65906898,586545,5,0,1,0,NaN,0.9,0,0,0,1300,800,2100,6000,0.35,36400,1500,20800,57200,164000,0.348780487804878,41000,800,800,399,100,0,2400,2000,400,0,3600,83,3600,3600,0,0,83,83,0,0,1,NaN,NaN,NaN,NaN,1,0,0,coherence-cumulative,1,901,1,0,31492765482,NaN,0,2,6,70000525,36543,36543,6303330,1,3,5,0,1,1,11,4,11,28,16,10,24,26,0,1,0,0,0,mobile-limited-low,directed-response-blackout,admissible
16079040,mobile-limited-high,mobile-limited-high,zero,zero,zero,10,113207132858,113207132858,31856145,57168250,565693,0,0,0,0,NaN,0,0,0,20,0,0,0,4000,0,0,310,0,0,112000,0,8680,0,0,0,0,0,0,0,0,0,0,723,0,0,0,0,703,663,0,40,1,NaN,NaN,NaN,NaN,1,0,0,coherence-cumulative,1,0,0,0,31492765482,NaN,0,3,1,70000525,36543,36543,5338162,0,0,0,0,1,0,0,13,20,28,16,10,24,0,0,0,0,0,0,mobile-limited-high,zero,selector-issued-no-horizon
16079040,mobile-limited-high,mobile-limited-high,claim-iid5,claim-iid5,claim-iid5,10,113207132858,113207132858,32241710,57168250,565693,0,0,0,0,NaN,0,0,0,20,0,0,0,4000,0,0,310,0,0,112000,0,8680,0,0,0,0,0,0,0,0,0,0,723,0,0,0,0,703,663,0,40,1,NaN,NaN,NaN,NaN,1,0,0,coherence-cumulative,1,0,0,0,31492765482,NaN,0,3,2,70000525,36543,36543,5338162,0,0,0,0,1,0,0,13,20,28,16,10,24,0,0,0,0,0,0,mobile-limited-high,claim-iid5,selector-issued-no-horizon
16079040,mobile-limited-high,mobile-limited-high,response-iid5,response-iid5,response-iid5,10,113207132858,113207132858,32241710,57168250,565693,0,0,0,0,NaN,0,0,0,20,0,0,0,4000,0,0,310,0,0,112000,0,8680,0,0,0,0,0,0,0,0,0,0,723,0,0,0,0,703,663,0,40,1,NaN,NaN,NaN,NaN,1,0,0,coherence-cumulative,1,0,0,0,31492765482,NaN,0,3,3,70000525,36543,36543,5338162,0,0,0,0,1,0,0,13,20,28,16,10,24,0,0,0,0,0,0,mobile-limited-high,response-iid5,selector-issued-no-horizon
16079040,mobile-limited-high,mobile-limited-high,joint-control-iid5,joint-control-iid5,joint-control-iid5,10,113207132858,113207132858,32627275,57168250,565693,0,0,0,0,NaN,0,0,0,20,0,0,0,4000,0,0,310,0,0,112000,0,8680,0,0,0,0,0,0,0,0,0,0,723,0,0,0,0,703,663,0,40,1,NaN,NaN,NaN,NaN,1,0,0,coherence-cumulative,1,0,0,0,31492765482,NaN,0,3,4,70000525,36543,36543,5338162,0,0,0,0,1,0,0,13,20,28,16,10,24,0,0,0,0,0,0,mobile-limited-high,joint-control-iid5,selector-issued-no-horizon
16079040,mobile-limited-high,mobile-limited-high,iid-occupancy15,iid-occupancy15,iid-occupancy15,10,113207132858,78764641446,31856145,57168250,565693,0,0,0,0,NaN,0,0,0,20,0,0,0,4000,0,0,310,0,0,112000,0,8680,0,0,0,0,0,0,0,0,0,0,723,0,0,0,0,703,362,301,40,1,NaN,NaN,NaN,NaN,1,0,0,coherence-cumulative,1,0,0,0.15,31492765482,1229064,7057,3,5,70000525,36543,36543,5338162,0,0,0,0,1,0,0,13,20,28,16,10,24,0,0,0,0,0,0,mobile-limited-high,iid-occupancy15,selector-issued-no-horizon
16079040,mobile-limited-high,mobile-limited-high,directed-response-blackout,directed-response-blackout,directed-response-blackout,10,113207132858,113207132858,31856145,57168250,565693,0,0,0,0,NaN,0,0,0,20,0,0,0,4000,0,0,310,0,0,112000,0,8680,0,0,0,0,0,0,0,0,0,0,723,0,0,0,0,703,663,0,40,1,NaN,NaN,NaN,NaN,1,0,0,coherence-cumulative,1,0,0,0,31492765482,NaN,0,3,6,70000525,36543,36543,5338162,0,0,0,0,1,0,0,13,20,28,16,10,24,0,0,0,0,0,0,mobile-limited-high,directed-response-blackout,selector-issued-no-horizon
16079041,static-wide-low,static-wide-low,zero,zero,zero,5,30511228579,30511228579,32994080,16471445,37918,1,0,1,1,1,1,0,0,0,15,3,18,2400,0.0075,420,18,78,498,66400,0.0075,498,3,3,0,0,0,72,72,0,0,2000,0,800,800,0,0,0,0,0,0,0,NaN,NaN,NaN,NaN,1,0,0,coherence-cumulative,1,15,0,0,31533849851,NaN,0,1,1,32568509,2484,2730,4800623,6.8,6,1,0,1,1,148,141,148,28,16,10,24,26,0,0,0,0,0,static-wide-low,zero,admissible
16079041,static-wide-low,static-wide-low,claim-iid5,claim-iid5,claim-iid5,5,30511228579,30511228579,33379645,16471445,37918,1,0,1,1,1,1,0,0,0,15,3,18,2400,0.0075,420,18,78,498,66400,0.0075,498,3,3,0,0,0,72,71,1,0,2000,0,800,800,0,0,0,0,0,0,0,NaN,NaN,NaN,NaN,1,0,0,coherence-cumulative,1,15,0,0,31533849851,NaN,0,1,2,32568509,2484,2730,4800623,6.8,6,1,0,1,1,148,141,148,28,16,10,24,26,0,0,0,0,0,static-wide-low,claim-iid5,admissible
16079041,static-wide-low,static-wide-low,response-iid5,response-iid5,response-iid5,5,30511228579,30511228579,33379645,16471445,37918,1,0,1,1,1,1,0,0,0,15,3,18,2400,0.0075,420,18,78,498,66400,0.0075,498,3,3,0,0,0,72,70,2,0,2000,0,800,800,0,0,0,0,0,0,0,NaN,NaN,NaN,NaN,1,0,0,coherence-cumulative,1,15,0,0,31533849851,NaN,0,1,3,32568509,2484,2730,4800623,6.8,6,1,0,1,1,148,141,148,28,16,10,24,26,0,0,0,0,0,static-wide-low,response-iid5,admissible
16079041,static-wide-low,static-wide-low,joint-control-iid5,joint-control-iid5,joint-control-iid5,5,30511228579,30511228579,33765210,16471445,37918,1,0,1,1,1,1,0,0,0,15,3,18,2400,0.0075,420,18,78,498,66400,0.0075,498,3,3,0,0,0,72,69,3,0,2000,0,800,800,0,0,0,0,0,0,0,NaN,NaN,NaN,NaN,1,0,0,coherence-cumulative,1,15,0,0,31533849851,NaN,0,1,4,32568509,2484,2730,4800623,6.8,6,1,0,1,1,148,141,148,28,16,10,24,26,0,0,0,0,0,static-wide-low,joint-control-iid5,admissible
16079041,static-wide-low,static-wide-low,iid-occupancy15,iid-occupancy15,iid-occupancy15,5,30511228579,22151147783,32994080,16470216,37918,1,0,1,1,2,0.9995,0,0,0,17,4,21,2400,0.00875,476,18,104,580,66400,0.00873493975903615,498,4,4,2,0,0,84,76,8,0,1999,0,799,422,377,0,0,0,0,0,0,NaN,NaN,NaN,NaN,1,0,0,coherence-cumulative,1,15,0,0.15,31533849851,817054,3430,1,5,32568509,2484,2730,4800623,6.8,6,1,0,1,1,148,141,148,28,16,10,24,26,0,0,0,0,0,static-wide-low,iid-occupancy15,admissible
16079041,static-wide-low,static-wide-low,directed-response-blackout,directed-response-blackout,directed-response-blackout,5,30511228579,25646301387,32994080,15887771,37918,1,0,1,0,NaN,0.8,0,0,0,412,400,812,2400,0.338333333333333,11536,18,10400,21936,66400,0.330361445783133,498,400,400,399,0,0,3248,2848,400,0,1600,140,400,400,0,0,140,140,0,0,1,NaN,NaN,NaN,NaN,1,0,0,coherence-cumulative,1,13,1,0,31533849851,NaN,0,1,6,32568509,2484,2730,4800623,6.8,6,1,0,1,1,148,141,148,28,16,10,24,26,0,1,0,0,0,static-wide-low,directed-response-blackout,admissible
16079041,mobile-limited-low,mobile-limited-low,zero,zero,zero,5,30511228579,30511228579,32396866,16473959,36938,1,0,1,1,1,1,0,0,0,145,29,174,2400,0.0725,4060,174,754,4814,66400,0.0725,4814,29,29,0,0,0,87,87,0,0,2000,0,800,800,0,0,0,0,0,0,0,NaN,NaN,NaN,NaN,1,0,0,coherence-cumulative,1,145,0,0,31533849851,NaN,0,2,1,32568509,2484,2484,5084269,1,3,1,0,1,1,21,14,21,28,16,10,24,26,0,0,0,0,0,mobile-limited-low,zero,admissible
16079041,mobile-limited-low,mobile-limited-low,claim-iid5,claim-iid5,claim-iid5,5,30511228579,30511228579,32782431,16473959,36938,1,0,1,1,1,1,0,0,0,147,31,178,2400,0.0741666666666667,4116,174,806,4922,66400,0.0741265060240964,4814,31,31,2,0,0,91,89,2,0,2000,0,800,800,0,0,0,0,0,0,0,NaN,NaN,NaN,NaN,1,0,0,coherence-cumulative,1,145,0,0,31533849851,NaN,0,2,2,32568509,2484,2484,5084269,1,3,1,0,1,1,21,14,21,28,16,10,24,26,0,0,0,0,0,mobile-limited-low,claim-iid5,admissible
16079041,mobile-limited-low,mobile-limited-low,response-iid5,response-iid5,response-iid5,5,30511228579,30511228579,32782431,16473959,36938,1,0,1,1,1,1,0,0,0,145,29,174,2400,0.0725,4060,174,754,4814,66400,0.0725,4814,29,29,0,0,0,87,87,0,0,2000,0,800,800,0,0,0,0,0,0,0,NaN,NaN,NaN,NaN,1,0,0,coherence-cumulative,1,145,0,0,31533849851,NaN,0,2,3,32568509,2484,2484,5084269,1,3,1,0,1,1,21,14,21,28,16,10,24,26,0,0,0,0,0,mobile-limited-low,response-iid5,admissible
16079041,mobile-limited-low,mobile-limited-low,joint-control-iid5,joint-control-iid5,joint-control-iid5,5,30511228579,30511228579,33167996,16473959,36938,1,0,1,1,1,1,0,0,0,147,31,178,2400,0.0741666666666667,4116,174,806,4922,66400,0.0741265060240964,4814,31,31,2,0,0,91,89,2,0,2000,0,800,800,0,0,0,0,0,0,0,NaN,NaN,NaN,NaN,1,0,0,coherence-cumulative,1,145,0,0,31533849851,NaN,0,2,4,32568509,2484,2484,5084269,1,3,1,0,1,1,21,14,21,28,16,10,24,26,0,0,0,0,0,mobile-limited-low,joint-control-iid5,admissible
16079041,mobile-limited-low,mobile-limited-low,iid-occupancy15,iid-occupancy15,iid-occupancy15,5,30511228579,22168975519,32396866,16472730,36938,1,0,1,1,2,0.9995,0,0,0,165,47,212,2400,0.0883333333333333,4620,174,1222,5842,66400,0.0879819277108434,4814,47,47,20,0,0,125,96,29,0,1999,0,799,422,377,0,0,0,0,0,0,NaN,NaN,NaN,NaN,1,0,0,coherence-cumulative,1,145,0,0.15,31533849851,833009,3429,2,5,32568509,2484,2484,5084269,1,3,1,0,1,1,21,14,21,28,16,10,24,26,0,0,0,0,0,mobile-limited-low,iid-occupancy15,admissible
16079041,mobile-limited-low,mobile-limited-low,directed-response-blackout,directed-response-blackout,directed-response-blackout,5,30511228579,25644701387,32396866,15889773,36938,1,0,1,0,NaN,0.8,0,0,0,516,400,916,2400,0.381666666666667,14448,174,10400,24848,66400,0.37421686746988,4814,400,400,399,0,0,829,429,400,0,1600,140,400,400,0,0,140,140,0,0,1,NaN,NaN,NaN,NaN,1,0,0,coherence-cumulative,1,117,1,0,31533849851,NaN,0,2,6,32568509,2484,2484,5084269,1,3,1,0,1,1,21,14,21,28,16,10,24,26,0,1,0,0,0,mobile-limited-low,directed-response-blackout,admissible
16079041,mobile-limited-high,mobile-limited-high,zero,zero,zero,5,30511228579,30511228579,32174378,14302675,36134,0,0,0,0,NaN,0,0,0,0,0,0,0,2000,0,0,155,0,0,56000,0,4340,0,0,0,0,0,0,0,0,0,0,721,0,0,0,0,242,242,0,0,1,NaN,NaN,NaN,NaN,1,0,0,coherence-cumulative,1,0,0,0,31533849851,NaN,0,3,1,32568509,2484,2484,5264213,0.25,1,1,0,1,0,0,13,20,28,16,10,24,0,0,0,0,0,0,mobile-limited-high,zero,horizon-shorter-than-renewal-slack
16079041,mobile-limited-high,mobile-limited-high,claim-iid5,claim-iid5,claim-iid5,5,30511228579,30511228579,32559943,14302675,36134,0,0,0,0,NaN,0,0,0,0,0,0,0,2000,0,0,155,0,0,56000,0,4340,0,0,0,0,0,0,0,0,0,0,721,0,0,0,0,242,242,0,0,1,NaN,NaN,NaN,NaN,1,0,0,coherence-cumulative,1,0,0,0,31533849851,NaN,0,3,2,32568509,2484,2484,5264213,0.25,1,1,0,1,0,0,13,20,28,16,10,24,0,0,0,0,0,0,mobile-limited-high,claim-iid5,horizon-shorter-than-renewal-slack
16079041,mobile-limited-high,mobile-limited-high,response-iid5,response-iid5,response-iid5,5,30511228579,30511228579,32559943,14302675,36134,0,0,0,0,NaN,0,0,0,0,0,0,0,2000,0,0,155,0,0,56000,0,4340,0,0,0,0,0,0,0,0,0,0,721,0,0,0,0,242,242,0,0,1,NaN,NaN,NaN,NaN,1,0,0,coherence-cumulative,1,0,0,0,31533849851,NaN,0,3,3,32568509,2484,2484,5264213,0.25,1,1,0,1,0,0,13,20,28,16,10,24,0,0,0,0,0,0,mobile-limited-high,response-iid5,horizon-shorter-than-renewal-slack
16079041,mobile-limited-high,mobile-limited-high,joint-control-iid5,joint-control-iid5,joint-control-iid5,5,30511228579,30511228579,32945508,14302675,36134,0,0,0,0,NaN,0,0,0,0,0,0,0,2000,0,0,155,0,0,56000,0,4340,0,0,0,0,0,0,0,0,0,0,721,0,0,0,0,242,242,0,0,1,NaN,NaN,NaN,NaN,1,0,0,coherence-cumulative,1,0,0,0,31533849851,NaN,0,3,4,32568509,2484,2484,5264213,0.25,1,1,0,1,0,0,13,20,28,16,10,24,0,0,0,0,0,0,mobile-limited-high,joint-control-iid5,horizon-shorter-than-renewal-slack
16079041,mobile-limited-high,mobile-limited-high,iid-occupancy15,iid-occupancy15,iid-occupancy15,5,30511228579,22528638845,32174378,14302675,36134,0,0,0,0,NaN,0,0,0,0,0,0,0,2000,0,0,155,0,0,56000,0,4340,0,0,0,0,0,0,0,0,0,0,721,0,0,0,0,242,135,107,0,1,NaN,NaN,NaN,NaN,1,0,0,coherence-cumulative,1,0,0,0.15,31533849851,854321,3253,3,5,32568509,2484,2484,5264213,0.25,1,1,0,1,0,0,13,20,28,16,10,24,0,0,0,0,0,0,mobile-limited-high,iid-occupancy15,horizon-shorter-than-renewal-slack
16079041,mobile-limited-high,mobile-limited-high,directed-response-blackout,directed-response-blackout,directed-response-blackout,5,30511228579,30511228579,32174378,14302675,36134,0,0,0,0,NaN,0,0,0,0,0,0,0,2000,0,0,155,0,0,56000,0,4340,0,0,0,0,0,0,0,0,0,0,721,0,0,0,0,242,242,0,0,1,NaN,NaN,NaN,NaN,1,0,0,coherence-cumulative,1,0,0,0,31533849851,NaN,0,3,6,32568509,2484,2484,5264213,0.25,1,1,0,1,0,0,13,20,28,16,10,24,0,0,0,0,0,0,mobile-limited-high,directed-response-blackout,horizon-shorter-than-renewal-slack
16079041,static-wide-low,static-wide-low,zero,zero,zero,10,113224936621,113224936621,33865618,66099528,602032,3,0,1,1,1,1,0,0,0,60,18,78,5200,0.015,1680,78,468,2148,143200,0.015,2148,18,18,0,0,0,702,702,0,0,4000,0,2400,2400,0,0,0,0,0,0,0,NaN,NaN,NaN,NaN,1,0,0,coherence-cumulative,1,60,0,0,31403038740,NaN,0,1,1,60405459,36337,40685,6127567,6.8,6,3,0,1,1,80,73,80,28,16,10,24,26,0,0,0,0,0,static-wide-low,zero,admissible
16079041,static-wide-low,static-wide-low,claim-iid5,claim-iid5,claim-iid5,10,113224936621,113224936621,34251183,66096340,602032,3,0,1,1,2,0.99975,0,0,0,64,21,85,5200,0.0163461538461538,1792,78,546,2338,143200,0.0163268156424581,2148,20,21,3,0,0,765,738,27,0,3999,0,2399,2399,0,0,0,0,0,0,0,NaN,NaN,NaN,NaN,1,0,0,coherence-cumulative,1,61,0,0,31403038740,NaN,0,1,2,60405459,36337,40685,6127567,6.8,6,3,0,1,1,80,73,80,28,16,10,24,26,0,0,0,0,0,static-wide-low,claim-iid5,admissible
16079041,static-wide-low,static-wide-low,response-iid5,response-iid5,response-iid5,10,113224936621,113224936621,34251183,66099528,602032,3,0,1,1,1,1,0,0,0,61,19,80,5200,0.0153846153846154,1708,78,494,2202,143200,0.015377094972067,2148,19,19,1,0,0,720,716,4,0,4000,0,2400,2400,0,0,0,0,0,0,0,NaN,NaN,NaN,NaN,1,0,0,coherence-cumulative,1,60,0,0,31403038740,NaN,0,1,3,60405459,36337,40685,6127567,6.8,6,3,0,1,1,80,73,80,28,16,10,24,26,0,0,0,0,0,static-wide-low,response-iid5,admissible
16079041,static-wide-low,static-wide-low,joint-control-iid5,joint-control-iid5,joint-control-iid5,10,113224936621,113224936621,34636748,66096340,602032,3,0,1,1,2,0.99975,0,0,0,65,22,87,5200,0.0167307692307692,1820,78,572,2392,143200,0.0167039106145251,2148,21,22,4,0,0,783,752,31,0,3999,0,2399,2399,0,0,0,0,0,0,0,NaN,NaN,NaN,NaN,1,0,0,coherence-cumulative,1,61,0,0,31403038740,NaN,0,1,4,60405459,36337,40685,6127567,6.8,6,3,0,1,1,80,73,80,28,16,10,24,26,0,0,0,0,0,static-wide-low,joint-control-iid5,admissible
16079041,static-wide-low,static-wide-low,iid-occupancy15,iid-occupancy15,iid-occupancy15,10,113224936621,78653877021,33865618,66093951,602032,3,0,1,1,3,0.9995,0,0,0,77,30,107,5200,0.0205769230769231,2156,78,780,2936,143200,0.0205027932960894,2148,28,30,15,0,0,963,738,225,0,3998,0,2398,1277,1121,0,0,0,0,0,0,NaN,NaN,NaN,NaN,1,0,0,coherence-cumulative,1,62,0,0.15,31403038740,412115,7080,1,5,60405459,36337,40685,6127567,6.8,6,3,0,1,1,80,73,80,28,16,10,24,26,0,0,0,0,0,static-wide-low,iid-occupancy15,admissible
16079041,static-wide-low,static-wide-low,directed-response-blackout,directed-response-blackout,directed-response-blackout,10,113224936621,93838421931,33865618,65167139,602032,3,0,1,0,NaN,0.9,0,0,0,454,412,866,5200,0.166538461538462,12712,78,10712,23424,143200,0.163575418994413,2148,412,412,399,0,0,7794,7394,400,0,3600,73,2000,2000,0,0,73,73,0,0,1,NaN,NaN,NaN,NaN,1,0,0,coherence-cumulative,1,55,1,0,31403038740,NaN,0,1,6,60405459,36337,40685,6127567,6.8,6,3,0,1,1,80,73,80,28,16,10,24,26,0,1,0,0,0,static-wide-low,directed-response-blackout,admissible
16079041,mobile-limited-low,mobile-limited-low,zero,zero,zero,10,113224936621,113224936621,32721345,66142582,573638,3,0,1,1,1,1,0,0,0,1000,300,1300,5200,0.25,28000,1300,7800,35800,143200,0.25,35800,300,300,0,0,0,900,900,0,0,4000,0,2400,2400,0,0,0,0,0,0,0,NaN,NaN,NaN,NaN,1,0,0,coherence-cumulative,1,1000,0,0,31403038740,NaN,0,2,1,60405459,36337,36337,4094189,1,3,3,0,1,1,11,4,11,28,16,10,24,26,0,0,0,0,0,mobile-limited-low,zero,admissible
16079041,mobile-limited-low,mobile-limited-low,claim-iid5,claim-iid5,claim-iid5,10,113224936621,113224936621,33106910,66139319,573638,3,0,1,1,2,0.99975,0,0,0,1014,314,1328,5200,0.255384615384615,28392,1300,8164,36556,143200,0.255279329608939,35800,313,314,14,0,0,928,903,25,0,3999,0,2399,2399,0,0,0,0,0,0,0,NaN,NaN,NaN,NaN,1,0,0,coherence-cumulative,1,1000,0,0,31403038740,NaN,0,2,2,60405459,36337,36337,4094189,1,3,3,0,1,1,11,4,11,28,16,10,24,26,0,0,0,0,0,mobile-limited-low,claim-iid5,admissible
16079041,mobile-limited-low,mobile-limited-low,response-iid5,response-iid5,response-iid5,10,113224936621,113224936621,33106910,66142582,573638,3,0,1,1,1,1,0,0,0,1014,314,1328,5200,0.255384615384615,28392,1300,8164,36556,143200,0.255279329608939,35800,314,314,14,0,0,928,914,14,0,4000,0,2400,2400,0,0,0,0,0,0,0,NaN,NaN,NaN,NaN,1,0,0,coherence-cumulative,1,1000,0,0,31403038740,NaN,0,2,3,60405459,36337,36337,4094189,1,3,3,0,1,1,11,4,11,28,16,10,24,26,0,0,0,0,0,mobile-limited-low,response-iid5,admissible
16079041,mobile-limited-low,mobile-limited-low,joint-control-iid5,joint-control-iid5,joint-control-iid5,10,113224936621,113224936621,33492475,66139319,573638,3,0,1,1,2,0.99975,0,0,0,1029,329,1358,5200,0.261153846153846,28812,1300,8554,37366,143200,0.260935754189944,35800,328,329,29,0,0,958,917,41,0,3999,0,2399,2399,0,0,0,0,0,0,0,NaN,NaN,NaN,NaN,1,0,0,coherence-cumulative,1,1000,0,0,31403038740,NaN,0,2,4,60405459,36337,36337,4094189,1,3,3,0,1,1,11,4,11,28,16,10,24,26,0,0,0,0,0,mobile-limited-low,joint-control-iid5,admissible
16079041,mobile-limited-low,mobile-limited-low,iid-occupancy15,iid-occupancy15,iid-occupancy15,10,113224936621,78630420935,32721345,66141912,573638,3,0,1,1,1,1,0,0,0,1181,457,1638,5200,0.315,33068,1300,11882,44950,143200,0.313896648044693,35800,457,457,190,0,0,1238,935,303,0,4000,0,2400,1278,1122,0,0,0,0,0,0,NaN,NaN,NaN,NaN,1,0,0,coherence-cumulative,1,991,0,0.15,31403038740,458004,7082,2,5,60405459,36337,36337,4094189,1,3,3,0,1,1,11,4,11,28,16,10,24,26,0,0,0,0,0,mobile-limited-low,iid-occupancy15,admissible
16079041,mobile-limited-low,mobile-limited-low,directed-response-blackout,directed-response-blackout,directed-response-blackout,10,113224936621,93838421931,32721345,65205705,573638,3,0,1,0,NaN,0.9,0,0,0,1300,600,1900,5200,0.365384615384615,36400,1300,15600,52000,143200,0.363128491620112,35800,600,600,399,0,0,1500,1100,400,0,3600,73,2000,2000,0,0,73,73,0,0,1,NaN,NaN,NaN,NaN,1,0,0,coherence-cumulative,1,901,1,0,31403038740,NaN,0,2,6,60405459,36337,36337,4094189,1,3,3,0,1,1,11,4,11,28,16,10,24,26,0,1,0,0,0,mobile-limited-low,directed-response-blackout,admissible
16079041,mobile-limited-high,mobile-limited-high,zero,zero,zero,10,113224936621,113224936621,32713604,57168250,565087,0,0,0,0,NaN,0,0,0,0,0,0,0,4000,0,0,310,0,0,112000,0,8680,0,0,0,0,0,0,0,0,0,0,733,0,0,0,0,424,424,0,0,1,NaN,NaN,NaN,NaN,1,0,0,coherence-cumulative,1,0,0,0,31403038740,NaN,0,3,1,60405459,36337,36337,5327624,0.25,1,3,0,1,0,0,13,20,28,16,10,24,0,0,0,0,0,0,mobile-limited-high,zero,horizon-shorter-than-renewal-slack
16079041,mobile-limited-high,mobile-limited-high,claim-iid5,claim-iid5,claim-iid5,10,113224936621,113224936621,33099169,57168250,565087,0,0,0,0,NaN,0,0,0,0,0,0,0,4000,0,0,310,0,0,112000,0,8680,0,0,0,0,0,0,0,0,0,0,733,0,0,0,0,424,424,0,0,1,NaN,NaN,NaN,NaN,1,0,0,coherence-cumulative,1,0,0,0,31403038740,NaN,0,3,2,60405459,36337,36337,5327624,0.25,1,3,0,1,0,0,13,20,28,16,10,24,0,0,0,0,0,0,mobile-limited-high,claim-iid5,horizon-shorter-than-renewal-slack
16079041,mobile-limited-high,mobile-limited-high,response-iid5,response-iid5,response-iid5,10,113224936621,113224936621,33099169,57168250,565087,0,0,0,0,NaN,0,0,0,0,0,0,0,4000,0,0,310,0,0,112000,0,8680,0,0,0,0,0,0,0,0,0,0,733,0,0,0,0,424,424,0,0,1,NaN,NaN,NaN,NaN,1,0,0,coherence-cumulative,1,0,0,0,31403038740,NaN,0,3,3,60405459,36337,36337,5327624,0.25,1,3,0,1,0,0,13,20,28,16,10,24,0,0,0,0,0,0,mobile-limited-high,response-iid5,horizon-shorter-than-renewal-slack
16079041,mobile-limited-high,mobile-limited-high,joint-control-iid5,joint-control-iid5,joint-control-iid5,10,113224936621,113224936621,33484734,57168250,565087,0,0,0,0,NaN,0,0,0,0,0,0,0,4000,0,0,310,0,0,112000,0,8680,0,0,0,0,0,0,0,0,0,0,733,0,0,0,0,424,424,0,0,1,NaN,NaN,NaN,NaN,1,0,0,coherence-cumulative,1,0,0,0,31403038740,NaN,0,3,4,60405459,36337,36337,5327624,0.25,1,3,0,1,0,0,13,20,28,16,10,24,0,0,0,0,0,0,mobile-limited-high,joint-control-iid5,horizon-shorter-than-renewal-slack
16079041,mobile-limited-high,mobile-limited-high,iid-occupancy15,iid-occupancy15,iid-occupancy15,10,113224936621,78471421786,32713604,57168250,565087,0,0,0,0,NaN,0,0,0,0,0,0,0,4000,0,0,310,0,0,112000,0,8680,0,0,0,0,0,0,0,0,0,0,733,0,0,0,0,424,215,209,0,1,NaN,NaN,NaN,NaN,1,0,0,coherence-cumulative,1,0,0,0.15,31403038740,384395,7114,3,5,60405459,36337,36337,5327624,0.25,1,3,0,1,0,0,13,20,28,16,10,24,0,0,0,0,0,0,mobile-limited-high,iid-occupancy15,horizon-shorter-than-renewal-slack
16079041,mobile-limited-high,mobile-limited-high,directed-response-blackout,directed-response-blackout,directed-response-blackout,10,113224936621,113224936621,32713604,57168250,565087,0,0,0,0,NaN,0,0,0,0,0,0,0,4000,0,0,310,0,0,112000,0,8680,0,0,0,0,0,0,0,0,0,0,733,0,0,0,0,424,424,0,0,1,NaN,NaN,NaN,NaN,1,0,0,coherence-cumulative,1,0,0,0,31403038740,NaN,0,3,6,60405459,36337,36337,5327624,0.25,1,3,0,1,0,0,13,20,28,16,10,24,0,0,0,0,0,0,mobile-limited-high,directed-response-blackout,horizon-shorter-than-renewal-slack
16079042,static-wide-low,static-wide-low,zero,zero,zero,5,30358714572,30358714572,33741373,16471446,37918,1,0,1,1,1,1,0,0,0,15,3,18,2400,0.0075,420,18,78,498,66400,0.0075,498,3,3,0,0,0,72,72,0,0,2000,0,800,800,0,0,0,0,0,0,0,NaN,NaN,NaN,NaN,1,0,0,coherence-cumulative,1,15,0,0,31253327834,NaN,0,1,1,35396705,2484,2730,5505530,6.8,6,1,0,1,1,148,141,148,28,16,10,24,26,0,0,0,0,0,static-wide-low,zero,admissible
16079042,static-wide-low,static-wide-low,claim-iid5,claim-iid5,claim-iid5,5,30358714572,30358714572,34126938,16471513,37918,1,0,1,1,1,1,0,0,0,17,4,21,2400,0.00875,476,18,104,580,66400,0.00873493975903615,498,4,4,1,0,0,84,82,2,0,2000,0,800,800,0,0,0,0,0,0,0,NaN,NaN,NaN,NaN,1,0,0,coherence-cumulative,1,16,0,0,31253327834,NaN,0,1,2,35396705,2484,2730,5505530,6.8,6,1,0,1,1,148,141,148,28,16,10,24,26,0,0,0,0,0,static-wide-low,claim-iid5,admissible
16079042,static-wide-low,static-wide-low,response-iid5,response-iid5,response-iid5,5,30358714572,30358714572,34126938,16471446,37918,1,0,1,1,1,1,0,0,0,16,4,20,2400,0.00833333333333333,448,18,104,552,66400,0.00831325301204819,498,4,4,1,0,0,80,78,2,0,2000,0,800,800,0,0,0,0,0,0,0,NaN,NaN,NaN,NaN,1,0,0,coherence-cumulative,1,15,0,0,31253327834,NaN,0,1,3,35396705,2484,2730,5505530,6.8,6,1,0,1,1,148,141,148,28,16,10,24,26,0,0,0,0,0,static-wide-low,response-iid5,admissible
16079042,static-wide-low,static-wide-low,joint-control-iid5,joint-control-iid5,joint-control-iid5,5,30358714572,30358714572,34512503,16471513,37918,1,0,1,1,1,1,0,0,0,17,4,21,2400,0.00875,476,18,104,580,66400,0.00873493975903615,498,4,4,1,0,0,84,80,4,0,2000,0,800,800,0,0,0,0,0,0,0,NaN,NaN,NaN,NaN,1,0,0,coherence-cumulative,1,16,0,0,31253327834,NaN,0,1,4,35396705,2484,2730,5505530,6.8,6,1,0,1,1,148,141,148,28,16,10,24,26,0,0,0,0,0,static-wide-low,joint-control-iid5,admissible
16079042,static-wide-low,static-wide-low,iid-occupancy15,iid-occupancy15,iid-occupancy15,5,30358714572,21872855954,33741373,16469923,37918,1,0,1,1,2,0.9995,0,0,0,24,10,34,2400,0.0141666666666667,672,18,260,932,66400,0.0140361445783133,498,9,10,7,0,0,136,100,36,0,1999,1,799,416,383,0,1,1,0,0,1,NaN,NaN,NaN,NaN,1,0,0,coherence-cumulative,1,17,0,0.15,31253327834,1041170,3468,1,5,35396705,2484,2730,5505530,6.8,6,1,0,1,1,148,141,148,28,16,10,24,26,0,0,0,0,0,static-wide-low,iid-occupancy15,admissible
16079042,static-wide-low,static-wide-low,directed-response-blackout,directed-response-blackout,directed-response-blackout,5,30358714572,25561834601,33741373,15727771,37918,1,0,1,0,NaN,0.8,0,0,0,412,400,812,2400,0.338333333333333,11536,18,10400,21936,66400,0.330361445783133,498,400,400,399,0,0,3248,2848,400,0,1600,141,400,400,0,0,141,141,0,0,1,NaN,NaN,NaN,NaN,1,0,0,coherence-cumulative,1,13,1,0,31253327834,NaN,0,1,6,35396705,2484,2730,5505530,6.8,6,1,0,1,1,148,141,148,28,16,10,24,26,0,1,0,0,0,static-wide-low,directed-response-blackout,admissible
16079042,mobile-limited-low,mobile-limited-low,zero,zero,zero,5,30358714572,30358714572,31592780,16472733,36804,1,0,1,1,1,1,0,0,0,60,12,72,2400,0.03,1680,72,312,1992,66400,0.03,1992,12,12,0,0,0,36,36,0,0,2000,0,800,800,0,0,0,0,0,0,0,NaN,NaN,NaN,NaN,1,0,0,coherence-cumulative,1,60,0,0,31253327834,NaN,0,2,1,35396705,2484,2484,5370852,2,4,1,0,1,1,43,36,43,28,16,10,24,26,0,0,0,0,0,mobile-limited-low,zero,admissible
16079042,mobile-limited-low,mobile-limited-low,claim-iid5,claim-iid5,claim-iid5,5,30358714572,30358714572,31978345,16472733,36804,1,0,1,1,1,1,0,0,0,61,13,74,2400,0.0308333333333333,1708,72,338,2046,66400,0.0308132530120482,1992,13,13,1,0,0,38,36,2,0,2000,0,800,800,0,0,0,0,0,0,0,NaN,NaN,NaN,NaN,1,0,0,coherence-cumulative,1,60,0,0,31253327834,NaN,0,2,2,35396705,2484,2484,5370852,2,4,1,0,1,1,43,36,43,28,16,10,24,26,0,0,0,0,0,mobile-limited-low,claim-iid5,admissible
16079042,mobile-limited-low,mobile-limited-low,response-iid5,response-iid5,response-iid5,5,30358714572,30358714572,31978345,16472733,36804,1,0,1,1,1,1,0,0,0,60,12,72,2400,0.03,1680,72,312,1992,66400,0.03,1992,12,12,0,0,0,36,36,0,0,2000,0,800,800,0,0,0,0,0,0,0,NaN,NaN,NaN,NaN,1,0,0,coherence-cumulative,1,60,0,0,31253327834,NaN,0,2,3,35396705,2484,2484,5370852,2,4,1,0,1,1,43,36,43,28,16,10,24,26,0,0,0,0,0,mobile-limited-low,response-iid5,admissible
16079042,mobile-limited-low,mobile-limited-low,joint-control-iid5,joint-control-iid5,joint-control-iid5,5,30358714572,30358714572,32363910,16472733,36804,1,0,1,1,1,1,0,0,0,61,13,74,2400,0.0308333333333333,1708,72,338,2046,66400,0.0308132530120482,1992,13,13,1,0,0,38,36,2,0,2000,0,800,800,0,0,0,0,0,0,0,NaN,NaN,NaN,NaN,1,0,0,coherence-cumulative,1,60,0,0,31253327834,NaN,0,2,4,35396705,2484,2484,5370852,2,4,1,0,1,1,43,36,43,28,16,10,24,26,0,0,0,0,0,mobile-limited-low,joint-control-iid5,admissible
16079042,mobile-limited-low,mobile-limited-low,iid-occupancy15,iid-occupancy15,iid-occupancy15,5,30358714572,21888644044,31592780,16472733,36804,1,0,1,1,1,1,0,0,0,70,21,91,2400,0.0379166666666667,1960,72,546,2506,66400,0.0377409638554217,1992,21,21,10,0,0,55,38,17,0,2000,0,800,416,384,0,0,0,0,0,0,NaN,NaN,NaN,NaN,1,0,0,coherence-cumulative,1,60,0,0.15,31253327834,1517130,3468,2,5,35396705,2484,2484,5370852,2,4,1,0,1,1,43,36,43,28,16,10,24,26,0,0,0,0,0,mobile-limited-low,iid-occupancy15,admissible
16079042,mobile-limited-low,mobile-limited-low,directed-response-blackout,directed-response-blackout,directed-response-blackout,5,30358714572,25561034601,31592780,15728455,36804,1,0,1,0,NaN,0.8,0,0,0,448,400,848,2400,0.353333333333333,12544,72,10400,22944,66400,0.345542168674699,1992,400,400,399,0,0,812,412,400,0,1600,141,400,400,0,0,141,141,0,0,1,NaN,NaN,NaN,NaN,1,0,0,coherence-cumulative,1,49,1,0,31253327834,NaN,0,2,6,35396705,2484,2484,5370852,2,4,1,0,1,1,43,36,43,28,16,10,24,26,0,1,0,0,0,mobile-limited-low,directed-response-blackout,admissible
16079042,mobile-limited-high,mobile-limited-high,zero,zero,zero,5,30358714572,30358714572,32898896,16473960,36804,1,0,1,1,1,1,0,0,0,145,29,174,2400,0.0725,4060,174,754,4814,66400,0.0725,4814,29,29,0,0,0,87,87,0,0,2000,0,800,800,0,0,0,0,0,0,0,NaN,NaN,NaN,NaN,1,0,0,coherence-cumulative,1,145,0,0,31253327834,NaN,0,3,1,35396705,2484,2484,5093151,1,3,1,0,1,1,21,14,21,28,16,10,24,26,0,0,0,0,0,mobile-limited-high,zero,admissible
16079042,mobile-limited-high,mobile-limited-high,claim-iid5,claim-iid5,claim-iid5,5,30358714572,30358714572,33284461,16473960,36804,1,0,1,1,1,1,0,0,0,147,31,178,2400,0.0741666666666667,4116,174,806,4922,66400,0.0741265060240964,4814,31,31,2,0,0,91,87,4,0,2000,0,800,800,0,0,0,0,0,0,0,NaN,NaN,NaN,NaN,1,0,0,coherence-cumulative,1,145,0,0,31253327834,NaN,0,3,2,35396705,2484,2484,5093151,1,3,1,0,1,1,21,14,21,28,16,10,24,26,0,0,0,0,0,mobile-limited-high,claim-iid5,admissible
16079042,mobile-limited-high,mobile-limited-high,response-iid5,response-iid5,response-iid5,5,30358714572,30358714572,33284461,16473960,36804,1,0,1,1,1,1,0,0,0,146,30,176,2400,0.0733333333333333,4088,174,780,4868,66400,0.0733132530120482,4814,30,30,1,0,0,89,88,1,0,2000,0,800,800,0,0,0,0,0,0,0,NaN,NaN,NaN,NaN,1,0,0,coherence-cumulative,1,145,0,0,31253327834,NaN,0,3,3,35396705,2484,2484,5093151,1,3,1,0,1,1,21,14,21,28,16,10,24,26,0,0,0,0,0,mobile-limited-high,response-iid5,admissible
16079042,mobile-limited-high,mobile-limited-high,joint-control-iid5,joint-control-iid5,joint-control-iid5,5,30358714572,30358714572,33670026,16473960,36804,1,0,1,1,1,1,0,0,0,148,32,180,2400,0.075,4144,174,832,4976,66400,0.0749397590361446,4814,32,32,3,0,0,93,88,5,0,2000,0,800,800,0,0,0,0,0,0,0,NaN,NaN,NaN,NaN,1,0,0,coherence-cumulative,1,145,0,0,31253327834,NaN,0,3,4,35396705,2484,2484,5093151,1,3,1,0,1,1,21,14,21,28,16,10,24,26,0,0,0,0,0,mobile-limited-high,joint-control-iid5,admissible
16079042,mobile-limited-high,mobile-limited-high,iid-occupancy15,iid-occupancy15,iid-occupancy15,5,30358714572,21888644044,32898896,16473960,36804,1,0,1,1,1,1,0,0,0,171,52,223,2400,0.0929166666666667,4788,174,1352,6140,66400,0.0924698795180723,4814,52,52,26,0,0,136,94,42,0,2000,0,800,416,384,0,0,0,0,0,0,NaN,NaN,NaN,NaN,1,0,0,coherence-cumulative,1,145,0,0.15,31253327834,1517130,3468,3,5,35396705,2484,2484,5093151,1,3,1,0,1,1,21,14,21,28,16,10,24,26,0,0,0,0,0,mobile-limited-high,iid-occupancy15,admissible
16079042,mobile-limited-high,mobile-limited-high,directed-response-blackout,directed-response-blackout,directed-response-blackout,5,30358714572,25561034601,32898896,15729747,36804,1,0,1,0,NaN,0.8,0,0,0,516,400,916,2400,0.381666666666667,14448,174,10400,24848,66400,0.37421686746988,4814,400,400,399,0,0,829,429,400,0,1600,141,400,400,0,0,141,141,0,0,1,NaN,NaN,NaN,NaN,1,0,0,coherence-cumulative,1,117,1,0,31253327834,NaN,0,3,6,35396705,2484,2484,5093151,1,3,1,0,1,1,21,14,21,28,16,10,24,26,0,1,0,0,0,mobile-limited-high,directed-response-blackout,admissible
16079042,static-wide-low,static-wide-low,zero,zero,zero,10,113399507841,113399507841,33497382,67216324,641586,7,0,1,1,1,1,0,0,0,70,49,119,6800,0.0175,1960,119,1274,3234,184800,0.0175,3234,49,49,0,7,0,1071,1071,0,0,4000,0,5600,5600,0,0,0,0,0,0,0,NaN,NaN,NaN,NaN,1,0,0,coherence-cumulative,1,70,0,0,31315704207,NaN,0,1,1,71021269,36727,40685,5586917,6.8,6,7,0,1,1,72,65,72,28,16,10,24,26,0,0,0,0,0,static-wide-low,zero,admissible
16079042,static-wide-low,static-wide-low,claim-iid5,claim-iid5,claim-iid5,10,113399507841,113399507841,33882947,67209081,641586,7,0,1,1,3,0.9995,0,0,0,75,57,132,6800,0.0194117647058824,2100,119,1482,3582,184800,0.0193831168831169,3234,55,57,4,8,0,1188,1158,30,0,3998,1,5596,5596,0,0,2,2,0,0,1,NaN,NaN,NaN,NaN,1,0,0,coherence-cumulative,1,71,0,0,31315704207,NaN,0,1,2,71021269,36727,40685,5586917,6.8,6,7,0,1,1,72,65,72,28,16,10,24,26,0,0,0,0,0,static-wide-low,claim-iid5,admissible
16079042,static-wide-low,static-wide-low,response-iid5,response-iid5,response-iid5,10,113399507841,113399507841,33882947,67216324,641586,7,0,1,1,1,1,0,0,0,74,55,129,6800,0.0189705882352941,2072,119,1430,3502,184800,0.0189502164502164,3234,55,55,4,9,0,1161,1130,31,0,4000,0,5600,5600,0,0,0,0,0,0,0,NaN,NaN,NaN,NaN,1,0,0,coherence-cumulative,1,70,0,0,31315704207,NaN,0,1,3,71021269,36727,40685,5586917,6.8,6,7,0,1,1,72,65,72,28,16,10,24,26,0,0,0,0,0,static-wide-low,response-iid5,admissible
16079042,static-wide-low,static-wide-low,joint-control-iid5,joint-control-iid5,joint-control-iid5,10,113399507841,113399507841,34268512,67209171,641586,7,0,1,1,3,0.9995,0,0,0,79,62,141,6800,0.0207352941176471,2212,119,1612,3824,184800,0.0206926406926407,3234,59,62,8,10,0,1269,1204,65,0,3998,1,5596,5596,0,0,2,2,0,0,1,NaN,NaN,NaN,NaN,1,0,0,coherence-cumulative,1,71,0,0,31315704207,NaN,0,1,4,71021269,36727,40685,5586917,6.8,6,7,0,1,1,72,65,72,28,16,10,24,26,0,0,0,0,0,static-wide-low,joint-control-iid5,admissible
16079042,static-wide-low,static-wide-low,iid-occupancy15,iid-occupancy15,iid-occupancy15,10,113399507841,75963897157,33497382,67207537,641586,7,0,1,1,3,0.999,0,0,0,118,102,220,6800,0.0323529411764706,3304,119,2652,5956,184800,0.0322294372294372,3234,100,102,46,15,0,1980,1485,495,0,3996,0,5593,2835,2758,0,0,0,0,0,0,NaN,NaN,NaN,NaN,1,0,0,coherence-cumulative,1,72,0,0.15,31315704207,579511,7657,1,5,71021269,36727,40685,5586917,6.8,6,7,0,1,1,72,65,72,28,16,10,24,26,0,0,0,0,0,static-wide-low,iid-occupancy15,admissible
16079042,static-wide-low,static-wide-low,directed-response-blackout,directed-response-blackout,directed-response-blackout,10,113399507841,93979866055,33497382,66419689,641586,7,0,1,0,NaN,0.9,0,0,0,463,835,1298,6800,0.190882352941176,12964,119,21710,34674,184800,0.18762987012987,3234,835,835,399,7,0,11682,11282,400,0,3600,70,4800,4800,0,0,140,140,0,0,1,NaN,NaN,NaN,NaN,1,0,0,coherence-cumulative,1,64,1,0,31315704207,NaN,0,1,6,71021269,36727,40685,5586917,6.8,6,7,0,1,1,72,65,72,28,16,10,24,26,0,1,0,0,0,static-wide-low,directed-response-blackout,admissible
16079042,mobile-limited-low,mobile-limited-low,zero,zero,zero,10,113399507841,113399507841,33186644,67303935,598435,7,0,1,1,1,1,0,0,0,1340,938,2278,6800,0.335,37520,2278,24388,61908,184800,0.335,61908,938,938,0,268,0,3618,3618,0,0,4000,0,5600,5600,0,0,0,0,0,0,0,NaN,NaN,NaN,NaN,1,0,0,coherence-cumulative,1,1340,0,0,31315704207,NaN,0,2,1,71021269,36727,36727,6057666,1,3,7,0,1,1,10,3,10,28,16,10,24,26,0,0,0,0,0,mobile-limited-low,zero,admissible
16079042,mobile-limited-low,mobile-limited-low,claim-iid5,claim-iid5,claim-iid5,10,113399507841,113399507841,33572209,67307094,598435,7,0,1,1,1,1,0,0,0,1419,1059,2478,6800,0.364411764705882,39732,2278,27534,67266,184800,0.363993506493506,61908,1059,1059,54,313,0,4009,3921,88,0,4000,0,5600,5600,0,0,0,0,0,0,0,NaN,NaN,NaN,NaN,1,0,0,coherence-cumulative,1,1365,1,0,31315704207,NaN,0,2,2,71021269,36727,36727,6057666,1,3,7,0,1,1,10,3,10,28,16,10,24,26,0,0,0,0,0,mobile-limited-low,claim-iid5,admissible
16079042,mobile-limited-low,mobile-limited-low,response-iid5,response-iid5,response-iid5,10,113399507841,113399507841,33572209,67303935,598435,7,0,1,1,1,1,0,0,0,1400,1048,2448,6800,0.36,39200,2278,27248,66448,184800,0.3595670995671,61908,1048,1048,60,307,0,3946,3863,83,0,4000,0,5600,5600,0,0,0,0,0,0,0,NaN,NaN,NaN,NaN,1,0,0,coherence-cumulative,1,1340,0,0,31315704207,NaN,0,2,3,71021269,36727,36727,6057666,1,3,7,0,1,1,10,3,10,28,16,10,24,26,0,0,0,0,0,mobile-limited-low,response-iid5,admissible
16079042,mobile-limited-low,mobile-limited-low,joint-control-iid5,joint-control-iid5,joint-control-iid5,10,113399507841,113399507841,33957774,67306679,598435,7,0,1,1,1,1,0,0,0,1471,1151,2622,6800,0.385588235294118,41188,2278,29926,71114,184800,0.384816017316017,61908,1151,1151,109,346,0,4285,4105,180,0,4000,0,5600,5600,0,0,0,0,0,0,0,NaN,NaN,NaN,NaN,1,0,0,coherence-cumulative,1,1362,1,0,31315704207,NaN,0,2,4,71021269,36727,36727,6057666,1,3,7,0,1,1,10,3,10,28,16,10,24,26,0,0,0,0,0,mobile-limited-low,joint-control-iid5,admissible
16079042,mobile-limited-low,mobile-limited-low,iid-occupancy15,iid-occupancy15,iid-occupancy15,10,113399507841,75947775050,33186644,67291085,598435,7,0,1,1,3,0.99875,0,0,0,2030,1799,3829,6800,0.563088235294118,56840,2278,46774,103614,184800,0.560681818181818,61908,1798,1799,710,582,0,6564,4845,1719,0,3995,1,5591,2833,2758,0,2,0,2,0,1,NaN,NaN,NaN,NaN,1,0,0,coherence-cumulative,1,1320,3,0.15,31315704207,577139,7658,2,5,71021269,36727,36727,6057666,1,3,7,0,1,1,10,3,10,28,16,10,24,26,0,0,0,0,0,mobile-limited-low,iid-occupancy15,admissible
16079042,mobile-limited-low,mobile-limited-low,directed-response-blackout,directed-response-blackout,directed-response-blackout,10,113399507841,93979458927,33186644,66656726,598435,7,0,1,0,NaN,0.9,0,0,0,1606,1470,3076,6800,0.452352941176471,44968,2278,38220,83188,184800,0.450151515151515,61908,1470,1470,399,534,0,5214,4814,400,0,3600,84,4800,4800,0,0,168,168,0,0,1,NaN,NaN,NaN,NaN,1,0,0,coherence-cumulative,1,1207,1,0,31315704207,NaN,0,2,6,71021269,36727,36727,6057666,1,3,7,0,1,1,10,3,10,28,16,10,24,26,0,1,0,0,0,mobile-limited-low,directed-response-blackout,admissible
16079042,mobile-limited-high,mobile-limited-high,zero,zero,zero,10,113399507841,113399507841,32580541,57168250,566277,0,0,0,0,NaN,0,0,0,42,0,0,0,4000,0,0,310,0,0,112000,0,8680,0,0,0,0,0,0,0,0,0,0,772,0,0,0,0,945,859,0,86,1,NaN,NaN,NaN,NaN,1,0,0,coherence-cumulative,1,0,0,0,31315704207,NaN,0,3,1,71021269,36727,36727,4127228,0,0,0,0,1,0,0,13,20,28,16,10,24,0,0,0,0,0,0,mobile-limited-high,zero,selector-issued-no-horizon
16079042,mobile-limited-high,mobile-limited-high,claim-iid5,claim-iid5,claim-iid5,10,113399507841,113399507841,32966106,57168250,566277,0,0,0,0,NaN,0,0,0,42,0,0,0,4000,0,0,310,0,0,112000,0,8680,0,0,0,0,0,0,0,0,0,0,772,0,0,0,0,945,859,0,86,1,NaN,NaN,NaN,NaN,1,0,0,coherence-cumulative,1,0,0,0,31315704207,NaN,0,3,2,71021269,36727,36727,4127228,0,0,0,0,1,0,0,13,20,28,16,10,24,0,0,0,0,0,0,mobile-limited-high,claim-iid5,selector-issued-no-horizon
16079042,mobile-limited-high,mobile-limited-high,response-iid5,response-iid5,response-iid5,10,113399507841,113399507841,32966106,57168250,566277,0,0,0,0,NaN,0,0,0,42,0,0,0,4000,0,0,310,0,0,112000,0,8680,0,0,0,0,0,0,0,0,0,0,772,0,0,0,0,945,859,0,86,1,NaN,NaN,NaN,NaN,1,0,0,coherence-cumulative,1,0,0,0,31315704207,NaN,0,3,3,71021269,36727,36727,4127228,0,0,0,0,1,0,0,13,20,28,16,10,24,0,0,0,0,0,0,mobile-limited-high,response-iid5,selector-issued-no-horizon
16079042,mobile-limited-high,mobile-limited-high,joint-control-iid5,joint-control-iid5,joint-control-iid5,10,113399507841,113399507841,33351671,57168250,566277,0,0,0,0,NaN,0,0,0,42,0,0,0,4000,0,0,310,0,0,112000,0,8680,0,0,0,0,0,0,0,0,0,0,772,0,0,0,0,945,859,0,86,1,NaN,NaN,NaN,NaN,1,0,0,coherence-cumulative,1,0,0,0,31315704207,NaN,0,3,4,71021269,36727,36727,4127228,0,0,0,0,1,0,0,13,20,28,16,10,24,0,0,0,0,0,0,mobile-limited-high,joint-control-iid5,selector-issued-no-horizon
16079042,mobile-limited-high,mobile-limited-high,iid-occupancy15,iid-occupancy15,iid-occupancy15,10,113399507841,79359674140,32580541,57168250,566277,0,0,0,0,NaN,0,0,0,42,0,0,0,4000,0,0,310,0,0,112000,0,8680,0,0,0,0,0,0,0,0,0,0,772,0,0,0,0,945,436,423,86,1,NaN,NaN,NaN,NaN,1,0,0,coherence-cumulative,1,0,0,0.15,31315704207,1410958,6943,3,5,71021269,36727,36727,4127228,0,0,0,0,1,0,0,13,20,28,16,10,24,0,0,0,0,0,0,mobile-limited-high,iid-occupancy15,selector-issued-no-horizon
16079042,mobile-limited-high,mobile-limited-high,directed-response-blackout,directed-response-blackout,directed-response-blackout,10,113399507841,113399507841,32580541,57168250,566277,0,0,0,0,NaN,0,0,0,42,0,0,0,4000,0,0,310,0,0,112000,0,8680,0,0,0,0,0,0,0,0,0,0,772,0,0,0,0,945,859,0,86,1,NaN,NaN,NaN,NaN,1,0,0,coherence-cumulative,1,0,0,0,31315704207,NaN,0,3,6,71021269,36727,36727,4127228,0,0,0,0,1,0,0,13,20,28,16,10,24,0,0,0,0,0,0,mobile-limited-high,directed-response-blackout,selector-issued-no-horizon
16079043,static-wide-low,static-wide-low,zero,zero,zero,5,30483388217,30483388217,33547631,16345885,36830,0,0,0,1,1,1,0,0,0,15,0,15,2000,0.0075,420,15,0,420,56000,0.0075,420,0,0,0,0,0,60,60,0,0,2000,0,0,0,0,0,0,0,0,0,0,NaN,NaN,NaN,NaN,1,0,0,coherence-cumulative,1,15,0,0,31489724237,NaN,0,1,1,32733456,2450,2730,6023873,6.8,6,0,0,1,1,156,149,156,28,16,10,24,0,0,0,0,0,0,static-wide-low,zero,admissible
16079043,static-wide-low,static-wide-low,claim-iid5,claim-iid5,claim-iid5,5,30483388217,30483388217,33933196,16345885,36830,0,0,0,1,1,1,0,0,0,15,0,15,2000,0.0075,420,15,0,420,56000,0.0075,420,0,0,0,0,0,60,58,2,0,2000,0,0,0,0,0,0,0,0,0,0,NaN,NaN,NaN,NaN,1,0,0,coherence-cumulative,1,15,0,0,31489724237,NaN,0,1,2,32733456,2450,2730,6023873,6.8,6,0,0,1,1,156,149,156,28,16,10,24,0,0,0,0,0,0,static-wide-low,claim-iid5,admissible
16079043,static-wide-low,static-wide-low,response-iid5,response-iid5,response-iid5,5,30483388217,30483388217,33933196,16345885,36830,0,0,0,1,1,1,0,0,0,15,0,15,2000,0.0075,420,15,0,420,56000,0.0075,420,0,0,0,0,0,60,60,0,0,2000,0,0,0,0,0,0,0,0,0,0,NaN,NaN,NaN,NaN,1,0,0,coherence-cumulative,1,15,0,0,31489724237,NaN,0,1,3,32733456,2450,2730,6023873,6.8,6,0,0,1,1,156,149,156,28,16,10,24,0,0,0,0,0,0,static-wide-low,response-iid5,admissible
16079043,static-wide-low,static-wide-low,joint-control-iid5,joint-control-iid5,joint-control-iid5,5,30483388217,30483388217,34318761,16345885,36830,0,0,0,1,1,1,0,0,0,15,0,15,2000,0.0075,420,15,0,420,56000,0.0075,420,0,0,0,0,0,60,58,2,0,2000,0,0,0,0,0,0,0,0,0,0,NaN,NaN,NaN,NaN,1,0,0,coherence-cumulative,1,15,0,0,31489724237,NaN,0,1,4,32733456,2450,2730,6023873,6.8,6,0,0,1,1,156,149,156,28,16,10,24,0,0,0,0,0,0,static-wide-low,joint-control-iid5,admissible
16079043,static-wide-low,static-wide-low,iid-occupancy15,iid-occupancy15,iid-occupancy15,5,30483388217,21925670847,33547631,16345885,36830,0,0,0,1,1,1,0,0,0,15,0,15,2000,0.0075,420,15,0,420,56000,0.0075,420,0,0,0,0,0,60,44,16,0,2000,0,0,0,0,0,0,0,0,0,0,NaN,NaN,NaN,NaN,1,0,0,coherence-cumulative,1,15,0,0.15,31489724237,291088,3492,1,5,32733456,2450,2730,6023873,6.8,6,0,0,1,1,156,149,156,28,16,10,24,0,0,0,0,0,0,static-wide-low,iid-occupancy15,admissible
16079043,static-wide-low,static-wide-low,directed-response-blackout,directed-response-blackout,directed-response-blackout,5,30483388217,30483388217,33547631,16345885,36830,0,0,0,1,1,1,0,0,0,15,0,15,2000,0.0075,420,15,0,420,56000,0.0075,420,0,0,0,0,0,60,60,0,0,2000,0,0,0,0,0,0,0,0,0,0,NaN,NaN,NaN,NaN,1,0,0,coherence-cumulative,1,15,0,0,31489724237,NaN,0,1,6,32733456,2450,2730,6023873,6.8,6,0,0,1,1,156,149,156,28,16,10,24,0,0,0,0,0,0,static-wide-low,directed-response-blackout,admissible
16079043,mobile-limited-low,mobile-limited-low,zero,zero,zero,5,30483388217,30483388217,33294437,16345885,36050,0,0,0,1,1,1,0,0,0,15,0,15,2000,0.0075,420,15,0,420,56000,0.0075,420,0,0,0,0,0,0,0,0,0,2000,0,0,0,0,0,0,0,0,0,0,NaN,NaN,NaN,NaN,1,0,0,coherence-cumulative,1,15,0,0,31489724237,NaN,0,2,1,32733456,2450,2450,4949893,6.8,6,0,0,1,1,156,149,156,28,16,10,24,0,0,0,0,0,0,mobile-limited-low,zero,admissible
16079043,mobile-limited-low,mobile-limited-low,claim-iid5,claim-iid5,claim-iid5,5,30483388217,30483388217,33680002,16345885,36050,0,0,0,1,1,1,0,0,0,15,0,15,2000,0.0075,420,15,0,420,56000,0.0075,420,0,0,0,0,0,0,0,0,0,2000,0,0,0,0,0,0,0,0,0,0,NaN,NaN,NaN,NaN,1,0,0,coherence-cumulative,1,15,0,0,31489724237,NaN,0,2,2,32733456,2450,2450,4949893,6.8,6,0,0,1,1,156,149,156,28,16,10,24,0,0,0,0,0,0,mobile-limited-low,claim-iid5,admissible
16079043,mobile-limited-low,mobile-limited-low,response-iid5,response-iid5,response-iid5,5,30483388217,30483388217,33680002,16345885,36050,0,0,0,1,1,1,0,0,0,15,0,15,2000,0.0075,420,15,0,420,56000,0.0075,420,0,0,0,0,0,0,0,0,0,2000,0,0,0,0,0,0,0,0,0,0,NaN,NaN,NaN,NaN,1,0,0,coherence-cumulative,1,15,0,0,31489724237,NaN,0,2,3,32733456,2450,2450,4949893,6.8,6,0,0,1,1,156,149,156,28,16,10,24,0,0,0,0,0,0,mobile-limited-low,response-iid5,admissible
16079043,mobile-limited-low,mobile-limited-low,joint-control-iid5,joint-control-iid5,joint-control-iid5,5,30483388217,30483388217,34065567,16345885,36050,0,0,0,1,1,1,0,0,0,15,0,15,2000,0.0075,420,15,0,420,56000,0.0075,420,0,0,0,0,0,0,0,0,0,2000,0,0,0,0,0,0,0,0,0,0,NaN,NaN,NaN,NaN,1,0,0,coherence-cumulative,1,15,0,0,31489724237,NaN,0,2,4,32733456,2450,2450,4949893,6.8,6,0,0,1,1,156,149,156,28,16,10,24,0,0,0,0,0,0,mobile-limited-low,joint-control-iid5,admissible
16079043,mobile-limited-low,mobile-limited-low,iid-occupancy15,iid-occupancy15,iid-occupancy15,5,30483388217,21925670847,33294437,16345885,36050,0,0,0,1,1,1,0,0,0,15,0,15,2000,0.0075,420,15,0,420,56000,0.0075,420,0,0,0,0,0,0,0,0,0,2000,0,0,0,0,0,0,0,0,0,0,NaN,NaN,NaN,NaN,1,0,0,coherence-cumulative,1,15,0,0.15,31489724237,291088,3492,2,5,32733456,2450,2450,4949893,6.8,6,0,0,1,1,156,149,156,28,16,10,24,0,0,0,0,0,0,mobile-limited-low,iid-occupancy15,admissible
16079043,mobile-limited-low,mobile-limited-low,directed-response-blackout,directed-response-blackout,directed-response-blackout,5,30483388217,30483388217,33294437,16345885,36050,0,0,0,1,1,1,0,0,0,15,0,15,2000,0.0075,420,15,0,420,56000,0.0075,420,0,0,0,0,0,0,0,0,0,2000,0,0,0,0,0,0,0,0,0,0,NaN,NaN,NaN,NaN,1,0,0,coherence-cumulative,1,15,0,0,31489724237,NaN,0,2,6,32733456,2450,2450,4949893,6.8,6,0,0,1,1,156,149,156,28,16,10,24,0,0,0,0,0,0,mobile-limited-low,directed-response-blackout,admissible
16079043,mobile-limited-high,mobile-limited-high,zero,zero,zero,5,30483388217,30483388217,33053373,16345885,36050,0,0,0,1,1,1,0,0,0,15,0,15,2000,0.0075,420,15,0,420,56000,0.0075,420,0,0,0,0,0,0,0,0,0,2000,0,0,0,0,0,0,0,0,0,0,NaN,NaN,NaN,NaN,1,0,0,coherence-cumulative,1,15,0,0,31489724237,NaN,0,3,1,32733456,2450,2450,6717332,6.8,6,0,0,1,1,156,149,156,28,16,10,24,0,0,0,0,0,0,mobile-limited-high,zero,admissible
16079043,mobile-limited-high,mobile-limited-high,claim-iid5,claim-iid5,claim-iid5,5,30483388217,30483388217,33438938,16345885,36050,0,0,0,1,1,1,0,0,0,15,0,15,2000,0.0075,420,15,0,420,56000,0.0075,420,0,0,0,0,0,0,0,0,0,2000,0,0,0,0,0,0,0,0,0,0,NaN,NaN,NaN,NaN,1,0,0,coherence-cumulative,1,15,0,0,31489724237,NaN,0,3,2,32733456,2450,2450,6717332,6.8,6,0,0,1,1,156,149,156,28,16,10,24,0,0,0,0,0,0,mobile-limited-high,claim-iid5,admissible
16079043,mobile-limited-high,mobile-limited-high,response-iid5,response-iid5,response-iid5,5,30483388217,30483388217,33438938,16345885,36050,0,0,0,1,1,1,0,0,0,15,0,15,2000,0.0075,420,15,0,420,56000,0.0075,420,0,0,0,0,0,0,0,0,0,2000,0,0,0,0,0,0,0,0,0,0,NaN,NaN,NaN,NaN,1,0,0,coherence-cumulative,1,15,0,0,31489724237,NaN,0,3,3,32733456,2450,2450,6717332,6.8,6,0,0,1,1,156,149,156,28,16,10,24,0,0,0,0,0,0,mobile-limited-high,response-iid5,admissible
16079043,mobile-limited-high,mobile-limited-high,joint-control-iid5,joint-control-iid5,joint-control-iid5,5,30483388217,30483388217,33824503,16345885,36050,0,0,0,1,1,1,0,0,0,15,0,15,2000,0.0075,420,15,0,420,56000,0.0075,420,0,0,0,0,0,0,0,0,0,2000,0,0,0,0,0,0,0,0,0,0,NaN,NaN,NaN,NaN,1,0,0,coherence-cumulative,1,15,0,0,31489724237,NaN,0,3,4,32733456,2450,2450,6717332,6.8,6,0,0,1,1,156,149,156,28,16,10,24,0,0,0,0,0,0,mobile-limited-high,joint-control-iid5,admissible
16079043,mobile-limited-high,mobile-limited-high,iid-occupancy15,iid-occupancy15,iid-occupancy15,5,30483388217,21925670847,33053373,16345885,36050,0,0,0,1,1,1,0,0,0,15,0,15,2000,0.0075,420,15,0,420,56000,0.0075,420,0,0,0,0,0,0,0,0,0,2000,0,0,0,0,0,0,0,0,0,0,NaN,NaN,NaN,NaN,1,0,0,coherence-cumulative,1,15,0,0.15,31489724237,291088,3492,3,5,32733456,2450,2450,6717332,6.8,6,0,0,1,1,156,149,156,28,16,10,24,0,0,0,0,0,0,mobile-limited-high,iid-occupancy15,admissible
16079043,mobile-limited-high,mobile-limited-high,directed-response-blackout,directed-response-blackout,directed-response-blackout,5,30483388217,30483388217,33053373,16345885,36050,0,0,0,1,1,1,0,0,0,15,0,15,2000,0.0075,420,15,0,420,56000,0.0075,420,0,0,0,0,0,0,0,0,0,2000,0,0,0,0,0,0,0,0,0,0,NaN,NaN,NaN,NaN,1,0,0,coherence-cumulative,1,15,0,0,31489724237,NaN,0,3,6,32733456,2450,2450,6717332,6.8,6,0,0,1,1,156,149,156,28,16,10,24,0,0,0,0,0,0,mobile-limited-high,directed-response-blackout,admissible
16079043,static-wide-low,static-wide-low,zero,zero,zero,10,113016148077,113016148077,33123276,67216314,643148,7,0,1,1,1,1,0,0,0,70,49,119,6800,0.0175,1960,119,1274,3234,184800,0.0175,3234,49,49,0,0,0,1071,1071,0,0,4000,0,5600,5600,0,0,0,0,0,0,0,NaN,NaN,NaN,NaN,1,0,0,coherence-cumulative,1,70,0,0,31383862951,NaN,0,1,1,65698007,36815,40685,5321507,6.8,6,7,0,1,1,72,65,72,28,16,10,24,26,0,0,0,0,0,static-wide-low,zero,admissible
16079043,static-wide-low,static-wide-low,claim-iid5,claim-iid5,claim-iid5,10,113016148077,113016148077,33508841,67215162,643148,7,0,1,1,2,0.99975,0,0,0,76,59,135,6800,0.0198529411764706,2128,119,1534,3662,184800,0.0198160173160173,3234,58,59,5,0,0,1215,1182,33,0,3999,0,5599,5599,0,0,0,0,0,0,0,NaN,NaN,NaN,NaN,1,0,0,coherence-cumulative,1,71,0,0,31383862951,NaN,0,1,2,65698007,36815,40685,5321507,6.8,6,7,0,1,1,72,65,72,28,16,10,24,26,0,0,0,0,0,static-wide-low,claim-iid5,admissible
16079043,static-wide-low,static-wide-low,response-iid5,response-iid5,response-iid5,10,113016148077,113016148077,33508841,67216399,643148,7,0,1,1,1,1,0,0,0,75,58,133,6800,0.0195588235294118,2100,119,1508,3608,184800,0.0195238095238095,3234,58,58,5,0,0,1197,1174,23,0,4000,0,5600,5600,0,0,0,0,0,0,0,NaN,NaN,NaN,NaN,1,0,0,coherence-cumulative,1,70,0,0,31383862951,NaN,0,1,3,65698007,36815,40685,5321507,6.8,6,7,0,1,1,72,65,72,28,16,10,24,26,0,0,0,0,0,static-wide-low,response-iid5,admissible
16079043,static-wide-low,static-wide-low,joint-control-iid5,joint-control-iid5,joint-control-iid5,10,113016148077,113016148077,33894406,67215247,643148,7,0,1,1,2,0.99975,0,0,0,81,68,149,6800,0.0219117647058824,2268,119,1768,4036,184800,0.0218398268398268,3234,67,68,10,0,0,1341,1280,61,0,3999,0,5599,5599,0,0,0,0,0,0,0,NaN,NaN,NaN,NaN,1,0,0,coherence-cumulative,1,71,0,0,31383862951,NaN,0,1,4,65698007,36815,40685,5321507,6.8,6,7,0,1,1,72,65,72,28,16,10,24,26,0,0,0,0,0,static-wide-low,joint-control-iid5,admissible
16079043,static-wide-low,static-wide-low,iid-occupancy15,iid-occupancy15,iid-occupancy15,10,113016148077,76190316797,33123276,67205049,643148,7,0,1,1,4,0.99825,0,0,0,134,127,261,6800,0.0383823529411765,3752,119,3302,7054,184800,0.0381709956709957,3234,125,127,62,0,0,2349,1638,711,0,3993,0,5588,2784,2804,0,0,0,0,0,0,NaN,NaN,NaN,NaN,1,0,0,coherence-cumulative,1,72,0,0.15,31383862951,1054557,7559,1,5,65698007,36815,40685,5321507,6.8,6,7,0,1,1,72,65,72,28,16,10,24,26,0,0,0,0,0,static-wide-low,iid-occupancy15,admissible
16079043,static-wide-low,static-wide-low,directed-response-blackout,directed-response-blackout,directed-response-blackout,10,113016148077,93638473845,33123276,66580435,643148,7,0,1,0,NaN,0.9,0,0,0,463,442,905,6800,0.133088235294118,12964,119,11492,24456,184800,0.132337662337662,3234,442,442,399,0,0,8145,7745,400,0,3600,77,5200,5200,0,0,77,77,0,0,1,NaN,NaN,NaN,NaN,1,0,0,coherence-cumulative,1,64,1,0,31383862951,NaN,0,1,6,65698007,36815,40685,5321507,6.8,6,7,0,1,1,72,65,72,28,16,10,24,26,0,1,0,0,0,static-wide-low,directed-response-blackout,admissible
16079043,mobile-limited-low,mobile-limited-low,zero,zero,zero,10,113016148077,113016148077,33109089,67303925,602072,7,0,1,1,1,1,0,0,0,1340,938,2278,6800,0.335,37520,2278,24388,61908,184800,0.335,61908,938,938,0,268,0,3618,3618,0,0,4000,0,5600,5600,0,0,0,0,0,0,0,NaN,NaN,NaN,NaN,1,0,0,coherence-cumulative,1,1340,0,0,31383862951,NaN,0,2,1,65698007,36815,36815,5177475,1,3,7,0,1,1,10,3,10,28,16,10,24,26,0,0,0,0,0,mobile-limited-low,zero,admissible
16079043,mobile-limited-low,mobile-limited-low,claim-iid5,claim-iid5,claim-iid5,10,113016148077,113016148077,33494654,67301208,602072,7,0,1,1,2,0.9995,0,0,0,1412,1050,2462,6800,0.362058823529412,39536,2278,27300,66836,184800,0.361666666666667,61908,1048,1050,58,315,0,3974,3869,105,0,3998,0,5597,5597,0,0,0,0,0,0,0,NaN,NaN,NaN,NaN,1,0,0,coherence-cumulative,1,1354,0,0,31383862951,NaN,0,2,2,65698007,36815,36815,5177475,1,3,7,0,1,1,10,3,10,28,16,10,24,26,0,0,0,0,0,mobile-limited-low,claim-iid5,admissible
16079043,mobile-limited-low,mobile-limited-low,response-iid5,response-iid5,response-iid5,10,113016148077,113016148077,33494654,67303786,602072,7,0,1,1,1,1,0,0,0,1409,1066,2475,6800,0.363970588235294,39452,2278,27716,67168,184800,0.363463203463203,61908,1066,1066,70,308,0,4002,3886,116,0,4000,0,5600,5600,0,0,0,0,0,0,0,NaN,NaN,NaN,NaN,1,0,0,coherence-cumulative,1,1339,1,0,31383862951,NaN,0,2,3,65698007,36815,36815,5177475,1,3,7,0,1,1,10,3,10,28,16,10,24,26,0,0,0,0,0,mobile-limited-low,response-iid5,admissible
16079043,mobile-limited-low,mobile-limited-low,joint-control-iid5,joint-control-iid5,joint-control-iid5,10,113016148077,113016148077,33880219,67300540,602072,7,0,1,1,2,0.9995,0,0,0,1477,1171,2648,6800,0.389411764705882,41356,2278,30446,71802,184800,0.388538961038961,61908,1169,1171,128,350,0,4336,4099,237,0,3998,0,5597,5597,0,0,0,0,0,0,0,NaN,NaN,NaN,NaN,1,0,0,coherence-cumulative,1,1349,1,0,31383862951,NaN,0,2,4,65698007,36815,36815,5177475,1,3,7,0,1,1,10,3,10,28,16,10,24,26,0,0,0,0,0,mobile-limited-low,joint-control-iid5,admissible
16079043,mobile-limited-low,mobile-limited-low,iid-occupancy15,iid-occupancy15,iid-occupancy15,10,113016148077,76464168004,33109089,67296260,602072,7,0,1,1,3,0.99875,0,0,0,2106,1877,3983,6800,0.585735294117647,58968,2278,48802,107770,184800,0.583170995670996,61908,1875,1877,771,608,0,6841,4968,1873,0,3995,0,5592,2786,2806,0,0,0,0,0,0,NaN,NaN,NaN,NaN,1,0,0,coherence-cumulative,1,1335,2,0.15,31383862951,1394936,7503,2,5,65698007,36815,36815,5177475,1,3,7,0,1,1,10,3,10,28,16,10,24,26,0,0,0,0,0,mobile-limited-low,iid-occupancy15,admissible
16079043,mobile-limited-low,mobile-limited-low,directed-response-blackout,directed-response-blackout,directed-response-blackout,10,113016148077,93638473845,33109089,66663100,602072,7,0,1,0,NaN,0.9,0,0,0,1606,1204,2810,6800,0.413235294117647,44968,2278,31304,76272,184800,0.412727272727273,61908,1204,1204,399,268,0,4150,3750,400,0,3600,77,5200,5200,0,0,77,77,0,0,1,NaN,NaN,NaN,NaN,1,0,0,coherence-cumulative,1,1207,1,0,31383862951,NaN,0,2,6,65698007,36815,36815,5177475,1,3,7,0,1,1,10,3,10,28,16,10,24,26,0,1,0,0,0,mobile-limited-low,directed-response-blackout,admissible
16079043,mobile-limited-high,mobile-limited-high,zero,zero,zero,10,113016148077,113016148077,31784007,57168250,566365,0,0,0,0,NaN,0,0,0,47,0,0,0,4000,0,0,310,0,0,112000,0,8680,0,0,0,0,0,0,0,0,0,0,778,0,0,0,0,960,864,0,96,1,NaN,NaN,NaN,NaN,1,0,0,coherence-cumulative,1,0,0,0,31383862951,NaN,0,3,1,65698007,36815,36815,5301889,0,0,0,0,1,0,0,13,20,28,16,10,24,0,0,0,0,0,0,mobile-limited-high,zero,selector-issued-no-horizon
16079043,mobile-limited-high,mobile-limited-high,claim-iid5,claim-iid5,claim-iid5,10,113016148077,113016148077,32169572,57168250,566365,0,0,0,0,NaN,0,0,0,47,0,0,0,4000,0,0,310,0,0,112000,0,8680,0,0,0,0,0,0,0,0,0,0,778,0,0,0,0,960,864,0,96,1,NaN,NaN,NaN,NaN,1,0,0,coherence-cumulative,1,0,0,0,31383862951,NaN,0,3,2,65698007,36815,36815,5301889,0,0,0,0,1,0,0,13,20,28,16,10,24,0,0,0,0,0,0,mobile-limited-high,claim-iid5,selector-issued-no-horizon
16079043,mobile-limited-high,mobile-limited-high,response-iid5,response-iid5,response-iid5,10,113016148077,113016148077,32169572,57168250,566365,0,0,0,0,NaN,0,0,0,47,0,0,0,4000,0,0,310,0,0,112000,0,8680,0,0,0,0,0,0,0,0,0,0,778,0,0,0,0,960,864,0,96,1,NaN,NaN,NaN,NaN,1,0,0,coherence-cumulative,1,0,0,0,31383862951,NaN,0,3,3,65698007,36815,36815,5301889,0,0,0,0,1,0,0,13,20,28,16,10,24,0,0,0,0,0,0,mobile-limited-high,response-iid5,selector-issued-no-horizon
16079043,mobile-limited-high,mobile-limited-high,joint-control-iid5,joint-control-iid5,joint-control-iid5,10,113016148077,113016148077,32555137,57168250,566365,0,0,0,0,NaN,0,0,0,47,0,0,0,4000,0,0,310,0,0,112000,0,8680,0,0,0,0,0,0,0,0,0,0,778,0,0,0,0,960,864,0,96,1,NaN,NaN,NaN,NaN,1,0,0,coherence-cumulative,1,0,0,0,31383862951,NaN,0,3,4,65698007,36815,36815,5301889,0,0,0,0,1,0,0,13,20,28,16,10,24,0,0,0,0,0,0,mobile-limited-high,joint-control-iid5,selector-issued-no-horizon
16079043,mobile-limited-high,mobile-limited-high,iid-occupancy15,iid-occupancy15,iid-occupancy15,10,113016148077,80310274502,31784007,57168250,566365,0,0,0,0,NaN,0,0,0,47,0,0,0,4000,0,0,310,0,0,112000,0,8680,0,0,0,0,0,0,0,0,0,0,778,0,0,0,0,960,428,436,96,1,NaN,NaN,NaN,NaN,1,0,0,coherence-cumulative,1,0,0,0.15,31383862951,916816,6702,3,5,65698007,36815,36815,5301889,0,0,0,0,1,0,0,13,20,28,16,10,24,0,0,0,0,0,0,mobile-limited-high,iid-occupancy15,selector-issued-no-horizon
16079043,mobile-limited-high,mobile-limited-high,directed-response-blackout,directed-response-blackout,directed-response-blackout,10,113016148077,113016148077,31784007,57168250,566365,0,0,0,0,NaN,0,0,0,47,0,0,0,4000,0,0,310,0,0,112000,0,8680,0,0,0,0,0,0,0,0,0,0,778,0,0,0,0,960,864,0,96,1,NaN,NaN,NaN,NaN,1,0,0,coherence-cumulative,1,0,0,0,31383862951,NaN,0,3,6,65698007,36815,36815,5301889,0,0,0,0,1,0,0,13,20,28,16,10,24,0,0,0,0,0,0,mobile-limited-high,directed-response-blackout,selector-issued-no-horizon
16079044,static-wide-low,static-wide-low,zero,zero,zero,5,30404956222,30404956222,33776251,16471444,37834,1,0,1,1,1,1,0,0,0,15,3,18,2400,0.0075,420,18,78,498,66400,0.0075,498,3,3,0,0,0,72,72,0,0,2000,0,800,800,0,0,0,0,0,0,0,NaN,NaN,NaN,NaN,1,0,0,coherence-cumulative,1,15,0,0,31525337603,NaN,0,1,1,35978457,2472,2730,6137707,6.8,6,1,0,1,1,148,141,148,28,16,10,24,26,0,0,0,0,0,static-wide-low,zero,admissible
16079044,static-wide-low,static-wide-low,claim-iid5,claim-iid5,claim-iid5,5,30404956222,30404956222,34161816,16471444,37834,1,0,1,1,1,1,0,0,0,15,3,18,2400,0.0075,420,18,78,498,66400,0.0075,498,3,3,0,0,0,72,70,2,0,2000,0,800,800,0,0,0,0,0,0,0,NaN,NaN,NaN,NaN,1,0,0,coherence-cumulative,1,15,0,0,31525337603,NaN,0,1,2,35978457,2472,2730,6137707,6.8,6,1,0,1,1,148,141,148,28,16,10,24,26,0,0,0,0,0,static-wide-low,claim-iid5,admissible
16079044,static-wide-low,static-wide-low,response-iid5,response-iid5,response-iid5,5,30404956222,30404956222,34161816,16471444,37834,1,0,1,1,1,1,0,0,0,15,3,18,2400,0.0075,420,18,78,498,66400,0.0075,498,3,3,0,0,0,72,72,0,0,2000,0,800,800,0,0,0,0,0,0,0,NaN,NaN,NaN,NaN,1,0,0,coherence-cumulative,1,15,0,0,31525337603,NaN,0,1,3,35978457,2472,2730,6137707,6.8,6,1,0,1,1,148,141,148,28,16,10,24,26,0,0,0,0,0,static-wide-low,response-iid5,admissible
16079044,static-wide-low,static-wide-low,joint-control-iid5,joint-control-iid5,joint-control-iid5,5,30404956222,30404956222,34547381,16471444,37834,1,0,1,1,1,1,0,0,0,15,3,18,2400,0.0075,420,18,78,498,66400,0.0075,498,3,3,0,0,0,72,70,2,0,2000,0,800,800,0,0,0,0,0,0,0,NaN,NaN,NaN,NaN,1,0,0,coherence-cumulative,1,15,0,0,31525337603,NaN,0,1,4,35978457,2472,2730,6137707,6.8,6,1,0,1,1,148,141,148,28,16,10,24,26,0,0,0,0,0,static-wide-low,joint-control-iid5,admissible
16079044,static-wide-low,static-wide-low,iid-occupancy15,iid-occupancy15,iid-occupancy15,5,30404956222,21915346724,33776251,16470615,37834,1,0,1,1,2,0.9995,0,0,0,22,6,28,2400,0.0116666666666667,616,18,156,772,66400,0.0116265060240964,498,5,6,7,0,0,112,84,28,0,1999,1,799,433,366,0,1,0,1,0,1,NaN,NaN,NaN,NaN,1,0,0,coherence-cumulative,1,15,0,0.15,31525337603,1469173,3471,1,5,35978457,2472,2730,6137707,6.8,6,1,0,1,1,148,141,148,28,16,10,24,26,0,0,0,0,0,static-wide-low,iid-occupancy15,admissible
16079044,static-wide-low,static-wide-low,directed-response-blackout,directed-response-blackout,directed-response-blackout,5,30404956222,25523964877,33776251,16047771,37834,1,0,1,0,NaN,0.8,0,0,0,412,400,812,2400,0.338333333333333,11536,18,10400,21936,66400,0.330361445783133,498,400,400,399,0,0,3248,2848,400,0,1600,135,400,400,0,0,135,135,0,0,1,NaN,NaN,NaN,NaN,1,0,0,coherence-cumulative,1,13,1,0,31525337603,NaN,0,1,6,35978457,2472,2730,6137707,6.8,6,1,0,1,1,148,141,148,28,16,10,24,26,0,1,0,0,0,static-wide-low,directed-response-blackout,admissible
16079044,mobile-limited-low,mobile-limited-low,zero,zero,zero,5,30404956222,30404956222,32635259,16472731,36732,1,0,1,1,1,1,0,0,0,60,12,72,2400,0.03,1680,72,312,1992,66400,0.03,1992,12,12,0,0,0,36,36,0,0,2000,0,800,800,0,0,0,0,0,0,0,NaN,NaN,NaN,NaN,1,0,0,coherence-cumulative,1,60,0,0,31525337603,NaN,0,2,1,35978457,2472,2472,5030643,2,4,1,0,1,1,43,36,43,28,16,10,24,26,0,0,0,0,0,mobile-limited-low,zero,admissible
16079044,mobile-limited-low,mobile-limited-low,claim-iid5,claim-iid5,claim-iid5,5,30404956222,30404956222,33020824,16472731,36732,1,0,1,1,1,1,0,0,0,61,13,74,2400,0.0308333333333333,1708,72,338,2046,66400,0.0308132530120482,1992,13,13,1,0,0,38,37,1,0,2000,0,800,800,0,0,0,0,0,0,0,NaN,NaN,NaN,NaN,1,0,0,coherence-cumulative,1,60,0,0,31525337603,NaN,0,2,2,35978457,2472,2472,5030643,2,4,1,0,1,1,43,36,43,28,16,10,24,26,0,0,0,0,0,mobile-limited-low,claim-iid5,admissible
16079044,mobile-limited-low,mobile-limited-low,response-iid5,response-iid5,response-iid5,5,30404956222,30404956222,33020824,16472731,36732,1,0,1,1,1,1,0,0,0,61,13,74,2400,0.0308333333333333,1708,72,338,2046,66400,0.0308132530120482,1992,13,13,1,0,0,38,37,1,0,2000,0,800,800,0,0,0,0,0,0,0,NaN,NaN,NaN,NaN,1,0,0,coherence-cumulative,1,60,0,0,31525337603,NaN,0,2,3,35978457,2472,2472,5030643,2,4,1,0,1,1,43,36,43,28,16,10,24,26,0,0,0,0,0,mobile-limited-low,response-iid5,admissible
16079044,mobile-limited-low,mobile-limited-low,joint-control-iid5,joint-control-iid5,joint-control-iid5,5,30404956222,30404956222,33406389,16472731,36732,1,0,1,1,1,1,0,0,0,62,14,76,2400,0.0316666666666667,1736,72,364,2100,66400,0.0316265060240964,1992,14,14,2,0,0,40,38,2,0,2000,0,800,800,0,0,0,0,0,0,0,NaN,NaN,NaN,NaN,1,0,0,coherence-cumulative,1,60,0,0,31525337603,NaN,0,2,4,35978457,2472,2472,5030643,2,4,1,0,1,1,43,36,43,28,16,10,24,26,0,0,0,0,0,mobile-limited-low,joint-control-iid5,admissible
16079044,mobile-limited-low,mobile-limited-low,iid-occupancy15,iid-occupancy15,iid-occupancy15,5,30404956222,21902692938,32635259,16471902,36732,1,0,1,1,2,0.9995,0,0,0,74,23,97,2400,0.0404166666666667,2072,72,598,2670,66400,0.040210843373494,1992,23,23,14,0,0,61,40,21,0,1999,1,799,433,366,0,1,0,1,0,1,NaN,NaN,NaN,NaN,1,0,0,coherence-cumulative,1,60,0,0.15,31525337603,1950476,3473,2,5,35978457,2472,2472,5030643,2,4,1,0,1,1,43,36,43,28,16,10,24,26,0,0,0,0,0,mobile-limited-low,iid-occupancy15,admissible
16079044,mobile-limited-low,mobile-limited-low,directed-response-blackout,directed-response-blackout,directed-response-blackout,5,30404956222,25523164877,32635259,16048473,36732,1,0,1,0,NaN,0.8,0,0,0,448,400,848,2400,0.353333333333333,12544,72,10400,22944,66400,0.345542168674699,1992,400,400,399,0,0,812,412,400,0,1600,135,400,400,0,0,135,135,0,0,1,NaN,NaN,NaN,NaN,1,0,0,coherence-cumulative,1,49,1,0,31525337603,NaN,0,2,6,35978457,2472,2472,5030643,2,4,1,0,1,1,43,36,43,28,16,10,24,26,0,1,0,0,0,mobile-limited-low,directed-response-blackout,admissible
16079044,mobile-limited-high,mobile-limited-high,zero,zero,zero,5,30404956222,30404956222,33074020,16473958,36732,1,0,1,1,1,1,0,0,0,145,29,174,2400,0.0725,4060,174,754,4814,66400,0.0725,4814,29,29,0,0,0,87,87,0,0,2000,0,800,800,0,0,0,0,0,0,0,NaN,NaN,NaN,NaN,1,0,0,coherence-cumulative,1,145,0,0,31525337603,NaN,0,3,1,35978457,2472,2472,5765919,1,3,1,0,1,1,21,14,21,28,16,10,24,26,0,0,0,0,0,mobile-limited-high,zero,admissible
16079044,mobile-limited-high,mobile-limited-high,claim-iid5,claim-iid5,claim-iid5,5,30404956222,30404956222,33459585,16473958,36732,1,0,1,1,1,1,0,0,0,145,29,174,2400,0.0725,4060,174,754,4814,66400,0.0725,4814,29,29,0,0,0,87,86,1,0,2000,0,800,800,0,0,0,0,0,0,0,NaN,NaN,NaN,NaN,1,0,0,coherence-cumulative,1,145,0,0,31525337603,NaN,0,3,2,35978457,2472,2472,5765919,1,3,1,0,1,1,21,14,21,28,16,10,24,26,0,0,0,0,0,mobile-limited-high,claim-iid5,admissible
16079044,mobile-limited-high,mobile-limited-high,response-iid5,response-iid5,response-iid5,5,30404956222,30404956222,33459585,16473958,36732,1,0,1,1,1,1,0,0,0,147,31,178,2400,0.0741666666666667,4116,174,806,4922,66400,0.0741265060240964,4814,31,31,2,0,0,91,89,2,0,2000,0,800,800,0,0,0,0,0,0,0,NaN,NaN,NaN,NaN,1,0,0,coherence-cumulative,1,145,0,0,31525337603,NaN,0,3,3,35978457,2472,2472,5765919,1,3,1,0,1,1,21,14,21,28,16,10,24,26,0,0,0,0,0,mobile-limited-high,response-iid5,admissible
16079044,mobile-limited-high,mobile-limited-high,joint-control-iid5,joint-control-iid5,joint-control-iid5,5,30404956222,30404956222,33845150,16473958,36732,1,0,1,1,1,1,0,0,0,147,31,178,2400,0.0741666666666667,4116,174,806,4922,66400,0.0741265060240964,4814,31,31,2,0,0,91,88,3,0,2000,0,800,800,0,0,0,0,0,0,0,NaN,NaN,NaN,NaN,1,0,0,coherence-cumulative,1,145,0,0,31525337603,NaN,0,3,4,35978457,2472,2472,5765919,1,3,1,0,1,1,21,14,21,28,16,10,24,26,0,0,0,0,0,mobile-limited-high,joint-control-iid5,admissible
16079044,mobile-limited-high,mobile-limited-high,iid-occupancy15,iid-occupancy15,iid-occupancy15,5,30404956222,21902692938,33074020,16473129,36732,1,0,1,1,2,0.9995,0,0,0,176,55,231,2400,0.09625,4928,174,1430,6358,66400,0.0957530120481928,4814,55,55,31,0,0,144,101,43,0,1999,1,799,433,366,0,1,0,1,0,1,NaN,NaN,NaN,NaN,1,0,0,coherence-cumulative,1,145,0,0.15,31525337603,1950476,3473,3,5,35978457,2472,2472,5765919,1,3,1,0,1,1,21,14,21,28,16,10,24,26,0,0,0,0,0,mobile-limited-high,iid-occupancy15,admissible
16079044,mobile-limited-high,mobile-limited-high,directed-response-blackout,directed-response-blackout,directed-response-blackout,5,30404956222,25523164877,33074020,16049799,36732,1,0,1,0,NaN,0.8,0,0,0,516,400,916,2400,0.381666666666667,14448,174,10400,24848,66400,0.37421686746988,4814,400,400,399,0,0,829,429,400,0,1600,135,400,400,0,0,135,135,0,0,1,NaN,NaN,NaN,NaN,1,0,0,coherence-cumulative,1,117,1,0,31525337603,NaN,0,3,6,35978457,2472,2472,5765919,1,3,1,0,1,1,21,14,21,28,16,10,24,26,0,1,0,0,0,mobile-limited-high,directed-response-blackout,admissible
16079044,static-wide-low,static-wide-low,zero,zero,zero,10,113052386516,113052386516,33471528,66630958,619527,5,0,1,1,1,1,0,0,0,60,30,90,6000,0.015,1680,90,780,2460,164000,0.015,2460,30,30,0,0,0,810,810,0,0,4000,0,3200,3200,0,0,0,0,0,0,0,NaN,NaN,NaN,NaN,1,0,0,coherence-cumulative,1,60,0,0,31394390717,NaN,0,1,1,66950237,36374,40685,5812207,6.8,6,5,0,1,1,76,69,76,28,16,10,24,26,0,0,0,0,0,static-wide-low,zero,admissible
16079044,static-wide-low,static-wide-low,claim-iid5,claim-iid5,claim-iid5,10,113052386516,113052386516,33857093,66630958,619527,5,0,1,1,1,1,0,0,0,63,34,97,6000,0.0161666666666667,1764,90,884,2648,164000,0.0161463414634146,2460,34,34,3,0,0,873,848,25,0,4000,0,3200,3200,0,0,0,0,0,0,0,NaN,NaN,NaN,NaN,1,0,0,coherence-cumulative,1,60,0,0,31394390717,NaN,0,1,2,66950237,36374,40685,5812207,6.8,6,5,0,1,1,76,69,76,28,16,10,24,26,0,0,0,0,0,static-wide-low,claim-iid5,admissible
16079044,static-wide-low,static-wide-low,response-iid5,response-iid5,response-iid5,10,113052386516,113052386516,33857093,66630958,619527,5,0,1,1,1,1,0,0,0,61,31,92,6000,0.0153333333333333,1708,90,806,2514,164000,0.0153292682926829,2460,31,31,1,0,0,828,817,11,0,4000,0,3200,3200,0,0,0,0,0,0,0,NaN,NaN,NaN,NaN,1,0,0,coherence-cumulative,1,60,0,0,31394390717,NaN,0,1,3,66950237,36374,40685,5812207,6.8,6,5,0,1,1,76,69,76,28,16,10,24,26,0,0,0,0,0,static-wide-low,response-iid5,admissible
16079044,static-wide-low,static-wide-low,joint-control-iid5,joint-control-iid5,joint-control-iid5,10,113052386516,113052386516,34242658,66630958,619527,5,0,1,1,1,1,0,0,0,64,35,99,6000,0.0165,1792,90,910,2702,164000,0.0164756097560976,2460,35,35,4,0,0,891,852,39,0,4000,0,3200,3200,0,0,0,0,0,0,0,NaN,NaN,NaN,NaN,1,0,0,coherence-cumulative,1,60,0,0,31394390717,NaN,0,1,4,66950237,36374,40685,5812207,6.8,6,5,0,1,1,76,69,76,28,16,10,24,26,0,0,0,0,0,static-wide-low,joint-control-iid5,admissible
16079044,static-wide-low,static-wide-low,iid-occupancy15,iid-occupancy15,iid-occupancy15,10,113052386516,76939767237,33471528,66619089,619527,5,0,1,1,4,0.9985,0,0,0,83,59,142,6000,0.0236666666666667,2324,90,1534,3858,164000,0.0235243902439024,2460,58,59,22,0,0,1278,972,306,0,3994,2,3193,1661,1532,0,2,1,1,0,1,NaN,NaN,NaN,NaN,1,0,0,coherence-cumulative,1,61,0,0.15,31394390717,1043332,7404,1,5,66950237,36374,40685,5812207,6.8,6,5,0,1,1,76,69,76,28,16,10,24,26,0,0,0,0,0,static-wide-low,iid-occupancy15,admissible
16079044,static-wide-low,static-wide-low,directed-response-blackout,directed-response-blackout,directed-response-blackout,10,113052386516,93668851212,33471528,66169091,619527,5,0,1,0,NaN,0.9,0,0,0,454,818,1272,6000,0.212,12712,90,21268,33980,164000,0.20719512195122,2460,818,818,399,0,0,11448,11048,400,0,3600,80,2400,2400,0,0,160,160,0,0,1,NaN,NaN,NaN,NaN,1,0,0,coherence-cumulative,1,55,1,0,31394390717,NaN,0,1,6,66950237,36374,40685,5812207,6.8,6,5,0,1,1,76,69,76,28,16,10,24,26,0,1,0,0,0,static-wide-low,directed-response-blackout,admissible
16079044,mobile-limited-low,mobile-limited-low,zero,zero,zero,10,113052386516,113052386516,33045358,66694398,579620,5,1,1,1,1,1,0,0,0,1000,500,1500,6000,0.25,28000,1500,13000,41000,164000,0.25,41000,500,500,0,100,0,1400,1400,0,0,4000,0,3200,3200,0,0,0,0,0,0,0,NaN,NaN,NaN,NaN,1,0,0,coherence-cumulative,1,1000,0,0,31394390717,NaN,0,2,1,66950237,36374,36374,5628867,1,3,5,1,1,1,11,4,11,28,16,10,24,26,0,0,0,0,0,mobile-limited-low,zero,admissible
16079044,mobile-limited-low,mobile-limited-low,claim-iid5,claim-iid5,claim-iid5,10,113052386516,113052386516,33430923,66694646,579620,5,1,1,1,1,1,0,0,0,1022,533,1555,6000,0.259166666666667,28616,1500,13858,42474,164000,0.258987804878049,41000,533,533,20,112,0,1469,1438,31,0,4000,0,3200,3200,0,0,0,0,0,0,0,NaN,NaN,NaN,NaN,1,0,0,coherence-cumulative,1,1002,0,0,31394390717,NaN,0,2,2,66950237,36374,36374,5628867,1,3,5,1,1,1,11,4,11,28,16,10,24,26,0,0,0,0,0,mobile-limited-low,claim-iid5,admissible
16079044,mobile-limited-low,mobile-limited-low,response-iid5,response-iid5,response-iid5,10,113052386516,113052386516,33430923,66694398,579620,5,1,1,1,1,1,0,0,0,1031,549,1580,6000,0.263333333333333,28868,1500,14274,43142,164000,0.263060975609756,41000,549,549,31,114,0,1500,1469,31,0,4000,0,3200,3200,0,0,0,0,0,0,0,NaN,NaN,NaN,NaN,1,0,0,coherence-cumulative,1,1000,0,0,31394390717,NaN,0,2,3,66950237,36374,36374,5628867,1,3,5,1,1,1,11,4,11,28,16,10,24,26,0,0,0,0,0,mobile-limited-low,response-iid5,admissible
16079044,mobile-limited-low,mobile-limited-low,joint-control-iid5,joint-control-iid5,joint-control-iid5,10,113052386516,113052386516,33816488,66694398,579620,5,1,1,1,1,1,0,0,0,1050,578,1628,6000,0.271333333333333,29400,1500,15028,44428,164000,0.27090243902439,41000,578,578,50,125,0,1560,1494,66,0,4000,0,3200,3200,0,0,0,0,0,0,0,NaN,NaN,NaN,NaN,1,0,0,coherence-cumulative,1,1000,0,0,31394390717,NaN,0,2,4,66950237,36374,36374,5628867,1,3,5,1,1,1,11,4,11,28,16,10,24,26,0,0,0,0,0,mobile-limited-low,joint-control-iid5,admissible
16079044,mobile-limited-low,mobile-limited-low,iid-occupancy15,iid-occupancy15,iid-occupancy15,10,113052386516,76982156831,33045358,66688941,579620,5,1,1,1,3,0.999,0,0,0,1391,983,2374,6000,0.395666666666667,38948,1500,25558,64506,164000,0.393329268292683,41000,983,983,372,248,0,2455,1821,634,0,3996,2,3195,1661,1534,0,2,1,1,0,1,NaN,NaN,NaN,NaN,1,0,0,coherence-cumulative,1,1019,0,0.15,31394390717,1470970,7397,2,5,66950237,36374,36374,5628867,1,3,5,1,1,1,11,4,11,28,16,10,24,26,0,0,0,0,0,mobile-limited-low,iid-occupancy15,admissible
16079044,mobile-limited-low,mobile-limited-low,directed-response-blackout,directed-response-blackout,directed-response-blackout,10,113052386516,93668851212,33045358,66222729,579620,5,1,1,0,NaN,0.9,0,0,0,1300,1100,2400,6000,0.4,36400,1500,28600,65000,164000,0.396341463414634,41000,1100,1100,399,400,0,2600,2200,400,0,3600,80,2400,2400,0,0,160,160,0,0,1,NaN,NaN,NaN,NaN,1,0,0,coherence-cumulative,1,901,1,0,31394390717,NaN,0,2,6,66950237,36374,36374,5628867,1,3,5,1,1,1,11,4,11,28,16,10,24,26,0,1,0,0,0,mobile-limited-low,directed-response-blackout,admissible
16079044,mobile-limited-high,mobile-limited-high,zero,zero,zero,10,113052386516,113052386516,32301490,57168250,565324,0,0,0,0,NaN,0,0,0,6,0,0,0,4000,0,0,310,0,0,112000,0,8680,0,0,0,0,0,0,0,0,0,0,766,0,0,0,0,585,573,0,12,1,NaN,NaN,NaN,NaN,1,0,0,coherence-cumulative,1,0,0,0,31394390717,NaN,0,3,1,66950237,36374,36374,4512559,0,0,0,0,1,0,0,13,20,28,16,10,24,0,0,0,0,0,0,mobile-limited-high,zero,selector-issued-no-horizon
16079044,mobile-limited-high,mobile-limited-high,claim-iid5,claim-iid5,claim-iid5,10,113052386516,113052386516,32687055,57168250,565324,0,0,0,0,NaN,0,0,0,6,0,0,0,4000,0,0,310,0,0,112000,0,8680,0,0,0,0,0,0,0,0,0,0,766,0,0,0,0,585,573,0,12,1,NaN,NaN,NaN,NaN,1,0,0,coherence-cumulative,1,0,0,0,31394390717,NaN,0,3,2,66950237,36374,36374,4512559,0,0,0,0,1,0,0,13,20,28,16,10,24,0,0,0,0,0,0,mobile-limited-high,claim-iid5,selector-issued-no-horizon
16079044,mobile-limited-high,mobile-limited-high,response-iid5,response-iid5,response-iid5,10,113052386516,113052386516,32687055,57168250,565324,0,0,0,0,NaN,0,0,0,6,0,0,0,4000,0,0,310,0,0,112000,0,8680,0,0,0,0,0,0,0,0,0,0,766,0,0,0,0,585,573,0,12,1,NaN,NaN,NaN,NaN,1,0,0,coherence-cumulative,1,0,0,0,31394390717,NaN,0,3,3,66950237,36374,36374,4512559,0,0,0,0,1,0,0,13,20,28,16,10,24,0,0,0,0,0,0,mobile-limited-high,response-iid5,selector-issued-no-horizon
16079044,mobile-limited-high,mobile-limited-high,joint-control-iid5,joint-control-iid5,joint-control-iid5,10,113052386516,113052386516,33072620,57168250,565324,0,0,0,0,NaN,0,0,0,6,0,0,0,4000,0,0,310,0,0,112000,0,8680,0,0,0,0,0,0,0,0,0,0,766,0,0,0,0,585,573,0,12,1,NaN,NaN,NaN,NaN,1,0,0,coherence-cumulative,1,0,0,0,31394390717,NaN,0,3,4,66950237,36374,36374,4512559,0,0,0,0,1,0,0,13,20,28,16,10,24,0,0,0,0,0,0,mobile-limited-high,joint-control-iid5,selector-issued-no-horizon
16079044,mobile-limited-high,mobile-limited-high,iid-occupancy15,iid-occupancy15,iid-occupancy15,10,113052386516,78671999976,32301490,57168250,565324,0,0,0,0,NaN,0,0,0,6,0,0,0,4000,0,0,310,0,0,112000,0,8680,0,0,0,0,0,0,0,0,0,0,766,0,0,0,0,585,268,305,12,1,NaN,NaN,NaN,NaN,1,0,0,coherence-cumulative,1,0,0,0.15,31394390717,963222,7080,3,5,66950237,36374,36374,4512559,0,0,0,0,1,0,0,13,20,28,16,10,24,0,0,0,0,0,0,mobile-limited-high,iid-occupancy15,selector-issued-no-horizon
16079044,mobile-limited-high,mobile-limited-high,directed-response-blackout,directed-response-blackout,directed-response-blackout,10,113052386516,113052386516,32301490,57168250,565324,0,0,0,0,NaN,0,0,0,6,0,0,0,4000,0,0,310,0,0,112000,0,8680,0,0,0,0,0,0,0,0,0,0,766,0,0,0,0,585,573,0,12,1,NaN,NaN,NaN,NaN,1,0,0,coherence-cumulative,1,0,0,0,31394390717,NaN,0,3,6,66950237,36374,36374,4512559,0,0,0,0,1,0,0,13,20,28,16,10,24,0,0,0,0,0,0,mobile-limited-high,directed-response-blackout,selector-issued-no-horizon
16079045,static-wide-low,static-wide-low,zero,zero,zero,5,30542609947,30542609947,33323156,16345885,36830,0,0,0,1,1,1,0,0,0,15,0,15,2000,0.0075,420,15,0,420,56000,0.0075,420,0,0,0,0,0,60,60,0,0,2000,0,0,0,0,0,0,0,0,0,0,NaN,NaN,NaN,NaN,1,0,0,coherence-cumulative,1,15,0,0,31532196702,NaN,0,1,1,36859572,2450,2730,5063353,6.8,6,0,0,1,1,156,149,156,28,16,10,24,0,0,0,0,0,0,static-wide-low,zero,admissible
16079045,static-wide-low,static-wide-low,claim-iid5,claim-iid5,claim-iid5,5,30542609947,30542609947,33708721,16345885,36830,0,0,0,1,1,1,0,0,0,15,0,15,2000,0.0075,420,15,0,420,56000,0.0075,420,0,0,0,0,0,60,57,3,0,2000,0,0,0,0,0,0,0,0,0,0,NaN,NaN,NaN,NaN,1,0,0,coherence-cumulative,1,15,0,0,31532196702,NaN,0,1,2,36859572,2450,2730,5063353,6.8,6,0,0,1,1,156,149,156,28,16,10,24,0,0,0,0,0,0,static-wide-low,claim-iid5,admissible
16079045,static-wide-low,static-wide-low,response-iid5,response-iid5,response-iid5,5,30542609947,30542609947,33708721,16345885,36830,0,0,0,1,1,1,0,0,0,15,0,15,2000,0.0075,420,15,0,420,56000,0.0075,420,0,0,0,0,0,60,60,0,0,2000,0,0,0,0,0,0,0,0,0,0,NaN,NaN,NaN,NaN,1,0,0,coherence-cumulative,1,15,0,0,31532196702,NaN,0,1,3,36859572,2450,2730,5063353,6.8,6,0,0,1,1,156,149,156,28,16,10,24,0,0,0,0,0,0,static-wide-low,response-iid5,admissible
16079045,static-wide-low,static-wide-low,joint-control-iid5,joint-control-iid5,joint-control-iid5,5,30542609947,30542609947,34094286,16345885,36830,0,0,0,1,1,1,0,0,0,15,0,15,2000,0.0075,420,15,0,420,56000,0.0075,420,0,0,0,0,0,60,57,3,0,2000,0,0,0,0,0,0,0,0,0,0,NaN,NaN,NaN,NaN,1,0,0,coherence-cumulative,1,15,0,0,31532196702,NaN,0,1,4,36859572,2450,2730,5063353,6.8,6,0,0,1,1,156,149,156,28,16,10,24,0,0,0,0,0,0,static-wide-low,joint-control-iid5,admissible
16079045,static-wide-low,static-wide-low,iid-occupancy15,iid-occupancy15,iid-occupancy15,5,30542609947,21997387313,33323156,16345885,36830,0,0,0,1,1,1,0,0,0,15,0,15,2000,0.0075,420,15,0,420,56000,0.0075,420,0,0,0,0,0,60,44,16,0,2000,0,0,0,0,0,0,0,0,0,0,NaN,NaN,NaN,NaN,1,0,0,coherence-cumulative,1,15,0,0.15,31532196702,993103,3473,1,5,36859572,2450,2730,5063353,6.8,6,0,0,1,1,156,149,156,28,16,10,24,0,0,0,0,0,0,static-wide-low,iid-occupancy15,admissible
16079045,static-wide-low,static-wide-low,directed-response-blackout,directed-response-blackout,directed-response-blackout,5,30542609947,30542609947,33323156,16345885,36830,0,0,0,1,1,1,0,0,0,15,0,15,2000,0.0075,420,15,0,420,56000,0.0075,420,0,0,0,0,0,60,60,0,0,2000,0,0,0,0,0,0,0,0,0,0,NaN,NaN,NaN,NaN,1,0,0,coherence-cumulative,1,15,0,0,31532196702,NaN,0,1,6,36859572,2450,2730,5063353,6.8,6,0,0,1,1,156,149,156,28,16,10,24,0,0,0,0,0,0,static-wide-low,directed-response-blackout,admissible
16079045,mobile-limited-low,mobile-limited-low,zero,zero,zero,5,30542609947,30542609947,32770620,16345885,36050,0,0,0,1,1,1,0,0,0,15,0,15,2000,0.0075,420,15,0,420,56000,0.0075,420,0,0,0,0,0,0,0,0,0,2000,0,0,0,0,0,0,0,0,0,0,NaN,NaN,NaN,NaN,1,0,0,coherence-cumulative,1,15,0,0,31532196702,NaN,0,2,1,36859572,2450,2450,5246809,6.8,6,0,0,1,1,156,149,156,28,16,10,24,0,0,0,0,0,0,mobile-limited-low,zero,admissible
16079045,mobile-limited-low,mobile-limited-low,claim-iid5,claim-iid5,claim-iid5,5,30542609947,30542609947,33156185,16345885,36050,0,0,0,1,1,1,0,0,0,15,0,15,2000,0.0075,420,15,0,420,56000,0.0075,420,0,0,0,0,0,0,0,0,0,2000,0,0,0,0,0,0,0,0,0,0,NaN,NaN,NaN,NaN,1,0,0,coherence-cumulative,1,15,0,0,31532196702,NaN,0,2,2,36859572,2450,2450,5246809,6.8,6,0,0,1,1,156,149,156,28,16,10,24,0,0,0,0,0,0,mobile-limited-low,claim-iid5,admissible
16079045,mobile-limited-low,mobile-limited-low,response-iid5,response-iid5,response-iid5,5,30542609947,30542609947,33156185,16345885,36050,0,0,0,1,1,1,0,0,0,15,0,15,2000,0.0075,420,15,0,420,56000,0.0075,420,0,0,0,0,0,0,0,0,0,2000,0,0,0,0,0,0,0,0,0,0,NaN,NaN,NaN,NaN,1,0,0,coherence-cumulative,1,15,0,0,31532196702,NaN,0,2,3,36859572,2450,2450,5246809,6.8,6,0,0,1,1,156,149,156,28,16,10,24,0,0,0,0,0,0,mobile-limited-low,response-iid5,admissible
16079045,mobile-limited-low,mobile-limited-low,joint-control-iid5,joint-control-iid5,joint-control-iid5,5,30542609947,30542609947,33541750,16345885,36050,0,0,0,1,1,1,0,0,0,15,0,15,2000,0.0075,420,15,0,420,56000,0.0075,420,0,0,0,0,0,0,0,0,0,2000,0,0,0,0,0,0,0,0,0,0,NaN,NaN,NaN,NaN,1,0,0,coherence-cumulative,1,15,0,0,31532196702,NaN,0,2,4,36859572,2450,2450,5246809,6.8,6,0,0,1,1,156,149,156,28,16,10,24,0,0,0,0,0,0,mobile-limited-low,joint-control-iid5,admissible
16079045,mobile-limited-low,mobile-limited-low,iid-occupancy15,iid-occupancy15,iid-occupancy15,5,30542609947,21997387313,32770620,16345885,36050,0,0,0,1,1,1,0,0,0,15,0,15,2000,0.0075,420,15,0,420,56000,0.0075,420,0,0,0,0,0,0,0,0,0,2000,0,0,0,0,0,0,0,0,0,0,NaN,NaN,NaN,NaN,1,0,0,coherence-cumulative,1,15,0,0.15,31532196702,993103,3473,2,5,36859572,2450,2450,5246809,6.8,6,0,0,1,1,156,149,156,28,16,10,24,0,0,0,0,0,0,mobile-limited-low,iid-occupancy15,admissible
16079045,mobile-limited-low,mobile-limited-low,directed-response-blackout,directed-response-blackout,directed-response-blackout,5,30542609947,30542609947,32770620,16345885,36050,0,0,0,1,1,1,0,0,0,15,0,15,2000,0.0075,420,15,0,420,56000,0.0075,420,0,0,0,0,0,0,0,0,0,2000,0,0,0,0,0,0,0,0,0,0,NaN,NaN,NaN,NaN,1,0,0,coherence-cumulative,1,15,0,0,31532196702,NaN,0,2,6,36859572,2450,2450,5246809,6.8,6,0,0,1,1,156,149,156,28,16,10,24,0,0,0,0,0,0,mobile-limited-low,directed-response-blackout,admissible
16079045,mobile-limited-high,mobile-limited-high,zero,zero,zero,5,30542609947,30542609947,33531529,16345885,36050,0,0,0,1,1,1,0,0,0,15,0,15,2000,0.0075,420,15,0,420,56000,0.0075,420,0,0,0,0,0,0,0,0,0,2000,0,0,0,0,0,0,0,0,0,0,NaN,NaN,NaN,NaN,1,0,0,coherence-cumulative,1,15,0,0,31532196702,NaN,0,3,1,36859572,2450,2450,4893802,6.8,6,0,0,1,1,156,149,156,28,16,10,24,0,0,0,0,0,0,mobile-limited-high,zero,admissible
16079045,mobile-limited-high,mobile-limited-high,claim-iid5,claim-iid5,claim-iid5,5,30542609947,30542609947,33917094,16345885,36050,0,0,0,1,1,1,0,0,0,15,0,15,2000,0.0075,420,15,0,420,56000,0.0075,420,0,0,0,0,0,0,0,0,0,2000,0,0,0,0,0,0,0,0,0,0,NaN,NaN,NaN,NaN,1,0,0,coherence-cumulative,1,15,0,0,31532196702,NaN,0,3,2,36859572,2450,2450,4893802,6.8,6,0,0,1,1,156,149,156,28,16,10,24,0,0,0,0,0,0,mobile-limited-high,claim-iid5,admissible
16079045,mobile-limited-high,mobile-limited-high,response-iid5,response-iid5,response-iid5,5,30542609947,30542609947,33917094,16345885,36050,0,0,0,1,1,1,0,0,0,15,0,15,2000,0.0075,420,15,0,420,56000,0.0075,420,0,0,0,0,0,0,0,0,0,2000,0,0,0,0,0,0,0,0,0,0,NaN,NaN,NaN,NaN,1,0,0,coherence-cumulative,1,15,0,0,31532196702,NaN,0,3,3,36859572,2450,2450,4893802,6.8,6,0,0,1,1,156,149,156,28,16,10,24,0,0,0,0,0,0,mobile-limited-high,response-iid5,admissible
16079045,mobile-limited-high,mobile-limited-high,joint-control-iid5,joint-control-iid5,joint-control-iid5,5,30542609947,30542609947,34302659,16345885,36050,0,0,0,1,1,1,0,0,0,15,0,15,2000,0.0075,420,15,0,420,56000,0.0075,420,0,0,0,0,0,0,0,0,0,2000,0,0,0,0,0,0,0,0,0,0,NaN,NaN,NaN,NaN,1,0,0,coherence-cumulative,1,15,0,0,31532196702,NaN,0,3,4,36859572,2450,2450,4893802,6.8,6,0,0,1,1,156,149,156,28,16,10,24,0,0,0,0,0,0,mobile-limited-high,joint-control-iid5,admissible
16079045,mobile-limited-high,mobile-limited-high,iid-occupancy15,iid-occupancy15,iid-occupancy15,5,30542609947,21997387313,33531529,16345885,36050,0,0,0,1,1,1,0,0,0,15,0,15,2000,0.0075,420,15,0,420,56000,0.0075,420,0,0,0,0,0,0,0,0,0,2000,0,0,0,0,0,0,0,0,0,0,NaN,NaN,NaN,NaN,1,0,0,coherence-cumulative,1,15,0,0.15,31532196702,993103,3473,3,5,36859572,2450,2450,4893802,6.8,6,0,0,1,1,156,149,156,28,16,10,24,0,0,0,0,0,0,mobile-limited-high,iid-occupancy15,admissible
16079045,mobile-limited-high,mobile-limited-high,directed-response-blackout,directed-response-blackout,directed-response-blackout,5,30542609947,30542609947,33531529,16345885,36050,0,0,0,1,1,1,0,0,0,15,0,15,2000,0.0075,420,15,0,420,56000,0.0075,420,0,0,0,0,0,0,0,0,0,2000,0,0,0,0,0,0,0,0,0,0,NaN,NaN,NaN,NaN,1,0,0,coherence-cumulative,1,15,0,0,31532196702,NaN,0,3,6,36859572,2450,2450,4893802,6.8,6,0,0,1,1,156,149,156,28,16,10,24,0,0,0,0,0,0,mobile-limited-high,directed-response-blackout,admissible
16079045,static-wide-low,static-wide-low,zero,zero,zero,10,113162601694,113162601694,33677917,68081943,680702,10,0,1,1,1,1,0,0,0,70,70,140,8000,0.0175,1960,140,1820,3780,216000,0.0175,3780,70,70,0,14,0,1260,1260,0,0,4000,0,4800,4800,0,0,0,0,0,0,0,NaN,NaN,NaN,NaN,1,0,0,coherence-cumulative,1,70,0,0,31475419093,NaN,0,1,1,74186619,36734,40685,6631131,6.8,6,10,0,1,1,67,60,67,28,16,10,24,26,0,0,0,0,0,static-wide-low,zero,admissible
16079045,static-wide-low,static-wide-low,claim-iid5,claim-iid5,claim-iid5,10,113162601694,113162601694,34063482,68082388,680702,10,0,1,1,1,1,0,0,0,76,90,166,8000,0.02075,2128,140,2340,4468,216000,0.0206851851851852,3780,90,90,4,19,0,1494,1464,30,0,4000,0,4800,4800,0,0,0,0,0,0,0,NaN,NaN,NaN,NaN,1,0,0,coherence-cumulative,1,72,0,0,31475419093,NaN,0,1,2,74186619,36734,40685,6631131,6.8,6,10,0,1,1,67,60,67,28,16,10,24,26,0,0,0,0,0,static-wide-low,claim-iid5,admissible
16079045,static-wide-low,static-wide-low,response-iid5,response-iid5,response-iid5,10,113162601694,113162601694,34063482,68081943,680702,10,0,1,1,1,1,0,0,0,79,93,172,8000,0.0215,2212,140,2418,4630,216000,0.0214351851851852,3780,93,93,9,19,0,1548,1504,44,0,4000,0,4800,4800,0,0,0,0,0,0,0,NaN,NaN,NaN,NaN,1,0,0,coherence-cumulative,1,70,0,0,31475419093,NaN,0,1,3,74186619,36734,40685,6631131,6.8,6,10,0,1,1,67,60,67,28,16,10,24,26,0,0,0,0,0,static-wide-low,response-iid5,admissible
16079045,static-wide-low,static-wide-low,joint-control-iid5,joint-control-iid5,joint-control-iid5,10,113162601694,113162601694,34449047,68082153,680702,10,0,1,1,1,1,0,0,0,82,103,185,8000,0.023125,2296,140,2678,4974,216000,0.0230277777777778,3780,103,103,11,21,0,1665,1587,78,0,4000,0,4800,4800,0,0,0,0,0,0,0,NaN,NaN,NaN,NaN,1,0,0,coherence-cumulative,1,71,0,0,31475419093,NaN,0,1,4,74186619,36734,40685,6631131,6.8,6,10,0,1,1,67,60,67,28,16,10,24,26,0,0,0,0,0,static-wide-low,joint-control-iid5,admissible
16079045,static-wide-low,static-wide-low,iid-occupancy15,iid-occupancy15,iid-occupancy15,10,113162601694,77290178995,33677917,68047676,680702,10,0,1,1,5,0.9965,0,0,0,148,206,354,8000,0.04425,4144,140,5356,9500,216000,0.0439814814814815,3780,198,206,72,47,0,3186,2214,972,0,3986,2,4776,2503,2273,0,3,2,1,0,1,NaN,NaN,NaN,NaN,1,0,0,coherence-cumulative,1,76,0,0.15,31475419093,1316892,7350,1,5,74186619,36734,40685,6631131,6.8,6,10,0,1,1,67,60,67,28,16,10,24,26,0,0,0,0,0,static-wide-low,iid-occupancy15,admissible
16079045,static-wide-low,static-wide-low,directed-response-blackout,directed-response-blackout,directed-response-blackout,10,113162601694,93787183577,33677917,67272271,680702,10,0,1,0,NaN,0.9,0,0,0,463,1249,1712,8000,0.214,12964,140,32474,45438,216000,0.210361111111111,3780,1249,1249,399,14,0,15408,15008,400,0,3600,74,4400,4400,0,0,74,74,0,0,1,NaN,NaN,NaN,NaN,1,0,0,coherence-cumulative,1,64,1,0,31475419093,NaN,0,1,6,74186619,36734,40685,6631131,6.8,6,10,0,1,1,67,60,67,28,16,10,24,26,0,1,0,0,0,static-wide-low,directed-response-blackout,admissible
16079045,mobile-limited-low,mobile-limited-low,zero,zero,zero,10,113162601694,113162601694,32665865,68227238,613178,10,4,3,1,1,1,0,0,0,1340,670,2010,6000,0.335,37520,2010,24120,61640,184000,0.335,61640,1340,1340,0,536,0,2948,2948,0,0,4000,0,4800,4800,0,0,0,0,0,0,0,NaN,NaN,NaN,NaN,1,0,0,coherence-cumulative,1,1340,0,0,31475419093,NaN,0,2,1,74186619,36734,36734,4843919,1,3,10,4,1,1,10,3,10,28,16,10,24,46,0,0,0,0,0,mobile-limited-low,zero,admissible
16079045,mobile-limited-low,mobile-limited-low,claim-iid5,claim-iid5,claim-iid5,10,113162601694,113162601694,33051430,68236202,613178,10,4,3,1,1,1,0,0,0,1443,866,2309,6000,0.384833333333333,40404,2010,30306,70710,184000,0.38429347826087,61640,1645,1645,64,691,0,3611,3528,83,0,4000,0,4800,4800,0,0,0,0,0,0,0,NaN,NaN,NaN,NaN,1,0,0,coherence-cumulative,1,1379,0,0,31475419093,NaN,0,2,2,74186619,36734,36734,4843919,1,3,10,4,1,1,10,3,10,28,16,10,24,46,0,0,0,0,0,mobile-limited-low,claim-iid5,admissible
16079045,mobile-limited-low,mobile-limited-low,response-iid5,response-iid5,response-iid5,10,113162601694,113162601694,33051430,68227238,613178,10,4,3,1,1,1,0,0,0,1416,869,2285,6000,0.380833333333333,39648,2010,29894,69542,184000,0.377945652173913,61640,1599,1599,76,671,0,3599,3491,108,0,4000,0,4800,4800,0,0,0,0,0,0,0,NaN,NaN,NaN,NaN,1,0,0,coherence-cumulative,1,1340,0,0,31475419093,NaN,0,2,3,74186619,36734,36734,4843919,1,3,10,4,1,1,10,3,10,28,16,10,24,46,0,0,0,0,0,mobile-limited-low,response-iid5,admissible
16079045,mobile-limited-low,mobile-limited-low,joint-control-iid5,joint-control-iid5,joint-control-iid5,10,113162601694,113162601694,33436995,68234810,613178,10,4,3,1,1,1,0,0,0,1508,1022,2530,6000,0.421666666666667,42224,2010,34882,77106,184000,0.419054347826087,61640,1853,1853,135,795,0,4126,3920,206,0,4000,0,4800,4800,0,0,0,0,0,0,0,NaN,NaN,NaN,NaN,1,0,0,coherence-cumulative,1,1373,0,0,31475419093,NaN,0,2,4,74186619,36734,36734,4843919,1,3,10,4,1,1,10,3,10,28,16,10,24,46,0,0,0,0,0,mobile-limited-low,joint-control-iid5,admissible
16079045,mobile-limited-low,mobile-limited-low,iid-occupancy15,iid-occupancy15,iid-occupancy15,10,113162601694,78570913873,32665865,68179907,613178,10,4,3,1,6,0.99575,0,0,0,2048,1479,3527,6000,0.587833333333333,57344,2010,51854,109198,184000,0.593467391304348,61640,2813,2819,730,1251,0,6091,4311,1780,0,3983,2,4768,2624,2144,0,3,0,3,0,1,NaN,NaN,NaN,NaN,1,0,0,coherence-cumulative,1,1318,2,0.15,31475419093,539655,7093,2,5,74186619,36734,36734,4843919,1,3,10,4,1,1,10,3,10,28,16,10,24,46,0,0,0,0,0,mobile-limited-low,iid-occupancy15,admissible
16079045,mobile-limited-low,mobile-limited-low,directed-response-blackout,directed-response-blackout,directed-response-blackout,10,113162601694,93787972777,32665865,67397720,613178,10,4,3,0,NaN,0.9,0,0,0,1606,936,2542,6000,0.423666666666667,44968,2010,36356,81324,184000,0.441978260869565,61640,2138,2138,399,536,0,4012,3612,400,0,3600,74,4400,4400,0,0,74,74,0,0,1,NaN,NaN,NaN,NaN,1,0,0,coherence-cumulative,1,1207,1,0,31475419093,NaN,0,2,6,74186619,36734,36734,4843919,1,3,10,4,1,1,10,3,10,28,16,10,24,46,0,1,0,0,0,mobile-limited-low,directed-response-blackout,admissible
16079045,mobile-limited-high,mobile-limited-high,zero,zero,zero,10,113162601694,113162601694,33262635,57168250,566084,0,0,0,0,NaN,0,0,0,39,0,0,0,4000,0,0,310,0,0,112000,0,8680,0,0,0,0,0,0,0,0,0,0,762,0,0,0,0,779,699,0,80,1,NaN,NaN,NaN,NaN,1,0,0,coherence-cumulative,1,0,0,0,31475419093,NaN,0,3,1,74186619,36734,36734,6125961,0.25,1,10,4,1,0,0,13,20,28,16,10,24,0,0,0,0,0,0,mobile-limited-high,zero,horizon-shorter-than-renewal-slack
16079045,mobile-limited-high,mobile-limited-high,claim-iid5,claim-iid5,claim-iid5,10,113162601694,113162601694,33648200,57168250,566084,0,0,0,0,NaN,0,0,0,39,0,0,0,4000,0,0,310,0,0,112000,0,8680,0,0,0,0,0,0,0,0,0,0,762,0,0,0,0,779,699,0,80,1,NaN,NaN,NaN,NaN,1,0,0,coherence-cumulative,1,0,0,0,31475419093,NaN,0,3,2,74186619,36734,36734,6125961,0.25,1,10,4,1,0,0,13,20,28,16,10,24,0,0,0,0,0,0,mobile-limited-high,claim-iid5,horizon-shorter-than-renewal-slack
16079045,mobile-limited-high,mobile-limited-high,response-iid5,response-iid5,response-iid5,10,113162601694,113162601694,33648200,57168250,566084,0,0,0,0,NaN,0,0,0,39,0,0,0,4000,0,0,310,0,0,112000,0,8680,0,0,0,0,0,0,0,0,0,0,762,0,0,0,0,779,699,0,80,1,NaN,NaN,NaN,NaN,1,0,0,coherence-cumulative,1,0,0,0,31475419093,NaN,0,3,3,74186619,36734,36734,6125961,0.25,1,10,4,1,0,0,13,20,28,16,10,24,0,0,0,0,0,0,mobile-limited-high,response-iid5,horizon-shorter-than-renewal-slack
16079045,mobile-limited-high,mobile-limited-high,joint-control-iid5,joint-control-iid5,joint-control-iid5,10,113162601694,113162601694,34033765,57168250,566084,0,0,0,0,NaN,0,0,0,39,0,0,0,4000,0,0,310,0,0,112000,0,8680,0,0,0,0,0,0,0,0,0,0,762,0,0,0,0,779,699,0,80,1,NaN,NaN,NaN,NaN,1,0,0,coherence-cumulative,1,0,0,0,31475419093,NaN,0,3,4,74186619,36734,36734,6125961,0.25,1,10,4,1,0,0,13,20,28,16,10,24,0,0,0,0,0,0,mobile-limited-high,joint-control-iid5,horizon-shorter-than-renewal-slack
16079045,mobile-limited-high,mobile-limited-high,iid-occupancy15,iid-occupancy15,iid-occupancy15,10,113162601694,79728666675,33262635,57168250,566084,0,0,0,0,NaN,0,0,0,39,0,0,0,4000,0,0,310,0,0,112000,0,8680,0,0,0,0,0,0,0,0,0,0,762,0,0,0,0,779,364,335,80,1,NaN,NaN,NaN,NaN,1,0,0,coherence-cumulative,1,0,0,0.15,31475419093,515910,6847,3,5,74186619,36734,36734,6125961,0.25,1,10,4,1,0,0,13,20,28,16,10,24,0,0,0,0,0,0,mobile-limited-high,iid-occupancy15,horizon-shorter-than-renewal-slack
16079045,mobile-limited-high,mobile-limited-high,directed-response-blackout,directed-response-blackout,directed-response-blackout,10,113162601694,113162601694,33262635,57168250,566084,0,0,0,0,NaN,0,0,0,39,0,0,0,4000,0,0,310,0,0,112000,0,8680,0,0,0,0,0,0,0,0,0,0,762,0,0,0,0,779,699,0,80,1,NaN,NaN,NaN,NaN,1,0,0,coherence-cumulative,1,0,0,0,31475419093,NaN,0,3,6,74186619,36734,36734,6125961,0.25,1,10,4,1,0,0,13,20,28,16,10,24,0,0,0,0,0,0,mobile-limited-high,directed-response-blackout,horizon-shorter-than-renewal-slack
16079046,static-wide-low,static-wide-low,zero,zero,zero,5,30442292159,30442292159,32841619,16471444,37834,1,0,1,1,1,1,0,0,0,15,3,18,2400,0.0075,420,18,78,498,66400,0.0075,498,3,3,0,0,0,72,72,0,0,2000,0,800,800,0,0,0,0,0,0,0,NaN,NaN,NaN,NaN,1,0,0,coherence-cumulative,1,15,0,0,31527163461,NaN,0,1,1,32357858,2472,2730,5809824,6.8,6,1,0,1,1,148,141,148,28,16,10,24,26,0,0,0,0,0,static-wide-low,zero,admissible
16079046,static-wide-low,static-wide-low,claim-iid5,claim-iid5,claim-iid5,5,30442292159,30442292159,33227184,16471444,37834,1,0,1,1,1,1,0,0,0,15,3,18,2400,0.0075,420,18,78,498,66400,0.0075,498,3,3,0,0,0,72,71,1,0,2000,0,800,800,0,0,0,0,0,0,0,NaN,NaN,NaN,NaN,1,0,0,coherence-cumulative,1,15,0,0,31527163461,NaN,0,1,2,32357858,2472,2730,5809824,6.8,6,1,0,1,1,148,141,148,28,16,10,24,26,0,0,0,0,0,static-wide-low,claim-iid5,admissible
16079046,static-wide-low,static-wide-low,response-iid5,response-iid5,response-iid5,5,30442292159,30442292159,33227184,16471444,37834,1,0,1,1,1,1,0,0,0,15,3,18,2400,0.0075,420,18,78,498,66400,0.0075,498,3,3,0,0,0,72,72,0,0,2000,0,800,800,0,0,0,0,0,0,0,NaN,NaN,NaN,NaN,1,0,0,coherence-cumulative,1,15,0,0,31527163461,NaN,0,1,3,32357858,2472,2730,5809824,6.8,6,1,0,1,1,148,141,148,28,16,10,24,26,0,0,0,0,0,static-wide-low,response-iid5,admissible
16079046,static-wide-low,static-wide-low,joint-control-iid5,joint-control-iid5,joint-control-iid5,5,30442292159,30442292159,33612749,16471444,37834,1,0,1,1,1,1,0,0,0,15,3,18,2400,0.0075,420,18,78,498,66400,0.0075,498,3,3,0,0,0,72,71,1,0,2000,0,800,800,0,0,0,0,0,0,0,NaN,NaN,NaN,NaN,1,0,0,coherence-cumulative,1,15,0,0,31527163461,NaN,0,1,4,32357858,2472,2730,5809824,6.8,6,1,0,1,1,148,141,148,28,16,10,24,26,0,0,0,0,0,static-wide-low,joint-control-iid5,admissible
16079046,static-wide-low,static-wide-low,iid-occupancy15,iid-occupancy15,iid-occupancy15,5,30442292159,21836109107,32841619,16470680,37834,1,0,1,1,2,0.9995,0,0,0,22,7,29,2400,0.0120833333333333,616,18,182,798,66400,0.0120180722891566,498,6,7,6,0,0,116,80,36,0,1999,0,799,413,386,0,0,0,0,0,0,NaN,NaN,NaN,NaN,1,0,0,coherence-cumulative,1,16,0,0.15,31527163461,1141499,3540,1,5,32357858,2472,2730,5809824,6.8,6,1,0,1,1,148,141,148,28,16,10,24,26,0,0,0,0,0,static-wide-low,iid-occupancy15,admissible
16079046,static-wide-low,static-wide-low,directed-response-blackout,directed-response-blackout,directed-response-blackout,5,30442292159,25623171186,32841619,16047771,37834,1,0,1,0,NaN,0.8,0,0,0,412,400,812,2400,0.338333333333333,11536,18,10400,21936,66400,0.330361445783133,498,400,400,399,0,0,3248,2848,400,0,1600,157,400,400,0,0,157,157,0,0,1,NaN,NaN,NaN,NaN,1,0,0,coherence-cumulative,1,13,1,0,31527163461,NaN,0,1,6,32357858,2472,2730,5809824,6.8,6,1,0,1,1,148,141,148,28,16,10,24,26,0,1,0,0,0,static-wide-low,directed-response-blackout,admissible
16079046,mobile-limited-low,mobile-limited-low,zero,zero,zero,5,30442292159,30442292159,31715282,16472731,36732,1,0,1,1,1,1,0,0,0,60,12,72,2400,0.03,1680,72,312,1992,66400,0.03,1992,12,12,0,0,0,36,36,0,0,2000,0,800,800,0,0,0,0,0,0,0,NaN,NaN,NaN,NaN,1,0,0,coherence-cumulative,1,60,0,0,31527163461,NaN,0,2,1,32357858,2472,2472,3897504,2,4,1,0,1,1,43,36,43,28,16,10,24,26,0,0,0,0,0,mobile-limited-low,zero,admissible
16079046,mobile-limited-low,mobile-limited-low,claim-iid5,claim-iid5,claim-iid5,5,30442292159,30442292159,32100847,16472731,36732,1,0,1,1,1,1,0,0,0,61,13,74,2400,0.0308333333333333,1708,72,338,2046,66400,0.0308132530120482,1992,13,13,1,0,0,38,36,2,0,2000,0,800,800,0,0,0,0,0,0,0,NaN,NaN,NaN,NaN,1,0,0,coherence-cumulative,1,60,0,0,31527163461,NaN,0,2,2,32357858,2472,2472,3897504,2,4,1,0,1,1,43,36,43,28,16,10,24,26,0,0,0,0,0,mobile-limited-low,claim-iid5,admissible
16079046,mobile-limited-low,mobile-limited-low,response-iid5,response-iid5,response-iid5,5,30442292159,30442292159,32100847,16472731,36732,1,0,1,1,1,1,0,0,0,60,12,72,2400,0.03,1680,72,312,1992,66400,0.03,1992,12,12,0,0,0,36,36,0,0,2000,0,800,800,0,0,0,0,0,0,0,NaN,NaN,NaN,NaN,1,0,0,coherence-cumulative,1,60,0,0,31527163461,NaN,0,2,3,32357858,2472,2472,3897504,2,4,1,0,1,1,43,36,43,28,16,10,24,26,0,0,0,0,0,mobile-limited-low,response-iid5,admissible
16079046,mobile-limited-low,mobile-limited-low,joint-control-iid5,joint-control-iid5,joint-control-iid5,5,30442292159,30442292159,32486412,16472731,36732,1,0,1,1,1,1,0,0,0,61,13,74,2400,0.0308333333333333,1708,72,338,2046,66400,0.0308132530120482,1992,13,13,1,0,0,38,36,2,0,2000,0,800,800,0,0,0,0,0,0,0,NaN,NaN,NaN,NaN,1,0,0,coherence-cumulative,1,60,0,0,31527163461,NaN,0,2,4,32357858,2472,2472,3897504,2,4,1,0,1,1,43,36,43,28,16,10,24,26,0,0,0,0,0,mobile-limited-low,joint-control-iid5,admissible
16079046,mobile-limited-low,mobile-limited-low,iid-occupancy15,iid-occupancy15,iid-occupancy15,5,30442292159,21847819782,31715282,16471902,36732,1,0,1,1,2,0.9995,0,0,0,71,22,93,2400,0.03875,1988,72,572,2560,66400,0.0385542168674699,1992,21,22,11,0,0,57,41,16,0,1999,0,799,413,386,0,0,0,0,0,0,NaN,NaN,NaN,NaN,1,0,0,coherence-cumulative,1,60,0,0.15,31527163461,455314,3537,2,5,32357858,2472,2472,3897504,2,4,1,0,1,1,43,36,43,28,16,10,24,26,0,0,0,0,0,mobile-limited-low,iid-occupancy15,admissible
16079046,mobile-limited-low,mobile-limited-low,directed-response-blackout,directed-response-blackout,directed-response-blackout,5,30442292159,25622371186,31715282,16048473,36732,1,0,1,0,NaN,0.8,0,0,0,448,400,848,2400,0.353333333333333,12544,72,10400,22944,66400,0.345542168674699,1992,400,400,399,0,0,812,412,400,0,1600,157,400,400,0,0,157,157,0,0,1,NaN,NaN,NaN,NaN,1,0,0,coherence-cumulative,1,49,1,0,31527163461,NaN,0,2,6,32357858,2472,2472,3897504,2,4,1,0,1,1,43,36,43,28,16,10,24,26,0,1,0,0,0,mobile-limited-low,directed-response-blackout,admissible
16079046,mobile-limited-high,mobile-limited-high,zero,zero,zero,5,30442292159,30442292159,32624674,16472731,36732,1,0,1,1,1,1,0,0,0,60,12,72,2400,0.03,1680,72,312,1992,66400,0.03,1992,12,12,0,0,0,36,36,0,0,2000,0,800,800,0,0,0,0,0,0,0,NaN,NaN,NaN,NaN,1,0,0,coherence-cumulative,1,60,0,0,31527163461,NaN,0,3,1,32357858,2472,2472,5649075,2,4,1,0,1,1,43,36,43,28,16,10,24,26,0,0,0,0,0,mobile-limited-high,zero,admissible
16079046,mobile-limited-high,mobile-limited-high,claim-iid5,claim-iid5,claim-iid5,5,30442292159,30442292159,33010239,16472731,36732,1,0,1,1,1,1,0,0,0,61,13,74,2400,0.0308333333333333,1708,72,338,2046,66400,0.0308132530120482,1992,13,13,1,0,0,38,36,2,0,2000,0,800,800,0,0,0,0,0,0,0,NaN,NaN,NaN,NaN,1,0,0,coherence-cumulative,1,60,0,0,31527163461,NaN,0,3,2,32357858,2472,2472,5649075,2,4,1,0,1,1,43,36,43,28,16,10,24,26,0,0,0,0,0,mobile-limited-high,claim-iid5,admissible
16079046,mobile-limited-high,mobile-limited-high,response-iid5,response-iid5,response-iid5,5,30442292159,30442292159,33010239,16472731,36732,1,0,1,1,1,1,0,0,0,60,12,72,2400,0.03,1680,72,312,1992,66400,0.03,1992,12,12,0,0,0,36,36,0,0,2000,0,800,800,0,0,0,0,0,0,0,NaN,NaN,NaN,NaN,1,0,0,coherence-cumulative,1,60,0,0,31527163461,NaN,0,3,3,32357858,2472,2472,5649075,2,4,1,0,1,1,43,36,43,28,16,10,24,26,0,0,0,0,0,mobile-limited-high,response-iid5,admissible
16079046,mobile-limited-high,mobile-limited-high,joint-control-iid5,joint-control-iid5,joint-control-iid5,5,30442292159,30442292159,33395804,16472731,36732,1,0,1,1,1,1,0,0,0,61,13,74,2400,0.0308333333333333,1708,72,338,2046,66400,0.0308132530120482,1992,13,13,1,0,0,38,36,2,0,2000,0,800,800,0,0,0,0,0,0,0,NaN,NaN,NaN,NaN,1,0,0,coherence-cumulative,1,60,0,0,31527163461,NaN,0,3,4,32357858,2472,2472,5649075,2,4,1,0,1,1,43,36,43,28,16,10,24,26,0,0,0,0,0,mobile-limited-high,joint-control-iid5,admissible
16079046,mobile-limited-high,mobile-limited-high,iid-occupancy15,iid-occupancy15,iid-occupancy15,5,30442292159,21847819782,32624674,16471902,36732,1,0,1,1,2,0.9995,0,0,0,71,22,93,2400,0.03875,1988,72,572,2560,66400,0.0385542168674699,1992,21,22,11,0,0,57,41,16,0,1999,0,799,413,386,0,0,0,0,0,0,NaN,NaN,NaN,NaN,1,0,0,coherence-cumulative,1,60,0,0.15,31527163461,455314,3537,3,5,32357858,2472,2472,5649075,2,4,1,0,1,1,43,36,43,28,16,10,24,26,0,0,0,0,0,mobile-limited-high,iid-occupancy15,admissible
16079046,mobile-limited-high,mobile-limited-high,directed-response-blackout,directed-response-blackout,directed-response-blackout,5,30442292159,25622371186,32624674,16048473,36732,1,0,1,0,NaN,0.8,0,0,0,448,400,848,2400,0.353333333333333,12544,72,10400,22944,66400,0.345542168674699,1992,400,400,399,0,0,812,412,400,0,1600,157,400,400,0,0,157,157,0,0,1,NaN,NaN,NaN,NaN,1,0,0,coherence-cumulative,1,49,1,0,31527163461,NaN,0,3,6,32357858,2472,2472,5649075,2,4,1,0,1,1,43,36,43,28,16,10,24,26,0,1,0,0,0,mobile-limited-high,directed-response-blackout,admissible
16079046,static-wide-low,static-wide-low,zero,zero,zero,10,113553651683,113553651683,33385710,66099525,602362,3,0,1,1,1,1,0,0,0,60,18,78,5200,0.015,1680,78,468,2148,143200,0.015,2148,18,18,0,0,0,702,702,0,0,4000,0,2400,2400,0,0,0,0,0,0,0,NaN,NaN,NaN,NaN,1,0,0,coherence-cumulative,1,60,0,0,31339106258,NaN,0,1,1,65285956,36359,40685,4898716,6.8,6,3,0,1,1,80,73,80,28,16,10,24,26,0,0,0,0,0,static-wide-low,zero,admissible
16079046,static-wide-low,static-wide-low,claim-iid5,claim-iid5,claim-iid5,10,113553651683,113553651683,33771275,66099525,602362,3,0,1,1,1,1,0,0,0,62,20,82,5200,0.0157692307692308,1736,78,520,2256,143200,0.0157541899441341,2148,20,20,2,0,0,738,706,32,0,4000,0,2400,2400,0,0,0,0,0,0,0,NaN,NaN,NaN,NaN,1,0,0,coherence-cumulative,1,60,0,0,31339106258,NaN,0,1,2,65285956,36359,40685,4898716,6.8,6,3,0,1,1,80,73,80,28,16,10,24,26,0,0,0,0,0,static-wide-low,claim-iid5,admissible
16079046,static-wide-low,static-wide-low,response-iid5,response-iid5,response-iid5,10,113553651683,113553651683,33771275,66099525,602362,3,0,1,1,1,1,0,0,0,63,21,84,5200,0.0161538461538462,1764,78,546,2310,143200,0.0161312849162011,2148,21,21,3,0,0,756,741,15,0,4000,0,2400,2400,0,0,0,0,0,0,0,NaN,NaN,NaN,NaN,1,0,0,coherence-cumulative,1,60,0,0,31339106258,NaN,0,1,3,65285956,36359,40685,4898716,6.8,6,3,0,1,1,80,73,80,28,16,10,24,26,0,0,0,0,0,static-wide-low,response-iid5,admissible
16079046,static-wide-low,static-wide-low,joint-control-iid5,joint-control-iid5,joint-control-iid5,10,113553651683,113553651683,34156840,66099525,602362,3,0,1,1,1,1,0,0,0,65,23,88,5200,0.0169230769230769,1820,78,598,2418,143200,0.0168854748603352,2148,23,23,5,0,0,792,743,49,0,4000,0,2400,2400,0,0,0,0,0,0,0,NaN,NaN,NaN,NaN,1,0,0,coherence-cumulative,1,60,0,0,31339106258,NaN,0,1,4,65285956,36359,40685,4898716,6.8,6,3,0,1,1,80,73,80,28,16,10,24,26,0,0,0,0,0,static-wide-low,joint-control-iid5,admissible
16079046,static-wide-low,static-wide-low,iid-occupancy15,iid-occupancy15,iid-occupancy15,10,113553651683,78563300525,33385710,66098083,602362,3,0,1,1,2,0.99975,0,0,0,91,32,123,5200,0.0236538461538462,2548,78,832,3380,143200,0.0236033519553073,2148,31,32,28,0,0,1107,801,306,0,3999,0,2399,1258,1141,0,0,0,0,0,0,NaN,NaN,NaN,NaN,1,0,0,coherence-cumulative,1,63,0,0.15,31339106258,455635,7113,1,5,65285956,36359,40685,4898716,6.8,6,3,0,1,1,80,73,80,28,16,10,24,26,0,0,0,0,0,static-wide-low,iid-occupancy15,admissible
16079046,static-wide-low,static-wide-low,directed-response-blackout,directed-response-blackout,directed-response-blackout,10,113553651683,94233166836,33385710,65327140,602362,3,0,1,0,NaN,0.9,0,0,0,454,412,866,5200,0.166538461538462,12712,78,10712,23424,143200,0.163575418994413,2148,412,412,399,0,0,7794,7394,400,0,3600,78,2000,2000,0,0,78,78,0,0,1,NaN,NaN,NaN,NaN,1,0,0,coherence-cumulative,1,55,1,0,31339106258,NaN,0,1,6,65285956,36359,40685,4898716,6.8,6,3,0,1,1,80,73,80,28,16,10,24,26,0,1,0,0,0,static-wide-low,directed-response-blackout,admissible
16079046,mobile-limited-low,mobile-limited-low,zero,zero,zero,10,113553651683,113553651683,32340752,66142579,576549,3,0,1,1,1,1,0,0,0,1000,300,1300,5200,0.25,28000,1300,7800,35800,143200,0.25,35800,300,300,0,0,0,900,900,0,0,4000,0,2400,2400,0,0,0,0,0,0,0,NaN,NaN,NaN,NaN,1,0,0,coherence-cumulative,1,1000,0,0,31339106258,NaN,0,2,1,65285956,36359,36359,4788737,1,3,3,0,1,1,11,4,11,28,16,10,24,26,0,0,0,0,0,mobile-limited-low,zero,admissible
16079046,mobile-limited-low,mobile-limited-low,claim-iid5,claim-iid5,claim-iid5,10,113553651683,113553651683,32726317,66140916,576549,3,0,1,1,2,0.99975,0,0,0,1021,317,1338,5200,0.257307692307692,28588,1300,8242,36830,143200,0.257192737430168,35800,316,317,21,0,0,938,902,36,0,3999,0,2399,2399,0,0,0,0,0,0,0,NaN,NaN,NaN,NaN,1,0,0,coherence-cumulative,1,1000,0,0,31339106258,NaN,0,2,2,65285956,36359,36359,4788737,1,3,3,0,1,1,11,4,11,28,16,10,24,26,0,0,0,0,0,mobile-limited-low,claim-iid5,admissible
16079046,mobile-limited-low,mobile-limited-low,response-iid5,response-iid5,response-iid5,10,113553651683,113553651683,32726317,66142579,576549,3,0,1,1,1,1,0,0,0,1018,318,1336,5200,0.256923076923077,28504,1300,8268,36772,143200,0.256787709497207,35800,318,318,18,0,0,936,918,18,0,4000,0,2400,2400,0,0,0,0,0,0,0,NaN,NaN,NaN,NaN,1,0,0,coherence-cumulative,1,1000,0,0,31339106258,NaN,0,2,3,65285956,36359,36359,4788737,1,3,3,0,1,1,11,4,11,28,16,10,24,26,0,0,0,0,0,mobile-limited-low,response-iid5,admissible
16079046,mobile-limited-low,mobile-limited-low,joint-control-iid5,joint-control-iid5,joint-control-iid5,10,113553651683,113553651683,33111882,66140916,576549,3,0,1,1,2,0.99975,0,0,0,1039,335,1374,5200,0.264230769230769,29092,1300,8710,37802,143200,0.263980446927374,35800,334,335,39,0,0,974,919,55,0,3999,0,2399,2399,0,0,0,0,0,0,0,NaN,NaN,NaN,NaN,1,0,0,coherence-cumulative,1,1000,0,0,31339106258,NaN,0,2,4,65285956,36359,36359,4788737,1,3,3,0,1,1,11,4,11,28,16,10,24,26,0,0,0,0,0,mobile-limited-low,joint-control-iid5,admissible
16079046,mobile-limited-low,mobile-limited-low,iid-occupancy15,iid-occupancy15,iid-occupancy15,10,113553651683,78686385314,32340752,66142135,576549,3,0,1,1,1,1,0,0,0,1201,471,1672,5200,0.321538461538462,33628,1300,12246,45874,143200,0.320349162011173,35800,471,471,207,0,0,1272,947,325,0,4000,0,2400,1258,1142,0,0,0,0,0,0,NaN,NaN,NaN,NaN,1,0,0,coherence-cumulative,1,994,0,0.15,31339106258,523845,7102,2,5,65285956,36359,36359,4788737,1,3,3,0,1,1,11,4,11,28,16,10,24,26,0,0,0,0,0,mobile-limited-low,iid-occupancy15,admissible
16079046,mobile-limited-low,mobile-limited-low,directed-response-blackout,directed-response-blackout,directed-response-blackout,10,113553651683,94234199708,32340752,65365800,576549,3,0,1,0,NaN,0.9,0,0,0,1300,600,1900,5200,0.365384615384615,36400,1300,15600,52000,143200,0.363128491620112,35800,600,600,399,0,0,1500,1100,400,0,3600,78,2000,2000,0,0,78,78,0,0,1,NaN,NaN,NaN,NaN,1,0,0,coherence-cumulative,1,901,1,0,31339106258,NaN,0,2,6,65285956,36359,36359,4788737,1,3,3,0,1,1,11,4,11,28,16,10,24,26,0,1,0,0,0,mobile-limited-low,directed-response-blackout,admissible
16079046,mobile-limited-high,mobile-limited-high,zero,zero,zero,10,113553651683,113553651683,32686015,57168250,565109,0,0,0,0,NaN,0,0,0,0,0,0,0,4000,0,0,310,0,0,112000,0,8680,0,0,0,0,0,0,0,0,0,0,743,0,0,0,0,403,403,0,0,1,NaN,NaN,NaN,NaN,1,0,0,coherence-cumulative,1,0,0,0,31339106258,NaN,0,3,1,65285956,36359,36359,4349884,0.5,2,3,0,1,0,0,13,20,28,16,10,24,0,0,0,0,0,0,mobile-limited-high,zero,horizon-shorter-than-renewal-slack
16079046,mobile-limited-high,mobile-limited-high,claim-iid5,claim-iid5,claim-iid5,10,113553651683,113553651683,33071580,57168250,565109,0,0,0,0,NaN,0,0,0,0,0,0,0,4000,0,0,310,0,0,112000,0,8680,0,0,0,0,0,0,0,0,0,0,743,0,0,0,0,403,403,0,0,1,NaN,NaN,NaN,NaN,1,0,0,coherence-cumulative,1,0,0,0,31339106258,NaN,0,3,2,65285956,36359,36359,4349884,0.5,2,3,0,1,0,0,13,20,28,16,10,24,0,0,0,0,0,0,mobile-limited-high,claim-iid5,horizon-shorter-than-renewal-slack
16079046,mobile-limited-high,mobile-limited-high,response-iid5,response-iid5,response-iid5,10,113553651683,113553651683,33071580,57168250,565109,0,0,0,0,NaN,0,0,0,0,0,0,0,4000,0,0,310,0,0,112000,0,8680,0,0,0,0,0,0,0,0,0,0,743,0,0,0,0,403,403,0,0,1,NaN,NaN,NaN,NaN,1,0,0,coherence-cumulative,1,0,0,0,31339106258,NaN,0,3,3,65285956,36359,36359,4349884,0.5,2,3,0,1,0,0,13,20,28,16,10,24,0,0,0,0,0,0,mobile-limited-high,response-iid5,horizon-shorter-than-renewal-slack
16079046,mobile-limited-high,mobile-limited-high,joint-control-iid5,joint-control-iid5,joint-control-iid5,10,113553651683,113553651683,33457145,57168250,565109,0,0,0,0,NaN,0,0,0,0,0,0,0,4000,0,0,310,0,0,112000,0,8680,0,0,0,0,0,0,0,0,0,0,743,0,0,0,0,403,403,0,0,1,NaN,NaN,NaN,NaN,1,0,0,coherence-cumulative,1,0,0,0,31339106258,NaN,0,3,4,65285956,36359,36359,4349884,0.5,2,3,0,1,0,0,13,20,28,16,10,24,0,0,0,0,0,0,mobile-limited-high,joint-control-iid5,horizon-shorter-than-renewal-slack
16079046,mobile-limited-high,mobile-limited-high,iid-occupancy15,iid-occupancy15,iid-occupancy15,10,113553651683,81554334390,32686015,57168250,565109,0,0,0,0,NaN,0,0,0,0,0,0,0,4000,0,0,310,0,0,112000,0,8680,0,0,0,0,0,0,0,0,0,0,743,0,0,0,0,403,233,170,0,1,NaN,NaN,NaN,NaN,1,0,0,coherence-cumulative,1,0,0,0.15,31339106258,1335575,6523,3,5,65285956,36359,36359,4349884,0.5,2,3,0,1,0,0,13,20,28,16,10,24,0,0,0,0,0,0,mobile-limited-high,iid-occupancy15,horizon-shorter-than-renewal-slack
16079046,mobile-limited-high,mobile-limited-high,directed-response-blackout,directed-response-blackout,directed-response-blackout,10,113553651683,113553651683,32686015,57168250,565109,0,0,0,0,NaN,0,0,0,0,0,0,0,4000,0,0,310,0,0,112000,0,8680,0,0,0,0,0,0,0,0,0,0,743,0,0,0,0,403,403,0,0,1,NaN,NaN,NaN,NaN,1,0,0,coherence-cumulative,1,0,0,0,31339106258,NaN,0,3,6,65285956,36359,36359,4349884,0.5,2,3,0,1,0,0,13,20,28,16,10,24,0,0,0,0,0,0,mobile-limited-high,directed-response-blackout,horizon-shorter-than-renewal-slack
16079047,static-wide-low,static-wide-low,zero,zero,zero,5,30282950063,30282950063,33528420,16345885,36830,0,0,0,1,1,1,0,0,0,15,0,15,2000,0.0075,420,15,0,420,56000,0.0075,420,0,0,0,0,0,60,60,0,0,2000,0,0,0,0,0,0,0,0,0,0,NaN,NaN,NaN,NaN,1,0,0,coherence-cumulative,1,15,0,0,31526763179,NaN,0,1,1,36268830,2450,2730,4942098,6.8,6,0,0,1,1,156,149,156,28,16,10,24,0,0,0,0,0,0,static-wide-low,zero,admissible
16079047,static-wide-low,static-wide-low,claim-iid5,claim-iid5,claim-iid5,5,30282950063,30282950063,33913985,16345885,36830,0,0,0,1,1,1,0,0,0,15,0,15,2000,0.0075,420,15,0,420,56000,0.0075,420,0,0,0,0,0,60,56,4,0,2000,0,0,0,0,0,0,0,0,0,0,NaN,NaN,NaN,NaN,1,0,0,coherence-cumulative,1,15,0,0,31526763179,NaN,0,1,2,36268830,2450,2730,4942098,6.8,6,0,0,1,1,156,149,156,28,16,10,24,0,0,0,0,0,0,static-wide-low,claim-iid5,admissible
16079047,static-wide-low,static-wide-low,response-iid5,response-iid5,response-iid5,5,30282950063,30282950063,33913985,16345885,36830,0,0,0,1,1,1,0,0,0,15,0,15,2000,0.0075,420,15,0,420,56000,0.0075,420,0,0,0,0,0,60,60,0,0,2000,0,0,0,0,0,0,0,0,0,0,NaN,NaN,NaN,NaN,1,0,0,coherence-cumulative,1,15,0,0,31526763179,NaN,0,1,3,36268830,2450,2730,4942098,6.8,6,0,0,1,1,156,149,156,28,16,10,24,0,0,0,0,0,0,static-wide-low,response-iid5,admissible
16079047,static-wide-low,static-wide-low,joint-control-iid5,joint-control-iid5,joint-control-iid5,5,30282950063,30282950063,34299550,16345885,36830,0,0,0,1,1,1,0,0,0,15,0,15,2000,0.0075,420,15,0,420,56000,0.0075,420,0,0,0,0,0,60,56,4,0,2000,0,0,0,0,0,0,0,0,0,0,NaN,NaN,NaN,NaN,1,0,0,coherence-cumulative,1,15,0,0,31526763179,NaN,0,1,4,36268830,2450,2730,4942098,6.8,6,0,0,1,1,156,149,156,28,16,10,24,0,0,0,0,0,0,static-wide-low,joint-control-iid5,admissible
16079047,static-wide-low,static-wide-low,iid-occupancy15,iid-occupancy15,iid-occupancy15,5,30282950063,21736473457,33528420,16345885,36830,0,0,0,1,1,1,0,0,0,15,0,15,2000,0.0075,420,15,0,420,56000,0.0075,420,0,0,0,0,0,60,44,16,0,2000,0,0,0,0,0,0,0,0,0,0,NaN,NaN,NaN,NaN,1,0,0,coherence-cumulative,1,15,0,0.15,31526763179,819635,3524,1,5,36268830,2450,2730,4942098,6.8,6,0,0,1,1,156,149,156,28,16,10,24,0,0,0,0,0,0,static-wide-low,iid-occupancy15,admissible
16079047,static-wide-low,static-wide-low,directed-response-blackout,directed-response-blackout,directed-response-blackout,5,30282950063,30282950063,33528420,16345885,36830,0,0,0,1,1,1,0,0,0,15,0,15,2000,0.0075,420,15,0,420,56000,0.0075,420,0,0,0,0,0,60,60,0,0,2000,0,0,0,0,0,0,0,0,0,0,NaN,NaN,NaN,NaN,1,0,0,coherence-cumulative,1,15,0,0,31526763179,NaN,0,1,6,36268830,2450,2730,4942098,6.8,6,0,0,1,1,156,149,156,28,16,10,24,0,0,0,0,0,0,static-wide-low,directed-response-blackout,admissible
16079047,mobile-limited-low,mobile-limited-low,zero,zero,zero,5,30282950063,30282950063,32521284,16345885,36050,0,0,0,1,1,1,0,0,0,15,0,15,2000,0.0075,420,15,0,420,56000,0.0075,420,0,0,0,0,0,0,0,0,0,2000,0,0,0,0,0,0,0,0,0,0,NaN,NaN,NaN,NaN,1,0,0,coherence-cumulative,1,15,0,0,31526763179,NaN,0,2,1,36268830,2450,2450,6382359,6.8,6,0,0,1,1,156,149,156,28,16,10,24,0,0,0,0,0,0,mobile-limited-low,zero,admissible
16079047,mobile-limited-low,mobile-limited-low,claim-iid5,claim-iid5,claim-iid5,5,30282950063,30282950063,32906849,16345885,36050,0,0,0,1,1,1,0,0,0,15,0,15,2000,0.0075,420,15,0,420,56000,0.0075,420,0,0,0,0,0,0,0,0,0,2000,0,0,0,0,0,0,0,0,0,0,NaN,NaN,NaN,NaN,1,0,0,coherence-cumulative,1,15,0,0,31526763179,NaN,0,2,2,36268830,2450,2450,6382359,6.8,6,0,0,1,1,156,149,156,28,16,10,24,0,0,0,0,0,0,mobile-limited-low,claim-iid5,admissible
16079047,mobile-limited-low,mobile-limited-low,response-iid5,response-iid5,response-iid5,5,30282950063,30282950063,32906849,16345885,36050,0,0,0,1,1,1,0,0,0,15,0,15,2000,0.0075,420,15,0,420,56000,0.0075,420,0,0,0,0,0,0,0,0,0,2000,0,0,0,0,0,0,0,0,0,0,NaN,NaN,NaN,NaN,1,0,0,coherence-cumulative,1,15,0,0,31526763179,NaN,0,2,3,36268830,2450,2450,6382359,6.8,6,0,0,1,1,156,149,156,28,16,10,24,0,0,0,0,0,0,mobile-limited-low,response-iid5,admissible
16079047,mobile-limited-low,mobile-limited-low,joint-control-iid5,joint-control-iid5,joint-control-iid5,5,30282950063,30282950063,33292414,16345885,36050,0,0,0,1,1,1,0,0,0,15,0,15,2000,0.0075,420,15,0,420,56000,0.0075,420,0,0,0,0,0,0,0,0,0,2000,0,0,0,0,0,0,0,0,0,0,NaN,NaN,NaN,NaN,1,0,0,coherence-cumulative,1,15,0,0,31526763179,NaN,0,2,4,36268830,2450,2450,6382359,6.8,6,0,0,1,1,156,149,156,28,16,10,24,0,0,0,0,0,0,mobile-limited-low,joint-control-iid5,admissible
16079047,mobile-limited-low,mobile-limited-low,iid-occupancy15,iid-occupancy15,iid-occupancy15,5,30282950063,21736473457,32521284,16345885,36050,0,0,0,1,1,1,0,0,0,15,0,15,2000,0.0075,420,15,0,420,56000,0.0075,420,0,0,0,0,0,0,0,0,0,2000,0,0,0,0,0,0,0,0,0,0,NaN,NaN,NaN,NaN,1,0,0,coherence-cumulative,1,15,0,0.15,31526763179,819635,3524,2,5,36268830,2450,2450,6382359,6.8,6,0,0,1,1,156,149,156,28,16,10,24,0,0,0,0,0,0,mobile-limited-low,iid-occupancy15,admissible
16079047,mobile-limited-low,mobile-limited-low,directed-response-blackout,directed-response-blackout,directed-response-blackout,5,30282950063,30282950063,32521284,16345885,36050,0,0,0,1,1,1,0,0,0,15,0,15,2000,0.0075,420,15,0,420,56000,0.0075,420,0,0,0,0,0,0,0,0,0,2000,0,0,0,0,0,0,0,0,0,0,NaN,NaN,NaN,NaN,1,0,0,coherence-cumulative,1,15,0,0,31526763179,NaN,0,2,6,36268830,2450,2450,6382359,6.8,6,0,0,1,1,156,149,156,28,16,10,24,0,0,0,0,0,0,mobile-limited-low,directed-response-blackout,admissible
16079047,mobile-limited-high,mobile-limited-high,zero,zero,zero,5,30282950063,30282950063,33377825,16345885,36050,0,0,0,1,1,1,0,0,0,15,0,15,2000,0.0075,420,15,0,420,56000,0.0075,420,0,0,0,0,0,0,0,0,0,2000,0,0,0,0,0,0,0,0,0,0,NaN,NaN,NaN,NaN,1,0,0,coherence-cumulative,1,15,0,0,31526763179,NaN,0,3,1,36268830,2450,2450,6077168,6.8,6,0,0,1,1,156,149,156,28,16,10,24,0,0,0,0,0,0,mobile-limited-high,zero,admissible
16079047,mobile-limited-high,mobile-limited-high,claim-iid5,claim-iid5,claim-iid5,5,30282950063,30282950063,33763390,16345885,36050,0,0,0,1,1,1,0,0,0,15,0,15,2000,0.0075,420,15,0,420,56000,0.0075,420,0,0,0,0,0,0,0,0,0,2000,0,0,0,0,0,0,0,0,0,0,NaN,NaN,NaN,NaN,1,0,0,coherence-cumulative,1,15,0,0,31526763179,NaN,0,3,2,36268830,2450,2450,6077168,6.8,6,0,0,1,1,156,149,156,28,16,10,24,0,0,0,0,0,0,mobile-limited-high,claim-iid5,admissible
16079047,mobile-limited-high,mobile-limited-high,response-iid5,response-iid5,response-iid5,5,30282950063,30282950063,33763390,16345885,36050,0,0,0,1,1,1,0,0,0,15,0,15,2000,0.0075,420,15,0,420,56000,0.0075,420,0,0,0,0,0,0,0,0,0,2000,0,0,0,0,0,0,0,0,0,0,NaN,NaN,NaN,NaN,1,0,0,coherence-cumulative,1,15,0,0,31526763179,NaN,0,3,3,36268830,2450,2450,6077168,6.8,6,0,0,1,1,156,149,156,28,16,10,24,0,0,0,0,0,0,mobile-limited-high,response-iid5,admissible
16079047,mobile-limited-high,mobile-limited-high,joint-control-iid5,joint-control-iid5,joint-control-iid5,5,30282950063,30282950063,34148955,16345885,36050,0,0,0,1,1,1,0,0,0,15,0,15,2000,0.0075,420,15,0,420,56000,0.0075,420,0,0,0,0,0,0,0,0,0,2000,0,0,0,0,0,0,0,0,0,0,NaN,NaN,NaN,NaN,1,0,0,coherence-cumulative,1,15,0,0,31526763179,NaN,0,3,4,36268830,2450,2450,6077168,6.8,6,0,0,1,1,156,149,156,28,16,10,24,0,0,0,0,0,0,mobile-limited-high,joint-control-iid5,admissible
16079047,mobile-limited-high,mobile-limited-high,iid-occupancy15,iid-occupancy15,iid-occupancy15,5,30282950063,21736473457,33377825,16345885,36050,0,0,0,1,1,1,0,0,0,15,0,15,2000,0.0075,420,15,0,420,56000,0.0075,420,0,0,0,0,0,0,0,0,0,2000,0,0,0,0,0,0,0,0,0,0,NaN,NaN,NaN,NaN,1,0,0,coherence-cumulative,1,15,0,0.15,31526763179,819635,3524,3,5,36268830,2450,2450,6077168,6.8,6,0,0,1,1,156,149,156,28,16,10,24,0,0,0,0,0,0,mobile-limited-high,iid-occupancy15,admissible
16079047,mobile-limited-high,mobile-limited-high,directed-response-blackout,directed-response-blackout,directed-response-blackout,5,30282950063,30282950063,33377825,16345885,36050,0,0,0,1,1,1,0,0,0,15,0,15,2000,0.0075,420,15,0,420,56000,0.0075,420,0,0,0,0,0,0,0,0,0,2000,0,0,0,0,0,0,0,0,0,0,NaN,NaN,NaN,NaN,1,0,0,coherence-cumulative,1,15,0,0,31526763179,NaN,0,3,6,36268830,2450,2450,6077168,6.8,6,0,0,1,1,156,149,156,28,16,10,24,0,0,0,0,0,0,mobile-limited-high,directed-response-blackout,admissible
16079047,static-wide-low,static-wide-low,zero,zero,zero,10,113284480063,113284480063,33591406,65585349,585207,1,0,1,1,1,1,0,0,0,60,6,66,4400,0.015,1680,66,156,1836,122400,0.015,1836,6,6,0,0,0,594,594,0,0,4000,0,800,800,0,0,0,0,0,0,0,NaN,NaN,NaN,NaN,1,0,0,coherence-cumulative,1,60,0,0,31512110805,NaN,0,1,1,69652862,36131,40685,4512887,6.8,6,1,0,1,1,84,77,84,28,16,10,24,26,0,0,0,0,0,static-wide-low,zero,admissible
16079047,static-wide-low,static-wide-low,claim-iid5,claim-iid5,claim-iid5,10,113284480063,113284480063,33976971,65585349,585207,1,0,1,1,1,1,0,0,0,61,7,68,4400,0.0154545454545455,1708,66,182,1890,122400,0.0154411764705882,1836,7,7,1,0,0,612,579,33,0,4000,0,800,800,0,0,0,0,0,0,0,NaN,NaN,NaN,NaN,1,0,0,coherence-cumulative,1,60,0,0,31512110805,NaN,0,1,2,69652862,36131,40685,4512887,6.8,6,1,0,1,1,84,77,84,28,16,10,24,26,0,0,0,0,0,static-wide-low,claim-iid5,admissible
16079047,static-wide-low,static-wide-low,response-iid5,response-iid5,response-iid5,10,113284480063,113284480063,33976971,65585349,585207,1,0,1,1,1,1,0,0,0,61,7,68,4400,0.0154545454545455,1708,66,182,1890,122400,0.0154411764705882,1836,7,7,1,0,0,612,608,4,0,4000,0,800,800,0,0,0,0,0,0,0,NaN,NaN,NaN,NaN,1,0,0,coherence-cumulative,1,60,0,0,31512110805,NaN,0,1,3,69652862,36131,40685,4512887,6.8,6,1,0,1,1,84,77,84,28,16,10,24,26,0,0,0,0,0,static-wide-low,response-iid5,admissible
16079047,static-wide-low,static-wide-low,joint-control-iid5,joint-control-iid5,joint-control-iid5,10,113284480063,113284480063,34362536,65585349,585207,1,0,1,1,1,1,0,0,0,62,8,70,4400,0.0159090909090909,1736,66,208,1944,122400,0.0158823529411765,1836,8,8,2,0,0,630,593,37,0,4000,0,800,800,0,0,0,0,0,0,0,NaN,NaN,NaN,NaN,1,0,0,coherence-cumulative,1,60,0,0,31512110805,NaN,0,1,4,69652862,36131,40685,4512887,6.8,6,1,0,1,1,84,77,84,28,16,10,24,26,0,0,0,0,0,static-wide-low,joint-control-iid5,admissible
16079047,static-wide-low,static-wide-low,iid-occupancy15,iid-occupancy15,iid-occupancy15,10,113284480063,80038460023,33591406,65583440,585207,1,0,1,1,2,0.99975,0,0,0,73,12,85,4400,0.0193181818181818,2044,66,312,2356,122400,0.0192483660130719,1836,11,12,11,0,0,765,540,225,0,3999,0,799,406,393,0,0,0,0,0,0,NaN,NaN,NaN,NaN,1,0,0,coherence-cumulative,1,62,0,0.15,31512110805,1059166,6783,1,5,69652862,36131,40685,4512887,6.8,6,1,0,1,1,84,77,84,28,16,10,24,26,0,0,0,0,0,static-wide-low,iid-occupancy15,admissible
16079047,static-wide-low,static-wide-low,directed-response-blackout,directed-response-blackout,directed-response-blackout,10,113284480063,93851603217,33591406,64662806,585207,1,0,1,0,NaN,0.9,0,0,0,454,400,854,4400,0.194090909090909,12712,66,10400,23112,122400,0.188823529411765,1836,400,400,399,0,0,7686,7286,400,0,3600,73,400,400,0,0,73,73,0,0,1,NaN,NaN,NaN,NaN,1,0,0,coherence-cumulative,1,55,1,0,31512110805,NaN,0,1,6,69652862,36131,40685,4512887,6.8,6,1,0,1,1,84,77,84,28,16,10,24,26,0,1,0,0,0,static-wide-low,directed-response-blackout,admissible
16079047,mobile-limited-low,mobile-limited-low,zero,zero,zero,10,113284480063,113284480063,33471104,65589057,567367,1,0,1,1,1,1,0,0,0,240,24,264,4400,0.06,6720,264,624,7344,122400,0.06,7344,24,24,0,0,0,72,72,0,0,4000,0,800,800,0,0,0,0,0,0,0,NaN,NaN,NaN,NaN,1,0,0,coherence-cumulative,1,240,0,0,31512110805,NaN,0,2,1,69652862,36131,36131,4700354,2,4,1,0,1,1,24,17,24,28,16,10,24,26,0,0,0,0,0,mobile-limited-low,zero,admissible
16079047,mobile-limited-low,mobile-limited-low,claim-iid5,claim-iid5,claim-iid5,10,113284480063,113284480063,33856669,65589057,567367,1,0,1,1,1,1,0,0,0,242,26,268,4400,0.0609090909090909,6776,264,676,7452,122400,0.0608823529411765,7344,26,26,2,0,0,76,74,2,0,4000,0,800,800,0,0,0,0,0,0,0,NaN,NaN,NaN,NaN,1,0,0,coherence-cumulative,1,240,0,0,31512110805,NaN,0,2,2,69652862,36131,36131,4700354,2,4,1,0,1,1,24,17,24,28,16,10,24,26,0,0,0,0,0,mobile-limited-low,claim-iid5,admissible
16079047,mobile-limited-low,mobile-limited-low,response-iid5,response-iid5,response-iid5,10,113284480063,113284480063,33856669,65589057,567367,1,0,1,1,1,1,0,0,0,240,24,264,4400,0.06,6720,264,624,7344,122400,0.06,7344,24,24,0,0,0,72,72,0,0,4000,0,800,800,0,0,0,0,0,0,0,NaN,NaN,NaN,NaN,1,0,0,coherence-cumulative,1,240,0,0,31512110805,NaN,0,2,3,69652862,36131,36131,4700354,2,4,1,0,1,1,24,17,24,28,16,10,24,26,0,0,0,0,0,mobile-limited-low,response-iid5,admissible
16079047,mobile-limited-low,mobile-limited-low,joint-control-iid5,joint-control-iid5,joint-control-iid5,10,113284480063,113284480063,34242234,65589057,567367,1,0,1,1,1,1,0,0,0,242,26,268,4400,0.0609090909090909,6776,264,676,7452,122400,0.0608823529411765,7344,26,26,2,0,0,76,74,2,0,4000,0,800,800,0,0,0,0,0,0,0,NaN,NaN,NaN,NaN,1,0,0,coherence-cumulative,1,240,0,0,31512110805,NaN,0,2,4,69652862,36131,36131,4700354,2,4,1,0,1,1,24,17,24,28,16,10,24,26,0,0,0,0,0,mobile-limited-low,joint-control-iid5,admissible
16079047,mobile-limited-low,mobile-limited-low,iid-occupancy15,iid-occupancy15,iid-occupancy15,10,113284480063,79992665387,33471104,65587008,567367,1,0,1,1,2,0.99975,0,0,0,251,34,285,4400,0.0647727272727273,7028,264,884,7912,122400,0.064640522875817,7344,33,34,11,0,0,93,76,17,0,3999,0,799,406,393,0,0,0,0,0,0,NaN,NaN,NaN,NaN,1,0,0,coherence-cumulative,1,240,0,0.15,31512110805,654105,6793,2,5,69652862,36131,36131,4700354,2,4,1,0,1,1,24,17,24,28,16,10,24,26,0,0,0,0,0,mobile-limited-low,iid-occupancy15,admissible
16079047,mobile-limited-low,mobile-limited-low,directed-response-blackout,directed-response-blackout,directed-response-blackout,10,113284480063,93848403217,33471104,64667846,567367,1,0,1,0,NaN,0.9,0,0,0,616,400,1016,4400,0.230909090909091,17248,264,10400,27648,122400,0.225882352941176,7344,400,400,399,0,0,824,424,400,0,3600,73,400,400,0,0,73,73,0,0,1,NaN,NaN,NaN,NaN,1,0,0,coherence-cumulative,1,217,1,0,31512110805,NaN,0,2,6,69652862,36131,36131,4700354,2,4,1,0,1,1,24,17,24,28,16,10,24,26,0,1,0,0,0,mobile-limited-low,directed-response-blackout,admissible
16079047,mobile-limited-high,mobile-limited-high,zero,zero,zero,10,113284480063,113284480063,32363480,65589057,567367,1,0,1,1,1,1,0,0,0,240,24,264,4400,0.06,6720,264,624,7344,122400,0.06,7344,24,24,0,0,0,72,72,0,0,4000,0,800,800,0,0,0,0,0,0,0,NaN,NaN,NaN,NaN,1,0,0,coherence-cumulative,1,240,0,0,31512110805,NaN,0,3,1,69652862,36131,36131,4253846,2,4,1,0,1,1,24,17,24,28,16,10,24,26,0,0,0,0,0,mobile-limited-high,zero,admissible
16079047,mobile-limited-high,mobile-limited-high,claim-iid5,claim-iid5,claim-iid5,10,113284480063,113284480063,32749045,65589057,567367,1,0,1,1,1,1,0,0,0,242,26,268,4400,0.0609090909090909,6776,264,676,7452,122400,0.0608823529411765,7344,26,26,2,0,0,76,74,2,0,4000,0,800,800,0,0,0,0,0,0,0,NaN,NaN,NaN,NaN,1,0,0,coherence-cumulative,1,240,0,0,31512110805,NaN,0,3,2,69652862,36131,36131,4253846,2,4,1,0,1,1,24,17,24,28,16,10,24,26,0,0,0,0,0,mobile-limited-high,claim-iid5,admissible
16079047,mobile-limited-high,mobile-limited-high,response-iid5,response-iid5,response-iid5,10,113284480063,113284480063,32749045,65589057,567367,1,0,1,1,1,1,0,0,0,240,24,264,4400,0.06,6720,264,624,7344,122400,0.06,7344,24,24,0,0,0,72,72,0,0,4000,0,800,800,0,0,0,0,0,0,0,NaN,NaN,NaN,NaN,1,0,0,coherence-cumulative,1,240,0,0,31512110805,NaN,0,3,3,69652862,36131,36131,4253846,2,4,1,0,1,1,24,17,24,28,16,10,24,26,0,0,0,0,0,mobile-limited-high,response-iid5,admissible
16079047,mobile-limited-high,mobile-limited-high,joint-control-iid5,joint-control-iid5,joint-control-iid5,10,113284480063,113284480063,33134610,65589057,567367,1,0,1,1,1,1,0,0,0,242,26,268,4400,0.0609090909090909,6776,264,676,7452,122400,0.0608823529411765,7344,26,26,2,0,0,76,74,2,0,4000,0,800,800,0,0,0,0,0,0,0,NaN,NaN,NaN,NaN,1,0,0,coherence-cumulative,1,240,0,0,31512110805,NaN,0,3,4,69652862,36131,36131,4253846,2,4,1,0,1,1,24,17,24,28,16,10,24,26,0,0,0,0,0,mobile-limited-high,joint-control-iid5,admissible
16079047,mobile-limited-high,mobile-limited-high,iid-occupancy15,iid-occupancy15,iid-occupancy15,10,113284480063,79992665387,32363480,65587008,567367,1,0,1,1,2,0.99975,0,0,0,251,34,285,4400,0.0647727272727273,7028,264,884,7912,122400,0.064640522875817,7344,33,34,11,0,0,93,76,17,0,3999,0,799,406,393,0,0,0,0,0,0,NaN,NaN,NaN,NaN,1,0,0,coherence-cumulative,1,240,0,0.15,31512110805,654105,6793,3,5,69652862,36131,36131,4253846,2,4,1,0,1,1,24,17,24,28,16,10,24,26,0,0,0,0,0,mobile-limited-high,iid-occupancy15,admissible
16079047,mobile-limited-high,mobile-limited-high,directed-response-blackout,directed-response-blackout,directed-response-blackout,10,113284480063,93848403217,32363480,64667846,567367,1,0,1,0,NaN,0.9,0,0,0,616,400,1016,4400,0.230909090909091,17248,264,10400,27648,122400,0.225882352941176,7344,400,400,399,0,0,824,424,400,0,3600,73,400,400,0,0,73,73,0,0,1,NaN,NaN,NaN,NaN,1,0,0,coherence-cumulative,1,217,1,0,31512110805,NaN,0,3,6,69652862,36131,36131,4253846,2,4,1,0,1,1,24,17,24,28,16,10,24,26,0,1,0,0,0,mobile-limited-high,directed-response-blackout,admissible
16079048,static-wide-low,static-wide-low,zero,zero,zero,5,30346086932,30346086932,33309579,16471444,37834,1,0,1,1,1,1,0,0,0,15,3,18,2400,0.0075,420,18,78,498,66400,0.0075,498,3,3,0,0,0,72,72,0,0,2000,0,800,800,0,0,0,0,0,0,0,NaN,NaN,NaN,NaN,1,0,0,coherence-cumulative,1,15,0,0,31461289803,NaN,0,1,1,33195229,2472,2730,4684668,6.8,6,1,0,1,1,148,141,148,28,16,10,24,26,0,0,0,0,0,static-wide-low,zero,admissible
16079048,static-wide-low,static-wide-low,claim-iid5,claim-iid5,claim-iid5,5,30346086932,30346086932,33695144,16471444,37834,1,0,1,1,1,1,0,0,0,15,3,18,2400,0.0075,420,18,78,498,66400,0.0075,498,3,3,0,0,0,72,70,2,0,2000,0,800,800,0,0,0,0,0,0,0,NaN,NaN,NaN,NaN,1,0,0,coherence-cumulative,1,15,0,0,31461289803,NaN,0,1,2,33195229,2472,2730,4684668,6.8,6,1,0,1,1,148,141,148,28,16,10,24,26,0,0,0,0,0,static-wide-low,claim-iid5,admissible
16079048,static-wide-low,static-wide-low,response-iid5,response-iid5,response-iid5,5,30346086932,30346086932,33695144,16471444,37834,1,0,1,1,1,1,0,0,0,15,3,18,2400,0.0075,420,18,78,498,66400,0.0075,498,3,3,0,0,0,72,72,0,0,2000,0,800,800,0,0,0,0,0,0,0,NaN,NaN,NaN,NaN,1,0,0,coherence-cumulative,1,15,0,0,31461289803,NaN,0,1,3,33195229,2472,2730,4684668,6.8,6,1,0,1,1,148,141,148,28,16,10,24,26,0,0,0,0,0,static-wide-low,response-iid5,admissible
16079048,static-wide-low,static-wide-low,joint-control-iid5,joint-control-iid5,joint-control-iid5,5,30346086932,30346086932,34080709,16471444,37834,1,0,1,1,1,1,0,0,0,15,3,18,2400,0.0075,420,18,78,498,66400,0.0075,498,3,3,0,0,0,72,70,2,0,2000,0,800,800,0,0,0,0,0,0,0,NaN,NaN,NaN,NaN,1,0,0,coherence-cumulative,1,15,0,0,31461289803,NaN,0,1,4,33195229,2472,2730,4684668,6.8,6,1,0,1,1,148,141,148,28,16,10,24,26,0,0,0,0,0,static-wide-low,joint-control-iid5,admissible
16079048,static-wide-low,static-wide-low,iid-occupancy15,iid-occupancy15,iid-occupancy15,5,30346086932,21652198392,33309579,16471444,37834,1,0,1,1,1,1,0,0,0,18,5,23,2400,0.00958333333333333,504,18,130,634,66400,0.00954819277108434,498,5,5,3,0,0,92,72,20,0,2000,0,800,401,399,0,0,0,0,0,0,NaN,NaN,NaN,NaN,1,0,0,coherence-cumulative,1,15,0,0.15,31461289803,1563189,3562,1,5,33195229,2472,2730,4684668,6.8,6,1,0,1,1,148,141,148,28,16,10,24,26,0,0,0,0,0,static-wide-low,iid-occupancy15,admissible
16079048,static-wide-low,static-wide-low,directed-response-blackout,directed-response-blackout,directed-response-blackout,5,30346086932,25506129667,33309579,16047771,37834,1,0,1,0,NaN,0.8,0,0,0,412,400,812,2400,0.338333333333333,11536,18,10400,21936,66400,0.330361445783133,498,400,400,399,0,0,3248,2848,400,0,1600,141,400,400,0,0,141,141,0,0,1,NaN,NaN,NaN,NaN,1,0,0,coherence-cumulative,1,13,1,0,31461289803,NaN,0,1,6,33195229,2472,2730,4684668,6.8,6,1,0,1,1,148,141,148,28,16,10,24,26,0,1,0,0,0,static-wide-low,directed-response-blackout,admissible
16079048,mobile-limited-low,mobile-limited-low,zero,zero,zero,5,30346086932,30346086932,32324675,16473958,36732,1,0,1,1,1,1,0,0,0,145,29,174,2400,0.0725,4060,174,754,4814,66400,0.0725,4814,29,29,0,0,0,87,87,0,0,2000,0,800,800,0,0,0,0,0,0,0,NaN,NaN,NaN,NaN,1,0,0,coherence-cumulative,1,145,0,0,31461289803,NaN,0,2,1,33195229,2472,2472,6278236,1,3,1,0,1,1,21,14,21,28,16,10,24,26,0,0,0,0,0,mobile-limited-low,zero,admissible
16079048,mobile-limited-low,mobile-limited-low,claim-iid5,claim-iid5,claim-iid5,5,30346086932,30346086932,32710240,16473958,36732,1,0,1,1,1,1,0,0,0,145,29,174,2400,0.0725,4060,174,754,4814,66400,0.0725,4814,29,29,0,0,0,87,87,0,0,2000,0,800,800,0,0,0,0,0,0,0,NaN,NaN,NaN,NaN,1,0,0,coherence-cumulative,1,145,0,0,31461289803,NaN,0,2,2,33195229,2472,2472,6278236,1,3,1,0,1,1,21,14,21,28,16,10,24,26,0,0,0,0,0,mobile-limited-low,claim-iid5,admissible
16079048,mobile-limited-low,mobile-limited-low,response-iid5,response-iid5,response-iid5,5,30346086932,30346086932,32710240,16473958,36732,1,0,1,1,1,1,0,0,0,145,29,174,2400,0.0725,4060,174,754,4814,66400,0.0725,4814,29,29,0,0,0,87,87,0,0,2000,0,800,800,0,0,0,0,0,0,0,NaN,NaN,NaN,NaN,1,0,0,coherence-cumulative,1,145,0,0,31461289803,NaN,0,2,3,33195229,2472,2472,6278236,1,3,1,0,1,1,21,14,21,28,16,10,24,26,0,0,0,0,0,mobile-limited-low,response-iid5,admissible
16079048,mobile-limited-low,mobile-limited-low,joint-control-iid5,joint-control-iid5,joint-control-iid5,5,30346086932,30346086932,33095805,16473958,36732,1,0,1,1,1,1,0,0,0,145,29,174,2400,0.0725,4060,174,754,4814,66400,0.0725,4814,29,29,0,0,0,87,87,0,0,2000,0,800,800,0,0,0,0,0,0,0,NaN,NaN,NaN,NaN,1,0,0,coherence-cumulative,1,145,0,0,31461289803,NaN,0,2,4,33195229,2472,2472,6278236,1,3,1,0,1,1,21,14,21,28,16,10,24,26,0,0,0,0,0,mobile-limited-low,joint-control-iid5,admissible
16079048,mobile-limited-low,mobile-limited-low,iid-occupancy15,iid-occupancy15,iid-occupancy15,5,30346086932,21668670452,32324675,16473958,36732,1,0,1,1,1,1,0,0,0,165,44,209,2400,0.0870833333333333,4620,174,1144,5764,66400,0.0868072289156627,4814,44,44,20,0,0,122,88,34,0,2000,0,800,401,399,0,0,0,0,0,0,NaN,NaN,NaN,NaN,1,0,0,coherence-cumulative,1,145,0,0.15,31461289803,1219451,3558,2,5,33195229,2472,2472,6278236,1,3,1,0,1,1,21,14,21,28,16,10,24,26,0,0,0,0,0,mobile-limited-low,iid-occupancy15,admissible
16079048,mobile-limited-low,mobile-limited-low,directed-response-blackout,directed-response-blackout,directed-response-blackout,5,30346086932,25505329667,32324675,16049799,36732,1,0,1,0,NaN,0.8,0,0,0,516,400,916,2400,0.381666666666667,14448,174,10400,24848,66400,0.37421686746988,4814,400,400,399,0,0,829,429,400,0,1600,141,400,400,0,0,141,141,0,0,1,NaN,NaN,NaN,NaN,1,0,0,coherence-cumulative,1,117,1,0,31461289803,NaN,0,2,6,33195229,2472,2472,6278236,1,3,1,0,1,1,21,14,21,28,16,10,24,26,0,1,0,0,0,mobile-limited-low,directed-response-blackout,admissible
16079048,mobile-limited-high,mobile-limited-high,zero,zero,zero,5,30346086932,30346086932,31695847,14302675,36122,0,0,0,0,NaN,0,0,0,0,0,0,0,2000,0,0,155,0,0,56000,0,4340,0,0,0,0,0,0,0,0,0,0,690,0,0,0,0,232,232,0,0,1,NaN,NaN,NaN,NaN,1,0,0,coherence-cumulative,1,0,0,0,31461289803,NaN,0,3,1,33195229,2472,2472,5988889,0,0,0,0,1,0,0,13,20,28,16,10,24,0,0,0,0,0,0,mobile-limited-high,zero,selector-issued-no-horizon
16079048,mobile-limited-high,mobile-limited-high,claim-iid5,claim-iid5,claim-iid5,5,30346086932,30346086932,32081412,14302675,36122,0,0,0,0,NaN,0,0,0,0,0,0,0,2000,0,0,155,0,0,56000,0,4340,0,0,0,0,0,0,0,0,0,0,690,0,0,0,0,232,232,0,0,1,NaN,NaN,NaN,NaN,1,0,0,coherence-cumulative,1,0,0,0,31461289803,NaN,0,3,2,33195229,2472,2472,5988889,0,0,0,0,1,0,0,13,20,28,16,10,24,0,0,0,0,0,0,mobile-limited-high,claim-iid5,selector-issued-no-horizon
16079048,mobile-limited-high,mobile-limited-high,response-iid5,response-iid5,response-iid5,5,30346086932,30346086932,32081412,14302675,36122,0,0,0,0,NaN,0,0,0,0,0,0,0,2000,0,0,155,0,0,56000,0,4340,0,0,0,0,0,0,0,0,0,0,690,0,0,0,0,232,232,0,0,1,NaN,NaN,NaN,NaN,1,0,0,coherence-cumulative,1,0,0,0,31461289803,NaN,0,3,3,33195229,2472,2472,5988889,0,0,0,0,1,0,0,13,20,28,16,10,24,0,0,0,0,0,0,mobile-limited-high,response-iid5,selector-issued-no-horizon
16079048,mobile-limited-high,mobile-limited-high,joint-control-iid5,joint-control-iid5,joint-control-iid5,5,30346086932,30346086932,32466977,14302675,36122,0,0,0,0,NaN,0,0,0,0,0,0,0,2000,0,0,155,0,0,56000,0,4340,0,0,0,0,0,0,0,0,0,0,690,0,0,0,0,232,232,0,0,1,NaN,NaN,NaN,NaN,1,0,0,coherence-cumulative,1,0,0,0,31461289803,NaN,0,3,4,33195229,2472,2472,5988889,0,0,0,0,1,0,0,13,20,28,16,10,24,0,0,0,0,0,0,mobile-limited-high,joint-control-iid5,selector-issued-no-horizon
16079048,mobile-limited-high,mobile-limited-high,iid-occupancy15,iid-occupancy15,iid-occupancy15,5,30346086932,21850962227,31695847,14302675,36122,0,0,0,0,NaN,0,0,0,0,0,0,0,2000,0,0,155,0,0,56000,0,4340,0,0,0,0,0,0,0,0,0,0,690,0,0,0,0,232,127,105,0,1,NaN,NaN,NaN,NaN,1,0,0,coherence-cumulative,1,0,0,0.15,31461289803,988124,3481,3,5,33195229,2472,2472,5988889,0,0,0,0,1,0,0,13,20,28,16,10,24,0,0,0,0,0,0,mobile-limited-high,iid-occupancy15,selector-issued-no-horizon
16079048,mobile-limited-high,mobile-limited-high,directed-response-blackout,directed-response-blackout,directed-response-blackout,5,30346086932,30346086932,31695847,14302675,36122,0,0,0,0,NaN,0,0,0,0,0,0,0,2000,0,0,155,0,0,56000,0,4340,0,0,0,0,0,0,0,0,0,0,690,0,0,0,0,232,232,0,0,1,NaN,NaN,NaN,NaN,1,0,0,coherence-cumulative,1,0,0,0,31461289803,NaN,0,3,6,33195229,2472,2472,5988889,0,0,0,0,1,0,0,13,20,28,16,10,24,0,0,0,0,0,0,mobile-limited-high,directed-response-blackout,selector-issued-no-horizon
16079048,static-wide-low,static-wide-low,zero,zero,zero,10,113150241287,113150241287,33573318,68390375,686149,11,0,2,1,1,1,0,0,0,70,70,140,8000,0.0175,1960,140,1890,3850,220000,0.0175,3850,77,77,0,0,0,1260,1260,0,0,4000,0,5600,5600,0,0,0,0,0,0,0,NaN,NaN,NaN,NaN,1,0,0,coherence-cumulative,1,70,0,0,31444698631,NaN,0,1,1,69675224,36749,40685,5907007,6.8,6,11,0,1,1,67,60,67,28,16,10,24,36,0,0,0,0,0,static-wide-low,zero,admissible
16079048,static-wide-low,static-wide-low,claim-iid5,claim-iid5,claim-iid5,10,113150241287,113150241287,33958883,68391791,686149,11,0,2,1,1,1,0,0,0,81,98,179,8000,0.022375,2268,140,2628,4896,220000,0.0222545454545455,3850,106,106,8,0,0,1611,1575,36,0,4000,0,5600,5600,0,0,0,0,0,0,0,NaN,NaN,NaN,NaN,1,0,0,coherence-cumulative,1,73,0,0,31444698631,NaN,0,1,2,69675224,36749,40685,5907007,6.8,6,11,0,1,1,67,60,67,28,16,10,24,36,0,0,0,0,0,static-wide-low,claim-iid5,admissible
16079048,static-wide-low,static-wide-low,response-iid5,response-iid5,response-iid5,10,113150241287,113150241287,33958883,68387570,686149,11,0,2,1,2,0.99975,0,0,0,79,99,178,8000,0.02225,2212,140,2664,4876,220000,0.0221636363636364,3850,108,108,9,0,0,1602,1550,52,0,3999,0,5598,5598,0,0,0,0,0,0,0,NaN,NaN,NaN,NaN,1,0,0,coherence-cumulative,1,70,0,0,31444698631,NaN,0,1,3,69675224,36749,40685,5907007,6.8,6,11,0,1,1,67,60,67,28,16,10,24,36,0,0,0,0,0,static-wide-low,response-iid5,admissible
16079048,static-wide-low,static-wide-low,joint-control-iid5,joint-control-iid5,joint-control-iid5,10,113150241287,113150241287,34344448,68388600,686149,11,0,2,1,2,0.99975,0,0,0,87,115,202,8000,0.02525,2436,140,3090,5526,220000,0.0251181818181818,3850,125,125,15,0,0,1818,1725,93,0,3999,0,5598,5598,0,0,0,0,0,0,0,NaN,NaN,NaN,NaN,1,0,0,coherence-cumulative,1,72,0,0,31444698631,NaN,0,1,4,69675224,36749,40685,5907007,6.8,6,11,0,1,1,67,60,67,28,16,10,24,36,0,0,0,0,0,static-wide-low,joint-control-iid5,admissible
16079048,static-wide-low,static-wide-low,iid-occupancy15,iid-occupancy15,iid-occupancy15,10,113150241287,74482207448,33573318,68374503,686149,11,0,2,1,4,0.99875,0,0,0,139,224,363,8000,0.045375,3892,140,5984,9876,220000,0.0448909090909091,3850,234,240,65,0,0,3267,2412,855,0,3995,0,5592,2898,2694,0,0,0,0,0,0,NaN,NaN,NaN,NaN,1,0,0,coherence-cumulative,1,74,0,0.15,31444698631,1240555,7901,1,5,69675224,36749,40685,5907007,6.8,6,11,0,1,1,67,60,67,28,16,10,24,36,0,0,0,0,0,static-wide-low,iid-occupancy15,admissible
16079048,static-wide-low,static-wide-low,directed-response-blackout,directed-response-blackout,directed-response-blackout,10,113150241287,93854859006,33573318,67895039,686149,11,0,2,0,NaN,0.9,0,0,0,463,1642,2105,8000,0.263125,12964,140,42762,55726,220000,0.2533,3850,1649,1649,399,0,0,18945,18545,400,0,3600,77,4800,4800,0,0,154,154,0,0,1,NaN,NaN,NaN,NaN,1,0,0,coherence-cumulative,1,64,1,0,31444698631,NaN,0,1,6,69675224,36749,40685,5907007,6.8,6,11,0,1,1,67,60,67,28,16,10,24,36,0,1,0,0,0,static-wide-low,directed-response-blackout,admissible
16079048,mobile-limited-low,mobile-limited-low,zero,zero,zero,10,113150241287,113150241287,33105895,68548341,609468,11,4,5,1,1,1,0,0,0,1340,804,2144,6400,0.335,37520,2144,27604,65124,194400,0.335,65124,1474,1474,0,402,0,3618,3618,0,0,4000,0,5600,5600,0,0,0,0,0,0,0,NaN,NaN,NaN,NaN,1,0,0,coherence-cumulative,1,1340,0,0,31444698631,NaN,0,2,1,69675224,36749,36749,5143432,1,3,11,4,1,1,10,3,10,28,16,10,24,66,0,0,0,0,0,mobile-limited-low,zero,admissible
16079048,mobile-limited-low,mobile-limited-low,claim-iid5,claim-iid5,claim-iid5,10,113150241287,113150241287,33491460,68558869,609468,11,4,5,1,1,1,0,0,0,1464,1043,2507,6400,0.39171875,40992,2144,35238,76230,194400,0.39212962962963,65124,1855,1855,83,518,0,4489,4378,111,0,4000,0,5600,5600,0,0,0,0,0,0,0,NaN,NaN,NaN,NaN,1,0,0,coherence-cumulative,1,1381,0,0,31444698631,NaN,0,2,2,69675224,36749,36749,5143432,1,3,11,4,1,1,10,3,10,28,16,10,24,66,0,0,0,0,0,mobile-limited-low,claim-iid5,admissible
16079048,mobile-limited-low,mobile-limited-low,response-iid5,response-iid5,response-iid5,10,113150241287,113150241287,33491460,68548341,609468,11,4,5,1,1,1,0,0,0,1411,992,2403,6400,0.37546875,39508,2144,33122,72630,194400,0.373611111111111,65124,1725,1725,71,484,0,4276,4167,109,0,4000,0,5600,5600,0,0,0,0,0,0,0,NaN,NaN,NaN,NaN,1,0,0,coherence-cumulative,1,1340,0,0,31444698631,NaN,0,2,3,69675224,36749,36749,5143432,1,3,11,4,1,1,10,3,10,28,16,10,24,66,0,0,0,0,0,mobile-limited-low,response-iid5,admissible
16079048,mobile-limited-low,mobile-limited-low,joint-control-iid5,joint-control-iid5,joint-control-iid5,10,113150241287,113150241287,33877025,68556732,609468,11,4,5,1,1,1,0,0,0,1525,1173,2698,6400,0.4215625,42700,2144,39208,81908,194400,0.421337448559671,65124,2044,2044,152,578,0,4957,4706,251,0,4000,0,5600,5600,0,0,0,0,0,0,0,NaN,NaN,NaN,NaN,1,0,0,coherence-cumulative,1,1373,0,0,31444698631,NaN,0,2,4,69675224,36749,36749,5143432,1,3,11,4,1,1,10,3,10,28,16,10,24,66,0,0,0,0,0,mobile-limited-low,joint-control-iid5,admissible
16079048,mobile-limited-low,mobile-limited-low,iid-occupancy15,iid-occupancy15,iid-occupancy15,10,113150241287,76251369119,33105895,68523722,609468,11,4,5,1,3,0.9985,0,0,0,2152,1825,3977,6400,0.62140625,60256,2144,61840,122096,194400,0.628065843621399,65124,3261,3264,845,954,0,7786,5634,2152,0,3994,1,5588,2823,2765,0,2,2,0,0,1,NaN,NaN,NaN,NaN,1,0,0,coherence-cumulative,1,1307,5,0.15,31444698631,893596,7531,2,5,69675224,36749,36749,5143432,1,3,11,4,1,1,10,3,10,28,16,10,24,66,0,0,0,0,0,mobile-limited-low,iid-occupancy15,admissible
16079048,mobile-limited-low,mobile-limited-low,directed-response-blackout,directed-response-blackout,directed-response-blackout,10,113150241287,93857248206,33105895,68027422,609468,11,4,5,0,NaN,0.9,0,0,0,1606,1336,2942,6400,0.4596875,44968,2144,46756,91724,194400,0.471831275720165,65124,2538,2538,399,668,0,5746,5346,400,0,3600,77,4800,4800,0,0,154,154,0,0,1,NaN,NaN,NaN,NaN,1,0,0,coherence-cumulative,1,1207,1,0,31444698631,NaN,0,2,6,69675224,36749,36749,5143432,1,3,11,4,1,1,10,3,10,28,16,10,24,66,0,1,0,0,0,mobile-limited-low,directed-response-blackout,admissible
16079048,mobile-limited-high,mobile-limited-high,zero,zero,zero,10,113150241287,113150241287,32252700,57168250,566299,0,0,0,0,NaN,0,0,0,53,0,0,0,4000,0,0,310,0,0,112000,0,8680,0,0,0,0,0,0,0,0,0,0,755,0,0,0,0,944,833,0,111,1,NaN,NaN,NaN,NaN,1,0,0,coherence-cumulative,1,0,0,0,31444698631,NaN,0,3,1,69675224,36749,36749,5011879,0,0,0,0,1,0,0,13,20,28,16,10,24,0,0,0,0,0,0,mobile-limited-high,zero,selector-issued-no-horizon
16079048,mobile-limited-high,mobile-limited-high,claim-iid5,claim-iid5,claim-iid5,10,113150241287,113150241287,32638265,57168250,566299,0,0,0,0,NaN,0,0,0,53,0,0,0,4000,0,0,310,0,0,112000,0,8680,0,0,0,0,0,0,0,0,0,0,755,0,0,0,0,944,833,0,111,1,NaN,NaN,NaN,NaN,1,0,0,coherence-cumulative,1,0,0,0,31444698631,NaN,0,3,2,69675224,36749,36749,5011879,0,0,0,0,1,0,0,13,20,28,16,10,24,0,0,0,0,0,0,mobile-limited-high,claim-iid5,selector-issued-no-horizon
16079048,mobile-limited-high,mobile-limited-high,response-iid5,response-iid5,response-iid5,10,113150241287,113150241287,32638265,57168250,566299,0,0,0,0,NaN,0,0,0,53,0,0,0,4000,0,0,310,0,0,112000,0,8680,0,0,0,0,0,0,0,0,0,0,755,0,0,0,0,944,833,0,111,1,NaN,NaN,NaN,NaN,1,0,0,coherence-cumulative,1,0,0,0,31444698631,NaN,0,3,3,69675224,36749,36749,5011879,0,0,0,0,1,0,0,13,20,28,16,10,24,0,0,0,0,0,0,mobile-limited-high,response-iid5,selector-issued-no-horizon
16079048,mobile-limited-high,mobile-limited-high,joint-control-iid5,joint-control-iid5,joint-control-iid5,10,113150241287,113150241287,33023830,57168250,566299,0,0,0,0,NaN,0,0,0,53,0,0,0,4000,0,0,310,0,0,112000,0,8680,0,0,0,0,0,0,0,0,0,0,755,0,0,0,0,944,833,0,111,1,NaN,NaN,NaN,NaN,1,0,0,coherence-cumulative,1,0,0,0,31444698631,NaN,0,3,4,69675224,36749,36749,5011879,0,0,0,0,1,0,0,13,20,28,16,10,24,0,0,0,0,0,0,mobile-limited-high,joint-control-iid5,selector-issued-no-horizon
16079048,mobile-limited-high,mobile-limited-high,iid-occupancy15,iid-occupancy15,iid-occupancy15,10,113150241287,80143923834,32252700,57168250,566299,0,0,0,0,NaN,0,0,0,53,0,0,0,4000,0,0,310,0,0,112000,0,8680,0,0,0,0,0,0,0,0,0,0,755,0,0,0,0,944,421,412,111,1,NaN,NaN,NaN,NaN,1,0,0,coherence-cumulative,1,0,0,0.15,31444698631,806330,6749,3,5,69675224,36749,36749,5011879,0,0,0,0,1,0,0,13,20,28,16,10,24,0,0,0,0,0,0,mobile-limited-high,iid-occupancy15,selector-issued-no-horizon
16079048,mobile-limited-high,mobile-limited-high,directed-response-blackout,directed-response-blackout,directed-response-blackout,10,113150241287,113150241287,32252700,57168250,566299,0,0,0,0,NaN,0,0,0,53,0,0,0,4000,0,0,310,0,0,112000,0,8680,0,0,0,0,0,0,0,0,0,0,755,0,0,0,0,944,833,0,111,1,NaN,NaN,NaN,NaN,1,0,0,coherence-cumulative,1,0,0,0,31444698631,NaN,0,3,6,69675224,36749,36749,5011879,0,0,0,0,1,0,0,13,20,28,16,10,24,0,0,0,0,0,0,mobile-limited-high,directed-response-blackout,selector-issued-no-horizon
16079049,static-wide-low,static-wide-low,zero,zero,zero,5,30463656448,30463656448,32491810,16345885,36830,0,0,0,1,1,1,0,0,0,15,0,15,2000,0.0075,420,15,0,420,56000,0.0075,420,0,0,0,0,0,60,60,0,0,2000,0,0,0,0,0,0,0,0,0,0,NaN,NaN,NaN,NaN,1,0,0,coherence-cumulative,1,15,0,0,31449860849,NaN,0,1,1,36217338,2450,2730,5332675,6.8,6,0,0,1,1,156,149,156,28,16,10,24,0,0,0,0,0,0,static-wide-low,zero,admissible
16079049,static-wide-low,static-wide-low,claim-iid5,claim-iid5,claim-iid5,5,30463656448,30463656448,32877375,16345885,36830,0,0,0,1,1,1,0,0,0,15,0,15,2000,0.0075,420,15,0,420,56000,0.0075,420,0,0,0,0,0,60,55,5,0,2000,0,0,0,0,0,0,0,0,0,0,NaN,NaN,NaN,NaN,1,0,0,coherence-cumulative,1,15,0,0,31449860849,NaN,0,1,2,36217338,2450,2730,5332675,6.8,6,0,0,1,1,156,149,156,28,16,10,24,0,0,0,0,0,0,static-wide-low,claim-iid5,admissible
16079049,static-wide-low,static-wide-low,response-iid5,response-iid5,response-iid5,5,30463656448,30463656448,32877375,16345885,36830,0,0,0,1,1,1,0,0,0,15,0,15,2000,0.0075,420,15,0,420,56000,0.0075,420,0,0,0,0,0,60,60,0,0,2000,0,0,0,0,0,0,0,0,0,0,NaN,NaN,NaN,NaN,1,0,0,coherence-cumulative,1,15,0,0,31449860849,NaN,0,1,3,36217338,2450,2730,5332675,6.8,6,0,0,1,1,156,149,156,28,16,10,24,0,0,0,0,0,0,static-wide-low,response-iid5,admissible
16079049,static-wide-low,static-wide-low,joint-control-iid5,joint-control-iid5,joint-control-iid5,5,30463656448,30463656448,33262940,16345885,36830,0,0,0,1,1,1,0,0,0,15,0,15,2000,0.0075,420,15,0,420,56000,0.0075,420,0,0,0,0,0,60,55,5,0,2000,0,0,0,0,0,0,0,0,0,0,NaN,NaN,NaN,NaN,1,0,0,coherence-cumulative,1,15,0,0,31449860849,NaN,0,1,4,36217338,2450,2730,5332675,6.8,6,0,0,1,1,156,149,156,28,16,10,24,0,0,0,0,0,0,static-wide-low,joint-control-iid5,admissible
16079049,static-wide-low,static-wide-low,iid-occupancy15,iid-occupancy15,iid-occupancy15,5,30463656448,21951761826,32491810,16345885,36830,0,0,0,1,1,1,0,0,0,15,0,15,2000,0.0075,420,15,0,420,56000,0.0075,420,0,0,0,0,0,60,36,24,0,2000,0,0,0,0,0,0,0,0,0,0,NaN,NaN,NaN,NaN,1,0,0,coherence-cumulative,1,15,0,0.15,31449860849,299649,3454,1,5,36217338,2450,2730,5332675,6.8,6,0,0,1,1,156,149,156,28,16,10,24,0,0,0,0,0,0,static-wide-low,iid-occupancy15,admissible
16079049,static-wide-low,static-wide-low,directed-response-blackout,directed-response-blackout,directed-response-blackout,5,30463656448,30463656448,32491810,16345885,36830,0,0,0,1,1,1,0,0,0,15,0,15,2000,0.0075,420,15,0,420,56000,0.0075,420,0,0,0,0,0,60,60,0,0,2000,0,0,0,0,0,0,0,0,0,0,NaN,NaN,NaN,NaN,1,0,0,coherence-cumulative,1,15,0,0,31449860849,NaN,0,1,6,36217338,2450,2730,5332675,6.8,6,0,0,1,1,156,149,156,28,16,10,24,0,0,0,0,0,0,static-wide-low,directed-response-blackout,admissible
16079049,mobile-limited-low,mobile-limited-low,zero,zero,zero,5,30463656448,30463656448,33084976,16345885,36050,0,0,0,1,1,1,0,0,0,15,0,15,2000,0.0075,420,15,0,420,56000,0.0075,420,0,0,0,0,0,0,0,0,0,2000,0,0,0,0,0,0,0,0,0,0,NaN,NaN,NaN,NaN,1,0,0,coherence-cumulative,1,15,0,0,31449860849,NaN,0,2,1,36217338,2450,2450,6663110,6.8,6,0,0,1,1,156,149,156,28,16,10,24,0,0,0,0,0,0,mobile-limited-low,zero,admissible
16079049,mobile-limited-low,mobile-limited-low,claim-iid5,claim-iid5,claim-iid5,5,30463656448,30463656448,33470541,16345885,36050,0,0,0,1,1,1,0,0,0,15,0,15,2000,0.0075,420,15,0,420,56000,0.0075,420,0,0,0,0,0,0,0,0,0,2000,0,0,0,0,0,0,0,0,0,0,NaN,NaN,NaN,NaN,1,0,0,coherence-cumulative,1,15,0,0,31449860849,NaN,0,2,2,36217338,2450,2450,6663110,6.8,6,0,0,1,1,156,149,156,28,16,10,24,0,0,0,0,0,0,mobile-limited-low,claim-iid5,admissible
16079049,mobile-limited-low,mobile-limited-low,response-iid5,response-iid5,response-iid5,5,30463656448,30463656448,33470541,16345885,36050,0,0,0,1,1,1,0,0,0,15,0,15,2000,0.0075,420,15,0,420,56000,0.0075,420,0,0,0,0,0,0,0,0,0,2000,0,0,0,0,0,0,0,0,0,0,NaN,NaN,NaN,NaN,1,0,0,coherence-cumulative,1,15,0,0,31449860849,NaN,0,2,3,36217338,2450,2450,6663110,6.8,6,0,0,1,1,156,149,156,28,16,10,24,0,0,0,0,0,0,mobile-limited-low,response-iid5,admissible
16079049,mobile-limited-low,mobile-limited-low,joint-control-iid5,joint-control-iid5,joint-control-iid5,5,30463656448,30463656448,33856106,16345885,36050,0,0,0,1,1,1,0,0,0,15,0,15,2000,0.0075,420,15,0,420,56000,0.0075,420,0,0,0,0,0,0,0,0,0,2000,0,0,0,0,0,0,0,0,0,0,NaN,NaN,NaN,NaN,1,0,0,coherence-cumulative,1,15,0,0,31449860849,NaN,0,2,4,36217338,2450,2450,6663110,6.8,6,0,0,1,1,156,149,156,28,16,10,24,0,0,0,0,0,0,mobile-limited-low,joint-control-iid5,admissible
16079049,mobile-limited-low,mobile-limited-low,iid-occupancy15,iid-occupancy15,iid-occupancy15,5,30463656448,21951761826,33084976,16345885,36050,0,0,0,1,1,1,0,0,0,15,0,15,2000,0.0075,420,15,0,420,56000,0.0075,420,0,0,0,0,0,0,0,0,0,2000,0,0,0,0,0,0,0,0,0,0,NaN,NaN,NaN,NaN,1,0,0,coherence-cumulative,1,15,0,0.15,31449860849,299649,3454,2,5,36217338,2450,2450,6663110,6.8,6,0,0,1,1,156,149,156,28,16,10,24,0,0,0,0,0,0,mobile-limited-low,iid-occupancy15,admissible
16079049,mobile-limited-low,mobile-limited-low,directed-response-blackout,directed-response-blackout,directed-response-blackout,5,30463656448,30463656448,33084976,16345885,36050,0,0,0,1,1,1,0,0,0,15,0,15,2000,0.0075,420,15,0,420,56000,0.0075,420,0,0,0,0,0,0,0,0,0,2000,0,0,0,0,0,0,0,0,0,0,NaN,NaN,NaN,NaN,1,0,0,coherence-cumulative,1,15,0,0,31449860849,NaN,0,2,6,36217338,2450,2450,6663110,6.8,6,0,0,1,1,156,149,156,28,16,10,24,0,0,0,0,0,0,mobile-limited-low,directed-response-blackout,admissible
16079049,mobile-limited-high,mobile-limited-high,zero,zero,zero,5,30463656448,30463656448,32793072,16345885,36050,0,0,0,1,1,1,0,0,0,15,0,15,2000,0.0075,420,15,0,420,56000,0.0075,420,0,0,0,0,0,0,0,0,0,2000,0,0,0,0,0,0,0,0,0,0,NaN,NaN,NaN,NaN,1,0,0,coherence-cumulative,1,15,0,0,31449860849,NaN,0,3,1,36217338,2450,2450,4210837,6.8,6,0,0,1,1,156,149,156,28,16,10,24,0,0,0,0,0,0,mobile-limited-high,zero,admissible
16079049,mobile-limited-high,mobile-limited-high,claim-iid5,claim-iid5,claim-iid5,5,30463656448,30463656448,33178637,16345885,36050,0,0,0,1,1,1,0,0,0,15,0,15,2000,0.0075,420,15,0,420,56000,0.0075,420,0,0,0,0,0,0,0,0,0,2000,0,0,0,0,0,0,0,0,0,0,NaN,NaN,NaN,NaN,1,0,0,coherence-cumulative,1,15,0,0,31449860849,NaN,0,3,2,36217338,2450,2450,4210837,6.8,6,0,0,1,1,156,149,156,28,16,10,24,0,0,0,0,0,0,mobile-limited-high,claim-iid5,admissible
16079049,mobile-limited-high,mobile-limited-high,response-iid5,response-iid5,response-iid5,5,30463656448,30463656448,33178637,16345885,36050,0,0,0,1,1,1,0,0,0,15,0,15,2000,0.0075,420,15,0,420,56000,0.0075,420,0,0,0,0,0,0,0,0,0,2000,0,0,0,0,0,0,0,0,0,0,NaN,NaN,NaN,NaN,1,0,0,coherence-cumulative,1,15,0,0,31449860849,NaN,0,3,3,36217338,2450,2450,4210837,6.8,6,0,0,1,1,156,149,156,28,16,10,24,0,0,0,0,0,0,mobile-limited-high,response-iid5,admissible
16079049,mobile-limited-high,mobile-limited-high,joint-control-iid5,joint-control-iid5,joint-control-iid5,5,30463656448,30463656448,33564202,16345885,36050,0,0,0,1,1,1,0,0,0,15,0,15,2000,0.0075,420,15,0,420,56000,0.0075,420,0,0,0,0,0,0,0,0,0,2000,0,0,0,0,0,0,0,0,0,0,NaN,NaN,NaN,NaN,1,0,0,coherence-cumulative,1,15,0,0,31449860849,NaN,0,3,4,36217338,2450,2450,4210837,6.8,6,0,0,1,1,156,149,156,28,16,10,24,0,0,0,0,0,0,mobile-limited-high,joint-control-iid5,admissible
16079049,mobile-limited-high,mobile-limited-high,iid-occupancy15,iid-occupancy15,iid-occupancy15,5,30463656448,21951761826,32793072,16345885,36050,0,0,0,1,1,1,0,0,0,15,0,15,2000,0.0075,420,15,0,420,56000,0.0075,420,0,0,0,0,0,0,0,0,0,2000,0,0,0,0,0,0,0,0,0,0,NaN,NaN,NaN,NaN,1,0,0,coherence-cumulative,1,15,0,0.15,31449860849,299649,3454,3,5,36217338,2450,2450,4210837,6.8,6,0,0,1,1,156,149,156,28,16,10,24,0,0,0,0,0,0,mobile-limited-high,iid-occupancy15,admissible
16079049,mobile-limited-high,mobile-limited-high,directed-response-blackout,directed-response-blackout,directed-response-blackout,5,30463656448,30463656448,32793072,16345885,36050,0,0,0,1,1,1,0,0,0,15,0,15,2000,0.0075,420,15,0,420,56000,0.0075,420,0,0,0,0,0,0,0,0,0,2000,0,0,0,0,0,0,0,0,0,0,NaN,NaN,NaN,NaN,1,0,0,coherence-cumulative,1,15,0,0,31449860849,NaN,0,3,6,36217338,2450,2450,4210837,6.8,6,0,0,1,1,156,149,156,28,16,10,24,0,0,0,0,0,0,mobile-limited-high,directed-response-blackout,admissible
16079049,static-wide-low,static-wide-low,zero,zero,zero,10,113244722185,113244722185,33699962,65840069,593632,2,0,1,1,1,1,0,0,0,60,12,72,4800,0.015,1680,72,312,1992,132800,0.015,1992,12,12,0,0,0,648,648,0,0,4000,0,1600,1600,0,0,0,0,0,0,0,NaN,NaN,NaN,NaN,1,0,0,coherence-cumulative,1,60,0,0,31396811882,NaN,0,1,1,67987421,36256,40685,7009852,6.8,6,2,0,1,1,82,75,82,28,16,10,24,26,0,0,0,0,0,static-wide-low,zero,admissible
16079049,static-wide-low,static-wide-low,claim-iid5,claim-iid5,claim-iid5,10,113244722185,113244722185,34085527,65838159,593632,2,0,1,1,2,0.99975,0,0,0,65,15,80,4800,0.0166666666666667,1820,72,390,2210,132800,0.0166415662650602,1992,14,15,3,0,0,720,685,35,0,3999,0,1599,1599,0,0,0,0,0,0,0,NaN,NaN,NaN,NaN,1,0,0,coherence-cumulative,1,62,0,0,31396811882,NaN,0,1,2,67987421,36256,40685,7009852,6.8,6,2,0,1,1,82,75,82,28,16,10,24,26,0,0,0,0,0,static-wide-low,claim-iid5,admissible
16079049,static-wide-low,static-wide-low,response-iid5,response-iid5,response-iid5,10,113244722185,113244722185,34085527,65840069,593632,2,0,1,1,1,1,0,0,0,62,14,76,4800,0.0158333333333333,1736,72,364,2100,132800,0.0158132530120482,1992,14,14,2,0,0,684,676,8,0,4000,0,1600,1600,0,0,0,0,0,0,0,NaN,NaN,NaN,NaN,1,0,0,coherence-cumulative,1,60,0,0,31396811882,NaN,0,1,3,67987421,36256,40685,7009852,6.8,6,2,0,1,1,82,75,82,28,16,10,24,26,0,0,0,0,0,static-wide-low,response-iid5,admissible
16079049,static-wide-low,static-wide-low,joint-control-iid5,joint-control-iid5,joint-control-iid5,10,113244722185,113244722185,34471092,65838159,593632,2,0,1,1,2,0.99975,0,0,0,67,17,84,4800,0.0175,1876,72,442,2318,132800,0.0174548192771084,1992,16,17,5,0,0,756,712,44,0,3999,0,1599,1599,0,0,0,0,0,0,0,NaN,NaN,NaN,NaN,1,0,0,coherence-cumulative,1,62,0,0,31396811882,NaN,0,1,4,67987421,36256,40685,7009852,6.8,6,2,0,1,1,82,75,82,28,16,10,24,26,0,0,0,0,0,static-wide-low,joint-control-iid5,admissible
16079049,static-wide-low,static-wide-low,iid-occupancy15,iid-occupancy15,iid-occupancy15,10,113244722185,77105621606,33699962,65832880,593632,2,0,1,1,3,0.99925,0,0,0,73,17,90,4800,0.01875,2044,72,442,2486,132800,0.0187198795180723,1992,14,17,12,0,0,810,648,162,0,3997,1,1597,832,765,0,1,0,1,0,1,NaN,NaN,NaN,NaN,1,0,0,coherence-cumulative,1,61,0,0.15,31396811882,1357531,7390,1,5,67987421,36256,40685,7009852,6.8,6,2,0,1,1,82,75,82,28,16,10,24,26,0,0,0,0,0,static-wide-low,iid-occupancy15,admissible
16079049,static-wide-low,static-wide-low,directed-response-blackout,directed-response-blackout,directed-response-blackout,10,113244722185,93850724699,33699962,64912531,593632,2,0,1,0,NaN,0.9,0,0,0,454,406,860,4800,0.179166666666667,12712,72,10556,23268,132800,0.175210843373494,1992,406,406,399,0,0,7740,7340,400,0,3600,74,1200,1200,0,0,74,74,0,0,1,NaN,NaN,NaN,NaN,1,0,0,coherence-cumulative,1,55,1,0,31396811882,NaN,0,1,6,67987421,36256,40685,7009852,6.8,6,2,0,1,1,82,75,82,28,16,10,24,26,0,1,0,0,0,static-wide-low,directed-response-blackout,admissible
16079049,mobile-limited-low,mobile-limited-low,zero,zero,zero,10,113244722185,113244722185,32866431,65867105,571367,2,0,1,1,1,1,0,0,0,800,160,960,4800,0.2,22400,960,4160,26560,132800,0.2,26560,160,160,0,0,0,480,480,0,0,4000,0,1600,1600,0,0,0,0,0,0,0,NaN,NaN,NaN,NaN,1,0,0,coherence-cumulative,1,800,0,0,31396811882,NaN,0,2,1,67987421,36256,36256,5848931,1,3,2,0,1,1,12,5,12,28,16,10,24,26,0,0,0,0,0,mobile-limited-low,zero,admissible
16079049,mobile-limited-low,mobile-limited-low,claim-iid5,claim-iid5,claim-iid5,10,113244722185,113244722185,33251996,65867105,571367,2,0,1,1,1,1,0,0,0,806,166,972,4800,0.2025,22568,960,4316,26884,132800,0.202439759036145,26560,166,166,6,0,0,492,478,14,0,4000,0,1600,1600,0,0,0,0,0,0,0,NaN,NaN,NaN,NaN,1,0,0,coherence-cumulative,1,800,0,0,31396811882,NaN,0,2,2,67987421,36256,36256,5848931,1,3,2,0,1,1,12,5,12,28,16,10,24,26,0,0,0,0,0,mobile-limited-low,claim-iid5,admissible
16079049,mobile-limited-low,mobile-limited-low,response-iid5,response-iid5,response-iid5,10,113244722185,113244722185,33251996,65867105,571367,2,0,1,1,1,1,0,0,0,812,172,984,4800,0.205,22736,960,4472,27208,132800,0.204879518072289,26560,172,172,12,0,0,504,492,12,0,4000,0,1600,1600,0,0,0,0,0,0,0,NaN,NaN,NaN,NaN,1,0,0,coherence-cumulative,1,800,0,0,31396811882,NaN,0,2,3,67987421,36256,36256,5848931,1,3,2,0,1,1,12,5,12,28,16,10,24,26,0,0,0,0,0,mobile-limited-low,response-iid5,admissible
16079049,mobile-limited-low,mobile-limited-low,joint-control-iid5,joint-control-iid5,joint-control-iid5,10,113244722185,113244722185,33637561,65867105,571367,2,0,1,1,1,1,0,0,0,818,178,996,4800,0.2075,22904,960,4628,27532,132800,0.207319277108434,26560,178,178,18,0,0,516,489,27,0,4000,0,1600,1600,0,0,0,0,0,0,0,NaN,NaN,NaN,NaN,1,0,0,coherence-cumulative,1,800,0,0,31396811882,NaN,0,2,4,67987421,36256,36256,5848931,1,3,2,0,1,1,12,5,12,28,16,10,24,26,0,0,0,0,0,mobile-limited-low,joint-control-iid5,admissible
16079049,mobile-limited-low,mobile-limited-low,iid-occupancy15,iid-occupancy15,iid-occupancy15,10,113244722185,77147131094,32866431,65863849,571367,2,0,1,1,2,0.99975,0,0,0,918,267,1185,4800,0.246875,25704,960,6942,32646,132800,0.245828313253012,26560,266,267,118,0,0,705,523,182,0,3999,0,1599,833,766,0,0,0,0,0,0,NaN,NaN,NaN,NaN,1,0,0,coherence-cumulative,1,800,0,0.15,31396811882,1035759,7383,2,5,67987421,36256,36256,5848931,1,3,2,0,1,1,12,5,12,28,16,10,24,26,0,0,0,0,0,mobile-limited-low,iid-occupancy15,admissible
16079049,mobile-limited-low,mobile-limited-low,directed-response-blackout,directed-response-blackout,directed-response-blackout,10,113244722185,93847524699,32866431,64937013,571367,2,0,1,0,NaN,0.9,0,0,0,1120,480,1600,4800,0.333333333333333,31360,960,12480,43840,132800,0.330120481927711,26560,480,480,399,0,0,1120,720,400,0,3600,74,1200,1200,0,0,74,74,0,0,1,NaN,NaN,NaN,NaN,1,0,0,coherence-cumulative,1,721,1,0,31396811882,NaN,0,2,6,67987421,36256,36256,5848931,1,3,2,0,1,1,12,5,12,28,16,10,24,26,0,1,0,0,0,mobile-limited-low,directed-response-blackout,admissible
16079049,mobile-limited-high,mobile-limited-high,zero,zero,zero,10,113244722185,113244722185,32735224,65867105,571367,2,0,1,1,1,1,0,0,0,800,160,960,4800,0.2,22400,960,4160,26560,132800,0.2,26560,160,160,0,0,0,480,480,0,0,4000,0,1600,1600,0,0,0,0,0,0,0,NaN,NaN,NaN,NaN,1,0,0,coherence-cumulative,1,800,0,0,31396811882,NaN,0,3,1,67987421,36256,36256,6492003,1,3,2,0,1,1,12,5,12,28,16,10,24,26,0,0,0,0,0,mobile-limited-high,zero,admissible
16079049,mobile-limited-high,mobile-limited-high,claim-iid5,claim-iid5,claim-iid5,10,113244722185,113244722185,33120789,65867105,571367,2,0,1,1,1,1,0,0,0,806,166,972,4800,0.2025,22568,960,4316,26884,132800,0.202439759036145,26560,166,166,6,0,0,492,478,14,0,4000,0,1600,1600,0,0,0,0,0,0,0,NaN,NaN,NaN,NaN,1,0,0,coherence-cumulative,1,800,0,0,31396811882,NaN,0,3,2,67987421,36256,36256,6492003,1,3,2,0,1,1,12,5,12,28,16,10,24,26,0,0,0,0,0,mobile-limited-high,claim-iid5,admissible
16079049,mobile-limited-high,mobile-limited-high,response-iid5,response-iid5,response-iid5,10,113244722185,113244722185,33120789,65867105,571367,2,0,1,1,1,1,0,0,0,812,172,984,4800,0.205,22736,960,4472,27208,132800,0.204879518072289,26560,172,172,12,0,0,504,492,12,0,4000,0,1600,1600,0,0,0,0,0,0,0,NaN,NaN,NaN,NaN,1,0,0,coherence-cumulative,1,800,0,0,31396811882,NaN,0,3,3,67987421,36256,36256,6492003,1,3,2,0,1,1,12,5,12,28,16,10,24,26,0,0,0,0,0,mobile-limited-high,response-iid5,admissible
16079049,mobile-limited-high,mobile-limited-high,joint-control-iid5,joint-control-iid5,joint-control-iid5,10,113244722185,113244722185,33506354,65867105,571367,2,0,1,1,1,1,0,0,0,818,178,996,4800,0.2075,22904,960,4628,27532,132800,0.207319277108434,26560,178,178,18,0,0,516,489,27,0,4000,0,1600,1600,0,0,0,0,0,0,0,NaN,NaN,NaN,NaN,1,0,0,coherence-cumulative,1,800,0,0,31396811882,NaN,0,3,4,67987421,36256,36256,6492003,1,3,2,0,1,1,12,5,12,28,16,10,24,26,0,0,0,0,0,mobile-limited-high,joint-control-iid5,admissible
16079049,mobile-limited-high,mobile-limited-high,iid-occupancy15,iid-occupancy15,iid-occupancy15,10,113244722185,77147131094,32735224,65863849,571367,2,0,1,1,2,0.99975,0,0,0,918,267,1185,4800,0.246875,25704,960,6942,32646,132800,0.245828313253012,26560,266,267,118,0,0,705,523,182,0,3999,0,1599,833,766,0,0,0,0,0,0,NaN,NaN,NaN,NaN,1,0,0,coherence-cumulative,1,800,0,0.15,31396811882,1035759,7383,3,5,67987421,36256,36256,6492003,1,3,2,0,1,1,12,5,12,28,16,10,24,26,0,0,0,0,0,mobile-limited-high,iid-occupancy15,admissible
16079049,mobile-limited-high,mobile-limited-high,directed-response-blackout,directed-response-blackout,directed-response-blackout,10,113244722185,93847524699,32735224,64937013,571367,2,0,1,0,NaN,0.9,0,0,0,1120,480,1600,4800,0.333333333333333,31360,960,12480,43840,132800,0.330120481927711,26560,480,480,399,0,0,1120,720,400,0,3600,74,1200,1200,0,0,74,74,0,0,1,NaN,NaN,NaN,NaN,1,0,0,coherence-cumulative,1,721,1,0,31396811882,NaN,0,3,6,67987421,36256,36256,6492003,1,3,2,0,1,1,12,5,12,28,16,10,24,26,0,1,0,0,0,mobile-limited-high,directed-response-blackout,admissible
16079050,static-wide-low,static-wide-low,zero,zero,zero,5,30484196770,30484196770,33415108,16471445,37834,1,0,1,1,1,1,0,0,0,15,3,18,2400,0.0075,420,18,78,498,66400,0.0075,498,3,3,0,0,0,72,72,0,0,2000,0,800,800,0,0,0,0,0,0,0,NaN,NaN,NaN,NaN,1,0,0,coherence-cumulative,1,15,0,0,31514131180,NaN,0,1,1,33680166,2472,2730,5697741,6.8,6,1,0,1,1,148,141,148,28,16,10,24,26,0,0,0,0,0,static-wide-low,zero,admissible
16079050,static-wide-low,static-wide-low,claim-iid5,claim-iid5,claim-iid5,5,30484196770,30484196770,33800673,16471445,37834,1,0,1,1,1,1,0,0,0,15,3,18,2400,0.0075,420,18,78,498,66400,0.0075,498,3,3,0,0,0,72,70,2,0,2000,0,800,800,0,0,0,0,0,0,0,NaN,NaN,NaN,NaN,1,0,0,coherence-cumulative,1,15,0,0,31514131180,NaN,0,1,2,33680166,2472,2730,5697741,6.8,6,1,0,1,1,148,141,148,28,16,10,24,26,0,0,0,0,0,static-wide-low,claim-iid5,admissible
16079050,static-wide-low,static-wide-low,response-iid5,response-iid5,response-iid5,5,30484196770,30484196770,33800673,16471445,37834,1,0,1,1,1,1,0,0,0,15,3,18,2400,0.0075,420,18,78,498,66400,0.0075,498,3,3,0,0,0,72,72,0,0,2000,0,800,800,0,0,0,0,0,0,0,NaN,NaN,NaN,NaN,1,0,0,coherence-cumulative,1,15,0,0,31514131180,NaN,0,1,3,33680166,2472,2730,5697741,6.8,6,1,0,1,1,148,141,148,28,16,10,24,26,0,0,0,0,0,static-wide-low,response-iid5,admissible
16079050,static-wide-low,static-wide-low,joint-control-iid5,joint-control-iid5,joint-control-iid5,5,30484196770,30484196770,34186238,16471445,37834,1,0,1,1,1,1,0,0,0,15,3,18,2400,0.0075,420,18,78,498,66400,0.0075,498,3,3,0,0,0,72,70,2,0,2000,0,800,800,0,0,0,0,0,0,0,NaN,NaN,NaN,NaN,1,0,0,coherence-cumulative,1,15,0,0,31514131180,NaN,0,1,4,33680166,2472,2730,5697741,6.8,6,1,0,1,1,148,141,148,28,16,10,24,26,0,0,0,0,0,static-wide-low,joint-control-iid5,admissible
16079050,static-wide-low,static-wide-low,iid-occupancy15,iid-occupancy15,iid-occupancy15,5,30484196770,21918512007,33415108,16471445,37834,1,0,1,1,1,1,0,0,0,17,5,22,2400,0.00916666666666667,476,18,130,606,66400,0.00912650602409639,498,5,5,2,0,0,88,52,36,0,2000,0,800,415,385,0,0,0,0,0,0,NaN,NaN,NaN,NaN,1,0,0,coherence-cumulative,1,15,0,0.15,31514131180,1560997,3496,1,5,33680166,2472,2730,5697741,6.8,6,1,0,1,1,148,141,148,28,16,10,24,26,0,0,0,0,0,static-wide-low,iid-occupancy15,admissible
16079050,static-wide-low,static-wide-low,directed-response-blackout,directed-response-blackout,directed-response-blackout,5,30484196770,25647291809,33415108,15887771,37834,1,0,1,0,NaN,0.8,0,0,0,412,400,812,2400,0.338333333333333,11536,18,10400,21936,66400,0.330361445783133,498,400,400,399,0,0,3248,2848,400,0,1600,140,400,400,0,0,140,140,0,0,1,NaN,NaN,NaN,NaN,1,0,0,coherence-cumulative,1,13,1,0,31514131180,NaN,0,1,6,33680166,2472,2730,5697741,6.8,6,1,0,1,1,148,141,148,28,16,10,24,26,0,1,0,0,0,static-wide-low,directed-response-blackout,admissible
16079050,mobile-limited-low,mobile-limited-low,zero,zero,zero,5,30484196770,30484196770,32643438,16472732,36610,1,0,1,1,1,1,0,0,0,60,12,72,2400,0.03,1680,72,312,1992,66400,0.03,1992,12,12,0,0,0,36,36,0,0,2000,0,800,800,0,0,0,0,0,0,0,NaN,NaN,NaN,NaN,1,0,0,coherence-cumulative,1,60,0,0,31514131180,NaN,0,2,1,33680166,2472,2472,4107309,2,4,1,0,1,1,43,36,43,28,16,10,24,26,0,0,0,0,0,mobile-limited-low,zero,admissible
16079050,mobile-limited-low,mobile-limited-low,claim-iid5,claim-iid5,claim-iid5,5,30484196770,30484196770,33029003,16472732,36610,1,0,1,1,1,1,0,0,0,60,12,72,2400,0.03,1680,72,312,1992,66400,0.03,1992,12,12,0,0,0,36,36,0,0,2000,0,800,800,0,0,0,0,0,0,0,NaN,NaN,NaN,NaN,1,0,0,coherence-cumulative,1,60,0,0,31514131180,NaN,0,2,2,33680166,2472,2472,4107309,2,4,1,0,1,1,43,36,43,28,16,10,24,26,0,0,0,0,0,mobile-limited-low,claim-iid5,admissible
16079050,mobile-limited-low,mobile-limited-low,response-iid5,response-iid5,response-iid5,5,30484196770,30484196770,33029003,16472732,36610,1,0,1,1,1,1,0,0,0,60,12,72,2400,0.03,1680,72,312,1992,66400,0.03,1992,12,12,0,0,0,36,36,0,0,2000,0,800,800,0,0,0,0,0,0,0,NaN,NaN,NaN,NaN,1,0,0,coherence-cumulative,1,60,0,0,31514131180,NaN,0,2,3,33680166,2472,2472,4107309,2,4,1,0,1,1,43,36,43,28,16,10,24,26,0,0,0,0,0,mobile-limited-low,response-iid5,admissible
16079050,mobile-limited-low,mobile-limited-low,joint-control-iid5,joint-control-iid5,joint-control-iid5,5,30484196770,30484196770,33414568,16472732,36610,1,0,1,1,1,1,0,0,0,60,12,72,2400,0.03,1680,72,312,1992,66400,0.03,1992,12,12,0,0,0,36,36,0,0,2000,0,800,800,0,0,0,0,0,0,0,NaN,NaN,NaN,NaN,1,0,0,coherence-cumulative,1,60,0,0,31514131180,NaN,0,2,4,33680166,2472,2472,4107309,2,4,1,0,1,1,43,36,43,28,16,10,24,26,0,0,0,0,0,mobile-limited-low,joint-control-iid5,admissible
16079050,mobile-limited-low,mobile-limited-low,iid-occupancy15,iid-occupancy15,iid-occupancy15,5,30484196770,21918512007,32643438,16472732,36610,1,0,1,1,1,1,0,0,0,65,15,80,2400,0.0333333333333333,1820,72,390,2210,66400,0.0332831325301205,1992,15,15,5,0,0,44,36,8,0,2000,0,800,415,385,0,0,0,0,0,0,NaN,NaN,NaN,NaN,1,0,0,coherence-cumulative,1,60,0,0.15,31514131180,1560997,3496,2,5,33680166,2472,2472,4107309,2,4,1,0,1,1,43,36,43,28,16,10,24,26,0,0,0,0,0,mobile-limited-low,iid-occupancy15,admissible
16079050,mobile-limited-low,mobile-limited-low,directed-response-blackout,directed-response-blackout,directed-response-blackout,5,30484196770,25647291809,32643438,15888464,36610,1,0,1,0,NaN,0.8,0,0,0,448,400,848,2400,0.353333333333333,12544,72,10400,22944,66400,0.345542168674699,1992,400,400,399,0,0,812,412,400,0,1600,140,400,400,0,0,140,140,0,0,1,NaN,NaN,NaN,NaN,1,0,0,coherence-cumulative,1,49,1,0,31514131180,NaN,0,2,6,33680166,2472,2472,4107309,2,4,1,0,1,1,43,36,43,28,16,10,24,26,0,1,0,0,0,mobile-limited-low,directed-response-blackout,admissible
16079050,mobile-limited-high,mobile-limited-high,zero,zero,zero,5,30484196770,30484196770,31555576,16472732,36610,1,0,1,1,1,1,0,0,0,60,12,72,2400,0.03,1680,72,312,1992,66400,0.03,1992,12,12,0,0,0,36,36,0,0,2000,0,800,800,0,0,0,0,0,0,0,NaN,NaN,NaN,NaN,1,0,0,coherence-cumulative,1,60,0,0,31514131180,NaN,0,3,1,33680166,2472,2472,5908826,2,4,1,0,1,1,43,36,43,28,16,10,24,26,0,0,0,0,0,mobile-limited-high,zero,admissible
16079050,mobile-limited-high,mobile-limited-high,claim-iid5,claim-iid5,claim-iid5,5,30484196770,30484196770,31941141,16472732,36610,1,0,1,1,1,1,0,0,0,60,12,72,2400,0.03,1680,72,312,1992,66400,0.03,1992,12,12,0,0,0,36,36,0,0,2000,0,800,800,0,0,0,0,0,0,0,NaN,NaN,NaN,NaN,1,0,0,coherence-cumulative,1,60,0,0,31514131180,NaN,0,3,2,33680166,2472,2472,5908826,2,4,1,0,1,1,43,36,43,28,16,10,24,26,0,0,0,0,0,mobile-limited-high,claim-iid5,admissible
16079050,mobile-limited-high,mobile-limited-high,response-iid5,response-iid5,response-iid5,5,30484196770,30484196770,31941141,16472732,36610,1,0,1,1,1,1,0,0,0,60,12,72,2400,0.03,1680,72,312,1992,66400,0.03,1992,12,12,0,0,0,36,36,0,0,2000,0,800,800,0,0,0,0,0,0,0,NaN,NaN,NaN,NaN,1,0,0,coherence-cumulative,1,60,0,0,31514131180,NaN,0,3,3,33680166,2472,2472,5908826,2,4,1,0,1,1,43,36,43,28,16,10,24,26,0,0,0,0,0,mobile-limited-high,response-iid5,admissible
16079050,mobile-limited-high,mobile-limited-high,joint-control-iid5,joint-control-iid5,joint-control-iid5,5,30484196770,30484196770,32326706,16472732,36610,1,0,1,1,1,1,0,0,0,60,12,72,2400,0.03,1680,72,312,1992,66400,0.03,1992,12,12,0,0,0,36,36,0,0,2000,0,800,800,0,0,0,0,0,0,0,NaN,NaN,NaN,NaN,1,0,0,coherence-cumulative,1,60,0,0,31514131180,NaN,0,3,4,33680166,2472,2472,5908826,2,4,1,0,1,1,43,36,43,28,16,10,24,26,0,0,0,0,0,mobile-limited-high,joint-control-iid5,admissible
16079050,mobile-limited-high,mobile-limited-high,iid-occupancy15,iid-occupancy15,iid-occupancy15,5,30484196770,21918512007,31555576,16472732,36610,1,0,1,1,1,1,0,0,0,65,15,80,2400,0.0333333333333333,1820,72,390,2210,66400,0.0332831325301205,1992,15,15,5,0,0,44,36,8,0,2000,0,800,415,385,0,0,0,0,0,0,NaN,NaN,NaN,NaN,1,0,0,coherence-cumulative,1,60,0,0.15,31514131180,1560997,3496,3,5,33680166,2472,2472,5908826,2,4,1,0,1,1,43,36,43,28,16,10,24,26,0,0,0,0,0,mobile-limited-high,iid-occupancy15,admissible
16079050,mobile-limited-high,mobile-limited-high,directed-response-blackout,directed-response-blackout,directed-response-blackout,5,30484196770,25647291809,31555576,15888464,36610,1,0,1,0,NaN,0.8,0,0,0,448,400,848,2400,0.353333333333333,12544,72,10400,22944,66400,0.345542168674699,1992,400,400,399,0,0,812,412,400,0,1600,140,400,400,0,0,140,140,0,0,1,NaN,NaN,NaN,NaN,1,0,0,coherence-cumulative,1,49,1,0,31514131180,NaN,0,3,6,33680166,2472,2472,5908826,2,4,1,0,1,1,43,36,43,28,16,10,24,26,0,1,0,0,0,mobile-limited-high,directed-response-blackout,admissible
16079050,static-wide-low,static-wide-low,zero,zero,zero,10,113308362255,113308362255,34139680,66630958,620011,5,0,1,1,1,1,0,0,0,60,30,90,6000,0.015,1680,90,780,2460,164000,0.015,2460,30,30,0,0,0,810,810,0,0,4000,0,3200,3200,0,0,0,0,0,0,0,NaN,NaN,NaN,NaN,1,0,0,coherence-cumulative,1,60,0,0,31373617267,NaN,0,1,1,71152918,36440,40685,5206061,6.8,6,5,0,1,1,76,69,76,28,16,10,24,26,0,0,0,0,0,static-wide-low,zero,admissible
16079050,static-wide-low,static-wide-low,claim-iid5,claim-iid5,claim-iid5,10,113308362255,113308362255,34525245,66629005,620011,5,0,1,1,2,0.99975,0,0,0,65,39,104,6000,0.0173333333333333,1820,90,1014,2834,164000,0.0172804878048781,2460,38,39,4,0,0,936,896,40,0,3999,0,3198,3198,0,0,0,0,0,0,0,NaN,NaN,NaN,NaN,1,0,0,coherence-cumulative,1,61,0,0,31373617267,NaN,0,1,2,71152918,36440,40685,5206061,6.8,6,5,0,1,1,76,69,76,28,16,10,24,26,0,0,0,0,0,static-wide-low,claim-iid5,admissible
16079050,static-wide-low,static-wide-low,response-iid5,response-iid5,response-iid5,10,113308362255,113308362255,34525245,66630958,620011,5,0,1,1,1,1,0,0,0,60,30,90,6000,0.015,1680,90,780,2460,164000,0.015,2460,30,30,0,0,0,810,798,12,0,4000,0,3200,3200,0,0,0,0,0,0,0,NaN,NaN,NaN,NaN,1,0,0,coherence-cumulative,1,60,0,0,31373617267,NaN,0,1,3,71152918,36440,40685,5206061,6.8,6,5,0,1,1,76,69,76,28,16,10,24,26,0,0,0,0,0,static-wide-low,response-iid5,admissible
16079050,static-wide-low,static-wide-low,joint-control-iid5,joint-control-iid5,joint-control-iid5,10,113308362255,113308362255,34910810,66629005,620011,5,0,1,1,2,0.99975,0,0,0,65,39,104,6000,0.0173333333333333,1820,90,1014,2834,164000,0.0172804878048781,2460,38,39,4,0,0,936,881,55,0,3999,0,3198,3198,0,0,0,0,0,0,0,NaN,NaN,NaN,NaN,1,0,0,coherence-cumulative,1,61,0,0,31373617267,NaN,0,1,4,71152918,36440,40685,5206061,6.8,6,5,0,1,1,76,69,76,28,16,10,24,26,0,0,0,0,0,static-wide-low,joint-control-iid5,admissible
16079050,static-wide-low,static-wide-low,iid-occupancy15,iid-occupancy15,iid-occupancy15,10,113308362255,77912090900,34139680,66626288,620011,5,0,1,1,3,0.99925,0,0,0,98,68,166,6000,0.0276666666666667,2744,90,1768,4512,164000,0.0275121951219512,2460,66,68,35,0,0,1494,1143,351,0,3997,2,3195,1628,1567,0,3,1,2,0,1,NaN,NaN,NaN,NaN,1,0,0,coherence-cumulative,1,63,0,0.15,31373617267,1910949,7239,1,5,71152918,36440,40685,5206061,6.8,6,5,0,1,1,76,69,76,28,16,10,24,26,0,0,0,0,0,static-wide-low,iid-occupancy15,admissible
16079050,static-wide-low,static-wide-low,directed-response-blackout,directed-response-blackout,directed-response-blackout,10,113308362255,93927210178,34139680,66169091,620011,5,0,1,0,NaN,0.9,0,0,0,454,818,1272,6000,0.212,12712,90,21268,33980,164000,0.20719512195122,2460,818,818,399,0,0,11448,11048,400,0,3600,86,2800,2800,0,0,86,86,0,0,1,NaN,NaN,NaN,NaN,1,0,0,coherence-cumulative,1,55,1,0,31373617267,NaN,0,1,6,71152918,36440,40685,5206061,6.8,6,5,0,1,1,76,69,76,28,16,10,24,26,0,1,0,0,0,static-wide-low,directed-response-blackout,admissible
16079050,mobile-limited-low,mobile-limited-low,zero,zero,zero,10,113308362255,113308362255,32539433,66694398,581426,5,1,1,1,1,1,0,0,0,1000,500,1500,6000,0.25,28000,1500,13000,41000,164000,0.25,41000,500,500,0,0,0,1400,1400,0,0,4000,0,3200,3200,0,0,0,0,0,0,0,NaN,NaN,NaN,NaN,1,0,0,coherence-cumulative,1,1000,0,0,31373617267,NaN,0,2,1,71152918,36440,36440,3949042,1,3,5,1,1,1,11,4,11,28,16,10,24,26,0,0,0,0,0,mobile-limited-low,zero,admissible
16079050,mobile-limited-low,mobile-limited-low,claim-iid5,claim-iid5,claim-iid5,10,113308362255,113308362255,32924998,66694973,581426,5,1,1,1,1,1,0,0,0,1028,541,1569,6000,0.2615,28784,1500,14066,42850,164000,0.261280487804878,41000,541,541,23,0,0,1483,1448,35,0,4000,0,3200,3200,0,0,0,0,0,0,0,NaN,NaN,NaN,NaN,1,0,0,coherence-cumulative,1,1005,0,0,31373617267,NaN,0,2,2,71152918,36440,36440,3949042,1,3,5,1,1,1,11,4,11,28,16,10,24,26,0,0,0,0,0,mobile-limited-low,claim-iid5,admissible
16079050,mobile-limited-low,mobile-limited-low,response-iid5,response-iid5,response-iid5,10,113308362255,113308362255,32924998,66694398,581426,5,1,1,1,1,1,0,0,0,1023,539,1562,6000,0.260333333333333,28644,1500,14014,42658,164000,0.260109756097561,41000,539,539,23,0,0,1478,1453,25,0,4000,0,3200,3200,0,0,0,0,0,0,0,NaN,NaN,NaN,NaN,1,0,0,coherence-cumulative,1,1000,0,0,31373617267,NaN,0,2,3,71152918,36440,36440,3949042,1,3,5,1,1,1,11,4,11,28,16,10,24,26,0,0,0,0,0,mobile-limited-low,response-iid5,admissible
16079050,mobile-limited-low,mobile-limited-low,joint-control-iid5,joint-control-iid5,joint-control-iid5,10,113308362255,113308362255,33310563,66694858,581426,5,1,1,1,1,1,0,0,0,1054,585,1639,6000,0.273166666666667,29512,1500,15210,44722,164000,0.27269512195122,41000,585,585,50,0,0,1571,1503,68,0,4000,0,3200,3200,0,0,0,0,0,0,0,NaN,NaN,NaN,NaN,1,0,0,coherence-cumulative,1,1004,0,0,31373617267,NaN,0,2,4,71152918,36440,36440,3949042,1,3,5,1,1,1,11,4,11,28,16,10,24,26,0,0,0,0,0,mobile-limited-low,joint-control-iid5,admissible
16079050,mobile-limited-low,mobile-limited-low,iid-occupancy15,iid-occupancy15,iid-occupancy15,10,113308362255,77986140433,32539433,66692889,581426,5,1,1,1,3,0.9995,0,0,0,1354,927,2281,6000,0.380166666666667,37912,1500,24102,62014,164000,0.378134146341463,41000,926,927,353,0,0,2336,1723,613,0,3998,1,3198,1628,1570,0,1,1,0,0,1,NaN,NaN,NaN,NaN,1,0,0,coherence-cumulative,1,1001,0,0.15,31373617267,1863393,7224,2,5,71152918,36440,36440,3949042,1,3,5,1,1,1,11,4,11,28,16,10,24,26,0,0,0,0,0,mobile-limited-low,iid-occupancy15,admissible
16079050,mobile-limited-low,mobile-limited-low,directed-response-blackout,directed-response-blackout,directed-response-blackout,10,113308362255,93924799378,32539433,66222729,581426,5,1,1,0,NaN,0.9,0,0,0,1300,1100,2400,6000,0.4,36400,1500,28600,65000,164000,0.396341463414634,41000,1100,1100,399,0,0,2600,2200,400,0,3600,86,2800,2800,0,0,86,86,0,0,1,NaN,NaN,NaN,NaN,1,0,0,coherence-cumulative,1,901,1,0,31373617267,NaN,0,2,6,71152918,36440,36440,3949042,1,3,5,1,1,1,11,4,11,28,16,10,24,26,0,1,0,0,0,mobile-limited-low,directed-response-blackout,admissible
16079050,mobile-limited-high,mobile-limited-high,zero,zero,zero,10,113308362255,113308362255,33102899,57168250,565390,0,0,0,0,NaN,0,0,0,15,0,0,0,4000,0,0,310,0,0,112000,0,8680,0,0,0,0,0,0,0,0,0,0,776,0,0,0,0,586,556,0,30,1,NaN,NaN,NaN,NaN,1,0,0,coherence-cumulative,1,0,0,0,31373617267,NaN,0,3,1,71152918,36440,36440,5082412,0.5,2,5,1,1,0,0,13,20,28,16,10,24,0,0,0,0,0,0,mobile-limited-high,zero,horizon-shorter-than-renewal-slack
16079050,mobile-limited-high,mobile-limited-high,claim-iid5,claim-iid5,claim-iid5,10,113308362255,113308362255,33488464,57168250,565390,0,0,0,0,NaN,0,0,0,15,0,0,0,4000,0,0,310,0,0,112000,0,8680,0,0,0,0,0,0,0,0,0,0,776,0,0,0,0,586,556,0,30,1,NaN,NaN,NaN,NaN,1,0,0,coherence-cumulative,1,0,0,0,31373617267,NaN,0,3,2,71152918,36440,36440,5082412,0.5,2,5,1,1,0,0,13,20,28,16,10,24,0,0,0,0,0,0,mobile-limited-high,claim-iid5,horizon-shorter-than-renewal-slack
16079050,mobile-limited-high,mobile-limited-high,response-iid5,response-iid5,response-iid5,10,113308362255,113308362255,33488464,57168250,565390,0,0,0,0,NaN,0,0,0,15,0,0,0,4000,0,0,310,0,0,112000,0,8680,0,0,0,0,0,0,0,0,0,0,776,0,0,0,0,586,556,0,30,1,NaN,NaN,NaN,NaN,1,0,0,coherence-cumulative,1,0,0,0,31373617267,NaN,0,3,3,71152918,36440,36440,5082412,0.5,2,5,1,1,0,0,13,20,28,16,10,24,0,0,0,0,0,0,mobile-limited-high,response-iid5,horizon-shorter-than-renewal-slack
16079050,mobile-limited-high,mobile-limited-high,joint-control-iid5,joint-control-iid5,joint-control-iid5,10,113308362255,113308362255,33874029,57168250,565390,0,0,0,0,NaN,0,0,0,15,0,0,0,4000,0,0,310,0,0,112000,0,8680,0,0,0,0,0,0,0,0,0,0,776,0,0,0,0,586,556,0,30,1,NaN,NaN,NaN,NaN,1,0,0,coherence-cumulative,1,0,0,0,31373617267,NaN,0,3,4,71152918,36440,36440,5082412,0.5,2,5,1,1,0,0,13,20,28,16,10,24,0,0,0,0,0,0,mobile-limited-high,joint-control-iid5,horizon-shorter-than-renewal-slack
16079050,mobile-limited-high,mobile-limited-high,iid-occupancy15,iid-occupancy15,iid-occupancy15,10,113308362255,79294928258,33102899,57168250,565390,0,0,0,0,NaN,0,0,0,15,0,0,0,4000,0,0,310,0,0,112000,0,8680,0,0,0,0,0,0,0,0,0,0,776,0,0,0,0,586,293,263,30,1,NaN,NaN,NaN,NaN,1,0,0,coherence-cumulative,1,0,0,0.15,31373617267,1115195,6965,3,5,71152918,36440,36440,5082412,0.5,2,5,1,1,0,0,13,20,28,16,10,24,0,0,0,0,0,0,mobile-limited-high,iid-occupancy15,horizon-shorter-than-renewal-slack
16079050,mobile-limited-high,mobile-limited-high,directed-response-blackout,directed-response-blackout,directed-response-blackout,10,113308362255,113308362255,33102899,57168250,565390,0,0,0,0,NaN,0,0,0,15,0,0,0,4000,0,0,310,0,0,112000,0,8680,0,0,0,0,0,0,0,0,0,0,776,0,0,0,0,586,556,0,30,1,NaN,NaN,NaN,NaN,1,0,0,coherence-cumulative,1,0,0,0,31373617267,NaN,0,3,6,71152918,36440,36440,5082412,0.5,2,5,1,1,0,0,13,20,28,16,10,24,0,0,0,0,0,0,mobile-limited-high,directed-response-blackout,horizon-shorter-than-renewal-slack
