stage,seed,scenario,scenarioLabel,family,arm,pointIndex,parameterValue,method,methodLabel,feedbackMode,N,topology,plant,macType,pAccess,configuredPAccess,backgroundLoad,carrierSenseDensity,interferenceDensity,stationaryMeanDataLoss,stationaryMeanAckLoss,meanBadDurationDataSec,meanBadDurationAckSec,RMSE,MINSEP,SAFEFAIL,DIVERGED,ROLL_PEAK_DEG,PITCH_PEAK_DEG,SATURATION,CONTROL_EFFORT,MEAN_TRUE_AOI,P95_TRUE_AOI,P99_TRUE_AOI,MAX_TRUE_AOI,MEAN_EST_AOI,MEAN_AOI_GAP,DATA_GENERATED,DATA_ATTEMPTED,DATA_DELIVERED,ACK_ATTEMPTED,ACK_ENTRIES_DELIVERED,DATA_RECIPIENT_ATTEMPTS,DATA_RECIPIENT_SUCCESS,DATA_RECIPIENT_LOSS,ACK_RECIPIENT_ATTEMPTS,ACK_RECIPIENT_SUCCESS,ACK_RECIPIENT_LOSS,TERMINAL_ACTIVE_FRAMES,TERMINAL_DATA_INFLIGHT,TERMINAL_ACK_INFLIGHT,COLLISION_FRAMES,COLLISION_RATE,QUEUE_DROPS,SUPERSEDED,RETRIES,OBSOLETE_RETRY_DROPS,MAX_QUEUE,MAX_HISTORY,historySize,STALE_DATA_DISCARDED,STALE_ACK_DISCARDED,EXPIRED_HISTORY_ACK,ACK_BEFORE_ACCEPT,ACK_STANDALONE,ACK_ENTRIES_PIGGYBACKED,ACK_ENTRIES_TRANSFERRED,CHANNEL_UTIL,ADAPTIVE_ACK_PERMITTED,ADAPTIVE_ACK_DEFERRED,ADAPTIVE_ACK_FORCED,MEAN_LOCAL_BUSY,MAX_LOCAL_BUSY,LOAD_GUARD_BLOCKED,LOAD_GUARD_BLOCKED_BUSY,LOAD_GUARD_BLOCKED_QUEUE,LOAD_GUARD_BRANCH3,LOAD_GUARD_BRANCH4,OFFERED_UTIL,DATA_AIRTIME,ACK_AIRTIME,PIGGYBACK_AIRTIME,BACKGROUND_BUSY_TIME,BACKGROUND_COLLISION_FRAMES,ENERGY_PROXY_J,DATA_GOODPUT_HZ,RECIPIENT_GOODPUT_HZ,ACK_GOODPUT_HZ,MEAN_ACCESS_DELAY,P95_ACCESS_DELAY,MEAN_CONFIRM_DELAY,P95_CONFIRM_DELAY,JAIN_FRAME_GOODPUT,DATA_CHANNEL_ATTEMPTS,ACK_CHANNEL_ATTEMPTS,DATA_BAD_ATTEMPT_FRACTION,ACK_BAD_ATTEMPT_FRACTION,TRACE_DATA_BAD_FRACTION,TRACE_ACK_BAD_FRACTION,NETWORK_RUNTIME_SEC,INVARIANT_VIOLATIONS,TRACE_HASH_EXACT,CHANNEL_STATE_HASH,CHANNEL_MODEL_SIGNATURE,ESTIMATOR_HASH_EXACT,CONFIG_HASH,originalMacType,armKind,route,accessDesign,ackDesign,schedulerMode,oracleFlag,PERIODIC_RATE_HZ,TARGET_RATE_HZ,MEAN_NODE_GOODPUT_HZ,MIN_NODE_GOODPUT_HZ,MEAN_GOODPUT_MARGIN_HZ,MIN_GOODPUT_MARGIN_HZ,SERVICE_ADMISSIONS,SERVICE_COMPLETIONS,SERVICE_REPLACEMENTS,VIRTUAL_DEFICIT_MAX,VIRTUAL_DEFICIT_TERMINAL,MAX_STARVATION_SEC,SERVICE_DECISIONS,FIFO_COMPARABLE_DECISIONS,PRIORITY_DIFFERS_FIFO,PRIORITY_DIFFERS_FIFO_FRACTION,RECEIVER_TRUTH_READS,FUTURE_RANDOM_READS,SERVICE_DECISION_LOG_VALID,ENDOGENOUS_COLLISION_FRAMES,PROJECTION_FLAG,DTSA_DECISIONS,DTSA_DISAGREEMENTS,DTSA_DISAGREEMENT_FRACTION,AGE_GAIN_ELIGIBLE,ZMAC_OWNER_ATTEMPTS,ZMAC_CONTENTION_ATTEMPTS,DELTA_FINAL_PHASE,PUBLIC_FEEDBACK_COUNT,PUBLIC_FEEDBACK_AIRTIME,CHARGED_OFFERED_UTIL,MECHANISM_ACTIVATIONS,cellRole,controlReach,DISTRIBUTED_FLAG,IDEAL_FLAG,EXP21_TRACE_HASH_EXACT,RESERVATION_EPOCHS,CONTROL_FRAMES,CONTROL_REQUEST_FRAMES,CONTROL_RESPONSE_FRAMES,CONTROL_COMMIT_FRAMES,CONTROL_RECIPIENT_ATTEMPTS,CONTROL_RECIPIENT_SUCCESS,CONTROL_RECIPIENT_LOSS,CONTROL_ACCOUNTING_CLOSE,CONTROL_AIRTIME,CONTROL_OVERHEAD_FRACTION,RESERVATION_NACKS,RESERVATION_MIGRATIONS,RESERVATION_SCHEDULE_CHANGES,SCHEDULE_CONFLICT_FRACTION,FIRST_CONVERGENCE_SEC,CONVERGED_BY_2SEC,CHURN_APPLIED,CHURN_RECOVERY_SEC,RECOVERED_BY_2SEC,FINAL_ASSIGNED_NODES,FINAL_FULL_UNIQUE,MAX_ABS_CLOCK_OFFSET_SEC,MAX_ABS_CLOCK_DRIFT_PPM,LOCAL_SCHEDULE_ONLY,EXP21C_TRACE_HASH_EXACT,CONTINUOUS_START_OPPORTUNITIES,CONTINUOUS_START_ATTEMPTS,CONTINUOUS_GUARD_SEC,CONTINUOUS_SLOT_SEC,CONTINUOUS_SYNC_SEC,CONTINUOUS_MAX_CLOCK_RESIDUAL,CONTINUOUS_MAX_OFFSET_BOUND_SEC,CONTINUOUS_MAX_DRIFT_BOUND_PPM,CONTINUOUS_REALIZED_MAX_DRIFT_PPM,CONTINUOUS_EXACT_AIRTIME,ENGINE_FAMILY,TOTAL_MANAGEMENT_ATTEMPTS,TOTAL_MANAGEMENT_AIRTIME,TOTAL_MANAGEMENT_UTIL,TOTAL_OFFERED_UTIL,REPLAY_FLAG,REPLAY_SCHEDULE_HASH_EXACT,REPLAY_KERNEL_TRACE_HASH_EXACT,REPLAY_KERNEL_CONFIG_HASH,REPLAY_LOGICAL_OPPORTUNITY_HASH_EXACT,REPLAY_DATA_OPPORTUNITIES,REPLAY_DATA_ATTEMPTS,REPLAY_DATA_SKIPPED_NO_QUEUE,REPLAY_DATA_OUTCOME_MISMATCHES,REPLAY_EXPECTED_COLLISION_FRAMES,REPLAY_COLLISION_WITNESS_MATCH,REPLAY_EXPECTED_RECIPIENT_SUCCESS,REPLAY_EXPECTED_RECIPIENT_ERASURE,REPLAY_EXPECTED_RECIPIENT_COLLISION,REPLAY_OBSERVED_RECIPIENT_SUCCESS,REPLAY_OBSERVED_RECIPIENT_ERASURE,REPLAY_OBSERVED_RECIPIENT_COLLISION,REPLAY_MANAGEMENT_ACCOUNTING_CLOSE,REPLAY_CROSS_PLANE_OVERLAPS,REPLAY_CLOCK_TIMING_SAFE,REPLAY_CLOCK_MIN_GAP_SEC,REPLAY_CLOCK_RESIDUAL_SEC,ELCS_FINAL_ALL_CERTIFIED,ELCS_FALSE_VALID_EDGE_FRAMES,ELCS_OWNER_LOCK_VIOLATIONS,ELCS_SCHEDULED_COLLISION_FRAMES,DSTR_FINAL_RESOLVED,DSTR_FINAL_COLLISION_FREE
candidate-targeted-frontier-falsification,16048001,n5-6dof-zero-loss,N5 6-DOF zero-loss,EXP22G targeted frontier,periodic-cost-match,1,22.8377777777777,periodic,Periodic static TDMA / ELCS cost match,none,5,ring2,6dof,tdma,1,1,0,1,0.48,0.29,0.29,0.0476190476190476,0.0476190476190476,0.028660138368246,0.561308077178099,0,0,10.1247766328209,12.2805766703782,0,1.03684833173735,0.0374461028192371,0.0600000000000005,0.0800000000000001,0.0800000000000018,NaN,NaN,1370,1370,1370,0,0,3288,3288,0,0,0,0,0,0,0,0,0,0,0,0,0,1,32,32,0,0,0,0,0,0,0,0.350719999999955,0,0,0,0.349069637591637,0.383172027755128,0,0,0,0,0,0.350719999999999,4.20863999999999,0,0,0,0,0.841727999999998,114.166666666667,274,0,0.011278667612857,0.0214601426356859,NaN,NaN,1,3288,0,0,0,0,0,1.9257042,0,1417642,0,110997400,0,258101609,tdma,periodic-frontier,none,full-mission-static-tdma,none,continuous-local-static-tdma,NaN,22.8377777777777,NaN,22.8333333333333,22.8333333333333,NaN,NaN,NaN,NaN,NaN,NaN,NaN,NaN,1370,NaN,NaN,NaN,0,0,1,0,NaN,NaN,NaN,NaN,NaN,0,0,NaN,0,0,0.350719999999999,1370,nominal,full,0,0,502938575257,0,0,0,0,0,0,0,0,1,0,0,0,0,0,0,NaN,0,0,NaN,NaN,5,1,0,0,1,188977909185,2648,1370,0.00146005840233609,0.00453205840233609,Inf,0,0.00025,40,37.4495047829204,1,periodic-static,0,0,0,0.350719999999999,0,NaN,NaN,NaN,NaN,NaN,NaN,NaN,NaN,NaN,NaN,NaN,NaN,NaN,NaN,NaN,NaN,NaN,NaN,NaN,NaN,NaN,NaN,NaN,NaN,NaN,NaN,NaN
candidate-targeted-frontier-falsification,16048001,n5-6dof-zero-loss,N5 6-DOF zero-loss,EXP22G targeted frontier,periodic-cost-minus2pct,2,22.3810222222222,periodic,Periodic static TDMA / 2% below ELCS cost,none,5,ring2,6dof,tdma,1,1,0,1,0.48,0.29,0.29,0.0476190476190476,0.0476190476190476,0.0289277989853135,0.56115295818288,0,0,10.1247766328209,12.3138305152612,0,1.03682848771796,0.0381509121061359,0.0600000000000005,0.0800000000000001,0.0800000000000001,NaN,NaN,1345,1344,1344,0,0,3225,3225,0,0,0,0,0,0,0,0,0,0,0,0,0,1,32,32,0,0,0,0,0,0,0,0.344063999999955,0,0,0,0.34238407078557,0.374882451529096,0,0,0,0,0,0.344063999999998,4.12876799999998,0,0,0,0,0.825753599999995,112,268.75,0,0.0112845618590207,0.0214624371728052,NaN,NaN,0.999997785577466,3225,0,0,0,0,0,1.4277704,0,1417642,0,110997400,0,257801488,tdma,periodic-frontier,none,full-mission-static-tdma,none,continuous-local-static-tdma,NaN,22.3810222222222,NaN,22.4,22.3333333333333,NaN,NaN,NaN,NaN,NaN,NaN,NaN,NaN,1344,NaN,NaN,NaN,0,0,1,0,NaN,NaN,NaN,NaN,NaN,0,0,NaN,0,0,0.344063999999998,1344,nominal,full,0,0,502938575257,0,0,0,0,0,0,0,0,1,0,0,0,0,0,0,NaN,0,0,NaN,NaN,5,1,0,0,1,188977909185,2648,1344,0.00146005840233609,0.00453205840233609,Inf,0,0.00025,40,37.4495047829204,1,periodic-static,0,0,0,0.344063999999998,0,NaN,NaN,NaN,NaN,NaN,NaN,NaN,NaN,NaN,NaN,NaN,NaN,NaN,NaN,NaN,NaN,NaN,NaN,NaN,NaN,NaN,NaN,NaN,NaN,NaN,NaN,NaN
candidate-targeted-frontier-falsification,16048001,n5-6dof-zero-loss,N5 6-DOF zero-loss,EXP22G targeted frontier,elcs-f-mission-affine,3,50,periodic,ELCS-F / mission affine clock,none,5,ring2,6dof,tdma,1,1,0,1,0.48,0.29,0.29,0.0476190476190476,0.0476190476190476,0.0301083454740311,0.559445470738284,0,0,10.060753380192,12.3388201851159,0,1.03685771647596,0.0409121061359868,0.0600000000000005,0.0600000000000005,0.0600000000000005,NaN,NaN,3000,1051,1051,0,0,2523,2523,0,0,0,0,0,0,0,0,0,0,1946,0,0,1,32,32,0,0,0,0,0,0,0,0.350122666666645,0,0,0,0,0,0,0,0,0,0,0.350122666666666,3.22867199999997,0,0,0,0,0.840294399999997,87.5833333333333,210.25,0,0.0099915696978362,0.0189695088975932,NaN,NaN,0.99996922060228,2523,0,0,0,0,0,0.4864356,0,1417642,0,110997400,0,20143465961,tdma,candidate-elcs,none,edge-leased-certified-scheduling,none,continuous-elcs-replay,NaN,50,NaN,17.5166666666667,17.4166666666667,NaN,NaN,NaN,NaN,NaN,NaN,NaN,NaN,1051,NaN,NaN,NaN,0,0,1,0,NaN,NaN,NaN,NaN,NaN,0,0,NaN,0,0,0.350122666666666,1051,nominal,full,1,0,502938575257,0,0,0,0,0,0,0,0,1,0,0,0,0,0,0,0.283554993399736,1,0,NaN,NaN,5,1,0,0,1,188977909185,1051,1051,0.00146005840233609,0.00453205840233609,Inf,2.71050543121376e-20,0.00025,40,37.4495047829204,1,candidate-elcs,950,0.972800000000017,0.0810666666666681,0.350122666666666,1,5974070329,30444590005,1102951,1257348197,1051,1051,0,0,0,1,2523,0,0,2523,0,0,1,0,1,0.00113858577406845,2.71050543121376e-20,1,0,0,0,NaN,NaN
candidate-targeted-frontier-falsification,16048001,n10-ring2-zero-loss,N10 ring2 zero-loss,EXP22G targeted frontier,periodic-cost-match,1,12.2705555555555,periodic,Periodic static TDMA / ELCS cost match,none,10,ring2,di,tdma,1,1,0,1,0.26,0.097,0.097,0.0277777777777778,0.0277777777777778,0.0506879533875046,0.542293445779885,0,0,NaN,NaN,NaN,NaN,0.0671067738231916,0.119999999999999,0.120000000000001,0.140000000000001,NaN,NaN,1480,1473,1473,0,0,3829,3829,0,0,0,0,0,0,0,0,0,0,0,0,0,1,32,32,0,0,0,0,0,0,0,0.377087999999951,0,0,0,0.377025672617003,0.411402103288661,0,0,0,0,0,0.377088000000002,4.52505600000003,0,0,0,0,0.905011200000006,122.75,319.083333333333,0,0.0226615097437445,0.0430648458719071,NaN,NaN,0.999990321465607,3829,0,0,0,0,0,1.497941,0,1444078,0,410907079,0,268342092,tdma,periodic-frontier,none,full-mission-static-tdma,none,continuous-local-static-tdma,NaN,12.2705555555555,NaN,12.275,12.25,NaN,NaN,NaN,NaN,NaN,NaN,NaN,NaN,1473,NaN,NaN,NaN,0,0,1,0,NaN,NaN,NaN,NaN,NaN,0,0,NaN,0,0,0.377088000000002,1473,nominal,full,0,0,1950118334245,0,0,0,0,0,0,0,0,1,0,0,0,0,0,0,NaN,0,0,NaN,NaN,10,1,0,0,1,691875654252,2647,1473,0.00146005840233609,0.00453205840233609,Inf,0,0.00025,40,29.6076307450195,1,periodic-static,0,0,0,0.377088000000002,0,NaN,NaN,NaN,NaN,NaN,NaN,NaN,NaN,NaN,NaN,NaN,NaN,NaN,NaN,NaN,NaN,NaN,NaN,NaN,NaN,NaN,NaN,NaN,NaN,NaN,NaN,NaN
candidate-targeted-frontier-falsification,16048001,n10-ring2-zero-loss,N10 ring2 zero-loss,EXP22G targeted frontier,periodic-cost-minus2pct,2,12.0251444444444,periodic,Periodic static TDMA / 2% below ELCS cost,none,10,ring2,di,tdma,1,1,0,1,0.26,0.097,0.097,0.0277777777777778,0.0277777777777778,0.0513762293477572,0.54067721035701,0,0,NaN,NaN,NaN,NaN,0.0680329123612698,0.119999999999999,0.120000000000001,0.139999999999999,NaN,NaN,1450,1443,1443,0,0,3751,3751,0,0,0,0,0,0,0,0,0,0,0,0,0,1,32,32,0,0,0,0,0,0,0,0.369407999999953,0,0,0,0.368123036267344,0.405547612756233,0,0,0,0,0,0.369408000000001,4.43289600000002,0,0,0,0,0.886579200000003,120.25,312.583333333333,0,0.0226586065984735,0.0430825336326775,NaN,NaN,0.999989914852541,3751,0,0,0,0,0,1.4644533,0,1444078,0,410907079,0,268532530,tdma,periodic-frontier,none,full-mission-static-tdma,none,continuous-local-static-tdma,NaN,12.0251444444444,NaN,12.025,12,NaN,NaN,NaN,NaN,NaN,NaN,NaN,NaN,1443,NaN,NaN,NaN,0,0,1,0,NaN,NaN,NaN,NaN,NaN,0,0,NaN,0,0,0.369408000000001,1443,nominal,full,0,0,1950118334245,0,0,0,0,0,0,0,0,1,0,0,0,0,0,0,NaN,0,0,NaN,NaN,10,1,0,0,1,691875654252,2647,1443,0.00146005840233609,0.00453205840233609,Inf,0,0.00025,40,29.6076307450195,1,periodic-static,0,0,0,0.369408000000001,0,NaN,NaN,NaN,NaN,NaN,NaN,NaN,NaN,NaN,NaN,NaN,NaN,NaN,NaN,NaN,NaN,NaN,NaN,NaN,NaN,NaN,NaN,NaN,NaN,NaN,NaN,NaN
candidate-targeted-frontier-falsification,16048001,n10-ring2-zero-loss,N10 ring2 zero-loss,EXP22G targeted frontier,elcs-f-mission-affine,3,50,periodic,ELCS-F / mission affine clock,none,10,ring2,di,tdma,1,1,0,1,0.26,0.097,0.097,0.0277777777777778,0.0277777777777778,0.0508531780047155,0.542720049375456,0,0,NaN,NaN,NaN,NaN,0.0653348641408342,0.119999999999999,0.120000000000001,0.120000000000001,NaN,NaN,6000,1114,1114,0,0,2903,2903,0,0,0,0,0,0,0,0,0,0,4876,0,0,1,32,32,0,0,0,0,0,0,0,0.269621828041359,0,0,0,0,0,0,0,0,0,0,0.377002666666665,3.42220799999997,0,0,0,0,0.904806399999995,92.8333333333333,241.916666666667,0,0.00999891734529418,0.018965194598443,NaN,NaN,0.999561834495868,2903,0,0,0,0,0,0.583258999999999,0,1444078,0,410907079,0,43009512931,tdma,candidate-elcs,none,edge-leased-certified-scheduling,none,continuous-elcs-replay,NaN,50,NaN,9.28333333333333,9,NaN,NaN,NaN,NaN,NaN,NaN,NaN,NaN,1114,NaN,NaN,NaN,0,0,1,0,NaN,NaN,NaN,NaN,NaN,0,0,NaN,0,0,0.377002666666665,1114,nominal,full,1,0,1950118334245,0,0,0,0,0,0,0,0,1,0,0,0,0,0,0,1.04138871794872,1,0,NaN,NaN,10,0,0,0,1,691875654252,1114,1114,0.00146005840233609,0.00453205840233609,Inf,1.11022302462516e-16,0.00025,40,29.6076307450195,1,candidate-elcs,1076,1.10182400000001,0.0918186666666674,0.377002666666665,1,6983518000,113294683774,1800494,2103507586,1114,1114,0,0,0,1,2903,0,0,2903,0,0,1,0,1,0.000674377615515809,1.11022302462516e-16,1,0,0,0,NaN,NaN
candidate-targeted-frontier-falsification,16048002,n5-6dof-zero-loss,N5 6-DOF zero-loss,EXP22G targeted frontier,periodic-cost-match,1,22.8377777777777,periodic,Periodic static TDMA / ELCS cost match,none,5,ring2,6dof,tdma,1,1,0,1,0.48,0.29,0.29,0.0476190476190476,0.0476190476190476,0.0286214102251796,0.561333799165683,0,0,10.1247766328209,12.2805766703782,0,1.03684879132302,0.0374709784411276,0.0600000000000005,0.0800000000000001,0.0800000000000018,NaN,NaN,1370,1370,1370,0,0,3288,3288,0,0,0,0,0,0,0,0,0,0,0,0,0,1,32,32,0,0,0,0,0,0,0,0.350719999999957,0,0,0,0.349007772525387,0.38150078143056,0,0,0,0,0,0.350719999999999,4.20863999999999,0,0,0,0,0.841727999999998,114.166666666667,274,0,0.0112774240663595,0.021418298390572,NaN,NaN,1,3288,0,0,0,0,0,1.3275632,0,1328912,0,110997400,0,258101611,tdma,periodic-frontier,none,full-mission-static-tdma,none,continuous-local-static-tdma,NaN,22.8377777777777,NaN,22.8333333333333,22.8333333333333,NaN,NaN,NaN,NaN,NaN,NaN,NaN,NaN,1370,NaN,NaN,NaN,0,0,1,0,NaN,NaN,NaN,NaN,NaN,0,0,NaN,0,0,0.350719999999999,1370,nominal,full,0,0,503085718935,0,0,0,0,0,0,0,0,1,0,0,0,0,0,0,NaN,0,0,NaN,NaN,5,1,0,0,1,189002038080,2647,1370,0.00146005840233609,0.00453205840233609,Inf,2.77555756156289e-17,0.00025,40,39.6603745035441,1,periodic-static,0,0,0,0.350719999999999,0,NaN,NaN,NaN,NaN,NaN,NaN,NaN,NaN,NaN,NaN,NaN,NaN,NaN,NaN,NaN,NaN,NaN,NaN,NaN,NaN,NaN,NaN,NaN,NaN,NaN,NaN,NaN
candidate-targeted-frontier-falsification,16048002,n5-6dof-zero-loss,N5 6-DOF zero-loss,EXP22G targeted frontier,periodic-cost-minus2pct,2,22.3810222222222,periodic,Periodic static TDMA / 2% below ELCS cost,none,5,ring2,6dof,tdma,1,1,0,1,0.48,0.29,0.29,0.0476190476190476,0.0476190476190476,0.0289539966992453,0.561143319827221,0,0,10.1247766328209,12.3138305152612,0,1.03682912616339,0.0381757877280265,0.0600000000000005,0.0800000000000001,0.0800000000000001,NaN,NaN,1345,1343,1343,0,0,3223,3223,0,0,0,0,0,0,0,0,0,0,0,0,0,1,32,32,0,0,0,0,0,0,0,0.343807999999955,0,0,0,0.341693192269677,0.37712335561412,0,0,0,0,0,0.343807999999998,4.12569599999998,0,0,0,0,0.825139199999995,111.916666666667,268.583333333333,0,0.0112794454926865,0.021496078075419,NaN,NaN,0.999996673421469,3223,0,0,0,0,0,1.3623901,0,1328912,0,110997400,0,257801490,tdma,periodic-frontier,none,full-mission-static-tdma,none,continuous-local-static-tdma,NaN,22.3810222222222,NaN,22.3833333333333,22.3333333333333,NaN,NaN,NaN,NaN,NaN,NaN,NaN,NaN,1343,NaN,NaN,NaN,0,0,1,0,NaN,NaN,NaN,NaN,NaN,0,0,NaN,0,0,0.343807999999998,1343,nominal,full,0,0,503085718935,0,0,0,0,0,0,0,0,1,0,0,0,0,0,0,NaN,0,0,NaN,NaN,5,1,0,0,1,189002038080,2647,1343,0.00146005840233609,0.00453205840233609,Inf,2.77555756156289e-17,0.00025,40,39.6603745035441,1,periodic-static,0,0,0,0.343807999999998,0,NaN,NaN,NaN,NaN,NaN,NaN,NaN,NaN,NaN,NaN,NaN,NaN,NaN,NaN,NaN,NaN,NaN,NaN,NaN,NaN,NaN,NaN,NaN,NaN,NaN,NaN,NaN
candidate-targeted-frontier-falsification,16048002,n5-6dof-zero-loss,N5 6-DOF zero-loss,EXP22G targeted frontier,elcs-f-mission-affine,3,50,periodic,ELCS-F / mission affine clock,none,5,ring2,6dof,tdma,1,1,0,1,0.48,0.29,0.29,0.0476190476190476,0.0476190476190476,0.030088920831913,0.559440703071045,0,0,10.0406699675066,12.33913700871,0,1.03685699218049,0.0409121061359868,0.0600000000000005,0.0600000000000005,0.0600000000000005,NaN,NaN,3000,1053,1053,0,0,2527,2525,2,0,0,0,0,0,0,2,0.00189933523266857,0,1944,0,0,1,32,32,0,0,0,0,0,0,0,0.350380107743896,0,0,0,0,0,0,0,0,0,0,0.350634666666666,3.23481599999997,0,0,0,0,0.841523199999997,87.75,210.416666666667,0,0.00999141232657094,0.0189259293357852,NaN,NaN,0.999976551966704,2527,0,0,0,0,0,0.4094091,0,1328912,0,110997400,0,20182551436,tdma,candidate-elcs,none,edge-leased-certified-scheduling,none,continuous-elcs-replay,NaN,50,NaN,17.55,17.4166666666667,NaN,NaN,NaN,NaN,NaN,NaN,NaN,NaN,1053,NaN,NaN,NaN,0,0,1,2,NaN,NaN,NaN,NaN,NaN,0,0,NaN,0,0,0.350634666666666,1053,nominal,full,1,0,503085718935,0,0,0,0,0,0,0,0,1,0,0,0,0,0,0,0.283554993399736,1,0,NaN,NaN,5,1,0,0,1,189002038080,1053,1053,0.00146005840233609,0.00453205840233609,Inf,1.11022302462516e-16,0.00025,40,39.6603745035441,1,candidate-elcs,950,0.972800000000017,0.0810666666666681,0.350634666666666,1,5957235022,30498368871,1102951,1250837402,1053,1053,0,0,2,1,2525,0,2,2525,0,2,1,0,1,0.000484685427526443,1.11022302462516e-16,1,0,0,0,NaN,NaN
candidate-targeted-frontier-falsification,16048002,n10-ring2-zero-loss,N10 ring2 zero-loss,EXP22G targeted frontier,periodic-cost-match,1,12.2705555555555,periodic,Periodic static TDMA / ELCS cost match,none,10,ring2,di,tdma,1,1,0,1,0.26,0.097,0.097,0.0277777777777778,0.0277777777777778,0.0508873452797432,0.542218815120503,0,0,NaN,NaN,NaN,NaN,0.0671833141982394,0.119999999999999,0.120000000000001,0.140000000000001,NaN,NaN,1480,1474,1474,0,0,3832,3832,0,0,0,0,0,0,0,0,0,0,0,0,0,1,32,32,0,0,0,0,0,0,0,0.377343999999952,0,0,0,0.376615064359138,0.414793958036286,0,0,0,0,0,0.377344000000003,4.52812800000003,0,0,0,0,0.905625600000006,122.833333333333,319.333333333333,0,0.0226194930132394,0.0429125144160084,NaN,NaN,0.999988953836241,3832,0,0,0,0,0,1.5990271,0,850760,0,410907079,0,268342094,tdma,periodic-frontier,none,full-mission-static-tdma,none,continuous-local-static-tdma,NaN,12.2705555555555,NaN,12.2833333333333,12.25,NaN,NaN,NaN,NaN,NaN,NaN,NaN,NaN,1474,NaN,NaN,NaN,0,0,1,0,NaN,NaN,NaN,NaN,NaN,0,0,NaN,0,0,0.377344000000003,1474,nominal,full,0,0,1950208751644,0,0,0,0,0,0,0,0,1,0,0,0,0,0,0,NaN,0,0,NaN,NaN,10,1,0,0,1,691811921653,2648,1474,0.00146005840233609,0.00453205840233609,Inf,8.88178419700125e-16,0.00025,40,39.3488054758007,1,periodic-static,0,0,0,0.377344000000003,0,NaN,NaN,NaN,NaN,NaN,NaN,NaN,NaN,NaN,NaN,NaN,NaN,NaN,NaN,NaN,NaN,NaN,NaN,NaN,NaN,NaN,NaN,NaN,NaN,NaN,NaN,NaN
candidate-targeted-frontier-falsification,16048002,n10-ring2-zero-loss,N10 ring2 zero-loss,EXP22G targeted frontier,periodic-cost-minus2pct,2,12.0251444444444,periodic,Periodic static TDMA / 2% below ELCS cost,none,10,ring2,di,tdma,1,1,0,1,0.26,0.097,0.097,0.0277777777777778,0.0277777777777778,0.0513126155471942,0.541335789666722,0,0,NaN,NaN,NaN,NaN,0.0679716800612315,0.119999999999999,0.119999999999999,0.139999999999999,NaN,NaN,1450,1444,1444,0,0,3754,3754,0,0,0,0,0,0,0,0,0,0,0,0,0,1,32,32,0,0,0,0,0,0,0,0.369663999999953,0,0,0,0.369121276981687,0.40882000480749,0,0,0,0,0,0.369664000000001,4.43596800000002,0,0,0,0,0.887193600000004,120.333333333333,312.833333333333,0,0.0226459665226361,0.0430963346559371,NaN,NaN,0.999988490091887,3754,0,0,0,0,0,1.7879722,0,850760,0,410907079,0,268532532,tdma,periodic-frontier,none,full-mission-static-tdma,none,continuous-local-static-tdma,NaN,12.0251444444444,NaN,12.0333333333333,12,NaN,NaN,NaN,NaN,NaN,NaN,NaN,NaN,1444,NaN,NaN,NaN,0,0,1,0,NaN,NaN,NaN,NaN,NaN,0,0,NaN,0,0,0.369664000000001,1444,nominal,full,0,0,1950208751644,0,0,0,0,0,0,0,0,1,0,0,0,0,0,0,NaN,0,0,NaN,NaN,10,1,0,0,1,691811921653,2648,1444,0.00146005840233609,0.00453205840233609,Inf,8.88178419700125e-16,0.00025,40,39.3488054758007,1,periodic-static,0,0,0,0.369664000000001,0,NaN,NaN,NaN,NaN,NaN,NaN,NaN,NaN,NaN,NaN,NaN,NaN,NaN,NaN,NaN,NaN,NaN,NaN,NaN,NaN,NaN,NaN,NaN,NaN,NaN,NaN,NaN
candidate-targeted-frontier-falsification,16048002,n10-ring2-zero-loss,N10 ring2 zero-loss,EXP22G targeted frontier,elcs-f-mission-affine,3,50,periodic,ELCS-F / mission affine clock,none,10,ring2,di,tdma,1,1,0,1,0.26,0.097,0.097,0.0277777777777778,0.0277777777777778,0.0509332703792716,0.542434958942861,0,0,NaN,NaN,NaN,NaN,0.0655836203597396,0.119999999999999,0.120000000000001,0.120000000000001,NaN,NaN,6000,1114,1114,0,0,2905,2905,0,0,0,0,0,0,0,0,0,0,4876,0,0,1,32,32,0,0,0,0,0,0,0,0.272593929655815,0,0,0,0,0,0,0,0,0,0,0.377002666666665,3.42220799999997,0,0,0,0,0.904806399999995,92.8333333333333,242.083333333333,0,0.0100676617302807,0.0190416019717978,NaN,NaN,0.999481331142682,2905,0,0,0,0,0,0.590671200000001,0,850760,0,410907079,0,43029679877,tdma,candidate-elcs,none,edge-leased-certified-scheduling,none,continuous-elcs-replay,NaN,50,NaN,9.28333333333333,8.91666666666667,NaN,NaN,NaN,NaN,NaN,NaN,NaN,NaN,1114,NaN,NaN,NaN,0,0,1,0,NaN,NaN,NaN,NaN,NaN,0,0,NaN,0,0,0.377002666666665,1114,nominal,full,1,0,1950208751644,0,0,0,0,0,0,0,0,1,0,0,0,0,0,0,1.04138871794872,1,0,NaN,NaN,10,0,0,0,1,691811921653,1114,1114,0.00146005840233609,0.00453205840233609,Inf,1.11022302462516e-16,0.00025,40,39.3488054758007,1,candidate-elcs,1076,1.10182400000001,0.0918186666666674,0.377002666666665,1,6982300765,113308285404,1800494,2103482071,1114,1114,0,0,0,1,2905,0,0,2905,0,0,1,0,1,0.00077867976835222,1.11022302462516e-16,1,0,0,0,NaN,NaN
candidate-targeted-frontier-falsification,16048003,n5-6dof-zero-loss,N5 6-DOF zero-loss,EXP22G targeted frontier,periodic-cost-match,1,22.8377777777777,periodic,Periodic static TDMA / ELCS cost match,none,5,ring2,6dof,tdma,1,1,0,1,0.48,0.29,0.29,0.0476190476190476,0.0476190476190476,0.0286681241730554,0.561274695929364,0,0,10.1247766328209,12.2805766703782,0,1.03684736001188,0.0375456053067993,0.0600000000000005,0.0800000000000001,0.0800000000000018,NaN,NaN,1370,1370,1370,0,0,3288,3288,0,0,0,0,0,0,0,0,0,0,0,0,0,1,32,32,0,0,0,0,0,0,0,0.350719999999954,0,0,0,0.350080712620051,0.386574992306226,0,0,0,0,0,0.350719999999999,4.20863999999999,0,0,0,0,0.841727999999998,114.166666666667,274,0,0.0112970295898226,0.0214938538558941,NaN,NaN,1,3288,0,0,0,0,0,1.9892851,0,891110,0,110997400,0,258101613,tdma,periodic-frontier,none,full-mission-static-tdma,none,continuous-local-static-tdma,NaN,22.8377777777777,NaN,22.8333333333333,22.8333333333333,NaN,NaN,NaN,NaN,NaN,NaN,NaN,NaN,1370,NaN,NaN,NaN,0,0,1,0,NaN,NaN,NaN,NaN,NaN,0,0,NaN,0,0,0.350719999999999,1370,nominal,full,0,0,502944311341,0,0,0,0,0,0,0,0,1,0,0,0,0,0,0,NaN,0,0,NaN,NaN,5,1,0,0,1,188750199924,2648,1370,0.00146005840233609,0.00453205840233609,Inf,0,0.00025,40,25.8627613689871,1,periodic-static,0,0,0,0.350719999999999,0,NaN,NaN,NaN,NaN,NaN,NaN,NaN,NaN,NaN,NaN,NaN,NaN,NaN,NaN,NaN,NaN,NaN,NaN,NaN,NaN,NaN,NaN,NaN,NaN,NaN,NaN,NaN
candidate-targeted-frontier-falsification,16048003,n5-6dof-zero-loss,N5 6-DOF zero-loss,EXP22G targeted frontier,periodic-cost-minus2pct,2,22.3810222222222,periodic,Periodic static TDMA / 2% below ELCS cost,none,5,ring2,6dof,tdma,1,1,0,1,0.48,0.29,0.29,0.0476190476190476,0.0476190476190476,0.0289003858113995,0.561150700069111,0,0,10.1247766328209,12.3138305152612,0,1.03682720272465,0.038167495854063,0.0600000000000005,0.0800000000000001,0.0800000000000001,NaN,NaN,1345,1344,1344,0,0,3225,3225,0,0,0,0,0,0,0,0,0,0,0,0,0,1,32,32,0,0,0,0,0,0,0,0.344063999999956,0,0,0,0.341939190600834,0.380181815818034,0,0,0,0,0,0.344063999999998,4.12876799999998,0,0,0,0,0.825753599999995,112,268.75,0,0.0113347683358962,0.021512439776405,NaN,NaN,0.999997785577466,3225,0,0,0,0,0,1.7254651,0,891110,0,110997400,0,257801492,tdma,periodic-frontier,none,full-mission-static-tdma,none,continuous-local-static-tdma,NaN,22.3810222222222,NaN,22.4,22.3333333333333,NaN,NaN,NaN,NaN,NaN,NaN,NaN,NaN,1344,NaN,NaN,NaN,0,0,1,0,NaN,NaN,NaN,NaN,NaN,0,0,NaN,0,0,0.344063999999998,1344,nominal,full,0,0,502944311341,0,0,0,0,0,0,0,0,1,0,0,0,0,0,0,NaN,0,0,NaN,NaN,5,1,0,0,1,188750199924,2648,1344,0.00146005840233609,0.00453205840233609,Inf,0,0.00025,40,25.8627613689871,1,periodic-static,0,0,0,0.344063999999998,0,NaN,NaN,NaN,NaN,NaN,NaN,NaN,NaN,NaN,NaN,NaN,NaN,NaN,NaN,NaN,NaN,NaN,NaN,NaN,NaN,NaN,NaN,NaN,NaN,NaN,NaN,NaN
candidate-targeted-frontier-falsification,16048003,n5-6dof-zero-loss,N5 6-DOF zero-loss,EXP22G targeted frontier,elcs-f-mission-affine,3,50,periodic,ELCS-F / mission affine clock,none,5,ring2,6dof,tdma,1,1,0,1,0.48,0.29,0.29,0.0476190476190476,0.0476190476190476,0.0301042879758784,0.559455846253125,0,0,10.162938557389,12.3301076832624,0,1.03685627024442,0.0409618573797679,0.0600000000000005,0.0600000000000005,0.0600000000000005,NaN,NaN,3000,1054,1053,0,0,2528,2526,2,0,0,0,0,0,0,2,0.00189753320683112,0,1943,0,0,1,32,32,0,0,0,0,0,0,0,0.350640800159973,0,0,0,0,0,0,0,0,0,0,0.350890666666666,3.23788799999997,0,0,0,0,0.842137599999997,87.75,210.5,0,0.0100581161793273,0.0190099212945345,NaN,NaN,0.999985570310915,2528,0,0,0,0,0,0.4533169,0,891110,0,110997400,0,20124239396,tdma,candidate-elcs,none,edge-leased-certified-scheduling,none,continuous-elcs-replay,NaN,50,NaN,17.55,17.5,NaN,NaN,NaN,NaN,NaN,NaN,NaN,NaN,1054,NaN,NaN,NaN,0,0,1,2,NaN,NaN,NaN,NaN,NaN,0,0,NaN,0,0,0.350890666666666,1054,nominal,full,1,0,502944311341,0,0,0,0,0,0,0,0,1,0,0,0,0,0,0,0.283554993399736,1,0,NaN,NaN,5,1,0,0,1,188750199924,1054,1054,0.00146005840233609,0.00453205840233609,Inf,2.71050543121376e-20,0.00025,40,25.8627613689871,1,candidate-elcs,950,0.972800000000017,0.0810666666666681,0.350890666666666,1,5948619624,30479778228,1102951,1252297209,1054,1054,0,0,2,1,2526,0,2,2526,0,2,1,0,1,0.000773362664757471,2.71050543121376e-20,1,0,0,0,NaN,NaN
candidate-targeted-frontier-falsification,16048003,n10-ring2-zero-loss,N10 ring2 zero-loss,EXP22G targeted frontier,periodic-cost-match,1,12.2705555555555,periodic,Periodic static TDMA / ELCS cost match,none,10,ring2,di,tdma,1,1,0,1,0.26,0.097,0.097,0.0277777777777778,0.0277777777777778,0.0507381772901247,0.54225498935611,0,0,NaN,NaN,NaN,NaN,0.0670072713356294,0.119999999999999,0.120000000000001,0.140000000000001,NaN,NaN,1480,1474,1474,0,0,3832,3832,0,0,0,0,0,0,0,0,0,0,0,0,0,1,32,32,0,0,0,0,0,0,0,0.377343999999952,0,0,0,0.376115000700123,0.420213206322997,0,0,0,0,0,0.377344000000003,4.52812800000003,0,0,0,0,0.905625600000006,122.833333333333,319.333333333333,0,0.0225863969750854,0.0430353869981304,NaN,NaN,0.999988953836241,3832,0,0,0,0,0,1.5415067,0,490697,0,410907079,0,268342096,tdma,periodic-frontier,none,full-mission-static-tdma,none,continuous-local-static-tdma,NaN,12.2705555555555,NaN,12.2833333333333,12.25,NaN,NaN,NaN,NaN,NaN,NaN,NaN,NaN,1474,NaN,NaN,NaN,0,0,1,0,NaN,NaN,NaN,NaN,NaN,0,0,NaN,0,0,0.377344000000003,1474,nominal,full,0,0,1950305012183,0,0,0,0,0,0,0,0,1,0,0,0,0,0,0,NaN,0,0,NaN,NaN,10,1,0,0,1,692558390326,2648,1474,0.00146005840233609,0.00453205840233609,Inf,0,0.00025,40,32.7443075528607,1,periodic-static,0,0,0,0.377344000000003,0,NaN,NaN,NaN,NaN,NaN,NaN,NaN,NaN,NaN,NaN,NaN,NaN,NaN,NaN,NaN,NaN,NaN,NaN,NaN,NaN,NaN,NaN,NaN,NaN,NaN,NaN,NaN
candidate-targeted-frontier-falsification,16048003,n10-ring2-zero-loss,N10 ring2 zero-loss,EXP22G targeted frontier,periodic-cost-minus2pct,2,12.0251444444444,periodic,Periodic static TDMA / 2% below ELCS cost,none,10,ring2,di,tdma,1,1,0,1,0.26,0.097,0.097,0.0277777777777778,0.0277777777777778,0.051286314336292,0.541067498217535,0,0,NaN,NaN,NaN,NaN,0.0679869881362411,0.119999999999999,0.119999999999999,0.139999999999999,NaN,NaN,1450,1444,1444,0,0,3754,3754,0,0,0,0,0,0,0,0,0,0,0,0,0,1,32,32,0,0,0,0,0,0,0,0.369663999999953,0,0,0,0.368431296890315,0.40839545511385,0,0,0,0,0,0.369664000000001,4.43596800000002,0,0,0,0,0.887193600000004,120.333333333333,312.833333333333,0,0.0225834218083875,0.0430185642061243,NaN,NaN,0.999988490091887,3754,0,0,0,0,0,1.4574199,0,490697,0,410907079,0,268532534,tdma,periodic-frontier,none,full-mission-static-tdma,none,continuous-local-static-tdma,NaN,12.0251444444444,NaN,12.0333333333333,12,NaN,NaN,NaN,NaN,NaN,NaN,NaN,NaN,1444,NaN,NaN,NaN,0,0,1,0,NaN,NaN,NaN,NaN,NaN,0,0,NaN,0,0,0.369664000000001,1444,nominal,full,0,0,1950305012183,0,0,0,0,0,0,0,0,1,0,0,0,0,0,0,NaN,0,0,NaN,NaN,10,1,0,0,1,692558390326,2648,1444,0.00146005840233609,0.00453205840233609,Inf,0,0.00025,40,32.7443075528607,1,periodic-static,0,0,0,0.369664000000001,0,NaN,NaN,NaN,NaN,NaN,NaN,NaN,NaN,NaN,NaN,NaN,NaN,NaN,NaN,NaN,NaN,NaN,NaN,NaN,NaN,NaN,NaN,NaN,NaN,NaN,NaN,NaN
candidate-targeted-frontier-falsification,16048003,n10-ring2-zero-loss,N10 ring2 zero-loss,EXP22G targeted frontier,elcs-f-mission-affine,3,50,periodic,ELCS-F / mission affine clock,none,10,ring2,di,tdma,1,1,0,1,0.26,0.097,0.097,0.0277777777777778,0.0277777777777778,0.0508536157943286,0.542664319943755,0,0,NaN,NaN,NaN,NaN,0.0654688097971679,0.119999999999999,0.120000000000001,0.120000000000001,NaN,NaN,6000,1114,1113,0,0,2906,2902,4,0,0,0,0,0,0,2,0.00179533213644524,0,4876,0,0,1,32,32,0,0,0,0,0,0,0,0.273166583595739,0,0,0,0,0,0,0,0,0,0,0.377002666666665,3.42220799999997,0,0,0,0,0.904806399999995,92.75,241.833333333333,0,0.0100386142710048,0.0189921174907118,NaN,NaN,0.999547336060613,2906,0,0,0,0,0,0.5334407,0,490697,0,410907079,0,43003410761,tdma,candidate-elcs,none,edge-leased-certified-scheduling,none,continuous-elcs-replay,NaN,50,NaN,9.275,8.91666666666667,NaN,NaN,NaN,NaN,NaN,NaN,NaN,NaN,1114,NaN,NaN,NaN,0,0,1,2,NaN,NaN,NaN,NaN,NaN,0,0,NaN,0,0,0.377002666666665,1114,nominal,full,1,0,1950305012183,0,0,0,0,0,0,0,0,1,0,0,0,0,0,0,1.04138871794872,1,0,NaN,NaN,10,0,0,0,1,692558390326,1114,1114,0.00146005840233609,0.00453205840233609,Inf,4.44089209850063e-16,0.00025,40,32.7443075528607,1,candidate-elcs,1076,1.10182400000001,0.0918186666666674,0.377002666666665,1,7033222953,113414293405,1800494,2103510731,1114,1114,0,0,2,1,2902,0,4,2902,0,4,1,0,1,0.000670661165449005,4.44089209850063e-16,1,0,0,0,NaN,NaN
candidate-targeted-frontier-falsification,16048004,n5-6dof-zero-loss,N5 6-DOF zero-loss,EXP22G targeted frontier,periodic-cost-match,1,22.8377777777777,periodic,Periodic static TDMA / ELCS cost match,none,5,ring2,6dof,tdma,1,1,0,1,0.48,0.29,0.29,0.0476190476190476,0.0476190476190476,0.0286576297080656,0.561281250717241,0,0,10.1247766328209,12.2805766703782,0,1.03684760251683,0.0375124378109452,0.0600000000000005,0.0800000000000001,0.0800000000000018,NaN,NaN,1370,1370,1370,0,0,3288,3288,0,0,0,0,0,0,0,0,0,0,0,0,0,1,32,32,0,0,0,0,0,0,0,0.350719999999954,0,0,0,0.349695258803775,0.376464689779504,0,0,0,0,0,0.350719999999999,4.20863999999999,0,0,0,0,0.841727999999998,114.166666666667,274,0,0.0112892586746463,0.0214472425511212,NaN,NaN,1,3288,0,0,0,0,0,1.2227551,0,1212154,0,110997400,0,258101615,tdma,periodic-frontier,none,full-mission-static-tdma,none,continuous-local-static-tdma,NaN,22.8377777777777,NaN,22.8333333333333,22.8333333333333,NaN,NaN,NaN,NaN,NaN,NaN,NaN,NaN,1370,NaN,NaN,NaN,0,0,1,0,NaN,NaN,NaN,NaN,NaN,0,0,NaN,0,0,0.350719999999999,1370,nominal,full,0,0,503482050474,0,0,0,0,0,0,0,0,1,0,0,0,0,0,0,NaN,0,0,NaN,NaN,5,1,0,0,1,188956944562,2647,1370,0.00146005840233609,0.00453205840233609,Inf,2.77555756156289e-17,0.00025,40,29.5617271954693,1,periodic-static,0,0,0,0.350719999999999,0,NaN,NaN,NaN,NaN,NaN,NaN,NaN,NaN,NaN,NaN,NaN,NaN,NaN,NaN,NaN,NaN,NaN,NaN,NaN,NaN,NaN,NaN,NaN,NaN,NaN,NaN,NaN
candidate-targeted-frontier-falsification,16048004,n5-6dof-zero-loss,N5 6-DOF zero-loss,EXP22G targeted frontier,periodic-cost-minus2pct,2,22.3810222222222,periodic,Periodic static TDMA / 2% below ELCS cost,none,5,ring2,6dof,tdma,1,1,0,1,0.48,0.29,0.29,0.0476190476190476,0.0476190476190476,0.0290096528319352,0.561137250520648,0,0,10.1247766328209,12.3138305152612,0,1.0368286654228,0.0381094527363184,0.0600000000000005,0.0800000000000001,0.0800000000000001,NaN,NaN,1345,1343,1343,0,0,3223,3223,0,0,0,0,0,0,0,0,0,0,0,0,0,1,32,32,0,0,0,0,0,0,0,0.343807999999956,0,0,0,0.3440294698282,0.375721115754491,0,0,0,0,0,0.343807999999998,4.12569599999998,0,0,0,0,0.825139199999995,111.916666666667,268.583333333333,0,0.0112378857569307,0.0214255575887827,NaN,NaN,0.999996673421469,3223,0,0,0,0,0,1.3175032,0,1212154,0,110997400,0,257801494,tdma,periodic-frontier,none,full-mission-static-tdma,none,continuous-local-static-tdma,NaN,22.3810222222222,NaN,22.3833333333333,22.3333333333333,NaN,NaN,NaN,NaN,NaN,NaN,NaN,NaN,1343,NaN,NaN,NaN,0,0,1,0,NaN,NaN,NaN,NaN,NaN,0,0,NaN,0,0,0.343807999999998,1343,nominal,full,0,0,503482050474,0,0,0,0,0,0,0,0,1,0,0,0,0,0,0,NaN,0,0,NaN,NaN,5,1,0,0,1,188956944562,2647,1343,0.00146005840233609,0.00453205840233609,Inf,2.77555756156289e-17,0.00025,40,29.5617271954693,1,periodic-static,0,0,0,0.343807999999998,0,NaN,NaN,NaN,NaN,NaN,NaN,NaN,NaN,NaN,NaN,NaN,NaN,NaN,NaN,NaN,NaN,NaN,NaN,NaN,NaN,NaN,NaN,NaN,NaN,NaN,NaN,NaN
candidate-targeted-frontier-falsification,16048004,n5-6dof-zero-loss,N5 6-DOF zero-loss,EXP22G targeted frontier,elcs-f-mission-affine,3,50,periodic,ELCS-F / mission affine clock,none,5,ring2,6dof,tdma,1,1,0,1,0.48,0.29,0.29,0.0476190476190476,0.0476190476190476,0.0301182615667259,0.559406326340045,0,0,10.0667861630238,12.3153610344533,0,1.03684316906,0.0409618573797679,0.0600000000000005,0.0600000000000005,0.0600000000000005,NaN,NaN,3000,1053,1053,0,0,2528,2528,0,0,0,0,0,0,0,0,0,0,1944,0,0,1,32,32,0,0,0,0,0,0,0,0.350634666666645,0,0,0,0,0,0,0,0,0,0,0.350634666666666,3.23481599999997,0,0,0,0,0.841523199999997,87.75,210.666666666667,0,0.0100376179815979,0.0190026444376894,NaN,NaN,0.999949497910025,2528,0,0,0,0,0,0.393357,0,1212154,0,110997400,0,20145517975,tdma,candidate-elcs,none,edge-leased-certified-scheduling,none,continuous-elcs-replay,NaN,50,NaN,17.55,17.3333333333333,NaN,NaN,NaN,NaN,NaN,NaN,NaN,NaN,1053,NaN,NaN,NaN,0,0,1,0,NaN,NaN,NaN,NaN,NaN,0,0,NaN,0,0,0.350634666666666,1053,nominal,full,1,0,503482050474,0,0,0,0,0,0,0,0,1,0,0,0,0,0,0,0.283554993399736,1,0,NaN,NaN,5,1,0,0,1,188956944562,1053,1053,0.00146005840233609,0.00453205840233609,Inf,2.22044604925031e-16,0.00025,40,29.5617271954693,1,candidate-elcs,950,0.972800000000017,0.0810666666666681,0.350634666666666,1,5939075410,30430447622,1102951,1250836266,1053,1053,0,0,0,1,2528,0,0,2528,0,0,1,0,1,0.000957758342048365,2.22044604925031e-16,1,0,0,0,NaN,NaN
candidate-targeted-frontier-falsification,16048004,n10-ring2-zero-loss,N10 ring2 zero-loss,EXP22G targeted frontier,periodic-cost-match,1,12.2705555555555,periodic,Periodic static TDMA / ELCS cost match,none,10,ring2,di,tdma,1,1,0,1,0.26,0.097,0.097,0.0277777777777778,0.0277777777777778,0.0507585833206726,0.542249914112286,0,0,NaN,NaN,NaN,NaN,0.0671450440107155,0.119999999999999,0.120000000000001,0.140000000000001,NaN,NaN,1480,1474,1474,0,0,3832,3832,0,0,0,0,0,0,0,0,0,0,0,0,0,1,32,32,0,0,0,0,0,0,0,0.377343999999951,0,0,0,0.375477366271575,0.410733074799037,0,0,0,0,0,0.377344000000003,4.52812800000003,0,0,0,0,0.905625600000006,122.833333333333,319.333333333333,0,0.0226874723346709,0.0431077379654616,NaN,NaN,0.999988953836241,3832,0,0,0,0,0,1.4185464,0,1240471,0,410907079,0,268342098,tdma,periodic-frontier,none,full-mission-static-tdma,none,continuous-local-static-tdma,NaN,12.2705555555555,NaN,12.2833333333333,12.25,NaN,NaN,NaN,NaN,NaN,NaN,NaN,NaN,1474,NaN,NaN,NaN,0,0,1,0,NaN,NaN,NaN,NaN,NaN,0,0,NaN,0,0,0.377344000000003,1474,nominal,full,0,0,1952421340574,0,0,0,0,0,0,0,0,1,0,0,0,0,0,0,NaN,0,0,NaN,NaN,10,1,0,0,1,692746470200,2648,1474,0.00146005840233609,0.00453205840233609,Inf,0,0.00025,40,33.7083967173582,1,periodic-static,0,0,0,0.377344000000003,0,NaN,NaN,NaN,NaN,NaN,NaN,NaN,NaN,NaN,NaN,NaN,NaN,NaN,NaN,NaN,NaN,NaN,NaN,NaN,NaN,NaN,NaN,NaN,NaN,NaN,NaN,NaN
candidate-targeted-frontier-falsification,16048004,n10-ring2-zero-loss,N10 ring2 zero-loss,EXP22G targeted frontier,periodic-cost-minus2pct,2,12.0251444444444,periodic,Periodic static TDMA / 2% below ELCS cost,none,10,ring2,di,tdma,1,1,0,1,0.26,0.097,0.097,0.0277777777777778,0.0277777777777778,0.0513216906388398,0.541146000797121,0,0,NaN,NaN,NaN,NaN,0.0680329123612698,0.119999999999999,0.119999999999999,0.139999999999999,NaN,NaN,1450,1444,1444,0,0,3754,3754,0,0,0,0,0,0,0,0,0,0,0,0,0,1,32,32,0,0,0,0,0,0,0,0.369663999999953,0,0,0,0.369002156323401,0.409764777340377,0,0,0,0,0,0.369664000000001,4.43596800000002,0,0,0,0,0.887193600000004,120.333333333333,312.833333333333,0,0.0226877119339716,0.0430906034661958,NaN,NaN,0.999988490091887,3754,0,0,0,0,0,1.3551084,0,1240471,0,410907079,0,268532536,tdma,periodic-frontier,none,full-mission-static-tdma,none,continuous-local-static-tdma,NaN,12.0251444444444,NaN,12.0333333333333,12,NaN,NaN,NaN,NaN,NaN,NaN,NaN,NaN,1444,NaN,NaN,NaN,0,0,1,0,NaN,NaN,NaN,NaN,NaN,0,0,NaN,0,0,0.369664000000001,1444,nominal,full,0,0,1952421340574,0,0,0,0,0,0,0,0,1,0,0,0,0,0,0,NaN,0,0,NaN,NaN,10,1,0,0,1,692746470200,2648,1444,0.00146005840233609,0.00453205840233609,Inf,0,0.00025,40,33.7083967173582,1,periodic-static,0,0,0,0.369664000000001,0,NaN,NaN,NaN,NaN,NaN,NaN,NaN,NaN,NaN,NaN,NaN,NaN,NaN,NaN,NaN,NaN,NaN,NaN,NaN,NaN,NaN,NaN,NaN,NaN,NaN,NaN,NaN
candidate-targeted-frontier-falsification,16048004,n10-ring2-zero-loss,N10 ring2 zero-loss,EXP22G targeted frontier,elcs-f-mission-affine,3,50,periodic,ELCS-F / mission affine clock,none,10,ring2,di,tdma,1,1,0,1,0.26,0.097,0.097,0.0277777777777778,0.0277777777777778,0.0508689746134908,0.542638519283373,0,0,NaN,NaN,NaN,NaN,0.0655070799846918,0.119999999999999,0.120000000000001,0.120000000000001,NaN,NaN,6000,1117,1117,0,0,2910,2908,2,0,0,0,0,0,0,2,0.0017905102954342,0,4873,0,0,1,32,32,0,0,0,0,0,0,0,0.269641813882479,0,0,0,0,0,0,0,0,0,0,0.377770666666665,3.43142399999997,0,0,0,0,0.906649599999995,93.0833333333333,242.333333333333,0,0.0100173806504831,0.018975995090943,NaN,NaN,0.999678709067455,2910,0,0,0,0,0,0.455524700000001,0,1240471,0,410907079,0,43053497619,tdma,candidate-elcs,none,edge-leased-certified-scheduling,none,continuous-elcs-replay,NaN,50,NaN,9.30833333333333,9,NaN,NaN,NaN,NaN,NaN,NaN,NaN,NaN,1117,NaN,NaN,NaN,0,0,1,2,NaN,NaN,NaN,NaN,NaN,0,0,NaN,0,0,0.377770666666665,1117,nominal,full,1,0,1952421340574,0,0,0,0,0,0,0,0,1,0,0,0,0,0,0,1.04138871794872,1,0,NaN,NaN,10,0,0,0,1,692746470200,1117,1117,0.00146005840233609,0.00453205840233609,Inf,1.11022302462516e-16,0.00025,40,33.7083967173582,1,candidate-elcs,1076,1.10182400000001,0.0918186666666674,0.377770666666665,1,7023349701,113324201184,1800494,2106795147,1117,1117,0,0,2,1,2908,0,2,2908,0,2,1,0,1,0.000594450876356234,1.11022302462516e-16,1,0,0,0,NaN,NaN
candidate-targeted-frontier-falsification,16048005,n5-6dof-zero-loss,N5 6-DOF zero-loss,EXP22G targeted frontier,periodic-cost-match,1,22.8377777777777,periodic,Periodic static TDMA / ELCS cost match,none,5,ring2,6dof,tdma,1,1,0,1,0.48,0.29,0.29,0.0476190476190476,0.0476190476190476,0.0286690220628227,0.561069676419348,0,0,10.1247766328209,12.2805766703782,0,1.03684807384833,0.0374958540630182,0.0600000000000005,0.0800000000000001,0.0800000000000018,NaN,NaN,1370,1370,1370,0,0,3288,3288,0,0,0,0,0,0,0,0,0,0,0,0,0,1,32,32,0,0,0,0,0,0,0,0.350719999999955,0,0,0,0.350691462182262,0.382467392441796,0,0,0,0,0,0.350719999999999,4.20863999999999,0,0,0,0,0.841727999999998,114.166666666667,274,0,0.0113588563086241,0.0215557039538997,NaN,NaN,1,3288,0,0,0,0,0,1.4580345,0,1149327,0,110997400,0,258101617,tdma,periodic-frontier,none,full-mission-static-tdma,none,continuous-local-static-tdma,NaN,22.8377777777777,NaN,22.8333333333333,22.8333333333333,NaN,NaN,NaN,NaN,NaN,NaN,NaN,NaN,1370,NaN,NaN,NaN,0,0,1,0,NaN,NaN,NaN,NaN,NaN,0,0,NaN,0,0,0.350719999999999,1370,nominal,full,0,0,503147016919,0,0,0,0,0,0,0,0,1,0,0,0,0,0,0,NaN,0,0,NaN,NaN,5,1,0,0,1,188741885170,2648,1370,0.00146005840233609,0.00453205840233609,Inf,0,0.00025,40,30.3659922828155,1,periodic-static,0,0,0,0.350719999999999,0,NaN,NaN,NaN,NaN,NaN,NaN,NaN,NaN,NaN,NaN,NaN,NaN,NaN,NaN,NaN,NaN,NaN,NaN,NaN,NaN,NaN,NaN,NaN,NaN,NaN,NaN,NaN
candidate-targeted-frontier-falsification,16048005,n5-6dof-zero-loss,N5 6-DOF zero-loss,EXP22G targeted frontier,periodic-cost-minus2pct,2,22.3810222222222,periodic,Periodic static TDMA / 2% below ELCS cost,none,5,ring2,6dof,tdma,1,1,0,1,0.48,0.29,0.29,0.0476190476190476,0.0476190476190476,0.0289533687856707,0.561028838338963,0,0,10.1247766328209,12.3138305152612,0,1.03682831865421,0.0381757877280265,0.0600000000000005,0.0800000000000001,0.0800000000000001,NaN,NaN,1345,1344,1344,0,0,3225,3225,0,0,0,0,0,0,0,0,0,0,0,0,0,1,32,32,0,0,0,0,0,0,0,0.344063999999955,0,0,0,0.342155437136037,0.377470846983118,0,0,0,0,0,0.344063999999998,4.12876799999998,0,0,0,0,0.825753599999995,112,268.75,0,0.011348428221274,0.0215111904075986,NaN,NaN,0.999997785577466,3225,0,0,0,0,0,1.2562294,0,1149327,0,110997400,0,257801496,tdma,periodic-frontier,none,full-mission-static-tdma,none,continuous-local-static-tdma,NaN,22.3810222222222,NaN,22.4,22.3333333333333,NaN,NaN,NaN,NaN,NaN,NaN,NaN,NaN,1344,NaN,NaN,NaN,0,0,1,0,NaN,NaN,NaN,NaN,NaN,0,0,NaN,0,0,0.344063999999998,1344,nominal,full,0,0,503147016919,0,0,0,0,0,0,0,0,1,0,0,0,0,0,0,NaN,0,0,NaN,NaN,5,1,0,0,1,188741885170,2648,1344,0.00146005840233609,0.00453205840233609,Inf,0,0.00025,40,30.3659922828155,1,periodic-static,0,0,0,0.344063999999998,0,NaN,NaN,NaN,NaN,NaN,NaN,NaN,NaN,NaN,NaN,NaN,NaN,NaN,NaN,NaN,NaN,NaN,NaN,NaN,NaN,NaN,NaN,NaN,NaN,NaN,NaN,NaN
candidate-targeted-frontier-falsification,16048005,n5-6dof-zero-loss,N5 6-DOF zero-loss,EXP22G targeted frontier,elcs-f-mission-affine,3,50,periodic,ELCS-F / mission affine clock,none,5,ring2,6dof,tdma,1,1,0,1,0.48,0.29,0.29,0.0476190476190476,0.0476190476190476,0.0301051921099878,0.559454505520246,0,0,10.0686821661002,12.3117902166133,0,1.03684870662699,0.0409618573797679,0.0600000000000005,0.0600000000000005,0.0600000000000005,NaN,NaN,3000,1055,1054,0,0,2531,2529,2,0,0,0,0,0,0,2,0.0018957345971564,0,1942,0,0,1,32,32,0,0,0,0,0,0,0,0.350904986102475,0,0,0,0,0,0,0,0,0,0,0.351146666666666,3.24095999999997,0,0,0,0,0.842751999999997,87.8333333333333,210.75,0,0.0100220514337892,0.0189279578762851,NaN,NaN,0.999951393827016,2531,0,0,0,0,0,0.3909878,0,1149327,0,110997400,0,20166453635,tdma,candidate-elcs,none,edge-leased-certified-scheduling,none,continuous-elcs-replay,NaN,50,NaN,17.5666666666667,17.3333333333333,NaN,NaN,NaN,NaN,NaN,NaN,NaN,NaN,1055,NaN,NaN,NaN,0,0,1,2,NaN,NaN,NaN,NaN,NaN,0,0,NaN,0,0,0.351146666666666,1055,nominal,full,1,0,503147016919,0,0,0,0,0,0,0,0,1,0,0,0,0,0,0,0.283554993399736,1,0,NaN,NaN,5,1,0,0,1,188741885170,1055,1055,0.00146005840233609,0.00453205840233609,Inf,2.71050543121376e-20,0.00025,40,30.3659922828155,1,candidate-elcs,950,0.972800000000017,0.0810666666666681,0.351146666666666,1,5966784005,30465260989,1102951,1253771362,1055,1055,0,0,2,1,2529,0,2,2529,0,2,1,0,1,0.00092830513813702,2.71050543121376e-20,1,0,0,0,NaN,NaN
candidate-targeted-frontier-falsification,16048005,n10-ring2-zero-loss,N10 ring2 zero-loss,EXP22G targeted frontier,periodic-cost-match,1,12.2705555555555,periodic,Periodic static TDMA / ELCS cost match,none,10,ring2,di,tdma,1,1,0,1,0.26,0.097,0.097,0.0277777777777778,0.0277777777777778,0.0507839820730475,0.542240286847551,0,0,NaN,NaN,NaN,NaN,0.0671680061232299,0.119999999999999,0.120000000000001,0.140000000000001,NaN,NaN,1480,1474,1474,0,0,3832,3832,0,0,0,0,0,0,0,0,0,0,0,0,0,1,32,32,0,0,0,0,0,0,0,0.377343999999951,0,0,0,0.3777169124688,0.41180151750424,0,0,0,0,0,0.377344000000003,4.52812800000003,0,0,0,0,0.905625600000006,122.833333333333,319.333333333333,0,0.0226333809501146,0.0430871421327357,NaN,NaN,0.999988953836241,3832,0,0,0,0,0,1.4872303,0,999972,0,410907079,0,268342100,tdma,periodic-frontier,none,full-mission-static-tdma,none,continuous-local-static-tdma,NaN,12.2705555555555,NaN,12.2833333333333,12.25,NaN,NaN,NaN,NaN,NaN,NaN,NaN,NaN,1474,NaN,NaN,NaN,0,0,1,0,NaN,NaN,NaN,NaN,NaN,0,0,NaN,0,0,0.377344000000003,1474,nominal,full,0,0,1950706397536,0,0,0,0,0,0,0,0,1,0,0,0,0,0,0,NaN,0,0,NaN,NaN,10,1,0,0,1,691810566401,2648,1474,0.00146005840233609,0.00453205840233609,Inf,0,0.00025,40,34.5669843558739,1,periodic-static,0,0,0,0.377344000000003,0,NaN,NaN,NaN,NaN,NaN,NaN,NaN,NaN,NaN,NaN,NaN,NaN,NaN,NaN,NaN,NaN,NaN,NaN,NaN,NaN,NaN,NaN,NaN,NaN,NaN,NaN,NaN
candidate-targeted-frontier-falsification,16048005,n10-ring2-zero-loss,N10 ring2 zero-loss,EXP22G targeted frontier,periodic-cost-minus2pct,2,12.0251444444444,periodic,Periodic static TDMA / 2% below ELCS cost,none,10,ring2,di,tdma,1,1,0,1,0.26,0.097,0.097,0.0277777777777778,0.0277777777777778,0.051261731254498,0.541113239307016,0,0,NaN,NaN,NaN,NaN,0.0680022962112507,0.119999999999999,0.119999999999999,0.139999999999999,NaN,NaN,1450,1444,1444,0,0,3754,3754,0,0,0,0,0,0,0,0,0,0,0,0,0,1,32,32,0,0,0,0,0,0,0,0.369663999999953,0,0,0,0.367977273588834,0.411105415487008,0,0,0,0,0,0.369664000000001,4.43596800000002,0,0,0,0,0.887193600000004,120.333333333333,312.833333333333,0,0.0225990367860027,0.0430675497370042,NaN,NaN,0.999988490091887,3754,0,0,0,0,0,1.357877,0,999972,0,410907079,0,268532538,tdma,periodic-frontier,none,full-mission-static-tdma,none,continuous-local-static-tdma,NaN,12.0251444444444,NaN,12.0333333333333,12,NaN,NaN,NaN,NaN,NaN,NaN,NaN,NaN,1444,NaN,NaN,NaN,0,0,1,0,NaN,NaN,NaN,NaN,NaN,0,0,NaN,0,0,0.369664000000001,1444,nominal,full,0,0,1950706397536,0,0,0,0,0,0,0,0,1,0,0,0,0,0,0,NaN,0,0,NaN,NaN,10,1,0,0,1,691810566401,2648,1444,0.00146005840233609,0.00453205840233609,Inf,0,0.00025,40,34.5669843558739,1,periodic-static,0,0,0,0.369664000000001,0,NaN,NaN,NaN,NaN,NaN,NaN,NaN,NaN,NaN,NaN,NaN,NaN,NaN,NaN,NaN,NaN,NaN,NaN,NaN,NaN,NaN,NaN,NaN,NaN,NaN,NaN,NaN
candidate-targeted-frontier-falsification,16048005,n10-ring2-zero-loss,N10 ring2 zero-loss,EXP22G targeted frontier,elcs-f-mission-affine,3,50,periodic,ELCS-F / mission affine clock,none,10,ring2,di,tdma,1,1,0,1,0.26,0.097,0.097,0.0277777777777778,0.0277777777777778,0.0508707397511476,0.542642900127433,0,0,NaN,NaN,NaN,NaN,0.0655262150784537,0.119999999999999,0.120000000000001,0.120000000000001,NaN,NaN,6000,1111,1110,0,0,2899,2893,6,0,0,0,0,0,0,4,0.0036003600360036,0,4879,0,0,1,32,32,0,0,0,0,0,0,0,0.274471989801239,0,0,0,0,0,0,0,0,0,0,0.376234666666665,3.41299199999997,0,0,0,0,0.902963199999995,92.5,241.083333333333,0,0.0100493238986494,0.0190695628224163,NaN,NaN,0.999448401174581,2899,0,0,0,0,0,0.4740155,0,999972,0,410907079,0,43018736247,tdma,candidate-elcs,none,edge-leased-certified-scheduling,none,continuous-elcs-replay,NaN,50,NaN,9.25,8.83333333333333,NaN,NaN,NaN,NaN,NaN,NaN,NaN,NaN,1111,NaN,NaN,NaN,0,0,1,4,NaN,NaN,NaN,NaN,NaN,0,0,NaN,0,0,0.376234666666665,1111,nominal,full,1,0,1950706397536,0,0,0,0,0,0,0,0,1,0,0,0,0,0,0,1.04138871794872,1,0,NaN,NaN,10,0,0,0,1,691810566401,1111,1111,0.00146005840233609,0.00453205840233609,Inf,1.11022302462516e-16,0.00025,40,34.5669843558739,1,candidate-elcs,1076,1.10182400000001,0.0918186666666674,0.376234666666665,1,6993707394,113120815400,1800494,2100488011,1111,1111,0,0,4,1,2893,0,6,2893,0,6,1,0,1,0.000482564994536361,1.11022302462516e-16,1,0,0,0,NaN,NaN
candidate-targeted-frontier-falsification,16048006,n5-6dof-zero-loss,N5 6-DOF zero-loss,EXP22G targeted frontier,periodic-cost-match,1,22.8377777777777,periodic,Periodic static TDMA / ELCS cost match,none,5,ring2,6dof,tdma,1,1,0,1,0.48,0.29,0.29,0.0476190476190476,0.0476190476190476,0.028608851729474,0.561276341642977,0,0,10.1247766328209,12.2805766703782,0,1.03684778109639,0.037412935323383,0.0600000000000005,0.0800000000000001,0.0800000000000018,NaN,NaN,1370,1370,1370,0,0,3288,3288,0,0,0,0,0,0,0,0,0,0,0,0,0,1,32,32,0,0,0,0,0,0,0,0.350719999999955,0,0,0,0.348661115427986,0.377661140450106,0,0,0,0,0,0.350719999999999,4.20863999999999,0,0,0,0,0.841727999999998,114.166666666667,274,0,0.0112912722105392,0.0214696908963199,NaN,NaN,1,3288,0,0,0,0,0,1.2148615,0,1053998,0,110997400,0,258101619,tdma,periodic-frontier,none,full-mission-static-tdma,none,continuous-local-static-tdma,NaN,22.8377777777777,NaN,22.8333333333333,22.8333333333333,NaN,NaN,NaN,NaN,NaN,NaN,NaN,NaN,1370,NaN,NaN,NaN,0,0,1,0,NaN,NaN,NaN,NaN,NaN,0,0,NaN,0,0,0.350719999999999,1370,nominal,full,0,0,503363565358,0,0,0,0,0,0,0,0,1,0,0,0,0,0,0,NaN,0,0,NaN,NaN,5,1,0,0,1,188729226664,2647,1370,0.00146005840233609,0.00453205840233609,Inf,8.88178419700125e-16,0.00025,40,27.380930029049,1,periodic-static,0,0,0,0.350719999999999,0,NaN,NaN,NaN,NaN,NaN,NaN,NaN,NaN,NaN,NaN,NaN,NaN,NaN,NaN,NaN,NaN,NaN,NaN,NaN,NaN,NaN,NaN,NaN,NaN,NaN,NaN,NaN
candidate-targeted-frontier-falsification,16048006,n5-6dof-zero-loss,N5 6-DOF zero-loss,EXP22G targeted frontier,periodic-cost-minus2pct,2,22.3810222222222,periodic,Periodic static TDMA / 2% below ELCS cost,none,5,ring2,6dof,tdma,1,1,0,1,0.48,0.29,0.29,0.0476190476190476,0.0476190476190476,0.0289072517758299,0.561149771665866,0,0,10.1247766328209,12.3138305152612,0,1.03682851772275,0.0381094527363184,0.0600000000000005,0.0800000000000001,0.0800000000000001,NaN,NaN,1345,1343,1343,0,0,3223,3223,0,0,0,0,0,0,0,0,0,0,0,0,0,1,32,32,0,0,0,0,0,0,0,0.343807999999956,0,0,0,0.34183781073947,0.379194466220131,0,0,0,0,0,0.343807999999998,4.12569599999998,0,0,0,0,0.825139199999995,111.916666666667,268.583333333333,0,0.0113088402592355,0.0214803233373731,NaN,NaN,0.999996673421469,3223,0,0,0,0,0,1.2075063,0,1053998,0,110997400,0,257801498,tdma,periodic-frontier,none,full-mission-static-tdma,none,continuous-local-static-tdma,NaN,22.3810222222222,NaN,22.3833333333333,22.3333333333333,NaN,NaN,NaN,NaN,NaN,NaN,NaN,NaN,1343,NaN,NaN,NaN,0,0,1,0,NaN,NaN,NaN,NaN,NaN,0,0,NaN,0,0,0.343807999999998,1343,nominal,full,0,0,503363565358,0,0,0,0,0,0,0,0,1,0,0,0,0,0,0,NaN,0,0,NaN,NaN,5,1,0,0,1,188729226664,2647,1343,0.00146005840233609,0.00453205840233609,Inf,8.88178419700125e-16,0.00025,40,27.380930029049,1,periodic-static,0,0,0,0.343807999999998,0,NaN,NaN,NaN,NaN,NaN,NaN,NaN,NaN,NaN,NaN,NaN,NaN,NaN,NaN,NaN,NaN,NaN,NaN,NaN,NaN,NaN,NaN,NaN,NaN,NaN,NaN,NaN
candidate-targeted-frontier-falsification,16048006,n5-6dof-zero-loss,N5 6-DOF zero-loss,EXP22G targeted frontier,elcs-f-mission-affine,3,50,periodic,ELCS-F / mission affine clock,none,5,ring2,6dof,tdma,1,1,0,1,0.48,0.29,0.29,0.0476190476190476,0.0476190476190476,0.0301123453773648,0.559459572780413,0,0,10.0752715584074,12.343244913773,0,1.03686149981493,0.0409618573797679,0.0600000000000005,0.0600000000000005,0.0600000000000005,NaN,NaN,3000,1051,1051,0,0,2523,2523,0,0,0,0,0,0,0,0,0,0,1946,0,0,1,32,32,0,0,0,0,0,0,0,0.350122666666644,0,0,0,0,0,0,0,0,0,0,0.350122666666666,3.22867199999997,0,0,0,0,0.840294399999997,87.5833333333333,210.25,0,0.0100068035194217,0.0189776155276971,NaN,NaN,0.999951115959281,2523,0,0,0,0,0,0.374963500000001,0,1053998,0,110997400,0,20103811341,tdma,candidate-elcs,none,edge-leased-certified-scheduling,none,continuous-elcs-replay,NaN,50,NaN,17.5166666666667,17.3333333333333,NaN,NaN,NaN,NaN,NaN,NaN,NaN,NaN,1051,NaN,NaN,NaN,0,0,1,0,NaN,NaN,NaN,NaN,NaN,0,0,NaN,0,0,0.350122666666666,1051,nominal,full,1,0,503363565358,0,0,0,0,0,0,0,0,1,0,0,0,0,0,0,0.283554993399736,1,0,NaN,NaN,5,1,0,0,1,188729226664,1051,1051,0.00146005840233609,0.00453205840233609,Inf,2.71050543121376e-20,0.00025,40,27.380930029049,1,candidate-elcs,950,0.972800000000017,0.0810666666666681,0.350122666666666,1,5985723164,30286553522,1102951,1257345020,1051,1051,0,0,0,1,2523,0,0,2523,0,0,1,0,1,0.00108042586097667,2.71050543121376e-20,1,0,0,0,NaN,NaN
candidate-targeted-frontier-falsification,16048006,n10-ring2-zero-loss,N10 ring2 zero-loss,EXP22G targeted frontier,periodic-cost-match,1,12.2705555555555,periodic,Periodic static TDMA / ELCS cost match,none,10,ring2,di,tdma,1,1,0,1,0.26,0.097,0.097,0.0277777777777778,0.0277777777777778,0.0506916815381076,0.542333101566362,0,0,NaN,NaN,NaN,NaN,0.0669460390355911,0.119999999999999,0.120000000000001,0.140000000000001,NaN,NaN,1480,1474,1474,0,0,3832,3832,0,0,0,0,0,0,0,0,0,0,0,0,0,1,32,32,0,0,0,0,0,0,0,0.37734399999995,0,0,0,0.376012131310305,0.411376374138766,0,0,0,0,0,0.377344000000003,4.52812800000003,0,0,0,0,0.905625600000006,122.833333333333,319.333333333333,0,0.0225362557024806,0.0428815387188939,NaN,NaN,0.999988953836241,3832,0,0,0,0,0,1.3333532,0,732229,0,410907079,0,268342102,tdma,periodic-frontier,none,full-mission-static-tdma,none,continuous-local-static-tdma,NaN,12.2705555555555,NaN,12.2833333333333,12.25,NaN,NaN,NaN,NaN,NaN,NaN,NaN,NaN,1474,NaN,NaN,NaN,0,0,1,0,NaN,NaN,NaN,NaN,NaN,0,0,NaN,0,0,0.377344000000003,1474,nominal,full,0,0,1950616448225,0,0,0,0,0,0,0,0,1,0,0,0,0,0,0,NaN,0,0,NaN,NaN,10,1,0,0,1,692758694292,2648,1474,0.00146005840233609,0.00453205840233609,Inf,0,0.00025,40,39.5700092046997,1,periodic-static,0,0,0,0.377344000000003,0,NaN,NaN,NaN,NaN,NaN,NaN,NaN,NaN,NaN,NaN,NaN,NaN,NaN,NaN,NaN,NaN,NaN,NaN,NaN,NaN,NaN,NaN,NaN,NaN,NaN,NaN,NaN
candidate-targeted-frontier-falsification,16048006,n10-ring2-zero-loss,N10 ring2 zero-loss,EXP22G targeted frontier,periodic-cost-minus2pct,2,12.0251444444444,periodic,Periodic static TDMA / 2% below ELCS cost,none,10,ring2,di,tdma,1,1,0,1,0.26,0.097,0.097,0.0277777777777778,0.0277777777777778,0.0513546035608591,0.54092318058743,0,0,NaN,NaN,NaN,NaN,0.0680788365862985,0.119999999999999,0.119999999999999,0.139999999999999,NaN,NaN,1450,1444,1444,0,0,3754,3754,0,0,0,0,0,0,0,0,0,0,0,0,0,1,32,32,0,0,0,0,0,0,0,0.369663999999952,0,0,0,0.368373175766233,0.408435718617246,0,0,0,0,0,0.369664000000001,4.43596800000002,0,0,0,0,0.887193600000004,120.333333333333,312.833333333333,0,0.0226562693317975,0.043036619270359,NaN,NaN,0.999988490091887,3754,0,0,0,0,0,1.3397127,0,732229,0,410907079,0,268532540,tdma,periodic-frontier,none,full-mission-static-tdma,none,continuous-local-static-tdma,NaN,12.0251444444444,NaN,12.0333333333333,12,NaN,NaN,NaN,NaN,NaN,NaN,NaN,NaN,1444,NaN,NaN,NaN,0,0,1,0,NaN,NaN,NaN,NaN,NaN,0,0,NaN,0,0,0.369664000000001,1444,nominal,full,0,0,1950616448225,0,0,0,0,0,0,0,0,1,0,0,0,0,0,0,NaN,0,0,NaN,NaN,10,1,0,0,1,692758694292,2648,1444,0.00146005840233609,0.00453205840233609,Inf,0,0.00025,40,39.5700092046997,1,periodic-static,0,0,0,0.369664000000001,0,NaN,NaN,NaN,NaN,NaN,NaN,NaN,NaN,NaN,NaN,NaN,NaN,NaN,NaN,NaN,NaN,NaN,NaN,NaN,NaN,NaN,NaN,NaN,NaN,NaN,NaN,NaN
candidate-targeted-frontier-falsification,16048006,n10-ring2-zero-loss,N10 ring2 zero-loss,EXP22G targeted frontier,elcs-f-mission-affine,3,50,periodic,ELCS-F / mission affine clock,none,10,ring2,di,tdma,1,1,0,1,0.26,0.097,0.097,0.0277777777777778,0.0277777777777778,0.0508794759087106,0.542541961162834,0,0,NaN,NaN,NaN,NaN,0.0652583237657863,0.119999999999999,0.120000000000001,0.120000000000001,NaN,NaN,6000,1112,1112,0,0,2898,2896,2,0,0,0,0,0,0,2,0.00179856115107914,0,4878,0,0,1,32,32,0,0,0,0,0,0,0,0.273257754243482,0,0,0,0,0,0,0,0,0,0,0.376490666666665,3.41606399999997,0,0,0,0,0.903577599999995,92.6666666666667,241.333333333333,0,0.0100412119386135,0.0189802468843432,NaN,NaN,0.999534402483187,2898,0,0,0,0,0,0.4278919,0,732229,0,410907079,0,43032858972,tdma,candidate-elcs,none,edge-leased-certified-scheduling,none,continuous-elcs-replay,NaN,50,NaN,9.26666666666667,9,NaN,NaN,NaN,NaN,NaN,NaN,NaN,NaN,1112,NaN,NaN,NaN,0,0,1,2,NaN,NaN,NaN,NaN,NaN,0,0,NaN,0,0,0.376490666666665,1112,nominal,full,1,0,1950616448225,0,0,0,0,0,0,0,0,1,0,0,0,0,0,0,1.04138871794872,1,0,NaN,NaN,10,0,0,0,1,692758694292,1112,1112,0.00146005840233609,0.00453205840233609,Inf,1.11022302462516e-16,0.00025,40,39.5700092046997,1,candidate-elcs,1076,1.10182400000001,0.0918186666666674,0.376490666666665,1,6997949117,113218931075,1800494,2101373845,1112,1112,0,0,2,1,2896,0,2,2896,0,2,1,0,1,0.000768667306022763,1.11022302462516e-16,1,0,0,0,NaN,NaN
candidate-targeted-frontier-falsification,16048007,n5-6dof-zero-loss,N5 6-DOF zero-loss,EXP22G targeted frontier,periodic-cost-match,1,22.8377777777777,periodic,Periodic static TDMA / ELCS cost match,none,5,ring2,6dof,tdma,1,1,0,1,0.48,0.29,0.29,0.0476190476190476,0.0476190476190476,0.028653804798956,0.561093727193723,0,0,10.1247766328209,12.2805766703782,0,1.03684837255375,0.0374958540630182,0.0600000000000005,0.0800000000000001,0.0800000000000018,NaN,NaN,1370,1370,1370,0,0,3288,3288,0,0,0,0,0,0,0,0,0,0,0,0,0,1,32,32,0,0,0,0,0,0,0,0.350719999999955,0,0,0,0.349353666107391,0.37762183168405,0,0,0,0,0,0.350719999999999,4.20863999999999,0,0,0,0,0.841727999999998,114.166666666667,274,0,0.011298694466088,0.0214418164590922,NaN,NaN,1,3288,0,0,0,0,0,1.2887409,0,1440534,0,110997400,0,258101621,tdma,periodic-frontier,none,full-mission-static-tdma,none,continuous-local-static-tdma,NaN,22.8377777777777,NaN,22.8333333333333,22.8333333333333,NaN,NaN,NaN,NaN,NaN,NaN,NaN,NaN,1370,NaN,NaN,NaN,0,0,1,0,NaN,NaN,NaN,NaN,NaN,0,0,NaN,0,0,0.350719999999999,1370,nominal,full,0,0,502995822549,0,0,0,0,0,0,0,0,1,0,0,0,0,0,0,NaN,0,0,NaN,NaN,5,1,0,0,1,188539191872,2647,1370,0.00146005840233609,0.00453205840233609,Inf,0,0.00025,40,38.3616264912122,1,periodic-static,0,0,0,0.350719999999999,0,NaN,NaN,NaN,NaN,NaN,NaN,NaN,NaN,NaN,NaN,NaN,NaN,NaN,NaN,NaN,NaN,NaN,NaN,NaN,NaN,NaN,NaN,NaN,NaN,NaN,NaN,NaN
candidate-targeted-frontier-falsification,16048007,n5-6dof-zero-loss,N5 6-DOF zero-loss,EXP22G targeted frontier,periodic-cost-minus2pct,2,22.3810222222222,periodic,Periodic static TDMA / 2% below ELCS cost,none,5,ring2,6dof,tdma,1,1,0,1,0.48,0.29,0.29,0.0476190476190476,0.0476190476190476,0.0288788020284882,0.560994991413927,0,0,10.1247766328209,12.3138305152612,0,1.03682803028048,0.0381260364842454,0.0600000000000005,0.0800000000000001,0.0800000000000001,NaN,NaN,1345,1343,1343,0,0,3223,3223,0,0,0,0,0,0,0,0,0,0,0,0,0,1,32,32,0,0,0,0,0,0,0,0.343807999999955,0,0,0,0.342421475664711,0.376708597124646,0,0,0,0,0,0.343807999999998,4.12569599999998,0,0,0,0,0.825139199999995,111.916666666667,268.583333333333,0,0.0112986501649652,0.0214939803790328,NaN,NaN,0.999996673421469,3223,0,0,0,0,0,1.2008315,0,1440534,0,110997400,0,257801500,tdma,periodic-frontier,none,full-mission-static-tdma,none,continuous-local-static-tdma,NaN,22.3810222222222,NaN,22.3833333333333,22.3333333333333,NaN,NaN,NaN,NaN,NaN,NaN,NaN,NaN,1343,NaN,NaN,NaN,0,0,1,0,NaN,NaN,NaN,NaN,NaN,0,0,NaN,0,0,0.343807999999998,1343,nominal,full,0,0,502995822549,0,0,0,0,0,0,0,0,1,0,0,0,0,0,0,NaN,0,0,NaN,NaN,5,1,0,0,1,188539191872,2647,1343,0.00146005840233609,0.00453205840233609,Inf,0,0.00025,40,38.3616264912122,1,periodic-static,0,0,0,0.343807999999998,0,NaN,NaN,NaN,NaN,NaN,NaN,NaN,NaN,NaN,NaN,NaN,NaN,NaN,NaN,NaN,NaN,NaN,NaN,NaN,NaN,NaN,NaN,NaN,NaN,NaN,NaN,NaN
candidate-targeted-frontier-falsification,16048007,n5-6dof-zero-loss,N5 6-DOF zero-loss,EXP22G targeted frontier,elcs-f-mission-affine,3,50,periodic,ELCS-F / mission affine clock,none,5,ring2,6dof,tdma,1,1,0,1,0.48,0.29,0.29,0.0476190476190476,0.0476190476190476,0.0300888541099551,0.559379131557034,0,0,10.0371605309489,12.316622308555,0,1.03683489868164,0.0408955223880598,0.0600000000000005,0.0600000000000005,0.0600000000000005,NaN,NaN,3000,1056,1056,0,0,2533,2531,2,0,0,0,0,0,0,2,0.00189393939393939,0,1941,0,0,1,32,32,0,0,0,0,0,0,0,0.35094130919709,0,0,0,0,0,0,0,0,0,0,0.351402666666665,3.24403199999997,0,0,0,0,0.843366399999997,88,210.916666666667,0,0.0100294751815981,0.0189590260661419,NaN,NaN,0.999987445635116,2533,0,0,0,0,0,0.367207100000001,0,1440534,0,110997400,0,20174864762,tdma,candidate-elcs,none,edge-leased-certified-scheduling,none,continuous-elcs-replay,NaN,50,NaN,17.6,17.5,NaN,NaN,NaN,NaN,NaN,NaN,NaN,NaN,1056,NaN,NaN,NaN,0,0,1,2,NaN,NaN,NaN,NaN,NaN,0,0,NaN,0,0,0.351402666666665,1056,nominal,full,1,0,502995822549,0,0,0,0,0,0,0,0,1,0,0,0,0,0,0,0.283554993399736,1,0,NaN,NaN,5,1,0,0,1,188539191872,1056,1056,0.00146005840233609,0.00453205840233609,Inf,2.71050543121376e-20,0.00025,40,38.3616264912122,1,candidate-elcs,950,0.972800000000017,0.0810666666666681,0.351402666666665,1,5963314235,30350716564,1102951,1255934375,1056,1056,0,0,2,1,2531,0,2,2531,0,2,1,0,1,0.00106963592802956,2.71050543121376e-20,1,0,0,0,NaN,NaN
candidate-targeted-frontier-falsification,16048007,n10-ring2-zero-loss,N10 ring2 zero-loss,EXP22G targeted frontier,periodic-cost-match,1,12.2705555555555,periodic,Periodic static TDMA / ELCS cost match,none,10,ring2,di,tdma,1,1,0,1,0.26,0.097,0.097,0.0277777777777778,0.0277777777777778,0.0506891294419757,0.542322558615006,0,0,NaN,NaN,NaN,NaN,0.0669613471106007,0.119999999999999,0.120000000000001,0.140000000000001,NaN,NaN,1480,1474,1474,0,0,3832,3832,0,0,0,0,0,0,0,0,0,0,0,0,0,1,32,32,0,0,0,0,0,0,0,0.37734399999995,0,0,0,0.377209938534228,0.411844198461202,0,0,0,0,0,0.377344000000003,4.52812800000003,0,0,0,0,0.905625600000006,122.833333333333,319.333333333333,0,0.0226547332709567,0.0430155718379612,NaN,NaN,0.999988953836241,3832,0,0,0,0,0,1.323484,0,513280,0,410907079,0,268342104,tdma,periodic-frontier,none,full-mission-static-tdma,none,continuous-local-static-tdma,NaN,12.2705555555555,NaN,12.2833333333333,12.25,NaN,NaN,NaN,NaN,NaN,NaN,NaN,NaN,1474,NaN,NaN,NaN,0,0,1,0,NaN,NaN,NaN,NaN,NaN,0,0,NaN,0,0,0.377344000000003,1474,nominal,full,0,0,1951823364153,0,0,0,0,0,0,0,0,1,0,0,0,0,0,0,NaN,0,0,NaN,NaN,10,1,0,0,1,692379502583,2648,1474,0.00146005840233609,0.00453205840233609,Inf,2.77555756156289e-17,0.00025,40,29.8265201901539,1,periodic-static,0,0,0,0.377344000000003,0,NaN,NaN,NaN,NaN,NaN,NaN,NaN,NaN,NaN,NaN,NaN,NaN,NaN,NaN,NaN,NaN,NaN,NaN,NaN,NaN,NaN,NaN,NaN,NaN,NaN,NaN,NaN
candidate-targeted-frontier-falsification,16048007,n10-ring2-zero-loss,N10 ring2 zero-loss,EXP22G targeted frontier,periodic-cost-minus2pct,2,12.0251444444444,periodic,Periodic static TDMA / 2% below ELCS cost,none,10,ring2,di,tdma,1,1,0,1,0.26,0.097,0.097,0.0277777777777778,0.0277777777777778,0.051308824665812,0.541214180346653,0,0,NaN,NaN,NaN,NaN,0.0679257558362028,0.119999999999999,0.119999999999999,0.139999999999999,NaN,NaN,1450,1444,1444,0,0,3754,3754,0,0,0,0,0,0,0,0,0,0,0,0,0,1,32,32,0,0,0,0,0,0,0,0.369663999999952,0,0,0,0.368408141775506,0.407932670891728,0,0,0,0,0,0.369664000000001,4.43596800000002,0,0,0,0,0.887193600000004,120.333333333333,312.833333333333,0,0.0226524038954611,0.0430791604946686,NaN,NaN,0.999988490091887,3754,0,0,0,0,0,1.3504848,0,513280,0,410907079,0,268532542,tdma,periodic-frontier,none,full-mission-static-tdma,none,continuous-local-static-tdma,NaN,12.0251444444444,NaN,12.0333333333333,12,NaN,NaN,NaN,NaN,NaN,NaN,NaN,NaN,1444,NaN,NaN,NaN,0,0,1,0,NaN,NaN,NaN,NaN,NaN,0,0,NaN,0,0,0.369664000000001,1444,nominal,full,0,0,1951823364153,0,0,0,0,0,0,0,0,1,0,0,0,0,0,0,NaN,0,0,NaN,NaN,10,1,0,0,1,692379502583,2648,1444,0.00146005840233609,0.00453205840233609,Inf,2.77555756156289e-17,0.00025,40,29.8265201901539,1,periodic-static,0,0,0,0.369664000000001,0,NaN,NaN,NaN,NaN,NaN,NaN,NaN,NaN,NaN,NaN,NaN,NaN,NaN,NaN,NaN,NaN,NaN,NaN,NaN,NaN,NaN,NaN,NaN,NaN,NaN,NaN,NaN
candidate-targeted-frontier-falsification,16048007,n10-ring2-zero-loss,N10 ring2 zero-loss,EXP22G targeted frontier,elcs-f-mission-affine,3,50,periodic,ELCS-F / mission affine clock,none,10,ring2,di,tdma,1,1,0,1,0.26,0.097,0.097,0.0277777777777778,0.0277777777777778,0.0508917662832358,0.542575398413694,0,0,NaN,NaN,NaN,NaN,0.0653157290470722,0.119999999999999,0.120000000000001,0.120000000000001,NaN,NaN,6000,1112,1112,0,0,2900,2900,0,0,0,0,0,0,0,0,0,0,4878,0,0,1,32,32,0,0,0,0,0,0,0,0.272142460190898,0,0,0,0,0,0,0,0,0,0,0.376490666666665,3.41606399999997,0,0,0,0,0.903577599999995,92.6666666666667,241.666666666667,0,0.0100226610817224,0.0189723582936913,NaN,NaN,0.999469770449402,2900,0,0,0,0,0,0.4537873,0,513280,0,410907079,0,42992363441,tdma,candidate-elcs,none,edge-leased-certified-scheduling,none,continuous-elcs-replay,NaN,50,NaN,9.26666666666667,8.83333333333333,NaN,NaN,NaN,NaN,NaN,NaN,NaN,NaN,1112,NaN,NaN,NaN,0,0,1,0,NaN,NaN,NaN,NaN,NaN,0,0,NaN,0,0,0.376490666666665,1112,nominal,full,1,0,1951823364153,0,0,0,0,0,0,0,0,1,0,0,0,0,0,0,1.04138871794872,1,0,NaN,NaN,10,0,0,0,1,692379502583,1112,1112,0.00146005840233609,0.00453205840233609,Inf,1.11022302462516e-16,0.00025,40,29.8265201901539,1,candidate-elcs,1076,1.10182400000001,0.0918186666666674,0.376490666666665,1,7001557931,113172864679,1800494,2101378102,1112,1112,0,0,0,1,2900,0,0,2900,0,0,1,0,1,0.000790320988283355,1.11022302462516e-16,1,0,0,0,NaN,NaN
candidate-targeted-frontier-falsification,16048008,n5-6dof-zero-loss,N5 6-DOF zero-loss,EXP22G targeted frontier,periodic-cost-match,1,22.8377777777777,periodic,Periodic static TDMA / ELCS cost match,none,5,ring2,6dof,tdma,1,1,0,1,0.48,0.29,0.29,0.0476190476190476,0.0476190476190476,0.0286676730204543,0.561227046217333,0,0,10.1247766328209,12.2805766703782,0,1.03684802908159,0.0376036484245439,0.0600000000000005,0.0800000000000001,0.0800000000000018,NaN,NaN,1370,1370,1370,0,0,3288,3288,0,0,0,0,0,0,0,0,0,0,0,0,0,1,32,32,0,0,0,0,0,0,0,0.350719999999955,0,0,0,0.349627851728183,0.391663336973254,0,0,0,0,0,0.350719999999999,4.20863999999999,0,0,0,0,0.841727999999998,114.166666666667,274,0,0.0113404759235438,0.0215307007509774,NaN,NaN,1,3288,0,0,0,0,0,1.2392374,0,799712,0,110997400,0,258101623,tdma,periodic-frontier,none,full-mission-static-tdma,none,continuous-local-static-tdma,NaN,22.8377777777777,NaN,22.8333333333333,22.8333333333333,NaN,NaN,NaN,NaN,NaN,NaN,NaN,NaN,1370,NaN,NaN,NaN,0,0,1,0,NaN,NaN,NaN,NaN,NaN,0,0,NaN,0,0,0.350719999999999,1370,nominal,full,0,0,503763440039,0,0,0,0,0,0,0,0,1,0,0,0,0,0,0,NaN,0,0,NaN,NaN,5,1,0,0,1,188610031029,2648,1370,0.00146005840233609,0.00453205840233609,Inf,0,0.00025,40,23.3049074212597,1,periodic-static,0,0,0,0.350719999999999,0,NaN,NaN,NaN,NaN,NaN,NaN,NaN,NaN,NaN,NaN,NaN,NaN,NaN,NaN,NaN,NaN,NaN,NaN,NaN,NaN,NaN,NaN,NaN,NaN,NaN,NaN,NaN
candidate-targeted-frontier-falsification,16048008,n5-6dof-zero-loss,N5 6-DOF zero-loss,EXP22G targeted frontier,periodic-cost-minus2pct,2,22.3810222222222,periodic,Periodic static TDMA / 2% below ELCS cost,none,5,ring2,6dof,tdma,1,1,0,1,0.48,0.29,0.29,0.0476190476190476,0.0476190476190476,0.0289665960066964,0.561083589670993,0,0,10.1247766328209,12.3138305152612,0,1.03682732455234,0.0382255389718076,0.0600000000000005,0.0800000000000001,0.0800000000000001,NaN,NaN,1345,1344,1344,0,0,3225,3225,0,0,0,0,0,0,0,0,0,0,0,0,0,1,32,32,0,0,0,0,0,0,0,0.344063999999955,0,0,0,0.343751937421391,0.386509764386248,0,0,0,0,0,0.344063999999998,4.12876799999998,0,0,0,0,0.825753599999995,112,268.75,0,0.0113625793925984,0.021532019749418,NaN,NaN,0.999997785577466,3225,0,0,0,0,0,1.2657321,0,799712,0,110997400,0,257801502,tdma,periodic-frontier,none,full-mission-static-tdma,none,continuous-local-static-tdma,NaN,22.3810222222222,NaN,22.4,22.3333333333333,NaN,NaN,NaN,NaN,NaN,NaN,NaN,NaN,1344,NaN,NaN,NaN,0,0,1,0,NaN,NaN,NaN,NaN,NaN,0,0,NaN,0,0,0.344063999999998,1344,nominal,full,0,0,503763440039,0,0,0,0,0,0,0,0,1,0,0,0,0,0,0,NaN,0,0,NaN,NaN,5,1,0,0,1,188610031029,2648,1344,0.00146005840233609,0.00453205840233609,Inf,0,0.00025,40,23.3049074212597,1,periodic-static,0,0,0,0.344063999999998,0,NaN,NaN,NaN,NaN,NaN,NaN,NaN,NaN,NaN,NaN,NaN,NaN,NaN,NaN,NaN,NaN,NaN,NaN,NaN,NaN,NaN,NaN,NaN,NaN,NaN,NaN,NaN
candidate-targeted-frontier-falsification,16048008,n5-6dof-zero-loss,N5 6-DOF zero-loss,EXP22G targeted frontier,elcs-f-mission-affine,3,50,periodic,ELCS-F / mission affine clock,none,5,ring2,6dof,tdma,1,1,0,1,0.48,0.29,0.29,0.0476190476190476,0.0476190476190476,0.030152608644987,0.559419422318285,0,0,10.1591277460308,12.308858941901,0,1.03683747069332,0.0410447761194031,0.0600000000000005,0.0600000000000005,0.0600000000000005,NaN,NaN,3000,1054,1054,0,0,2530,2530,0,0,0,0,0,0,0,0,0,0,1943,0,0,1,32,32,0,0,0,0,0,0,0,0.350890666666644,0,0,0,0,0,0,0,0,0,0,0.350890666666666,3.23788799999997,0,0,0,0,0.842137599999997,87.8333333333333,210.833333333333,0,0.0100608140456648,0.0189879994901476,NaN,NaN,0.999987397945865,2530,0,0,0,0,0,0.3572473,0,799712,0,110997400,0,20144550146,tdma,candidate-elcs,none,edge-leased-certified-scheduling,none,continuous-elcs-replay,NaN,50,NaN,17.5666666666667,17.5,NaN,NaN,NaN,NaN,NaN,NaN,NaN,NaN,1054,NaN,NaN,NaN,0,0,1,0,NaN,NaN,NaN,NaN,NaN,0,0,NaN,0,0,0.350890666666666,1054,nominal,full,1,0,503763440039,0,0,0,0,0,0,0,0,1,0,0,0,0,0,0,0.283554993399736,1,0,NaN,NaN,5,1,0,0,1,188610031029,1054,1054,0.00146005840233609,0.00453205840233609,Inf,0,0.00025,40,23.3049074212597,1,candidate-elcs,950,0.972800000000017,0.0810666666666681,0.350890666666666,1,5957298694,30433214697,1102951,1252309802,1054,1054,0,0,0,1,2530,0,0,2530,0,0,1,0,1,0.000914627106840982,0,1,0,0,0,NaN,NaN
candidate-targeted-frontier-falsification,16048008,n10-ring2-zero-loss,N10 ring2 zero-loss,EXP22G targeted frontier,periodic-cost-match,1,12.2705555555555,periodic,Periodic static TDMA / ELCS cost match,none,10,ring2,di,tdma,1,1,0,1,0.26,0.097,0.097,0.0277777777777778,0.0277777777777778,0.0508295622505624,0.542239830124883,0,0,NaN,NaN,NaN,NaN,0.0671220818982012,0.119999999999999,0.120000000000001,0.140000000000001,NaN,NaN,1480,1474,1474,0,0,3832,3832,0,0,0,0,0,0,0,0,0,0,0,0,0,1,32,32,0,0,0,0,0,0,0,0.377343999999951,0,0,0,0.376118851137779,0.413448762811684,0,0,0,0,0,0.377344000000003,4.52812800000003,0,0,0,0,0.905625600000006,122.833333333333,319.333333333333,0,0.022637766360388,0.0430429851604325,NaN,NaN,0.999988953836241,3832,0,0,0,0,0,1.3413827,0,1006676,0,410907079,0,268342106,tdma,periodic-frontier,none,full-mission-static-tdma,none,continuous-local-static-tdma,NaN,12.2705555555555,NaN,12.2833333333333,12.25,NaN,NaN,NaN,NaN,NaN,NaN,NaN,NaN,1474,NaN,NaN,NaN,0,0,1,0,NaN,NaN,NaN,NaN,NaN,0,0,NaN,0,0,0.377344000000003,1474,nominal,full,0,0,1949779420476,0,0,0,0,0,0,0,0,1,0,0,0,0,0,0,NaN,0,0,NaN,NaN,10,1,0,0,1,692636264611,2648,1474,0.00146005840233609,0.00453205840233609,Inf,0,0.00025,40,25.1290708016612,1,periodic-static,0,0,0,0.377344000000003,0,NaN,NaN,NaN,NaN,NaN,NaN,NaN,NaN,NaN,NaN,NaN,NaN,NaN,NaN,NaN,NaN,NaN,NaN,NaN,NaN,NaN,NaN,NaN,NaN,NaN,NaN,NaN
candidate-targeted-frontier-falsification,16048008,n10-ring2-zero-loss,N10 ring2 zero-loss,EXP22G targeted frontier,periodic-cost-minus2pct,2,12.0251444444444,periodic,Periodic static TDMA / 2% below ELCS cost,none,10,ring2,di,tdma,1,1,0,1,0.26,0.097,0.097,0.0277777777777778,0.0277777777777778,0.0513539534425786,0.541090283963497,0,0,NaN,NaN,NaN,NaN,0.0680711825487937,0.119999999999999,0.119999999999999,0.139999999999999,NaN,NaN,1450,1444,1444,0,0,3754,3754,0,0,0,0,0,0,0,0,0,0,0,0,0,1,32,32,0,0,0,0,0,0,0,0.369663999999953,0,0,0,0.366913810362008,0.405919575099784,0,0,0,0,0,0.369664000000001,4.43596800000002,0,0,0,0,0.887193600000004,120.333333333333,312.833333333333,0,0.0226341470186576,0.0431021409440437,NaN,NaN,0.999988490091887,3754,0,0,0,0,0,1.3331744,0,1006676,0,410907079,0,268532544,tdma,periodic-frontier,none,full-mission-static-tdma,none,continuous-local-static-tdma,NaN,12.0251444444444,NaN,12.0333333333333,12,NaN,NaN,NaN,NaN,NaN,NaN,NaN,NaN,1444,NaN,NaN,NaN,0,0,1,0,NaN,NaN,NaN,NaN,NaN,0,0,NaN,0,0,0.369664000000001,1444,nominal,full,0,0,1949779420476,0,0,0,0,0,0,0,0,1,0,0,0,0,0,0,NaN,0,0,NaN,NaN,10,1,0,0,1,692636264611,2648,1444,0.00146005840233609,0.00453205840233609,Inf,0,0.00025,40,25.1290708016612,1,periodic-static,0,0,0,0.369664000000001,0,NaN,NaN,NaN,NaN,NaN,NaN,NaN,NaN,NaN,NaN,NaN,NaN,NaN,NaN,NaN,NaN,NaN,NaN,NaN,NaN,NaN,NaN,NaN,NaN,NaN,NaN,NaN
candidate-targeted-frontier-falsification,16048008,n10-ring2-zero-loss,N10 ring2 zero-loss,EXP22G targeted frontier,elcs-f-mission-affine,3,50,periodic,ELCS-F / mission affine clock,none,10,ring2,di,tdma,1,1,0,1,0.26,0.097,0.097,0.0277777777777778,0.0277777777777778,0.0509242573744857,0.542507622564343,0,0,NaN,NaN,NaN,NaN,0.0656984309223114,0.119999999999999,0.120000000000001,0.120000000000001,NaN,NaN,6000,1114,1114,0,0,2905,2905,0,0,0,0,0,0,0,0,0,0,4876,0,0,1,32,32,0,0,0,0,0,0,0,0.270337801167139,0,0,0,0,0,0,0,0,0,0,0.377002666666665,3.42220799999997,0,0,0,0,0.904806399999995,92.8333333333333,242.083333333333,0,0.0100649337065928,0.0190361467552836,NaN,NaN,0.999513530927835,2905,0,0,0,0,0,0.4334943,0,1006676,0,410907079,0,43052131411,tdma,candidate-elcs,none,edge-leased-certified-scheduling,none,continuous-elcs-replay,NaN,50,NaN,9.28333333333333,9,NaN,NaN,NaN,NaN,NaN,NaN,NaN,NaN,1114,NaN,NaN,NaN,0,0,1,0,NaN,NaN,NaN,NaN,NaN,0,0,NaN,0,0,0.377002666666665,1114,nominal,full,1,0,1949779420476,0,0,0,0,0,0,0,0,1,0,0,0,0,0,0,1.04138871794872,1,0,NaN,NaN,10,0,0,0,1,692636264611,1114,1114,0.00146005840233609,0.00453205840233609,Inf,4.44089209850063e-16,0.00025,40,25.1290708016612,1,candidate-elcs,1076,1.10182400000001,0.0918186666666674,0.377002666666665,1,6974269715,113127187417,1800494,2103493133,1114,1114,0,0,0,1,2905,0,0,2905,0,0,1,0,1,0.000954276272219445,4.44089209850063e-16,1,0,0,0,NaN,NaN
candidate-targeted-frontier-falsification,16048009,n5-6dof-zero-loss,N5 6-DOF zero-loss,EXP22G targeted frontier,periodic-cost-match,1,22.8377777777777,periodic,Periodic static TDMA / ELCS cost match,none,5,ring2,6dof,tdma,1,1,0,1,0.48,0.29,0.29,0.0476190476190476,0.0476190476190476,0.0286959817245488,0.561385655783615,0,0,10.1247766328209,12.2805766703782,0,1.03684855403769,0.0375953565505804,0.0600000000000005,0.0800000000000001,0.0800000000000018,NaN,NaN,1370,1370,1370,0,0,3288,3288,0,0,0,0,0,0,0,0,0,0,0,0,0,1,32,32,0,0,0,0,0,0,0,0.350719999999956,0,0,0,0.349823323279088,0.389359668529174,0,0,0,0,0,0.350719999999999,4.20863999999999,0,0,0,0,0.841727999999998,114.166666666667,274,0,0.0113641182785026,0.0215792093564999,NaN,NaN,1,3288,0,0,0,0,0,1.6230852,0,885824,0,110997400,0,258101625,tdma,periodic-frontier,none,full-mission-static-tdma,none,continuous-local-static-tdma,NaN,22.8377777777777,NaN,22.8333333333333,22.8333333333333,NaN,NaN,NaN,NaN,NaN,NaN,NaN,NaN,1370,NaN,NaN,NaN,0,0,1,0,NaN,NaN,NaN,NaN,NaN,0,0,NaN,0,0,0.350719999999999,1370,nominal,full,0,0,502949825971,0,0,0,0,0,0,0,0,1,0,0,0,0,0,0,NaN,0,0,NaN,NaN,5,1,0,0,1,188281693893,2647,1370,0.00146005840233609,0.00453205840233609,Inf,8.88178419700125e-16,0.00025,40,25.1064797489776,1,periodic-static,0,0,0,0.350719999999999,0,NaN,NaN,NaN,NaN,NaN,NaN,NaN,NaN,NaN,NaN,NaN,NaN,NaN,NaN,NaN,NaN,NaN,NaN,NaN,NaN,NaN,NaN,NaN,NaN,NaN,NaN,NaN
candidate-targeted-frontier-falsification,16048009,n5-6dof-zero-loss,N5 6-DOF zero-loss,EXP22G targeted frontier,periodic-cost-minus2pct,2,22.3810222222222,periodic,Periodic static TDMA / 2% below ELCS cost,none,5,ring2,6dof,tdma,1,1,0,1,0.48,0.29,0.29,0.0476190476190476,0.0476190476190476,0.0289448702086966,0.561200090240331,0,0,10.1247766328209,12.3138305152612,0,1.03682874314544,0.03818407960199,0.0600000000000005,0.0800000000000001,0.0800000000000001,NaN,NaN,1345,1343,1343,0,0,3223,3223,0,0,0,0,0,0,0,0,0,0,0,0,0,1,32,32,0,0,0,0,0,0,0,0.343807999999955,0,0,0,0.341217064721094,0.381852887883953,0,0,0,0,0,0.343807999999998,4.12569599999998,0,0,0,0,0.825139199999995,111.916666666667,268.583333333333,0,0.0113313035261708,0.0215117609365674,NaN,NaN,0.999996673421469,3223,0,0,0,0,0,1.7028904,0,885824,0,110997400,0,257801504,tdma,periodic-frontier,none,full-mission-static-tdma,none,continuous-local-static-tdma,NaN,22.3810222222222,NaN,22.3833333333333,22.3333333333333,NaN,NaN,NaN,NaN,NaN,NaN,NaN,NaN,1343,NaN,NaN,NaN,0,0,1,0,NaN,NaN,NaN,NaN,NaN,0,0,NaN,0,0,0.343807999999998,1343,nominal,full,0,0,502949825971,0,0,0,0,0,0,0,0,1,0,0,0,0,0,0,NaN,0,0,NaN,NaN,5,1,0,0,1,188281693893,2647,1343,0.00146005840233609,0.00453205840233609,Inf,8.88178419700125e-16,0.00025,40,25.1064797489776,1,periodic-static,0,0,0,0.343807999999998,0,NaN,NaN,NaN,NaN,NaN,NaN,NaN,NaN,NaN,NaN,NaN,NaN,NaN,NaN,NaN,NaN,NaN,NaN,NaN,NaN,NaN,NaN,NaN,NaN,NaN,NaN,NaN
candidate-targeted-frontier-falsification,16048009,n5-6dof-zero-loss,N5 6-DOF zero-loss,EXP22G targeted frontier,elcs-f-mission-affine,3,50,periodic,ELCS-F / mission affine clock,none,5,ring2,6dof,tdma,1,1,0,1,0.48,0.29,0.29,0.0476190476190476,0.0476190476190476,0.0301135532956014,0.559334572874866,0,0,10.0642217664333,12.3090502346695,0,1.03685043274575,0.041011608623549,0.0600000000000005,0.0600000000000005,0.0600000000000005,NaN,NaN,3000,1053,1052,0,0,2527,2525,2,0,0,0,0,0,0,2,0.00189933523266857,0,1944,0,0,1,32,32,0,0,0,0,0,0,0,0.350389243105421,0,0,0,0,0,0,0,0,0,0,0.350634666666666,3.23481599999997,0,0,0,0,0.841523199999997,87.6666666666667,210.416666666667,0,0.0100222163500902,0.0189670453989368,NaN,NaN,0.999958436864694,2527,0,0,0,0,0,0.4403005,0,885824,0,110997400,0,20154514979,tdma,candidate-elcs,none,edge-leased-certified-scheduling,none,continuous-elcs-replay,NaN,50,NaN,17.5333333333333,17.3333333333333,NaN,NaN,NaN,NaN,NaN,NaN,NaN,NaN,1053,NaN,NaN,NaN,0,0,1,2,NaN,NaN,NaN,NaN,NaN,0,0,NaN,0,0,0.350634666666666,1053,nominal,full,1,0,502949825971,0,0,0,0,0,0,0,0,1,0,0,0,0,0,0,0.283554993399736,1,0,NaN,NaN,5,1,0,0,1,188281693893,1053,1053,0.00146005840233609,0.00453205840233609,Inf,2.71050543121376e-20,0.00025,40,25.1064797489776,1,candidate-elcs,950,0.972800000000017,0.0810666666666681,0.350634666666666,1,5956054641,30362165067,1102951,1250836338,1053,1053,0,0,2,1,2525,0,2,2525,0,2,1,0,1,0.000871542969852257,2.71050543121376e-20,1,0,0,0,NaN,NaN
candidate-targeted-frontier-falsification,16048009,n10-ring2-zero-loss,N10 ring2 zero-loss,EXP22G targeted frontier,periodic-cost-match,1,12.2705555555555,periodic,Periodic static TDMA / ELCS cost match,none,10,ring2,di,tdma,1,1,0,1,0.26,0.097,0.097,0.0277777777777778,0.0277777777777778,0.0508019080682429,0.542240029464113,0,0,NaN,NaN,NaN,NaN,0.0671144278606964,0.119999999999999,0.120000000000001,0.140000000000001,NaN,NaN,1480,1473,1473,0,0,3829,3829,0,0,0,0,0,0,0,0,0,0,0,0,0,1,32,32,0,0,0,0,0,0,0,0.377087999999951,0,0,0,0.377068542583496,0.416081225952783,0,0,0,0,0,0.377088000000002,4.52505600000003,0,0,0,0,0.905011200000006,122.75,319.083333333333,0,0.0225623679810931,0.042996239727939,NaN,NaN,0.999990321465607,3829,0,0,0,0,0,1.3667207,0,1430673,0,410907079,0,268342108,tdma,periodic-frontier,none,full-mission-static-tdma,none,continuous-local-static-tdma,NaN,12.2705555555555,NaN,12.275,12.25,NaN,NaN,NaN,NaN,NaN,NaN,NaN,NaN,1473,NaN,NaN,NaN,0,0,1,0,NaN,NaN,NaN,NaN,NaN,0,0,NaN,0,0,0.377088000000002,1473,nominal,full,0,0,1949479328243,0,0,0,0,0,0,0,0,1,0,0,0,0,0,0,NaN,0,0,NaN,NaN,10,1,0,0,1,692238758735,2647,1473,0.00146005840233609,0.00453205840233609,Inf,8.88178419700125e-16,0.00025,40,37.0201501506952,1,periodic-static,0,0,0,0.377088000000002,0,NaN,NaN,NaN,NaN,NaN,NaN,NaN,NaN,NaN,NaN,NaN,NaN,NaN,NaN,NaN,NaN,NaN,NaN,NaN,NaN,NaN,NaN,NaN,NaN,NaN,NaN,NaN
candidate-targeted-frontier-falsification,16048009,n10-ring2-zero-loss,N10 ring2 zero-loss,EXP22G targeted frontier,periodic-cost-minus2pct,2,12.0251444444444,periodic,Periodic static TDMA / 2% below ELCS cost,none,10,ring2,di,tdma,1,1,0,1,0.26,0.097,0.097,0.0277777777777778,0.0277777777777778,0.051201386564861,0.541130646250066,0,0,NaN,NaN,NaN,NaN,0.0678798316111741,0.119999999999999,0.119999999999999,0.139999999999999,NaN,NaN,1450,1443,1443,0,0,3751,3751,0,0,0,0,0,0,0,0,0,0,0,0,0,1,32,32,0,0,0,0,0,0,0,0.369407999999953,0,0,0,0.369072587834083,0.40458335490222,0,0,0,0,0,0.369408000000001,4.43289600000002,0,0,0,0,0.886579200000003,120.25,312.583333333333,0,0.0226197303710151,0.04301566306103,NaN,NaN,0.999989914852541,3751,0,0,0,0,0,1.3286013,0,1430673,0,410907079,0,268532546,tdma,periodic-frontier,none,full-mission-static-tdma,none,continuous-local-static-tdma,NaN,12.0251444444444,NaN,12.025,12,NaN,NaN,NaN,NaN,NaN,NaN,NaN,NaN,1443,NaN,NaN,NaN,0,0,1,0,NaN,NaN,NaN,NaN,NaN,0,0,NaN,0,0,0.369408000000001,1443,nominal,full,0,0,1949479328243,0,0,0,0,0,0,0,0,1,0,0,0,0,0,0,NaN,0,0,NaN,NaN,10,1,0,0,1,692238758735,2647,1443,0.00146005840233609,0.00453205840233609,Inf,8.88178419700125e-16,0.00025,40,37.0201501506952,1,periodic-static,0,0,0,0.369408000000001,0,NaN,NaN,NaN,NaN,NaN,NaN,NaN,NaN,NaN,NaN,NaN,NaN,NaN,NaN,NaN,NaN,NaN,NaN,NaN,NaN,NaN,NaN,NaN,NaN,NaN,NaN,NaN
candidate-targeted-frontier-falsification,16048009,n10-ring2-zero-loss,N10 ring2 zero-loss,EXP22G targeted frontier,elcs-f-mission-affine,3,50,periodic,ELCS-F / mission affine clock,none,10,ring2,di,tdma,1,1,0,1,0.26,0.097,0.097,0.0277777777777778,0.0277777777777778,0.0508852148767369,0.542599658213163,0,0,NaN,NaN,NaN,NaN,0.065430539609644,0.119999999999999,0.120000000000001,0.120000000000001,NaN,NaN,6000,1115,1114,0,0,2910,2904,6,0,0,0,0,0,0,4,0.00358744394618834,0,4875,0,0,1,32,32,0,0,0,0,0,0,0,0.274317460401002,0,0,0,0,0,0,0,0,0,0,0.377258666666665,3.42527999999997,0,0,0,0,0.905420799999995,92.8333333333333,242,0,0.00999944368404862,0.0189536334465254,NaN,NaN,0.999529631598447,2910,0,0,0,0,0,0.4357011,0,1430673,0,410907079,0,43014150798,tdma,candidate-elcs,none,edge-leased-certified-scheduling,none,continuous-elcs-replay,NaN,50,NaN,9.28333333333333,8.91666666666667,NaN,NaN,NaN,NaN,NaN,NaN,NaN,NaN,1115,NaN,NaN,NaN,0,0,1,4,NaN,NaN,NaN,NaN,NaN,0,0,NaN,0,0,0.377258666666665,1115,nominal,full,1,0,1949479328243,0,0,0,0,0,0,0,0,1,0,0,0,0,0,0,1.04138871794872,1,0,NaN,NaN,10,0,0,0,1,692238758735,1115,1115,0.00146005840233609,0.00453205840233609,Inf,1.11022302462516e-16,0.00025,40,37.0201501506952,1,candidate-elcs,1076,1.10182400000001,0.0918186666666674,0.377258666666665,1,7021501786,113316494804,1800494,2104635411,1115,1115,0,0,4,1,2904,0,6,2904,0,6,1,0,1,0.000594818720555779,1.11022302462516e-16,1,0,0,0,NaN,NaN
candidate-targeted-frontier-falsification,16048010,n5-6dof-zero-loss,N5 6-DOF zero-loss,EXP22G targeted frontier,periodic-cost-match,1,22.8377777777777,periodic,Periodic static TDMA / ELCS cost match,none,5,ring2,6dof,tdma,1,1,0,1,0.48,0.29,0.29,0.0476190476190476,0.0476190476190476,0.0286543526128544,0.561108927047941,0,0,10.1247766328209,12.2805766703782,0,1.03684856431419,0.037396351575456,0.0600000000000005,0.0800000000000001,0.0800000000000018,NaN,NaN,1370,1370,1370,0,0,3288,3288,0,0,0,0,0,0,0,0,0,0,0,0,0,1,32,32,0,0,0,0,0,0,0,0.350719999999955,0,0,0,0.350443301965462,0.383960073818687,0,0,0,0,0,0.350719999999999,4.20863999999999,0,0,0,0,0.841727999999998,114.166666666667,274,0,0.0112849596942598,0.0214231864133901,NaN,NaN,1,3288,0,0,0,0,0,1.2091908,0,447689,0,110997400,0,258101627,tdma,periodic-frontier,none,full-mission-static-tdma,none,continuous-local-static-tdma,NaN,22.8377777777777,NaN,22.8333333333333,22.8333333333333,NaN,NaN,NaN,NaN,NaN,NaN,NaN,NaN,1370,NaN,NaN,NaN,0,0,1,0,NaN,NaN,NaN,NaN,NaN,0,0,NaN,0,0,0.350719999999999,1370,nominal,full,0,0,503551175932,0,0,0,0,0,0,0,0,1,0,0,0,0,0,0,NaN,0,0,NaN,NaN,5,1,0,0,1,189012003313,2647,1370,0.00146005840233609,0.00453205840233609,Inf,0,0.00025,40,36.270574718794,1,periodic-static,0,0,0,0.350719999999999,0,NaN,NaN,NaN,NaN,NaN,NaN,NaN,NaN,NaN,NaN,NaN,NaN,NaN,NaN,NaN,NaN,NaN,NaN,NaN,NaN,NaN,NaN,NaN,NaN,NaN,NaN,NaN
candidate-targeted-frontier-falsification,16048010,n5-6dof-zero-loss,N5 6-DOF zero-loss,EXP22G targeted frontier,periodic-cost-minus2pct,2,22.3810222222222,periodic,Periodic static TDMA / 2% below ELCS cost,none,5,ring2,6dof,tdma,1,1,0,1,0.48,0.29,0.29,0.0476190476190476,0.0476190476190476,0.0289298783290659,0.560977069798294,0,0,10.1247766328209,12.3138305152612,0,1.03682839248661,0.0380928689883913,0.0600000000000005,0.0800000000000001,0.0800000000000001,NaN,NaN,1345,1343,1343,0,0,3223,3223,0,0,0,0,0,0,0,0,0,0,0,0,0,1,32,32,0,0,0,0,0,0,0,0.343807999999955,0,0,0,0.342786554047813,0.376653066910967,0,0,0,0,0,0.343807999999998,4.12569599999998,0,0,0,0,0.825139199999995,111.916666666667,268.583333333333,0,0.0112869594546378,0.021485197057017,NaN,NaN,0.999996673421469,3223,0,0,0,0,0,1.2071168,0,447689,0,110997400,0,257801506,tdma,periodic-frontier,none,full-mission-static-tdma,none,continuous-local-static-tdma,NaN,22.3810222222222,NaN,22.3833333333333,22.3333333333333,NaN,NaN,NaN,NaN,NaN,NaN,NaN,NaN,1343,NaN,NaN,NaN,0,0,1,0,NaN,NaN,NaN,NaN,NaN,0,0,NaN,0,0,0.343807999999998,1343,nominal,full,0,0,503551175932,0,0,0,0,0,0,0,0,1,0,0,0,0,0,0,NaN,0,0,NaN,NaN,5,1,0,0,1,189012003313,2647,1343,0.00146005840233609,0.00453205840233609,Inf,0,0.00025,40,36.270574718794,1,periodic-static,0,0,0,0.343807999999998,0,NaN,NaN,NaN,NaN,NaN,NaN,NaN,NaN,NaN,NaN,NaN,NaN,NaN,NaN,NaN,NaN,NaN,NaN,NaN,NaN,NaN,NaN,NaN,NaN,NaN,NaN,NaN
candidate-targeted-frontier-falsification,16048010,n5-6dof-zero-loss,N5 6-DOF zero-loss,EXP22G targeted frontier,elcs-f-mission-affine,3,50,periodic,ELCS-F / mission affine clock,none,5,ring2,6dof,tdma,1,1,0,1,0.48,0.29,0.29,0.0476190476190476,0.0476190476190476,0.0301287115247611,0.559426554088075,0,0,10.1743639603703,12.3438729858574,0,1.03685114941901,0.0409618573797679,0.0600000000000005,0.0600000000000005,0.0600000000000005,NaN,NaN,3000,1057,1056,0,0,2535,2529,6,0,0,0,0,0,0,4,0.00378429517502365,0,1940,0,0,1,32,32,0,0,0,0,0,0,0,0.350959735347349,0,0,0,0,0,0,0,0,0,0,0.351658666666666,3.24710399999997,0,0,0,0,0.843980799999997,88,210.75,0,0.010021405896609,0.018995315520284,NaN,NaN,0.999987445635116,2535,0,0,0,0,0,0.3749511,0,447689,0,110997400,0,20177629951,tdma,candidate-elcs,none,edge-leased-certified-scheduling,none,continuous-elcs-replay,NaN,50,NaN,17.6,17.5,NaN,NaN,NaN,NaN,NaN,NaN,NaN,NaN,1057,NaN,NaN,NaN,0,0,1,4,NaN,NaN,NaN,NaN,NaN,0,0,NaN,0,0,0.351658666666666,1057,nominal,full,1,0,503551175932,0,0,0,0,0,0,0,0,1,0,0,0,0,0,0,0.283554993399736,1,0,NaN,NaN,5,1,0,0,1,189012003313,1057,1057,0.00146005840233609,0.00453205840233609,Inf,2.71050543121376e-20,0.00025,40,36.270574718794,1,candidate-elcs,950,0.972800000000017,0.0810666666666681,0.351658666666666,1,5959415526,30276630323,1102951,1258791564,1057,1057,0,0,4,1,2529,0,6,2529,0,6,1,0,1,0.000948153480946345,2.71050543121376e-20,1,0,0,0,NaN,NaN
candidate-targeted-frontier-falsification,16048010,n10-ring2-zero-loss,N10 ring2 zero-loss,EXP22G targeted frontier,periodic-cost-match,1,12.2705555555555,periodic,Periodic static TDMA / ELCS cost match,none,10,ring2,di,tdma,1,1,0,1,0.26,0.097,0.097,0.0277777777777778,0.0277777777777778,0.0508994748400454,0.541990554307506,0,0,NaN,NaN,NaN,NaN,0.0673134328358207,0.119999999999999,0.120000000000001,0.140000000000001,NaN,NaN,1480,1473,1473,0,0,3829,3829,0,0,0,0,0,0,0,0,0,0,0,0,0,1,32,32,0,0,0,0,0,0,0,0.377087999999952,0,0,0,0.376077128015488,0.410020516705842,0,0,0,0,0,0.377088000000002,4.52505600000003,0,0,0,0,0.905011200000006,122.75,319.083333333333,0,0.0226810255292353,0.0431111974699753,NaN,NaN,0.999990321465607,3829,0,0,0,0,0,1.3730827,0,528435,0,410907079,0,268342110,tdma,periodic-frontier,none,full-mission-static-tdma,none,continuous-local-static-tdma,NaN,12.2705555555555,NaN,12.275,12.25,NaN,NaN,NaN,NaN,NaN,NaN,NaN,NaN,1473,NaN,NaN,NaN,0,0,1,0,NaN,NaN,NaN,NaN,NaN,0,0,NaN,0,0,0.377088000000002,1473,nominal,full,0,0,1950195673556,0,0,0,0,0,0,0,0,1,0,0,0,0,0,0,NaN,0,0,NaN,NaN,10,1,0,0,1,692214174077,2647,1473,0.00146005840233609,0.00453205840233609,Inf,2.77555756156289e-17,0.00025,40,35.9597008718337,1,periodic-static,0,0,0,0.377088000000002,0,NaN,NaN,NaN,NaN,NaN,NaN,NaN,NaN,NaN,NaN,NaN,NaN,NaN,NaN,NaN,NaN,NaN,NaN,NaN,NaN,NaN,NaN,NaN,NaN,NaN,NaN,NaN
candidate-targeted-frontier-falsification,16048010,n10-ring2-zero-loss,N10 ring2 zero-loss,EXP22G targeted frontier,periodic-cost-minus2pct,2,12.0251444444444,periodic,Periodic static TDMA / 2% below ELCS cost,none,10,ring2,di,tdma,1,1,0,1,0.26,0.097,0.097,0.0277777777777778,0.0277777777777778,0.0514124277365339,0.541044114663081,0,0,NaN,NaN,NaN,NaN,0.0682778415614229,0.119999999999999,0.119999999999999,0.139999999999999,NaN,NaN,1450,1443,1443,0,0,3751,3751,0,0,0,0,0,0,0,0,0,0,0,0,0,1,32,32,0,0,0,0,0,0,0,0.369407999999954,0,0,0,0.367760330370653,0.408029668497883,0,0,0,0,0,0.369408000000001,4.43289600000002,0,0,0,0,0.886579200000003,120.25,312.583333333333,0,0.0227108265899941,0.043159606245944,NaN,NaN,0.999989914852541,3751,0,0,0,0,0,1.3098681,0,528435,0,410907079,0,268532548,tdma,periodic-frontier,none,full-mission-static-tdma,none,continuous-local-static-tdma,NaN,12.0251444444444,NaN,12.025,12,NaN,NaN,NaN,NaN,NaN,NaN,NaN,NaN,1443,NaN,NaN,NaN,0,0,1,0,NaN,NaN,NaN,NaN,NaN,0,0,NaN,0,0,0.369408000000001,1443,nominal,full,0,0,1950195673556,0,0,0,0,0,0,0,0,1,0,0,0,0,0,0,NaN,0,0,NaN,NaN,10,1,0,0,1,692214174077,2647,1443,0.00146005840233609,0.00453205840233609,Inf,2.77555756156289e-17,0.00025,40,35.9597008718337,1,periodic-static,0,0,0,0.369408000000001,0,NaN,NaN,NaN,NaN,NaN,NaN,NaN,NaN,NaN,NaN,NaN,NaN,NaN,NaN,NaN,NaN,NaN,NaN,NaN,NaN,NaN,NaN,NaN,NaN,NaN,NaN,NaN
candidate-targeted-frontier-falsification,16048010,n10-ring2-zero-loss,N10 ring2 zero-loss,EXP22G targeted frontier,elcs-f-mission-affine,3,50,periodic,ELCS-F / mission affine clock,none,10,ring2,di,tdma,1,1,0,1,0.26,0.097,0.097,0.0277777777777778,0.0277777777777778,0.0508328863860621,0.54285677792252,0,0,NaN,NaN,NaN,NaN,0.065430539609644,0.119999999999999,0.120000000000001,0.120000000000001,NaN,NaN,6000,1113,1113,0,0,2905,2903,2,0,0,0,0,0,0,2,0.00179694519317161,0,4877,0,0,1,32,32,0,0,0,0,0,0,0,0.272744363331739,0,0,0,0,0,0,0,0,0,0,0.376746666666665,3.41913599999997,0,0,0,0,0.904191999999995,92.75,241.916666666667,0,0.00998776448188117,0.0189740317735023,NaN,NaN,0.999434435686221,2905,0,0,0,0,0,0.4330942,0,528435,0,410907079,0,43007335549,tdma,candidate-elcs,none,edge-leased-certified-scheduling,none,continuous-elcs-replay,NaN,50,NaN,9.275,8.83333333333333,NaN,NaN,NaN,NaN,NaN,NaN,NaN,NaN,1113,NaN,NaN,NaN,0,0,1,2,NaN,NaN,NaN,NaN,NaN,0,0,NaN,0,0,0.376746666666665,1113,nominal,full,1,0,1950195673556,0,0,0,0,0,0,0,0,1,0,0,0,0,0,0,1.04138871794872,1,0,NaN,NaN,10,0,0,0,1,692214174077,1113,1113,0.00146005840233609,0.00453205840233609,Inf,2.71050543121376e-20,0.00025,40,35.9597008718337,1,candidate-elcs,1076,1.10182400000001,0.0918186666666674,0.376746666666665,1,7008581599,113464559755,1800494,2102576069,1113,1113,0,0,2,1,2903,0,2,2903,0,2,1,0,1,0.000376182608901487,2.71050543121376e-20,1,0,0,0,NaN,NaN
candidate-targeted-frontier-falsification,16048011,n5-6dof-zero-loss,N5 6-DOF zero-loss,EXP22G targeted frontier,periodic-cost-match,1,22.8377777777777,periodic,Periodic static TDMA / ELCS cost match,none,5,ring2,6dof,tdma,1,1,0,1,0.48,0.29,0.29,0.0476190476190476,0.0476190476190476,0.0285994983833973,0.561282655605603,0,0,10.1247766328209,12.2805766703782,0,1.03684901047343,0.037396351575456,0.0600000000000005,0.0800000000000001,0.0800000000000018,NaN,NaN,1370,1370,1370,0,0,3288,3288,0,0,0,0,0,0,0,0,0,0,0,0,0,1,32,32,0,0,0,0,0,0,0,0.350719999999955,0,0,0,0.349750126841702,0.377730895587061,0,0,0,0,0,0.350719999999999,4.20863999999999,0,0,0,0,0.841727999999998,114.166666666667,274,0,0.0112816253532651,0.0214495992343667,NaN,NaN,1,3288,0,0,0,0,0,1.2029893,0,1395429,0,110997400,0,258101629,tdma,periodic-frontier,none,full-mission-static-tdma,none,continuous-local-static-tdma,NaN,22.8377777777777,NaN,22.8333333333333,22.8333333333333,NaN,NaN,NaN,NaN,NaN,NaN,NaN,NaN,1370,NaN,NaN,NaN,0,0,1,0,NaN,NaN,NaN,NaN,NaN,0,0,NaN,0,0,0.350719999999999,1370,nominal,full,0,0,503684634202,0,0,0,0,0,0,0,0,1,0,0,0,0,0,0,NaN,0,0,NaN,NaN,5,1,0,0,1,188979757021,2647,1370,0.00146005840233609,0.00453205840233609,Inf,2.77555756156289e-17,0.00025,40,29.9639202812526,1,periodic-static,0,0,0,0.350719999999999,0,NaN,NaN,NaN,NaN,NaN,NaN,NaN,NaN,NaN,NaN,NaN,NaN,NaN,NaN,NaN,NaN,NaN,NaN,NaN,NaN,NaN,NaN,NaN,NaN,NaN,NaN,NaN
candidate-targeted-frontier-falsification,16048011,n5-6dof-zero-loss,N5 6-DOF zero-loss,EXP22G targeted frontier,periodic-cost-minus2pct,2,22.3810222222222,periodic,Periodic static TDMA / 2% below ELCS cost,none,5,ring2,6dof,tdma,1,1,0,1,0.48,0.29,0.29,0.0476190476190476,0.0476190476190476,0.0289141863418864,0.561169803244903,0,0,10.1247766328209,12.3138305152612,0,1.03682907563804,0.0380762852404643,0.0600000000000005,0.0800000000000001,0.0800000000000001,NaN,NaN,1345,1343,1343,0,0,3223,3223,0,0,0,0,0,0,0,0,0,0,0,0,0,1,32,32,0,0,0,0,0,0,0,0.343807999999955,0,0,0,0.341652832464143,0.368555739825875,0,0,0,0,0,0.343807999999998,4.12569599999998,0,0,0,0,0.825139199999995,111.916666666667,268.583333333333,0,0.0112814280384933,0.0214523019482813,NaN,NaN,0.999996673421469,3223,0,0,0,0,0,1.1771794,0,1395429,0,110997400,0,257801508,tdma,periodic-frontier,none,full-mission-static-tdma,none,continuous-local-static-tdma,NaN,22.3810222222222,NaN,22.3833333333333,22.3333333333333,NaN,NaN,NaN,NaN,NaN,NaN,NaN,NaN,1343,NaN,NaN,NaN,0,0,1,0,NaN,NaN,NaN,NaN,NaN,0,0,NaN,0,0,0.343807999999998,1343,nominal,full,0,0,503684634202,0,0,0,0,0,0,0,0,1,0,0,0,0,0,0,NaN,0,0,NaN,NaN,5,1,0,0,1,188979757021,2647,1343,0.00146005840233609,0.00453205840233609,Inf,2.77555756156289e-17,0.00025,40,29.9639202812526,1,periodic-static,0,0,0,0.343807999999998,0,NaN,NaN,NaN,NaN,NaN,NaN,NaN,NaN,NaN,NaN,NaN,NaN,NaN,NaN,NaN,NaN,NaN,NaN,NaN,NaN,NaN,NaN,NaN,NaN,NaN,NaN,NaN
candidate-targeted-frontier-falsification,16048011,n5-6dof-zero-loss,N5 6-DOF zero-loss,EXP22G targeted frontier,elcs-f-mission-affine,3,50,periodic,ELCS-F / mission affine clock,none,5,ring2,6dof,tdma,1,1,0,1,0.48,0.29,0.29,0.0476190476190476,0.0476190476190476,0.030125766950742,0.559446450883489,0,0,10.0840293671894,12.3084555766286,0,1.03684197914665,0.0409618573797679,0.0600000000000005,0.0600000000000005,0.0600000000000005,NaN,NaN,3000,1051,1051,0,0,2524,2524,0,0,0,0,0,0,0,0,0,0,1946,0,0,1,32,32,0,0,0,0,0,0,0,0.350122666666645,0,0,0,0,0,0,0,0,0,0,0.350122666666666,3.22867199999997,0,0,0,0,0.840294399999997,87.5833333333333,210.333333333333,0,0.0100050021041402,0.0189626153150431,NaN,NaN,0.999960168198833,2524,0,0,0,0,0,0.356527,0,1395429,0,110997400,0,20059691969,tdma,candidate-elcs,none,edge-leased-certified-scheduling,none,continuous-elcs-replay,NaN,50,NaN,17.5166666666667,17.3333333333333,NaN,NaN,NaN,NaN,NaN,NaN,NaN,NaN,1051,NaN,NaN,NaN,0,0,1,0,NaN,NaN,NaN,NaN,NaN,0,0,NaN,0,0,0.350122666666666,1051,nominal,full,1,0,503684634202,0,0,0,0,0,0,0,0,1,0,0,0,0,0,0,0.283554993399736,1,0,NaN,NaN,5,1,0,0,1,188979757021,1051,1051,0.00146005840233609,0.00453205840233609,Inf,6.7762635780344e-21,0.00025,40,29.9639202812526,1,candidate-elcs,950,0.972800000000017,0.0810666666666681,0.350122666666666,1,5969943997,30538685007,1102951,1257352391,1051,1051,0,0,0,1,2524,0,0,2524,0,0,1,0,1,0.00104208095382083,6.7762635780344e-21,1,0,0,0,NaN,NaN
candidate-targeted-frontier-falsification,16048011,n10-ring2-zero-loss,N10 ring2 zero-loss,EXP22G targeted frontier,periodic-cost-match,1,12.2705555555555,periodic,Periodic static TDMA / ELCS cost match,none,10,ring2,di,tdma,1,1,0,1,0.26,0.097,0.097,0.0277777777777778,0.0277777777777778,0.0507488546041905,0.542245823015923,0,0,NaN,NaN,NaN,NaN,0.0671680061232299,0.119999999999999,0.120000000000001,0.140000000000001,NaN,NaN,1480,1473,1473,0,0,3829,3829,0,0,0,0,0,0,0,0,0,0,0,0,0,1,32,32,0,0,0,0,0,0,0,0.37708799999995,0,0,0,0.376674845668362,0.413038583243158,0,0,0,0,0,0.377088000000002,4.52505600000003,0,0,0,0,0.905011200000006,122.75,319.083333333333,0,0.0225948771060069,0.0429710314992709,NaN,NaN,0.999990321465607,3829,0,0,0,0,0,1.2954653,0,1503635,0,410907079,0,268342112,tdma,periodic-frontier,none,full-mission-static-tdma,none,continuous-local-static-tdma,NaN,12.2705555555555,NaN,12.275,12.25,NaN,NaN,NaN,NaN,NaN,NaN,NaN,NaN,1473,NaN,NaN,NaN,0,0,1,0,NaN,NaN,NaN,NaN,NaN,0,0,NaN,0,0,0.377088000000002,1473,nominal,full,0,0,1950725113931,0,0,0,0,0,0,0,0,1,0,0,0,0,0,0,NaN,0,0,NaN,NaN,10,1,0,0,1,692290450207,2647,1473,0.00146005840233609,0.00453205840233609,Inf,0,0.00025,40,32.6444933875208,1,periodic-static,0,0,0,0.377088000000002,0,NaN,NaN,NaN,NaN,NaN,NaN,NaN,NaN,NaN,NaN,NaN,NaN,NaN,NaN,NaN,NaN,NaN,NaN,NaN,NaN,NaN,NaN,NaN,NaN,NaN,NaN,NaN
candidate-targeted-frontier-falsification,16048011,n10-ring2-zero-loss,N10 ring2 zero-loss,EXP22G targeted frontier,periodic-cost-minus2pct,2,12.0251444444444,periodic,Periodic static TDMA / 2% below ELCS cost,none,10,ring2,di,tdma,1,1,0,1,0.26,0.097,0.097,0.0277777777777778,0.0277777777777778,0.0514920402325266,0.540668471848911,0,0,NaN,NaN,NaN,NaN,0.0682472254114038,0.119999999999999,0.120000000000001,0.139999999999999,NaN,NaN,1450,1443,1443,0,0,3751,3751,0,0,0,0,0,0,0,0,0,0,0,0,0,1,32,32,0,0,0,0,0,0,0,0.369407999999953,0,0,0,0.368139731801876,0.408934305474422,0,0,0,0,0,0.369408000000001,4.43289600000002,0,0,0,0,0.886579200000003,120.25,312.583333333333,0,0.0227195654348419,0.0431417819273451,NaN,NaN,0.999989914852541,3751,0,0,0,0,0,1.3261232,0,1503635,0,410907079,0,268532550,tdma,periodic-frontier,none,full-mission-static-tdma,none,continuous-local-static-tdma,NaN,12.0251444444444,NaN,12.025,12,NaN,NaN,NaN,NaN,NaN,NaN,NaN,NaN,1443,NaN,NaN,NaN,0,0,1,0,NaN,NaN,NaN,NaN,NaN,0,0,NaN,0,0,0.369408000000001,1443,nominal,full,0,0,1950725113931,0,0,0,0,0,0,0,0,1,0,0,0,0,0,0,NaN,0,0,NaN,NaN,10,1,0,0,1,692290450207,2647,1443,0.00146005840233609,0.00453205840233609,Inf,0,0.00025,40,32.6444933875208,1,periodic-static,0,0,0,0.369408000000001,0,NaN,NaN,NaN,NaN,NaN,NaN,NaN,NaN,NaN,NaN,NaN,NaN,NaN,NaN,NaN,NaN,NaN,NaN,NaN,NaN,NaN,NaN,NaN,NaN,NaN,NaN,NaN
candidate-targeted-frontier-falsification,16048011,n10-ring2-zero-loss,N10 ring2 zero-loss,EXP22G targeted frontier,elcs-f-mission-affine,3,50,periodic,ELCS-F / mission affine clock,none,10,ring2,di,tdma,1,1,0,1,0.26,0.097,0.097,0.0277777777777778,0.0277777777777778,0.0508249747803524,0.542795950362683,0,0,NaN,NaN,NaN,NaN,0.0655644852659777,0.119999999999999,0.120000000000001,0.120000000000001,NaN,NaN,6000,1115,1115,0,0,2908,2906,2,0,0,0,0,0,0,2,0.00179372197309417,0,4875,0,0,1,32,32,0,0,0,0,0,0,0,0.270792751426104,0,0,0,0,0,0,0,0,0,0,0.377258666666665,3.42527999999997,0,0,0,0,0.905420799999995,92.9166666666667,242.166666666667,0,0.0100594447025583,0.0189902170342713,NaN,NaN,0.999610037709756,2908,0,0,0,0,0,0.4200989,0,1503635,0,410907079,0,43064272399,tdma,candidate-elcs,none,edge-leased-certified-scheduling,none,continuous-elcs-replay,NaN,50,NaN,9.29166666666667,9,NaN,NaN,NaN,NaN,NaN,NaN,NaN,NaN,1115,NaN,NaN,NaN,0,0,1,2,NaN,NaN,NaN,NaN,NaN,0,0,NaN,0,0,0.377258666666665,1115,nominal,full,1,0,1950725113931,0,0,0,0,0,0,0,0,1,0,0,0,0,0,0,1.04138871794872,1,0,NaN,NaN,10,0,0,0,1,692290450207,1115,1115,0.00146005840233609,0.00453205840233609,Inf,1.11022302462516e-16,0.00025,40,32.6444933875208,1,candidate-elcs,1076,1.10182400000001,0.0918186666666674,0.377258666666665,1,6985010953,113230316912,1800494,2104615542,1115,1115,0,0,2,1,2906,0,2,2906,0,2,1,0,1,0.000792470829344083,1.11022302462516e-16,1,0,0,0,NaN,NaN
candidate-targeted-frontier-falsification,16048012,n5-6dof-zero-loss,N5 6-DOF zero-loss,EXP22G targeted frontier,periodic-cost-match,1,22.8377777777777,periodic,Periodic static TDMA / ELCS cost match,none,5,ring2,6dof,tdma,1,1,0,1,0.48,0.29,0.29,0.0476190476190476,0.0476190476190476,0.0286929511790409,0.561400882819046,0,0,10.1247766328209,12.2805766703782,0,1.03684909156389,0.0375290215588723,0.0600000000000005,0.0800000000000001,0.0800000000000018,NaN,NaN,1370,1370,1370,0,0,3288,3288,0,0,0,0,0,0,0,0,0,0,0,0,0,1,32,32,0,0,0,0,0,0,0,0.350719999999956,0,0,0,0.349261185085742,0.379318266254815,0,0,0,0,0,0.350719999999999,4.20863999999999,0,0,0,0,0.841727999999998,114.166666666667,274,0,0.0113038102613519,0.0215244944047438,NaN,NaN,1,3288,0,0,0,0,0,1.2004649,0,950220,0,110997400,0,258101631,tdma,periodic-frontier,none,full-mission-static-tdma,none,continuous-local-static-tdma,NaN,22.8377777777777,NaN,22.8333333333333,22.8333333333333,NaN,NaN,NaN,NaN,NaN,NaN,NaN,NaN,1370,NaN,NaN,NaN,0,0,1,0,NaN,NaN,NaN,NaN,NaN,0,0,NaN,0,0,0.350719999999999,1370,nominal,full,0,0,503525976682,0,0,0,0,0,0,0,0,1,0,0,0,0,0,0,NaN,0,0,NaN,NaN,5,1,0,0,1,188931401383,2647,1370,0.00146005840233609,0.00453205840233609,Inf,0,0.00025,40,29.5640539124786,1,periodic-static,0,0,0,0.350719999999999,0,NaN,NaN,NaN,NaN,NaN,NaN,NaN,NaN,NaN,NaN,NaN,NaN,NaN,NaN,NaN,NaN,NaN,NaN,NaN,NaN,NaN,NaN,NaN,NaN,NaN,NaN,NaN
candidate-targeted-frontier-falsification,16048012,n5-6dof-zero-loss,N5 6-DOF zero-loss,EXP22G targeted frontier,periodic-cost-minus2pct,2,22.3810222222222,periodic,Periodic static TDMA / 2% below ELCS cost,none,5,ring2,6dof,tdma,1,1,0,1,0.48,0.29,0.29,0.0476190476190476,0.0476190476190476,0.028930998557556,0.561208696223909,0,0,10.1247766328209,12.3138305152612,0,1.03682963946627,0.038200663349917,0.0600000000000005,0.0800000000000001,0.0800000000000001,NaN,NaN,1345,1343,1343,0,0,3223,3223,0,0,0,0,0,0,0,0,0,0,0,0,0,1,32,32,0,0,0,0,0,0,0,0.343807999999955,0,0,0,0.343184858426346,0.37259321980873,0,0,0,0,0,0.343807999999998,4.12569599999998,0,0,0,0,0.825139199999995,111.916666666667,268.583333333333,0,0.0112885076460345,0.021470227210901,NaN,NaN,0.999996673421469,3223,0,0,0,0,0,1.2333614,0,950220,0,110997400,0,257801510,tdma,periodic-frontier,none,full-mission-static-tdma,none,continuous-local-static-tdma,NaN,22.3810222222222,NaN,22.3833333333333,22.3333333333333,NaN,NaN,NaN,NaN,NaN,NaN,NaN,NaN,1343,NaN,NaN,NaN,0,0,1,0,NaN,NaN,NaN,NaN,NaN,0,0,NaN,0,0,0.343807999999998,1343,nominal,full,0,0,503525976682,0,0,0,0,0,0,0,0,1,0,0,0,0,0,0,NaN,0,0,NaN,NaN,5,1,0,0,1,188931401383,2647,1343,0.00146005840233609,0.00453205840233609,Inf,0,0.00025,40,29.5640539124786,1,periodic-static,0,0,0,0.343807999999998,0,NaN,NaN,NaN,NaN,NaN,NaN,NaN,NaN,NaN,NaN,NaN,NaN,NaN,NaN,NaN,NaN,NaN,NaN,NaN,NaN,NaN,NaN,NaN,NaN,NaN,NaN,NaN
candidate-targeted-frontier-falsification,16048012,n5-6dof-zero-loss,N5 6-DOF zero-loss,EXP22G targeted frontier,elcs-f-mission-affine,3,50,periodic,ELCS-F / mission affine clock,none,5,ring2,6dof,tdma,1,1,0,1,0.48,0.29,0.29,0.0476190476190476,0.0476190476190476,0.0301084016392997,0.559354677441615,0,0,10.107728757867,12.3014246336705,0,1.03683732477838,0.0408623548922057,0.0600000000000005,0.0600000000000005,0.0600000000000005,NaN,NaN,3000,1054,1054,0,0,2532,2532,0,0,0,0,0,0,0,0,0,0,1943,0,0,1,32,32,0,0,0,0,0,0,0,0.350890666666645,0,0,0,0,0,0,0,0,0,0,0.350890666666666,3.23788799999997,0,0,0,0,0.842137599999997,87.8333333333333,211,0,0.0100282319143119,0.0189580517622635,NaN,NaN,0.999969395562357,2532,0,0,0,0,0,0.3434766,0,950220,0,110997400,0,20138503029,tdma,candidate-elcs,none,edge-leased-certified-scheduling,none,continuous-elcs-replay,NaN,50,NaN,17.5666666666667,17.4166666666667,NaN,NaN,NaN,NaN,NaN,NaN,NaN,NaN,1054,NaN,NaN,NaN,0,0,1,0,NaN,NaN,NaN,NaN,NaN,0,0,NaN,0,0,0.350890666666666,1054,nominal,full,1,0,503525976682,0,0,0,0,0,0,0,0,1,0,0,0,0,0,0,0.283554993399736,1,0,NaN,NaN,5,1,0,0,1,188931401383,1054,1054,0.00146005840233609,0.00453205840233609,Inf,5.42101086242752e-20,0.00025,40,29.5640539124786,1,candidate-elcs,950,0.972800000000017,0.0810666666666681,0.350890666666666,1,5963483969,30362533186,1102951,1252319255,1054,1054,0,0,0,1,2532,0,0,2532,0,0,1,0,1,0.00100756551171394,5.42101086242752e-20,1,0,0,0,NaN,NaN
candidate-targeted-frontier-falsification,16048012,n10-ring2-zero-loss,N10 ring2 zero-loss,EXP22G targeted frontier,periodic-cost-match,1,12.2705555555555,periodic,Periodic static TDMA / ELCS cost match,none,10,ring2,di,tdma,1,1,0,1,0.26,0.097,0.097,0.0277777777777778,0.0277777777777778,0.0507014023824179,0.542352001105757,0,0,NaN,NaN,NaN,NaN,0.0669996172981246,0.119999999999999,0.120000000000001,0.140000000000001,NaN,NaN,1480,1474,1474,0,0,3832,3832,0,0,0,0,0,0,0,0,0,0,0,0,0,1,32,32,0,0,0,0,0,0,0,0.37734399999995,0,0,0,0.377155126111254,0.41075408738633,0,0,0,0,0,0.377344000000003,4.52812800000003,0,0,0,0,0.905625600000006,122.833333333333,319.333333333333,0,0.0226038929639031,0.0430162666235181,NaN,NaN,0.999988953836241,3832,0,0,0,0,0,1.2915352,0,478750,0,410907079,0,268342114,tdma,periodic-frontier,none,full-mission-static-tdma,none,continuous-local-static-tdma,NaN,12.2705555555555,NaN,12.2833333333333,12.25,NaN,NaN,NaN,NaN,NaN,NaN,NaN,NaN,1474,NaN,NaN,NaN,0,0,1,0,NaN,NaN,NaN,NaN,NaN,0,0,NaN,0,0,0.377344000000003,1474,nominal,full,0,0,1949416958598,0,0,0,0,0,0,0,0,1,0,0,0,0,0,0,NaN,0,0,NaN,NaN,10,1,0,0,1,691944675875,2648,1474,0.00146005840233609,0.00453205840233609,Inf,2.22044604925031e-16,0.00025,40,37.3527422335609,1,periodic-static,0,0,0,0.377344000000003,0,NaN,NaN,NaN,NaN,NaN,NaN,NaN,NaN,NaN,NaN,NaN,NaN,NaN,NaN,NaN,NaN,NaN,NaN,NaN,NaN,NaN,NaN,NaN,NaN,NaN,NaN,NaN
candidate-targeted-frontier-falsification,16048012,n10-ring2-zero-loss,N10 ring2 zero-loss,EXP22G targeted frontier,periodic-cost-minus2pct,2,12.0251444444444,periodic,Periodic static TDMA / 2% below ELCS cost,none,10,ring2,di,tdma,1,1,0,1,0.26,0.097,0.097,0.0277777777777778,0.0277777777777778,0.0515231096482354,0.540684675683656,0,0,NaN,NaN,NaN,NaN,0.0681400688863368,0.119999999999999,0.120000000000001,0.139999999999999,NaN,NaN,1450,1444,1444,0,0,3754,3754,0,0,0,0,0,0,0,0,0,0,0,0,0,1,32,32,0,0,0,0,0,0,0,0.369663999999952,0,0,0,0.367994117612755,0.409665682142411,0,0,0,0,0,0.369664000000001,4.43596800000002,0,0,0,0,0.887193600000004,120.333333333333,312.833333333333,0,0.0226970265107063,0.0431212721555454,NaN,NaN,0.999988490091887,3754,0,0,0,0,0,1.2857068,0,478750,0,410907079,0,268532552,tdma,periodic-frontier,none,full-mission-static-tdma,none,continuous-local-static-tdma,NaN,12.0251444444444,NaN,12.0333333333333,12,NaN,NaN,NaN,NaN,NaN,NaN,NaN,NaN,1444,NaN,NaN,NaN,0,0,1,0,NaN,NaN,NaN,NaN,NaN,0,0,NaN,0,0,0.369664000000001,1444,nominal,full,0,0,1949416958598,0,0,0,0,0,0,0,0,1,0,0,0,0,0,0,NaN,0,0,NaN,NaN,10,1,0,0,1,691944675875,2648,1444,0.00146005840233609,0.00453205840233609,Inf,2.22044604925031e-16,0.00025,40,37.3527422335609,1,periodic-static,0,0,0,0.369664000000001,0,NaN,NaN,NaN,NaN,NaN,NaN,NaN,NaN,NaN,NaN,NaN,NaN,NaN,NaN,NaN,NaN,NaN,NaN,NaN,NaN,NaN,NaN,NaN,NaN,NaN,NaN,NaN
candidate-targeted-frontier-falsification,16048012,n10-ring2-zero-loss,N10 ring2 zero-loss,EXP22G targeted frontier,elcs-f-mission-affine,3,50,periodic,ELCS-F / mission affine clock,none,10,ring2,di,tdma,1,1,0,1,0.26,0.097,0.097,0.0277777777777778,0.0277777777777778,0.0509049994053447,0.542467771459006,0,0,NaN,NaN,NaN,NaN,0.0652965939533102,0.119999999999999,0.120000000000001,0.120000000000001,NaN,NaN,6000,1114,1113,0,0,2905,2901,4,0,0,0,0,0,0,2,0.00179533213644524,0,4876,0,0,1,32,32,0,0,0,0,0,0,0,0.271426655919545,0,0,0,0,0,0,0,0,0,0,0.377002666666665,3.42220799999997,0,0,0,0,0.904806399999995,92.75,241.75,0,0.0100170203329769,0.0189645148335431,NaN,NaN,0.999547336060613,2905,0,0,0,0,0,0.4312547,0,478750,0,410907079,0,43040978878,tdma,candidate-elcs,none,edge-leased-certified-scheduling,none,continuous-elcs-replay,NaN,50,NaN,9.275,8.91666666666667,NaN,NaN,NaN,NaN,NaN,NaN,NaN,NaN,1114,NaN,NaN,NaN,0,0,1,2,NaN,NaN,NaN,NaN,NaN,0,0,NaN,0,0,0.377002666666665,1114,nominal,full,1,0,1949416958598,0,0,0,0,0,0,0,0,1,0,0,0,0,0,0,1.04138871794872,1,0,NaN,NaN,10,0,0,0,1,691944675875,1114,1114,0.00146005840233609,0.00453205840233609,Inf,4.44089209850063e-16,0.00025,40,37.3527422335609,1,candidate-elcs,1076,1.10182400000001,0.0918186666666674,0.377002666666665,1,6981636256,113199454277,1800494,2103526398,1114,1114,0,0,2,1,2901,0,4,2901,0,4,1,0,1,0.000708813304516553,4.44089209850063e-16,1,0,0,0,NaN,NaN
candidate-targeted-frontier-falsification,16048013,n5-6dof-zero-loss,N5 6-DOF zero-loss,EXP22G targeted frontier,periodic-cost-match,1,22.8377777777777,periodic,Periodic static TDMA / ELCS cost match,none,5,ring2,6dof,tdma,1,1,0,1,0.48,0.29,0.29,0.0476190476190476,0.0476190476190476,0.0287057951462098,0.561250818863246,0,0,10.1247766328209,12.2805766703782,0,1.03684708228493,0.0376865671641791,0.0600000000000005,0.0800000000000001,0.0800000000000018,NaN,NaN,1370,1370,1370,0,0,3288,3288,0,0,0,0,0,0,0,0,0,0,0,0,0,1,32,32,0,0,0,0,0,0,0,0.350719999999956,0,0,0,0.34944234508137,0.386018529651383,0,0,0,0,0,0.350719999999999,4.20863999999999,0,0,0,0,0.841727999999998,114.166666666667,274,0,0.0113660126759083,0.021579994099136,NaN,NaN,1,3288,0,0,0,0,0,1.1703825,0,1417030,0,110997400,0,258101633,tdma,periodic-frontier,none,full-mission-static-tdma,none,continuous-local-static-tdma,NaN,22.8377777777777,NaN,22.8333333333333,22.8333333333333,NaN,NaN,NaN,NaN,NaN,NaN,NaN,NaN,1370,NaN,NaN,NaN,0,0,1,0,NaN,NaN,NaN,NaN,NaN,0,0,NaN,0,0,0.350719999999999,1370,nominal,full,0,0,503243516208,0,0,0,0,0,0,0,0,1,0,0,0,0,0,0,NaN,0,0,NaN,NaN,5,1,0,0,1,188582889288,2648,1370,0.00146005840233609,0.00453205840233609,Inf,8.88178419700125e-16,0.00025,40,35.6774103440581,1,periodic-static,0,0,0,0.350719999999999,0,NaN,NaN,NaN,NaN,NaN,NaN,NaN,NaN,NaN,NaN,NaN,NaN,NaN,NaN,NaN,NaN,NaN,NaN,NaN,NaN,NaN,NaN,NaN,NaN,NaN,NaN,NaN
candidate-targeted-frontier-falsification,16048013,n5-6dof-zero-loss,N5 6-DOF zero-loss,EXP22G targeted frontier,periodic-cost-minus2pct,2,22.3810222222222,periodic,Periodic static TDMA / 2% below ELCS cost,none,5,ring2,6dof,tdma,1,1,0,1,0.48,0.29,0.29,0.0476190476190476,0.0476190476190476,0.0289221479820673,0.561116059204922,0,0,10.1247766328209,12.3138305152612,0,1.03682732285442,0.0381923714759535,0.0600000000000005,0.0800000000000001,0.0800000000000001,NaN,NaN,1345,1344,1344,0,0,3225,3225,0,0,0,0,0,0,0,0,0,0,0,0,0,1,32,32,0,0,0,0,0,0,0,0.344063999999956,0,0,0,0.341195481068332,0.373597068760455,0,0,0,0,0,0.344063999999998,4.12876799999998,0,0,0,0,0.825753599999995,112,268.75,0,0.0113192693796408,0.0214788260458212,NaN,NaN,0.999997785577466,3225,0,0,0,0,0,1.1748654,0,1417030,0,110997400,0,257801512,tdma,periodic-frontier,none,full-mission-static-tdma,none,continuous-local-static-tdma,NaN,22.3810222222222,NaN,22.4,22.3333333333333,NaN,NaN,NaN,NaN,NaN,NaN,NaN,NaN,1344,NaN,NaN,NaN,0,0,1,0,NaN,NaN,NaN,NaN,NaN,0,0,NaN,0,0,0.344063999999998,1344,nominal,full,0,0,503243516208,0,0,0,0,0,0,0,0,1,0,0,0,0,0,0,NaN,0,0,NaN,NaN,5,1,0,0,1,188582889288,2648,1344,0.00146005840233609,0.00453205840233609,Inf,8.88178419700125e-16,0.00025,40,35.6774103440581,1,periodic-static,0,0,0,0.344063999999998,0,NaN,NaN,NaN,NaN,NaN,NaN,NaN,NaN,NaN,NaN,NaN,NaN,NaN,NaN,NaN,NaN,NaN,NaN,NaN,NaN,NaN,NaN,NaN,NaN,NaN,NaN,NaN
candidate-targeted-frontier-falsification,16048013,n5-6dof-zero-loss,N5 6-DOF zero-loss,EXP22G targeted frontier,elcs-f-mission-affine,3,50,periodic,ELCS-F / mission affine clock,none,5,ring2,6dof,tdma,1,1,0,1,0.48,0.29,0.29,0.0476190476190476,0.0476190476190476,0.030113113304822,0.559469978493715,0,0,10.1158365720344,12.3109908190631,0,1.03683954134557,0.041011608623549,0.0600000000000005,0.0600000000000005,0.0600000000000005,NaN,NaN,3000,1055,1055,0,0,2530,2530,0,0,0,0,0,0,0,0,0,0,1942,0,0,1,32,32,0,0,0,0,0,0,0,0.350918534133021,0,0,0,0,0,0,0,0,0,0,0.351146666666666,3.24095999999997,0,0,0,0,0.842751999999997,87.9166666666667,210.833333333333,0,0.0100244366784485,0.018956373687024,NaN,NaN,0.999982031274567,2530,0,0,0,0,0,0.3511595,0,1417030,0,110997400,0,20168726363,tdma,candidate-elcs,none,edge-leased-certified-scheduling,none,continuous-elcs-replay,NaN,50,NaN,17.5833333333333,17.5,NaN,NaN,NaN,NaN,NaN,NaN,NaN,NaN,1055,NaN,NaN,NaN,0,0,1,0,NaN,NaN,NaN,NaN,NaN,0,0,NaN,0,0,0.351146666666666,1055,nominal,full,1,0,503243516208,0,0,0,0,0,0,0,0,1,0,0,0,0,0,0,0.283554993399736,1,0,NaN,NaN,5,1,0,0,1,188582889288,1055,1055,0.00146005840233609,0.00453205840233609,Inf,2.77555756156289e-17,0.00025,40,35.6774103440581,1,candidate-elcs,950,0.972800000000017,0.0810666666666681,0.351146666666666,1,5978723417,30331782286,1102951,1253770235,1055,1055,0,0,0,1,2530,0,0,2530,0,0,1,0,1,0.00104565142089186,2.77555756156289e-17,1,0,0,0,NaN,NaN
candidate-targeted-frontier-falsification,16048013,n10-ring2-zero-loss,N10 ring2 zero-loss,EXP22G targeted frontier,periodic-cost-match,1,12.2705555555555,periodic,Periodic static TDMA / ELCS cost match,none,10,ring2,di,tdma,1,1,0,1,0.26,0.097,0.097,0.0277777777777778,0.0277777777777778,0.0506514275283814,0.542284724640874,0,0,NaN,NaN,NaN,NaN,0.0669613471106007,0.119999999999999,0.120000000000001,0.140000000000001,NaN,NaN,1480,1473,1473,0,0,3829,3829,0,0,0,0,0,0,0,0,0,0,0,0,0,1,32,32,0,0,0,0,0,0,0,0.377087999999952,0,0,0,0.377454904963706,0.412510971466822,0,0,0,0,0,0.377088000000002,4.52505600000003,0,0,0,0,0.905011200000006,122.75,319.083333333333,0,0.0225810541535589,0.0428880933114272,NaN,NaN,0.999990321465607,3829,0,0,0,0,0,1.3543186,0,1024350,0,410907079,0,268342116,tdma,periodic-frontier,none,full-mission-static-tdma,none,continuous-local-static-tdma,NaN,12.2705555555555,NaN,12.275,12.25,NaN,NaN,NaN,NaN,NaN,NaN,NaN,NaN,1473,NaN,NaN,NaN,0,0,1,0,NaN,NaN,NaN,NaN,NaN,0,0,NaN,0,0,0.377088000000002,1473,nominal,full,0,0,1949844567018,0,0,0,0,0,0,0,0,1,0,0,0,0,0,0,NaN,0,0,NaN,NaN,10,1,0,0,1,691702477424,2647,1473,0.00146005840233609,0.00453205840233609,Inf,0,0.00025,40,38.1028799874009,1,periodic-static,0,0,0,0.377088000000002,0,NaN,NaN,NaN,NaN,NaN,NaN,NaN,NaN,NaN,NaN,NaN,NaN,NaN,NaN,NaN,NaN,NaN,NaN,NaN,NaN,NaN,NaN,NaN,NaN,NaN,NaN,NaN
candidate-targeted-frontier-falsification,16048013,n10-ring2-zero-loss,N10 ring2 zero-loss,EXP22G targeted frontier,periodic-cost-minus2pct,2,12.0251444444444,periodic,Periodic static TDMA / 2% below ELCS cost,none,10,ring2,di,tdma,1,1,0,1,0.26,0.097,0.097,0.0277777777777778,0.0277777777777778,0.0513398828244799,0.54086576119472,0,0,NaN,NaN,NaN,NaN,0.0679104477611933,0.119999999999999,0.119999999999999,0.139999999999999,NaN,NaN,1450,1443,1443,0,0,3751,3751,0,0,0,0,0,0,0,0,0,0,0,0,0,1,32,32,0,0,0,0,0,0,0,0.369407999999953,0,0,0,0.368413763176144,0.408947988865275,0,0,0,0,0,0.369408000000001,4.43289600000002,0,0,0,0,0.886579200000003,120.25,312.583333333333,0,0.0226698365058962,0.0431133164061538,NaN,NaN,0.999989914852541,3751,0,0,0,0,0,1.3114764,0,1024350,0,410907079,0,268532554,tdma,periodic-frontier,none,full-mission-static-tdma,none,continuous-local-static-tdma,NaN,12.0251444444444,NaN,12.025,12,NaN,NaN,NaN,NaN,NaN,NaN,NaN,NaN,1443,NaN,NaN,NaN,0,0,1,0,NaN,NaN,NaN,NaN,NaN,0,0,NaN,0,0,0.369408000000001,1443,nominal,full,0,0,1949844567018,0,0,0,0,0,0,0,0,1,0,0,0,0,0,0,NaN,0,0,NaN,NaN,10,1,0,0,1,691702477424,2647,1443,0.00146005840233609,0.00453205840233609,Inf,0,0.00025,40,38.1028799874009,1,periodic-static,0,0,0,0.369408000000001,0,NaN,NaN,NaN,NaN,NaN,NaN,NaN,NaN,NaN,NaN,NaN,NaN,NaN,NaN,NaN,NaN,NaN,NaN,NaN,NaN,NaN,NaN,NaN,NaN,NaN,NaN,NaN
candidate-targeted-frontier-falsification,16048013,n10-ring2-zero-loss,N10 ring2 zero-loss,EXP22G targeted frontier,elcs-f-mission-affine,3,50,periodic,ELCS-F / mission affine clock,none,10,ring2,di,tdma,1,1,0,1,0.26,0.097,0.097,0.0277777777777778,0.0277777777777778,0.0508964433977964,0.5425309724895,0,0,NaN,NaN,NaN,NaN,0.0654305396096439,0.119999999999999,0.120000000000001,0.120000000000001,NaN,NaN,6000,1112,1112,0,0,2901,2901,0,0,0,0,0,0,0,0,0,0,4878,0,0,1,32,32,0,0,0,0,0,0,0,0.270783765846541,0,0,0,0,0,0,0,0,0,0,0.376490666666665,3.41606399999997,0,0,0,0,0.903577599999995,92.6666666666667,241.75,0,0.0100652453240661,0.0190291305993797,NaN,NaN,0.999388992160349,2901,0,0,0,0,0,0.4230334,0,1024350,0,410907079,0,43025488984,tdma,candidate-elcs,none,edge-leased-certified-scheduling,none,continuous-elcs-replay,NaN,50,NaN,9.26666666666667,8.91666666666667,NaN,NaN,NaN,NaN,NaN,NaN,NaN,NaN,1112,NaN,NaN,NaN,0,0,1,0,NaN,NaN,NaN,NaN,NaN,0,0,NaN,0,0,0.376490666666665,1112,nominal,full,1,0,1949844567018,0,0,0,0,0,0,0,0,1,0,0,0,0,0,0,1.04138871794872,1,0,NaN,NaN,10,0,0,0,1,691702477424,1112,1112,0.00146005840233609,0.00453205840233609,Inf,4.44089209850063e-16,0.00025,40,38.1028799874009,1,candidate-elcs,1076,1.10182400000001,0.0918186666666674,0.376490666666665,1,6990621364,113142695399,1800494,2101392408,1112,1112,0,0,0,1,2901,0,0,2901,0,0,1,0,1,0.000352364481662093,4.44089209850063e-16,1,0,0,0,NaN,NaN
candidate-targeted-frontier-falsification,16048014,n5-6dof-zero-loss,N5 6-DOF zero-loss,EXP22G targeted frontier,periodic-cost-match,1,22.8377777777777,periodic,Periodic static TDMA / ELCS cost match,none,5,ring2,6dof,tdma,1,1,0,1,0.48,0.29,0.29,0.0476190476190476,0.0476190476190476,0.0286793044698375,0.561265641057555,0,0,10.1247766328209,12.2805766703782,0,1.03684987433194,0.037636815920398,0.0600000000000005,0.0800000000000001,0.0800000000000018,NaN,NaN,1370,1370,1370,0,0,3288,3288,0,0,0,0,0,0,0,0,0,0,0,0,0,1,32,32,0,0,0,0,0,0,0,0.350719999999956,0,0,0,0.347486064887001,0.375973975304464,0,0,0,0,0,0.350719999999999,4.20863999999999,0,0,0,0,0.841727999999998,114.166666666667,274,0,0.0113380056770022,0.0215087113663725,NaN,NaN,1,3288,0,0,0,0,0,1.2196134,0,1103955,0,110997400,0,258101635,tdma,periodic-frontier,none,full-mission-static-tdma,none,continuous-local-static-tdma,NaN,22.8377777777777,NaN,22.8333333333333,22.8333333333333,NaN,NaN,NaN,NaN,NaN,NaN,NaN,NaN,1370,NaN,NaN,NaN,0,0,1,0,NaN,NaN,NaN,NaN,NaN,0,0,NaN,0,0,0.350719999999999,1370,nominal,full,0,0,503223743675,0,0,0,0,0,0,0,0,1,0,0,0,0,0,0,NaN,0,0,NaN,NaN,5,1,0,0,1,188826131263,2647,1370,0.00146005840233609,0.00453205840233609,Inf,0,0.00025,40,38.8616502054955,1,periodic-static,0,0,0,0.350719999999999,0,NaN,NaN,NaN,NaN,NaN,NaN,NaN,NaN,NaN,NaN,NaN,NaN,NaN,NaN,NaN,NaN,NaN,NaN,NaN,NaN,NaN,NaN,NaN,NaN,NaN,NaN,NaN
candidate-targeted-frontier-falsification,16048014,n5-6dof-zero-loss,N5 6-DOF zero-loss,EXP22G targeted frontier,periodic-cost-minus2pct,2,22.3810222222222,periodic,Periodic static TDMA / 2% below ELCS cost,none,5,ring2,6dof,tdma,1,1,0,1,0.48,0.29,0.29,0.0476190476190476,0.0476190476190476,0.0289816143756268,0.560980957517851,0,0,10.1247766328209,12.3138305152612,0,1.03682976131584,0.0382172470978441,0.0600000000000005,0.0800000000000001,0.0800000000000001,NaN,NaN,1345,1343,1343,0,0,3223,3223,0,0,0,0,0,0,0,0,0,0,0,0,0,1,32,32,0,0,0,0,0,0,0,0.343807999999955,0,0,0,0.342755872296943,0.37654180560357,0,0,0,0,0,0.343807999999998,4.12569599999998,0,0,0,0,0.825139199999995,111.916666666667,268.583333333333,0,0.0113059638260564,0.0214879973490868,NaN,NaN,0.999996673421469,3223,0,0,0,0,0,1.182472,0,1103955,0,110997400,0,257801514,tdma,periodic-frontier,none,full-mission-static-tdma,none,continuous-local-static-tdma,NaN,22.3810222222222,NaN,22.3833333333333,22.3333333333333,NaN,NaN,NaN,NaN,NaN,NaN,NaN,NaN,1343,NaN,NaN,NaN,0,0,1,0,NaN,NaN,NaN,NaN,NaN,0,0,NaN,0,0,0.343807999999998,1343,nominal,full,0,0,503223743675,0,0,0,0,0,0,0,0,1,0,0,0,0,0,0,NaN,0,0,NaN,NaN,5,1,0,0,1,188826131263,2647,1343,0.00146005840233609,0.00453205840233609,Inf,0,0.00025,40,38.8616502054955,1,periodic-static,0,0,0,0.343807999999998,0,NaN,NaN,NaN,NaN,NaN,NaN,NaN,NaN,NaN,NaN,NaN,NaN,NaN,NaN,NaN,NaN,NaN,NaN,NaN,NaN,NaN,NaN,NaN,NaN,NaN,NaN,NaN
candidate-targeted-frontier-falsification,16048014,n5-6dof-zero-loss,N5 6-DOF zero-loss,EXP22G targeted frontier,elcs-f-mission-affine,3,50,periodic,ELCS-F / mission affine clock,none,5,ring2,6dof,tdma,1,1,0,1,0.48,0.29,0.29,0.0476190476190476,0.0476190476190476,0.0301118308835284,0.559316399382297,0,0,10.069368083151,12.3035033181424,0,1.03683823831728,0.0409452736318409,0.0600000000000005,0.0600000000000005,0.0600000000000005,NaN,NaN,3000,1052,1052,0,0,2527,2527,0,0,0,0,0,0,0,0,0,0,1945,0,0,1,32,32,0,0,0,0,0,0,0,0.350378666666645,0,0,0,0,0,0,0,0,0,0,0.350378666666666,3.23174399999997,0,0,0,0,0.840908799999997,87.6666666666667,210.583333333333,0,0.00999869631910683,0.0189657193430744,NaN,NaN,0.999958436864694,2527,0,0,0,0,0,0.3517826,0,1103955,0,110997400,0,20142869160,tdma,candidate-elcs,none,edge-leased-certified-scheduling,none,continuous-elcs-replay,NaN,50,NaN,17.5333333333333,17.3333333333333,NaN,NaN,NaN,NaN,NaN,NaN,NaN,NaN,1052,NaN,NaN,NaN,0,0,1,0,NaN,NaN,NaN,NaN,NaN,0,0,NaN,0,0,0.350378666666666,1052,nominal,full,1,0,503223743675,0,0,0,0,0,0,0,0,1,0,0,0,0,0,0,0.283554993399736,1,0,NaN,NaN,5,1,0,0,1,188826131263,1052,1052,0.00146005840233609,0.00453205840233609,Inf,0,0.00025,40,38.8616502054955,1,candidate-elcs,950,0.972800000000017,0.0810666666666681,0.350378666666666,1,5999443955,30412572517,1102951,1258819125,1052,1052,0,0,0,1,2527,0,0,2527,0,0,1,0,1,0.000707349165091742,0,1,0,0,0,NaN,NaN
candidate-targeted-frontier-falsification,16048014,n10-ring2-zero-loss,N10 ring2 zero-loss,EXP22G targeted frontier,periodic-cost-match,1,12.2705555555555,periodic,Periodic static TDMA / ELCS cost match,none,10,ring2,di,tdma,1,1,0,1,0.26,0.097,0.097,0.0277777777777778,0.0277777777777778,0.0506286518789292,0.542406269450388,0,0,NaN,NaN,NaN,NaN,0.0669001148105624,0.119999999999999,0.120000000000001,0.140000000000001,NaN,NaN,1480,1473,1473,0,0,3829,3829,0,0,0,0,0,0,0,0,0,0,0,0,0,1,32,32,0,0,0,0,0,0,0,0.377087999999951,0,0,0,0.375980479554167,0.414667425191932,0,0,0,0,0,0.377088000000002,4.52505600000003,0,0,0,0,0.905011200000006,122.75,319.083333333333,0,0.0225552516106156,0.0429354759430314,NaN,NaN,0.999990321465607,3829,0,0,0,0,0,1.2984162,0,521103,0,410907079,0,268342118,tdma,periodic-frontier,none,full-mission-static-tdma,none,continuous-local-static-tdma,NaN,12.2705555555555,NaN,12.275,12.25,NaN,NaN,NaN,NaN,NaN,NaN,NaN,NaN,1473,NaN,NaN,NaN,0,0,1,0,NaN,NaN,NaN,NaN,NaN,0,0,NaN,0,0,0.377088000000002,1473,nominal,full,0,0,1951295303558,0,0,0,0,0,0,0,0,1,0,0,0,0,0,0,NaN,0,0,NaN,NaN,10,1,0,0,1,692272446472,2647,1473,0.00146005840233609,0.00453205840233609,Inf,8.88178419700125e-16,0.00025,40,31.1055483728365,1,periodic-static,0,0,0,0.377088000000002,0,NaN,NaN,NaN,NaN,NaN,NaN,NaN,NaN,NaN,NaN,NaN,NaN,NaN,NaN,NaN,NaN,NaN,NaN,NaN,NaN,NaN,NaN,NaN,NaN,NaN,NaN,NaN
candidate-targeted-frontier-falsification,16048014,n10-ring2-zero-loss,N10 ring2 zero-loss,EXP22G targeted frontier,periodic-cost-minus2pct,2,12.0251444444444,periodic,Periodic static TDMA / 2% below ELCS cost,none,10,ring2,di,tdma,1,1,0,1,0.26,0.097,0.097,0.0277777777777778,0.0277777777777778,0.0512766391817736,0.54102330508639,0,0,NaN,NaN,NaN,NaN,0.067849215461155,0.119999999999999,0.119999999999999,0.139999999999999,NaN,NaN,1450,1443,1443,0,0,3751,3751,0,0,0,0,0,0,0,0,0,0,0,0,0,1,32,32,0,0,0,0,0,0,0,0.369407999999952,0,0,0,0.368516029844583,0.407502016787686,0,0,0,0,0,0.369408000000001,4.43289600000002,0,0,0,0,0.886579200000003,120.25,312.583333333333,0,0.0226126114674719,0.0430613229405776,NaN,NaN,0.999989914852541,3751,0,0,0,0,0,1.3154356,0,521103,0,410907079,0,268532556,tdma,periodic-frontier,none,full-mission-static-tdma,none,continuous-local-static-tdma,NaN,12.0251444444444,NaN,12.025,12,NaN,NaN,NaN,NaN,NaN,NaN,NaN,NaN,1443,NaN,NaN,NaN,0,0,1,0,NaN,NaN,NaN,NaN,NaN,0,0,NaN,0,0,0.369408000000001,1443,nominal,full,0,0,1951295303558,0,0,0,0,0,0,0,0,1,0,0,0,0,0,0,NaN,0,0,NaN,NaN,10,1,0,0,1,692272446472,2647,1443,0.00146005840233609,0.00453205840233609,Inf,8.88178419700125e-16,0.00025,40,31.1055483728365,1,periodic-static,0,0,0,0.369408000000001,0,NaN,NaN,NaN,NaN,NaN,NaN,NaN,NaN,NaN,NaN,NaN,NaN,NaN,NaN,NaN,NaN,NaN,NaN,NaN,NaN,NaN,NaN,NaN,NaN,NaN,NaN,NaN
candidate-targeted-frontier-falsification,16048014,n10-ring2-zero-loss,N10 ring2 zero-loss,EXP22G targeted frontier,elcs-f-mission-affine,3,50,periodic,ELCS-F / mission affine clock,none,10,ring2,di,tdma,1,1,0,1,0.26,0.097,0.097,0.0277777777777778,0.0277777777777778,0.0508700458976533,0.542619252139238,0,0,NaN,NaN,NaN,NaN,0.0653539992345962,0.119999999999999,0.120000000000001,0.120000000000001,NaN,NaN,6000,1112,1112,0,0,2900,2900,0,0,0,0,0,0,0,0,0,0,4878,0,0,1,32,32,0,0,0,0,0,0,0,0.271789739995549,0,0,0,0,0,0,0,0,0,0,0.376490666666665,3.41606399999997,0,0,0,0,0.903577599999995,92.6666666666667,241.666666666667,0,0.010023219360907,0.0190078952388224,NaN,NaN,0.999485927674227,2900,0,0,0,0,0,0.4248622,0,521103,0,410907079,0,43009627108,tdma,candidate-elcs,none,edge-leased-certified-scheduling,none,continuous-elcs-replay,NaN,50,NaN,9.26666666666667,8.91666666666667,NaN,NaN,NaN,NaN,NaN,NaN,NaN,NaN,1112,NaN,NaN,NaN,0,0,1,0,NaN,NaN,NaN,NaN,NaN,0,0,NaN,0,0,0.376490666666665,1112,nominal,full,1,0,1951295303558,0,0,0,0,0,0,0,0,1,0,0,0,0,0,0,1.04138871794872,1,0,NaN,NaN,10,0,0,0,1,692272446472,1112,1112,0.00146005840233609,0.00453205840233609,Inf,1.11022302462516e-16,0.00025,40,31.1055483728365,1,candidate-elcs,1076,1.10182400000001,0.0918186666666674,0.376490666666665,1,6963601090,112978637828,1800494,2101384923,1112,1112,0,0,0,1,2900,0,0,2900,0,0,1,0,1,0.000833816117596697,1.11022302462516e-16,1,0,0,0,NaN,NaN
candidate-targeted-frontier-falsification,16048015,n5-6dof-zero-loss,N5 6-DOF zero-loss,EXP22G targeted frontier,periodic-cost-match,1,22.8377777777777,periodic,Periodic static TDMA / ELCS cost match,none,5,ring2,6dof,tdma,1,1,0,1,0.48,0.29,0.29,0.0476190476190476,0.0476190476190476,0.0287015613978064,0.561341830921015,0,0,10.1247766328209,12.2805766703782,0,1.03684843740486,0.0375621890547263,0.0600000000000005,0.0800000000000001,0.0800000000000018,NaN,NaN,1370,1370,1370,0,0,3288,3288,0,0,0,0,0,0,0,0,0,0,0,0,0,1,32,32,0,0,0,0,0,0,0,0.350719999999955,0,0,0,0.350669336730907,0.383309295895989,0,0,0,0,0,0.350719999999999,4.20863999999999,0,0,0,0,0.841727999999998,114.166666666667,274,0,0.01130687474925,0.0215399501280024,NaN,NaN,1,3288,0,0,0,0,0,1.2524553,0,479240,0,110997400,0,258101637,tdma,periodic-frontier,none,full-mission-static-tdma,none,continuous-local-static-tdma,NaN,22.8377777777777,NaN,22.8333333333333,22.8333333333333,NaN,NaN,NaN,NaN,NaN,NaN,NaN,NaN,1370,NaN,NaN,NaN,0,0,1,0,NaN,NaN,NaN,NaN,NaN,0,0,NaN,0,0,0.350719999999999,1370,nominal,full,0,0,502881964370,0,0,0,0,0,0,0,0,1,0,0,0,0,0,0,NaN,0,0,NaN,NaN,5,1,0,0,1,188904683508,2648,1370,0.00146005840233609,0.00453205840233609,Inf,0,0.00025,40,23.933479933652,1,periodic-static,0,0,0,0.350719999999999,0,NaN,NaN,NaN,NaN,NaN,NaN,NaN,NaN,NaN,NaN,NaN,NaN,NaN,NaN,NaN,NaN,NaN,NaN,NaN,NaN,NaN,NaN,NaN,NaN,NaN,NaN,NaN
candidate-targeted-frontier-falsification,16048015,n5-6dof-zero-loss,N5 6-DOF zero-loss,EXP22G targeted frontier,periodic-cost-minus2pct,2,22.3810222222222,periodic,Periodic static TDMA / 2% below ELCS cost,none,5,ring2,6dof,tdma,1,1,0,1,0.48,0.29,0.29,0.0476190476190476,0.0476190476190476,0.029000270921372,0.561164144085618,0,0,10.1247766328209,12.3138305152612,0,1.03682947088967,0.0382172470978441,0.0600000000000005,0.0800000000000001,0.0800000000000001,NaN,NaN,1345,1344,1344,0,0,3225,3225,0,0,0,0,0,0,0,0,0,0,0,0,0,1,32,32,0,0,0,0,0,0,0,0.344063999999955,0,0,0,0.341526910319844,0.372750855931348,0,0,0,0,0,0.344063999999998,4.12876799999998,0,0,0,0,0.825753599999995,112,268.75,0,0.0112990118895173,0.0214775166305678,NaN,NaN,0.999997785577466,3225,0,0,0,0,0,1.1762821,0,479240,0,110997400,0,257801516,tdma,periodic-frontier,none,full-mission-static-tdma,none,continuous-local-static-tdma,NaN,22.3810222222222,NaN,22.4,22.3333333333333,NaN,NaN,NaN,NaN,NaN,NaN,NaN,NaN,1344,NaN,NaN,NaN,0,0,1,0,NaN,NaN,NaN,NaN,NaN,0,0,NaN,0,0,0.344063999999998,1344,nominal,full,0,0,502881964370,0,0,0,0,0,0,0,0,1,0,0,0,0,0,0,NaN,0,0,NaN,NaN,5,1,0,0,1,188904683508,2648,1344,0.00146005840233609,0.00453205840233609,Inf,0,0.00025,40,23.933479933652,1,periodic-static,0,0,0,0.344063999999998,0,NaN,NaN,NaN,NaN,NaN,NaN,NaN,NaN,NaN,NaN,NaN,NaN,NaN,NaN,NaN,NaN,NaN,NaN,NaN,NaN,NaN,NaN,NaN,NaN,NaN,NaN,NaN
candidate-targeted-frontier-falsification,16048015,n5-6dof-zero-loss,N5 6-DOF zero-loss,EXP22G targeted frontier,elcs-f-mission-affine,3,50,periodic,ELCS-F / mission affine clock,none,5,ring2,6dof,tdma,1,1,0,1,0.48,0.29,0.29,0.0476190476190476,0.0476190476190476,0.0301161306260348,0.559352899640522,0,0,10.0547204432416,12.3107697603981,0,1.03683991329108,0.0408789386401328,0.0600000000000005,0.0600000000000005,0.0600000000000005,NaN,NaN,3000,1052,1052,0,0,2526,2526,0,0,0,0,0,0,0,0,0,0,1945,0,0,1,32,32,0,0,0,0,0,0,0,0.350378666666645,0,0,0,0,0,0,0,0,0,0,0.350378666666666,3.23174399999997,0,0,0,0,0.840908799999997,87.6666666666667,210.5,0,0.0100415728603009,0.0189972698389962,NaN,NaN,0.999976507368554,2526,0,0,0,0,0,0.3525713,0,479240,0,110997400,0,20154635334,tdma,candidate-elcs,none,edge-leased-certified-scheduling,none,continuous-elcs-replay,NaN,50,NaN,17.5333333333333,17.4166666666667,NaN,NaN,NaN,NaN,NaN,NaN,NaN,NaN,1052,NaN,NaN,NaN,0,0,1,0,NaN,NaN,NaN,NaN,NaN,0,0,NaN,0,0,0.350378666666666,1052,nominal,full,1,0,502881964370,0,0,0,0,0,0,0,0,1,0,0,0,0,0,0,0.283554993399736,1,0,NaN,NaN,5,1,0,0,1,188904683508,1052,1052,0.00146005840233609,0.00453205840233609,Inf,2.22044604925031e-16,0.00025,40,23.933479933652,1,candidate-elcs,950,0.972800000000017,0.0810666666666681,0.350378666666666,1,5999332384,30522567958,1102951,1258815987,1052,1052,0,0,0,1,2526,0,0,2526,0,0,1,0,1,0.00109456910077554,2.22044604925031e-16,1,0,0,0,NaN,NaN
candidate-targeted-frontier-falsification,16048015,n10-ring2-zero-loss,N10 ring2 zero-loss,EXP22G targeted frontier,periodic-cost-match,1,12.2705555555555,periodic,Periodic static TDMA / ELCS cost match,none,10,ring2,di,tdma,1,1,0,1,0.26,0.097,0.097,0.0277777777777778,0.0277777777777778,0.0506579178769937,0.542332022248452,0,0,NaN,NaN,NaN,NaN,0.0668235744355146,0.119999999999999,0.120000000000001,0.140000000000001,NaN,NaN,1480,1474,1474,0,0,3832,3832,0,0,0,0,0,0,0,0,0,0,0,0,0,1,32,32,0,0,0,0,0,0,0,0.377343999999951,0,0,0,0.377815858626622,0.413226001443481,0,0,0,0,0,0.377344000000003,4.52812800000003,0,0,0,0,0.905625600000006,122.833333333333,319.333333333333,0,0.0225938226275563,0.0429622543502184,NaN,NaN,0.999988953836241,3832,0,0,0,0,0,1.3065561,0,1493457,0,410907079,0,268342120,tdma,periodic-frontier,none,full-mission-static-tdma,none,continuous-local-static-tdma,NaN,12.2705555555555,NaN,12.2833333333333,12.25,NaN,NaN,NaN,NaN,NaN,NaN,NaN,NaN,1474,NaN,NaN,NaN,0,0,1,0,NaN,NaN,NaN,NaN,NaN,0,0,NaN,0,0,0.377344000000003,1474,nominal,full,0,0,1950856563321,0,0,0,0,0,0,0,0,1,0,0,0,0,0,0,NaN,0,0,NaN,NaN,10,1,0,0,1,691303751560,2648,1474,0.00146005840233609,0.00453205840233609,Inf,2.77555756156289e-17,0.00025,40,39.378982416019,1,periodic-static,0,0,0,0.377344000000003,0,NaN,NaN,NaN,NaN,NaN,NaN,NaN,NaN,NaN,NaN,NaN,NaN,NaN,NaN,NaN,NaN,NaN,NaN,NaN,NaN,NaN,NaN,NaN,NaN,NaN,NaN,NaN
candidate-targeted-frontier-falsification,16048015,n10-ring2-zero-loss,N10 ring2 zero-loss,EXP22G targeted frontier,periodic-cost-minus2pct,2,12.0251444444444,periodic,Periodic static TDMA / 2% below ELCS cost,none,10,ring2,di,tdma,1,1,0,1,0.26,0.097,0.097,0.0277777777777778,0.0277777777777778,0.0513685619906476,0.540725866837728,0,0,NaN,NaN,NaN,NaN,0.0680329123612698,0.119999999999999,0.119999999999999,0.139999999999999,NaN,NaN,1450,1444,1444,0,0,3754,3754,0,0,0,0,0,0,0,0,0,0,0,0,0,1,32,32,0,0,0,0,0,0,0,0.369663999999953,0,0,0,0.369594340085122,0.409633193977307,0,0,0,0,0,0.369664000000001,4.43596800000002,0,0,0,0,0.887193600000004,120.333333333333,312.833333333333,0,0.0227157920596991,0.0431406277748569,NaN,NaN,0.999988490091887,3754,0,0,0,0,0,1.3229806,0,1493457,0,410907079,0,268532558,tdma,periodic-frontier,none,full-mission-static-tdma,none,continuous-local-static-tdma,NaN,12.0251444444444,NaN,12.0333333333333,12,NaN,NaN,NaN,NaN,NaN,NaN,NaN,NaN,1444,NaN,NaN,NaN,0,0,1,0,NaN,NaN,NaN,NaN,NaN,0,0,NaN,0,0,0.369664000000001,1444,nominal,full,0,0,1950856563321,0,0,0,0,0,0,0,0,1,0,0,0,0,0,0,NaN,0,0,NaN,NaN,10,1,0,0,1,691303751560,2648,1444,0.00146005840233609,0.00453205840233609,Inf,2.77555756156289e-17,0.00025,40,39.378982416019,1,periodic-static,0,0,0,0.369664000000001,0,NaN,NaN,NaN,NaN,NaN,NaN,NaN,NaN,NaN,NaN,NaN,NaN,NaN,NaN,NaN,NaN,NaN,NaN,NaN,NaN,NaN,NaN,NaN,NaN,NaN,NaN,NaN
candidate-targeted-frontier-falsification,16048015,n10-ring2-zero-loss,N10 ring2 zero-loss,EXP22G targeted frontier,elcs-f-mission-affine,3,50,periodic,ELCS-F / mission affine clock,none,10,ring2,di,tdma,1,1,0,1,0.26,0.097,0.097,0.0277777777777778,0.0277777777777778,0.0508898134954524,0.542600202941459,0,0,NaN,NaN,NaN,NaN,0.06539226942212,0.119999999999999,0.120000000000001,0.120000000000001,NaN,NaN,6000,1116,1116,0,0,2910,2910,0,0,0,0,0,0,0,0,0,0,4874,0,0,1,32,32,0,0,0,0,0,0,0,0.272151011229012,0,0,0,0,0,0,0,0,0,0,0.377514666666665,3.42835199999997,0,0,0,0,0.906035199999995,93,242.5,0,0.010060137990169,0.0190181066203516,NaN,NaN,0.999419024538991,2910,0,0,0,0,0,0.4438149,0,1493457,0,410907079,0,43081931113,tdma,candidate-elcs,none,edge-leased-certified-scheduling,none,continuous-elcs-replay,NaN,50,NaN,9.3,8.91666666666667,NaN,NaN,NaN,NaN,NaN,NaN,NaN,NaN,1116,NaN,NaN,NaN,0,0,1,0,NaN,NaN,NaN,NaN,NaN,0,0,NaN,0,0,0.377514666666665,1116,nominal,full,1,0,1950856563321,0,0,0,0,0,0,0,0,1,0,0,0,0,0,0,1.04138871794872,1,0,NaN,NaN,10,0,0,0,1,691303751560,1116,1116,0.00146005840233609,0.00453205840233609,Inf,1.11022302462516e-16,0.00025,40,39.378982416019,1,candidate-elcs,1076,1.10182400000001,0.0918186666666674,0.377514666666665,1,6998036004,113165057832,1800494,2105597883,1116,1116,0,0,0,1,2910,0,0,2910,0,0,1,0,1,0.000737692801358492,1.11022302462516e-16,1,0,0,0,NaN,NaN
candidate-targeted-frontier-falsification,16048016,n5-6dof-zero-loss,N5 6-DOF zero-loss,EXP22G targeted frontier,periodic-cost-match,1,22.8377777777777,periodic,Periodic static TDMA / ELCS cost match,none,5,ring2,6dof,tdma,1,1,0,1,0.48,0.29,0.29,0.0476190476190476,0.0476190476190476,0.0286495912619692,0.561268451940537,0,0,10.1247766328209,12.2805766703782,0,1.03684799499306,0.0375124378109452,0.0600000000000005,0.0800000000000001,0.0800000000000018,NaN,NaN,1370,1370,1370,0,0,3288,3288,0,0,0,0,0,0,0,0,0,0,0,0,0,1,32,32,0,0,0,0,0,0,0,0.350719999999955,0,0,0,0.349765589785301,0.379712402605832,0,0,0,0,0,0.350719999999999,4.20863999999999,0,0,0,0,0.841727999999998,114.166666666667,274,0,0.0113144033852833,0.0214569093093605,NaN,NaN,1,3288,0,0,0,0,0,1.1983741,0,1789280,0,110997400,0,258101639,tdma,periodic-frontier,none,full-mission-static-tdma,none,continuous-local-static-tdma,NaN,22.8377777777777,NaN,22.8333333333333,22.8333333333333,NaN,NaN,NaN,NaN,NaN,NaN,NaN,NaN,1370,NaN,NaN,NaN,0,0,1,0,NaN,NaN,NaN,NaN,NaN,0,0,NaN,0,0,0.350719999999999,1370,nominal,full,0,0,503226606651,0,0,0,0,0,0,0,0,1,0,0,0,0,0,0,NaN,0,0,NaN,NaN,5,1,0,0,1,189063978907,2647,1370,0.00146005840233609,0.00453205840233609,Inf,0,0.00025,40,35.4059759958076,1,periodic-static,0,0,0,0.350719999999999,0,NaN,NaN,NaN,NaN,NaN,NaN,NaN,NaN,NaN,NaN,NaN,NaN,NaN,NaN,NaN,NaN,NaN,NaN,NaN,NaN,NaN,NaN,NaN,NaN,NaN,NaN,NaN
candidate-targeted-frontier-falsification,16048016,n5-6dof-zero-loss,N5 6-DOF zero-loss,EXP22G targeted frontier,periodic-cost-minus2pct,2,22.3810222222222,periodic,Periodic static TDMA / 2% below ELCS cost,none,5,ring2,6dof,tdma,1,1,0,1,0.48,0.29,0.29,0.0476190476190476,0.0476190476190476,0.0289629199936215,0.56102603387055,0,0,10.1247766328209,12.3138305152612,0,1.03682806697176,0.038167495854063,0.0600000000000005,0.0800000000000001,0.0800000000000001,NaN,NaN,1345,1343,1343,0,0,3223,3223,0,0,0,0,0,0,0,0,0,0,0,0,0,1,32,32,0,0,0,0,0,0,0,0.343807999999955,0,0,0,0.340816014054541,0.377364797054802,0,0,0,0,0,0.343807999999998,4.12569599999998,0,0,0,0,0.825139199999995,111.916666666667,268.583333333333,0,0.0113142676156246,0.0215013722433418,NaN,NaN,0.999996673421469,3223,0,0,0,0,0,1.2038285,0,1789280,0,110997400,0,257801518,tdma,periodic-frontier,none,full-mission-static-tdma,none,continuous-local-static-tdma,NaN,22.3810222222222,NaN,22.3833333333333,22.3333333333333,NaN,NaN,NaN,NaN,NaN,NaN,NaN,NaN,1343,NaN,NaN,NaN,0,0,1,0,NaN,NaN,NaN,NaN,NaN,0,0,NaN,0,0,0.343807999999998,1343,nominal,full,0,0,503226606651,0,0,0,0,0,0,0,0,1,0,0,0,0,0,0,NaN,0,0,NaN,NaN,5,1,0,0,1,189063978907,2647,1343,0.00146005840233609,0.00453205840233609,Inf,0,0.00025,40,35.4059759958076,1,periodic-static,0,0,0,0.343807999999998,0,NaN,NaN,NaN,NaN,NaN,NaN,NaN,NaN,NaN,NaN,NaN,NaN,NaN,NaN,NaN,NaN,NaN,NaN,NaN,NaN,NaN,NaN,NaN,NaN,NaN,NaN,NaN
candidate-targeted-frontier-falsification,16048016,n5-6dof-zero-loss,N5 6-DOF zero-loss,EXP22G targeted frontier,elcs-f-mission-affine,3,50,periodic,ELCS-F / mission affine clock,none,5,ring2,6dof,tdma,1,1,0,1,0.48,0.29,0.29,0.0476190476190476,0.0476190476190476,0.0301101854816703,0.559383996125615,0,0,10.1499077617625,12.3393768764353,0,1.036858736016,0.0408955223880598,0.0600000000000005,0.0600000000000005,0.0600000000000005,NaN,NaN,3000,1053,1053,0,0,2527,2527,0,0,0,0,0,0,0,0,0,0,1944,0,0,1,32,32,0,0,0,0,0,0,0,0.350634666666645,0,0,0,0,0,0,0,0,0,0,0.350634666666666,3.23481599999997,0,0,0,0,0.841523199999997,87.75,210.583333333333,0,0.0100582511270432,0.018980216647606,NaN,NaN,0.999976551966704,2527,0,0,0,0,0,0.3563564,0,1789280,0,110997400,0,20192856003,tdma,candidate-elcs,none,edge-leased-certified-scheduling,none,continuous-elcs-replay,NaN,50,NaN,17.55,17.4166666666667,NaN,NaN,NaN,NaN,NaN,NaN,NaN,NaN,1053,NaN,NaN,NaN,0,0,1,0,NaN,NaN,NaN,NaN,NaN,0,0,NaN,0,0,0.350634666666666,1053,nominal,full,1,0,503226606651,0,0,0,0,0,0,0,0,1,0,0,0,0,0,0,0.283554993399736,1,0,NaN,NaN,5,1,0,0,1,189063978907,1053,1053,0.00146005840233609,0.00453205840233609,Inf,2.71050543121376e-20,0.00025,40,35.4059759958076,1,candidate-elcs,950,0.972800000000017,0.0810666666666681,0.350634666666666,1,6001138980,30307624511,1102951,1250835252,1053,1053,0,0,0,1,2527,0,0,2527,0,0,1,0,1,0.000908014949002833,2.71050543121376e-20,1,0,0,0,NaN,NaN
candidate-targeted-frontier-falsification,16048016,n10-ring2-zero-loss,N10 ring2 zero-loss,EXP22G targeted frontier,periodic-cost-match,1,12.2705555555555,periodic,Periodic static TDMA / ELCS cost match,none,10,ring2,di,tdma,1,1,0,1,0.26,0.097,0.097,0.0277777777777778,0.0277777777777778,0.0508092841470208,0.542230170596363,0,0,NaN,NaN,NaN,NaN,0.0671220818982012,0.119999999999999,0.120000000000001,0.140000000000001,NaN,NaN,1480,1474,1474,0,0,3832,3832,0,0,0,0,0,0,0,0,0,0,0,0,0,1,32,32,0,0,0,0,0,0,0,0.377343999999951,0,0,0,0.377668717080397,0.41380366755337,0,0,0,0,0,0.377344000000003,4.52812800000003,0,0,0,0,0.905625600000006,122.833333333333,319.333333333333,0,0.0226382341844681,0.0430378653705143,NaN,NaN,0.999988953836241,3832,0,0,0,0,0,1.2440715,0,1672550,0,410907079,0,268342122,tdma,periodic-frontier,none,full-mission-static-tdma,none,continuous-local-static-tdma,NaN,12.2705555555555,NaN,12.2833333333333,12.25,NaN,NaN,NaN,NaN,NaN,NaN,NaN,NaN,1474,NaN,NaN,NaN,0,0,1,0,NaN,NaN,NaN,NaN,NaN,0,0,NaN,0,0,0.377344000000003,1474,nominal,full,0,0,1950392005842,0,0,0,0,0,0,0,0,1,0,0,0,0,0,0,NaN,0,0,NaN,NaN,10,1,0,0,1,692444400358,2648,1474,0.00146005840233609,0.00453205840233609,Inf,0,0.00025,40,36.7856880145212,1,periodic-static,0,0,0,0.377344000000003,0,NaN,NaN,NaN,NaN,NaN,NaN,NaN,NaN,NaN,NaN,NaN,NaN,NaN,NaN,NaN,NaN,NaN,NaN,NaN,NaN,NaN,NaN,NaN,NaN,NaN,NaN,NaN
candidate-targeted-frontier-falsification,16048016,n10-ring2-zero-loss,N10 ring2 zero-loss,EXP22G targeted frontier,periodic-cost-minus2pct,2,12.0251444444444,periodic,Periodic static TDMA / 2% below ELCS cost,none,10,ring2,di,tdma,1,1,0,1,0.26,0.097,0.097,0.0277777777777778,0.0277777777777778,0.0512552679679312,0.541096868095725,0,0,NaN,NaN,NaN,NaN,0.0679257558362028,0.119999999999999,0.119999999999999,0.139999999999999,NaN,NaN,1450,1444,1444,0,0,3754,3754,0,0,0,0,0,0,0,0,0,0,0,0,0,1,32,32,0,0,0,0,0,0,0,0.369663999999953,0,0,0,0.368856752175401,0.410239611835078,0,0,0,0,0,0.369664000000001,4.43596800000002,0,0,0,0,0.887193600000004,120.333333333333,312.833333333333,0,0.0226346293716531,0.0430927334933904,NaN,NaN,0.999988490091887,3754,0,0,0,0,0,1.2082475,0,1672550,0,410907079,0,268532560,tdma,periodic-frontier,none,full-mission-static-tdma,none,continuous-local-static-tdma,NaN,12.0251444444444,NaN,12.0333333333333,12,NaN,NaN,NaN,NaN,NaN,NaN,NaN,NaN,1444,NaN,NaN,NaN,0,0,1,0,NaN,NaN,NaN,NaN,NaN,0,0,NaN,0,0,0.369664000000001,1444,nominal,full,0,0,1950392005842,0,0,0,0,0,0,0,0,1,0,0,0,0,0,0,NaN,0,0,NaN,NaN,10,1,0,0,1,692444400358,2648,1444,0.00146005840233609,0.00453205840233609,Inf,0,0.00025,40,36.7856880145212,1,periodic-static,0,0,0,0.369664000000001,0,NaN,NaN,NaN,NaN,NaN,NaN,NaN,NaN,NaN,NaN,NaN,NaN,NaN,NaN,NaN,NaN,NaN,NaN,NaN,NaN,NaN,NaN,NaN,NaN,NaN,NaN,NaN
candidate-targeted-frontier-falsification,16048016,n10-ring2-zero-loss,N10 ring2 zero-loss,EXP22G targeted frontier,elcs-f-mission-affine,3,50,periodic,ELCS-F / mission affine clock,none,10,ring2,di,tdma,1,1,0,1,0.26,0.097,0.097,0.0277777777777778,0.0277777777777778,0.0508842824096785,0.542611648716724,0,0,NaN,NaN,NaN,NaN,0.0655453501722157,0.119999999999999,0.120000000000001,0.120000000000001,NaN,NaN,6000,1112,1112,0,0,2901,2899,2,0,0,0,0,0,0,2,0.00179856115107914,0,4878,0,0,1,32,32,0,0,0,0,0,0,0,0.270356673104791,0,0,0,0,0,0,0,0,0,0,0.376490666666665,3.41606399999997,0,0,0,0,0.903577599999995,92.6666666666667,241.583333333333,0,0.0100285259373897,0.0190582366953847,NaN,NaN,0.999550561797753,2901,0,0,0,0,0,0.4000601,0,1672550,0,410907079,0,43006801085,tdma,candidate-elcs,none,edge-leased-certified-scheduling,none,continuous-elcs-replay,NaN,50,NaN,9.26666666666667,9,NaN,NaN,NaN,NaN,NaN,NaN,NaN,NaN,1112,NaN,NaN,NaN,0,0,1,2,NaN,NaN,NaN,NaN,NaN,0,0,NaN,0,0,0.376490666666665,1112,nominal,full,1,0,1950392005842,0,0,0,0,0,0,0,0,1,0,0,0,0,0,0,1.04138871794872,1,0,NaN,NaN,10,0,0,0,1,692444400358,1112,1112,0.00146005840233609,0.00453205840233609,Inf,4.44089209850063e-16,0.00025,40,36.7856880145212,1,candidate-elcs,1076,1.10182400000001,0.0918186666666674,0.376490666666665,1,6982397458,113146865014,1800494,2101406432,1112,1112,0,0,2,1,2899,0,2,2899,0,2,1,0,1,0.00067254795950511,4.44089209850063e-16,1,0,0,0,NaN,NaN
candidate-targeted-frontier-falsification,16048017,n5-6dof-zero-loss,N5 6-DOF zero-loss,EXP22G targeted frontier,periodic-cost-match,1,22.8377777777777,periodic,Periodic static TDMA / ELCS cost match,none,5,ring2,6dof,tdma,1,1,0,1,0.48,0.29,0.29,0.0476190476190476,0.0476190476190476,0.0286604743794823,0.56124720643104,0,0,10.1247766328209,12.2805766703782,0,1.03684756351173,0.0374626865671641,0.0600000000000005,0.0800000000000001,0.0800000000000018,NaN,NaN,1370,1370,1370,0,0,3288,3288,0,0,0,0,0,0,0,0,0,0,0,0,0,1,32,32,0,0,0,0,0,0,0,0.350719999999956,0,0,0,0.349791220472896,0.383641226467622,0,0,0,0,0,0.350719999999999,4.20863999999999,0,0,0,0,0.841727999999998,114.166666666667,274,0,0.0113150333674634,0.0214672330735686,NaN,NaN,1,3288,0,0,0,0,0,1.1007277,0,1204645,0,110997400,0,258101641,tdma,periodic-frontier,none,full-mission-static-tdma,none,continuous-local-static-tdma,NaN,22.8377777777777,NaN,22.8333333333333,22.8333333333333,NaN,NaN,NaN,NaN,NaN,NaN,NaN,NaN,1370,NaN,NaN,NaN,0,0,1,0,NaN,NaN,NaN,NaN,NaN,0,0,NaN,0,0,0.350719999999999,1370,nominal,full,0,0,503037085492,0,0,0,0,0,0,0,0,1,0,0,0,0,0,0,NaN,0,0,NaN,NaN,5,1,0,0,1,188644157497,2647,1370,0.00146005840233609,0.00453205840233609,Inf,0,0.00025,40,34.8442884958737,1,periodic-static,0,0,0,0.350719999999999,0,NaN,NaN,NaN,NaN,NaN,NaN,NaN,NaN,NaN,NaN,NaN,NaN,NaN,NaN,NaN,NaN,NaN,NaN,NaN,NaN,NaN,NaN,NaN,NaN,NaN,NaN,NaN
candidate-targeted-frontier-falsification,16048017,n5-6dof-zero-loss,N5 6-DOF zero-loss,EXP22G targeted frontier,periodic-cost-minus2pct,2,22.3810222222222,periodic,Periodic static TDMA / 2% below ELCS cost,none,5,ring2,6dof,tdma,1,1,0,1,0.48,0.29,0.29,0.0476190476190476,0.0476190476190476,0.028993586246474,0.560998797425954,0,0,10.1247766328209,12.3138305152612,0,1.03682784317756,0.0382172470978441,0.0600000000000005,0.0800000000000001,0.0800000000000001,NaN,NaN,1345,1343,1343,0,0,3223,3223,0,0,0,0,0,0,0,0,0,0,0,0,0,1,32,32,0,0,0,0,0,0,0,0.343807999999956,0,0,0,0.343073526006318,0.380748278331639,0,0,0,0,0,0.343807999999998,4.12569599999998,0,0,0,0,0.825139199999995,111.916666666667,268.583333333333,0,0.0113004619289218,0.0214625608104586,NaN,NaN,0.999996673421469,3223,0,0,0,0,0,1.0769921,0,1204645,0,110997400,0,257801520,tdma,periodic-frontier,none,full-mission-static-tdma,none,continuous-local-static-tdma,NaN,22.3810222222222,NaN,22.3833333333333,22.3333333333333,NaN,NaN,NaN,NaN,NaN,NaN,NaN,NaN,1343,NaN,NaN,NaN,0,0,1,0,NaN,NaN,NaN,NaN,NaN,0,0,NaN,0,0,0.343807999999998,1343,nominal,full,0,0,503037085492,0,0,0,0,0,0,0,0,1,0,0,0,0,0,0,NaN,0,0,NaN,NaN,5,1,0,0,1,188644157497,2647,1343,0.00146005840233609,0.00453205840233609,Inf,0,0.00025,40,34.8442884958737,1,periodic-static,0,0,0,0.343807999999998,0,NaN,NaN,NaN,NaN,NaN,NaN,NaN,NaN,NaN,NaN,NaN,NaN,NaN,NaN,NaN,NaN,NaN,NaN,NaN,NaN,NaN,NaN,NaN,NaN,NaN,NaN,NaN
candidate-targeted-frontier-falsification,16048017,n5-6dof-zero-loss,N5 6-DOF zero-loss,EXP22G targeted frontier,elcs-f-mission-affine,3,50,periodic,ELCS-F / mission affine clock,none,5,ring2,6dof,tdma,1,1,0,1,0.48,0.29,0.29,0.0476190476190476,0.0476190476190476,0.0301418770387057,0.55934546798324,0,0,10.1637165442476,12.3090333276494,0,1.03683865830422,0.0408623548922057,0.0600000000000005,0.0600000000000005,0.0600000000000005,NaN,NaN,3000,1054,1054,0,0,2530,2530,0,0,0,0,0,0,0,0,0,0,1943,0,0,1,32,32,0,0,0,0,0,0,0,0.350890666666644,0,0,0,0,0,0,0,0,0,0,0.350890666666666,3.23788799999997,0,0,0,0,0.842137599999997,87.8333333333333,210.833333333333,0,0.0100150314007682,0.0189874949995656,NaN,NaN,0.999987397945865,2530,0,0,0,0,0,0.3154101,0,1204645,0,110997400,0,20155766057,tdma,candidate-elcs,none,edge-leased-certified-scheduling,none,continuous-elcs-replay,NaN,50,NaN,17.5666666666667,17.5,NaN,NaN,NaN,NaN,NaN,NaN,NaN,NaN,1054,NaN,NaN,NaN,0,0,1,0,NaN,NaN,NaN,NaN,NaN,0,0,NaN,0,0,0.350890666666666,1054,nominal,full,1,0,503037085492,0,0,0,0,0,0,0,0,1,0,0,0,0,0,0,0.283554993399736,1,0,NaN,NaN,5,1,0,0,1,188644157497,1054,1054,0.00146005840233609,0.00453205840233609,Inf,1.11022302462516e-16,0.00025,40,34.8442884958737,1,candidate-elcs,950,0.972800000000017,0.0810666666666681,0.350890666666666,1,5961630438,30456157882,1102951,1252310856,1054,1054,0,0,0,1,2530,0,0,2530,0,0,1,0,1,0.000970506944096172,1.11022302462516e-16,1,0,0,0,NaN,NaN
candidate-targeted-frontier-falsification,16048017,n10-ring2-zero-loss,N10 ring2 zero-loss,EXP22G targeted frontier,periodic-cost-match,1,12.2705555555555,periodic,Periodic static TDMA / ELCS cost match,none,10,ring2,di,tdma,1,1,0,1,0.26,0.097,0.097,0.0277777777777778,0.0277777777777778,0.0508255510326878,0.542234815577142,0,0,NaN,NaN,NaN,NaN,0.0671756601607347,0.119999999999999,0.120000000000001,0.140000000000001,NaN,NaN,1480,1474,1474,0,0,3832,3832,0,0,0,0,0,0,0,0,0,0,0,0,0,1,32,32,0,0,0,0,0,0,0,0.377343999999952,0,0,0,0.374415066828745,0.413948777814851,0,0,0,0,0,0.377344000000003,4.52812800000003,0,0,0,0,0.905625600000006,122.833333333333,319.333333333333,0,0.0226476576976076,0.0429890185995251,NaN,NaN,0.999988953836241,3832,0,0,0,0,0,1.2871145,0,2013747,0,410907079,0,268342124,tdma,periodic-frontier,none,full-mission-static-tdma,none,continuous-local-static-tdma,NaN,12.2705555555555,NaN,12.2833333333333,12.25,NaN,NaN,NaN,NaN,NaN,NaN,NaN,NaN,1474,NaN,NaN,NaN,0,0,1,0,NaN,NaN,NaN,NaN,NaN,0,0,NaN,0,0,0.377344000000003,1474,nominal,full,0,0,1950580121249,0,0,0,0,0,0,0,0,1,0,0,0,0,0,0,NaN,0,0,NaN,NaN,10,1,0,0,1,692769092648,2648,1474,0.00146005840233609,0.00453205840233609,Inf,2.77555756156289e-17,0.00025,40,38.0222997738549,1,periodic-static,0,0,0,0.377344000000003,0,NaN,NaN,NaN,NaN,NaN,NaN,NaN,NaN,NaN,NaN,NaN,NaN,NaN,NaN,NaN,NaN,NaN,NaN,NaN,NaN,NaN,NaN,NaN,NaN,NaN,NaN,NaN
candidate-targeted-frontier-falsification,16048017,n10-ring2-zero-loss,N10 ring2 zero-loss,EXP22G targeted frontier,periodic-cost-minus2pct,2,12.0251444444444,periodic,Periodic static TDMA / 2% below ELCS cost,none,10,ring2,di,tdma,1,1,0,1,0.26,0.097,0.097,0.0277777777777778,0.0277777777777778,0.0513266629702198,0.54130975033633,0,0,NaN,NaN,NaN,NaN,0.0679716800612315,0.119999999999999,0.119999999999999,0.139999999999999,NaN,NaN,1450,1444,1444,0,0,3754,3754,0,0,0,0,0,0,0,0,0,0,0,0,0,1,32,32,0,0,0,0,0,0,0,0.369663999999953,0,0,0,0.367461962717104,0.40797773297357,0,0,0,0,0,0.369664000000001,4.43596800000002,0,0,0,0,0.887193600000004,120.333333333333,312.833333333333,0,0.0226760756468823,0.0431218806087441,NaN,NaN,0.999988490091887,3754,0,0,0,0,0,1.2659892,0,2013747,0,410907079,0,268532562,tdma,periodic-frontier,none,full-mission-static-tdma,none,continuous-local-static-tdma,NaN,12.0251444444444,NaN,12.0333333333333,12,NaN,NaN,NaN,NaN,NaN,NaN,NaN,NaN,1444,NaN,NaN,NaN,0,0,1,0,NaN,NaN,NaN,NaN,NaN,0,0,NaN,0,0,0.369664000000001,1444,nominal,full,0,0,1950580121249,0,0,0,0,0,0,0,0,1,0,0,0,0,0,0,NaN,0,0,NaN,NaN,10,1,0,0,1,692769092648,2648,1444,0.00146005840233609,0.00453205840233609,Inf,2.77555756156289e-17,0.00025,40,38.0222997738549,1,periodic-static,0,0,0,0.369664000000001,0,NaN,NaN,NaN,NaN,NaN,NaN,NaN,NaN,NaN,NaN,NaN,NaN,NaN,NaN,NaN,NaN,NaN,NaN,NaN,NaN,NaN,NaN,NaN,NaN,NaN,NaN,NaN
candidate-targeted-frontier-falsification,16048017,n10-ring2-zero-loss,N10 ring2 zero-loss,EXP22G targeted frontier,elcs-f-mission-affine,3,50,periodic,ELCS-F / mission affine clock,none,10,ring2,di,tdma,1,1,0,1,0.26,0.097,0.097,0.0277777777777778,0.0277777777777778,0.0508779888414157,0.542601477265887,0,0,NaN,NaN,NaN,NaN,0.065411404515882,0.119999999999999,0.120000000000001,0.120000000000001,NaN,NaN,6000,1116,1116,0,0,2911,2907,4,0,0,0,0,0,0,2,0.0017921146953405,0,4874,0,0,1,32,32,0,0,0,0,0,0,0,0.271311573279861,0,0,0,0,0,0,0,0,0,0,0.377514666666665,3.42835199999997,0,0,0,0,0.906035199999995,93,242.25,0,0.0100303480371008,0.0189928247474868,NaN,NaN,0.999547358790389,2911,0,0,0,0,0,0.4270339,0,2013747,0,410907079,0,43052861815,tdma,candidate-elcs,none,edge-leased-certified-scheduling,none,continuous-elcs-replay,NaN,50,NaN,9.3,8.91666666666667,NaN,NaN,NaN,NaN,NaN,NaN,NaN,NaN,1116,NaN,NaN,NaN,0,0,1,2,NaN,NaN,NaN,NaN,NaN,0,0,NaN,0,0,0.377514666666665,1116,nominal,full,1,0,1950580121249,0,0,0,0,0,0,0,0,1,0,0,0,0,0,0,1.04138871794872,1,0,NaN,NaN,10,0,0,0,1,692769092648,1116,1116,0.00146005840233609,0.00453205840233609,Inf,2.22044604925031e-16,0.00025,40,38.0222997738549,1,candidate-elcs,1076,1.10182400000001,0.0918186666666674,0.377514666666665,1,7011960493,113040766454,1800494,2105615383,1116,1116,0,0,2,1,2907,0,4,2907,0,4,1,0,1,0.000821265704308516,2.22044604925031e-16,1,0,0,0,NaN,NaN
candidate-targeted-frontier-falsification,16048018,n5-6dof-zero-loss,N5 6-DOF zero-loss,EXP22G targeted frontier,periodic-cost-match,1,22.8377777777777,periodic,Periodic static TDMA / ELCS cost match,none,5,ring2,6dof,tdma,1,1,0,1,0.48,0.29,0.29,0.0476190476190476,0.0476190476190476,0.0286219029131663,0.561316154957102,0,0,10.1247766328209,12.2805766703782,0,1.03684895843052,0.0374461028192371,0.0600000000000005,0.0800000000000001,0.0800000000000018,NaN,NaN,1370,1370,1370,0,0,3288,3288,0,0,0,0,0,0,0,0,0,0,0,0,0,1,32,32,0,0,0,0,0,0,0,0.350719999999957,0,0,0,0.348406682277827,0.37855122169408,0,0,0,0,0,0.350719999999999,4.20863999999999,0,0,0,0,0.841727999999998,114.166666666667,274,0,0.0112985379293241,0.0214679599272024,NaN,NaN,1,3288,0,0,0,0,0,1.0848558,0,859682,0,110997400,0,258101643,tdma,periodic-frontier,none,full-mission-static-tdma,none,continuous-local-static-tdma,NaN,22.8377777777777,NaN,22.8333333333333,22.8333333333333,NaN,NaN,NaN,NaN,NaN,NaN,NaN,NaN,1370,NaN,NaN,NaN,0,0,1,0,NaN,NaN,NaN,NaN,NaN,0,0,NaN,0,0,0.350719999999999,1370,nominal,full,0,0,503217759248,0,0,0,0,0,0,0,0,1,0,0,0,0,0,0,NaN,0,0,NaN,NaN,5,1,0,0,1,189023199946,2647,1370,0.00146005840233609,0.00453205840233609,Inf,0,0.00025,40,28.94704401586,1,periodic-static,0,0,0,0.350719999999999,0,NaN,NaN,NaN,NaN,NaN,NaN,NaN,NaN,NaN,NaN,NaN,NaN,NaN,NaN,NaN,NaN,NaN,NaN,NaN,NaN,NaN,NaN,NaN,NaN,NaN,NaN,NaN
candidate-targeted-frontier-falsification,16048018,n5-6dof-zero-loss,N5 6-DOF zero-loss,EXP22G targeted frontier,periodic-cost-minus2pct,2,22.3810222222222,periodic,Periodic static TDMA / 2% below ELCS cost,none,5,ring2,6dof,tdma,1,1,0,1,0.48,0.29,0.29,0.0476190476190476,0.0476190476190476,0.0289770209775821,0.561192116029519,0,0,10.1247766328209,12.3138305152612,0,1.03682907783772,0.038200663349917,0.0600000000000005,0.0800000000000001,0.0800000000000001,NaN,NaN,1345,1343,1343,0,0,3223,3223,0,0,0,0,0,0,0,0,0,0,0,0,0,1,32,32,0,0,0,0,0,0,0,0.343807999999956,0,0,0,0.342109267568709,0.371238491675598,0,0,0,0,0,0.343807999999998,4.12569599999998,0,0,0,0,0.825139199999995,111.916666666667,268.583333333333,0,0.0112829592534212,0.0214481576439658,NaN,NaN,0.999996673421469,3223,0,0,0,0,0,1.112261,0,859682,0,110997400,0,257801522,tdma,periodic-frontier,none,full-mission-static-tdma,none,continuous-local-static-tdma,NaN,22.3810222222222,NaN,22.3833333333333,22.3333333333333,NaN,NaN,NaN,NaN,NaN,NaN,NaN,NaN,1343,NaN,NaN,NaN,0,0,1,0,NaN,NaN,NaN,NaN,NaN,0,0,NaN,0,0,0.343807999999998,1343,nominal,full,0,0,503217759248,0,0,0,0,0,0,0,0,1,0,0,0,0,0,0,NaN,0,0,NaN,NaN,5,1,0,0,1,189023199946,2647,1343,0.00146005840233609,0.00453205840233609,Inf,0,0.00025,40,28.94704401586,1,periodic-static,0,0,0,0.343807999999998,0,NaN,NaN,NaN,NaN,NaN,NaN,NaN,NaN,NaN,NaN,NaN,NaN,NaN,NaN,NaN,NaN,NaN,NaN,NaN,NaN,NaN,NaN,NaN,NaN,NaN,NaN,NaN
candidate-targeted-frontier-falsification,16048018,n5-6dof-zero-loss,N5 6-DOF zero-loss,EXP22G targeted frontier,elcs-f-mission-affine,3,50,periodic,ELCS-F / mission affine clock,none,5,ring2,6dof,tdma,1,1,0,1,0.48,0.29,0.29,0.0476190476190476,0.0476190476190476,0.0301144418859329,0.559407493587012,0,0,10.1445094595156,12.3157310886931,0,1.03684133081772,0.040978441127695,0.0600000000000005,0.0600000000000005,0.0600000000000005,NaN,NaN,3000,1056,1056,0,0,2532,2532,0,0,0,0,0,0,0,0,0,0,1941,0,0,1,32,32,0,0,0,0,0,0,0,0.351147534333323,0,0,0,0,0,0,0,0,0,0,0.351402666666665,3.24403199999997,0,0,0,0,0.843366399999997,88,211,0,0.0100197144111067,0.0189713489514552,NaN,NaN,0.999978478424621,2532,0,0,0,0,0,0.316237,0,859682,0,110997400,0,20203004478,tdma,candidate-elcs,none,edge-leased-certified-scheduling,none,continuous-elcs-replay,NaN,50,NaN,17.6,17.5,NaN,NaN,NaN,NaN,NaN,NaN,NaN,NaN,1056,NaN,NaN,NaN,0,0,1,0,NaN,NaN,NaN,NaN,NaN,0,0,NaN,0,0,0.351402666666665,1056,nominal,full,1,0,503217759248,0,0,0,0,0,0,0,0,1,0,0,0,0,0,0,0.283554993399736,1,0,NaN,NaN,5,1,0,0,1,189023199946,1056,1056,0.00146005840233609,0.00453205840233609,Inf,1.11022302462516e-16,0.00025,40,28.94704401586,1,candidate-elcs,950,0.972800000000017,0.0810666666666681,0.351402666666665,1,5942309788,30474095069,1102951,1255925789,1056,1056,0,0,0,1,2532,0,0,2532,0,0,1,0,1,0.00113736796758346,1.11022302462516e-16,1,0,0,0,NaN,NaN
candidate-targeted-frontier-falsification,16048018,n10-ring2-zero-loss,N10 ring2 zero-loss,EXP22G targeted frontier,periodic-cost-match,1,12.2705555555555,periodic,Periodic static TDMA / ELCS cost match,none,10,ring2,di,tdma,1,1,0,1,0.26,0.097,0.097,0.0277777777777778,0.0277777777777778,0.0506350739056203,0.542386823816368,0,0,NaN,NaN,NaN,NaN,0.0669766551856103,0.119999999999999,0.120000000000001,0.140000000000001,NaN,NaN,1480,1473,1473,0,0,3829,3829,0,0,0,0,0,0,0,0,0,0,0,0,0,1,32,32,0,0,0,0,0,0,0,0.377087999999951,0,0,0,0.37451813940771,0.411848539695783,0,0,0,0,0,0.377088000000002,4.52505600000003,0,0,0,0,0.905011200000006,122.75,319.083333333333,0,0.0225540727747989,0.0429263991347236,NaN,NaN,0.999990321465607,3829,0,0,0,0,0,1.2673856,0,684340,0,410907079,0,268342126,tdma,periodic-frontier,none,full-mission-static-tdma,none,continuous-local-static-tdma,NaN,12.2705555555555,NaN,12.275,12.25,NaN,NaN,NaN,NaN,NaN,NaN,NaN,NaN,1473,NaN,NaN,NaN,0,0,1,0,NaN,NaN,NaN,NaN,NaN,0,0,NaN,0,0,0.377088000000002,1473,nominal,full,0,0,1950162700810,0,0,0,0,0,0,0,0,1,0,0,0,0,0,0,NaN,0,0,NaN,NaN,10,1,0,0,1,691967833130,2647,1473,0.00146005840233609,0.00453205840233609,Inf,8.88178419700125e-16,0.00025,40,37.937335267101,1,periodic-static,0,0,0,0.377088000000002,0,NaN,NaN,NaN,NaN,NaN,NaN,NaN,NaN,NaN,NaN,NaN,NaN,NaN,NaN,NaN,NaN,NaN,NaN,NaN,NaN,NaN,NaN,NaN,NaN,NaN,NaN,NaN
candidate-targeted-frontier-falsification,16048018,n10-ring2-zero-loss,N10 ring2 zero-loss,EXP22G targeted frontier,periodic-cost-minus2pct,2,12.0251444444444,periodic,Periodic static TDMA / 2% below ELCS cost,none,10,ring2,di,tdma,1,1,0,1,0.26,0.097,0.097,0.0277777777777778,0.0277777777777778,0.051364947435434,0.541008618143325,0,0,NaN,NaN,NaN,NaN,0.0680941446613081,0.119999999999999,0.119999999999999,0.139999999999999,NaN,NaN,1450,1443,1443,0,0,3751,3751,0,0,0,0,0,0,0,0,0,0,0,0,0,1,32,32,0,0,0,0,0,0,0,0.369407999999953,0,0,0,0.366992071095256,0.406578729661663,0,0,0,0,0,0.369408000000001,4.43289600000002,0,0,0,0,0.886579200000003,120.25,312.583333333333,0,0.0227069786505004,0.0431486086656208,NaN,NaN,0.999989914852541,3751,0,0,0,0,0,1.2051015,0,684340,0,410907079,0,268532564,tdma,periodic-frontier,none,full-mission-static-tdma,none,continuous-local-static-tdma,NaN,12.0251444444444,NaN,12.025,12,NaN,NaN,NaN,NaN,NaN,NaN,NaN,NaN,1443,NaN,NaN,NaN,0,0,1,0,NaN,NaN,NaN,NaN,NaN,0,0,NaN,0,0,0.369408000000001,1443,nominal,full,0,0,1950162700810,0,0,0,0,0,0,0,0,1,0,0,0,0,0,0,NaN,0,0,NaN,NaN,10,1,0,0,1,691967833130,2647,1443,0.00146005840233609,0.00453205840233609,Inf,8.88178419700125e-16,0.00025,40,37.937335267101,1,periodic-static,0,0,0,0.369408000000001,0,NaN,NaN,NaN,NaN,NaN,NaN,NaN,NaN,NaN,NaN,NaN,NaN,NaN,NaN,NaN,NaN,NaN,NaN,NaN,NaN,NaN,NaN,NaN,NaN,NaN,NaN,NaN
candidate-targeted-frontier-falsification,16048018,n10-ring2-zero-loss,N10 ring2 zero-loss,EXP22G targeted frontier,elcs-f-mission-affine,3,50,periodic,ELCS-F / mission affine clock,none,10,ring2,di,tdma,1,1,0,1,0.26,0.097,0.097,0.0277777777777778,0.0277777777777778,0.0508729006254978,0.542610684727477,0,0,NaN,NaN,NaN,NaN,0.0653731343283581,0.119999999999999,0.120000000000001,0.120000000000001,NaN,NaN,6000,1114,1114,0,0,2905,2903,2,0,0,0,0,0,0,2,0.00179533213644524,0,4876,0,0,1,32,32,0,0,0,0,0,0,0,0.275323984853998,0,0,0,0,0,0,0,0,0,0,0.377002666666665,3.42220799999997,0,0,0,0,0.904806399999995,92.8333333333333,241.916666666667,0,0.0100323554884866,0.0190199414351929,NaN,NaN,0.999513530927835,2905,0,0,0,0,0,0.397048,0,684340,0,410907079,0,43049553678,tdma,candidate-elcs,none,edge-leased-certified-scheduling,none,continuous-elcs-replay,NaN,50,NaN,9.28333333333333,9,NaN,NaN,NaN,NaN,NaN,NaN,NaN,NaN,1114,NaN,NaN,NaN,0,0,1,2,NaN,NaN,NaN,NaN,NaN,0,0,NaN,0,0,0.377002666666665,1114,nominal,full,1,0,1950162700810,0,0,0,0,0,0,0,0,1,0,0,0,0,0,0,1.04138871794872,1,0,NaN,NaN,10,0,0,0,1,691967833130,1114,1114,0.00146005840233609,0.00453205840233609,Inf,1.11022302462516e-16,0.00025,40,37.937335267101,1,candidate-elcs,1076,1.10182400000001,0.0918186666666674,0.377002666666665,1,6990513501,113239527108,1800494,2103505537,1114,1114,0,0,2,1,2903,0,2,2903,0,2,1,0,1,0.000730582609836716,1.11022302462516e-16,1,0,0,0,NaN,NaN
candidate-targeted-frontier-falsification,16048019,n5-6dof-zero-loss,N5 6-DOF zero-loss,EXP22G targeted frontier,periodic-cost-match,1,22.8377777777777,periodic,Periodic static TDMA / ELCS cost match,none,5,ring2,6dof,tdma,1,1,0,1,0.48,0.29,0.29,0.0476190476190476,0.0476190476190476,0.0286763382439646,0.561378188186169,0,0,10.1247766328209,12.2805766703782,0,1.03684878667028,0.0375621890547263,0.0600000000000005,0.0800000000000001,0.0800000000000018,NaN,NaN,1370,1370,1370,0,0,3288,3288,0,0,0,0,0,0,0,0,0,0,0,0,0,1,32,32,0,0,0,0,0,0,0,0.350719999999956,0,0,0,0.349220363417049,0.379472643077159,0,0,0,0,0,0.350719999999999,4.20863999999999,0,0,0,0,0.841727999999998,114.166666666667,274,0,0.0113177353360495,0.021493024418034,NaN,NaN,1,3288,0,0,0,0,0,1.1231243,0,973945,0,110997400,0,258101645,tdma,periodic-frontier,none,full-mission-static-tdma,none,continuous-local-static-tdma,NaN,22.8377777777777,NaN,22.8333333333333,22.8333333333333,NaN,NaN,NaN,NaN,NaN,NaN,NaN,NaN,1370,NaN,NaN,NaN,0,0,1,0,NaN,NaN,NaN,NaN,NaN,0,0,NaN,0,0,0.350719999999999,1370,nominal,full,0,0,503013678991,0,0,0,0,0,0,0,0,1,0,0,0,0,0,0,NaN,0,0,NaN,NaN,5,1,0,0,1,188711295859,2647,1370,0.00146005840233609,0.00453205840233609,Inf,2.77555756156289e-17,0.00025,40,33.3289952053519,1,periodic-static,0,0,0,0.350719999999999,0,NaN,NaN,NaN,NaN,NaN,NaN,NaN,NaN,NaN,NaN,NaN,NaN,NaN,NaN,NaN,NaN,NaN,NaN,NaN,NaN,NaN,NaN,NaN,NaN,NaN,NaN,NaN
candidate-targeted-frontier-falsification,16048019,n5-6dof-zero-loss,N5 6-DOF zero-loss,EXP22G targeted frontier,periodic-cost-minus2pct,2,22.3810222222222,periodic,Periodic static TDMA / 2% below ELCS cost,none,5,ring2,6dof,tdma,1,1,0,1,0.48,0.29,0.29,0.0476190476190476,0.0476190476190476,0.0288875993615497,0.561212299687195,0,0,10.1247766328209,12.3138305152612,0,1.03682912889373,0.0381509121061359,0.0600000000000005,0.0800000000000001,0.0800000000000001,NaN,NaN,1345,1343,1343,0,0,3223,3223,0,0,0,0,0,0,0,0,0,0,0,0,0,1,32,32,0,0,0,0,0,0,0,0.343807999999956,0,0,0,0.340919182454725,0.37664686246448,0,0,0,0,0,0.343807999999998,4.12569599999998,0,0,0,0,0.825139199999995,111.916666666667,268.583333333333,0,0.0113186243027498,0.0215026241388018,NaN,NaN,0.999996673421469,3223,0,0,0,0,0,1.0887087,0,973945,0,110997400,0,257801524,tdma,periodic-frontier,none,full-mission-static-tdma,none,continuous-local-static-tdma,NaN,22.3810222222222,NaN,22.3833333333333,22.3333333333333,NaN,NaN,NaN,NaN,NaN,NaN,NaN,NaN,1343,NaN,NaN,NaN,0,0,1,0,NaN,NaN,NaN,NaN,NaN,0,0,NaN,0,0,0.343807999999998,1343,nominal,full,0,0,503013678991,0,0,0,0,0,0,0,0,1,0,0,0,0,0,0,NaN,0,0,NaN,NaN,5,1,0,0,1,188711295859,2647,1343,0.00146005840233609,0.00453205840233609,Inf,2.77555756156289e-17,0.00025,40,33.3289952053519,1,periodic-static,0,0,0,0.343807999999998,0,NaN,NaN,NaN,NaN,NaN,NaN,NaN,NaN,NaN,NaN,NaN,NaN,NaN,NaN,NaN,NaN,NaN,NaN,NaN,NaN,NaN,NaN,NaN,NaN,NaN,NaN,NaN
candidate-targeted-frontier-falsification,16048019,n5-6dof-zero-loss,N5 6-DOF zero-loss,EXP22G targeted frontier,elcs-f-mission-affine,3,50,periodic,ELCS-F / mission affine clock,none,5,ring2,6dof,tdma,1,1,0,1,0.48,0.29,0.29,0.0476190476190476,0.0476190476190476,0.0300951484378369,0.559395328779136,0,0,10.0454186270719,12.3167434495343,0,1.03683993372923,0.0409286898839139,0.0600000000000005,0.0600000000000005,0.0600000000000005,NaN,NaN,3000,1053,1053,0,0,2528,2528,0,0,0,0,0,0,0,0,0,0,1944,0,0,1,32,32,0,0,0,0,0,0,0,0.350634666666644,0,0,0,0,0,0,0,0,0,0,0.350634666666666,3.23481599999997,0,0,0,0,0.841523199999997,87.75,210.666666666667,0,0.00999170424366632,0.0188903646459933,NaN,NaN,0.999976551966704,2528,0,0,0,0,0,0.3310165,0,973945,0,110997400,0,20137907915,tdma,candidate-elcs,none,edge-leased-certified-scheduling,none,continuous-elcs-replay,NaN,50,NaN,17.55,17.4166666666667,NaN,NaN,NaN,NaN,NaN,NaN,NaN,NaN,1053,NaN,NaN,NaN,0,0,1,0,NaN,NaN,NaN,NaN,NaN,0,0,NaN,0,0,0.350634666666666,1053,nominal,full,1,0,503013678991,0,0,0,0,0,0,0,0,1,0,0,0,0,0,0,0.283554993399736,1,0,NaN,NaN,5,1,0,0,1,188711295859,1053,1053,0.00146005840233609,0.00453205840233609,Inf,2.71050543121376e-20,0.00025,40,33.3289952053519,1,candidate-elcs,950,0.972800000000017,0.0810666666666681,0.350634666666666,1,5949935206,30421668216,1102951,1250839459,1053,1053,0,0,0,1,2528,0,0,2528,0,0,1,0,1,0.000548140925644702,2.71050543121376e-20,1,0,0,0,NaN,NaN
candidate-targeted-frontier-falsification,16048019,n10-ring2-zero-loss,N10 ring2 zero-loss,EXP22G targeted frontier,periodic-cost-match,1,12.2705555555555,periodic,Periodic static TDMA / ELCS cost match,none,10,ring2,di,tdma,1,1,0,1,0.26,0.097,0.097,0.0277777777777778,0.0277777777777778,0.0507424351914729,0.542248065145552,0,0,NaN,NaN,NaN,NaN,0.0671756601607346,0.119999999999999,0.120000000000001,0.140000000000001,NaN,NaN,1480,1473,1473,0,0,3829,3829,0,0,0,0,0,0,0,0,0,0,0,0,0,1,32,32,0,0,0,0,0,0,0,0.377087999999952,0,0,0,0.375121563522919,0.407970512866996,0,0,0,0,0,0.377088000000002,4.52505600000003,0,0,0,0,0.905011200000006,122.75,319.083333333333,0,0.0225824748122176,0.0429532709971813,NaN,NaN,0.999990321465607,3829,0,0,0,0,0,1.2200054,0,1025239,0,410907079,0,268342128,tdma,periodic-frontier,none,full-mission-static-tdma,none,continuous-local-static-tdma,NaN,12.2705555555555,NaN,12.275,12.25,NaN,NaN,NaN,NaN,NaN,NaN,NaN,NaN,1473,NaN,NaN,NaN,0,0,1,0,NaN,NaN,NaN,NaN,NaN,0,0,NaN,0,0,0.377088000000002,1473,nominal,full,0,0,1950988739228,0,0,0,0,0,0,0,0,1,0,0,0,0,0,0,NaN,0,0,NaN,NaN,10,1,0,0,1,692350600432,2647,1473,0.00146005840233609,0.00453205840233609,Inf,2.77555756156289e-17,0.00025,40,37.4327483746718,1,periodic-static,0,0,0,0.377088000000002,0,NaN,NaN,NaN,NaN,NaN,NaN,NaN,NaN,NaN,NaN,NaN,NaN,NaN,NaN,NaN,NaN,NaN,NaN,NaN,NaN,NaN,NaN,NaN,NaN,NaN,NaN,NaN
candidate-targeted-frontier-falsification,16048019,n10-ring2-zero-loss,N10 ring2 zero-loss,EXP22G targeted frontier,periodic-cost-minus2pct,2,12.0251444444444,periodic,Periodic static TDMA / 2% below ELCS cost,none,10,ring2,di,tdma,1,1,0,1,0.26,0.097,0.097,0.0277777777777778,0.0277777777777778,0.0512816799191865,0.541226435481673,0,0,NaN,NaN,NaN,NaN,0.0679410639112124,0.119999999999999,0.119999999999999,0.139999999999999,NaN,NaN,1450,1443,1443,0,0,3751,3751,0,0,0,0,0,0,0,0,0,0,0,0,0,1,32,32,0,0,0,0,0,0,0,0.369407999999953,0,0,0,0.36826395624948,0.411444926844395,0,0,0,0,0,0.369408000000001,4.43289600000002,0,0,0,0,0.886579200000003,120.25,312.583333333333,0,0.0226404675922963,0.0431261493716802,NaN,NaN,0.999989914852541,3751,0,0,0,0,0,1.2111757,0,1025239,0,410907079,0,268532566,tdma,periodic-frontier,none,full-mission-static-tdma,none,continuous-local-static-tdma,NaN,12.0251444444444,NaN,12.025,12,NaN,NaN,NaN,NaN,NaN,NaN,NaN,NaN,1443,NaN,NaN,NaN,0,0,1,0,NaN,NaN,NaN,NaN,NaN,0,0,NaN,0,0,0.369408000000001,1443,nominal,full,0,0,1950988739228,0,0,0,0,0,0,0,0,1,0,0,0,0,0,0,NaN,0,0,NaN,NaN,10,1,0,0,1,692350600432,2647,1443,0.00146005840233609,0.00453205840233609,Inf,2.77555756156289e-17,0.00025,40,37.4327483746718,1,periodic-static,0,0,0,0.369408000000001,0,NaN,NaN,NaN,NaN,NaN,NaN,NaN,NaN,NaN,NaN,NaN,NaN,NaN,NaN,NaN,NaN,NaN,NaN,NaN,NaN,NaN,NaN,NaN,NaN,NaN,NaN,NaN
candidate-targeted-frontier-falsification,16048019,n10-ring2-zero-loss,N10 ring2 zero-loss,EXP22G targeted frontier,elcs-f-mission-affine,3,50,periodic,ELCS-F / mission affine clock,none,10,ring2,di,tdma,1,1,0,1,0.26,0.097,0.097,0.0277777777777778,0.0277777777777778,0.0508650207873524,0.542628755171631,0,0,NaN,NaN,NaN,NaN,0.0655453501722157,0.119999999999999,0.120000000000001,0.120000000000001,NaN,NaN,6000,1113,1113,0,0,2902,2900,2,0,0,0,0,0,0,2,0.00179694519317161,0,4877,0,0,1,32,32,0,0,0,0,0,0,0,0.272038391682996,0,0,0,0,0,0,0,0,0,0,0.376746666666665,3.41913599999997,0,0,0,0,0.904191999999995,92.75,241.666666666667,0,0.0100101408473406,0.0189631276388177,NaN,NaN,0.999547336060613,2902,0,0,0,0,0,0.4082943,0,1025239,0,410907079,0,43051601406,tdma,candidate-elcs,none,edge-leased-certified-scheduling,none,continuous-elcs-replay,NaN,50,NaN,9.275,8.91666666666667,NaN,NaN,NaN,NaN,NaN,NaN,NaN,NaN,1113,NaN,NaN,NaN,0,0,1,2,NaN,NaN,NaN,NaN,NaN,0,0,NaN,0,0,0.376746666666665,1113,nominal,full,1,0,1950988739228,0,0,0,0,0,0,0,0,1,0,0,0,0,0,0,1.04138871794872,1,0,NaN,NaN,10,0,0,0,1,692350600432,1113,1113,0.00146005840233609,0.00453205840233609,Inf,4.44089209850063e-16,0.00025,40,37.4327483746718,1,candidate-elcs,1076,1.10182400000001,0.0918186666666674,0.376746666666665,1,6997622226,113126315319,1800494,2102594169,1113,1113,0,0,2,1,2900,0,2,2900,0,2,1,0,1,0.00078894937877827,4.44089209850063e-16,1,0,0,0,NaN,NaN
candidate-targeted-frontier-falsification,16048020,n5-6dof-zero-loss,N5 6-DOF zero-loss,EXP22G targeted frontier,periodic-cost-match,1,22.8377777777777,periodic,Periodic static TDMA / ELCS cost match,none,5,ring2,6dof,tdma,1,1,0,1,0.48,0.29,0.29,0.0476190476190476,0.0476190476190476,0.0286527623074151,0.561324182632035,0,0,10.1247766328209,12.2805766703782,0,1.03684761726802,0.037412935323383,0.0600000000000005,0.0800000000000001,0.0800000000000018,NaN,NaN,1370,1370,1370,0,0,3288,3288,0,0,0,0,0,0,0,0,0,0,0,0,0,1,32,32,0,0,0,0,0,0,0,0.350719999999956,0,0,0,0.3496317355496,0.383641312958398,0,0,0,0,0,0.350719999999999,4.20863999999999,0,0,0,0,0.841727999999998,114.166666666667,274,0,0.011277831374222,0.0214381400074523,NaN,NaN,1,3288,0,0,0,0,0,1.0776562,0,1151433,0,110997400,0,258101647,tdma,periodic-frontier,none,full-mission-static-tdma,none,continuous-local-static-tdma,NaN,22.8377777777777,NaN,22.8333333333333,22.8333333333333,NaN,NaN,NaN,NaN,NaN,NaN,NaN,NaN,1370,NaN,NaN,NaN,0,0,1,0,NaN,NaN,NaN,NaN,NaN,0,0,NaN,0,0,0.350719999999999,1370,nominal,full,0,0,503518805547,0,0,0,0,0,0,0,0,1,0,0,0,0,0,0,NaN,0,0,NaN,NaN,5,1,0,0,1,188579903619,2647,1370,0.00146005840233609,0.00453205840233609,Inf,8.88178419700125e-16,0.00025,40,35.8451787881391,1,periodic-static,0,0,0,0.350719999999999,0,NaN,NaN,NaN,NaN,NaN,NaN,NaN,NaN,NaN,NaN,NaN,NaN,NaN,NaN,NaN,NaN,NaN,NaN,NaN,NaN,NaN,NaN,NaN,NaN,NaN,NaN,NaN
candidate-targeted-frontier-falsification,16048020,n5-6dof-zero-loss,N5 6-DOF zero-loss,EXP22G targeted frontier,periodic-cost-minus2pct,2,22.3810222222222,periodic,Periodic static TDMA / 2% below ELCS cost,none,5,ring2,6dof,tdma,1,1,0,1,0.48,0.29,0.29,0.0476190476190476,0.0476190476190476,0.0289888095466859,0.561190765117517,0,0,10.1247766328209,12.3138305152612,0,1.03682845965487,0.0382504145936981,0.0600000000000005,0.0800000000000001,0.0800000000000001,NaN,NaN,1345,1343,1343,0,0,3223,3223,0,0,0,0,0,0,0,0,0,0,0,0,0,1,32,32,0,0,0,0,0,0,0,0.343807999999954,0,0,0,0.344728960561128,0.378320200668596,0,0,0,0,0,0.343807999999998,4.12569599999998,0,0,0,0,0.825139199999995,111.916666666667,268.583333333333,0,0.0112793154323646,0.0214578242049678,NaN,NaN,0.999996673421469,3223,0,0,0,0,0,1.0817137,0,1151433,0,110997400,0,257801526,tdma,periodic-frontier,none,full-mission-static-tdma,none,continuous-local-static-tdma,NaN,22.3810222222222,NaN,22.3833333333333,22.3333333333333,NaN,NaN,NaN,NaN,NaN,NaN,NaN,NaN,1343,NaN,NaN,NaN,0,0,1,0,NaN,NaN,NaN,NaN,NaN,0,0,NaN,0,0,0.343807999999998,1343,nominal,full,0,0,503518805547,0,0,0,0,0,0,0,0,1,0,0,0,0,0,0,NaN,0,0,NaN,NaN,5,1,0,0,1,188579903619,2647,1343,0.00146005840233609,0.00453205840233609,Inf,8.88178419700125e-16,0.00025,40,35.8451787881391,1,periodic-static,0,0,0,0.343807999999998,0,NaN,NaN,NaN,NaN,NaN,NaN,NaN,NaN,NaN,NaN,NaN,NaN,NaN,NaN,NaN,NaN,NaN,NaN,NaN,NaN,NaN,NaN,NaN,NaN,NaN,NaN,NaN
candidate-targeted-frontier-falsification,16048020,n5-6dof-zero-loss,N5 6-DOF zero-loss,EXP22G targeted frontier,elcs-f-mission-affine,3,50,periodic,ELCS-F / mission affine clock,none,5,ring2,6dof,tdma,1,1,0,1,0.48,0.29,0.29,0.0476190476190476,0.0476190476190476,0.0301071254168364,0.559342833787711,0,0,10.0701635477128,12.3342955431507,0,1.03685528249788,0.0409286898839139,0.0600000000000005,0.0600000000000005,0.0600000000000005,NaN,NaN,3000,1052,1052,0,0,2526,2526,0,0,0,0,0,0,0,0,0,0,1945,0,0,1,32,32,0,0,0,0,0,0,0,0.350378666666645,0,0,0,0,0,0,0,0,0,0,0.350378666666666,3.23174399999997,0,0,0,0,0.840908799999997,87.6666666666667,210.5,0,0.0100379240901037,0.0189698719113232,NaN,NaN,0.999958436864694,2526,0,0,0,0,0,0.3177124,0,1151433,0,110997400,0,20126540563,tdma,candidate-elcs,none,edge-leased-certified-scheduling,none,continuous-elcs-replay,NaN,50,NaN,17.5333333333333,17.3333333333333,NaN,NaN,NaN,NaN,NaN,NaN,NaN,NaN,1052,NaN,NaN,NaN,0,0,1,0,NaN,NaN,NaN,NaN,NaN,0,0,NaN,0,0,0.350378666666666,1052,nominal,full,1,0,503518805547,0,0,0,0,0,0,0,0,1,0,0,0,0,0,0,0.283554993399736,1,0,NaN,NaN,5,1,0,0,1,188579903619,1052,1052,0.00146005840233609,0.00453205840233609,Inf,2.71050543121376e-20,0.00025,40,35.8451787881391,1,candidate-elcs,950,0.972800000000017,0.0810666666666681,0.350378666666666,1,5997699897,30524461695,1102951,1258812798,1052,1052,0,0,0,1,2526,0,0,2526,0,0,1,0,1,0.00111031542285112,2.71050543121376e-20,1,0,0,0,NaN,NaN
candidate-targeted-frontier-falsification,16048020,n10-ring2-zero-loss,N10 ring2 zero-loss,EXP22G targeted frontier,periodic-cost-match,1,12.2705555555555,periodic,Periodic static TDMA / ELCS cost match,none,10,ring2,di,tdma,1,1,0,1,0.26,0.097,0.097,0.0277777777777778,0.0277777777777778,0.050815339485404,0.542243771267429,0,0,NaN,NaN,NaN,NaN,0.0671680061232299,0.119999999999999,0.120000000000001,0.140000000000001,NaN,NaN,1480,1473,1473,0,0,3829,3829,0,0,0,0,0,0,0,0,0,0,0,0,0,1,32,32,0,0,0,0,0,0,0,0.377087999999953,0,0,0,0.375986117999293,0.411592657132286,0,0,0,0,0,0.377088000000002,4.52505600000003,0,0,0,0,0.905011200000006,122.75,319.083333333333,0,0.0226797466480696,0.0430815570877164,NaN,NaN,0.999990321465607,3829,0,0,0,0,0,1.2369116,0,1145733,0,410907079,0,268342130,tdma,periodic-frontier,none,full-mission-static-tdma,none,continuous-local-static-tdma,NaN,12.2705555555555,NaN,12.275,12.25,NaN,NaN,NaN,NaN,NaN,NaN,NaN,NaN,1473,NaN,NaN,NaN,0,0,1,0,NaN,NaN,NaN,NaN,NaN,0,0,NaN,0,0,0.377088000000002,1473,nominal,full,0,0,1951158802499,0,0,0,0,0,0,0,0,1,0,0,0,0,0,0,NaN,0,0,NaN,NaN,10,1,0,0,1,692430535694,2647,1473,0.00146005840233609,0.00453205840233609,Inf,0,0.00025,40,29.4617456416231,1,periodic-static,0,0,0,0.377088000000002,0,NaN,NaN,NaN,NaN,NaN,NaN,NaN,NaN,NaN,NaN,NaN,NaN,NaN,NaN,NaN,NaN,NaN,NaN,NaN,NaN,NaN,NaN,NaN,NaN,NaN,NaN,NaN
candidate-targeted-frontier-falsification,16048020,n10-ring2-zero-loss,N10 ring2 zero-loss,EXP22G targeted frontier,periodic-cost-minus2pct,2,12.0251444444444,periodic,Periodic static TDMA / 2% below ELCS cost,none,10,ring2,di,tdma,1,1,0,1,0.26,0.097,0.097,0.0277777777777778,0.0277777777777778,0.0513192226232398,0.54085940926962,0,0,NaN,NaN,NaN,NaN,0.0681553769613463,0.119999999999999,0.119999999999999,0.139999999999999,NaN,NaN,1450,1443,1443,0,0,3751,3751,0,0,0,0,0,0,0,0,0,0,0,0,0,1,32,32,0,0,0,0,0,0,0,0.369407999999954,0,0,0,0.36694437510044,0.407095476170261,0,0,0,0,0,0.369408000000001,4.43289600000002,0,0,0,0,0.886579200000003,120.25,312.583333333333,0,0.0226454319470549,0.0430431430805293,NaN,NaN,0.999989914852541,3751,0,0,0,0,0,1.2011509,0,1145733,0,410907079,0,268532568,tdma,periodic-frontier,none,full-mission-static-tdma,none,continuous-local-static-tdma,NaN,12.0251444444444,NaN,12.025,12,NaN,NaN,NaN,NaN,NaN,NaN,NaN,NaN,1443,NaN,NaN,NaN,0,0,1,0,NaN,NaN,NaN,NaN,NaN,0,0,NaN,0,0,0.369408000000001,1443,nominal,full,0,0,1951158802499,0,0,0,0,0,0,0,0,1,0,0,0,0,0,0,NaN,0,0,NaN,NaN,10,1,0,0,1,692430535694,2647,1443,0.00146005840233609,0.00453205840233609,Inf,0,0.00025,40,29.4617456416231,1,periodic-static,0,0,0,0.369408000000001,0,NaN,NaN,NaN,NaN,NaN,NaN,NaN,NaN,NaN,NaN,NaN,NaN,NaN,NaN,NaN,NaN,NaN,NaN,NaN,NaN,NaN,NaN,NaN,NaN,NaN,NaN,NaN
candidate-targeted-frontier-falsification,16048020,n10-ring2-zero-loss,N10 ring2 zero-loss,EXP22G targeted frontier,elcs-f-mission-affine,3,50,periodic,ELCS-F / mission affine clock,none,10,ring2,di,tdma,1,1,0,1,0.26,0.097,0.097,0.0277777777777778,0.0277777777777778,0.0508380513730308,0.5426560479861,0,0,NaN,NaN,NaN,NaN,0.0654688097971679,0.119999999999999,0.120000000000001,0.120000000000001,NaN,NaN,6000,1116,1115,0,0,2911,2907,4,0,0,0,0,0,0,2,0.0017921146953405,0,4874,0,0,1,32,32,0,0,0,0,0,0,0,0.27228579619916,0,0,0,0,0,0,0,0,0,0,0.377514666666665,3.42835199999997,0,0,0,0,0.906035199999995,92.9166666666667,242.25,0,0.0100529947353974,0.018997298901406,NaN,NaN,0.999577889447236,2911,0,0,0,0,0,0.4095444,0,1145733,0,410907079,0,43052571903,tdma,candidate-elcs,none,edge-leased-certified-scheduling,none,continuous-elcs-replay,NaN,50,NaN,9.29166666666667,8.91666666666667,NaN,NaN,NaN,NaN,NaN,NaN,NaN,NaN,1116,NaN,NaN,NaN,0,0,1,2,NaN,NaN,NaN,NaN,NaN,0,0,NaN,0,0,0.377514666666665,1116,nominal,full,1,0,1951158802499,0,0,0,0,0,0,0,0,1,0,0,0,0,0,0,1.04138871794872,1,0,NaN,NaN,10,0,0,0,1,692430535694,1116,1116,0.00146005840233609,0.00453205840233609,Inf,4.44089209850063e-16,0.00025,40,29.4617456416231,1,candidate-elcs,1076,1.10182400000001,0.0918186666666674,0.377514666666665,1,7008575048,113296325888,1800494,2105627578,1116,1116,0,0,2,1,2907,0,4,2907,0,4,1,0,1,0.000886844943337906,4.44089209850063e-16,1,0,0,0,NaN,NaN
candidate-targeted-frontier-falsification,16048021,n5-6dof-zero-loss,N5 6-DOF zero-loss,EXP22G targeted frontier,periodic-cost-match,1,22.8377777777777,periodic,Periodic static TDMA / ELCS cost match,none,5,ring2,6dof,tdma,1,1,0,1,0.48,0.29,0.29,0.0476190476190476,0.0476190476190476,0.0287165483975385,0.561362803578258,0,0,10.1247766328209,12.2805766703782,0,1.03684775012634,0.037636815920398,0.0600000000000005,0.0800000000000001,0.0800000000000018,NaN,NaN,1370,1370,1370,0,0,3288,3288,0,0,0,0,0,0,0,0,0,0,0,0,0,1,32,32,0,0,0,0,0,0,0,0.350719999999956,0,0,0,0.348594643938386,0.378467032272867,0,0,0,0,0,0.350719999999999,4.20863999999999,0,0,0,0,0.841727999999998,114.166666666667,274,0,0.0113124511154458,0.0215001096670758,NaN,NaN,1,3288,0,0,0,0,0,1.1142768,0,505068,0,110997400,0,258101649,tdma,periodic-frontier,none,full-mission-static-tdma,none,continuous-local-static-tdma,NaN,22.8377777777777,NaN,22.8333333333333,22.8333333333333,NaN,NaN,NaN,NaN,NaN,NaN,NaN,NaN,1370,NaN,NaN,NaN,0,0,1,0,NaN,NaN,NaN,NaN,NaN,0,0,NaN,0,0,0.350719999999999,1370,nominal,full,0,0,503407310119,0,0,0,0,0,0,0,0,1,0,0,0,0,0,0,NaN,0,0,NaN,NaN,5,1,0,0,1,188698051883,2647,1370,0.00146005840233609,0.00453205840233609,Inf,2.77555756156289e-17,0.00025,40,39.0906851805263,1,periodic-static,0,0,0,0.350719999999999,0,NaN,NaN,NaN,NaN,NaN,NaN,NaN,NaN,NaN,NaN,NaN,NaN,NaN,NaN,NaN,NaN,NaN,NaN,NaN,NaN,NaN,NaN,NaN,NaN,NaN,NaN,NaN
candidate-targeted-frontier-falsification,16048021,n5-6dof-zero-loss,N5 6-DOF zero-loss,EXP22G targeted frontier,periodic-cost-minus2pct,2,22.3810222222222,periodic,Periodic static TDMA / 2% below ELCS cost,none,5,ring2,6dof,tdma,1,1,0,1,0.48,0.29,0.29,0.0476190476190476,0.0476190476190476,0.0289031733822675,0.561159265539797,0,0,10.1247766328209,12.3138305152612,0,1.03682844319728,0.0381426202321724,0.0600000000000005,0.0800000000000001,0.0800000000000001,NaN,NaN,1345,1343,1343,0,0,3223,3223,0,0,0,0,0,0,0,0,0,0,0,0,0,1,32,32,0,0,0,0,0,0,0,0.343807999999955,0,0,0,0.341437139420028,0.371330187252603,0,0,0,0,0,0.343807999999998,4.12569599999998,0,0,0,0,0.825139199999995,111.916666666667,268.583333333333,0,0.0112617695320759,0.0214214761087929,NaN,NaN,0.999996673421469,3223,0,0,0,0,0,1.086268,0,505068,0,110997400,0,257801528,tdma,periodic-frontier,none,full-mission-static-tdma,none,continuous-local-static-tdma,NaN,22.3810222222222,NaN,22.3833333333333,22.3333333333333,NaN,NaN,NaN,NaN,NaN,NaN,NaN,NaN,1343,NaN,NaN,NaN,0,0,1,0,NaN,NaN,NaN,NaN,NaN,0,0,NaN,0,0,0.343807999999998,1343,nominal,full,0,0,503407310119,0,0,0,0,0,0,0,0,1,0,0,0,0,0,0,NaN,0,0,NaN,NaN,5,1,0,0,1,188698051883,2647,1343,0.00146005840233609,0.00453205840233609,Inf,2.77555756156289e-17,0.00025,40,39.0906851805263,1,periodic-static,0,0,0,0.343807999999998,0,NaN,NaN,NaN,NaN,NaN,NaN,NaN,NaN,NaN,NaN,NaN,NaN,NaN,NaN,NaN,NaN,NaN,NaN,NaN,NaN,NaN,NaN,NaN,NaN,NaN,NaN,NaN
candidate-targeted-frontier-falsification,16048021,n5-6dof-zero-loss,N5 6-DOF zero-loss,EXP22G targeted frontier,elcs-f-mission-affine,3,50,periodic,ELCS-F / mission affine clock,none,5,ring2,6dof,tdma,1,1,0,1,0.48,0.29,0.29,0.0476190476190476,0.0476190476190476,0.0301442560349738,0.559331184119113,0,0,10.145902442904,12.3345442176237,0,1.03685250615716,0.041011608623549,0.0600000000000005,0.0600000000000005,0.0600000000000005,NaN,NaN,3000,1053,1053,0,0,2528,2528,0,0,0,0,0,0,0,0,0,0,1944,0,0,1,32,32,0,0,0,0,0,0,0,0.350634666666644,0,0,0,0,0,0,0,0,0,0,0.350634666666666,3.23481599999997,0,0,0,0,0.841523199999997,87.75,210.666666666667,0,0.0100453718131337,0.0189924741327751,NaN,NaN,0.999976551966704,2528,0,0,0,0,0,0.3205827,0,505068,0,110997400,0,20138288674,tdma,candidate-elcs,none,edge-leased-certified-scheduling,none,continuous-elcs-replay,NaN,50,NaN,17.55,17.4166666666667,NaN,NaN,NaN,NaN,NaN,NaN,NaN,NaN,1053,NaN,NaN,NaN,0,0,1,0,NaN,NaN,NaN,NaN,NaN,0,0,NaN,0,0,0.350634666666666,1053,nominal,full,1,0,503407310119,0,0,0,0,0,0,0,0,1,0,0,0,0,0,0,0.283554993399736,1,0,NaN,NaN,5,1,0,0,1,188698051883,1053,1053,0.00146005840233609,0.00453205840233609,Inf,2.71050543121376e-20,0.00025,40,39.0906851805263,1,candidate-elcs,950,0.972800000000017,0.0810666666666681,0.350634666666666,1,5932926795,30420645934,1102951,1250839441,1053,1053,0,0,0,1,2528,0,0,2528,0,0,1,0,1,0.000642638893152636,2.71050543121376e-20,1,0,0,0,NaN,NaN
candidate-targeted-frontier-falsification,16048021,n10-ring2-zero-loss,N10 ring2 zero-loss,EXP22G targeted frontier,periodic-cost-match,1,12.2705555555555,periodic,Periodic static TDMA / ELCS cost match,none,10,ring2,di,tdma,1,1,0,1,0.26,0.097,0.097,0.0277777777777778,0.0277777777777778,0.050588469269824,0.542393205269325,0,0,NaN,NaN,NaN,NaN,0.0668771526980481,0.119999999999999,0.120000000000001,0.140000000000001,NaN,NaN,1480,1473,1473,0,0,3829,3829,0,0,0,0,0,0,0,0,0,0,0,0,0,1,32,32,0,0,0,0,0,0,0,0.377087999999951,0,0,0,0.375963834228111,0.409716482905299,0,0,0,0,0,0.377088000000002,4.52505600000003,0,0,0,0,0.905011200000006,122.75,319.083333333333,0,0.0225395908390152,0.0429173595305826,NaN,NaN,0.999990321465607,3829,0,0,0,0,0,1.220753,0,924072,0,410907079,0,268342132,tdma,periodic-frontier,none,full-mission-static-tdma,none,continuous-local-static-tdma,NaN,12.2705555555555,NaN,12.275,12.25,NaN,NaN,NaN,NaN,NaN,NaN,NaN,NaN,1473,NaN,NaN,NaN,0,0,1,0,NaN,NaN,NaN,NaN,NaN,0,0,NaN,0,0,0.377088000000002,1473,nominal,full,0,0,1951434481273,0,0,0,0,0,0,0,0,1,0,0,0,0,0,0,NaN,0,0,NaN,NaN,10,1,0,0,1,692984276124,2647,1473,0.00146005840233609,0.00453205840233609,Inf,0,0.00025,40,35.6951867926955,1,periodic-static,0,0,0,0.377088000000002,0,NaN,NaN,NaN,NaN,NaN,NaN,NaN,NaN,NaN,NaN,NaN,NaN,NaN,NaN,NaN,NaN,NaN,NaN,NaN,NaN,NaN,NaN,NaN,NaN,NaN,NaN,NaN
candidate-targeted-frontier-falsification,16048021,n10-ring2-zero-loss,N10 ring2 zero-loss,EXP22G targeted frontier,periodic-cost-minus2pct,2,12.0251444444444,periodic,Periodic static TDMA / 2% below ELCS cost,none,10,ring2,di,tdma,1,1,0,1,0.26,0.097,0.097,0.0277777777777778,0.0277777777777778,0.0511965576392934,0.541053158033891,0,0,NaN,NaN,NaN,NaN,0.0680405663987746,0.119999999999999,0.119999999999999,0.139999999999999,NaN,NaN,1450,1443,1443,0,0,3751,3751,0,0,0,0,0,0,0,0,0,0,0,0,0,1,32,32,0,0,0,0,0,0,0,0.369407999999953,0,0,0,0.366900231847092,0.406245366153065,0,0,0,0,0,0.369408000000001,4.43289600000002,0,0,0,0,0.886579200000003,120.25,312.583333333333,0,0.0225950334816307,0.0429798962979307,NaN,NaN,0.999989914852541,3751,0,0,0,0,0,1.2072064,0,924072,0,410907079,0,268532570,tdma,periodic-frontier,none,full-mission-static-tdma,none,continuous-local-static-tdma,NaN,12.0251444444444,NaN,12.025,12,NaN,NaN,NaN,NaN,NaN,NaN,NaN,NaN,1443,NaN,NaN,NaN,0,0,1,0,NaN,NaN,NaN,NaN,NaN,0,0,NaN,0,0,0.369408000000001,1443,nominal,full,0,0,1951434481273,0,0,0,0,0,0,0,0,1,0,0,0,0,0,0,NaN,0,0,NaN,NaN,10,1,0,0,1,692984276124,2647,1443,0.00146005840233609,0.00453205840233609,Inf,0,0.00025,40,35.6951867926955,1,periodic-static,0,0,0,0.369408000000001,0,NaN,NaN,NaN,NaN,NaN,NaN,NaN,NaN,NaN,NaN,NaN,NaN,NaN,NaN,NaN,NaN,NaN,NaN,NaN,NaN,NaN,NaN,NaN,NaN,NaN,NaN,NaN
candidate-targeted-frontier-falsification,16048021,n10-ring2-zero-loss,N10 ring2 zero-loss,EXP22G targeted frontier,elcs-f-mission-affine,3,50,periodic,ELCS-F / mission affine clock,none,10,ring2,di,tdma,1,1,0,1,0.26,0.097,0.097,0.0277777777777778,0.0277777777777778,0.050819795767466,0.542523258132022,0,0,NaN,NaN,NaN,NaN,0.0652583237657864,0.119999999999999,0.120000000000001,0.120000000000001,NaN,NaN,6000,1110,1110,0,0,2898,2896,2,0,0,0,0,0,0,2,0.0018018018018018,0,4880,0,0,1,32,32,0,0,0,0,0,0,0,0.271725343712632,0,0,0,0,0,0,0,0,0,0,0.375978666666665,3.40991999999997,0,0,0,0,0.902348799999995,92.5,241.333333333333,0,0.0100094844252932,0.0190371608698445,NaN,NaN,0.999415973134764,2898,0,0,0,0,0,0.442498,0,924072,0,410907079,0,43006403368,tdma,candidate-elcs,none,edge-leased-certified-scheduling,none,continuous-elcs-replay,NaN,50,NaN,9.25,8.91666666666667,NaN,NaN,NaN,NaN,NaN,NaN,NaN,NaN,1110,NaN,NaN,NaN,0,0,1,2,NaN,NaN,NaN,NaN,NaN,0,0,NaN,0,0,0.375978666666665,1110,nominal,full,1,0,1951434481273,0,0,0,0,0,0,0,0,1,0,0,0,0,0,0,1.04138871794872,1,0,NaN,NaN,10,0,0,0,1,692984276124,1110,1110,0.00146005840233609,0.00453205840233609,Inf,4.44089209850063e-16,0.00025,40,35.6951867926955,1,candidate-elcs,1076,1.10182400000001,0.0918186666666674,0.375978666666665,1,6923639695,113419365894,1800494,2095407855,1110,1110,0,0,2,1,2896,0,2,2896,0,2,1,0,1,0.000737032531878512,4.44089209850063e-16,1,0,0,0,NaN,NaN
candidate-targeted-frontier-falsification,16048022,n5-6dof-zero-loss,N5 6-DOF zero-loss,EXP22G targeted frontier,periodic-cost-match,1,22.8377777777777,periodic,Periodic static TDMA / ELCS cost match,none,5,ring2,6dof,tdma,1,1,0,1,0.48,0.29,0.29,0.0476190476190476,0.0476190476190476,0.028675286636565,0.561237416764781,0,0,10.1247766328209,12.2805766703782,0,1.03684724805345,0.0376119402985074,0.0600000000000005,0.0800000000000001,0.0800000000000018,NaN,NaN,1370,1370,1370,0,0,3288,3288,0,0,0,0,0,0,0,0,0,0,0,0,0,1,32,32,0,0,0,0,0,0,0,0.350719999999954,0,0,0,0.35048036831221,0.379028108105194,0,0,0,0,0,0.350719999999999,4.20863999999999,0,0,0,0,0.841727999999998,114.166666666667,274,0,0.0113449610590032,0.0215257762982324,NaN,NaN,1,3288,0,0,0,0,0,1.0867624,0,1490300,0,110997400,0,258101651,tdma,periodic-frontier,none,full-mission-static-tdma,none,continuous-local-static-tdma,NaN,22.8377777777777,NaN,22.8333333333333,22.8333333333333,NaN,NaN,NaN,NaN,NaN,NaN,NaN,NaN,1370,NaN,NaN,NaN,0,0,1,0,NaN,NaN,NaN,NaN,NaN,0,0,NaN,0,0,0.350719999999999,1370,nominal,full,0,0,503445149511,0,0,0,0,0,0,0,0,1,0,0,0,0,0,0,NaN,0,0,NaN,NaN,5,1,0,0,1,188728106237,2648,1370,0.00146005840233609,0.00453205840233609,Inf,2.77555756156289e-17,0.00025,40,25.3420015449462,1,periodic-static,0,0,0,0.350719999999999,0,NaN,NaN,NaN,NaN,NaN,NaN,NaN,NaN,NaN,NaN,NaN,NaN,NaN,NaN,NaN,NaN,NaN,NaN,NaN,NaN,NaN,NaN,NaN,NaN,NaN,NaN,NaN
candidate-targeted-frontier-falsification,16048022,n5-6dof-zero-loss,N5 6-DOF zero-loss,EXP22G targeted frontier,periodic-cost-minus2pct,2,22.3810222222222,periodic,Periodic static TDMA / 2% below ELCS cost,none,5,ring2,6dof,tdma,1,1,0,1,0.48,0.29,0.29,0.0476190476190476,0.0476190476190476,0.0288870154022126,0.561131175018785,0,0,10.1247766328209,12.3138305152612,0,1.03682794126458,0.0381011608623548,0.0600000000000005,0.0800000000000001,0.0800000000000001,NaN,NaN,1345,1344,1344,0,0,3225,3225,0,0,0,0,0,0,0,0,0,0,0,0,0,1,32,32,0,0,0,0,0,0,0,0.344063999999956,0,0,0,0.340882043517635,0.376070824634519,0,0,0,0,0,0.344063999999998,4.12876799999998,0,0,0,0,0.825753599999995,112,268.75,0,0.0113155690152994,0.0215059761262012,NaN,NaN,0.999997785577466,3225,0,0,0,0,0,1.1113458,0,1490300,0,110997400,0,257801530,tdma,periodic-frontier,none,full-mission-static-tdma,none,continuous-local-static-tdma,NaN,22.3810222222222,NaN,22.4,22.3333333333333,NaN,NaN,NaN,NaN,NaN,NaN,NaN,NaN,1344,NaN,NaN,NaN,0,0,1,0,NaN,NaN,NaN,NaN,NaN,0,0,NaN,0,0,0.344063999999998,1344,nominal,full,0,0,503445149511,0,0,0,0,0,0,0,0,1,0,0,0,0,0,0,NaN,0,0,NaN,NaN,5,1,0,0,1,188728106237,2648,1344,0.00146005840233609,0.00453205840233609,Inf,2.77555756156289e-17,0.00025,40,25.3420015449462,1,periodic-static,0,0,0,0.344063999999998,0,NaN,NaN,NaN,NaN,NaN,NaN,NaN,NaN,NaN,NaN,NaN,NaN,NaN,NaN,NaN,NaN,NaN,NaN,NaN,NaN,NaN,NaN,NaN,NaN,NaN,NaN,NaN
candidate-targeted-frontier-falsification,16048022,n5-6dof-zero-loss,N5 6-DOF zero-loss,EXP22G targeted frontier,elcs-f-mission-affine,3,50,periodic,ELCS-F / mission affine clock,none,5,ring2,6dof,tdma,1,1,0,1,0.48,0.29,0.29,0.0476190476190476,0.0476190476190476,0.0301213854081922,0.559456538441922,0,0,10.1754456973034,12.3395400060949,0,1.0368619470843,0.040995024875622,0.0600000000000005,0.0600000000000005,0.0600000000000005,NaN,NaN,3000,1053,1053,0,0,2527,2527,0,0,0,0,0,0,0,0,0,0,1944,0,0,1,32,32,0,0,0,0,0,0,0,0.350634666666645,0,0,0,0,0,0,0,0,0,0,0.350634666666666,3.23481599999997,0,0,0,0,0.841523199999997,87.75,210.583333333333,0,0.0100471538423898,0.0189923977762133,NaN,NaN,0.999976551966704,2527,0,0,0,0,0,0.3192028,0,1490300,0,110997400,0,20152073795,tdma,candidate-elcs,none,edge-leased-certified-scheduling,none,continuous-elcs-replay,NaN,50,NaN,17.55,17.4166666666667,NaN,NaN,NaN,NaN,NaN,NaN,NaN,NaN,1053,NaN,NaN,NaN,0,0,1,0,NaN,NaN,NaN,NaN,NaN,0,0,NaN,0,0,0.350634666666666,1053,nominal,full,1,0,503445149511,0,0,0,0,0,0,0,0,1,0,0,0,0,0,0,0.283554993399736,1,0,NaN,NaN,5,1,0,0,1,188728106237,1053,1053,0.00146005840233609,0.00453205840233609,Inf,2.71050543121376e-20,0.00025,40,25.3420015449462,1,candidate-elcs,950,0.972800000000017,0.0810666666666681,0.350634666666666,1,5952808265,30434602805,1102951,1250835216,1053,1053,0,0,0,1,2527,0,0,2527,0,0,1,0,1,0.00109544818980112,2.71050543121376e-20,1,0,0,0,NaN,NaN
candidate-targeted-frontier-falsification,16048022,n10-ring2-zero-loss,N10 ring2 zero-loss,EXP22G targeted frontier,periodic-cost-match,1,12.2705555555555,periodic,Periodic static TDMA / ELCS cost match,none,10,ring2,di,tdma,1,1,0,1,0.26,0.097,0.097,0.0277777777777778,0.0277777777777778,0.0506995925708236,0.542354155228684,0,0,NaN,NaN,NaN,NaN,0.0669613471106007,0.119999999999999,0.120000000000001,0.140000000000001,NaN,NaN,1480,1473,1473,0,0,3829,3829,0,0,0,0,0,0,0,0,0,0,0,0,0,1,32,32,0,0,0,0,0,0,0,0.377087999999951,0,0,0,0.376635523518611,0.411625098026999,0,0,0,0,0,0.377088000000002,4.52505600000003,0,0,0,0,0.905011200000006,122.75,319.083333333333,0,0.0226198639846199,0.0430550371427593,NaN,NaN,0.999990321465607,3829,0,0,0,0,0,1.2359293,0,710351,0,410907079,0,268342134,tdma,periodic-frontier,none,full-mission-static-tdma,none,continuous-local-static-tdma,NaN,12.2705555555555,NaN,12.275,12.25,NaN,NaN,NaN,NaN,NaN,NaN,NaN,NaN,1473,NaN,NaN,NaN,0,0,1,0,NaN,NaN,NaN,NaN,NaN,0,0,NaN,0,0,0.377088000000002,1473,nominal,full,0,0,1951373047577,0,0,0,0,0,0,0,0,1,0,0,0,0,0,0,NaN,0,0,NaN,NaN,10,1,0,0,1,691864220885,2647,1473,0.00146005840233609,0.00453205840233609,Inf,0,0.00025,40,35.5280334441904,1,periodic-static,0,0,0,0.377088000000002,0,NaN,NaN,NaN,NaN,NaN,NaN,NaN,NaN,NaN,NaN,NaN,NaN,NaN,NaN,NaN,NaN,NaN,NaN,NaN,NaN,NaN,NaN,NaN,NaN,NaN,NaN,NaN
candidate-targeted-frontier-falsification,16048022,n10-ring2-zero-loss,N10 ring2 zero-loss,EXP22G targeted frontier,periodic-cost-minus2pct,2,12.0251444444444,periodic,Periodic static TDMA / 2% below ELCS cost,none,10,ring2,di,tdma,1,1,0,1,0.26,0.097,0.097,0.0277777777777778,0.0277777777777778,0.0514350940086021,0.540918660425721,0,0,NaN,NaN,NaN,NaN,0.0679104477611933,0.119999999999999,0.120000000000001,0.139999999999999,NaN,NaN,1450,1443,1443,0,0,3751,3751,0,0,0,0,0,0,0,0,0,0,0,0,0,1,32,32,0,0,0,0,0,0,0,0.369407999999952,0,0,0,0.367503669927535,0.405459308079824,0,0,0,0,0,0.369408000000001,4.43289600000002,0,0,0,0,0.886579200000003,120.25,312.583333333333,0,0.0227112009900036,0.0431669979090408,NaN,NaN,0.999989914852541,3751,0,0,0,0,0,1.2300084,0,710351,0,410907079,0,268532572,tdma,periodic-frontier,none,full-mission-static-tdma,none,continuous-local-static-tdma,NaN,12.0251444444444,NaN,12.025,12,NaN,NaN,NaN,NaN,NaN,NaN,NaN,NaN,1443,NaN,NaN,NaN,0,0,1,0,NaN,NaN,NaN,NaN,NaN,0,0,NaN,0,0,0.369408000000001,1443,nominal,full,0,0,1951373047577,0,0,0,0,0,0,0,0,1,0,0,0,0,0,0,NaN,0,0,NaN,NaN,10,1,0,0,1,691864220885,2647,1443,0.00146005840233609,0.00453205840233609,Inf,0,0.00025,40,35.5280334441904,1,periodic-static,0,0,0,0.369408000000001,0,NaN,NaN,NaN,NaN,NaN,NaN,NaN,NaN,NaN,NaN,NaN,NaN,NaN,NaN,NaN,NaN,NaN,NaN,NaN,NaN,NaN,NaN,NaN,NaN,NaN,NaN,NaN
candidate-targeted-frontier-falsification,16048022,n10-ring2-zero-loss,N10 ring2 zero-loss,EXP22G targeted frontier,elcs-f-mission-affine,3,50,periodic,ELCS-F / mission affine clock,none,10,ring2,di,tdma,1,1,0,1,0.26,0.097,0.097,0.0277777777777778,0.0277777777777778,0.0508641286749745,0.542642301452748,0,0,NaN,NaN,NaN,NaN,0.0654496747034059,0.119999999999999,0.120000000000001,0.120000000000001,NaN,NaN,6000,1119,1119,0,0,2913,2911,2,0,0,0,0,0,0,2,0.00178731009830206,0,4871,0,0,1,32,32,0,0,0,0,0,0,0,0.268856800269752,0,0,0,0,0,0,0,0,0,0,0.378282666666665,3.43756799999997,0,0,0,0,0.907878399999995,93.25,242.583333333333,0,0.0100871434552548,0.0189827568640252,NaN,NaN,0.999689433555547,2913,0,0,0,0,0,0.403052,0,710351,0,410907079,0,43064686368,tdma,candidate-elcs,none,edge-leased-certified-scheduling,none,continuous-elcs-replay,NaN,50,NaN,9.325,9.08333333333333,NaN,NaN,NaN,NaN,NaN,NaN,NaN,NaN,1119,NaN,NaN,NaN,0,0,1,2,NaN,NaN,NaN,NaN,NaN,0,0,NaN,0,0,0.378282666666665,1119,nominal,full,1,0,1951373047577,0,0,0,0,0,0,0,0,1,0,0,0,0,0,0,1.04138871794872,1,0,NaN,NaN,10,0,0,0,1,691864220885,1119,1119,0.00146005840233609,0.00453205840233609,Inf,1.11022302462516e-16,0.00025,40,35.5280334441904,1,candidate-elcs,1076,1.10182400000001,0.0918186666666674,0.378282666666665,1,7014546621,113437485290,1800494,2108900679,1119,1119,0,0,2,1,2911,0,2,2911,0,2,1,0,1,0.0011844901376421,1.11022302462516e-16,1,0,0,0,NaN,NaN
candidate-targeted-frontier-falsification,16048023,n5-6dof-zero-loss,N5 6-DOF zero-loss,EXP22G targeted frontier,periodic-cost-match,1,22.8377777777777,periodic,Periodic static TDMA / ELCS cost match,none,5,ring2,6dof,tdma,1,1,0,1,0.48,0.29,0.29,0.0476190476190476,0.0476190476190476,0.0286290938501453,0.561222502722034,0,0,10.1247766328209,12.2805766703782,0,1.03684929399625,0.0373134328358208,0.0600000000000005,0.0800000000000001,0.0800000000000018,NaN,NaN,1370,1370,1370,0,0,3288,3288,0,0,0,0,0,0,0,0,0,0,0,0,0,1,32,32,0,0,0,0,0,0,0,0.350719999999957,0,0,0,0.347513977693532,0.380941907768546,0,0,0,0,0,0.350719999999999,4.20863999999999,0,0,0,0,0.841727999999998,114.166666666667,274,0,0.0112898810701029,0.0214804782436424,NaN,NaN,1,3288,0,0,0,0,0,1.0983877,0,1075108,0,110997400,0,258101653,tdma,periodic-frontier,none,full-mission-static-tdma,none,continuous-local-static-tdma,NaN,22.8377777777777,NaN,22.8333333333333,22.8333333333333,NaN,NaN,NaN,NaN,NaN,NaN,NaN,NaN,1370,NaN,NaN,NaN,0,0,1,0,NaN,NaN,NaN,NaN,NaN,0,0,NaN,0,0,0.350719999999999,1370,nominal,full,0,0,503065006286,0,0,0,0,0,0,0,0,1,0,0,0,0,0,0,NaN,0,0,NaN,NaN,5,1,0,0,1,188780658010,2647,1370,0.00146005840233609,0.00453205840233609,Inf,0,0.00025,40,33.340129902315,1,periodic-static,0,0,0,0.350719999999999,0,NaN,NaN,NaN,NaN,NaN,NaN,NaN,NaN,NaN,NaN,NaN,NaN,NaN,NaN,NaN,NaN,NaN,NaN,NaN,NaN,NaN,NaN,NaN,NaN,NaN,NaN,NaN
candidate-targeted-frontier-falsification,16048023,n5-6dof-zero-loss,N5 6-DOF zero-loss,EXP22G targeted frontier,periodic-cost-minus2pct,2,22.3810222222222,periodic,Periodic static TDMA / 2% below ELCS cost,none,5,ring2,6dof,tdma,1,1,0,1,0.48,0.29,0.29,0.0476190476190476,0.0476190476190476,0.0289438180665475,0.561070036792477,0,0,10.1247766328209,12.3138305152612,0,1.03682904941476,0.0381260364842454,0.0600000000000005,0.0800000000000001,0.0800000000000001,NaN,NaN,1345,1343,1343,0,0,3223,3223,0,0,0,0,0,0,0,0,0,0,0,0,0,1,32,32,0,0,0,0,0,0,0,0.343807999999955,0,0,0,0.340634991963915,0.369508911863503,0,0,0,0,0,0.343807999999998,4.12569599999998,0,0,0,0,0.825139199999995,111.916666666667,268.583333333333,0,0.0112765846955712,0.0214943058732985,NaN,NaN,0.999996673421469,3223,0,0,0,0,0,1.0793025,0,1075108,0,110997400,0,257801532,tdma,periodic-frontier,none,full-mission-static-tdma,none,continuous-local-static-tdma,NaN,22.3810222222222,NaN,22.3833333333333,22.3333333333333,NaN,NaN,NaN,NaN,NaN,NaN,NaN,NaN,1343,NaN,NaN,NaN,0,0,1,0,NaN,NaN,NaN,NaN,NaN,0,0,NaN,0,0,0.343807999999998,1343,nominal,full,0,0,503065006286,0,0,0,0,0,0,0,0,1,0,0,0,0,0,0,NaN,0,0,NaN,NaN,5,1,0,0,1,188780658010,2647,1343,0.00146005840233609,0.00453205840233609,Inf,0,0.00025,40,33.340129902315,1,periodic-static,0,0,0,0.343807999999998,0,NaN,NaN,NaN,NaN,NaN,NaN,NaN,NaN,NaN,NaN,NaN,NaN,NaN,NaN,NaN,NaN,NaN,NaN,NaN,NaN,NaN,NaN,NaN,NaN,NaN,NaN,NaN
candidate-targeted-frontier-falsification,16048023,n5-6dof-zero-loss,N5 6-DOF zero-loss,EXP22G targeted frontier,elcs-f-mission-affine,3,50,periodic,ELCS-F / mission affine clock,none,5,ring2,6dof,tdma,1,1,0,1,0.48,0.29,0.29,0.0476190476190476,0.0476190476190476,0.0301230189485903,0.559284833621819,0,0,10.1699743432564,12.3300917530158,0,1.03685697886812,0.0409286898839139,0.0600000000000005,0.0600000000000005,0.0600000000000005,NaN,NaN,3000,1054,1054,0,0,2528,2528,0,0,0,0,0,0,0,0,0,0,1943,0,0,1,32,32,0,0,0,0,0,0,0,0.350638850443067,0,0,0,0,0,0,0,0,0,0,0.350890666666666,3.23788799999997,0,0,0,0,0.842137599999997,87.8333333333333,210.666666666667,0,0.01002255034547,0.0189661369046567,NaN,NaN,0.999969395562357,2528,0,0,0,0,0,0.3120346,0,1075108,0,110997400,0,20144987164,tdma,candidate-elcs,none,edge-leased-certified-scheduling,none,continuous-elcs-replay,NaN,50,NaN,17.5666666666667,17.4166666666667,NaN,NaN,NaN,NaN,NaN,NaN,NaN,NaN,1054,NaN,NaN,NaN,0,0,1,0,NaN,NaN,NaN,NaN,NaN,0,0,NaN,0,0,0.350890666666666,1054,nominal,full,1,0,503065006286,0,0,0,0,0,0,0,0,1,0,0,0,0,0,0,0.283554993399736,1,0,NaN,NaN,5,1,0,0,1,188780658010,1054,1054,0.00146005840233609,0.00453205840233609,Inf,2.71050543121376e-20,0.00025,40,33.340129902315,1,candidate-elcs,950,0.972800000000017,0.0810666666666681,0.350890666666666,1,5962657886,30450949167,1102951,1252291817,1054,1054,0,0,0,1,2528,0,0,2528,0,0,1,0,1,0.000789046515411229,2.71050543121376e-20,1,0,0,0,NaN,NaN
candidate-targeted-frontier-falsification,16048023,n10-ring2-zero-loss,N10 ring2 zero-loss,EXP22G targeted frontier,periodic-cost-match,1,12.2705555555555,periodic,Periodic static TDMA / ELCS cost match,none,10,ring2,di,tdma,1,1,0,1,0.26,0.097,0.097,0.0277777777777778,0.0277777777777778,0.0507818258094944,0.542280173296914,0,0,NaN,NaN,NaN,NaN,0.0670149253731342,0.119999999999999,0.120000000000001,0.140000000000001,NaN,NaN,1480,1474,1474,0,0,3832,3832,0,0,0,0,0,0,0,0,0,0,0,0,0,1,32,32,0,0,0,0,0,0,0,0.377343999999951,0,0,0,0.377010182918882,0.416078179910589,0,0,0,0,0,0.377344000000003,4.52812800000003,0,0,0,0,0.905625600000006,122.833333333333,319.333333333333,0,0.022624203270672,0.0430930399564982,NaN,NaN,0.999988953836241,3832,0,0,0,0,0,1.2649259,0,143105,0,410907079,0,268342136,tdma,periodic-frontier,none,full-mission-static-tdma,none,continuous-local-static-tdma,NaN,12.2705555555555,NaN,12.2833333333333,12.25,NaN,NaN,NaN,NaN,NaN,NaN,NaN,NaN,1474,NaN,NaN,NaN,0,0,1,0,NaN,NaN,NaN,NaN,NaN,0,0,NaN,0,0,0.377344000000003,1474,nominal,full,0,0,1949936947642,0,0,0,0,0,0,0,0,1,0,0,0,0,0,0,NaN,0,0,NaN,NaN,10,1,0,0,1,692322108120,2648,1474,0.00146005840233609,0.00453205840233609,Inf,8.88178419700125e-16,0.00025,40,38.4074360814702,1,periodic-static,0,0,0,0.377344000000003,0,NaN,NaN,NaN,NaN,NaN,NaN,NaN,NaN,NaN,NaN,NaN,NaN,NaN,NaN,NaN,NaN,NaN,NaN,NaN,NaN,NaN,NaN,NaN,NaN,NaN,NaN,NaN
candidate-targeted-frontier-falsification,16048023,n10-ring2-zero-loss,N10 ring2 zero-loss,EXP22G targeted frontier,periodic-cost-minus2pct,2,12.0251444444444,periodic,Periodic static TDMA / 2% below ELCS cost,none,10,ring2,di,tdma,1,1,0,1,0.26,0.097,0.097,0.0277777777777778,0.0277777777777778,0.0513718989914559,0.541153328642061,0,0,NaN,NaN,NaN,NaN,0.068094144661308,0.119999999999999,0.120000000000001,0.139999999999999,NaN,NaN,1450,1444,1444,0,0,3754,3754,0,0,0,0,0,0,0,0,0,0,0,0,0,1,32,32,0,0,0,0,0,0,0,0.369663999999953,0,0,0,0.367298272692734,0.408892808629151,0,0,0,0,0,0.369664000000001,4.43596800000002,0,0,0,0,0.887193600000004,120.333333333333,312.833333333333,0,0.0226827298663971,0.0431376573829944,NaN,NaN,0.999988490091887,3754,0,0,0,0,0,1.206534,0,143105,0,410907079,0,268532574,tdma,periodic-frontier,none,full-mission-static-tdma,none,continuous-local-static-tdma,NaN,12.0251444444444,NaN,12.0333333333333,12,NaN,NaN,NaN,NaN,NaN,NaN,NaN,NaN,1444,NaN,NaN,NaN,0,0,1,0,NaN,NaN,NaN,NaN,NaN,0,0,NaN,0,0,0.369664000000001,1444,nominal,full,0,0,1949936947642,0,0,0,0,0,0,0,0,1,0,0,0,0,0,0,NaN,0,0,NaN,NaN,10,1,0,0,1,692322108120,2648,1444,0.00146005840233609,0.00453205840233609,Inf,8.88178419700125e-16,0.00025,40,38.4074360814702,1,periodic-static,0,0,0,0.369664000000001,0,NaN,NaN,NaN,NaN,NaN,NaN,NaN,NaN,NaN,NaN,NaN,NaN,NaN,NaN,NaN,NaN,NaN,NaN,NaN,NaN,NaN,NaN,NaN,NaN,NaN,NaN,NaN
candidate-targeted-frontier-falsification,16048023,n10-ring2-zero-loss,N10 ring2 zero-loss,EXP22G targeted frontier,elcs-f-mission-affine,3,50,periodic,ELCS-F / mission affine clock,none,10,ring2,di,tdma,1,1,0,1,0.26,0.097,0.097,0.0277777777777778,0.0277777777777778,0.0509127169653549,0.542524176735216,0,0,NaN,NaN,NaN,NaN,0.0655262150784538,0.119999999999999,0.120000000000001,0.120000000000001,NaN,NaN,6000,1112,1112,0,0,2901,2899,2,0,0,0,0,0,0,2,0.00179856115107914,0,4878,0,0,1,32,32,0,0,0,0,0,0,0,0.26796634287718,0,0,0,0,0,0,0,0,0,0,0.376490666666665,3.41606399999997,0,0,0,0,0.903577599999995,92.6666666666667,241.583333333333,0,0.0100819735766137,0.0190450944704464,NaN,NaN,0.999566721634818,2901,0,0,0,0,0,0.4054619,0,143105,0,410907079,0,43031067853,tdma,candidate-elcs,none,edge-leased-certified-scheduling,none,continuous-elcs-replay,NaN,50,NaN,9.26666666666667,8.91666666666667,NaN,NaN,NaN,NaN,NaN,NaN,NaN,NaN,1112,NaN,NaN,NaN,0,0,1,2,NaN,NaN,NaN,NaN,NaN,0,0,NaN,0,0,0.376490666666665,1112,nominal,full,1,0,1949936947642,0,0,0,0,0,0,0,0,1,0,0,0,0,0,0,1.04138871794872,1,0,NaN,NaN,10,0,0,0,1,692322108120,1112,1112,0.00146005840233609,0.00453205840233609,Inf,5.42101086242752e-20,0.00025,40,38.4074360814702,1,candidate-elcs,1076,1.10182400000001,0.0918186666666674,0.376490666666665,1,6969003422,113229935862,1800494,2101402839,1112,1112,0,0,2,1,2899,0,2,2899,0,2,1,0,1,0.000742020254598685,5.42101086242752e-20,1,0,0,0,NaN,NaN
candidate-targeted-frontier-falsification,16048024,n5-6dof-zero-loss,N5 6-DOF zero-loss,EXP22G targeted frontier,periodic-cost-match,1,22.8377777777777,periodic,Periodic static TDMA / ELCS cost match,none,5,ring2,6dof,tdma,1,1,0,1,0.48,0.29,0.29,0.0476190476190476,0.0476190476190476,0.0286517143323126,0.561302695827526,0,0,10.1247766328209,12.2805766703782,0,1.03684948437203,0.0374792703150912,0.0600000000000005,0.0800000000000001,0.0800000000000018,NaN,NaN,1370,1370,1370,0,0,3288,3288,0,0,0,0,0,0,0,0,0,0,0,0,0,1,32,32,0,0,0,0,0,0,0,0.350719999999955,0,0,0,0.349131427748419,0.381957769123553,0,0,0,0,0,0.350719999999999,4.20863999999999,0,0,0,0,0.841727999999998,114.166666666667,274,0,0.0112877402126837,0.0214477278613935,NaN,NaN,1,3288,0,0,0,0,0,1.0784795,0,636102,0,110997400,0,258101655,tdma,periodic-frontier,none,full-mission-static-tdma,none,continuous-local-static-tdma,NaN,22.8377777777777,NaN,22.8333333333333,22.8333333333333,NaN,NaN,NaN,NaN,NaN,NaN,NaN,NaN,1370,NaN,NaN,NaN,0,0,1,0,NaN,NaN,NaN,NaN,NaN,0,0,NaN,0,0,0.350719999999999,1370,nominal,full,0,0,503413280900,0,0,0,0,0,0,0,0,1,0,0,0,0,0,0,NaN,0,0,NaN,NaN,5,1,0,0,1,189032605625,2647,1370,0.00146005840233609,0.00453205840233609,Inf,0,0.00025,40,10.7905557621068,1,periodic-static,0,0,0,0.350719999999999,0,NaN,NaN,NaN,NaN,NaN,NaN,NaN,NaN,NaN,NaN,NaN,NaN,NaN,NaN,NaN,NaN,NaN,NaN,NaN,NaN,NaN,NaN,NaN,NaN,NaN,NaN,NaN
candidate-targeted-frontier-falsification,16048024,n5-6dof-zero-loss,N5 6-DOF zero-loss,EXP22G targeted frontier,periodic-cost-minus2pct,2,22.3810222222222,periodic,Periodic static TDMA / 2% below ELCS cost,none,5,ring2,6dof,tdma,1,1,0,1,0.48,0.29,0.29,0.0476190476190476,0.0476190476190476,0.0289686091084654,0.561169562812617,0,0,10.1247766328209,12.3138305152612,0,1.0368295232752,0.0380762852404643,0.0600000000000005,0.0800000000000001,0.0800000000000001,NaN,NaN,1345,1343,1343,0,0,3223,3223,0,0,0,0,0,0,0,0,0,0,0,0,0,1,32,32,0,0,0,0,0,0,0,0.343807999999954,0,0,0,0.342461367809453,0.374070432365661,0,0,0,0,0,0.343807999999998,4.12569599999998,0,0,0,0,0.825139199999995,111.916666666667,268.583333333333,0,0.0112536656387637,0.0214480941009835,NaN,NaN,0.999996673421469,3223,0,0,0,0,0,1.0960496,0,636102,0,110997400,0,257801534,tdma,periodic-frontier,none,full-mission-static-tdma,none,continuous-local-static-tdma,NaN,22.3810222222222,NaN,22.3833333333333,22.3333333333333,NaN,NaN,NaN,NaN,NaN,NaN,NaN,NaN,1343,NaN,NaN,NaN,0,0,1,0,NaN,NaN,NaN,NaN,NaN,0,0,NaN,0,0,0.343807999999998,1343,nominal,full,0,0,503413280900,0,0,0,0,0,0,0,0,1,0,0,0,0,0,0,NaN,0,0,NaN,NaN,5,1,0,0,1,189032605625,2647,1343,0.00146005840233609,0.00453205840233609,Inf,0,0.00025,40,10.7905557621068,1,periodic-static,0,0,0,0.343807999999998,0,NaN,NaN,NaN,NaN,NaN,NaN,NaN,NaN,NaN,NaN,NaN,NaN,NaN,NaN,NaN,NaN,NaN,NaN,NaN,NaN,NaN,NaN,NaN,NaN,NaN,NaN,NaN
candidate-targeted-frontier-falsification,16048024,n5-6dof-zero-loss,N5 6-DOF zero-loss,EXP22G targeted frontier,elcs-f-mission-affine,3,50,periodic,ELCS-F / mission affine clock,none,5,ring2,6dof,tdma,1,1,0,1,0.48,0.29,0.29,0.0476190476190476,0.0476190476190476,0.0301194648530884,0.559406803776313,0,0,10.1091977536883,12.3031850568425,0,1.0368426330673,0.0409618573797679,0.0600000000000005,0.0600000000000005,0.0600000000000005,NaN,NaN,3000,1054,1053,0,0,2529,2527,2,0,0,0,0,0,0,2,0.00189753320683112,0,1943,0,0,1,32,32,0,0,0,0,0,0,0,0.35065461132912,0,0,0,0,0,0,0,0,0,0,0.350890666666666,3.23788799999997,0,0,0,0,0.842137599999997,87.75,210.583333333333,0,0.0100413859001703,0.0190075394554889,NaN,NaN,0.999976551966704,2529,0,0,0,0,0,0.308676,0,636102,0,110997400,0,20133829788,tdma,candidate-elcs,none,edge-leased-certified-scheduling,none,continuous-elcs-replay,NaN,50,NaN,17.55,17.4166666666667,NaN,NaN,NaN,NaN,NaN,NaN,NaN,NaN,1054,NaN,NaN,NaN,0,0,1,2,NaN,NaN,NaN,NaN,NaN,0,0,NaN,0,0,0.350890666666666,1054,nominal,full,1,0,503413280900,0,0,0,0,0,0,0,0,1,0,0,0,0,0,0,0.283554993399736,1,0,NaN,NaN,5,1,0,0,1,189032605625,1054,1054,0.00146005840233609,0.00453205840233609,Inf,4.74338450462408e-20,0.00025,40,10.7905557621068,1,candidate-elcs,950,0.972800000000017,0.0810666666666681,0.350890666666666,1,5971269642,30335519943,1102951,1252300353,1054,1054,0,0,2,1,2527,0,2,2527,0,2,1,0,1,0.00110658113499085,4.74338450462408e-20,1,0,0,0,NaN,NaN
candidate-targeted-frontier-falsification,16048024,n10-ring2-zero-loss,N10 ring2 zero-loss,EXP22G targeted frontier,periodic-cost-match,1,12.2705555555555,periodic,Periodic static TDMA / ELCS cost match,none,10,ring2,di,tdma,1,1,0,1,0.26,0.097,0.097,0.0277777777777778,0.0277777777777778,0.0506830597814566,0.542173057302151,0,0,NaN,NaN,NaN,NaN,0.0669383849980863,0.119999999999999,0.120000000000001,0.140000000000001,NaN,NaN,1480,1473,1473,0,0,3829,3829,0,0,0,0,0,0,0,0,0,0,0,0,0,1,32,32,0,0,0,0,0,0,0,0.377087999999951,0,0,0,0.376351071050999,0.41158041279624,0,0,0,0,0,0.377088000000002,4.52505600000003,0,0,0,0,0.905011200000006,122.75,319.083333333333,0,0.0226169111167021,0.0430533288834166,NaN,NaN,0.999990321465607,3829,0,0,0,0,0,1.2155432,0,1432640,0,410907079,0,268342138,tdma,periodic-frontier,none,full-mission-static-tdma,none,continuous-local-static-tdma,NaN,12.2705555555555,NaN,12.275,12.25,NaN,NaN,NaN,NaN,NaN,NaN,NaN,NaN,1473,NaN,NaN,NaN,0,0,1,0,NaN,NaN,NaN,NaN,NaN,0,0,NaN,0,0,0.377088000000002,1473,nominal,full,0,0,1949542553371,0,0,0,0,0,0,0,0,1,0,0,0,0,0,0,NaN,0,0,NaN,NaN,10,1,0,0,1,692459639152,2647,1473,0.00146005840233609,0.00453205840233609,Inf,0,0.00025,40,31.4502356223819,1,periodic-static,0,0,0,0.377088000000002,0,NaN,NaN,NaN,NaN,NaN,NaN,NaN,NaN,NaN,NaN,NaN,NaN,NaN,NaN,NaN,NaN,NaN,NaN,NaN,NaN,NaN,NaN,NaN,NaN,NaN,NaN,NaN
candidate-targeted-frontier-falsification,16048024,n10-ring2-zero-loss,N10 ring2 zero-loss,EXP22G targeted frontier,periodic-cost-minus2pct,2,12.0251444444444,periodic,Periodic static TDMA / 2% below ELCS cost,none,10,ring2,di,tdma,1,1,0,1,0.26,0.097,0.097,0.0277777777777778,0.0277777777777778,0.0513217403777049,0.541024951569441,0,0,NaN,NaN,NaN,NaN,0.0678185993111359,0.119999999999999,0.119999999999999,0.139999999999999,NaN,NaN,1450,1443,1443,0,0,3751,3751,0,0,0,0,0,0,0,0,0,0,0,0,0,1,32,32,0,0,0,0,0,0,0,0.369407999999952,0,0,0,0.3683954074492,0.407202485361245,0,0,0,0,0,0.369408000000001,4.43289600000002,0,0,0,0,0.886579200000003,120.25,312.583333333333,0,0.0226447819959456,0.0430311570437147,NaN,NaN,0.999989914852541,3751,0,0,0,0,0,1.2777715,0,1432640,0,410907079,0,268532576,tdma,periodic-frontier,none,full-mission-static-tdma,none,continuous-local-static-tdma,NaN,12.0251444444444,NaN,12.025,12,NaN,NaN,NaN,NaN,NaN,NaN,NaN,NaN,1443,NaN,NaN,NaN,0,0,1,0,NaN,NaN,NaN,NaN,NaN,0,0,NaN,0,0,0.369408000000001,1443,nominal,full,0,0,1949542553371,0,0,0,0,0,0,0,0,1,0,0,0,0,0,0,NaN,0,0,NaN,NaN,10,1,0,0,1,692459639152,2647,1443,0.00146005840233609,0.00453205840233609,Inf,0,0.00025,40,31.4502356223819,1,periodic-static,0,0,0,0.369408000000001,0,NaN,NaN,NaN,NaN,NaN,NaN,NaN,NaN,NaN,NaN,NaN,NaN,NaN,NaN,NaN,NaN,NaN,NaN,NaN,NaN,NaN,NaN,NaN,NaN,NaN,NaN,NaN
candidate-targeted-frontier-falsification,16048024,n10-ring2-zero-loss,N10 ring2 zero-loss,EXP22G targeted frontier,elcs-f-mission-affine,3,50,periodic,ELCS-F / mission affine clock,none,10,ring2,di,tdma,1,1,0,1,0.26,0.097,0.097,0.0277777777777778,0.0277777777777778,0.0508885099110034,0.542660422820593,0,0,NaN,NaN,NaN,NaN,0.0653157290470722,0.119999999999999,0.120000000000001,0.120000000000001,NaN,NaN,6000,1112,1112,0,0,2901,2901,0,0,0,0,0,0,0,0,0,0,4878,0,0,1,32,32,0,0,0,0,0,0,0,0.271058044160891,0,0,0,0,0,0,0,0,0,0,0.376490666666665,3.41606399999997,0,0,0,0,0.903577599999995,92.6666666666667,241.75,0,0.00998821081861088,0.0189720146159148,NaN,NaN,0.999388992160349,2901,0,0,0,0,0,0.398324,0,1432640,0,410907079,0,43032632223,tdma,candidate-elcs,none,edge-leased-certified-scheduling,none,continuous-elcs-replay,NaN,50,NaN,9.26666666666667,8.91666666666667,NaN,NaN,NaN,NaN,NaN,NaN,NaN,NaN,1112,NaN,NaN,NaN,0,0,1,0,NaN,NaN,NaN,NaN,NaN,0,0,NaN,0,0,0.376490666666665,1112,nominal,full,1,0,1949542553371,0,0,0,0,0,0,0,0,1,0,0,0,0,0,0,1.04138871794872,1,0,NaN,NaN,10,0,0,0,1,692459639152,1112,1112,0.00146005840233609,0.00453205840233609,Inf,1.11022302462516e-16,0.00025,40,31.4502356223819,1,candidate-elcs,1076,1.10182400000001,0.0918186666666674,0.376490666666665,1,6963080274,113456003357,1800494,2101379224,1112,1112,0,0,0,1,2901,0,0,2901,0,0,1,0,1,0.00089909584381509,1.11022302462516e-16,1,0,0,0,NaN,NaN
candidate-targeted-frontier-falsification,16048025,n5-6dof-zero-loss,N5 6-DOF zero-loss,EXP22G targeted frontier,periodic-cost-match,1,22.8377777777777,periodic,Periodic static TDMA / ELCS cost match,none,5,ring2,6dof,tdma,1,1,0,1,0.48,0.29,0.29,0.0476190476190476,0.0476190476190476,0.0286533586965043,0.561229848613966,0,0,10.1247766328209,12.2805766703782,0,1.0368489759268,0.0375538971807628,0.0600000000000005,0.0800000000000001,0.0800000000000018,NaN,NaN,1370,1370,1370,0,0,3288,3288,0,0,0,0,0,0,0,0,0,0,0,0,0,1,32,32,0,0,0,0,0,0,0,0.350719999999955,0,0,0,0.350187653964743,0.381760551444061,0,0,0,0,0,0.350719999999999,4.20863999999999,0,0,0,0,0.841727999999998,114.166666666667,274,0,0.0112978182969276,0.0214469516872334,NaN,NaN,1,3288,0,0,0,0,0,1.1091023,0,414072,0,110997400,0,258101657,tdma,periodic-frontier,none,full-mission-static-tdma,none,continuous-local-static-tdma,NaN,22.8377777777777,NaN,22.8333333333333,22.8333333333333,NaN,NaN,NaN,NaN,NaN,NaN,NaN,NaN,1370,NaN,NaN,NaN,0,0,1,0,NaN,NaN,NaN,NaN,NaN,0,0,NaN,0,0,0.350719999999999,1370,nominal,full,0,0,503270897229,0,0,0,0,0,0,0,0,1,0,0,0,0,0,0,NaN,0,0,NaN,NaN,5,1,0,0,1,188918268793,2647,1370,0.00146005840233609,0.00453205840233609,Inf,2.77555756156289e-17,0.00025,40,34.2097988580626,1,periodic-static,0,0,0,0.350719999999999,0,NaN,NaN,NaN,NaN,NaN,NaN,NaN,NaN,NaN,NaN,NaN,NaN,NaN,NaN,NaN,NaN,NaN,NaN,NaN,NaN,NaN,NaN,NaN,NaN,NaN,NaN,NaN
candidate-targeted-frontier-falsification,16048025,n5-6dof-zero-loss,N5 6-DOF zero-loss,EXP22G targeted frontier,periodic-cost-minus2pct,2,22.3810222222222,periodic,Periodic static TDMA / 2% below ELCS cost,none,5,ring2,6dof,tdma,1,1,0,1,0.48,0.29,0.29,0.0476190476190476,0.0476190476190476,0.0289718033730959,0.561093895273195,0,0,10.1247766328209,12.3138305152612,0,1.03682902776463,0.0383001658374792,0.0600000000000005,0.0800000000000001,0.0800000000000001,NaN,NaN,1345,1343,1343,0,0,3223,3223,0,0,0,0,0,0,0,0,0,0,0,0,0,1,32,32,0,0,0,0,0,0,0,0.343807999999955,0,0,0,0.342485321105699,0.375943272484428,0,0,0,0,0,0.343807999999998,4.12569599999998,0,0,0,0,0.825139199999995,111.916666666667,268.583333333333,0,0.0113125777841822,0.0215144161992046,NaN,NaN,0.999996673421469,3223,0,0,0,0,0,1.0731359,0,414072,0,110997400,0,257801536,tdma,periodic-frontier,none,full-mission-static-tdma,none,continuous-local-static-tdma,NaN,22.3810222222222,NaN,22.3833333333333,22.3333333333333,NaN,NaN,NaN,NaN,NaN,NaN,NaN,NaN,1343,NaN,NaN,NaN,0,0,1,0,NaN,NaN,NaN,NaN,NaN,0,0,NaN,0,0,0.343807999999998,1343,nominal,full,0,0,503270897229,0,0,0,0,0,0,0,0,1,0,0,0,0,0,0,NaN,0,0,NaN,NaN,5,1,0,0,1,188918268793,2647,1343,0.00146005840233609,0.00453205840233609,Inf,2.77555756156289e-17,0.00025,40,34.2097988580626,1,periodic-static,0,0,0,0.343807999999998,0,NaN,NaN,NaN,NaN,NaN,NaN,NaN,NaN,NaN,NaN,NaN,NaN,NaN,NaN,NaN,NaN,NaN,NaN,NaN,NaN,NaN,NaN,NaN,NaN,NaN,NaN,NaN
candidate-targeted-frontier-falsification,16048025,n5-6dof-zero-loss,N5 6-DOF zero-loss,EXP22G targeted frontier,elcs-f-mission-affine,3,50,periodic,ELCS-F / mission affine clock,none,5,ring2,6dof,tdma,1,1,0,1,0.48,0.29,0.29,0.0476190476190476,0.0476190476190476,0.0300990996371607,0.559398172089904,0,0,10.0770181191835,12.3391163797221,0,1.03685850247607,0.0409286898839139,0.0600000000000005,0.0600000000000005,0.0600000000000005,NaN,NaN,3000,1052,1052,0,0,2525,2525,0,0,0,0,0,0,0,0,0,0,1945,0,0,1,32,32,0,0,0,0,0,0,0,0.350378666666645,0,0,0,0,0,0,0,0,0,0,0.350378666666666,3.23174399999997,0,0,0,0,0.840908799999997,87.6666666666667,210.416666666667,0,0.00999961382204302,0.018946327211878,NaN,NaN,0.999976507368554,2525,0,0,0,0,0,0.3139957,0,414072,0,110997400,0,20105565510,tdma,candidate-elcs,none,edge-leased-certified-scheduling,none,continuous-elcs-replay,NaN,50,NaN,17.5333333333333,17.4166666666667,NaN,NaN,NaN,NaN,NaN,NaN,NaN,NaN,1052,NaN,NaN,NaN,0,0,1,0,NaN,NaN,NaN,NaN,NaN,0,0,NaN,0,0,0.350378666666666,1052,nominal,full,1,0,503270897229,0,0,0,0,0,0,0,0,1,0,0,0,0,0,0,0.283554993399736,1,0,NaN,NaN,5,1,0,0,1,188918268793,1052,1052,0.00146005840233609,0.00453205840233609,Inf,4.2351647362715e-20,0.00025,40,34.2097988580626,1,candidate-elcs,950,0.972800000000017,0.0810666666666681,0.350378666666666,1,5950694502,30435358923,1102951,1258809659,1052,1052,0,0,0,1,2525,0,0,2525,0,0,1,0,1,0.000956938743659208,4.2351647362715e-20,1,0,0,0,NaN,NaN
candidate-targeted-frontier-falsification,16048025,n10-ring2-zero-loss,N10 ring2 zero-loss,EXP22G targeted frontier,periodic-cost-match,1,12.2705555555555,periodic,Periodic static TDMA / ELCS cost match,none,10,ring2,di,tdma,1,1,0,1,0.26,0.097,0.097,0.0277777777777778,0.0277777777777778,0.0508443428247134,0.542182396365605,0,0,NaN,NaN,NaN,NaN,0.0670838117106772,0.119999999999999,0.120000000000001,0.140000000000001,NaN,NaN,1480,1474,1474,0,0,3832,3832,0,0,0,0,0,0,0,0,0,0,0,0,0,1,32,32,0,0,0,0,0,0,0,0.377343999999951,0,0,0,0.376841794872681,0.419369183283559,0,0,0,0,0,0.377344000000003,4.52812800000003,0,0,0,0,0.905625600000006,122.833333333333,319.333333333333,0,0.0225838455492802,0.0429941261149686,NaN,NaN,0.999988953836241,3832,0,0,0,0,0,1.2262378,0,1549465,0,410907079,0,268342140,tdma,periodic-frontier,none,full-mission-static-tdma,none,continuous-local-static-tdma,NaN,12.2705555555555,NaN,12.2833333333333,12.25,NaN,NaN,NaN,NaN,NaN,NaN,NaN,NaN,1474,NaN,NaN,NaN,0,0,1,0,NaN,NaN,NaN,NaN,NaN,0,0,NaN,0,0,0.377344000000003,1474,nominal,full,0,0,1950434446107,0,0,0,0,0,0,0,0,1,0,0,0,0,0,0,NaN,0,0,NaN,NaN,10,1,0,0,1,691891380960,2648,1474,0.00146005840233609,0.00453205840233609,Inf,0,0.00025,40,35.381918837806,1,periodic-static,0,0,0,0.377344000000003,0,NaN,NaN,NaN,NaN,NaN,NaN,NaN,NaN,NaN,NaN,NaN,NaN,NaN,NaN,NaN,NaN,NaN,NaN,NaN,NaN,NaN,NaN,NaN,NaN,NaN,NaN,NaN
candidate-targeted-frontier-falsification,16048025,n10-ring2-zero-loss,N10 ring2 zero-loss,EXP22G targeted frontier,periodic-cost-minus2pct,2,12.0251444444444,periodic,Periodic static TDMA / 2% below ELCS cost,none,10,ring2,di,tdma,1,1,0,1,0.26,0.097,0.097,0.0277777777777778,0.0277777777777778,0.0512216504151042,0.54082786300828,0,0,NaN,NaN,NaN,NaN,0.0679104477611933,0.119999999999999,0.119999999999999,0.139999999999999,NaN,NaN,1450,1444,1444,0,0,3754,3754,0,0,0,0,0,0,0,0,0,0,0,0,0,1,32,32,0,0,0,0,0,0,0,0.369663999999953,0,0,0,0.36714391781103,0.403253748854183,0,0,0,0,0,0.369664000000001,4.43596800000002,0,0,0,0,0.887193600000004,120.333333333333,312.833333333333,0,0.0225789633747629,0.0430064315801161,NaN,NaN,0.999988490091887,3754,0,0,0,0,0,1.1981224,0,1549465,0,410907079,0,268532578,tdma,periodic-frontier,none,full-mission-static-tdma,none,continuous-local-static-tdma,NaN,12.0251444444444,NaN,12.0333333333333,12,NaN,NaN,NaN,NaN,NaN,NaN,NaN,NaN,1444,NaN,NaN,NaN,0,0,1,0,NaN,NaN,NaN,NaN,NaN,0,0,NaN,0,0,0.369664000000001,1444,nominal,full,0,0,1950434446107,0,0,0,0,0,0,0,0,1,0,0,0,0,0,0,NaN,0,0,NaN,NaN,10,1,0,0,1,691891380960,2648,1444,0.00146005840233609,0.00453205840233609,Inf,0,0.00025,40,35.381918837806,1,periodic-static,0,0,0,0.369664000000001,0,NaN,NaN,NaN,NaN,NaN,NaN,NaN,NaN,NaN,NaN,NaN,NaN,NaN,NaN,NaN,NaN,NaN,NaN,NaN,NaN,NaN,NaN,NaN,NaN,NaN,NaN,NaN
candidate-targeted-frontier-falsification,16048025,n10-ring2-zero-loss,N10 ring2 zero-loss,EXP22G targeted frontier,elcs-f-mission-affine,3,50,periodic,ELCS-F / mission affine clock,none,10,ring2,di,tdma,1,1,0,1,0.26,0.097,0.097,0.0277777777777778,0.0277777777777778,0.0508862368233885,0.54263107168371,0,0,NaN,NaN,NaN,NaN,0.0655644852659777,0.119999999999999,0.120000000000001,0.120000000000001,NaN,NaN,6000,1112,1112,0,0,2902,2902,0,0,0,0,0,0,0,0,0,0,4878,0,0,1,32,32,0,0,0,0,0,0,0,0.275067422736005,0,0,0,0,0,0,0,0,0,0,0.376490666666665,3.41606399999997,0,0,0,0,0.903577599999995,92.6666666666667,241.833333333333,0,0.0100562441240475,0.0190226742553487,NaN,NaN,0.999308226927428,2902,0,0,0,0,0,0.4368548,0,1549465,0,410907079,0,42992600813,tdma,candidate-elcs,none,edge-leased-certified-scheduling,none,continuous-elcs-replay,NaN,50,NaN,9.26666666666667,8.83333333333333,NaN,NaN,NaN,NaN,NaN,NaN,NaN,NaN,1112,NaN,NaN,NaN,0,0,1,0,NaN,NaN,NaN,NaN,NaN,0,0,NaN,0,0,0.376490666666665,1112,nominal,full,1,0,1950434446107,0,0,0,0,0,0,0,0,1,0,0,0,0,0,0,1.04138871794872,1,0,NaN,NaN,10,0,0,0,1,691891380960,1112,1112,0.00146005840233609,0.00453205840233609,Inf,1.11022302462516e-16,0.00025,40,35.381918837806,1,candidate-elcs,1076,1.10182400000001,0.0918186666666674,0.376490666666665,1,6974238491,113370301992,1800494,2101374723,1112,1112,0,0,0,1,2902,0,0,2902,0,0,1,0,1,0.000810324702957388,1.11022302462516e-16,1,0,0,0,NaN,NaN
candidate-targeted-frontier-falsification,16048026,n5-6dof-zero-loss,N5 6-DOF zero-loss,EXP22G targeted frontier,periodic-cost-match,1,22.8377777777777,periodic,Periodic static TDMA / ELCS cost match,none,5,ring2,6dof,tdma,1,1,0,1,0.48,0.29,0.29,0.0476190476190476,0.0476190476190476,0.0286425604826902,0.561335629563374,0,0,10.1247766328209,12.2805766703782,0,1.03684897776301,0.0374792703150912,0.0600000000000005,0.0800000000000001,0.0800000000000018,NaN,NaN,1370,1370,1370,0,0,3288,3288,0,0,0,0,0,0,0,0,0,0,0,0,0,1,32,32,0,0,0,0,0,0,0,0.350719999999956,0,0,0,0.349509690022166,0.391260322446839,0,0,0,0,0,0.350719999999999,4.20863999999999,0,0,0,0,0.841727999999998,114.166666666667,274,0,0.0112857254696097,0.0214536759904757,NaN,NaN,1,3288,0,0,0,0,0,1.0916699,0,684803,0,110997400,0,258101659,tdma,periodic-frontier,none,full-mission-static-tdma,none,continuous-local-static-tdma,NaN,22.8377777777777,NaN,22.8333333333333,22.8333333333333,NaN,NaN,NaN,NaN,NaN,NaN,NaN,NaN,1370,NaN,NaN,NaN,0,0,1,0,NaN,NaN,NaN,NaN,NaN,0,0,NaN,0,0,0.350719999999999,1370,nominal,full,0,0,503190588678,0,0,0,0,0,0,0,0,1,0,0,0,0,0,0,NaN,0,0,NaN,NaN,5,1,0,0,1,188575529640,2647,1370,0.00146005840233609,0.00453205840233609,Inf,1.38777878078145e-17,0.00025,40,38.1698881450578,1,periodic-static,0,0,0,0.350719999999999,0,NaN,NaN,NaN,NaN,NaN,NaN,NaN,NaN,NaN,NaN,NaN,NaN,NaN,NaN,NaN,NaN,NaN,NaN,NaN,NaN,NaN,NaN,NaN,NaN,NaN,NaN,NaN
candidate-targeted-frontier-falsification,16048026,n5-6dof-zero-loss,N5 6-DOF zero-loss,EXP22G targeted frontier,periodic-cost-minus2pct,2,22.3810222222222,periodic,Periodic static TDMA / 2% below ELCS cost,none,5,ring2,6dof,tdma,1,1,0,1,0.48,0.29,0.29,0.0476190476190476,0.0476190476190476,0.0289107348260305,0.561113235181009,0,0,10.1247766328209,12.3138305152612,0,1.03682854947544,0.0381011608623549,0.0600000000000005,0.0800000000000001,0.0800000000000001,NaN,NaN,1345,1343,1343,0,0,3223,3223,0,0,0,0,0,0,0,0,0,0,0,0,0,1,32,32,0,0,0,0,0,0,0,0.343807999999956,0,0,0,0.341514361197901,0.370328393750474,0,0,0,0,0,0.343807999999998,4.12569599999998,0,0,0,0,0.825139199999995,111.916666666667,268.583333333333,0,0.011287281715241,0.0214790504169985,NaN,NaN,0.999996673421469,3223,0,0,0,0,0,1.0877695,0,684803,0,110997400,0,257801538,tdma,periodic-frontier,none,full-mission-static-tdma,none,continuous-local-static-tdma,NaN,22.3810222222222,NaN,22.3833333333333,22.3333333333333,NaN,NaN,NaN,NaN,NaN,NaN,NaN,NaN,1343,NaN,NaN,NaN,0,0,1,0,NaN,NaN,NaN,NaN,NaN,0,0,NaN,0,0,0.343807999999998,1343,nominal,full,0,0,503190588678,0,0,0,0,0,0,0,0,1,0,0,0,0,0,0,NaN,0,0,NaN,NaN,5,1,0,0,1,188575529640,2647,1343,0.00146005840233609,0.00453205840233609,Inf,1.38777878078145e-17,0.00025,40,38.1698881450578,1,periodic-static,0,0,0,0.343807999999998,0,NaN,NaN,NaN,NaN,NaN,NaN,NaN,NaN,NaN,NaN,NaN,NaN,NaN,NaN,NaN,NaN,NaN,NaN,NaN,NaN,NaN,NaN,NaN,NaN,NaN,NaN,NaN
candidate-targeted-frontier-falsification,16048026,n5-6dof-zero-loss,N5 6-DOF zero-loss,EXP22G targeted frontier,elcs-f-mission-affine,3,50,periodic,ELCS-F / mission affine clock,none,5,ring2,6dof,tdma,1,1,0,1,0.48,0.29,0.29,0.0476190476190476,0.0476190476190476,0.0300918667770032,0.559444821750962,0,0,10.1665859114098,12.3128793185856,0,1.03684287312538,0.0409121061359868,0.0600000000000005,0.0600000000000005,0.0600000000000005,NaN,NaN,3000,1052,1052,0,0,2526,2526,0,0,0,0,0,0,0,0,0,0,1945,0,0,1,32,32,0,0,0,0,0,0,0,0.350378666666644,0,0,0,0,0,0,0,0,0,0,0.350378666666666,3.23174399999997,0,0,0,0,0.840908799999997,87.6666666666667,210.5,0,0.0100085632820944,0.0189713149395576,NaN,NaN,0.999976507368554,2526,0,0,0,0,0,0.3188139,0,684803,0,110997400,0,20138537740,tdma,candidate-elcs,none,edge-leased-certified-scheduling,none,continuous-elcs-replay,NaN,50,NaN,17.5333333333333,17.4166666666667,NaN,NaN,NaN,NaN,NaN,NaN,NaN,NaN,1052,NaN,NaN,NaN,0,0,1,0,NaN,NaN,NaN,NaN,NaN,0,0,NaN,0,0,0.350378666666666,1052,nominal,full,1,0,503190588678,0,0,0,0,0,0,0,0,1,0,0,0,0,0,0,0.283554993399736,1,0,NaN,NaN,5,1,0,0,1,188575529640,1052,1052,0.00146005840233609,0.00453205840233609,Inf,2.71050543121376e-20,0.00025,40,38.1698881450578,1,candidate-elcs,950,0.972800000000017,0.0810666666666681,0.350378666666666,1,5981060319,30502570415,1102951,1258814927,1052,1052,0,0,0,1,2526,0,0,2526,0,0,1,0,1,0.0010980197971957,2.71050543121376e-20,1,0,0,0,NaN,NaN
candidate-targeted-frontier-falsification,16048026,n10-ring2-zero-loss,N10 ring2 zero-loss,EXP22G targeted frontier,periodic-cost-match,1,12.2705555555555,periodic,Periodic static TDMA / ELCS cost match,none,10,ring2,di,tdma,1,1,0,1,0.26,0.097,0.097,0.0277777777777778,0.0277777777777778,0.0506752326387002,0.542391348445604,0,0,NaN,NaN,NaN,NaN,0.0671220818982012,0.119999999999999,0.120000000000001,0.140000000000001,NaN,NaN,1480,1473,1473,0,0,3829,3829,0,0,0,0,0,0,0,0,0,0,0,0,0,1,32,32,0,0,0,0,0,0,0,0.377087999999951,0,0,0,0.375702917781721,0.412995148362387,0,0,0,0,0,0.377088000000002,4.52505600000003,0,0,0,0,0.905011200000006,122.75,319.083333333333,0,0.0225876505923059,0.0429347503104795,NaN,NaN,0.999990321465607,3829,0,0,0,0,0,1.2062918,0,1602689,0,410907079,0,268342142,tdma,periodic-frontier,none,full-mission-static-tdma,none,continuous-local-static-tdma,NaN,12.2705555555555,NaN,12.275,12.25,NaN,NaN,NaN,NaN,NaN,NaN,NaN,NaN,1473,NaN,NaN,NaN,0,0,1,0,NaN,NaN,NaN,NaN,NaN,0,0,NaN,0,0,0.377088000000002,1473,nominal,full,0,0,1950827055099,0,0,0,0,0,0,0,0,1,0,0,0,0,0,0,NaN,0,0,NaN,NaN,10,1,0,0,1,692430738300,2647,1473,0.00146005840233609,0.00453205840233609,Inf,8.88178419700125e-16,0.00025,40,39.7579230928264,1,periodic-static,0,0,0,0.377088000000002,0,NaN,NaN,NaN,NaN,NaN,NaN,NaN,NaN,NaN,NaN,NaN,NaN,NaN,NaN,NaN,NaN,NaN,NaN,NaN,NaN,NaN,NaN,NaN,NaN,NaN,NaN,NaN
candidate-targeted-frontier-falsification,16048026,n10-ring2-zero-loss,N10 ring2 zero-loss,EXP22G targeted frontier,periodic-cost-minus2pct,2,12.0251444444444,periodic,Periodic static TDMA / 2% below ELCS cost,none,10,ring2,di,tdma,1,1,0,1,0.26,0.097,0.097,0.0277777777777778,0.0277777777777778,0.0512338362161658,0.541288133856818,0,0,NaN,NaN,NaN,NaN,0.0680864906238033,0.119999999999999,0.119999999999999,0.139999999999999,NaN,NaN,1450,1443,1443,0,0,3751,3751,0,0,0,0,0,0,0,0,0,0,0,0,0,1,32,32,0,0,0,0,0,0,0,0.369407999999952,0,0,0,0.368758422079351,0.410977669289323,0,0,0,0,0,0.369408000000001,4.43289600000002,0,0,0,0,0.886579200000003,120.25,312.583333333333,0,0.0226135897994835,0.0431123230913138,NaN,NaN,0.999989914852541,3751,0,0,0,0,0,1.2559531,0,1602689,0,410907079,0,268532580,tdma,periodic-frontier,none,full-mission-static-tdma,none,continuous-local-static-tdma,NaN,12.0251444444444,NaN,12.025,12,NaN,NaN,NaN,NaN,NaN,NaN,NaN,NaN,1443,NaN,NaN,NaN,0,0,1,0,NaN,NaN,NaN,NaN,NaN,0,0,NaN,0,0,0.369408000000001,1443,nominal,full,0,0,1950827055099,0,0,0,0,0,0,0,0,1,0,0,0,0,0,0,NaN,0,0,NaN,NaN,10,1,0,0,1,692430738300,2647,1443,0.00146005840233609,0.00453205840233609,Inf,8.88178419700125e-16,0.00025,40,39.7579230928264,1,periodic-static,0,0,0,0.369408000000001,0,NaN,NaN,NaN,NaN,NaN,NaN,NaN,NaN,NaN,NaN,NaN,NaN,NaN,NaN,NaN,NaN,NaN,NaN,NaN,NaN,NaN,NaN,NaN,NaN,NaN,NaN,NaN
candidate-targeted-frontier-falsification,16048026,n10-ring2-zero-loss,N10 ring2 zero-loss,EXP22G targeted frontier,elcs-f-mission-affine,3,50,periodic,ELCS-F / mission affine clock,none,10,ring2,di,tdma,1,1,0,1,0.26,0.097,0.097,0.0277777777777778,0.0277777777777778,0.0508934216365159,0.542548254569882,0,0,NaN,NaN,NaN,NaN,0.0653539992345961,0.119999999999999,0.120000000000001,0.120000000000001,NaN,NaN,6000,1116,1116,0,0,2906,2906,0,0,0,0,0,0,0,0,0,0,4874,0,0,1,32,32,0,0,0,0,0,0,0,0.271974669727096,0,0,0,0,0,0,0,0,0,0,0.377514666666665,3.42835199999997,0,0,0,0,0.906035199999995,93,242.166666666667,0,0.0100875132928676,0.0190741973092792,NaN,NaN,0.999611538276322,2906,0,0,0,0,0,0.4005417,0,1602689,0,410907079,0,43043515783,tdma,candidate-elcs,none,edge-leased-certified-scheduling,none,continuous-elcs-replay,NaN,50,NaN,9.3,9,NaN,NaN,NaN,NaN,NaN,NaN,NaN,NaN,1116,NaN,NaN,NaN,0,0,1,0,NaN,NaN,NaN,NaN,NaN,0,0,NaN,0,0,0.377514666666665,1116,nominal,full,1,0,1950827055099,0,0,0,0,0,0,0,0,1,0,0,0,0,0,0,1.04138871794872,1,0,NaN,NaN,10,0,0,0,1,692430738300,1116,1116,0.00146005840233609,0.00453205840233609,Inf,1.11022302462516e-16,0.00025,40,39.7579230928264,1,candidate-elcs,1076,1.10182400000001,0.0918186666666674,0.377514666666665,1,6965802986,113307066270,1800494,2105613505,1116,1116,0,0,0,1,2906,0,0,2906,0,0,1,0,1,0.000184419516696011,1.11022302462516e-16,1,0,0,0,NaN,NaN
candidate-targeted-frontier-falsification,16048027,n5-6dof-zero-loss,N5 6-DOF zero-loss,EXP22G targeted frontier,periodic-cost-match,1,22.8377777777777,periodic,Periodic static TDMA / ELCS cost match,none,5,ring2,6dof,tdma,1,1,0,1,0.48,0.29,0.29,0.0476190476190476,0.0476190476190476,0.0285951738932714,0.561323993731269,0,0,10.1247766328209,12.2805766703782,0,1.03684750019405,0.0375704809286898,0.0600000000000005,0.0800000000000001,0.0800000000000018,NaN,NaN,1370,1370,1370,0,0,3288,3288,0,0,0,0,0,0,0,0,0,0,0,0,0,1,32,32,0,0,0,0,0,0,0,0.350719999999956,0,0,0,0.349035682001018,0.377915340509862,0,0,0,0,0,0.350719999999999,4.20863999999999,0,0,0,0,0.841727999999998,114.166666666667,274,0,0.0113194815536745,0.0214952478306292,NaN,NaN,1,3288,0,0,0,0,0,1.0987895,0,743709,0,110997400,0,258101661,tdma,periodic-frontier,none,full-mission-static-tdma,none,continuous-local-static-tdma,NaN,22.8377777777777,NaN,22.8333333333333,22.8333333333333,NaN,NaN,NaN,NaN,NaN,NaN,NaN,NaN,1370,NaN,NaN,NaN,0,0,1,0,NaN,NaN,NaN,NaN,NaN,0,0,NaN,0,0,0.350719999999999,1370,nominal,full,0,0,503315893655,0,0,0,0,0,0,0,0,1,0,0,0,0,0,0,NaN,0,0,NaN,NaN,5,1,0,0,1,188482805494,2648,1370,0.00146005840233609,0.00453205840233609,Inf,2.77555756156289e-17,0.00025,40,36.4557444876669,1,periodic-static,0,0,0,0.350719999999999,0,NaN,NaN,NaN,NaN,NaN,NaN,NaN,NaN,NaN,NaN,NaN,NaN,NaN,NaN,NaN,NaN,NaN,NaN,NaN,NaN,NaN,NaN,NaN,NaN,NaN,NaN,NaN
candidate-targeted-frontier-falsification,16048027,n5-6dof-zero-loss,N5 6-DOF zero-loss,EXP22G targeted frontier,periodic-cost-minus2pct,2,22.3810222222222,periodic,Periodic static TDMA / 2% below ELCS cost,none,5,ring2,6dof,tdma,1,1,0,1,0.48,0.29,0.29,0.0476190476190476,0.0476190476190476,0.0289082380446056,0.561149047021781,0,0,10.1247766328209,12.3138305152612,0,1.03682805420893,0.0381509121061359,0.0600000000000005,0.0800000000000001,0.0800000000000001,NaN,NaN,1345,1344,1344,0,0,3225,3225,0,0,0,0,0,0,0,0,0,0,0,0,0,1,32,32,0,0,0,0,0,0,0,0.344063999999955,0,0,0,0.342044531999282,0.374970910493343,0,0,0,0,0,0.344063999999998,4.12876799999998,0,0,0,0,0.825753599999995,112,268.75,0,0.0113082611470296,0.0214334788042865,NaN,NaN,0.999997785577466,3225,0,0,0,0,0,1.0895921,0,743709,0,110997400,0,257801540,tdma,periodic-frontier,none,full-mission-static-tdma,none,continuous-local-static-tdma,NaN,22.3810222222222,NaN,22.4,22.3333333333333,NaN,NaN,NaN,NaN,NaN,NaN,NaN,NaN,1344,NaN,NaN,NaN,0,0,1,0,NaN,NaN,NaN,NaN,NaN,0,0,NaN,0,0,0.344063999999998,1344,nominal,full,0,0,503315893655,0,0,0,0,0,0,0,0,1,0,0,0,0,0,0,NaN,0,0,NaN,NaN,5,1,0,0,1,188482805494,2648,1344,0.00146005840233609,0.00453205840233609,Inf,2.77555756156289e-17,0.00025,40,36.4557444876669,1,periodic-static,0,0,0,0.344063999999998,0,NaN,NaN,NaN,NaN,NaN,NaN,NaN,NaN,NaN,NaN,NaN,NaN,NaN,NaN,NaN,NaN,NaN,NaN,NaN,NaN,NaN,NaN,NaN,NaN,NaN,NaN,NaN
candidate-targeted-frontier-falsification,16048027,n5-6dof-zero-loss,N5 6-DOF zero-loss,EXP22G targeted frontier,elcs-f-mission-affine,3,50,periodic,ELCS-F / mission affine clock,none,5,ring2,6dof,tdma,1,1,0,1,0.48,0.29,0.29,0.0476190476190476,0.0476190476190476,0.0301100811480285,0.559357516431231,0,0,10.1547330445489,12.3113335777408,0,1.0368528294707,0.0409121061359868,0.0600000000000005,0.0600000000000005,0.0600000000000005,NaN,NaN,3000,1054,1053,0,0,2528,2526,2,0,0,0,0,0,0,2,0.00189753320683112,0,1943,0,0,1,32,32,0,0,0,0,0,0,0,0.350660880674719,0,0,0,0,0,0,0,0,0,0,0.350890666666666,3.23788799999997,0,0,0,0,0.842137599999997,87.75,210.5,0,0.0100199126226884,0.018960391135078,NaN,NaN,0.999985570310915,2528,0,0,0,0,0,0.3122033,0,743709,0,110997400,0,20152567875,tdma,candidate-elcs,none,edge-leased-certified-scheduling,none,continuous-elcs-replay,NaN,50,NaN,17.55,17.5,NaN,NaN,NaN,NaN,NaN,NaN,NaN,NaN,1054,NaN,NaN,NaN,0,0,1,2,NaN,NaN,NaN,NaN,NaN,0,0,NaN,0,0,0.350890666666666,1054,nominal,full,1,0,503315893655,0,0,0,0,0,0,0,0,1,0,0,0,0,0,0,0.283554993399736,1,0,NaN,NaN,5,1,0,0,1,188482805494,1054,1054,0.00146005840233609,0.00453205840233609,Inf,2.22044604925031e-16,0.00025,40,36.4557444876669,1,candidate-elcs,950,0.972800000000017,0.0810666666666681,0.350890666666666,1,5969322888,30370544406,1102951,1252297191,1054,1054,0,0,2,1,2526,0,2,2526,0,2,1,0,1,0.000716795129248382,2.22044604925031e-16,1,0,0,0,NaN,NaN
candidate-targeted-frontier-falsification,16048027,n10-ring2-zero-loss,N10 ring2 zero-loss,EXP22G targeted frontier,periodic-cost-match,1,12.2705555555555,periodic,Periodic static TDMA / ELCS cost match,none,10,ring2,di,tdma,1,1,0,1,0.26,0.097,0.097,0.0277777777777778,0.0277777777777778,0.0507863633190887,0.542280615013181,0,0,NaN,NaN,NaN,NaN,0.0671220818982012,0.119999999999999,0.120000000000001,0.140000000000001,NaN,NaN,1480,1473,1473,0,0,3829,3829,0,0,0,0,0,0,0,0,0,0,0,0,0,1,32,32,0,0,0,0,0,0,0,0.377087999999951,0,0,0,0.376927334914165,0.415540216824426,0,0,0,0,0,0.377088000000002,4.52505600000003,0,0,0,0,0.905011200000006,122.75,319.083333333333,0,0.0225868959727318,0.0429796327370601,NaN,NaN,0.999990321465607,3829,0,0,0,0,0,1.2315455,0,1057757,0,410907079,0,268342144,tdma,periodic-frontier,none,full-mission-static-tdma,none,continuous-local-static-tdma,NaN,12.2705555555555,NaN,12.275,12.25,NaN,NaN,NaN,NaN,NaN,NaN,NaN,NaN,1473,NaN,NaN,NaN,0,0,1,0,NaN,NaN,NaN,NaN,NaN,0,0,NaN,0,0,0.377088000000002,1473,nominal,full,0,0,1950319812463,0,0,0,0,0,0,0,0,1,0,0,0,0,0,0,NaN,0,0,NaN,NaN,10,1,0,0,1,691807319893,2647,1473,0.00146005840233609,0.00453205840233609,Inf,8.88178419700125e-16,0.00025,40,32.2943999174352,1,periodic-static,0,0,0,0.377088000000002,0,NaN,NaN,NaN,NaN,NaN,NaN,NaN,NaN,NaN,NaN,NaN,NaN,NaN,NaN,NaN,NaN,NaN,NaN,NaN,NaN,NaN,NaN,NaN,NaN,NaN,NaN,NaN
candidate-targeted-frontier-falsification,16048027,n10-ring2-zero-loss,N10 ring2 zero-loss,EXP22G targeted frontier,periodic-cost-minus2pct,2,12.0251444444444,periodic,Periodic static TDMA / 2% below ELCS cost,none,10,ring2,di,tdma,1,1,0,1,0.26,0.097,0.097,0.0277777777777778,0.0277777777777778,0.0511403085497953,0.541407961767188,0,0,NaN,NaN,NaN,NaN,0.0679104477611933,0.119999999999999,0.119999999999999,0.139999999999999,NaN,NaN,1450,1443,1443,0,0,3751,3751,0,0,0,0,0,0,0,0,0,0,0,0,0,1,32,32,0,0,0,0,0,0,0,0.369407999999952,0,0,0,0.368118473595154,0.407924308333086,0,0,0,0,0,0.369408000000001,4.43289600000002,0,0,0,0,0.886579200000003,120.25,312.583333333333,0,0.0225801338008019,0.0430266179294521,NaN,NaN,0.999989914852541,3751,0,0,0,0,0,1.2064088,0,1057757,0,410907079,0,268532582,tdma,periodic-frontier,none,full-mission-static-tdma,none,continuous-local-static-tdma,NaN,12.0251444444444,NaN,12.025,12,NaN,NaN,NaN,NaN,NaN,NaN,NaN,NaN,1443,NaN,NaN,NaN,0,0,1,0,NaN,NaN,NaN,NaN,NaN,0,0,NaN,0,0,0.369408000000001,1443,nominal,full,0,0,1950319812463,0,0,0,0,0,0,0,0,1,0,0,0,0,0,0,NaN,0,0,NaN,NaN,10,1,0,0,1,691807319893,2647,1443,0.00146005840233609,0.00453205840233609,Inf,8.88178419700125e-16,0.00025,40,32.2943999174352,1,periodic-static,0,0,0,0.369408000000001,0,NaN,NaN,NaN,NaN,NaN,NaN,NaN,NaN,NaN,NaN,NaN,NaN,NaN,NaN,NaN,NaN,NaN,NaN,NaN,NaN,NaN,NaN,NaN,NaN,NaN,NaN,NaN
candidate-targeted-frontier-falsification,16048027,n10-ring2-zero-loss,N10 ring2 zero-loss,EXP22G targeted frontier,elcs-f-mission-affine,3,50,periodic,ELCS-F / mission affine clock,none,10,ring2,di,tdma,1,1,0,1,0.26,0.097,0.097,0.0277777777777778,0.0277777777777778,0.0508841271213877,0.542609472438268,0,0,NaN,NaN,NaN,NaN,0.0654879448909299,0.119999999999999,0.120000000000001,0.120000000000001,NaN,NaN,6000,1117,1115,0,0,2911,2905,6,0,0,0,0,0,0,4,0.0035810205908684,0,4873,0,0,1,32,32,0,0,0,0,0,0,0,0.272600743848121,0,0,0,0,0,0,0,0,0,0,0.377770666666665,3.43142399999997,0,0,0,0,0.906649599999995,92.9166666666667,242.083333333333,0,0.010084648765514,0.0191077713770627,NaN,NaN,0.999545743252478,2911,0,0,0,0,0,0.4034042,0,1057757,0,410907079,0,43077628724,tdma,candidate-elcs,none,edge-leased-certified-scheduling,none,continuous-elcs-replay,NaN,50,NaN,9.29166666666667,8.91666666666667,NaN,NaN,NaN,NaN,NaN,NaN,NaN,NaN,1117,NaN,NaN,NaN,0,0,1,4,NaN,NaN,NaN,NaN,NaN,0,0,NaN,0,0,0.377770666666665,1117,nominal,full,1,0,1950319812463,0,0,0,0,0,0,0,0,1,0,0,0,0,0,0,1.04138871794872,1,0,NaN,NaN,10,0,0,0,1,691807319893,1117,1117,0.00146005840233609,0.00453205840233609,Inf,0,0.00025,40,32.2943999174352,1,candidate-elcs,1076,1.10182400000001,0.0918186666666674,0.377770666666665,1,6995291755,113144576556,1800494,2106789067,1117,1117,0,0,4,1,2905,0,6,2905,0,6,1,0,1,0.000838218511356459,0,1,0,0,0,NaN,NaN
candidate-targeted-frontier-falsification,16048028,n5-6dof-zero-loss,N5 6-DOF zero-loss,EXP22G targeted frontier,periodic-cost-match,1,22.8377777777777,periodic,Periodic static TDMA / ELCS cost match,none,5,ring2,6dof,tdma,1,1,0,1,0.48,0.29,0.29,0.0476190476190476,0.0476190476190476,0.0286869806238516,0.56127436135875,0,0,10.1247766328209,12.2805766703782,0,1.03684955329977,0.0374792703150912,0.0600000000000005,0.0800000000000001,0.0800000000000018,NaN,NaN,1370,1370,1370,0,0,3288,3288,0,0,0,0,0,0,0,0,0,0,0,0,0,1,32,32,0,0,0,0,0,0,0,0.350719999999955,0,0,0,0.34916978223557,0.381768468078945,0,0,0,0,0,0.350719999999999,4.20863999999999,0,0,0,0,0.841727999999998,114.166666666667,274,0,0.011308988084771,0.021505520341529,NaN,NaN,1,3288,0,0,0,0,0,1.1298741,0,1373351,0,110997400,0,258101663,tdma,periodic-frontier,none,full-mission-static-tdma,none,continuous-local-static-tdma,NaN,22.8377777777777,NaN,22.8333333333333,22.8333333333333,NaN,NaN,NaN,NaN,NaN,NaN,NaN,NaN,1370,NaN,NaN,NaN,0,0,1,0,NaN,NaN,NaN,NaN,NaN,0,0,NaN,0,0,0.350719999999999,1370,nominal,full,0,0,502911085258,0,0,0,0,0,0,0,0,1,0,0,0,0,0,0,NaN,0,0,NaN,NaN,5,1,0,0,1,188963817227,2647,1370,0.00146005840233609,0.00453205840233609,Inf,0,0.00025,40,34.9870977910842,1,periodic-static,0,0,0,0.350719999999999,0,NaN,NaN,NaN,NaN,NaN,NaN,NaN,NaN,NaN,NaN,NaN,NaN,NaN,NaN,NaN,NaN,NaN,NaN,NaN,NaN,NaN,NaN,NaN,NaN,NaN,NaN,NaN
candidate-targeted-frontier-falsification,16048028,n5-6dof-zero-loss,N5 6-DOF zero-loss,EXP22G targeted frontier,periodic-cost-minus2pct,2,22.3810222222222,periodic,Periodic static TDMA / 2% below ELCS cost,none,5,ring2,6dof,tdma,1,1,0,1,0.48,0.29,0.29,0.0476190476190476,0.0476190476190476,0.0289938349216138,0.561056442610695,0,0,10.1247766328209,12.3138305152612,0,1.03682918693354,0.0381343283582089,0.0600000000000005,0.0800000000000001,0.0800000000000001,NaN,NaN,1345,1343,1343,0,0,3223,3223,0,0,0,0,0,0,0,0,0,0,0,0,0,1,32,32,0,0,0,0,0,0,0,0.343807999999956,0,0,0,0.342769160619894,0.379317909248685,0,0,0,0,0,0.343807999999998,4.12569599999998,0,0,0,0,0.825139199999995,111.916666666667,268.583333333333,0,0.0112909590529301,0.0215016734599657,NaN,NaN,0.999996673421469,3223,0,0,0,0,0,1.1076997,0,1373351,0,110997400,0,257801542,tdma,periodic-frontier,none,full-mission-static-tdma,none,continuous-local-static-tdma,NaN,22.3810222222222,NaN,22.3833333333333,22.3333333333333,NaN,NaN,NaN,NaN,NaN,NaN,NaN,NaN,1343,NaN,NaN,NaN,0,0,1,0,NaN,NaN,NaN,NaN,NaN,0,0,NaN,0,0,0.343807999999998,1343,nominal,full,0,0,502911085258,0,0,0,0,0,0,0,0,1,0,0,0,0,0,0,NaN,0,0,NaN,NaN,5,1,0,0,1,188963817227,2647,1343,0.00146005840233609,0.00453205840233609,Inf,0,0.00025,40,34.9870977910842,1,periodic-static,0,0,0,0.343807999999998,0,NaN,NaN,NaN,NaN,NaN,NaN,NaN,NaN,NaN,NaN,NaN,NaN,NaN,NaN,NaN,NaN,NaN,NaN,NaN,NaN,NaN,NaN,NaN,NaN,NaN,NaN,NaN
candidate-targeted-frontier-falsification,16048028,n5-6dof-zero-loss,N5 6-DOF zero-loss,EXP22G targeted frontier,elcs-f-mission-affine,3,50,periodic,ELCS-F / mission affine clock,none,5,ring2,6dof,tdma,1,1,0,1,0.48,0.29,0.29,0.0476190476190476,0.0476190476190476,0.0301017514983559,0.559348891243977,0,0,10.0837519611635,12.308471366958,0,1.03684230960547,0.0408623548922057,0.0600000000000005,0.0600000000000005,0.0600000000000005,NaN,NaN,3000,1053,1053,0,0,2528,2528,0,0,0,0,0,0,0,0,0,0,1944,0,0,1,32,32,0,0,0,0,0,0,0,0.350634666666645,0,0,0,0,0,0,0,0,0,0,0.350634666666666,3.23481599999997,0,0,0,0,0.841523199999997,87.75,210.666666666667,0,0.0100374471688415,0.0189949897567914,NaN,NaN,0.999949497910025,2528,0,0,0,0,0,0.3361866,0,1373351,0,110997400,0,20192388929,tdma,candidate-elcs,none,edge-leased-certified-scheduling,none,continuous-elcs-replay,NaN,50,NaN,17.55,17.3333333333333,NaN,NaN,NaN,NaN,NaN,NaN,NaN,NaN,1053,NaN,NaN,NaN,0,0,1,0,NaN,NaN,NaN,NaN,NaN,0,0,NaN,0,0,0.350634666666666,1053,nominal,full,1,0,502911085258,0,0,0,0,0,0,0,0,1,0,0,0,0,0,0,0.283554993399736,1,0,NaN,NaN,5,1,0,0,1,188963817227,1053,1053,0.00146005840233609,0.00453205840233609,Inf,1.77635683940025e-15,0.00025,40,34.9870977910842,1,candidate-elcs,950,0.972800000000017,0.0810666666666681,0.350634666666666,1,5926618804,30418380433,1102951,1250833116,1053,1053,0,0,0,1,2528,0,0,2528,0,0,1,0,1,0.00104288065118396,1.77635683940025e-15,1,0,0,0,NaN,NaN
candidate-targeted-frontier-falsification,16048028,n10-ring2-zero-loss,N10 ring2 zero-loss,EXP22G targeted frontier,periodic-cost-match,1,12.2705555555555,periodic,Periodic static TDMA / ELCS cost match,none,10,ring2,di,tdma,1,1,0,1,0.26,0.097,0.097,0.0277777777777778,0.0277777777777778,0.050750948606582,0.542191706863287,0,0,NaN,NaN,NaN,NaN,0.0669690011481055,0.119999999999999,0.120000000000001,0.140000000000001,NaN,NaN,1480,1474,1474,0,0,3832,3832,0,0,0,0,0,0,0,0,0,0,0,0,0,1,32,32,0,0,0,0,0,0,0,0.377343999999951,0,0,0,0.375141523792746,0.413059686086893,0,0,0,0,0,0.377344000000003,4.52812800000003,0,0,0,0,0.905625600000006,122.833333333333,319.333333333333,0,0.0226025831835728,0.04301872784502,NaN,NaN,0.999988953836241,3832,0,0,0,0,0,1.2130326,0,1652632,0,410907079,0,268342146,tdma,periodic-frontier,none,full-mission-static-tdma,none,continuous-local-static-tdma,NaN,12.2705555555555,NaN,12.2833333333333,12.25,NaN,NaN,NaN,NaN,NaN,NaN,NaN,NaN,1474,NaN,NaN,NaN,0,0,1,0,NaN,NaN,NaN,NaN,NaN,0,0,NaN,0,0,0.377344000000003,1474,nominal,full,0,0,1950518482207,0,0,0,0,0,0,0,0,1,0,0,0,0,0,0,NaN,0,0,NaN,NaN,10,1,0,0,1,692251446539,2648,1474,0.00146005840233609,0.00453205840233609,Inf,0,0.00025,40,35.2689947448537,1,periodic-static,0,0,0,0.377344000000003,0,NaN,NaN,NaN,NaN,NaN,NaN,NaN,NaN,NaN,NaN,NaN,NaN,NaN,NaN,NaN,NaN,NaN,NaN,NaN,NaN,NaN,NaN,NaN,NaN,NaN,NaN,NaN
candidate-targeted-frontier-falsification,16048028,n10-ring2-zero-loss,N10 ring2 zero-loss,EXP22G targeted frontier,periodic-cost-minus2pct,2,12.0251444444444,periodic,Periodic static TDMA / 2% below ELCS cost,none,10,ring2,di,tdma,1,1,0,1,0.26,0.097,0.097,0.0277777777777778,0.0277777777777778,0.0511943670047092,0.54111307276519,0,0,NaN,NaN,NaN,NaN,0.0678951396861837,0.119999999999999,0.119999999999999,0.139999999999999,NaN,NaN,1450,1444,1444,0,0,3754,3754,0,0,0,0,0,0,0,0,0,0,0,0,0,1,32,32,0,0,0,0,0,0,0,0.369663999999952,0,0,0,0.366497209542603,0.407924751284962,0,0,0,0,0,0.369664000000001,4.43596800000002,0,0,0,0,0.887193600000004,120.333333333333,312.833333333333,0,0.0226284473828199,0.0430859387787964,NaN,NaN,0.999988490091887,3754,0,0,0,0,0,1.226506,0,1652632,0,410907079,0,268532584,tdma,periodic-frontier,none,full-mission-static-tdma,none,continuous-local-static-tdma,NaN,12.0251444444444,NaN,12.0333333333333,12,NaN,NaN,NaN,NaN,NaN,NaN,NaN,NaN,1444,NaN,NaN,NaN,0,0,1,0,NaN,NaN,NaN,NaN,NaN,0,0,NaN,0,0,0.369664000000001,1444,nominal,full,0,0,1950518482207,0,0,0,0,0,0,0,0,1,0,0,0,0,0,0,NaN,0,0,NaN,NaN,10,1,0,0,1,692251446539,2648,1444,0.00146005840233609,0.00453205840233609,Inf,0,0.00025,40,35.2689947448537,1,periodic-static,0,0,0,0.369664000000001,0,NaN,NaN,NaN,NaN,NaN,NaN,NaN,NaN,NaN,NaN,NaN,NaN,NaN,NaN,NaN,NaN,NaN,NaN,NaN,NaN,NaN,NaN,NaN,NaN,NaN,NaN,NaN
candidate-targeted-frontier-falsification,16048028,n10-ring2-zero-loss,N10 ring2 zero-loss,EXP22G targeted frontier,elcs-f-mission-affine,3,50,periodic,ELCS-F / mission affine clock,none,10,ring2,di,tdma,1,1,0,1,0.26,0.097,0.097,0.0277777777777778,0.0277777777777778,0.0508924120224673,0.542598231394614,0,0,NaN,NaN,NaN,NaN,0.065411404515882,0.119999999999999,0.120000000000001,0.120000000000001,NaN,NaN,6000,1114,1114,0,0,2905,2903,2,0,0,0,0,0,0,2,0.00179533213644524,0,4876,0,0,1,32,32,0,0,0,0,0,0,0,0.269631655911151,0,0,0,0,0,0,0,0,0,0,0.377002666666665,3.42220799999997,0,0,0,0,0.904806399999995,92.8333333333333,241.916666666667,0,0.0100794506820221,0.019114089167763,NaN,NaN,0.999529631598447,2905,0,0,0,0,0,0.4036331,0,1652632,0,410907079,0,43063704790,tdma,candidate-elcs,none,edge-leased-certified-scheduling,none,continuous-elcs-replay,NaN,50,NaN,9.28333333333333,9,NaN,NaN,NaN,NaN,NaN,NaN,NaN,NaN,1114,NaN,NaN,NaN,0,0,1,2,NaN,NaN,NaN,NaN,NaN,0,0,NaN,0,0,0.377002666666665,1114,nominal,full,1,0,1950518482207,0,0,0,0,0,0,0,0,1,0,0,0,0,0,0,1.04138871794872,1,0,NaN,NaN,10,0,0,0,1,692251446539,1114,1114,0.00146005840233609,0.00453205840233609,Inf,1.11022302462516e-16,0.00025,40,35.2689947448537,1,candidate-elcs,1076,1.10182400000001,0.0918186666666674,0.377002666666665,1,6980532878,113281732604,1800494,2103500053,1114,1114,0,0,2,1,2903,0,2,2903,0,2,1,0,1,0.00078927770836934,1.11022302462516e-16,1,0,0,0,NaN,NaN
candidate-targeted-frontier-falsification,16048029,n5-6dof-zero-loss,N5 6-DOF zero-loss,EXP22G targeted frontier,periodic-cost-match,1,22.8377777777777,periodic,Periodic static TDMA / ELCS cost match,none,5,ring2,6dof,tdma,1,1,0,1,0.48,0.29,0.29,0.0476190476190476,0.0476190476190476,0.0286600703116121,0.561187029517364,0,0,10.1247766328209,12.2805766703782,0,1.03684863712811,0.0376451077943615,0.0600000000000005,0.0800000000000001,0.0800000000000018,NaN,NaN,1370,1370,1370,0,0,3288,3288,0,0,0,0,0,0,0,0,0,0,0,0,0,1,32,32,0,0,0,0,0,0,0,0.350719999999954,0,0,0,0.350626748916393,0.380200273923215,0,0,0,0,0,0.350719999999999,4.20863999999999,0,0,0,0,0.841727999999998,114.166666666667,274,0,0.0113056789384044,0.0214443226236591,NaN,NaN,1,3288,0,0,0,0,0,1.1124437,0,710978,0,110997400,0,258101665,tdma,periodic-frontier,none,full-mission-static-tdma,none,continuous-local-static-tdma,NaN,22.8377777777777,NaN,22.8333333333333,22.8333333333333,NaN,NaN,NaN,NaN,NaN,NaN,NaN,NaN,1370,NaN,NaN,NaN,0,0,1,0,NaN,NaN,NaN,NaN,NaN,0,0,NaN,0,0,0.350719999999999,1370,nominal,full,0,0,503903111174,0,0,0,0,0,0,0,0,1,0,0,0,0,0,0,NaN,0,0,NaN,NaN,5,1,0,0,1,188456356814,2648,1370,0.00146005840233609,0.00453205840233609,Inf,0,0.00025,40,38.5261888438723,1,periodic-static,0,0,0,0.350719999999999,0,NaN,NaN,NaN,NaN,NaN,NaN,NaN,NaN,NaN,NaN,NaN,NaN,NaN,NaN,NaN,NaN,NaN,NaN,NaN,NaN,NaN,NaN,NaN,NaN,NaN,NaN,NaN
candidate-targeted-frontier-falsification,16048029,n5-6dof-zero-loss,N5 6-DOF zero-loss,EXP22G targeted frontier,periodic-cost-minus2pct,2,22.3810222222222,periodic,Periodic static TDMA / 2% below ELCS cost,none,5,ring2,6dof,tdma,1,1,0,1,0.48,0.29,0.29,0.0476190476190476,0.0476190476190476,0.0289556950866334,0.560989023551282,0,0,10.1247766328209,12.3138305152612,0,1.03682849719595,0.0382255389718076,0.0600000000000005,0.0800000000000001,0.0800000000000001,NaN,NaN,1345,1344,1344,0,0,3225,3225,0,0,0,0,0,0,0,0,0,0,0,0,0,1,32,32,0,0,0,0,0,0,0,0.344063999999955,0,0,0,0.342932457877674,0.37554891486818,0,0,0,0,0,0.344063999999998,4.12876799999998,0,0,0,0,0.825753599999995,112,268.75,0,0.0112940993908684,0.0214837193248602,NaN,NaN,0.999997785577466,3225,0,0,0,0,0,1.127083,0,710978,0,110997400,0,257801544,tdma,periodic-frontier,none,full-mission-static-tdma,none,continuous-local-static-tdma,NaN,22.3810222222222,NaN,22.4,22.3333333333333,NaN,NaN,NaN,NaN,NaN,NaN,NaN,NaN,1344,NaN,NaN,NaN,0,0,1,0,NaN,NaN,NaN,NaN,NaN,0,0,NaN,0,0,0.344063999999998,1344,nominal,full,0,0,503903111174,0,0,0,0,0,0,0,0,1,0,0,0,0,0,0,NaN,0,0,NaN,NaN,5,1,0,0,1,188456356814,2648,1344,0.00146005840233609,0.00453205840233609,Inf,0,0.00025,40,38.5261888438723,1,periodic-static,0,0,0,0.344063999999998,0,NaN,NaN,NaN,NaN,NaN,NaN,NaN,NaN,NaN,NaN,NaN,NaN,NaN,NaN,NaN,NaN,NaN,NaN,NaN,NaN,NaN,NaN,NaN,NaN,NaN,NaN,NaN
candidate-targeted-frontier-falsification,16048029,n5-6dof-zero-loss,N5 6-DOF zero-loss,EXP22G targeted frontier,elcs-f-mission-affine,3,50,periodic,ELCS-F / mission affine clock,none,5,ring2,6dof,tdma,1,1,0,1,0.48,0.29,0.29,0.0476190476190476,0.0476190476190476,0.0300978158957311,0.559384658719846,0,0,10.0636398032849,12.3434356279512,0,1.03685798556414,0.040961857379768,0.0600000000000005,0.0600000000000005,0.0600000000000005,NaN,NaN,3000,1053,1053,0,0,2527,2527,0,0,0,0,0,0,0,0,0,0,1944,0,0,1,32,32,0,0,0,0,0,0,0,0.350634666666645,0,0,0,0,0,0,0,0,0,0,0.350634666666666,3.23481599999997,0,0,0,0,0.841523199999997,87.75,210.583333333333,0,0.0100300652450468,0.0190194555336596,NaN,NaN,0.999958515766263,2527,0,0,0,0,0,0.3397554,0,710978,0,110997400,0,20157318212,tdma,candidate-elcs,none,edge-leased-certified-scheduling,none,continuous-elcs-replay,NaN,50,NaN,17.55,17.4166666666667,NaN,NaN,NaN,NaN,NaN,NaN,NaN,NaN,1053,NaN,NaN,NaN,0,0,1,0,NaN,NaN,NaN,NaN,NaN,0,0,NaN,0,0,0.350634666666666,1053,nominal,full,1,0,503903111174,0,0,0,0,0,0,0,0,1,0,0,0,0,0,0,0.283554993399736,1,0,NaN,NaN,5,1,0,0,1,188456356814,1053,1053,0.00146005840233609,0.00453205840233609,Inf,2.71050543121376e-20,0.00025,40,38.5261888438723,1,candidate-elcs,950,0.972800000000017,0.0810666666666681,0.350634666666666,1,5976067633,30463494444,1102951,1250833133,1053,1053,0,0,0,1,2527,0,0,2527,0,0,1,0,1,0.000569040260474551,2.71050543121376e-20,1,0,0,0,NaN,NaN
candidate-targeted-frontier-falsification,16048029,n10-ring2-zero-loss,N10 ring2 zero-loss,EXP22G targeted frontier,periodic-cost-match,1,12.2705555555555,periodic,Periodic static TDMA / ELCS cost match,none,10,ring2,di,tdma,1,1,0,1,0.26,0.097,0.097,0.0277777777777778,0.0277777777777778,0.0506951554108812,0.542116935873746,0,0,NaN,NaN,NaN,NaN,0.066984309223115,0.119999999999999,0.120000000000001,0.140000000000001,NaN,NaN,1480,1473,1473,0,0,3829,3829,0,0,0,0,0,0,0,0,0,0,0,0,0,1,32,32,0,0,0,0,0,0,0,0.37708799999995,0,0,0,0.376869941597766,0.417837128413073,0,0,0,0,0,0.377088000000002,4.52505600000003,0,0,0,0,0.905011200000006,122.75,319.083333333333,0,0.0225950062737973,0.0430355586708004,NaN,NaN,0.999990321465607,3829,0,0,0,0,0,1.2570444,0,1149843,0,410907079,0,268342148,tdma,periodic-frontier,none,full-mission-static-tdma,none,continuous-local-static-tdma,NaN,12.2705555555555,NaN,12.275,12.25,NaN,NaN,NaN,NaN,NaN,NaN,NaN,NaN,1473,NaN,NaN,NaN,0,0,1,0,NaN,NaN,NaN,NaN,NaN,0,0,NaN,0,0,0.377088000000002,1473,nominal,full,0,0,1951370694486,0,0,0,0,0,0,0,0,1,0,0,0,0,0,0,NaN,0,0,NaN,NaN,10,1,0,0,1,691842264152,2647,1473,0.00146005840233609,0.00453205840233609,Inf,0,0.00025,40,32.8142492911888,1,periodic-static,0,0,0,0.377088000000002,0,NaN,NaN,NaN,NaN,NaN,NaN,NaN,NaN,NaN,NaN,NaN,NaN,NaN,NaN,NaN,NaN,NaN,NaN,NaN,NaN,NaN,NaN,NaN,NaN,NaN,NaN,NaN
candidate-targeted-frontier-falsification,16048029,n10-ring2-zero-loss,N10 ring2 zero-loss,EXP22G targeted frontier,periodic-cost-minus2pct,2,12.0251444444444,periodic,Periodic static TDMA / 2% below ELCS cost,none,10,ring2,di,tdma,1,1,0,1,0.26,0.097,0.097,0.0277777777777778,0.0277777777777778,0.0513382812296313,0.540634592904201,0,0,NaN,NaN,NaN,NaN,0.0678798316111741,0.119999999999999,0.119999999999999,0.139999999999999,NaN,NaN,1450,1443,1443,0,0,3751,3751,0,0,0,0,0,0,0,0,0,0,0,0,0,1,32,32,0,0,0,0,0,0,0,0.369407999999952,0,0,0,0.367876205424448,0.407981460365531,0,0,0,0,0,0.369408000000001,4.43289600000002,0,0,0,0,0.886579200000003,120.25,312.583333333333,0,0.0226837823087443,0.0431325344546636,NaN,NaN,0.999989914852541,3751,0,0,0,0,0,1.2195841,0,1149843,0,410907079,0,268532586,tdma,periodic-frontier,none,full-mission-static-tdma,none,continuous-local-static-tdma,NaN,12.0251444444444,NaN,12.025,12,NaN,NaN,NaN,NaN,NaN,NaN,NaN,NaN,1443,NaN,NaN,NaN,0,0,1,0,NaN,NaN,NaN,NaN,NaN,0,0,NaN,0,0,0.369408000000001,1443,nominal,full,0,0,1951370694486,0,0,0,0,0,0,0,0,1,0,0,0,0,0,0,NaN,0,0,NaN,NaN,10,1,0,0,1,691842264152,2647,1443,0.00146005840233609,0.00453205840233609,Inf,0,0.00025,40,32.8142492911888,1,periodic-static,0,0,0,0.369408000000001,0,NaN,NaN,NaN,NaN,NaN,NaN,NaN,NaN,NaN,NaN,NaN,NaN,NaN,NaN,NaN,NaN,NaN,NaN,NaN,NaN,NaN,NaN,NaN,NaN,NaN,NaN,NaN
candidate-targeted-frontier-falsification,16048029,n10-ring2-zero-loss,N10 ring2 zero-loss,EXP22G targeted frontier,elcs-f-mission-affine,3,50,periodic,ELCS-F / mission affine clock,none,10,ring2,di,tdma,1,1,0,1,0.26,0.097,0.097,0.0277777777777778,0.0277777777777778,0.050870135209701,0.542678208910117,0,0,NaN,NaN,NaN,NaN,0.0652965939533103,0.119999999999999,0.120000000000001,0.120000000000001,NaN,NaN,6000,1114,1114,0,0,2908,2906,2,0,0,0,0,0,0,2,0.00179533213644524,0,4876,0,0,1,32,32,0,0,0,0,0,0,0,0.275901918278404,0,0,0,0,0,0,0,0,0,0,0.377002666666665,3.42220799999997,0,0,0,0,0.904806399999995,92.8333333333333,242.166666666667,0,0.0100750431239538,0.0189890939737956,NaN,NaN,0.999304269402348,2908,0,0,0,0,0,0.4144082,0,1149843,0,410907079,0,43048906438,tdma,candidate-elcs,none,edge-leased-certified-scheduling,none,continuous-elcs-replay,NaN,50,NaN,9.28333333333333,8.83333333333333,NaN,NaN,NaN,NaN,NaN,NaN,NaN,NaN,1114,NaN,NaN,NaN,0,0,1,2,NaN,NaN,NaN,NaN,NaN,0,0,NaN,0,0,0.377002666666665,1114,nominal,full,1,0,1951370694486,0,0,0,0,0,0,0,0,1,0,0,0,0,0,0,1.04138871794872,1,0,NaN,NaN,10,0,0,0,1,691842264152,1114,1114,0.00146005840233609,0.00453205840233609,Inf,4.44089209850063e-16,0.00025,40,32.8142492911888,1,candidate-elcs,1076,1.10182400000001,0.0918186666666674,0.377002666666665,1,6986264573,113024688873,1800494,2103493123,1114,1114,0,0,2,1,2906,0,2,2906,0,2,1,0,1,0.000886594708941146,4.44089209850063e-16,1,0,0,0,NaN,NaN
candidate-targeted-frontier-falsification,16048030,n5-6dof-zero-loss,N5 6-DOF zero-loss,EXP22G targeted frontier,periodic-cost-match,1,22.8377777777777,periodic,Periodic static TDMA / ELCS cost match,none,5,ring2,6dof,tdma,1,1,0,1,0.48,0.29,0.29,0.0476190476190476,0.0476190476190476,0.028663414148862,0.561150408928775,0,0,10.1247766328209,12.2805766703782,0,1.03684927714333,0.0374461028192371,0.0600000000000005,0.0800000000000001,0.0800000000000018,NaN,NaN,1370,1370,1370,0,0,3288,3288,0,0,0,0,0,0,0,0,0,0,0,0,0,1,32,32,0,0,0,0,0,0,0,0.350719999999956,0,0,0,0.350577309620546,0.384766306998777,0,0,0,0,0,0.350719999999999,4.20863999999999,0,0,0,0,0.841727999999998,114.166666666667,274,0,0.0112951287128094,0.0214728138507777,NaN,NaN,1,3288,0,0,0,0,0,1.102787,0,868496,0,110997400,0,258101667,tdma,periodic-frontier,none,full-mission-static-tdma,none,continuous-local-static-tdma,NaN,22.8377777777777,NaN,22.8333333333333,22.8333333333333,NaN,NaN,NaN,NaN,NaN,NaN,NaN,NaN,1370,NaN,NaN,NaN,0,0,1,0,NaN,NaN,NaN,NaN,NaN,0,0,NaN,0,0,0.350719999999999,1370,nominal,full,0,0,503181245076,0,0,0,0,0,0,0,0,1,0,0,0,0,0,0,NaN,0,0,NaN,NaN,5,1,0,0,1,188718098897,2647,1370,0.00146005840233609,0.00453205840233609,Inf,0,0.00025,40,30.4717049324578,1,periodic-static,0,0,0,0.350719999999999,0,NaN,NaN,NaN,NaN,NaN,NaN,NaN,NaN,NaN,NaN,NaN,NaN,NaN,NaN,NaN,NaN,NaN,NaN,NaN,NaN,NaN,NaN,NaN,NaN,NaN,NaN,NaN
candidate-targeted-frontier-falsification,16048030,n5-6dof-zero-loss,N5 6-DOF zero-loss,EXP22G targeted frontier,periodic-cost-minus2pct,2,22.3810222222222,periodic,Periodic static TDMA / 2% below ELCS cost,none,5,ring2,6dof,tdma,1,1,0,1,0.48,0.29,0.29,0.0476190476190476,0.0476190476190476,0.0289297844686059,0.561023626160293,0,0,10.1247766328209,12.3138305152612,0,1.03682933398969,0.0381426202321724,0.0600000000000005,0.0800000000000001,0.0800000000000001,NaN,NaN,1345,1343,1343,0,0,3223,3223,0,0,0,0,0,0,0,0,0,0,0,0,0,1,32,32,0,0,0,0,0,0,0,0.343807999999955,0,0,0,0.342744360641956,0.375344366203732,0,0,0,0,0,0.343807999999998,4.12569599999998,0,0,0,0,0.825139199999995,111.916666666667,268.583333333333,0,0.0112974643069597,0.0215222621124207,NaN,NaN,0.999996673421469,3223,0,0,0,0,0,1.0951487,0,868496,0,110997400,0,257801546,tdma,periodic-frontier,none,full-mission-static-tdma,none,continuous-local-static-tdma,NaN,22.3810222222222,NaN,22.3833333333333,22.3333333333333,NaN,NaN,NaN,NaN,NaN,NaN,NaN,NaN,1343,NaN,NaN,NaN,0,0,1,0,NaN,NaN,NaN,NaN,NaN,0,0,NaN,0,0,0.343807999999998,1343,nominal,full,0,0,503181245076,0,0,0,0,0,0,0,0,1,0,0,0,0,0,0,NaN,0,0,NaN,NaN,5,1,0,0,1,188718098897,2647,1343,0.00146005840233609,0.00453205840233609,Inf,0,0.00025,40,30.4717049324578,1,periodic-static,0,0,0,0.343807999999998,0,NaN,NaN,NaN,NaN,NaN,NaN,NaN,NaN,NaN,NaN,NaN,NaN,NaN,NaN,NaN,NaN,NaN,NaN,NaN,NaN,NaN,NaN,NaN,NaN,NaN,NaN,NaN
candidate-targeted-frontier-falsification,16048030,n5-6dof-zero-loss,N5 6-DOF zero-loss,EXP22G targeted frontier,elcs-f-mission-affine,3,50,periodic,ELCS-F / mission affine clock,none,5,ring2,6dof,tdma,1,1,0,1,0.48,0.29,0.29,0.0476190476190476,0.0476190476190476,0.0300773558718232,0.559332979266092,0,0,10.0524139486959,12.3090502346695,0,1.0368388369675,0.0409286898839139,0.0600000000000005,0.0600000000000005,0.0600000000000005,NaN,NaN,3000,1053,1053,0,0,2529,2529,0,0,0,0,0,0,0,0,0,0,1944,0,0,1,32,32,0,0,0,0,0,0,0,0.350634666666645,0,0,0,0,0,0,0,0,0,0,0.350634666666666,3.23481599999997,0,0,0,0,0.841523199999997,87.75,210.75,0,0.0100232352880681,0.0190092186339117,NaN,NaN,0.999976551966704,2529,0,0,0,0,0,0.3166437,0,868496,0,110997400,0,20158638838,tdma,candidate-elcs,none,edge-leased-certified-scheduling,none,continuous-elcs-replay,NaN,50,NaN,17.55,17.4166666666667,NaN,NaN,NaN,NaN,NaN,NaN,NaN,NaN,1053,NaN,NaN,NaN,0,0,1,0,NaN,NaN,NaN,NaN,NaN,0,0,NaN,0,0,0.350634666666666,1053,nominal,full,1,0,503181245076,0,0,0,0,0,0,0,0,1,0,0,0,0,0,0,0.283554993399736,1,0,NaN,NaN,5,1,0,0,1,188718098897,1053,1053,0.00146005840233609,0.00453205840233609,Inf,2.03287907341032e-20,0.00025,40,30.4717049324578,1,candidate-elcs,950,0.972800000000017,0.0810666666666681,0.350634666666666,1,5954095088,30434197211,1102951,1250846832,1053,1053,0,0,0,1,2529,0,0,2529,0,0,1,0,1,0.000726004609962416,2.03287907341032e-20,1,0,0,0,NaN,NaN
candidate-targeted-frontier-falsification,16048030,n10-ring2-zero-loss,N10 ring2 zero-loss,EXP22G targeted frontier,periodic-cost-match,1,12.2705555555555,periodic,Periodic static TDMA / ELCS cost match,none,10,ring2,di,tdma,1,1,0,1,0.26,0.097,0.097,0.0277777777777778,0.0277777777777778,0.0506379632086667,0.542356073359439,0,0,NaN,NaN,NaN,NaN,0.0670608495981629,0.119999999999999,0.120000000000001,0.140000000000001,NaN,NaN,1480,1473,1473,0,0,3829,3829,0,0,0,0,0,0,0,0,0,0,0,0,0,1,32,32,0,0,0,0,0,0,0,0.37708799999995,0,0,0,0.375866205256414,0.408892998219671,0,0,0,0,0,0.377088000000002,4.52505600000003,0,0,0,0,0.905011200000006,122.75,319.083333333333,0,0.0225680900019563,0.0429462428242832,NaN,NaN,0.999990321465607,3829,0,0,0,0,0,1.2316636,0,1481588,0,410907079,0,268342150,tdma,periodic-frontier,none,full-mission-static-tdma,none,continuous-local-static-tdma,NaN,12.2705555555555,NaN,12.275,12.25,NaN,NaN,NaN,NaN,NaN,NaN,NaN,NaN,1473,NaN,NaN,NaN,0,0,1,0,NaN,NaN,NaN,NaN,NaN,0,0,NaN,0,0,0.377088000000002,1473,nominal,full,0,0,1950722283067,0,0,0,0,0,0,0,0,1,0,0,0,0,0,0,NaN,0,0,NaN,NaN,10,1,0,0,1,692270141367,2647,1473,0.00146005840233609,0.00453205840233609,Inf,2.77555756156289e-17,0.00025,40,38.6612800841762,1,periodic-static,0,0,0,0.377088000000002,0,NaN,NaN,NaN,NaN,NaN,NaN,NaN,NaN,NaN,NaN,NaN,NaN,NaN,NaN,NaN,NaN,NaN,NaN,NaN,NaN,NaN,NaN,NaN,NaN,NaN,NaN,NaN
candidate-targeted-frontier-falsification,16048030,n10-ring2-zero-loss,N10 ring2 zero-loss,EXP22G targeted frontier,periodic-cost-minus2pct,2,12.0251444444444,periodic,Periodic static TDMA / 2% below ELCS cost,none,10,ring2,di,tdma,1,1,0,1,0.26,0.097,0.097,0.0277777777777778,0.0277777777777778,0.0513725559100708,0.540711166026039,0,0,NaN,NaN,NaN,NaN,0.0681477229238415,0.119999999999999,0.119999999999999,0.139999999999999,NaN,NaN,1450,1443,1443,0,0,3751,3751,0,0,0,0,0,0,0,0,0,0,0,0,0,1,32,32,0,0,0,0,0,0,0,0.369407999999952,0,0,0,0.368468710088546,0.404889976217659,0,0,0,0,0,0.369408000000001,4.43289600000002,0,0,0,0,0.886579200000003,120.25,312.583333333333,0,0.0227196889045662,0.0431572213691501,NaN,NaN,0.999989914852541,3751,0,0,0,0,0,1.2503891,0,1481588,0,410907079,0,268532588,tdma,periodic-frontier,none,full-mission-static-tdma,none,continuous-local-static-tdma,NaN,12.0251444444444,NaN,12.025,12,NaN,NaN,NaN,NaN,NaN,NaN,NaN,NaN,1443,NaN,NaN,NaN,0,0,1,0,NaN,NaN,NaN,NaN,NaN,0,0,NaN,0,0,0.369408000000001,1443,nominal,full,0,0,1950722283067,0,0,0,0,0,0,0,0,1,0,0,0,0,0,0,NaN,0,0,NaN,NaN,10,1,0,0,1,692270141367,2647,1443,0.00146005840233609,0.00453205840233609,Inf,2.77555756156289e-17,0.00025,40,38.6612800841762,1,periodic-static,0,0,0,0.369408000000001,0,NaN,NaN,NaN,NaN,NaN,NaN,NaN,NaN,NaN,NaN,NaN,NaN,NaN,NaN,NaN,NaN,NaN,NaN,NaN,NaN,NaN,NaN,NaN,NaN,NaN,NaN,NaN
candidate-targeted-frontier-falsification,16048030,n10-ring2-zero-loss,N10 ring2 zero-loss,EXP22G targeted frontier,elcs-f-mission-affine,3,50,periodic,ELCS-F / mission affine clock,none,10,ring2,di,tdma,1,1,0,1,0.26,0.097,0.097,0.0277777777777778,0.0277777777777778,0.0508564270750279,0.542750402829682,0,0,NaN,NaN,NaN,NaN,0.065411404515882,0.119999999999999,0.120000000000001,0.120000000000001,NaN,NaN,6000,1115,1113,0,0,2905,2901,4,0,0,0,0,0,0,4,0.00358744394618834,0,4875,0,0,1,32,32,0,0,0,0,0,0,0,0.270244645376857,0,0,0,0,0,0,0,0,0,0,0.377258666666665,3.42527999999997,0,0,0,0,0.905420799999995,92.75,241.75,0,0.0100803229656198,0.019038237290793,NaN,NaN,0.999434435686221,2905,0,0,0,0,0,0.4046321,0,1481588,0,410907079,0,43040614487,tdma,candidate-elcs,none,edge-leased-certified-scheduling,none,continuous-elcs-replay,NaN,50,NaN,9.275,8.91666666666667,NaN,NaN,NaN,NaN,NaN,NaN,NaN,NaN,1115,NaN,NaN,NaN,0,0,1,4,NaN,NaN,NaN,NaN,NaN,0,0,NaN,0,0,0.377258666666665,1115,nominal,full,1,0,1950722283067,0,0,0,0,0,0,0,0,1,0,0,0,0,0,0,1.04138871794872,1,0,NaN,NaN,10,0,0,0,1,692270141367,1115,1115,0.00146005840233609,0.00453205840233609,Inf,1.11022302462516e-16,0.00025,40,38.6612800841762,1,candidate-elcs,1076,1.10182400000001,0.0918186666666674,0.377258666666665,1,6984323739,113161517457,1800494,2104603712,1115,1115,0,0,4,1,2901,0,4,2901,0,4,1,0,1,0.000780127800156905,1.11022302462516e-16,1,0,0,0,NaN,NaN
