stage,seed,scenario,scenarioLabel,family,arm,pointIndex,parameterValue,method,methodLabel,feedbackMode,N,topology,plant,macType,pAccess,configuredPAccess,backgroundLoad,carrierSenseDensity,interferenceDensity,stationaryMeanDataLoss,stationaryMeanAckLoss,meanBadDurationDataSec,meanBadDurationAckSec,RMSE,MINSEP,SAFEFAIL,DIVERGED,ROLL_PEAK_DEG,PITCH_PEAK_DEG,SATURATION,CONTROL_EFFORT,MEAN_TRUE_AOI,P95_TRUE_AOI,P99_TRUE_AOI,MAX_TRUE_AOI,MEAN_EST_AOI,MEAN_AOI_GAP,DATA_GENERATED,DATA_ATTEMPTED,DATA_DELIVERED,ACK_ATTEMPTED,ACK_ENTRIES_DELIVERED,DATA_RECIPIENT_ATTEMPTS,DATA_RECIPIENT_SUCCESS,DATA_RECIPIENT_LOSS,ACK_RECIPIENT_ATTEMPTS,ACK_RECIPIENT_SUCCESS,ACK_RECIPIENT_LOSS,TERMINAL_ACTIVE_FRAMES,TERMINAL_DATA_INFLIGHT,TERMINAL_ACK_INFLIGHT,COLLISION_FRAMES,COLLISION_RATE,QUEUE_DROPS,SUPERSEDED,RETRIES,OBSOLETE_RETRY_DROPS,MAX_QUEUE,MAX_HISTORY,historySize,STALE_DATA_DISCARDED,STALE_ACK_DISCARDED,EXPIRED_HISTORY_ACK,ACK_BEFORE_ACCEPT,ACK_STANDALONE,ACK_ENTRIES_PIGGYBACKED,ACK_ENTRIES_TRANSFERRED,CHANNEL_UTIL,ADAPTIVE_ACK_PERMITTED,ADAPTIVE_ACK_DEFERRED,ADAPTIVE_ACK_FORCED,MEAN_LOCAL_BUSY,MAX_LOCAL_BUSY,LOAD_GUARD_BLOCKED,LOAD_GUARD_BLOCKED_BUSY,LOAD_GUARD_BLOCKED_QUEUE,LOAD_GUARD_BRANCH3,LOAD_GUARD_BRANCH4,OFFERED_UTIL,DATA_AIRTIME,ACK_AIRTIME,PIGGYBACK_AIRTIME,BACKGROUND_BUSY_TIME,BACKGROUND_COLLISION_FRAMES,ENERGY_PROXY_J,DATA_GOODPUT_HZ,RECIPIENT_GOODPUT_HZ,ACK_GOODPUT_HZ,MEAN_ACCESS_DELAY,P95_ACCESS_DELAY,MEAN_CONFIRM_DELAY,P95_CONFIRM_DELAY,JAIN_FRAME_GOODPUT,DATA_CHANNEL_ATTEMPTS,ACK_CHANNEL_ATTEMPTS,DATA_BAD_ATTEMPT_FRACTION,ACK_BAD_ATTEMPT_FRACTION,TRACE_DATA_BAD_FRACTION,TRACE_ACK_BAD_FRACTION,NETWORK_RUNTIME_SEC,INVARIANT_VIOLATIONS,TRACE_HASH_EXACT,CHANNEL_STATE_HASH,CHANNEL_MODEL_SIGNATURE,ESTIMATOR_HASH_EXACT,CONFIG_HASH,originalMacType,armKind,route,accessDesign,ackDesign,schedulerMode,oracleFlag,PERIODIC_RATE_HZ,TARGET_RATE_HZ,MEAN_NODE_GOODPUT_HZ,MIN_NODE_GOODPUT_HZ,MEAN_GOODPUT_MARGIN_HZ,MIN_GOODPUT_MARGIN_HZ,SERVICE_ADMISSIONS,SERVICE_COMPLETIONS,SERVICE_REPLACEMENTS,VIRTUAL_DEFICIT_MAX,VIRTUAL_DEFICIT_TERMINAL,MAX_STARVATION_SEC,SERVICE_DECISIONS,FIFO_COMPARABLE_DECISIONS,PRIORITY_DIFFERS_FIFO,PRIORITY_DIFFERS_FIFO_FRACTION,RECEIVER_TRUTH_READS,FUTURE_RANDOM_READS,SERVICE_DECISION_LOG_VALID,ENDOGENOUS_COLLISION_FRAMES,PROJECTION_FLAG,DTSA_DECISIONS,DTSA_DISAGREEMENTS,DTSA_DISAGREEMENT_FRACTION,AGE_GAIN_ELIGIBLE,ZMAC_OWNER_ATTEMPTS,ZMAC_CONTENTION_ATTEMPTS,DELTA_FINAL_PHASE,PUBLIC_FEEDBACK_COUNT,PUBLIC_FEEDBACK_AIRTIME,CHARGED_OFFERED_UTIL,MECHANISM_ACTIVATIONS,cellRole,controlReach,DISTRIBUTED_FLAG,IDEAL_FLAG,EXP21_TRACE_HASH_EXACT,RESERVATION_EPOCHS,CONTROL_FRAMES,CONTROL_REQUEST_FRAMES,CONTROL_RESPONSE_FRAMES,CONTROL_COMMIT_FRAMES,CONTROL_RECIPIENT_ATTEMPTS,CONTROL_RECIPIENT_SUCCESS,CONTROL_RECIPIENT_LOSS,CONTROL_ACCOUNTING_CLOSE,CONTROL_AIRTIME,CONTROL_OVERHEAD_FRACTION,RESERVATION_NACKS,RESERVATION_MIGRATIONS,RESERVATION_SCHEDULE_CHANGES,SCHEDULE_CONFLICT_FRACTION,FIRST_CONVERGENCE_SEC,CONVERGED_BY_2SEC,CHURN_APPLIED,CHURN_RECOVERY_SEC,RECOVERED_BY_2SEC,FINAL_ASSIGNED_NODES,FINAL_FULL_UNIQUE,MAX_ABS_CLOCK_OFFSET_SEC,MAX_ABS_CLOCK_DRIFT_PPM,LOCAL_SCHEDULE_ONLY,EXP21C_TRACE_HASH_EXACT,CONTINUOUS_START_OPPORTUNITIES,CONTINUOUS_START_ATTEMPTS,CONTINUOUS_GUARD_SEC,CONTINUOUS_SLOT_SEC,CONTINUOUS_SYNC_SEC,CONTINUOUS_MAX_CLOCK_RESIDUAL,CONTINUOUS_MAX_OFFSET_BOUND_SEC,CONTINUOUS_MAX_DRIFT_BOUND_PPM,CONTINUOUS_REALIZED_MAX_DRIFT_PPM,CONTINUOUS_EXACT_AIRTIME,ENGINE_FAMILY,TOTAL_MANAGEMENT_ATTEMPTS,TOTAL_MANAGEMENT_AIRTIME,TOTAL_MANAGEMENT_UTIL,TOTAL_OFFERED_UTIL,REPLAY_FLAG,REPLAY_SCHEDULE_HASH_EXACT,REPLAY_KERNEL_TRACE_HASH_EXACT,REPLAY_KERNEL_CONFIG_HASH,REPLAY_LOGICAL_OPPORTUNITY_HASH_EXACT,REPLAY_DATA_OPPORTUNITIES,REPLAY_DATA_ATTEMPTS,REPLAY_DATA_SKIPPED_NO_QUEUE,REPLAY_DATA_OUTCOME_MISMATCHES,REPLAY_EXPECTED_COLLISION_FRAMES,REPLAY_COLLISION_WITNESS_MATCH,REPLAY_EXPECTED_RECIPIENT_SUCCESS,REPLAY_EXPECTED_RECIPIENT_ERASURE,REPLAY_EXPECTED_RECIPIENT_COLLISION,REPLAY_OBSERVED_RECIPIENT_SUCCESS,REPLAY_OBSERVED_RECIPIENT_ERASURE,REPLAY_OBSERVED_RECIPIENT_COLLISION,REPLAY_MANAGEMENT_ACCOUNTING_CLOSE,REPLAY_CROSS_PLANE_OVERLAPS,REPLAY_CLOCK_TIMING_SAFE,REPLAY_CLOCK_MIN_GAP_SEC,REPLAY_CLOCK_RESIDUAL_SEC,ELCS_FINAL_ALL_CERTIFIED,ELCS_FALSE_VALID_EDGE_FRAMES,ELCS_OWNER_LOCK_VIOLATIONS,ELCS_SCHEDULED_COLLISION_FRAMES,ELCS_FIRST_ALL_CERTIFIED_FRAME,ELCS_STATUS_ATTEMPTS,ELCS_DISCOVERY_STATUS_ATTEMPTS,ELCS_REQUEST_STATUS_ATTEMPTS,ELCS_GRANT_ATTEMPTS,ELCS_GRANT_WITHOUT_DECODED_REQUEST,ELCS_CONTROL_ATTEMPT_BOUND,ELCS_CONTROL_BOUND_RATIO,DSTR_FINAL_RESOLVED,DSTR_FINAL_COLLISION_FREE
event-driven-candidate-targeted-frontier-falsification,16052001,n5-6dof-zero-loss,N5 6-DOF zero-loss,EXP22G targeted frontier,periodic-cost-match,1,19.1122222222221,periodic,Periodic static TDMA / ELCS cost match,none,5,ring2,6dof,tdma,1,1,0,1,0.48,0.29,0.29,0.0476190476190476,0.0476190476190476,0.0303246986804736,0.558835561976844,0,0,10.1677525658531,12.2998475019298,0,1.03682052689559,0.0419485903814262,0.0799999999999983,0.0800000000000001,0.0800000000000018,NaN,NaN,1145,1145,1145,0,0,2748,2748,0,0,0,0,0,0,0,0,0,0,0,0,0,1,32,32,0,0,0,0,0,0,0,0.293119999999963,0,0,0,0.289671752308301,0.319818135002156,0,0,0,0,0,0.293119999999997,3.51743999999997,0,0,0,0,0.703487999999993,95.4166666666667,229,0,0.0113376864410943,0.0214227090863112,NaN,NaN,1,2748,0,0,0,0,0,1.5775958,0,1006434,0,110997400,0,258418601,tdma,periodic-frontier,none,full-mission-static-tdma,none,continuous-local-static-tdma,NaN,19.1122222222221,NaN,19.0833333333333,19.0833333333333,NaN,NaN,NaN,NaN,NaN,NaN,NaN,NaN,1145,NaN,NaN,NaN,0,0,1,0,NaN,NaN,NaN,NaN,NaN,0,0,NaN,0,0,0.293119999999997,1145,nominal,full,0,0,503313752189,0,0,0,0,0,0,0,0,1,0,0,0,0,0,0,NaN,0,0,NaN,NaN,5,1,0,0,1,188863499872,2647,1145,0.00146005840233609,0.00453205840233609,Inf,0,0.00025,40,38.6872480848296,1,periodic-static,0,0,0,0.293119999999997,0,NaN,NaN,NaN,NaN,NaN,NaN,NaN,NaN,NaN,NaN,NaN,NaN,NaN,NaN,NaN,NaN,NaN,NaN,NaN,NaN,NaN,NaN,NaN,NaN,NaN,NaN,NaN,NaN,NaN,NaN,NaN,NaN,NaN,NaN,NaN
event-driven-candidate-targeted-frontier-falsification,16052001,n5-6dof-zero-loss,N5 6-DOF zero-loss,EXP22G targeted frontier,periodic-cost-minus2pct,2,18.7299777777776,periodic,Periodic static TDMA / 2% below ELCS cost,none,5,ring2,6dof,tdma,1,1,0,1,0.48,0.29,0.29,0.0476190476190476,0.0476190476190476,0.0307675985171325,0.558483582692833,0,0,10.1432779715412,12.2867169667293,0,1.03681651977772,0.0424792703150912,0.0800000000000001,0.0800000000000001,0.0800000000000018,NaN,NaN,1125,1125,1125,0,0,2700,2700,0,0,0,0,0,0,0,0,0,0,0,0,0,1,32,32,0,0,0,0,0,0,0,0.287999999999963,0,0,0,0.287480496981925,0.315897218727096,0,0,0,0,0,0.287999999999997,3.45599999999997,0,0,0,0,0.691199999999993,93.75,225,0,0.0113017325181179,0.0214974104706494,NaN,NaN,1,2700,0,0,0,0,0,1.5038338,0,1006434,0,110997400,0,258466864,tdma,periodic-frontier,none,full-mission-static-tdma,none,continuous-local-static-tdma,NaN,18.7299777777776,NaN,18.75,18.75,NaN,NaN,NaN,NaN,NaN,NaN,NaN,NaN,1125,NaN,NaN,NaN,0,0,1,0,NaN,NaN,NaN,NaN,NaN,0,0,NaN,0,0,0.287999999999997,1125,nominal,full,0,0,503313752189,0,0,0,0,0,0,0,0,1,0,0,0,0,0,0,NaN,0,0,NaN,NaN,5,1,0,0,1,188863499872,2647,1125,0.00146005840233609,0.00453205840233609,Inf,0,0.00025,40,38.6872480848296,1,periodic-static,0,0,0,0.287999999999997,0,NaN,NaN,NaN,NaN,NaN,NaN,NaN,NaN,NaN,NaN,NaN,NaN,NaN,NaN,NaN,NaN,NaN,NaN,NaN,NaN,NaN,NaN,NaN,NaN,NaN,NaN,NaN,NaN,NaN,NaN,NaN,NaN,NaN,NaN,NaN
event-driven-candidate-targeted-frontier-falsification,16052001,n5-6dof-zero-loss,N5 6-DOF zero-loss,EXP22G targeted frontier,elcs-f-mission-affine,3,50,periodic,ELCS-F / mission affine clock,none,5,ring2,6dof,tdma,1,1,0,1,0.48,0.29,0.29,0.0476190476190476,0.0476190476190476,0.0301205433107197,0.559332852856328,0,0,10.1625979490666,12.3392211000772,0,1.03685949434811,0.0409452736318409,0.0600000000000005,0.0600000000000005,0.0600000000000005,NaN,NaN,3000,1055,1052,0,0,2529,2525,4,0,0,0,0,0,0,3,0.0028436018957346,0,1942,0,0,1,32,32,0,0,0,0,0,0,0,0.293489765191239,0,0,0,0,0,0,0,0,0,0,0.293973333333331,3.24095999999997,0,0,0,0,0.705535999999994,87.6666666666667,210.416666666667,0,0.0100012091583502,0.018936502497273,NaN,NaN,0.999976507368554,2529,0,0,0,0,0,0.4071899,0,1006434,0,110997400,0,16644720162,tdma,candidate-elcs,none,edge-leased-certified-scheduling,none,continuous-elcs-replay,NaN,50,NaN,17.5333333333333,17.4166666666667,NaN,NaN,NaN,NaN,NaN,NaN,NaN,NaN,1055,NaN,NaN,NaN,0,0,1,3,NaN,NaN,NaN,NaN,NaN,0,0,NaN,0,0,0.293973333333331,1055,nominal,full,1,0,503313752189,0,0,0,0,0,0,0,0,1,0,0,0,0,0,0,0.283554993399736,1,0,NaN,NaN,5,1,0,0,1,188863499872,1055,1055,0.00146005840233609,0.00453205840233609,Inf,2.22044604925031e-16,0.00025,40,38.6872480848296,1,candidate-elcs,280,0.28672,0.0238933333333334,0.293973333333331,1,3736035143,30417893418,1103131,948111016,1055,1055,0,0,3,1,2525,0,4,2525,0,4,1,0,1,0.000836872174836856,2.22044604925031e-16,1,0,0,0,5,213,89,124,310,0,534,0.97940074906367,NaN,NaN
event-driven-candidate-targeted-frontier-falsification,16052001,n10-ring2-zero-loss,N10 ring2 zero-loss,EXP22G targeted frontier,periodic-cost-match,1,10.3799999999999,periodic,Periodic static TDMA / ELCS cost match,none,10,ring2,di,tdma,1,1,0,1,0.26,0.097,0.097,0.0277777777777778,0.0277777777777778,0.0556798577872149,0.536927311603758,0,0,NaN,NaN,NaN,NaN,0.0747646383467278,0.120000000000001,0.140000000000001,0.140000000000001,NaN,NaN,1250,1248,1248,0,0,3245,3245,0,0,0,0,0,0,0,0,0,0,0,0,0,1,32,32,0,0,0,0,0,0,0,0.319487999999958,0,0,0,0.318232573766032,0.366952273719896,0,0,0,0,0,0.319487999999997,3.83385599999996,0,0,0,0,0.766771199999992,104,270.416666666667,0,0.0224826614700908,0.0426482497540585,NaN,NaN,0.999989727258719,3245,0,0,0,0,0,1.4851636,0,1320900,0,410907079,0,268691746,tdma,periodic-frontier,none,full-mission-static-tdma,none,continuous-local-static-tdma,NaN,10.3799999999999,NaN,10.4,10.3333333333333,NaN,NaN,NaN,NaN,NaN,NaN,NaN,NaN,1248,NaN,NaN,NaN,0,0,1,0,NaN,NaN,NaN,NaN,NaN,0,0,NaN,0,0,0.319487999999997,1248,nominal,full,0,0,1951067451695,0,0,0,0,0,0,0,0,1,0,0,0,0,0,0,NaN,0,0,NaN,NaN,10,1,0,0,1,691855022475,2647,1248,0.00146005840233609,0.00453205840233609,Inf,0,0.00025,40,39.8879567832446,1,periodic-static,0,0,0,0.319487999999997,0,NaN,NaN,NaN,NaN,NaN,NaN,NaN,NaN,NaN,NaN,NaN,NaN,NaN,NaN,NaN,NaN,NaN,NaN,NaN,NaN,NaN,NaN,NaN,NaN,NaN,NaN,NaN,NaN,NaN,NaN,NaN,NaN,NaN,NaN,NaN
event-driven-candidate-targeted-frontier-falsification,16052001,n10-ring2-zero-loss,N10 ring2 zero-loss,EXP22G targeted frontier,periodic-cost-minus2pct,2,10.1723999999999,periodic,Periodic static TDMA / 2% below ELCS cost,none,10,ring2,di,tdma,1,1,0,1,0.26,0.097,0.097,0.0277777777777778,0.0277777777777778,0.0561300804762293,0.536627085942852,0,0,NaN,NaN,NaN,NaN,0.0756907768848068,0.120000000000001,0.140000000000001,0.140000000000001,NaN,NaN,1220,1220,1220,0,0,3172,3172,0,0,0,0,0,0,0,0,0,0,0,0,0,1,32,32,0,0,0,0,0,0,0,0.31231999999996,0,0,0,0.31165582322181,0.364133513787405,0,0,0,0,0,0.312319999999997,3.74783999999996,0,0,0,0,0.749567999999993,101.666666666667,264.333333333333,0,0.0227236033259057,0.0432707745708577,NaN,NaN,1,3172,0,0,0,0,0,1.2750227,0,1320900,0,410907079,0,268439457,tdma,periodic-frontier,none,full-mission-static-tdma,none,continuous-local-static-tdma,NaN,10.1723999999999,NaN,10.1666666666667,10.1666666666667,NaN,NaN,NaN,NaN,NaN,NaN,NaN,NaN,1220,NaN,NaN,NaN,0,0,1,0,NaN,NaN,NaN,NaN,NaN,0,0,NaN,0,0,0.312319999999997,1220,nominal,full,0,0,1951067451695,0,0,0,0,0,0,0,0,1,0,0,0,0,0,0,NaN,0,0,NaN,NaN,10,1,0,0,1,691855022475,2647,1220,0.00146005840233609,0.00453205840233609,Inf,0,0.00025,40,39.8879567832446,1,periodic-static,0,0,0,0.312319999999997,0,NaN,NaN,NaN,NaN,NaN,NaN,NaN,NaN,NaN,NaN,NaN,NaN,NaN,NaN,NaN,NaN,NaN,NaN,NaN,NaN,NaN,NaN,NaN,NaN,NaN,NaN,NaN,NaN,NaN,NaN,NaN,NaN,NaN,NaN,NaN
event-driven-candidate-targeted-frontier-falsification,16052001,n10-ring2-zero-loss,N10 ring2 zero-loss,EXP22G targeted frontier,elcs-f-mission-affine,3,50,periodic,ELCS-F / mission affine clock,none,10,ring2,di,tdma,1,1,0,1,0.26,0.097,0.097,0.0277777777777778,0.0277777777777778,0.0508884356058291,0.542575497365323,0,0,NaN,NaN,NaN,NaN,0.0652583237657863,0.119999999999999,0.120000000000001,0.120000000000001,NaN,NaN,6000,1114,1114,0,0,2903,2901,2,0,0,0,0,0,0,2,0.00179533213644524,0,4876,0,0,1,32,32,0,0,0,0,0,0,0,0.218291244460142,0,0,0,0,0,0,0,0,0,0,0.319061333333331,3.42220799999997,0,0,0,0,0.765747199999994,92.8333333333333,241.75,0,0.0100056973183478,0.019025811516652,NaN,NaN,0.999545732787783,2903,0,0,0,0,0,0.4691799,0,1320900,0,410907079,0,39133467595,tdma,candidate-elcs,none,edge-leased-certified-scheduling,none,continuous-elcs-replay,NaN,50,NaN,9.28333333333333,9,NaN,NaN,NaN,NaN,NaN,NaN,NaN,NaN,1114,NaN,NaN,NaN,0,0,1,2,NaN,NaN,NaN,NaN,NaN,0,0,NaN,0,0,0.319061333333331,1114,nominal,full,1,0,1951067451695,0,0,0,0,0,0,0,0,1,0,0,0,0,0,0,1.04138871794872,1,0,NaN,NaN,10,0,0,0,1,691855022475,1114,1114,0.00146005840233609,0.00453205840233609,Inf,1.11022302462516e-16,0.00025,40,39.8879567832446,1,candidate-elcs,397,0.406528000000003,0.0338773333333336,0.319061333333331,1,4728169291,113307537540,1800674,1572019455,1114,1114,0,0,2,1,2901,0,2,2901,0,2,1,0,1,0.00047852223489997,1.11022302462516e-16,1,0,0,0,10,455,176,279,930,0,1409,0.982966643009226,NaN,NaN
event-driven-candidate-targeted-frontier-falsification,16052002,n5-6dof-zero-loss,N5 6-DOF zero-loss,EXP22G targeted frontier,periodic-cost-match,1,19.1122222222221,periodic,Periodic static TDMA / ELCS cost match,none,5,ring2,6dof,tdma,1,1,0,1,0.48,0.29,0.29,0.0476190476190476,0.0476190476190476,0.0303030954681067,0.558806707246715,0,0,10.1677525658531,12.2998475019298,0,1.0368205988892,0.0418905472636816,0.0799999999999983,0.0800000000000001,0.0800000000000018,NaN,NaN,1145,1145,1145,0,0,2748,2748,0,0,0,0,0,0,0,0,0,0,0,0,0,1,32,32,0,0,0,0,0,0,0,0.293119999999962,0,0,0,0.291856976781337,0.323281269238968,0,0,0,0,0,0.293119999999997,3.51743999999997,0,0,0,0,0.703487999999993,95.4166666666667,229,0,0.0112885017837564,0.0213966471497596,NaN,NaN,1,2748,0,0,0,0,0,1.1817836,0,1182538,0,110997400,0,258418603,tdma,periodic-frontier,none,full-mission-static-tdma,none,continuous-local-static-tdma,NaN,19.1122222222221,NaN,19.0833333333333,19.0833333333333,NaN,NaN,NaN,NaN,NaN,NaN,NaN,NaN,1145,NaN,NaN,NaN,0,0,1,0,NaN,NaN,NaN,NaN,NaN,0,0,NaN,0,0,0.293119999999997,1145,nominal,full,0,0,502930583463,0,0,0,0,0,0,0,0,1,0,0,0,0,0,0,NaN,0,0,NaN,NaN,5,1,0,0,1,188495543699,2647,1145,0.00146005840233609,0.00453205840233609,Inf,0,0.00025,40,19.2361222919517,1,periodic-static,0,0,0,0.293119999999997,0,NaN,NaN,NaN,NaN,NaN,NaN,NaN,NaN,NaN,NaN,NaN,NaN,NaN,NaN,NaN,NaN,NaN,NaN,NaN,NaN,NaN,NaN,NaN,NaN,NaN,NaN,NaN,NaN,NaN,NaN,NaN,NaN,NaN,NaN,NaN
event-driven-candidate-targeted-frontier-falsification,16052002,n5-6dof-zero-loss,N5 6-DOF zero-loss,EXP22G targeted frontier,periodic-cost-minus2pct,2,18.7299777777776,periodic,Periodic static TDMA / 2% below ELCS cost,none,5,ring2,6dof,tdma,1,1,0,1,0.48,0.29,0.29,0.0476190476190476,0.0476190476190476,0.0308268926704894,0.558386179147983,0,0,10.1432779715412,12.2867169667293,0,1.03681570161277,0.0425704809286899,0.0800000000000001,0.0800000000000001,0.0800000000000018,NaN,NaN,1125,1125,1125,0,0,2700,2700,0,0,0,0,0,0,0,0,0,0,0,0,0,1,32,32,0,0,0,0,0,0,0,0.287999999999963,0,0,0,0.28578138789196,0.317544461579752,0,0,0,0,0,0.287999999999997,3.45599999999997,0,0,0,0,0.691199999999993,93.75,225,0,0.0113289776177971,0.0215155267841689,NaN,NaN,1,2700,0,0,0,0,0,1.2176912,0,1182538,0,110997400,0,258466866,tdma,periodic-frontier,none,full-mission-static-tdma,none,continuous-local-static-tdma,NaN,18.7299777777776,NaN,18.75,18.75,NaN,NaN,NaN,NaN,NaN,NaN,NaN,NaN,1125,NaN,NaN,NaN,0,0,1,0,NaN,NaN,NaN,NaN,NaN,0,0,NaN,0,0,0.287999999999997,1125,nominal,full,0,0,502930583463,0,0,0,0,0,0,0,0,1,0,0,0,0,0,0,NaN,0,0,NaN,NaN,5,1,0,0,1,188495543699,2647,1125,0.00146005840233609,0.00453205840233609,Inf,0,0.00025,40,19.2361222919517,1,periodic-static,0,0,0,0.287999999999997,0,NaN,NaN,NaN,NaN,NaN,NaN,NaN,NaN,NaN,NaN,NaN,NaN,NaN,NaN,NaN,NaN,NaN,NaN,NaN,NaN,NaN,NaN,NaN,NaN,NaN,NaN,NaN,NaN,NaN,NaN,NaN,NaN,NaN,NaN,NaN
event-driven-candidate-targeted-frontier-falsification,16052002,n5-6dof-zero-loss,N5 6-DOF zero-loss,EXP22G targeted frontier,elcs-f-mission-affine,3,50,periodic,ELCS-F / mission affine clock,none,5,ring2,6dof,tdma,1,1,0,1,0.48,0.29,0.29,0.0476190476190476,0.0476190476190476,0.0300997841588115,0.559384149968908,0,0,10.0644047135589,12.2982482704824,0,1.03683553153883,0.0410447761194031,0.0600000000000005,0.0600000000000005,0.0600000000000005,NaN,NaN,3000,1055,1054,0,0,2531,2529,2,0,0,0,0,0,0,2,0.0018957345971564,0,1942,0,0,1,32,32,0,0,0,0,0,0,0,0.293724565200158,0,0,0,0,0,0,0,0,0,0,0.293973333333331,3.24095999999997,0,0,0,0,0.705535999999994,87.8333333333333,210.75,0,0.0099935219420775,0.0189803380799503,NaN,NaN,0.999969395562357,2531,0,0,0,0,0,0.4177567,0,1182538,0,110997400,0,16619026968,tdma,candidate-elcs,none,edge-leased-certified-scheduling,none,continuous-elcs-replay,NaN,50,NaN,17.5666666666667,17.4166666666667,NaN,NaN,NaN,NaN,NaN,NaN,NaN,NaN,1055,NaN,NaN,NaN,0,0,1,2,NaN,NaN,NaN,NaN,NaN,0,0,NaN,0,0,0.293973333333331,1055,nominal,full,1,0,502930583463,0,0,0,0,0,0,0,0,1,0,0,0,0,0,0,0.283554993399736,1,0,NaN,NaN,5,1,0,0,1,188495543699,1055,1055,0.00146005840233609,0.00453205840233609,Inf,2.71050543121376e-20,0.00025,40,19.2361222919517,1,candidate-elcs,280,0.28672,0.0238933333333334,0.293973333333331,1,3746669796,30477558584,1103131,948117260,1055,1055,0,0,2,1,2529,0,2,2529,0,2,1,0,1,0.00102599354547156,2.71050543121376e-20,1,0,0,0,5,213,89,124,310,0,534,0.97940074906367,NaN,NaN
event-driven-candidate-targeted-frontier-falsification,16052002,n10-ring2-zero-loss,N10 ring2 zero-loss,EXP22G targeted frontier,periodic-cost-match,1,10.3799999999999,periodic,Periodic static TDMA / ELCS cost match,none,10,ring2,di,tdma,1,1,0,1,0.26,0.097,0.097,0.0277777777777778,0.0277777777777778,0.0557231071039341,0.536528535947018,0,0,NaN,NaN,NaN,NaN,0.0748832759280519,0.120000000000001,0.140000000000001,0.140000000000001,NaN,NaN,1250,1249,1249,0,0,3248,3248,0,0,0,0,0,0,0,0,0,0,0,0,0,1,32,32,0,0,0,0,0,0,0,0.319743999999958,0,0,0,0.318143242726321,0.366369704526788,0,0,0,0,0,0.319743999999997,3.83692799999996,0,0,0,0,0.767385599999992,104.083333333333,270.666666666667,0,0.0224464235039367,0.0426753979140605,NaN,NaN,0.999994230806213,3248,0,0,0,0,0,1.3512156,0,326653,0,410907079,0,268691748,tdma,periodic-frontier,none,full-mission-static-tdma,none,continuous-local-static-tdma,NaN,10.3799999999999,NaN,10.4083333333333,10.3333333333333,NaN,NaN,NaN,NaN,NaN,NaN,NaN,NaN,1249,NaN,NaN,NaN,0,0,1,0,NaN,NaN,NaN,NaN,NaN,0,0,NaN,0,0,0.319743999999997,1249,nominal,full,0,0,1950597593066,0,0,0,0,0,0,0,0,1,0,0,0,0,0,0,NaN,0,0,NaN,NaN,10,1,0,0,1,692218306814,2648,1249,0.00146005840233609,0.00453205840233609,Inf,2.77555756156289e-17,0.00025,40,32.1621239494831,1,periodic-static,0,0,0,0.319743999999997,0,NaN,NaN,NaN,NaN,NaN,NaN,NaN,NaN,NaN,NaN,NaN,NaN,NaN,NaN,NaN,NaN,NaN,NaN,NaN,NaN,NaN,NaN,NaN,NaN,NaN,NaN,NaN,NaN,NaN,NaN,NaN,NaN,NaN,NaN,NaN
event-driven-candidate-targeted-frontier-falsification,16052002,n10-ring2-zero-loss,N10 ring2 zero-loss,EXP22G targeted frontier,periodic-cost-minus2pct,2,10.1723999999999,periodic,Periodic static TDMA / 2% below ELCS cost,none,10,ring2,di,tdma,1,1,0,1,0.26,0.097,0.097,0.0277777777777778,0.0277777777777778,0.0561281476353899,0.536608840491658,0,0,NaN,NaN,NaN,NaN,0.0754802908534253,0.120000000000001,0.140000000000001,0.140000000000001,NaN,NaN,1220,1220,1220,0,0,3172,3172,0,0,0,0,0,0,0,0,0,0,0,0,0,1,32,32,0,0,0,0,0,0,0,0.31231999999996,0,0,0,0.311602380982468,0.35273621966866,0,0,0,0,0,0.312319999999997,3.74783999999996,0,0,0,0,0.749567999999993,101.666666666667,264.333333333333,0,0.0226793421519215,0.0429558644979362,NaN,NaN,1,3172,0,0,0,0,0,1.2247923,0,326653,0,410907079,0,268439459,tdma,periodic-frontier,none,full-mission-static-tdma,none,continuous-local-static-tdma,NaN,10.1723999999999,NaN,10.1666666666667,10.1666666666667,NaN,NaN,NaN,NaN,NaN,NaN,NaN,NaN,1220,NaN,NaN,NaN,0,0,1,0,NaN,NaN,NaN,NaN,NaN,0,0,NaN,0,0,0.312319999999997,1220,nominal,full,0,0,1950597593066,0,0,0,0,0,0,0,0,1,0,0,0,0,0,0,NaN,0,0,NaN,NaN,10,1,0,0,1,692218306814,2648,1220,0.00146005840233609,0.00453205840233609,Inf,2.77555756156289e-17,0.00025,40,32.1621239494831,1,periodic-static,0,0,0,0.312319999999997,0,NaN,NaN,NaN,NaN,NaN,NaN,NaN,NaN,NaN,NaN,NaN,NaN,NaN,NaN,NaN,NaN,NaN,NaN,NaN,NaN,NaN,NaN,NaN,NaN,NaN,NaN,NaN,NaN,NaN,NaN,NaN,NaN,NaN,NaN,NaN
event-driven-candidate-targeted-frontier-falsification,16052002,n10-ring2-zero-loss,N10 ring2 zero-loss,EXP22G targeted frontier,elcs-f-mission-affine,3,50,periodic,ELCS-F / mission affine clock,none,10,ring2,di,tdma,1,1,0,1,0.26,0.097,0.097,0.0277777777777778,0.0277777777777778,0.0508501763412462,0.54272012998345,0,0,NaN,NaN,NaN,NaN,0.0654305396096439,0.119999999999999,0.120000000000001,0.120000000000001,NaN,NaN,6000,1116,1116,0,0,2904,2902,2,0,0,0,0,0,0,2,0.0017921146953405,0,4874,0,0,1,32,32,0,0,0,0,0,0,0,0.214797095731298,0,0,0,0,0,0,0,0,0,0,0.319573333333331,3.42835199999997,0,0,0,0,0.766975999999994,93,241.833333333333,0,0.0100708692426624,0.0190207281365781,NaN,NaN,0.999723872210628,2904,0,0,0,0,0,0.4561795,0,326653,0,410907079,0,39123834190,tdma,candidate-elcs,none,edge-leased-certified-scheduling,none,continuous-elcs-replay,NaN,50,NaN,9.3,9.08333333333333,NaN,NaN,NaN,NaN,NaN,NaN,NaN,NaN,1116,NaN,NaN,NaN,0,0,1,2,NaN,NaN,NaN,NaN,NaN,0,0,NaN,0,0,0.319573333333331,1116,nominal,full,1,0,1950597593066,0,0,0,0,0,0,0,0,1,0,0,0,0,0,0,1.04138871794872,1,0,NaN,NaN,10,0,0,0,1,692218306814,1116,1116,0.00146005840233609,0.00453205840233609,Inf,1.11022302462516e-16,0.00025,40,32.1621239494831,1,candidate-elcs,397,0.406528000000003,0.0338773333333336,0.319573333333331,1,4699865498,113430040128,1800674,1577951147,1116,1116,0,0,2,1,2902,0,2,2902,0,2,1,0,1,0.000958452033314572,1.11022302462516e-16,1,0,0,0,10,455,176,279,930,0,1409,0.982966643009226,NaN,NaN
event-driven-candidate-targeted-frontier-falsification,16052003,n5-6dof-zero-loss,N5 6-DOF zero-loss,EXP22G targeted frontier,periodic-cost-match,1,19.1122222222221,periodic,Periodic static TDMA / ELCS cost match,none,5,ring2,6dof,tdma,1,1,0,1,0.48,0.29,0.29,0.0476190476190476,0.0476190476190476,0.0303529646644268,0.55866525477646,0,0,10.1677525658531,12.2998475019298,0,1.03682026611338,0.0419817578772802,0.0799999999999996,0.0800000000000001,0.0800000000000018,NaN,NaN,1145,1145,1145,0,0,2748,2748,0,0,0,0,0,0,0,0,0,0,0,0,0,1,32,32,0,0,0,0,0,0,0,0.293119999999962,0,0,0,0.29154793651651,0.321015188946236,0,0,0,0,0,0.293119999999997,3.51743999999997,0,0,0,0,0.703487999999993,95.4166666666667,229,0,0.0113064601279297,0.0213737216895806,NaN,NaN,1,2748,0,0,0,0,0,1.7744646,0,967780,0,110997400,0,258418605,tdma,periodic-frontier,none,full-mission-static-tdma,none,continuous-local-static-tdma,NaN,19.1122222222221,NaN,19.0833333333333,19.0833333333333,NaN,NaN,NaN,NaN,NaN,NaN,NaN,NaN,1145,NaN,NaN,NaN,0,0,1,0,NaN,NaN,NaN,NaN,NaN,0,0,NaN,0,0,0.293119999999997,1145,nominal,full,0,0,503557182479,0,0,0,0,0,0,0,0,1,0,0,0,0,0,0,NaN,0,0,NaN,NaN,5,1,0,0,1,188775848726,2647,1145,0.00146005840233609,0.00453205840233609,Inf,0,0.00025,40,30.1749063562025,1,periodic-static,0,0,0,0.293119999999997,0,NaN,NaN,NaN,NaN,NaN,NaN,NaN,NaN,NaN,NaN,NaN,NaN,NaN,NaN,NaN,NaN,NaN,NaN,NaN,NaN,NaN,NaN,NaN,NaN,NaN,NaN,NaN,NaN,NaN,NaN,NaN,NaN,NaN,NaN,NaN
event-driven-candidate-targeted-frontier-falsification,16052003,n5-6dof-zero-loss,N5 6-DOF zero-loss,EXP22G targeted frontier,periodic-cost-minus2pct,2,18.7299777777776,periodic,Periodic static TDMA / 2% below ELCS cost,none,5,ring2,6dof,tdma,1,1,0,1,0.48,0.29,0.29,0.0476190476190476,0.0476190476190476,0.0308250832983092,0.558326076530559,0,0,10.1432779715412,12.2867169667293,0,1.03681504595654,0.0426036484245439,0.0800000000000001,0.0800000000000001,0.0800000000000018,NaN,NaN,1125,1125,1125,0,0,2700,2700,0,0,0,0,0,0,0,0,0,0,0,0,0,1,32,32,0,0,0,0,0,0,0,0.287999999999962,0,0,0,0.286495456854347,0.314989277826549,0,0,0,0,0,0.287999999999997,3.45599999999997,0,0,0,0,0.691199999999993,93.75,225,0,0.0113490613552796,0.0214730947329272,NaN,NaN,1,2700,0,0,0,0,0,1.3019856,0,967780,0,110997400,0,258466868,tdma,periodic-frontier,none,full-mission-static-tdma,none,continuous-local-static-tdma,NaN,18.7299777777776,NaN,18.75,18.75,NaN,NaN,NaN,NaN,NaN,NaN,NaN,NaN,1125,NaN,NaN,NaN,0,0,1,0,NaN,NaN,NaN,NaN,NaN,0,0,NaN,0,0,0.287999999999997,1125,nominal,full,0,0,503557182479,0,0,0,0,0,0,0,0,1,0,0,0,0,0,0,NaN,0,0,NaN,NaN,5,1,0,0,1,188775848726,2647,1125,0.00146005840233609,0.00453205840233609,Inf,0,0.00025,40,30.1749063562025,1,periodic-static,0,0,0,0.287999999999997,0,NaN,NaN,NaN,NaN,NaN,NaN,NaN,NaN,NaN,NaN,NaN,NaN,NaN,NaN,NaN,NaN,NaN,NaN,NaN,NaN,NaN,NaN,NaN,NaN,NaN,NaN,NaN,NaN,NaN,NaN,NaN,NaN,NaN,NaN,NaN
event-driven-candidate-targeted-frontier-falsification,16052003,n5-6dof-zero-loss,N5 6-DOF zero-loss,EXP22G targeted frontier,elcs-f-mission-affine,3,50,periodic,ELCS-F / mission affine clock,none,5,ring2,6dof,tdma,1,1,0,1,0.48,0.29,0.29,0.0476190476190476,0.0476190476190476,0.0301337550977487,0.55938092946122,0,0,10.0392117535047,12.3388201851159,0,1.03685371076853,0.040995024875622,0.0600000000000005,0.0600000000000005,0.0600000000000005,NaN,NaN,3000,1053,1052,0,0,2528,2524,4,0,0,0,0,0,0,2,0.00189933523266857,0,1944,0,0,1,32,32,0,0,0,0,0,0,0,0.293207347261968,0,0,0,0,0,0,0,0,0,0,0.293461333333331,3.23481599999997,0,0,0,0,0.704307199999994,87.6666666666667,210.333333333333,0,0.0100388158908278,0.0189972556457738,NaN,NaN,0.999976507368554,2528,0,0,0,0,0,0.3921126,0,967780,0,110997400,0,16586769201,tdma,candidate-elcs,none,edge-leased-certified-scheduling,none,continuous-elcs-replay,NaN,50,NaN,17.5333333333333,17.4166666666667,NaN,NaN,NaN,NaN,NaN,NaN,NaN,NaN,1053,NaN,NaN,NaN,0,0,1,2,NaN,NaN,NaN,NaN,NaN,0,0,NaN,0,0,0.293461333333331,1053,nominal,full,1,0,503557182479,0,0,0,0,0,0,0,0,1,0,0,0,0,0,0,0.283554993399736,1,0,NaN,NaN,5,1,0,0,1,188775848726,1053,1053,0.00146005840233609,0.00453205840233609,Inf,0,0.00025,40,30.1749063562025,1,candidate-elcs,280,0.28672,0.0238933333333334,0.293461333333331,1,3759239620,30370933221,1103131,944156724,1053,1053,0,0,2,1,2524,0,4,2524,0,4,1,0,1,0.00108016812714062,0,1,0,0,0,5,213,89,124,310,0,534,0.97940074906367,NaN,NaN
event-driven-candidate-targeted-frontier-falsification,16052003,n10-ring2-zero-loss,N10 ring2 zero-loss,EXP22G targeted frontier,periodic-cost-match,1,10.3799999999999,periodic,Periodic static TDMA / ELCS cost match,none,10,ring2,di,tdma,1,1,0,1,0.26,0.097,0.097,0.0277777777777778,0.0277777777777778,0.0555828421545949,0.536956506462105,0,0,NaN,NaN,NaN,NaN,0.0744967470340604,0.120000000000001,0.140000000000001,0.140000000000001,NaN,NaN,1250,1248,1248,0,0,3245,3245,0,0,0,0,0,0,0,0,0,0,0,0,0,1,32,32,0,0,0,0,0,0,0,0.319487999999957,0,0,0,0.318680516075274,0.363581136228423,0,0,0,0,0,0.319487999999997,3.83385599999996,0,0,0,0,0.766771199999992,104,270.416666666667,0,0.0222139220339492,0.0424424623638498,NaN,NaN,0.999989727258719,3245,0,0,0,0,0,1.5091661,0,714039,0,410907079,0,268691750,tdma,periodic-frontier,none,full-mission-static-tdma,none,continuous-local-static-tdma,NaN,10.3799999999999,NaN,10.4,10.3333333333333,NaN,NaN,NaN,NaN,NaN,NaN,NaN,NaN,1248,NaN,NaN,NaN,0,0,1,0,NaN,NaN,NaN,NaN,NaN,0,0,NaN,0,0,0.319487999999997,1248,nominal,full,0,0,1950843496209,0,0,0,0,0,0,0,0,1,0,0,0,0,0,0,NaN,0,0,NaN,NaN,10,1,0,0,1,692170460770,2647,1248,0.00146005840233609,0.00453205840233609,Inf,0,0.00025,40,33.5377074543389,1,periodic-static,0,0,0,0.319487999999997,0,NaN,NaN,NaN,NaN,NaN,NaN,NaN,NaN,NaN,NaN,NaN,NaN,NaN,NaN,NaN,NaN,NaN,NaN,NaN,NaN,NaN,NaN,NaN,NaN,NaN,NaN,NaN,NaN,NaN,NaN,NaN,NaN,NaN,NaN,NaN
event-driven-candidate-targeted-frontier-falsification,16052003,n10-ring2-zero-loss,N10 ring2 zero-loss,EXP22G targeted frontier,periodic-cost-minus2pct,2,10.1723999999999,periodic,Periodic static TDMA / 2% below ELCS cost,none,10,ring2,di,tdma,1,1,0,1,0.26,0.097,0.097,0.0277777777777778,0.0277777777777778,0.0561678711672529,0.536490229608066,0,0,NaN,NaN,NaN,NaN,0.0753846153846155,0.120000000000001,0.140000000000001,0.140000000000001,NaN,NaN,1220,1220,1220,0,0,3172,3172,0,0,0,0,0,0,0,0,0,0,0,0,0,1,32,32,0,0,0,0,0,0,0,0.31231999999996,0,0,0,0.311647398200424,0.350565778580654,0,0,0,0,0,0.312319999999997,3.74783999999996,0,0,0,0,0.749567999999993,101.666666666667,264.333333333333,0,0.0226361934060496,0.0431307855106346,NaN,NaN,1,3172,0,0,0,0,0,1.3095186,0,714039,0,410907079,0,268439461,tdma,periodic-frontier,none,full-mission-static-tdma,none,continuous-local-static-tdma,NaN,10.1723999999999,NaN,10.1666666666667,10.1666666666667,NaN,NaN,NaN,NaN,NaN,NaN,NaN,NaN,1220,NaN,NaN,NaN,0,0,1,0,NaN,NaN,NaN,NaN,NaN,0,0,NaN,0,0,0.312319999999997,1220,nominal,full,0,0,1950843496209,0,0,0,0,0,0,0,0,1,0,0,0,0,0,0,NaN,0,0,NaN,NaN,10,1,0,0,1,692170460770,2647,1220,0.00146005840233609,0.00453205840233609,Inf,0,0.00025,40,33.5377074543389,1,periodic-static,0,0,0,0.312319999999997,0,NaN,NaN,NaN,NaN,NaN,NaN,NaN,NaN,NaN,NaN,NaN,NaN,NaN,NaN,NaN,NaN,NaN,NaN,NaN,NaN,NaN,NaN,NaN,NaN,NaN,NaN,NaN,NaN,NaN,NaN,NaN,NaN,NaN,NaN,NaN
event-driven-candidate-targeted-frontier-falsification,16052003,n10-ring2-zero-loss,N10 ring2 zero-loss,EXP22G targeted frontier,elcs-f-mission-affine,3,50,periodic,ELCS-F / mission affine clock,none,10,ring2,di,tdma,1,1,0,1,0.26,0.097,0.097,0.0277777777777778,0.0277777777777778,0.0508610069460949,0.54248810534176,0,0,NaN,NaN,NaN,NaN,0.0652391886720244,0.119999999999999,0.120000000000001,0.120000000000001,NaN,NaN,6000,1111,1110,0,0,2896,2892,4,0,0,0,0,0,0,2,0.0018001800180018,0,4879,0,0,1,32,32,0,0,0,0,0,0,0,0.218126852395032,0,0,0,0,0,0,0,0,0,0,0.318293333333331,3.41299199999997,0,0,0,0,0.763903999999994,92.5,241,0,0.00997916140636326,0.0189555126041125,NaN,NaN,0.999578134380425,2896,0,0,0,0,0,0.5014942,0,714039,0,410907079,0,39129126797,tdma,candidate-elcs,none,edge-leased-certified-scheduling,none,continuous-elcs-replay,NaN,50,NaN,9.25,9,NaN,NaN,NaN,NaN,NaN,NaN,NaN,NaN,1111,NaN,NaN,NaN,0,0,1,2,NaN,NaN,NaN,NaN,NaN,0,0,NaN,0,0,0.318293333333331,1111,nominal,full,1,0,1950843496209,0,0,0,0,0,0,0,0,1,0,0,0,0,0,0,1.04138871794872,1,0,NaN,NaN,10,0,0,0,1,692170460770,1111,1111,0.00146005840233609,0.00453205840233609,Inf,1.11022302462516e-16,0.00025,40,33.5377074543389,1,candidate-elcs,397,0.406528000000003,0.0338773333333336,0.318293333333331,1,4712080781,113264772921,1800674,1563243986,1111,1111,0,0,2,1,2892,0,4,2892,0,4,1,0,1,0.000709753300244031,1.11022302462516e-16,1,0,0,0,10,455,176,279,930,0,1409,0.982966643009226,NaN,NaN
event-driven-candidate-targeted-frontier-falsification,16052004,n5-6dof-zero-loss,N5 6-DOF zero-loss,EXP22G targeted frontier,periodic-cost-match,1,19.1122222222221,periodic,Periodic static TDMA / ELCS cost match,none,5,ring2,6dof,tdma,1,1,0,1,0.48,0.29,0.29,0.0476190476190476,0.0476190476190476,0.0303929803356464,0.558687803990742,0,0,10.1677525658531,12.2998475019298,0,1.03682044609078,0.0419485903814262,0.0799999999999983,0.0800000000000001,0.0800000000000018,NaN,NaN,1145,1145,1145,0,0,2748,2748,0,0,0,0,0,0,0,0,0,0,0,0,0,1,32,32,0,0,0,0,0,0,0,0.293119999999963,0,0,0,0.29068683923953,0.319982428380451,0,0,0,0,0,0.293119999999997,3.51743999999997,0,0,0,0,0.703487999999993,95.4166666666667,229,0,0.0113476476371891,0.0214110406082938,NaN,NaN,1,2748,0,0,0,0,0,1.2376741,0,372112,0,110997400,0,258418607,tdma,periodic-frontier,none,full-mission-static-tdma,none,continuous-local-static-tdma,NaN,19.1122222222221,NaN,19.0833333333333,19.0833333333333,NaN,NaN,NaN,NaN,NaN,NaN,NaN,NaN,1145,NaN,NaN,NaN,0,0,1,0,NaN,NaN,NaN,NaN,NaN,0,0,NaN,0,0,0.293119999999997,1145,nominal,full,0,0,503878886296,0,0,0,0,0,0,0,0,1,0,0,0,0,0,0,NaN,0,0,NaN,NaN,5,1,0,0,1,188821854224,2647,1145,0.00146005840233609,0.00453205840233609,Inf,2.77555756156289e-17,0.00025,40,34.6154031815525,1,periodic-static,0,0,0,0.293119999999997,0,NaN,NaN,NaN,NaN,NaN,NaN,NaN,NaN,NaN,NaN,NaN,NaN,NaN,NaN,NaN,NaN,NaN,NaN,NaN,NaN,NaN,NaN,NaN,NaN,NaN,NaN,NaN,NaN,NaN,NaN,NaN,NaN,NaN,NaN,NaN
event-driven-candidate-targeted-frontier-falsification,16052004,n5-6dof-zero-loss,N5 6-DOF zero-loss,EXP22G targeted frontier,periodic-cost-minus2pct,2,18.7299777777776,periodic,Periodic static TDMA / 2% below ELCS cost,none,5,ring2,6dof,tdma,1,1,0,1,0.48,0.29,0.29,0.0476190476190476,0.0476190476190476,0.0307713820021987,0.558526866834893,0,0,10.1432779715412,12.2867169667293,0,1.03681635254544,0.0424626865671642,0.0800000000000001,0.0800000000000001,0.0800000000000018,NaN,NaN,1125,1125,1125,0,0,2700,2700,0,0,0,0,0,0,0,0,0,0,0,0,0,1,32,32,0,0,0,0,0,0,0,0.287999999999963,0,0,0,0.286360348670456,0.322580404915369,0,0,0,0,0,0.287999999999997,3.45599999999997,0,0,0,0,0.691199999999993,93.75,225,0,0.0112892738239818,0.0214226136522994,NaN,NaN,1,2700,0,0,0,0,0,1.317764,0,372112,0,110997400,0,258466870,tdma,periodic-frontier,none,full-mission-static-tdma,none,continuous-local-static-tdma,NaN,18.7299777777776,NaN,18.75,18.75,NaN,NaN,NaN,NaN,NaN,NaN,NaN,NaN,1125,NaN,NaN,NaN,0,0,1,0,NaN,NaN,NaN,NaN,NaN,0,0,NaN,0,0,0.287999999999997,1125,nominal,full,0,0,503878886296,0,0,0,0,0,0,0,0,1,0,0,0,0,0,0,NaN,0,0,NaN,NaN,5,1,0,0,1,188821854224,2647,1125,0.00146005840233609,0.00453205840233609,Inf,2.77555756156289e-17,0.00025,40,34.6154031815525,1,periodic-static,0,0,0,0.287999999999997,0,NaN,NaN,NaN,NaN,NaN,NaN,NaN,NaN,NaN,NaN,NaN,NaN,NaN,NaN,NaN,NaN,NaN,NaN,NaN,NaN,NaN,NaN,NaN,NaN,NaN,NaN,NaN,NaN,NaN,NaN,NaN,NaN,NaN,NaN,NaN
event-driven-candidate-targeted-frontier-falsification,16052004,n5-6dof-zero-loss,N5 6-DOF zero-loss,EXP22G targeted frontier,elcs-f-mission-affine,3,50,periodic,ELCS-F / mission affine clock,none,5,ring2,6dof,tdma,1,1,0,1,0.48,0.29,0.29,0.0476190476190476,0.0476190476190476,0.0301128051398821,0.559439742650673,0,0,10.0377275024885,12.3118147462844,0,1.03683990836865,0.0409286898839139,0.0600000000000005,0.0600000000000005,0.0600000000000005,NaN,NaN,3000,1053,1053,0,0,2528,2528,0,0,0,0,0,0,0,0,0,0,1944,0,0,1,32,32,0,0,0,0,0,0,0,0.293461333333323,0,0,0,0,0,0,0,0,0,0,0.293461333333331,3.23481599999997,0,0,0,0,0.704307199999994,87.75,210.666666666667,0,0.0100176715371103,0.0189119243555478,NaN,NaN,0.999967533785155,2528,0,0,0,0,0,0.3511386,0,372112,0,110997400,0,16596210617,tdma,candidate-elcs,none,edge-leased-certified-scheduling,none,continuous-elcs-replay,NaN,50,NaN,17.55,17.4166666666667,NaN,NaN,NaN,NaN,NaN,NaN,NaN,NaN,1053,NaN,NaN,NaN,0,0,1,0,NaN,NaN,NaN,NaN,NaN,0,0,NaN,0,0,0.293461333333331,1053,nominal,full,1,0,503878886296,0,0,0,0,0,0,0,0,1,0,0,0,0,0,0,0.283554993399736,1,0,NaN,NaN,5,1,0,0,1,188821854224,1053,1053,0.00146005840233609,0.00453205840233609,Inf,2.71050543121376e-20,0.00025,40,34.6154031815525,1,candidate-elcs,280,0.28672,0.0238933333333334,0.293461333333331,1,3760753133,30517530109,1103131,944154508,1053,1053,0,0,0,1,2528,0,0,2528,0,0,1,0,1,0.00102352431231623,2.71050543121376e-20,1,0,0,0,5,213,89,124,310,0,534,0.97940074906367,NaN,NaN
event-driven-candidate-targeted-frontier-falsification,16052004,n10-ring2-zero-loss,N10 ring2 zero-loss,EXP22G targeted frontier,periodic-cost-match,1,10.3799999999999,periodic,Periodic static TDMA / ELCS cost match,none,10,ring2,di,tdma,1,1,0,1,0.26,0.097,0.097,0.0277777777777778,0.0277777777777778,0.055696231084539,0.536770970933331,0,0,NaN,NaN,NaN,NaN,0.0749138920780711,0.120000000000001,0.140000000000001,0.140000000000001,NaN,NaN,1250,1248,1248,0,0,3245,3245,0,0,0,0,0,0,0,0,0,0,0,0,0,1,32,32,0,0,0,0,0,0,0,0.319487999999958,0,0,0,0.317526335086557,0.365369916910128,0,0,0,0,0,0.319487999999997,3.83385599999996,0,0,0,0,0.766771199999992,104,270.416666666667,0,0.0224613546563902,0.0426267114479114,NaN,NaN,0.999989727258719,3245,0,0,0,0,0,1.3842917,0,858854,0,410907079,0,268691752,tdma,periodic-frontier,none,full-mission-static-tdma,none,continuous-local-static-tdma,NaN,10.3799999999999,NaN,10.4,10.3333333333333,NaN,NaN,NaN,NaN,NaN,NaN,NaN,NaN,1248,NaN,NaN,NaN,0,0,1,0,NaN,NaN,NaN,NaN,NaN,0,0,NaN,0,0,0.319487999999997,1248,nominal,full,0,0,1949811555080,0,0,0,0,0,0,0,0,1,0,0,0,0,0,0,NaN,0,0,NaN,NaN,10,1,0,0,1,691959711658,2647,1248,0.00146005840233609,0.00453205840233609,Inf,0,0.00025,40,39.8496708253683,1,periodic-static,0,0,0,0.319487999999997,0,NaN,NaN,NaN,NaN,NaN,NaN,NaN,NaN,NaN,NaN,NaN,NaN,NaN,NaN,NaN,NaN,NaN,NaN,NaN,NaN,NaN,NaN,NaN,NaN,NaN,NaN,NaN,NaN,NaN,NaN,NaN,NaN,NaN,NaN,NaN
event-driven-candidate-targeted-frontier-falsification,16052004,n10-ring2-zero-loss,N10 ring2 zero-loss,EXP22G targeted frontier,periodic-cost-minus2pct,2,10.1723999999999,periodic,Periodic static TDMA / 2% below ELCS cost,none,10,ring2,di,tdma,1,1,0,1,0.26,0.097,0.097,0.0277777777777778,0.0277777777777778,0.056250442922924,0.536329466889792,0,0,NaN,NaN,NaN,NaN,0.075614236509759,0.120000000000001,0.140000000000001,0.140000000000001,NaN,NaN,1220,1220,1220,0,0,3172,3172,0,0,0,0,0,0,0,0,0,0,0,0,0,1,32,32,0,0,0,0,0,0,0,0.312319999999959,0,0,0,0.312491812744774,0.356977767080964,0,0,0,0,0,0.312319999999997,3.74783999999996,0,0,0,0,0.749567999999993,101.666666666667,264.333333333333,0,0.0227418413190816,0.0432598795006446,NaN,NaN,1,3172,0,0,0,0,0,1.2533572,0,858854,0,410907079,0,268439463,tdma,periodic-frontier,none,full-mission-static-tdma,none,continuous-local-static-tdma,NaN,10.1723999999999,NaN,10.1666666666667,10.1666666666667,NaN,NaN,NaN,NaN,NaN,NaN,NaN,NaN,1220,NaN,NaN,NaN,0,0,1,0,NaN,NaN,NaN,NaN,NaN,0,0,NaN,0,0,0.312319999999997,1220,nominal,full,0,0,1949811555080,0,0,0,0,0,0,0,0,1,0,0,0,0,0,0,NaN,0,0,NaN,NaN,10,1,0,0,1,691959711658,2647,1220,0.00146005840233609,0.00453205840233609,Inf,0,0.00025,40,39.8496708253683,1,periodic-static,0,0,0,0.312319999999997,0,NaN,NaN,NaN,NaN,NaN,NaN,NaN,NaN,NaN,NaN,NaN,NaN,NaN,NaN,NaN,NaN,NaN,NaN,NaN,NaN,NaN,NaN,NaN,NaN,NaN,NaN,NaN,NaN,NaN,NaN,NaN,NaN,NaN,NaN,NaN
event-driven-candidate-targeted-frontier-falsification,16052004,n10-ring2-zero-loss,N10 ring2 zero-loss,EXP22G targeted frontier,elcs-f-mission-affine,3,50,periodic,ELCS-F / mission affine clock,none,10,ring2,di,tdma,1,1,0,1,0.26,0.097,0.097,0.0277777777777778,0.0277777777777778,0.050805386438023,0.542735954808397,0,0,NaN,NaN,NaN,NaN,0.0653157290470723,0.119999999999999,0.120000000000001,0.120000000000001,NaN,NaN,6000,1113,1113,0,0,2904,2904,0,0,0,0,0,0,0,0,0,0,4877,0,0,1,32,32,0,0,0,0,0,0,0,0.213118867320651,0,0,0,0,0,0,0,0,0,0,0.318805333333331,3.41913599999997,0,0,0,0,0.765132799999994,92.75,242,0,0.0100421519215893,0.0190003713034736,NaN,NaN,0.999482818437805,2904,0,0,0,0,0,0.5063109,0,858854,0,410907079,0,39117177462,tdma,candidate-elcs,none,edge-leased-certified-scheduling,none,continuous-elcs-replay,NaN,50,NaN,9.275,9,NaN,NaN,NaN,NaN,NaN,NaN,NaN,NaN,1113,NaN,NaN,NaN,0,0,1,0,NaN,NaN,NaN,NaN,NaN,0,0,NaN,0,0,0.318805333333331,1113,nominal,full,1,0,1949811555080,0,0,0,0,0,0,0,0,1,0,0,0,0,0,0,1.04138871794872,1,0,NaN,NaN,10,0,0,0,1,691959711658,1113,1113,0.00146005840233609,0.00453205840233609,Inf,1.11022302462516e-16,0.00025,40,39.8496708253683,1,candidate-elcs,397,0.406528000000003,0.0338773333333336,0.318805333333331,1,4698407744,113258933170,1800674,1569089025,1113,1113,0,0,0,1,2904,0,0,2904,0,0,1,0,1,0.000653763567983745,1.11022302462516e-16,1,0,0,0,10,455,176,279,930,0,1409,0.982966643009226,NaN,NaN
event-driven-candidate-targeted-frontier-falsification,16052005,n5-6dof-zero-loss,N5 6-DOF zero-loss,EXP22G targeted frontier,periodic-cost-match,1,19.1122222222221,periodic,Periodic static TDMA / ELCS cost match,none,5,ring2,6dof,tdma,1,1,0,1,0.48,0.29,0.29,0.0476190476190476,0.0476190476190476,0.0303887828170417,0.558829228491225,0,0,10.1933435234848,12.2978652199561,0,1.03682287071703,0.041865671641791,0.0799999999999983,0.0800000000000001,0.0800000000000018,NaN,NaN,1145,1145,1145,0,0,2748,2748,0,0,0,0,0,0,0,0,0,0,0,0,0,1,32,32,0,0,0,0,0,0,0,0.293119999999963,0,0,0,0.292545876747958,0.323983678899294,0,0,0,0,0,0.293119999999997,3.51743999999997,0,0,0,0,0.703487999999993,95.4166666666667,229,0,0.0113106550603553,0.0214506042241719,NaN,NaN,1,2748,0,0,0,0,0,1.6651458,0,1857544,0,110997400,0,258418609,tdma,periodic-frontier,none,full-mission-static-tdma,none,continuous-local-static-tdma,NaN,19.1122222222221,NaN,19.0833333333333,19.0833333333333,NaN,NaN,NaN,NaN,NaN,NaN,NaN,NaN,1145,NaN,NaN,NaN,0,0,1,0,NaN,NaN,NaN,NaN,NaN,0,0,NaN,0,0,0.293119999999997,1145,nominal,full,0,0,503246584955,0,0,0,0,0,0,0,0,1,0,0,0,0,0,0,NaN,0,0,NaN,NaN,5,1,0,0,1,188612343021,2647,1145,0.00146005840233609,0.00453205840233609,Inf,8.88178419700125e-16,0.00025,40,37.2597074013766,1,periodic-static,0,0,0,0.293119999999997,0,NaN,NaN,NaN,NaN,NaN,NaN,NaN,NaN,NaN,NaN,NaN,NaN,NaN,NaN,NaN,NaN,NaN,NaN,NaN,NaN,NaN,NaN,NaN,NaN,NaN,NaN,NaN,NaN,NaN,NaN,NaN,NaN,NaN,NaN,NaN
event-driven-candidate-targeted-frontier-falsification,16052005,n5-6dof-zero-loss,N5 6-DOF zero-loss,EXP22G targeted frontier,periodic-cost-minus2pct,2,18.7299777777776,periodic,Periodic static TDMA / 2% below ELCS cost,none,5,ring2,6dof,tdma,1,1,0,1,0.48,0.29,0.29,0.0476190476190476,0.0476190476190476,0.0308327018148462,0.558557266360867,0,0,10.1703554414682,12.2844004505978,0,1.03681868038389,0.0424295190713101,0.0800000000000001,0.0800000000000001,0.0800000000000018,NaN,NaN,1125,1125,1125,0,0,2700,2700,0,0,0,0,0,0,0,0,0,0,0,0,0,1,32,32,0,0,0,0,0,0,0,0.287999999999964,0,0,0,0.286010917786854,0.315337542221538,0,0,0,0,0,0.287999999999997,3.45599999999997,0,0,0,0,0.691199999999993,93.75,225,0,0.0113094702731018,0.0215025297705894,NaN,NaN,1,2700,0,0,0,0,0,1.6238359,0,1857544,0,110997400,0,258466872,tdma,periodic-frontier,none,full-mission-static-tdma,none,continuous-local-static-tdma,NaN,18.7299777777776,NaN,18.75,18.75,NaN,NaN,NaN,NaN,NaN,NaN,NaN,NaN,1125,NaN,NaN,NaN,0,0,1,0,NaN,NaN,NaN,NaN,NaN,0,0,NaN,0,0,0.287999999999997,1125,nominal,full,0,0,503246584955,0,0,0,0,0,0,0,0,1,0,0,0,0,0,0,NaN,0,0,NaN,NaN,5,1,0,0,1,188612343021,2647,1125,0.00146005840233609,0.00453205840233609,Inf,8.88178419700125e-16,0.00025,40,37.2597074013766,1,periodic-static,0,0,0,0.287999999999997,0,NaN,NaN,NaN,NaN,NaN,NaN,NaN,NaN,NaN,NaN,NaN,NaN,NaN,NaN,NaN,NaN,NaN,NaN,NaN,NaN,NaN,NaN,NaN,NaN,NaN,NaN,NaN,NaN,NaN,NaN,NaN,NaN,NaN,NaN,NaN
event-driven-candidate-targeted-frontier-falsification,16052005,n5-6dof-zero-loss,N5 6-DOF zero-loss,EXP22G targeted frontier,elcs-f-mission-affine,3,50,periodic,ELCS-F / mission affine clock,none,5,ring2,6dof,tdma,1,1,0,1,0.48,0.29,0.29,0.0476190476190476,0.0476190476190476,0.0301191431708902,0.55938483891251,0,0,10.1588018097996,12.3439867877157,0,1.03684969831049,0.040995024875622,0.0600000000000005,0.0600000000000005,0.0600000000000005,NaN,NaN,3000,1057,1056,0,0,2535,2529,6,0,0,0,0,0,0,4,0.00378429517502365,0,1940,0,0,1,32,32,0,0,0,0,0,0,0,0.29375443809558,0,0,0,0,0,0,0,0,0,0,0.294485333333331,3.24710399999997,0,0,0,0,0.706764799999994,88,210.75,0,0.0100231509371953,0.019005377943084,NaN,NaN,0.999987445635116,2535,0,0,0,0,0,0.4902245,0,1857544,0,110997400,0,16622579798,tdma,candidate-elcs,none,edge-leased-certified-scheduling,none,continuous-elcs-replay,NaN,50,NaN,17.6,17.5,NaN,NaN,NaN,NaN,NaN,NaN,NaN,NaN,1057,NaN,NaN,NaN,0,0,1,4,NaN,NaN,NaN,NaN,NaN,0,0,NaN,0,0,0.294485333333331,1057,nominal,full,1,0,503246584955,0,0,0,0,0,0,0,0,1,0,0,0,0,0,0,0.283554993399736,1,0,NaN,NaN,5,1,0,0,1,188612343021,1057,1057,0.00146005840233609,0.00453205840233609,Inf,1.11022302462516e-16,0.00025,40,37.2597074013766,1,candidate-elcs,280,0.28672,0.0238933333333334,0.294485333333331,1,3765412387,30482139225,1103131,952093609,1057,1057,0,0,4,1,2529,0,6,2529,0,6,1,0,1,0.00110404353184462,1.11022302462516e-16,1,0,0,0,5,213,89,124,310,0,534,0.97940074906367,NaN,NaN
event-driven-candidate-targeted-frontier-falsification,16052005,n10-ring2-zero-loss,N10 ring2 zero-loss,EXP22G targeted frontier,periodic-cost-match,1,10.3799999999999,periodic,Periodic static TDMA / ELCS cost match,none,10,ring2,di,tdma,1,1,0,1,0.26,0.097,0.097,0.0277777777777778,0.0277777777777778,0.0557649486072527,0.536905566395906,0,0,NaN,NaN,NaN,NaN,0.0749177190968235,0.120000000000001,0.140000000000001,0.140000000000001,NaN,NaN,1250,1249,1249,0,0,3248,3248,0,0,0,0,0,0,0,0,0,0,0,0,0,1,32,32,0,0,0,0,0,0,0,0.319743999999958,0,0,0,0.318293383257229,0.366752434432576,0,0,0,0,0,0.319743999999997,3.83692799999996,0,0,0,0,0.767385599999992,104.083333333333,270.666666666667,0,0.0224526789133596,0.0426588599845317,NaN,NaN,0.999994230806213,3248,0,0,0,0,0,1.5922559,0,189853,0,410907079,0,268691754,tdma,periodic-frontier,none,full-mission-static-tdma,none,continuous-local-static-tdma,NaN,10.3799999999999,NaN,10.4083333333333,10.3333333333333,NaN,NaN,NaN,NaN,NaN,NaN,NaN,NaN,1249,NaN,NaN,NaN,0,0,1,0,NaN,NaN,NaN,NaN,NaN,0,0,NaN,0,0,0.319743999999997,1249,nominal,full,0,0,1949959556210,0,0,0,0,0,0,0,0,1,0,0,0,0,0,0,NaN,0,0,NaN,NaN,10,1,0,0,1,691468233094,2648,1249,0.00146005840233609,0.00453205840233609,Inf,2.77555756156289e-17,0.00025,40,37.3737601323045,1,periodic-static,0,0,0,0.319743999999997,0,NaN,NaN,NaN,NaN,NaN,NaN,NaN,NaN,NaN,NaN,NaN,NaN,NaN,NaN,NaN,NaN,NaN,NaN,NaN,NaN,NaN,NaN,NaN,NaN,NaN,NaN,NaN,NaN,NaN,NaN,NaN,NaN,NaN,NaN,NaN
event-driven-candidate-targeted-frontier-falsification,16052005,n10-ring2-zero-loss,N10 ring2 zero-loss,EXP22G targeted frontier,periodic-cost-minus2pct,2,10.1723999999999,periodic,Periodic static TDMA / 2% below ELCS cost,none,10,ring2,di,tdma,1,1,0,1,0.26,0.097,0.097,0.0277777777777778,0.0277777777777778,0.0562251627194922,0.536359511227611,0,0,NaN,NaN,NaN,NaN,0.0757787983161118,0.120000000000001,0.140000000000001,0.140000000000001,NaN,NaN,1220,1220,1220,0,0,3172,3172,0,0,0,0,0,0,0,0,0,0,0,0,0,1,32,32,0,0,0,0,0,0,0,0.31231999999996,0,0,0,0.312110640860372,0.358247025397535,0,0,0,0,0,0.312319999999997,3.74783999999996,0,0,0,0,0.749567999999993,101.666666666667,264.333333333333,0,0.0227207529532329,0.0432222676817679,NaN,NaN,1,3172,0,0,0,0,0,1.3477245,0,189853,0,410907079,0,268439465,tdma,periodic-frontier,none,full-mission-static-tdma,none,continuous-local-static-tdma,NaN,10.1723999999999,NaN,10.1666666666667,10.1666666666667,NaN,NaN,NaN,NaN,NaN,NaN,NaN,NaN,1220,NaN,NaN,NaN,0,0,1,0,NaN,NaN,NaN,NaN,NaN,0,0,NaN,0,0,0.312319999999997,1220,nominal,full,0,0,1949959556210,0,0,0,0,0,0,0,0,1,0,0,0,0,0,0,NaN,0,0,NaN,NaN,10,1,0,0,1,691468233094,2648,1220,0.00146005840233609,0.00453205840233609,Inf,2.77555756156289e-17,0.00025,40,37.3737601323045,1,periodic-static,0,0,0,0.312319999999997,0,NaN,NaN,NaN,NaN,NaN,NaN,NaN,NaN,NaN,NaN,NaN,NaN,NaN,NaN,NaN,NaN,NaN,NaN,NaN,NaN,NaN,NaN,NaN,NaN,NaN,NaN,NaN,NaN,NaN,NaN,NaN,NaN,NaN,NaN,NaN
event-driven-candidate-targeted-frontier-falsification,16052005,n10-ring2-zero-loss,N10 ring2 zero-loss,EXP22G targeted frontier,elcs-f-mission-affine,3,50,periodic,ELCS-F / mission affine clock,none,10,ring2,di,tdma,1,1,0,1,0.26,0.097,0.097,0.0277777777777778,0.0277777777777778,0.050876759854663,0.542671988996882,0,0,NaN,NaN,NaN,NaN,0.0654305396096439,0.119999999999999,0.120000000000001,0.120000000000001,NaN,NaN,6000,1114,1114,0,0,2906,2906,0,0,0,0,0,0,0,0,0,0,4876,0,0,1,32,32,0,0,0,0,0,0,0,0.219744930580996,0,0,0,0,0,0,0,0,0,0,0.319061333333331,3.42220799999997,0,0,0,0,0.765747199999994,92.8333333333333,242.166666666667,0,0.0100119674087588,0.0190087264761658,NaN,NaN,0.99941693779596,2906,0,0,0,0,0,0.4965765,0,189853,0,410907079,0,39151270292,tdma,candidate-elcs,none,edge-leased-certified-scheduling,none,continuous-elcs-replay,NaN,50,NaN,9.28333333333333,8.83333333333333,NaN,NaN,NaN,NaN,NaN,NaN,NaN,NaN,1114,NaN,NaN,NaN,0,0,1,0,NaN,NaN,NaN,NaN,NaN,0,0,NaN,0,0,0.319061333333331,1114,nominal,full,1,0,1949959556210,0,0,0,0,0,0,0,0,1,0,0,0,0,0,0,1.04138871794872,1,0,NaN,NaN,10,0,0,0,1,691468233094,1114,1114,0.00146005840233609,0.00453205840233609,Inf,1.11022302462516e-16,0.00025,40,37.3737601323045,1,candidate-elcs,397,0.406528000000003,0.0338773333333336,0.319061333333331,1,4686220437,113222021520,1800674,1572016024,1114,1114,0,0,0,1,2906,0,0,2906,0,0,1,0,1,0.000548411667379511,1.11022302462516e-16,1,0,0,0,10,455,176,279,930,0,1409,0.982966643009226,NaN,NaN
event-driven-candidate-targeted-frontier-falsification,16052006,n5-6dof-zero-loss,N5 6-DOF zero-loss,EXP22G targeted frontier,periodic-cost-match,1,19.1122222222221,periodic,Periodic static TDMA / ELCS cost match,none,5,ring2,6dof,tdma,1,1,0,1,0.48,0.29,0.29,0.0476190476190476,0.0476190476190476,0.0304776078518482,0.558657606033303,0,0,10.1677525658531,12.2998475019298,0,1.03682036293419,0.0421558872305141,0.0799999999999992,0.0800000000000001,0.0800000000000018,NaN,NaN,1145,1145,1145,0,0,2748,2748,0,0,0,0,0,0,0,0,0,0,0,0,0,1,32,32,0,0,0,0,0,0,0,0.293119999999963,0,0,0,0.291621679949339,0.321598626970027,0,0,0,0,0,0.293119999999997,3.51743999999997,0,0,0,0,0.703487999999993,95.4166666666667,229,0,0.0114489134995699,0.0215061952648496,NaN,NaN,1,2748,0,0,0,0,0,1.406482,0,1229317,0,110997400,0,258418611,tdma,periodic-frontier,none,full-mission-static-tdma,none,continuous-local-static-tdma,NaN,19.1122222222221,NaN,19.0833333333333,19.0833333333333,NaN,NaN,NaN,NaN,NaN,NaN,NaN,NaN,1145,NaN,NaN,NaN,0,0,1,0,NaN,NaN,NaN,NaN,NaN,0,0,NaN,0,0,0.293119999999997,1145,nominal,full,0,0,503144387131,0,0,0,0,0,0,0,0,1,0,0,0,0,0,0,NaN,0,0,NaN,NaN,5,1,0,0,1,188595205588,2647,1145,0.00146005840233609,0.00453205840233609,Inf,0,0.00025,40,34.7227512434119,1,periodic-static,0,0,0,0.293119999999997,0,NaN,NaN,NaN,NaN,NaN,NaN,NaN,NaN,NaN,NaN,NaN,NaN,NaN,NaN,NaN,NaN,NaN,NaN,NaN,NaN,NaN,NaN,NaN,NaN,NaN,NaN,NaN,NaN,NaN,NaN,NaN,NaN,NaN,NaN,NaN
event-driven-candidate-targeted-frontier-falsification,16052006,n5-6dof-zero-loss,N5 6-DOF zero-loss,EXP22G targeted frontier,periodic-cost-minus2pct,2,18.7299777777776,periodic,Periodic static TDMA / 2% below ELCS cost,none,5,ring2,6dof,tdma,1,1,0,1,0.48,0.29,0.29,0.0476190476190476,0.0476190476190476,0.0308055361293211,0.558499301236997,0,0,10.1432779715412,12.2867169667293,0,1.0368163268272,0.0424543946932007,0.0800000000000001,0.0800000000000001,0.0800000000000018,NaN,NaN,1125,1125,1125,0,0,2700,2700,0,0,0,0,0,0,0,0,0,0,0,0,0,1,32,32,0,0,0,0,0,0,0,0.287999999999962,0,0,0,0.286240447532423,0.316931841538837,0,0,0,0,0,0.287999999999997,3.45599999999997,0,0,0,0,0.691199999999993,93.75,225,0,0.0113087182993544,0.0214443803741612,NaN,NaN,1,2700,0,0,0,0,0,1.6069334,0,1229317,0,110997400,0,258466874,tdma,periodic-frontier,none,full-mission-static-tdma,none,continuous-local-static-tdma,NaN,18.7299777777776,NaN,18.75,18.75,NaN,NaN,NaN,NaN,NaN,NaN,NaN,NaN,1125,NaN,NaN,NaN,0,0,1,0,NaN,NaN,NaN,NaN,NaN,0,0,NaN,0,0,0.287999999999997,1125,nominal,full,0,0,503144387131,0,0,0,0,0,0,0,0,1,0,0,0,0,0,0,NaN,0,0,NaN,NaN,5,1,0,0,1,188595205588,2647,1125,0.00146005840233609,0.00453205840233609,Inf,0,0.00025,40,34.7227512434119,1,periodic-static,0,0,0,0.287999999999997,0,NaN,NaN,NaN,NaN,NaN,NaN,NaN,NaN,NaN,NaN,NaN,NaN,NaN,NaN,NaN,NaN,NaN,NaN,NaN,NaN,NaN,NaN,NaN,NaN,NaN,NaN,NaN,NaN,NaN,NaN,NaN,NaN,NaN,NaN,NaN
event-driven-candidate-targeted-frontier-falsification,16052006,n5-6dof-zero-loss,N5 6-DOF zero-loss,EXP22G targeted frontier,elcs-f-mission-affine,3,50,periodic,ELCS-F / mission affine clock,none,5,ring2,6dof,tdma,1,1,0,1,0.48,0.29,0.29,0.0476190476190476,0.0476190476190476,0.0301121742797623,0.559329129733902,0,0,10.1986246817602,12.3391257988828,0,1.03686095692232,0.0409286898839139,0.0600000000000005,0.0600000000000005,0.0600000000000005,NaN,NaN,3000,1053,1053,0,0,2527,2527,0,0,0,0,0,0,0,0,0,0,1944,0,0,1,32,32,0,0,0,0,0,0,0,0.293461333333323,0,0,0,0,0,0,0,0,0,0,0.293461333333331,3.23481599999997,0,0,0,0,0.704307199999994,87.75,210.583333333333,0,0.010024134336247,0.0189760047180691,NaN,NaN,0.999967533785155,2527,0,0,0,0,0,0.4611904,0,1229317,0,110997400,0,16596969250,tdma,candidate-elcs,none,edge-leased-certified-scheduling,none,continuous-elcs-replay,NaN,50,NaN,17.55,17.4166666666667,NaN,NaN,NaN,NaN,NaN,NaN,NaN,NaN,1053,NaN,NaN,NaN,0,0,1,0,NaN,NaN,NaN,NaN,NaN,0,0,NaN,0,0,0.293461333333331,1053,nominal,full,1,0,503144387131,0,0,0,0,0,0,0,0,1,0,0,0,0,0,0,0.283554993399736,1,0,NaN,NaN,5,1,0,0,1,188595205588,1053,1053,0.00146005840233609,0.00453205840233609,Inf,0,0.00025,40,34.7227512434119,1,candidate-elcs,280,0.28672,0.0238933333333334,0.293461333333331,1,3738604168,30310041903,1103131,944152397,1053,1053,0,0,0,1,2527,0,0,2527,0,0,1,0,1,0.000792712313332444,0,1,0,0,0,5,213,89,124,310,0,534,0.97940074906367,NaN,NaN
event-driven-candidate-targeted-frontier-falsification,16052006,n10-ring2-zero-loss,N10 ring2 zero-loss,EXP22G targeted frontier,periodic-cost-match,1,10.3799999999999,periodic,Periodic static TDMA / ELCS cost match,none,10,ring2,di,tdma,1,1,0,1,0.26,0.097,0.097,0.0277777777777778,0.0277777777777778,0.0555841302028746,0.536916445927271,0,0,NaN,NaN,NaN,NaN,0.0745656333716034,0.120000000000001,0.140000000000001,0.140000000000001,NaN,NaN,1250,1249,1249,0,0,3248,3248,0,0,0,0,0,0,0,0,0,0,0,0,0,1,32,32,0,0,0,0,0,0,0,0.319743999999958,0,0,0,0.317482558110352,0.362350122218654,0,0,0,0,0,0.319743999999997,3.83692799999996,0,0,0,0,0.767385599999992,104.083333333333,270.666666666667,0,0.0223520081647102,0.0425450319447609,NaN,NaN,0.999994230806213,3248,0,0,0,0,0,1.5781863,0,1280902,0,410907079,0,268691756,tdma,periodic-frontier,none,full-mission-static-tdma,none,continuous-local-static-tdma,NaN,10.3799999999999,NaN,10.4083333333333,10.3333333333333,NaN,NaN,NaN,NaN,NaN,NaN,NaN,NaN,1249,NaN,NaN,NaN,0,0,1,0,NaN,NaN,NaN,NaN,NaN,0,0,NaN,0,0,0.319743999999997,1249,nominal,full,0,0,1950425557159,0,0,0,0,0,0,0,0,1,0,0,0,0,0,0,NaN,0,0,NaN,NaN,10,1,0,0,1,692435511346,2648,1249,0.00146005840233609,0.00453205840233609,Inf,0,0.00025,40,29.3881416492717,1,periodic-static,0,0,0,0.319743999999997,0,NaN,NaN,NaN,NaN,NaN,NaN,NaN,NaN,NaN,NaN,NaN,NaN,NaN,NaN,NaN,NaN,NaN,NaN,NaN,NaN,NaN,NaN,NaN,NaN,NaN,NaN,NaN,NaN,NaN,NaN,NaN,NaN,NaN,NaN,NaN
event-driven-candidate-targeted-frontier-falsification,16052006,n10-ring2-zero-loss,N10 ring2 zero-loss,EXP22G targeted frontier,periodic-cost-minus2pct,2,10.1723999999999,periodic,Periodic static TDMA / 2% below ELCS cost,none,10,ring2,di,tdma,1,1,0,1,0.26,0.097,0.097,0.0277777777777778,0.0277777777777778,0.0561391273804673,0.536458235349024,0,0,NaN,NaN,NaN,NaN,0.0754802908534253,0.120000000000001,0.140000000000001,0.140000000000001,NaN,NaN,1220,1220,1220,0,0,3172,3172,0,0,0,0,0,0,0,0,0,0,0,0,0,1,32,32,0,0,0,0,0,0,0,0.312319999999959,0,0,0,0.31151205115126,0.350735664349715,0,0,0,0,0,0.312319999999997,3.74783999999996,0,0,0,0,0.749567999999993,101.666666666667,264.333333333333,0,0.0226162904511714,0.0429196236818919,NaN,NaN,1,3172,0,0,0,0,0,1.5435535,0,1280902,0,410907079,0,268439467,tdma,periodic-frontier,none,full-mission-static-tdma,none,continuous-local-static-tdma,NaN,10.1723999999999,NaN,10.1666666666667,10.1666666666667,NaN,NaN,NaN,NaN,NaN,NaN,NaN,NaN,1220,NaN,NaN,NaN,0,0,1,0,NaN,NaN,NaN,NaN,NaN,0,0,NaN,0,0,0.312319999999997,1220,nominal,full,0,0,1950425557159,0,0,0,0,0,0,0,0,1,0,0,0,0,0,0,NaN,0,0,NaN,NaN,10,1,0,0,1,692435511346,2648,1220,0.00146005840233609,0.00453205840233609,Inf,0,0.00025,40,29.3881416492717,1,periodic-static,0,0,0,0.312319999999997,0,NaN,NaN,NaN,NaN,NaN,NaN,NaN,NaN,NaN,NaN,NaN,NaN,NaN,NaN,NaN,NaN,NaN,NaN,NaN,NaN,NaN,NaN,NaN,NaN,NaN,NaN,NaN,NaN,NaN,NaN,NaN,NaN,NaN,NaN,NaN
event-driven-candidate-targeted-frontier-falsification,16052006,n10-ring2-zero-loss,N10 ring2 zero-loss,EXP22G targeted frontier,elcs-f-mission-affine,3,50,periodic,ELCS-F / mission affine clock,none,10,ring2,di,tdma,1,1,0,1,0.26,0.097,0.097,0.0277777777777778,0.0277777777777778,0.0508613669970468,0.54262194092313,0,0,NaN,NaN,NaN,NaN,0.06539226942212,0.119999999999999,0.120000000000001,0.120000000000001,NaN,NaN,6000,1113,1113,0,0,2902,2900,2,0,0,0,0,0,0,2,0.00179694519317161,0,4877,0,0,1,32,32,0,0,0,0,0,0,0,0.212601584539681,0,0,0,0,0,0,0,0,0,0,0.318805333333331,3.41913599999997,0,0,0,0,0.765132799999994,92.75,241.666666666667,0,0.0100199826349969,0.0189952159025054,NaN,NaN,0.99946669033346,2902,0,0,0,0,0,0.5611968,0,1280902,0,410907079,0,39127211170,tdma,candidate-elcs,none,edge-leased-certified-scheduling,none,continuous-elcs-replay,NaN,50,NaN,9.275,8.91666666666667,NaN,NaN,NaN,NaN,NaN,NaN,NaN,NaN,1113,NaN,NaN,NaN,0,0,1,2,NaN,NaN,NaN,NaN,NaN,0,0,NaN,0,0,0.318805333333331,1113,nominal,full,1,0,1950425557159,0,0,0,0,0,0,0,0,1,0,0,0,0,0,0,1.04138871794872,1,0,NaN,NaN,10,0,0,0,1,692435511346,1113,1113,0.00146005840233609,0.00453205840233609,Inf,1.11022302462516e-16,0.00025,40,29.3881416492717,1,candidate-elcs,397,0.406528000000003,0.0338773333333336,0.318805333333331,1,4708662904,113045667685,1800674,1569087567,1113,1113,0,0,2,1,2900,0,2,2900,0,2,1,0,1,0.00071056509115941,1.11022302462516e-16,1,0,0,0,10,455,176,279,930,0,1409,0.982966643009226,NaN,NaN
event-driven-candidate-targeted-frontier-falsification,16052007,n5-6dof-zero-loss,N5 6-DOF zero-loss,EXP22G targeted frontier,periodic-cost-match,1,19.1122222222221,periodic,Periodic static TDMA / ELCS cost match,none,5,ring2,6dof,tdma,1,1,0,1,0.48,0.29,0.29,0.0476190476190476,0.0476190476190476,0.0303659647778294,0.558650699396078,0,0,10.1677525658531,12.2998475019298,0,1.0368203257598,0.0419154228855721,0.0799999999999983,0.0800000000000001,0.0800000000000018,NaN,NaN,1145,1145,1145,0,0,2748,2748,0,0,0,0,0,0,0,0,0,0,0,0,0,1,32,32,0,0,0,0,0,0,0,0.293119999999963,0,0,0,0.291696228345101,0.321331475515583,0,0,0,0,0,0.293119999999997,3.51743999999997,0,0,0,0,0.703487999999993,95.4166666666667,229,0,0.0113478468558666,0.0214330021693294,NaN,NaN,1,2748,0,0,0,0,0,1.5067889,0,850897,0,110997400,0,258418613,tdma,periodic-frontier,none,full-mission-static-tdma,none,continuous-local-static-tdma,NaN,19.1122222222221,NaN,19.0833333333333,19.0833333333333,NaN,NaN,NaN,NaN,NaN,NaN,NaN,NaN,1145,NaN,NaN,NaN,0,0,1,0,NaN,NaN,NaN,NaN,NaN,0,0,NaN,0,0,0.293119999999997,1145,nominal,full,0,0,503207641176,0,0,0,0,0,0,0,0,1,0,0,0,0,0,0,NaN,0,0,NaN,NaN,5,1,0,0,1,189033075856,2648,1145,0.00146005840233609,0.00453205840233609,Inf,0,0.00025,40,24.570512611331,1,periodic-static,0,0,0,0.293119999999997,0,NaN,NaN,NaN,NaN,NaN,NaN,NaN,NaN,NaN,NaN,NaN,NaN,NaN,NaN,NaN,NaN,NaN,NaN,NaN,NaN,NaN,NaN,NaN,NaN,NaN,NaN,NaN,NaN,NaN,NaN,NaN,NaN,NaN,NaN,NaN
event-driven-candidate-targeted-frontier-falsification,16052007,n5-6dof-zero-loss,N5 6-DOF zero-loss,EXP22G targeted frontier,periodic-cost-minus2pct,2,18.7299777777776,periodic,Periodic static TDMA / 2% below ELCS cost,none,5,ring2,6dof,tdma,1,1,0,1,0.48,0.29,0.29,0.0476190476190476,0.0476190476190476,0.0308088852964831,0.558523681275807,0,0,10.1432779715412,12.2867169667293,0,1.03681556016645,0.0424295190713101,0.0800000000000001,0.0800000000000001,0.0800000000000018,NaN,NaN,1125,1125,1125,0,0,2700,2700,0,0,0,0,0,0,0,0,0,0,0,0,0,1,32,32,0,0,0,0,0,0,0,0.287999999999963,0,0,0,0.286888314182666,0.318205030507825,0,0,0,0,0,0.287999999999997,3.45599999999997,0,0,0,0,0.691199999999993,93.75,225,0,0.0113295214982681,0.0214972021081667,NaN,NaN,1,2700,0,0,0,0,0,1.6323244,0,850897,0,110997400,0,258466876,tdma,periodic-frontier,none,full-mission-static-tdma,none,continuous-local-static-tdma,NaN,18.7299777777776,NaN,18.75,18.75,NaN,NaN,NaN,NaN,NaN,NaN,NaN,NaN,1125,NaN,NaN,NaN,0,0,1,0,NaN,NaN,NaN,NaN,NaN,0,0,NaN,0,0,0.287999999999997,1125,nominal,full,0,0,503207641176,0,0,0,0,0,0,0,0,1,0,0,0,0,0,0,NaN,0,0,NaN,NaN,5,1,0,0,1,189033075856,2648,1125,0.00146005840233609,0.00453205840233609,Inf,0,0.00025,40,24.570512611331,1,periodic-static,0,0,0,0.287999999999997,0,NaN,NaN,NaN,NaN,NaN,NaN,NaN,NaN,NaN,NaN,NaN,NaN,NaN,NaN,NaN,NaN,NaN,NaN,NaN,NaN,NaN,NaN,NaN,NaN,NaN,NaN,NaN,NaN,NaN,NaN,NaN,NaN,NaN,NaN,NaN
event-driven-candidate-targeted-frontier-falsification,16052007,n5-6dof-zero-loss,N5 6-DOF zero-loss,EXP22G targeted frontier,elcs-f-mission-affine,3,50,periodic,ELCS-F / mission affine clock,none,5,ring2,6dof,tdma,1,1,0,1,0.48,0.29,0.29,0.0476190476190476,0.0476190476190476,0.0300914018426659,0.559366655684495,0,0,10.178040832157,12.3391846938896,0,1.03686219315943,0.0409452736318409,0.0600000000000005,0.0600000000000005,0.0600000000000005,NaN,NaN,3000,1053,1053,0,0,2525,2525,0,0,0,0,0,0,0,0,0,0,1944,0,0,1,32,32,0,0,0,0,0,0,0,0.293225448032706,0,0,0,0,0,0,0,0,0,0,0.293461333333331,3.23481599999997,0,0,0,0,0.704307199999994,87.75,210.416666666667,0,0.0100134181567239,0.0189665547076487,NaN,NaN,0.999958515766263,2525,0,0,0,0,0,0.4618488,0,850897,0,110997400,0,16571690415,tdma,candidate-elcs,none,edge-leased-certified-scheduling,none,continuous-elcs-replay,NaN,50,NaN,17.55,17.4166666666667,NaN,NaN,NaN,NaN,NaN,NaN,NaN,NaN,1053,NaN,NaN,NaN,0,0,1,0,NaN,NaN,NaN,NaN,NaN,0,0,NaN,0,0,0.293461333333331,1053,nominal,full,1,0,503207641176,0,0,0,0,0,0,0,0,1,0,0,0,0,0,0,0.283554993399736,1,0,NaN,NaN,5,1,0,0,1,189033075856,1053,1053,0.00146005840233609,0.00453205840233609,Inf,4.06575814682064e-20,0.00025,40,24.570512611331,1,candidate-elcs,280,0.28672,0.0238933333333334,0.293461333333331,1,3711106688,30433446513,1103131,944137620,1053,1053,0,0,0,1,2525,0,0,2525,0,0,1,0,1,0.000723660285402161,4.06575814682064e-20,1,0,0,0,5,213,89,124,310,0,534,0.97940074906367,NaN,NaN
event-driven-candidate-targeted-frontier-falsification,16052007,n10-ring2-zero-loss,N10 ring2 zero-loss,EXP22G targeted frontier,periodic-cost-match,1,10.3799999999999,periodic,Periodic static TDMA / ELCS cost match,none,10,ring2,di,tdma,1,1,0,1,0.26,0.097,0.097,0.0277777777777778,0.0277777777777778,0.0557478900297663,0.536423745115079,0,0,NaN,NaN,NaN,NaN,0.0746919249904323,0.120000000000001,0.140000000000001,0.140000000000001,NaN,NaN,1250,1248,1248,0,0,3245,3245,0,0,0,0,0,0,0,0,0,0,0,0,0,1,32,32,0,0,0,0,0,0,0,0.319487999999958,0,0,0,0.317219971137895,0.361763345792926,0,0,0,0,0,0.319487999999997,3.83385599999996,0,0,0,0,0.766771199999992,104,270.416666666667,0,0.0224470809926719,0.0425747947037106,NaN,NaN,0.999989727258719,3245,0,0,0,0,0,1.5537875,0,1162645,0,410907079,0,268691758,tdma,periodic-frontier,none,full-mission-static-tdma,none,continuous-local-static-tdma,NaN,10.3799999999999,NaN,10.4,10.3333333333333,NaN,NaN,NaN,NaN,NaN,NaN,NaN,NaN,1248,NaN,NaN,NaN,0,0,1,0,NaN,NaN,NaN,NaN,NaN,0,0,NaN,0,0,0.319487999999997,1248,nominal,full,0,0,1950797369954,0,0,0,0,0,0,0,0,1,0,0,0,0,0,0,NaN,0,0,NaN,NaN,10,1,0,0,1,692134422737,2647,1248,0.00146005840233609,0.00453205840233609,Inf,1.77635683940025e-15,0.00025,40,39.1930027494183,1,periodic-static,0,0,0,0.319487999999997,0,NaN,NaN,NaN,NaN,NaN,NaN,NaN,NaN,NaN,NaN,NaN,NaN,NaN,NaN,NaN,NaN,NaN,NaN,NaN,NaN,NaN,NaN,NaN,NaN,NaN,NaN,NaN,NaN,NaN,NaN,NaN,NaN,NaN,NaN,NaN
event-driven-candidate-targeted-frontier-falsification,16052007,n10-ring2-zero-loss,N10 ring2 zero-loss,EXP22G targeted frontier,periodic-cost-minus2pct,2,10.1723999999999,periodic,Periodic static TDMA / 2% below ELCS cost,none,10,ring2,di,tdma,1,1,0,1,0.26,0.097,0.097,0.0277777777777778,0.0277777777777778,0.0562075700356511,0.536295447752058,0,0,NaN,NaN,NaN,NaN,0.0755376961347111,0.120000000000001,0.140000000000001,0.140000000000001,NaN,NaN,1220,1220,1220,0,0,3172,3172,0,0,0,0,0,0,0,0,0,0,0,0,0,1,32,32,0,0,0,0,0,0,0,0.312319999999959,0,0,0,0.311890177277688,0.356350625470739,0,0,0,0,0,0.312319999999997,3.74783999999996,0,0,0,0,0.749567999999993,101.666666666667,264.333333333333,0,0.0227271022468932,0.043095225842809,NaN,NaN,1,3172,0,0,0,0,0,1.6537449,0,1162645,0,410907079,0,268439469,tdma,periodic-frontier,none,full-mission-static-tdma,none,continuous-local-static-tdma,NaN,10.1723999999999,NaN,10.1666666666667,10.1666666666667,NaN,NaN,NaN,NaN,NaN,NaN,NaN,NaN,1220,NaN,NaN,NaN,0,0,1,0,NaN,NaN,NaN,NaN,NaN,0,0,NaN,0,0,0.312319999999997,1220,nominal,full,0,0,1950797369954,0,0,0,0,0,0,0,0,1,0,0,0,0,0,0,NaN,0,0,NaN,NaN,10,1,0,0,1,692134422737,2647,1220,0.00146005840233609,0.00453205840233609,Inf,1.77635683940025e-15,0.00025,40,39.1930027494183,1,periodic-static,0,0,0,0.312319999999997,0,NaN,NaN,NaN,NaN,NaN,NaN,NaN,NaN,NaN,NaN,NaN,NaN,NaN,NaN,NaN,NaN,NaN,NaN,NaN,NaN,NaN,NaN,NaN,NaN,NaN,NaN,NaN,NaN,NaN,NaN,NaN,NaN,NaN,NaN,NaN
event-driven-candidate-targeted-frontier-falsification,16052007,n10-ring2-zero-loss,N10 ring2 zero-loss,EXP22G targeted frontier,elcs-f-mission-affine,3,50,periodic,ELCS-F / mission affine clock,none,10,ring2,di,tdma,1,1,0,1,0.26,0.097,0.097,0.0277777777777778,0.0277777777777778,0.0508509986470028,0.542749273289494,0,0,NaN,NaN,NaN,NaN,0.065411404515882,0.119999999999999,0.120000000000001,0.120000000000001,NaN,NaN,6000,1116,1116,0,0,2911,2909,2,0,0,0,0,0,0,2,0.0017921146953405,0,4874,0,0,1,32,32,0,0,0,0,0,0,0,0.210457394671865,0,0,0,0,0,0,0,0,0,0,0.319573333333331,3.42835199999997,0,0,0,0,0.766975999999994,93,242.416666666667,0,0.0100717163111591,0.0190379693456012,NaN,NaN,0.999643631110041,2911,0,0,0,0,0,0.542212500000001,0,1162645,0,410907079,0,39146948489,tdma,candidate-elcs,none,edge-leased-certified-scheduling,none,continuous-elcs-replay,NaN,50,NaN,9.3,9.08333333333333,NaN,NaN,NaN,NaN,NaN,NaN,NaN,NaN,1116,NaN,NaN,NaN,0,0,1,2,NaN,NaN,NaN,NaN,NaN,0,0,NaN,0,0,0.319573333333331,1116,nominal,full,1,0,1950797369954,0,0,0,0,0,0,0,0,1,0,0,0,0,0,0,1.04138871794872,1,0,NaN,NaN,10,0,0,0,1,692134422737,1116,1116,0.00146005840233609,0.00453205840233609,Inf,1.77635683940025e-15,0.00025,40,39.1930027494183,1,candidate-elcs,397,0.406528000000003,0.0338773333333336,0.319573333333331,1,4699553766,113185237997,1800674,1577960664,1116,1116,0,0,2,1,2909,0,2,2909,0,2,1,0,1,0.00104124549133466,1.77635683940025e-15,1,0,0,0,10,455,176,279,930,0,1409,0.982966643009226,NaN,NaN
event-driven-candidate-targeted-frontier-falsification,16052008,n5-6dof-zero-loss,N5 6-DOF zero-loss,EXP22G targeted frontier,periodic-cost-match,1,19.1122222222221,periodic,Periodic static TDMA / ELCS cost match,none,5,ring2,6dof,tdma,1,1,0,1,0.48,0.29,0.29,0.0476190476190476,0.0476190476190476,0.0303785566832181,0.558677213086154,0,0,10.1677525658531,12.2998475019298,0,1.0368209730568,0.0419071310116086,0.0799999999999983,0.0800000000000001,0.0800000000000018,NaN,NaN,1145,1145,1145,0,0,2748,2748,0,0,0,0,0,0,0,0,0,0,0,0,0,1,32,32,0,0,0,0,0,0,0,0.293119999999963,0,0,0,0.291822203021274,0.328934847946085,0,0,0,0,0,0.293119999999997,3.51743999999997,0,0,0,0,0.703487999999993,95.4166666666667,229,0,0.0113428899139159,0.0214411322363286,NaN,NaN,1,2748,0,0,0,0,0,1.4562917,0,741996,0,110997400,0,258418615,tdma,periodic-frontier,none,full-mission-static-tdma,none,continuous-local-static-tdma,NaN,19.1122222222221,NaN,19.0833333333333,19.0833333333333,NaN,NaN,NaN,NaN,NaN,NaN,NaN,NaN,1145,NaN,NaN,NaN,0,0,1,0,NaN,NaN,NaN,NaN,NaN,0,0,NaN,0,0,0.293119999999997,1145,nominal,full,0,0,503573400315,0,0,0,0,0,0,0,0,1,0,0,0,0,0,0,NaN,0,0,NaN,NaN,5,1,0,0,1,188797046611,2647,1145,0.00146005840233609,0.00453205840233609,Inf,0,0.00025,40,30.1664772963474,1,periodic-static,0,0,0,0.293119999999997,0,NaN,NaN,NaN,NaN,NaN,NaN,NaN,NaN,NaN,NaN,NaN,NaN,NaN,NaN,NaN,NaN,NaN,NaN,NaN,NaN,NaN,NaN,NaN,NaN,NaN,NaN,NaN,NaN,NaN,NaN,NaN,NaN,NaN,NaN,NaN
event-driven-candidate-targeted-frontier-falsification,16052008,n5-6dof-zero-loss,N5 6-DOF zero-loss,EXP22G targeted frontier,periodic-cost-minus2pct,2,18.7299777777776,periodic,Periodic static TDMA / 2% below ELCS cost,none,5,ring2,6dof,tdma,1,1,0,1,0.48,0.29,0.29,0.0476190476190476,0.0476190476190476,0.0308385362040364,0.558529144612596,0,0,10.1432779715412,12.2867169667293,0,1.03681615533206,0.0425290215588723,0.0800000000000001,0.0800000000000001,0.0800000000000018,NaN,NaN,1125,1125,1125,0,0,2700,2700,0,0,0,0,0,0,0,0,0,0,0,0,0,1,32,32,0,0,0,0,0,0,0,0.287999999999962,0,0,0,0.287218253574055,0.323152770085886,0,0,0,0,0,0.287999999999997,3.45599999999997,0,0,0,0,0.691199999999993,93.75,225,0,0.0113247317477923,0.0215302417177467,NaN,NaN,1,2700,0,0,0,0,0,1.473046,0,741996,0,110997400,0,258466878,tdma,periodic-frontier,none,full-mission-static-tdma,none,continuous-local-static-tdma,NaN,18.7299777777776,NaN,18.75,18.75,NaN,NaN,NaN,NaN,NaN,NaN,NaN,NaN,1125,NaN,NaN,NaN,0,0,1,0,NaN,NaN,NaN,NaN,NaN,0,0,NaN,0,0,0.287999999999997,1125,nominal,full,0,0,503573400315,0,0,0,0,0,0,0,0,1,0,0,0,0,0,0,NaN,0,0,NaN,NaN,5,1,0,0,1,188797046611,2647,1125,0.00146005840233609,0.00453205840233609,Inf,0,0.00025,40,30.1664772963474,1,periodic-static,0,0,0,0.287999999999997,0,NaN,NaN,NaN,NaN,NaN,NaN,NaN,NaN,NaN,NaN,NaN,NaN,NaN,NaN,NaN,NaN,NaN,NaN,NaN,NaN,NaN,NaN,NaN,NaN,NaN,NaN,NaN,NaN,NaN,NaN,NaN,NaN,NaN,NaN,NaN
event-driven-candidate-targeted-frontier-falsification,16052008,n5-6dof-zero-loss,N5 6-DOF zero-loss,EXP22G targeted frontier,elcs-f-mission-affine,3,50,periodic,ELCS-F / mission affine clock,none,5,ring2,6dof,tdma,1,1,0,1,0.48,0.29,0.29,0.0476190476190476,0.0476190476190476,0.030149977281351,0.559387103710349,0,0,10.1491785754548,12.3154775037665,0,1.03684223322318,0.041011608623549,0.0600000000000005,0.0600000000000005,0.0600000000000005,NaN,NaN,3000,1055,1055,0,0,2532,2530,2,0,0,0,0,0,0,2,0.0018957345971564,0,1942,0,0,1,32,32,0,0,0,0,0,0,0,0.293745684187216,0,0,0,0,0,0,0,0,0,0,0.293973333333331,3.24095999999997,0,0,0,0,0.705535999999994,87.9166666666667,210.833333333333,0,0.00999531896421517,0.0189779389645927,NaN,NaN,0.999982031274567,2532,0,0,0,0,0,0.4205309,0,741996,0,110997400,0,16624920126,tdma,candidate-elcs,none,edge-leased-certified-scheduling,none,continuous-elcs-replay,NaN,50,NaN,17.5833333333333,17.5,NaN,NaN,NaN,NaN,NaN,NaN,NaN,NaN,1055,NaN,NaN,NaN,0,0,1,2,NaN,NaN,NaN,NaN,NaN,0,0,NaN,0,0,0.293973333333331,1055,nominal,full,1,0,503573400315,0,0,0,0,0,0,0,0,1,0,0,0,0,0,0,0.283554993399736,1,0,NaN,NaN,5,1,0,0,1,188797046611,1055,1055,0.00146005840233609,0.00453205840233609,Inf,2.71050543121376e-20,0.00025,40,30.1664772963474,1,candidate-elcs,280,0.28672,0.0238933333333334,0.293973333333331,1,3736180473,30408925071,1103131,948122495,1055,1055,0,0,2,1,2530,0,2,2530,0,2,1,0,1,0.00117447046804386,2.71050543121376e-20,1,0,0,0,5,213,89,124,310,0,534,0.97940074906367,NaN,NaN
event-driven-candidate-targeted-frontier-falsification,16052008,n10-ring2-zero-loss,N10 ring2 zero-loss,EXP22G targeted frontier,periodic-cost-match,1,10.3799999999999,periodic,Periodic static TDMA / ELCS cost match,none,10,ring2,di,tdma,1,1,0,1,0.26,0.097,0.097,0.0277777777777778,0.0277777777777778,0.0557332281741933,0.536641246282105,0,0,NaN,NaN,NaN,NaN,0.0750822809031763,0.120000000000001,0.140000000000001,0.140000000000001,NaN,NaN,1250,1249,1249,0,0,3248,3248,0,0,0,0,0,0,0,0,0,0,0,0,0,1,32,32,0,0,0,0,0,0,0,0.319743999999959,0,0,0,0.318160326460254,0.362534731830435,0,0,0,0,0,0.319743999999997,3.83692799999996,0,0,0,0,0.767385599999992,104.083333333333,270.666666666667,0,0.0225586025785942,0.0427536604447516,NaN,NaN,0.999994230806213,3248,0,0,0,0,0,1.6262931,0,561354,0,410907079,0,268691760,tdma,periodic-frontier,none,full-mission-static-tdma,none,continuous-local-static-tdma,NaN,10.3799999999999,NaN,10.4083333333333,10.3333333333333,NaN,NaN,NaN,NaN,NaN,NaN,NaN,NaN,1249,NaN,NaN,NaN,0,0,1,0,NaN,NaN,NaN,NaN,NaN,0,0,NaN,0,0,0.319743999999997,1249,nominal,full,0,0,1950798622650,0,0,0,0,0,0,0,0,1,0,0,0,0,0,0,NaN,0,0,NaN,NaN,10,1,0,0,1,692258131772,2648,1249,0.00146005840233609,0.00453205840233609,Inf,5.55111512312578e-17,0.00025,40,39.3492121483287,1,periodic-static,0,0,0,0.319743999999997,0,NaN,NaN,NaN,NaN,NaN,NaN,NaN,NaN,NaN,NaN,NaN,NaN,NaN,NaN,NaN,NaN,NaN,NaN,NaN,NaN,NaN,NaN,NaN,NaN,NaN,NaN,NaN,NaN,NaN,NaN,NaN,NaN,NaN,NaN,NaN
event-driven-candidate-targeted-frontier-falsification,16052008,n10-ring2-zero-loss,N10 ring2 zero-loss,EXP22G targeted frontier,periodic-cost-minus2pct,2,10.1723999999999,periodic,Periodic static TDMA / 2% below ELCS cost,none,10,ring2,di,tdma,1,1,0,1,0.26,0.097,0.097,0.0277777777777778,0.0277777777777778,0.0560947655905989,0.536469925087583,0,0,NaN,NaN,NaN,NaN,0.0756333716035209,0.120000000000001,0.140000000000001,0.140000000000001,NaN,NaN,1220,1220,1220,0,0,3172,3172,0,0,0,0,0,0,0,0,0,0,0,0,0,1,32,32,0,0,0,0,0,0,0,0.31231999999996,0,0,0,0.311630028740207,0.356035604166555,0,0,0,0,0,0.312319999999997,3.74783999999996,0,0,0,0,0.749567999999993,101.666666666667,264.333333333333,0,0.0226805293313434,0.0430191913895676,NaN,NaN,1,3172,0,0,0,0,0,1.4625899,0,561354,0,410907079,0,268439471,tdma,periodic-frontier,none,full-mission-static-tdma,none,continuous-local-static-tdma,NaN,10.1723999999999,NaN,10.1666666666667,10.1666666666667,NaN,NaN,NaN,NaN,NaN,NaN,NaN,NaN,1220,NaN,NaN,NaN,0,0,1,0,NaN,NaN,NaN,NaN,NaN,0,0,NaN,0,0,0.312319999999997,1220,nominal,full,0,0,1950798622650,0,0,0,0,0,0,0,0,1,0,0,0,0,0,0,NaN,0,0,NaN,NaN,10,1,0,0,1,692258131772,2648,1220,0.00146005840233609,0.00453205840233609,Inf,5.55111512312578e-17,0.00025,40,39.3492121483287,1,periodic-static,0,0,0,0.312319999999997,0,NaN,NaN,NaN,NaN,NaN,NaN,NaN,NaN,NaN,NaN,NaN,NaN,NaN,NaN,NaN,NaN,NaN,NaN,NaN,NaN,NaN,NaN,NaN,NaN,NaN,NaN,NaN,NaN,NaN,NaN,NaN,NaN,NaN,NaN,NaN
event-driven-candidate-targeted-frontier-falsification,16052008,n10-ring2-zero-loss,N10 ring2 zero-loss,EXP22G targeted frontier,elcs-f-mission-affine,3,50,periodic,ELCS-F / mission affine clock,none,10,ring2,di,tdma,1,1,0,1,0.26,0.097,0.097,0.0277777777777778,0.0277777777777778,0.050845821481961,0.54265527382623,0,0,NaN,NaN,NaN,NaN,0.065411404515882,0.119999999999999,0.120000000000001,0.120000000000001,NaN,NaN,6000,1110,1110,0,0,2895,2895,0,0,0,0,0,0,0,0,0,0,4880,0,0,1,32,32,0,0,0,0,0,0,0,0.215187649209098,0,0,0,0,0,0,0,0,0,0,0.318037333333331,3.40991999999997,0,0,0,0,0.763289599999994,92.5,241.25,0,0.0100211915611577,0.0189617256119864,NaN,NaN,0.999448401174581,2895,0,0,0,0,0,0.4978892,0,561354,0,410907079,0,39099147144,tdma,candidate-elcs,none,edge-leased-certified-scheduling,none,continuous-elcs-replay,NaN,50,NaN,9.25,8.83333333333333,NaN,NaN,NaN,NaN,NaN,NaN,NaN,NaN,1110,NaN,NaN,NaN,0,0,1,0,NaN,NaN,NaN,NaN,NaN,0,0,NaN,0,0,0.318037333333331,1110,nominal,full,1,0,1950798622650,0,0,0,0,0,0,0,0,1,0,0,0,0,0,0,1.04138871794872,1,0,NaN,NaN,10,0,0,0,1,692258131772,1110,1110,0.00146005840233609,0.00453205840233609,Inf,1.11022302462516e-16,0.00025,40,39.3492121483287,1,candidate-elcs,397,0.406528000000003,0.0338773333333336,0.318037333333331,1,4664068716,113180352612,1800674,1560305012,1110,1110,0,0,0,1,2895,0,0,2895,0,0,1,0,1,0.000708966398681454,1.11022302462516e-16,1,0,0,0,10,455,176,279,930,0,1409,0.982966643009226,NaN,NaN
event-driven-candidate-targeted-frontier-falsification,16052009,n5-6dof-zero-loss,N5 6-DOF zero-loss,EXP22G targeted frontier,periodic-cost-match,1,19.1122222222221,periodic,Periodic static TDMA / ELCS cost match,none,5,ring2,6dof,tdma,1,1,0,1,0.48,0.29,0.29,0.0476190476190476,0.0476190476190476,0.0304281459032446,0.558562667575057,0,0,10.1677525658531,12.2998475019298,0,1.03682023722658,0.0421641791044776,0.0800000000000001,0.0800000000000001,0.0800000000000018,NaN,NaN,1145,1145,1145,0,0,2748,2748,0,0,0,0,0,0,0,0,0,0,0,0,0,1,32,32,0,0,0,0,0,0,0,0.293119999999962,0,0,0,0.29292573175566,0.323144720916961,0,0,0,0,0,0.293119999999997,3.51743999999997,0,0,0,0,0.703487999999993,95.4166666666667,229,0,0.0113864197492824,0.0215070524586865,NaN,NaN,1,2748,0,0,0,0,0,1.5301096,0,1357321,0,110997400,0,258418617,tdma,periodic-frontier,none,full-mission-static-tdma,none,continuous-local-static-tdma,NaN,19.1122222222221,NaN,19.0833333333333,19.0833333333333,NaN,NaN,NaN,NaN,NaN,NaN,NaN,NaN,1145,NaN,NaN,NaN,0,0,1,0,NaN,NaN,NaN,NaN,NaN,0,0,NaN,0,0,0.293119999999997,1145,nominal,full,0,0,503929553995,0,0,0,0,0,0,0,0,1,0,0,0,0,0,0,NaN,0,0,NaN,NaN,5,1,0,0,1,188750593438,2648,1145,0.00146005840233609,0.00453205840233609,Inf,0,0.00025,40,37.8899575196563,1,periodic-static,0,0,0,0.293119999999997,0,NaN,NaN,NaN,NaN,NaN,NaN,NaN,NaN,NaN,NaN,NaN,NaN,NaN,NaN,NaN,NaN,NaN,NaN,NaN,NaN,NaN,NaN,NaN,NaN,NaN,NaN,NaN,NaN,NaN,NaN,NaN,NaN,NaN,NaN,NaN
event-driven-candidate-targeted-frontier-falsification,16052009,n5-6dof-zero-loss,N5 6-DOF zero-loss,EXP22G targeted frontier,periodic-cost-minus2pct,2,18.7299777777776,periodic,Periodic static TDMA / 2% below ELCS cost,none,5,ring2,6dof,tdma,1,1,0,1,0.48,0.29,0.29,0.0476190476190476,0.0476190476190476,0.0308055355584294,0.558434651521057,0,0,10.1432779715412,12.2867169667293,0,1.03681552228355,0.0425041459369818,0.0800000000000001,0.0800000000000001,0.0800000000000018,NaN,NaN,1125,1125,1125,0,0,2700,2700,0,0,0,0,0,0,0,0,0,0,0,0,0,1,32,32,0,0,0,0,0,0,0,0.287999999999963,0,0,0,0.286479928628209,0.319383274995661,0,0,0,0,0,0.287999999999997,3.45599999999997,0,0,0,0,0.691199999999993,93.75,225,0,0.0113285436645505,0.02149446188987,NaN,NaN,1,2700,0,0,0,0,0,1.4150592,0,1357321,0,110997400,0,258466880,tdma,periodic-frontier,none,full-mission-static-tdma,none,continuous-local-static-tdma,NaN,18.7299777777776,NaN,18.75,18.75,NaN,NaN,NaN,NaN,NaN,NaN,NaN,NaN,1125,NaN,NaN,NaN,0,0,1,0,NaN,NaN,NaN,NaN,NaN,0,0,NaN,0,0,0.287999999999997,1125,nominal,full,0,0,503929553995,0,0,0,0,0,0,0,0,1,0,0,0,0,0,0,NaN,0,0,NaN,NaN,5,1,0,0,1,188750593438,2648,1125,0.00146005840233609,0.00453205840233609,Inf,0,0.00025,40,37.8899575196563,1,periodic-static,0,0,0,0.287999999999997,0,NaN,NaN,NaN,NaN,NaN,NaN,NaN,NaN,NaN,NaN,NaN,NaN,NaN,NaN,NaN,NaN,NaN,NaN,NaN,NaN,NaN,NaN,NaN,NaN,NaN,NaN,NaN,NaN,NaN,NaN,NaN,NaN,NaN,NaN,NaN
event-driven-candidate-targeted-frontier-falsification,16052009,n5-6dof-zero-loss,N5 6-DOF zero-loss,EXP22G targeted frontier,elcs-f-mission-affine,3,50,periodic,ELCS-F / mission affine clock,none,5,ring2,6dof,tdma,1,1,0,1,0.48,0.29,0.29,0.0476190476190476,0.0476190476190476,0.0300919195494785,0.55942328446954,0,0,10.1326853413663,12.3343116203449,0,1.03685449646493,0.0408789386401328,0.0600000000000005,0.0600000000000005,0.0600000000000005,NaN,NaN,3000,1056,1055,0,0,2532,2530,2,0,0,0,0,0,0,2,0.00189393939393939,0,1941,0,0,1,32,32,0,0,0,0,0,0,0,0.293997064918073,0,0,0,0,0,0,0,0,0,0,0.294229333333331,3.24403199999997,0,0,0,0,0.706150399999994,87.9166666666667,210.833333333333,0,0.0100380744323179,0.0190030041495097,NaN,NaN,0.999982031274567,2532,0,0,0,0,0,0.4175809,0,1357321,0,110997400,0,16630698676,tdma,candidate-elcs,none,edge-leased-certified-scheduling,none,continuous-elcs-replay,NaN,50,NaN,17.5833333333333,17.5,NaN,NaN,NaN,NaN,NaN,NaN,NaN,NaN,1056,NaN,NaN,NaN,0,0,1,2,NaN,NaN,NaN,NaN,NaN,0,0,NaN,0,0,0.294229333333331,1056,nominal,full,1,0,503929553995,0,0,0,0,0,0,0,0,1,0,0,0,0,0,0,0.283554993399736,1,0,NaN,NaN,5,1,0,0,1,188750593438,1056,1056,0.00146005840233609,0.00453205840233609,Inf,0,0.00025,40,37.8899575196563,1,candidate-elcs,280,0.28672,0.0238933333333334,0.294229333333331,1,3752122149,30389148259,1103131,950099937,1056,1056,0,0,2,1,2530,0,2,2530,0,2,1,0,1,0.000552403374294741,0,1,0,0,0,5,213,89,124,310,0,534,0.97940074906367,NaN,NaN
event-driven-candidate-targeted-frontier-falsification,16052009,n10-ring2-zero-loss,N10 ring2 zero-loss,EXP22G targeted frontier,periodic-cost-match,1,10.3799999999999,periodic,Periodic static TDMA / ELCS cost match,none,10,ring2,di,tdma,1,1,0,1,0.26,0.097,0.097,0.0277777777777778,0.0277777777777778,0.055719540034495,0.536647030791925,0,0,NaN,NaN,NaN,NaN,0.0746613088404132,0.120000000000001,0.140000000000001,0.140000000000001,NaN,NaN,1250,1248,1248,0,0,3245,3245,0,0,0,0,0,0,0,0,0,0,0,0,0,1,32,32,0,0,0,0,0,0,0,0.319487999999958,0,0,0,0.317909763977767,0.362456752434364,0,0,0,0,0,0.319487999999997,3.83385599999996,0,0,0,0,0.766771199999992,104,270.416666666667,0,0.0223546757010248,0.0425540898915426,NaN,NaN,0.999989727258719,3245,0,0,0,0,0,1.4647453,0,827790,0,410907079,0,268691762,tdma,periodic-frontier,none,full-mission-static-tdma,none,continuous-local-static-tdma,NaN,10.3799999999999,NaN,10.4,10.3333333333333,NaN,NaN,NaN,NaN,NaN,NaN,NaN,NaN,1248,NaN,NaN,NaN,0,0,1,0,NaN,NaN,NaN,NaN,NaN,0,0,NaN,0,0,0.319487999999997,1248,nominal,full,0,0,1950844938043,0,0,0,0,0,0,0,0,1,0,0,0,0,0,0,NaN,0,0,NaN,NaN,10,1,0,0,1,693254505177,2647,1248,0.00146005840233609,0.00453205840233609,Inf,0,0.00025,40,33.8179931619302,1,periodic-static,0,0,0,0.319487999999997,0,NaN,NaN,NaN,NaN,NaN,NaN,NaN,NaN,NaN,NaN,NaN,NaN,NaN,NaN,NaN,NaN,NaN,NaN,NaN,NaN,NaN,NaN,NaN,NaN,NaN,NaN,NaN,NaN,NaN,NaN,NaN,NaN,NaN,NaN,NaN
event-driven-candidate-targeted-frontier-falsification,16052009,n10-ring2-zero-loss,N10 ring2 zero-loss,EXP22G targeted frontier,periodic-cost-minus2pct,2,10.1723999999999,periodic,Periodic static TDMA / 2% below ELCS cost,none,10,ring2,di,tdma,1,1,0,1,0.26,0.097,0.097,0.0277777777777778,0.0277777777777778,0.0560976006668964,0.536638602087864,0,0,NaN,NaN,NaN,NaN,0.0755568312284731,0.120000000000001,0.140000000000001,0.140000000000001,NaN,NaN,1220,1220,1220,0,0,3172,3172,0,0,0,0,0,0,0,0,0,0,0,0,0,1,32,32,0,0,0,0,0,0,0,0.312319999999959,0,0,0,0.312646164704424,0.359523089840066,0,0,0,0,0,0.312319999999997,3.74783999999996,0,0,0,0,0.749567999999993,101.666666666667,264.333333333333,0,0.0226313611142762,0.0430250205898026,NaN,NaN,1,3172,0,0,0,0,0,1.5645944,0,827790,0,410907079,0,268439473,tdma,periodic-frontier,none,full-mission-static-tdma,none,continuous-local-static-tdma,NaN,10.1723999999999,NaN,10.1666666666667,10.1666666666667,NaN,NaN,NaN,NaN,NaN,NaN,NaN,NaN,1220,NaN,NaN,NaN,0,0,1,0,NaN,NaN,NaN,NaN,NaN,0,0,NaN,0,0,0.312319999999997,1220,nominal,full,0,0,1950844938043,0,0,0,0,0,0,0,0,1,0,0,0,0,0,0,NaN,0,0,NaN,NaN,10,1,0,0,1,693254505177,2647,1220,0.00146005840233609,0.00453205840233609,Inf,0,0.00025,40,33.8179931619302,1,periodic-static,0,0,0,0.312319999999997,0,NaN,NaN,NaN,NaN,NaN,NaN,NaN,NaN,NaN,NaN,NaN,NaN,NaN,NaN,NaN,NaN,NaN,NaN,NaN,NaN,NaN,NaN,NaN,NaN,NaN,NaN,NaN,NaN,NaN,NaN,NaN,NaN,NaN,NaN,NaN
event-driven-candidate-targeted-frontier-falsification,16052009,n10-ring2-zero-loss,N10 ring2 zero-loss,EXP22G targeted frontier,elcs-f-mission-affine,3,50,periodic,ELCS-F / mission affine clock,none,10,ring2,di,tdma,1,1,0,1,0.26,0.097,0.097,0.0277777777777778,0.0277777777777778,0.0508662266418003,0.542594460063221,0,0,NaN,NaN,NaN,NaN,0.0655070799846918,0.119999999999999,0.120000000000001,0.120000000000001,NaN,NaN,6000,1108,1108,0,0,2893,2893,0,0,0,0,0,0,0,0,0,0,4882,0,0,1,32,32,0,0,0,0,0,0,0,0.211384590549525,0,0,0,0,0,0,0,0,0,0,0.317525333333331,3.40377599999997,0,0,0,0,0.762060799999994,92.3333333333333,241.083333333333,0,0.0100454407208598,0.0190133583460213,NaN,NaN,0.999270690890148,2893,0,0,0,0,0,0.5036304,0,827790,0,410907079,0,39132974189,tdma,candidate-elcs,none,edge-leased-certified-scheduling,none,continuous-elcs-replay,NaN,50,NaN,9.23333333333333,8.83333333333333,NaN,NaN,NaN,NaN,NaN,NaN,NaN,NaN,1108,NaN,NaN,NaN,0,0,1,0,NaN,NaN,NaN,NaN,NaN,0,0,NaN,0,0,0.317525333333331,1108,nominal,full,1,0,1950844938043,0,0,0,0,0,0,0,0,1,0,0,0,0,0,0,1.04138871794872,1,0,NaN,NaN,10,0,0,0,1,693254505177,1108,1108,0.00146005840233609,0.00453205840233609,Inf,2.22044604925031e-16,0.00025,40,33.8179931619302,1,candidate-elcs,397,0.406528000000003,0.0338773333333336,0.317525333333331,1,4663240517,113334588506,1800674,1554488487,1108,1108,0,0,0,1,2893,0,0,2893,0,0,1,0,1,0.000592460848723775,2.22044604925031e-16,1,0,0,0,10,455,176,279,930,0,1409,0.982966643009226,NaN,NaN
event-driven-candidate-targeted-frontier-falsification,16052010,n5-6dof-zero-loss,N5 6-DOF zero-loss,EXP22G targeted frontier,periodic-cost-match,1,19.1122222222221,periodic,Periodic static TDMA / ELCS cost match,none,5,ring2,6dof,tdma,1,1,0,1,0.48,0.29,0.29,0.0476190476190476,0.0476190476190476,0.0302668379164898,0.55874971946667,0,0,10.1677525658531,12.2998475019298,0,1.03682032329034,0.0417330016583748,0.0600000000000005,0.0800000000000001,0.0800000000000018,NaN,NaN,1145,1145,1145,0,0,2748,2748,0,0,0,0,0,0,0,0,0,0,0,0,0,1,32,32,0,0,0,0,0,0,0,0.293119999999963,0,0,0,0.291540144551385,0.326474960089926,0,0,0,0,0,0.293119999999997,3.51743999999997,0,0,0,0,0.703487999999993,95.4166666666667,229,0,0.0112292969055252,0.0213633593610966,NaN,NaN,1,2748,0,0,0,0,0,1.6107384,0,606820,0,110997400,0,258418619,tdma,periodic-frontier,none,full-mission-static-tdma,none,continuous-local-static-tdma,NaN,19.1122222222221,NaN,19.0833333333333,19.0833333333333,NaN,NaN,NaN,NaN,NaN,NaN,NaN,NaN,1145,NaN,NaN,NaN,0,0,1,0,NaN,NaN,NaN,NaN,NaN,0,0,NaN,0,0,0.293119999999997,1145,nominal,full,0,0,503350485691,0,0,0,0,0,0,0,0,1,0,0,0,0,0,0,NaN,0,0,NaN,NaN,5,1,0,0,1,188885400331,2647,1145,0.00146005840233609,0.00453205840233609,Inf,0,0.00025,40,39.1979611679828,1,periodic-static,0,0,0,0.293119999999997,0,NaN,NaN,NaN,NaN,NaN,NaN,NaN,NaN,NaN,NaN,NaN,NaN,NaN,NaN,NaN,NaN,NaN,NaN,NaN,NaN,NaN,NaN,NaN,NaN,NaN,NaN,NaN,NaN,NaN,NaN,NaN,NaN,NaN,NaN,NaN
event-driven-candidate-targeted-frontier-falsification,16052010,n5-6dof-zero-loss,N5 6-DOF zero-loss,EXP22G targeted frontier,periodic-cost-minus2pct,2,18.7299777777776,periodic,Periodic static TDMA / 2% below ELCS cost,none,5,ring2,6dof,tdma,1,1,0,1,0.48,0.29,0.29,0.0476190476190476,0.0476190476190476,0.0308225694904301,0.558233114854192,0,0,10.1432779715412,12.2867169667293,0,1.0368161484036,0.0424295190713101,0.0800000000000001,0.0800000000000001,0.0800000000000018,NaN,NaN,1125,1125,1125,0,0,2700,2700,0,0,0,0,0,0,0,0,0,0,0,0,0,1,32,32,0,0,0,0,0,0,0,0.287999999999963,0,0,0,0.286172004357852,0.317449834247558,0,0,0,0,0,0.287999999999997,3.45599999999997,0,0,0,0,0.691199999999993,93.75,225,0,0.0113109346670741,0.0214759830445569,NaN,NaN,1,2700,0,0,0,0,0,1.5410459,0,606820,0,110997400,0,258466882,tdma,periodic-frontier,none,full-mission-static-tdma,none,continuous-local-static-tdma,NaN,18.7299777777776,NaN,18.75,18.75,NaN,NaN,NaN,NaN,NaN,NaN,NaN,NaN,1125,NaN,NaN,NaN,0,0,1,0,NaN,NaN,NaN,NaN,NaN,0,0,NaN,0,0,0.287999999999997,1125,nominal,full,0,0,503350485691,0,0,0,0,0,0,0,0,1,0,0,0,0,0,0,NaN,0,0,NaN,NaN,5,1,0,0,1,188885400331,2647,1125,0.00146005840233609,0.00453205840233609,Inf,0,0.00025,40,39.1979611679828,1,periodic-static,0,0,0,0.287999999999997,0,NaN,NaN,NaN,NaN,NaN,NaN,NaN,NaN,NaN,NaN,NaN,NaN,NaN,NaN,NaN,NaN,NaN,NaN,NaN,NaN,NaN,NaN,NaN,NaN,NaN,NaN,NaN,NaN,NaN,NaN,NaN,NaN,NaN,NaN,NaN
event-driven-candidate-targeted-frontier-falsification,16052010,n5-6dof-zero-loss,N5 6-DOF zero-loss,EXP22G targeted frontier,elcs-f-mission-affine,3,50,periodic,ELCS-F / mission affine clock,none,5,ring2,6dof,tdma,1,1,0,1,0.48,0.29,0.29,0.0476190476190476,0.0476190476190476,0.0301033668399353,0.55939219488562,0,0,10.0748102413304,12.3431940514967,0,1.03685853367976,0.0409121061359868,0.0600000000000005,0.0600000000000005,0.0600000000000005,NaN,NaN,3000,1054,1054,0,0,2528,2528,0,0,0,0,0,0,0,0,0,0,1943,0,0,1,32,32,0,0,0,0,0,0,0,0.293476430919092,0,0,0,0,0,0,0,0,0,0,0.293717333333331,3.23788799999997,0,0,0,0,0.704921599999994,87.8333333333333,210.666666666667,0,0.0100183859355369,0.0190016238533628,NaN,NaN,0.999942393202398,2528,0,0,0,0,0,0.4480793,0,606820,0,110997400,0,16600160854,tdma,candidate-elcs,none,edge-leased-certified-scheduling,none,continuous-elcs-replay,NaN,50,NaN,17.5666666666667,17.3333333333333,NaN,NaN,NaN,NaN,NaN,NaN,NaN,NaN,1054,NaN,NaN,NaN,0,0,1,0,NaN,NaN,NaN,NaN,NaN,0,0,NaN,0,0,0.293717333333331,1054,nominal,full,1,0,503350485691,0,0,0,0,0,0,0,0,1,0,0,0,0,0,0,0.283554993399736,1,0,NaN,NaN,5,1,0,0,1,188885400331,1054,1054,0.00146005840233609,0.00453205840233609,Inf,0,0.00025,40,39.1979611679828,1,candidate-elcs,280,0.28672,0.0238933333333334,0.293717333333331,1,3724130998,30425039128,1103131,946123029,1054,1054,0,0,0,1,2528,0,0,2528,0,0,1,0,1,0.000771859411386799,0,1,0,0,0,5,213,89,124,310,0,534,0.97940074906367,NaN,NaN
event-driven-candidate-targeted-frontier-falsification,16052010,n10-ring2-zero-loss,N10 ring2 zero-loss,EXP22G targeted frontier,periodic-cost-match,1,10.3799999999999,periodic,Periodic static TDMA / ELCS cost match,none,10,ring2,di,tdma,1,1,0,1,0.26,0.097,0.097,0.0277777777777778,0.0277777777777778,0.0557748966651677,0.536534664021484,0,0,NaN,NaN,NaN,NaN,0.0749292001530806,0.120000000000001,0.140000000000001,0.140000000000001,NaN,NaN,1250,1249,1249,0,0,3248,3248,0,0,0,0,0,0,0,0,0,0,0,0,0,1,32,32,0,0,0,0,0,0,0,0.319743999999959,0,0,0,0.31890708584037,0.366046760552032,0,0,0,0,0,0.319743999999997,3.83692799999996,0,0,0,0,0.767385599999992,104.083333333333,270.666666666667,0,0.0225493728540125,0.0426974033003336,NaN,NaN,0.999994230806213,3248,0,0,0,0,0,1.5517523,0,1481645,0,410907079,0,268691764,tdma,periodic-frontier,none,full-mission-static-tdma,none,continuous-local-static-tdma,NaN,10.3799999999999,NaN,10.4083333333333,10.3333333333333,NaN,NaN,NaN,NaN,NaN,NaN,NaN,NaN,1249,NaN,NaN,NaN,0,0,1,0,NaN,NaN,NaN,NaN,NaN,0,0,NaN,0,0,0.319743999999997,1249,nominal,full,0,0,1950979526467,0,0,0,0,0,0,0,0,1,0,0,0,0,0,0,NaN,0,0,NaN,NaN,10,1,0,0,1,691688276363,2648,1249,0.00146005840233609,0.00453205840233609,Inf,0,0.00025,40,39.7214808758871,1,periodic-static,0,0,0,0.319743999999997,0,NaN,NaN,NaN,NaN,NaN,NaN,NaN,NaN,NaN,NaN,NaN,NaN,NaN,NaN,NaN,NaN,NaN,NaN,NaN,NaN,NaN,NaN,NaN,NaN,NaN,NaN,NaN,NaN,NaN,NaN,NaN,NaN,NaN,NaN,NaN
event-driven-candidate-targeted-frontier-falsification,16052010,n10-ring2-zero-loss,N10 ring2 zero-loss,EXP22G targeted frontier,periodic-cost-minus2pct,2,10.1723999999999,periodic,Periodic static TDMA / 2% below ELCS cost,none,10,ring2,di,tdma,1,1,0,1,0.26,0.097,0.097,0.0277777777777778,0.0277777777777778,0.056223114903088,0.53653041039766,0,0,NaN,NaN,NaN,NaN,0.0754802908534253,0.120000000000001,0.140000000000001,0.140000000000001,NaN,NaN,1220,1220,1220,0,0,3172,3172,0,0,0,0,0,0,0,0,0,0,0,0,0,1,32,32,0,0,0,0,0,0,0,0.312319999999961,0,0,0,0.312950200780473,0.360932736855083,0,0,0,0,0,0.312319999999997,3.74783999999996,0,0,0,0,0.749567999999993,101.666666666667,264.333333333333,0,0.0228209946329795,0.0432804749834611,NaN,NaN,1,3172,0,0,0,0,0,1.5649748,0,1481645,0,410907079,0,268439475,tdma,periodic-frontier,none,full-mission-static-tdma,none,continuous-local-static-tdma,NaN,10.1723999999999,NaN,10.1666666666667,10.1666666666667,NaN,NaN,NaN,NaN,NaN,NaN,NaN,NaN,1220,NaN,NaN,NaN,0,0,1,0,NaN,NaN,NaN,NaN,NaN,0,0,NaN,0,0,0.312319999999997,1220,nominal,full,0,0,1950979526467,0,0,0,0,0,0,0,0,1,0,0,0,0,0,0,NaN,0,0,NaN,NaN,10,1,0,0,1,691688276363,2648,1220,0.00146005840233609,0.00453205840233609,Inf,0,0.00025,40,39.7214808758871,1,periodic-static,0,0,0,0.312319999999997,0,NaN,NaN,NaN,NaN,NaN,NaN,NaN,NaN,NaN,NaN,NaN,NaN,NaN,NaN,NaN,NaN,NaN,NaN,NaN,NaN,NaN,NaN,NaN,NaN,NaN,NaN,NaN,NaN,NaN,NaN,NaN,NaN,NaN,NaN,NaN
event-driven-candidate-targeted-frontier-falsification,16052010,n10-ring2-zero-loss,N10 ring2 zero-loss,EXP22G targeted frontier,elcs-f-mission-affine,3,50,periodic,ELCS-F / mission affine clock,none,10,ring2,di,tdma,1,1,0,1,0.26,0.097,0.097,0.0277777777777778,0.0277777777777778,0.0509042941861184,0.542459521091652,0,0,NaN,NaN,NaN,NaN,0.0652774588595482,0.119999999999999,0.120000000000001,0.120000000000001,NaN,NaN,6000,1114,1114,0,0,2904,2902,2,0,0,0,0,0,0,2,0.00179533213644524,0,4876,0,0,1,32,32,0,0,0,0,0,0,0,0.218358182678251,0,0,0,0,0,0,0,0,0,0,0.319061333333331,3.42220799999997,0,0,0,0,0.765747199999994,92.8333333333333,241.833333333333,0,0.0100264931880004,0.0189968115143142,NaN,NaN,0.999481331142682,2904,0,0,0,0,0,0.549991999999999,0,1481645,0,410907079,0,39117540984,tdma,candidate-elcs,none,edge-leased-certified-scheduling,none,continuous-elcs-replay,NaN,50,NaN,9.28333333333333,9,NaN,NaN,NaN,NaN,NaN,NaN,NaN,NaN,1114,NaN,NaN,NaN,0,0,1,2,NaN,NaN,NaN,NaN,NaN,0,0,NaN,0,0,0.319061333333331,1114,nominal,full,1,0,1950979526467,0,0,0,0,0,0,0,0,1,0,0,0,0,0,0,1.04138871794872,1,0,NaN,NaN,10,0,0,0,1,691688276363,1114,1114,0.00146005840233609,0.00453205840233609,Inf,1.11022302462516e-16,0.00025,40,39.7214808758871,1,candidate-elcs,397,0.406528000000003,0.0338773333333336,0.319061333333331,1,4689964645,113205107734,1800674,1572008491,1114,1114,0,0,2,1,2902,0,2,2902,0,2,1,0,1,0.000692781809716436,1.11022302462516e-16,1,0,0,0,10,455,176,279,930,0,1409,0.982966643009226,NaN,NaN
event-driven-candidate-targeted-frontier-falsification,16052011,n5-6dof-zero-loss,N5 6-DOF zero-loss,EXP22G targeted frontier,periodic-cost-match,1,19.1122222222221,periodic,Periodic static TDMA / ELCS cost match,none,5,ring2,6dof,tdma,1,1,0,1,0.48,0.29,0.29,0.0476190476190476,0.0476190476190476,0.0303301582393272,0.558727301260401,0,0,10.1677525658531,12.2998475019298,0,1.03682067641641,0.0420812603648424,0.0800000000000001,0.0800000000000001,0.0800000000000018,NaN,NaN,1145,1145,1145,0,0,2748,2748,0,0,0,0,0,0,0,0,0,0,0,0,0,1,32,32,0,0,0,0,0,0,0,0.293119999999963,0,0,0,0.29242486398444,0.327255659097553,0,0,0,0,0,0.293119999999997,3.51743999999997,0,0,0,0,0.703487999999993,95.4166666666667,229,0,0.0113792933046787,0.0214648181586133,NaN,NaN,1,2748,0,0,0,0,0,1.5585688,0,879249,0,110997400,0,258418621,tdma,periodic-frontier,none,full-mission-static-tdma,none,continuous-local-static-tdma,NaN,19.1122222222221,NaN,19.0833333333333,19.0833333333333,NaN,NaN,NaN,NaN,NaN,NaN,NaN,NaN,1145,NaN,NaN,NaN,0,0,1,0,NaN,NaN,NaN,NaN,NaN,0,0,NaN,0,0,0.293119999999997,1145,nominal,full,0,0,503596782059,0,0,0,0,0,0,0,0,1,0,0,0,0,0,0,NaN,0,0,NaN,NaN,5,1,0,0,1,188453051562,2648,1145,0.00146005840233609,0.00453205840233609,Inf,0,0.00025,40,37.5497100543793,1,periodic-static,0,0,0,0.293119999999997,0,NaN,NaN,NaN,NaN,NaN,NaN,NaN,NaN,NaN,NaN,NaN,NaN,NaN,NaN,NaN,NaN,NaN,NaN,NaN,NaN,NaN,NaN,NaN,NaN,NaN,NaN,NaN,NaN,NaN,NaN,NaN,NaN,NaN,NaN,NaN
event-driven-candidate-targeted-frontier-falsification,16052011,n5-6dof-zero-loss,N5 6-DOF zero-loss,EXP22G targeted frontier,periodic-cost-minus2pct,2,18.7299777777776,periodic,Periodic static TDMA / 2% below ELCS cost,none,5,ring2,6dof,tdma,1,1,0,1,0.48,0.29,0.29,0.0476190476190476,0.0476190476190476,0.0308457661337903,0.558398895986108,0,0,10.1432779715412,12.2867169667293,0,1.03681608952863,0.0426782752902156,0.0800000000000001,0.0800000000000001,0.0800000000000018,NaN,NaN,1125,1125,1125,0,0,2700,2700,0,0,0,0,0,0,0,0,0,0,0,0,0,1,32,32,0,0,0,0,0,0,0,0.287999999999963,0,0,0,0.286334136298394,0.31794880230843,0,0,0,0,0,0.287999999999997,3.45599999999997,0,0,0,0,0.691199999999993,93.75,225,0,0.0113448285709482,0.0215397117939712,NaN,NaN,1,2700,0,0,0,0,0,1.4488002,0,879249,0,110997400,0,258466884,tdma,periodic-frontier,none,full-mission-static-tdma,none,continuous-local-static-tdma,NaN,18.7299777777776,NaN,18.75,18.75,NaN,NaN,NaN,NaN,NaN,NaN,NaN,NaN,1125,NaN,NaN,NaN,0,0,1,0,NaN,NaN,NaN,NaN,NaN,0,0,NaN,0,0,0.287999999999997,1125,nominal,full,0,0,503596782059,0,0,0,0,0,0,0,0,1,0,0,0,0,0,0,NaN,0,0,NaN,NaN,5,1,0,0,1,188453051562,2648,1125,0.00146005840233609,0.00453205840233609,Inf,0,0.00025,40,37.5497100543793,1,periodic-static,0,0,0,0.287999999999997,0,NaN,NaN,NaN,NaN,NaN,NaN,NaN,NaN,NaN,NaN,NaN,NaN,NaN,NaN,NaN,NaN,NaN,NaN,NaN,NaN,NaN,NaN,NaN,NaN,NaN,NaN,NaN,NaN,NaN,NaN,NaN,NaN,NaN,NaN,NaN
event-driven-candidate-targeted-frontier-falsification,16052011,n5-6dof-zero-loss,N5 6-DOF zero-loss,EXP22G targeted frontier,elcs-f-mission-affine,3,50,periodic,ELCS-F / mission affine clock,none,5,ring2,6dof,tdma,1,1,0,1,0.48,0.29,0.29,0.0476190476190476,0.0476190476190476,0.030080662885211,0.559410224065938,0,0,10.0691362195364,12.3119416894822,0,1.03683727069435,0.0409452736318409,0.0600000000000005,0.0600000000000005,0.0600000000000005,NaN,NaN,3000,1055,1055,0,0,2532,2532,0,0,0,0,0,0,0,0,0,0,1942,0,0,1,32,32,0,0,0,0,0,0,0,0.293717935906507,0,0,0,0,0,0,0,0,0,0,0.293973333333331,3.24095999999997,0,0,0,0,0.705535999999994,87.9166666666667,211,0,0.0100286263119383,0.0189369596777667,NaN,NaN,0.999946095760881,2532,0,0,0,0,0,0.4485079,0,879249,0,110997400,0,16611821555,tdma,candidate-elcs,none,edge-leased-certified-scheduling,none,continuous-elcs-replay,NaN,50,NaN,17.5833333333333,17.3333333333333,NaN,NaN,NaN,NaN,NaN,NaN,NaN,NaN,1055,NaN,NaN,NaN,0,0,1,0,NaN,NaN,NaN,NaN,NaN,0,0,NaN,0,0,0.293973333333331,1055,nominal,full,1,0,503596782059,0,0,0,0,0,0,0,0,1,0,0,0,0,0,0,0.283554993399736,1,0,NaN,NaN,5,1,0,0,1,188453051562,1055,1055,0.00146005840233609,0.00453205840233609,Inf,1.11022302462516e-16,0.00025,40,37.5497100543793,1,candidate-elcs,280,0.28672,0.0238933333333334,0.293973333333331,1,3765981176,30431307844,1103131,948120283,1055,1055,0,0,0,1,2532,0,0,2532,0,0,1,0,1,0.000671733558505139,1.11022302462516e-16,1,0,0,0,5,213,89,124,310,0,534,0.97940074906367,NaN,NaN
event-driven-candidate-targeted-frontier-falsification,16052011,n10-ring2-zero-loss,N10 ring2 zero-loss,EXP22G targeted frontier,periodic-cost-match,1,10.3799999999999,periodic,Periodic static TDMA / ELCS cost match,none,10,ring2,di,tdma,1,1,0,1,0.26,0.097,0.097,0.0277777777777778,0.0277777777777778,0.0557575807622613,0.536422928352321,0,0,NaN,NaN,NaN,NaN,0.074845005740528,0.120000000000001,0.140000000000001,0.140000000000001,NaN,NaN,1250,1248,1248,0,0,3245,3245,0,0,0,0,0,0,0,0,0,0,0,0,0,1,32,32,0,0,0,0,0,0,0,0.31948799999996,0,0,0,0.316292755590672,0.36601083057173,0,0,0,0,0,0.319487999999997,3.83385599999996,0,0,0,0,0.766771199999992,104,270.416666666667,0,0.0224526191706441,0.0425930465980278,NaN,NaN,0.999989727258719,3245,0,0,0,0,0,1.6128758,0,880992,0,410907079,0,268691766,tdma,periodic-frontier,none,full-mission-static-tdma,none,continuous-local-static-tdma,NaN,10.3799999999999,NaN,10.4,10.3333333333333,NaN,NaN,NaN,NaN,NaN,NaN,NaN,NaN,1248,NaN,NaN,NaN,0,0,1,0,NaN,NaN,NaN,NaN,NaN,0,0,NaN,0,0,0.319487999999997,1248,nominal,full,0,0,1950784306654,0,0,0,0,0,0,0,0,1,0,0,0,0,0,0,NaN,0,0,NaN,NaN,10,1,0,0,1,691995659992,2647,1248,0.00146005840233609,0.00453205840233609,Inf,2.77555756156289e-17,0.00025,40,32.7335071012843,1,periodic-static,0,0,0,0.319487999999997,0,NaN,NaN,NaN,NaN,NaN,NaN,NaN,NaN,NaN,NaN,NaN,NaN,NaN,NaN,NaN,NaN,NaN,NaN,NaN,NaN,NaN,NaN,NaN,NaN,NaN,NaN,NaN,NaN,NaN,NaN,NaN,NaN,NaN,NaN,NaN
event-driven-candidate-targeted-frontier-falsification,16052011,n10-ring2-zero-loss,N10 ring2 zero-loss,EXP22G targeted frontier,periodic-cost-minus2pct,2,10.1723999999999,periodic,Periodic static TDMA / 2% below ELCS cost,none,10,ring2,di,tdma,1,1,0,1,0.26,0.097,0.097,0.0277777777777778,0.0277777777777778,0.0561333265595046,0.53660698750494,0,0,NaN,NaN,NaN,NaN,0.0755759663222351,0.120000000000001,0.140000000000001,0.140000000000001,NaN,NaN,1220,1220,1220,0,0,3172,3172,0,0,0,0,0,0,0,0,0,0,0,0,0,1,32,32,0,0,0,0,0,0,0,0.31231999999996,0,0,0,0.311485309705269,0.352138130393252,0,0,0,0,0,0.312319999999997,3.74783999999996,0,0,0,0,0.749567999999993,101.666666666667,264.333333333333,0,0.0226947382244581,0.0431695624845365,NaN,NaN,1,3172,0,0,0,0,0,1.4294027,0,880992,0,410907079,0,268439477,tdma,periodic-frontier,none,full-mission-static-tdma,none,continuous-local-static-tdma,NaN,10.1723999999999,NaN,10.1666666666667,10.1666666666667,NaN,NaN,NaN,NaN,NaN,NaN,NaN,NaN,1220,NaN,NaN,NaN,0,0,1,0,NaN,NaN,NaN,NaN,NaN,0,0,NaN,0,0,0.312319999999997,1220,nominal,full,0,0,1950784306654,0,0,0,0,0,0,0,0,1,0,0,0,0,0,0,NaN,0,0,NaN,NaN,10,1,0,0,1,691995659992,2647,1220,0.00146005840233609,0.00453205840233609,Inf,2.77555756156289e-17,0.00025,40,32.7335071012843,1,periodic-static,0,0,0,0.312319999999997,0,NaN,NaN,NaN,NaN,NaN,NaN,NaN,NaN,NaN,NaN,NaN,NaN,NaN,NaN,NaN,NaN,NaN,NaN,NaN,NaN,NaN,NaN,NaN,NaN,NaN,NaN,NaN,NaN,NaN,NaN,NaN,NaN,NaN,NaN,NaN
event-driven-candidate-targeted-frontier-falsification,16052011,n10-ring2-zero-loss,N10 ring2 zero-loss,EXP22G targeted frontier,elcs-f-mission-affine,3,50,periodic,ELCS-F / mission affine clock,none,10,ring2,di,tdma,1,1,0,1,0.26,0.097,0.097,0.0277777777777778,0.0277777777777778,0.0508464416486066,0.542644359758911,0,0,NaN,NaN,NaN,NaN,0.0654688097971679,0.119999999999999,0.120000000000001,0.120000000000001,NaN,NaN,6000,1110,1110,0,0,2896,2894,2,0,0,0,0,0,0,2,0.0018018018018018,0,4880,0,0,1,32,32,0,0,0,0,0,0,0,0.215130388848462,0,0,0,0,0,0,0,0,0,0,0.318037333333331,3.40991999999997,0,0,0,0,0.763289599999994,92.5,241.166666666667,0,0.0100428932579648,0.0190264670587895,NaN,NaN,0.999464615983646,2896,0,0,0,0,0,0.5184083,0,880992,0,410907079,0,39130969950,tdma,candidate-elcs,none,edge-leased-certified-scheduling,none,continuous-elcs-replay,NaN,50,NaN,9.25,8.91666666666667,NaN,NaN,NaN,NaN,NaN,NaN,NaN,NaN,1110,NaN,NaN,NaN,0,0,1,2,NaN,NaN,NaN,NaN,NaN,0,0,NaN,0,0,0.318037333333331,1110,nominal,full,1,0,1950784306654,0,0,0,0,0,0,0,0,1,0,0,0,0,0,0,1.04138871794872,1,0,NaN,NaN,10,0,0,0,1,691995659992,1110,1110,0.00146005840233609,0.00453205840233609,Inf,1.11022302462516e-16,0.00025,40,32.7335071012843,1,candidate-elcs,397,0.406528000000003,0.0338773333333336,0.318037333333331,1,4663419959,113149649001,1800674,1560297392,1110,1110,0,0,2,1,2894,0,2,2894,0,2,1,0,1,0.000984478269415945,1.11022302462516e-16,1,0,0,0,10,455,176,279,930,0,1409,0.982966643009226,NaN,NaN
event-driven-candidate-targeted-frontier-falsification,16052012,n5-6dof-zero-loss,N5 6-DOF zero-loss,EXP22G targeted frontier,periodic-cost-match,1,19.1122222222221,periodic,Periodic static TDMA / ELCS cost match,none,5,ring2,6dof,tdma,1,1,0,1,0.48,0.29,0.29,0.0476190476190476,0.0476190476190476,0.0303826163199132,0.558743988407036,0,0,10.1677525658531,12.2998475019298,0,1.03682078948347,0.041865671641791,0.0689999999999959,0.0800000000000001,0.0800000000000018,NaN,NaN,1145,1145,1145,0,0,2748,2748,0,0,0,0,0,0,0,0,0,0,0,0,0,1,32,32,0,0,0,0,0,0,0,0.293119999999962,0,0,0,0.292146446675963,0.320038044964603,0,0,0,0,0,0.293119999999997,3.51743999999997,0,0,0,0,0.703487999999993,95.4166666666667,229,0,0.0113513948119618,0.0214338714488268,NaN,NaN,1,2748,0,0,0,0,0,1.5414074,0,326576,0,110997400,0,258418623,tdma,periodic-frontier,none,full-mission-static-tdma,none,continuous-local-static-tdma,NaN,19.1122222222221,NaN,19.0833333333333,19.0833333333333,NaN,NaN,NaN,NaN,NaN,NaN,NaN,NaN,1145,NaN,NaN,NaN,0,0,1,0,NaN,NaN,NaN,NaN,NaN,0,0,NaN,0,0,0.293119999999997,1145,nominal,full,0,0,503585015867,0,0,0,0,0,0,0,0,1,0,0,0,0,0,0,NaN,0,0,NaN,NaN,5,1,0,0,1,188833011762,2647,1145,0.00146005840233609,0.00453205840233609,Inf,0,0.00025,40,31.4669199760325,1,periodic-static,0,0,0,0.293119999999997,0,NaN,NaN,NaN,NaN,NaN,NaN,NaN,NaN,NaN,NaN,NaN,NaN,NaN,NaN,NaN,NaN,NaN,NaN,NaN,NaN,NaN,NaN,NaN,NaN,NaN,NaN,NaN,NaN,NaN,NaN,NaN,NaN,NaN,NaN,NaN
event-driven-candidate-targeted-frontier-falsification,16052012,n5-6dof-zero-loss,N5 6-DOF zero-loss,EXP22G targeted frontier,periodic-cost-minus2pct,2,18.7299777777776,periodic,Periodic static TDMA / 2% below ELCS cost,none,5,ring2,6dof,tdma,1,1,0,1,0.48,0.29,0.29,0.0476190476190476,0.0476190476190476,0.030840554083614,0.558539005741473,0,0,10.1432779715412,12.2867169667293,0,1.03681674025436,0.0424792703150912,0.0800000000000001,0.0800000000000001,0.0800000000000018,NaN,NaN,1125,1125,1125,0,0,2700,2700,0,0,0,0,0,0,0,0,0,0,0,0,0,1,32,32,0,0,0,0,0,0,0,0.287999999999964,0,0,0,0.286052524129897,0.315573237164896,0,0,0,0,0,0.287999999999997,3.45599999999997,0,0,0,0,0.691199999999993,93.75,225,0,0.0113138776938627,0.0214836989313095,NaN,NaN,1,2700,0,0,0,0,0,1.6525049,0,326576,0,110997400,0,258466886,tdma,periodic-frontier,none,full-mission-static-tdma,none,continuous-local-static-tdma,NaN,18.7299777777776,NaN,18.75,18.75,NaN,NaN,NaN,NaN,NaN,NaN,NaN,NaN,1125,NaN,NaN,NaN,0,0,1,0,NaN,NaN,NaN,NaN,NaN,0,0,NaN,0,0,0.287999999999997,1125,nominal,full,0,0,503585015867,0,0,0,0,0,0,0,0,1,0,0,0,0,0,0,NaN,0,0,NaN,NaN,5,1,0,0,1,188833011762,2647,1125,0.00146005840233609,0.00453205840233609,Inf,0,0.00025,40,31.4669199760325,1,periodic-static,0,0,0,0.287999999999997,0,NaN,NaN,NaN,NaN,NaN,NaN,NaN,NaN,NaN,NaN,NaN,NaN,NaN,NaN,NaN,NaN,NaN,NaN,NaN,NaN,NaN,NaN,NaN,NaN,NaN,NaN,NaN,NaN,NaN,NaN,NaN,NaN,NaN,NaN,NaN
event-driven-candidate-targeted-frontier-falsification,16052012,n5-6dof-zero-loss,N5 6-DOF zero-loss,EXP22G targeted frontier,elcs-f-mission-affine,3,50,periodic,ELCS-F / mission affine clock,none,5,ring2,6dof,tdma,1,1,0,1,0.48,0.29,0.29,0.0476190476190476,0.0476190476190476,0.030108049327357,0.559407661972403,0,0,10.1743676674889,12.339175323307,0,1.03685899020932,0.0409286898839139,0.0600000000000005,0.0600000000000005,0.0600000000000005,NaN,NaN,3000,1053,1052,0,0,2528,2524,4,0,0,0,0,0,0,2,0.00189933523266857,0,1944,0,0,1,32,32,0,0,0,0,0,0,0,0.293208158996744,0,0,0,0,0,0,0,0,0,0,0.293461333333331,3.23481599999997,0,0,0,0,0.704307199999994,87.6666666666667,210.333333333333,0,0.00999524022559883,0.0189655783675867,NaN,NaN,0.999976507368554,2528,0,0,0,0,0,0.3938762,0,326576,0,110997400,0,16583686292,tdma,candidate-elcs,none,edge-leased-certified-scheduling,none,continuous-elcs-replay,NaN,50,NaN,17.5333333333333,17.4166666666667,NaN,NaN,NaN,NaN,NaN,NaN,NaN,NaN,1053,NaN,NaN,NaN,0,0,1,2,NaN,NaN,NaN,NaN,NaN,0,0,NaN,0,0,0.293461333333331,1053,nominal,full,1,0,503585015867,0,0,0,0,0,0,0,0,1,0,0,0,0,0,0,0.283554993399736,1,0,NaN,NaN,5,1,0,0,1,188833011762,1053,1053,0.00146005840233609,0.00453205840233609,Inf,4.74338450462408e-20,0.00025,40,31.4669199760325,1,candidate-elcs,280,0.28672,0.0238933333333334,0.293461333333331,1,3747945447,30385783299,1103131,944156707,1053,1053,0,0,2,1,2524,0,4,2524,0,4,1,0,1,0.00103208152008705,4.74338450462408e-20,1,0,0,0,5,213,89,124,310,0,534,0.97940074906367,NaN,NaN
event-driven-candidate-targeted-frontier-falsification,16052012,n10-ring2-zero-loss,N10 ring2 zero-loss,EXP22G targeted frontier,periodic-cost-match,1,10.3799999999999,periodic,Periodic static TDMA / ELCS cost match,none,10,ring2,di,tdma,1,1,0,1,0.26,0.097,0.097,0.0277777777777778,0.0277777777777778,0.0555904332714969,0.536934704774858,0,0,NaN,NaN,NaN,NaN,0.074776119402985,0.120000000000001,0.140000000000001,0.140000000000001,NaN,NaN,1250,1248,1248,0,0,3245,3245,0,0,0,0,0,0,0,0,0,0,0,0,0,1,32,32,0,0,0,0,0,0,0,0.319487999999957,0,0,0,0.317476206057574,0.364049123579087,0,0,0,0,0,0.319487999999997,3.83385599999996,0,0,0,0,0.766771199999992,104,270.416666666667,0,0.0223748575541825,0.0426540451609423,NaN,NaN,0.999989727258719,3245,0,0,0,0,0,1.2504142,0,855612,0,410907079,0,268691768,tdma,periodic-frontier,none,full-mission-static-tdma,none,continuous-local-static-tdma,NaN,10.3799999999999,NaN,10.4,10.3333333333333,NaN,NaN,NaN,NaN,NaN,NaN,NaN,NaN,1248,NaN,NaN,NaN,0,0,1,0,NaN,NaN,NaN,NaN,NaN,0,0,NaN,0,0,0.319487999999997,1248,nominal,full,0,0,1950866781123,0,0,0,0,0,0,0,0,1,0,0,0,0,0,0,NaN,0,0,NaN,NaN,10,1,0,0,1,692185456003,2647,1248,0.00146005840233609,0.00453205840233609,Inf,0,0.00025,40,38.9468401766599,1,periodic-static,0,0,0,0.319487999999997,0,NaN,NaN,NaN,NaN,NaN,NaN,NaN,NaN,NaN,NaN,NaN,NaN,NaN,NaN,NaN,NaN,NaN,NaN,NaN,NaN,NaN,NaN,NaN,NaN,NaN,NaN,NaN,NaN,NaN,NaN,NaN,NaN,NaN,NaN,NaN
event-driven-candidate-targeted-frontier-falsification,16052012,n10-ring2-zero-loss,N10 ring2 zero-loss,EXP22G targeted frontier,periodic-cost-minus2pct,2,10.1723999999999,periodic,Periodic static TDMA / 2% below ELCS cost,none,10,ring2,di,tdma,1,1,0,1,0.26,0.097,0.097,0.0277777777777778,0.0277777777777778,0.0561488906392787,0.536577041981895,0,0,NaN,NaN,NaN,NaN,0.0755759663222351,0.120000000000001,0.140000000000001,0.140000000000001,NaN,NaN,1220,1220,1220,0,0,3172,3172,0,0,0,0,0,0,0,0,0,0,0,0,0,1,32,32,0,0,0,0,0,0,0,0.312319999999959,0,0,0,0.311479384004964,0.353369050986954,0,0,0,0,0,0.312319999999997,3.74783999999996,0,0,0,0,0.749567999999993,101.666666666667,264.333333333333,0,0.0226156375337407,0.0430134115919069,NaN,NaN,1,3172,0,0,0,0,0,1.2299778,0,855612,0,410907079,0,268439479,tdma,periodic-frontier,none,full-mission-static-tdma,none,continuous-local-static-tdma,NaN,10.1723999999999,NaN,10.1666666666667,10.1666666666667,NaN,NaN,NaN,NaN,NaN,NaN,NaN,NaN,1220,NaN,NaN,NaN,0,0,1,0,NaN,NaN,NaN,NaN,NaN,0,0,NaN,0,0,0.312319999999997,1220,nominal,full,0,0,1950866781123,0,0,0,0,0,0,0,0,1,0,0,0,0,0,0,NaN,0,0,NaN,NaN,10,1,0,0,1,692185456003,2647,1220,0.00146005840233609,0.00453205840233609,Inf,0,0.00025,40,38.9468401766599,1,periodic-static,0,0,0,0.312319999999997,0,NaN,NaN,NaN,NaN,NaN,NaN,NaN,NaN,NaN,NaN,NaN,NaN,NaN,NaN,NaN,NaN,NaN,NaN,NaN,NaN,NaN,NaN,NaN,NaN,NaN,NaN,NaN,NaN,NaN,NaN,NaN,NaN,NaN,NaN,NaN
event-driven-candidate-targeted-frontier-falsification,16052012,n10-ring2-zero-loss,N10 ring2 zero-loss,EXP22G targeted frontier,elcs-f-mission-affine,3,50,periodic,ELCS-F / mission affine clock,none,10,ring2,di,tdma,1,1,0,1,0.26,0.097,0.097,0.0277777777777778,0.0277777777777778,0.0508589472952665,0.542597540640376,0,0,NaN,NaN,NaN,NaN,0.0653731343283581,0.119999999999999,0.120000000000001,0.120000000000001,NaN,NaN,6000,1112,1112,0,0,2903,2901,2,0,0,0,0,0,0,2,0.00179856115107914,0,4878,0,0,1,32,32,0,0,0,0,0,0,0,0.219215583514245,0,0,0,0,0,0,0,0,0,0,0.318549333333331,3.41606399999997,0,0,0,0,0.764518399999994,92.6666666666667,241.75,0,0.0100752930305442,0.0189850708936256,NaN,NaN,0.999453613746949,2903,0,0,0,0,0,0.413771,0,855612,0,410907079,0,39116990183,tdma,candidate-elcs,none,edge-leased-certified-scheduling,none,continuous-elcs-replay,NaN,50,NaN,9.26666666666667,8.91666666666667,NaN,NaN,NaN,NaN,NaN,NaN,NaN,NaN,1112,NaN,NaN,NaN,0,0,1,2,NaN,NaN,NaN,NaN,NaN,0,0,NaN,0,0,0.318549333333331,1112,nominal,full,1,0,1950866781123,0,0,0,0,0,0,0,0,1,0,0,0,0,0,0,1.04138871794872,1,0,NaN,NaN,10,0,0,0,1,692185456003,1112,1112,0.00146005840233609,0.00453205840233609,Inf,1.11022302462516e-16,0.00025,40,38.9468401766599,1,candidate-elcs,397,0.406528000000003,0.0338773333333336,0.318549333333331,1,4681408090,113026530565,1800674,1566154680,1112,1112,0,0,2,1,2901,0,2,2901,0,2,1,0,1,0.000512899141646983,1.11022302462516e-16,1,0,0,0,10,455,176,279,930,0,1409,0.982966643009226,NaN,NaN
event-driven-candidate-targeted-frontier-falsification,16052013,n5-6dof-zero-loss,N5 6-DOF zero-loss,EXP22G targeted frontier,periodic-cost-match,1,19.1122222222221,periodic,Periodic static TDMA / ELCS cost match,none,5,ring2,6dof,tdma,1,1,0,1,0.48,0.29,0.29,0.0476190476190476,0.0476190476190476,0.0302727948276879,0.558709859830365,0,0,10.1677525658531,12.2998475019298,0,1.03682094715735,0.0416998341625207,0.0799999999999983,0.0800000000000001,0.0800000000000018,NaN,NaN,1145,1145,1145,0,0,2748,2748,0,0,0,0,0,0,0,0,0,0,0,0,0,1,32,32,0,0,0,0,0,0,0,0.293119999999962,0,0,0,0.293993672566545,0.333050612636177,0,0,0,0,0,0.293119999999997,3.51743999999997,0,0,0,0,0.703487999999993,95.4166666666667,229,0,0.0112134005834999,0.021378826140641,NaN,NaN,1,2748,0,0,0,0,0,1.1078554,0,893448,0,110997400,0,258418625,tdma,periodic-frontier,none,full-mission-static-tdma,none,continuous-local-static-tdma,NaN,19.1122222222221,NaN,19.0833333333333,19.0833333333333,NaN,NaN,NaN,NaN,NaN,NaN,NaN,NaN,1145,NaN,NaN,NaN,0,0,1,0,NaN,NaN,NaN,NaN,NaN,0,0,NaN,0,0,0.293119999999997,1145,nominal,full,0,0,503063656368,0,0,0,0,0,0,0,0,1,0,0,0,0,0,0,NaN,0,0,NaN,NaN,5,1,0,0,1,189097979515,2648,1145,0.00146005840233609,0.00453205840233609,Inf,8.67361737988404e-19,0.00025,40,23.8321504863508,1,periodic-static,0,0,0,0.293119999999997,0,NaN,NaN,NaN,NaN,NaN,NaN,NaN,NaN,NaN,NaN,NaN,NaN,NaN,NaN,NaN,NaN,NaN,NaN,NaN,NaN,NaN,NaN,NaN,NaN,NaN,NaN,NaN,NaN,NaN,NaN,NaN,NaN,NaN,NaN,NaN
event-driven-candidate-targeted-frontier-falsification,16052013,n5-6dof-zero-loss,N5 6-DOF zero-loss,EXP22G targeted frontier,periodic-cost-minus2pct,2,18.7299777777776,periodic,Periodic static TDMA / 2% below ELCS cost,none,5,ring2,6dof,tdma,1,1,0,1,0.48,0.29,0.29,0.0476190476190476,0.0476190476190476,0.0307674347561257,0.558430570465382,0,0,10.1432779715412,12.2867169667293,0,1.03681491532928,0.0423300165837479,0.0800000000000001,0.0800000000000001,0.0800000000000018,NaN,NaN,1125,1125,1125,0,0,2700,2700,0,0,0,0,0,0,0,0,0,0,0,0,0,1,32,32,0,0,0,0,0,0,0,0.287999999999963,0,0,0,0.286981321892034,0.3235372119239,0,0,0,0,0,0.287999999999997,3.45599999999997,0,0,0,0,0.691199999999993,93.75,225,0,0.0112732024287296,0.0214691784765029,NaN,NaN,1,2700,0,0,0,0,0,1.2177345,0,893448,0,110997400,0,258466888,tdma,periodic-frontier,none,full-mission-static-tdma,none,continuous-local-static-tdma,NaN,18.7299777777776,NaN,18.75,18.75,NaN,NaN,NaN,NaN,NaN,NaN,NaN,NaN,1125,NaN,NaN,NaN,0,0,1,0,NaN,NaN,NaN,NaN,NaN,0,0,NaN,0,0,0.287999999999997,1125,nominal,full,0,0,503063656368,0,0,0,0,0,0,0,0,1,0,0,0,0,0,0,NaN,0,0,NaN,NaN,5,1,0,0,1,189097979515,2648,1125,0.00146005840233609,0.00453205840233609,Inf,8.67361737988404e-19,0.00025,40,23.8321504863508,1,periodic-static,0,0,0,0.287999999999997,0,NaN,NaN,NaN,NaN,NaN,NaN,NaN,NaN,NaN,NaN,NaN,NaN,NaN,NaN,NaN,NaN,NaN,NaN,NaN,NaN,NaN,NaN,NaN,NaN,NaN,NaN,NaN,NaN,NaN,NaN,NaN,NaN,NaN,NaN,NaN
event-driven-candidate-targeted-frontier-falsification,16052013,n5-6dof-zero-loss,N5 6-DOF zero-loss,EXP22G targeted frontier,elcs-f-mission-affine,3,50,periodic,ELCS-F / mission affine clock,none,5,ring2,6dof,tdma,1,1,0,1,0.48,0.29,0.29,0.0476190476190476,0.0476190476190476,0.0301229153865331,0.559336728490089,0,0,10.073788509863,12.30790599305,0,1.03684117615169,0.0408457711442787,0.0600000000000005,0.0600000000000005,0.0600000000000005,NaN,NaN,3000,1053,1053,0,0,2526,2526,0,0,0,0,0,0,0,0,0,0,1944,0,0,1,32,32,0,0,0,0,0,0,0,0.293236177454655,0,0,0,0,0,0,0,0,0,0,0.293461333333331,3.23481599999997,0,0,0,0,0.704307199999994,87.75,210.5,0,0.00997977112043045,0.0189338691500755,NaN,NaN,0.999949497910025,2526,0,0,0,0,0,0.3290009,0,893448,0,110997400,0,16609287446,tdma,candidate-elcs,none,edge-leased-certified-scheduling,none,continuous-elcs-replay,NaN,50,NaN,17.55,17.3333333333333,NaN,NaN,NaN,NaN,NaN,NaN,NaN,NaN,1053,NaN,NaN,NaN,0,0,1,0,NaN,NaN,NaN,NaN,NaN,0,0,NaN,0,0,0.293461333333331,1053,nominal,full,1,0,503063656368,0,0,0,0,0,0,0,0,1,0,0,0,0,0,0,0.283554993399736,1,0,NaN,NaN,5,1,0,0,1,189097979515,1053,1053,0.00146005840233609,0.00453205840233609,Inf,1.11022302462516e-16,0.00025,40,23.8321504863508,1,candidate-elcs,280,0.28672,0.0238933333333334,0.293461333333331,1,3722215034,30450650117,1103131,944142900,1053,1053,0,0,0,1,2526,0,0,2526,0,0,1,0,1,0.000809437212719644,1.11022302462516e-16,1,0,0,0,5,213,89,124,310,0,534,0.97940074906367,NaN,NaN
event-driven-candidate-targeted-frontier-falsification,16052013,n10-ring2-zero-loss,N10 ring2 zero-loss,EXP22G targeted frontier,periodic-cost-match,1,10.3799999999999,periodic,Periodic static TDMA / ELCS cost match,none,10,ring2,di,tdma,1,1,0,1,0.26,0.097,0.097,0.0277777777777778,0.0277777777777778,0.0557655466726673,0.536714431251106,0,0,NaN,NaN,NaN,NaN,0.0749980864906237,0.120000000000001,0.140000000000001,0.140000000000001,NaN,NaN,1250,1249,1249,0,0,3248,3248,0,0,0,0,0,0,0,0,0,0,0,0,0,1,32,32,0,0,0,0,0,0,0,0.319743999999959,0,0,0,0.317016599027341,0.363527404969986,0,0,0,0,0,0.319743999999997,3.83692799999996,0,0,0,0,0.767385599999992,104.083333333333,270.666666666667,0,0.0225127973553719,0.0426990801040125,NaN,NaN,0.999994230806213,3248,0,0,0,0,0,1.2559788,0,900103,0,410907079,0,268691770,tdma,periodic-frontier,none,full-mission-static-tdma,none,continuous-local-static-tdma,NaN,10.3799999999999,NaN,10.4083333333333,10.3333333333333,NaN,NaN,NaN,NaN,NaN,NaN,NaN,NaN,1249,NaN,NaN,NaN,0,0,1,0,NaN,NaN,NaN,NaN,NaN,0,0,NaN,0,0,0.319743999999997,1249,nominal,full,0,0,1951129821555,0,0,0,0,0,0,0,0,1,0,0,0,0,0,0,NaN,0,0,NaN,NaN,10,1,0,0,1,692380873479,2648,1249,0.00146005840233609,0.00453205840233609,Inf,0,0.00025,40,39.9744369394292,1,periodic-static,0,0,0,0.319743999999997,0,NaN,NaN,NaN,NaN,NaN,NaN,NaN,NaN,NaN,NaN,NaN,NaN,NaN,NaN,NaN,NaN,NaN,NaN,NaN,NaN,NaN,NaN,NaN,NaN,NaN,NaN,NaN,NaN,NaN,NaN,NaN,NaN,NaN,NaN,NaN
event-driven-candidate-targeted-frontier-falsification,16052013,n10-ring2-zero-loss,N10 ring2 zero-loss,EXP22G targeted frontier,periodic-cost-minus2pct,2,10.1723999999999,periodic,Periodic static TDMA / 2% below ELCS cost,none,10,ring2,di,tdma,1,1,0,1,0.26,0.097,0.097,0.0277777777777778,0.0277777777777778,0.0561148481778585,0.536645411603948,0,0,NaN,NaN,NaN,NaN,0.0755568312284731,0.120000000000001,0.140000000000001,0.140000000000001,NaN,NaN,1220,1220,1220,0,0,3172,3172,0,0,0,0,0,0,0,0,0,0,0,0,0,1,32,32,0,0,0,0,0,0,0,0.31231999999996,0,0,0,0.310935890673864,0.356542476039167,0,0,0,0,0,0.312319999999997,3.74783999999996,0,0,0,0,0.749567999999993,101.666666666667,264.333333333333,0,0.022747328732774,0.0430675195721947,NaN,NaN,1,3172,0,0,0,0,0,1.197996,0,900103,0,410907079,0,268439481,tdma,periodic-frontier,none,full-mission-static-tdma,none,continuous-local-static-tdma,NaN,10.1723999999999,NaN,10.1666666666667,10.1666666666667,NaN,NaN,NaN,NaN,NaN,NaN,NaN,NaN,1220,NaN,NaN,NaN,0,0,1,0,NaN,NaN,NaN,NaN,NaN,0,0,NaN,0,0,0.312319999999997,1220,nominal,full,0,0,1951129821555,0,0,0,0,0,0,0,0,1,0,0,0,0,0,0,NaN,0,0,NaN,NaN,10,1,0,0,1,692380873479,2648,1220,0.00146005840233609,0.00453205840233609,Inf,0,0.00025,40,39.9744369394292,1,periodic-static,0,0,0,0.312319999999997,0,NaN,NaN,NaN,NaN,NaN,NaN,NaN,NaN,NaN,NaN,NaN,NaN,NaN,NaN,NaN,NaN,NaN,NaN,NaN,NaN,NaN,NaN,NaN,NaN,NaN,NaN,NaN,NaN,NaN,NaN,NaN,NaN,NaN,NaN,NaN
event-driven-candidate-targeted-frontier-falsification,16052013,n10-ring2-zero-loss,N10 ring2 zero-loss,EXP22G targeted frontier,elcs-f-mission-affine,3,50,periodic,ELCS-F / mission affine clock,none,10,ring2,di,tdma,1,1,0,1,0.26,0.097,0.097,0.0277777777777778,0.0277777777777778,0.0508123984261357,0.542908270001108,0,0,NaN,NaN,NaN,NaN,0.0655453501722157,0.119999999999999,0.120000000000001,0.120000000000001,NaN,NaN,6000,1112,1112,0,0,2902,2898,4,0,0,0,0,0,0,2,0.00179856115107914,0,4878,0,0,1,32,32,0,0,0,0,0,0,0,0.215256395267922,0,0,0,0,0,0,0,0,0,0,0.318549333333331,3.41606399999997,0,0,0,0,0.764518399999994,92.6666666666667,241.5,0,0.0100276197144535,0.0190190245024541,NaN,NaN,0.999502085421449,2902,0,0,0,0,0,0.4061782,0,900103,0,410907079,0,39126996655,tdma,candidate-elcs,none,edge-leased-certified-scheduling,none,continuous-elcs-replay,NaN,50,NaN,9.26666666666667,8.91666666666667,NaN,NaN,NaN,NaN,NaN,NaN,NaN,NaN,1112,NaN,NaN,NaN,0,0,1,2,NaN,NaN,NaN,NaN,NaN,0,0,NaN,0,0,0.318549333333331,1112,nominal,full,1,0,1951129821555,0,0,0,0,0,0,0,0,1,0,0,0,0,0,0,1.04138871794872,1,0,NaN,NaN,10,0,0,0,1,692380873479,1112,1112,0.00146005840233609,0.00453205840233609,Inf,1.11022302462516e-16,0.00025,40,39.9744369394292,1,candidate-elcs,397,0.406528000000003,0.0338773333333336,0.318549333333331,1,4714006347,113346157418,1800674,1566170407,1112,1112,0,0,2,1,2898,0,4,2898,0,4,1,0,1,0.000838869963036615,1.11022302462516e-16,1,0,0,0,10,455,176,279,930,0,1409,0.982966643009226,NaN,NaN
event-driven-candidate-targeted-frontier-falsification,16052014,n5-6dof-zero-loss,N5 6-DOF zero-loss,EXP22G targeted frontier,periodic-cost-match,1,19.1122222222221,periodic,Periodic static TDMA / ELCS cost match,none,5,ring2,6dof,tdma,1,1,0,1,0.48,0.29,0.29,0.0476190476190476,0.0476190476190476,0.0303229325952121,0.558719790115143,0,0,10.1677525658531,12.2998475019298,0,1.03682067244646,0.0418407960199005,0.0799999999999983,0.0800000000000001,0.0800000000000018,NaN,NaN,1145,1145,1145,0,0,2748,2748,0,0,0,0,0,0,0,0,0,0,0,0,0,1,32,32,0,0,0,0,0,0,0,0.293119999999963,0,0,0,0.293422648891111,0.325857561236893,0,0,0,0,0,0.293119999999997,3.51743999999997,0,0,0,0,0.703487999999993,95.4166666666667,229,0,0.0113468945631828,0.0214383518233991,NaN,NaN,1,2748,0,0,0,0,0,1.1467412,0,236146,0,110997400,0,258418627,tdma,periodic-frontier,none,full-mission-static-tdma,none,continuous-local-static-tdma,NaN,19.1122222222221,NaN,19.0833333333333,19.0833333333333,NaN,NaN,NaN,NaN,NaN,NaN,NaN,NaN,1145,NaN,NaN,NaN,0,0,1,0,NaN,NaN,NaN,NaN,NaN,0,0,NaN,0,0,0.293119999999997,1145,nominal,full,0,0,503788578692,0,0,0,0,0,0,0,0,1,0,0,0,0,0,0,NaN,0,0,NaN,NaN,5,1,0,0,1,188885424975,2648,1145,0.00146005840233609,0.00453205840233609,Inf,0,0.00025,40,26.8031841336501,1,periodic-static,0,0,0,0.293119999999997,0,NaN,NaN,NaN,NaN,NaN,NaN,NaN,NaN,NaN,NaN,NaN,NaN,NaN,NaN,NaN,NaN,NaN,NaN,NaN,NaN,NaN,NaN,NaN,NaN,NaN,NaN,NaN,NaN,NaN,NaN,NaN,NaN,NaN,NaN,NaN
event-driven-candidate-targeted-frontier-falsification,16052014,n5-6dof-zero-loss,N5 6-DOF zero-loss,EXP22G targeted frontier,periodic-cost-minus2pct,2,18.7299777777776,periodic,Periodic static TDMA / 2% below ELCS cost,none,5,ring2,6dof,tdma,1,1,0,1,0.48,0.29,0.29,0.0476190476190476,0.0476190476190476,0.0308151621688466,0.558509744842355,0,0,10.1432779715412,12.2867169667293,0,1.03681661027437,0.0425207296849088,0.0800000000000001,0.0800000000000001,0.0800000000000018,NaN,NaN,1125,1125,1125,0,0,2700,2700,0,0,0,0,0,0,0,0,0,0,0,0,0,1,32,32,0,0,0,0,0,0,0,0.287999999999964,0,0,0,0.286054676088412,0.317281747791338,0,0,0,0,0,0.287999999999997,3.45599999999997,0,0,0,0,0.691199999999993,93.75,225,0,0.0113298578151052,0.0215337955108886,NaN,NaN,1,2700,0,0,0,0,0,1.0934172,0,236146,0,110997400,0,258466890,tdma,periodic-frontier,none,full-mission-static-tdma,none,continuous-local-static-tdma,NaN,18.7299777777776,NaN,18.75,18.75,NaN,NaN,NaN,NaN,NaN,NaN,NaN,NaN,1125,NaN,NaN,NaN,0,0,1,0,NaN,NaN,NaN,NaN,NaN,0,0,NaN,0,0,0.287999999999997,1125,nominal,full,0,0,503788578692,0,0,0,0,0,0,0,0,1,0,0,0,0,0,0,NaN,0,0,NaN,NaN,5,1,0,0,1,188885424975,2648,1125,0.00146005840233609,0.00453205840233609,Inf,0,0.00025,40,26.8031841336501,1,periodic-static,0,0,0,0.287999999999997,0,NaN,NaN,NaN,NaN,NaN,NaN,NaN,NaN,NaN,NaN,NaN,NaN,NaN,NaN,NaN,NaN,NaN,NaN,NaN,NaN,NaN,NaN,NaN,NaN,NaN,NaN,NaN,NaN,NaN,NaN,NaN,NaN,NaN,NaN,NaN
event-driven-candidate-targeted-frontier-falsification,16052014,n5-6dof-zero-loss,N5 6-DOF zero-loss,EXP22G targeted frontier,elcs-f-mission-affine,3,50,periodic,ELCS-F / mission affine clock,none,5,ring2,6dof,tdma,1,1,0,1,0.48,0.29,0.29,0.0476190476190476,0.0476190476190476,0.0301210248702412,0.559445352753854,0,0,10.1407089503983,12.3113197555864,0,1.03684074734601,0.0409286898839139,0.0600000000000005,0.0600000000000005,0.0600000000000005,NaN,NaN,3000,1055,1054,0,0,2533,2529,4,0,0,0,0,0,0,2,0.0018957345971564,0,1942,0,0,1,32,32,0,0,0,0,0,0,0,0.293739877160033,0,0,0,0,0,0,0,0,0,0,0.293973333333331,3.24095999999997,0,0,0,0,0.705535999999994,87.8333333333333,210.75,0,0.00996889384161372,0.0189341902719225,NaN,NaN,0.999987397945865,2533,0,0,0,0,0,0.3254564,0,236146,0,110997400,0,16613597355,tdma,candidate-elcs,none,edge-leased-certified-scheduling,none,continuous-elcs-replay,NaN,50,NaN,17.5666666666667,17.5,NaN,NaN,NaN,NaN,NaN,NaN,NaN,NaN,1055,NaN,NaN,NaN,0,0,1,2,NaN,NaN,NaN,NaN,NaN,0,0,NaN,0,0,0.293973333333331,1055,nominal,full,1,0,503788578692,0,0,0,0,0,0,0,0,1,0,0,0,0,0,0,0.283554993399736,1,0,NaN,NaN,5,1,0,0,1,188885424975,1055,1055,0.00146005840233609,0.00453205840233609,Inf,1.6940658945086e-20,0.00025,40,26.8031841336501,1,candidate-elcs,280,0.28672,0.0238933333333334,0.293973333333331,1,3734554247,30464850384,1103131,948133161,1055,1055,0,0,2,1,2529,0,4,2529,0,4,1,0,1,0.0011401862137032,1.6940658945086e-20,1,0,0,0,5,213,89,124,310,0,534,0.97940074906367,NaN,NaN
event-driven-candidate-targeted-frontier-falsification,16052014,n10-ring2-zero-loss,N10 ring2 zero-loss,EXP22G targeted frontier,periodic-cost-match,1,10.3799999999999,periodic,Periodic static TDMA / ELCS cost match,none,10,ring2,di,tdma,1,1,0,1,0.26,0.097,0.097,0.0277777777777778,0.0277777777777778,0.0557450428521042,0.536991912648193,0,0,NaN,NaN,NaN,NaN,0.0751014159969383,0.120000000000001,0.140000000000001,0.140000000000001,NaN,NaN,1250,1249,1249,0,0,3248,3248,0,0,0,0,0,0,0,0,0,0,0,0,0,1,32,32,0,0,0,0,0,0,0,0.319743999999958,0,0,0,0.317914503394456,0.36635282355506,0,0,0,0,0,0.319743999999997,3.83692799999996,0,0,0,0,0.767385599999992,104.083333333333,270.666666666667,0,0.0226305298364121,0.042794511870868,NaN,NaN,0.999994230806213,3248,0,0,0,0,0,1.196379,0,524928,0,410907079,0,268691772,tdma,periodic-frontier,none,full-mission-static-tdma,none,continuous-local-static-tdma,NaN,10.3799999999999,NaN,10.4083333333333,10.3333333333333,NaN,NaN,NaN,NaN,NaN,NaN,NaN,NaN,1249,NaN,NaN,NaN,0,0,1,0,NaN,NaN,NaN,NaN,NaN,0,0,NaN,0,0,0.319743999999997,1249,nominal,full,0,0,1950627165523,0,0,0,0,0,0,0,0,1,0,0,0,0,0,0,NaN,0,0,NaN,NaN,10,1,0,0,1,692018853710,2648,1249,0.00146005840233609,0.00453205840233609,Inf,0,0.00025,40,39.5433023009118,1,periodic-static,0,0,0,0.319743999999997,0,NaN,NaN,NaN,NaN,NaN,NaN,NaN,NaN,NaN,NaN,NaN,NaN,NaN,NaN,NaN,NaN,NaN,NaN,NaN,NaN,NaN,NaN,NaN,NaN,NaN,NaN,NaN,NaN,NaN,NaN,NaN,NaN,NaN,NaN,NaN
event-driven-candidate-targeted-frontier-falsification,16052014,n10-ring2-zero-loss,N10 ring2 zero-loss,EXP22G targeted frontier,periodic-cost-minus2pct,2,10.1723999999999,periodic,Periodic static TDMA / 2% below ELCS cost,none,10,ring2,di,tdma,1,1,0,1,0.26,0.097,0.097,0.0277777777777778,0.0277777777777778,0.0561934984948579,0.536595189416506,0,0,NaN,NaN,NaN,NaN,0.0757290470723307,0.120000000000001,0.140000000000001,0.140000000000001,NaN,NaN,1220,1220,1220,0,0,3172,3172,0,0,0,0,0,0,0,0,0,0,0,0,0,1,32,32,0,0,0,0,0,0,0,0.31231999999996,0,0,0,0.312730797621731,0.355007317666248,0,0,0,0,0,0.312319999999997,3.74783999999996,0,0,0,0,0.749567999999993,101.666666666667,264.333333333333,0,0.022680344382733,0.043109208194785,NaN,NaN,1,3172,0,0,0,0,0,1.2046906,0,524928,0,410907079,0,268439483,tdma,periodic-frontier,none,full-mission-static-tdma,none,continuous-local-static-tdma,NaN,10.1723999999999,NaN,10.1666666666667,10.1666666666667,NaN,NaN,NaN,NaN,NaN,NaN,NaN,NaN,1220,NaN,NaN,NaN,0,0,1,0,NaN,NaN,NaN,NaN,NaN,0,0,NaN,0,0,0.312319999999997,1220,nominal,full,0,0,1950627165523,0,0,0,0,0,0,0,0,1,0,0,0,0,0,0,NaN,0,0,NaN,NaN,10,1,0,0,1,692018853710,2648,1220,0.00146005840233609,0.00453205840233609,Inf,0,0.00025,40,39.5433023009118,1,periodic-static,0,0,0,0.312319999999997,0,NaN,NaN,NaN,NaN,NaN,NaN,NaN,NaN,NaN,NaN,NaN,NaN,NaN,NaN,NaN,NaN,NaN,NaN,NaN,NaN,NaN,NaN,NaN,NaN,NaN,NaN,NaN,NaN,NaN,NaN,NaN,NaN,NaN,NaN,NaN
event-driven-candidate-targeted-frontier-falsification,16052014,n10-ring2-zero-loss,N10 ring2 zero-loss,EXP22G targeted frontier,elcs-f-mission-affine,3,50,periodic,ELCS-F / mission affine clock,none,10,ring2,di,tdma,1,1,0,1,0.26,0.097,0.097,0.0277777777777778,0.0277777777777778,0.0509091531023503,0.542514818884533,0,0,NaN,NaN,NaN,NaN,0.0655644852659777,0.119999999999999,0.120000000000001,0.120000000000001,NaN,NaN,6000,1113,1113,0,0,2904,2900,4,0,0,0,0,0,0,2,0.00179694519317161,0,4877,0,0,1,32,32,0,0,0,0,0,0,0,0.214616746533543,0,0,0,0,0,0,0,0,0,0,0.318805333333331,3.41913599999997,0,0,0,0,0.765132799999994,92.75,241.666666666667,0,0.0100502343179491,0.0190031106940006,NaN,NaN,0.999611862013315,2904,0,0,0,0,0,0.4250592,0,524928,0,410907079,0,39139040561,tdma,candidate-elcs,none,edge-leased-certified-scheduling,none,continuous-elcs-replay,NaN,50,NaN,9.275,9,NaN,NaN,NaN,NaN,NaN,NaN,NaN,NaN,1113,NaN,NaN,NaN,0,0,1,2,NaN,NaN,NaN,NaN,NaN,0,0,NaN,0,0,0.318805333333331,1113,nominal,full,1,0,1950627165523,0,0,0,0,0,0,0,0,1,0,0,0,0,0,0,1.04138871794872,1,0,NaN,NaN,10,0,0,0,1,692018853710,1113,1113,0.00146005840233609,0.00453205840233609,Inf,4.06575814682064e-20,0.00025,40,39.5433023009118,1,candidate-elcs,397,0.406528000000003,0.0338773333333336,0.318805333333331,1,4700020780,113520343924,1800674,1569102508,1113,1113,0,0,2,1,2900,0,4,2900,0,4,1,0,1,0.000591837567462505,4.06575814682064e-20,1,0,0,0,10,455,176,279,930,0,1409,0.982966643009226,NaN,NaN
event-driven-candidate-targeted-frontier-falsification,16052015,n5-6dof-zero-loss,N5 6-DOF zero-loss,EXP22G targeted frontier,periodic-cost-match,1,19.1122222222221,periodic,Periodic static TDMA / ELCS cost match,none,5,ring2,6dof,tdma,1,1,0,1,0.48,0.29,0.29,0.0476190476190476,0.0476190476190476,0.0303948698409565,0.55873130206825,0,0,10.1677525658531,12.2998475019298,0,1.03682110229379,0.0418905472636816,0.0799999999999983,0.0800000000000001,0.0800000000000018,NaN,NaN,1145,1145,1145,0,0,2748,2748,0,0,0,0,0,0,0,0,0,0,0,0,0,1,32,32,0,0,0,0,0,0,0,0.293119999999964,0,0,0,0.290669823612264,0.318998670290119,0,0,0,0,0,0.293119999999997,3.51743999999997,0,0,0,0,0.703487999999993,95.4166666666667,229,0,0.0113431857431059,0.0214431613839551,NaN,NaN,1,2748,0,0,0,0,0,1.0961738,0,641542,0,110997400,0,258418629,tdma,periodic-frontier,none,full-mission-static-tdma,none,continuous-local-static-tdma,NaN,19.1122222222221,NaN,19.0833333333333,19.0833333333333,NaN,NaN,NaN,NaN,NaN,NaN,NaN,NaN,1145,NaN,NaN,NaN,0,0,1,0,NaN,NaN,NaN,NaN,NaN,0,0,NaN,0,0,0.293119999999997,1145,nominal,full,0,0,503610211630,0,0,0,0,0,0,0,0,1,0,0,0,0,0,0,NaN,0,0,NaN,NaN,5,1,0,0,1,189035451254,2647,1145,0.00146005840233609,0.00453205840233609,Inf,0,0.00025,40,34.9114361799377,1,periodic-static,0,0,0,0.293119999999997,0,NaN,NaN,NaN,NaN,NaN,NaN,NaN,NaN,NaN,NaN,NaN,NaN,NaN,NaN,NaN,NaN,NaN,NaN,NaN,NaN,NaN,NaN,NaN,NaN,NaN,NaN,NaN,NaN,NaN,NaN,NaN,NaN,NaN,NaN,NaN
event-driven-candidate-targeted-frontier-falsification,16052015,n5-6dof-zero-loss,N5 6-DOF zero-loss,EXP22G targeted frontier,periodic-cost-minus2pct,2,18.7299777777776,periodic,Periodic static TDMA / 2% below ELCS cost,none,5,ring2,6dof,tdma,1,1,0,1,0.48,0.29,0.29,0.0476190476190476,0.0476190476190476,0.0308205704049504,0.558537018188241,0,0,10.1432779715412,12.2867169667293,0,1.03681576822134,0.0424958540630183,0.0800000000000001,0.0800000000000001,0.0800000000000018,NaN,NaN,1125,1125,1125,0,0,2700,2700,0,0,0,0,0,0,0,0,0,0,0,0,0,1,32,32,0,0,0,0,0,0,0,0.287999999999964,0,0,0,0.286476664484998,0.321633425883053,0,0,0,0,0,0.287999999999997,3.45599999999997,0,0,0,0,0.691199999999993,93.75,225,0,0.0113069038253445,0.0214955150207711,NaN,NaN,1,2700,0,0,0,0,0,1.094127,0,641542,0,110997400,0,258466892,tdma,periodic-frontier,none,full-mission-static-tdma,none,continuous-local-static-tdma,NaN,18.7299777777776,NaN,18.75,18.75,NaN,NaN,NaN,NaN,NaN,NaN,NaN,NaN,1125,NaN,NaN,NaN,0,0,1,0,NaN,NaN,NaN,NaN,NaN,0,0,NaN,0,0,0.287999999999997,1125,nominal,full,0,0,503610211630,0,0,0,0,0,0,0,0,1,0,0,0,0,0,0,NaN,0,0,NaN,NaN,5,1,0,0,1,189035451254,2647,1125,0.00146005840233609,0.00453205840233609,Inf,0,0.00025,40,34.9114361799377,1,periodic-static,0,0,0,0.287999999999997,0,NaN,NaN,NaN,NaN,NaN,NaN,NaN,NaN,NaN,NaN,NaN,NaN,NaN,NaN,NaN,NaN,NaN,NaN,NaN,NaN,NaN,NaN,NaN,NaN,NaN,NaN,NaN,NaN,NaN,NaN,NaN,NaN,NaN,NaN,NaN
event-driven-candidate-targeted-frontier-falsification,16052015,n5-6dof-zero-loss,N5 6-DOF zero-loss,EXP22G targeted frontier,elcs-f-mission-affine,3,50,periodic,ELCS-F / mission affine clock,none,5,ring2,6dof,tdma,1,1,0,1,0.48,0.29,0.29,0.0476190476190476,0.0476190476190476,0.0301291596303203,0.559413895758883,0,0,10.0666228378297,12.3390154278912,0,1.03685724032278,0.040995024875622,0.0600000000000005,0.0600000000000005,0.0600000000000005,NaN,NaN,3000,1054,1054,0,0,2529,2527,2,0,0,0,0,0,0,2,0.00189753320683112,0,1943,0,0,1,32,32,0,0,0,0,0,0,0,0.29347301885342,0,0,0,0,0,0,0,0,0,0,0.293717333333331,3.23788799999997,0,0,0,0,0.704921599999994,87.8333333333333,210.583333333333,0,0.0100167037020844,0.0189574629884133,NaN,NaN,0.999969395562357,2529,0,0,0,0,0,0.3179771,0,641542,0,110997400,0,16591062699,tdma,candidate-elcs,none,edge-leased-certified-scheduling,none,continuous-elcs-replay,NaN,50,NaN,17.5666666666667,17.4166666666667,NaN,NaN,NaN,NaN,NaN,NaN,NaN,NaN,1054,NaN,NaN,NaN,0,0,1,2,NaN,NaN,NaN,NaN,NaN,0,0,NaN,0,0,0.293717333333331,1054,nominal,full,1,0,503610211630,0,0,0,0,0,0,0,0,1,0,0,0,0,0,0,0.283554993399736,1,0,NaN,NaN,5,1,0,0,1,189035451254,1054,1054,0.00146005840233609,0.00453205840233609,Inf,2.71050543121376e-20,0.00025,40,34.9114361799377,1,candidate-elcs,280,0.28672,0.0238933333333334,0.293717333333331,1,3739980066,30457027487,1103131,946132622,1054,1054,0,0,2,1,2527,0,2,2527,0,2,1,0,1,0.000786291718050336,2.71050543121376e-20,1,0,0,0,5,213,89,124,310,0,534,0.97940074906367,NaN,NaN
event-driven-candidate-targeted-frontier-falsification,16052015,n10-ring2-zero-loss,N10 ring2 zero-loss,EXP22G targeted frontier,periodic-cost-match,1,10.3799999999999,periodic,Periodic static TDMA / ELCS cost match,none,10,ring2,di,tdma,1,1,0,1,0.26,0.097,0.097,0.0277777777777778,0.0277777777777778,0.0556059400200156,0.536991624362834,0,0,NaN,NaN,NaN,NaN,0.07468809797168,0.120000000000001,0.140000000000001,0.140000000000001,NaN,NaN,1250,1249,1249,0,0,3248,3248,0,0,0,0,0,0,0,0,0,0,0,0,0,1,32,32,0,0,0,0,0,0,0,0.319743999999958,0,0,0,0.31823976512134,0.363921932714496,0,0,0,0,0,0.319743999999997,3.83692799999996,0,0,0,0,0.767385599999992,104.083333333333,270.666666666667,0,0.0223694913302928,0.0426100508584124,NaN,NaN,0.999994230806213,3248,0,0,0,0,0,1.2222852,0,696238,0,410907079,0,268691774,tdma,periodic-frontier,none,full-mission-static-tdma,none,continuous-local-static-tdma,NaN,10.3799999999999,NaN,10.4083333333333,10.3333333333333,NaN,NaN,NaN,NaN,NaN,NaN,NaN,NaN,1249,NaN,NaN,NaN,0,0,1,0,NaN,NaN,NaN,NaN,NaN,0,0,NaN,0,0,0.319743999999997,1249,nominal,full,0,0,1950087736959,0,0,0,0,0,0,0,0,1,0,0,0,0,0,0,NaN,0,0,NaN,NaN,10,1,0,0,1,691692739204,2648,1249,0.00146005840233609,0.00453205840233609,Inf,8.88178419700125e-16,0.00025,40,39.4279838628831,1,periodic-static,0,0,0,0.319743999999997,0,NaN,NaN,NaN,NaN,NaN,NaN,NaN,NaN,NaN,NaN,NaN,NaN,NaN,NaN,NaN,NaN,NaN,NaN,NaN,NaN,NaN,NaN,NaN,NaN,NaN,NaN,NaN,NaN,NaN,NaN,NaN,NaN,NaN,NaN,NaN
event-driven-candidate-targeted-frontier-falsification,16052015,n10-ring2-zero-loss,N10 ring2 zero-loss,EXP22G targeted frontier,periodic-cost-minus2pct,2,10.1723999999999,periodic,Periodic static TDMA / 2% below ELCS cost,none,10,ring2,di,tdma,1,1,0,1,0.26,0.097,0.097,0.0277777777777778,0.0277777777777778,0.0563443212484286,0.536343789449342,0,0,NaN,NaN,NaN,NaN,0.0756907768848068,0.120000000000001,0.140000000000001,0.140000000000001,NaN,NaN,1220,1220,1220,0,0,3172,3172,0,0,0,0,0,0,0,0,0,0,0,0,0,1,32,32,0,0,0,0,0,0,0,0.312319999999959,0,0,0,0.31094410164663,0.35404151392133,0,0,0,0,0,0.312319999999997,3.74783999999996,0,0,0,0,0.749567999999993,101.666666666667,264.333333333333,0,0.022633942415202,0.0430395686564108,NaN,NaN,1,3172,0,0,0,0,0,1.3222169,0,696238,0,410907079,0,268439485,tdma,periodic-frontier,none,full-mission-static-tdma,none,continuous-local-static-tdma,NaN,10.1723999999999,NaN,10.1666666666667,10.1666666666667,NaN,NaN,NaN,NaN,NaN,NaN,NaN,NaN,1220,NaN,NaN,NaN,0,0,1,0,NaN,NaN,NaN,NaN,NaN,0,0,NaN,0,0,0.312319999999997,1220,nominal,full,0,0,1950087736959,0,0,0,0,0,0,0,0,1,0,0,0,0,0,0,NaN,0,0,NaN,NaN,10,1,0,0,1,691692739204,2648,1220,0.00146005840233609,0.00453205840233609,Inf,8.88178419700125e-16,0.00025,40,39.4279838628831,1,periodic-static,0,0,0,0.312319999999997,0,NaN,NaN,NaN,NaN,NaN,NaN,NaN,NaN,NaN,NaN,NaN,NaN,NaN,NaN,NaN,NaN,NaN,NaN,NaN,NaN,NaN,NaN,NaN,NaN,NaN,NaN,NaN,NaN,NaN,NaN,NaN,NaN,NaN,NaN,NaN
event-driven-candidate-targeted-frontier-falsification,16052015,n10-ring2-zero-loss,N10 ring2 zero-loss,EXP22G targeted frontier,elcs-f-mission-affine,3,50,periodic,ELCS-F / mission affine clock,none,10,ring2,di,tdma,1,1,0,1,0.26,0.097,0.097,0.0277777777777778,0.0277777777777778,0.0509382102393347,0.542392654872332,0,0,NaN,NaN,NaN,NaN,0.0652774588595483,0.119999999999999,0.120000000000001,0.120000000000001,NaN,NaN,6000,1112,1112,0,0,2899,2899,0,0,0,0,0,0,0,0,0,0,4878,0,0,1,32,32,0,0,0,0,0,0,0,0.213394152061995,0,0,0,0,0,0,0,0,0,0,0.318549333333331,3.41606399999997,0,0,0,0,0.764518399999994,92.6666666666667,241.583333333333,0,0.0101081335104806,0.019065091365544,NaN,NaN,0.999405146773568,2899,0,0,0,0,0,0.4217164,0,696238,0,410907079,0,39133858655,tdma,candidate-elcs,none,edge-leased-certified-scheduling,none,continuous-elcs-replay,NaN,50,NaN,9.26666666666667,8.91666666666667,NaN,NaN,NaN,NaN,NaN,NaN,NaN,NaN,1112,NaN,NaN,NaN,0,0,1,0,NaN,NaN,NaN,NaN,NaN,0,0,NaN,0,0,0.318549333333331,1112,nominal,full,1,0,1950087736959,0,0,0,0,0,0,0,0,1,0,0,0,0,0,0,1.04138871794872,1,0,NaN,NaN,10,0,0,0,1,691692739204,1112,1112,0.00146005840233609,0.00453205840233609,Inf,5.42101086242752e-20,0.00025,40,39.4279838628831,1,candidate-elcs,397,0.406528000000003,0.0338773333333336,0.318549333333331,1,4675043876,113431418522,1800674,1566146716,1112,1112,0,0,0,1,2899,0,0,2899,0,0,1,0,1,0.000627292790014167,5.42101086242752e-20,1,0,0,0,10,455,176,279,930,0,1409,0.982966643009226,NaN,NaN
event-driven-candidate-targeted-frontier-falsification,16052016,n5-6dof-zero-loss,N5 6-DOF zero-loss,EXP22G targeted frontier,periodic-cost-match,1,19.1122222222221,periodic,Periodic static TDMA / ELCS cost match,none,5,ring2,6dof,tdma,1,1,0,1,0.48,0.29,0.29,0.0476190476190476,0.0476190476190476,0.0304261413011348,0.558762708235924,0,0,10.1677525658531,12.2998475019298,0,1.03682072099466,0.0419651741293532,0.0799999999999983,0.0800000000000001,0.0800000000000018,NaN,NaN,1145,1145,1145,0,0,2748,2748,0,0,0,0,0,0,0,0,0,0,0,0,0,1,32,32,0,0,0,0,0,0,0,0.293119999999963,0,0,0,0.292487434071377,0.323072303622043,0,0,0,0,0,0.293119999999997,3.51743999999997,0,0,0,0,0.703487999999993,95.4166666666667,229,0,0.0114054972636565,0.021502525253617,NaN,NaN,1,2748,0,0,0,0,0,1.1357382,0,926843,0,110997400,0,258418631,tdma,periodic-frontier,none,full-mission-static-tdma,none,continuous-local-static-tdma,NaN,19.1122222222221,NaN,19.0833333333333,19.0833333333333,NaN,NaN,NaN,NaN,NaN,NaN,NaN,NaN,1145,NaN,NaN,NaN,0,0,1,0,NaN,NaN,NaN,NaN,NaN,0,0,NaN,0,0,0.293119999999997,1145,nominal,full,0,0,503633264546,0,0,0,0,0,0,0,0,1,0,0,0,0,0,0,NaN,0,0,NaN,NaN,5,1,0,0,1,188579390754,2647,1145,0.00146005840233609,0.00453205840233609,Inf,2.77555756156289e-17,0.00025,40,38.9103338103644,1,periodic-static,0,0,0,0.293119999999997,0,NaN,NaN,NaN,NaN,NaN,NaN,NaN,NaN,NaN,NaN,NaN,NaN,NaN,NaN,NaN,NaN,NaN,NaN,NaN,NaN,NaN,NaN,NaN,NaN,NaN,NaN,NaN,NaN,NaN,NaN,NaN,NaN,NaN,NaN,NaN
event-driven-candidate-targeted-frontier-falsification,16052016,n5-6dof-zero-loss,N5 6-DOF zero-loss,EXP22G targeted frontier,periodic-cost-minus2pct,2,18.7299777777776,periodic,Periodic static TDMA / 2% below ELCS cost,none,5,ring2,6dof,tdma,1,1,0,1,0.48,0.29,0.29,0.0476190476190476,0.0476190476190476,0.030794166581772,0.558615738210122,0,0,10.1432779715412,12.2867169667293,0,1.03681696769672,0.0425041459369818,0.0800000000000001,0.0800000000000001,0.0800000000000018,NaN,NaN,1125,1125,1125,0,0,2700,2700,0,0,0,0,0,0,0,0,0,0,0,0,0,1,32,32,0,0,0,0,0,0,0,0.287999999999964,0,0,0,0.286451638836115,0.323497825145288,0,0,0,0,0,0.287999999999997,3.45599999999997,0,0,0,0,0.691199999999993,93.75,225,0,0.0113475292783788,0.0215474592975793,NaN,NaN,1,2700,0,0,0,0,0,1.0787425,0,926843,0,110997400,0,258466894,tdma,periodic-frontier,none,full-mission-static-tdma,none,continuous-local-static-tdma,NaN,18.7299777777776,NaN,18.75,18.75,NaN,NaN,NaN,NaN,NaN,NaN,NaN,NaN,1125,NaN,NaN,NaN,0,0,1,0,NaN,NaN,NaN,NaN,NaN,0,0,NaN,0,0,0.287999999999997,1125,nominal,full,0,0,503633264546,0,0,0,0,0,0,0,0,1,0,0,0,0,0,0,NaN,0,0,NaN,NaN,5,1,0,0,1,188579390754,2647,1125,0.00146005840233609,0.00453205840233609,Inf,2.77555756156289e-17,0.00025,40,38.9103338103644,1,periodic-static,0,0,0,0.287999999999997,0,NaN,NaN,NaN,NaN,NaN,NaN,NaN,NaN,NaN,NaN,NaN,NaN,NaN,NaN,NaN,NaN,NaN,NaN,NaN,NaN,NaN,NaN,NaN,NaN,NaN,NaN,NaN,NaN,NaN,NaN,NaN,NaN,NaN,NaN,NaN
event-driven-candidate-targeted-frontier-falsification,16052016,n5-6dof-zero-loss,N5 6-DOF zero-loss,EXP22G targeted frontier,elcs-f-mission-affine,3,50,periodic,ELCS-F / mission affine clock,none,5,ring2,6dof,tdma,1,1,0,1,0.48,0.29,0.29,0.0476190476190476,0.0476190476190476,0.0301223768330972,0.55938994555477,0,0,10.0917764322913,12.3166209448442,0,1.03683972293469,0.0410447761194031,0.0600000000000005,0.0600000000000005,0.0600000000000005,NaN,NaN,3000,1057,1056,0,0,2533,2529,4,0,0,0,0,0,0,4,0.00378429517502365,0,1940,0,0,1,32,32,0,0,0,0,0,0,0,0.293742544157492,0,0,0,0,0,0,0,0,0,0,0.294485333333331,3.24710399999997,0,0,0,0,0.706764799999994,88,210.75,0,0.010051065757031,0.01898346049041,NaN,NaN,0.999987445635116,2533,0,0,0,0,0,0.3354094,0,926843,0,110997400,0,16645135116,tdma,candidate-elcs,none,edge-leased-certified-scheduling,none,continuous-elcs-replay,NaN,50,NaN,17.6,17.5,NaN,NaN,NaN,NaN,NaN,NaN,NaN,NaN,1057,NaN,NaN,NaN,0,0,1,4,NaN,NaN,NaN,NaN,NaN,0,0,NaN,0,0,0.294485333333331,1057,nominal,full,1,0,503633264546,0,0,0,0,0,0,0,0,1,0,0,0,0,0,0,0.283554993399736,1,0,NaN,NaN,5,1,0,0,1,188579390754,1057,1057,0.00146005840233609,0.00453205840233609,Inf,1.35525271560688e-20,0.00025,40,38.9103338103644,1,candidate-elcs,280,0.28672,0.0238933333333334,0.294485333333331,1,3768334454,30351488472,1103131,952080837,1057,1057,0,0,4,1,2529,0,4,2529,0,4,1,0,1,0.00118874294251782,1.35525271560688e-20,1,0,0,0,5,213,89,124,310,0,534,0.97940074906367,NaN,NaN
event-driven-candidate-targeted-frontier-falsification,16052016,n10-ring2-zero-loss,N10 ring2 zero-loss,EXP22G targeted frontier,periodic-cost-match,1,10.3799999999999,periodic,Periodic static TDMA / ELCS cost match,none,10,ring2,di,tdma,1,1,0,1,0.26,0.097,0.097,0.0277777777777778,0.0277777777777778,0.0557771614832738,0.536434469983302,0,0,NaN,NaN,NaN,NaN,0.0748373517030232,0.120000000000001,0.140000000000001,0.140000000000001,NaN,NaN,1250,1249,1249,0,0,3248,3248,0,0,0,0,0,0,0,0,0,0,0,0,0,1,32,32,0,0,0,0,0,0,0,0.319743999999958,0,0,0,0.319538054258762,0.365366069000065,0,0,0,0,0,0.319743999999997,3.83692799999996,0,0,0,0,0.767385599999992,104.083333333333,270.666666666667,0,0.022536113722215,0.0426916824788717,NaN,NaN,0.999994230806213,3248,0,0,0,0,0,1.2097223,0,1832283,0,410907079,0,268691776,tdma,periodic-frontier,none,full-mission-static-tdma,none,continuous-local-static-tdma,NaN,10.3799999999999,NaN,10.4083333333333,10.3333333333333,NaN,NaN,NaN,NaN,NaN,NaN,NaN,NaN,1249,NaN,NaN,NaN,0,0,1,0,NaN,NaN,NaN,NaN,NaN,0,0,NaN,0,0,0.319743999999997,1249,nominal,full,0,0,1950659645050,0,0,0,0,0,0,0,0,1,0,0,0,0,0,0,NaN,0,0,NaN,NaN,10,1,0,0,1,692215053012,2648,1249,0.00146005840233609,0.00453205840233609,Inf,2.77555756156289e-17,0.00025,40,36.1695773785852,1,periodic-static,0,0,0,0.319743999999997,0,NaN,NaN,NaN,NaN,NaN,NaN,NaN,NaN,NaN,NaN,NaN,NaN,NaN,NaN,NaN,NaN,NaN,NaN,NaN,NaN,NaN,NaN,NaN,NaN,NaN,NaN,NaN,NaN,NaN,NaN,NaN,NaN,NaN,NaN,NaN
event-driven-candidate-targeted-frontier-falsification,16052016,n10-ring2-zero-loss,N10 ring2 zero-loss,EXP22G targeted frontier,periodic-cost-minus2pct,2,10.1723999999999,periodic,Periodic static TDMA / 2% below ELCS cost,none,10,ring2,di,tdma,1,1,0,1,0.26,0.097,0.097,0.0277777777777778,0.0277777777777778,0.0561028013574702,0.536509233306936,0,0,NaN,NaN,NaN,NaN,0.0755185610409492,0.120000000000001,0.140000000000001,0.140000000000001,NaN,NaN,1220,1220,1220,0,0,3172,3172,0,0,0,0,0,0,0,0,0,0,0,0,0,1,32,32,0,0,0,0,0,0,0,0.31231999999996,0,0,0,0.312178588934364,0.363217115495126,0,0,0,0,0,0.312319999999997,3.74783999999996,0,0,0,0,0.749567999999993,101.666666666667,264.333333333333,0,0.0227696255574944,0.0431126281165099,NaN,NaN,1,3172,0,0,0,0,0,1.1962423,0,1832283,0,410907079,0,268439487,tdma,periodic-frontier,none,full-mission-static-tdma,none,continuous-local-static-tdma,NaN,10.1723999999999,NaN,10.1666666666667,10.1666666666667,NaN,NaN,NaN,NaN,NaN,NaN,NaN,NaN,1220,NaN,NaN,NaN,0,0,1,0,NaN,NaN,NaN,NaN,NaN,0,0,NaN,0,0,0.312319999999997,1220,nominal,full,0,0,1950659645050,0,0,0,0,0,0,0,0,1,0,0,0,0,0,0,NaN,0,0,NaN,NaN,10,1,0,0,1,692215053012,2648,1220,0.00146005840233609,0.00453205840233609,Inf,2.77555756156289e-17,0.00025,40,36.1695773785852,1,periodic-static,0,0,0,0.312319999999997,0,NaN,NaN,NaN,NaN,NaN,NaN,NaN,NaN,NaN,NaN,NaN,NaN,NaN,NaN,NaN,NaN,NaN,NaN,NaN,NaN,NaN,NaN,NaN,NaN,NaN,NaN,NaN,NaN,NaN,NaN,NaN,NaN,NaN,NaN,NaN
event-driven-candidate-targeted-frontier-falsification,16052016,n10-ring2-zero-loss,N10 ring2 zero-loss,EXP22G targeted frontier,elcs-f-mission-affine,3,50,periodic,ELCS-F / mission affine clock,none,10,ring2,di,tdma,1,1,0,1,0.26,0.097,0.097,0.0277777777777778,0.0277777777777778,0.0508725095831662,0.542779776972151,0,0,NaN,NaN,NaN,NaN,0.065411404515882,0.119999999999999,0.120000000000001,0.120000000000001,NaN,NaN,6000,1110,1110,0,0,2896,2896,0,0,0,0,0,0,0,0,0,0,4880,0,0,1,32,32,0,0,0,0,0,0,0,0.215265293615747,0,0,0,0,0,0,0,0,0,0,0.318037333333331,3.40991999999997,0,0,0,0,0.763289599999994,92.5,241.333333333333,0,0.0100365541287557,0.0189549752506469,NaN,NaN,0.999432186891629,2896,0,0,0,0,0,0.419883099999999,0,1832283,0,410907079,0,39104762678,tdma,candidate-elcs,none,edge-leased-certified-scheduling,none,continuous-elcs-replay,NaN,50,NaN,9.25,8.83333333333333,NaN,NaN,NaN,NaN,NaN,NaN,NaN,NaN,1110,NaN,NaN,NaN,0,0,1,0,NaN,NaN,NaN,NaN,NaN,0,0,NaN,0,0,0.318037333333331,1110,nominal,full,1,0,1950659645050,0,0,0,0,0,0,0,0,1,0,0,0,0,0,0,1.04138871794872,1,0,NaN,NaN,10,0,0,0,1,692215053012,1110,1110,0.00146005840233609,0.00453205840233609,Inf,1.11022302462516e-16,0.00025,40,36.1695773785852,1,candidate-elcs,397,0.406528000000003,0.0338773333333336,0.318037333333331,1,4677343877,113110012185,1800674,1560295032,1110,1110,0,0,0,1,2896,0,0,2896,0,0,1,0,1,0.000893637440292139,1.11022302462516e-16,1,0,0,0,10,455,176,279,930,0,1409,0.982966643009226,NaN,NaN
event-driven-candidate-targeted-frontier-falsification,16052017,n5-6dof-zero-loss,N5 6-DOF zero-loss,EXP22G targeted frontier,periodic-cost-match,1,19.1122222222221,periodic,Periodic static TDMA / ELCS cost match,none,5,ring2,6dof,tdma,1,1,0,1,0.48,0.29,0.29,0.0476190476190476,0.0476190476190476,0.0303380035187004,0.558776510108437,0,0,10.1677525658531,12.2998475019298,0,1.03682039302395,0.0419320066334992,0.0799999999999987,0.0800000000000001,0.0800000000000018,NaN,NaN,1145,1145,1145,0,0,2748,2748,0,0,0,0,0,0,0,0,0,0,0,0,0,1,32,32,0,0,0,0,0,0,0,0.293119999999964,0,0,0,0.292237767450792,0.326863560791699,0,0,0,0,0,0.293119999999997,3.51743999999997,0,0,0,0,0.703487999999993,95.4166666666667,229,0,0.0112743629003878,0.0214073967293464,NaN,NaN,1,2748,0,0,0,0,0,1.0795255,0,983918,0,110997400,0,258418633,tdma,periodic-frontier,none,full-mission-static-tdma,none,continuous-local-static-tdma,NaN,19.1122222222221,NaN,19.0833333333333,19.0833333333333,NaN,NaN,NaN,NaN,NaN,NaN,NaN,NaN,1145,NaN,NaN,NaN,0,0,1,0,NaN,NaN,NaN,NaN,NaN,0,0,NaN,0,0,0.293119999999997,1145,nominal,full,0,0,503319448408,0,0,0,0,0,0,0,0,1,0,0,0,0,0,0,NaN,0,0,NaN,NaN,5,1,0,0,1,188794493603,2647,1145,0.00146005840233609,0.00453205840233609,Inf,0,0.00025,40,31.0619889201864,1,periodic-static,0,0,0,0.293119999999997,0,NaN,NaN,NaN,NaN,NaN,NaN,NaN,NaN,NaN,NaN,NaN,NaN,NaN,NaN,NaN,NaN,NaN,NaN,NaN,NaN,NaN,NaN,NaN,NaN,NaN,NaN,NaN,NaN,NaN,NaN,NaN,NaN,NaN,NaN,NaN
event-driven-candidate-targeted-frontier-falsification,16052017,n5-6dof-zero-loss,N5 6-DOF zero-loss,EXP22G targeted frontier,periodic-cost-minus2pct,2,18.7299777777776,periodic,Periodic static TDMA / 2% below ELCS cost,none,5,ring2,6dof,tdma,1,1,0,1,0.48,0.29,0.29,0.0476190476190476,0.0476190476190476,0.0308181823968295,0.55834989442204,0,0,10.1432779715412,12.2867169667293,0,1.03681613579748,0.0424709784411277,0.0800000000000001,0.0800000000000001,0.0800000000000018,NaN,NaN,1125,1125,1125,0,0,2700,2700,0,0,0,0,0,0,0,0,0,0,0,0,0,1,32,32,0,0,0,0,0,0,0,0.287999999999964,0,0,0,0.286903169003371,0.317191713506189,0,0,0,0,0,0.287999999999997,3.45599999999997,0,0,0,0,0.691199999999993,93.75,225,0,0.0112960481737516,0.0214726951504829,NaN,NaN,1,2700,0,0,0,0,0,1.0858331,0,983918,0,110997400,0,258466896,tdma,periodic-frontier,none,full-mission-static-tdma,none,continuous-local-static-tdma,NaN,18.7299777777776,NaN,18.75,18.75,NaN,NaN,NaN,NaN,NaN,NaN,NaN,NaN,1125,NaN,NaN,NaN,0,0,1,0,NaN,NaN,NaN,NaN,NaN,0,0,NaN,0,0,0.287999999999997,1125,nominal,full,0,0,503319448408,0,0,0,0,0,0,0,0,1,0,0,0,0,0,0,NaN,0,0,NaN,NaN,5,1,0,0,1,188794493603,2647,1125,0.00146005840233609,0.00453205840233609,Inf,0,0.00025,40,31.0619889201864,1,periodic-static,0,0,0,0.287999999999997,0,NaN,NaN,NaN,NaN,NaN,NaN,NaN,NaN,NaN,NaN,NaN,NaN,NaN,NaN,NaN,NaN,NaN,NaN,NaN,NaN,NaN,NaN,NaN,NaN,NaN,NaN,NaN,NaN,NaN,NaN,NaN,NaN,NaN,NaN,NaN
event-driven-candidate-targeted-frontier-falsification,16052017,n5-6dof-zero-loss,N5 6-DOF zero-loss,EXP22G targeted frontier,elcs-f-mission-affine,3,50,periodic,ELCS-F / mission affine clock,none,5,ring2,6dof,tdma,1,1,0,1,0.48,0.29,0.29,0.0476190476190476,0.0476190476190476,0.0301167906836431,0.559405781901934,0,0,10.1584080998381,12.3108639281662,0,1.03684201609354,0.041011608623549,0.0600000000000005,0.0600000000000005,0.0600000000000005,NaN,NaN,3000,1054,1054,0,0,2530,2530,0,0,0,0,0,0,0,0,0,0,1943,0,0,1,32,32,0,0,0,0,0,0,0,0.293717333333323,0,0,0,0,0,0,0,0,0,0,0.293717333333331,3.23788799999997,0,0,0,0,0.704921599999994,87.8333333333333,210.833333333333,0,0.0100078313136384,0.0190253870483435,NaN,NaN,0.999978396673088,2530,0,0,0,0,0,0.3227798,0,983918,0,110997400,0,16578590430,tdma,candidate-elcs,none,edge-leased-certified-scheduling,none,continuous-elcs-replay,NaN,50,NaN,17.5666666666667,17.5,NaN,NaN,NaN,NaN,NaN,NaN,NaN,NaN,1054,NaN,NaN,NaN,0,0,1,0,NaN,NaN,NaN,NaN,NaN,0,0,NaN,0,0,0.293717333333331,1054,nominal,full,1,0,503319448408,0,0,0,0,0,0,0,0,1,0,0,0,0,0,0,0.283554993399736,1,0,NaN,NaN,5,1,0,0,1,188794493603,1054,1054,0.00146005840233609,0.00453205840233609,Inf,1.11022302462516e-16,0.00025,40,31.0619889201864,1,candidate-elcs,280,0.28672,0.0238933333333334,0.293717333333331,1,3763322470,30430351519,1103131,946139951,1054,1054,0,0,0,1,2530,0,0,2530,0,0,1,0,1,0.000540098724558291,1.11022302462516e-16,1,0,0,0,5,213,89,124,310,0,534,0.97940074906367,NaN,NaN
event-driven-candidate-targeted-frontier-falsification,16052017,n10-ring2-zero-loss,N10 ring2 zero-loss,EXP22G targeted frontier,periodic-cost-match,1,10.3799999999999,periodic,Periodic static TDMA / ELCS cost match,none,10,ring2,di,tdma,1,1,0,1,0.26,0.097,0.097,0.0277777777777778,0.0277777777777778,0.0557499973640267,0.536285480840325,0,0,NaN,NaN,NaN,NaN,0.0749138920780711,0.120000000000001,0.140000000000001,0.140000000000001,NaN,NaN,1250,1249,1249,0,0,3248,3248,0,0,0,0,0,0,0,0,0,0,0,0,0,1,32,32,0,0,0,0,0,0,0,0.319743999999959,0,0,0,0.317654319268354,0.365434276316963,0,0,0,0,0,0.319743999999997,3.83692799999996,0,0,0,0,0.767385599999992,104.083333333333,270.666666666667,0,0.0225000675109587,0.0427206540461552,NaN,NaN,0.999994230806213,3248,0,0,0,0,0,1.2230517,0,1768231,0,410907079,0,268691778,tdma,periodic-frontier,none,full-mission-static-tdma,none,continuous-local-static-tdma,NaN,10.3799999999999,NaN,10.4083333333333,10.3333333333333,NaN,NaN,NaN,NaN,NaN,NaN,NaN,NaN,1249,NaN,NaN,NaN,0,0,1,0,NaN,NaN,NaN,NaN,NaN,0,0,NaN,0,0,0.319743999999997,1249,nominal,full,0,0,1950480049564,0,0,0,0,0,0,0,0,1,0,0,0,0,0,0,NaN,0,0,NaN,NaN,10,1,0,0,1,692784733402,2648,1249,0.00146005840233609,0.00453205840233609,Inf,0,0.00025,40,39.8675728777164,1,periodic-static,0,0,0,0.319743999999997,0,NaN,NaN,NaN,NaN,NaN,NaN,NaN,NaN,NaN,NaN,NaN,NaN,NaN,NaN,NaN,NaN,NaN,NaN,NaN,NaN,NaN,NaN,NaN,NaN,NaN,NaN,NaN,NaN,NaN,NaN,NaN,NaN,NaN,NaN,NaN
event-driven-candidate-targeted-frontier-falsification,16052017,n10-ring2-zero-loss,N10 ring2 zero-loss,EXP22G targeted frontier,periodic-cost-minus2pct,2,10.1723999999999,periodic,Periodic static TDMA / 2% below ELCS cost,none,10,ring2,di,tdma,1,1,0,1,0.26,0.097,0.097,0.0277777777777778,0.0277777777777778,0.0563086700676018,0.536349011403545,0,0,NaN,NaN,NaN,NaN,0.0757864523536166,0.120000000000001,0.140000000000001,0.140000000000001,NaN,NaN,1220,1220,1220,0,0,3172,3172,0,0,0,0,0,0,0,0,0,0,0,0,0,1,32,32,0,0,0,0,0,0,0,0.312319999999959,0,0,0,0.312559750357459,0.361358705107303,0,0,0,0,0,0.312319999999997,3.74783999999996,0,0,0,0,0.749567999999993,101.666666666667,264.333333333333,0,0.0226226469643535,0.043006658569926,NaN,NaN,1,3172,0,0,0,0,0,1.2780787,0,1768231,0,410907079,0,268439489,tdma,periodic-frontier,none,full-mission-static-tdma,none,continuous-local-static-tdma,NaN,10.1723999999999,NaN,10.1666666666667,10.1666666666667,NaN,NaN,NaN,NaN,NaN,NaN,NaN,NaN,1220,NaN,NaN,NaN,0,0,1,0,NaN,NaN,NaN,NaN,NaN,0,0,NaN,0,0,0.312319999999997,1220,nominal,full,0,0,1950480049564,0,0,0,0,0,0,0,0,1,0,0,0,0,0,0,NaN,0,0,NaN,NaN,10,1,0,0,1,692784733402,2648,1220,0.00146005840233609,0.00453205840233609,Inf,0,0.00025,40,39.8675728777164,1,periodic-static,0,0,0,0.312319999999997,0,NaN,NaN,NaN,NaN,NaN,NaN,NaN,NaN,NaN,NaN,NaN,NaN,NaN,NaN,NaN,NaN,NaN,NaN,NaN,NaN,NaN,NaN,NaN,NaN,NaN,NaN,NaN,NaN,NaN,NaN,NaN,NaN,NaN,NaN,NaN
event-driven-candidate-targeted-frontier-falsification,16052017,n10-ring2-zero-loss,N10 ring2 zero-loss,EXP22G targeted frontier,elcs-f-mission-affine,3,50,periodic,ELCS-F / mission affine clock,none,10,ring2,di,tdma,1,1,0,1,0.26,0.097,0.097,0.0277777777777778,0.0277777777777778,0.0508875078290494,0.54270104048126,0,0,NaN,NaN,NaN,NaN,0.0653157290470722,0.119999999999999,0.120000000000001,0.120000000000001,NaN,NaN,6000,1111,1111,0,0,2897,2897,0,0,0,0,0,0,0,0,0,0,4879,0,0,1,32,32,0,0,0,0,0,0,0,0.212149147393472,0,0,0,0,0,0,0,0,0,0,0.318293333333331,3.41299199999997,0,0,0,0,0.763903999999994,92.5833333333333,241.416666666667,0,0.00997326456016493,0.0189564938065958,NaN,NaN,0.999409740496336,2897,0,0,0,0,0,0.4267152,0,1768231,0,410907079,0,39118836520,tdma,candidate-elcs,none,edge-leased-certified-scheduling,none,continuous-elcs-replay,NaN,50,NaN,9.25833333333333,8.91666666666667,NaN,NaN,NaN,NaN,NaN,NaN,NaN,NaN,1111,NaN,NaN,NaN,0,0,1,0,NaN,NaN,NaN,NaN,NaN,0,0,NaN,0,0,0.318293333333331,1111,nominal,full,1,0,1950480049564,0,0,0,0,0,0,0,0,1,0,0,0,0,0,0,1.04138871794872,1,0,NaN,NaN,10,0,0,0,1,692784733402,1111,1111,0.00146005840233609,0.00453205840233609,Inf,0,0.00025,40,39.8675728777164,1,candidate-elcs,397,0.406528000000003,0.0338773333333336,0.318293333333331,1,4694084931,113221010870,1800674,1563215794,1111,1111,0,0,0,1,2897,0,0,2897,0,0,1,0,1,0.00062015350005673,0,1,0,0,0,10,455,176,279,930,0,1409,0.982966643009226,NaN,NaN
event-driven-candidate-targeted-frontier-falsification,16052018,n5-6dof-zero-loss,N5 6-DOF zero-loss,EXP22G targeted frontier,periodic-cost-match,1,19.1122222222221,periodic,Periodic static TDMA / ELCS cost match,none,5,ring2,6dof,tdma,1,1,0,1,0.48,0.29,0.29,0.0476190476190476,0.0476190476190476,0.0304474632296104,0.558619057756563,0,0,10.1677525658531,12.2998475019298,0,1.03682036356294,0.0420978441127695,0.0799999999999996,0.0800000000000001,0.0800000000000018,NaN,NaN,1145,1145,1145,0,0,2748,2748,0,0,0,0,0,0,0,0,0,0,0,0,0,1,32,32,0,0,0,0,0,0,0,0.293119999999963,0,0,0,0.293748274247352,0.325271114318342,0,0,0,0,0,0.293119999999997,3.51743999999997,0,0,0,0,0.703487999999993,95.4166666666667,229,0,0.0113911022141281,0.0214965152749393,NaN,NaN,1,2748,0,0,0,0,0,1.1206556,0,685070,0,110997400,0,258418635,tdma,periodic-frontier,none,full-mission-static-tdma,none,continuous-local-static-tdma,NaN,19.1122222222221,NaN,19.0833333333333,19.0833333333333,NaN,NaN,NaN,NaN,NaN,NaN,NaN,NaN,1145,NaN,NaN,NaN,0,0,1,0,NaN,NaN,NaN,NaN,NaN,0,0,NaN,0,0,0.293119999999997,1145,nominal,full,0,0,503536086296,0,0,0,0,0,0,0,0,1,0,0,0,0,0,0,NaN,0,0,NaN,NaN,5,1,0,0,1,188589733110,2647,1145,0.00146005840233609,0.00453205840233609,Inf,0,0.00025,40,31.6042108460388,1,periodic-static,0,0,0,0.293119999999997,0,NaN,NaN,NaN,NaN,NaN,NaN,NaN,NaN,NaN,NaN,NaN,NaN,NaN,NaN,NaN,NaN,NaN,NaN,NaN,NaN,NaN,NaN,NaN,NaN,NaN,NaN,NaN,NaN,NaN,NaN,NaN,NaN,NaN,NaN,NaN
event-driven-candidate-targeted-frontier-falsification,16052018,n5-6dof-zero-loss,N5 6-DOF zero-loss,EXP22G targeted frontier,periodic-cost-minus2pct,2,18.7299777777776,periodic,Periodic static TDMA / 2% below ELCS cost,none,5,ring2,6dof,tdma,1,1,0,1,0.48,0.29,0.29,0.0476190476190476,0.0476190476190476,0.0308115897723618,0.558471134798113,0,0,10.1432779715412,12.2867169667293,0,1.03681600242156,0.0425207296849088,0.0800000000000001,0.0800000000000001,0.0800000000000018,NaN,NaN,1125,1125,1125,0,0,2700,2700,0,0,0,0,0,0,0,0,0,0,0,0,0,1,32,32,0,0,0,0,0,0,0,0.287999999999963,0,0,0,0.286633506647507,0.316480031224387,0,0,0,0,0,0.287999999999997,3.45599999999997,0,0,0,0,0.691199999999993,93.75,225,0,0.0113103422741468,0.0214615289676773,NaN,NaN,1,2700,0,0,0,0,0,1.0833129,0,685070,0,110997400,0,258466898,tdma,periodic-frontier,none,full-mission-static-tdma,none,continuous-local-static-tdma,NaN,18.7299777777776,NaN,18.75,18.75,NaN,NaN,NaN,NaN,NaN,NaN,NaN,NaN,1125,NaN,NaN,NaN,0,0,1,0,NaN,NaN,NaN,NaN,NaN,0,0,NaN,0,0,0.287999999999997,1125,nominal,full,0,0,503536086296,0,0,0,0,0,0,0,0,1,0,0,0,0,0,0,NaN,0,0,NaN,NaN,5,1,0,0,1,188589733110,2647,1125,0.00146005840233609,0.00453205840233609,Inf,0,0.00025,40,31.6042108460388,1,periodic-static,0,0,0,0.287999999999997,0,NaN,NaN,NaN,NaN,NaN,NaN,NaN,NaN,NaN,NaN,NaN,NaN,NaN,NaN,NaN,NaN,NaN,NaN,NaN,NaN,NaN,NaN,NaN,NaN,NaN,NaN,NaN,NaN,NaN,NaN,NaN,NaN,NaN,NaN,NaN
event-driven-candidate-targeted-frontier-falsification,16052018,n5-6dof-zero-loss,N5 6-DOF zero-loss,EXP22G targeted frontier,elcs-f-mission-affine,3,50,periodic,ELCS-F / mission affine clock,none,5,ring2,6dof,tdma,1,1,0,1,0.48,0.29,0.29,0.0476190476190476,0.0476190476190476,0.0301080563332142,0.559289746870306,0,0,10.083914922364,12.3123502372597,0,1.03684504582546,0.0408457711442787,0.0600000000000005,0.0600000000000005,0.0600000000000005,NaN,NaN,3000,1052,1052,0,0,2526,2526,0,0,0,0,0,0,0,0,0,0,1945,0,0,1,32,32,0,0,0,0,0,0,0,0.293205333333323,0,0,0,0,0,0,0,0,0,0,0.293205333333331,3.23174399999997,0,0,0,0,0.703692799999994,87.6666666666667,210.5,0,0.0100251739172403,0.0189580907228756,NaN,NaN,0.999949401857675,2526,0,0,0,0,0,0.3176788,0,685070,0,110997400,0,16563810764,tdma,candidate-elcs,none,edge-leased-certified-scheduling,none,continuous-elcs-replay,NaN,50,NaN,17.5333333333333,17.3333333333333,NaN,NaN,NaN,NaN,NaN,NaN,NaN,NaN,1052,NaN,NaN,NaN,0,0,1,0,NaN,NaN,NaN,NaN,NaN,0,0,NaN,0,0,0.293205333333331,1052,nominal,full,1,0,503536086296,0,0,0,0,0,0,0,0,1,0,0,0,0,0,0,0.283554993399736,1,0,NaN,NaN,5,1,0,0,1,188589733110,1052,1052,0.00146005840233609,0.00453205840233609,Inf,5.42101086242752e-20,0.00025,40,31.6042108460388,1,candidate-elcs,280,0.28672,0.0238933333333334,0.293205333333331,1,3745947660,30290926552,1103131,946367777,1052,1052,0,0,0,1,2526,0,0,2526,0,0,1,0,1,0.000845697716936655,5.42101086242752e-20,1,0,0,0,5,213,89,124,310,0,534,0.97940074906367,NaN,NaN
event-driven-candidate-targeted-frontier-falsification,16052018,n10-ring2-zero-loss,N10 ring2 zero-loss,EXP22G targeted frontier,periodic-cost-match,1,10.3799999999999,periodic,Periodic static TDMA / ELCS cost match,none,10,ring2,di,tdma,1,1,0,1,0.26,0.097,0.097,0.0277777777777778,0.0277777777777778,0.0556577038731906,0.536848195698733,0,0,NaN,NaN,NaN,NaN,0.0747952544967469,0.120000000000001,0.140000000000001,0.140000000000001,NaN,NaN,1250,1248,1248,0,0,3245,3245,0,0,0,0,0,0,0,0,0,0,0,0,0,1,32,32,0,0,0,0,0,0,0,0.319487999999959,0,0,0,0.317966154252773,0.360746553495769,0,0,0,0,0,0.319487999999997,3.83385599999996,0,0,0,0,0.766771199999992,104,270.416666666667,0,0.0224555490721228,0.0425715761737716,NaN,NaN,0.999989727258719,3245,0,0,0,0,0,1.2276743,0,1442812,0,410907079,0,268691780,tdma,periodic-frontier,none,full-mission-static-tdma,none,continuous-local-static-tdma,NaN,10.3799999999999,NaN,10.4,10.3333333333333,NaN,NaN,NaN,NaN,NaN,NaN,NaN,NaN,1248,NaN,NaN,NaN,0,0,1,0,NaN,NaN,NaN,NaN,NaN,0,0,NaN,0,0,0.319487999999997,1248,nominal,full,0,0,1950955262558,0,0,0,0,0,0,0,0,1,0,0,0,0,0,0,NaN,0,0,NaN,NaN,10,1,0,0,1,691958172322,2647,1248,0.00146005840233609,0.00453205840233609,Inf,0,0.00025,40,35.4194120625726,1,periodic-static,0,0,0,0.319487999999997,0,NaN,NaN,NaN,NaN,NaN,NaN,NaN,NaN,NaN,NaN,NaN,NaN,NaN,NaN,NaN,NaN,NaN,NaN,NaN,NaN,NaN,NaN,NaN,NaN,NaN,NaN,NaN,NaN,NaN,NaN,NaN,NaN,NaN,NaN,NaN
event-driven-candidate-targeted-frontier-falsification,16052018,n10-ring2-zero-loss,N10 ring2 zero-loss,EXP22G targeted frontier,periodic-cost-minus2pct,2,10.1723999999999,periodic,Periodic static TDMA / 2% below ELCS cost,none,10,ring2,di,tdma,1,1,0,1,0.26,0.097,0.097,0.0277777777777778,0.0277777777777778,0.056125044584488,0.53673582621809,0,0,NaN,NaN,NaN,NaN,0.0756295445847685,0.120000000000001,0.140000000000001,0.140000000000001,NaN,NaN,1220,1220,1220,0,0,3172,3172,0,0,0,0,0,0,0,0,0,0,0,0,0,1,32,32,0,0,0,0,0,0,0,0.31231999999996,0,0,0,0.311392008311389,0.358204964162406,0,0,0,0,0,0.312319999999997,3.74783999999996,0,0,0,0,0.749567999999993,101.666666666667,264.333333333333,0,0.0227334206221211,0.0431324253010123,NaN,NaN,1,3172,0,0,0,0,0,1.2007419,0,1442812,0,410907079,0,268439491,tdma,periodic-frontier,none,full-mission-static-tdma,none,continuous-local-static-tdma,NaN,10.1723999999999,NaN,10.1666666666667,10.1666666666667,NaN,NaN,NaN,NaN,NaN,NaN,NaN,NaN,1220,NaN,NaN,NaN,0,0,1,0,NaN,NaN,NaN,NaN,NaN,0,0,NaN,0,0,0.312319999999997,1220,nominal,full,0,0,1950955262558,0,0,0,0,0,0,0,0,1,0,0,0,0,0,0,NaN,0,0,NaN,NaN,10,1,0,0,1,691958172322,2647,1220,0.00146005840233609,0.00453205840233609,Inf,0,0.00025,40,35.4194120625726,1,periodic-static,0,0,0,0.312319999999997,0,NaN,NaN,NaN,NaN,NaN,NaN,NaN,NaN,NaN,NaN,NaN,NaN,NaN,NaN,NaN,NaN,NaN,NaN,NaN,NaN,NaN,NaN,NaN,NaN,NaN,NaN,NaN,NaN,NaN,NaN,NaN,NaN,NaN,NaN,NaN
event-driven-candidate-targeted-frontier-falsification,16052018,n10-ring2-zero-loss,N10 ring2 zero-loss,EXP22G targeted frontier,elcs-f-mission-affine,3,50,periodic,ELCS-F / mission affine clock,none,10,ring2,di,tdma,1,1,0,1,0.26,0.097,0.097,0.0277777777777778,0.0277777777777778,0.0508545124225495,0.542547739376766,0,0,NaN,NaN,NaN,NaN,0.0653731343283581,0.119999999999999,0.120000000000001,0.120000000000001,NaN,NaN,6000,1113,1113,0,0,2899,2899,0,0,0,0,0,0,0,0,0,0,4877,0,0,1,32,32,0,0,0,0,0,0,0,0.215651425982134,0,0,0,0,0,0,0,0,0,0,0.318805333333331,3.41913599999997,0,0,0,0,0.765132799999994,92.75,241.583333333333,0,0.0100349872120586,0.0189957937803627,NaN,NaN,0.999450562749607,2899,0,0,0,0,0,0.43197,0,1442812,0,410907079,0,39114667700,tdma,candidate-elcs,none,edge-leased-certified-scheduling,none,continuous-elcs-replay,NaN,50,NaN,9.275,8.91666666666667,NaN,NaN,NaN,NaN,NaN,NaN,NaN,NaN,1113,NaN,NaN,NaN,0,0,1,0,NaN,NaN,NaN,NaN,NaN,0,0,NaN,0,0,0.318805333333331,1113,nominal,full,1,0,1950955262558,0,0,0,0,0,0,0,0,1,0,0,0,0,0,0,1.04138871794872,1,0,NaN,NaN,10,0,0,0,1,691958172322,1113,1113,0.00146005840233609,0.00453205840233609,Inf,1.11022302462516e-16,0.00025,40,35.4194120625726,1,candidate-elcs,397,0.406528000000003,0.0338773333333336,0.318805333333331,1,4702245998,112975867990,1800674,1569075159,1113,1113,0,0,0,1,2899,0,0,2899,0,0,1,0,1,0.000578237580752372,1.11022302462516e-16,1,0,0,0,10,455,176,279,930,0,1409,0.982966643009226,NaN,NaN
event-driven-candidate-targeted-frontier-falsification,16052019,n5-6dof-zero-loss,N5 6-DOF zero-loss,EXP22G targeted frontier,periodic-cost-match,1,19.1122222222221,periodic,Periodic static TDMA / ELCS cost match,none,5,ring2,6dof,tdma,1,1,0,1,0.48,0.29,0.29,0.0476190476190476,0.0476190476190476,0.0303345961234909,0.558681133399458,0,0,10.1677525658531,12.2998475019298,0,1.03682099649585,0.041832504145937,0.0799999999999983,0.0800000000000001,0.0800000000000018,NaN,NaN,1145,1145,1145,0,0,2748,2748,0,0,0,0,0,0,0,0,0,0,0,0,0,1,32,32,0,0,0,0,0,0,0,0.293119999999963,0,0,0,0.29185862123704,0.323719682298288,0,0,0,0,0,0.293119999999997,3.51743999999997,0,0,0,0,0.703487999999993,95.4166666666667,229,0,0.0113119757529651,0.0213953176442306,NaN,NaN,1,2748,0,0,0,0,0,1.163305,0,1168273,0,110997400,0,258418637,tdma,periodic-frontier,none,full-mission-static-tdma,none,continuous-local-static-tdma,NaN,19.1122222222221,NaN,19.0833333333333,19.0833333333333,NaN,NaN,NaN,NaN,NaN,NaN,NaN,NaN,1145,NaN,NaN,NaN,0,0,1,0,NaN,NaN,NaN,NaN,NaN,0,0,NaN,0,0,0.293119999999997,1145,nominal,full,0,0,503764097893,0,0,0,0,0,0,0,0,1,0,0,0,0,0,0,NaN,0,0,NaN,NaN,5,1,0,0,1,188986332775,2647,1145,0.00146005840233609,0.00453205840233609,Inf,0,0.00025,40,38.8621995498912,1,periodic-static,0,0,0,0.293119999999997,0,NaN,NaN,NaN,NaN,NaN,NaN,NaN,NaN,NaN,NaN,NaN,NaN,NaN,NaN,NaN,NaN,NaN,NaN,NaN,NaN,NaN,NaN,NaN,NaN,NaN,NaN,NaN,NaN,NaN,NaN,NaN,NaN,NaN,NaN,NaN
event-driven-candidate-targeted-frontier-falsification,16052019,n5-6dof-zero-loss,N5 6-DOF zero-loss,EXP22G targeted frontier,periodic-cost-minus2pct,2,18.7299777777776,periodic,Periodic static TDMA / 2% below ELCS cost,none,5,ring2,6dof,tdma,1,1,0,1,0.48,0.29,0.29,0.0476190476190476,0.0476190476190476,0.0308348481375667,0.558466411622891,0,0,10.1432779715412,12.2867169667293,0,1.0368162093818,0.0424792703150912,0.0800000000000001,0.0800000000000001,0.0800000000000018,NaN,NaN,1125,1125,1125,0,0,2700,2700,0,0,0,0,0,0,0,0,0,0,0,0,0,1,32,32,0,0,0,0,0,0,0,0.287999999999964,0,0,0,0.287041146208537,0.316013989216867,0,0,0,0,0,0.287999999999997,3.45599999999997,0,0,0,0,0.691199999999993,93.75,225,0,0.0113159901948645,0.0214973451983099,NaN,NaN,1,2700,0,0,0,0,0,1.1232743,0,1168273,0,110997400,0,258466900,tdma,periodic-frontier,none,full-mission-static-tdma,none,continuous-local-static-tdma,NaN,18.7299777777776,NaN,18.75,18.75,NaN,NaN,NaN,NaN,NaN,NaN,NaN,NaN,1125,NaN,NaN,NaN,0,0,1,0,NaN,NaN,NaN,NaN,NaN,0,0,NaN,0,0,0.287999999999997,1125,nominal,full,0,0,503764097893,0,0,0,0,0,0,0,0,1,0,0,0,0,0,0,NaN,0,0,NaN,NaN,5,1,0,0,1,188986332775,2647,1125,0.00146005840233609,0.00453205840233609,Inf,0,0.00025,40,38.8621995498912,1,periodic-static,0,0,0,0.287999999999997,0,NaN,NaN,NaN,NaN,NaN,NaN,NaN,NaN,NaN,NaN,NaN,NaN,NaN,NaN,NaN,NaN,NaN,NaN,NaN,NaN,NaN,NaN,NaN,NaN,NaN,NaN,NaN,NaN,NaN,NaN,NaN,NaN,NaN,NaN,NaN
event-driven-candidate-targeted-frontier-falsification,16052019,n5-6dof-zero-loss,N5 6-DOF zero-loss,EXP22G targeted frontier,elcs-f-mission-affine,3,50,periodic,ELCS-F / mission affine clock,none,5,ring2,6dof,tdma,1,1,0,1,0.48,0.29,0.29,0.0476190476190476,0.0476190476190476,0.0301080601030595,0.559403536259038,0,0,10.1789692754159,12.3132996790484,0,1.03683624501425,0.0408789386401328,0.0600000000000005,0.0600000000000005,0.0600000000000005,NaN,NaN,3000,1058,1058,0,0,2535,2535,0,0,0,0,0,0,0,0,0,0,1939,0,0,1,32,32,0,0,0,0,0,0,0,0.294247523551049,0,0,0,0,0,0,0,0,0,0,0.294741333333331,3.25017599999997,0,0,0,0,0.707379199999994,88.1666666666667,211.25,0,0.00996178539435393,0.0188970808595649,NaN,NaN,0.999994639842054,2535,0,0,0,0,0,0.3237897,0,1168273,0,110997400,0,16656962917,tdma,candidate-elcs,none,edge-leased-certified-scheduling,none,continuous-elcs-replay,NaN,50,NaN,17.6333333333333,17.5833333333333,NaN,NaN,NaN,NaN,NaN,NaN,NaN,NaN,1058,NaN,NaN,NaN,0,0,1,0,NaN,NaN,NaN,NaN,NaN,0,0,NaN,0,0,0.294741333333331,1058,nominal,full,1,0,503764097893,0,0,0,0,0,0,0,0,1,0,0,0,0,0,0,0.283554993399736,1,0,NaN,NaN,5,1,0,0,1,188986332775,1058,1058,0.00146005840233609,0.00453205840233609,Inf,2.71050543121376e-20,0.00025,40,38.8621995498912,1,candidate-elcs,280,0.28672,0.0238933333333334,0.294741333333331,1,3767283188,30258876904,1103131,950928465,1058,1058,0,0,0,1,2535,0,0,2535,0,0,1,0,1,0.000973204215720003,2.71050543121376e-20,1,0,0,0,5,213,89,124,310,0,534,0.97940074906367,NaN,NaN
event-driven-candidate-targeted-frontier-falsification,16052019,n10-ring2-zero-loss,N10 ring2 zero-loss,EXP22G targeted frontier,periodic-cost-match,1,10.3799999999999,periodic,Periodic static TDMA / ELCS cost match,none,10,ring2,di,tdma,1,1,0,1,0.26,0.097,0.097,0.0277777777777778,0.0277777777777778,0.0557006470919391,0.53695446157308,0,0,NaN,NaN,NaN,NaN,0.0748717948717948,0.120000000000001,0.140000000000001,0.140000000000001,NaN,NaN,1250,1248,1248,0,0,3245,3245,0,0,0,0,0,0,0,0,0,0,0,0,0,1,32,32,0,0,0,0,0,0,0,0.319487999999958,0,0,0,0.317181505292063,0.363510462225622,0,0,0,0,0,0.319487999999997,3.83385599999996,0,0,0,0,0.766771199999992,104,270.416666666667,0,0.0224374228953428,0.0426120602018432,NaN,NaN,0.999989727258719,3245,0,0,0,0,0,1.3355235,0,1013661,0,410907079,0,268691782,tdma,periodic-frontier,none,full-mission-static-tdma,none,continuous-local-static-tdma,NaN,10.3799999999999,NaN,10.4,10.3333333333333,NaN,NaN,NaN,NaN,NaN,NaN,NaN,NaN,1248,NaN,NaN,NaN,0,0,1,0,NaN,NaN,NaN,NaN,NaN,0,0,NaN,0,0,0.319487999999997,1248,nominal,full,0,0,1951485918705,0,0,0,0,0,0,0,0,1,0,0,0,0,0,0,NaN,0,0,NaN,NaN,10,1,0,0,1,691889177889,2647,1248,0.00146005840233609,0.00453205840233609,Inf,0,0.00025,40,38.5493900574109,1,periodic-static,0,0,0,0.319487999999997,0,NaN,NaN,NaN,NaN,NaN,NaN,NaN,NaN,NaN,NaN,NaN,NaN,NaN,NaN,NaN,NaN,NaN,NaN,NaN,NaN,NaN,NaN,NaN,NaN,NaN,NaN,NaN,NaN,NaN,NaN,NaN,NaN,NaN,NaN,NaN
event-driven-candidate-targeted-frontier-falsification,16052019,n10-ring2-zero-loss,N10 ring2 zero-loss,EXP22G targeted frontier,periodic-cost-minus2pct,2,10.1723999999999,periodic,Periodic static TDMA / 2% below ELCS cost,none,10,ring2,di,tdma,1,1,0,1,0.26,0.097,0.097,0.0277777777777778,0.0277777777777778,0.0561765553104875,0.536587837617711,0,0,NaN,NaN,NaN,NaN,0.0757290470723307,0.120000000000001,0.140000000000001,0.140000000000001,NaN,NaN,1220,1220,1220,0,0,3172,3172,0,0,0,0,0,0,0,0,0,0,0,0,0,1,32,32,0,0,0,0,0,0,0,0.312319999999959,0,0,0,0.310966534722976,0.353305131519366,0,0,0,0,0,0.312319999999997,3.74783999999996,0,0,0,0,0.749567999999993,101.666666666667,264.333333333333,0,0.0226786071907269,0.0431741500682273,NaN,NaN,1,3172,0,0,0,0,0,1.2306765,0,1013661,0,410907079,0,268439493,tdma,periodic-frontier,none,full-mission-static-tdma,none,continuous-local-static-tdma,NaN,10.1723999999999,NaN,10.1666666666667,10.1666666666667,NaN,NaN,NaN,NaN,NaN,NaN,NaN,NaN,1220,NaN,NaN,NaN,0,0,1,0,NaN,NaN,NaN,NaN,NaN,0,0,NaN,0,0,0.312319999999997,1220,nominal,full,0,0,1951485918705,0,0,0,0,0,0,0,0,1,0,0,0,0,0,0,NaN,0,0,NaN,NaN,10,1,0,0,1,691889177889,2647,1220,0.00146005840233609,0.00453205840233609,Inf,0,0.00025,40,38.5493900574109,1,periodic-static,0,0,0,0.312319999999997,0,NaN,NaN,NaN,NaN,NaN,NaN,NaN,NaN,NaN,NaN,NaN,NaN,NaN,NaN,NaN,NaN,NaN,NaN,NaN,NaN,NaN,NaN,NaN,NaN,NaN,NaN,NaN,NaN,NaN,NaN,NaN,NaN,NaN,NaN,NaN
event-driven-candidate-targeted-frontier-falsification,16052019,n10-ring2-zero-loss,N10 ring2 zero-loss,EXP22G targeted frontier,elcs-f-mission-affine,3,50,periodic,ELCS-F / mission affine clock,none,10,ring2,di,tdma,1,1,0,1,0.26,0.097,0.097,0.0277777777777778,0.0277777777777778,0.0508338545975567,0.542638906635237,0,0,NaN,NaN,NaN,NaN,0.065449674703406,0.119999999999999,0.120000000000001,0.120000000000001,NaN,NaN,6000,1113,1113,0,0,2902,2898,4,0,0,0,0,0,0,4,0.00359389038634322,0,4877,0,0,1,32,32,0,0,0,0,0,0,0,0.212190341041058,0,0,0,0,0,0,0,0,0,0,0.318805333333331,3.41913599999997,0,0,0,0,0.765132799999994,92.75,241.5,0,0.0100484290350444,0.0189700128926546,NaN,NaN,0.999450562749607,2902,0,0,0,0,0,0.4080394,0,1013661,0,410907079,0,39143122386,tdma,candidate-elcs,none,edge-leased-certified-scheduling,none,continuous-elcs-replay,NaN,50,NaN,9.275,9,NaN,NaN,NaN,NaN,NaN,NaN,NaN,NaN,1113,NaN,NaN,NaN,0,0,1,4,NaN,NaN,NaN,NaN,NaN,0,0,NaN,0,0,0.318805333333331,1113,nominal,full,1,0,1951485918705,0,0,0,0,0,0,0,0,1,0,0,0,0,0,0,1.04138871794872,1,0,NaN,NaN,10,0,0,0,1,691889177889,1113,1113,0.00146005840233609,0.00453205840233609,Inf,1.11022302462516e-16,0.00025,40,38.5493900574109,1,candidate-elcs,397,0.406528000000003,0.0338773333333336,0.318805333333331,1,4679743916,113608716780,1800674,1569104535,1113,1113,0,0,4,1,2898,0,4,2898,0,4,1,0,1,0.00078182400577731,1.11022302462516e-16,1,0,0,0,10,455,176,279,930,0,1409,0.982966643009226,NaN,NaN
event-driven-candidate-targeted-frontier-falsification,16052020,n5-6dof-zero-loss,N5 6-DOF zero-loss,EXP22G targeted frontier,periodic-cost-match,1,19.1122222222221,periodic,Periodic static TDMA / ELCS cost match,none,5,ring2,6dof,tdma,1,1,0,1,0.48,0.29,0.29,0.0476190476190476,0.0476190476190476,0.0303485253988634,0.558660852613544,0,0,10.1677525658531,12.2998475019298,0,1.03682073066466,0.0419485903814262,0.0799999999999987,0.0800000000000001,0.0800000000000018,NaN,NaN,1145,1145,1145,0,0,2748,2748,0,0,0,0,0,0,0,0,0,0,0,0,0,1,32,32,0,0,0,0,0,0,0,0.293119999999963,0,0,0,0.29141102095904,0.322914181782361,0,0,0,0,0,0.293119999999997,3.51743999999997,0,0,0,0,0.703487999999993,95.4166666666667,229,0,0.0113243638483694,0.0214100478078634,NaN,NaN,1,2748,0,0,0,0,0,1.1225562,0,931157,0,110997400,0,258418639,tdma,periodic-frontier,none,full-mission-static-tdma,none,continuous-local-static-tdma,NaN,19.1122222222221,NaN,19.0833333333333,19.0833333333333,NaN,NaN,NaN,NaN,NaN,NaN,NaN,NaN,1145,NaN,NaN,NaN,0,0,1,0,NaN,NaN,NaN,NaN,NaN,0,0,NaN,0,0,0.293119999999997,1145,nominal,full,0,0,503485202139,0,0,0,0,0,0,0,0,1,0,0,0,0,0,0,NaN,0,0,NaN,NaN,5,1,0,0,1,188781688682,2648,1145,0.00146005840233609,0.00453205840233609,Inf,0,0.00025,40,36.5334937123105,1,periodic-static,0,0,0,0.293119999999997,0,NaN,NaN,NaN,NaN,NaN,NaN,NaN,NaN,NaN,NaN,NaN,NaN,NaN,NaN,NaN,NaN,NaN,NaN,NaN,NaN,NaN,NaN,NaN,NaN,NaN,NaN,NaN,NaN,NaN,NaN,NaN,NaN,NaN,NaN,NaN
event-driven-candidate-targeted-frontier-falsification,16052020,n5-6dof-zero-loss,N5 6-DOF zero-loss,EXP22G targeted frontier,periodic-cost-minus2pct,2,18.7299777777776,periodic,Periodic static TDMA / 2% below ELCS cost,none,5,ring2,6dof,tdma,1,1,0,1,0.48,0.29,0.29,0.0476190476190476,0.0476190476190476,0.0308010807293357,0.558516250970078,0,0,10.1432779715412,12.2867169667293,0,1.03681574981272,0.0425124378109453,0.0800000000000001,0.0800000000000001,0.0800000000000018,NaN,NaN,1125,1125,1125,0,0,2700,2700,0,0,0,0,0,0,0,0,0,0,0,0,0,1,32,32,0,0,0,0,0,0,0,0.287999999999963,0,0,0,0.287215406835782,0.316566785931754,0,0,0,0,0,0.287999999999997,3.45599999999997,0,0,0,0,0.691199999999993,93.75,225,0,0.0113076811189333,0.0214749563522648,NaN,NaN,1,2700,0,0,0,0,0,1.0772994,0,931157,0,110997400,0,258466902,tdma,periodic-frontier,none,full-mission-static-tdma,none,continuous-local-static-tdma,NaN,18.7299777777776,NaN,18.75,18.75,NaN,NaN,NaN,NaN,NaN,NaN,NaN,NaN,1125,NaN,NaN,NaN,0,0,1,0,NaN,NaN,NaN,NaN,NaN,0,0,NaN,0,0,0.287999999999997,1125,nominal,full,0,0,503485202139,0,0,0,0,0,0,0,0,1,0,0,0,0,0,0,NaN,0,0,NaN,NaN,5,1,0,0,1,188781688682,2648,1125,0.00146005840233609,0.00453205840233609,Inf,0,0.00025,40,36.5334937123105,1,periodic-static,0,0,0,0.287999999999997,0,NaN,NaN,NaN,NaN,NaN,NaN,NaN,NaN,NaN,NaN,NaN,NaN,NaN,NaN,NaN,NaN,NaN,NaN,NaN,NaN,NaN,NaN,NaN,NaN,NaN,NaN,NaN,NaN,NaN,NaN,NaN,NaN,NaN,NaN,NaN
event-driven-candidate-targeted-frontier-falsification,16052020,n5-6dof-zero-loss,N5 6-DOF zero-loss,EXP22G targeted frontier,elcs-f-mission-affine,3,50,periodic,ELCS-F / mission affine clock,none,5,ring2,6dof,tdma,1,1,0,1,0.48,0.29,0.29,0.0476190476190476,0.0476190476190476,0.0301038898735936,0.559487475550572,0,0,10.1694822019495,12.3298263463621,0,1.03685652545544,0.0409618573797679,0.0600000000000005,0.0600000000000005,0.0600000000000005,NaN,NaN,3000,1053,1053,0,0,2528,2528,0,0,0,0,0,0,0,0,0,0,1944,0,0,1,32,32,0,0,0,0,0,0,0,0.293461333333323,0,0,0,0,0,0,0,0,0,0,0.293461333333331,3.23481599999997,0,0,0,0,0.704307199999994,87.75,210.666666666667,0,0.0100131680729549,0.0189649904817359,NaN,NaN,0.999967533785155,2528,0,0,0,0,0,0.328731,0,931157,0,110997400,0,16576432471,tdma,candidate-elcs,none,edge-leased-certified-scheduling,none,continuous-elcs-replay,NaN,50,NaN,17.55,17.4166666666667,NaN,NaN,NaN,NaN,NaN,NaN,NaN,NaN,1053,NaN,NaN,NaN,0,0,1,0,NaN,NaN,NaN,NaN,NaN,0,0,NaN,0,0,0.293461333333331,1053,nominal,full,1,0,503485202139,0,0,0,0,0,0,0,0,1,0,0,0,0,0,0,0.283554993399736,1,0,NaN,NaN,5,1,0,0,1,188781688682,1053,1053,0.00146005840233609,0.00453205840233609,Inf,2.71050543121376e-20,0.00025,40,36.5334937123105,1,candidate-elcs,280,0.28672,0.0238933333333334,0.293461333333331,1,3754023624,30453089341,1103131,944156593,1053,1053,0,0,0,1,2528,0,0,2528,0,0,1,0,1,0.000755343433040068,2.71050543121376e-20,1,0,0,0,5,213,89,124,310,0,534,0.97940074906367,NaN,NaN
event-driven-candidate-targeted-frontier-falsification,16052020,n10-ring2-zero-loss,N10 ring2 zero-loss,EXP22G targeted frontier,periodic-cost-match,1,10.3799999999999,periodic,Periodic static TDMA / ELCS cost match,none,10,ring2,di,tdma,1,1,0,1,0.26,0.097,0.097,0.0277777777777778,0.0277777777777778,0.055805131138897,0.53664804524062,0,0,NaN,NaN,NaN,NaN,0.0750325296593952,0.120000000000001,0.140000000000001,0.140000000000001,NaN,NaN,1250,1249,1249,0,0,3248,3248,0,0,0,0,0,0,0,0,0,0,0,0,0,1,32,32,0,0,0,0,0,0,0,0.319743999999958,0,0,0,0.31755436320564,0.363744505011209,0,0,0,0,0,0.319743999999997,3.83692799999996,0,0,0,0,0.767385599999992,104.083333333333,270.666666666667,0,0.0224777332557301,0.0427144624704792,NaN,NaN,0.999994230806213,3248,0,0,0,0,0,1.2210219,0,1503192,0,410907079,0,268691784,tdma,periodic-frontier,none,full-mission-static-tdma,none,continuous-local-static-tdma,NaN,10.3799999999999,NaN,10.4083333333333,10.3333333333333,NaN,NaN,NaN,NaN,NaN,NaN,NaN,NaN,1249,NaN,NaN,NaN,0,0,1,0,NaN,NaN,NaN,NaN,NaN,0,0,NaN,0,0,0.319743999999997,1249,nominal,full,0,0,1949534687197,0,0,0,0,0,0,0,0,1,0,0,0,0,0,0,NaN,0,0,NaN,NaN,10,1,0,0,1,691984711336,2648,1249,0.00146005840233609,0.00453205840233609,Inf,0,0.00025,40,39.8296693960052,1,periodic-static,0,0,0,0.319743999999997,0,NaN,NaN,NaN,NaN,NaN,NaN,NaN,NaN,NaN,NaN,NaN,NaN,NaN,NaN,NaN,NaN,NaN,NaN,NaN,NaN,NaN,NaN,NaN,NaN,NaN,NaN,NaN,NaN,NaN,NaN,NaN,NaN,NaN,NaN,NaN
event-driven-candidate-targeted-frontier-falsification,16052020,n10-ring2-zero-loss,N10 ring2 zero-loss,EXP22G targeted frontier,periodic-cost-minus2pct,2,10.1723999999999,periodic,Periodic static TDMA / 2% below ELCS cost,none,10,ring2,di,tdma,1,1,0,1,0.26,0.097,0.097,0.0277777777777778,0.0277777777777778,0.0562356147708946,0.536581371481658,0,0,NaN,NaN,NaN,NaN,0.0757290470723307,0.120000000000001,0.140000000000001,0.140000000000001,NaN,NaN,1220,1220,1220,0,0,3172,3172,0,0,0,0,0,0,0,0,0,0,0,0,0,1,32,32,0,0,0,0,0,0,0,0.31231999999996,0,0,0,0.312542590106134,0.354397026305319,0,0,0,0,0,0.312319999999997,3.74783999999996,0,0,0,0,0.749567999999993,101.666666666667,264.333333333333,0,0.0226347234709223,0.0430305716576306,NaN,NaN,1,3172,0,0,0,0,0,1.1822274,0,1503192,0,410907079,0,268439495,tdma,periodic-frontier,none,full-mission-static-tdma,none,continuous-local-static-tdma,NaN,10.1723999999999,NaN,10.1666666666667,10.1666666666667,NaN,NaN,NaN,NaN,NaN,NaN,NaN,NaN,1220,NaN,NaN,NaN,0,0,1,0,NaN,NaN,NaN,NaN,NaN,0,0,NaN,0,0,0.312319999999997,1220,nominal,full,0,0,1949534687197,0,0,0,0,0,0,0,0,1,0,0,0,0,0,0,NaN,0,0,NaN,NaN,10,1,0,0,1,691984711336,2648,1220,0.00146005840233609,0.00453205840233609,Inf,0,0.00025,40,39.8296693960052,1,periodic-static,0,0,0,0.312319999999997,0,NaN,NaN,NaN,NaN,NaN,NaN,NaN,NaN,NaN,NaN,NaN,NaN,NaN,NaN,NaN,NaN,NaN,NaN,NaN,NaN,NaN,NaN,NaN,NaN,NaN,NaN,NaN,NaN,NaN,NaN,NaN,NaN,NaN,NaN,NaN
event-driven-candidate-targeted-frontier-falsification,16052020,n10-ring2-zero-loss,N10 ring2 zero-loss,EXP22G targeted frontier,elcs-f-mission-affine,3,50,periodic,ELCS-F / mission affine clock,none,10,ring2,di,tdma,1,1,0,1,0.26,0.097,0.097,0.0277777777777778,0.0277777777777778,0.0508785323477023,0.542598644485203,0,0,NaN,NaN,NaN,NaN,0.0651817833907385,0.119999999999999,0.120000000000001,0.120000000000001,NaN,NaN,6000,1113,1113,0,0,2902,2902,0,0,0,0,0,0,0,0,0,0,4877,0,0,1,32,32,0,0,0,0,0,0,0,0.21241755355837,0,0,0,0,0,0,0,0,0,0,0.318805333333331,3.41913599999997,0,0,0,0,0.765132799999994,92.75,241.833333333333,0,0.0100210519289671,0.0189513670469708,NaN,NaN,0.999531205874047,2902,0,0,0,0,0,0.4169557,0,1503192,0,410907079,0,39119303915,tdma,candidate-elcs,none,edge-leased-certified-scheduling,none,continuous-elcs-replay,NaN,50,NaN,9.275,9,NaN,NaN,NaN,NaN,NaN,NaN,NaN,NaN,1113,NaN,NaN,NaN,0,0,1,0,NaN,NaN,NaN,NaN,NaN,0,0,NaN,0,0,0.318805333333331,1113,nominal,full,1,0,1949534687197,0,0,0,0,0,0,0,0,1,0,0,0,0,0,0,1.04138871794872,1,0,NaN,NaN,10,0,0,0,1,691984711336,1113,1113,0.00146005840233609,0.00453205840233609,Inf,1.11022302462516e-16,0.00025,40,39.8296693960052,1,candidate-elcs,397,0.406528000000003,0.0338773333333336,0.318805333333331,1,4693801909,113053006064,1800674,1569105383,1113,1113,0,0,0,1,2902,0,0,2902,0,0,1,0,1,0.000825687201198022,1.11022302462516e-16,1,0,0,0,10,455,176,279,930,0,1409,0.982966643009226,NaN,NaN
event-driven-candidate-targeted-frontier-falsification,16052021,n5-6dof-zero-loss,N5 6-DOF zero-loss,EXP22G targeted frontier,periodic-cost-match,1,19.1122222222221,periodic,Periodic static TDMA / ELCS cost match,none,5,ring2,6dof,tdma,1,1,0,1,0.48,0.29,0.29,0.0476190476190476,0.0476190476190476,0.0303505043739814,0.558661465750084,0,0,10.1677525658531,12.2998475019298,0,1.03682054884899,0.0419320066334992,0.0799999999999983,0.0800000000000001,0.0800000000000018,NaN,NaN,1145,1145,1145,0,0,2748,2748,0,0,0,0,0,0,0,0,0,0,0,0,0,1,32,32,0,0,0,0,0,0,0,0.293119999999963,0,0,0,0.291604924763811,0.323085196162225,0,0,0,0,0,0.293119999999997,3.51743999999997,0,0,0,0,0.703487999999993,95.4166666666667,229,0,0.0113332504473171,0.0214342198638647,NaN,NaN,1,2748,0,0,0,0,0,1.1016768,0,1387092,0,110997400,0,258418641,tdma,periodic-frontier,none,full-mission-static-tdma,none,continuous-local-static-tdma,NaN,19.1122222222221,NaN,19.0833333333333,19.0833333333333,NaN,NaN,NaN,NaN,NaN,NaN,NaN,NaN,1145,NaN,NaN,NaN,0,0,1,0,NaN,NaN,NaN,NaN,NaN,0,0,NaN,0,0,0.293119999999997,1145,nominal,full,0,0,503422284593,0,0,0,0,0,0,0,0,1,0,0,0,0,0,0,NaN,0,0,NaN,NaN,5,1,0,0,1,188763611350,2647,1145,0.00146005840233609,0.00453205840233609,Inf,0,0.00025,40,36.9527914878786,1,periodic-static,0,0,0,0.293119999999997,0,NaN,NaN,NaN,NaN,NaN,NaN,NaN,NaN,NaN,NaN,NaN,NaN,NaN,NaN,NaN,NaN,NaN,NaN,NaN,NaN,NaN,NaN,NaN,NaN,NaN,NaN,NaN,NaN,NaN,NaN,NaN,NaN,NaN,NaN,NaN
event-driven-candidate-targeted-frontier-falsification,16052021,n5-6dof-zero-loss,N5 6-DOF zero-loss,EXP22G targeted frontier,periodic-cost-minus2pct,2,18.7299777777776,periodic,Periodic static TDMA / 2% below ELCS cost,none,5,ring2,6dof,tdma,1,1,0,1,0.48,0.29,0.29,0.0476190476190476,0.0476190476190476,0.030810033174721,0.558453677327116,0,0,10.1432779715412,12.2867169667293,0,1.03681562760055,0.0425041459369818,0.0800000000000001,0.0800000000000001,0.0800000000000018,NaN,NaN,1125,1125,1125,0,0,2700,2700,0,0,0,0,0,0,0,0,0,0,0,0,0,1,32,32,0,0,0,0,0,0,0,0.287999999999963,0,0,0,0.286670765278281,0.31604847603752,0,0,0,0,0,0.287999999999997,3.45599999999997,0,0,0,0,0.691199999999993,93.75,225,0,0.0113356528495057,0.0215191742741468,NaN,NaN,1,2700,0,0,0,0,0,1.1014911,0,1387092,0,110997400,0,258466904,tdma,periodic-frontier,none,full-mission-static-tdma,none,continuous-local-static-tdma,NaN,18.7299777777776,NaN,18.75,18.75,NaN,NaN,NaN,NaN,NaN,NaN,NaN,NaN,1125,NaN,NaN,NaN,0,0,1,0,NaN,NaN,NaN,NaN,NaN,0,0,NaN,0,0,0.287999999999997,1125,nominal,full,0,0,503422284593,0,0,0,0,0,0,0,0,1,0,0,0,0,0,0,NaN,0,0,NaN,NaN,5,1,0,0,1,188763611350,2647,1125,0.00146005840233609,0.00453205840233609,Inf,0,0.00025,40,36.9527914878786,1,periodic-static,0,0,0,0.287999999999997,0,NaN,NaN,NaN,NaN,NaN,NaN,NaN,NaN,NaN,NaN,NaN,NaN,NaN,NaN,NaN,NaN,NaN,NaN,NaN,NaN,NaN,NaN,NaN,NaN,NaN,NaN,NaN,NaN,NaN,NaN,NaN,NaN,NaN,NaN,NaN
event-driven-candidate-targeted-frontier-falsification,16052021,n5-6dof-zero-loss,N5 6-DOF zero-loss,EXP22G targeted frontier,elcs-f-mission-affine,3,50,periodic,ELCS-F / mission affine clock,none,5,ring2,6dof,tdma,1,1,0,1,0.48,0.29,0.29,0.0476190476190476,0.0476190476190476,0.0301166385325992,0.559441257177177,0,0,10.0388352357643,12.3388657623295,0,1.03685357820922,0.041011608623549,0.0600000000000005,0.0600000000000005,0.0600000000000005,NaN,NaN,3000,1054,1054,0,0,2528,2528,0,0,0,0,0,0,0,0,0,0,1943,0,0,1,32,32,0,0,0,0,0,0,0,0.293476961820033,0,0,0,0,0,0,0,0,0,0,0.293717333333331,3.23788799999997,0,0,0,0,0.704921599999994,87.8333333333333,210.666666666667,0,0.0100135737668477,0.0189779700365681,NaN,NaN,0.999969395562357,2528,0,0,0,0,0,0.3560145,0,1387092,0,110997400,0,16555966639,tdma,candidate-elcs,none,edge-leased-certified-scheduling,none,continuous-elcs-replay,NaN,50,NaN,17.5666666666667,17.4166666666667,NaN,NaN,NaN,NaN,NaN,NaN,NaN,NaN,1054,NaN,NaN,NaN,0,0,1,0,NaN,NaN,NaN,NaN,NaN,0,0,NaN,0,0,0.293717333333331,1054,nominal,full,1,0,503422284593,0,0,0,0,0,0,0,0,1,0,0,0,0,0,0,0.283554993399736,1,0,NaN,NaN,5,1,0,0,1,188763611350,1054,1054,0.00146005840233609,0.00453205840233609,Inf,2.71050543121376e-20,0.00025,40,36.9527914878786,1,candidate-elcs,280,0.28672,0.0238933333333334,0.293717333333331,1,3758393408,30450809888,1103131,946125162,1054,1054,0,0,0,1,2528,0,0,2528,0,0,1,0,1,0.001019278837529,2.71050543121376e-20,1,0,0,0,5,213,89,124,310,0,534,0.97940074906367,NaN,NaN
event-driven-candidate-targeted-frontier-falsification,16052021,n10-ring2-zero-loss,N10 ring2 zero-loss,EXP22G targeted frontier,periodic-cost-match,1,10.3799999999999,periodic,Periodic static TDMA / ELCS cost match,none,10,ring2,di,tdma,1,1,0,1,0.26,0.097,0.097,0.0277777777777778,0.0277777777777778,0.0557315801176885,0.536853782976928,0,0,NaN,NaN,NaN,NaN,0.0747684653654802,0.120000000000001,0.140000000000001,0.140000000000001,NaN,NaN,1250,1248,1248,0,0,3245,3245,0,0,0,0,0,0,0,0,0,0,0,0,0,1,32,32,0,0,0,0,0,0,0,0.319487999999959,0,0,0,0.317318137176381,0.365047860111396,0,0,0,0,0,0.319487999999997,3.83385599999996,0,0,0,0,0.766771199999992,104,270.416666666667,0,0.0224820742009483,0.0426989952998075,NaN,NaN,0.999989727258719,3245,0,0,0,0,0,1.2354832,0,1082600,0,410907079,0,268691786,tdma,periodic-frontier,none,full-mission-static-tdma,none,continuous-local-static-tdma,NaN,10.3799999999999,NaN,10.4,10.3333333333333,NaN,NaN,NaN,NaN,NaN,NaN,NaN,NaN,1248,NaN,NaN,NaN,0,0,1,0,NaN,NaN,NaN,NaN,NaN,0,0,NaN,0,0,0.319487999999997,1248,nominal,full,0,0,1949720457054,0,0,0,0,0,0,0,0,1,0,0,0,0,0,0,NaN,0,0,NaN,NaN,10,1,0,0,1,691618746024,2647,1248,0.00146005840233609,0.00453205840233609,Inf,2.77555756156289e-17,0.00025,40,39.5668480254891,1,periodic-static,0,0,0,0.319487999999997,0,NaN,NaN,NaN,NaN,NaN,NaN,NaN,NaN,NaN,NaN,NaN,NaN,NaN,NaN,NaN,NaN,NaN,NaN,NaN,NaN,NaN,NaN,NaN,NaN,NaN,NaN,NaN,NaN,NaN,NaN,NaN,NaN,NaN,NaN,NaN
event-driven-candidate-targeted-frontier-falsification,16052021,n10-ring2-zero-loss,N10 ring2 zero-loss,EXP22G targeted frontier,periodic-cost-minus2pct,2,10.1723999999999,periodic,Periodic static TDMA / 2% below ELCS cost,none,10,ring2,di,tdma,1,1,0,1,0.26,0.097,0.097,0.0277777777777778,0.0277777777777778,0.056305676568585,0.53648974811192,0,0,NaN,NaN,NaN,NaN,0.0756907768848068,0.120000000000001,0.140000000000001,0.140000000000001,NaN,NaN,1220,1220,1220,0,0,3172,3172,0,0,0,0,0,0,0,0,0,0,0,0,0,1,32,32,0,0,0,0,0,0,0,0.31231999999996,0,0,0,0.311215989309866,0.357736178242677,0,0,0,0,0,0.312319999999997,3.74783999999996,0,0,0,0,0.749567999999993,101.666666666667,264.333333333333,0,0.022763618301146,0.0430986175528347,NaN,NaN,1,3172,0,0,0,0,0,1.2230698,0,1082600,0,410907079,0,268439497,tdma,periodic-frontier,none,full-mission-static-tdma,none,continuous-local-static-tdma,NaN,10.1723999999999,NaN,10.1666666666667,10.1666666666667,NaN,NaN,NaN,NaN,NaN,NaN,NaN,NaN,1220,NaN,NaN,NaN,0,0,1,0,NaN,NaN,NaN,NaN,NaN,0,0,NaN,0,0,0.312319999999997,1220,nominal,full,0,0,1949720457054,0,0,0,0,0,0,0,0,1,0,0,0,0,0,0,NaN,0,0,NaN,NaN,10,1,0,0,1,691618746024,2647,1220,0.00146005840233609,0.00453205840233609,Inf,2.77555756156289e-17,0.00025,40,39.5668480254891,1,periodic-static,0,0,0,0.312319999999997,0,NaN,NaN,NaN,NaN,NaN,NaN,NaN,NaN,NaN,NaN,NaN,NaN,NaN,NaN,NaN,NaN,NaN,NaN,NaN,NaN,NaN,NaN,NaN,NaN,NaN,NaN,NaN,NaN,NaN,NaN,NaN,NaN,NaN,NaN,NaN
event-driven-candidate-targeted-frontier-falsification,16052021,n10-ring2-zero-loss,N10 ring2 zero-loss,EXP22G targeted frontier,elcs-f-mission-affine,3,50,periodic,ELCS-F / mission affine clock,none,10,ring2,di,tdma,1,1,0,1,0.26,0.097,0.097,0.0277777777777778,0.0277777777777778,0.0508997496518876,0.54264238939619,0,0,NaN,NaN,NaN,NaN,0.0650861079219287,0.119999999999999,0.120000000000001,0.120000000000001,NaN,NaN,6000,1111,1111,0,0,2898,2898,0,0,0,0,0,0,0,0,0,0,4879,0,0,1,32,32,0,0,0,0,0,0,0,0.215109082372336,0,0,0,0,0,0,0,0,0,0,0.318293333333331,3.41299199999997,0,0,0,0,0.763903999999994,92.5833333333333,241.5,0,0.0100104018855152,0.0189977312499101,NaN,NaN,0.999328826458325,2898,0,0,0,0,0,0.4147528,0,1082600,0,410907079,0,39084521975,tdma,candidate-elcs,none,edge-leased-certified-scheduling,none,continuous-elcs-replay,NaN,50,NaN,9.25833333333333,8.83333333333333,NaN,NaN,NaN,NaN,NaN,NaN,NaN,NaN,1111,NaN,NaN,NaN,0,0,1,0,NaN,NaN,NaN,NaN,NaN,0,0,NaN,0,0,0.318293333333331,1111,nominal,full,1,0,1949720457054,0,0,0,0,0,0,0,0,1,0,0,0,0,0,0,1.04138871794872,1,0,NaN,NaN,10,0,0,0,1,691618746024,1111,1111,0.00146005840233609,0.00453205840233609,Inf,1.11022302462516e-16,0.00025,40,39.5668480254891,1,candidate-elcs,397,0.406528000000003,0.0338773333333336,0.318293333333331,1,4699594720,113116220883,1800674,1563214681,1111,1111,0,0,0,1,2898,0,0,2898,0,0,1,0,1,0.000720742660279328,1.11022302462516e-16,1,0,0,0,10,455,176,279,930,0,1409,0.982966643009226,NaN,NaN
event-driven-candidate-targeted-frontier-falsification,16052022,n5-6dof-zero-loss,N5 6-DOF zero-loss,EXP22G targeted frontier,periodic-cost-match,1,19.1122222222221,periodic,Periodic static TDMA / ELCS cost match,none,5,ring2,6dof,tdma,1,1,0,1,0.48,0.29,0.29,0.0476190476190476,0.0476190476190476,0.0303696044239146,0.558790912168989,0,0,10.1677525658531,12.2998475019298,0,1.0368211355018,0.0418407960199005,0.0600000000000005,0.0800000000000001,0.0800000000000018,NaN,NaN,1145,1145,1145,0,0,2748,2748,0,0,0,0,0,0,0,0,0,0,0,0,0,1,32,32,0,0,0,0,0,0,0,0.293119999999963,0,0,0,0.290133562956013,0.317746918846281,0,0,0,0,0,0.293119999999997,3.51743999999997,0,0,0,0,0.703487999999993,95.4166666666667,229,0,0.0113194755593878,0.0214274590155143,NaN,NaN,1,2748,0,0,0,0,0,1.1037947,0,951907,0,110997400,0,258418643,tdma,periodic-frontier,none,full-mission-static-tdma,none,continuous-local-static-tdma,NaN,19.1122222222221,NaN,19.0833333333333,19.0833333333333,NaN,NaN,NaN,NaN,NaN,NaN,NaN,NaN,1145,NaN,NaN,NaN,0,0,1,0,NaN,NaN,NaN,NaN,NaN,0,0,NaN,0,0,0.293119999999997,1145,nominal,full,0,0,503430179850,0,0,0,0,0,0,0,0,1,0,0,0,0,0,0,NaN,0,0,NaN,NaN,5,1,0,0,1,188960692613,2647,1145,0.00146005840233609,0.00453205840233609,Inf,0,0.00025,40,32.4451577872415,1,periodic-static,0,0,0,0.293119999999997,0,NaN,NaN,NaN,NaN,NaN,NaN,NaN,NaN,NaN,NaN,NaN,NaN,NaN,NaN,NaN,NaN,NaN,NaN,NaN,NaN,NaN,NaN,NaN,NaN,NaN,NaN,NaN,NaN,NaN,NaN,NaN,NaN,NaN,NaN,NaN
event-driven-candidate-targeted-frontier-falsification,16052022,n5-6dof-zero-loss,N5 6-DOF zero-loss,EXP22G targeted frontier,periodic-cost-minus2pct,2,18.7299777777776,periodic,Periodic static TDMA / 2% below ELCS cost,none,5,ring2,6dof,tdma,1,1,0,1,0.48,0.29,0.29,0.0476190476190476,0.0476190476190476,0.0308551965620637,0.558513542387634,0,0,10.1432779715412,12.2867169667293,0,1.03681622466438,0.0425290215588723,0.0800000000000001,0.0800000000000001,0.0800000000000018,NaN,NaN,1125,1125,1125,0,0,2700,2700,0,0,0,0,0,0,0,0,0,0,0,0,0,1,32,32,0,0,0,0,0,0,0,0.287999999999963,0,0,0,0.285913282121035,0.318297433848063,0,0,0,0,0,0.287999999999997,3.45599999999997,0,0,0,0,0.691199999999993,93.75,225,0,0.0113417543172436,0.0215432681639058,NaN,NaN,1,2700,0,0,0,0,0,1.0855817,0,951907,0,110997400,0,258466906,tdma,periodic-frontier,none,full-mission-static-tdma,none,continuous-local-static-tdma,NaN,18.7299777777776,NaN,18.75,18.75,NaN,NaN,NaN,NaN,NaN,NaN,NaN,NaN,1125,NaN,NaN,NaN,0,0,1,0,NaN,NaN,NaN,NaN,NaN,0,0,NaN,0,0,0.287999999999997,1125,nominal,full,0,0,503430179850,0,0,0,0,0,0,0,0,1,0,0,0,0,0,0,NaN,0,0,NaN,NaN,5,1,0,0,1,188960692613,2647,1125,0.00146005840233609,0.00453205840233609,Inf,0,0.00025,40,32.4451577872415,1,periodic-static,0,0,0,0.287999999999997,0,NaN,NaN,NaN,NaN,NaN,NaN,NaN,NaN,NaN,NaN,NaN,NaN,NaN,NaN,NaN,NaN,NaN,NaN,NaN,NaN,NaN,NaN,NaN,NaN,NaN,NaN,NaN,NaN,NaN,NaN,NaN,NaN,NaN,NaN,NaN
event-driven-candidate-targeted-frontier-falsification,16052022,n5-6dof-zero-loss,N5 6-DOF zero-loss,EXP22G targeted frontier,elcs-f-mission-affine,3,50,periodic,ELCS-F / mission affine clock,none,5,ring2,6dof,tdma,1,1,0,1,0.48,0.29,0.29,0.0476190476190476,0.0476190476190476,0.0301471793672834,0.559456979464855,0,0,10.0962661590377,12.2983628494196,0,1.03683976324786,0.0410447761194031,0.0600000000000005,0.0600000000000005,0.0600000000000005,NaN,NaN,3000,1055,1054,0,0,2531,2527,4,0,0,0,0,0,0,4,0.0037914691943128,0,1942,0,0,1,32,32,0,0,0,0,0,0,0,0.293501728368882,0,0,0,0,0,0,0,0,0,0,0.293973333333331,3.24095999999997,0,0,0,0,0.705535999999994,87.8333333333333,210.583333333333,0,0.0100079999877833,0.0189763845760983,NaN,NaN,0.999969395562357,2531,0,0,0,0,0,0.3253603,0,951907,0,110997400,0,16639032474,tdma,candidate-elcs,none,edge-leased-certified-scheduling,none,continuous-elcs-replay,NaN,50,NaN,17.5666666666667,17.4166666666667,NaN,NaN,NaN,NaN,NaN,NaN,NaN,NaN,1055,NaN,NaN,NaN,0,0,1,4,NaN,NaN,NaN,NaN,NaN,0,0,NaN,0,0,0.293973333333331,1055,nominal,full,1,0,503430179850,0,0,0,0,0,0,0,0,1,0,0,0,0,0,0,0.283554993399736,1,0,NaN,NaN,5,1,0,0,1,188960692613,1055,1055,0.00146005840233609,0.00453205840233609,Inf,0,0.00025,40,32.4451577872415,1,candidate-elcs,280,0.28672,0.0238933333333334,0.293973333333331,1,3744604987,30517627348,1103131,948117321,1055,1055,0,0,4,1,2527,0,4,2527,0,4,1,0,1,0.0010343825314294,0,1,0,0,0,5,213,89,124,310,0,534,0.97940074906367,NaN,NaN
event-driven-candidate-targeted-frontier-falsification,16052022,n10-ring2-zero-loss,N10 ring2 zero-loss,EXP22G targeted frontier,periodic-cost-match,1,10.3799999999999,periodic,Periodic static TDMA / ELCS cost match,none,10,ring2,di,tdma,1,1,0,1,0.26,0.097,0.097,0.0277777777777778,0.0277777777777778,0.0556768040889535,0.536530050518623,0,0,NaN,NaN,NaN,NaN,0.0745388442403367,0.120000000000001,0.140000000000001,0.140000000000001,NaN,NaN,1250,1248,1248,0,0,3245,3245,0,0,0,0,0,0,0,0,0,0,0,0,0,1,32,32,0,0,0,0,0,0,0,0.319487999999959,0,0,0,0.316934701296946,0.365039107457656,0,0,0,0,0,0.319487999999997,3.83385599999996,0,0,0,0,0.766771199999992,104,270.416666666667,0,0.0223440383323941,0.0424720053234527,NaN,NaN,0.999989727258719,3245,0,0,0,0,0,1.2324892,0,1488896,0,410907079,0,268691788,tdma,periodic-frontier,none,full-mission-static-tdma,none,continuous-local-static-tdma,NaN,10.3799999999999,NaN,10.4,10.3333333333333,NaN,NaN,NaN,NaN,NaN,NaN,NaN,NaN,1248,NaN,NaN,NaN,0,0,1,0,NaN,NaN,NaN,NaN,NaN,0,0,NaN,0,0,0.319487999999997,1248,nominal,full,0,0,1950784195191,0,0,0,0,0,0,0,0,1,0,0,0,0,0,0,NaN,0,0,NaN,NaN,10,1,0,0,1,692107058395,2647,1248,0.00146005840233609,0.00453205840233609,Inf,0,0.00025,40,37.2447245587524,1,periodic-static,0,0,0,0.319487999999997,0,NaN,NaN,NaN,NaN,NaN,NaN,NaN,NaN,NaN,NaN,NaN,NaN,NaN,NaN,NaN,NaN,NaN,NaN,NaN,NaN,NaN,NaN,NaN,NaN,NaN,NaN,NaN,NaN,NaN,NaN,NaN,NaN,NaN,NaN,NaN
event-driven-candidate-targeted-frontier-falsification,16052022,n10-ring2-zero-loss,N10 ring2 zero-loss,EXP22G targeted frontier,periodic-cost-minus2pct,2,10.1723999999999,periodic,Periodic static TDMA / 2% below ELCS cost,none,10,ring2,di,tdma,1,1,0,1,0.26,0.097,0.097,0.0277777777777778,0.0277777777777778,0.0560530960984655,0.536596771386337,0,0,NaN,NaN,NaN,NaN,0.075399923459625,0.120000000000001,0.140000000000001,0.140000000000001,NaN,NaN,1220,1220,1220,0,0,3172,3172,0,0,0,0,0,0,0,0,0,0,0,0,0,1,32,32,0,0,0,0,0,0,0,0.312319999999959,0,0,0,0.311408818530379,0.353886114596147,0,0,0,0,0,0.312319999999997,3.74783999999996,0,0,0,0,0.749567999999993,101.666666666667,264.333333333333,0,0.0226181734938308,0.0429598243840184,NaN,NaN,1,3172,0,0,0,0,0,1.2357501,0,1488896,0,410907079,0,268439499,tdma,periodic-frontier,none,full-mission-static-tdma,none,continuous-local-static-tdma,NaN,10.1723999999999,NaN,10.1666666666667,10.1666666666667,NaN,NaN,NaN,NaN,NaN,NaN,NaN,NaN,1220,NaN,NaN,NaN,0,0,1,0,NaN,NaN,NaN,NaN,NaN,0,0,NaN,0,0,0.312319999999997,1220,nominal,full,0,0,1950784195191,0,0,0,0,0,0,0,0,1,0,0,0,0,0,0,NaN,0,0,NaN,NaN,10,1,0,0,1,692107058395,2647,1220,0.00146005840233609,0.00453205840233609,Inf,0,0.00025,40,37.2447245587524,1,periodic-static,0,0,0,0.312319999999997,0,NaN,NaN,NaN,NaN,NaN,NaN,NaN,NaN,NaN,NaN,NaN,NaN,NaN,NaN,NaN,NaN,NaN,NaN,NaN,NaN,NaN,NaN,NaN,NaN,NaN,NaN,NaN,NaN,NaN,NaN,NaN,NaN,NaN,NaN,NaN
event-driven-candidate-targeted-frontier-falsification,16052022,n10-ring2-zero-loss,N10 ring2 zero-loss,EXP22G targeted frontier,elcs-f-mission-affine,3,50,periodic,ELCS-F / mission affine clock,none,10,ring2,di,tdma,1,1,0,1,0.26,0.097,0.097,0.0277777777777778,0.0277777777777778,0.0509540779538773,0.542367420682014,0,0,NaN,NaN,NaN,NaN,0.0656410256410255,0.119999999999999,0.120000000000001,0.120000000000001,NaN,NaN,6000,1118,1118,0,0,2910,2910,0,0,0,0,0,0,0,0,0,0,4872,0,0,1,32,32,0,0,0,0,0,0,0,0.214034731231296,0,0,0,0,0,0,0,0,0,0,0.320085333333331,3.43449599999997,0,0,0,0,0.768204799999994,93.1666666666667,242.5,0,0.0101386742594259,0.0191080170167962,NaN,NaN,0.999571357740352,2910,0,0,0,0,0,0.4208733,0,1488896,0,410907079,0,39171318014,tdma,candidate-elcs,none,edge-leased-certified-scheduling,none,continuous-elcs-replay,NaN,50,NaN,9.31666666666667,9,NaN,NaN,NaN,NaN,NaN,NaN,NaN,NaN,1118,NaN,NaN,NaN,0,0,1,0,NaN,NaN,NaN,NaN,NaN,0,0,NaN,0,0,0.320085333333331,1118,nominal,full,1,0,1950784195191,0,0,0,0,0,0,0,0,1,0,0,0,0,0,0,1.04138871794872,1,0,NaN,NaN,10,0,0,0,1,692107058395,1118,1118,0.00146005840233609,0.00453205840233609,Inf,4.06575814682064e-20,0.00025,40,37.2447245587524,1,candidate-elcs,397,0.406528000000003,0.0338773333333336,0.320085333333331,1,4718652736,113297984663,1800674,1583869780,1118,1118,0,0,0,1,2910,0,0,2910,0,0,1,0,1,0.000883658170682367,4.06575814682064e-20,1,0,0,0,10,455,176,279,930,0,1409,0.982966643009226,NaN,NaN
event-driven-candidate-targeted-frontier-falsification,16052023,n5-6dof-zero-loss,N5 6-DOF zero-loss,EXP22G targeted frontier,periodic-cost-match,1,19.1122222222221,periodic,Periodic static TDMA / ELCS cost match,none,5,ring2,6dof,tdma,1,1,0,1,0.48,0.29,0.29,0.0476190476190476,0.0476190476190476,0.0303096207356058,0.558763427786486,0,0,10.1677525658531,12.2998475019298,0,1.03682055191998,0.0418905472636816,0.0799999999999983,0.0800000000000001,0.0800000000000018,NaN,NaN,1145,1145,1145,0,0,2748,2748,0,0,0,0,0,0,0,0,0,0,0,0,0,1,32,32,0,0,0,0,0,0,0,0.293119999999963,0,0,0,0.29074490453136,0.318828198228727,0,0,0,0,0,0.293119999999997,3.51743999999997,0,0,0,0,0.703487999999993,95.4166666666667,229,0,0.011314897937876,0.0214126686438028,NaN,NaN,1,2748,0,0,0,0,0,1.0946408,0,960540,0,110997400,0,258418645,tdma,periodic-frontier,none,full-mission-static-tdma,none,continuous-local-static-tdma,NaN,19.1122222222221,NaN,19.0833333333333,19.0833333333333,NaN,NaN,NaN,NaN,NaN,NaN,NaN,NaN,1145,NaN,NaN,NaN,0,0,1,0,NaN,NaN,NaN,NaN,NaN,0,0,NaN,0,0,0.293119999999997,1145,nominal,full,0,0,504017600758,0,0,0,0,0,0,0,0,1,0,0,0,0,0,0,NaN,0,0,NaN,NaN,5,1,0,0,1,188769104321,2647,1145,0.00146005840233609,0.00453205840233609,Inf,0,0.00025,40,24.0362022445049,1,periodic-static,0,0,0,0.293119999999997,0,NaN,NaN,NaN,NaN,NaN,NaN,NaN,NaN,NaN,NaN,NaN,NaN,NaN,NaN,NaN,NaN,NaN,NaN,NaN,NaN,NaN,NaN,NaN,NaN,NaN,NaN,NaN,NaN,NaN,NaN,NaN,NaN,NaN,NaN,NaN
event-driven-candidate-targeted-frontier-falsification,16052023,n5-6dof-zero-loss,N5 6-DOF zero-loss,EXP22G targeted frontier,periodic-cost-minus2pct,2,18.7299777777776,periodic,Periodic static TDMA / 2% below ELCS cost,none,5,ring2,6dof,tdma,1,1,0,1,0.48,0.29,0.29,0.0476190476190476,0.0476190476190476,0.0308281527054758,0.558351559328346,0,0,10.1432779715412,12.2867169667293,0,1.03681598354351,0.0425704809286899,0.0800000000000001,0.0800000000000001,0.0800000000000018,NaN,NaN,1125,1125,1125,0,0,2700,2700,0,0,0,0,0,0,0,0,0,0,0,0,0,1,32,32,0,0,0,0,0,0,0,0.287999999999963,0,0,0,0.287416812140496,0.318033402677339,0,0,0,0,0,0.287999999999997,3.45599999999997,0,0,0,0,0.691199999999993,93.75,225,0,0.0113574090727213,0.0215338398109711,NaN,NaN,1,2700,0,0,0,0,0,1.2406657,0,960540,0,110997400,0,258466908,tdma,periodic-frontier,none,full-mission-static-tdma,none,continuous-local-static-tdma,NaN,18.7299777777776,NaN,18.75,18.75,NaN,NaN,NaN,NaN,NaN,NaN,NaN,NaN,1125,NaN,NaN,NaN,0,0,1,0,NaN,NaN,NaN,NaN,NaN,0,0,NaN,0,0,0.287999999999997,1125,nominal,full,0,0,504017600758,0,0,0,0,0,0,0,0,1,0,0,0,0,0,0,NaN,0,0,NaN,NaN,5,1,0,0,1,188769104321,2647,1125,0.00146005840233609,0.00453205840233609,Inf,0,0.00025,40,24.0362022445049,1,periodic-static,0,0,0,0.287999999999997,0,NaN,NaN,NaN,NaN,NaN,NaN,NaN,NaN,NaN,NaN,NaN,NaN,NaN,NaN,NaN,NaN,NaN,NaN,NaN,NaN,NaN,NaN,NaN,NaN,NaN,NaN,NaN,NaN,NaN,NaN,NaN,NaN,NaN,NaN,NaN
event-driven-candidate-targeted-frontier-falsification,16052023,n5-6dof-zero-loss,N5 6-DOF zero-loss,EXP22G targeted frontier,elcs-f-mission-affine,3,50,periodic,ELCS-F / mission affine clock,none,5,ring2,6dof,tdma,1,1,0,1,0.48,0.29,0.29,0.0476190476190476,0.0476190476190476,0.0300797515016995,0.559351238544124,0,0,10.0740139133236,12.3162932197183,0,1.03684465749056,0.0408955223880598,0.0600000000000005,0.0600000000000005,0.0600000000000005,NaN,NaN,3000,1055,1052,0,0,2531,2526,5,0,0,0,0,0,0,3,0.0028436018957346,0,1942,0,0,1,32,32,0,0,0,0,0,0,0,0.293482996591028,0,0,0,0,0,0,0,0,0,0,0.293973333333331,3.24095999999997,0,0,0,0,0.705535999999994,87.6666666666667,210.5,0,0.00998528248369039,0.0189694296199211,NaN,NaN,0.999958436864694,2531,0,0,0,0,0,0.3251123,0,960540,0,110997400,0,16628259906,tdma,candidate-elcs,none,edge-leased-certified-scheduling,none,continuous-elcs-replay,NaN,50,NaN,17.5333333333333,17.3333333333333,NaN,NaN,NaN,NaN,NaN,NaN,NaN,NaN,1055,NaN,NaN,NaN,0,0,1,3,NaN,NaN,NaN,NaN,NaN,0,0,NaN,0,0,0.293973333333331,1055,nominal,full,1,0,504017600758,0,0,0,0,0,0,0,0,1,0,0,0,0,0,0,0.283554993399736,1,0,NaN,NaN,5,1,0,0,1,188769104321,1055,1055,0.00146005840233609,0.00453205840233609,Inf,0,0.00025,40,24.0362022445049,1,candidate-elcs,280,0.28672,0.0238933333333334,0.293973333333331,1,3742155173,30394848989,1103131,948114716,1055,1055,0,0,3,1,2526,0,5,2526,0,5,1,0,1,0.00109008736091987,0,1,0,0,0,5,213,89,124,310,0,534,0.97940074906367,NaN,NaN
event-driven-candidate-targeted-frontier-falsification,16052023,n10-ring2-zero-loss,N10 ring2 zero-loss,EXP22G targeted frontier,periodic-cost-match,1,10.3799999999999,periodic,Periodic static TDMA / ELCS cost match,none,10,ring2,di,tdma,1,1,0,1,0.26,0.097,0.097,0.0277777777777778,0.0277777777777778,0.0557444207354789,0.53665109190208,0,0,NaN,NaN,NaN,NaN,0.0748794489092996,0.120000000000001,0.140000000000001,0.140000000000001,NaN,NaN,1250,1249,1249,0,0,3248,3248,0,0,0,0,0,0,0,0,0,0,0,0,0,1,32,32,0,0,0,0,0,0,0,0.319743999999959,0,0,0,0.317792355055337,0.360593262925738,0,0,0,0,0,0.319743999999997,3.83692799999996,0,0,0,0,0.767385599999992,104.083333333333,270.666666666667,0,0.0224031423966757,0.0425574004026933,NaN,NaN,0.999994230806213,3248,0,0,0,0,0,1.2236952,0,858320,0,410907079,0,268691790,tdma,periodic-frontier,none,full-mission-static-tdma,none,continuous-local-static-tdma,NaN,10.3799999999999,NaN,10.4083333333333,10.3333333333333,NaN,NaN,NaN,NaN,NaN,NaN,NaN,NaN,1249,NaN,NaN,NaN,0,0,1,0,NaN,NaN,NaN,NaN,NaN,0,0,NaN,0,0,0.319743999999997,1249,nominal,full,0,0,1949506178814,0,0,0,0,0,0,0,0,1,0,0,0,0,0,0,NaN,0,0,NaN,NaN,10,1,0,0,1,692334474561,2648,1249,0.00146005840233609,0.00453205840233609,Inf,0,0.00025,40,34.2854687456528,1,periodic-static,0,0,0,0.319743999999997,0,NaN,NaN,NaN,NaN,NaN,NaN,NaN,NaN,NaN,NaN,NaN,NaN,NaN,NaN,NaN,NaN,NaN,NaN,NaN,NaN,NaN,NaN,NaN,NaN,NaN,NaN,NaN,NaN,NaN,NaN,NaN,NaN,NaN,NaN,NaN
event-driven-candidate-targeted-frontier-falsification,16052023,n10-ring2-zero-loss,N10 ring2 zero-loss,EXP22G targeted frontier,periodic-cost-minus2pct,2,10.1723999999999,periodic,Periodic static TDMA / 2% below ELCS cost,none,10,ring2,di,tdma,1,1,0,1,0.26,0.097,0.097,0.0277777777777778,0.0277777777777778,0.0562457182992599,0.536481330147533,0,0,NaN,NaN,NaN,NaN,0.0756525066972829,0.120000000000001,0.140000000000001,0.140000000000001,NaN,NaN,1220,1220,1220,0,0,3172,3172,0,0,0,0,0,0,0,0,0,0,0,0,0,1,32,32,0,0,0,0,0,0,0,0.31231999999996,0,0,0,0.312068753983046,0.356474904978196,0,0,0,0,0,0.312319999999997,3.74783999999996,0,0,0,0,0.749567999999993,101.666666666667,264.333333333333,0,0.0227069504520006,0.043177141423542,NaN,NaN,1,3172,0,0,0,0,0,1.2040299,0,858320,0,410907079,0,268439501,tdma,periodic-frontier,none,full-mission-static-tdma,none,continuous-local-static-tdma,NaN,10.1723999999999,NaN,10.1666666666667,10.1666666666667,NaN,NaN,NaN,NaN,NaN,NaN,NaN,NaN,1220,NaN,NaN,NaN,0,0,1,0,NaN,NaN,NaN,NaN,NaN,0,0,NaN,0,0,0.312319999999997,1220,nominal,full,0,0,1949506178814,0,0,0,0,0,0,0,0,1,0,0,0,0,0,0,NaN,0,0,NaN,NaN,10,1,0,0,1,692334474561,2648,1220,0.00146005840233609,0.00453205840233609,Inf,0,0.00025,40,34.2854687456528,1,periodic-static,0,0,0,0.312319999999997,0,NaN,NaN,NaN,NaN,NaN,NaN,NaN,NaN,NaN,NaN,NaN,NaN,NaN,NaN,NaN,NaN,NaN,NaN,NaN,NaN,NaN,NaN,NaN,NaN,NaN,NaN,NaN,NaN,NaN,NaN,NaN,NaN,NaN,NaN,NaN
event-driven-candidate-targeted-frontier-falsification,16052023,n10-ring2-zero-loss,N10 ring2 zero-loss,EXP22G targeted frontier,elcs-f-mission-affine,3,50,periodic,ELCS-F / mission affine clock,none,10,ring2,di,tdma,1,1,0,1,0.26,0.097,0.097,0.0277777777777778,0.0277777777777778,0.0509014107864205,0.542531181796204,0,0,NaN,NaN,NaN,NaN,0.0652965939533102,0.119999999999999,0.120000000000001,0.120000000000001,NaN,NaN,6000,1115,1115,0,0,2908,2908,0,0,0,0,0,0,0,0,0,0,4875,0,0,1,32,32,0,0,0,0,0,0,0,0.212174890888968,0,0,0,0,0,0,0,0,0,0,0.319317333333331,3.42527999999997,0,0,0,0,0.766361599999994,92.9166666666667,242.333333333333,0,0.00998248711355833,0.0189788761021198,NaN,NaN,0.999561816091399,2908,0,0,0,0,0,0.4181702,0,858320,0,410907079,0,39157468741,tdma,candidate-elcs,none,edge-leased-certified-scheduling,none,continuous-elcs-replay,NaN,50,NaN,9.29166666666667,9,NaN,NaN,NaN,NaN,NaN,NaN,NaN,NaN,1115,NaN,NaN,NaN,0,0,1,0,NaN,NaN,NaN,NaN,NaN,0,0,NaN,0,0,0.319317333333331,1115,nominal,full,1,0,1949506178814,0,0,0,0,0,0,0,0,1,0,0,0,0,0,0,1.04138871794872,1,0,NaN,NaN,10,0,0,0,1,692334474561,1115,1115,0.00146005840233609,0.00453205840233609,Inf,1.11022302462516e-16,0.00025,40,34.2854687456528,1,candidate-elcs,397,0.406528000000003,0.0338773333333336,0.319317333333331,1,4735467650,113157468298,1800674,1574971376,1115,1115,0,0,0,1,2908,0,0,2908,0,0,1,0,1,0.00104239977051002,1.11022302462516e-16,1,0,0,0,10,455,176,279,930,0,1409,0.982966643009226,NaN,NaN
event-driven-candidate-targeted-frontier-falsification,16052024,n5-6dof-zero-loss,N5 6-DOF zero-loss,EXP22G targeted frontier,periodic-cost-match,1,19.1122222222221,periodic,Periodic static TDMA / ELCS cost match,none,5,ring2,6dof,tdma,1,1,0,1,0.48,0.29,0.29,0.0476190476190476,0.0476190476190476,0.0303511617627569,0.558752255860544,0,0,10.1677525658531,12.2998475019298,0,1.03682021662141,0.0420315091210613,0.0799999999999996,0.0800000000000001,0.0800000000000018,NaN,NaN,1145,1145,1145,0,0,2748,2748,0,0,0,0,0,0,0,0,0,0,0,0,0,1,32,32,0,0,0,0,0,0,0,0.293119999999963,0,0,0,0.290545222003452,0.318371358471198,0,0,0,0,0,0.293119999999997,3.51743999999997,0,0,0,0,0.703487999999993,95.4166666666667,229,0,0.0113040845562337,0.0214202996906771,NaN,NaN,1,2748,0,0,0,0,0,1.1374423,0,826010,0,110997400,0,258418647,tdma,periodic-frontier,none,full-mission-static-tdma,none,continuous-local-static-tdma,NaN,19.1122222222221,NaN,19.0833333333333,19.0833333333333,NaN,NaN,NaN,NaN,NaN,NaN,NaN,NaN,1145,NaN,NaN,NaN,0,0,1,0,NaN,NaN,NaN,NaN,NaN,0,0,NaN,0,0,0.293119999999997,1145,nominal,full,0,0,503909614139,0,0,0,0,0,0,0,0,1,0,0,0,0,0,0,NaN,0,0,NaN,NaN,5,1,0,0,1,188505219506,2648,1145,0.00146005840233609,0.00453205840233609,Inf,1.38777878078145e-17,0.00025,40,38.0489636305516,1,periodic-static,0,0,0,0.293119999999997,0,NaN,NaN,NaN,NaN,NaN,NaN,NaN,NaN,NaN,NaN,NaN,NaN,NaN,NaN,NaN,NaN,NaN,NaN,NaN,NaN,NaN,NaN,NaN,NaN,NaN,NaN,NaN,NaN,NaN,NaN,NaN,NaN,NaN,NaN,NaN
event-driven-candidate-targeted-frontier-falsification,16052024,n5-6dof-zero-loss,N5 6-DOF zero-loss,EXP22G targeted frontier,periodic-cost-minus2pct,2,18.7299777777776,periodic,Periodic static TDMA / 2% below ELCS cost,none,5,ring2,6dof,tdma,1,1,0,1,0.48,0.29,0.29,0.0476190476190476,0.0476190476190476,0.0308180276253647,0.558466881901271,0,0,10.1432779715412,12.2867169667293,0,1.03681513432231,0.0425041459369818,0.0800000000000001,0.0800000000000001,0.0800000000000018,NaN,NaN,1125,1125,1125,0,0,2700,2700,0,0,0,0,0,0,0,0,0,0,0,0,0,1,32,32,0,0,0,0,0,0,0,0.287999999999964,0,0,0,0.286097960490501,0.318464681048102,0,0,0,0,0,0.287999999999997,3.45599999999997,0,0,0,0,0.691199999999993,93.75,225,0,0.0113072350436298,0.0214838621691924,NaN,NaN,1,2700,0,0,0,0,0,1.0836257,0,826010,0,110997400,0,258466910,tdma,periodic-frontier,none,full-mission-static-tdma,none,continuous-local-static-tdma,NaN,18.7299777777776,NaN,18.75,18.75,NaN,NaN,NaN,NaN,NaN,NaN,NaN,NaN,1125,NaN,NaN,NaN,0,0,1,0,NaN,NaN,NaN,NaN,NaN,0,0,NaN,0,0,0.287999999999997,1125,nominal,full,0,0,503909614139,0,0,0,0,0,0,0,0,1,0,0,0,0,0,0,NaN,0,0,NaN,NaN,5,1,0,0,1,188505219506,2648,1125,0.00146005840233609,0.00453205840233609,Inf,1.38777878078145e-17,0.00025,40,38.0489636305516,1,periodic-static,0,0,0,0.287999999999997,0,NaN,NaN,NaN,NaN,NaN,NaN,NaN,NaN,NaN,NaN,NaN,NaN,NaN,NaN,NaN,NaN,NaN,NaN,NaN,NaN,NaN,NaN,NaN,NaN,NaN,NaN,NaN,NaN,NaN,NaN,NaN,NaN,NaN,NaN,NaN
event-driven-candidate-targeted-frontier-falsification,16052024,n5-6dof-zero-loss,N5 6-DOF zero-loss,EXP22G targeted frontier,elcs-f-mission-affine,3,50,periodic,ELCS-F / mission affine clock,none,5,ring2,6dof,tdma,1,1,0,1,0.48,0.29,0.29,0.0476190476190476,0.0476190476190476,0.0301345887075382,0.559424156809017,0,0,10.163641366929,12.3435967185041,0,1.03686019425794,0.0410447761194031,0.0600000000000005,0.0600000000000005,0.0600000000000005,NaN,NaN,3000,1055,1055,0,0,2529,2529,0,0,0,0,0,0,0,0,0,0,1942,0,0,1,32,32,0,0,0,0,0,0,0,0.293725216556019,0,0,0,0,0,0,0,0,0,0,0.293973333333331,3.24095999999997,0,0,0,0,0.705535999999994,87.9166666666667,210.75,0,0.0100498944052203,0.0189727435943386,NaN,NaN,0.999964063194872,2529,0,0,0,0,0,0.3355957,0,826010,0,110997400,0,16583569248,tdma,candidate-elcs,none,edge-leased-certified-scheduling,none,continuous-elcs-replay,NaN,50,NaN,17.5833333333333,17.4166666666667,NaN,NaN,NaN,NaN,NaN,NaN,NaN,NaN,1055,NaN,NaN,NaN,0,0,1,0,NaN,NaN,NaN,NaN,NaN,0,0,NaN,0,0,0.293973333333331,1055,nominal,full,1,0,503909614139,0,0,0,0,0,0,0,0,1,0,0,0,0,0,0,0.283554993399736,1,0,NaN,NaN,5,1,0,0,1,188505219506,1055,1055,0.00146005840233609,0.00453205840233609,Inf,2.71050543121376e-20,0.00025,40,38.0489636305516,1,candidate-elcs,280,0.28672,0.0238933333333334,0.293973333333331,1,3739311688,30475591800,1103131,948104440,1055,1055,0,0,0,1,2529,0,0,2529,0,0,1,0,1,0.000680410646120677,2.71050543121376e-20,1,0,0,0,5,213,89,124,310,0,534,0.97940074906367,NaN,NaN
event-driven-candidate-targeted-frontier-falsification,16052024,n10-ring2-zero-loss,N10 ring2 zero-loss,EXP22G targeted frontier,periodic-cost-match,1,10.3799999999999,periodic,Periodic static TDMA / ELCS cost match,none,10,ring2,di,tdma,1,1,0,1,0.26,0.097,0.097,0.0277777777777778,0.0277777777777778,0.0557179407249473,0.536906956454225,0,0,NaN,NaN,NaN,NaN,0.0747952544967469,0.120000000000001,0.140000000000001,0.140000000000001,NaN,NaN,1250,1248,1248,0,0,3245,3245,0,0,0,0,0,0,0,0,0,0,0,0,0,1,32,32,0,0,0,0,0,0,0,0.319487999999958,0,0,0,0.318464084088429,0.363580665272404,0,0,0,0,0,0.319487999999997,3.83385599999996,0,0,0,0,0.766771199999992,104,270.416666666667,0,0.0224595231999573,0.0425891479006626,NaN,NaN,0.999989727258719,3245,0,0,0,0,0,1.2668826,0,158851,0,410907079,0,268691792,tdma,periodic-frontier,none,full-mission-static-tdma,none,continuous-local-static-tdma,NaN,10.3799999999999,NaN,10.4,10.3333333333333,NaN,NaN,NaN,NaN,NaN,NaN,NaN,NaN,1248,NaN,NaN,NaN,0,0,1,0,NaN,NaN,NaN,NaN,NaN,0,0,NaN,0,0,0.319487999999997,1248,nominal,full,0,0,1951165378418,0,0,0,0,0,0,0,0,1,0,0,0,0,0,0,NaN,0,0,NaN,NaN,10,1,0,0,1,692194175777,2647,1248,0.00146005840233609,0.00453205840233609,Inf,0,0.00025,40,39.9342285509918,1,periodic-static,0,0,0,0.319487999999997,0,NaN,NaN,NaN,NaN,NaN,NaN,NaN,NaN,NaN,NaN,NaN,NaN,NaN,NaN,NaN,NaN,NaN,NaN,NaN,NaN,NaN,NaN,NaN,NaN,NaN,NaN,NaN,NaN,NaN,NaN,NaN,NaN,NaN,NaN,NaN
event-driven-candidate-targeted-frontier-falsification,16052024,n10-ring2-zero-loss,N10 ring2 zero-loss,EXP22G targeted frontier,periodic-cost-minus2pct,2,10.1723999999999,periodic,Periodic static TDMA / 2% below ELCS cost,none,10,ring2,di,tdma,1,1,0,1,0.26,0.097,0.097,0.0277777777777778,0.0277777777777778,0.0562696763997042,0.536373453542863,0,0,NaN,NaN,NaN,NaN,0.075633371603521,0.120000000000001,0.140000000000001,0.140000000000001,NaN,NaN,1220,1220,1220,0,0,3172,3172,0,0,0,0,0,0,0,0,0,0,0,0,0,1,32,32,0,0,0,0,0,0,0,0.31231999999996,0,0,0,0.311195432166457,0.357132667547302,0,0,0,0,0,0.312319999999997,3.74783999999996,0,0,0,0,0.749567999999993,101.666666666667,264.333333333333,0,0.0228525945165035,0.0432864269367442,NaN,NaN,1,3172,0,0,0,0,0,1.2092314,0,158851,0,410907079,0,268439503,tdma,periodic-frontier,none,full-mission-static-tdma,none,continuous-local-static-tdma,NaN,10.1723999999999,NaN,10.1666666666667,10.1666666666667,NaN,NaN,NaN,NaN,NaN,NaN,NaN,NaN,1220,NaN,NaN,NaN,0,0,1,0,NaN,NaN,NaN,NaN,NaN,0,0,NaN,0,0,0.312319999999997,1220,nominal,full,0,0,1951165378418,0,0,0,0,0,0,0,0,1,0,0,0,0,0,0,NaN,0,0,NaN,NaN,10,1,0,0,1,692194175777,2647,1220,0.00146005840233609,0.00453205840233609,Inf,0,0.00025,40,39.9342285509918,1,periodic-static,0,0,0,0.312319999999997,0,NaN,NaN,NaN,NaN,NaN,NaN,NaN,NaN,NaN,NaN,NaN,NaN,NaN,NaN,NaN,NaN,NaN,NaN,NaN,NaN,NaN,NaN,NaN,NaN,NaN,NaN,NaN,NaN,NaN,NaN,NaN,NaN,NaN,NaN,NaN
event-driven-candidate-targeted-frontier-falsification,16052024,n10-ring2-zero-loss,N10 ring2 zero-loss,EXP22G targeted frontier,elcs-f-mission-affine,3,50,periodic,ELCS-F / mission affine clock,none,10,ring2,di,tdma,1,1,0,1,0.26,0.097,0.097,0.0277777777777778,0.0277777777777778,0.0508999348364839,0.542478364693369,0,0,NaN,NaN,NaN,NaN,0.0653157290470722,0.119999999999999,0.120000000000001,0.120000000000001,NaN,NaN,6000,1113,1113,0,0,2904,2904,0,0,0,0,0,0,0,0,0,0,4877,0,0,1,32,32,0,0,0,0,0,0,0,0.214128146649689,0,0,0,0,0,0,0,0,0,0,0.318805333333331,3.41913599999997,0,0,0,0,0.765132799999994,92.75,242,0,0.0100332761992509,0.0190092874922808,NaN,NaN,0.999531205874047,2904,0,0,0,0,0,0.433058,0,158851,0,410907079,0,39147573423,tdma,candidate-elcs,none,edge-leased-certified-scheduling,none,continuous-elcs-replay,NaN,50,NaN,9.275,8.91666666666667,NaN,NaN,NaN,NaN,NaN,NaN,NaN,NaN,1113,NaN,NaN,NaN,0,0,1,0,NaN,NaN,NaN,NaN,NaN,0,0,NaN,0,0,0.318805333333331,1113,nominal,full,1,0,1951165378418,0,0,0,0,0,0,0,0,1,0,0,0,0,0,0,1.04138871794872,1,0,NaN,NaN,10,0,0,0,1,692194175777,1113,1113,0.00146005840233609,0.00453205840233609,Inf,1.11022302462516e-16,0.00025,40,39.9342285509918,1,candidate-elcs,397,0.406528000000003,0.0338773333333336,0.318805333333331,1,4700477560,113289935755,1800674,1569087676,1113,1113,0,0,0,1,2904,0,0,2904,0,0,1,0,1,0.000566048763278815,1.11022302462516e-16,1,0,0,0,10,455,176,279,930,0,1409,0.982966643009226,NaN,NaN
event-driven-candidate-targeted-frontier-falsification,16052025,n5-6dof-zero-loss,N5 6-DOF zero-loss,EXP22G targeted frontier,periodic-cost-match,1,19.1122222222221,periodic,Periodic static TDMA / ELCS cost match,none,5,ring2,6dof,tdma,1,1,0,1,0.48,0.29,0.29,0.0476190476190476,0.0476190476190476,0.0303811563880465,0.558668650188672,0,0,10.1677525658531,12.2998475019298,0,1.0368205160012,0.0420149253731343,0.0799999999999996,0.0800000000000001,0.0800000000000018,NaN,NaN,1145,1145,1145,0,0,2748,2748,0,0,0,0,0,0,0,0,0,0,0,0,0,1,32,32,0,0,0,0,0,0,0,0.293119999999963,0,0,0,0.291809795895337,0.320826939469956,0,0,0,0,0,0.293119999999997,3.51743999999997,0,0,0,0,0.703487999999993,95.4166666666667,229,0,0.0113447793112131,0.0214442000369587,NaN,NaN,1,2748,0,0,0,0,0,1.216505,0,884969,0,110997400,0,258418649,tdma,periodic-frontier,none,full-mission-static-tdma,none,continuous-local-static-tdma,NaN,19.1122222222221,NaN,19.0833333333333,19.0833333333333,NaN,NaN,NaN,NaN,NaN,NaN,NaN,NaN,1145,NaN,NaN,NaN,0,0,1,0,NaN,NaN,NaN,NaN,NaN,0,0,NaN,0,0,0.293119999999997,1145,nominal,full,0,0,503561429031,0,0,0,0,0,0,0,0,1,0,0,0,0,0,0,NaN,0,0,NaN,NaN,5,1,0,0,1,188822638685,2648,1145,0.00146005840233609,0.00453205840233609,Inf,0,0.00025,40,32.0589006634466,1,periodic-static,0,0,0,0.293119999999997,0,NaN,NaN,NaN,NaN,NaN,NaN,NaN,NaN,NaN,NaN,NaN,NaN,NaN,NaN,NaN,NaN,NaN,NaN,NaN,NaN,NaN,NaN,NaN,NaN,NaN,NaN,NaN,NaN,NaN,NaN,NaN,NaN,NaN,NaN,NaN
event-driven-candidate-targeted-frontier-falsification,16052025,n5-6dof-zero-loss,N5 6-DOF zero-loss,EXP22G targeted frontier,periodic-cost-minus2pct,2,18.7299777777776,periodic,Periodic static TDMA / 2% below ELCS cost,none,5,ring2,6dof,tdma,1,1,0,1,0.48,0.29,0.29,0.0476190476190476,0.0476190476190476,0.0308205769424921,0.55848419919169,0,0,10.1432779715412,12.2867169667293,0,1.03681624049487,0.0424461028192372,0.0800000000000001,0.0800000000000001,0.0800000000000018,NaN,NaN,1125,1125,1125,0,0,2700,2700,0,0,0,0,0,0,0,0,0,0,0,0,0,1,32,32,0,0,0,0,0,0,0,0.287999999999963,0,0,0,0.287521172375764,0.320096160446741,0,0,0,0,0,0.287999999999997,3.45599999999997,0,0,0,0,0.691199999999993,93.75,225,0,0.0112858349999856,0.0214602103822376,NaN,NaN,1,2700,0,0,0,0,0,1.0939884,0,884969,0,110997400,0,258466912,tdma,periodic-frontier,none,full-mission-static-tdma,none,continuous-local-static-tdma,NaN,18.7299777777776,NaN,18.75,18.75,NaN,NaN,NaN,NaN,NaN,NaN,NaN,NaN,1125,NaN,NaN,NaN,0,0,1,0,NaN,NaN,NaN,NaN,NaN,0,0,NaN,0,0,0.287999999999997,1125,nominal,full,0,0,503561429031,0,0,0,0,0,0,0,0,1,0,0,0,0,0,0,NaN,0,0,NaN,NaN,5,1,0,0,1,188822638685,2648,1125,0.00146005840233609,0.00453205840233609,Inf,0,0.00025,40,32.0589006634466,1,periodic-static,0,0,0,0.287999999999997,0,NaN,NaN,NaN,NaN,NaN,NaN,NaN,NaN,NaN,NaN,NaN,NaN,NaN,NaN,NaN,NaN,NaN,NaN,NaN,NaN,NaN,NaN,NaN,NaN,NaN,NaN,NaN,NaN,NaN,NaN,NaN,NaN,NaN,NaN,NaN
event-driven-candidate-targeted-frontier-falsification,16052025,n5-6dof-zero-loss,N5 6-DOF zero-loss,EXP22G targeted frontier,elcs-f-mission-affine,3,50,periodic,ELCS-F / mission affine clock,none,5,ring2,6dof,tdma,1,1,0,1,0.48,0.29,0.29,0.0476190476190476,0.0476190476190476,0.0301207510966664,0.559392957811978,0,0,10.0667871616466,12.3151719829184,0,1.03684355781026,0.0409286898839139,0.0600000000000005,0.0600000000000005,0.0600000000000005,NaN,NaN,3000,1054,1054,0,0,2528,2528,0,0,0,0,0,0,0,0,0,0,1943,0,0,1,32,32,0,0,0,0,0,0,0,0.293468033883172,0,0,0,0,0,0,0,0,0,0,0.293717333333331,3.23788799999997,0,0,0,0,0.704921599999994,87.8333333333333,210.666666666667,0,0.00998964426475863,0.018924651667106,NaN,NaN,0.999942393202398,2528,0,0,0,0,0,0.3203815,0,884969,0,110997400,0,16582270815,tdma,candidate-elcs,none,edge-leased-certified-scheduling,none,continuous-elcs-replay,NaN,50,NaN,17.5666666666667,17.3333333333333,NaN,NaN,NaN,NaN,NaN,NaN,NaN,NaN,1054,NaN,NaN,NaN,0,0,1,0,NaN,NaN,NaN,NaN,NaN,0,0,NaN,0,0,0.293717333333331,1054,nominal,full,1,0,503561429031,0,0,0,0,0,0,0,0,1,0,0,0,0,0,0,0.283554993399736,1,0,NaN,NaN,5,1,0,0,1,188822638685,1054,1054,0.00146005840233609,0.00453205840233609,Inf,5.42101086242752e-20,0.00025,40,32.0589006634466,1,candidate-elcs,280,0.28672,0.0238933333333334,0.293717333333331,1,3751468346,30422214348,1103131,946123030,1054,1054,0,0,0,1,2528,0,0,2528,0,0,1,0,1,0.000646446832483605,5.42101086242752e-20,1,0,0,0,5,213,89,124,310,0,534,0.97940074906367,NaN,NaN
event-driven-candidate-targeted-frontier-falsification,16052025,n10-ring2-zero-loss,N10 ring2 zero-loss,EXP22G targeted frontier,periodic-cost-match,1,10.3799999999999,periodic,Periodic static TDMA / ELCS cost match,none,10,ring2,di,tdma,1,1,0,1,0.26,0.097,0.097,0.0277777777777778,0.0277777777777778,0.0557599319372765,0.53658075686418,0,0,NaN,NaN,NaN,NaN,0.0747952544967469,0.120000000000001,0.140000000000001,0.140000000000001,NaN,NaN,1250,1248,1248,0,0,3245,3245,0,0,0,0,0,0,0,0,0,0,0,0,0,1,32,32,0,0,0,0,0,0,0,0.31948799999996,0,0,0,0.31707039726059,0.365185441441882,0,0,0,0,0,0.319487999999997,3.83385599999996,0,0,0,0,0.766771199999992,104,270.416666666667,0,0.0224298574893505,0.042560098487172,NaN,NaN,0.999989727258719,3245,0,0,0,0,0,1.1971197,0,1555653,0,410907079,0,268691794,tdma,periodic-frontier,none,full-mission-static-tdma,none,continuous-local-static-tdma,NaN,10.3799999999999,NaN,10.4,10.3333333333333,NaN,NaN,NaN,NaN,NaN,NaN,NaN,NaN,1248,NaN,NaN,NaN,0,0,1,0,NaN,NaN,NaN,NaN,NaN,0,0,NaN,0,0,0.319487999999997,1248,nominal,full,0,0,1951191033295,0,0,0,0,0,0,0,0,1,0,0,0,0,0,0,NaN,0,0,NaN,NaN,10,1,0,0,1,691735432092,2647,1248,0.00146005840233609,0.00453205840233609,Inf,0,0.00025,40,39.5891652756961,1,periodic-static,0,0,0,0.319487999999997,0,NaN,NaN,NaN,NaN,NaN,NaN,NaN,NaN,NaN,NaN,NaN,NaN,NaN,NaN,NaN,NaN,NaN,NaN,NaN,NaN,NaN,NaN,NaN,NaN,NaN,NaN,NaN,NaN,NaN,NaN,NaN,NaN,NaN,NaN,NaN
event-driven-candidate-targeted-frontier-falsification,16052025,n10-ring2-zero-loss,N10 ring2 zero-loss,EXP22G targeted frontier,periodic-cost-minus2pct,2,10.1723999999999,periodic,Periodic static TDMA / 2% below ELCS cost,none,10,ring2,di,tdma,1,1,0,1,0.26,0.097,0.097,0.0277777777777778,0.0277777777777778,0.0561330391165411,0.536411758179856,0,0,NaN,NaN,NaN,NaN,0.0756333716035209,0.120000000000001,0.140000000000001,0.140000000000001,NaN,NaN,1220,1220,1220,0,0,3172,3172,0,0,0,0,0,0,0,0,0,0,0,0,0,1,32,32,0,0,0,0,0,0,0,0.312319999999961,0,0,0,0.311892584546777,0.353337364421208,0,0,0,0,0,0.312319999999997,3.74783999999996,0,0,0,0,0.749567999999993,101.666666666667,264.333333333333,0,0.0227444300836695,0.0431751340122586,NaN,NaN,1,3172,0,0,0,0,0,1.249681,0,1555653,0,410907079,0,268439505,tdma,periodic-frontier,none,full-mission-static-tdma,none,continuous-local-static-tdma,NaN,10.1723999999999,NaN,10.1666666666667,10.1666666666667,NaN,NaN,NaN,NaN,NaN,NaN,NaN,NaN,1220,NaN,NaN,NaN,0,0,1,0,NaN,NaN,NaN,NaN,NaN,0,0,NaN,0,0,0.312319999999997,1220,nominal,full,0,0,1951191033295,0,0,0,0,0,0,0,0,1,0,0,0,0,0,0,NaN,0,0,NaN,NaN,10,1,0,0,1,691735432092,2647,1220,0.00146005840233609,0.00453205840233609,Inf,0,0.00025,40,39.5891652756961,1,periodic-static,0,0,0,0.312319999999997,0,NaN,NaN,NaN,NaN,NaN,NaN,NaN,NaN,NaN,NaN,NaN,NaN,NaN,NaN,NaN,NaN,NaN,NaN,NaN,NaN,NaN,NaN,NaN,NaN,NaN,NaN,NaN,NaN,NaN,NaN,NaN,NaN,NaN,NaN,NaN
event-driven-candidate-targeted-frontier-falsification,16052025,n10-ring2-zero-loss,N10 ring2 zero-loss,EXP22G targeted frontier,elcs-f-mission-affine,3,50,periodic,ELCS-F / mission affine clock,none,10,ring2,di,tdma,1,1,0,1,0.26,0.097,0.097,0.0277777777777778,0.0277777777777778,0.0508609595171069,0.542535863332873,0,0,NaN,NaN,NaN,NaN,0.0654688097971679,0.119999999999999,0.120000000000001,0.120000000000001,NaN,NaN,6000,1113,1112,0,0,2904,2896,8,0,0,0,0,0,0,4,0.00359389038634322,0,4877,0,0,1,32,32,0,0,0,0,0,0,0,0.210805611186621,0,0,0,0,0,0,0,0,0,0,0.318805333333331,3.41913599999997,0,0,0,0,0.765132799999994,92.6666666666667,241.333333333333,0,0.00997676624565932,0.018970021702788,NaN,NaN,0.999518243691094,2904,0,0,0,0,0,0.4209768,0,1555653,0,410907079,0,39141348547,tdma,candidate-elcs,none,edge-leased-certified-scheduling,none,continuous-elcs-replay,NaN,50,NaN,9.26666666666667,8.91666666666667,NaN,NaN,NaN,NaN,NaN,NaN,NaN,NaN,1113,NaN,NaN,NaN,0,0,1,4,NaN,NaN,NaN,NaN,NaN,0,0,NaN,0,0,0.318805333333331,1113,nominal,full,1,0,1951191033295,0,0,0,0,0,0,0,0,1,0,0,0,0,0,0,1.04138871794872,1,0,NaN,NaN,10,0,0,0,1,691735432092,1113,1113,0.00146005840233609,0.00453205840233609,Inf,1.11022302462516e-16,0.00025,40,39.5891652756961,1,candidate-elcs,397,0.406528000000003,0.0338773333333336,0.318805333333331,1,4693565432,113178313801,1800674,1569091757,1113,1113,0,0,4,1,2896,0,8,2896,0,8,1,0,1,0.000403910464042312,1.11022302462516e-16,1,0,0,0,10,455,176,279,930,0,1409,0.982966643009226,NaN,NaN
event-driven-candidate-targeted-frontier-falsification,16052026,n5-6dof-zero-loss,N5 6-DOF zero-loss,EXP22G targeted frontier,periodic-cost-match,1,19.1122222222221,periodic,Periodic static TDMA / ELCS cost match,none,5,ring2,6dof,tdma,1,1,0,1,0.48,0.29,0.29,0.0476190476190476,0.0476190476190476,0.0303825108011128,0.55874576113641,0,0,10.1677525658531,12.2998475019298,0,1.03682089475121,0.041849087893864,0.0600000000000005,0.0800000000000001,0.0800000000000018,NaN,NaN,1145,1145,1145,0,0,2748,2748,0,0,0,0,0,0,0,0,0,0,0,0,0,1,32,32,0,0,0,0,0,0,0,0.293119999999962,0,0,0,0.292806579843015,0.321520956735697,0,0,0,0,0,0.293119999999997,3.51743999999997,0,0,0,0,0.703487999999993,95.4166666666667,229,0,0.0113771490670044,0.0214003798156916,NaN,NaN,1,2748,0,0,0,0,0,1.1080104,0,628246,0,110997400,0,258418651,tdma,periodic-frontier,none,full-mission-static-tdma,none,continuous-local-static-tdma,NaN,19.1122222222221,NaN,19.0833333333333,19.0833333333333,NaN,NaN,NaN,NaN,NaN,NaN,NaN,NaN,1145,NaN,NaN,NaN,0,0,1,0,NaN,NaN,NaN,NaN,NaN,0,0,NaN,0,0,0.293119999999997,1145,nominal,full,0,0,503573414427,0,0,0,0,0,0,0,0,1,0,0,0,0,0,0,NaN,0,0,NaN,NaN,5,1,0,0,1,188968588518,2648,1145,0.00146005840233609,0.00453205840233609,Inf,8.88178419700125e-16,0.00025,40,31.10089930798,1,periodic-static,0,0,0,0.293119999999997,0,NaN,NaN,NaN,NaN,NaN,NaN,NaN,NaN,NaN,NaN,NaN,NaN,NaN,NaN,NaN,NaN,NaN,NaN,NaN,NaN,NaN,NaN,NaN,NaN,NaN,NaN,NaN,NaN,NaN,NaN,NaN,NaN,NaN,NaN,NaN
event-driven-candidate-targeted-frontier-falsification,16052026,n5-6dof-zero-loss,N5 6-DOF zero-loss,EXP22G targeted frontier,periodic-cost-minus2pct,2,18.7299777777776,periodic,Periodic static TDMA / 2% below ELCS cost,none,5,ring2,6dof,tdma,1,1,0,1,0.48,0.29,0.29,0.0476190476190476,0.0476190476190476,0.0307968117672234,0.5586094269713,0,0,10.1432779715412,12.2867169667293,0,1.03681705169207,0.0424295190713101,0.0800000000000001,0.0800000000000001,0.0800000000000018,NaN,NaN,1125,1125,1125,0,0,2700,2700,0,0,0,0,0,0,0,0,0,0,0,0,0,1,32,32,0,0,0,0,0,0,0,0.287999999999963,0,0,0,0.287544445244154,0.319020197101924,0,0,0,0,0,0.287999999999997,3.45599999999997,0,0,0,0,0.691199999999993,93.75,225,0,0.0112815479179584,0.0214576953589971,NaN,NaN,1,2700,0,0,0,0,0,1.1068356,0,628246,0,110997400,0,258466914,tdma,periodic-frontier,none,full-mission-static-tdma,none,continuous-local-static-tdma,NaN,18.7299777777776,NaN,18.75,18.75,NaN,NaN,NaN,NaN,NaN,NaN,NaN,NaN,1125,NaN,NaN,NaN,0,0,1,0,NaN,NaN,NaN,NaN,NaN,0,0,NaN,0,0,0.287999999999997,1125,nominal,full,0,0,503573414427,0,0,0,0,0,0,0,0,1,0,0,0,0,0,0,NaN,0,0,NaN,NaN,5,1,0,0,1,188968588518,2648,1125,0.00146005840233609,0.00453205840233609,Inf,8.88178419700125e-16,0.00025,40,31.10089930798,1,periodic-static,0,0,0,0.287999999999997,0,NaN,NaN,NaN,NaN,NaN,NaN,NaN,NaN,NaN,NaN,NaN,NaN,NaN,NaN,NaN,NaN,NaN,NaN,NaN,NaN,NaN,NaN,NaN,NaN,NaN,NaN,NaN,NaN,NaN,NaN,NaN,NaN,NaN,NaN,NaN
event-driven-candidate-targeted-frontier-falsification,16052026,n5-6dof-zero-loss,N5 6-DOF zero-loss,EXP22G targeted frontier,elcs-f-mission-affine,3,50,periodic,ELCS-F / mission affine clock,none,5,ring2,6dof,tdma,1,1,0,1,0.48,0.29,0.29,0.0476190476190476,0.0476190476190476,0.0300985248395651,0.559344310203013,0,0,10.1776606536032,12.3392302374347,0,1.03686165704087,0.0409121061359868,0.0600000000000005,0.0600000000000005,0.0600000000000005,NaN,NaN,3000,1053,1053,0,0,2527,2527,0,0,0,0,0,0,0,0,0,0,1944,0,0,1,32,32,0,0,0,0,0,0,0,0.293461333333323,0,0,0,0,0,0,0,0,0,0,0.293461333333331,3.23481599999997,0,0,0,0,0.704307199999994,87.75,210.583333333333,0,0.0100003048391933,0.0189376889029933,NaN,NaN,0.999958515766263,2527,0,0,0,0,0,0.3337552,0,628246,0,110997400,0,16578788240,tdma,candidate-elcs,none,edge-leased-certified-scheduling,none,continuous-elcs-replay,NaN,50,NaN,17.55,17.4166666666667,NaN,NaN,NaN,NaN,NaN,NaN,NaN,NaN,1053,NaN,NaN,NaN,0,0,1,0,NaN,NaN,NaN,NaN,NaN,0,0,NaN,0,0,0.293461333333331,1053,nominal,full,1,0,503573414427,0,0,0,0,0,0,0,0,1,0,0,0,0,0,0,0.283554993399736,1,0,NaN,NaN,5,1,0,0,1,188968588518,1053,1053,0.00146005840233609,0.00453205840233609,Inf,2.71050543121376e-20,0.00025,40,31.10089930798,1,candidate-elcs,280,0.28672,0.0238933333333334,0.293461333333331,1,3739597121,30440467885,1103131,944148158,1053,1053,0,0,0,1,2527,0,0,2527,0,0,1,0,1,0.000499984855814262,2.71050543121376e-20,1,0,0,0,5,213,89,124,310,0,534,0.97940074906367,NaN,NaN
event-driven-candidate-targeted-frontier-falsification,16052026,n10-ring2-zero-loss,N10 ring2 zero-loss,EXP22G targeted frontier,periodic-cost-match,1,10.3799999999999,periodic,Periodic static TDMA / ELCS cost match,none,10,ring2,di,tdma,1,1,0,1,0.26,0.097,0.097,0.0277777777777778,0.0277777777777778,0.0556578848796309,0.536955461536468,0,0,NaN,NaN,NaN,NaN,0.0748335246842708,0.120000000000001,0.140000000000001,0.140000000000001,NaN,NaN,1250,1249,1249,0,0,3248,3248,0,0,0,0,0,0,0,0,0,0,0,0,0,1,32,32,0,0,0,0,0,0,0,0.319743999999958,0,0,0,0.316636456932241,0.359386561726382,0,0,0,0,0,0.319743999999997,3.83692799999996,0,0,0,0,0.767385599999992,104.083333333333,270.666666666667,0,0.0224603271393989,0.0426165651559415,NaN,NaN,0.999994230806213,3248,0,0,0,0,0,1.2021983,0,1205194,0,410907079,0,268691796,tdma,periodic-frontier,none,full-mission-static-tdma,none,continuous-local-static-tdma,NaN,10.3799999999999,NaN,10.4083333333333,10.3333333333333,NaN,NaN,NaN,NaN,NaN,NaN,NaN,NaN,1249,NaN,NaN,NaN,0,0,1,0,NaN,NaN,NaN,NaN,NaN,0,0,NaN,0,0,0.319743999999997,1249,nominal,full,0,0,1950330348011,0,0,0,0,0,0,0,0,1,0,0,0,0,0,0,NaN,0,0,NaN,NaN,10,1,0,0,1,692002222434,2648,1249,0.00146005840233609,0.00453205840233609,Inf,0,0.00025,40,39.261741873886,1,periodic-static,0,0,0,0.319743999999997,0,NaN,NaN,NaN,NaN,NaN,NaN,NaN,NaN,NaN,NaN,NaN,NaN,NaN,NaN,NaN,NaN,NaN,NaN,NaN,NaN,NaN,NaN,NaN,NaN,NaN,NaN,NaN,NaN,NaN,NaN,NaN,NaN,NaN,NaN,NaN
event-driven-candidate-targeted-frontier-falsification,16052026,n10-ring2-zero-loss,N10 ring2 zero-loss,EXP22G targeted frontier,periodic-cost-minus2pct,2,10.1723999999999,periodic,Periodic static TDMA / 2% below ELCS cost,none,10,ring2,di,tdma,1,1,0,1,0.26,0.097,0.097,0.0277777777777778,0.0277777777777778,0.0562582984663021,0.536338625800707,0,0,NaN,NaN,NaN,NaN,0.0754994259471872,0.120000000000001,0.140000000000001,0.140000000000001,NaN,NaN,1220,1220,1220,0,0,3172,3172,0,0,0,0,0,0,0,0,0,0,0,0,0,1,32,32,0,0,0,0,0,0,0,0.312319999999959,0,0,0,0.311437912160531,0.352740123219766,0,0,0,0,0,0.312319999999997,3.74783999999996,0,0,0,0,0.749567999999993,101.666666666667,264.333333333333,0,0.0226910302995194,0.0432191752706814,NaN,NaN,1,3172,0,0,0,0,0,1.2710045,0,1205194,0,410907079,0,268439507,tdma,periodic-frontier,none,full-mission-static-tdma,none,continuous-local-static-tdma,NaN,10.1723999999999,NaN,10.1666666666667,10.1666666666667,NaN,NaN,NaN,NaN,NaN,NaN,NaN,NaN,1220,NaN,NaN,NaN,0,0,1,0,NaN,NaN,NaN,NaN,NaN,0,0,NaN,0,0,0.312319999999997,1220,nominal,full,0,0,1950330348011,0,0,0,0,0,0,0,0,1,0,0,0,0,0,0,NaN,0,0,NaN,NaN,10,1,0,0,1,692002222434,2648,1220,0.00146005840233609,0.00453205840233609,Inf,0,0.00025,40,39.261741873886,1,periodic-static,0,0,0,0.312319999999997,0,NaN,NaN,NaN,NaN,NaN,NaN,NaN,NaN,NaN,NaN,NaN,NaN,NaN,NaN,NaN,NaN,NaN,NaN,NaN,NaN,NaN,NaN,NaN,NaN,NaN,NaN,NaN,NaN,NaN,NaN,NaN,NaN,NaN,NaN,NaN
event-driven-candidate-targeted-frontier-falsification,16052026,n10-ring2-zero-loss,N10 ring2 zero-loss,EXP22G targeted frontier,elcs-f-mission-affine,3,50,periodic,ELCS-F / mission affine clock,none,10,ring2,di,tdma,1,1,0,1,0.26,0.097,0.097,0.0277777777777778,0.0277777777777778,0.0508815014634329,0.542436533911157,0,0,NaN,NaN,NaN,NaN,0.0652583237657863,0.119999999999999,0.120000000000001,0.120000000000001,NaN,NaN,6000,1113,1113,0,0,2907,2903,4,0,0,0,0,0,0,2,0.00179694519317161,0,4877,0,0,1,32,32,0,0,0,0,0,0,0,0.209199155367958,0,0,0,0,0,0,0,0,0,0,0.318805333333331,3.41913599999997,0,0,0,0,0.765132799999994,92.75,241.916666666667,0,0.0100396087869138,0.0190028990613499,NaN,NaN,0.999434435686221,2907,0,0,0,0,0,0.4190706,0,1205194,0,410907079,0,39116086258,tdma,candidate-elcs,none,edge-leased-certified-scheduling,none,continuous-elcs-replay,NaN,50,NaN,9.275,8.91666666666667,NaN,NaN,NaN,NaN,NaN,NaN,NaN,NaN,1113,NaN,NaN,NaN,0,0,1,2,NaN,NaN,NaN,NaN,NaN,0,0,NaN,0,0,0.318805333333331,1113,nominal,full,1,0,1950330348011,0,0,0,0,0,0,0,0,1,0,0,0,0,0,0,1.04138871794872,1,0,NaN,NaN,10,0,0,0,1,692002222434,1113,1113,0.00146005840233609,0.00453205840233609,Inf,1.11022302462516e-16,0.00025,40,39.261741873886,1,candidate-elcs,397,0.406528000000003,0.0338773333333336,0.318805333333331,1,4693102896,113250313145,1800674,1569101247,1113,1113,0,0,2,1,2903,0,4,2903,0,4,1,0,1,0.000671417551851405,1.11022302462516e-16,1,0,0,0,10,455,176,279,930,0,1409,0.982966643009226,NaN,NaN
event-driven-candidate-targeted-frontier-falsification,16052027,n5-6dof-zero-loss,N5 6-DOF zero-loss,EXP22G targeted frontier,periodic-cost-match,1,19.1122222222221,periodic,Periodic static TDMA / ELCS cost match,none,5,ring2,6dof,tdma,1,1,0,1,0.48,0.29,0.29,0.0476190476190476,0.0476190476190476,0.0304395298736528,0.558759515175879,0,0,10.1933435234848,12.2978652199561,0,1.03682241863929,0.0419734660033167,0.0600000000000005,0.0800000000000001,0.0800000000000018,NaN,NaN,1145,1145,1145,0,0,2748,2748,0,0,0,0,0,0,0,0,0,0,0,0,0,1,32,32,0,0,0,0,0,0,0,0.293119999999963,0,0,0,0.290935691945572,0.320925505051219,0,0,0,0,0,0.293119999999997,3.51743999999997,0,0,0,0,0.703487999999993,95.4166666666667,229,0,0.0114222044646566,0.0215036296081731,NaN,NaN,1,2748,0,0,0,0,0,1.1032683,0,913393,0,110997400,0,258418653,tdma,periodic-frontier,none,full-mission-static-tdma,none,continuous-local-static-tdma,NaN,19.1122222222221,NaN,19.0833333333333,19.0833333333333,NaN,NaN,NaN,NaN,NaN,NaN,NaN,NaN,1145,NaN,NaN,NaN,0,0,1,0,NaN,NaN,NaN,NaN,NaN,0,0,NaN,0,0,0.293119999999997,1145,nominal,full,0,0,503450980297,0,0,0,0,0,0,0,0,1,0,0,0,0,0,0,NaN,0,0,NaN,NaN,5,1,0,0,1,188592516171,2647,1145,0.00146005840233609,0.00453205840233609,Inf,2.77555756156289e-17,0.00025,40,35.4785118050657,1,periodic-static,0,0,0,0.293119999999997,0,NaN,NaN,NaN,NaN,NaN,NaN,NaN,NaN,NaN,NaN,NaN,NaN,NaN,NaN,NaN,NaN,NaN,NaN,NaN,NaN,NaN,NaN,NaN,NaN,NaN,NaN,NaN,NaN,NaN,NaN,NaN,NaN,NaN,NaN,NaN
event-driven-candidate-targeted-frontier-falsification,16052027,n5-6dof-zero-loss,N5 6-DOF zero-loss,EXP22G targeted frontier,periodic-cost-minus2pct,2,18.7299777777776,periodic,Periodic static TDMA / 2% below ELCS cost,none,5,ring2,6dof,tdma,1,1,0,1,0.48,0.29,0.29,0.0476190476190476,0.0476190476190476,0.0308983255180467,0.558526941902595,0,0,10.1703554414682,12.2844004505978,0,1.03681876292928,0.0426533996683251,0.0800000000000001,0.0800000000000001,0.0800000000000018,NaN,NaN,1125,1125,1125,0,0,2700,2700,0,0,0,0,0,0,0,0,0,0,0,0,0,1,32,32,0,0,0,0,0,0,0,0.287999999999963,0,0,0,0.286334557531178,0.322541360103949,0,0,0,0,0,0.287999999999997,3.45599999999997,0,0,0,0,0.691199999999993,93.75,225,0,0.0113426824416549,0.0214940811782993,NaN,NaN,1,2700,0,0,0,0,0,1.1015238,0,913393,0,110997400,0,258466916,tdma,periodic-frontier,none,full-mission-static-tdma,none,continuous-local-static-tdma,NaN,18.7299777777776,NaN,18.75,18.75,NaN,NaN,NaN,NaN,NaN,NaN,NaN,NaN,1125,NaN,NaN,NaN,0,0,1,0,NaN,NaN,NaN,NaN,NaN,0,0,NaN,0,0,0.287999999999997,1125,nominal,full,0,0,503450980297,0,0,0,0,0,0,0,0,1,0,0,0,0,0,0,NaN,0,0,NaN,NaN,5,1,0,0,1,188592516171,2647,1125,0.00146005840233609,0.00453205840233609,Inf,2.77555756156289e-17,0.00025,40,35.4785118050657,1,periodic-static,0,0,0,0.287999999999997,0,NaN,NaN,NaN,NaN,NaN,NaN,NaN,NaN,NaN,NaN,NaN,NaN,NaN,NaN,NaN,NaN,NaN,NaN,NaN,NaN,NaN,NaN,NaN,NaN,NaN,NaN,NaN,NaN,NaN,NaN,NaN,NaN,NaN,NaN,NaN
event-driven-candidate-targeted-frontier-falsification,16052027,n5-6dof-zero-loss,N5 6-DOF zero-loss,EXP22G targeted frontier,elcs-f-mission-affine,3,50,periodic,ELCS-F / mission affine clock,none,5,ring2,6dof,tdma,1,1,0,1,0.48,0.29,0.29,0.0476190476190476,0.0476190476190476,0.0301171567116028,0.559461884498847,0,0,10.1153826423919,12.3151573143248,0,1.03683968492493,0.041011608623549,0.0600000000000005,0.0600000000000005,0.0600000000000005,NaN,NaN,3000,1055,1055,0,0,2532,2532,0,0,0,0,0,0,0,0,0,0,1942,0,0,1,32,32,0,0,0,0,0,0,0,0.293973333333323,0,0,0,0,0,0,0,0,0,0,0.293973333333331,3.24095999999997,0,0,0,0,0.705535999999994,87.9166666666667,211,0,0.0100299734643163,0.0189934918764347,NaN,NaN,0.999982031274567,2532,0,0,0,0,0,0.32171,0,913393,0,110997400,0,16618291016,tdma,candidate-elcs,none,edge-leased-certified-scheduling,none,continuous-elcs-replay,NaN,50,NaN,17.5833333333333,17.5,NaN,NaN,NaN,NaN,NaN,NaN,NaN,NaN,1055,NaN,NaN,NaN,0,0,1,0,NaN,NaN,NaN,NaN,NaN,0,0,NaN,0,0,0.293973333333331,1055,nominal,full,1,0,503450980297,0,0,0,0,0,0,0,0,1,0,0,0,0,0,0,0.283554993399736,1,0,NaN,NaN,5,1,0,0,1,188592516171,1055,1055,0.00146005840233609,0.00453205840233609,Inf,5.42101086242752e-20,0.00025,40,35.4785118050657,1,candidate-elcs,280,0.28672,0.0238933333333334,0.293973333333331,1,3740405553,30485903236,1103131,948121367,1055,1055,0,0,0,1,2532,0,0,2532,0,0,1,0,1,0.000971577667353785,5.42101086242752e-20,1,0,0,0,5,213,89,124,310,0,534,0.97940074906367,NaN,NaN
event-driven-candidate-targeted-frontier-falsification,16052027,n10-ring2-zero-loss,N10 ring2 zero-loss,EXP22G targeted frontier,periodic-cost-match,1,10.3799999999999,periodic,Periodic static TDMA / ELCS cost match,none,10,ring2,di,tdma,1,1,0,1,0.26,0.097,0.097,0.0277777777777778,0.0277777777777778,0.0556555372450595,0.536664948781072,0,0,NaN,NaN,NaN,NaN,0.0747493302717182,0.120000000000001,0.140000000000001,0.140000000000001,NaN,NaN,1250,1248,1248,0,0,3245,3245,0,0,0,0,0,0,0,0,0,0,0,0,0,1,32,32,0,0,0,0,0,0,0,0.319487999999958,0,0,0,0.317370096952747,0.362580743909611,0,0,0,0,0,0.319487999999997,3.83385599999996,0,0,0,0,0.766771199999992,104,270.416666666667,0,0.022426425284723,0.0426957851911522,NaN,NaN,0.999989727258719,3245,0,0,0,0,0,1.2110166,0,1378218,0,410907079,0,268691798,tdma,periodic-frontier,none,full-mission-static-tdma,none,continuous-local-static-tdma,NaN,10.3799999999999,NaN,10.4,10.3333333333333,NaN,NaN,NaN,NaN,NaN,NaN,NaN,NaN,1248,NaN,NaN,NaN,0,0,1,0,NaN,NaN,NaN,NaN,NaN,0,0,NaN,0,0,0.319487999999997,1248,nominal,full,0,0,1950510810433,0,0,0,0,0,0,0,0,1,0,0,0,0,0,0,NaN,0,0,NaN,NaN,10,1,0,0,1,691982513787,2647,1248,0.00146005840233609,0.00453205840233609,Inf,0,0.00025,40,30.5645602146018,1,periodic-static,0,0,0,0.319487999999997,0,NaN,NaN,NaN,NaN,NaN,NaN,NaN,NaN,NaN,NaN,NaN,NaN,NaN,NaN,NaN,NaN,NaN,NaN,NaN,NaN,NaN,NaN,NaN,NaN,NaN,NaN,NaN,NaN,NaN,NaN,NaN,NaN,NaN,NaN,NaN
event-driven-candidate-targeted-frontier-falsification,16052027,n10-ring2-zero-loss,N10 ring2 zero-loss,EXP22G targeted frontier,periodic-cost-minus2pct,2,10.1723999999999,periodic,Periodic static TDMA / 2% below ELCS cost,none,10,ring2,di,tdma,1,1,0,1,0.26,0.097,0.097,0.0277777777777778,0.0277777777777778,0.0560565728972666,0.536671730672419,0,0,NaN,NaN,NaN,NaN,0.0754611557596633,0.120000000000001,0.140000000000001,0.140000000000001,NaN,NaN,1220,1220,1220,0,0,3172,3172,0,0,0,0,0,0,0,0,0,0,0,0,0,1,32,32,0,0,0,0,0,0,0,0.312319999999959,0,0,0,0.311913806046508,0.357299166699663,0,0,0,0,0,0.312319999999997,3.74783999999996,0,0,0,0,0.749567999999993,101.666666666667,264.333333333333,0,0.0226699680051046,0.0429856873560187,NaN,NaN,1,3172,0,0,0,0,0,1.2318478,0,1378218,0,410907079,0,268439509,tdma,periodic-frontier,none,full-mission-static-tdma,none,continuous-local-static-tdma,NaN,10.1723999999999,NaN,10.1666666666667,10.1666666666667,NaN,NaN,NaN,NaN,NaN,NaN,NaN,NaN,1220,NaN,NaN,NaN,0,0,1,0,NaN,NaN,NaN,NaN,NaN,0,0,NaN,0,0,0.312319999999997,1220,nominal,full,0,0,1950510810433,0,0,0,0,0,0,0,0,1,0,0,0,0,0,0,NaN,0,0,NaN,NaN,10,1,0,0,1,691982513787,2647,1220,0.00146005840233609,0.00453205840233609,Inf,0,0.00025,40,30.5645602146018,1,periodic-static,0,0,0,0.312319999999997,0,NaN,NaN,NaN,NaN,NaN,NaN,NaN,NaN,NaN,NaN,NaN,NaN,NaN,NaN,NaN,NaN,NaN,NaN,NaN,NaN,NaN,NaN,NaN,NaN,NaN,NaN,NaN,NaN,NaN,NaN,NaN,NaN,NaN,NaN,NaN
event-driven-candidate-targeted-frontier-falsification,16052027,n10-ring2-zero-loss,N10 ring2 zero-loss,EXP22G targeted frontier,elcs-f-mission-affine,3,50,periodic,ELCS-F / mission affine clock,none,10,ring2,di,tdma,1,1,0,1,0.26,0.097,0.097,0.0277777777777778,0.0277777777777778,0.0508631046813171,0.542642210241607,0,0,NaN,NaN,NaN,NaN,0.065411404515882,0.119999999999999,0.120000000000001,0.120000000000001,NaN,NaN,6000,1117,1115,0,0,2916,2905,11,0,0,0,0,0,0,5,0.0044762757385855,0,4873,0,0,1,32,32,0,0,0,0,0,0,0,0.212754453153197,0,0,0,0,0,0,0,0,0,0,0.319829333333331,3.43142399999997,0,0,0,0,0.767590399999994,92.9166666666667,242.083333333333,0,0.0100739079929538,0.0189678771488456,NaN,NaN,0.999593963320013,2916,0,0,0,0,0,0.4123328,0,1378218,0,410907079,0,39132582767,tdma,candidate-elcs,none,edge-leased-certified-scheduling,none,continuous-elcs-replay,NaN,50,NaN,9.29166666666667,9,NaN,NaN,NaN,NaN,NaN,NaN,NaN,NaN,1117,NaN,NaN,NaN,0,0,1,5,NaN,NaN,NaN,NaN,NaN,0,0,NaN,0,0,0.319829333333331,1117,nominal,full,1,0,1950510810433,0,0,0,0,0,0,0,0,1,0,0,0,0,0,0,1.04138871794872,1,0,NaN,NaN,10,0,0,0,1,691982513787,1117,1117,0.00146005840233609,0.00453205840233609,Inf,1.11022302462516e-16,0.00025,40,30.5645602146018,1,candidate-elcs,397,0.406528000000003,0.0338773333333336,0.319829333333331,1,4736563426,113102204745,1800674,1580938663,1117,1117,0,0,5,1,2905,0,11,2905,0,11,1,0,1,0.00107247618443473,1.11022302462516e-16,1,0,0,0,10,455,176,279,930,0,1409,0.982966643009226,NaN,NaN
event-driven-candidate-targeted-frontier-falsification,16052028,n5-6dof-zero-loss,N5 6-DOF zero-loss,EXP22G targeted frontier,periodic-cost-match,1,19.1122222222221,periodic,Periodic static TDMA / ELCS cost match,none,5,ring2,6dof,tdma,1,1,0,1,0.48,0.29,0.29,0.0476190476190476,0.0476190476190476,0.0304173132715283,0.558519954704324,0,0,10.1677525658531,12.2998475019298,0,1.0368205284277,0.0420812603648424,0.0800000000000001,0.0800000000000001,0.0800000000000018,NaN,NaN,1145,1145,1145,0,0,2748,2748,0,0,0,0,0,0,0,0,0,0,0,0,0,1,32,32,0,0,0,0,0,0,0,0.293119999999963,0,0,0,0.292700157145495,0.327758626530916,0,0,0,0,0,0.293119999999997,3.51743999999997,0,0,0,0,0.703487999999993,95.4166666666667,229,0,0.0113695602818555,0.0214689796970724,NaN,NaN,1,2748,0,0,0,0,0,1.109922,0,291997,0,110997400,0,258418655,tdma,periodic-frontier,none,full-mission-static-tdma,none,continuous-local-static-tdma,NaN,19.1122222222221,NaN,19.0833333333333,19.0833333333333,NaN,NaN,NaN,NaN,NaN,NaN,NaN,NaN,1145,NaN,NaN,NaN,0,0,1,0,NaN,NaN,NaN,NaN,NaN,0,0,NaN,0,0,0.293119999999997,1145,nominal,full,0,0,503009030757,0,0,0,0,0,0,0,0,1,0,0,0,0,0,0,NaN,0,0,NaN,NaN,5,1,0,0,1,188523009063,2648,1145,0.00146005840233609,0.00453205840233609,Inf,0,0.00025,40,33.8508521504932,1,periodic-static,0,0,0,0.293119999999997,0,NaN,NaN,NaN,NaN,NaN,NaN,NaN,NaN,NaN,NaN,NaN,NaN,NaN,NaN,NaN,NaN,NaN,NaN,NaN,NaN,NaN,NaN,NaN,NaN,NaN,NaN,NaN,NaN,NaN,NaN,NaN,NaN,NaN,NaN,NaN
event-driven-candidate-targeted-frontier-falsification,16052028,n5-6dof-zero-loss,N5 6-DOF zero-loss,EXP22G targeted frontier,periodic-cost-minus2pct,2,18.7299777777776,periodic,Periodic static TDMA / 2% below ELCS cost,none,5,ring2,6dof,tdma,1,1,0,1,0.48,0.29,0.29,0.0476190476190476,0.0476190476190476,0.0308330721025495,0.558378728223969,0,0,10.1432779715412,12.2867169667293,0,1.03681582207626,0.0424543946932007,0.0800000000000001,0.0800000000000001,0.0800000000000018,NaN,NaN,1125,1125,1125,0,0,2700,2700,0,0,0,0,0,0,0,0,0,0,0,0,0,1,32,32,0,0,0,0,0,0,0,0.287999999999963,0,0,0,0.287944294777818,0.332795403719108,0,0,0,0,0,0.287999999999997,3.45599999999997,0,0,0,0,0.691199999999993,93.75,225,0,0.0113483627515504,0.0215011384454666,NaN,NaN,1,2700,0,0,0,0,0,1.0824538,0,291997,0,110997400,0,258466918,tdma,periodic-frontier,none,full-mission-static-tdma,none,continuous-local-static-tdma,NaN,18.7299777777776,NaN,18.75,18.75,NaN,NaN,NaN,NaN,NaN,NaN,NaN,NaN,1125,NaN,NaN,NaN,0,0,1,0,NaN,NaN,NaN,NaN,NaN,0,0,NaN,0,0,0.287999999999997,1125,nominal,full,0,0,503009030757,0,0,0,0,0,0,0,0,1,0,0,0,0,0,0,NaN,0,0,NaN,NaN,5,1,0,0,1,188523009063,2648,1125,0.00146005840233609,0.00453205840233609,Inf,0,0.00025,40,33.8508521504932,1,periodic-static,0,0,0,0.287999999999997,0,NaN,NaN,NaN,NaN,NaN,NaN,NaN,NaN,NaN,NaN,NaN,NaN,NaN,NaN,NaN,NaN,NaN,NaN,NaN,NaN,NaN,NaN,NaN,NaN,NaN,NaN,NaN,NaN,NaN,NaN,NaN,NaN,NaN,NaN,NaN
event-driven-candidate-targeted-frontier-falsification,16052028,n5-6dof-zero-loss,N5 6-DOF zero-loss,EXP22G targeted frontier,elcs-f-mission-affine,3,50,periodic,ELCS-F / mission affine clock,none,5,ring2,6dof,tdma,1,1,0,1,0.48,0.29,0.29,0.0476190476190476,0.0476190476190476,0.030120080439568,0.55935461186378,0,0,10.0849524570941,12.3386899115144,0,1.03686228328929,0.0409452736318409,0.0600000000000005,0.0600000000000005,0.0600000000000005,NaN,NaN,3000,1051,1051,0,0,2523,2523,0,0,0,0,0,0,0,0,0,0,1946,0,0,1,32,32,0,0,0,0,0,0,0,0.292949333333323,0,0,0,0,0,0,0,0,0,0,0.292949333333331,3.22867199999997,0,0,0,0,0.703078399999994,87.5833333333333,210.25,0,0.0100568036614071,0.0190191170708236,NaN,NaN,0.999942063883621,2523,0,0,0,0,0,0.3254645,0,291997,0,110997400,0,16572251465,tdma,candidate-elcs,none,edge-leased-certified-scheduling,none,continuous-elcs-replay,NaN,50,NaN,17.5166666666667,17.3333333333333,NaN,NaN,NaN,NaN,NaN,NaN,NaN,NaN,1051,NaN,NaN,NaN,0,0,1,0,NaN,NaN,NaN,NaN,NaN,0,0,NaN,0,0,0.292949333333331,1051,nominal,full,1,0,503009030757,0,0,0,0,0,0,0,0,1,0,0,0,0,0,0,0.283554993399736,1,0,NaN,NaN,5,1,0,0,1,188523009063,1051,1051,0.00146005840233609,0.00453205840233609,Inf,2.71050543121376e-20,0.00025,40,33.8508521504932,1,candidate-elcs,280,0.28672,0.0238933333333334,0.292949333333331,1,3754663186,30566679501,1103131,944385931,1051,1051,0,0,0,1,2523,0,0,2523,0,0,1,0,1,0.000569708175241601,2.71050543121376e-20,1,0,0,0,5,213,89,124,310,0,534,0.97940074906367,NaN,NaN
event-driven-candidate-targeted-frontier-falsification,16052028,n10-ring2-zero-loss,N10 ring2 zero-loss,EXP22G targeted frontier,periodic-cost-match,1,10.3799999999999,periodic,Periodic static TDMA / ELCS cost match,none,10,ring2,di,tdma,1,1,0,1,0.26,0.097,0.097,0.0277777777777778,0.0277777777777778,0.0557005279275479,0.536492481374885,0,0,NaN,NaN,NaN,NaN,0.0747110600841943,0.120000000000001,0.140000000000001,0.140000000000001,NaN,NaN,1250,1248,1248,0,0,3245,3245,0,0,0,0,0,0,0,0,0,0,0,0,0,1,32,32,0,0,0,0,0,0,0,0.319487999999958,0,0,0,0.318363070608505,0.36219689556767,0,0,0,0,0,0.319487999999997,3.83385599999996,0,0,0,0,0.766771199999992,104,270.416666666667,0,0.0224328454787138,0.0426345105950294,NaN,NaN,0.999989727258719,3245,0,0,0,0,0,1.2958988,0,1612586,0,410907079,0,268691800,tdma,periodic-frontier,none,full-mission-static-tdma,none,continuous-local-static-tdma,NaN,10.3799999999999,NaN,10.4,10.3333333333333,NaN,NaN,NaN,NaN,NaN,NaN,NaN,NaN,1248,NaN,NaN,NaN,0,0,1,0,NaN,NaN,NaN,NaN,NaN,0,0,NaN,0,0,0.319487999999997,1248,nominal,full,0,0,1950543104344,0,0,0,0,0,0,0,0,1,0,0,0,0,0,0,NaN,0,0,NaN,NaN,10,1,0,0,1,692399242606,2647,1248,0.00146005840233609,0.00453205840233609,Inf,2.77555756156289e-17,0.00025,40,33.8837897522246,1,periodic-static,0,0,0,0.319487999999997,0,NaN,NaN,NaN,NaN,NaN,NaN,NaN,NaN,NaN,NaN,NaN,NaN,NaN,NaN,NaN,NaN,NaN,NaN,NaN,NaN,NaN,NaN,NaN,NaN,NaN,NaN,NaN,NaN,NaN,NaN,NaN,NaN,NaN,NaN,NaN
event-driven-candidate-targeted-frontier-falsification,16052028,n10-ring2-zero-loss,N10 ring2 zero-loss,EXP22G targeted frontier,periodic-cost-minus2pct,2,10.1723999999999,periodic,Periodic static TDMA / 2% below ELCS cost,none,10,ring2,di,tdma,1,1,0,1,0.26,0.097,0.097,0.0277777777777778,0.0277777777777778,0.0561885186590221,0.536435537152839,0,0,NaN,NaN,NaN,NaN,0.0756716417910449,0.120000000000001,0.140000000000001,0.140000000000001,NaN,NaN,1220,1220,1220,0,0,3172,3172,0,0,0,0,0,0,0,0,0,0,0,0,0,1,32,32,0,0,0,0,0,0,0,0.312319999999958,0,0,0,0.312666735990588,0.356492538582055,0,0,0,0,0,0.312319999999997,3.74783999999996,0,0,0,0,0.749567999999993,101.666666666667,264.333333333333,0,0.0227121449150966,0.0431093703328831,NaN,NaN,1,3172,0,0,0,0,0,1.245372,0,1612586,0,410907079,0,268439511,tdma,periodic-frontier,none,full-mission-static-tdma,none,continuous-local-static-tdma,NaN,10.1723999999999,NaN,10.1666666666667,10.1666666666667,NaN,NaN,NaN,NaN,NaN,NaN,NaN,NaN,1220,NaN,NaN,NaN,0,0,1,0,NaN,NaN,NaN,NaN,NaN,0,0,NaN,0,0,0.312319999999997,1220,nominal,full,0,0,1950543104344,0,0,0,0,0,0,0,0,1,0,0,0,0,0,0,NaN,0,0,NaN,NaN,10,1,0,0,1,692399242606,2647,1220,0.00146005840233609,0.00453205840233609,Inf,2.77555756156289e-17,0.00025,40,33.8837897522246,1,periodic-static,0,0,0,0.312319999999997,0,NaN,NaN,NaN,NaN,NaN,NaN,NaN,NaN,NaN,NaN,NaN,NaN,NaN,NaN,NaN,NaN,NaN,NaN,NaN,NaN,NaN,NaN,NaN,NaN,NaN,NaN,NaN,NaN,NaN,NaN,NaN,NaN,NaN,NaN,NaN
event-driven-candidate-targeted-frontier-falsification,16052028,n10-ring2-zero-loss,N10 ring2 zero-loss,EXP22G targeted frontier,elcs-f-mission-affine,3,50,periodic,ELCS-F / mission affine clock,none,10,ring2,di,tdma,1,1,0,1,0.26,0.097,0.097,0.0277777777777778,0.0277777777777778,0.0508609804855071,0.542716206778411,0,0,NaN,NaN,NaN,NaN,0.065411404515882,0.119999999999999,0.120000000000001,0.120000000000001,NaN,NaN,6000,1115,1115,0,0,2908,2908,0,0,0,0,0,0,0,0,0,0,4875,0,0,1,32,32,0,0,0,0,0,0,0,0.214963596724455,0,0,0,0,0,0,0,0,0,0,0.319317333333331,3.42527999999997,0,0,0,0,0.766361599999994,92.9166666666667,242.333333333333,0,0.0100443660835973,0.0189735521652008,NaN,NaN,0.999449317072779,2908,0,0,0,0,0,0.4097993,0,1612586,0,410907079,0,39128276365,tdma,candidate-elcs,none,edge-leased-certified-scheduling,none,continuous-elcs-replay,NaN,50,NaN,9.29166666666667,8.91666666666667,NaN,NaN,NaN,NaN,NaN,NaN,NaN,NaN,1115,NaN,NaN,NaN,0,0,1,0,NaN,NaN,NaN,NaN,NaN,0,0,NaN,0,0,0.319317333333331,1115,nominal,full,1,0,1950543104344,0,0,0,0,0,0,0,0,1,0,0,0,0,0,0,1.04138871794872,1,0,NaN,NaN,10,0,0,0,1,692399242606,1115,1115,0.00146005840233609,0.00453205840233609,Inf,1.11022302462516e-16,0.00025,40,33.8837897522246,1,candidate-elcs,397,0.406528000000003,0.0338773333333336,0.319317333333331,1,4692453943,113138369859,1800674,1574955243,1115,1115,0,0,0,1,2908,0,0,2908,0,0,1,0,1,0.000848197159402986,1.11022302462516e-16,1,0,0,0,10,455,176,279,930,0,1409,0.982966643009226,NaN,NaN
event-driven-candidate-targeted-frontier-falsification,16052029,n5-6dof-zero-loss,N5 6-DOF zero-loss,EXP22G targeted frontier,periodic-cost-match,1,19.1122222222221,periodic,Periodic static TDMA / ELCS cost match,none,5,ring2,6dof,tdma,1,1,0,1,0.48,0.29,0.29,0.0476190476190476,0.0476190476190476,0.0304028883124977,0.558815494204692,0,0,10.1677525658531,12.2998475019298,0,1.03682069787012,0.0418076285240464,0.0600000000000005,0.0800000000000001,0.0800000000000018,NaN,NaN,1145,1145,1145,0,0,2748,2748,0,0,0,0,0,0,0,0,0,0,0,0,0,1,32,32,0,0,0,0,0,0,0,0.293119999999962,0,0,0,0.29290148563215,0.328250537297501,0,0,0,0,0,0.293119999999997,3.51743999999997,0,0,0,0,0.703487999999993,95.4166666666667,229,0,0.0113654502585437,0.0214218931251485,NaN,NaN,1,2748,0,0,0,0,0,1.10991,0,1402980,0,110997400,0,258418657,tdma,periodic-frontier,none,full-mission-static-tdma,none,continuous-local-static-tdma,NaN,19.1122222222221,NaN,19.0833333333333,19.0833333333333,NaN,NaN,NaN,NaN,NaN,NaN,NaN,NaN,1145,NaN,NaN,NaN,0,0,1,0,NaN,NaN,NaN,NaN,NaN,0,0,NaN,0,0,0.293119999999997,1145,nominal,full,0,0,503353307865,0,0,0,0,0,0,0,0,1,0,0,0,0,0,0,NaN,0,0,NaN,NaN,5,1,0,0,1,188959714427,2647,1145,0.00146005840233609,0.00453205840233609,Inf,2.77555756156289e-17,0.00025,40,38.1620787855638,1,periodic-static,0,0,0,0.293119999999997,0,NaN,NaN,NaN,NaN,NaN,NaN,NaN,NaN,NaN,NaN,NaN,NaN,NaN,NaN,NaN,NaN,NaN,NaN,NaN,NaN,NaN,NaN,NaN,NaN,NaN,NaN,NaN,NaN,NaN,NaN,NaN,NaN,NaN,NaN,NaN
event-driven-candidate-targeted-frontier-falsification,16052029,n5-6dof-zero-loss,N5 6-DOF zero-loss,EXP22G targeted frontier,periodic-cost-minus2pct,2,18.7299777777776,periodic,Periodic static TDMA / 2% below ELCS cost,none,5,ring2,6dof,tdma,1,1,0,1,0.48,0.29,0.29,0.0476190476190476,0.0476190476190476,0.0308626501014085,0.558573857319459,0,0,10.1432779715412,12.2867169667293,0,1.03681678701757,0.0425041459369818,0.0800000000000001,0.0800000000000001,0.0800000000000018,NaN,NaN,1125,1125,1125,0,0,2700,2700,0,0,0,0,0,0,0,0,0,0,0,0,0,1,32,32,0,0,0,0,0,0,0,0.287999999999964,0,0,0,0.286961415272636,0.316586957488967,0,0,0,0,0,0.287999999999997,3.45599999999997,0,0,0,0,0.691199999999993,93.75,225,0,0.0113270067869363,0.0215096451079436,NaN,NaN,1,2700,0,0,0,0,0,1.1117213,0,1402980,0,110997400,0,258466920,tdma,periodic-frontier,none,full-mission-static-tdma,none,continuous-local-static-tdma,NaN,18.7299777777776,NaN,18.75,18.75,NaN,NaN,NaN,NaN,NaN,NaN,NaN,NaN,1125,NaN,NaN,NaN,0,0,1,0,NaN,NaN,NaN,NaN,NaN,0,0,NaN,0,0,0.287999999999997,1125,nominal,full,0,0,503353307865,0,0,0,0,0,0,0,0,1,0,0,0,0,0,0,NaN,0,0,NaN,NaN,5,1,0,0,1,188959714427,2647,1125,0.00146005840233609,0.00453205840233609,Inf,2.77555756156289e-17,0.00025,40,38.1620787855638,1,periodic-static,0,0,0,0.287999999999997,0,NaN,NaN,NaN,NaN,NaN,NaN,NaN,NaN,NaN,NaN,NaN,NaN,NaN,NaN,NaN,NaN,NaN,NaN,NaN,NaN,NaN,NaN,NaN,NaN,NaN,NaN,NaN,NaN,NaN,NaN,NaN,NaN,NaN,NaN,NaN
event-driven-candidate-targeted-frontier-falsification,16052029,n5-6dof-zero-loss,N5 6-DOF zero-loss,EXP22G targeted frontier,elcs-f-mission-affine,3,50,periodic,ELCS-F / mission affine clock,none,5,ring2,6dof,tdma,1,1,0,1,0.48,0.29,0.29,0.0476190476190476,0.0476190476190476,0.0301259633351291,0.559380705196887,0,0,10.0933625911043,12.3389731727364,0,1.03685853363282,0.0410447761194031,0.0600000000000005,0.0600000000000005,0.0600000000000005,NaN,NaN,3000,1052,1052,0,0,2525,2525,0,0,0,0,0,0,0,0,0,0,1945,0,0,1,32,32,0,0,0,0,0,0,0,0.293205333333323,0,0,0,0,0,0,0,0,0,0,0.293205333333331,3.23174399999997,0,0,0,0,0.703692799999994,87.6666666666667,210.416666666667,0,0.0100372477985079,0.0189738901942216,NaN,NaN,0.999976507368554,2525,0,0,0,0,0,0.3258142,0,1402980,0,110997400,0,16554919684,tdma,candidate-elcs,none,edge-leased-certified-scheduling,none,continuous-elcs-replay,NaN,50,NaN,17.5333333333333,17.4166666666667,NaN,NaN,NaN,NaN,NaN,NaN,NaN,NaN,1052,NaN,NaN,NaN,0,0,1,0,NaN,NaN,NaN,NaN,NaN,0,0,NaN,0,0,0.293205333333331,1052,nominal,full,1,0,503353307865,0,0,0,0,0,0,0,0,1,0,0,0,0,0,0,0.283554993399736,1,0,NaN,NaN,5,1,0,0,1,188959714427,1052,1052,0.00146005840233609,0.00453205840233609,Inf,2.71050543121376e-20,0.00025,40,38.1620787855638,1,candidate-elcs,280,0.28672,0.0238933333333334,0.293205333333331,1,3758573443,30391883941,1103131,946373062,1052,1052,0,0,0,1,2525,0,0,2525,0,0,1,0,1,0.000306026057739217,2.71050543121376e-20,1,0,0,0,5,213,89,124,310,0,534,0.97940074906367,NaN,NaN
event-driven-candidate-targeted-frontier-falsification,16052029,n10-ring2-zero-loss,N10 ring2 zero-loss,EXP22G targeted frontier,periodic-cost-match,1,10.3799999999999,periodic,Periodic static TDMA / ELCS cost match,none,10,ring2,di,tdma,1,1,0,1,0.26,0.097,0.097,0.0277777777777778,0.0277777777777778,0.0556768081170994,0.536939075882395,0,0,NaN,NaN,NaN,NaN,0.074756984309223,0.120000000000001,0.140000000000001,0.140000000000001,NaN,NaN,1250,1248,1248,0,0,3245,3245,0,0,0,0,0,0,0,0,0,0,0,0,0,1,32,32,0,0,0,0,0,0,0,0.319487999999958,0,0,0,0.31764595564689,0.361836361062271,0,0,0,0,0,0.319487999999997,3.83385599999996,0,0,0,0,0.766771199999992,104,270.416666666667,0,0.0224555223689335,0.0426505728689841,NaN,NaN,0.999989727258719,3245,0,0,0,0,0,1.2119585,0,742304,0,410907079,0,268691802,tdma,periodic-frontier,none,full-mission-static-tdma,none,continuous-local-static-tdma,NaN,10.3799999999999,NaN,10.4,10.3333333333333,NaN,NaN,NaN,NaN,NaN,NaN,NaN,NaN,1248,NaN,NaN,NaN,0,0,1,0,NaN,NaN,NaN,NaN,NaN,0,0,NaN,0,0,0.319487999999997,1248,nominal,full,0,0,1950920364300,0,0,0,0,0,0,0,0,1,0,0,0,0,0,0,NaN,0,0,NaN,NaN,10,1,0,0,1,692634960890,2647,1248,0.00146005840233609,0.00453205840233609,Inf,0,0.00025,40,31.3176147984708,1,periodic-static,0,0,0,0.319487999999997,0,NaN,NaN,NaN,NaN,NaN,NaN,NaN,NaN,NaN,NaN,NaN,NaN,NaN,NaN,NaN,NaN,NaN,NaN,NaN,NaN,NaN,NaN,NaN,NaN,NaN,NaN,NaN,NaN,NaN,NaN,NaN,NaN,NaN,NaN,NaN
event-driven-candidate-targeted-frontier-falsification,16052029,n10-ring2-zero-loss,N10 ring2 zero-loss,EXP22G targeted frontier,periodic-cost-minus2pct,2,10.1723999999999,periodic,Periodic static TDMA / 2% below ELCS cost,none,10,ring2,di,tdma,1,1,0,1,0.26,0.097,0.097,0.0277777777777778,0.0277777777777778,0.0561391973375073,0.536411815306426,0,0,NaN,NaN,NaN,NaN,0.0756525066972829,0.120000000000001,0.140000000000001,0.140000000000001,NaN,NaN,1220,1220,1220,0,0,3172,3172,0,0,0,0,0,0,0,0,0,0,0,0,0,1,32,32,0,0,0,0,0,0,0,0.312319999999959,0,0,0,0.310874062764445,0.353182348200859,0,0,0,0,0,0.312319999999997,3.74783999999996,0,0,0,0,0.749567999999993,101.666666666667,264.333333333333,0,0.02273360502938,0.043108590724677,NaN,NaN,1,3172,0,0,0,0,0,1.2359599,0,742304,0,410907079,0,268439513,tdma,periodic-frontier,none,full-mission-static-tdma,none,continuous-local-static-tdma,NaN,10.1723999999999,NaN,10.1666666666667,10.1666666666667,NaN,NaN,NaN,NaN,NaN,NaN,NaN,NaN,1220,NaN,NaN,NaN,0,0,1,0,NaN,NaN,NaN,NaN,NaN,0,0,NaN,0,0,0.312319999999997,1220,nominal,full,0,0,1950920364300,0,0,0,0,0,0,0,0,1,0,0,0,0,0,0,NaN,0,0,NaN,NaN,10,1,0,0,1,692634960890,2647,1220,0.00146005840233609,0.00453205840233609,Inf,0,0.00025,40,31.3176147984708,1,periodic-static,0,0,0,0.312319999999997,0,NaN,NaN,NaN,NaN,NaN,NaN,NaN,NaN,NaN,NaN,NaN,NaN,NaN,NaN,NaN,NaN,NaN,NaN,NaN,NaN,NaN,NaN,NaN,NaN,NaN,NaN,NaN,NaN,NaN,NaN,NaN,NaN,NaN,NaN,NaN
event-driven-candidate-targeted-frontier-falsification,16052029,n10-ring2-zero-loss,N10 ring2 zero-loss,EXP22G targeted frontier,elcs-f-mission-affine,3,50,periodic,ELCS-F / mission affine clock,none,10,ring2,di,tdma,1,1,0,1,0.26,0.097,0.097,0.0277777777777778,0.0277777777777778,0.0508555825518839,0.54261412061096,0,0,NaN,NaN,NaN,NaN,0.065449674703406,0.119999999999999,0.120000000000001,0.120000000000001,NaN,NaN,6000,1117,1116,0,0,2912,2903,9,0,0,0,0,0,0,5,0.0044762757385855,0,4873,0,0,1,32,32,0,0,0,0,0,0,0,0.216479971753877,0,0,0,0,0,0,0,0,0,0,0.319829333333331,3.43142399999997,0,0,0,0,0.767590399999994,93,241.916666666667,0,0.0100444880509749,0.0190090073764605,NaN,NaN,0.999515272137778,2912,0,0,0,0,0,0.4323395,0,742304,0,410907079,0,39108805512,tdma,candidate-elcs,none,edge-leased-certified-scheduling,none,continuous-elcs-replay,NaN,50,NaN,9.3,8.91666666666667,NaN,NaN,NaN,NaN,NaN,NaN,NaN,NaN,1117,NaN,NaN,NaN,0,0,1,5,NaN,NaN,NaN,NaN,NaN,0,0,NaN,0,0,0.319829333333331,1117,nominal,full,1,0,1950920364300,0,0,0,0,0,0,0,0,1,0,0,0,0,0,0,1.04138871794872,1,0,NaN,NaN,10,0,0,0,1,692634960890,1117,1117,0.00146005840233609,0.00453205840233609,Inf,2.71050543121376e-20,0.00025,40,31.3176147984708,1,candidate-elcs,397,0.406528000000003,0.0338773333333336,0.319829333333331,1,4698057637,113115659718,1800674,1580908112,1117,1117,0,0,5,1,2903,0,9,2903,0,9,1,0,1,0.000899067900782313,2.71050543121376e-20,1,0,0,0,10,455,176,279,930,0,1409,0.982966643009226,NaN,NaN
event-driven-candidate-targeted-frontier-falsification,16052030,n5-6dof-zero-loss,N5 6-DOF zero-loss,EXP22G targeted frontier,periodic-cost-match,1,19.1122222222221,periodic,Periodic static TDMA / ELCS cost match,none,5,ring2,6dof,tdma,1,1,0,1,0.48,0.29,0.29,0.0476190476190476,0.0476190476190476,0.0303821337392081,0.558804266822691,0,0,10.1677525658531,12.2998475019298,0,1.0368207044264,0.0418573797678275,0.0600000000000005,0.0800000000000001,0.0800000000000018,NaN,NaN,1145,1145,1145,0,0,2748,2748,0,0,0,0,0,0,0,0,0,0,0,0,0,1,32,32,0,0,0,0,0,0,0,0.293119999999962,0,0,0,0.292987035101482,0.330760077381769,0,0,0,0,0,0.293119999999997,3.51743999999997,0,0,0,0,0.703487999999993,95.4166666666667,229,0,0.0113461452192973,0.0214741864780389,NaN,NaN,1,2748,0,0,0,0,0,1.1586935,0,414115,0,110997400,0,258418659,tdma,periodic-frontier,none,full-mission-static-tdma,none,continuous-local-static-tdma,NaN,19.1122222222221,NaN,19.0833333333333,19.0833333333333,NaN,NaN,NaN,NaN,NaN,NaN,NaN,NaN,1145,NaN,NaN,NaN,0,0,1,0,NaN,NaN,NaN,NaN,NaN,0,0,NaN,0,0,0.293119999999997,1145,nominal,full,0,0,502945073310,0,0,0,0,0,0,0,0,1,0,0,0,0,0,0,NaN,0,0,NaN,NaN,5,1,0,0,1,188672916743,2647,1145,0.00146005840233609,0.00453205840233609,Inf,2.77555756156289e-17,0.00025,40,34.0743612451562,1,periodic-static,0,0,0,0.293119999999997,0,NaN,NaN,NaN,NaN,NaN,NaN,NaN,NaN,NaN,NaN,NaN,NaN,NaN,NaN,NaN,NaN,NaN,NaN,NaN,NaN,NaN,NaN,NaN,NaN,NaN,NaN,NaN,NaN,NaN,NaN,NaN,NaN,NaN,NaN,NaN
event-driven-candidate-targeted-frontier-falsification,16052030,n5-6dof-zero-loss,N5 6-DOF zero-loss,EXP22G targeted frontier,periodic-cost-minus2pct,2,18.7299777777776,periodic,Periodic static TDMA / 2% below ELCS cost,none,5,ring2,6dof,tdma,1,1,0,1,0.48,0.29,0.29,0.0476190476190476,0.0476190476190476,0.0307964207476429,0.558556602673422,0,0,10.1432779715412,12.2867169667293,0,1.03681721567684,0.0424295190713101,0.0800000000000001,0.0800000000000001,0.0800000000000018,NaN,NaN,1125,1125,1125,0,0,2700,2700,0,0,0,0,0,0,0,0,0,0,0,0,0,1,32,32,0,0,0,0,0,0,0,0.287999999999963,0,0,0,0.286679383971129,0.317599323673691,0,0,0,0,0,0.287999999999997,3.45599999999997,0,0,0,0,0.691199999999993,93.75,225,0,0.0113061627059405,0.0214763888988403,NaN,NaN,1,2700,0,0,0,0,0,1.0974888,0,414115,0,110997400,0,258466922,tdma,periodic-frontier,none,full-mission-static-tdma,none,continuous-local-static-tdma,NaN,18.7299777777776,NaN,18.75,18.75,NaN,NaN,NaN,NaN,NaN,NaN,NaN,NaN,1125,NaN,NaN,NaN,0,0,1,0,NaN,NaN,NaN,NaN,NaN,0,0,NaN,0,0,0.287999999999997,1125,nominal,full,0,0,502945073310,0,0,0,0,0,0,0,0,1,0,0,0,0,0,0,NaN,0,0,NaN,NaN,5,1,0,0,1,188672916743,2647,1125,0.00146005840233609,0.00453205840233609,Inf,2.77555756156289e-17,0.00025,40,34.0743612451562,1,periodic-static,0,0,0,0.287999999999997,0,NaN,NaN,NaN,NaN,NaN,NaN,NaN,NaN,NaN,NaN,NaN,NaN,NaN,NaN,NaN,NaN,NaN,NaN,NaN,NaN,NaN,NaN,NaN,NaN,NaN,NaN,NaN,NaN,NaN,NaN,NaN,NaN,NaN,NaN,NaN
event-driven-candidate-targeted-frontier-falsification,16052030,n5-6dof-zero-loss,N5 6-DOF zero-loss,EXP22G targeted frontier,elcs-f-mission-affine,3,50,periodic,ELCS-F / mission affine clock,none,5,ring2,6dof,tdma,1,1,0,1,0.48,0.29,0.29,0.0476190476190476,0.0476190476190476,0.0300952650133239,0.559335709557148,0,0,10.0543147132942,12.3065411760599,0,1.03683331844018,0.040995024875622,0.0600000000000005,0.0600000000000005,0.0600000000000005,NaN,NaN,3000,1056,1056,0,0,2535,2533,2,0,0,0,0,0,0,2,0.00189393939393939,0,1941,0,0,1,32,32,0,0,0,0,0,0,0,0.293985810395352,0,0,0,0,0,0,0,0,0,0,0.294229333333331,3.24403199999997,0,0,0,0,0.706150399999994,88,211.083333333333,0,0.0100121455409789,0.0189662964054907,NaN,NaN,0.999987445635116,2535,0,0,0,0,0,0.3489289,0,414115,0,110997400,0,16600691494,tdma,candidate-elcs,none,edge-leased-certified-scheduling,none,continuous-elcs-replay,NaN,50,NaN,17.6,17.5,NaN,NaN,NaN,NaN,NaN,NaN,NaN,NaN,1056,NaN,NaN,NaN,0,0,1,2,NaN,NaN,NaN,NaN,NaN,0,0,NaN,0,0,0.294229333333331,1056,nominal,full,1,0,502945073310,0,0,0,0,0,0,0,0,1,0,0,0,0,0,0,0.283554993399736,1,0,NaN,NaN,5,1,0,0,1,188672916743,1056,1056,0.00146005840233609,0.00453205840233609,Inf,2.71050543121376e-20,0.00025,40,34.0743612451562,1,candidate-elcs,280,0.28672,0.0238933333333334,0.294229333333331,1,3739289257,30439652819,1103131,950120015,1056,1056,0,0,2,1,2533,0,2,2533,0,2,1,0,1,0.00093991451644726,2.71050543121376e-20,1,0,0,0,5,213,89,124,310,0,534,0.97940074906367,NaN,NaN
event-driven-candidate-targeted-frontier-falsification,16052030,n10-ring2-zero-loss,N10 ring2 zero-loss,EXP22G targeted frontier,periodic-cost-match,1,10.3799999999999,periodic,Periodic static TDMA / ELCS cost match,none,10,ring2,di,tdma,1,1,0,1,0.26,0.097,0.097,0.0277777777777778,0.0277777777777778,0.0557323527349165,0.536647683185355,0,0,NaN,NaN,NaN,NaN,0.0749024110218139,0.120000000000001,0.140000000000001,0.140000000000001,NaN,NaN,1250,1249,1249,0,0,3248,3248,0,0,0,0,0,0,0,0,0,0,0,0,0,1,32,32,0,0,0,0,0,0,0,0.319743999999958,0,0,0,0.317756285301709,0.363069271246191,0,0,0,0,0,0.319743999999997,3.83692799999996,0,0,0,0,0.767385599999992,104.083333333333,270.666666666667,0,0.0224850941334481,0.0427992985612805,NaN,NaN,0.999994230806213,3248,0,0,0,0,0,1.2294361,0,836456,0,410907079,0,268691804,tdma,periodic-frontier,none,full-mission-static-tdma,none,continuous-local-static-tdma,NaN,10.3799999999999,NaN,10.4083333333333,10.3333333333333,NaN,NaN,NaN,NaN,NaN,NaN,NaN,NaN,1249,NaN,NaN,NaN,0,0,1,0,NaN,NaN,NaN,NaN,NaN,0,0,NaN,0,0,0.319743999999997,1249,nominal,full,0,0,1950981016712,0,0,0,0,0,0,0,0,1,0,0,0,0,0,0,NaN,0,0,NaN,NaN,10,1,0,0,1,692218331753,2648,1249,0.00146005840233609,0.00453205840233609,Inf,2.22044604925031e-16,0.00025,40,35.6865595261215,1,periodic-static,0,0,0,0.319743999999997,0,NaN,NaN,NaN,NaN,NaN,NaN,NaN,NaN,NaN,NaN,NaN,NaN,NaN,NaN,NaN,NaN,NaN,NaN,NaN,NaN,NaN,NaN,NaN,NaN,NaN,NaN,NaN,NaN,NaN,NaN,NaN,NaN,NaN,NaN,NaN
event-driven-candidate-targeted-frontier-falsification,16052030,n10-ring2-zero-loss,N10 ring2 zero-loss,EXP22G targeted frontier,periodic-cost-minus2pct,2,10.1723999999999,periodic,Periodic static TDMA / 2% below ELCS cost,none,10,ring2,di,tdma,1,1,0,1,0.26,0.097,0.097,0.0277777777777778,0.0277777777777778,0.0561584123310199,0.536528631842591,0,0,NaN,NaN,NaN,NaN,0.0754994259471872,0.120000000000001,0.140000000000001,0.140000000000001,NaN,NaN,1220,1220,1220,0,0,3172,3172,0,0,0,0,0,0,0,0,0,0,0,0,0,1,32,32,0,0,0,0,0,0,0,0.312319999999959,0,0,0,0.31288090281326,0.362258067085991,0,0,0,0,0,0.312319999999997,3.74783999999996,0,0,0,0,0.749567999999993,101.666666666667,264.333333333333,0,0.0226812363163541,0.0430186840759069,NaN,NaN,1,3172,0,0,0,0,0,1.3228109,0,836456,0,410907079,0,268439515,tdma,periodic-frontier,none,full-mission-static-tdma,none,continuous-local-static-tdma,NaN,10.1723999999999,NaN,10.1666666666667,10.1666666666667,NaN,NaN,NaN,NaN,NaN,NaN,NaN,NaN,1220,NaN,NaN,NaN,0,0,1,0,NaN,NaN,NaN,NaN,NaN,0,0,NaN,0,0,0.312319999999997,1220,nominal,full,0,0,1950981016712,0,0,0,0,0,0,0,0,1,0,0,0,0,0,0,NaN,0,0,NaN,NaN,10,1,0,0,1,692218331753,2648,1220,0.00146005840233609,0.00453205840233609,Inf,2.22044604925031e-16,0.00025,40,35.6865595261215,1,periodic-static,0,0,0,0.312319999999997,0,NaN,NaN,NaN,NaN,NaN,NaN,NaN,NaN,NaN,NaN,NaN,NaN,NaN,NaN,NaN,NaN,NaN,NaN,NaN,NaN,NaN,NaN,NaN,NaN,NaN,NaN,NaN,NaN,NaN,NaN,NaN,NaN,NaN,NaN,NaN
event-driven-candidate-targeted-frontier-falsification,16052030,n10-ring2-zero-loss,N10 ring2 zero-loss,EXP22G targeted frontier,elcs-f-mission-affine,3,50,periodic,ELCS-F / mission affine clock,none,10,ring2,di,tdma,1,1,0,1,0.26,0.097,0.097,0.0277777777777778,0.0277777777777778,0.0508664459677566,0.542701033569888,0,0,NaN,NaN,NaN,NaN,0.0653731343283581,0.119999999999999,0.120000000000001,0.120000000000001,NaN,NaN,6000,1109,1109,0,0,2895,2895,0,0,0,0,0,0,0,0,0,0,4881,0,0,1,32,32,0,0,0,0,0,0,0,0.215104137175712,0,0,0,0,0,0,0,0,0,0,0.317781333333331,3.40684799999997,0,0,0,0,0.762675199999994,92.4166666666667,241.25,0,0.0100332137906682,0.0189863214761241,NaN,NaN,0.999472584983706,2895,0,0,0,0,0,0.4239896,0,836456,0,410907079,0,39128401745,tdma,candidate-elcs,none,edge-leased-certified-scheduling,none,continuous-elcs-replay,NaN,50,NaN,9.24166666666667,8.83333333333333,NaN,NaN,NaN,NaN,NaN,NaN,NaN,NaN,1109,NaN,NaN,NaN,0,0,1,0,NaN,NaN,NaN,NaN,NaN,0,0,NaN,0,0,0.317781333333331,1109,nominal,full,1,0,1950981016712,0,0,0,0,0,0,0,0,1,0,0,0,0,0,0,1.04138871794872,1,0,NaN,NaN,10,0,0,0,1,692218331753,1109,1109,0.00146005840233609,0.00453205840233609,Inf,1.11022302462516e-16,0.00025,40,35.6865595261215,1,candidate-elcs,397,0.406528000000003,0.0338773333333336,0.317781333333331,1,4662011035,113626724757,1800674,1557393096,1109,1109,0,0,0,1,2895,0,0,2895,0,0,1,0,1,0.000826673806583855,1.11022302462516e-16,1,0,0,0,10,455,176,279,930,0,1409,0.982966643009226,NaN,NaN
