stage,seed,scenario,scenarioLabel,family,arm,pointIndex,parameterValue,method,methodLabel,feedbackMode,N,topology,plant,macType,pAccess,configuredPAccess,backgroundLoad,carrierSenseDensity,interferenceDensity,stationaryMeanDataLoss,stationaryMeanAckLoss,meanBadDurationDataSec,meanBadDurationAckSec,RMSE,MINSEP,SAFEFAIL,DIVERGED,ROLL_PEAK_DEG,PITCH_PEAK_DEG,SATURATION,CONTROL_EFFORT,MEAN_TRUE_AOI,P95_TRUE_AOI,P99_TRUE_AOI,MAX_TRUE_AOI,MEAN_EST_AOI,MEAN_AOI_GAP,DATA_GENERATED,DATA_ATTEMPTED,DATA_DELIVERED,ACK_ATTEMPTED,ACK_ENTRIES_DELIVERED,DATA_RECIPIENT_ATTEMPTS,DATA_RECIPIENT_SUCCESS,DATA_RECIPIENT_LOSS,ACK_RECIPIENT_ATTEMPTS,ACK_RECIPIENT_SUCCESS,ACK_RECIPIENT_LOSS,TERMINAL_ACTIVE_FRAMES,TERMINAL_DATA_INFLIGHT,TERMINAL_ACK_INFLIGHT,COLLISION_FRAMES,COLLISION_RATE,QUEUE_DROPS,SUPERSEDED,RETRIES,OBSOLETE_RETRY_DROPS,MAX_QUEUE,MAX_HISTORY,historySize,STALE_DATA_DISCARDED,STALE_ACK_DISCARDED,EXPIRED_HISTORY_ACK,ACK_BEFORE_ACCEPT,ACK_STANDALONE,ACK_ENTRIES_PIGGYBACKED,ACK_ENTRIES_TRANSFERRED,CHANNEL_UTIL,ADAPTIVE_ACK_PERMITTED,ADAPTIVE_ACK_DEFERRED,ADAPTIVE_ACK_FORCED,MEAN_LOCAL_BUSY,MAX_LOCAL_BUSY,LOAD_GUARD_BLOCKED,LOAD_GUARD_BLOCKED_BUSY,LOAD_GUARD_BLOCKED_QUEUE,LOAD_GUARD_BRANCH3,LOAD_GUARD_BRANCH4,OFFERED_UTIL,DATA_AIRTIME,ACK_AIRTIME,PIGGYBACK_AIRTIME,BACKGROUND_BUSY_TIME,BACKGROUND_COLLISION_FRAMES,ENERGY_PROXY_J,DATA_GOODPUT_HZ,RECIPIENT_GOODPUT_HZ,ACK_GOODPUT_HZ,MEAN_ACCESS_DELAY,P95_ACCESS_DELAY,MEAN_CONFIRM_DELAY,P95_CONFIRM_DELAY,JAIN_FRAME_GOODPUT,DATA_CHANNEL_ATTEMPTS,ACK_CHANNEL_ATTEMPTS,DATA_BAD_ATTEMPT_FRACTION,ACK_BAD_ATTEMPT_FRACTION,TRACE_DATA_BAD_FRACTION,TRACE_ACK_BAD_FRACTION,NETWORK_RUNTIME_SEC,INVARIANT_VIOLATIONS,TRACE_HASH_EXACT,CHANNEL_STATE_HASH,CHANNEL_MODEL_SIGNATURE,ESTIMATOR_HASH_EXACT,CONFIG_HASH,originalMacType,armKind,route,accessDesign,ackDesign,schedulerMode,oracleFlag,PERIODIC_RATE_HZ,TARGET_RATE_HZ,MEAN_NODE_GOODPUT_HZ,MIN_NODE_GOODPUT_HZ,MEAN_GOODPUT_MARGIN_HZ,MIN_GOODPUT_MARGIN_HZ,SERVICE_ADMISSIONS,SERVICE_COMPLETIONS,SERVICE_REPLACEMENTS,VIRTUAL_DEFICIT_MAX,VIRTUAL_DEFICIT_TERMINAL,MAX_STARVATION_SEC,SERVICE_DECISIONS,FIFO_COMPARABLE_DECISIONS,PRIORITY_DIFFERS_FIFO,PRIORITY_DIFFERS_FIFO_FRACTION,RECEIVER_TRUTH_READS,FUTURE_RANDOM_READS,SERVICE_DECISION_LOG_VALID,ENDOGENOUS_COLLISION_FRAMES,PROJECTION_FLAG,DTSA_DECISIONS,DTSA_DISAGREEMENTS,DTSA_DISAGREEMENT_FRACTION,AGE_GAIN_ELIGIBLE,ZMAC_OWNER_ATTEMPTS,ZMAC_CONTENTION_ATTEMPTS,DELTA_FINAL_PHASE,PUBLIC_FEEDBACK_COUNT,PUBLIC_FEEDBACK_AIRTIME,CHARGED_OFFERED_UTIL,MECHANISM_ACTIVATIONS,cellRole,controlReach,DISTRIBUTED_FLAG,IDEAL_FLAG,EXP21_TRACE_HASH_EXACT,RESERVATION_EPOCHS,CONTROL_FRAMES,CONTROL_REQUEST_FRAMES,CONTROL_RESPONSE_FRAMES,CONTROL_COMMIT_FRAMES,CONTROL_RECIPIENT_ATTEMPTS,CONTROL_RECIPIENT_SUCCESS,CONTROL_RECIPIENT_LOSS,CONTROL_ACCOUNTING_CLOSE,CONTROL_AIRTIME,CONTROL_OVERHEAD_FRACTION,RESERVATION_NACKS,RESERVATION_MIGRATIONS,RESERVATION_SCHEDULE_CHANGES,SCHEDULE_CONFLICT_FRACTION,FIRST_CONVERGENCE_SEC,CONVERGED_BY_2SEC,CHURN_APPLIED,CHURN_RECOVERY_SEC,RECOVERED_BY_2SEC,FINAL_ASSIGNED_NODES,FINAL_FULL_UNIQUE,MAX_ABS_CLOCK_OFFSET_SEC,MAX_ABS_CLOCK_DRIFT_PPM,LOCAL_SCHEDULE_ONLY,EXP21C_TRACE_HASH_EXACT,CONTINUOUS_START_OPPORTUNITIES,CONTINUOUS_START_ATTEMPTS,CONTINUOUS_GUARD_SEC,CONTINUOUS_SLOT_SEC,CONTINUOUS_SYNC_SEC,CONTINUOUS_MAX_CLOCK_RESIDUAL,CONTINUOUS_MAX_OFFSET_BOUND_SEC,CONTINUOUS_MAX_DRIFT_BOUND_PPM,CONTINUOUS_REALIZED_MAX_DRIFT_PPM,CONTINUOUS_EXACT_AIRTIME,ELCSW_SCHEDULE_HASH_EXACT,ELCSW_KERNEL_TRACE_HASH_EXACT,ELCSW_KERNEL_CONFIG_HASH,ELCSW_SCHEDULE_STATE_HASH,ELCSW_LOGICAL_OPPORTUNITY_HASH_EXACT,ELCSW_WITNESS_MAP_HASH,ELCSW_CONFLICT_EDGES,ELCSW_HIDDEN_CONFLICT_EDGES,ELCSW_MAX_WITNESS_LOAD,ELCSW_ALL_EDGES_COVERED,ELCSW_FINAL_ALL_CERTIFIED,ELCSW_FIRST_ALL_CERTIFIED_FRAME,ELCSW_PHYSICAL_FRAME_COUNT,ELCSW_PHYSICAL_FINAL_ALL_CERTIFIED,ELCSW_PHYSICAL_UNCERTIFIED_NODE_FRAMES,ELCSW_PHYSICAL_RETRY_CLAIM_ATTEMPTS,ELCSW_PHYSICAL_FALLBACK_COLLISION_FRAMES,ELCSW_FALSE_VALID_EDGE_FRAMES,ELCSW_SCHEDULED_COLLISION_FRAMES,ELCSW_FALLBACK_COLLISION_FRAMES,ELCSW_RETRY_CLAIM_ATTEMPTS,ELCSW_CLAIM_ATTEMPTS,ELCSW_CLAIM_TRANSACTION_STARTS,ELCSW_CUMULATIVE_RECEIPT_RETRY,ELCSW_FINAL_OPEN_CLAIM_TRANSACTIONS,ELCSW_RESPONSE_ATTEMPTS,ELCSW_CONTROL_ATTEMPTS,ELCSW_CLAIM_BYTES,ELCSW_RESPONSE_BYTES,ELCSW_CONTROL_BYTES,ELCSW_NOMINAL_ATTEMPT_BOUND,ELCSW_NOMINAL_BYTE_BOUND,ELCSW_ABSOLUTE_ATTEMPT_BOUND,ELCSW_ABSOLUTE_BYTE_BOUND,ELCSW_ATTEMPT_BOUND_RATIO,ELCSW_BYTE_BOUND_RATIO,ELCSW_CERTIFICATE_ENTRIES,ELCSW_RESPONSE_ENTRIES,ELCSW_LOCAL_CERTIFICATE_ENTRIES,ELCSW_CERTIFICATE_WITHOUT_FRESH_CLAIMS,ELCSW_SCHEDULED_OPPORTUNITIES,ELCSW_FALLBACK_OPPORTUNITIES,ELCSW_EXPECTED_DATA_COLLISION_FRAMES,ELCSW_EXPECTED_DATA_RECIPIENT_SUCCESS,ELCSW_EXPECTED_DATA_RECIPIENT_ERASURE,ELCSW_EXPECTED_DATA_RECIPIENT_COLLISION,ELCSW_OBSERVED_DATA_RECIPIENT_SUCCESS,ELCSW_OBSERVED_DATA_RECIPIENT_ERASURE,ELCSW_OBSERVED_DATA_RECIPIENT_COLLISION,ELCSW_DATA_OUTCOME_MISMATCHES,ELCSW_DATA_OPPORTUNITIES,ELCSW_DATA_ATTEMPTS,ELCSW_DATA_SKIPPED_NO_QUEUE,ELCSW_DATA_COLLISION_WITNESS_MATCH,ELCSW_EXPECTED_MANAGEMENT_ATTEMPTS,ELCSW_EXPECTED_MANAGEMENT_AIRTIME,ELCSW_EXPECTED_MANAGEMENT_RECIPIENT_ATTEMPTS,ELCSW_EXPECTED_MANAGEMENT_RECIPIENT_SUCCESS,ELCSW_EXPECTED_MANAGEMENT_RECIPIENT_ERASURE,ELCSW_EXPECTED_MANAGEMENT_RECIPIENT_COLLISION,ELCSW_MANAGEMENT_ATTEMPTS,ELCSW_MANAGEMENT_AIRTIME,ELCSW_MANAGEMENT_RECIPIENT_ATTEMPTS,ELCSW_MANAGEMENT_RECIPIENT_SUCCESS,ELCSW_MANAGEMENT_RECIPIENT_ERASURE,ELCSW_MANAGEMENT_RECIPIENT_COLLISION,ELCSW_MANAGEMENT_ACCOUNTING_CLOSE,ELCSW_PHYSICAL_CONTROL_BYTES,ELCSW_CONTROL_BYTES_AIRTIME,ELCSW_CROSS_PLANE_OVERLAPS,ELCSW_LAST_DATA_TIME,ELCSW_LAST_CONTROL_TIME,ELCSW_CLOCK_APPLIED,ELCSW_CLOCK_BASE_SCHEDULE_HASH_EXACT,ELCSW_CLOCK_MAX_OFFSET_BOUND_SEC,ELCSW_CLOCK_MAX_DRIFT_BOUND_PPM,ELCSW_CLOCK_REALIZED_MAX_OFFSET_SEC,ELCSW_CLOCK_REALIZED_MAX_DRIFT_PPM,ELCSW_CLOCK_LEAD_SEC,ELCSW_CLOCK_SAFE_GUARD_SEC,ELCSW_CLOCK_NOMINAL_CUTOFF_SEC,ELCSW_CLOCK_TIMING_CONFLICT_FREE,ELCSW_CLOCK_MIN_INTERGROUP_GAP_SEC,ELCSW_CLOCK_MAX_INTRAGROUP_SKEW_SEC,ELCSW_CLOCK_EQUATION_MAX_RESIDUAL_SEC,ELCSW_DATA_LOSS_OVERLAY_APPLIED,ELCSW_DATA_LOSS_OVERLAY_PROBABILITY,ELCSW_DATA_LOSS_OVERLAY_TRACE_HASH_EXACT,ELCSW_DATA_LOSS_OVERLAY_ERASURES,ELCSW_BACKGROUND_OVERLAY_APPLIED,ELCSW_BACKGROUND_LOAD,ELCSW_BACKGROUND_TRACE_HASH_EXACT,ELCSW_BACKGROUND_POTENTIAL_HITS,ENGINE_FAMILY,TOTAL_MANAGEMENT_ATTEMPTS,TOTAL_MANAGEMENT_AIRTIME,TOTAL_MANAGEMENT_UTIL,TOTAL_OFFERED_UTIL,REPLAY_FLAG,loadCondition,loadConditionLabel,backgroundModel,TARGET_BACKGROUND_LOAD,BACKGROUND_OFF_TO_ON,BACKGROUND_ON_TO_OFF,BACKGROUND_RANDOM_FIELD_HASH_EXACT,REALIZED_BACKGROUND_FRACTION,BACKGROUND_TRANSITION_COUNT,BACKGROUND_MEAN_ON_RUN_SEC
cumulative-receipt-targeted-closed-loop-falsification,16072001,n5-6dof-zero-loss,N5 6-DOF zero-loss,EXP23I targeted repair,periodic-exp23d-lower,1,18.6733506944443,periodic,Periodic static TDMA / EXP23D lower-cost boundary,none,5,ring2,6dof,tdma,1,1,0.15,1,0.48,0.29,0.29,0.0476190476190476,0.0476190476190476,0.051126390504721,0.528387499509283,0,0,10.6332002681663,12.5442314978471,0,1.03673569644478,0.086641791044776,0.219999999999999,0.34,0.5,NaN,NaN,1120,1120,589,0,0,2688,1406,1282,0,0,0,0,0,0,531,0.474107142857143,0,0,0,0,1,32,32,0,0,0,0,0,0,0,0.394319121726567,0,0,0,0.399175485814484,0.445019604545999,0,0,0,0,0,0.286719999999997,3.44063999999997,0,0,1.80499999999976,531,0.688127999999993,49.0833333333333,117.166666666667,0,0.0112760134699467,0.0214720467124138,NaN,NaN,0.996026471052669,2688,0,0,0,0,0,1.9706018,0,1224257,0,110997400,0,257875075,tdma,periodic-frontier,none,full-mission-static-tdma,none,continuous-local-static-tdma,NaN,18.6733506944443,NaN,9.81666666666667,8.66666666666667,NaN,NaN,NaN,NaN,NaN,NaN,NaN,NaN,1120,NaN,NaN,NaN,0,0,1,0,NaN,NaN,NaN,NaN,NaN,0,0,NaN,0,0,0.286719999999997,1120,nominal,full,0,0,503203060513,0,0,0,0,0,0,0,0,1,0,0,0,0,0,0,NaN,0,0,NaN,NaN,5,1,0,0,1,188869824844,2647,1120,0.00146005840233609,0.00453205840233609,Inf,2.77555756156289e-17,0.00025,40,36.618006274147,1,NaN,NaN,NaN,NaN,NaN,NaN,NaN,NaN,NaN,NaN,NaN,NaN,NaN,NaN,NaN,NaN,NaN,NaN,NaN,NaN,NaN,NaN,NaN,NaN,NaN,NaN,NaN,NaN,NaN,NaN,NaN,NaN,NaN,NaN,NaN,NaN,NaN,NaN,NaN,NaN,NaN,NaN,NaN,NaN,NaN,NaN,NaN,NaN,NaN,NaN,NaN,NaN,NaN,NaN,NaN,NaN,NaN,NaN,NaN,NaN,NaN,NaN,NaN,NaN,NaN,NaN,NaN,NaN,NaN,NaN,NaN,NaN,NaN,NaN,NaN,NaN,NaN,NaN,NaN,NaN,NaN,NaN,NaN,NaN,NaN,NaN,NaN,NaN,NaN,NaN,NaN,NaN,NaN,periodic-static,0,0,0,0.286719999999997,0,iid-load15,IID occupancy 15%,iid,0.15,0,0,6258793215,0.150416666666647,3107,0.00116151866151866
cumulative-receipt-targeted-closed-loop-falsification,16072001,n5-6dof-zero-loss,N5 6-DOF zero-loss,EXP23I targeted repair,elcs-w-legacy,2,50,periodic,ELCS-W legacy same-frame/new-sequence retry,none,5,ring2,6dof,tdma,1,1,0.15,1,0.48,0.29,0.29,0.0476190476190476,0.0476190476190476,0.0534528651796784,0.526654706664074,0,0,10.3589647048227,12.4169728768583,0,1.03673516377433,0.0954560530679934,0.26,0.32,0.340000000000002,NaN,NaN,3000,1082,556,0,0,2596,1331,1265,0,0,0,0,0,0,0,0,0,1916,0,0,1,32,32,0,0,0,0,0,0,0,0.42424547110022,0,0,0,0,0,0,0,0,0,0,0.322666666666664,3.32390399999997,0,0,1.80499999999995,0,0.774399999999994,46.3333333333333,110.916666666667,0,0.0100150480346442,0.0189990416633465,NaN,NaN,0.999372838069376,2596,0,0,0,0,0,0.5131638,0,1224257,0,110997400,0,18223468993,tdma,candidate-elcs-w,none,local-conflict-witness-leases,none,continuous-elcs-replay,NaN,50,NaN,9.26666666666667,9,NaN,NaN,NaN,NaN,NaN,NaN,NaN,NaN,1082,NaN,NaN,NaN,0,0,1,0,NaN,NaN,NaN,NaN,NaN,0,0,NaN,0,0,0.322666666666664,1082,nominal,full,1,0,503203060513,0,0,0,0,0,0,0,0,1,0,0,0,0,0,0,0.166585007720309,1,0,NaN,NaN,5,1,0,0,1,188869824844,1082,1082,0.00146005840233609,0.00453205840233609,Inf,2.77555756156289e-17,0.00025,40,36.618006274147,1,5641310293,25236430672,19033605,17853062,1018654016,44314,10,4,3,1,1,3,217,1,4,172,0,0,0,0,172,327,327,0,0,448,775,7848,13200,21048,310,8680,4000,112000,0.19375,0.187928571428571,748,754,324,0,1081,1,0,1331,1265,0,1331,1265,0,0,1082,1082,0,1,635,0.548096,1564,1151,413,0,635,0.548096,1564,1151,413,0,1,17128,0.548096,0,11.9926460756931,11.7418338574266,1,1196333,0.00025,40,0.000202774358467839,36.618006274147,0.000730029201168047,0.00146005840233609,11.99546812288,1,0.000795068425267331,0,2.77555756156289e-17,NaN,NaN,NaN,NaN,1,0.15,1224257,2087,candidate-elcs-w,635,0.548096,0.0456746666666666,0.322666666666664,1,iid-load15,IID occupancy 15%,iid,0.15,0,0,6258793215,0.150416666666662,3107,0.00116151866151866
cumulative-receipt-targeted-closed-loop-falsification,16072001,n5-6dof-zero-loss,N5 6-DOF zero-loss,EXP23I targeted repair,elcs-w-cumulative,3,50,periodic,ELCS-W cumulative same-sequence receipt retry,none,5,ring2,6dof,tdma,1,1,0.15,1,0.48,0.29,0.29,0.0476190476190476,0.0476190476190476,0.0534528651796784,0.526654706664074,0,0,10.3589647048227,12.4169728768583,0,1.03673516377433,0.0954560530679934,0.26,0.32,0.340000000000002,NaN,NaN,3000,1082,556,0,0,2596,1331,1265,0,0,0,0,0,0,0,0,0,1916,0,0,1,32,32,0,0,0,0,0,0,0,0.416216819580358,0,0,0,0,0,0,0,0,0,0,0.313642666666664,3.32390399999997,0,0,1.80499999999995,0,0.752742399999994,46.3333333333333,110.916666666667,0,0.0100150480346442,0.0189990416633465,NaN,NaN,0.999372838069376,2596,0,0,0,0,0,0.541832,0,1224257,0,110997400,0,17209787644,tdma,candidate-elcs-w,none,local-conflict-witness-leases,none,continuous-elcs-replay,NaN,50,NaN,9.26666666666667,9,NaN,NaN,NaN,NaN,NaN,NaN,NaN,NaN,1082,NaN,NaN,NaN,0,0,1,0,NaN,NaN,NaN,NaN,NaN,0,0,NaN,0,0,0.313642666666664,1082,nominal,full,1,0,503203060513,0,0,0,0,0,0,0,0,1,0,0,0,0,0,0,0.166585007720309,1,0,NaN,NaN,5,1,0,0,1,188869824844,1082,1082,0.00146005840233609,0.00453205840233609,Inf,2.77555756156289e-17,0.00025,40,36.618006274147,1,5132957364,25236430672,19033607,17872984,1048230260,44314,10,4,3,1,1,3,217,1,4,111,0,0,0,0,111,284,173,1,0,355,639,6816,10848,17664,310,8680,4000,112000,0.15975,0.157714285714286,640,646,271,0,1081,1,0,1331,1265,0,1331,1265,0,0,1082,1082,0,1,499,0.439808,1210,888,322,0,499,0.439808,1210,888,322,0,1,13744,0.439808,0,11.9926460756931,11.6840406337651,1,1372527,0.00025,40,0.000202774358467839,36.618006274147,0.000730029201168047,0.00146005840233609,11.99546812288,1,0.000795068425267331,0,2.77555756156289e-17,NaN,NaN,NaN,NaN,1,0.15,1224257,2087,candidate-elcs-w,499,0.439808,0.0366506666666666,0.313642666666664,1,iid-load15,IID occupancy 15%,iid,0.15,0,0,6258793215,0.150416666666662,3107,0.00116151866151866
cumulative-receipt-targeted-closed-loop-falsification,16072002,n5-6dof-zero-loss,N5 6-DOF zero-loss,EXP23I targeted repair,periodic-exp23d-lower,1,18.6733506944443,periodic,Periodic static TDMA / EXP23D lower-cost boundary,none,5,ring2,6dof,tdma,1,1,0.15,1,0.48,0.29,0.29,0.0476190476190476,0.0476190476190476,0.0515531420697307,0.529859360544865,0,0,10.3174829247246,13.0619515633955,0,1.03673716470651,0.0881592039800993,0.24,0.32,0.460000000000001,NaN,NaN,1120,1120,586,0,0,2688,1419,1269,0,0,0,0,0,0,534,0.476785714285714,0,0,0,0,1,32,32,0,0,0,0,0,0,0,0.397296087811568,0,0,0,0.402161135312202,0.445560946972041,0,0,0,0,0,0.286719999999997,3.44063999999997,0,0,1.83399999999976,534,0.688127999999993,48.8333333333333,118.25,0,0.0113137778040097,0.0215030292444176,NaN,NaN,0.99798308582057,2688,0,0,0,0,0,1.4649954,0,1545688,0,110997400,0,257875077,tdma,periodic-frontier,none,full-mission-static-tdma,none,continuous-local-static-tdma,NaN,18.6733506944443,NaN,9.76666666666667,9.33333333333333,NaN,NaN,NaN,NaN,NaN,NaN,NaN,NaN,1120,NaN,NaN,NaN,0,0,1,0,NaN,NaN,NaN,NaN,NaN,0,0,NaN,0,0,0.286719999999997,1120,nominal,full,0,0,503435512971,0,0,0,0,0,0,0,0,1,0,0,0,0,0,0,NaN,0,0,NaN,NaN,5,1,0,0,1,188932880184,2648,1120,0.00146005840233609,0.00453205840233609,Inf,0,0.00025,40,39.7780899425922,1,NaN,NaN,NaN,NaN,NaN,NaN,NaN,NaN,NaN,NaN,NaN,NaN,NaN,NaN,NaN,NaN,NaN,NaN,NaN,NaN,NaN,NaN,NaN,NaN,NaN,NaN,NaN,NaN,NaN,NaN,NaN,NaN,NaN,NaN,NaN,NaN,NaN,NaN,NaN,NaN,NaN,NaN,NaN,NaN,NaN,NaN,NaN,NaN,NaN,NaN,NaN,NaN,NaN,NaN,NaN,NaN,NaN,NaN,NaN,NaN,NaN,NaN,NaN,NaN,NaN,NaN,NaN,NaN,NaN,NaN,NaN,NaN,NaN,NaN,NaN,NaN,NaN,NaN,NaN,NaN,NaN,NaN,NaN,NaN,NaN,NaN,NaN,NaN,NaN,NaN,NaN,NaN,NaN,periodic-static,0,0,0,0.286719999999997,0,iid-load15,IID occupancy 15%,iid,0.15,0,0,6306884123,0.152833333333313,3114,0.00117790622992935
cumulative-receipt-targeted-closed-loop-falsification,16072002,n5-6dof-zero-loss,N5 6-DOF zero-loss,EXP23I targeted repair,elcs-w-legacy,2,50,periodic,ELCS-W legacy same-frame/new-sequence retry,none,5,ring2,6dof,tdma,1,1,0.15,1,0.48,0.29,0.29,0.0476190476190476,0.0476190476190476,0.0595167964171463,0.520066924001017,0,0,10.1745902578729,12.4469506079787,0,1.03677394961645,0.100903814262023,0.26,0.4,0.5,NaN,NaN,3000,1083,551,0,0,2596,1326,1270,0,0,0,0,0,0,2,0.00184672206832872,0,1915,0,0,1,32,32,0,0,0,0,0,0,0,0.426783478249482,0,0,0,0,0,0,0,0,0,0,0.324991999999997,3.32697599999997,0,0,1.83399999999998,0,0.779980799999993,45.9166666666667,110.5,0,0.010071123188214,0.01909665509509,NaN,NaN,0.994679334916865,2596,0,0,0,0,0,0.4312874,0,1545688,0,110997400,0,18583061056,tdma,candidate-elcs-w,none,local-conflict-witness-leases,none,continuous-elcs-replay,NaN,50,NaN,9.18333333333333,8.16666666666667,NaN,NaN,NaN,NaN,NaN,NaN,NaN,NaN,1083,NaN,NaN,NaN,0,0,1,2,NaN,NaN,NaN,NaN,NaN,0,0,NaN,0,0,0.324991999999997,1083,nominal,full,1,0,503435512971,0,0,0,0,0,0,0,0,1,0,0,0,0,0,0,0.166585007720309,1,0,NaN,NaN,5,1,0,0,1,188932880184,1083,1083,0.00146005840233609,0.00453205840233609,Inf,1.73472347597681e-18,0.00025,40,39.7780899425922,1,5782518651,24936234141,19033605,17850418,993421143,44314,10,4,3,1,1,3,217,1,6,173,1,0,0,1,173,328,328,0,0,483,811,7872,13952,21824,310,8680,4000,112000,0.20275,0.194857142857143,772,778,328,0,1079,4,2,1326,1268,2,1326,1268,2,0,1083,1083,0,1,671,0.572928,1667,1183,484,0,671,0.572927999999999,1667,1183,484,0,1,17904,0.572928,0,11.9931400272408,11.576472533422,1,467032,0.00025,40,0.000249425778339498,39.7780899425922,0.000730029201168047,0.00146005840233609,11.99546812288,1,0.000648011308392427,0.000437371237506385,1.73472347597681e-18,NaN,NaN,NaN,NaN,1,0.15,1545688,2212,candidate-elcs-w,671,0.572927999999999,0.0477439999999999,0.324991999999997,1,iid-load15,IID occupancy 15%,iid,0.15,0,0,6306884123,0.152833333333332,3114,0.00117790622992935
cumulative-receipt-targeted-closed-loop-falsification,16072002,n5-6dof-zero-loss,N5 6-DOF zero-loss,EXP23I targeted repair,elcs-w-cumulative,3,50,periodic,ELCS-W cumulative same-sequence receipt retry,none,5,ring2,6dof,tdma,1,1,0.15,1,0.48,0.29,0.29,0.0476190476190476,0.0476190476190476,0.0595167964171463,0.520066924001017,0,0,10.1745902578729,12.4469506079787,0,1.03677394961645,0.100903814262023,0.26,0.4,0.5,NaN,NaN,3000,1083,551,0,0,2596,1326,1270,0,0,0,0,0,0,2,0.00184672206832872,0,1915,0,0,1,32,32,0,0,0,0,0,0,0,0.413894201667979,0,0,0,0,0,0,0,0,0,0,0.309119999999997,3.32697599999997,0,0,1.83399999999998,0,0.741887999999994,45.9166666666667,110.5,0,0.010071123188214,0.01909665509509,NaN,NaN,0.994679334916865,2596,0,0,0,0,0,0.4176671,0,1545688,0,110997400,0,16826804622,tdma,candidate-elcs-w,none,local-conflict-witness-leases,none,continuous-elcs-replay,NaN,50,NaN,9.18333333333333,8.16666666666667,NaN,NaN,NaN,NaN,NaN,NaN,NaN,NaN,1083,NaN,NaN,NaN,0,0,1,2,NaN,NaN,NaN,NaN,NaN,0,0,NaN,0,0,0.309119999999997,1083,nominal,full,1,0,503435512971,0,0,0,0,0,0,0,0,1,0,0,0,0,0,0,0.166585007720309,1,0,NaN,NaN,5,1,0,0,1,188932880184,1083,1083,0.00146005840233609,0.00453205840233609,Inf,1.73472347597681e-18,0.00025,40,39.7780899425922,1,4903431387,24936234141,19033607,17868956,1016279261,44314,10,4,3,1,1,3,217,1,6,89,1,0,0,1,89,253,164,1,0,321,574,6072,9800,15872,310,8680,4000,112000,0.1435,0.141714285714286,577,583,239,0,1079,4,2,1326,1268,2,1326,1268,2,0,1083,1083,0,1,434,0.382464,1057,777,280,0,434,0.382463999999999,1057,777,280,0,1,11952,0.382464,0,11.9931400272408,11.576472533422,1,1207783,0.00025,40,0.000249425778339498,39.7780899425922,0.000730029201168047,0.00146005840233609,11.99546812288,1,0.000648011308392427,0.000437371237506385,1.73472347597681e-18,NaN,NaN,NaN,NaN,1,0.15,1545688,2212,candidate-elcs-w,434,0.382463999999999,0.031872,0.309119999999997,1,iid-load15,IID occupancy 15%,iid,0.15,0,0,6306884123,0.152833333333332,3114,0.00117790622992935
cumulative-receipt-targeted-closed-loop-falsification,16072003,n5-6dof-zero-loss,N5 6-DOF zero-loss,EXP23I targeted repair,periodic-exp23d-lower,1,18.6733506944443,periodic,Periodic static TDMA / EXP23D lower-cost boundary,none,5,ring2,6dof,tdma,1,1,0.15,1,0.48,0.29,0.29,0.0476190476190476,0.0476190476190476,0.0579661881594684,0.516100902740714,0,0,10.1713720687992,12.4978180298815,0,1.036738973063,0.0859203980099502,0.219999999999999,0.32,0.460000000000001,NaN,NaN,1120,1120,587,0,0,2688,1403,1285,0,0,0,0,0,0,533,0.475892857142857,0,0,0,0,1,32,32,0,0,0,0,0,0,0,0.388547110859215,0,0,0,0.38486751139953,0.433047760515488,0,0,0,0,0,0.286719999999997,3.44063999999997,0,0,1.74399999999983,533,0.688127999999993,48.9166666666667,116.916666666667,0,0.0113075972689215,0.0214778110862656,NaN,NaN,0.998765199495645,2688,0,0,0,0,0,1.3920926,0,248432,0,110997400,0,257875079,tdma,periodic-frontier,none,full-mission-static-tdma,none,continuous-local-static-tdma,NaN,18.6733506944443,NaN,9.78333333333333,9.41666666666667,NaN,NaN,NaN,NaN,NaN,NaN,NaN,NaN,1120,NaN,NaN,NaN,0,0,1,0,NaN,NaN,NaN,NaN,NaN,0,0,NaN,0,0,0.286719999999997,1120,nominal,full,0,0,503339457827,0,0,0,0,0,0,0,0,1,0,0,0,0,0,0,NaN,0,0,NaN,NaN,5,1,0,0,1,188736524869,2647,1120,0.00146005840233609,0.00453205840233609,Inf,8.88178419700125e-16,0.00025,40,38.5716129373254,1,NaN,NaN,NaN,NaN,NaN,NaN,NaN,NaN,NaN,NaN,NaN,NaN,NaN,NaN,NaN,NaN,NaN,NaN,NaN,NaN,NaN,NaN,NaN,NaN,NaN,NaN,NaN,NaN,NaN,NaN,NaN,NaN,NaN,NaN,NaN,NaN,NaN,NaN,NaN,NaN,NaN,NaN,NaN,NaN,NaN,NaN,NaN,NaN,NaN,NaN,NaN,NaN,NaN,NaN,NaN,NaN,NaN,NaN,NaN,NaN,NaN,NaN,NaN,NaN,NaN,NaN,NaN,NaN,NaN,NaN,NaN,NaN,NaN,NaN,NaN,NaN,NaN,NaN,NaN,NaN,NaN,NaN,NaN,NaN,NaN,NaN,NaN,NaN,NaN,NaN,NaN,NaN,NaN,periodic-static,0,0,0,0.286719999999997,0,iid-load15,IID occupancy 15%,iid,0.15,0,0,6301565390,0.145333333333319,2984,0.00116890080428954
cumulative-receipt-targeted-closed-loop-falsification,16072003,n5-6dof-zero-loss,N5 6-DOF zero-loss,EXP23I targeted repair,elcs-w-legacy,2,50,periodic,ELCS-W legacy same-frame/new-sequence retry,none,5,ring2,6dof,tdma,1,1,0.15,1,0.48,0.29,0.29,0.0476190476190476,0.0476190476190476,0.0501032303954593,0.533358992676305,0,0,10.2690573942548,12.4277413215842,0,1.03666873422717,0.0867330016583749,0.220000000000001,0.359999999999999,0.56,NaN,NaN,3000,1083,572,0,0,2599,1382,1217,0,0,0,0,0,0,0,0,0,1915,0,0,1,32,32,0,0,0,0,0,0,0,0.426220307150044,0,0,0,0,0,0,0,0,0,0,0.329813333333331,3.32697599999997,0,0,1.74399999999998,0,0.791551999999994,47.6666666666667,115.166666666667,0,0.0100432858963784,0.0190000208451819,NaN,NaN,0.994057240080209,2599,0,0,0,0,0,0.3218873,0,248432,0,110997400,0,18987906195,tdma,candidate-elcs-w,none,local-conflict-witness-leases,none,continuous-elcs-replay,NaN,50,NaN,9.53333333333333,8.91666666666667,NaN,NaN,NaN,NaN,NaN,NaN,NaN,NaN,1083,NaN,NaN,NaN,0,0,1,0,NaN,NaN,NaN,NaN,NaN,0,0,NaN,0,0,0.329813333333331,1083,nominal,full,1,0,503339457827,0,0,0,0,0,0,0,0,1,0,0,0,0,0,0,0.111300014880595,1,0,NaN,NaN,5,1,0,0,1,188736524869,1083,1083,0.00146005840233609,0.00453205840233609,Inf,1.73472347597681e-18,0.00025,40,38.5716129373254,1,6046963324,25355146848,19033605,17855232,1004071521,44314,10,4,3,1,1,2,217,1,3,208,0,0,0,0,208,363,363,0,0,502,865,8712,14920,23632,310,8680,4000,112000,0.21625,0.211,861,861,369,0,1082,1,0,1382,1217,0,1382,1217,0,0,1083,1083,0,1,725,0.630784,1770,1282,488,0,725,0.630783999999999,1770,1282,488,0,1,19712,0.630784,0,11.9933805645738,11.9637033620183,1,1396220,0.00025,40,0.000185499027472304,38.5716129373254,0.000730029201168047,0.00146005840233609,11.99546812288,1,0.00114078284508956,0,1.73472347597681e-18,NaN,NaN,NaN,NaN,1,0.15,248432,2103,candidate-elcs-w,725,0.630783999999999,0.0525653333333333,0.329813333333331,1,iid-load15,IID occupancy 15%,iid,0.15,0,0,6301565390,0.145333333333331,2984,0.00116890080428954
cumulative-receipt-targeted-closed-loop-falsification,16072003,n5-6dof-zero-loss,N5 6-DOF zero-loss,EXP23I targeted repair,elcs-w-cumulative,3,50,periodic,ELCS-W cumulative same-sequence receipt retry,none,5,ring2,6dof,tdma,1,1,0.15,1,0.48,0.29,0.29,0.0476190476190476,0.0476190476190476,0.0501032303954593,0.533358992676305,0,0,10.2690573942548,12.4277413215842,0,1.03666873422717,0.0867330016583749,0.220000000000001,0.359999999999999,0.56,NaN,NaN,3000,1083,572,0,0,2599,1382,1217,0,0,0,0,0,0,0,0,0,1915,0,0,1,32,32,0,0,0,0,0,0,0,0.412763957195315,0,0,0,0,0,0,0,0,0,0,0.314474666666664,3.32697599999997,0,0,1.74399999999998,0,0.754739199999994,47.6666666666667,115.166666666667,0,0.0100432858963784,0.0190000208451819,NaN,NaN,0.994057240080209,2599,0,0,0,0,0,0.3491096,0,248432,0,110997400,0,17277954773,tdma,candidate-elcs-w,none,local-conflict-witness-leases,none,continuous-elcs-replay,NaN,50,NaN,9.53333333333333,8.91666666666667,NaN,NaN,NaN,NaN,NaN,NaN,NaN,NaN,1083,NaN,NaN,NaN,0,0,1,0,NaN,NaN,NaN,NaN,NaN,0,0,NaN,0,0,0.314474666666664,1083,nominal,full,1,0,503339457827,0,0,0,0,0,0,0,0,1,0,0,0,0,0,0,0.111300014880595,1,0,NaN,NaN,5,1,0,0,1,188736524869,1083,1083,0.00146005840233609,0.00453205840233609,Inf,1.73472347597681e-18,0.00025,40,38.5716129373254,1,5121085471,25355146848,19033607,17872753,1021572388,44314,10,4,3,1,1,2,217,1,3,128,0,0,0,0,128,289,161,1,0,351,640,6936,10944,17880,310,8680,4000,112000,0.16,0.159642857142857,666,666,273,0,1082,1,0,1382,1217,0,1382,1217,0,0,1083,1083,0,1,500,0.44672,1205,853,352,0,500,0.44672,1205,853,352,0,1,13960,0.44672,0,11.9933805645738,11.5766980613918,1,972218,0.00025,40,0.000185499027472304,38.5716129373254,0.000730029201168047,0.00146005840233609,11.99546812288,1,0.00114078284508956,0,1.73472347597681e-18,NaN,NaN,NaN,NaN,1,0.15,248432,2103,candidate-elcs-w,500,0.44672,0.0372266666666667,0.314474666666664,1,iid-load15,IID occupancy 15%,iid,0.15,0,0,6301565390,0.145333333333331,2984,0.00116890080428954
cumulative-receipt-targeted-closed-loop-falsification,16072004,n5-6dof-zero-loss,N5 6-DOF zero-loss,EXP23I targeted repair,periodic-exp23d-lower,1,18.6733506944443,periodic,Periodic static TDMA / EXP23D lower-cost boundary,none,5,ring2,6dof,tdma,1,1,0.15,1,0.48,0.29,0.29,0.0476190476190476,0.0476190476190476,0.0540141349043792,0.524327542838877,0,0,10.4645859065401,12.6777409693086,0,1.03676243965706,0.0960364842454393,0.260000000000001,0.4,0.539999999999999,NaN,NaN,1120,1120,588,0,0,2688,1412,1276,0,0,0,0,0,0,532,0.475,0,0,0,0,1,32,32,0,0,0,0,0,0,0,0.390367985033628,0,0,0,0.393223614562297,0.43018357445037,0,0,0,0,0,0.286719999999997,3.44063999999997,0,0,1.75099999999979,532,0.688127999999993,49,117.666666666667,0,0.0112926760445549,0.0214898645442549,NaN,NaN,0.99446026404349,2688,0,0,0,0,0,1.1181704,0,625260,0,110997400,0,257875081,tdma,periodic-frontier,none,full-mission-static-tdma,none,continuous-local-static-tdma,NaN,18.6733506944443,NaN,9.8,8.58333333333333,NaN,NaN,NaN,NaN,NaN,NaN,NaN,NaN,1120,NaN,NaN,NaN,0,0,1,0,NaN,NaN,NaN,NaN,NaN,0,0,NaN,0,0,0.286719999999997,1120,nominal,full,0,0,503567311366,0,0,0,0,0,0,0,0,1,0,0,0,0,0,0,NaN,0,0,NaN,NaN,5,1,0,0,1,188948337690,2647,1120,0.00146005840233609,0.00453205840233609,Inf,0,0.00025,40,39.6163937660753,1,NaN,NaN,NaN,NaN,NaN,NaN,NaN,NaN,NaN,NaN,NaN,NaN,NaN,NaN,NaN,NaN,NaN,NaN,NaN,NaN,NaN,NaN,NaN,NaN,NaN,NaN,NaN,NaN,NaN,NaN,NaN,NaN,NaN,NaN,NaN,NaN,NaN,NaN,NaN,NaN,NaN,NaN,NaN,NaN,NaN,NaN,NaN,NaN,NaN,NaN,NaN,NaN,NaN,NaN,NaN,NaN,NaN,NaN,NaN,NaN,NaN,NaN,NaN,NaN,NaN,NaN,NaN,NaN,NaN,NaN,NaN,NaN,NaN,NaN,NaN,NaN,NaN,NaN,NaN,NaN,NaN,NaN,NaN,NaN,NaN,NaN,NaN,NaN,NaN,NaN,NaN,NaN,NaN,periodic-static,0,0,0,0.286719999999997,0,iid-load15,IID occupancy 15%,iid,0.15,0,0,6318355665,0.145916666666649,3010,0.00116345514950166
cumulative-receipt-targeted-closed-loop-falsification,16072004,n5-6dof-zero-loss,N5 6-DOF zero-loss,EXP23I targeted repair,elcs-w-legacy,2,50,periodic,ELCS-W legacy same-frame/new-sequence retry,none,5,ring2,6dof,tdma,1,1,0.15,1,0.48,0.29,0.29,0.0476190476190476,0.0476190476190476,0.056231013239719,0.520066893007643,0,0,10.4310698987113,12.5114458044861,0,1.03674755741025,0.0978606965174131,0.260000000000002,0.359999999999999,0.459999999999999,NaN,NaN,3000,1080,554,0,0,2593,1335,1258,0,0,0,0,0,0,0,0,0,1918,0,0,1,32,32,0,0,0,0,0,0,0,0.420374031454315,0,0,0,0,0,0,0,0,0,0,0.322090666666664,3.31775999999997,0,0,1.75099999999999,0,0.773017599999994,46.1666666666667,111.25,0,0.0100778843071053,0.0190363899183027,NaN,NaN,0.998263132216621,2593,0,0,0,0,0,0.3545426,0,625260,0,110997400,0,18164759129,tdma,candidate-elcs-w,none,local-conflict-witness-leases,none,continuous-elcs-replay,NaN,50,NaN,9.23333333333333,8.5,NaN,NaN,NaN,NaN,NaN,NaN,NaN,NaN,1080,NaN,NaN,NaN,0,0,1,0,NaN,NaN,NaN,NaN,NaN,0,0,NaN,0,0,0.322090666666664,1080,nominal,full,1,0,503567311366,0,0,0,0,0,0,0,0,1,0,0,0,0,0,0,0.166585007720309,1,0,NaN,NaN,5,1,0,0,1,188948337690,1080,1080,0.00146005840233609,0.00453205840233609,Inf,6.93889390390723e-18,0.00025,40,39.6163937660753,1,5620575135,25353176542,19033605,17850867,1006956009,44314,10,4,3,1,1,3,217,1,6,178,0,0,0,0,178,333,333,0,0,436,769,7992,13032,21024,310,8680,4000,112000,0.19225,0.187714285714286,753,757,313,0,1079,1,0,1335,1258,0,1335,1258,0,0,1080,1080,0,1,629,0.547328,1543,1146,397,0,629,0.547327999999999,1543,1146,397,0,1,17104,0.547328,0,11.9933195737862,11.6872153118098,1,1552030,0.00025,40,0.000187826730928654,39.6163937660753,0.000730029201168047,0.00146005840233609,11.99546812288,1,0.000702869869263267,0,6.93889390390723e-18,NaN,NaN,NaN,NaN,1,0.15,625260,2068,candidate-elcs-w,629,0.547327999999999,0.0456106666666666,0.322090666666664,1,iid-load15,IID occupancy 15%,iid,0.15,0,0,6318355665,0.145916666666666,3010,0.00116345514950166
cumulative-receipt-targeted-closed-loop-falsification,16072004,n5-6dof-zero-loss,N5 6-DOF zero-loss,EXP23I targeted repair,elcs-w-cumulative,3,50,periodic,ELCS-W cumulative same-sequence receipt retry,none,5,ring2,6dof,tdma,1,1,0.15,1,0.48,0.29,0.29,0.0476190476190476,0.0476190476190476,0.056231013239719,0.520066893007643,0,0,10.4310698987113,12.5114458044861,0,1.03674755741025,0.0978606965174131,0.260000000000002,0.359999999999999,0.459999999999999,NaN,NaN,3000,1080,554,0,0,2593,1335,1258,0,0,0,0,0,0,0,0,0,1918,0,0,1,32,32,0,0,0,0,0,0,0,0.409829872236058,0,0,0,0,0,0,0,0,0,0,0.309951999999997,3.31775999999997,0,0,1.75099999999999,0,0.743884799999994,46.1666666666667,111.25,0,0.0100778843071053,0.0190363899183027,NaN,NaN,0.998263132216621,2593,0,0,0,0,0,0.314518599999999,0,625260,0,110997400,0,16884378027,tdma,candidate-elcs-w,none,local-conflict-witness-leases,none,continuous-elcs-replay,NaN,50,NaN,9.23333333333333,8.5,NaN,NaN,NaN,NaN,NaN,NaN,NaN,NaN,1080,NaN,NaN,NaN,0,0,1,0,NaN,NaN,NaN,NaN,NaN,0,0,NaN,0,0,0.309951999999997,1080,nominal,full,1,0,503567311366,0,0,0,0,0,0,0,0,1,0,0,0,0,0,0,0.166585007720309,1,0,NaN,NaN,5,1,0,0,1,188948337690,1080,1080,0.00146005840233609,0.00453205840233609,Inf,6.93889390390723e-18,0.00025,40,39.6163937660753,1,4946879033,25353176542,19033607,17868599,995393548,44314,10,4,3,1,1,3,217,1,6,110,0,0,0,0,110,269,159,1,0,323,592,6456,10016,16472,310,8680,4000,112000,0.148,0.147071428571429,602,606,249,0,1079,1,0,1335,1258,0,1335,1258,0,0,1080,1080,0,1,452,0.401664,1099,812,287,0,452,0.401664,1099,812,287,0,1,12552,0.401664,0,11.9933195737862,11.6319297971946,1,1134844,0.00025,40,0.000187826730928654,39.6163937660753,0.000730029201168047,0.00146005840233609,11.99546812288,1,0.000702869869263267,0,6.93889390390723e-18,NaN,NaN,NaN,NaN,1,0.15,625260,2068,candidate-elcs-w,452,0.401664,0.033472,0.309951999999997,1,iid-load15,IID occupancy 15%,iid,0.15,0,0,6318355665,0.145916666666666,3010,0.00116345514950166
cumulative-receipt-targeted-closed-loop-falsification,16072005,n5-6dof-zero-loss,N5 6-DOF zero-loss,EXP23I targeted repair,periodic-exp23d-lower,1,18.6733506944443,periodic,Periodic static TDMA / EXP23D lower-cost boundary,none,5,ring2,6dof,tdma,1,1,0.15,1,0.48,0.29,0.29,0.0476190476190476,0.0476190476190476,0.0628384915567346,0.511829420215288,0,0,10.4968777986234,12.4600080666044,0,1.03674777504664,0.109237147595357,0.299999999999999,0.42,0.52,NaN,NaN,1120,1120,566,0,0,2688,1352,1336,0,0,0,0,0,0,554,0.494642857142857,0,0,0,0,1,32,32,0,0,0,0,0,0,0,0.395454368436203,0,0,0,0.400050153613398,0.437238256111122,0,0,0,0,0,0.286719999999997,3.44063999999997,0,0,1.83599999999974,554,0.688127999999993,47.1666666666667,112.666666666667,0,0.0112810710167376,0.0214390151930099,NaN,NaN,0.997124003984064,2688,0,0,0,0,0,1.2457151,0,1409582,0,110997400,0,257875083,tdma,periodic-frontier,none,full-mission-static-tdma,none,continuous-local-static-tdma,NaN,18.6733506944443,NaN,9.43333333333333,8.83333333333333,NaN,NaN,NaN,NaN,NaN,NaN,NaN,NaN,1120,NaN,NaN,NaN,0,0,1,0,NaN,NaN,NaN,NaN,NaN,0,0,NaN,0,0,0.286719999999997,1120,nominal,full,0,0,503317051335,0,0,0,0,0,0,0,0,1,0,0,0,0,0,0,NaN,0,0,NaN,NaN,5,1,0,0,1,188995121669,2647,1120,0.00146005840233609,0.00453205840233609,Inf,2.77555756156289e-17,0.00025,40,37.4533010496828,1,NaN,NaN,NaN,NaN,NaN,NaN,NaN,NaN,NaN,NaN,NaN,NaN,NaN,NaN,NaN,NaN,NaN,NaN,NaN,NaN,NaN,NaN,NaN,NaN,NaN,NaN,NaN,NaN,NaN,NaN,NaN,NaN,NaN,NaN,NaN,NaN,NaN,NaN,NaN,NaN,NaN,NaN,NaN,NaN,NaN,NaN,NaN,NaN,NaN,NaN,NaN,NaN,NaN,NaN,NaN,NaN,NaN,NaN,NaN,NaN,NaN,NaN,NaN,NaN,NaN,NaN,NaN,NaN,NaN,NaN,NaN,NaN,NaN,NaN,NaN,NaN,NaN,NaN,NaN,NaN,NaN,NaN,NaN,NaN,NaN,NaN,NaN,NaN,NaN,NaN,NaN,NaN,NaN,periodic-static,0,0,0,0.286719999999997,0,iid-load15,IID occupancy 15%,iid,0.15,0,0,6286094804,0.152999999999979,3111,0.00117994858611825
cumulative-receipt-targeted-closed-loop-falsification,16072005,n5-6dof-zero-loss,N5 6-DOF zero-loss,EXP23I targeted repair,elcs-w-legacy,2,50,periodic,ELCS-W legacy same-frame/new-sequence retry,none,5,ring2,6dof,tdma,1,1,0.15,1,0.48,0.29,0.29,0.0476190476190476,0.0476190476190476,0.0542127386840455,0.529319023721958,0,0,10.4744083065994,12.7131589135532,0,1.03678991736073,0.0908374792703152,0.24,0.359999999999999,0.459999999999999,NaN,NaN,3000,1081,565,0,0,2596,1351,1245,0,0,0,0,0,0,0,0,0,1917,0,0,1,32,32,0,0,0,0,0,0,0,0.431029849325393,0,0,0,0,0,0,0,0,0,0,0.327210666666664,3.32083199999997,0,0,1.83599999999994,0,0.785305599999993,47.0833333333333,112.583333333333,0,0.00999851175077457,0.0189491436531051,NaN,NaN,0.997282056889361,2596,0,0,0,0,0,0.411837,0,1409582,0,110997400,0,18795496733,tdma,candidate-elcs-w,none,local-conflict-witness-leases,none,continuous-elcs-replay,NaN,50,NaN,9.41666666666667,8.91666666666667,NaN,NaN,NaN,NaN,NaN,NaN,NaN,NaN,1081,NaN,NaN,NaN,0,0,1,0,NaN,NaN,NaN,NaN,NaN,0,0,NaN,0,0,0.327210666666664,1081,nominal,full,1,0,503317051335,0,0,0,0,0,0,0,0,1,0,0,0,0,0,0,0.33243998623945,1,0,NaN,NaN,5,1,0,0,1,188995121669,1081,1081,0.00146005840233609,0.00453205840233609,Inf,1.35525271560688e-20,0.00025,40,37.4533010496828,1,5940246870,25070398160,19033605,17850531,1007898783,44314,10,4,3,1,1,6,217,1,8,198,0,0,0,0,198,353,353,0,0,494,847,8472,14376,22848,310,8680,4000,112000,0.21175,0.204,806,809,340,0,1077,4,0,1351,1245,0,1351,1245,0,0,1081,1081,0,1,707,0.605696,1740,1257,483,0,707,0.605695999999999,1740,1257,483,0,1,18928,0.605696,0,11.9931624711116,11.8529145323041,1,1118570,0.00025,40,0.000153542216383936,37.4533010496828,0.000730029201168047,0.00146005840233609,11.99546812288,1,0.000882008827755243,0,1.35525271560688e-20,NaN,NaN,NaN,NaN,1,0.15,1409582,2196,candidate-elcs-w,707,0.605695999999999,0.0504746666666665,0.327210666666664,1,iid-load15,IID occupancy 15%,iid,0.15,0,0,6286094804,0.152999999999995,3111,0.00117994858611825
cumulative-receipt-targeted-closed-loop-falsification,16072005,n5-6dof-zero-loss,N5 6-DOF zero-loss,EXP23I targeted repair,elcs-w-cumulative,3,50,periodic,ELCS-W cumulative same-sequence receipt retry,none,5,ring2,6dof,tdma,1,1,0.15,1,0.48,0.29,0.29,0.0476190476190476,0.0476190476190476,0.05421331154939,0.529318079792505,0,0,10.5288483636361,12.9791022938738,0,1.03680485861402,0.0908374792703152,0.24,0.359999999999999,0.459999999999999,NaN,NaN,3000,1082,565,0,0,2598,1351,1247,0,0,0,0,0,0,0,0,0,1916,0,0,1,32,32,0,0,0,0,0,0,0,0.415792256195938,0,0,0,0,0,0,0,0,0,0,0.309141333333331,3.32390399999997,0,0,1.83599999999994,0,0.741939199999994,47.0833333333333,112.583333333333,0,0.00999795500508365,0.0189491118828399,NaN,NaN,0.997282056889361,2598,0,0,0,0,0,0.4692882,0,1409582,0,110997400,0,16830810142,tdma,candidate-elcs-w,none,local-conflict-witness-leases,none,continuous-elcs-replay,NaN,50,NaN,9.41666666666667,8.91666666666667,NaN,NaN,NaN,NaN,NaN,NaN,NaN,NaN,1082,NaN,NaN,NaN,0,0,1,0,NaN,NaN,NaN,NaN,NaN,0,0,NaN,0,0,0.309141333333331,1082,nominal,full,1,0,503317051335,0,0,0,0,0,0,0,0,1,0,0,0,0,0,0,0.166585007720309,1,0,NaN,NaN,5,1,0,0,1,188995121669,1082,1082,0.00146005840233609,0.00453205840233609,Inf,1.35525271560688e-20,0.00025,40,37.4533010496828,1,4880052262,25070398160,19033607,17871900,1004023804,44314,10,4,3,1,1,3,217,1,5,94,0,0,0,0,94,261,167,1,0,315,576,6264,9712,15976,310,8680,4000,112000,0.144,0.142642857142857,581,584,240,0,1080,2,0,1351,1247,0,1351,1247,0,0,1082,1082,0,1,436,0.385792,1051,788,263,0,436,0.385792,1051,788,263,0,1,12056,0.385792,0,11.9931624711116,11.5764865242748,1,1544444,0.00025,40,0.000153542216383936,37.4533010496828,0.000730029201168047,0.00146005840233609,11.99546812288,1,0.000882008827755243,0,1.35525271560688e-20,NaN,NaN,NaN,NaN,1,0.15,1409582,2196,candidate-elcs-w,436,0.385792,0.0321493333333333,0.309141333333331,1,iid-load15,IID occupancy 15%,iid,0.15,0,0,6286094804,0.152999999999995,3111,0.00117994858611825
cumulative-receipt-targeted-closed-loop-falsification,16072006,n5-6dof-zero-loss,N5 6-DOF zero-loss,EXP23I targeted repair,periodic-exp23d-lower,1,18.6733506944443,periodic,Periodic static TDMA / EXP23D lower-cost boundary,none,5,ring2,6dof,tdma,1,1,0.15,1,0.48,0.29,0.29,0.0476190476190476,0.0476190476190476,0.0513074336573293,0.532671782926861,0,0,10.3258506508643,13.0498573961208,0,1.03684677732931,0.0919651741293532,0.220000000000001,0.34,0.5,NaN,NaN,1120,1120,580,0,0,2688,1404,1284,0,0,0,0,0,0,540,0.482142857142857,0,0,0,0,1,32,32,0,0,0,0,0,0,0,0.4007394423125,0,0,0,0.400654157089369,0.435148153796901,0,0,0,0,0,0.286719999999997,3.44063999999997,0,0,1.87799999999975,540,0.688127999999993,48.3333333333333,117,0,0.0112836632427017,0.0215039910440725,NaN,NaN,0.99759793600427,2688,0,0,0,0,0,1.3728742,0,1071139,0,110997400,0,257875085,tdma,periodic-frontier,none,full-mission-static-tdma,none,continuous-local-static-tdma,NaN,18.6733506944443,NaN,9.66666666666667,8.91666666666667,NaN,NaN,NaN,NaN,NaN,NaN,NaN,NaN,1120,NaN,NaN,NaN,0,0,1,0,NaN,NaN,NaN,NaN,NaN,0,0,NaN,0,0,0.286719999999997,1120,nominal,full,0,0,502901740734,0,0,0,0,0,0,0,0,1,0,0,0,0,0,0,NaN,0,0,NaN,NaN,5,1,0,0,1,188470073908,2648,1120,0.00146005840233609,0.00453205840233609,Inf,0,0.00025,40,38.2096964140261,1,NaN,NaN,NaN,NaN,NaN,NaN,NaN,NaN,NaN,NaN,NaN,NaN,NaN,NaN,NaN,NaN,NaN,NaN,NaN,NaN,NaN,NaN,NaN,NaN,NaN,NaN,NaN,NaN,NaN,NaN,NaN,NaN,NaN,NaN,NaN,NaN,NaN,NaN,NaN,NaN,NaN,NaN,NaN,NaN,NaN,NaN,NaN,NaN,NaN,NaN,NaN,NaN,NaN,NaN,NaN,NaN,NaN,NaN,NaN,NaN,NaN,NaN,NaN,NaN,NaN,NaN,NaN,NaN,NaN,NaN,NaN,NaN,NaN,NaN,NaN,NaN,NaN,NaN,NaN,NaN,NaN,NaN,NaN,NaN,NaN,NaN,NaN,NaN,NaN,NaN,NaN,NaN,NaN,periodic-static,0,0,0,0.286719999999997,0,iid-load15,IID occupancy 15%,iid,0.15,0,0,6333431347,0.156499999999979,3182,0.0011803896920176
cumulative-receipt-targeted-closed-loop-falsification,16072006,n5-6dof-zero-loss,N5 6-DOF zero-loss,EXP23I targeted repair,elcs-w-legacy,2,50,periodic,ELCS-W legacy same-frame/new-sequence retry,none,5,ring2,6dof,tdma,1,1,0.15,1,0.48,0.29,0.29,0.0476190476190476,0.0476190476190476,0.0559496417395528,0.519927536012624,0,0,10.152340010338,12.5217325687235,0,1.03670656962372,0.0956384742951908,0.26,0.34,0.399999999999999,NaN,NaN,3000,1085,550,0,0,2602,1325,1277,0,0,0,0,0,0,2,0.00184331797235023,0,1913,0,0,1,32,32,0,0,0,0,0,0,0,0.435026202208879,0,0,0,0,0,0,0,0,0,0,0.32968533333333,3.33311999999997,0,0,1.878,0,0.791244799999993,45.8333333333333,110.416666666667,0,0.010019509689986,0.0190105309616708,NaN,NaN,0.994248151191454,2602,0,0,0,0,0,0.39885,0,1071139,0,110997400,0,19107347525,tdma,candidate-elcs-w,none,local-conflict-witness-leases,none,continuous-elcs-replay,NaN,50,NaN,9.16666666666667,8.08333333333333,NaN,NaN,NaN,NaN,NaN,NaN,NaN,NaN,1085,NaN,NaN,NaN,0,0,1,2,NaN,NaN,NaN,NaN,NaN,0,0,NaN,0,0,0.32968533333333,1085,nominal,full,1,0,502901740734,0,0,0,0,0,0,0,0,1,0,0,0,0,0,0,0.166585007720309,1,0,NaN,NaN,5,1,0,0,1,188470073908,1085,1085,0.00146005840233609,0.00453205840233609,Inf,1.38777878078145e-17,0.00025,40,38.2096964140261,1,6017264302,25062264956,19033605,17854200,990298046,44314,10,4,3,1,1,3,217,1,3,194,1,0,0,1,194,349,349,0,0,520,869,8376,15016,23392,310,8680,4000,112000,0.21725,0.208857142857143,837,837,364,0,1082,3,2,1325,1275,2,1325,1275,2,0,1085,1085,0,1,729,0.623104,1800,1311,489,0,729,0.623103999999998,1800,1311,489,0,1,19472,0.623104,0,11.9937056847417,11.7428803116044,1,1206597,0.00025,40,0.000234277829827399,38.2096964140261,0.000730029201168047,0.00146005840233609,11.99546812288,1,0.000780176839940694,0.000211625518137176,1.38777878078145e-17,NaN,NaN,NaN,NaN,1,0.15,1071139,2178,candidate-elcs-w,729,0.623103999999998,0.0519253333333332,0.32968533333333,1,iid-load15,IID occupancy 15%,iid,0.15,0,0,6333431347,0.1565,3182,0.0011803896920176
cumulative-receipt-targeted-closed-loop-falsification,16072006,n5-6dof-zero-loss,N5 6-DOF zero-loss,EXP23I targeted repair,elcs-w-cumulative,3,50,periodic,ELCS-W cumulative same-sequence receipt retry,none,5,ring2,6dof,tdma,1,1,0.15,1,0.48,0.29,0.29,0.0476190476190476,0.0476190476190476,0.0559496417395528,0.519927536012624,0,0,10.152340010338,12.5217325687235,0,1.03670656962372,0.0956384742951908,0.26,0.34,0.399999999999999,NaN,NaN,3000,1085,550,0,0,2602,1325,1277,0,0,0,0,0,0,2,0.00184331797235023,0,1913,0,0,1,32,32,0,0,0,0,0,0,0,0.420209868677614,0,0,0,0,0,0,0,0,0,0,0.312853333333331,3.33311999999997,0,0,1.878,0,0.750847999999994,45.8333333333333,110.416666666667,0,0.010019509689986,0.0190105309616708,NaN,NaN,0.994248151191454,2602,0,0,0,0,0,0.3336662,0,1071139,0,110997400,0,17110322464,tdma,candidate-elcs-w,none,local-conflict-witness-leases,none,continuous-elcs-replay,NaN,50,NaN,9.16666666666667,8.08333333333333,NaN,NaN,NaN,NaN,NaN,NaN,NaN,NaN,1085,NaN,NaN,NaN,0,0,1,2,NaN,NaN,NaN,NaN,NaN,0,0,NaN,0,0,0.312853333333331,1085,nominal,full,1,0,502901740734,0,0,0,0,0,0,0,0,1,0,0,0,0,0,0,0.166585007720309,1,0,NaN,NaN,5,1,0,0,1,188470073908,1085,1085,0.00146005840233609,0.00453205840233609,Inf,6.93889390390723e-18,0.00025,40,38.2096964140261,1,5051171545,25062264956,19033607,17872526,990054035,44314,10,4,3,1,1,3,217,1,3,105,1,0,0,1,105,269,164,1,0,347,616,6456,10624,17080,310,8680,4000,112000,0.154,0.1525,634,634,265,0,1082,3,2,1325,1275,2,1325,1275,2,0,1085,1085,0,1,476,0.42112,1152,838,314,0,476,0.42112,1152,838,314,0,1,13160,0.42112,0,11.9937056847417,11.6323063614642,1,1946071,0.00025,40,0.000234277829827399,38.2096964140261,0.000730029201168047,0.00146005840233609,11.99546812288,1,0.000780176839940694,0.000211625518137176,6.93889390390723e-18,NaN,NaN,NaN,NaN,1,0.15,1071139,2178,candidate-elcs-w,476,0.42112,0.0350933333333333,0.312853333333331,1,iid-load15,IID occupancy 15%,iid,0.15,0,0,6333431347,0.1565,3182,0.0011803896920176
cumulative-receipt-targeted-closed-loop-falsification,16072007,n5-6dof-zero-loss,N5 6-DOF zero-loss,EXP23I targeted repair,periodic-exp23d-lower,1,18.6733506944443,periodic,Periodic static TDMA / EXP23D lower-cost boundary,none,5,ring2,6dof,tdma,1,1,0.15,1,0.48,0.29,0.29,0.0476190476190476,0.0476190476190476,0.0504563938673492,0.528410804622308,0,0,10.1859116668494,12.4547695270375,0,1.03671582263207,0.0879601990049751,0.239999999999998,0.32,0.44,NaN,NaN,1120,1120,580,0,0,2688,1408,1280,0,0,0,0,0,0,540,0.482142857142857,0,0,0,0,1,32,32,0,0,0,0,0,0,0,0.395866962169147,0,0,0,0.389046455861466,0.426087639062538,0,0,0,0,0,0.286719999999997,3.44063999999997,0,0,1.84599999999982,540,0.688127999999993,48.3333333333333,117.333333333333,0,0.011344764102181,0.0215148772511244,NaN,NaN,0.991949989679474,2688,0,0,0,0,0,1.1340362,0,885077,0,110997400,0,257875087,tdma,periodic-frontier,none,full-mission-static-tdma,none,continuous-local-static-tdma,NaN,18.6733506944443,NaN,9.66666666666667,8,NaN,NaN,NaN,NaN,NaN,NaN,NaN,NaN,1120,NaN,NaN,NaN,0,0,1,0,NaN,NaN,NaN,NaN,NaN,0,0,NaN,0,0,0.286719999999997,1120,nominal,full,0,0,503181249907,0,0,0,0,0,0,0,0,1,0,0,0,0,0,0,NaN,0,0,NaN,NaN,5,1,0,0,1,188860040412,2647,1120,0.00146005840233609,0.00453205840233609,Inf,8.88178419700125e-16,0.00025,40,36.9860496376207,1,NaN,NaN,NaN,NaN,NaN,NaN,NaN,NaN,NaN,NaN,NaN,NaN,NaN,NaN,NaN,NaN,NaN,NaN,NaN,NaN,NaN,NaN,NaN,NaN,NaN,NaN,NaN,NaN,NaN,NaN,NaN,NaN,NaN,NaN,NaN,NaN,NaN,NaN,NaN,NaN,NaN,NaN,NaN,NaN,NaN,NaN,NaN,NaN,NaN,NaN,NaN,NaN,NaN,NaN,NaN,NaN,NaN,NaN,NaN,NaN,NaN,NaN,NaN,NaN,NaN,NaN,NaN,NaN,NaN,NaN,NaN,NaN,NaN,NaN,NaN,NaN,NaN,NaN,NaN,NaN,NaN,NaN,NaN,NaN,NaN,NaN,NaN,NaN,NaN,NaN,NaN,NaN,NaN,periodic-static,0,0,0,0.286719999999997,0,iid-load15,IID occupancy 15%,iid,0.15,0,0,6249382404,0.153833333333318,3150,0.00117206349206349
cumulative-receipt-targeted-closed-loop-falsification,16072007,n5-6dof-zero-loss,N5 6-DOF zero-loss,EXP23I targeted repair,elcs-w-legacy,2,50,periodic,ELCS-W legacy same-frame/new-sequence retry,none,5,ring2,6dof,tdma,1,1,0.15,1,0.48,0.29,0.29,0.0476190476190476,0.0476190476190476,0.0568355627934949,0.51683274640128,0,0,10.4890417901975,13.659376169779,0,1.03697750689324,0.0831840796019901,0.219999999999999,0.300000000000001,0.379999999999999,NaN,NaN,3000,1074,549,0,0,2575,1309,1266,0,0,0,0,0,0,6,0.00558659217877095,0,1924,0,0,1,32,32,0,0,0,0,0,0,0,0.430751214487142,0,0,0,0,0,0,0,0,0,0,0.328021333333331,3.29932799999997,0,0,1.84599999999997,0,0.787251199999994,45.75,109.083333333333,0,0.0100394538088709,0.0190124400549171,NaN,NaN,0.99691071162783,2575,0,0,0,0,0,0.339236700000001,0,885077,0,110997400,0,18977065095,tdma,candidate-elcs-w,none,local-conflict-witness-leases,none,continuous-elcs-replay,NaN,50,NaN,9.15,8.66666666666667,NaN,NaN,NaN,NaN,NaN,NaN,NaN,NaN,1074,NaN,NaN,NaN,0,0,1,6,NaN,NaN,NaN,NaN,NaN,0,0,NaN,0,0,0.328021333333331,1074,nominal,full,1,0,503181249907,0,0,0,0,0,0,0,0,1,0,0,0,0,0,0,0.387724979079163,1,0,NaN,NaN,5,1,0,0,1,188860040412,1074,1074,0.00146005840233609,0.00453205840233609,Inf,4.44089209850063e-16,0.00025,40,36.9860496376207,1,6100689043,24987936176,19033605,17836610,1041704498,44314,10,4,3,1,1,7,217,1,20,220,2,0,0,2,220,375,375,0,0,500,875,9000,14824,23824,310,8680,4000,112000,0.21875,0.212714285714286,839,853,367,0,1065,9,6,1309,1257,9,1309,1257,9,0,1074,1074,0,1,735,0.636927999999999,1794,1292,502,0,735,0.636927999999999,1794,1292,502,0,1,19904,0.636928,0,11.9935846617858,11.6874719668716,1,312011,0.00025,40,0.000231323275675407,36.9860496376207,0.000730029201168047,0.00146005840233609,11.99546812288,1,0.0012052601095629,0.000127668027318506,4.44089209850063e-16,NaN,NaN,NaN,NaN,1,0.15,885077,2212,candidate-elcs-w,735,0.636927999999999,0.0530773333333333,0.328021333333331,1,iid-load15,IID occupancy 15%,iid,0.15,0,0,6249382404,0.153833333333331,3150,0.00117206349206349
cumulative-receipt-targeted-closed-loop-falsification,16072007,n5-6dof-zero-loss,N5 6-DOF zero-loss,EXP23I targeted repair,elcs-w-cumulative,3,50,periodic,ELCS-W cumulative same-sequence receipt retry,none,5,ring2,6dof,tdma,1,1,0.15,1,0.48,0.29,0.29,0.0476190476190476,0.0476190476190476,0.0568357688704228,0.516835053765733,0,0,10.4890417901975,13.659376169779,0,1.03698577371334,0.0831840796019901,0.219999999999999,0.300000000000001,0.379999999999999,NaN,NaN,3000,1075,548,0,0,2577,1307,1270,0,0,0,0,0,0,6,0.00558139534883721,0,1923,0,0,1,32,32,0,0,0,0,0,0,0,0.417106848483165,0,0,0,0,0,0,0,0,0,0,0.312149333333331,3.30239999999997,0,0,1.84599999999997,0,0.749158399999994,45.6666666666667,108.916666666667,0,0.0100460700734113,0.019011875456379,NaN,NaN,0.997058335270095,2577,0,0,0,0,0,0.3342658,0,885077,0,110997400,0,17130373925,tdma,candidate-elcs-w,none,local-conflict-witness-leases,none,continuous-elcs-replay,NaN,50,NaN,9.13333333333333,8.66666666666667,NaN,NaN,NaN,NaN,NaN,NaN,NaN,NaN,1075,NaN,NaN,NaN,0,0,1,6,NaN,NaN,NaN,NaN,NaN,0,0,NaN,0,0,0.312149333333331,1075,nominal,full,1,0,503181249907,0,0,0,0,0,0,0,0,1,0,0,0,0,0,0,0.33243998623945,1,0,NaN,NaN,5,1,0,0,1,188860040412,1075,1075,0.00146005840233609,0.00453205840233609,Inf,2.77555756156289e-17,0.00025,40,36.9860496376207,1,5156581083,24987936176,19033607,17857902,1010240795,44314,10,4,3,1,1,6,217,1,18,122,2,0,0,2,122,294,172,1,0,344,638,7056,10720,17776,310,8680,4000,112000,0.1595,0.158714285714286,638,652,267,0,1067,8,6,1307,1261,9,1307,1261,9,0,1075,1075,0,1,498,0.443392,1197,853,344,0,498,0.443392,1197,853,344,0,1,13856,0.443392,0,11.9935846617858,11.5768978914939,1,172243,0.00025,40,0.000231323275675407,36.9860496376207,0.000730029201168047,0.00146005840233609,11.99546812288,1,0.0012052601095629,0.000127668027318506,2.77555756156289e-17,NaN,NaN,NaN,NaN,1,0.15,885077,2212,candidate-elcs-w,498,0.443392,0.0369493333333333,0.312149333333331,1,iid-load15,IID occupancy 15%,iid,0.15,0,0,6249382404,0.153833333333331,3150,0.00117206349206349
cumulative-receipt-targeted-closed-loop-falsification,16072008,n5-6dof-zero-loss,N5 6-DOF zero-loss,EXP23I targeted repair,periodic-exp23d-lower,1,18.6733506944443,periodic,Periodic static TDMA / EXP23D lower-cost boundary,none,5,ring2,6dof,tdma,1,1,0.15,1,0.48,0.29,0.29,0.0476190476190476,0.0476190476190476,0.0601237984984721,0.521079598130646,0,0,10.3992191279113,12.3254348152246,0,1.03668256078907,0.108805970149254,0.300000000000001,0.42,0.539999999999999,NaN,NaN,1120,1120,566,0,0,2688,1362,1326,0,0,0,0,0,0,554,0.494642857142857,0,0,0,0,1,32,32,0,0,0,0,0,0,0,0.395934003071601,0,0,0,0.391965343034596,0.431371642398956,0,0,0,0,0,0.286719999999997,3.44063999999997,0,0,1.84099999999978,554,0.688127999999993,47.1666666666667,113.5,0,0.0113363952386485,0.0215223709319568,NaN,NaN,0.999613080379431,2688,0,0,0,0,0,1.0566624,0,1314708,0,110997400,0,257875089,tdma,periodic-frontier,none,full-mission-static-tdma,none,continuous-local-static-tdma,NaN,18.6733506944443,NaN,9.43333333333333,9.25,NaN,NaN,NaN,NaN,NaN,NaN,NaN,NaN,1120,NaN,NaN,NaN,0,0,1,0,NaN,NaN,NaN,NaN,NaN,0,0,NaN,0,0,0.286719999999997,1120,nominal,full,0,0,502980328479,0,0,0,0,0,0,0,0,1,0,0,0,0,0,0,NaN,0,0,NaN,NaN,5,1,0,0,1,188900223463,2648,1120,0.00146005840233609,0.00453205840233609,Inf,4.44089209850063e-16,0.00025,40,38.1494313202552,1,NaN,NaN,NaN,NaN,NaN,NaN,NaN,NaN,NaN,NaN,NaN,NaN,NaN,NaN,NaN,NaN,NaN,NaN,NaN,NaN,NaN,NaN,NaN,NaN,NaN,NaN,NaN,NaN,NaN,NaN,NaN,NaN,NaN,NaN,NaN,NaN,NaN,NaN,NaN,NaN,NaN,NaN,NaN,NaN,NaN,NaN,NaN,NaN,NaN,NaN,NaN,NaN,NaN,NaN,NaN,NaN,NaN,NaN,NaN,NaN,NaN,NaN,NaN,NaN,NaN,NaN,NaN,NaN,NaN,NaN,NaN,NaN,NaN,NaN,NaN,NaN,NaN,NaN,NaN,NaN,NaN,NaN,NaN,NaN,NaN,NaN,NaN,NaN,NaN,NaN,NaN,NaN,NaN,periodic-static,0,0,0,0.286719999999997,0,iid-load15,IID occupancy 15%,iid,0.15,0,0,6273943210,0.153416666666648,3143,0.00117111959287532
cumulative-receipt-targeted-closed-loop-falsification,16072008,n5-6dof-zero-loss,N5 6-DOF zero-loss,EXP23I targeted repair,elcs-w-legacy,2,50,periodic,ELCS-W legacy same-frame/new-sequence retry,none,5,ring2,6dof,tdma,1,1,0.15,1,0.48,0.29,0.29,0.0476190476190476,0.0476190476190476,0.0525176253551926,0.530969065086661,0,0,10.1187643084375,12.5929079587157,0,1.03667440069908,0.0886318407960199,0.220000000000001,0.279999999999999,0.32,NaN,NaN,3000,1080,555,0,0,2592,1330,1262,0,0,0,0,0,0,0,0,0,1918,0,0,1,32,32,0,0,0,0,0,0,0,0.42071385409435,0,0,0,0,0,0,0,0,0,0,0.315605333333331,3.31775999999997,0,0,1.84099999999995,0,0.757452799999994,46.25,110.833333333333,0,0.0100612763068359,0.0190444210415809,NaN,NaN,0.998670708577172,2592,0,0,0,0,0,0.334917,0,1314708,0,110997400,0,17428619084,tdma,candidate-elcs-w,none,local-conflict-witness-leases,none,continuous-elcs-replay,NaN,50,NaN,9.25,8.91666666666667,NaN,NaN,NaN,NaN,NaN,NaN,NaN,NaN,1080,NaN,NaN,NaN,0,0,1,0,NaN,NaN,NaN,NaN,NaN,0,0,NaN,0,0,0.315605333333331,1080,nominal,full,1,0,502980328479,0,0,0,0,0,0,0,0,1,0,0,0,0,0,0,0.221870000560022,1,0,NaN,NaN,5,1,0,0,1,188900223463,1080,1080,0.00146005840233609,0.00453205840233609,Inf,1.73472347597681e-18,0.00025,40,38.1494313202552,1,5278327497,25119951742,19033605,17848849,1052223899,44314,10,4,3,1,1,4,217,1,6,143,0,0,0,0,143,298,298,0,0,373,671,7152,11440,18592,310,8680,4000,112000,0.16775,0.166,677,684,292,0,1079,1,0,1330,1262,0,1330,1262,0,0,1080,1080,0,1,531,0.469504,1290,973,317,0,531,0.469504,1290,973,317,0,1,14672,0.469504,0,11.9936664002179,11.632266247153,1,1280944,0.00025,40,0.000235582321124166,38.1494313202552,0.000730029201168047,0.00146005840233609,11.99546812288,1,0.000276359125660264,0,1.73472347597681e-18,NaN,NaN,NaN,NaN,1,0.15,1314708,2196,candidate-elcs-w,531,0.469504,0.0391253333333333,0.315605333333331,1,iid-load15,IID occupancy 15%,iid,0.15,0,0,6273943210,0.153416666666662,3143,0.00117111959287532
cumulative-receipt-targeted-closed-loop-falsification,16072008,n5-6dof-zero-loss,N5 6-DOF zero-loss,EXP23I targeted repair,elcs-w-cumulative,3,50,periodic,ELCS-W cumulative same-sequence receipt retry,none,5,ring2,6dof,tdma,1,1,0.15,1,0.48,0.29,0.29,0.0476190476190476,0.0476190476190476,0.0525176253551926,0.530969065086661,0,0,10.1187643084375,12.5929079587157,0,1.03667440069908,0.0886318407960199,0.220000000000001,0.279999999999999,0.32,NaN,NaN,3000,1080,555,0,0,2592,1330,1262,0,0,0,0,0,0,0,0,0,1918,0,0,1,32,32,0,0,0,0,0,0,0,0.414042978513144,0,0,0,0,0,0,0,0,0,0,0.307861333333331,3.31775999999997,0,0,1.84099999999995,0,0.738867199999994,46.25,110.833333333333,0,0.0100612763068359,0.0190444210415809,NaN,NaN,0.998670708577172,2592,0,0,0,0,0,0.3261356,0,1314708,0,110997400,0,16671218847,tdma,candidate-elcs-w,none,local-conflict-witness-leases,none,continuous-elcs-replay,NaN,50,NaN,9.25,8.91666666666667,NaN,NaN,NaN,NaN,NaN,NaN,NaN,NaN,1080,NaN,NaN,NaN,0,0,1,0,NaN,NaN,NaN,NaN,NaN,0,0,NaN,0,0,0.307861333333331,1080,nominal,full,1,0,502980328479,0,0,0,0,0,0,0,0,1,0,0,0,0,0,0,0.221870000560022,1,0,NaN,NaN,5,1,0,0,1,188900223463,1080,1080,0.00146005840233609,0.00453205840233609,Inf,1.73472347597681e-18,0.00025,40,38.1494313202552,1,4786312013,25119951742,19033607,17867861,991216868,44314,10,4,3,1,1,4,217,1,6,94,0,0,0,0,94,258,164,1,0,302,560,6192,9496,15688,310,8680,4000,112000,0.14,0.140071428571429,576,583,241,0,1079,1,0,1330,1262,0,1330,1262,0,0,1080,1080,0,1,420,0.376576,1014,768,246,0,420,0.376576,1014,768,246,0,1,11768,0.376576,0,11.9936664002179,11.5769791451417,1,666677,0.00025,40,0.000235582321124166,38.1494313202552,0.000730029201168047,0.00146005840233609,11.99546812288,1,0.000280091361231527,0,1.73472347597681e-18,NaN,NaN,NaN,NaN,1,0.15,1314708,2196,candidate-elcs-w,420,0.376576,0.0313813333333333,0.307861333333331,1,iid-load15,IID occupancy 15%,iid,0.15,0,0,6273943210,0.153416666666662,3143,0.00117111959287532
cumulative-receipt-targeted-closed-loop-falsification,16072009,n5-6dof-zero-loss,N5 6-DOF zero-loss,EXP23I targeted repair,periodic-exp23d-lower,1,18.6733506944443,periodic,Periodic static TDMA / EXP23D lower-cost boundary,none,5,ring2,6dof,tdma,1,1,0.15,1,0.48,0.29,0.29,0.0476190476190476,0.0476190476190476,0.0561209075895672,0.524143917465845,0,0,10.2881307741254,12.7943945050084,0,1.036722233551,0.0961691542288557,0.24,0.32,0.419999999999999,NaN,NaN,1120,1120,569,0,0,2688,1359,1329,0,0,0,0,0,0,551,0.491964285714286,0,0,0,0,1,32,32,0,0,0,0,0,0,0,0.392216090823306,0,0,0,0.39123016520647,0.432575451964348,0,0,0,0,0,0.286719999999997,3.44063999999997,0,0,1.80399999999978,551,0.688127999999993,47.4166666666667,113.25,0,0.0113043391546935,0.0214864763463654,NaN,NaN,0.998784532091129,2688,0,0,0,0,0,1.1641089,0,1037720,0,110997400,0,257875091,tdma,periodic-frontier,none,full-mission-static-tdma,none,continuous-local-static-tdma,NaN,18.6733506944443,NaN,9.48333333333333,9.16666666666667,NaN,NaN,NaN,NaN,NaN,NaN,NaN,NaN,1120,NaN,NaN,NaN,0,0,1,0,NaN,NaN,NaN,NaN,NaN,0,0,NaN,0,0,0.286719999999997,1120,nominal,full,0,0,503007441088,0,0,0,0,0,0,0,0,1,0,0,0,0,0,0,NaN,0,0,NaN,NaN,5,1,0,0,1,188801993223,2647,1120,0.00146005840233609,0.00453205840233609,Inf,0,0.00025,40,33.5639689959895,1,NaN,NaN,NaN,NaN,NaN,NaN,NaN,NaN,NaN,NaN,NaN,NaN,NaN,NaN,NaN,NaN,NaN,NaN,NaN,NaN,NaN,NaN,NaN,NaN,NaN,NaN,NaN,NaN,NaN,NaN,NaN,NaN,NaN,NaN,NaN,NaN,NaN,NaN,NaN,NaN,NaN,NaN,NaN,NaN,NaN,NaN,NaN,NaN,NaN,NaN,NaN,NaN,NaN,NaN,NaN,NaN,NaN,NaN,NaN,NaN,NaN,NaN,NaN,NaN,NaN,NaN,NaN,NaN,NaN,NaN,NaN,NaN,NaN,NaN,NaN,NaN,NaN,NaN,NaN,NaN,NaN,NaN,NaN,NaN,NaN,NaN,NaN,NaN,NaN,NaN,NaN,NaN,NaN,periodic-static,0,0,0,0.286719999999997,0,iid-load15,IID occupancy 15%,iid,0.15,0,0,6314677315,0.150333333333315,3036,0.00118840579710145
cumulative-receipt-targeted-closed-loop-falsification,16072009,n5-6dof-zero-loss,N5 6-DOF zero-loss,EXP23I targeted repair,elcs-w-legacy,2,50,periodic,ELCS-W legacy same-frame/new-sequence retry,none,5,ring2,6dof,tdma,1,1,0.15,1,0.48,0.29,0.29,0.0476190476190476,0.0476190476190476,0.0559787439778746,0.523537788713242,0,0,10.4398041308715,12.8451799483208,0,1.03682920895141,0.0933416252072969,0.26,0.357799999999999,0.5,NaN,NaN,3000,1084,549,0,0,2602,1315,1287,0,0,0,0,0,0,0,0,0,1914,0,0,1,32,32,0,0,0,0,0,0,0,0.422681394630546,0,0,0,0,0,0,0,0,0,0,0.321450666666664,3.33004799999997,0,0,1.80399999999999,0,0.771481599999993,45.75,109.583333333333,0,0.0100666879340569,0.0189865101713638,NaN,NaN,0.997768766034925,2602,0,0,0,0,0,0.429029100000001,0,1037720,0,110997400,0,18062263157,tdma,candidate-elcs-w,none,local-conflict-witness-leases,none,continuous-elcs-replay,NaN,50,NaN,9.15,8.58333333333333,NaN,NaN,NaN,NaN,NaN,NaN,NaN,NaN,1084,NaN,NaN,NaN,0,0,1,0,NaN,NaN,NaN,NaN,NaN,0,0,NaN,0,0,0.321450666666664,1084,nominal,full,1,0,503007441088,0,0,0,0,0,0,0,0,1,0,0,0,0,0,0,0.111300014880595,1,0,NaN,NaN,5,1,0,0,1,188801993223,1084,1084,0.00146005840233609,0.00453205840233609,Inf,6.93889390390723e-18,0.00025,40,33.5639689959895,1,5547328771,25184613328,19033605,17857252,1000838711,44314,10,4,3,1,1,2,217,1,1,166,0,0,0,0,169,324,324,0,0,436,760,7776,12896,20672,310,8680,4000,112000,0.19,0.184571428571429,740,740,313,0,1084,0,0,1315,1287,0,1315,1287,0,0,1084,1084,0,1,609,0.52736,1499,1109,390,0,609,0.527359999999999,1499,1109,390,0,1,16480,0.52736,0,11.992748254451,11.9630728416592,1,1420714,0.00025,40,0.000230839935131892,33.5639689959895,0.000730029201168047,0.00146005840233609,11.99546812288,1,0.00111605922455915,0,6.93889390390723e-18,NaN,NaN,NaN,NaN,1,0.15,1037720,2164,candidate-elcs-w,609,0.527359999999999,0.0439466666666666,0.321450666666664,1,iid-load15,IID occupancy 15%,iid,0.15,0,0,6314677315,0.150333333333333,3036,0.00118840579710145
cumulative-receipt-targeted-closed-loop-falsification,16072009,n5-6dof-zero-loss,N5 6-DOF zero-loss,EXP23I targeted repair,elcs-w-cumulative,3,50,periodic,ELCS-W cumulative same-sequence receipt retry,none,5,ring2,6dof,tdma,1,1,0.15,1,0.48,0.29,0.29,0.0476190476190476,0.0476190476190476,0.0559787439778746,0.523537788713242,0,0,10.4398041308715,12.8451799483208,0,1.03682920895141,0.0933416252072969,0.26,0.357799999999999,0.5,NaN,NaN,3000,1084,549,0,0,2602,1315,1287,0,0,0,0,0,0,0,0,0,1914,0,0,1,32,32,0,0,0,0,0,0,0,0.410576670496248,0,0,0,0,0,0,0,0,0,0,0.306645333333331,3.33004799999997,0,0,1.80399999999999,0,0.735948799999994,45.75,109.583333333333,0,0.0100666879340569,0.0189865101713638,NaN,NaN,0.997768766034925,2602,0,0,0,0,0,0.4157728,0,1037720,0,110997400,0,16553611112,tdma,candidate-elcs-w,none,local-conflict-witness-leases,none,continuous-elcs-replay,NaN,50,NaN,9.15,8.58333333333333,NaN,NaN,NaN,NaN,NaN,NaN,NaN,NaN,1084,NaN,NaN,NaN,0,0,1,0,NaN,NaN,NaN,NaN,NaN,0,0,NaN,0,0,0.306645333333331,1084,nominal,full,1,0,503007441088,0,0,0,0,0,0,0,0,1,0,0,0,0,0,0,0.111300014880595,1,0,NaN,NaN,5,1,0,0,1,188801993223,1084,1084,0.00146005840233609,0.00453205840233609,Inf,6.93889390390723e-18,0.00025,40,33.5639689959895,1,4716051994,25184613328,19033607,17876131,962604998,44314,10,4,3,1,1,2,217,1,1,76,0,0,0,0,76,242,166,1,0,291,533,5808,9040,14848,310,8680,4000,112000,0.13325,0.132571428571429,548,548,228,0,1084,0,0,1315,1287,0,1315,1287,0,0,1084,1084,0,1,393,0.349696,947,726,221,0,393,0.349695999999999,947,726,221,0,1,10928,0.349696,0,11.992748254451,11.7972234297046,1,2007876,0.00025,40,0.000230839935131892,33.5639689959895,0.000730029201168047,0.00146005840233609,11.99546812288,1,0.00111605922455915,0,6.93889390390723e-18,NaN,NaN,NaN,NaN,1,0.15,1037720,2164,candidate-elcs-w,393,0.349695999999999,0.0291413333333333,0.306645333333331,1,iid-load15,IID occupancy 15%,iid,0.15,0,0,6314677315,0.150333333333333,3036,0.00118840579710145
cumulative-receipt-targeted-closed-loop-falsification,16072010,n5-6dof-zero-loss,N5 6-DOF zero-loss,EXP23I targeted repair,periodic-exp23d-lower,1,18.6733506944443,periodic,Periodic static TDMA / EXP23D lower-cost boundary,none,5,ring2,6dof,tdma,1,1,0.15,1,0.48,0.29,0.29,0.0476190476190476,0.0476190476190476,0.057975083021804,0.522111158831088,0,0,10.2496714972455,12.4659015209255,0,1.03682404887114,0.0976451077943613,0.240000000000002,0.36,0.56,NaN,NaN,1120,1120,574,0,0,2688,1377,1311,0,0,0,0,0,0,546,0.4875,0,0,0,0,1,32,32,0,0,0,0,0,0,0,0.394888432463734,0,0,0,0.39214875432232,0.440961013871373,0,0,0,0,0,0.286719999999997,3.44063999999997,0,0,1.82399999999976,546,0.688127999999993,47.8333333333333,114.75,0,0.0113059017334101,0.0214854940183711,NaN,NaN,0.997626112759644,2688,0,0,0,0,0,1.4052176,0,338404,0,110997400,0,257875093,tdma,periodic-frontier,none,full-mission-static-tdma,none,continuous-local-static-tdma,NaN,18.6733506944443,NaN,9.56666666666667,9,NaN,NaN,NaN,NaN,NaN,NaN,NaN,NaN,1120,NaN,NaN,NaN,0,0,1,0,NaN,NaN,NaN,NaN,NaN,0,0,NaN,0,0,0.286719999999997,1120,nominal,full,0,0,503440472497,0,0,0,0,0,0,0,0,1,0,0,0,0,0,0,NaN,0,0,NaN,NaN,5,1,0,0,1,188994106249,2648,1120,0.00146005840233609,0.00453205840233609,Inf,2.77555756156289e-17,0.00025,40,32.2960305881443,1,NaN,NaN,NaN,NaN,NaN,NaN,NaN,NaN,NaN,NaN,NaN,NaN,NaN,NaN,NaN,NaN,NaN,NaN,NaN,NaN,NaN,NaN,NaN,NaN,NaN,NaN,NaN,NaN,NaN,NaN,NaN,NaN,NaN,NaN,NaN,NaN,NaN,NaN,NaN,NaN,NaN,NaN,NaN,NaN,NaN,NaN,NaN,NaN,NaN,NaN,NaN,NaN,NaN,NaN,NaN,NaN,NaN,NaN,NaN,NaN,NaN,NaN,NaN,NaN,NaN,NaN,NaN,NaN,NaN,NaN,NaN,NaN,NaN,NaN,NaN,NaN,NaN,NaN,NaN,NaN,NaN,NaN,NaN,NaN,NaN,NaN,NaN,NaN,NaN,NaN,NaN,NaN,NaN,periodic-static,0,0,0,0.286719999999997,0,iid-load15,IID occupancy 15%,iid,0.15,0,0,6248777196,0.15199999999998,3118,0.00116998075689545
cumulative-receipt-targeted-closed-loop-falsification,16072010,n5-6dof-zero-loss,N5 6-DOF zero-loss,EXP23I targeted repair,elcs-w-legacy,2,50,periodic,ELCS-W legacy same-frame/new-sequence retry,none,5,ring2,6dof,tdma,1,1,0.15,1,0.48,0.29,0.29,0.0476190476190476,0.0476190476190476,0.0557865765147487,0.526191621990593,0,0,10.3142202837478,12.7395029637482,0,1.03686165480491,0.0948175787728028,0.26,0.360000000000001,0.460000000000001,NaN,NaN,3000,1082,561,0,0,2596,1335,1261,0,0,0,0,0,0,0,0,0,1916,0,0,1,32,32,0,0,0,0,0,0,0,0.42951629147307,0,0,0,0,0,0,0,0,0,0,0.327103999999997,3.32390399999997,0,0,1.82399999999995,0,0.785049599999993,46.75,111.25,0,0.0100189292775246,0.0190184784564649,NaN,NaN,0.997104250162371,2596,0,0,0,0,0,0.4899711,0,338404,0,110997400,0,18798481066,tdma,candidate-elcs-w,none,local-conflict-witness-leases,none,continuous-elcs-replay,NaN,50,NaN,9.35,8.83333333333333,NaN,NaN,NaN,NaN,NaN,NaN,NaN,NaN,1082,NaN,NaN,NaN,0,0,1,0,NaN,NaN,NaN,NaN,NaN,0,0,NaN,0,0,0.327103999999997,1082,nominal,full,1,0,503440472497,0,0,0,0,0,0,0,0,1,0,0,0,0,0,0,0.221870000560022,1,0,NaN,NaN,5,1,0,0,1,188994106249,1082,1082,0.00146005840233609,0.00453205840233609,Inf,4.57397791517322e-20,0.00025,40,32.2960305881443,1,5921692539,25214830514,19033605,17852451,993611228,44314,10,4,3,1,1,4,217,1,5,194,0,0,0,0,194,349,349,0,0,492,841,8376,14336,22712,310,8680,4000,112000,0.21025,0.202785714285714,808,808,353,0,1080,2,0,1335,1261,0,1335,1261,0,0,1082,1082,0,1,701,0.601344,1737,1256,481,0,701,0.601343999999999,1737,1256,481,0,1,18792,0.601344,0,11.9932832758641,11.6318852382874,1,895516,0.00025,40,0.000242032639203507,32.2960305881443,0.000730029201168047,0.00146005840233609,11.99546812288,1,0.000719194196554085,0,4.57397791517322e-20,NaN,NaN,NaN,NaN,1,0.15,338404,2121,candidate-elcs-w,701,0.601343999999999,0.0501119999999999,0.327103999999997,1,iid-load15,IID occupancy 15%,iid,0.15,0,0,6248777196,0.151999999999996,3118,0.00116998075689545
cumulative-receipt-targeted-closed-loop-falsification,16072010,n5-6dof-zero-loss,N5 6-DOF zero-loss,EXP23I targeted repair,elcs-w-cumulative,3,50,periodic,ELCS-W cumulative same-sequence receipt retry,none,5,ring2,6dof,tdma,1,1,0.15,1,0.48,0.29,0.29,0.0476190476190476,0.0476190476190476,0.0557865765147487,0.526191621990593,0,0,10.3142202837478,12.7395029637482,0,1.03686165480491,0.0948175787728028,0.26,0.360000000000001,0.460000000000001,NaN,NaN,3000,1082,561,0,0,2596,1335,1261,0,0,0,0,0,0,0,0,0,1916,0,0,1,32,32,0,0,0,0,0,0,0,0.413609375687436,0,0,0,0,0,0,0,0,0,0,0.307882666666664,3.32390399999997,0,0,1.82399999999995,0,0.738918399999994,46.75,111.25,0,0.0100189292775246,0.0190184784564649,NaN,NaN,0.997104250162371,2596,0,0,0,0,0,0.4819109,0,338404,0,110997400,0,16655701008,tdma,candidate-elcs-w,none,local-conflict-witness-leases,none,continuous-elcs-replay,NaN,50,NaN,9.35,8.83333333333333,NaN,NaN,NaN,NaN,NaN,NaN,NaN,NaN,1082,NaN,NaN,NaN,0,0,1,0,NaN,NaN,NaN,NaN,NaN,0,0,NaN,0,0,0.307882666666664,1082,nominal,full,1,0,503440472497,0,0,0,0,0,0,0,0,1,0,0,0,0,0,0,0.221870000560022,1,0,NaN,NaN,5,1,0,0,1,188994106249,1082,1082,0.00146005840233609,0.00453205840233609,Inf,4.57397791517322e-20,0.00025,40,32.2960305881443,1,4789062396,25214830514,19033607,17870632,1005536744,44314,10,4,3,1,1,4,217,1,5,93,0,0,0,0,93,257,164,1,0,298,555,6168,9336,15504,310,8680,4000,112000,0.13875,0.138428571428571,571,571,236,0,1080,2,0,1335,1261,0,1335,1261,0,0,1082,1082,0,1,415,0.370688,1005,740,265,0,415,0.370688,1005,740,265,0,1,11584,0.370688,0,11.9932832758641,11.5765984599042,1,887950,0.00025,40,0.000242032639203507,32.2960305881443,0.000730029201168047,0.00146005840233609,11.99546812288,1,0.000719194196554085,0,4.57397791517322e-20,NaN,NaN,NaN,NaN,1,0.15,338404,2121,candidate-elcs-w,415,0.370688,0.0308906666666666,0.307882666666664,1,iid-load15,IID occupancy 15%,iid,0.15,0,0,6248777196,0.151999999999996,3118,0.00116998075689545
cumulative-receipt-targeted-closed-loop-falsification,16072011,n5-6dof-zero-loss,N5 6-DOF zero-loss,EXP23I targeted repair,periodic-exp23d-lower,1,18.6733506944443,periodic,Periodic static TDMA / EXP23D lower-cost boundary,none,5,ring2,6dof,tdma,1,1,0.15,1,0.48,0.29,0.29,0.0476190476190476,0.0476190476190476,0.0549329418405758,0.526685937694448,0,0,10.2864968120185,12.664247680065,0,1.03678935538081,0.0945273631840795,0.26,0.359999999999999,0.479999999999999,NaN,NaN,1120,1120,548,0,0,2688,1317,1371,0,0,0,0,0,0,572,0.510714285714286,0,0,0,0,1,32,32,0,0,0,0,0,0,0,0.392384956246034,0,0,0,0.39418512169133,0.435157391274652,0,0,0,0,0,0.286719999999997,3.44063999999997,0,0,1.81399999999978,572,0.688127999999993,45.6666666666667,109.75,0,0.0112964619723928,0.0215036850104301,NaN,NaN,0.997522006311244,2688,0,0,0,0,0,1.3455235,0,740898,0,110997400,0,257875095,tdma,periodic-frontier,none,full-mission-static-tdma,none,continuous-local-static-tdma,NaN,18.6733506944443,NaN,9.13333333333333,8.5,NaN,NaN,NaN,NaN,NaN,NaN,NaN,NaN,1120,NaN,NaN,NaN,0,0,1,0,NaN,NaN,NaN,NaN,NaN,0,0,NaN,0,0,0.286719999999997,1120,nominal,full,0,0,503243503668,0,0,0,0,0,0,0,0,1,0,0,0,0,0,0,NaN,0,0,NaN,NaN,5,1,0,0,1,188923709981,2647,1120,0.00146005840233609,0.00453205840233609,Inf,8.88178419700125e-16,0.00025,40,19.3893854779416,1,NaN,NaN,NaN,NaN,NaN,NaN,NaN,NaN,NaN,NaN,NaN,NaN,NaN,NaN,NaN,NaN,NaN,NaN,NaN,NaN,NaN,NaN,NaN,NaN,NaN,NaN,NaN,NaN,NaN,NaN,NaN,NaN,NaN,NaN,NaN,NaN,NaN,NaN,NaN,NaN,NaN,NaN,NaN,NaN,NaN,NaN,NaN,NaN,NaN,NaN,NaN,NaN,NaN,NaN,NaN,NaN,NaN,NaN,NaN,NaN,NaN,NaN,NaN,NaN,NaN,NaN,NaN,NaN,NaN,NaN,NaN,NaN,NaN,NaN,NaN,NaN,NaN,NaN,NaN,NaN,NaN,NaN,NaN,NaN,NaN,NaN,NaN,NaN,NaN,NaN,NaN,NaN,NaN,periodic-static,0,0,0,0.286719999999997,0,iid-load15,IID occupancy 15%,iid,0.15,0,0,6226371974,0.151166666666648,3038,0.00119420671494404
cumulative-receipt-targeted-closed-loop-falsification,16072011,n5-6dof-zero-loss,N5 6-DOF zero-loss,EXP23I targeted repair,elcs-w-legacy,2,50,periodic,ELCS-W legacy same-frame/new-sequence retry,none,5,ring2,6dof,tdma,1,1,0.15,1,0.48,0.29,0.29,0.0476190476190476,0.0476190476190476,0.0529524538809536,0.526749821806745,0,0,10.6632986006807,13.5856545850897,0,1.03700491544293,0.0863018242122722,0.220000000000001,0.340000000000001,0.5,NaN,NaN,3000,1072,558,0,0,2573,1324,1249,0,0,0,0,0,0,0,0,0,1926,0,0,1,32,32,0,0,0,0,0,0,0,0.426829023744628,0,0,0,0,0,0,0,0,0,0,0.324074666666664,3.29318399999997,0,0,1.81399999999997,0,0.777779199999993,46.5,110.333333333333,0,0.0100010790348946,0.0190706192455177,NaN,NaN,0.994518972786508,2573,0,0,0,0,0,0.382946,0,740898,0,110997400,0,18609371879,tdma,candidate-elcs-w,none,local-conflict-witness-leases,none,continuous-elcs-replay,NaN,50,NaN,9.3,8.08333333333333,NaN,NaN,NaN,NaN,NaN,NaN,NaN,NaN,1072,NaN,NaN,NaN,0,0,1,0,NaN,NaN,NaN,NaN,NaN,0,0,NaN,0,0,0.324074666666664,1072,nominal,full,1,0,503243503668,0,0,0,0,0,0,0,0,1,0,0,0,0,0,0,0.387724979079163,1,0,NaN,NaN,5,1,0,0,1,188923709981,1072,1072,0.00146005840233609,0.00453205840233609,Inf,6.93889390390723e-18,0.00025,40,19.3893854779416,1,5803790976,25101252037,19033605,17835279,1094030200,44314,10,4,3,1,1,7,217,1,21,193,0,0,0,0,193,348,348,0,0,483,831,8352,14184,22536,310,8680,4000,112000,0.20775,0.201214285714286,789,807,338,0,1064,8,0,1324,1249,0,1324,1249,0,0,1072,1072,0,1,691,0.595712,1714,1242,472,0,691,0.595711999999999,1714,1242,472,0,1,18616,0.595712,0,11.9929605134074,11.6315693402003,1,813558,0.00025,40,0.00024042847567707,19.3893854779416,0.000730029201168047,0.00146005840233609,11.99546812288,1,0.00106774365206341,6.11593945154081e-05,6.93889390390723e-18,NaN,NaN,NaN,NaN,1,0.15,740898,2167,candidate-elcs-w,691,0.595711999999999,0.0496426666666666,0.324074666666664,1,iid-load15,IID occupancy 15%,iid,0.15,0,0,6226371974,0.151166666666664,3038,0.00119420671494404
cumulative-receipt-targeted-closed-loop-falsification,16072011,n5-6dof-zero-loss,N5 6-DOF zero-loss,EXP23I targeted repair,elcs-w-cumulative,3,50,periodic,ELCS-W cumulative same-sequence receipt retry,none,5,ring2,6dof,tdma,1,1,0.15,1,0.48,0.29,0.29,0.0476190476190476,0.0476190476190476,0.0529525337455537,0.526750332487456,0,0,10.6632986006807,13.5856545850897,0,1.0369992827008,0.0863018242122722,0.220000000000001,0.340000000000001,0.5,NaN,NaN,3000,1074,560,0,0,2577,1328,1249,0,0,0,0,0,0,0,0,0,1924,0,0,1,32,32,0,0,0,0,0,0,0,0.415950737362482,0,0,0,0,0,0,0,0,0,0,0.310549333333331,3.29932799999997,0,0,1.81399999999997,0,0.745318399999994,46.6666666666667,110.666666666667,0,0.0100027355559084,0.0190678548054987,NaN,NaN,0.994261437494055,2577,0,0,0,0,0,0.4555998,0,740898,0,110997400,0,17021467362,tdma,candidate-elcs-w,none,local-conflict-witness-leases,none,continuous-elcs-replay,NaN,50,NaN,9.33333333333333,8.08333333333333,NaN,NaN,NaN,NaN,NaN,NaN,NaN,NaN,1074,NaN,NaN,NaN,0,0,1,0,NaN,NaN,NaN,NaN,NaN,0,0,NaN,0,0,0.310549333333331,1074,nominal,full,1,0,503243503668,0,0,0,0,0,0,0,0,1,0,0,0,0,0,0,0.33243998623945,1,0,NaN,NaN,5,1,0,0,1,188923709981,1074,1074,0.00146005840233609,0.00453205840233609,Inf,6.93889390390723e-18,0.00025,40,19.3893854779416,1,5048549089,25101252037,19033607,17857247,1015310650,44314,10,4,3,1,1,6,217,1,19,111,0,0,0,0,111,285,174,1,0,337,622,6840,10432,17272,310,8680,4000,112000,0.1555,0.154214285714286,611,630,257,0,1066,8,0,1328,1249,0,1328,1249,0,0,1074,1074,0,1,482,0.427264,1168,857,311,0,482,0.427264,1168,857,311,0,1,13352,0.427264,0,11.9929605134074,11.6315693402003,1,1027090,0.00025,40,0.00024042847567707,19.3893854779416,0.000730029201168047,0.00146005840233609,11.99546812288,1,0.00106774365206341,6.11593945154081e-05,6.93889390390723e-18,NaN,NaN,NaN,NaN,1,0.15,740898,2167,candidate-elcs-w,482,0.427264,0.0356053333333333,0.310549333333331,1,iid-load15,IID occupancy 15%,iid,0.15,0,0,6226371974,0.151166666666664,3038,0.00119420671494404
cumulative-receipt-targeted-closed-loop-falsification,16072012,n5-6dof-zero-loss,N5 6-DOF zero-loss,EXP23I targeted repair,periodic-exp23d-lower,1,18.6733506944443,periodic,Periodic static TDMA / EXP23D lower-cost boundary,none,5,ring2,6dof,tdma,1,1,0.15,1,0.48,0.29,0.29,0.0476190476190476,0.0476190476190476,0.053240124407564,0.529632240132239,0,0,10.291551472188,12.7105896864987,0,1.03671821924144,0.0933499170812603,0.24,0.34,0.48,NaN,NaN,1120,1120,606,0,0,2688,1460,1228,0,0,0,0,0,0,514,0.458928571428571,0,0,0,0,1,32,32,0,0,0,0,0,0,0,0.389255709152669,0,0,0,0.395119778799343,0.447440293935735,0,0,0,0,0,0.286719999999997,3.44063999999997,0,0,1.73099999999977,514,0.688127999999993,50.5,121.666666666667,0,0.0113252832286115,0.0214686095815256,NaN,NaN,0.994922922705968,2688,0,0,0,0,0,1.4044838,0,498150,0,110997400,0,257875097,tdma,periodic-frontier,none,full-mission-static-tdma,none,continuous-local-static-tdma,NaN,18.6733506944443,NaN,10.1,9.16666666666667,NaN,NaN,NaN,NaN,NaN,NaN,NaN,NaN,1120,NaN,NaN,NaN,0,0,1,0,NaN,NaN,NaN,NaN,NaN,0,0,NaN,0,0,0.286719999999997,1120,nominal,full,0,0,503063476619,0,0,0,0,0,0,0,0,1,0,0,0,0,0,0,NaN,0,0,NaN,NaN,5,1,0,0,1,188601590846,2648,1120,0.00146005840233609,0.00453205840233609,Inf,8.88178419700125e-16,0.00025,40,36.9261609130596,1,NaN,NaN,NaN,NaN,NaN,NaN,NaN,NaN,NaN,NaN,NaN,NaN,NaN,NaN,NaN,NaN,NaN,NaN,NaN,NaN,NaN,NaN,NaN,NaN,NaN,NaN,NaN,NaN,NaN,NaN,NaN,NaN,NaN,NaN,NaN,NaN,NaN,NaN,NaN,NaN,NaN,NaN,NaN,NaN,NaN,NaN,NaN,NaN,NaN,NaN,NaN,NaN,NaN,NaN,NaN,NaN,NaN,NaN,NaN,NaN,NaN,NaN,NaN,NaN,NaN,NaN,NaN,NaN,NaN,NaN,NaN,NaN,NaN,NaN,NaN,NaN,NaN,NaN,NaN,NaN,NaN,NaN,NaN,NaN,NaN,NaN,NaN,NaN,NaN,NaN,NaN,NaN,NaN,periodic-static,0,0,0,0.286719999999997,0,iid-load15,IID occupancy 15%,iid,0.15,0,0,6279017805,0.144249999999981,2964,0.00116801619433198
cumulative-receipt-targeted-closed-loop-falsification,16072012,n5-6dof-zero-loss,N5 6-DOF zero-loss,EXP23I targeted repair,elcs-w-legacy,2,50,periodic,ELCS-W legacy same-frame/new-sequence retry,none,5,ring2,6dof,tdma,1,1,0.15,1,0.48,0.29,0.29,0.0476190476190476,0.0476190476190476,0.0526914526533513,0.526840957821578,0,0,10.2012270747029,12.4610216113711,0,1.03666923240915,0.0928855721393036,0.24,0.32,0.399999999999999,NaN,NaN,3000,1082,562,0,0,2597,1351,1246,0,0,0,0,0,0,0,0,0,1916,0,0,1,32,32,0,0,0,0,0,0,0,0.41687753403826,0,0,0,0,0,0,0,0,0,0,0.321407999999997,3.32390399999997,0,0,1.73099999999998,0,0.771379199999993,46.8333333333333,112.583333333333,0,0.0100142773470698,0.0190307046096999,NaN,NaN,0.996070516257214,2597,0,0,0,0,0,0.4027089,0,498150,0,110997400,0,18148790080,tdma,candidate-elcs-w,none,local-conflict-witness-leases,none,continuous-elcs-replay,NaN,50,NaN,9.36666666666667,8.66666666666667,NaN,NaN,NaN,NaN,NaN,NaN,NaN,NaN,1082,NaN,NaN,NaN,0,0,1,0,NaN,NaN,NaN,NaN,NaN,0,0,NaN,0,0,0.321407999999997,1082,nominal,full,1,0,503063476619,0,0,0,0,0,0,0,0,1,0,0,0,0,0,0,0.111300014880595,1,0,NaN,NaN,5,1,0,0,1,188601590846,1082,1082,0.00146005840233609,0.00453205840233609,Inf,1.73472347597681e-18,0.00025,40,36.9261609130596,1,5585040957,25484111361,19033605,17853752,1001245966,44314,10,4,3,1,1,2,217,1,4,165,0,0,0,0,165,320,320,0,0,443,763,7680,12896,20576,310,8680,4000,112000,0.19075,0.183714285714286,723,726,316,0,1081,1,0,1351,1246,0,1351,1246,0,0,1082,1082,0,1,623,0.532992,1548,1124,424,0,623,0.532991999999999,1548,1124,424,0,1,16656,0.532992,0,11.993359796472,11.6872471198911,1,1049500,0.00025,40,0.000215933089105713,36.9261609130596,0.000730029201168047,0.00146005840233609,11.99546812288,1,0.000861249594697355,0,1.73472347597681e-18,NaN,NaN,NaN,NaN,1,0.15,498150,2017,candidate-elcs-w,623,0.532991999999999,0.0444159999999999,0.321407999999997,1,iid-load15,IID occupancy 15%,iid,0.15,0,0,6279017805,0.144249999999998,2964,0.00116801619433198
cumulative-receipt-targeted-closed-loop-falsification,16072012,n5-6dof-zero-loss,N5 6-DOF zero-loss,EXP23I targeted repair,elcs-w-cumulative,3,50,periodic,ELCS-W cumulative same-sequence receipt retry,none,5,ring2,6dof,tdma,1,1,0.15,1,0.48,0.29,0.29,0.0476190476190476,0.0476190476190476,0.0526914526533513,0.526840957821578,0,0,10.2012270747029,12.4610216113711,0,1.03666923240915,0.0928855721393036,0.24,0.32,0.399999999999999,NaN,NaN,3000,1082,562,0,0,2597,1351,1246,0,0,0,0,0,0,0,0,0,1916,0,0,1,32,32,0,0,0,0,0,0,0,0.407868838398876,0,0,0,0,0,0,0,0,0,0,0.310655999999997,3.32390399999997,0,0,1.73099999999998,0,0.745574399999994,46.8333333333333,112.583333333333,0,0.0100142773470698,0.0190307046096999,NaN,NaN,0.996070516257214,2597,0,0,0,0,0,0.3985924,0,498150,0,110997400,0,16930479353,tdma,candidate-elcs-w,none,local-conflict-witness-leases,none,continuous-elcs-replay,NaN,50,NaN,9.36666666666667,8.66666666666667,NaN,NaN,NaN,NaN,NaN,NaN,NaN,NaN,1082,NaN,NaN,NaN,0,0,1,0,NaN,NaN,NaN,NaN,NaN,0,0,NaN,0,0,0.310655999999997,1082,nominal,full,1,0,503063476619,0,0,0,0,0,0,0,0,1,0,0,0,0,0,0,0.111300014880595,1,0,NaN,NaN,5,1,0,0,1,188601590846,1082,1082,0.00146005840233609,0.00453205840233609,Inf,1.73472347597681e-18,0.00025,40,36.9261609130596,1,5022675432,25484111361,19033607,17873157,1006169680,44314,10,4,3,1,1,2,217,1,4,106,0,0,0,0,106,275,169,1,0,322,597,6600,9944,16544,310,8680,4000,112000,0.14925,0.147714285714286,596,599,249,0,1081,1,0,1351,1246,0,1351,1246,0,0,1082,1082,0,1,457,0.403968,1110,816,294,0,457,0.403968,1110,816,294,0,1,12624,0.403968,0,11.993359796472,11.6319600855135,1,662705,0.00025,40,0.000215933089105713,36.9261609130596,0.000730029201168047,0.00146005840233609,11.99546812288,1,0.000861249594697355,0,1.73472347597681e-18,NaN,NaN,NaN,NaN,1,0.15,498150,2017,candidate-elcs-w,457,0.403968,0.033664,0.310655999999997,1,iid-load15,IID occupancy 15%,iid,0.15,0,0,6279017805,0.144249999999998,2964,0.00116801619433198
cumulative-receipt-targeted-closed-loop-falsification,16072013,n5-6dof-zero-loss,N5 6-DOF zero-loss,EXP23I targeted repair,periodic-exp23d-lower,1,18.6733506944443,periodic,Periodic static TDMA / EXP23D lower-cost boundary,none,5,ring2,6dof,tdma,1,1,0.15,1,0.48,0.29,0.29,0.0476190476190476,0.0476190476190476,0.0517376837921621,0.527886616253833,0,0,10.3822064480412,12.4184973227493,0,1.03673053983188,0.0809535655058043,0.2,0.300000000000001,0.44,NaN,NaN,1120,1120,605,0,0,2688,1457,1231,0,0,0,0,0,0,515,0.459821428571429,0,0,0,0,1,32,32,0,0,0,0,0,0,0,0.385497841837545,0,0,0,0.38125874312144,0.422251650347176,0,0,0,0,0,0.286719999999997,3.44063999999997,0,0,1.68299999999983,515,0.688127999999993,50.4166666666667,121.416666666667,0,0.0113210392003565,0.0215005612195331,NaN,NaN,0.997764723520833,2688,0,0,0,0,0,1.3320152,0,824747,0,110997400,0,257875099,tdma,periodic-frontier,none,full-mission-static-tdma,none,continuous-local-static-tdma,NaN,18.6733506944443,NaN,10.0833333333333,9.16666666666667,NaN,NaN,NaN,NaN,NaN,NaN,NaN,NaN,1120,NaN,NaN,NaN,0,0,1,0,NaN,NaN,NaN,NaN,NaN,0,0,NaN,0,0,0.286719999999997,1120,nominal,full,0,0,503151041936,0,0,0,0,0,0,0,0,1,0,0,0,0,0,0,NaN,0,0,NaN,NaN,5,1,0,0,1,188643979132,2647,1120,0.00146005840233609,0.00453205840233609,Inf,0,0.00025,40,29.5033904781751,1,NaN,NaN,NaN,NaN,NaN,NaN,NaN,NaN,NaN,NaN,NaN,NaN,NaN,NaN,NaN,NaN,NaN,NaN,NaN,NaN,NaN,NaN,NaN,NaN,NaN,NaN,NaN,NaN,NaN,NaN,NaN,NaN,NaN,NaN,NaN,NaN,NaN,NaN,NaN,NaN,NaN,NaN,NaN,NaN,NaN,NaN,NaN,NaN,NaN,NaN,NaN,NaN,NaN,NaN,NaN,NaN,NaN,NaN,NaN,NaN,NaN,NaN,NaN,NaN,NaN,NaN,NaN,NaN,NaN,NaN,NaN,NaN,NaN,NaN,NaN,NaN,NaN,NaN,NaN,NaN,NaN,NaN,NaN,NaN,NaN,NaN,NaN,NaN,NaN,NaN,NaN,NaN,NaN,periodic-static,0,0,0,0.286719999999997,0,iid-load15,IID occupancy 15%,iid,0.15,0,0,6306786957,0.140249999999986,2875,0.00117037552155772
cumulative-receipt-targeted-closed-loop-falsification,16072013,n5-6dof-zero-loss,N5 6-DOF zero-loss,EXP23I targeted repair,elcs-w-legacy,2,50,periodic,ELCS-W legacy same-frame/new-sequence retry,none,5,ring2,6dof,tdma,1,1,0.15,1,0.48,0.29,0.29,0.0476190476190476,0.0476190476190476,0.0530370183867016,0.529518143712827,0,0,10.3516795554588,12.6386910409101,0,1.03669683798256,0.0843366500829188,0.220000000000001,0.280000000000001,0.380000000000001,NaN,NaN,3000,1083,597,0,0,2600,1424,1176,0,0,0,0,0,0,0,0,0,1915,0,0,1,32,32,0,0,0,0,0,0,0,0.414999865112273,0,0,0,0,0,0,0,0,0,0,0.319317333333331,3.32697599999997,0,0,1.68299999999998,0,0.766361599999994,49.75,118.666666666667,0,0.0100412406075275,0.0190155129159514,NaN,NaN,0.99579229705377,2600,0,0,0,0,0,0.4106071,0,824747,0,110997400,0,17844925058,tdma,candidate-elcs-w,none,local-conflict-witness-leases,none,continuous-elcs-replay,NaN,50,NaN,9.95,9,NaN,NaN,NaN,NaN,NaN,NaN,NaN,NaN,1083,NaN,NaN,NaN,0,0,1,0,NaN,NaN,NaN,NaN,NaN,0,0,NaN,0,0,0.319317333333331,1083,nominal,full,1,0,503151041936,0,0,0,0,0,0,0,0,1,0,0,0,0,0,0,0.111300014880595,1,0,NaN,NaN,5,1,0,0,1,188643979132,1083,1083,0.00146005840233609,0.00453205840233609,Inf,2.77555756156289e-17,0.00025,40,29.5033904781751,1,5455770355,25558962645,19033605,17854065,991635208,44314,10,4,3,1,1,2,217,1,3,154,0,0,0,0,154,309,309,0,0,414,723,7416,12280,19696,310,8680,4000,112000,0.18075,0.175857142857143,704,707,299,0,1082,1,0,1424,1176,0,1424,1176,0,0,1083,1083,0,1,583,0.504832000000001,1430,1040,390,0,583,0.504831999999999,1430,1040,390,0,1,15776,0.504832,0,11.9934143664417,11.7425905861145,1,974780,0.00025,40,0.000220182076842781,29.5033904781751,0.000730029201168047,0.00146005840233609,11.99546812288,1,0.00113303781160745,0,2.77555756156289e-17,NaN,NaN,NaN,NaN,1,0.15,824747,2015,candidate-elcs-w,583,0.504831999999999,0.0420693333333333,0.319317333333331,1,iid-load15,IID occupancy 15%,iid,0.15,0,0,6306786957,0.140249999999998,2875,0.00117037552155772
cumulative-receipt-targeted-closed-loop-falsification,16072013,n5-6dof-zero-loss,N5 6-DOF zero-loss,EXP23I targeted repair,elcs-w-cumulative,3,50,periodic,ELCS-W cumulative same-sequence receipt retry,none,5,ring2,6dof,tdma,1,1,0.15,1,0.48,0.29,0.29,0.0476190476190476,0.0476190476190476,0.0530370183867016,0.529518143712827,0,0,10.3516795554588,12.6386910409101,0,1.03669683798256,0.0843366500829188,0.220000000000001,0.280000000000001,0.380000000000001,NaN,NaN,3000,1083,597,0,0,2600,1424,1176,0,0,0,0,0,0,0,0,0,1915,0,0,1,32,32,0,0,0,0,0,0,0,0.403626869339789,0,0,0,0,0,0,0,0,0,0,0.305621333333331,3.32697599999997,0,0,1.68299999999998,0,0.733491199999994,49.75,118.666666666667,0,0.0100412406075275,0.0190155129159514,NaN,NaN,0.99579229705377,2600,0,0,0,0,0,0.3753962,0,824747,0,110997400,0,16481431158,tdma,candidate-elcs-w,none,local-conflict-witness-leases,none,continuous-elcs-replay,NaN,50,NaN,9.95,9,NaN,NaN,NaN,NaN,NaN,NaN,NaN,NaN,1083,NaN,NaN,NaN,0,0,1,0,NaN,NaN,NaN,NaN,NaN,0,0,NaN,0,0,0.305621333333331,1083,nominal,full,1,0,503151041936,0,0,0,0,0,0,0,0,1,0,0,0,0,0,0,0.111300014880595,1,0,NaN,NaN,5,1,0,0,1,188643979132,1083,1083,0.00146005840233609,0.00453205840233609,Inf,1.38777878078145e-17,0.00025,40,29.5033904781751,1,4645209453,25558962645,19033607,17872251,976033351,44314,10,4,3,1,1,2,217,1,3,77,0,0,0,0,77,237,160,1,0,286,523,5688,8872,14560,310,8680,4000,112000,0.13075,0.13,534,537,219,0,1082,1,0,1424,1176,0,1424,1176,0,0,1083,1083,0,1,383,0.34048,923,696,227,0,383,0.34048,923,696,227,0,1,10640,0.34048,0,11.9934143664417,11.7425905861145,1,1021300,0.00025,40,0.000220182076842781,29.5033904781751,0.000730029201168047,0.00146005840233609,11.99546812288,1,0.00113303781160745,0,1.38777878078145e-17,NaN,NaN,NaN,NaN,1,0.15,824747,2015,candidate-elcs-w,383,0.34048,0.0283733333333333,0.305621333333331,1,iid-load15,IID occupancy 15%,iid,0.15,0,0,6306786957,0.140249999999998,2875,0.00117037552155772
cumulative-receipt-targeted-closed-loop-falsification,16072014,n5-6dof-zero-loss,N5 6-DOF zero-loss,EXP23I targeted repair,periodic-exp23d-lower,1,18.6733506944443,periodic,Periodic static TDMA / EXP23D lower-cost boundary,none,5,ring2,6dof,tdma,1,1,0.15,1,0.48,0.29,0.29,0.0476190476190476,0.0476190476190476,0.055769637231185,0.526210432646532,0,0,10.276712636208,12.7451387734091,0,1.03678593907933,0.0949253731343283,0.26,0.34,0.44,NaN,NaN,1120,1120,561,0,0,2688,1342,1346,0,0,0,0,0,0,559,0.499107142857143,0,0,0,0,1,32,32,0,0,0,0,0,0,0,0.39562134195106,0,0,0,0.393665358210836,0.44408318924614,0,0,0,0,0,0.286719999999997,3.44063999999997,0,0,1.85699999999978,559,0.688127999999993,46.75,111.833333333333,0,0.011347129981563,0.0215142751314517,NaN,NaN,0.997894636713858,2688,0,0,0,0,0,1.6365507,0,1206773,0,110997400,0,257875101,tdma,periodic-frontier,none,full-mission-static-tdma,none,continuous-local-static-tdma,NaN,18.6733506944443,NaN,9.35,8.75,NaN,NaN,NaN,NaN,NaN,NaN,NaN,NaN,1120,NaN,NaN,NaN,0,0,1,0,NaN,NaN,NaN,NaN,NaN,0,0,NaN,0,0,0.286719999999997,1120,nominal,full,0,0,503291740420,0,0,0,0,0,0,0,0,1,0,0,0,0,0,0,NaN,0,0,NaN,NaN,5,1,0,0,1,188888707118,2647,1120,0.00146005840233609,0.00453205840233609,Inf,0,0.00025,40,20.8848191498626,1,NaN,NaN,NaN,NaN,NaN,NaN,NaN,NaN,NaN,NaN,NaN,NaN,NaN,NaN,NaN,NaN,NaN,NaN,NaN,NaN,NaN,NaN,NaN,NaN,NaN,NaN,NaN,NaN,NaN,NaN,NaN,NaN,NaN,NaN,NaN,NaN,NaN,NaN,NaN,NaN,NaN,NaN,NaN,NaN,NaN,NaN,NaN,NaN,NaN,NaN,NaN,NaN,NaN,NaN,NaN,NaN,NaN,NaN,NaN,NaN,NaN,NaN,NaN,NaN,NaN,NaN,NaN,NaN,NaN,NaN,NaN,NaN,NaN,NaN,NaN,NaN,NaN,NaN,NaN,NaN,NaN,NaN,NaN,NaN,NaN,NaN,NaN,NaN,NaN,NaN,NaN,NaN,NaN,periodic-static,0,0,0,0.286719999999997,0,iid-load15,IID occupancy 15%,iid,0.15,0,0,6335280434,0.154749999999982,3153,0.00117755231452124
cumulative-receipt-targeted-closed-loop-falsification,16072014,n5-6dof-zero-loss,N5 6-DOF zero-loss,EXP23I targeted repair,elcs-w-legacy,2,50,periodic,ELCS-W legacy same-frame/new-sequence retry,none,5,ring2,6dof,tdma,1,1,0.15,1,0.48,0.29,0.29,0.0476190476190476,0.0476190476190476,0.0487796033092124,0.534698397679544,0,0,10.4427722315081,12.431622995941,0,1.03681008999548,0.0872885572139305,0.220000000000001,0.32,0.440000000000001,NaN,NaN,3000,1082,558,0,0,2596,1325,1271,0,0,0,0,0,0,0,0,0,1916,0,0,1,32,32,0,0,0,0,0,0,0,0.43097153515989,0,0,0,0,0,0,0,0,0,0,0.327231999999997,3.32390399999997,0,0,1.857,0,0.785356799999994,46.5,110.416666666667,0,0.010077036913537,0.018999734797845,NaN,NaN,0.99560017906248,2596,0,0,0,0,0,0.4587591,0,1206773,0,110997400,0,18676507023,tdma,candidate-elcs-w,none,local-conflict-witness-leases,none,continuous-elcs-replay,NaN,50,NaN,9.3,8.33333333333333,NaN,NaN,NaN,NaN,NaN,NaN,NaN,NaN,1082,NaN,NaN,NaN,0,0,1,0,NaN,NaN,NaN,NaN,NaN,0,0,NaN,0,0,0.327231999999997,1082,nominal,full,1,0,503291740420,0,0,0,0,0,0,0,0,1,0,0,0,0,0,0,0.166585007720309,1,0,NaN,NaN,5,1,0,0,1,188888707118,1082,1082,0.00146005840233609,0.00453205840233609,Inf,6.93889390390723e-18,0.00025,40,20.8848191498626,1,5830149233,25009635196,19033605,17855170,1033640769,44314,10,4,3,1,1,3,217,1,3,205,0,0,0,0,205,360,360,0,0,472,832,8640,14120,22760,310,8680,4000,112000,0.208,0.203214285714286,821,821,352,0,1082,0,0,1325,1271,0,1325,1271,0,0,1082,1082,0,1,692,0.60288,1699,1216,483,0,692,0.602879999999999,1699,1216,483,0,1,18840,0.60288,0,11.9931510142198,11.7976155431613,1,634256,0.00025,40,0.000235866186275059,20.8848191498626,0.000730029201168047,0.00146005840233609,11.99546812288,1,0.00113603612215089,0,6.93889390390723e-18,NaN,NaN,NaN,NaN,1,0.15,1206773,2234,candidate-elcs-w,692,0.602879999999999,0.0502399999999999,0.327231999999997,1,iid-load15,IID occupancy 15%,iid,0.15,0,0,6335280434,0.15475,3153,0.00117755231452124
cumulative-receipt-targeted-closed-loop-falsification,16072014,n5-6dof-zero-loss,N5 6-DOF zero-loss,EXP23I targeted repair,elcs-w-cumulative,3,50,periodic,ELCS-W cumulative same-sequence receipt retry,none,5,ring2,6dof,tdma,1,1,0.15,1,0.48,0.29,0.29,0.0476190476190476,0.0476190476190476,0.0487796033092124,0.534698397679544,0,0,10.4427722315081,12.431622995941,0,1.03681008999548,0.0872885572139305,0.220000000000001,0.32,0.440000000000001,NaN,NaN,3000,1082,558,0,0,2596,1325,1271,0,0,0,0,0,0,0,0,0,1916,0,0,1,32,32,0,0,0,0,0,0,0,0.419445661119458,0,0,0,0,0,0,0,0,0,0,0.314197333333331,3.32390399999997,0,0,1.857,0,0.754073599999994,46.5,110.416666666667,0,0.010077036913537,0.018999734797845,NaN,NaN,0.99560017906248,2596,0,0,0,0,0,0.4039918,0,1206773,0,110997400,0,17238630486,tdma,candidate-elcs-w,none,local-conflict-witness-leases,none,continuous-elcs-replay,NaN,50,NaN,9.3,8.33333333333333,NaN,NaN,NaN,NaN,NaN,NaN,NaN,NaN,1082,NaN,NaN,NaN,0,0,1,0,NaN,NaN,NaN,NaN,NaN,0,0,NaN,0,0,0.314197333333331,1082,nominal,full,1,0,503291740420,0,0,0,0,0,0,0,0,1,0,0,0,0,0,0,0.166585007720309,1,0,NaN,NaN,5,1,0,0,1,188888707118,1082,1082,0.00146005840233609,0.00453205840233609,Inf,6.93889390390723e-18,0.00025,40,20.8848191498626,1,5161950815,25009635196,19033607,17873234,1040014125,44314,10,4,3,1,1,3,217,1,3,125,0,0,0,0,125,289,164,1,0,351,640,6936,10936,17872,310,8680,4000,112000,0.16,0.159571428571429,665,665,274,0,1082,0,0,1325,1271,0,1325,1271,0,0,1082,1082,0,1,500,0.446464,1208,858,350,0,500,0.446464,1208,858,350,0,1,13952,0.446464,0,11.9931510142198,11.6870432481995,1,1430624,0.00025,40,0.000235866186275059,20.8848191498626,0.000730029201168047,0.00146005840233609,11.99546812288,1,0.00113603612215089,0,6.93889390390723e-18,NaN,NaN,NaN,NaN,1,0.15,1206773,2234,candidate-elcs-w,500,0.446464,0.0372053333333333,0.314197333333331,1,iid-load15,IID occupancy 15%,iid,0.15,0,0,6335280434,0.15475,3153,0.00117755231452124
cumulative-receipt-targeted-closed-loop-falsification,16072015,n5-6dof-zero-loss,N5 6-DOF zero-loss,EXP23I targeted repair,periodic-exp23d-lower,1,18.6733506944443,periodic,Periodic static TDMA / EXP23D lower-cost boundary,none,5,ring2,6dof,tdma,1,1,0.15,1,0.48,0.29,0.29,0.0476190476190476,0.0476190476190476,0.0532416241300705,0.520437184763308,0,0,10.3325394359372,12.5367592886803,0,1.03677313512957,0.0875373134328357,0.228999999999996,0.34,0.42,NaN,NaN,1120,1120,569,0,0,2688,1374,1314,0,0,0,0,0,0,551,0.491964285714286,0,0,0,0,1,32,32,0,0,0,0,0,0,0,0.395552492563068,0,0,0,0.392699306893688,0.42595114469947,0,0,0,0,0,0.286719999999997,3.44063999999997,0,0,1.8309999999998,551,0.688127999999993,47.4166666666667,114.5,0,0.0113488681107599,0.0215076970128203,NaN,NaN,0.994825546559326,2688,0,0,0,0,0,1.3049254,0,472005,0,110997400,0,257875103,tdma,periodic-frontier,none,full-mission-static-tdma,none,continuous-local-static-tdma,NaN,18.6733506944443,NaN,9.48333333333333,8.41666666666667,NaN,NaN,NaN,NaN,NaN,NaN,NaN,NaN,1120,NaN,NaN,NaN,0,0,1,0,NaN,NaN,NaN,NaN,NaN,0,0,NaN,0,0,0.286719999999997,1120,nominal,full,0,0,503429498777,0,0,0,0,0,0,0,0,1,0,0,0,0,0,0,NaN,0,0,NaN,NaN,5,1,0,0,1,188640434314,2648,1120,0.00146005840233609,0.00453205840233609,Inf,0,0.00025,40,34.7363104124044,1,NaN,NaN,NaN,NaN,NaN,NaN,NaN,NaN,NaN,NaN,NaN,NaN,NaN,NaN,NaN,NaN,NaN,NaN,NaN,NaN,NaN,NaN,NaN,NaN,NaN,NaN,NaN,NaN,NaN,NaN,NaN,NaN,NaN,NaN,NaN,NaN,NaN,NaN,NaN,NaN,NaN,NaN,NaN,NaN,NaN,NaN,NaN,NaN,NaN,NaN,NaN,NaN,NaN,NaN,NaN,NaN,NaN,NaN,NaN,NaN,NaN,NaN,NaN,NaN,NaN,NaN,NaN,NaN,NaN,NaN,NaN,NaN,NaN,NaN,NaN,NaN,NaN,NaN,NaN,NaN,NaN,NaN,NaN,NaN,NaN,NaN,NaN,NaN,NaN,NaN,NaN,NaN,NaN,periodic-static,0,0,0,0.286719999999997,0,iid-load15,IID occupancy 15%,iid,0.15,0,0,6321963299,0.152583333333317,3098,0.00118205293737895
cumulative-receipt-targeted-closed-loop-falsification,16072015,n5-6dof-zero-loss,N5 6-DOF zero-loss,EXP23I targeted repair,elcs-w-legacy,2,50,periodic,ELCS-W legacy same-frame/new-sequence retry,none,5,ring2,6dof,tdma,1,1,0.15,1,0.48,0.29,0.29,0.0476190476190476,0.0476190476190476,0.0559102808174328,0.52343030643451,0,0,10.130595359849,12.8909818562973,0,1.03668174977534,0.0915837479270317,0.24,0.32,0.44,NaN,NaN,3000,1081,535,0,0,2595,1302,1293,0,0,0,0,0,0,2,0.00185013876040703,0,1917,0,0,1,32,32,0,0,0,0,0,0,0,0.429166850813475,0,0,0,0,0,0,0,0,0,0,0.326655999999997,3.32083199999997,0,0,1.83099999999996,0,0.783974399999993,44.5833333333333,108.5,0,0.0100018168617388,0.0190036192293999,NaN,NaN,0.993647046570967,2595,0,0,0,0,0,0.3889288,0,472005,0,110997400,0,18759181344,tdma,candidate-elcs-w,none,local-conflict-witness-leases,none,continuous-elcs-replay,NaN,50,NaN,8.91666666666667,8.08333333333333,NaN,NaN,NaN,NaN,NaN,NaN,NaN,NaN,1081,NaN,NaN,NaN,0,0,1,2,NaN,NaN,NaN,NaN,NaN,0,0,NaN,0,0,0.326655999999997,1081,nominal,full,1,0,503429498777,0,0,0,0,0,0,0,0,1,0,0,0,0,0,0,0.166585007720309,1,0,NaN,NaN,5,1,0,0,1,188640434314,1081,1081,0.00146005840233609,0.00453205840233609,Inf,1.38777878078145e-17,0.00025,40,34.7363104124044,1,5860638679,24891725549,19033605,17850580,991318587,44314,10,4,3,1,1,3,217,1,7,187,1,0,0,1,189,344,344,0,0,498,842,8256,14552,22808,310,8680,4000,112000,0.2105,0.203642857142857,819,823,358,0,1078,3,2,1302,1289,4,1302,1289,4,0,1081,1081,0,1,696,0.59904,1720,1288,432,0,696,0.599039999999999,1720,1288,432,0,1,18720,0.59904,0,11.9925622758863,11.9628865422713,1,507248,0.00025,40,0.000206295261355472,34.7363104124044,0.000730029201168047,0.00146005840233609,11.99546812288,1,0.000803647497539473,0.000199101835700155,1.38777878078145e-17,NaN,NaN,NaN,NaN,1,0.15,472005,2241,candidate-elcs-w,696,0.599039999999999,0.0499199999999999,0.326655999999997,1,iid-load15,IID occupancy 15%,iid,0.15,0,0,6321963299,0.15258333333333,3098,0.00118205293737895
cumulative-receipt-targeted-closed-loop-falsification,16072015,n5-6dof-zero-loss,N5 6-DOF zero-loss,EXP23I targeted repair,elcs-w-cumulative,3,50,periodic,ELCS-W cumulative same-sequence receipt retry,none,5,ring2,6dof,tdma,1,1,0.15,1,0.48,0.29,0.29,0.0476190476190476,0.0476190476190476,0.0559102808174328,0.52343030643451,0,0,10.130595359849,12.8909818562973,0,1.03668174977534,0.0915837479270317,0.24,0.32,0.44,NaN,NaN,3000,1081,535,0,0,2595,1302,1293,0,0,0,0,0,0,2,0.00185013876040703,0,1917,0,0,1,32,32,0,0,0,0,0,0,0,0.414660292583649,0,0,0,0,0,0,0,0,0,0,0.310186666666664,3.32083199999997,0,0,1.83099999999996,0,0.744447999999994,44.5833333333333,108.5,0,0.0100018168617388,0.0190036192293999,NaN,NaN,0.993647046570967,2595,0,0,0,0,0,0.4128038,0,472005,0,110997400,0,16930545634,tdma,candidate-elcs-w,none,local-conflict-witness-leases,none,continuous-elcs-replay,NaN,50,NaN,8.91666666666667,8.08333333333333,NaN,NaN,NaN,NaN,NaN,NaN,NaN,NaN,1081,NaN,NaN,NaN,0,0,1,2,NaN,NaN,NaN,NaN,NaN,0,0,NaN,0,0,0.310186666666664,1081,nominal,full,1,0,503429498777,0,0,0,0,0,0,0,0,1,0,0,0,0,0,0,0.166585007720309,1,0,NaN,NaN,5,1,0,0,1,188640434314,1081,1081,0.00146005840233609,0.00453205840233609,Inf,1.73472347597681e-18,0.00025,40,34.7363104124044,1,4973837448,24891725549,19033607,17869212,998424614,44314,10,4,3,1,1,3,217,1,7,98,1,0,0,1,98,264,166,1,0,332,596,6336,10128,16464,310,8680,4000,112000,0.149,0.147,598,602,251,0,1078,3,2,1302,1289,4,1302,1289,4,0,1081,1081,0,1,456,0.401408,1113,825,288,0,456,0.401408,1113,825,288,0,1,12544,0.401408,0,11.9925622758863,11.6311841323393,1,750433,0.00025,40,0.000206295261355472,34.7363104124044,0.000730029201168047,0.00146005840233609,11.99546812288,1,0.000803647497539473,0.000199101835700155,1.73472347597681e-18,NaN,NaN,NaN,NaN,1,0.15,472005,2241,candidate-elcs-w,456,0.401408,0.0334506666666666,0.310186666666664,1,iid-load15,IID occupancy 15%,iid,0.15,0,0,6321963299,0.15258333333333,3098,0.00118205293737895
cumulative-receipt-targeted-closed-loop-falsification,16072016,n5-6dof-zero-loss,N5 6-DOF zero-loss,EXP23I targeted repair,periodic-exp23d-lower,1,18.6733506944443,periodic,Periodic static TDMA / EXP23D lower-cost boundary,none,5,ring2,6dof,tdma,1,1,0.15,1,0.48,0.29,0.29,0.0476190476190476,0.0476190476190476,0.0560116326224744,0.523484242457599,0,0,10.1628585177343,12.4563621488914,0,1.03686838075903,0.0932172470978442,0.240000000000002,0.4,0.48,NaN,NaN,1120,1120,560,0,0,2688,1342,1346,0,0,0,0,0,0,560,0.5,0,0,0,0,1,32,32,0,0,0,0,0,0,0,0.391022275644666,0,0,0,0.388663504807696,0.436927195972321,0,0,0,0,0,0.286719999999997,3.44063999999997,0,0,1.81399999999978,560,0.688127999999993,46.6666666666667,111.833333333333,0,0.0113107053017379,0.0214943020528053,NaN,NaN,0.996567942036354,2688,0,0,0,0,0,1.2727796,0,1297234,0,110997400,0,257875105,tdma,periodic-frontier,none,full-mission-static-tdma,none,continuous-local-static-tdma,NaN,18.6733506944443,NaN,9.33333333333333,8.58333333333333,NaN,NaN,NaN,NaN,NaN,NaN,NaN,NaN,1120,NaN,NaN,NaN,0,0,1,0,NaN,NaN,NaN,NaN,NaN,0,0,NaN,0,0,0.286719999999997,1120,nominal,full,0,0,503440833292,0,0,0,0,0,0,0,0,1,0,0,0,0,0,0,NaN,0,0,NaN,NaN,5,1,0,0,1,188360406328,2647,1120,0.00146005840233609,0.00453205840233609,Inf,0,0.00025,40,32.8755547889438,1,NaN,NaN,NaN,NaN,NaN,NaN,NaN,NaN,NaN,NaN,NaN,NaN,NaN,NaN,NaN,NaN,NaN,NaN,NaN,NaN,NaN,NaN,NaN,NaN,NaN,NaN,NaN,NaN,NaN,NaN,NaN,NaN,NaN,NaN,NaN,NaN,NaN,NaN,NaN,NaN,NaN,NaN,NaN,NaN,NaN,NaN,NaN,NaN,NaN,NaN,NaN,NaN,NaN,NaN,NaN,NaN,NaN,NaN,NaN,NaN,NaN,NaN,NaN,NaN,NaN,NaN,NaN,NaN,NaN,NaN,NaN,NaN,NaN,NaN,NaN,NaN,NaN,NaN,NaN,NaN,NaN,NaN,NaN,NaN,NaN,NaN,NaN,NaN,NaN,NaN,NaN,NaN,NaN,periodic-static,0,0,0,0.286719999999997,0,iid-load15,IID occupancy 15%,iid,0.15,0,0,6256453382,0.151166666666648,3087,0.00117487046632124
cumulative-receipt-targeted-closed-loop-falsification,16072016,n5-6dof-zero-loss,N5 6-DOF zero-loss,EXP23I targeted repair,elcs-w-legacy,2,50,periodic,ELCS-W legacy same-frame/new-sequence retry,none,5,ring2,6dof,tdma,1,1,0.15,1,0.48,0.29,0.29,0.0476190476190476,0.0476190476190476,0.0559926638152942,0.520398601387152,0,0,10.6661539775581,12.6266732680326,0,1.03677828255148,0.10242951907131,0.279999999999999,0.540000000000001,0.720000000000001,NaN,NaN,3000,1082,548,0,0,2598,1333,1265,0,0,0,0,0,0,0,0,0,1916,0,0,1,32,32,0,0,0,0,0,0,0,0.433177504789986,0,0,0,0,0,0,0,0,0,0,0.333653333333331,3.32390399999997,0,0,1.81399999999997,0,0.800767999999993,45.6666666666667,111.083333333333,0,0.0100929576390814,0.0190365403713779,NaN,NaN,0.983700209643606,2598,0,0,0,0,0,0.4788447,0,1297234,0,110997400,0,19441600277,tdma,candidate-elcs-w,none,local-conflict-witness-leases,none,continuous-elcs-replay,NaN,50,NaN,9.13333333333333,6.91666666666667,NaN,NaN,NaN,NaN,NaN,NaN,NaN,NaN,1082,NaN,NaN,NaN,0,0,1,0,NaN,NaN,NaN,NaN,NaN,0,0,NaN,0,0,0.333653333333331,1082,nominal,full,1,0,503440833292,0,0,0,0,0,0,0,0,1,0,0,0,0,0,0,0.221870000560022,1,0,NaN,NaN,5,1,0,0,1,188360406328,1082,1082,0.00146005840233609,0.00453205840233609,Inf,6.93889390390723e-18,0.00025,40,32.8755547889438,1,6220432679,25052715073,19033605,17851917,1013196599,44314,10,4,3,1,1,4,217,1,5,239,0,0,0,0,239,394,394,0,0,530,924,9456,15712,25168,310,8680,4000,112000,0.231,0.224714285714286,898,904,394,0,1080,2,0,1333,1265,0,1333,1265,0,0,1082,1082,0,1,784,0.679935999999999,1903,1371,532,0,784,0.679935999999999,1903,1371,532,0,1,21248,0.679936,0,11.9935775609066,11.7427529347326,1,719552,0.00025,40,0.000201617738322232,32.8755547889438,0.000730029201168047,0.00146005840233609,11.99546812288,1,0.000382776124006057,0,6.93889390390723e-18,NaN,NaN,NaN,NaN,1,0.15,1297234,2167,candidate-elcs-w,784,0.679935999999999,0.0566613333333332,0.333653333333331,1,iid-load15,IID occupancy 15%,iid,0.15,0,0,6256453382,0.151166666666664,3087,0.00117487046632124
cumulative-receipt-targeted-closed-loop-falsification,16072016,n5-6dof-zero-loss,N5 6-DOF zero-loss,EXP23I targeted repair,elcs-w-cumulative,3,50,periodic,ELCS-W cumulative same-sequence receipt retry,none,5,ring2,6dof,tdma,1,1,0.15,1,0.48,0.29,0.29,0.0476190476190476,0.0476190476190476,0.0559926638152942,0.520398601387152,0,0,10.6661539775581,12.6266732680326,0,1.03677828255148,0.10242951907131,0.279999999999999,0.540000000000001,0.720000000000001,NaN,NaN,3000,1082,548,0,0,2598,1333,1265,0,0,0,0,0,0,0,0,0,1916,0,0,1,32,32,0,0,0,0,0,0,0,0.415588294527974,0,0,0,0,0,0,0,0,0,0,0.313322666666664,3.32390399999997,0,0,1.81399999999997,0,0.751974399999994,45.6666666666667,111.083333333333,0,0.0100929576390814,0.0190365403713779,NaN,NaN,0.983700209643606,2598,0,0,0,0,0,0.3859069,0,1297234,0,110997400,0,17148396056,tdma,candidate-elcs-w,none,local-conflict-witness-leases,none,continuous-elcs-replay,NaN,50,NaN,9.13333333333333,6.91666666666667,NaN,NaN,NaN,NaN,NaN,NaN,NaN,NaN,1082,NaN,NaN,NaN,0,0,1,0,NaN,NaN,NaN,NaN,NaN,0,0,NaN,0,0,0.313322666666664,1082,nominal,full,1,0,503440833292,0,0,0,0,0,0,0,0,1,0,0,0,0,0,0,0.221870000560022,1,0,NaN,NaN,5,1,0,0,1,188360406328,1082,1082,0.00146005840233609,0.00453205840233609,Inf,6.93889390390723e-18,0.00025,40,32.8755547889438,1,5122971037,25052715073,19033607,17869290,1014961265,44314,10,4,3,1,1,4,217,1,5,123,0,0,0,0,123,286,163,1,0,345,631,6864,10680,17544,310,8680,4000,112000,0.15775,0.156642857142857,638,645,268,0,1080,2,0,1333,1265,0,1333,1265,0,0,1082,1082,0,1,491,0.435968,1185,822,363,0,491,0.435968,1185,822,363,0,1,13624,0.435968,0,11.9935775609066,11.6874661243084,1,1135212,0.00025,40,0.000201617738322232,32.8755547889438,0.000730029201168047,0.00146005840233609,11.99546812288,1,0.000382776124006057,0,6.93889390390723e-18,NaN,NaN,NaN,NaN,1,0.15,1297234,2167,candidate-elcs-w,491,0.435968,0.0363306666666667,0.313322666666664,1,iid-load15,IID occupancy 15%,iid,0.15,0,0,6256453382,0.151166666666664,3087,0.00117487046632124
cumulative-receipt-targeted-closed-loop-falsification,16072017,n5-6dof-zero-loss,N5 6-DOF zero-loss,EXP23I targeted repair,periodic-exp23d-lower,1,18.6733506944443,periodic,Periodic static TDMA / EXP23D lower-cost boundary,none,5,ring2,6dof,tdma,1,1,0.15,1,0.48,0.29,0.29,0.0476190476190476,0.0476190476190476,0.0510748153266173,0.533375528885084,0,0,10.5601873902443,12.7293414852529,0,1.03670233773734,0.0917827529021558,0.220000000000001,0.297799999999997,0.359999999999999,NaN,NaN,1120,1120,580,0,0,2688,1402,1286,0,0,0,0,0,0,540,0.482142857142857,0,0,0,0,1,32,32,0,0,0,0,0,0,0,0.394972758267394,0,0,0,0.389905334682622,0.433284021054595,0,0,0,0,0,0.286719999999997,3.44063999999997,0,0,1.79799999999978,540,0.688127999999993,48.3333333333333,116.833333333333,0,0.0113160679211314,0.0215117382039547,NaN,NaN,0.996917970602181,2688,0,0,0,0,0,1.3614818,0,998479,0,110997400,0,257875107,tdma,periodic-frontier,none,full-mission-static-tdma,none,continuous-local-static-tdma,NaN,18.6733506944443,NaN,9.66666666666667,8.75,NaN,NaN,NaN,NaN,NaN,NaN,NaN,NaN,1120,NaN,NaN,NaN,0,0,1,0,NaN,NaN,NaN,NaN,NaN,0,0,NaN,0,0,0.286719999999997,1120,nominal,full,0,0,503899900246,0,0,0,0,0,0,0,0,1,0,0,0,0,0,0,NaN,0,0,NaN,NaN,5,1,0,0,1,189020848516,2648,1120,0.00146005840233609,0.00453205840233609,Inf,8.88178419700125e-16,0.00025,40,33.5426498293418,1,NaN,NaN,NaN,NaN,NaN,NaN,NaN,NaN,NaN,NaN,NaN,NaN,NaN,NaN,NaN,NaN,NaN,NaN,NaN,NaN,NaN,NaN,NaN,NaN,NaN,NaN,NaN,NaN,NaN,NaN,NaN,NaN,NaN,NaN,NaN,NaN,NaN,NaN,NaN,NaN,NaN,NaN,NaN,NaN,NaN,NaN,NaN,NaN,NaN,NaN,NaN,NaN,NaN,NaN,NaN,NaN,NaN,NaN,NaN,NaN,NaN,NaN,NaN,NaN,NaN,NaN,NaN,NaN,NaN,NaN,NaN,NaN,NaN,NaN,NaN,NaN,NaN,NaN,NaN,NaN,NaN,NaN,NaN,NaN,NaN,NaN,NaN,NaN,NaN,NaN,NaN,NaN,NaN,periodic-static,0,0,0,0.286719999999997,0,iid-load15,IID occupancy 15%,iid,0.15,0,0,6291452192,0.149833333333315,3044,0.00118134034165572
cumulative-receipt-targeted-closed-loop-falsification,16072017,n5-6dof-zero-loss,N5 6-DOF zero-loss,EXP23I targeted repair,elcs-w-legacy,2,50,periodic,ELCS-W legacy same-frame/new-sequence retry,none,5,ring2,6dof,tdma,1,1,0.15,1,0.48,0.29,0.29,0.0476190476190476,0.0476190476190476,0.0550976829026204,0.525524349519626,0,0,10.4601635727412,12.5833251913707,0,1.03682839168629,0.0993781094527364,0.300000000000001,0.4,0.5,NaN,NaN,3000,1084,573,0,0,2601,1366,1235,0,0,0,0,0,0,2,0.0018450184501845,0,1914,0,0,1,32,32,0,0,0,0,0,0,0,0.423942622168208,0,0,0,0,0,0,0,0,0,0,0.324778666666664,3.33004799999997,0,0,1.79799999999994,0,0.779468799999993,47.75,113.833333333333,0,0.0099979022005626,0.0189576167298422,NaN,NaN,0.998157690729171,2601,0,0,0,0,0,0.3994236,0,998479,0,110997400,0,18481442299,tdma,candidate-elcs-w,none,local-conflict-witness-leases,none,continuous-elcs-replay,NaN,50,NaN,9.55,9,NaN,NaN,NaN,NaN,NaN,NaN,NaN,NaN,1084,NaN,NaN,NaN,0,0,1,2,NaN,NaN,NaN,NaN,NaN,0,0,NaN,0,0,0.324778666666664,1084,nominal,full,1,0,503899900246,0,0,0,0,0,0,0,0,1,0,0,0,0,0,0,0.166585007720309,1,0,NaN,NaN,5,1,0,0,1,189020848516,1084,1084,0.00146005840233609,0.00453205840233609,Inf,1.73472347597681e-18,0.00025,40,33.5426498293418,1,5766890509,25154180275,19033605,17853124,1012091417,44314,10,4,3,1,1,3,217,1,4,177,1,0,0,1,177,332,332,0,0,466,798,7968,13680,21648,310,8680,4000,112000,0.1995,0.193285714285714,773,778,336,0,1081,3,2,1366,1233,2,1366,1233,2,0,1084,1084,0,1,658,0.567296,1623,1208,415,0,658,0.567295999999998,1623,1208,415,0,1,17728,0.567296,0,11.992629698865,11.7971031700391,1,211141,0.00025,40,0.000126273458687696,33.5426498293418,0.000730029201168047,0.00146005840233609,11.99546812288,1,0.000690711970969815,1.27375254386844e-05,1.73472347597681e-18,NaN,NaN,NaN,NaN,1,0.15,998479,2140,candidate-elcs-w,658,0.567295999999998,0.0472746666666665,0.324778666666664,1,iid-load15,IID occupancy 15%,iid,0.15,0,0,6291452192,0.149833333333328,3044,0.00118134034165572
cumulative-receipt-targeted-closed-loop-falsification,16072017,n5-6dof-zero-loss,N5 6-DOF zero-loss,EXP23I targeted repair,elcs-w-cumulative,3,50,periodic,ELCS-W cumulative same-sequence receipt retry,none,5,ring2,6dof,tdma,1,1,0.15,1,0.48,0.29,0.29,0.0476190476190476,0.0476190476190476,0.0550976829026204,0.525524349519626,0,0,10.4601635727412,12.5833251913707,0,1.03682839168629,0.0993781094527364,0.300000000000001,0.4,0.5,NaN,NaN,3000,1084,573,0,0,2601,1366,1235,0,0,0,0,0,0,2,0.0018450184501845,0,1914,0,0,1,32,32,0,0,0,0,0,0,0,0.414250997245013,0,0,0,0,0,0,0,0,0,0,0.313386666666664,3.33004799999997,0,0,1.79799999999994,0,0.752127999999994,47.75,113.833333333333,0,0.0099979022005626,0.0189576167298422,NaN,NaN,0.998157690729171,2601,0,0,0,0,0,0.3951722,0,998479,0,110997400,0,17192639134,tdma,candidate-elcs-w,none,local-conflict-witness-leases,none,continuous-elcs-replay,NaN,50,NaN,9.55,9,NaN,NaN,NaN,NaN,NaN,NaN,NaN,NaN,1084,NaN,NaN,NaN,0,0,1,2,NaN,NaN,NaN,NaN,NaN,0,0,NaN,0,0,0.313386666666664,1084,nominal,full,1,0,503899900246,0,0,0,0,0,0,0,0,1,0,0,0,0,0,0,0.166585007720309,1,0,NaN,NaN,5,1,0,0,1,189020848516,1084,1084,0.00146005840233609,0.00453205840233609,Inf,1.73472347597681e-18,0.00025,40,33.5426498293418,1,5090132142,25154180275,19033607,17871946,997956527,44314,10,4,3,1,1,3,217,1,4,113,1,0,0,1,113,279,166,1,0,349,628,6696,10680,17376,310,8680,4000,112000,0.157,0.155142857142857,632,637,266,0,1081,3,2,1366,1233,2,1366,1233,2,0,1084,1084,0,1,488,0.430592,1184,888,296,0,488,0.430592,1184,888,296,0,1,13456,0.430592,0,11.992629698865,11.7971031700391,1,225789,0.00025,40,0.000126273458687696,33.5426498293418,0.000730029201168047,0.00146005840233609,11.99546812288,1,0.000690711970969815,1.27375254386844e-05,1.73472347597681e-18,NaN,NaN,NaN,NaN,1,0.15,998479,2140,candidate-elcs-w,488,0.430592,0.0358826666666666,0.313386666666664,1,iid-load15,IID occupancy 15%,iid,0.15,0,0,6291452192,0.149833333333328,3044,0.00118134034165572
cumulative-receipt-targeted-closed-loop-falsification,16072018,n5-6dof-zero-loss,N5 6-DOF zero-loss,EXP23I targeted repair,periodic-exp23d-lower,1,18.6733506944443,periodic,Periodic static TDMA / EXP23D lower-cost boundary,none,5,ring2,6dof,tdma,1,1,0.15,1,0.48,0.29,0.29,0.0476190476190476,0.0476190476190476,0.0539175775457676,0.52812592273668,0,0,10.5602367421554,12.7411484756438,0,1.03683399279267,0.0874212271973465,0.220000000000001,0.3,0.4,NaN,NaN,1120,1120,585,0,0,2688,1381,1307,0,0,0,0,0,0,535,0.477678571428571,0,0,0,0,1,32,32,0,0,0,0,0,0,0,0.393391207022983,0,0,0,0.391924242685263,0.438412558818239,0,0,0,0,0,0.286719999999997,3.44063999999997,0,0,1.78099999999979,535,0.688127999999993,48.75,115.083333333333,0,0.0112949884776872,0.0214761774280801,NaN,NaN,0.992920662092176,2688,0,0,0,0,0,1.37618,0,523227,0,110997400,0,257875109,tdma,periodic-frontier,none,full-mission-static-tdma,none,continuous-local-static-tdma,NaN,18.6733506944443,NaN,9.75,8.66666666666667,NaN,NaN,NaN,NaN,NaN,NaN,NaN,NaN,1120,NaN,NaN,NaN,0,0,1,0,NaN,NaN,NaN,NaN,NaN,0,0,NaN,0,0,0.286719999999997,1120,nominal,full,0,0,503114948408,0,0,0,0,0,0,0,0,1,0,0,0,0,0,0,NaN,0,0,NaN,NaN,5,1,0,0,1,189002203285,2647,1120,0.00146005840233609,0.00453205840233609,Inf,0,0.00025,40,33.9112986030134,1,NaN,NaN,NaN,NaN,NaN,NaN,NaN,NaN,NaN,NaN,NaN,NaN,NaN,NaN,NaN,NaN,NaN,NaN,NaN,NaN,NaN,NaN,NaN,NaN,NaN,NaN,NaN,NaN,NaN,NaN,NaN,NaN,NaN,NaN,NaN,NaN,NaN,NaN,NaN,NaN,NaN,NaN,NaN,NaN,NaN,NaN,NaN,NaN,NaN,NaN,NaN,NaN,NaN,NaN,NaN,NaN,NaN,NaN,NaN,NaN,NaN,NaN,NaN,NaN,NaN,NaN,NaN,NaN,NaN,NaN,NaN,NaN,NaN,NaN,NaN,NaN,NaN,NaN,NaN,NaN,NaN,NaN,NaN,NaN,NaN,NaN,NaN,NaN,NaN,NaN,NaN,NaN,NaN,periodic-static,0,0,0,0.286719999999997,0,iid-load15,IID occupancy 15%,iid,0.15,0,0,6301446425,0.148416666666649,3006,0.00118496340652029
cumulative-receipt-targeted-closed-loop-falsification,16072018,n5-6dof-zero-loss,N5 6-DOF zero-loss,EXP23I targeted repair,elcs-w-legacy,2,50,periodic,ELCS-W legacy same-frame/new-sequence retry,none,5,ring2,6dof,tdma,1,1,0.15,1,0.48,0.29,0.29,0.0476190476190476,0.0476190476190476,0.0526591364534464,0.525670465791257,0,0,10.2252679613716,12.9015411041743,0,1.03676750476111,0.0842039800995027,0.220000000000001,0.357799999999997,0.44,NaN,NaN,3000,1080,580,0,0,2592,1400,1192,0,0,0,0,0,0,0,0,0,1918,0,0,1,32,32,0,0,0,0,0,0,0,0.42734728886096,0,0,0,0,0,0,0,0,0,0,0.325034666666664,3.31775999999997,0,0,1.78099999999996,0,0.780083199999994,48.3333333333333,116.666666666667,0,0.0100705652663719,0.0190349390289623,NaN,NaN,0.998426972961743,2592,0,0,0,0,0,0.4195515,0,523227,0,110997400,0,18462873129,tdma,candidate-elcs-w,none,local-conflict-witness-leases,none,continuous-elcs-replay,NaN,50,NaN,9.66666666666667,9.16666666666667,NaN,NaN,NaN,NaN,NaN,NaN,NaN,NaN,1080,NaN,NaN,NaN,0,0,1,0,NaN,NaN,NaN,NaN,NaN,0,0,NaN,0,0,0.325034666666664,1080,nominal,full,1,0,503114948408,0,0,0,0,0,0,0,0,1,0,0,0,0,0,0,0.221870000560022,1,0,NaN,NaN,5,1,0,0,1,189002203285,1080,1080,0.00146005840233609,0.00453205840233609,Inf,1.73472347597681e-18,0.00025,40,33.9112986030134,1,5777370241,25172559742,19033605,17849776,1038952707,44314,10,4,3,1,1,4,217,1,7,190,0,0,0,0,190,345,345,0,0,463,808,8280,13848,22128,310,8680,4000,112000,0.202,0.197571428571429,799,805,339,0,1078,2,0,1400,1192,0,1400,1192,0,0,1080,1080,0,1,668,0.582656,1645,1235,410,0,668,0.582655999999999,1645,1235,410,0,1,18208,0.582656,0,11.9933099206025,11.5766347811175,1,895891,0.00025,40,0.000194593923256685,33.9112986030134,0.000730029201168047,0.00146005840233609,11.99546812288,1,0.00117423304550357,0,1.73472347597681e-18,NaN,NaN,NaN,NaN,1,0.15,523227,2114,candidate-elcs-w,668,0.582655999999999,0.0485546666666666,0.325034666666664,1,iid-load15,IID occupancy 15%,iid,0.15,0,0,6301446425,0.148416666666663,3006,0.00118496340652029
cumulative-receipt-targeted-closed-loop-falsification,16072018,n5-6dof-zero-loss,N5 6-DOF zero-loss,EXP23I targeted repair,elcs-w-cumulative,3,50,periodic,ELCS-W cumulative same-sequence receipt retry,none,5,ring2,6dof,tdma,1,1,0.15,1,0.48,0.29,0.29,0.0476190476190476,0.0476190476190476,0.0526591364534464,0.525670465791257,0,0,10.2252679613716,12.9015411041743,0,1.03676750476111,0.0842039800995027,0.220000000000001,0.357799999999997,0.44,NaN,NaN,3000,1080,580,0,0,2592,1400,1192,0,0,0,0,0,0,0,0,0,1918,0,0,1,32,32,0,0,0,0,0,0,0,0.417482360528023,0,0,0,0,0,0,0,0,0,0,0.313877333333331,3.31775999999997,0,0,1.78099999999996,0,0.753305599999994,48.3333333333333,116.666666666667,0,0.0100705652663719,0.0190349390289623,NaN,NaN,0.998426972961743,2592,0,0,0,0,0,0.4794138,0,523227,0,110997400,0,17219786032,tdma,candidate-elcs-w,none,local-conflict-witness-leases,none,continuous-elcs-replay,NaN,50,NaN,9.66666666666667,9.16666666666667,NaN,NaN,NaN,NaN,NaN,NaN,NaN,NaN,1080,NaN,NaN,NaN,0,0,1,0,NaN,NaN,NaN,NaN,NaN,0,0,NaN,0,0,0.313877333333331,1080,nominal,full,1,0,503114948408,0,0,0,0,0,0,0,0,1,0,0,0,0,0,0,0.221870000560022,1,0,NaN,NaN,5,1,0,0,1,189002203285,1080,1080,0.00146005840233609,0.00453205840233609,Inf,1.73472347597681e-18,0.00025,40,33.9112986030134,1,5118730637,25172559742,19033607,17868804,1061640164,44314,10,4,3,1,1,4,217,1,7,124,0,0,0,0,124,293,169,1,0,347,640,7032,10912,17944,310,8680,4000,112000,0.16,0.160214285714286,664,670,271,0,1078,2,0,1400,1192,0,1400,1192,0,0,1080,1080,0,1,500,0.448768,1209,897,312,0,500,0.448768,1209,897,312,0,1,14024,0.448768,0,11.9933099206025,11.5766347811175,1,1019734,0.00025,40,0.000194593923256685,33.9112986030134,0.000730029201168047,0.00146005840233609,11.99546812288,1,0.00117423304550357,0,1.73472347597681e-18,NaN,NaN,NaN,NaN,1,0.15,523227,2114,candidate-elcs-w,500,0.448768,0.0373973333333333,0.313877333333331,1,iid-load15,IID occupancy 15%,iid,0.15,0,0,6301446425,0.148416666666663,3006,0.00118496340652029
cumulative-receipt-targeted-closed-loop-falsification,16072019,n5-6dof-zero-loss,N5 6-DOF zero-loss,EXP23I targeted repair,periodic-exp23d-lower,1,18.6733506944443,periodic,Periodic static TDMA / EXP23D lower-cost boundary,none,5,ring2,6dof,tdma,1,1,0.15,1,0.48,0.29,0.29,0.0476190476190476,0.0476190476190476,0.0543834861420645,0.524212680844142,0,0,10.3671105133544,12.8856295860998,0,1.03673519813509,0.0868159203980099,0.220000000000001,0.299999999999999,0.359999999999999,NaN,NaN,1120,1120,585,0,0,2688,1416,1272,0,0,0,0,0,0,535,0.477678571428571,0,0,0,0,1,32,32,0,0,0,0,0,0,0,0.394279003897169,0,0,0,0.393976556262813,0.431458683829606,0,0,0,0,0,0.286719999999997,3.44063999999997,0,0,1.80199999999979,535,0.688127999999993,48.75,118,0,0.0112847760385818,0.0214445437137094,NaN,NaN,0.997435187479052,2688,0,0,0,0,0,1.3501626,0,824499,0,110997400,0,257875111,tdma,periodic-frontier,none,full-mission-static-tdma,none,continuous-local-static-tdma,NaN,18.6733506944443,NaN,9.75,9.08333333333333,NaN,NaN,NaN,NaN,NaN,NaN,NaN,NaN,1120,NaN,NaN,NaN,0,0,1,0,NaN,NaN,NaN,NaN,NaN,0,0,NaN,0,0,0.286719999999997,1120,nominal,full,0,0,503349915740,0,0,0,0,0,0,0,0,1,0,0,0,0,0,0,NaN,0,0,NaN,NaN,5,1,0,0,1,189054766997,2647,1120,0.00146005840233609,0.00453205840233609,Inf,0,0.00025,40,34.0522188164215,1,NaN,NaN,NaN,NaN,NaN,NaN,NaN,NaN,NaN,NaN,NaN,NaN,NaN,NaN,NaN,NaN,NaN,NaN,NaN,NaN,NaN,NaN,NaN,NaN,NaN,NaN,NaN,NaN,NaN,NaN,NaN,NaN,NaN,NaN,NaN,NaN,NaN,NaN,NaN,NaN,NaN,NaN,NaN,NaN,NaN,NaN,NaN,NaN,NaN,NaN,NaN,NaN,NaN,NaN,NaN,NaN,NaN,NaN,NaN,NaN,NaN,NaN,NaN,NaN,NaN,NaN,NaN,NaN,NaN,NaN,NaN,NaN,NaN,NaN,NaN,NaN,NaN,NaN,NaN,NaN,NaN,NaN,NaN,NaN,NaN,NaN,NaN,NaN,NaN,NaN,NaN,NaN,NaN,periodic-static,0,0,0,0.286719999999997,0,iid-load15,IID occupancy 15%,iid,0.15,0,0,6284829672,0.150166666666649,3095,0.0011640826873385
cumulative-receipt-targeted-closed-loop-falsification,16072019,n5-6dof-zero-loss,N5 6-DOF zero-loss,EXP23I targeted repair,elcs-w-legacy,2,50,periodic,ELCS-W legacy same-frame/new-sequence retry,none,5,ring2,6dof,tdma,1,1,0.15,1,0.48,0.29,0.29,0.0476190476190476,0.0476190476190476,0.0550970974296008,0.526842065164996,0,0,10.2660253650859,12.3727765484682,0,1.03667750805907,0.0921558872305141,0.24,0.32,0.4,NaN,NaN,3000,1084,551,0,0,2601,1326,1275,0,0,0,0,0,0,0,0,0,1914,0,0,1,32,32,0,0,0,0,0,0,0,0.423634407681961,0,0,0,0,0,0,0,0,0,0,0.320917333333331,3.33004799999997,0,0,1.80199999999996,0,0.770201599999993,45.9166666666667,110.5,0,0.0100505961457888,0.0190431157210787,NaN,NaN,0.995298900126215,2601,0,0,0,0,0,0.4661313,0,824499,0,110997400,0,18043999707,tdma,candidate-elcs-w,none,local-conflict-witness-leases,none,continuous-elcs-replay,NaN,50,NaN,9.18333333333333,8.5,NaN,NaN,NaN,NaN,NaN,NaN,NaN,NaN,1084,NaN,NaN,NaN,0,0,1,0,NaN,NaN,NaN,NaN,NaN,0,0,NaN,0,0,0.320917333333331,1084,nominal,full,1,0,503349915740,0,0,0,0,0,0,0,0,1,0,0,0,0,0,0,0.111300014880595,1,0,NaN,NaN,5,1,0,0,1,189054766997,1084,1084,0.00146005840233609,0.00453205840233609,Inf,1.73472347597681e-18,0.00025,40,34.0522188164215,1,5583524714,25095171901,19033605,17856688,982560186,44314,10,4,3,1,1,2,217,1,1,158,0,0,0,0,158,313,313,0,0,431,744,7512,12688,20200,310,8680,4000,112000,0.186,0.180357142857143,724,724,314,0,1084,0,0,1326,1275,0,1326,1275,0,0,1084,1084,0,1,604,0.52096,1492,1130,362,0,604,0.520959999999999,1492,1130,362,0,1,16280,0.52096,0,11.9930446823146,11.6316606268589,1,1722278,0.00025,40,0.000233483251129199,34.0522188164215,0.000730029201168047,0.00146005840233609,11.99546812288,1,0.000989065148250035,0,1.73472347597681e-18,NaN,NaN,NaN,NaN,1,0.15,824499,2212,candidate-elcs-w,604,0.520959999999999,0.0434133333333333,0.320917333333331,1,iid-load15,IID occupancy 15%,iid,0.15,0,0,6284829672,0.150166666666664,3095,0.0011640826873385
cumulative-receipt-targeted-closed-loop-falsification,16072019,n5-6dof-zero-loss,N5 6-DOF zero-loss,EXP23I targeted repair,elcs-w-cumulative,3,50,periodic,ELCS-W cumulative same-sequence receipt retry,none,5,ring2,6dof,tdma,1,1,0.15,1,0.48,0.29,0.29,0.0476190476190476,0.0476190476190476,0.0550970974296008,0.526842065164996,0,0,10.2660253650859,12.3727765484682,0,1.03667750805907,0.0921558872305141,0.24,0.32,0.4,NaN,NaN,3000,1084,551,0,0,2601,1326,1275,0,0,0,0,0,0,0,0,0,1914,0,0,1,32,32,0,0,0,0,0,0,0,0.412600068635699,0,0,0,0,0,0,0,0,0,0,0.308010666666664,3.33004799999997,0,0,1.80199999999996,0,0.739225599999993,45.9166666666667,110.5,0,0.0100505961457888,0.0190431157210787,NaN,NaN,0.995298900126215,2601,0,0,0,0,0,0.5073747,0,824499,0,110997400,0,16660847312,tdma,candidate-elcs-w,none,local-conflict-witness-leases,none,continuous-elcs-replay,NaN,50,NaN,9.18333333333333,8.5,NaN,NaN,NaN,NaN,NaN,NaN,NaN,NaN,1084,NaN,NaN,NaN,0,0,1,0,NaN,NaN,NaN,NaN,NaN,0,0,NaN,0,0,0.308010666666664,1084,nominal,full,1,0,503349915740,0,0,0,0,0,0,0,0,1,0,0,0,0,0,0,0.111300014880595,1,0,NaN,NaN,5,1,0,0,1,189054766997,1084,1084,0.00146005840233609,0.00453205840233609,Inf,1.73472347597681e-18,0.00025,40,34.0522188164215,1,4771459925,25095171901,19033607,17875419,995177165,44314,10,4,3,1,1,2,217,1,1,90,0,0,0,0,90,254,164,1,0,297,551,6096,9264,15360,310,8680,4000,112000,0.13775,0.137142857142857,564,564,235,0,1084,0,0,1326,1275,0,1326,1275,0,0,1084,1084,0,1,411,0.36608,999,765,234,0,411,0.366079999999999,999,765,234,0,1,11440,0.36608,0,11.9930446823146,11.6316606268589,1,1098078,0.00025,40,0.000233483251129199,34.0522188164215,0.000730029201168047,0.00146005840233609,11.99546812288,1,0.000989065148250035,0,1.73472347597681e-18,NaN,NaN,NaN,NaN,1,0.15,824499,2212,candidate-elcs-w,411,0.366079999999999,0.0305066666666666,0.308010666666664,1,iid-load15,IID occupancy 15%,iid,0.15,0,0,6284829672,0.150166666666664,3095,0.0011640826873385
cumulative-receipt-targeted-closed-loop-falsification,16072020,n5-6dof-zero-loss,N5 6-DOF zero-loss,EXP23I targeted repair,periodic-exp23d-lower,1,18.6733506944443,periodic,Periodic static TDMA / EXP23D lower-cost boundary,none,5,ring2,6dof,tdma,1,1,0.15,1,0.48,0.29,0.29,0.0476190476190476,0.0476190476190476,0.053098910179712,0.526173257202921,0,0,10.1988153857444,12.5313714435843,0,1.0367071987361,0.0876699834162521,0.220000000000001,0.319999999999999,0.44,NaN,NaN,1120,1120,572,0,0,2688,1377,1311,0,0,0,0,0,0,548,0.489285714285714,0,0,0,0,1,32,32,0,0,0,0,0,0,0,0.39477051131563,0,0,0,0.395242955118465,0.436063128201358,0,0,0,0,0,0.286719999999997,3.44063999999997,0,0,1.80299999999977,548,0.688127999999993,47.6666666666667,114.75,0,0.0113233194624209,0.0215053249319146,NaN,NaN,0.998821625912019,2688,0,0,0,0,0,1.6274145,0,1839360,0,110997400,0,257875113,tdma,periodic-frontier,none,full-mission-static-tdma,none,continuous-local-static-tdma,NaN,18.6733506944443,NaN,9.53333333333333,9.25,NaN,NaN,NaN,NaN,NaN,NaN,NaN,NaN,1120,NaN,NaN,NaN,0,0,1,0,NaN,NaN,NaN,NaN,NaN,0,0,NaN,0,0,0.286719999999997,1120,nominal,full,0,0,503430017495,0,0,0,0,0,0,0,0,1,0,0,0,0,0,0,NaN,0,0,NaN,NaN,5,1,0,0,1,188872777696,2647,1120,0.00146005840233609,0.00453205840233609,Inf,0,0.00025,40,36.6139954780813,1,NaN,NaN,NaN,NaN,NaN,NaN,NaN,NaN,NaN,NaN,NaN,NaN,NaN,NaN,NaN,NaN,NaN,NaN,NaN,NaN,NaN,NaN,NaN,NaN,NaN,NaN,NaN,NaN,NaN,NaN,NaN,NaN,NaN,NaN,NaN,NaN,NaN,NaN,NaN,NaN,NaN,NaN,NaN,NaN,NaN,NaN,NaN,NaN,NaN,NaN,NaN,NaN,NaN,NaN,NaN,NaN,NaN,NaN,NaN,NaN,NaN,NaN,NaN,NaN,NaN,NaN,NaN,NaN,NaN,NaN,NaN,NaN,NaN,NaN,NaN,NaN,NaN,NaN,NaN,NaN,NaN,NaN,NaN,NaN,NaN,NaN,NaN,NaN,NaN,NaN,NaN,NaN,NaN,periodic-static,0,0,0,0.286719999999997,0,iid-load15,IID occupancy 15%,iid,0.15,0,0,6268935454,0.150249999999981,3088,0.00116774611398964
cumulative-receipt-targeted-closed-loop-falsification,16072020,n5-6dof-zero-loss,N5 6-DOF zero-loss,EXP23I targeted repair,elcs-w-legacy,2,50,periodic,ELCS-W legacy same-frame/new-sequence retry,none,5,ring2,6dof,tdma,1,1,0.15,1,0.48,0.29,0.29,0.0476190476190476,0.0476190476190476,0.0496887271573484,0.534860482224971,0,0,10.3619363531683,12.6199797779093,0,1.036708247944,0.086558872305141,0.220000000000001,0.300000000000001,0.4,NaN,NaN,3000,1084,556,0,0,2602,1333,1269,0,0,0,0,0,0,0,0,0,1914,0,0,1,32,32,0,0,0,0,0,0,0,0.423018675966753,0,0,0,0,0,0,0,0,0,0,0.320853333333331,3.33004799999997,0,0,1.80299999999995,0,0.770047999999993,46.3333333333333,111.083333333333,0,0.0100403358740524,0.0190060904875887,NaN,NaN,0.999599042876544,2602,0,0,0,0,0,0.4728355,0,1839360,0,110997400,0,18125513323,tdma,candidate-elcs-w,none,local-conflict-witness-leases,none,continuous-elcs-replay,NaN,50,NaN,9.26666666666667,9.08333333333333,NaN,NaN,NaN,NaN,NaN,NaN,NaN,NaN,1084,NaN,NaN,NaN,0,0,1,0,NaN,NaN,NaN,NaN,NaN,0,0,NaN,0,0,0.320853333333331,1084,nominal,full,1,0,503430017495,0,0,0,0,0,0,0,0,1,0,0,0,0,0,0,0.111300014880595,1,0,NaN,NaN,5,1,0,0,1,188872777696,1084,1084,0.00146005840233609,0.00453205840233609,Inf,1.73472347597681e-18,0.00025,40,36.6139954780813,1,5601086279,25261049202,19033605,17856175,1007260870,44314,10,4,3,1,1,2,217,1,1,149,0,0,0,0,149,304,304,0,0,447,751,7296,12880,20176,310,8680,4000,112000,0.18775,0.180142857142857,716,716,308,0,1084,0,0,1333,1269,0,1333,1269,0,0,1084,1084,0,1,611,0.520192,1509,1105,404,0,611,0.520191999999999,1509,1105,404,0,1,16256,0.520192,0,11.9933947439796,11.7978592160608,1,348041,0.00025,40,0.000203081978041133,36.6139954780813,0.000730029201168047,0.00146005840233609,11.99546812288,1,0.00100040540586832,0,1.73472347597681e-18,NaN,NaN,NaN,NaN,1,0.15,1839360,2149,candidate-elcs-w,611,0.520191999999999,0.0433493333333332,0.320853333333331,1,iid-load15,IID occupancy 15%,iid,0.15,0,0,6268935454,0.150249999999996,3088,0.00116774611398964
cumulative-receipt-targeted-closed-loop-falsification,16072020,n5-6dof-zero-loss,N5 6-DOF zero-loss,EXP23I targeted repair,elcs-w-cumulative,3,50,periodic,ELCS-W cumulative same-sequence receipt retry,none,5,ring2,6dof,tdma,1,1,0.15,1,0.48,0.29,0.29,0.0476190476190476,0.0476190476190476,0.0496887271573484,0.534860482224971,0,0,10.3619363531683,12.6199797779093,0,1.036708247944,0.086558872305141,0.220000000000001,0.300000000000001,0.4,NaN,NaN,3000,1084,556,0,0,2602,1333,1269,0,0,0,0,0,0,0,0,0,1914,0,0,1,32,32,0,0,0,0,0,0,0,0.413355983623058,0,0,0,0,0,0,0,0,0,0,0.309439999999997,3.33004799999997,0,0,1.80299999999995,0,0.742655999999994,46.3333333333333,111.083333333333,0,0.0100403358740524,0.0190060904875887,NaN,NaN,0.999599042876544,2602,0,0,0,0,0,0.4858105,0,1839360,0,110997400,0,16761700386,tdma,candidate-elcs-w,none,local-conflict-witness-leases,none,continuous-elcs-replay,NaN,50,NaN,9.26666666666667,9.08333333333333,NaN,NaN,NaN,NaN,NaN,NaN,NaN,NaN,1084,NaN,NaN,NaN,0,0,1,0,NaN,NaN,NaN,NaN,NaN,0,0,NaN,0,0,0.309439999999997,1084,nominal,full,1,0,503430017495,0,0,0,0,0,0,0,0,1,0,0,0,0,0,0,0.111300014880595,1,0,NaN,NaN,5,1,0,0,1,188872777696,1084,1084,0.00146005840233609,0.00453205840233609,Inf,1.73472347597681e-18,0.00025,40,36.6139954780813,1,4901556360,25261049202,19033607,17875137,1019068959,44314,10,4,3,1,1,2,217,1,1,97,0,0,0,0,97,262,165,1,0,310,572,6288,9608,15896,310,8680,4000,112000,0.143,0.141928571428571,581,581,237,0,1084,0,0,1333,1269,0,1333,1269,0,0,1084,1084,0,1,432,0.383232,1047,764,283,0,432,0.383231999999999,1047,764,283,0,1,11976,0.383232,0,11.9933947439796,11.5767145618298,1,1021404,0.00025,40,0.000203081978041133,36.6139954780813,0.000730029201168047,0.00146005840233609,11.99546812288,1,0.00100040540586832,0,1.73472347597681e-18,NaN,NaN,NaN,NaN,1,0.15,1839360,2149,candidate-elcs-w,432,0.383231999999999,0.031936,0.309439999999997,1,iid-load15,IID occupancy 15%,iid,0.15,0,0,6268935454,0.150249999999996,3088,0.00116774611398964
cumulative-receipt-targeted-closed-loop-falsification,16072021,n5-6dof-zero-loss,N5 6-DOF zero-loss,EXP23I targeted repair,periodic-exp23d-lower,1,18.6733506944443,periodic,Periodic static TDMA / EXP23D lower-cost boundary,none,5,ring2,6dof,tdma,1,1,0.15,1,0.48,0.29,0.29,0.0476190476190476,0.0476190476190476,0.0511294562228181,0.530714326601127,0,0,10.5848589458967,13.0000919242729,0,1.03679741772117,0.08318407960199,0.219999999999999,0.300000000000001,0.42,NaN,NaN,1120,1120,618,0,0,2688,1485,1203,0,0,0,0,0,0,502,0.448214285714286,0,0,0,0,1,32,32,0,0,0,0,0,0,0,0.392167552504125,0,0,0,0.391120380868514,0.449834527325107,0,0,0,0,0,0.286719999999997,3.44063999999997,0,0,1.75299999999981,502,0.688127999999993,51.5,123.75,0,0.0113650924085138,0.0215256673911945,NaN,NaN,0.999879571694112,2688,0,0,0,0,0,1.5871733,0,1442314,0,110997400,0,257875115,tdma,periodic-frontier,none,full-mission-static-tdma,none,continuous-local-static-tdma,NaN,18.6733506944443,NaN,10.3,10.1666666666667,NaN,NaN,NaN,NaN,NaN,NaN,NaN,NaN,1120,NaN,NaN,NaN,0,0,1,0,NaN,NaN,NaN,NaN,NaN,0,0,NaN,0,0,0.286719999999997,1120,nominal,full,0,0,503383167870,0,0,0,0,0,0,0,0,1,0,0,0,0,0,0,NaN,0,0,NaN,NaN,5,1,0,0,1,188796086663,2648,1120,0.00146005840233609,0.00453205840233609,Inf,0,0.00025,40,38.6264742319916,1,NaN,NaN,NaN,NaN,NaN,NaN,NaN,NaN,NaN,NaN,NaN,NaN,NaN,NaN,NaN,NaN,NaN,NaN,NaN,NaN,NaN,NaN,NaN,NaN,NaN,NaN,NaN,NaN,NaN,NaN,NaN,NaN,NaN,NaN,NaN,NaN,NaN,NaN,NaN,NaN,NaN,NaN,NaN,NaN,NaN,NaN,NaN,NaN,NaN,NaN,NaN,NaN,NaN,NaN,NaN,NaN,NaN,NaN,NaN,NaN,NaN,NaN,NaN,NaN,NaN,NaN,NaN,NaN,NaN,NaN,NaN,NaN,NaN,NaN,NaN,NaN,NaN,NaN,NaN,NaN,NaN,NaN,NaN,NaN,NaN,NaN,NaN,NaN,NaN,NaN,NaN,NaN,NaN,periodic-static,0,0,0,0.286719999999997,0,iid-load15,IID occupancy 15%,iid,0.15,0,0,6304047639,0.146083333333318,2996,0.00117022696929239
cumulative-receipt-targeted-closed-loop-falsification,16072021,n5-6dof-zero-loss,N5 6-DOF zero-loss,EXP23I targeted repair,elcs-w-legacy,2,50,periodic,ELCS-W legacy same-frame/new-sequence retry,none,5,ring2,6dof,tdma,1,1,0.15,1,0.48,0.29,0.29,0.0476190476190476,0.0476190476190476,0.0530939855994701,0.530665035419064,0,0,10.7136234062533,13.3374953661393,0,1.03690810514488,0.0910696517412936,0.24,0.34,0.5,NaN,NaN,3000,1085,558,0,0,2604,1345,1259,0,0,0,0,0,0,0,0,0,1913,0,0,1,32,32,0,0,0,0,0,0,0,0.426729388951148,0,0,0,0,0,0,0,0,0,0,0.327893333333331,3.33311999999997,0,0,1.75299999999998,0,0.786943999999993,46.5,112.083333333333,0,0.0100338456259213,0.019061083856538,NaN,NaN,0.996141664267204,2604,0,0,0,0,0,0.4451454,0,1442314,0,110997400,0,18737667609,tdma,candidate-elcs-w,none,local-conflict-witness-leases,none,continuous-elcs-replay,NaN,50,NaN,9.3,8.5,NaN,NaN,NaN,NaN,NaN,NaN,NaN,NaN,1085,NaN,NaN,NaN,0,0,1,0,NaN,NaN,NaN,NaN,NaN,0,0,NaN,0,0,0.327893333333331,1085,nominal,full,1,0,503383167870,0,0,0,0,0,0,0,0,1,0,0,0,0,0,0,0.0560150220408816,1,0,NaN,NaN,5,1,0,0,1,188796086663,1085,1085,0.00146005840233609,0.00453205840233609,Inf,1.73472347597681e-18,0.00025,40,38.6264742319916,1,5917945866,25182359333,19033605,17858648,1013163379,44314,10,4,3,1,1,1,217,1,0,206,0,0,0,0,206,361,361,0,0,472,833,8664,14056,22720,310,8680,4000,112000,0.20825,0.202857142857143,813,813,348,0,1085,0,0,1345,1259,0,1345,1259,0,0,1085,1085,0,1,693,0.6016,1709,1233,476,0,693,0.601599999999999,1709,1233,476,0,1,18800,0.6016,0,11.9931655071877,11.687057568804,1,1661917,0.00025,40,0.000244753026081708,38.6264742319916,0.000730029201168047,0.00146005840233609,11.99546812288,1,0.000361939960637159,0,1.73472347597681e-18,NaN,NaN,NaN,NaN,1,0.15,1442314,2100,candidate-elcs-w,693,0.601599999999999,0.0501333333333332,0.327893333333331,1,iid-load15,IID occupancy 15%,iid,0.15,0,0,6304047639,0.146083333333332,2996,0.00117022696929239
cumulative-receipt-targeted-closed-loop-falsification,16072021,n5-6dof-zero-loss,N5 6-DOF zero-loss,EXP23I targeted repair,elcs-w-cumulative,3,50,periodic,ELCS-W cumulative same-sequence receipt retry,none,5,ring2,6dof,tdma,1,1,0.15,1,0.48,0.29,0.29,0.0476190476190476,0.0476190476190476,0.0530939855994701,0.530665035419064,0,0,10.7136234062533,13.3374953661393,0,1.03690810514488,0.0910696517412936,0.24,0.34,0.5,NaN,NaN,3000,1085,558,0,0,2604,1345,1259,0,0,0,0,0,0,0,0,0,1913,0,0,1,32,32,0,0,0,0,0,0,0,0.417109861951049,0,0,0,0,0,0,0,0,0,0,0.317034666666664,3.33311999999997,0,0,1.75299999999998,0,0.760883199999994,46.5,112.083333333333,0,0.0100338456259213,0.019061083856538,NaN,NaN,0.996141664267204,2604,0,0,0,0,0,0.4699367,0,1442314,0,110997400,0,17536402742,tdma,candidate-elcs-w,none,local-conflict-witness-leases,none,continuous-elcs-replay,NaN,50,NaN,9.3,8.5,NaN,NaN,NaN,NaN,NaN,NaN,NaN,NaN,1085,NaN,NaN,NaN,0,0,1,0,NaN,NaN,NaN,NaN,NaN,0,0,NaN,0,0,0.317034666666664,1085,nominal,full,1,0,503383167870,0,0,0,0,0,0,0,0,1,0,0,0,0,0,0,0.0560150220408816,1,0,NaN,NaN,5,1,0,0,1,188796086663,1085,1085,0.00146005840233609,0.00453205840233609,Inf,1.73472347597681e-18,0.00025,40,38.6264742319916,1,5277183087,25182359333,19033607,17877469,998840642,44314,10,4,3,1,1,1,217,1,0,130,0,0,0,0,130,299,169,1,0,375,674,7176,11472,18648,310,8680,4000,112000,0.1685,0.1665,684,684,283,0,1085,0,0,1345,1259,0,1345,1259,0,0,1085,1085,0,1,534,0.471296,1302,927,375,0,534,0.471296,1302,927,375,0,1,14728,0.471296,0,11.9931655071877,11.687057568804,1,1565921,0.00025,40,0.000244753026081708,38.6264742319916,0.000730029201168047,0.00146005840233609,11.99546812288,1,0.000361939960637159,0,1.73472347597681e-18,NaN,NaN,NaN,NaN,1,0.15,1442314,2100,candidate-elcs-w,534,0.471296,0.0392746666666667,0.317034666666664,1,iid-load15,IID occupancy 15%,iid,0.15,0,0,6304047639,0.146083333333332,2996,0.00117022696929239
cumulative-receipt-targeted-closed-loop-falsification,16072022,n5-6dof-zero-loss,N5 6-DOF zero-loss,EXP23I targeted repair,periodic-exp23d-lower,1,18.6733506944443,periodic,Periodic static TDMA / EXP23D lower-cost boundary,none,5,ring2,6dof,tdma,1,1,0.15,1,0.48,0.29,0.29,0.0476190476190476,0.0476190476190476,0.0535123590858217,0.527947623756159,0,0,10.5401953771295,12.3210084079682,0,1.03678008716054,0.0888640132669983,0.239999999999999,0.32,0.379999999999999,NaN,NaN,1120,1120,590,0,0,2688,1400,1288,0,0,0,0,0,0,530,0.473214285714286,0,0,0,0,1,32,32,0,0,0,0,0,0,0,0.397360580144387,0,0,0,0.385777941430449,0.429740649110037,0,0,0,0,0,0.286719999999997,3.44063999999997,0,0,1.8299999999998,530,0.688127999999993,49.1666666666667,116.666666666667,0,0.0113519580047564,0.0215147486979556,NaN,NaN,0.995424649699743,2688,0,0,0,0,0,1.4322795,0,716521,0,110997400,0,257875117,tdma,periodic-frontier,none,full-mission-static-tdma,none,continuous-local-static-tdma,NaN,18.6733506944443,NaN,9.83333333333333,8.91666666666667,NaN,NaN,NaN,NaN,NaN,NaN,NaN,NaN,1120,NaN,NaN,NaN,0,0,1,0,NaN,NaN,NaN,NaN,NaN,0,0,NaN,0,0,0.286719999999997,1120,nominal,full,0,0,503445033352,0,0,0,0,0,0,0,0,1,0,0,0,0,0,0,NaN,0,0,NaN,NaN,5,1,0,0,1,189007920618,2647,1120,0.00146005840233609,0.00453205840233609,Inf,2.77555756156289e-17,0.00025,40,39.7995461489938,1,NaN,NaN,NaN,NaN,NaN,NaN,NaN,NaN,NaN,NaN,NaN,NaN,NaN,NaN,NaN,NaN,NaN,NaN,NaN,NaN,NaN,NaN,NaN,NaN,NaN,NaN,NaN,NaN,NaN,NaN,NaN,NaN,NaN,NaN,NaN,NaN,NaN,NaN,NaN,NaN,NaN,NaN,NaN,NaN,NaN,NaN,NaN,NaN,NaN,NaN,NaN,NaN,NaN,NaN,NaN,NaN,NaN,NaN,NaN,NaN,NaN,NaN,NaN,NaN,NaN,NaN,NaN,NaN,NaN,NaN,NaN,NaN,NaN,NaN,NaN,NaN,NaN,NaN,NaN,NaN,NaN,NaN,NaN,NaN,NaN,NaN,NaN,NaN,NaN,NaN,NaN,NaN,NaN,periodic-static,0,0,0,0.286719999999997,0,iid-load15,IID occupancy 15%,iid,0.15,0,0,6274290886,0.152499999999983,3042,0.00120315581854043
cumulative-receipt-targeted-closed-loop-falsification,16072022,n5-6dof-zero-loss,N5 6-DOF zero-loss,EXP23I targeted repair,elcs-w-legacy,2,50,periodic,ELCS-W legacy same-frame/new-sequence retry,none,5,ring2,6dof,tdma,1,1,0.15,1,0.48,0.29,0.29,0.0476190476190476,0.0476190476190476,0.0523706343400895,0.531823300237112,0,0,10.504446063521,12.6114160237965,0,1.03673532632448,0.09075456053068,0.24,0.34,0.5,NaN,NaN,3000,1084,564,0,0,2602,1353,1249,0,0,0,0,0,0,0,0,0,1914,0,0,1,32,32,0,0,0,0,0,0,0,0.432561875846831,0,0,0,0,0,0,0,0,0,0,0.330367999999997,3.33004799999997,0,0,1.82999999999996,0,0.792883199999993,47,112.75,0,0.0100240645147277,0.0189699353169511,NaN,NaN,0.998073483731292,2602,0,0,0,0,0,0.392132,0,716521,0,110997400,0,19202160873,tdma,candidate-elcs-w,none,local-conflict-witness-leases,none,continuous-elcs-replay,NaN,50,NaN,9.4,8.91666666666667,NaN,NaN,NaN,NaN,NaN,NaN,NaN,NaN,1084,NaN,NaN,NaN,0,0,1,0,NaN,NaN,NaN,NaN,NaN,0,0,NaN,0,0,0.330367999999997,1084,nominal,full,1,0,503445033352,0,0,0,0,0,0,0,0,1,0,0,0,0,0,0,0.111300014880595,1,0,NaN,NaN,5,1,0,0,1,189007920618,1084,1084,0.00146005840233609,0.00453205840233609,Inf,1.73472347597681e-18,0.00025,40,39.7995461489938,1,6170112819,25032668592,19033605,17857754,1034389973,44314,10,4,3,1,1,2,217,1,1,203,0,0,0,0,205,360,360,0,0,529,889,8640,15272,23912,310,8680,4000,112000,0.22225,0.2135,851,851,377,0,1084,0,0,1353,1249,0,1353,1249,0,0,1084,1084,0,1,743,0.634368,1836,1319,517,0,743,0.634367999999999,1836,1319,517,0,1,19824,0.634368,0,11.9928803259501,11.963204351704,1,1235320,0.00025,40,0.000192634128213713,39.7995461489938,0.000730029201168047,0.00146005840233609,11.99546812288,1,0.000880287785182787,0,1.73472347597681e-18,NaN,NaN,NaN,NaN,1,0.15,716521,2196,candidate-elcs-w,743,0.634367999999999,0.0528639999999999,0.330367999999997,1,iid-load15,IID occupancy 15%,iid,0.15,0,0,6274290886,0.152499999999996,3042,0.00120315581854043
cumulative-receipt-targeted-closed-loop-falsification,16072022,n5-6dof-zero-loss,N5 6-DOF zero-loss,EXP23I targeted repair,elcs-w-cumulative,3,50,periodic,ELCS-W cumulative same-sequence receipt retry,none,5,ring2,6dof,tdma,1,1,0.15,1,0.48,0.29,0.29,0.0476190476190476,0.0476190476190476,0.0523706343400895,0.531823300237112,0,0,10.504446063521,12.6114160237965,0,1.03673532632448,0.09075456053068,0.24,0.34,0.5,NaN,NaN,3000,1084,564,0,0,2602,1353,1249,0,0,0,0,0,0,0,0,0,1914,0,0,1,32,32,0,0,0,0,0,0,0,0.415955273855165,0,0,0,0,0,0,0,0,0,0,0.310421333333331,3.33004799999997,0,0,1.82999999999996,0,0.745011199999994,47,112.75,0,0.0100240645147277,0.0189699353169511,NaN,NaN,0.998073483731292,2602,0,0,0,0,0,0.3754918,0,716521,0,110997400,0,16925537868,tdma,candidate-elcs-w,none,local-conflict-witness-leases,none,continuous-elcs-replay,NaN,50,NaN,9.4,8.91666666666667,NaN,NaN,NaN,NaN,NaN,NaN,NaN,NaN,1084,NaN,NaN,NaN,0,0,1,0,NaN,NaN,NaN,NaN,NaN,0,0,NaN,0,0,0.310421333333331,1084,nominal,full,1,0,503445033352,0,0,0,0,0,0,0,0,1,0,0,0,0,0,0,0.111300014880595,1,0,NaN,NaN,5,1,0,0,1,189007920618,1084,1084,0.00146005840233609,0.00453205840233609,Inf,1.73472347597681e-18,0.00025,40,39.7995461489938,1,4947735135,25032668592,19033607,17876009,992818330,44314,10,4,3,1,1,2,217,1,1,93,0,0,0,0,93,258,165,1,0,331,589,6192,10072,16264,310,8680,4000,112000,0.14725,0.145214285714286,597,597,251,0,1084,0,0,1353,1249,0,1353,1249,0,0,1084,1084,0,1,449,0.395008,1092,796,296,0,449,0.395008,1092,796,296,0,1,12344,0.395008,0,11.9928803259501,11.7420676186359,1,526556,0.00025,40,0.000192634128213713,39.7995461489938,0.000730029201168047,0.00146005840233609,11.99546812288,1,0.000880287785182787,0,1.73472347597681e-18,NaN,NaN,NaN,NaN,1,0.15,716521,2196,candidate-elcs-w,449,0.395008,0.0329173333333333,0.310421333333331,1,iid-load15,IID occupancy 15%,iid,0.15,0,0,6274290886,0.152499999999996,3042,0.00120315581854043
cumulative-receipt-targeted-closed-loop-falsification,16072023,n5-6dof-zero-loss,N5 6-DOF zero-loss,EXP23I targeted repair,periodic-exp23d-lower,1,18.6733506944443,periodic,Periodic static TDMA / EXP23D lower-cost boundary,none,5,ring2,6dof,tdma,1,1,0.15,1,0.48,0.29,0.29,0.0476190476190476,0.0476190476190476,0.0530613136393305,0.530588191471353,0,0,10.7344002831975,12.5359141922336,0,1.03673916178283,0.0969900497512437,0.248999999999997,0.319999999999999,0.379999999999999,NaN,NaN,1120,1120,576,0,0,2688,1377,1311,0,0,0,0,0,0,544,0.485714285714286,0,0,0,0,1,32,32,0,0,0,0,0,0,0,0.392867903344841,0,0,0,0.396425061012626,0.445432052300443,0,0,0,0,0,0.286719999999997,3.44063999999997,0,0,1.78799999999977,544,0.688127999999993,48,114.75,0,0.0113305896344231,0.0215356587649918,NaN,NaN,0.998092716825607,2688,0,0,0,0,0,1.5839434,0,667137,0,110997400,0,257875119,tdma,periodic-frontier,none,full-mission-static-tdma,none,continuous-local-static-tdma,NaN,18.6733506944443,NaN,9.6,9,NaN,NaN,NaN,NaN,NaN,NaN,NaN,NaN,1120,NaN,NaN,NaN,0,0,1,0,NaN,NaN,NaN,NaN,NaN,0,0,NaN,0,0,0.286719999999997,1120,nominal,full,0,0,503389395481,0,0,0,0,0,0,0,0,1,0,0,0,0,0,0,NaN,0,0,NaN,NaN,5,1,0,0,1,189127832319,2647,1120,0.00146005840233609,0.00453205840233609,Inf,2.77555756156289e-17,0.00025,40,35.9644710435713,1,NaN,NaN,NaN,NaN,NaN,NaN,NaN,NaN,NaN,NaN,NaN,NaN,NaN,NaN,NaN,NaN,NaN,NaN,NaN,NaN,NaN,NaN,NaN,NaN,NaN,NaN,NaN,NaN,NaN,NaN,NaN,NaN,NaN,NaN,NaN,NaN,NaN,NaN,NaN,NaN,NaN,NaN,NaN,NaN,NaN,NaN,NaN,NaN,NaN,NaN,NaN,NaN,NaN,NaN,NaN,NaN,NaN,NaN,NaN,NaN,NaN,NaN,NaN,NaN,NaN,NaN,NaN,NaN,NaN,NaN,NaN,NaN,NaN,NaN,NaN,NaN,NaN,NaN,NaN,NaN,NaN,NaN,NaN,NaN,NaN,NaN,NaN,NaN,NaN,NaN,NaN,NaN,NaN,periodic-static,0,0,0,0.286719999999997,0,iid-load15,IID occupancy 15%,iid,0.15,0,0,6325653133,0.148999999999981,3010,0.00118803986710963
cumulative-receipt-targeted-closed-loop-falsification,16072023,n5-6dof-zero-loss,N5 6-DOF zero-loss,EXP23I targeted repair,elcs-w-legacy,2,50,periodic,ELCS-W legacy same-frame/new-sequence retry,none,5,ring2,6dof,tdma,1,1,0.15,1,0.48,0.29,0.29,0.0476190476190476,0.0476190476190476,0.0535085216925599,0.526523237365616,0,0,10.374846723085,12.7354370251188,0,1.03678461335569,0.0913018242122721,0.24,0.32,0.359999999999999,NaN,NaN,3000,1078,545,0,0,2587,1304,1283,0,0,0,0,0,0,2,0.00185528756957328,0,1921,0,0,1,32,32,0,0,0,0,0,0,0,0.424038001535908,0,0,0,0,0,0,0,0,0,0,0.324266666666664,3.31161599999997,0,0,1.78799999999995,0,0.778239999999993,45.4166666666667,108.666666666667,0,0.0100144193129307,0.0190315746614635,NaN,NaN,0.999461614819052,2587,0,0,0,0,0,0.3997008,0,667137,0,110997400,0,18450585581,tdma,candidate-elcs-w,none,local-conflict-witness-leases,none,continuous-elcs-replay,NaN,50,NaN,9.08333333333333,8.66666666666667,NaN,NaN,NaN,NaN,NaN,NaN,NaN,NaN,1078,NaN,NaN,NaN,0,0,1,2,NaN,NaN,NaN,NaN,NaN,0,0,NaN,0,0,0.324266666666664,1078,nominal,full,1,0,503389395481,0,0,0,0,0,0,0,0,1,0,0,0,0,0,0,0.221870000560022,1,0,NaN,NaN,5,1,0,0,1,189127832319,1078,1078,0.00146005840233609,0.00453205840233609,Inf,6.93889390390723e-18,0.00025,40,35.9644710435713,1,5834473351,25037300667,19033605,17847811,1046757863,44314,10,4,3,1,1,4,217,1,9,176,1,0,0,1,176,331,331,0,0,478,809,7944,14088,22032,310,8680,4000,112000,0.20225,0.196714285714286,802,805,351,0,1076,2,2,1304,1281,2,1304,1281,2,0,1078,1078,0,1,669,0.579584,1649,1232,417,0,669,0.579583999999999,1649,1232,417,0,1,18112,0.579584,0,11.9926812282655,11.6312992617125,1,493144,0.00025,40,0.000214204124027545,35.9644710435713,0.000730029201168047,0.00146005840233609,11.99546812288,1,0.00100556170577448,0.000366565942799602,6.93889390390723e-18,NaN,NaN,NaN,NaN,1,0.15,667137,2114,candidate-elcs-w,669,0.579583999999999,0.0482986666666666,0.324266666666664,1,iid-load15,IID occupancy 15%,iid,0.15,0,0,6325653133,0.148999999999996,3010,0.00118803986710963
cumulative-receipt-targeted-closed-loop-falsification,16072023,n5-6dof-zero-loss,N5 6-DOF zero-loss,EXP23I targeted repair,elcs-w-cumulative,3,50,periodic,ELCS-W cumulative same-sequence receipt retry,none,5,ring2,6dof,tdma,1,1,0.15,1,0.48,0.29,0.29,0.0476190476190476,0.0476190476190476,0.0535085216925599,0.526523237365616,0,0,10.374846723085,12.7354370251188,0,1.03678461335569,0.0913018242122721,0.24,0.32,0.359999999999999,NaN,NaN,3000,1078,545,0,0,2587,1304,1283,0,0,0,0,0,0,2,0.00185528756957328,0,1921,0,0,1,32,32,0,0,0,0,0,0,0,0.411825188455342,0,0,0,0,0,0,0,0,0,0,0.309589333333331,3.31161599999997,0,0,1.78799999999995,0,0.743014399999994,45.4166666666667,108.666666666667,0,0.0100144193129307,0.0190315746614635,NaN,NaN,0.999461614819052,2587,0,0,0,0,0,0.4232205,0,667137,0,110997400,0,16842925523,tdma,candidate-elcs-w,none,local-conflict-witness-leases,none,continuous-elcs-replay,NaN,50,NaN,9.08333333333333,8.66666666666667,NaN,NaN,NaN,NaN,NaN,NaN,NaN,NaN,1078,NaN,NaN,NaN,0,0,1,2,NaN,NaN,NaN,NaN,NaN,0,0,NaN,0,0,0.309589333333331,1078,nominal,full,1,0,503389395481,0,0,0,0,0,0,0,0,1,0,0,0,0,0,0,0.221870000560022,1,0,NaN,NaN,5,1,0,0,1,189127832319,1078,1078,0.00146005840233609,0.00453205840233609,Inf,1.38777878078145e-17,0.00025,40,35.9644710435713,1,4992921141,25037300667,19033607,17866484,1018611637,44314,10,4,3,1,1,4,217,1,9,98,1,0,0,1,98,263,165,1,0,331,594,6312,10216,16528,310,8680,4000,112000,0.1485,0.147571428571429,612,615,257,0,1076,2,2,1304,1281,2,1304,1281,2,0,1078,1078,0,1,454,0.403456,1099,830,269,0,454,0.403456,1099,830,269,0,1,12608,0.403456,0,11.9926812282655,11.6312992617125,1,504930,0.00025,40,0.000214204124027545,35.9644710435713,0.000730029201168047,0.00146005840233609,11.99546812288,1,0.00100556170577448,0.000366565942799602,1.38777878078145e-17,NaN,NaN,NaN,NaN,1,0.15,667137,2114,candidate-elcs-w,454,0.403456,0.0336213333333333,0.309589333333331,1,iid-load15,IID occupancy 15%,iid,0.15,0,0,6325653133,0.148999999999996,3010,0.00118803986710963
cumulative-receipt-targeted-closed-loop-falsification,16072024,n5-6dof-zero-loss,N5 6-DOF zero-loss,EXP23I targeted repair,periodic-exp23d-lower,1,18.6733506944443,periodic,Periodic static TDMA / EXP23D lower-cost boundary,none,5,ring2,6dof,tdma,1,1,0.15,1,0.48,0.29,0.29,0.0476190476190476,0.0476190476190476,0.0547246894709244,0.525497526784532,0,0,10.1562918520495,13.0628522425133,0,1.03675203914646,0.0887728026533995,0.220000000000001,0.337799999999997,0.42,NaN,NaN,1120,1120,566,0,0,2688,1353,1335,0,0,0,0,0,0,554,0.494642857142857,0,0,0,0,1,32,32,0,0,0,0,0,0,0,0.393672564927158,0,0,0,0.390950133574607,0.430011083310479,0,0,0,0,0,0.286719999999997,3.44063999999997,0,0,1.83299999999979,554,0.688127999999993,47.1666666666667,112.75,0,0.0113290967435343,0.0214661318053673,NaN,NaN,0.995481806034617,2688,0,0,0,0,0,1.3040746,0,532882,0,110997400,0,257875121,tdma,periodic-frontier,none,full-mission-static-tdma,none,continuous-local-static-tdma,NaN,18.6733506944443,NaN,9.43333333333333,9,NaN,NaN,NaN,NaN,NaN,NaN,NaN,NaN,1120,NaN,NaN,NaN,0,0,1,0,NaN,NaN,NaN,NaN,NaN,0,0,NaN,0,0,0.286719999999997,1120,nominal,full,0,0,503455980958,0,0,0,0,0,0,0,0,1,0,0,0,0,0,0,NaN,0,0,NaN,NaN,5,1,0,0,1,189059969103,2648,1120,0.00146005840233609,0.00453205840233609,Inf,0,0.00025,40,25.4483584516734,1,NaN,NaN,NaN,NaN,NaN,NaN,NaN,NaN,NaN,NaN,NaN,NaN,NaN,NaN,NaN,NaN,NaN,NaN,NaN,NaN,NaN,NaN,NaN,NaN,NaN,NaN,NaN,NaN,NaN,NaN,NaN,NaN,NaN,NaN,NaN,NaN,NaN,NaN,NaN,NaN,NaN,NaN,NaN,NaN,NaN,NaN,NaN,NaN,NaN,NaN,NaN,NaN,NaN,NaN,NaN,NaN,NaN,NaN,NaN,NaN,NaN,NaN,NaN,NaN,NaN,NaN,NaN,NaN,NaN,NaN,NaN,NaN,NaN,NaN,NaN,NaN,NaN,NaN,NaN,NaN,NaN,NaN,NaN,NaN,NaN,NaN,NaN,NaN,NaN,NaN,NaN,NaN,NaN,periodic-static,0,0,0,0.286719999999997,0,iid-load15,IID occupancy 15%,iid,0.15,0,0,6269750420,0.152749999999983,3094,0.00118487394957983
cumulative-receipt-targeted-closed-loop-falsification,16072024,n5-6dof-zero-loss,N5 6-DOF zero-loss,EXP23I targeted repair,elcs-w-legacy,2,50,periodic,ELCS-W legacy same-frame/new-sequence retry,none,5,ring2,6dof,tdma,1,1,0.15,1,0.48,0.29,0.29,0.0476190476190476,0.0476190476190476,0.0567571334642211,0.526876096157909,0,0,10.6698827891622,12.597593921306,0,1.0366774433043,0.0975041459369817,0.24,0.380000000000001,0.539999999999999,NaN,NaN,3000,1081,553,0,0,2594,1320,1274,0,0,0,0,0,0,0,0,0,1917,0,0,1,32,32,0,0,0,0,0,0,0,0.429112014649065,0,0,0,0,0,0,0,0,0,0,0.325119999999997,3.32083199999997,0,0,1.83299999999995,0,0.780287999999993,46.0833333333333,110,0,0.0100294917213762,0.0190102410400204,NaN,NaN,0.991839779453499,2594,0,0,0,0,0,0.4024184,0,532882,0,110997400,0,18524919918,tdma,candidate-elcs-w,none,local-conflict-witness-leases,none,continuous-elcs-replay,NaN,50,NaN,9.21666666666667,7.83333333333333,NaN,NaN,NaN,NaN,NaN,NaN,NaN,NaN,1081,NaN,NaN,NaN,0,0,1,0,NaN,NaN,NaN,NaN,NaN,0,0,NaN,0,0,0.325119999999997,1081,nominal,full,1,0,503455980958,0,0,0,0,0,0,0,0,1,0,0,0,0,0,0,0.166585007720309,1,0,NaN,NaN,5,1,0,0,1,189059969103,1081,1081,0.00146005840233609,0.00453205840233609,Inf,1.73472347597681e-18,0.00025,40,25.4483584516734,1,5758692084,25154373640,19033605,17852858,1000666140,44314,10,4,3,1,1,3,217,1,5,197,0,0,0,0,197,352,352,0,0,457,809,8448,13616,22064,310,8680,4000,112000,0.20225,0.197,784,788,337,0,1080,1,0,1320,1274,0,1320,1274,0,0,1081,1081,0,1,669,0.580608,1637,1195,442,0,669,0.580607999999999,1637,1195,442,0,1,18144,0.580608,0,11.9930193488387,11.7422057322963,1,1273562,0.00025,40,0.000227723798516414,25.4483584516734,0.000730029201168047,0.00146005840233609,11.99546812288,1,0.00109110339075791,0,1.73472347597681e-18,NaN,NaN,NaN,NaN,1,0.15,532882,2148,candidate-elcs-w,669,0.580607999999999,0.0483839999999999,0.325119999999997,1,iid-load15,IID occupancy 15%,iid,0.15,0,0,6269750420,0.152749999999996,3094,0.00118487394957983
cumulative-receipt-targeted-closed-loop-falsification,16072024,n5-6dof-zero-loss,N5 6-DOF zero-loss,EXP23I targeted repair,elcs-w-cumulative,3,50,periodic,ELCS-W cumulative same-sequence receipt retry,none,5,ring2,6dof,tdma,1,1,0.15,1,0.48,0.29,0.29,0.0476190476190476,0.0476190476190476,0.0567571334642211,0.526876096157909,0,0,10.6698827891622,12.597593921306,0,1.0366774433043,0.0975041459369817,0.24,0.380000000000001,0.539999999999999,NaN,NaN,3000,1081,553,0,0,2594,1320,1274,0,0,0,0,0,0,0,0,0,1917,0,0,1,32,32,0,0,0,0,0,0,0,0.416081905938447,0,0,0,0,0,0,0,0,0,0,0.309013333333331,3.32083199999997,0,0,1.83299999999995,0,0.741631999999994,46.0833333333333,110,0,0.0100294917213762,0.0190102410400204,NaN,NaN,0.991839779453499,2594,0,0,0,0,0,0.4352805,0,532882,0,110997400,0,16772871158,tdma,candidate-elcs-w,none,local-conflict-witness-leases,none,continuous-elcs-replay,NaN,50,NaN,9.21666666666667,7.83333333333333,NaN,NaN,NaN,NaN,NaN,NaN,NaN,NaN,1081,NaN,NaN,NaN,0,0,1,0,NaN,NaN,NaN,NaN,NaN,0,0,NaN,0,0,0.309013333333331,1081,nominal,full,1,0,503455980958,0,0,0,0,0,0,0,0,1,0,0,0,0,0,0,0.166585007720309,1,0,NaN,NaN,5,1,0,0,1,189059969103,1081,1081,0.00146005840233609,0.00453205840233609,Inf,1.73472347597681e-18,0.00025,40,25.4483584516734,1,4889331325,25154373640,19033607,17870328,989351841,44314,10,4,3,1,1,3,217,1,5,107,0,0,0,0,107,266,159,1,0,308,574,6384,9640,16024,310,8680,4000,112000,0.1435,0.143071428571429,585,589,245,0,1080,1,0,1320,1274,0,1320,1274,0,0,1081,1081,0,1,434,0.387328,1044,767,277,0,434,0.387328,1044,767,277,0,1,12104,0.387328,0,11.9930193488387,11.7370848595076,1,1412820,0.00025,40,0.000227723798516414,25.4483584516734,0.000730029201168047,0.00146005840233609,11.99546812288,1,0.00109110339075791,0,1.73472347597681e-18,NaN,NaN,NaN,NaN,1,0.15,532882,2148,candidate-elcs-w,434,0.387328,0.0322773333333333,0.309013333333331,1,iid-load15,IID occupancy 15%,iid,0.15,0,0,6269750420,0.152749999999996,3094,0.00118487394957983
cumulative-receipt-targeted-closed-loop-falsification,16072025,n5-6dof-zero-loss,N5 6-DOF zero-loss,EXP23I targeted repair,periodic-exp23d-lower,1,18.6733506944443,periodic,Periodic static TDMA / EXP23D lower-cost boundary,none,5,ring2,6dof,tdma,1,1,0.15,1,0.48,0.29,0.29,0.0476190476190476,0.0476190476190476,0.0550230923786629,0.527833637654358,0,0,10.4171716053989,12.5426463814849,0,1.03671471299957,0.0951243781094527,0.24,0.34,0.479999999999999,NaN,NaN,1120,1120,580,0,0,2688,1386,1302,0,0,0,0,0,0,540,0.482142857142857,0,0,0,0,1,32,32,0,0,0,0,0,0,0,0.395292460247402,0,0,0,0.391431658401879,0.426112878585637,0,0,0,0,0,0.286719999999997,3.44063999999997,0,0,1.82199999999979,540,0.688127999999993,48.3333333333333,115.5,0,0.0113391271303951,0.02154743919023,NaN,NaN,0.997538771758147,2688,0,0,0,0,0,1.3930294,0,804909,0,110997400,0,257875123,tdma,periodic-frontier,none,full-mission-static-tdma,none,continuous-local-static-tdma,NaN,18.6733506944443,NaN,9.66666666666667,8.83333333333333,NaN,NaN,NaN,NaN,NaN,NaN,NaN,NaN,1120,NaN,NaN,NaN,0,0,1,0,NaN,NaN,NaN,NaN,NaN,0,0,NaN,0,0,0.286719999999997,1120,nominal,full,0,0,503776828426,0,0,0,0,0,0,0,0,1,0,0,0,0,0,0,NaN,0,0,NaN,NaN,5,1,0,0,1,189089331382,2648,1120,0.00146005840233609,0.00453205840233609,Inf,0,0.00025,40,22.9749604372467,1,NaN,NaN,NaN,NaN,NaN,NaN,NaN,NaN,NaN,NaN,NaN,NaN,NaN,NaN,NaN,NaN,NaN,NaN,NaN,NaN,NaN,NaN,NaN,NaN,NaN,NaN,NaN,NaN,NaN,NaN,NaN,NaN,NaN,NaN,NaN,NaN,NaN,NaN,NaN,NaN,NaN,NaN,NaN,NaN,NaN,NaN,NaN,NaN,NaN,NaN,NaN,NaN,NaN,NaN,NaN,NaN,NaN,NaN,NaN,NaN,NaN,NaN,NaN,NaN,NaN,NaN,NaN,NaN,NaN,NaN,NaN,NaN,NaN,NaN,NaN,NaN,NaN,NaN,NaN,NaN,NaN,NaN,NaN,NaN,NaN,NaN,NaN,NaN,NaN,NaN,NaN,NaN,NaN,periodic-static,0,0,0,0.286719999999997,0,iid-load15,IID occupancy 15%,iid,0.15,0,0,6287727200,0.151833333333316,3072,0.0011854261548471
cumulative-receipt-targeted-closed-loop-falsification,16072025,n5-6dof-zero-loss,N5 6-DOF zero-loss,EXP23I targeted repair,elcs-w-legacy,2,50,periodic,ELCS-W legacy same-frame/new-sequence retry,none,5,ring2,6dof,tdma,1,1,0.15,1,0.48,0.29,0.29,0.0476190476190476,0.0476190476190476,0.0517482474340727,0.530064107858434,0,0,10.3069816931153,13.1498591055106,0,1.03682456337684,0.0930597014925375,0.26,0.32,0.4,NaN,NaN,3000,1082,536,0,0,2597,1286,1311,0,0,0,0,0,0,0,0,0,1916,0,0,1,32,32,0,0,0,0,0,0,0,0.426983950220199,0,0,0,0,0,0,0,0,0,0,0.325717333333331,3.32390399999997,0,0,1.82199999999997,0,0.781721599999994,44.6666666666667,107.166666666667,0,0.0100123017341278,0.0190176606592518,NaN,NaN,0.997555555555556,2597,0,0,0,0,0,0.4092261,0,804909,0,110997400,0,18496307874,tdma,candidate-elcs-w,none,local-conflict-witness-leases,none,continuous-elcs-replay,NaN,50,NaN,8.93333333333333,8.16666666666667,NaN,NaN,NaN,NaN,NaN,NaN,NaN,NaN,1082,NaN,NaN,NaN,0,0,1,0,NaN,NaN,NaN,NaN,NaN,0,0,NaN,0,0,0.325717333333331,1082,nominal,full,1,0,503776828426,0,0,0,0,0,0,0,0,1,0,0,0,0,0,0,0.166585007720309,1,0,NaN,NaN,5,1,0,0,1,189089331382,1082,1082,0.00146005840233609,0.00453205840233609,Inf,1.38777878078145e-17,0.00025,40,22.9749604372467,1,5751566857,25142691650,19033605,17852907,1012573187,44314,10,4,3,1,1,3,217,1,4,190,0,0,0,0,190,345,345,0,0,467,812,8280,13912,22192,310,8680,4000,112000,0.203,0.198142857142857,800,805,347,0,1081,1,0,1286,1311,0,1286,1311,0,0,1082,1082,0,1,672,0.584704,1648,1220,428,0,672,0.584703999999999,1648,1220,428,0,1,18272,0.584704,0,11.9930065063815,11.6316213327378,1,1273382,0.00025,40,0.000206166958301532,22.9749604372467,0.000730029201168047,0.00146005840233609,11.99546812288,1,0.00112011054266503,0,1.38777878078145e-17,NaN,NaN,NaN,NaN,1,0.15,804909,2191,candidate-elcs-w,672,0.584703999999999,0.0487253333333333,0.325717333333331,1,iid-load15,IID occupancy 15%,iid,0.15,0,0,6287727200,0.151833333333331,3072,0.0011854261548471
cumulative-receipt-targeted-closed-loop-falsification,16072025,n5-6dof-zero-loss,N5 6-DOF zero-loss,EXP23I targeted repair,elcs-w-cumulative,3,50,periodic,ELCS-W cumulative same-sequence receipt retry,none,5,ring2,6dof,tdma,1,1,0.15,1,0.48,0.29,0.29,0.0476190476190476,0.0476190476190476,0.0517482474340727,0.530064107858434,0,0,10.3069816931153,13.1498591055106,0,1.03682456337684,0.0930597014925375,0.26,0.32,0.4,NaN,NaN,3000,1082,536,0,0,2597,1286,1311,0,0,0,0,0,0,0,0,0,1916,0,0,1,32,32,0,0,0,0,0,0,0,0.412991977280144,0,0,0,0,0,0,0,0,0,0,0.309909333333331,3.32390399999997,0,0,1.82199999999997,0,0.743782399999994,44.6666666666667,107.166666666667,0,0.0100123017341278,0.0190176606592518,NaN,NaN,0.997555555555556,2597,0,0,0,0,0,0.4181446,0,804909,0,110997400,0,16792557192,tdma,candidate-elcs-w,none,local-conflict-witness-leases,none,continuous-elcs-replay,NaN,50,NaN,8.93333333333333,8.16666666666667,NaN,NaN,NaN,NaN,NaN,NaN,NaN,NaN,1082,NaN,NaN,NaN,0,0,1,0,NaN,NaN,NaN,NaN,NaN,0,0,NaN,0,0,0.309909333333331,1082,nominal,full,1,0,503776828426,0,0,0,0,0,0,0,0,1,0,0,0,0,0,0,0.166585007720309,1,0,NaN,NaN,5,1,0,0,1,189089331382,1082,1082,0.00146005840233609,0.00453205840233609,Inf,1.38777878078145e-17,0.00025,40,22.9749604372467,1,4917037111,25142691650,19033607,17871624,1001737994,44314,10,4,3,1,1,3,217,1,4,99,0,0,0,0,99,266,167,1,0,317,583,6384,9880,16264,310,8680,4000,112000,0.14575,0.145214285714286,596,601,248,0,1081,1,0,1286,1311,0,1286,1311,0,0,1082,1082,0,1,443,0.395008,1070,785,285,0,443,0.395008,1070,785,285,0,1,12344,0.395008,0,11.9930065063815,11.6316213327378,1,894429,0.00025,40,0.000206166958301532,22.9749604372467,0.000730029201168047,0.00146005840233609,11.99546812288,1,0.00112011054266503,0,1.38777878078145e-17,NaN,NaN,NaN,NaN,1,0.15,804909,2191,candidate-elcs-w,443,0.395008,0.0329173333333333,0.309909333333331,1,iid-load15,IID occupancy 15%,iid,0.15,0,0,6287727200,0.151833333333331,3072,0.0011854261548471
cumulative-receipt-targeted-closed-loop-falsification,16072026,n5-6dof-zero-loss,N5 6-DOF zero-loss,EXP23I targeted repair,periodic-exp23d-lower,1,18.6733506944443,periodic,Periodic static TDMA / EXP23D lower-cost boundary,none,5,ring2,6dof,tdma,1,1,0.15,1,0.48,0.29,0.29,0.0476190476190476,0.0476190476190476,0.0515458783354222,0.526827078252864,0,0,10.7265164351414,13.381160719381,0,1.03684068510068,0.0909038142620233,0.24,0.377799999999996,0.460000000000001,NaN,NaN,1120,1120,592,0,0,2688,1421,1267,0,0,0,0,0,0,528,0.471428571428571,0,0,0,0,1,32,32,0,0,0,0,0,0,0,0.395754244521014,0,0,0,0.39377845202041,0.438330276862459,0,0,0,0,0,0.286719999999997,3.44063999999997,0,0,1.81799999999979,528,0.688127999999993,49.3333333333333,118.416666666667,0,0.0113086638968537,0.0215138568766747,NaN,NaN,0.997478297993454,2688,0,0,0,0,0,1.263417,0,541710,0,110997400,0,257875125,tdma,periodic-frontier,none,full-mission-static-tdma,none,continuous-local-static-tdma,NaN,18.6733506944443,NaN,9.86666666666667,9.16666666666667,NaN,NaN,NaN,NaN,NaN,NaN,NaN,NaN,1120,NaN,NaN,NaN,0,0,1,0,NaN,NaN,NaN,NaN,NaN,0,0,NaN,0,0,0.286719999999997,1120,nominal,full,0,0,503083699064,0,0,0,0,0,0,0,0,1,0,0,0,0,0,0,NaN,0,0,NaN,NaN,5,1,0,0,1,188624421512,2648,1120,0.00146005840233609,0.00453205840233609,Inf,8.88178419700125e-16,0.00025,40,25.0087555903347,1,NaN,NaN,NaN,NaN,NaN,NaN,NaN,NaN,NaN,NaN,NaN,NaN,NaN,NaN,NaN,NaN,NaN,NaN,NaN,NaN,NaN,NaN,NaN,NaN,NaN,NaN,NaN,NaN,NaN,NaN,NaN,NaN,NaN,NaN,NaN,NaN,NaN,NaN,NaN,NaN,NaN,NaN,NaN,NaN,NaN,NaN,NaN,NaN,NaN,NaN,NaN,NaN,NaN,NaN,NaN,NaN,NaN,NaN,NaN,NaN,NaN,NaN,NaN,NaN,NaN,NaN,NaN,NaN,NaN,NaN,NaN,NaN,NaN,NaN,NaN,NaN,NaN,NaN,NaN,NaN,NaN,NaN,NaN,NaN,NaN,NaN,NaN,NaN,NaN,NaN,NaN,NaN,NaN,periodic-static,0,0,0,0.286719999999997,0,iid-load15,IID occupancy 15%,iid,0.15,0,0,6286964918,0.151499999999983,3120,0.00116538461538462
cumulative-receipt-targeted-closed-loop-falsification,16072026,n5-6dof-zero-loss,N5 6-DOF zero-loss,EXP23I targeted repair,elcs-w-legacy,2,50,periodic,ELCS-W legacy same-frame/new-sequence retry,none,5,ring2,6dof,tdma,1,1,0.15,1,0.48,0.29,0.29,0.0476190476190476,0.0476190476190476,0.0542122669342088,0.528177408368885,0,0,10.1699057997553,12.3475761097105,0,1.03665957831327,0.0944610281923716,0.24,0.32,0.440000000000001,NaN,NaN,3000,1084,543,0,0,2599,1303,1296,0,0,0,0,0,0,2,0.0018450184501845,0,1914,0,0,1,32,32,0,0,0,0,0,0,0,0.431067757669972,0,0,0,0,0,0,0,0,0,0,0.330325333333331,3.33004799999997,0,0,1.818,0,0.792780799999994,45.25,108.583333333333,0,0.0100271614030468,0.0190380471642761,NaN,NaN,0.998286807401263,2599,0,0,0,0,0,0.4448086,0,541710,0,110997400,0,18989912095,tdma,candidate-elcs-w,none,local-conflict-witness-leases,none,continuous-elcs-replay,NaN,50,NaN,9.05,8.66666666666667,NaN,NaN,NaN,NaN,NaN,NaN,NaN,NaN,1084,NaN,NaN,NaN,0,0,1,2,NaN,NaN,NaN,NaN,NaN,0,0,NaN,0,0,0.330325333333331,1084,nominal,full,1,0,503083699064,0,0,0,0,0,0,0,0,1,0,0,0,0,0,0,0.166585007720309,1,0,NaN,NaN,5,1,0,0,1,188624421512,1084,1084,0.00146005840233609,0.00453205840233609,Inf,2.77555756156289e-17,0.00025,40,25.0087555903347,1,6057127654,25214381460,19033605,17852817,987857080,44314,10,4,3,1,1,3,217,1,4,213,1,0,0,1,213,368,368,0,0,502,870,8832,14896,23728,310,8680,4000,112000,0.2175,0.211857142857143,854,858,365,0,1081,3,2,1303,1294,2,1303,1294,2,0,1084,1084,0,1,730,0.633856,1792,1293,499,0,730,0.633855999999999,1792,1293,499,0,1,19808,0.633856,0,11.9932405470908,11.6871398598811,1,1036784,0.00025,40,0.000246715397691855,25.0087555903347,0.000730029201168047,0.00146005840233609,11.99546812288,1,0.000834720309054404,0.000272303530269673,2.77555756156289e-17,NaN,NaN,NaN,NaN,1,0.15,541710,2130,candidate-elcs-w,730,0.633855999999999,0.0528213333333333,0.330325333333331,1,iid-load15,IID occupancy 15%,iid,0.15,0,0,6286964918,0.1515,3120,0.00116538461538462
cumulative-receipt-targeted-closed-loop-falsification,16072026,n5-6dof-zero-loss,N5 6-DOF zero-loss,EXP23I targeted repair,elcs-w-cumulative,3,50,periodic,ELCS-W cumulative same-sequence receipt retry,none,5,ring2,6dof,tdma,1,1,0.15,1,0.48,0.29,0.29,0.0476190476190476,0.0476190476190476,0.0542122669342088,0.528177408368885,0,0,10.1699057997553,12.3475761097105,0,1.03665957831327,0.0944610281923716,0.24,0.32,0.440000000000001,NaN,NaN,3000,1084,543,0,0,2599,1303,1296,0,0,0,0,0,0,2,0.0018450184501845,0,1914,0,0,1,32,32,0,0,0,0,0,0,0,0.416679167201165,0,0,0,0,0,0,0,0,0,0,0.313151999999997,3.33004799999997,0,0,1.818,0,0.751564799999994,45.25,108.583333333333,0,0.0100271614030468,0.0190380471642761,NaN,NaN,0.998286807401263,2599,0,0,0,0,0,0.3973774,0,541710,0,110997400,0,17163004203,tdma,candidate-elcs-w,none,local-conflict-witness-leases,none,continuous-elcs-replay,NaN,50,NaN,9.05,8.66666666666667,NaN,NaN,NaN,NaN,NaN,NaN,NaN,NaN,1084,NaN,NaN,NaN,0,0,1,2,NaN,NaN,NaN,NaN,NaN,0,0,NaN,0,0,0.313151999999997,1084,nominal,full,1,0,503083699064,0,0,0,0,0,0,0,0,1,0,0,0,0,0,0,0.166585007720309,1,0,NaN,NaN,5,1,0,0,1,188624421512,1084,1084,0.00146005840233609,0.00453205840233609,Inf,2.77555756156289e-17,0.00025,40,25.0087555903347,1,5058147106,25214381460,19033607,17871381,994795673,44314,10,4,3,1,1,3,217,1,4,113,1,0,0,1,113,281,168,1,0,341,622,6744,10544,17288,310,8680,4000,112000,0.1555,0.154357142857143,632,636,257,0,1081,3,2,1303,1294,2,1303,1294,2,0,1084,1084,0,1,482,0.427776,1168,843,325,0,482,0.427776,1168,843,325,0,1,13368,0.427776,0,11.9932405470908,11.6318549909047,1,124294,0.00025,40,0.000246715397691855,25.0087555903347,0.000730029201168047,0.00146005840233609,11.99546812288,1,0.000834720309054404,0.000272303530269673,2.77555756156289e-17,NaN,NaN,NaN,NaN,1,0.15,541710,2130,candidate-elcs-w,482,0.427776,0.035648,0.313151999999997,1,iid-load15,IID occupancy 15%,iid,0.15,0,0,6286964918,0.1515,3120,0.00116538461538462
cumulative-receipt-targeted-closed-loop-falsification,16072027,n5-6dof-zero-loss,N5 6-DOF zero-loss,EXP23I targeted repair,periodic-exp23d-lower,1,18.6733506944443,periodic,Periodic static TDMA / EXP23D lower-cost boundary,none,5,ring2,6dof,tdma,1,1,0.15,1,0.48,0.29,0.29,0.0476190476190476,0.0476190476190476,0.0560232373935064,0.523150671457146,0,0,10.3031590314988,12.5020245205281,0,1.03671567076316,0.0967744610281923,0.26,0.32,0.380000000000001,NaN,NaN,1120,1120,594,0,0,2688,1424,1264,0,0,0,0,0,0,526,0.469642857142857,0,0,0,0,1,32,32,0,0,0,0,0,0,0,0.393024395096531,0,0,0,0.389579058878023,0.428734875808714,0,0,0,0,0,0.286719999999997,3.44063999999997,0,0,1.76199999999979,526,0.688127999999993,49.5,118.666666666667,0,0.0113375938698971,0.0215221239794713,NaN,NaN,0.998799750891694,2688,0,0,0,0,0,1.2095013,0,1059621,0,110997400,0,257875127,tdma,periodic-frontier,none,full-mission-static-tdma,none,continuous-local-static-tdma,NaN,18.6733506944443,NaN,9.9,9.33333333333333,NaN,NaN,NaN,NaN,NaN,NaN,NaN,NaN,1120,NaN,NaN,NaN,0,0,1,0,NaN,NaN,NaN,NaN,NaN,0,0,NaN,0,0,0.286719999999997,1120,nominal,full,0,0,503407581159,0,0,0,0,0,0,0,0,1,0,0,0,0,0,0,NaN,0,0,NaN,NaN,5,1,0,0,1,188669008999,2647,1120,0.00146005840233609,0.00453205840233609,Inf,2.77555756156289e-17,0.00025,40,38.3329019073788,1,NaN,NaN,NaN,NaN,NaN,NaN,NaN,NaN,NaN,NaN,NaN,NaN,NaN,NaN,NaN,NaN,NaN,NaN,NaN,NaN,NaN,NaN,NaN,NaN,NaN,NaN,NaN,NaN,NaN,NaN,NaN,NaN,NaN,NaN,NaN,NaN,NaN,NaN,NaN,NaN,NaN,NaN,NaN,NaN,NaN,NaN,NaN,NaN,NaN,NaN,NaN,NaN,NaN,NaN,NaN,NaN,NaN,NaN,NaN,NaN,NaN,NaN,NaN,NaN,NaN,NaN,NaN,NaN,NaN,NaN,NaN,NaN,NaN,NaN,NaN,NaN,NaN,NaN,NaN,NaN,NaN,NaN,NaN,NaN,NaN,NaN,NaN,NaN,NaN,NaN,NaN,NaN,NaN,periodic-static,0,0,0,0.286719999999997,0,iid-load15,IID occupancy 15%,iid,0.15,0,0,6301402816,0.146833333333316,3029,0.00116303630363036
cumulative-receipt-targeted-closed-loop-falsification,16072027,n5-6dof-zero-loss,N5 6-DOF zero-loss,EXP23I targeted repair,elcs-w-legacy,2,50,periodic,ELCS-W legacy same-frame/new-sequence retry,none,5,ring2,6dof,tdma,1,1,0.15,1,0.48,0.29,0.29,0.0476190476190476,0.0476190476190476,0.0529913353503286,0.528311729046716,0,0,10.3143389415257,12.3584032226506,0,1.03667378748025,0.0887147595356551,0.22,0.32,0.44,NaN,NaN,3000,1081,557,0,0,2595,1349,1246,0,0,0,0,0,0,0,0,0,1917,0,0,1,32,32,0,0,0,0,0,0,0,0.425971779522164,0,0,0,0,0,0,0,0,0,0,0.328703999999997,3.32083199999997,0,0,1.76199999999996,0,0.788889599999993,46.4166666666667,112.416666666667,0,0.0100136401990328,0.0189579960908173,NaN,NaN,0.995680290120188,2595,0,0,0,0,0,0.3655596,0,1059621,0,110997400,0,19020573502,tdma,candidate-elcs-w,none,local-conflict-witness-leases,none,continuous-elcs-replay,NaN,50,NaN,9.28333333333333,8.5,NaN,NaN,NaN,NaN,NaN,NaN,NaN,NaN,1081,NaN,NaN,NaN,0,0,1,0,NaN,NaN,NaN,NaN,NaN,0,0,NaN,0,0,0.328703999999997,1081,nominal,full,1,0,503407581159,0,0,0,0,0,0,0,0,1,0,0,0,0,0,0,0.166585007720309,1,0,NaN,NaN,5,1,0,0,1,188669008999,1081,1081,0.00146005840233609,0.00453205840233609,Inf,6.93889390390723e-18,0.00025,40,38.3329019073788,1,6118232973,25280979384,19033605,17852882,1051194110,44314,10,4,3,1,1,3,217,1,5,198,0,0,0,0,198,353,353,0,0,515,868,8472,14936,23408,310,8680,4000,112000,0.217,0.209,832,837,359,0,1080,1,0,1349,1246,0,1349,1246,0,0,1081,1081,0,1,728,0.623616,1808,1326,482,0,728,0.623615999999998,1808,1326,482,0,1,19488,0.623616,0,11.9926649849137,11.6865701520874,1,1769907,0.00025,40,0.000240139840308261,38.3329019073788,0.000730029201168047,0.00146005840233609,11.99546812288,1,0.000767060941409881,0,6.93889390390723e-18,NaN,NaN,NaN,NaN,1,0.15,1059621,2080,candidate-elcs-w,728,0.623615999999998,0.0519679999999998,0.328703999999997,1,iid-load15,IID occupancy 15%,iid,0.15,0,0,6301402816,0.14683333333333,3029,0.00116303630363036
cumulative-receipt-targeted-closed-loop-falsification,16072027,n5-6dof-zero-loss,N5 6-DOF zero-loss,EXP23I targeted repair,elcs-w-cumulative,3,50,periodic,ELCS-W cumulative same-sequence receipt retry,none,5,ring2,6dof,tdma,1,1,0.15,1,0.48,0.29,0.29,0.0476190476190476,0.0476190476190476,0.0529913353503286,0.528311729046716,0,0,10.3143389415257,12.3584032226506,0,1.03667378748025,0.0887147595356551,0.22,0.32,0.44,NaN,NaN,3000,1082,557,0,0,2598,1349,1249,0,0,0,0,0,0,0,0,0,1916,0,0,1,32,32,0,0,0,0,0,0,0,0.412807517629014,0,0,0,0,0,0,0,0,0,0,0.313173333333331,3.32390399999997,0,0,1.76199999999996,0,0.751615999999994,46.4166666666667,112.416666666667,0,0.0100064452377836,0.0189572100258322,NaN,NaN,0.995680290120188,2598,0,0,0,0,0,0.3821242,0,1059621,0,110997400,0,17149763961,tdma,candidate-elcs-w,none,local-conflict-witness-leases,none,continuous-elcs-replay,NaN,50,NaN,9.28333333333333,8.5,NaN,NaN,NaN,NaN,NaN,NaN,NaN,NaN,1082,NaN,NaN,NaN,0,0,1,0,NaN,NaN,NaN,NaN,NaN,0,0,NaN,0,0,0.313173333333331,1082,nominal,full,1,0,503407581159,0,0,0,0,0,0,0,0,1,0,0,0,0,0,0,0.111300014880595,1,0,NaN,NaN,5,1,0,0,1,188669008999,1082,1082,0.00146005840233609,0.00453205840233609,Inf,6.93889390390723e-18,0.00025,40,38.3329019073788,1,5113547782,25280979384,19033607,17872911,1031148479,44314,10,4,3,1,1,2,217,1,4,108,0,0,0,0,108,276,168,1,0,357,633,6624,10864,17488,310,8680,4000,112000,0.15825,0.156142857142857,639,644,266,0,1081,1,0,1349,1249,0,1349,1249,0,0,1082,1082,0,1,493,0.434176,1198,890,308,0,493,0.434175999999999,1198,890,308,0,1,13568,0.434176,0,11.9926649849137,11.6865701520874,1,1466996,0.00025,40,0.000240139840308261,38.3329019073788,0.000730029201168047,0.00146005840233609,11.99546812288,1,0.000767060941409881,0,6.93889390390723e-18,NaN,NaN,NaN,NaN,1,0.15,1059621,2080,candidate-elcs-w,493,0.434175999999999,0.0361813333333333,0.313173333333331,1,iid-load15,IID occupancy 15%,iid,0.15,0,0,6301402816,0.14683333333333,3029,0.00116303630363036
cumulative-receipt-targeted-closed-loop-falsification,16072028,n5-6dof-zero-loss,N5 6-DOF zero-loss,EXP23I targeted repair,periodic-exp23d-lower,1,18.6733506944443,periodic,Periodic static TDMA / EXP23D lower-cost boundary,none,5,ring2,6dof,tdma,1,1,0.15,1,0.48,0.29,0.29,0.0476190476190476,0.0476190476190476,0.0579493140591868,0.522129169667151,0,0,10.3770523632658,12.4802837293516,0,1.03668174232553,0.0911857379767827,0.24,0.379999999999999,0.479999999999999,NaN,NaN,1120,1120,577,0,0,2688,1394,1294,0,0,0,0,0,0,543,0.484821428571429,0,0,0,0,1,32,32,0,0,0,0,0,0,0,0.397080655999514,0,0,0,0.383809543946515,0.42814881666813,0,0,0,0,0,0.286719999999997,3.44063999999997,0,0,1.8299999999998,543,0.688127999999993,48.0833333333333,116.166666666667,0,0.0113369970020139,0.0215066414891685,NaN,NaN,0.998632212007139,2688,0,0,0,0,0,1.2362357,0,1435674,0,110997400,0,257875129,tdma,periodic-frontier,none,full-mission-static-tdma,none,continuous-local-static-tdma,NaN,18.6733506944443,NaN,9.61666666666667,9.16666666666667,NaN,NaN,NaN,NaN,NaN,NaN,NaN,NaN,1120,NaN,NaN,NaN,0,0,1,0,NaN,NaN,NaN,NaN,NaN,0,0,NaN,0,0,0.286719999999997,1120,nominal,full,0,0,503526593306,0,0,0,0,0,0,0,0,1,0,0,0,0,0,0,NaN,0,0,NaN,NaN,5,1,0,0,1,188782097818,2647,1120,0.00146005840233609,0.00453205840233609,Inf,2.77555756156289e-17,0.00025,40,38.8013005570338,1,NaN,NaN,NaN,NaN,NaN,NaN,NaN,NaN,NaN,NaN,NaN,NaN,NaN,NaN,NaN,NaN,NaN,NaN,NaN,NaN,NaN,NaN,NaN,NaN,NaN,NaN,NaN,NaN,NaN,NaN,NaN,NaN,NaN,NaN,NaN,NaN,NaN,NaN,NaN,NaN,NaN,NaN,NaN,NaN,NaN,NaN,NaN,NaN,NaN,NaN,NaN,NaN,NaN,NaN,NaN,NaN,NaN,NaN,NaN,NaN,NaN,NaN,NaN,NaN,NaN,NaN,NaN,NaN,NaN,NaN,NaN,NaN,NaN,NaN,NaN,NaN,NaN,NaN,NaN,NaN,NaN,NaN,NaN,NaN,NaN,NaN,NaN,NaN,NaN,NaN,NaN,NaN,NaN,periodic-static,0,0,0,0.286719999999997,0,iid-load15,IID occupancy 15%,iid,0.15,0,0,6284478497,0.152499999999983,3116,0.00117458279845956
cumulative-receipt-targeted-closed-loop-falsification,16072028,n5-6dof-zero-loss,N5 6-DOF zero-loss,EXP23I targeted repair,elcs-w-legacy,2,50,periodic,ELCS-W legacy same-frame/new-sequence retry,none,5,ring2,6dof,tdma,1,1,0.15,1,0.48,0.29,0.29,0.0476190476190476,0.0476190476190476,0.0526289990311208,0.531751017347198,0,0,10.2114484118604,12.3300045586103,0,1.03683496958111,0.090497512437811,0.220000000000001,0.34,0.459999999999999,NaN,NaN,3000,1081,532,0,0,2594,1293,1301,0,0,0,0,0,0,0,0,0,1917,0,0,1,32,32,0,0,0,0,0,0,0,0.429217227291635,0,0,0,0,0,0,0,0,0,0,0.326762666666664,3.32083199999997,0,0,1.82999999999999,0,0.784230399999994,44.3333333333333,107.75,0,0.0100473488911529,0.0190096211306921,NaN,NaN,0.990321564785332,2594,0,0,0,0,0,0.3583598,0,1435674,0,110997400,0,18671867351,tdma,candidate-elcs-w,none,local-conflict-witness-leases,none,continuous-elcs-replay,NaN,50,NaN,8.86666666666667,7.5,NaN,NaN,NaN,NaN,NaN,NaN,NaN,NaN,1081,NaN,NaN,NaN,0,0,1,0,NaN,NaN,NaN,NaN,NaN,0,0,NaN,0,0,0.326762666666664,1081,nominal,full,1,0,503526593306,0,0,0,0,0,0,0,0,1,0,0,0,0,0,0,0.277154993399736,1,0,NaN,NaN,5,1,0,0,1,188782097818,1081,1081,0.00146005840233609,0.00453205840233609,Inf,1.38777878078145e-17,0.00025,40,38.8013005570338,1,5872011273,25046837606,19033605,17850120,1038107275,44314,10,4,3,1,1,5,217,1,6,205,0,0,0,0,205,360,360,0,0,470,830,8640,14040,22680,310,8680,4000,112000,0.2075,0.2025,808,815,348,0,1079,2,0,1293,1301,0,1293,1301,0,0,1081,1081,0,1,690,0.60032,1683,1239,444,0,690,0.600319999999999,1683,1239,444,0,1,18760,0.60032,0,11.9928024518009,11.6867129554565,1,1679099,0.00025,40,0.000233263332916554,38.8013005570338,0.000730029201168047,0.00146005840233609,11.99546812288,1,0.00065067811892483,0,1.38777878078145e-17,NaN,NaN,NaN,NaN,1,0.15,1435674,2212,candidate-elcs-w,690,0.600319999999999,0.0500266666666666,0.326762666666664,1,iid-load15,IID occupancy 15%,iid,0.15,0,0,6284478497,0.152499999999999,3116,0.00117458279845956
cumulative-receipt-targeted-closed-loop-falsification,16072028,n5-6dof-zero-loss,N5 6-DOF zero-loss,EXP23I targeted repair,elcs-w-cumulative,3,50,periodic,ELCS-W cumulative same-sequence receipt retry,none,5,ring2,6dof,tdma,1,1,0.15,1,0.48,0.29,0.29,0.0476190476190476,0.0476190476190476,0.0526289990311208,0.531751017347198,0,0,10.2114484118604,12.3300045586103,0,1.03683496958111,0.090497512437811,0.220000000000001,0.34,0.459999999999999,NaN,NaN,3000,1081,532,0,0,2594,1293,1301,0,0,0,0,0,0,0,0,0,1917,0,0,1,32,32,0,0,0,0,0,0,0,0.416417744543752,0,0,0,0,0,0,0,0,0,0,0.312725333333331,3.32083199999997,0,0,1.82999999999999,0,0.750540799999994,44.3333333333333,107.75,0,0.0100473488911529,0.0190096211306921,NaN,NaN,0.990321564785332,2594,0,0,0,0,0,0.3521687,0,1435674,0,110997400,0,17152259823,tdma,candidate-elcs-w,none,local-conflict-witness-leases,none,continuous-elcs-replay,NaN,50,NaN,8.86666666666667,7.5,NaN,NaN,NaN,NaN,NaN,NaN,NaN,NaN,1081,NaN,NaN,NaN,0,0,1,0,NaN,NaN,NaN,NaN,NaN,0,0,NaN,0,0,0.312725333333331,1081,nominal,full,1,0,503526593306,0,0,0,0,0,0,0,0,1,0,0,0,0,0,0,0.277154993399736,1,0,NaN,NaN,5,1,0,0,1,188782097818,1081,1081,0.00146005840233609,0.00453205840233609,Inf,1.38777878078145e-17,0.00025,40,38.8013005570338,1,5100499422,25046837606,19033607,17868152,1022816333,44314,10,4,3,1,1,5,217,1,6,121,0,0,0,0,121,285,164,1,0,342,627,6840,10576,17416,310,8680,4000,112000,0.15675,0.1555,631,638,262,0,1079,2,0,1293,1301,0,1293,1301,0,0,1081,1081,0,1,487,0.431872,1176,816,360,0,487,0.431872,1176,816,360,0,1,13496,0.431872,0,11.9928024518009,11.6867129554565,1,1072978,0.00025,40,0.000233263332916554,38.8013005570338,0.000730029201168047,0.00146005840233609,11.99546812288,1,0.00065067811892483,0,1.38777878078145e-17,NaN,NaN,NaN,NaN,1,0.15,1435674,2212,candidate-elcs-w,487,0.431872,0.0359893333333333,0.312725333333331,1,iid-load15,IID occupancy 15%,iid,0.15,0,0,6284478497,0.152499999999999,3116,0.00117458279845956
cumulative-receipt-targeted-closed-loop-falsification,16072029,n5-6dof-zero-loss,N5 6-DOF zero-loss,EXP23I targeted repair,periodic-exp23d-lower,1,18.6733506944443,periodic,Periodic static TDMA / EXP23D lower-cost boundary,none,5,ring2,6dof,tdma,1,1,0.15,1,0.48,0.29,0.29,0.0476190476190476,0.0476190476190476,0.0509118288198126,0.532894357023949,0,0,10.1711859080341,12.7607758527985,0,1.0367294141496,0.0851326699834163,0.220000000000001,0.280000000000001,0.32,NaN,NaN,1120,1120,599,0,0,2688,1430,1258,0,0,0,0,0,0,521,0.465178571428571,0,0,0,0,1,32,32,0,0,0,0,0,0,0,0.392951701351603,0,0,0,0.38734617115248,0.435580290577457,0,0,0,0,0,0.286719999999997,3.44063999999997,0,0,1.77999999999979,521,0.688127999999993,49.9166666666667,119.166666666667,0,0.0112721793720385,0.0214358725670994,NaN,NaN,0.997292752414704,2688,0,0,0,0,0,1.1990534,0,716785,0,110997400,0,257875131,tdma,periodic-frontier,none,full-mission-static-tdma,none,continuous-local-static-tdma,NaN,18.6733506944443,NaN,9.98333333333333,9.16666666666667,NaN,NaN,NaN,NaN,NaN,NaN,NaN,NaN,1120,NaN,NaN,NaN,0,0,1,0,NaN,NaN,NaN,NaN,NaN,0,0,NaN,0,0,0.286719999999997,1120,nominal,full,0,0,503711005273,0,0,0,0,0,0,0,0,1,0,0,0,0,0,0,NaN,0,0,NaN,NaN,5,1,0,0,1,188933519068,2647,1120,0.00146005840233609,0.00453205840233609,Inf,0,0.00025,40,29.1804315992791,1,NaN,NaN,NaN,NaN,NaN,NaN,NaN,NaN,NaN,NaN,NaN,NaN,NaN,NaN,NaN,NaN,NaN,NaN,NaN,NaN,NaN,NaN,NaN,NaN,NaN,NaN,NaN,NaN,NaN,NaN,NaN,NaN,NaN,NaN,NaN,NaN,NaN,NaN,NaN,NaN,NaN,NaN,NaN,NaN,NaN,NaN,NaN,NaN,NaN,NaN,NaN,NaN,NaN,NaN,NaN,NaN,NaN,NaN,NaN,NaN,NaN,NaN,NaN,NaN,NaN,NaN,NaN,NaN,NaN,NaN,NaN,NaN,NaN,NaN,NaN,NaN,NaN,NaN,NaN,NaN,NaN,NaN,NaN,NaN,NaN,NaN,NaN,NaN,NaN,NaN,NaN,NaN,NaN,periodic-static,0,0,0,0.286719999999997,0,iid-load15,IID occupancy 15%,iid,0.15,0,0,6233505211,0.148333333333316,3008,0.00118351063829787
cumulative-receipt-targeted-closed-loop-falsification,16072029,n5-6dof-zero-loss,N5 6-DOF zero-loss,EXP23I targeted repair,elcs-w-legacy,2,50,periodic,ELCS-W legacy same-frame/new-sequence retry,none,5,ring2,6dof,tdma,1,1,0.15,1,0.48,0.29,0.29,0.0476190476190476,0.0476190476190476,0.0554859336516897,0.526055494032653,0,0,10.4052472703183,13.3746565369969,0,1.03689301952529,0.0975456053067994,0.26,0.437799999999997,0.56,NaN,NaN,3000,1081,547,0,0,2593,1314,1279,0,0,0,0,0,0,0,0,0,1917,0,0,1,32,32,0,0,0,0,0,0,0,0.418574701878072,0,0,0,0,0,0,0,0,0,0,0.318037333333331,3.32083199999997,0,0,1.77999999999993,0,0.763289599999994,45.5833333333333,109.5,0,0.0100263710905078,0.0190071935043861,NaN,NaN,0.992417784706214,2593,0,0,0,0,0,0.3702752,0,716785,0,110997400,0,17754825230,tdma,candidate-elcs-w,none,local-conflict-witness-leases,none,continuous-elcs-replay,NaN,50,NaN,9.11666666666667,7.66666666666667,NaN,NaN,NaN,NaN,NaN,NaN,NaN,NaN,1081,NaN,NaN,NaN,0,0,1,0,NaN,NaN,NaN,NaN,NaN,0,0,NaN,0,0,0.318037333333331,1081,nominal,full,1,0,503711005273,0,0,0,0,0,0,0,0,1,0,0,0,0,0,0,0.166585007720309,1,0,NaN,NaN,5,1,0,0,1,188933519068,1081,1081,0.00146005840233609,0.00453205840233609,Inf,6.93889390390723e-18,0.00025,40,29.1804315992791,1,5379156295,25124662868,19033605,17850092,1022829514,44314,10,4,3,1,1,3,217,1,7,155,0,0,0,0,155,310,310,0,0,398,708,7440,11968,19408,310,8680,4000,112000,0.177,0.173285714285714,692,700,284,0,1078,3,0,1314,1279,0,1314,1279,0,0,1081,1081,0,1,568,0.495616000000001,1366,1019,347,0,568,0.495615999999999,1366,1019,347,0,1,15488,0.495616,0,11.9929781909548,11.6868842935177,1,153670,0.00025,40,0.000229654601457114,29.1804315992791,0.000730029201168047,0.00146005840233609,11.99546812288,1,0.000658618318924553,0.000244873229450149,6.93889390390723e-18,NaN,NaN,NaN,NaN,1,0.15,716785,2108,candidate-elcs-w,568,0.495615999999999,0.0413013333333333,0.318037333333331,1,iid-load15,IID occupancy 15%,iid,0.15,0,0,6233505211,0.148333333333327,3008,0.00118351063829787
cumulative-receipt-targeted-closed-loop-falsification,16072029,n5-6dof-zero-loss,N5 6-DOF zero-loss,EXP23I targeted repair,elcs-w-cumulative,3,50,periodic,ELCS-W cumulative same-sequence receipt retry,none,5,ring2,6dof,tdma,1,1,0.15,1,0.48,0.29,0.29,0.0476190476190476,0.0476190476190476,0.0554859336516897,0.526055494032653,0,0,10.4052472703183,13.3746565369969,0,1.03689301952529,0.0975456053067994,0.26,0.437799999999997,0.56,NaN,NaN,3000,1081,547,0,0,2593,1314,1279,0,0,0,0,0,0,0,0,0,1917,0,0,1,32,32,0,0,0,0,0,0,0,0.411863752964532,0,0,0,0,0,0,0,0,0,0,0.310463999999997,3.32083199999997,0,0,1.77999999999993,0,0.745113599999994,45.5833333333333,109.5,0,0.0100263710905078,0.0190071935043861,NaN,NaN,0.992417784706214,2593,0,0,0,0,0,0.376807,0,716785,0,110997400,0,16976171331,tdma,candidate-elcs-w,none,local-conflict-witness-leases,none,continuous-elcs-replay,NaN,50,NaN,9.11666666666667,7.66666666666667,NaN,NaN,NaN,NaN,NaN,NaN,NaN,NaN,1081,NaN,NaN,NaN,0,0,1,0,NaN,NaN,NaN,NaN,NaN,0,0,NaN,0,0,0.310463999999997,1081,nominal,full,1,0,503711005273,0,0,0,0,0,0,0,0,1,0,0,0,0,0,0,0.166585007720309,1,0,NaN,NaN,5,1,0,0,1,188933519068,1081,1081,0.00146005840233609,0.00453205840233609,Inf,6.93889390390723e-18,0.00025,40,29.1804315992791,1,5023445114,25124662868,19033607,17868848,1009954890,44314,10,4,3,1,1,3,217,1,7,103,0,0,0,0,103,267,164,1,0,332,599,6408,10160,16568,310,8680,4000,112000,0.14975,0.147928571428571,598,606,247,0,1078,3,0,1314,1279,0,1314,1279,0,0,1081,1081,0,1,459,0.404736,1101,802,299,0,459,0.404736,1101,802,299,0,1,12648,0.404736,0,11.9929781909548,11.6269591337653,1,578536,0.00025,40,0.000229654601457114,29.1804315992791,0.000730029201168047,0.00146005840233609,11.99546812288,1,0.000658618318924553,0.000244873229450149,6.93889390390723e-18,NaN,NaN,NaN,NaN,1,0.15,716785,2108,candidate-elcs-w,459,0.404736,0.033728,0.310463999999997,1,iid-load15,IID occupancy 15%,iid,0.15,0,0,6233505211,0.148333333333327,3008,0.00118351063829787
cumulative-receipt-targeted-closed-loop-falsification,16072030,n5-6dof-zero-loss,N5 6-DOF zero-loss,EXP23I targeted repair,periodic-exp23d-lower,1,18.6733506944443,periodic,Periodic static TDMA / EXP23D lower-cost boundary,none,5,ring2,6dof,tdma,1,1,0.15,1,0.48,0.29,0.29,0.0476190476190476,0.0476190476190476,0.063392629156102,0.508455941122659,0,0,10.4542071437525,12.354405499652,0,1.03674307559874,0.10002487562189,0.279999999999999,0.46,0.64,NaN,NaN,1120,1120,586,0,0,2688,1401,1287,0,0,0,0,0,0,534,0.476785714285714,0,0,0,0,1,32,32,0,0,0,0,0,0,0,0.392995449515857,0,0,0,0.388515782958335,0.451148375024353,0,0,0,0,0,0.286719999999997,3.44063999999997,0,0,1.78599999999981,534,0.688127999999993,48.8333333333333,116.75,0,0.0113199454258202,0.0214882772496722,NaN,NaN,0.993996584363331,2688,0,0,0,0,0,1.3783252,0,988137,0,110997400,0,257875133,tdma,periodic-frontier,none,full-mission-static-tdma,none,continuous-local-static-tdma,NaN,18.6733506944443,NaN,9.76666666666667,9.16666666666667,NaN,NaN,NaN,NaN,NaN,NaN,NaN,NaN,1120,NaN,NaN,NaN,0,0,1,0,NaN,NaN,NaN,NaN,NaN,0,0,NaN,0,0,0.286719999999997,1120,nominal,full,0,0,503884738023,0,0,0,0,0,0,0,0,1,0,0,0,0,0,0,NaN,0,0,NaN,NaN,5,1,0,0,1,188644316954,2647,1120,0.00146005840233609,0.00453205840233609,Inf,0,0.00025,40,35.6707456763394,1,NaN,NaN,NaN,NaN,NaN,NaN,NaN,NaN,NaN,NaN,NaN,NaN,NaN,NaN,NaN,NaN,NaN,NaN,NaN,NaN,NaN,NaN,NaN,NaN,NaN,NaN,NaN,NaN,NaN,NaN,NaN,NaN,NaN,NaN,NaN,NaN,NaN,NaN,NaN,NaN,NaN,NaN,NaN,NaN,NaN,NaN,NaN,NaN,NaN,NaN,NaN,NaN,NaN,NaN,NaN,NaN,NaN,NaN,NaN,NaN,NaN,NaN,NaN,NaN,NaN,NaN,NaN,NaN,NaN,NaN,NaN,NaN,NaN,NaN,NaN,NaN,NaN,NaN,NaN,NaN,NaN,NaN,NaN,NaN,NaN,NaN,NaN,NaN,NaN,NaN,NaN,NaN,NaN,periodic-static,0,0,0,0.286719999999997,0,iid-load15,IID occupancy 15%,iid,0.15,0,0,6289211007,0.148833333333317,2982,0.00119785378940309
cumulative-receipt-targeted-closed-loop-falsification,16072030,n5-6dof-zero-loss,N5 6-DOF zero-loss,EXP23I targeted repair,elcs-w-legacy,2,50,periodic,ELCS-W legacy same-frame/new-sequence retry,none,5,ring2,6dof,tdma,1,1,0.15,1,0.48,0.29,0.29,0.0476190476190476,0.0476190476190476,0.0478832389506666,0.531911934549418,0,0,10.2312944811663,12.6022218112563,0,1.03676576764787,0.0791542288557215,0.200000000000001,0.260000000000002,0.34,NaN,NaN,3000,1084,586,0,0,2602,1411,1191,0,0,0,0,0,0,0,0,0,1914,0,0,1,32,32,0,0,0,0,0,0,0,0.427431537948653,0,0,0,0,0,0,0,0,0,0,0.324586666666664,3.33004799999997,0,0,1.78599999999996,0,0.779007999999993,48.8333333333333,117.583333333333,0,0.0100164441601395,0.01895229280368,NaN,NaN,0.998099113500945,2602,0,0,0,0,0,0.4055085,0,988137,0,110997400,0,18323828446,tdma,candidate-elcs-w,none,local-conflict-witness-leases,none,continuous-elcs-replay,NaN,50,NaN,9.76666666666667,9.16666666666667,NaN,NaN,NaN,NaN,NaN,NaN,NaN,NaN,1084,NaN,NaN,NaN,0,0,1,0,NaN,NaN,NaN,NaN,NaN,0,0,NaN,0,0,0.324586666666664,1084,nominal,full,1,0,503884738023,0,0,0,0,0,0,0,0,1,0,0,0,0,0,0,0.111300014880595,1,0,NaN,NaN,5,1,0,0,1,188644316954,1084,1084,0.00146005840233609,0.00453205840233609,Inf,1.73472347597681e-18,0.00025,40,35.6707456763394,1,5734732344,25318968295,19033605,17856763,978234591,44314,10,4,3,1,1,2,217,1,1,190,0,0,0,0,190,345,345,0,0,443,788,8280,13296,21576,310,8680,4000,112000,0.197,0.192642857142857,774,776,328,0,1084,0,0,1411,1191,0,1411,1191,0,0,1084,1084,0,1,648,0.564992,1560,1124,436,0,648,0.564991999999999,1560,1124,436,0,1,17656,0.564992,0,11.9932564611004,11.9082939663755,1,1692623,0.00025,40,0.000239686425080865,35.6707456763394,0.000730029201168047,0.00146005840233609,11.99546812288,1,0.00119338691845378,0,1.73472347597681e-18,NaN,NaN,NaN,NaN,1,0.15,988137,2097,candidate-elcs-w,648,0.564991999999999,0.0470826666666666,0.324586666666664,1,iid-load15,IID occupancy 15%,iid,0.15,0,0,6289211007,0.14883333333333,2982,0.00119785378940309
cumulative-receipt-targeted-closed-loop-falsification,16072030,n5-6dof-zero-loss,N5 6-DOF zero-loss,EXP23I targeted repair,elcs-w-cumulative,3,50,periodic,ELCS-W cumulative same-sequence receipt retry,none,5,ring2,6dof,tdma,1,1,0.15,1,0.48,0.29,0.29,0.0476190476190476,0.0476190476190476,0.0478832389506666,0.531911934549418,0,0,10.2312944811663,12.6022218112563,0,1.03676576764787,0.0791542288557215,0.200000000000001,0.260000000000002,0.34,NaN,NaN,3000,1084,586,0,0,2602,1411,1191,0,0,0,0,0,0,0,0,0,1914,0,0,1,32,32,0,0,0,0,0,0,0,0.418419264807205,0,0,0,0,0,0,0,0,0,0,0.314261333333331,3.33004799999997,0,0,1.78599999999996,0,0.754227199999994,48.8333333333333,117.583333333333,0,0.0100164441601395,0.01895229280368,NaN,NaN,0.998099113500945,2602,0,0,0,0,0,0.3948768,0,988137,0,110997400,0,17269068401,tdma,candidate-elcs-w,none,local-conflict-witness-leases,none,continuous-elcs-replay,NaN,50,NaN,9.76666666666667,9.16666666666667,NaN,NaN,NaN,NaN,NaN,NaN,NaN,NaN,1084,NaN,NaN,NaN,0,0,1,0,NaN,NaN,NaN,NaN,NaN,0,0,NaN,0,0,0.314261333333331,1084,nominal,full,1,0,503884738023,0,0,0,0,0,0,0,0,1,0,0,0,0,0,0,0.111300014880595,1,0,NaN,NaN,5,1,0,0,1,188644316954,1084,1084,0.00146005840233609,0.00453205840233609,Inf,1.73472347597681e-18,0.00025,40,35.6707456763394,1,5202535225,25318968295,19033607,17875639,989718968,44314,10,4,3,1,1,2,217,1,1,113,0,0,0,0,113,281,168,1,0,361,642,6744,10960,17704,310,8680,4000,112000,0.1605,0.158071428571429,646,648,268,0,1084,0,0,1411,1191,0,1411,1191,0,0,1084,1084,0,1,502,0.441088,1203,850,353,0,502,0.441088,1203,850,353,0,1,13784,0.441088,0,11.9932564611004,11.6318654458382,1,1529233,0.00025,40,0.000239686425080865,35.6707456763394,0.000730029201168047,0.00146005840233609,11.99546812288,1,0.00119338691845378,0,1.73472347597681e-18,NaN,NaN,NaN,NaN,1,0.15,988137,2097,candidate-elcs-w,502,0.441088,0.0367573333333333,0.314261333333331,1,iid-load15,IID occupancy 15%,iid,0.15,0,0,6289211007,0.14883333333333,2982,0.00119785378940309
cumulative-receipt-targeted-closed-loop-falsification,16072031,n5-6dof-zero-loss,N5 6-DOF zero-loss,EXP23I targeted repair,periodic-exp23d-lower,1,18.6733506944443,periodic,Periodic static TDMA / EXP23D lower-cost boundary,none,5,ring2,6dof,tdma,1,1,0.15,1,0.48,0.29,0.29,0.0476190476190476,0.0476190476190476,0.0560664398558577,0.523701130950253,0,0,10.2010933375692,12.4578812811025,0,1.03680196243237,0.100563847429519,0.240000000000001,0.32,0.44,NaN,NaN,1120,1120,554,0,0,2688,1338,1350,0,0,0,0,0,0,566,0.505357142857143,0,0,0,0,1,32,32,0,0,0,0,0,0,0,0.393197217318238,0,0,0,0.387269015516587,0.433913836946331,0,0,0,0,0,0.286719999999997,3.44063999999997,0,0,1.81899999999979,566,0.688127999999993,46.1666666666667,111.5,0,0.0113096802404776,0.021465199221325,NaN,NaN,0.995381721476292,2688,0,0,0,0,0,1.3503591,0,941086,0,110997400,0,257875135,tdma,periodic-frontier,none,full-mission-static-tdma,none,continuous-local-static-tdma,NaN,18.6733506944443,NaN,9.23333333333333,8.08333333333333,NaN,NaN,NaN,NaN,NaN,NaN,NaN,NaN,1120,NaN,NaN,NaN,0,0,1,0,NaN,NaN,NaN,NaN,NaN,0,0,NaN,0,0,0.286719999999997,1120,nominal,full,0,0,502678887558,0,0,0,0,0,0,0,0,1,0,0,0,0,0,0,NaN,0,0,NaN,NaN,5,1,0,0,1,188664093748,2648,1120,0.00146005840233609,0.00453205840233609,Inf,0,0.00025,40,18.9536018526488,1,NaN,NaN,NaN,NaN,NaN,NaN,NaN,NaN,NaN,NaN,NaN,NaN,NaN,NaN,NaN,NaN,NaN,NaN,NaN,NaN,NaN,NaN,NaN,NaN,NaN,NaN,NaN,NaN,NaN,NaN,NaN,NaN,NaN,NaN,NaN,NaN,NaN,NaN,NaN,NaN,NaN,NaN,NaN,NaN,NaN,NaN,NaN,NaN,NaN,NaN,NaN,NaN,NaN,NaN,NaN,NaN,NaN,NaN,NaN,NaN,NaN,NaN,NaN,NaN,NaN,NaN,NaN,NaN,NaN,NaN,NaN,NaN,NaN,NaN,NaN,NaN,NaN,NaN,NaN,NaN,NaN,NaN,NaN,NaN,NaN,NaN,NaN,NaN,NaN,NaN,NaN,NaN,NaN,periodic-static,0,0,0,0.286719999999997,0,iid-load15,IID occupancy 15%,iid,0.15,0,0,6279685050,0.151583333333316,3018,0.00120543406229291
cumulative-receipt-targeted-closed-loop-falsification,16072031,n5-6dof-zero-loss,N5 6-DOF zero-loss,EXP23I targeted repair,elcs-w-legacy,2,50,periodic,ELCS-W legacy same-frame/new-sequence retry,none,5,ring2,6dof,tdma,1,1,0.15,1,0.48,0.29,0.29,0.0476190476190476,0.0476190476190476,0.0536504660392281,0.528700901666699,0,0,10.2365636776185,12.8792913041594,0,1.03669333548546,0.093598673300166,0.24,0.34,0.539999999999999,NaN,NaN,3000,1085,556,0,0,2604,1337,1267,0,0,0,0,0,0,0,0,0,1913,0,0,1,32,32,0,0,0,0,0,0,0,0.425524310330225,0,0,0,0,0,0,0,0,0,0,0.324031999999997,3.33311999999997,0,0,1.81900000000002,0,0.777676799999994,46.3333333333333,111.416666666667,0,0.0100497842271903,0.0190143196335598,NaN,NaN,0.998404547362982,2604,0,0,0,0,0,0.4120466,0,941086,0,110997400,0,18305307982,tdma,candidate-elcs-w,none,local-conflict-witness-leases,none,continuous-elcs-replay,NaN,50,NaN,9.26666666666667,8.83333333333333,NaN,NaN,NaN,NaN,NaN,NaN,NaN,NaN,1085,NaN,NaN,NaN,0,0,1,0,NaN,NaN,NaN,NaN,NaN,0,0,NaN,0,0,0.324031999999997,1085,nominal,full,1,0,502678887558,0,0,0,0,0,0,0,0,1,0,0,0,0,0,0,0.166585007720309,1,0,NaN,NaN,5,1,0,0,1,188664093748,1085,1085,0.00146005840233609,0.00453205840233609,Inf,1.73472347597681e-18,0.00025,40,18.9536018526488,1,5684489282,25120436631,19033605,17854832,969574609,44314,10,4,3,1,1,3,217,1,3,179,0,0,0,0,179,334,334,0,0,444,778,8016,13256,21272,310,8680,4000,112000,0.1945,0.189928571428571,767,769,329,0,1082,3,0,1337,1267,0,1337,1267,0,0,1085,1085,0,1,638,0.555264,1544,1133,411,0,638,0.555264,1544,1133,411,0,1,17352,0.555264,0,11.9933779349602,11.7425568008211,1,515413,0.00025,40,0.000109214069975692,18.9536018526488,0.000730029201168047,0.00146005840233609,11.99546812288,1,0.000971451975670945,0,1.73472347597681e-18,NaN,NaN,NaN,NaN,1,0.15,941086,2142,candidate-elcs-w,638,0.555264,0.046272,0.324031999999997,1,iid-load15,IID occupancy 15%,iid,0.15,0,0,6279685050,0.151583333333335,3018,0.00120543406229291
cumulative-receipt-targeted-closed-loop-falsification,16072031,n5-6dof-zero-loss,N5 6-DOF zero-loss,EXP23I targeted repair,elcs-w-cumulative,3,50,periodic,ELCS-W cumulative same-sequence receipt retry,none,5,ring2,6dof,tdma,1,1,0.15,1,0.48,0.29,0.29,0.0476190476190476,0.0476190476190476,0.0536504660392281,0.528700901666699,0,0,10.2365636776185,12.8792913041594,0,1.03669333548546,0.093598673300166,0.24,0.34,0.539999999999999,NaN,NaN,3000,1085,556,0,0,2604,1337,1267,0,0,0,0,0,0,0,0,0,1913,0,0,1,32,32,0,0,0,0,0,0,0,0.417158534898908,0,0,0,0,0,0,0,0,0,0,0.314431999999997,3.33311999999997,0,0,1.81900000000002,0,0.754636799999994,46.3333333333333,111.416666666667,0,0.0100497842271903,0.0190143196335598,NaN,NaN,0.998404547362982,2604,0,0,0,0,0,0.36687,0,941086,0,110997400,0,17211912241,tdma,candidate-elcs-w,none,local-conflict-witness-leases,none,continuous-elcs-replay,NaN,50,NaN,9.26666666666667,8.83333333333333,NaN,NaN,NaN,NaN,NaN,NaN,NaN,NaN,1085,NaN,NaN,NaN,0,0,1,0,NaN,NaN,NaN,NaN,NaN,0,0,NaN,0,0,0.314431999999997,1085,nominal,full,1,0,502678887558,0,0,0,0,0,0,0,0,1,0,0,0,0,0,0,0.166585007720309,1,0,NaN,NaN,5,1,0,0,1,188664093748,1085,1085,0.00146005840233609,0.00453205840233609,Inf,1.73472347597681e-18,0.00025,40,18.9536018526488,1,5130044214,25120436631,19033607,17873838,969060223,44314,10,4,3,1,1,3,217,1,3,117,0,0,0,0,117,285,168,1,0,350,635,6840,10832,17672,310,8680,4000,112000,0.15875,0.157785714285714,652,654,272,0,1082,3,0,1337,1267,0,1337,1267,0,0,1085,1085,0,1,495,0.440064,1191,868,323,0,495,0.440064,1191,868,323,0,1,13752,0.440064,0,11.9933779349602,11.7425568008211,1,334807,0.00025,40,0.000109214069975692,18.9536018526488,0.000730029201168047,0.00146005840233609,11.99546812288,1,0.000971451975670945,0,1.73472347597681e-18,NaN,NaN,NaN,NaN,1,0.15,941086,2142,candidate-elcs-w,495,0.440064,0.036672,0.314431999999997,1,iid-load15,IID occupancy 15%,iid,0.15,0,0,6279685050,0.151583333333335,3018,0.00120543406229291
cumulative-receipt-targeted-closed-loop-falsification,16072032,n5-6dof-zero-loss,N5 6-DOF zero-loss,EXP23I targeted repair,periodic-exp23d-lower,1,18.6733506944443,periodic,Periodic static TDMA / EXP23D lower-cost boundary,none,5,ring2,6dof,tdma,1,1,0.15,1,0.48,0.29,0.29,0.0476190476190476,0.0476190476190476,0.0546882669095277,0.525667136395041,0,0,10.4215837959698,13.2499555155566,0,1.0367899752456,0.0870480928689883,0.200000000000001,0.359999999999999,0.579999999999998,NaN,NaN,1120,1120,585,0,0,2688,1406,1282,0,0,0,0,0,0,535,0.477678571428571,0,0,0,0,1,32,32,0,0,0,0,0,0,0,0.38998471148252,0,0,0,0.388859330435673,0.428576917946236,0,0,0,0,0,0.286719999999997,3.44063999999997,0,0,1.7489999999998,535,0.688127999999993,48.75,117.166666666667,0,0.0113279009573847,0.0215000190490635,NaN,NaN,0.998803391363988,2688,0,0,0,0,0,1.2933313,0,371866,0,110997400,0,257875137,tdma,periodic-frontier,none,full-mission-static-tdma,none,continuous-local-static-tdma,NaN,18.6733506944443,NaN,9.75,9.25,NaN,NaN,NaN,NaN,NaN,NaN,NaN,NaN,1120,NaN,NaN,NaN,0,0,1,0,NaN,NaN,NaN,NaN,NaN,0,0,NaN,0,0,0.286719999999997,1120,nominal,full,0,0,503699125318,0,0,0,0,0,0,0,0,1,0,0,0,0,0,0,NaN,0,0,NaN,NaN,5,1,0,0,1,189009128366,2647,1120,0.00146005840233609,0.00453205840233609,Inf,8.88178419700125e-16,0.00025,40,29.0662961414468,1,NaN,NaN,NaN,NaN,NaN,NaN,NaN,NaN,NaN,NaN,NaN,NaN,NaN,NaN,NaN,NaN,NaN,NaN,NaN,NaN,NaN,NaN,NaN,NaN,NaN,NaN,NaN,NaN,NaN,NaN,NaN,NaN,NaN,NaN,NaN,NaN,NaN,NaN,NaN,NaN,NaN,NaN,NaN,NaN,NaN,NaN,NaN,NaN,NaN,NaN,NaN,NaN,NaN,NaN,NaN,NaN,NaN,NaN,NaN,NaN,NaN,NaN,NaN,NaN,NaN,NaN,NaN,NaN,NaN,NaN,NaN,NaN,NaN,NaN,NaN,NaN,NaN,NaN,NaN,NaN,NaN,NaN,NaN,NaN,NaN,NaN,NaN,NaN,NaN,NaN,NaN,NaN,NaN,periodic-static,0,0,0,0.286719999999997,0,iid-load15,IID occupancy 15%,iid,0.15,0,0,6264872886,0.145749999999984,2996,0.0011675567423231
cumulative-receipt-targeted-closed-loop-falsification,16072032,n5-6dof-zero-loss,N5 6-DOF zero-loss,EXP23I targeted repair,elcs-w-legacy,2,50,periodic,ELCS-W legacy same-frame/new-sequence retry,none,5,ring2,6dof,tdma,1,1,0.15,1,0.48,0.29,0.29,0.0476190476190476,0.0476190476190476,0.0557280322490843,0.522703400936237,0,0,10.4291832088463,12.6208161258839,0,1.03670864234943,0.0919568822553898,0.220000000000001,0.34,0.499999999999999,NaN,NaN,3000,1083,562,0,0,2599,1346,1253,0,0,0,0,0,0,0,0,0,1915,0,0,1,32,32,0,0,0,0,0,0,0,0.4246260041264,0,0,0,0,0,0,0,0,0,0,0.326527999999997,3.32697599999997,0,0,1.74900000000002,0,0.783667199999993,46.8333333333333,112.166666666667,0,0.0099774771280121,0.018981381878964,NaN,NaN,0.999221740643488,2599,0,0,0,0,0,0.378686300000001,0,371866,0,110997400,0,18649163756,tdma,candidate-elcs-w,none,local-conflict-witness-leases,none,continuous-elcs-replay,NaN,50,NaN,9.36666666666667,8.91666666666667,NaN,NaN,NaN,NaN,NaN,NaN,NaN,NaN,1083,NaN,NaN,NaN,0,0,1,0,NaN,NaN,NaN,NaN,NaN,0,0,NaN,0,0,0.326527999999997,1083,nominal,full,1,0,503699125318,0,0,0,0,0,0,0,0,1,0,0,0,0,0,0,0.111300014880595,1,0,NaN,NaN,5,1,0,0,1,189009128366,1083,1083,0.00146005840233609,0.00453205840233609,Inf,1.73472347597681e-18,0.00025,40,29.0662961414468,1,5816769922,25326715700,19033605,17854880,966792967,44314,10,4,3,1,1,2,217,1,3,185,0,0,0,0,185,340,340,0,0,485,825,8160,14240,22400,310,8680,4000,112000,0.20625,0.2,810,810,341,0,1082,1,0,1346,1253,0,1346,1253,0,0,1083,1083,0,1,685,0.59136,1679,1248,431,0,685,0.591359999999999,1679,1248,431,0,1,18480,0.59136,0,11.992814167352,11.6867147004059,1,1066329,0.00025,40,0.000242865584578412,29.0662961414468,0.000730029201168047,0.00146005840233609,11.99546812288,1,0.00117878148885175,0,1.73472347597681e-18,NaN,NaN,NaN,NaN,1,0.15,371866,2130,candidate-elcs-w,685,0.591359999999999,0.0492799999999999,0.326527999999997,1,iid-load15,IID occupancy 15%,iid,0.15,0,0,6264872886,0.145750000000002,2996,0.0011675567423231
cumulative-receipt-targeted-closed-loop-falsification,16072032,n5-6dof-zero-loss,N5 6-DOF zero-loss,EXP23I targeted repair,elcs-w-cumulative,3,50,periodic,ELCS-W cumulative same-sequence receipt retry,none,5,ring2,6dof,tdma,1,1,0.15,1,0.48,0.29,0.29,0.0476190476190476,0.0476190476190476,0.0557280322490843,0.522703400936237,0,0,10.4291832088463,12.6208161258839,0,1.03670864234943,0.0919568822553898,0.220000000000001,0.34,0.499999999999999,NaN,NaN,3000,1083,562,0,0,2599,1346,1253,0,0,0,0,0,0,0,0,0,1915,0,0,1,32,32,0,0,0,0,0,0,0,0.412919249035612,0,0,0,0,0,0,0,0,0,0,0.312533333333331,3.32697599999997,0,0,1.74900000000002,0,0.750079999999994,46.8333333333333,112.166666666667,0,0.0099774771280121,0.018981381878964,NaN,NaN,0.999221740643488,2599,0,0,0,0,0,0.3900425,0,371866,0,110997400,0,17074739035,tdma,candidate-elcs-w,none,local-conflict-witness-leases,none,continuous-elcs-replay,NaN,50,NaN,9.36666666666667,8.91666666666667,NaN,NaN,NaN,NaN,NaN,NaN,NaN,NaN,1083,NaN,NaN,NaN,0,0,1,0,NaN,NaN,NaN,NaN,NaN,0,0,NaN,0,0,0.312533333333331,1083,nominal,full,1,0,503699125318,0,0,0,0,0,0,0,0,1,0,0,0,0,0,0,0.111300014880595,1,0,NaN,NaN,5,1,0,0,1,189009128366,1083,1083,0.00146005840233609,0.00453205840233609,Inf,1.73472347597681e-18,0.00025,40,29.0662961414468,1,5034665003,25326715700,19033607,17873737,1011216016,44314,10,4,3,1,1,2,217,1,3,105,0,0,0,0,105,272,167,1,0,346,618,6528,10624,17152,310,8680,4000,112000,0.1545,0.153142857142857,636,636,262,0,1082,1,0,1346,1253,0,1346,1253,0,0,1083,1083,0,1,478,0.423424,1154,869,285,0,478,0.423424,1154,869,285,0,1,13232,0.423424,0,11.992814167352,11.6867147004059,1,929940,0.00025,40,0.000242865584578412,29.0662961414468,0.000730029201168047,0.00146005840233609,11.99546812288,1,0.00117878148885175,0,1.73472347597681e-18,NaN,NaN,NaN,NaN,1,0.15,371866,2130,candidate-elcs-w,478,0.423424,0.0352853333333333,0.312533333333331,1,iid-load15,IID occupancy 15%,iid,0.15,0,0,6264872886,0.145750000000002,2996,0.0011675567423231
cumulative-receipt-targeted-closed-loop-falsification,16072033,n5-6dof-zero-loss,N5 6-DOF zero-loss,EXP23I targeted repair,periodic-exp23d-lower,1,18.6733506944443,periodic,Periodic static TDMA / EXP23D lower-cost boundary,none,5,ring2,6dof,tdma,1,1,0.15,1,0.48,0.29,0.29,0.0476190476190476,0.0476190476190476,0.0536313304770324,0.528604081717331,0,0,10.1609313963883,12.5474336006514,0,1.03675112516118,0.0982918739635158,0.26,0.360000000000001,0.440000000000001,NaN,NaN,1120,1120,587,0,0,2688,1406,1282,0,0,0,0,0,0,533,0.475892857142857,0,0,0,0,1,32,32,0,0,0,0,0,0,0,0.395393028582789,0,0,0,0.39785906460265,0.437178101911095,0,0,0,0,0,0.286719999999997,3.44063999999997,0,0,1.81499999999976,533,0.688127999999993,48.9166666666667,117.166666666667,0,0.011285444859482,0.0214858899285306,NaN,NaN,0.999431496816672,2688,0,0,0,0,0,1.2777873,0,891343,0,110997400,0,257875139,tdma,periodic-frontier,none,full-mission-static-tdma,none,continuous-local-static-tdma,NaN,18.6733506944443,NaN,9.78333333333333,9.33333333333333,NaN,NaN,NaN,NaN,NaN,NaN,NaN,NaN,1120,NaN,NaN,NaN,0,0,1,0,NaN,NaN,NaN,NaN,NaN,0,0,NaN,0,0,0.286719999999997,1120,nominal,full,0,0,503217035644,0,0,0,0,0,0,0,0,1,0,0,0,0,0,0,NaN,0,0,NaN,NaN,5,1,0,0,1,188850733192,2647,1120,0.00146005840233609,0.00453205840233609,Inf,0,0.00025,40,38.5349692603081,1,NaN,NaN,NaN,NaN,NaN,NaN,NaN,NaN,NaN,NaN,NaN,NaN,NaN,NaN,NaN,NaN,NaN,NaN,NaN,NaN,NaN,NaN,NaN,NaN,NaN,NaN,NaN,NaN,NaN,NaN,NaN,NaN,NaN,NaN,NaN,NaN,NaN,NaN,NaN,NaN,NaN,NaN,NaN,NaN,NaN,NaN,NaN,NaN,NaN,NaN,NaN,NaN,NaN,NaN,NaN,NaN,NaN,NaN,NaN,NaN,NaN,NaN,NaN,NaN,NaN,NaN,NaN,NaN,NaN,NaN,NaN,NaN,NaN,NaN,NaN,NaN,NaN,NaN,NaN,NaN,NaN,NaN,NaN,NaN,NaN,NaN,NaN,NaN,NaN,NaN,NaN,NaN,NaN,periodic-static,0,0,0,0.286719999999997,0,iid-load15,IID occupancy 15%,iid,0.15,0,0,6289298645,0.15124999999998,3072,0.001181640625
cumulative-receipt-targeted-closed-loop-falsification,16072033,n5-6dof-zero-loss,N5 6-DOF zero-loss,EXP23I targeted repair,elcs-w-legacy,2,50,periodic,ELCS-W legacy same-frame/new-sequence retry,none,5,ring2,6dof,tdma,1,1,0.15,1,0.48,0.29,0.29,0.0476190476190476,0.0476190476190476,0.0568364240683161,0.519479137565871,0,0,10.4249957692406,13.0019439820508,0,1.03677857152589,0.0959701492537314,0.26,0.340000000000001,0.459999999999999,NaN,NaN,3000,1083,544,0,0,2598,1307,1291,0,0,0,0,0,0,0,0,0,1915,0,0,1,32,32,0,0,0,0,0,0,0,0.424279287391634,0,0,0,0,0,0,0,0,0,0,0.322197333333331,3.32697599999997,0,0,1.81500000000002,0,0.773273599999993,45.3333333333333,108.916666666667,0,0.0100395796501321,0.0189851518512595,NaN,NaN,0.998198805950012,2598,0,0,0,0,0,0.3592169,0,891343,0,110997400,0,18172568883,tdma,candidate-elcs-w,none,local-conflict-witness-leases,none,continuous-elcs-replay,NaN,50,NaN,9.06666666666667,8.58333333333333,NaN,NaN,NaN,NaN,NaN,NaN,NaN,NaN,1083,NaN,NaN,NaN,0,0,1,0,NaN,NaN,NaN,NaN,NaN,0,0,NaN,0,0,0.322197333333331,1083,nominal,full,1,0,503217035644,0,0,0,0,0,0,0,0,1,0,0,0,0,0,0,0.166585007720309,1,0,NaN,NaN,5,1,0,0,1,188850733192,1083,1083,0.00146005840233609,0.00453205840233609,Inf,6.93889390390723e-18,0.00025,40,38.5349692603081,1,5613764069,25010745114,19033605,17855480,970727234,44314,10,4,3,1,1,3,217,1,2,164,0,0,0,0,164,319,319,0,0,447,766,7656,13120,20776,310,8680,4000,112000,0.1915,0.1855,746,746,321,0,1083,0,0,1307,1291,0,1307,1291,0,0,1083,1083,0,1,626,0.539392,1554,1166,388,0,626,0.539391999999999,1554,1166,388,0,1,16856,0.539392,0,11.9926554797524,11.9603916568398,1,748543,0.00025,40,0.000167544798600313,38.5349692603081,0.000730029201168047,0.00146005840233609,11.99546812288,1,0.00087194609096386,0,6.93889390390723e-18,NaN,NaN,NaN,NaN,1,0.15,891343,2164,candidate-elcs-w,626,0.539391999999999,0.0449493333333333,0.322197333333331,1,iid-load15,IID occupancy 15%,iid,0.15,0,0,6289298645,0.151250000000002,3072,0.001181640625
cumulative-receipt-targeted-closed-loop-falsification,16072033,n5-6dof-zero-loss,N5 6-DOF zero-loss,EXP23I targeted repair,elcs-w-cumulative,3,50,periodic,ELCS-W cumulative same-sequence receipt retry,none,5,ring2,6dof,tdma,1,1,0.15,1,0.48,0.29,0.29,0.0476190476190476,0.0476190476190476,0.0568364240683161,0.519479137565871,0,0,10.4249957692406,13.0019439820508,0,1.03677857152589,0.0959701492537314,0.26,0.340000000000001,0.459999999999999,NaN,NaN,3000,1083,544,0,0,2598,1307,1291,0,0,0,0,0,0,0,0,0,1915,0,0,1,32,32,0,0,0,0,0,0,0,0.413558688159592,0,0,0,0,0,0,0,0,0,0,0.309631999999997,3.32697599999997,0,0,1.81500000000002,0,0.743116799999994,45.3333333333333,108.916666666667,0,0.0100395796501321,0.0189851518512595,NaN,NaN,0.998198805950012,2598,0,0,0,0,0,0.3616922,0,891343,0,110997400,0,16878866692,tdma,candidate-elcs-w,none,local-conflict-witness-leases,none,continuous-elcs-replay,NaN,50,NaN,9.06666666666667,8.58333333333333,NaN,NaN,NaN,NaN,NaN,NaN,NaN,NaN,1083,NaN,NaN,NaN,0,0,1,0,NaN,NaN,NaN,NaN,NaN,0,0,NaN,0,0,0.309631999999997,1083,nominal,full,1,0,503217035644,0,0,0,0,0,0,0,0,1,0,0,0,0,0,0,0.166585007720309,1,0,NaN,NaN,5,1,0,0,1,188850733192,1083,1083,0.00146005840233609,0.00453205840233609,Inf,6.93889390390723e-18,0.00025,40,38.5349692603081,1,4898598436,25010745114,19033607,17873522,963903469,44314,10,4,3,1,1,3,217,1,2,96,0,0,0,0,96,256,160,1,0,321,577,6144,9920,16064,310,8680,4000,112000,0.14425,0.143428571428571,598,598,250,0,1083,0,0,1307,1291,0,1307,1291,0,0,1083,1083,0,1,437,0.388608,1061,800,261,0,437,0.388608,1061,800,261,0,1,12144,0.388608,0,11.9926554797524,11.7945430692909,1,920271,0.00025,40,0.000167544798600313,38.5349692603081,0.000730029201168047,0.00146005840233609,11.99546812288,1,0.00087194609096386,0,6.93889390390723e-18,NaN,NaN,NaN,NaN,1,0.15,891343,2164,candidate-elcs-w,437,0.388608,0.032384,0.309631999999997,1,iid-load15,IID occupancy 15%,iid,0.15,0,0,6289298645,0.151250000000002,3072,0.001181640625
cumulative-receipt-targeted-closed-loop-falsification,16072034,n5-6dof-zero-loss,N5 6-DOF zero-loss,EXP23I targeted repair,periodic-exp23d-lower,1,18.6733506944443,periodic,Periodic static TDMA / EXP23D lower-cost boundary,none,5,ring2,6dof,tdma,1,1,0.15,1,0.48,0.29,0.29,0.0476190476190476,0.0476190476190476,0.0586025797709701,0.525174892621159,0,0,10.4027137723793,12.4025442792355,0,1.03671187126046,0.0973217247097843,0.24,0.379999999999999,0.460000000000001,NaN,NaN,1120,1120,588,0,0,2688,1414,1274,0,0,0,0,0,0,532,0.475,0,0,0,0,1,32,32,0,0,0,0,0,0,0,0.395003241850945,0,0,0,0.39694176416949,0.439613848657553,0,0,0,0,0,0.286719999999997,3.44063999999997,0,0,1.78399999999976,532,0.688127999999993,49,117.833333333333,0,0.0112998317530535,0.0214446438653043,NaN,NaN,0.995777771377553,2688,0,0,0,0,0,1.2596311,0,405752,0,110997400,0,257875141,tdma,periodic-frontier,none,full-mission-static-tdma,none,continuous-local-static-tdma,NaN,18.6733506944443,NaN,9.8,9,NaN,NaN,NaN,NaN,NaN,NaN,NaN,NaN,1120,NaN,NaN,NaN,0,0,1,0,NaN,NaN,NaN,NaN,NaN,0,0,NaN,0,0,0.286719999999997,1120,nominal,full,0,0,502749204105,0,0,0,0,0,0,0,0,1,0,0,0,0,0,0,NaN,0,0,NaN,NaN,5,1,0,0,1,188912380899,2648,1120,0.00146005840233609,0.00453205840233609,Inf,0,0.00025,40,31.7222704658681,1,NaN,NaN,NaN,NaN,NaN,NaN,NaN,NaN,NaN,NaN,NaN,NaN,NaN,NaN,NaN,NaN,NaN,NaN,NaN,NaN,NaN,NaN,NaN,NaN,NaN,NaN,NaN,NaN,NaN,NaN,NaN,NaN,NaN,NaN,NaN,NaN,NaN,NaN,NaN,NaN,NaN,NaN,NaN,NaN,NaN,NaN,NaN,NaN,NaN,NaN,NaN,NaN,NaN,NaN,NaN,NaN,NaN,NaN,NaN,NaN,NaN,NaN,NaN,NaN,NaN,NaN,NaN,NaN,NaN,NaN,NaN,NaN,NaN,NaN,NaN,NaN,NaN,NaN,NaN,NaN,NaN,NaN,NaN,NaN,NaN,NaN,NaN,NaN,NaN,NaN,NaN,NaN,NaN,periodic-static,0,0,0,0.286719999999997,0,iid-load15,IID occupancy 15%,iid,0.15,0,0,6283346292,0.148666666666646,3053,0.0011683038637852
cumulative-receipt-targeted-closed-loop-falsification,16072034,n5-6dof-zero-loss,N5 6-DOF zero-loss,EXP23I targeted repair,elcs-w-legacy,2,50,periodic,ELCS-W legacy same-frame/new-sequence retry,none,5,ring2,6dof,tdma,1,1,0.15,1,0.48,0.29,0.29,0.0476190476190476,0.0476190476190476,0.0573460490927834,0.521429076926895,0,0,10.3521504881434,12.6161739854548,0,1.03678824973724,0.096799336650083,0.26,0.379999999999999,0.619999999999999,NaN,NaN,3000,1082,566,0,0,2597,1360,1237,0,0,0,0,0,0,0,0,0,1916,0,0,1,32,32,0,0,0,0,0,0,0,0.433264814417195,0,0,0,0,0,0,0,0,0,0,0.333311999999997,3.32390399999997,0,0,1.7839999999999,0,0.799948799999993,47.1666666666667,113.333333333333,0,0.0100195634928073,0.0189847326221811,NaN,NaN,0.99980026215592,2597,0,0,0,0,0,0.354205,0,405752,0,110997400,0,19438684372,tdma,candidate-elcs-w,none,local-conflict-witness-leases,none,continuous-elcs-replay,NaN,50,NaN,9.43333333333333,9.16666666666667,NaN,NaN,NaN,NaN,NaN,NaN,NaN,NaN,1082,NaN,NaN,NaN,0,0,1,0,NaN,NaN,NaN,NaN,NaN,0,0,NaN,0,0,0.333311999999997,1082,nominal,full,1,0,502749204105,0,0,0,0,0,0,0,0,1,0,0,0,0,0,0,0.111300014880595,1,0,NaN,NaN,5,1,0,0,1,188912380899,1082,1082,0.00146005840233609,0.00453205840233609,Inf,1.38777878078145e-17,0.00025,40,31.7222704658681,1,6205635411,25097523299,19033605,17855232,1010148471,44314,10,4,3,1,1,2,217,1,3,235,0,0,0,0,235,390,390,0,0,530,920,9360,15680,25040,310,8680,4000,112000,0.23,0.223571428571429,897,900,392,0,1082,0,0,1360,1237,0,1360,1237,0,0,1082,1082,0,1,780,0.675839999999999,1912,1388,524,0,780,0.675839999999998,1912,1388,524,0,1,21120,0.67584,0,11.9928572702481,11.7973254544867,1,901071,0.00025,40,0.000210422481823644,31.7222704658681,0.000730029201168047,0.00146005840233609,11.99546812288,1,0.000726428506579779,0,1.38777878078145e-17,NaN,NaN,NaN,NaN,1,0.15,405752,2160,candidate-elcs-w,780,0.675839999999998,0.0563199999999998,0.333311999999997,1,iid-load15,IID occupancy 15%,iid,0.15,0,0,6283346292,0.148666666666658,3053,0.0011683038637852
cumulative-receipt-targeted-closed-loop-falsification,16072034,n5-6dof-zero-loss,N5 6-DOF zero-loss,EXP23I targeted repair,elcs-w-cumulative,3,50,periodic,ELCS-W cumulative same-sequence receipt retry,none,5,ring2,6dof,tdma,1,1,0.15,1,0.48,0.29,0.29,0.0476190476190476,0.0476190476190476,0.0573460490927834,0.521429076926895,0,0,10.3521504881434,12.6161739854548,0,1.03678824973724,0.096799336650083,0.26,0.379999999999999,0.619999999999999,NaN,NaN,3000,1082,566,0,0,2597,1360,1237,0,0,0,0,0,0,0,0,0,1916,0,0,1,32,32,0,0,0,0,0,0,0,0.415752201538881,0,0,0,0,0,0,0,0,0,0,0.312533333333331,3.32390399999997,0,0,1.7839999999999,0,0.750079999999994,47.1666666666667,113.333333333333,0,0.0100195634928073,0.0189847326221811,NaN,NaN,0.99980026215592,2597,0,0,0,0,0,0.3500166,0,405752,0,110997400,0,17020725254,tdma,candidate-elcs-w,none,local-conflict-witness-leases,none,continuous-elcs-replay,NaN,50,NaN,9.43333333333333,9.16666666666667,NaN,NaN,NaN,NaN,NaN,NaN,NaN,NaN,1082,NaN,NaN,NaN,0,0,1,0,NaN,NaN,NaN,NaN,NaN,0,0,NaN,0,0,0.312533333333331,1082,nominal,full,1,0,502749204105,0,0,0,0,0,0,0,0,1,0,0,0,0,0,0,0.111300014880595,1,0,NaN,NaN,5,1,0,0,1,188912380899,1082,1082,0.00146005840233609,0.00453205840233609,Inf,1.38777878078145e-17,0.00025,40,31.7222704658681,1,5055145081,25097523299,19033607,17873439,1000855849,44314,10,4,3,1,1,2,217,1,3,117,0,0,0,0,117,285,168,1,0,330,615,6840,10408,17248,310,8680,4000,112000,0.15375,0.154,638,641,258,0,1082,0,0,1360,1237,0,1360,1237,0,0,1082,1082,0,1,475,0.426496,1142,854,288,0,475,0.426496,1142,854,288,0,1,13328,0.426496,0,11.9928572702481,11.7420403405129,1,1205133,0.00025,40,0.000210422481823644,31.7222704658681,0.000730029201168047,0.00146005840233609,11.99546812288,1,0.000726428506579779,0,1.38777878078145e-17,NaN,NaN,NaN,NaN,1,0.15,405752,2160,candidate-elcs-w,475,0.426496,0.0355413333333333,0.312533333333331,1,iid-load15,IID occupancy 15%,iid,0.15,0,0,6283346292,0.148666666666658,3053,0.0011683038637852
cumulative-receipt-targeted-closed-loop-falsification,16072035,n5-6dof-zero-loss,N5 6-DOF zero-loss,EXP23I targeted repair,periodic-exp23d-lower,1,18.6733506944443,periodic,Periodic static TDMA / EXP23D lower-cost boundary,none,5,ring2,6dof,tdma,1,1,0.15,1,0.48,0.29,0.29,0.0476190476190476,0.0476190476190476,0.0528762403577282,0.529101112725572,0,0,10.4598548083666,12.5053693202622,0,1.03677296410486,0.0826948590381426,0.199999999999999,0.277799999999997,0.4,NaN,NaN,1120,1120,578,0,0,2688,1374,1314,0,0,0,0,0,0,542,0.483928571428571,0,0,0,0,1,32,32,0,0,0,0,0,0,0,0.395229322758405,0,0,0,0.393833253206642,0.441846873850005,0,0,0,0,0,0.286719999999997,3.44063999999997,0,0,1.81899999999978,542,0.688127999999993,48.1666666666667,114.5,0,0.0113427817387639,0.0214994907680413,NaN,NaN,0.996997821480796,2688,0,0,0,0,0,1.273752,0,1143109,0,110997400,0,257875143,tdma,periodic-frontier,none,full-mission-static-tdma,none,continuous-local-static-tdma,NaN,18.6733506944443,NaN,9.63333333333333,8.66666666666667,NaN,NaN,NaN,NaN,NaN,NaN,NaN,NaN,1120,NaN,NaN,NaN,0,0,1,0,NaN,NaN,NaN,NaN,NaN,0,0,NaN,0,0,0.286719999999997,1120,nominal,full,0,0,502872275069,0,0,0,0,0,0,0,0,1,0,0,0,0,0,0,NaN,0,0,NaN,NaN,5,1,0,0,1,188795988655,2648,1120,0.00146005840233609,0.00453205840233609,Inf,0,0.00025,40,39.988257357134,1,NaN,NaN,NaN,NaN,NaN,NaN,NaN,NaN,NaN,NaN,NaN,NaN,NaN,NaN,NaN,NaN,NaN,NaN,NaN,NaN,NaN,NaN,NaN,NaN,NaN,NaN,NaN,NaN,NaN,NaN,NaN,NaN,NaN,NaN,NaN,NaN,NaN,NaN,NaN,NaN,NaN,NaN,NaN,NaN,NaN,NaN,NaN,NaN,NaN,NaN,NaN,NaN,NaN,NaN,NaN,NaN,NaN,NaN,NaN,NaN,NaN,NaN,NaN,NaN,NaN,NaN,NaN,NaN,NaN,NaN,NaN,NaN,NaN,NaN,NaN,NaN,NaN,NaN,NaN,NaN,NaN,NaN,NaN,NaN,NaN,NaN,NaN,NaN,NaN,NaN,NaN,NaN,NaN,periodic-static,0,0,0,0.286719999999997,0,iid-load15,IID occupancy 15%,iid,0.15,0,0,6301999625,0.151583333333315,3146,0.00115638906547997
cumulative-receipt-targeted-closed-loop-falsification,16072035,n5-6dof-zero-loss,N5 6-DOF zero-loss,EXP23I targeted repair,elcs-w-legacy,2,50,periodic,ELCS-W legacy same-frame/new-sequence retry,none,5,ring2,6dof,tdma,1,1,0.15,1,0.48,0.29,0.29,0.0476190476190476,0.0476190476190476,0.0545663629659474,0.521991147658857,0,0,10.1728554450015,12.3946598194353,0,1.03673070955113,0.0930431177446105,0.24,0.32,0.5,NaN,NaN,3000,1076,561,0,0,2583,1346,1237,0,0,0,0,0,0,0,0,0,1922,0,0,1,32,32,0,0,0,0,0,0,0,0.427420999681144,0,0,0,0,0,0,0,0,0,0,0.324735999999997,3.30547199999997,0,0,1.81899999999998,0,0.779366399999994,46.75,112.166666666667,0,0.0100239494501956,0.0189889058483028,NaN,NaN,0.996062855063061,2583,0,0,0,0,0,0.3679367,0,1143109,0,110997400,0,18510832740,tdma,candidate-elcs-w,none,local-conflict-witness-leases,none,continuous-elcs-replay,NaN,50,NaN,9.35,8.5,NaN,NaN,NaN,NaN,NaN,NaN,NaN,NaN,1076,NaN,NaN,NaN,0,0,1,0,NaN,NaN,NaN,NaN,NaN,0,0,NaN,0,0,0.324735999999997,1076,nominal,full,1,0,502872275069,0,0,0,0,0,0,0,0,1,0,0,0,0,0,0,0.221870000560022,1,0,NaN,NaN,5,1,0,0,1,188795988655,1076,1076,0.00146005840233609,0.00453205840233609,Inf,1.73472347597681e-18,0.00025,40,39.988257357134,1,5751803929,25155988209,19033605,17848161,1015348891,44314,10,4,3,1,1,4,217,1,9,203,0,0,0,0,203,358,358,0,0,458,816,8592,13808,22400,310,8680,4000,112000,0.204,0.2,810,810,339,0,1076,0,0,1346,1237,0,1346,1237,0,0,1076,1076,0,1,676,0.59136,1655,1206,449,0,676,0.591359999999999,1655,1206,449,0,1,18480,0.59136,0,11.9928764851062,11.5762138978702,1,1174956,0.00025,40,0.000230776784036284,39.988257357134,0.000730029201168047,0.00146005840233609,11.99546812288,1,0.000526431463768517,0,1.73472347597681e-18,NaN,NaN,NaN,NaN,1,0.15,1143109,2160,candidate-elcs-w,676,0.591359999999999,0.0492799999999999,0.324735999999997,1,iid-load15,IID occupancy 15%,iid,0.15,0,0,6301999625,0.151583333333332,3146,0.00115638906547997
cumulative-receipt-targeted-closed-loop-falsification,16072035,n5-6dof-zero-loss,N5 6-DOF zero-loss,EXP23I targeted repair,elcs-w-cumulative,3,50,periodic,ELCS-W cumulative same-sequence receipt retry,none,5,ring2,6dof,tdma,1,1,0.15,1,0.48,0.29,0.29,0.0476190476190476,0.0476190476190476,0.0545663629659474,0.521991147658857,0,0,10.1728554450015,12.3946598194353,0,1.03673070955113,0.0930431177446105,0.24,0.32,0.5,NaN,NaN,3000,1076,561,0,0,2583,1346,1237,0,0,0,0,0,0,0,0,0,1922,0,0,1,32,32,0,0,0,0,0,0,0,0.417819268088633,0,0,0,0,0,0,0,0,0,0,0.313685333333331,3.30547199999997,0,0,1.81899999999998,0,0.752844799999994,46.75,112.166666666667,0,0.0100239494501956,0.0189889058483028,NaN,NaN,0.996062855063061,2583,0,0,0,0,0,0.3703322,0,1143109,0,110997400,0,17303608944,tdma,candidate-elcs-w,none,local-conflict-witness-leases,none,continuous-elcs-replay,NaN,50,NaN,9.35,8.5,NaN,NaN,NaN,NaN,NaN,NaN,NaN,NaN,1076,NaN,NaN,NaN,0,0,1,0,NaN,NaN,NaN,NaN,NaN,0,0,NaN,0,0,0.313685333333331,1076,nominal,full,1,0,502872275069,0,0,0,0,0,0,0,0,1,0,0,0,0,0,0,0.221870000560022,1,0,NaN,NaN,5,1,0,0,1,188795988655,1076,1076,0.00146005840233609,0.00453205840233609,Inf,1.73472347597681e-18,0.00025,40,39.988257357134,1,5184296366,25155988209,19033607,17865808,1044711106,44314,10,4,3,1,1,4,217,1,9,135,0,0,0,0,135,296,161,1,0,362,658,7104,11152,18256,310,8680,4000,112000,0.1645,0.163,670,670,277,0,1076,0,0,1346,1237,0,1346,1237,0,0,1076,1076,0,1,518,0.458752,1253,899,354,0,518,0.458752,1253,899,354,0,1,14336,0.458752,0,11.9928764851062,11.5762138978702,1,1727794,0.00025,40,0.000230776784036284,39.988257357134,0.000730029201168047,0.00146005840233609,11.99546812288,1,0.000526431463768517,0,1.73472347597681e-18,NaN,NaN,NaN,NaN,1,0.15,1143109,2160,candidate-elcs-w,518,0.458752,0.0382293333333333,0.313685333333331,1,iid-load15,IID occupancy 15%,iid,0.15,0,0,6301999625,0.151583333333332,3146,0.00115638906547997
cumulative-receipt-targeted-closed-loop-falsification,16072036,n5-6dof-zero-loss,N5 6-DOF zero-loss,EXP23I targeted repair,periodic-exp23d-lower,1,18.6733506944443,periodic,Periodic static TDMA / EXP23D lower-cost boundary,none,5,ring2,6dof,tdma,1,1,0.15,1,0.48,0.29,0.29,0.0476190476190476,0.0476190476190476,0.0522734352237286,0.528073370253856,0,0,10.2342156278148,12.9087682285471,0,1.03679000346691,0.0853731343283582,0.200000000000001,0.300000000000001,0.44,NaN,NaN,1120,1120,552,0,0,2688,1323,1365,0,0,0,0,0,0,568,0.507142857142857,0,0,0,0,1,32,32,0,0,0,0,0,0,0,0.392940712454974,0,0,0,0.394684538757558,0.432236275061103,0,0,0,0,0,0.286719999999997,3.44063999999997,0,0,1.7869999999998,568,0.688127999999993,46,110.25,0,0.0113339055118981,0.0214826763088755,NaN,NaN,0.998734799567341,2688,0,0,0,0,0,1.1641204,0,940297,0,110997400,0,257875145,tdma,periodic-frontier,none,full-mission-static-tdma,none,continuous-local-static-tdma,NaN,18.6733506944443,NaN,9.2,8.66666666666667,NaN,NaN,NaN,NaN,NaN,NaN,NaN,NaN,1120,NaN,NaN,NaN,0,0,1,0,NaN,NaN,NaN,NaN,NaN,0,0,NaN,0,0,0.286719999999997,1120,nominal,full,0,0,503883529092,0,0,0,0,0,0,0,0,1,0,0,0,0,0,0,NaN,0,0,NaN,NaN,5,1,0,0,1,188703530295,2648,1120,0.00146005840233609,0.00453205840233609,Inf,0,0.00025,40,32.7941149139259,1,NaN,NaN,NaN,NaN,NaN,NaN,NaN,NaN,NaN,NaN,NaN,NaN,NaN,NaN,NaN,NaN,NaN,NaN,NaN,NaN,NaN,NaN,NaN,NaN,NaN,NaN,NaN,NaN,NaN,NaN,NaN,NaN,NaN,NaN,NaN,NaN,NaN,NaN,NaN,NaN,NaN,NaN,NaN,NaN,NaN,NaN,NaN,NaN,NaN,NaN,NaN,NaN,NaN,NaN,NaN,NaN,NaN,NaN,NaN,NaN,NaN,NaN,NaN,NaN,NaN,NaN,NaN,NaN,NaN,NaN,NaN,NaN,NaN,NaN,NaN,NaN,NaN,NaN,NaN,NaN,NaN,NaN,NaN,NaN,NaN,NaN,NaN,NaN,NaN,NaN,NaN,NaN,NaN,periodic-static,0,0,0,0.286719999999997,0,iid-load15,IID occupancy 15%,iid,0.15,0,0,6291566632,0.14891666666665,3090,0.00115663430420712
cumulative-receipt-targeted-closed-loop-falsification,16072036,n5-6dof-zero-loss,N5 6-DOF zero-loss,EXP23I targeted repair,elcs-w-legacy,2,50,periodic,ELCS-W legacy same-frame/new-sequence retry,none,5,ring2,6dof,tdma,1,1,0.15,1,0.48,0.29,0.29,0.0476190476190476,0.0476190476190476,0.0572678483622406,0.518269789488346,0,0,10.3153172913763,13.0156066677329,0,1.0366832829155,0.102885572139303,0.300000000000001,0.417799999999997,0.5,NaN,NaN,3000,1083,543,0,0,2599,1301,1298,0,0,0,0,0,0,0,0,0,1915,0,0,1,32,32,0,0,0,0,0,0,0,0.425449544181224,0,0,0,0,0,0,0,0,0,0,0.327722666666664,3.32697599999997,0,0,1.78699999999998,0,0.786534399999993,45.25,108.416666666667,0,0.0100575682353527,0.0190475930619744,NaN,NaN,0.997071504658201,2599,0,0,0,0,0,0.3861147,0,940297,0,110997400,0,18836353483,tdma,candidate-elcs-w,none,local-conflict-witness-leases,none,continuous-elcs-replay,NaN,50,NaN,9.05,8.41666666666667,NaN,NaN,NaN,NaN,NaN,NaN,NaN,NaN,1083,NaN,NaN,NaN,0,0,1,0,NaN,NaN,NaN,NaN,NaN,0,0,NaN,0,0,0.327722666666664,1083,nominal,full,1,0,503883529092,0,0,0,0,0,0,0,0,1,0,0,0,0,0,0,0.166585007720309,1,0,NaN,NaN,5,1,0,0,1,188703530295,1083,1083,0.00146005840233609,0.00453205840233609,Inf,1.73472347597681e-18,0.00025,40,32.7941149139259,1,5955979713,25197760729,19033605,17853306,1004843448,44314,10,4,3,1,1,3,217,1,4,193,0,0,0,0,193,348,348,0,0,497,845,8352,14496,22848,310,8680,4000,112000,0.21125,0.204,813,818,353,0,1081,2,0,1301,1298,0,1301,1298,0,0,1083,1083,0,1,705,0.605696,1743,1257,486,0,705,0.605695999999998,1743,1257,486,0,1,18928,0.605696,0,11.9932366463324,11.7424162331539,1,59301,0.00025,40,0.000166125625297298,32.7941149139259,0.000730029201168047,0.00146005840233609,11.99546812288,1,0.00091564164076452,0,1.73472347597681e-18,NaN,NaN,NaN,NaN,1,0.15,940297,2138,candidate-elcs-w,705,0.605695999999998,0.0504746666666665,0.327722666666664,1,iid-load15,IID occupancy 15%,iid,0.15,0,0,6291566632,0.148916666666665,3090,0.00115663430420712
cumulative-receipt-targeted-closed-loop-falsification,16072036,n5-6dof-zero-loss,N5 6-DOF zero-loss,EXP23I targeted repair,elcs-w-cumulative,3,50,periodic,ELCS-W cumulative same-sequence receipt retry,none,5,ring2,6dof,tdma,1,1,0.15,1,0.48,0.29,0.29,0.0476190476190476,0.0476190476190476,0.0572678483622406,0.518269789488346,0,0,10.3153172913763,13.0156066677329,0,1.0366832829155,0.102885572139303,0.300000000000001,0.417799999999997,0.5,NaN,NaN,3000,1083,543,0,0,2599,1301,1298,0,0,0,0,0,0,0,0,0,1915,0,0,1,32,32,0,0,0,0,0,0,0,0.413935507904358,0,0,0,0,0,0,0,0,0,0,0.314431999999997,3.32697599999997,0,0,1.78699999999998,0,0.754636799999994,45.25,108.416666666667,0,0.0100575682353527,0.0190475930619744,NaN,NaN,0.997071504658201,2599,0,0,0,0,0,0.3945025,0,940297,0,110997400,0,17304353807,tdma,candidate-elcs-w,none,local-conflict-witness-leases,none,continuous-elcs-replay,NaN,50,NaN,9.05,8.41666666666667,NaN,NaN,NaN,NaN,NaN,NaN,NaN,NaN,1083,NaN,NaN,NaN,0,0,1,0,NaN,NaN,NaN,NaN,NaN,0,0,NaN,0,0,0.314431999999997,1083,nominal,full,1,0,503883529092,0,0,0,0,0,0,0,0,1,0,0,0,0,0,0,0.166585007720309,1,0,NaN,NaN,5,1,0,0,1,188703530295,1083,1083,0.00146005840233609,0.00453205840233609,Inf,1.73472347597681e-18,0.00025,40,32.7941149139259,1,5159501573,25197760729,19033607,17872254,1006943877,44314,10,4,3,1,1,3,217,1,4,115,0,0,0,0,115,283,168,1,0,365,648,6792,11072,17864,310,8680,4000,112000,0.162,0.1595,649,654,277,0,1081,2,0,1301,1298,0,1301,1298,0,0,1083,1083,0,1,508,0.446208,1236,869,367,0,508,0.446208,1236,869,367,0,1,13944,0.446208,0,11.9932366463324,11.6318444695639,1,248313,0.00025,40,0.000166125625297298,32.7941149139259,0.000730029201168047,0.00146005840233609,11.99546812288,1,0.000920559311815339,0,1.73472347597681e-18,NaN,NaN,NaN,NaN,1,0.15,940297,2138,candidate-elcs-w,508,0.446208,0.037184,0.314431999999997,1,iid-load15,IID occupancy 15%,iid,0.15,0,0,6291566632,0.148916666666665,3090,0.00115663430420712
cumulative-receipt-targeted-closed-loop-falsification,16072037,n5-6dof-zero-loss,N5 6-DOF zero-loss,EXP23I targeted repair,periodic-exp23d-lower,1,18.6733506944443,periodic,Periodic static TDMA / EXP23D lower-cost boundary,none,5,ring2,6dof,tdma,1,1,0.15,1,0.48,0.29,0.29,0.0476190476190476,0.0476190476190476,0.0545004906896426,0.523954327637123,0,0,10.1948208477093,12.7853706934633,0,1.03672450906197,0.0894029850746268,0.22,0.32,0.42,NaN,NaN,1120,1120,564,0,0,2688,1347,1341,0,0,0,0,0,0,556,0.496428571428571,0,0,0,0,1,32,32,0,0,0,0,0,0,0,0.394809110846018,0,0,0,0.393373585385865,0.438943910971054,0,0,0,0,0,0.286719999999997,3.44063999999997,0,0,1.83599999999978,556,0.688127999999993,47,112.25,0,0.0113538348714584,0.0215389222914677,NaN,NaN,0.99895110385328,2688,0,0,0,0,0,1.1923032,0,1125616,0,110997400,0,257875147,tdma,periodic-frontier,none,full-mission-static-tdma,none,continuous-local-static-tdma,NaN,18.6733506944443,NaN,9.4,9,NaN,NaN,NaN,NaN,NaN,NaN,NaN,NaN,1120,NaN,NaN,NaN,0,0,1,0,NaN,NaN,NaN,NaN,NaN,0,0,NaN,0,0,0.286719999999997,1120,nominal,full,0,0,503345231843,0,0,0,0,0,0,0,0,1,0,0,0,0,0,0,NaN,0,0,NaN,NaN,5,1,0,0,1,188931240596,2648,1120,0.00146005840233609,0.00453205840233609,Inf,2.77555756156289e-17,0.00025,40,39.1491742530305,1,NaN,NaN,NaN,NaN,NaN,NaN,NaN,NaN,NaN,NaN,NaN,NaN,NaN,NaN,NaN,NaN,NaN,NaN,NaN,NaN,NaN,NaN,NaN,NaN,NaN,NaN,NaN,NaN,NaN,NaN,NaN,NaN,NaN,NaN,NaN,NaN,NaN,NaN,NaN,NaN,NaN,NaN,NaN,NaN,NaN,NaN,NaN,NaN,NaN,NaN,NaN,NaN,NaN,NaN,NaN,NaN,NaN,NaN,NaN,NaN,NaN,NaN,NaN,NaN,NaN,NaN,NaN,NaN,NaN,NaN,NaN,NaN,NaN,NaN,NaN,NaN,NaN,NaN,NaN,NaN,NaN,NaN,NaN,NaN,NaN,NaN,NaN,NaN,NaN,NaN,NaN,NaN,NaN,periodic-static,0,0,0,0.286719999999997,0,iid-load15,IID occupancy 15%,iid,0.15,0,0,6319461506,0.152999999999982,3093,0.00118681318681319
cumulative-receipt-targeted-closed-loop-falsification,16072037,n5-6dof-zero-loss,N5 6-DOF zero-loss,EXP23I targeted repair,elcs-w-legacy,2,50,periodic,ELCS-W legacy same-frame/new-sequence retry,none,5,ring2,6dof,tdma,1,1,0.15,1,0.48,0.29,0.29,0.0476190476190476,0.0476190476190476,0.0613552137768731,0.513613448788632,0,0,10.2786427575188,12.4251003838386,0,1.03673227375126,0.104179104477612,0.280000000000001,0.5,0.66,NaN,NaN,3000,1081,558,0,0,2592,1334,1258,0,0,0,0,0,0,2,0.00185013876040703,0,1917,0,0,1,32,32,0,0,0,0,0,0,0,0.431193861500251,0,0,0,0,0,0,0,0,0,0,0.328362666666664,3.32083199999997,0,0,1.83599999999994,0,0.788070399999993,46.5,111.166666666667,0,0.0100835430867027,0.0190382865136165,NaN,NaN,0.998409542743539,2592,0,0,0,0,0,0.438850400000001,0,1125616,0,110997400,0,18927443825,tdma,candidate-elcs-w,none,local-conflict-witness-leases,none,continuous-elcs-replay,NaN,50,NaN,9.3,8.75,NaN,NaN,NaN,NaN,NaN,NaN,NaN,NaN,1081,NaN,NaN,NaN,0,0,1,2,NaN,NaN,NaN,NaN,NaN,0,0,NaN,0,0,0.328362666666664,1081,nominal,full,1,0,503345231843,0,0,0,0,0,0,0,0,1,0,0,0,0,0,0,0.221870000560022,1,0,NaN,NaN,5,1,0,0,1,188931240596,1081,1081,0.00146005840233609,0.00453205840233609,Inf,1.38777878078145e-17,0.00025,40,39.1491742530305,1,6008875828,25160271303,19033605,17847089,1028903114,44314,10,4,3,1,1,4,217,1,10,192,1,0,0,1,192,347,347,0,0,519,866,8328,14952,23280,310,8680,4000,112000,0.2165,0.207857142857143,824,831,355,0,1075,6,2,1334,1256,2,1334,1256,2,0,1081,1081,0,1,726,0.61952,1794,1301,493,0,726,0.619519999999999,1794,1301,493,0,1,19360,0.61952,0,11.9928172414238,11.7420085728457,1,707474,0.00025,40,0.000221069784174552,39.1491742530305,0.000730029201168047,0.00146005840233609,11.99546812288,1,0.000769255726302376,0.00030223195612239,1.38777878078145e-17,NaN,NaN,NaN,NaN,1,0.15,1125616,2152,candidate-elcs-w,726,0.619519999999999,0.0516266666666666,0.328362666666664,1,iid-load15,IID occupancy 15%,iid,0.15,0,0,6319461506,0.152999999999995,3093,0.00118681318681319
cumulative-receipt-targeted-closed-loop-falsification,16072037,n5-6dof-zero-loss,N5 6-DOF zero-loss,EXP23I targeted repair,elcs-w-cumulative,3,50,periodic,ELCS-W cumulative same-sequence receipt retry,none,5,ring2,6dof,tdma,1,1,0.15,1,0.48,0.29,0.29,0.0476190476190476,0.0476190476190476,0.0613552137768731,0.513613448788632,0,0,10.2786427575188,12.4251003838386,0,1.03673227375126,0.104179104477612,0.280000000000001,0.5,0.66,NaN,NaN,3000,1081,558,0,0,2592,1334,1258,0,0,0,0,0,0,2,0.00185013876040703,0,1917,0,0,1,32,32,0,0,0,0,0,0,0,0.415403755157095,0,0,0,0,0,0,0,0,0,0,0.309375999999997,3.32083199999997,0,0,1.83599999999994,0,0.742502399999994,46.5,111.166666666667,0,0.0100835430867027,0.0190382865136165,NaN,NaN,0.998409542743539,2592,0,0,0,0,0,0.4042715,0,1125616,0,110997400,0,16799265841,tdma,candidate-elcs-w,none,local-conflict-witness-leases,none,continuous-elcs-replay,NaN,50,NaN,9.3,8.75,NaN,NaN,NaN,NaN,NaN,NaN,NaN,NaN,1081,NaN,NaN,NaN,0,0,1,2,NaN,NaN,NaN,NaN,NaN,0,0,NaN,0,0,0.309375999999997,1081,nominal,full,1,0,503345231843,0,0,0,0,0,0,0,0,1,0,0,0,0,0,0,0.221870000560022,1,0,NaN,NaN,5,1,0,0,1,188931240596,1081,1081,0.00146005840233609,0.00453205840233609,Inf,6.93889390390723e-18,0.00025,40,39.1491742530305,1,4908352062,25160271303,19033607,17865556,1016510507,44314,10,4,3,1,1,4,217,1,10,96,1,0,0,1,96,261,165,1,0,317,578,6264,9896,16160,310,8680,4000,112000,0.1445,0.144285714285714,596,603,251,0,1075,6,2,1334,1256,2,1334,1256,2,0,1081,1081,0,1,438,0.39168,1060,785,275,0,438,0.39168,1060,785,275,0,1,12240,0.39168,0,11.9928172414238,11.6314419867497,1,1154939,0.00025,40,0.000221069784174552,39.1491742530305,0.000730029201168047,0.00146005840233609,11.99546812288,1,0.000769255726302376,0.00030223195612239,6.93889390390723e-18,NaN,NaN,NaN,NaN,1,0.15,1125616,2152,candidate-elcs-w,438,0.39168,0.03264,0.309375999999997,1,iid-load15,IID occupancy 15%,iid,0.15,0,0,6319461506,0.152999999999995,3093,0.00118681318681319
cumulative-receipt-targeted-closed-loop-falsification,16072038,n5-6dof-zero-loss,N5 6-DOF zero-loss,EXP23I targeted repair,periodic-exp23d-lower,1,18.6733506944443,periodic,Periodic static TDMA / EXP23D lower-cost boundary,none,5,ring2,6dof,tdma,1,1,0.15,1,0.48,0.29,0.29,0.0476190476190476,0.0476190476190476,0.0591834128790881,0.514463226469221,0,0,10.2936044810888,12.4697595965666,0,1.03669568797349,0.0970812603648424,0.24,0.360000000000001,0.5,NaN,NaN,1120,1120,561,0,0,2688,1358,1330,0,0,0,0,0,0,559,0.499107142857143,0,0,0,0,1,32,32,0,0,0,0,0,0,0,0.395802725797748,0,0,0,0.390045178930696,0.433715715021655,0,0,0,0,0,0.286719999999997,3.44063999999997,0,0,1.81999999999978,559,0.688127999999993,46.75,113.166666666667,0,0.0113243050081657,0.0215080832736227,NaN,NaN,0.997388645042704,2688,0,0,0,0,0,1.3888003,0,301276,0,110997400,0,257875149,tdma,periodic-frontier,none,full-mission-static-tdma,none,continuous-local-static-tdma,NaN,18.6733506944443,NaN,9.35,8.91666666666667,NaN,NaN,NaN,NaN,NaN,NaN,NaN,NaN,1120,NaN,NaN,NaN,0,0,1,0,NaN,NaN,NaN,NaN,NaN,0,0,NaN,0,0,0.286719999999997,1120,nominal,full,0,0,503569442296,0,0,0,0,0,0,0,0,1,0,0,0,0,0,0,NaN,0,0,NaN,NaN,5,1,0,0,1,188570521021,2647,1120,0.00146005840233609,0.00453205840233609,Inf,0,0.00025,40,38.1407170661825,1,NaN,NaN,NaN,NaN,NaN,NaN,NaN,NaN,NaN,NaN,NaN,NaN,NaN,NaN,NaN,NaN,NaN,NaN,NaN,NaN,NaN,NaN,NaN,NaN,NaN,NaN,NaN,NaN,NaN,NaN,NaN,NaN,NaN,NaN,NaN,NaN,NaN,NaN,NaN,NaN,NaN,NaN,NaN,NaN,NaN,NaN,NaN,NaN,NaN,NaN,NaN,NaN,NaN,NaN,NaN,NaN,NaN,NaN,NaN,NaN,NaN,NaN,NaN,NaN,NaN,NaN,NaN,NaN,NaN,NaN,NaN,NaN,NaN,NaN,NaN,NaN,NaN,NaN,NaN,NaN,NaN,NaN,NaN,NaN,NaN,NaN,NaN,NaN,NaN,NaN,NaN,NaN,NaN,periodic-static,0,0,0,0.286719999999997,0,iid-load15,IID occupancy 15%,iid,0.15,0,0,6335383533,0.151666666666648,3062,0.00118876551273677
cumulative-receipt-targeted-closed-loop-falsification,16072038,n5-6dof-zero-loss,N5 6-DOF zero-loss,EXP23I targeted repair,elcs-w-legacy,2,50,periodic,ELCS-W legacy same-frame/new-sequence retry,none,5,ring2,6dof,tdma,1,1,0.15,1,0.48,0.29,0.29,0.0476190476190476,0.0476190476190476,0.0537248620586015,0.524850495619092,0,0,10.230115827806,12.5456703318651,0,1.03671437776607,0.0946102819237148,0.26,0.4,0.5,NaN,NaN,3000,1085,567,0,0,2602,1370,1232,0,0,0,0,0,0,3,0.00276497695852535,0,1913,0,0,1,32,32,0,0,0,0,0,0,0,0.421889001103237,0,0,0,0,0,0,0,0,0,0,0.320149333333331,3.33311999999997,0,0,1.81999999999993,0,0.768358399999993,47.25,114.166666666667,0,0.0100265495561335,0.0190121087086645,NaN,NaN,0.998614627176293,2602,0,0,0,0,0,0.364859,0,301276,0,110997400,0,17956679282,tdma,candidate-elcs-w,none,local-conflict-witness-leases,none,continuous-elcs-replay,NaN,50,NaN,9.45,8.91666666666667,NaN,NaN,NaN,NaN,NaN,NaN,NaN,NaN,1085,NaN,NaN,NaN,0,0,1,3,NaN,NaN,NaN,NaN,NaN,0,0,NaN,0,0,0.320149333333331,1085,nominal,full,1,0,503569442296,0,0,0,0,0,0,0,0,1,0,0,0,0,0,0,0.111300014880595,1,0,NaN,NaN,5,1,0,0,1,188570521021,1085,1085,0.00146005840233609,0.00453205840233609,Inf,6.93889390390723e-18,0.00025,40,38.1407170661825,1,5416694788,25074369045,19033605,17854416,977801242,44314,10,4,3,1,1,2,217,1,3,148,1,0,0,1,148,303,303,0,0,424,727,7272,12544,19816,310,8680,4000,112000,0.18175,0.176928571428571,720,720,312,0,1082,3,3,1370,1227,5,1370,1227,5,0,1085,1085,0,1,587,0.508672000000001,1440,1076,364,0,587,0.508671999999999,1440,1076,364,0,1,15896,0.508672,0,11.9928344099211,11.6819749798438,1,1035985,0.00025,40,0.000235401852088767,38.1407170661825,0.000730029201168047,0.00146005840233609,11.99546812288,1,0.00110870047744211,0.000350825248092004,6.93889390390723e-18,NaN,NaN,NaN,NaN,1,0.15,301276,2182,candidate-elcs-w,587,0.508671999999999,0.0423893333333333,0.320149333333331,1,iid-load15,IID occupancy 15%,iid,0.15,0,0,6335383533,0.151666666666661,3062,0.00118876551273677
cumulative-receipt-targeted-closed-loop-falsification,16072038,n5-6dof-zero-loss,N5 6-DOF zero-loss,EXP23I targeted repair,elcs-w-cumulative,3,50,periodic,ELCS-W cumulative same-sequence receipt retry,none,5,ring2,6dof,tdma,1,1,0.15,1,0.48,0.29,0.29,0.0476190476190476,0.0476190476190476,0.0537248620586015,0.524850495619092,0,0,10.230115827806,12.5456703318651,0,1.03671437776607,0.0946102819237148,0.26,0.4,0.5,NaN,NaN,3000,1085,567,0,0,2602,1370,1232,0,0,0,0,0,0,3,0.00276497695852535,0,1913,0,0,1,32,32,0,0,0,0,0,0,0,0.412266156587578,0,0,0,0,0,0,0,0,0,0,0.308821333333331,3.33311999999997,0,0,1.81999999999993,0,0.741171199999994,47.25,114.166666666667,0,0.0100265495561335,0.0190121087086645,NaN,NaN,0.998614627176293,2602,0,0,0,0,0,0.3602184,0,301276,0,110997400,0,16707349171,tdma,candidate-elcs-w,none,local-conflict-witness-leases,none,continuous-elcs-replay,NaN,50,NaN,9.45,8.91666666666667,NaN,NaN,NaN,NaN,NaN,NaN,NaN,NaN,1085,NaN,NaN,NaN,0,0,1,3,NaN,NaN,NaN,NaN,NaN,0,0,NaN,0,0,0.308821333333331,1085,nominal,full,1,0,503569442296,0,0,0,0,0,0,0,0,1,0,0,0,0,0,0,0.111300014880595,1,0,NaN,NaN,5,1,0,0,1,188570521021,1085,1085,0.00146005840233609,0.00453205840233609,Inf,6.93889390390723e-18,0.00025,40,38.1407170661825,1,4772152349,25074369045,19033607,17873133,999794917,44314,10,4,3,1,1,2,217,1,3,88,1,0,0,1,88,251,163,1,0,309,560,6024,9544,15568,310,8680,4000,112000,0.14,0.139,575,575,239,0,1082,3,3,1370,1227,5,1370,1227,5,0,1085,1085,0,1,420,0.372736,1015,766,249,0,420,0.372736,1015,766,249,0,1,11648,0.372736,0,11.9928344099211,11.6314507819562,1,766801,0.00025,40,0.000235401852088767,38.1407170661825,0.000730029201168047,0.00146005840233609,11.99546812288,1,0.00110870047744211,0.000350825248092004,6.93889390390723e-18,NaN,NaN,NaN,NaN,1,0.15,301276,2182,candidate-elcs-w,420,0.372736,0.0310613333333333,0.308821333333331,1,iid-load15,IID occupancy 15%,iid,0.15,0,0,6335383533,0.151666666666661,3062,0.00118876551273677
cumulative-receipt-targeted-closed-loop-falsification,16072039,n5-6dof-zero-loss,N5 6-DOF zero-loss,EXP23I targeted repair,periodic-exp23d-lower,1,18.6733506944443,periodic,Periodic static TDMA / EXP23D lower-cost boundary,none,5,ring2,6dof,tdma,1,1,0.15,1,0.48,0.29,0.29,0.0476190476190476,0.0476190476190476,0.0542144666555564,0.526093163730662,0,0,10.2633681920387,12.3509485785785,0,1.03670692340943,0.0893615257048093,0.228999999999996,0.320000000000001,0.380000000000001,NaN,NaN,1120,1120,558,0,0,2688,1339,1349,0,0,0,0,0,0,562,0.501785714285714,0,0,0,0,1,32,32,0,0,0,0,0,0,0,0.398185956764012,0,0,0,0.40164897362858,0.441693923478859,0,0,0,0,0,0.286719999999997,3.44063999999997,0,0,1.89599999999978,562,0.688127999999993,46.5,111.583333333333,0,0.0113298478356385,0.021494822224661,NaN,NaN,0.99946714602125,2688,0,0,0,0,0,1.4267454,0,831566,0,110997400,0,257875151,tdma,periodic-frontier,none,full-mission-static-tdma,none,continuous-local-static-tdma,NaN,18.6733506944443,NaN,9.3,8.91666666666667,NaN,NaN,NaN,NaN,NaN,NaN,NaN,NaN,1120,NaN,NaN,NaN,0,0,1,0,NaN,NaN,NaN,NaN,NaN,0,0,NaN,0,0,0.286719999999997,1120,nominal,full,0,0,503132943055,0,0,0,0,0,0,0,0,1,0,0,0,0,0,0,NaN,0,0,NaN,NaN,5,1,0,0,1,188811689405,2647,1120,0.00146005840233609,0.00453205840233609,Inf,0,0.00025,40,38.0301163121837,1,NaN,NaN,NaN,NaN,NaN,NaN,NaN,NaN,NaN,NaN,NaN,NaN,NaN,NaN,NaN,NaN,NaN,NaN,NaN,NaN,NaN,NaN,NaN,NaN,NaN,NaN,NaN,NaN,NaN,NaN,NaN,NaN,NaN,NaN,NaN,NaN,NaN,NaN,NaN,NaN,NaN,NaN,NaN,NaN,NaN,NaN,NaN,NaN,NaN,NaN,NaN,NaN,NaN,NaN,NaN,NaN,NaN,NaN,NaN,NaN,NaN,NaN,NaN,NaN,NaN,NaN,NaN,NaN,NaN,NaN,NaN,NaN,NaN,NaN,NaN,NaN,NaN,NaN,NaN,NaN,NaN,NaN,NaN,NaN,NaN,NaN,NaN,NaN,NaN,NaN,NaN,NaN,NaN,periodic-static,0,0,0,0.286719999999997,0,iid-load15,IID occupancy 15%,iid,0.15,0,0,6316088539,0.157999999999982,3178,0.00119320327249843
cumulative-receipt-targeted-closed-loop-falsification,16072039,n5-6dof-zero-loss,N5 6-DOF zero-loss,EXP23I targeted repair,elcs-w-legacy,2,50,periodic,ELCS-W legacy same-frame/new-sequence retry,none,5,ring2,6dof,tdma,1,1,0.15,1,0.48,0.29,0.29,0.0476190476190476,0.0476190476190476,0.0583635101262497,0.519384559587368,0,0,10.158668078596,12.9411500109465,0,1.0368178134518,0.0962271973466005,0.26,0.34,0.399999999999999,NaN,NaN,3000,1082,528,0,0,2597,1257,1340,0,0,0,0,0,0,0,0,0,1916,0,0,1,32,32,0,0,0,0,0,0,0,0.425268210030754,0,0,0,0,0,0,0,0,0,0,0.316863999999997,3.32390399999997,0,0,1.89599999999999,0,0.760473599999994,44,104.75,0,0.0100039339551377,0.0190128967912045,NaN,NaN,0.996903271947077,2597,0,0,0,0,0,0.3815168,0,831566,0,110997400,0,17552136031,tdma,candidate-elcs-w,none,local-conflict-witness-leases,none,continuous-elcs-replay,NaN,50,NaN,8.8,8.33333333333333,NaN,NaN,NaN,NaN,NaN,NaN,NaN,NaN,1082,NaN,NaN,NaN,0,0,1,0,NaN,NaN,NaN,NaN,NaN,0,0,NaN,0,0,0.316863999999997,1082,nominal,full,1,0,503132943055,0,0,0,0,0,0,0,0,1,0,0,0,0,0,0,0.166585007720309,1,0,NaN,NaN,5,1,0,0,1,188811689405,1082,1082,0.00146005840233609,0.00453205840233609,Inf,1.38777878078145e-17,0.00025,40,38.0301163121837,1,5319879340,24926708365,19033605,17850139,1031225153,44314,10,4,3,1,1,3,217,1,6,150,0,0,0,0,150,305,305,0,0,385,690,7320,11552,18872,310,8680,4000,112000,0.1725,0.1685,666,674,283,0,1079,3,0,1257,1340,0,1257,1340,0,0,1082,1082,0,1,550,0.478464,1347,979,368,0,550,0.478464,1347,979,368,0,1,14952,0.478464,0,11.993035586606,11.6287354092458,1,1113223,0.00025,40,0.000215315875123328,38.0301163121837,0.000730029201168047,0.00146005840233609,11.99546812288,1,0.000354345842277226,0,1.38777878078145e-17,NaN,NaN,NaN,NaN,1,0.15,831566,2253,candidate-elcs-w,550,0.478464,0.039872,0.316863999999997,1,iid-load15,IID occupancy 15%,iid,0.15,0,0,6316088539,0.157999999999999,3178,0.00119320327249843
cumulative-receipt-targeted-closed-loop-falsification,16072039,n5-6dof-zero-loss,N5 6-DOF zero-loss,EXP23I targeted repair,elcs-w-cumulative,3,50,periodic,ELCS-W cumulative same-sequence receipt retry,none,5,ring2,6dof,tdma,1,1,0.15,1,0.48,0.29,0.29,0.0476190476190476,0.0476190476190476,0.0583635101262497,0.519384559587368,0,0,10.158668078596,12.9411500109465,0,1.0368178134518,0.0962271973466005,0.26,0.34,0.399999999999999,NaN,NaN,3000,1082,528,0,0,2597,1257,1340,0,0,0,0,0,0,0,0,0,1916,0,0,1,32,32,0,0,0,0,0,0,0,0.418588455720155,0,0,0,0,0,0,0,0,0,0,0.309311999999997,3.32390399999997,0,0,1.89599999999999,0,0.742348799999994,44,104.75,0,0.0100039339551377,0.0190128967912045,NaN,NaN,0.996903271947077,2597,0,0,0,0,0,0.35772,0,831566,0,110997400,0,16763167027,tdma,candidate-elcs-w,none,local-conflict-witness-leases,none,continuous-elcs-replay,NaN,50,NaN,8.8,8.33333333333333,NaN,NaN,NaN,NaN,NaN,NaN,NaN,NaN,1082,NaN,NaN,NaN,0,0,1,0,NaN,NaN,NaN,NaN,NaN,0,0,NaN,0,0,0.309311999999997,1082,nominal,full,1,0,503132943055,0,0,0,0,0,0,0,0,1,0,0,0,0,0,0,0.166585007720309,1,0,NaN,NaN,5,1,0,0,1,188811689405,1082,1082,0.00146005840233609,0.00453205840233609,Inf,1.38777878078145e-17,0.00025,40,38.0301163121837,1,4880900597,24926708365,19033607,17869130,1023133172,44314,10,4,3,1,1,3,217,1,6,97,0,0,0,0,97,262,165,1,0,316,578,6288,9752,16040,310,8680,4000,112000,0.1445,0.143214285714286,579,587,241,0,1079,3,0,1257,1340,0,1257,1340,0,0,1082,1082,0,1,438,0.38784,1062,756,306,0,438,0.38784,1062,756,306,0,1,12120,0.38784,0,11.993035586606,11.6287354092458,1,380579,0.00025,40,0.000215315875123328,38.0301163121837,0.000730029201168047,0.00146005840233609,11.99546812288,1,0.000354345842277226,0,1.38777878078145e-17,NaN,NaN,NaN,NaN,1,0.15,831566,2253,candidate-elcs-w,438,0.38784,0.03232,0.309311999999997,1,iid-load15,IID occupancy 15%,iid,0.15,0,0,6316088539,0.157999999999999,3178,0.00119320327249843
cumulative-receipt-targeted-closed-loop-falsification,16072040,n5-6dof-zero-loss,N5 6-DOF zero-loss,EXP23I targeted repair,periodic-exp23d-lower,1,18.6733506944443,periodic,Periodic static TDMA / EXP23D lower-cost boundary,none,5,ring2,6dof,tdma,1,1,0.15,1,0.48,0.29,0.29,0.0476190476190476,0.0476190476190476,0.0528215127698354,0.529303594704045,0,0,10.4284279475544,13.6214655331321,0,1.03683145478177,0.0933913764510779,0.26,0.4,0.440000000000001,NaN,NaN,1120,1120,582,0,0,2688,1395,1293,0,0,0,0,0,0,538,0.480357142857143,0,0,0,0,1,32,32,0,0,0,0,0,0,0,0.393378066864315,0,0,0,0.390503109596251,0.443466542751508,0,0,0,0,0,0.286719999999997,3.44063999999997,0,0,1.8069999999998,538,0.688127999999993,48.5,116.25,0,0.0112685980671004,0.0214924462512933,NaN,NaN,0.99762613023886,2688,0,0,0,0,0,1.3025471,0,1185319,0,110997400,0,257875153,tdma,periodic-frontier,none,full-mission-static-tdma,none,continuous-local-static-tdma,NaN,18.6733506944443,NaN,9.7,8.91666666666667,NaN,NaN,NaN,NaN,NaN,NaN,NaN,NaN,1120,NaN,NaN,NaN,0,0,1,0,NaN,NaN,NaN,NaN,NaN,0,0,NaN,0,0,0.286719999999997,1120,nominal,full,0,0,503725954879,0,0,0,0,0,0,0,0,1,0,0,0,0,0,0,NaN,0,0,NaN,NaN,5,1,0,0,1,188461945939,2647,1120,0.00146005840233609,0.00453205840233609,Inf,0,0.00025,40,38.8415826031914,1,NaN,NaN,NaN,NaN,NaN,NaN,NaN,NaN,NaN,NaN,NaN,NaN,NaN,NaN,NaN,NaN,NaN,NaN,NaN,NaN,NaN,NaN,NaN,NaN,NaN,NaN,NaN,NaN,NaN,NaN,NaN,NaN,NaN,NaN,NaN,NaN,NaN,NaN,NaN,NaN,NaN,NaN,NaN,NaN,NaN,NaN,NaN,NaN,NaN,NaN,NaN,NaN,NaN,NaN,NaN,NaN,NaN,NaN,NaN,NaN,NaN,NaN,NaN,NaN,NaN,NaN,NaN,NaN,NaN,NaN,NaN,NaN,NaN,NaN,NaN,NaN,NaN,NaN,NaN,NaN,NaN,NaN,NaN,NaN,NaN,NaN,NaN,NaN,NaN,NaN,NaN,NaN,NaN,periodic-static,0,0,0,0.286719999999997,0,iid-load15,IID occupancy 15%,iid,0.15,0,0,6259335989,0.150583333333317,3088,0.00117033678756477
cumulative-receipt-targeted-closed-loop-falsification,16072040,n5-6dof-zero-loss,N5 6-DOF zero-loss,EXP23I targeted repair,elcs-w-legacy,2,50,periodic,ELCS-W legacy same-frame/new-sequence retry,none,5,ring2,6dof,tdma,1,1,0.15,1,0.48,0.29,0.29,0.0476190476190476,0.0476190476190476,0.0510412718777133,0.533305411313158,0,0,10.4019530085766,13.4500247986056,0,1.03681260080144,0.0823383084577115,0.200000000000001,0.280000000000001,0.4,NaN,NaN,3000,1084,569,0,0,2602,1364,1238,0,0,0,0,0,0,0,0,0,1914,0,0,1,32,32,0,0,0,0,0,0,0,0.434496827908112,0,0,0,0,0,0,0,0,0,0,0.330602666666664,3.33004799999997,0,0,1.80699999999995,0,0.793446399999993,47.4166666666667,113.666666666667,0,0.0100401250934681,0.0189749875895798,NaN,NaN,0.997522838260441,2602,0,0,0,0,0,0.4046306,0,1185319,0,110997400,0,19147023594,tdma,candidate-elcs-w,none,local-conflict-witness-leases,none,continuous-elcs-replay,NaN,50,NaN,9.48333333333333,8.83333333333333,NaN,NaN,NaN,NaN,NaN,NaN,NaN,NaN,1084,NaN,NaN,NaN,0,0,1,0,NaN,NaN,NaN,NaN,NaN,0,0,NaN,0,0,0.330602666666664,1084,nominal,full,1,0,503725954879,0,0,0,0,0,0,0,0,1,0,0,0,0,0,0,0.111300014880595,1,0,NaN,NaN,5,1,0,0,1,188461945939,1084,1084,0.00146005840233609,0.00453205840233609,Inf,6.93889390390723e-18,0.00025,40,38.8415826031914,1,6090515209,24900416919,19033605,17855798,1007602872,44314,10,4,3,1,1,2,217,1,2,213,0,0,0,0,213,368,368,0,0,509,877,8832,15000,23832,310,8680,4000,112000,0.21925,0.212785714285714,854,857,373,0,1083,1,0,1364,1238,0,1364,1238,0,0,1084,1084,0,1,737,0.637184,1819,1311,508,0,737,0.637183999999999,1819,1311,508,0,1,19912,0.637184,0,11.9936758426601,11.7981373405943,1,1027787,0.00025,40,0.000198058514811851,38.8415826031914,0.000730029201168047,0.00146005840233609,11.99546812288,1,0.000616879048880747,0,6.93889390390723e-18,NaN,NaN,NaN,NaN,1,0.15,1185319,2256,candidate-elcs-w,737,0.637183999999999,0.0530986666666666,0.330602666666664,1,iid-load15,IID occupancy 15%,iid,0.15,0,0,6259335989,0.150583333333329,3088,0.00117033678756477
cumulative-receipt-targeted-closed-loop-falsification,16072040,n5-6dof-zero-loss,N5 6-DOF zero-loss,EXP23I targeted repair,elcs-w-cumulative,3,50,periodic,ELCS-W cumulative same-sequence receipt retry,none,5,ring2,6dof,tdma,1,1,0.15,1,0.48,0.29,0.29,0.0476190476190476,0.0476190476190476,0.0510412718777133,0.533305411313158,0,0,10.4019530085766,13.4500247986056,0,1.03681260080144,0.0823383084577115,0.200000000000001,0.280000000000001,0.4,NaN,NaN,3000,1084,569,0,0,2602,1364,1238,0,0,0,0,0,0,0,0,0,1914,0,0,1,32,32,0,0,0,0,0,0,0,0.420160915197551,0,0,0,0,0,0,0,0,0,0,0.313898666666664,3.33004799999997,0,0,1.80699999999995,0,0.753356799999994,47.4166666666667,113.666666666667,0,0.0100401250934681,0.0189749875895798,NaN,NaN,0.997522838260441,2602,0,0,0,0,0,0.4240214,0,1185319,0,110997400,0,17207734611,tdma,candidate-elcs-w,none,local-conflict-witness-leases,none,continuous-elcs-replay,NaN,50,NaN,9.48333333333333,8.83333333333333,NaN,NaN,NaN,NaN,NaN,NaN,NaN,NaN,1084,NaN,NaN,NaN,0,0,1,0,NaN,NaN,NaN,NaN,NaN,0,0,NaN,0,0,0.313898666666664,1084,nominal,full,1,0,503725954879,0,0,0,0,0,0,0,0,1,0,0,0,0,0,0,0.111300014880595,1,0,NaN,NaN,5,1,0,0,1,188461945939,1084,1084,0.00146005840233609,0.00453205840233609,Inf,6.93889390390723e-18,0.00025,40,38.8415826031914,1,5114689159,24900416919,19033607,17873159,1006725209,44314,10,4,3,1,1,2,217,1,2,119,0,0,0,0,119,279,160,1,0,355,634,6696,10872,17568,310,8680,4000,112000,0.1585,0.156857142857143,646,649,272,0,1083,1,0,1364,1238,0,1364,1238,0,0,1084,1084,0,1,494,0.436736,1207,864,343,0,494,0.436736,1207,864,343,0,1,13648,0.436736,0,11.9936758426601,11.6322763271697,1,1349726,0.00025,40,0.000198058514811851,38.8415826031914,0.000730029201168047,0.00146005840233609,11.99546812288,1,0.000623522340609028,0,6.93889390390723e-18,NaN,NaN,NaN,NaN,1,0.15,1185319,2256,candidate-elcs-w,494,0.436736,0.0363946666666666,0.313898666666664,1,iid-load15,IID occupancy 15%,iid,0.15,0,0,6259335989,0.150583333333329,3088,0.00117033678756477
cumulative-receipt-targeted-closed-loop-falsification,16072041,n5-6dof-zero-loss,N5 6-DOF zero-loss,EXP23I targeted repair,periodic-exp23d-lower,1,18.6733506944443,periodic,Periodic static TDMA / EXP23D lower-cost boundary,none,5,ring2,6dof,tdma,1,1,0.15,1,0.48,0.29,0.29,0.0476190476190476,0.0476190476190476,0.054681970915544,0.525428649447693,0,0,10.1569245225525,12.4661984040987,0,1.03672321011058,0.0969817578772802,0.26,0.34,0.4,NaN,NaN,1120,1120,568,0,0,2688,1373,1315,0,0,0,0,0,0,552,0.492857142857143,0,0,0,0,1,32,32,0,0,0,0,0,0,0,0.392672949079305,0,0,0,0.395006143661461,0.459568291369297,0,0,0,0,0,0.286719999999997,3.44063999999997,0,0,1.77799999999979,552,0.688127999999993,47.3333333333333,114.416666666667,0,0.0113165307689055,0.021500777928843,NaN,NaN,0.993514612139316,2688,0,0,0,0,0,1.346906,0,1298990,0,110997400,0,257875155,tdma,periodic-frontier,none,full-mission-static-tdma,none,continuous-local-static-tdma,NaN,18.6733506944443,NaN,9.46666666666667,8.33333333333333,NaN,NaN,NaN,NaN,NaN,NaN,NaN,NaN,1120,NaN,NaN,NaN,0,0,1,0,NaN,NaN,NaN,NaN,NaN,0,0,NaN,0,0,0.286719999999997,1120,nominal,full,0,0,502799871370,0,0,0,0,0,0,0,0,1,0,0,0,0,0,0,NaN,0,0,NaN,NaN,5,1,0,0,1,188785663615,2647,1120,0.00146005840233609,0.00453205840233609,Inf,0,0.00025,40,30.1464081847646,1,NaN,NaN,NaN,NaN,NaN,NaN,NaN,NaN,NaN,NaN,NaN,NaN,NaN,NaN,NaN,NaN,NaN,NaN,NaN,NaN,NaN,NaN,NaN,NaN,NaN,NaN,NaN,NaN,NaN,NaN,NaN,NaN,NaN,NaN,NaN,NaN,NaN,NaN,NaN,NaN,NaN,NaN,NaN,NaN,NaN,NaN,NaN,NaN,NaN,NaN,NaN,NaN,NaN,NaN,NaN,NaN,NaN,NaN,NaN,NaN,NaN,NaN,NaN,NaN,NaN,NaN,NaN,NaN,NaN,NaN,NaN,NaN,NaN,NaN,NaN,NaN,NaN,NaN,NaN,NaN,NaN,NaN,NaN,NaN,NaN,NaN,NaN,NaN,NaN,NaN,NaN,NaN,NaN,periodic-static,0,0,0,0.286719999999997,0,iid-load15,IID occupancy 15%,iid,0.15,0,0,6262839882,0.148166666666649,3067,0.00115906127770535
cumulative-receipt-targeted-closed-loop-falsification,16072041,n5-6dof-zero-loss,N5 6-DOF zero-loss,EXP23I targeted repair,elcs-w-legacy,2,50,periodic,ELCS-W legacy same-frame/new-sequence retry,none,5,ring2,6dof,tdma,1,1,0.15,1,0.48,0.29,0.29,0.0476190476190476,0.0476190476190476,0.0537775507252232,0.53272438814964,0,0,10.4479054371681,12.4252013266385,0,1.03675547207088,0.0982669983416253,0.26,0.357799999999997,0.440000000000001,NaN,NaN,3000,1082,547,0,0,2596,1309,1287,0,0,0,0,0,0,0,0,0,1916,0,0,1,32,32,0,0,0,0,0,0,0,0.422900731624259,0,0,0,0,0,0,0,0,0,0,0.323455999999997,3.32390399999997,0,0,1.77800000000001,0,0.776294399999994,45.5833333333333,109.083333333333,0,0.0100767257544234,0.0190610465602312,NaN,NaN,0.994363669596717,2596,0,0,0,0,0,0.3862648,0,1298990,0,110997400,0,18205423259,tdma,candidate-elcs-w,none,local-conflict-witness-leases,none,continuous-elcs-replay,NaN,50,NaN,9.11666666666667,8,NaN,NaN,NaN,NaN,NaN,NaN,NaN,NaN,1082,NaN,NaN,NaN,0,0,1,0,NaN,NaN,NaN,NaN,NaN,0,0,NaN,0,0,0.323455999999997,1082,nominal,full,1,0,502799871370,0,0,0,0,0,0,0,0,1,0,0,0,0,0,0,0.166585007720309,1,0,NaN,NaN,5,1,0,0,1,188785663615,1082,1082,0.00146005840233609,0.00453205840233609,Inf,1.38777878078145e-17,0.00025,40,30.1464081847646,1,5673889003,25284128157,19033605,17850421,998972979,44314,10,4,3,1,1,3,217,1,6,172,0,0,0,0,172,327,327,0,0,455,782,7848,13496,21344,310,8680,4000,112000,0.1955,0.190571428571429,768,777,327,0,1079,3,0,1309,1287,0,1309,1287,0,0,1082,1082,0,1,642,0.557568,1581,1188,393,0,642,0.557567999999999,1581,1188,393,0,1,17424,0.557568,0,11.9931850726474,11.5765022806266,1,1371319,0.00025,40,0.000185404405003332,30.1464081847646,0.000730029201168047,0.00146005840233609,11.99546812288,1,0.000927646508410263,0,1.38777878078145e-17,NaN,NaN,NaN,NaN,1,0.15,1298990,2084,candidate-elcs-w,642,0.557567999999999,0.0464639999999999,0.323455999999997,1,iid-load15,IID occupancy 15%,iid,0.15,0,0,6262839882,0.148166666666668,3067,0.00115906127770535
cumulative-receipt-targeted-closed-loop-falsification,16072041,n5-6dof-zero-loss,N5 6-DOF zero-loss,EXP23I targeted repair,elcs-w-cumulative,3,50,periodic,ELCS-W cumulative same-sequence receipt retry,none,5,ring2,6dof,tdma,1,1,0.15,1,0.48,0.29,0.29,0.0476190476190476,0.0476190476190476,0.0537775507252232,0.53272438814964,0,0,10.4479054371681,12.4252013266385,0,1.03675547207088,0.0982669983416253,0.26,0.357799999999997,0.440000000000001,NaN,NaN,3000,1082,547,0,0,2596,1309,1287,0,0,0,0,0,0,0,0,0,1916,0,0,1,32,32,0,0,0,0,0,0,0,0.41127784459542,0,0,0,0,0,0,0,0,0,0,0.309909333333331,3.32390399999997,0,0,1.77800000000001,0,0.743782399999994,45.5833333333333,109.083333333333,0,0.0100767257544234,0.0190610465602312,NaN,NaN,0.994363669596717,2596,0,0,0,0,0,0.397316099999999,0,1298990,0,110997400,0,16792584666,tdma,candidate-elcs-w,none,local-conflict-witness-leases,none,continuous-elcs-replay,NaN,50,NaN,9.11666666666667,8,NaN,NaN,NaN,NaN,NaN,NaN,NaN,NaN,1082,NaN,NaN,NaN,0,0,1,0,NaN,NaN,NaN,NaN,NaN,0,0,NaN,0,0,0.309909333333331,1082,nominal,full,1,0,502799871370,0,0,0,0,0,0,0,0,1,0,0,0,0,0,0,0.166585007720309,1,0,NaN,NaN,5,1,0,0,1,188785663615,1082,1082,0.00146005840233609,0.00453205840233609,Inf,1.38777878078145e-17,0.00025,40,30.1464081847646,1,4964518234,25284128157,19033607,17869038,1008102626,44314,10,4,3,1,1,3,217,1,6,98,0,0,0,0,98,263,165,1,0,322,585,6312,9952,16264,310,8680,4000,112000,0.14625,0.145214285714286,591,600,245,0,1079,3,0,1309,1287,0,1309,1287,0,0,1082,1082,0,1,445,0.395008,1077,821,256,0,445,0.395008,1077,821,256,0,1,12344,0.395008,0,11.9931850726474,11.5765022806266,1,1572464,0.00025,40,0.000185404405003332,30.1464081847646,0.000730029201168047,0.00146005840233609,11.99546812288,1,0.000927646508410263,0,1.38777878078145e-17,NaN,NaN,NaN,NaN,1,0.15,1298990,2084,candidate-elcs-w,445,0.395008,0.0329173333333333,0.309909333333331,1,iid-load15,IID occupancy 15%,iid,0.15,0,0,6262839882,0.148166666666668,3067,0.00115906127770535
cumulative-receipt-targeted-closed-loop-falsification,16072042,n5-6dof-zero-loss,N5 6-DOF zero-loss,EXP23I targeted repair,periodic-exp23d-lower,1,18.6733506944443,periodic,Periodic static TDMA / EXP23D lower-cost boundary,none,5,ring2,6dof,tdma,1,1,0.15,1,0.48,0.29,0.29,0.0476190476190476,0.0476190476190476,0.0529886547401861,0.526883780406937,0,0,10.3668037677959,12.5605623535675,0,1.03670047341476,0.0890381426202321,0.220000000000001,0.300000000000001,0.42,NaN,NaN,1120,1120,567,0,0,2688,1361,1327,0,0,0,0,0,0,553,0.49375,0,0,0,0,1,32,32,0,0,0,0,0,0,0,0.394875345287202,0,0,0,0.398045790112029,0.444526067356375,0,0,0,0,0,0.286719999999997,3.44063999999997,0,0,1.80899999999978,553,0.688127999999993,47.25,113.416666666667,0,0.0113721248080931,0.0215161673040934,NaN,NaN,0.996139247370133,2688,0,0,0,0,0,1.270888,0,1683025,0,110997400,0,257875157,tdma,periodic-frontier,none,full-mission-static-tdma,none,continuous-local-static-tdma,NaN,18.6733506944443,NaN,9.45,8.83333333333333,NaN,NaN,NaN,NaN,NaN,NaN,NaN,NaN,1120,NaN,NaN,NaN,0,0,1,0,NaN,NaN,NaN,NaN,NaN,0,0,NaN,0,0,0.286719999999997,1120,nominal,full,0,0,503418368711,0,0,0,0,0,0,0,0,1,0,0,0,0,0,0,NaN,0,0,NaN,NaN,5,1,0,0,1,188588222120,2648,1120,0.00146005840233609,0.00453205840233609,Inf,8.88178419700125e-16,0.00025,40,35.8101850171227,1,NaN,NaN,NaN,NaN,NaN,NaN,NaN,NaN,NaN,NaN,NaN,NaN,NaN,NaN,NaN,NaN,NaN,NaN,NaN,NaN,NaN,NaN,NaN,NaN,NaN,NaN,NaN,NaN,NaN,NaN,NaN,NaN,NaN,NaN,NaN,NaN,NaN,NaN,NaN,NaN,NaN,NaN,NaN,NaN,NaN,NaN,NaN,NaN,NaN,NaN,NaN,NaN,NaN,NaN,NaN,NaN,NaN,NaN,NaN,NaN,NaN,NaN,NaN,NaN,NaN,NaN,NaN,NaN,NaN,NaN,NaN,NaN,NaN,NaN,NaN,NaN,NaN,NaN,NaN,NaN,NaN,NaN,NaN,NaN,NaN,NaN,NaN,NaN,NaN,NaN,NaN,NaN,NaN,periodic-static,0,0,0,0.286719999999997,0,iid-load15,IID occupancy 15%,iid,0.15,0,0,6311716849,0.150749999999982,3072,0.001177734375
cumulative-receipt-targeted-closed-loop-falsification,16072042,n5-6dof-zero-loss,N5 6-DOF zero-loss,EXP23I targeted repair,elcs-w-legacy,2,50,periodic,ELCS-W legacy same-frame/new-sequence retry,none,5,ring2,6dof,tdma,1,1,0.15,1,0.48,0.29,0.29,0.0476190476190476,0.0476190476190476,0.0539624347782376,0.528111631567393,0,0,10.2029844887354,12.7964313664569,0,1.03676845020653,0.0919154228855723,0.24,0.32,0.4,NaN,NaN,3000,1083,546,0,0,2599,1315,1284,0,0,0,0,0,0,0,0,0,1915,0,0,1,32,32,0,0,0,0,0,0,0,0.426753620620054,0,0,0,0,0,0,0,0,0,0,0.325717333333331,3.32697599999997,0,0,1.80900000000003,0,0.781721599999994,45.5,109.583333333333,0,0.0100637126787956,0.0190668491203577,NaN,NaN,0.999148707980025,2599,0,0,0,0,0,0.4009092,0,1683025,0,110997400,0,18507373855,tdma,candidate-elcs-w,none,local-conflict-witness-leases,none,continuous-elcs-replay,NaN,50,NaN,9.1,8.58333333333333,NaN,NaN,NaN,NaN,NaN,NaN,NaN,NaN,1083,NaN,NaN,NaN,0,0,1,0,NaN,NaN,NaN,NaN,NaN,0,0,NaN,0,0,0.325717333333331,1083,nominal,full,1,0,503418368711,0,0,0,0,0,0,0,0,1,0,0,0,0,0,0,0.166585007720309,1,0,NaN,NaN,5,1,0,0,1,188588222120,1083,1083,0.00146005840233609,0.00453205840233609,Inf,6.93889390390723e-18,0.00025,40,35.8101850171227,1,5781155268,25251116021,19033605,17853171,1030675005,44314,10,4,3,1,1,3,217,1,4,184,0,0,0,0,184,339,339,0,0,465,804,8136,13960,22096,310,8680,4000,112000,0.201,0.197285714285714,809,815,334,0,1081,2,0,1315,1284,0,1315,1284,0,0,1083,1083,0,1,664,0.581632,1607,1180,427,0,664,0.581631999999999,1607,1180,427,0,1,18176,0.581632,0,11.9931733741524,11.6870738904887,1,1033661,0.00025,40,0.000248083409221745,35.8101850171227,0.000730029201168047,0.00146005840233609,11.99546812288,1,0.000721827046419321,0,6.93889390390723e-18,NaN,NaN,NaN,NaN,1,0.15,1683025,2145,candidate-elcs-w,664,0.581631999999999,0.0484693333333333,0.325717333333331,1,iid-load15,IID occupancy 15%,iid,0.15,0,0,6311716849,0.150750000000002,3072,0.001177734375
cumulative-receipt-targeted-closed-loop-falsification,16072042,n5-6dof-zero-loss,N5 6-DOF zero-loss,EXP23I targeted repair,elcs-w-cumulative,3,50,periodic,ELCS-W cumulative same-sequence receipt retry,none,5,ring2,6dof,tdma,1,1,0.15,1,0.48,0.29,0.29,0.0476190476190476,0.0476190476190476,0.0539624347782376,0.528111631567393,0,0,10.2029844887354,12.7964313664569,0,1.03676845020653,0.0919154228855723,0.24,0.32,0.4,NaN,NaN,3000,1083,546,0,0,2599,1315,1284,0,0,0,0,0,0,0,0,0,1915,0,0,1,32,32,0,0,0,0,0,0,0,0.414365300159127,0,0,0,0,0,0,0,0,0,0,0.311551999999997,3.32697599999997,0,0,1.80900000000003,0,0.747724799999994,45.5,109.583333333333,0,0.0100637126787956,0.0190668491203577,NaN,NaN,0.999148707980025,2599,0,0,0,0,0,0.4212004,0,1683025,0,110997400,0,17010681349,tdma,candidate-elcs-w,none,local-conflict-witness-leases,none,continuous-elcs-replay,NaN,50,NaN,9.1,8.58333333333333,NaN,NaN,NaN,NaN,NaN,NaN,NaN,NaN,1083,NaN,NaN,NaN,0,0,1,0,NaN,NaN,NaN,NaN,NaN,0,0,NaN,0,0,0.311551999999997,1083,nominal,full,1,0,503418368711,0,0,0,0,0,0,0,0,1,0,0,0,0,0,0,0.166585007720309,1,0,NaN,NaN,5,1,0,0,1,188588222120,1083,1083,0.00146005840233609,0.00453205840233609,Inf,6.93889390390723e-18,0.00025,40,35.8101850171227,1,5029033563,25251116021,19033607,17871040,1021109182,44314,10,4,3,1,1,3,217,1,4,108,0,0,0,0,108,269,161,1,0,335,604,6456,10328,16784,310,8680,4000,112000,0.151,0.149857142857143,615,621,249,0,1081,2,0,1315,1284,0,1315,1284,0,0,1083,1083,0,1,464,0.411648,1122,826,296,0,464,0.411648,1122,826,296,0,1,12864,0.411648,0,11.9931733741524,11.6317892388848,1,1667915,0.00025,40,0.000248083409221745,35.8101850171227,0.000730029201168047,0.00146005840233609,11.99546812288,1,0.000721827046419321,0,6.93889390390723e-18,NaN,NaN,NaN,NaN,1,0.15,1683025,2145,candidate-elcs-w,464,0.411648,0.034304,0.311551999999997,1,iid-load15,IID occupancy 15%,iid,0.15,0,0,6311716849,0.150750000000002,3072,0.001177734375
cumulative-receipt-targeted-closed-loop-falsification,16072043,n5-6dof-zero-loss,N5 6-DOF zero-loss,EXP23I targeted repair,periodic-exp23d-lower,1,18.6733506944443,periodic,Periodic static TDMA / EXP23D lower-cost boundary,none,5,ring2,6dof,tdma,1,1,0.15,1,0.48,0.29,0.29,0.0476190476190476,0.0476190476190476,0.0543945936257448,0.524984437685779,0,0,10.3313492956647,12.3945369290882,0,1.03681246840413,0.0843034825870646,0.219999999999999,0.32,0.48,NaN,NaN,1120,1120,616,0,0,2688,1478,1210,0,0,0,0,0,0,504,0.45,0,0,0,0,1,32,32,0,0,0,0,0,0,0,0.393486043651588,0,0,0,0.388474200380344,0.435628642086341,0,0,0,0,0,0.286719999999997,3.44063999999997,0,0,1.7549999999998,504,0.688127999999993,51.3333333333333,123.166666666667,0,0.0113039692381691,0.0215010515322758,NaN,NaN,0.999857711259255,2688,0,0,0,0,0,1.2673725,0,585275,0,110997400,0,257875159,tdma,periodic-frontier,none,full-mission-static-tdma,none,continuous-local-static-tdma,NaN,18.6733506944443,NaN,10.2666666666667,10.0833333333333,NaN,NaN,NaN,NaN,NaN,NaN,NaN,NaN,1120,NaN,NaN,NaN,0,0,1,0,NaN,NaN,NaN,NaN,NaN,0,0,NaN,0,0,0.286719999999997,1120,nominal,full,0,0,503224400991,0,0,0,0,0,0,0,0,1,0,0,0,0,0,0,NaN,0,0,NaN,NaN,5,1,0,0,1,188972488292,2647,1120,0.00146005840233609,0.00453205840233609,Inf,0,0.00025,40,36.4213791900612,1,NaN,NaN,NaN,NaN,NaN,NaN,NaN,NaN,NaN,NaN,NaN,NaN,NaN,NaN,NaN,NaN,NaN,NaN,NaN,NaN,NaN,NaN,NaN,NaN,NaN,NaN,NaN,NaN,NaN,NaN,NaN,NaN,NaN,NaN,NaN,NaN,NaN,NaN,NaN,NaN,NaN,NaN,NaN,NaN,NaN,NaN,NaN,NaN,NaN,NaN,NaN,NaN,NaN,NaN,NaN,NaN,NaN,NaN,NaN,NaN,NaN,NaN,NaN,NaN,NaN,NaN,NaN,NaN,NaN,NaN,NaN,NaN,NaN,NaN,NaN,NaN,NaN,NaN,NaN,NaN,NaN,NaN,NaN,NaN,NaN,NaN,NaN,NaN,NaN,NaN,NaN,NaN,NaN,periodic-static,0,0,0,0.286719999999997,0,iid-load15,IID occupancy 15%,iid,0.15,0,0,6270078937,0.146249999999983,2975,0.00117943548387097
cumulative-receipt-targeted-closed-loop-falsification,16072043,n5-6dof-zero-loss,N5 6-DOF zero-loss,EXP23I targeted repair,elcs-w-legacy,2,50,periodic,ELCS-W legacy same-frame/new-sequence retry,none,5,ring2,6dof,tdma,1,1,0.15,1,0.48,0.29,0.29,0.0476190476190476,0.0476190476190476,0.0534028238011683,0.527520324218268,0,0,10.1480806058745,12.7537990226654,0,1.03674879300086,0.0892205638474297,0.24,0.32,0.4,NaN,NaN,3000,1081,570,0,0,2595,1367,1228,0,0,0,0,0,0,0,0,0,1917,0,0,1,32,32,0,0,0,0,0,0,0,0.425530310213822,0,0,0,0,0,0,0,0,0,0,0.326229333333331,3.32083199999997,0,0,1.75499999999995,0,0.782950399999993,47.5,113.916666666667,0,0.0100128876902774,0.0189511717915433,NaN,NaN,0.999630791951265,2595,0,0,0,0,0,0.404735,0,585275,0,110997400,0,18612770283,tdma,candidate-elcs-w,none,local-conflict-witness-leases,none,continuous-elcs-replay,NaN,50,NaN,9.5,9.25,NaN,NaN,NaN,NaN,NaN,NaN,NaN,NaN,1081,NaN,NaN,NaN,0,0,1,0,NaN,NaN,NaN,NaN,NaN,0,0,NaN,0,0,0.326229333333331,1081,nominal,full,1,0,503224400991,0,0,0,0,0,0,0,0,1,0,0,0,0,0,0,0.111300014880595,1,0,NaN,NaN,5,1,0,0,1,188972488292,1081,1081,0.00146005840233609,0.00453205840233609,Inf,6.93889390390723e-18,0.00025,40,36.4213791900612,1,5911673248,25252094816,19033605,17852918,989692447,44314,10,4,3,1,1,2,217,1,4,199,0,0,0,0,199,354,354,0,0,471,825,8496,13984,22480,310,8680,4000,112000,0.20625,0.200714285714286,801,806,350,0,1081,0,0,1367,1228,0,1367,1228,0,0,1081,1081,0,1,685,0.59392,1674,1196,478,0,685,0.593919999999999,1674,1196,478,0,1,18560,0.59392,0,11.9930876050888,11.7930295889654,1,686315,0.00025,40,0.000199972974869786,36.4213791900612,0.000730029201168047,0.00146005840233609,11.99546812288,1,0.000888050870056389,0,6.93889390390723e-18,NaN,NaN,NaN,NaN,1,0.15,585275,2131,candidate-elcs-w,685,0.593919999999999,0.0494933333333333,0.326229333333331,1,iid-load15,IID occupancy 15%,iid,0.15,0,0,6270078937,0.146249999999996,2975,0.00117943548387097
cumulative-receipt-targeted-closed-loop-falsification,16072043,n5-6dof-zero-loss,N5 6-DOF zero-loss,EXP23I targeted repair,elcs-w-cumulative,3,50,periodic,ELCS-W cumulative same-sequence receipt retry,none,5,ring2,6dof,tdma,1,1,0.15,1,0.48,0.29,0.29,0.0476190476190476,0.0476190476190476,0.0533997375601859,0.527522250110112,0,0,10.1480806058745,12.7537990226654,0,1.03674880985353,0.0892205638474297,0.24,0.32,0.4,NaN,NaN,3000,1082,571,0,0,2597,1369,1228,0,0,0,0,0,0,0,0,0,1916,0,0,1,32,32,0,0,0,0,0,0,0,0.412331375642662,0,0,0,0,0,0,0,0,0,0,0.309930666666664,3.32390399999997,0,0,1.75499999999995,0,0.743833599999994,47.5833333333333,114.083333333333,0,0.0100122515094398,0.0189509623855494,NaN,NaN,0.999650472934648,2597,0,0,0,0,0,0.4103,0,585275,0,110997400,0,16847891818,tdma,candidate-elcs-w,none,local-conflict-witness-leases,none,continuous-elcs-replay,NaN,50,NaN,9.51666666666667,9.25,NaN,NaN,NaN,NaN,NaN,NaN,NaN,NaN,1082,NaN,NaN,NaN,0,0,1,0,NaN,NaN,NaN,NaN,NaN,0,0,NaN,0,0,0.309930666666664,1082,nominal,full,1,0,503224400991,0,0,0,0,0,0,0,0,1,0,0,0,0,0,0,0.111300014880595,1,0,NaN,NaN,5,1,0,0,1,188972488292,1082,1082,0.00146005840233609,0.00453205840233609,Inf,6.93889390390723e-18,0.00025,40,36.4213791900612,1,4929084618,25252094816,19033607,17873265,1008815250,44314,10,4,3,1,1,2,217,1,3,97,0,0,0,0,97,264,167,1,0,325,589,6336,9936,16272,310,8680,4000,112000,0.14725,0.145285714285714,587,592,245,0,1082,0,0,1369,1228,0,1369,1228,0,0,1082,1082,0,1,449,0.395264,1092,804,288,0,449,0.395263999999999,1092,804,288,0,1,12352,0.395264,0,11.9930876050888,11.5764076934171,1,1462048,0.00025,40,0.000199972974869786,36.4213791900612,0.000730029201168047,0.00146005840233609,11.99546812288,1,0.000888050870056389,0,6.93889390390723e-18,NaN,NaN,NaN,NaN,1,0.15,585275,2131,candidate-elcs-w,449,0.395263999999999,0.0329386666666666,0.309930666666664,1,iid-load15,IID occupancy 15%,iid,0.15,0,0,6270078937,0.146249999999996,2975,0.00117943548387097
cumulative-receipt-targeted-closed-loop-falsification,16072044,n5-6dof-zero-loss,N5 6-DOF zero-loss,EXP23I targeted repair,periodic-exp23d-lower,1,18.6733506944443,periodic,Periodic static TDMA / EXP23D lower-cost boundary,none,5,ring2,6dof,tdma,1,1,0.15,1,0.48,0.29,0.29,0.0476190476190476,0.0476190476190476,0.062073670327641,0.51608335175474,0,0,10.7226780343519,12.5406545737486,0,1.03674334261698,0.110505804311774,0.280000000000001,0.459999999999999,0.619999999999999,NaN,NaN,1120,1120,560,0,0,2688,1331,1357,0,0,0,0,0,0,560,0.5,0,0,0,0,1,32,32,0,0,0,0,0,0,0,0.394453984469249,0,0,0,0.393231618761619,0.450572492340713,0,0,0,0,0,0.286719999999997,3.44063999999997,0,0,1.81199999999975,560,0.688127999999993,46.6666666666667,110.916666666667,0,0.0113268936994297,0.0215346001718004,NaN,NaN,0.995681991363983,2688,0,0,0,0,0,1.2897265,0,626795,0,110997400,0,257875161,tdma,periodic-frontier,none,full-mission-static-tdma,none,continuous-local-static-tdma,NaN,18.6733506944443,NaN,9.33333333333333,8.16666666666667,NaN,NaN,NaN,NaN,NaN,NaN,NaN,NaN,1120,NaN,NaN,NaN,0,0,1,0,NaN,NaN,NaN,NaN,NaN,0,0,NaN,0,0,0.286719999999997,1120,nominal,full,0,0,503559895320,0,0,0,0,0,0,0,0,1,0,0,0,0,0,0,NaN,0,0,NaN,NaN,5,1,0,0,1,188593224588,2647,1120,0.00146005840233609,0.00453205840233609,Inf,0,0.00025,40,32.9879709183902,1,NaN,NaN,NaN,NaN,NaN,NaN,NaN,NaN,NaN,NaN,NaN,NaN,NaN,NaN,NaN,NaN,NaN,NaN,NaN,NaN,NaN,NaN,NaN,NaN,NaN,NaN,NaN,NaN,NaN,NaN,NaN,NaN,NaN,NaN,NaN,NaN,NaN,NaN,NaN,NaN,NaN,NaN,NaN,NaN,NaN,NaN,NaN,NaN,NaN,NaN,NaN,NaN,NaN,NaN,NaN,NaN,NaN,NaN,NaN,NaN,NaN,NaN,NaN,NaN,NaN,NaN,NaN,NaN,NaN,NaN,NaN,NaN,NaN,NaN,NaN,NaN,NaN,NaN,NaN,NaN,NaN,NaN,NaN,NaN,NaN,NaN,NaN,NaN,NaN,NaN,NaN,NaN,NaN,periodic-static,0,0,0,0.286719999999997,0,iid-load15,IID occupancy 15%,iid,0.15,0,0,6352469358,0.150999999999979,3108,0.00116602316602317
cumulative-receipt-targeted-closed-loop-falsification,16072044,n5-6dof-zero-loss,N5 6-DOF zero-loss,EXP23I targeted repair,elcs-w-legacy,2,50,periodic,ELCS-W legacy same-frame/new-sequence retry,none,5,ring2,6dof,tdma,1,1,0.15,1,0.48,0.29,0.29,0.0476190476190476,0.0476190476190476,0.0516818435729142,0.531428202843134,0,0,10.2019068388616,12.7504511059678,0,1.03673952171849,0.0932421227197347,0.24,0.357799999999997,0.4,NaN,NaN,3000,1084,561,0,0,2601,1348,1253,0,0,0,0,0,0,0,0,0,1914,0,0,1,32,32,0,0,0,0,0,0,0,0.433073638753999,0,0,0,0,0,0,0,0,0,0,0.330666666666664,3.33004799999997,0,0,1.81199999999996,0,0.793599999999993,46.75,112.333333333333,0,0.0100359178741952,0.0189967582687539,NaN,NaN,0.999320494705257,2601,0,0,0,0,0,0.395659300000001,0,626795,0,110997400,0,19065217302,tdma,candidate-elcs-w,none,local-conflict-witness-leases,none,continuous-elcs-replay,NaN,50,NaN,9.35,8.91666666666667,NaN,NaN,NaN,NaN,NaN,NaN,NaN,NaN,1084,NaN,NaN,NaN,0,0,1,0,NaN,NaN,NaN,NaN,NaN,0,0,NaN,0,0,0.330666666666664,1084,nominal,full,1,0,503559895320,0,0,0,0,0,0,0,0,1,0,0,0,0,0,0,0.111300014880595,1,0,NaN,NaN,5,1,0,0,1,188593224588,1084,1084,0.00146005840233609,0.00453205840233609,Inf,1.73472347597681e-18,0.00025,40,32.9879709183902,1,6053962360,25163116163,19033605,17857441,1000522892,44314,10,4,3,1,1,2,217,1,1,211,0,0,0,0,211,366,366,0,0,509,875,8784,15072,23856,310,8680,4000,112000,0.21875,0.213,866,866,378,0,1084,0,0,1348,1253,0,1348,1253,0,0,1084,1084,0,1,735,0.637951999999999,1800,1310,490,0,735,0.637951999999999,1800,1310,490,0,1,19936,0.637952,0,11.9932110039791,11.9082477311048,1,879203,0.00025,40,0.000242534809043013,32.9879709183902,0.000730029201168047,0.00146005840233609,11.99546812288,1,0.00111561194470511,0,1.73472347597681e-18,NaN,NaN,NaN,NaN,1,0.15,626795,2160,candidate-elcs-w,735,0.637951999999999,0.0531626666666666,0.330666666666664,1,iid-load15,IID occupancy 15%,iid,0.15,0,0,6352469358,0.150999999999996,3108,0.00116602316602317
cumulative-receipt-targeted-closed-loop-falsification,16072044,n5-6dof-zero-loss,N5 6-DOF zero-loss,EXP23I targeted repair,elcs-w-cumulative,3,50,periodic,ELCS-W cumulative same-sequence receipt retry,none,5,ring2,6dof,tdma,1,1,0.15,1,0.48,0.29,0.29,0.0476190476190476,0.0476190476190476,0.0516818435729142,0.531428202843134,0,0,10.2019068388616,12.7504511059678,0,1.03673952171849,0.0932421227197347,0.24,0.357799999999997,0.4,NaN,NaN,3000,1084,561,0,0,2601,1348,1253,0,0,0,0,0,0,0,0,0,1914,0,0,1,32,32,0,0,0,0,0,0,0,0.418058340758298,0,0,0,0,0,0,0,0,0,0,0.313962666666664,3.33004799999997,0,0,1.81199999999996,0,0.753510399999994,46.75,112.333333333333,0,0.0100359178741952,0.0189967582687539,NaN,NaN,0.999320494705257,2601,0,0,0,0,0,0.3788888,0,626795,0,110997400,0,17160846958,tdma,candidate-elcs-w,none,local-conflict-witness-leases,none,continuous-elcs-replay,NaN,50,NaN,9.35,8.91666666666667,NaN,NaN,NaN,NaN,NaN,NaN,NaN,NaN,1084,NaN,NaN,NaN,0,0,1,0,NaN,NaN,NaN,NaN,NaN,0,0,NaN,0,0,0.313962666666664,1084,nominal,full,1,0,503559895320,0,0,0,0,0,0,0,0,1,0,0,0,0,0,0,0.111300014880595,1,0,NaN,NaN,5,1,0,0,1,188593224588,1084,1084,0.00146005840233609,0.00453205840233609,Inf,1.73472347597681e-18,0.00025,40,32.9879709183902,1,5082844165,25163116163,19033607,17875383,987806918,44314,10,4,3,1,1,2,217,1,1,124,0,0,0,0,124,288,164,1,0,342,630,6912,10680,17592,310,8680,4000,112000,0.1575,0.157071428571429,651,651,267,0,1084,0,0,1348,1253,0,1348,1253,0,0,1084,1084,0,1,490,0.437504,1182,819,363,0,490,0.437504,1182,819,363,0,1,13672,0.437504,0,11.9932110039791,11.6318166788307,1,1242121,0.00025,40,0.000242534809043013,32.9879709183902,0.000730029201168047,0.00146005840233609,11.99546812288,1,0.00111561194470511,0,1.73472347597681e-18,NaN,NaN,NaN,NaN,1,0.15,626795,2160,candidate-elcs-w,490,0.437504,0.0364586666666667,0.313962666666664,1,iid-load15,IID occupancy 15%,iid,0.15,0,0,6352469358,0.150999999999996,3108,0.00116602316602317
cumulative-receipt-targeted-closed-loop-falsification,16072045,n5-6dof-zero-loss,N5 6-DOF zero-loss,EXP23I targeted repair,periodic-exp23d-lower,1,18.6733506944443,periodic,Periodic static TDMA / EXP23D lower-cost boundary,none,5,ring2,6dof,tdma,1,1,0.15,1,0.48,0.29,0.29,0.0476190476190476,0.0476190476190476,0.0579951986898657,0.524456416010586,0,0,10.5222070603846,12.5817393992151,0,1.03668752132009,0.0975373134328357,0.26,0.359999999999999,0.460000000000001,NaN,NaN,1120,1120,573,0,0,2688,1364,1324,0,0,0,0,0,0,547,0.488392857142857,0,0,0,0,1,32,32,0,0,0,0,0,0,0,0.395691629540996,0,0,0,0.405906579098788,0.463962595546495,0,0,0,0,0,0.286719999999997,3.44063999999997,0,0,1.81699999999975,547,0.688127999999993,47.75,113.666666666667,0,0.0113418086598047,0.0215305573339651,NaN,NaN,0.996794025228836,2688,0,0,0,0,0,1.3848709,0,478556,0,110997400,0,257875163,tdma,periodic-frontier,none,full-mission-static-tdma,none,continuous-local-static-tdma,NaN,18.6733506944443,NaN,9.55,8.58333333333333,NaN,NaN,NaN,NaN,NaN,NaN,NaN,NaN,1120,NaN,NaN,NaN,0,0,1,0,NaN,NaN,NaN,NaN,NaN,0,0,NaN,0,0,0.286719999999997,1120,nominal,full,0,0,504318811875,0,0,0,0,0,0,0,0,1,0,0,0,0,0,0,NaN,0,0,NaN,NaN,5,1,0,0,1,188712061943,2648,1120,0.00146005840233609,0.00453205840233609,Inf,2.77555756156289e-17,0.00025,40,33.2177632128739,1,NaN,NaN,NaN,NaN,NaN,NaN,NaN,NaN,NaN,NaN,NaN,NaN,NaN,NaN,NaN,NaN,NaN,NaN,NaN,NaN,NaN,NaN,NaN,NaN,NaN,NaN,NaN,NaN,NaN,NaN,NaN,NaN,NaN,NaN,NaN,NaN,NaN,NaN,NaN,NaN,NaN,NaN,NaN,NaN,NaN,NaN,NaN,NaN,NaN,NaN,NaN,NaN,NaN,NaN,NaN,NaN,NaN,NaN,NaN,NaN,NaN,NaN,NaN,NaN,NaN,NaN,NaN,NaN,NaN,NaN,NaN,NaN,NaN,NaN,NaN,NaN,NaN,NaN,NaN,NaN,NaN,NaN,NaN,NaN,NaN,NaN,NaN,NaN,NaN,NaN,NaN,NaN,NaN,periodic-static,0,0,0,0.286719999999997,0,iid-load15,IID occupancy 15%,iid,0.15,0,0,6261055336,0.151416666666646,3044,0.00119382391590013
cumulative-receipt-targeted-closed-loop-falsification,16072045,n5-6dof-zero-loss,N5 6-DOF zero-loss,EXP23I targeted repair,elcs-w-legacy,2,50,periodic,ELCS-W legacy same-frame/new-sequence retry,none,5,ring2,6dof,tdma,1,1,0.15,1,0.48,0.29,0.29,0.0476190476190476,0.0476190476190476,0.0543147345105236,0.524774297742847,0,0,10.1566182527375,13.1818411134451,0,1.03674263645855,0.0977446102819238,0.26,0.4,0.619999999999999,NaN,NaN,3000,1079,560,0,0,2591,1337,1254,0,0,0,0,0,0,0,0,0,1919,0,0,1,32,32,0,0,0,0,0,0,0,0.429309206549693,0,0,0,0,0,0,0,0,0,0,0.327530666666664,3.31468799999997,0,0,1.81699999999996,0,0.786073599999994,46.6666666666667,111.416666666667,0,0.00999045183677782,0.0189852101924258,NaN,NaN,0.998853357115556,2591,0,0,0,0,0,0.3781117,0,478556,0,110997400,0,18781634921,tdma,candidate-elcs-w,none,local-conflict-witness-leases,none,continuous-elcs-replay,NaN,50,NaN,9.33333333333333,8.83333333333333,NaN,NaN,NaN,NaN,NaN,NaN,NaN,NaN,1079,NaN,NaN,NaN,0,0,1,0,NaN,NaN,NaN,NaN,NaN,0,0,NaN,0,0,0.327530666666664,1079,nominal,full,1,0,504318811875,0,0,0,0,0,0,0,0,1,0,0,0,0,0,0,0.166585007720309,1,0,NaN,NaN,5,1,0,0,1,188712061943,1079,1079,0.00146005840233609,0.00453205840233609,Inf,6.93889390390723e-18,0.00025,40,33.2177632128739,1,5905151612,25248276826,19033605,17846170,1025072243,44314,10,4,3,1,1,3,217,1,9,207,0,0,0,0,207,362,362,0,0,484,846,8688,14472,23160,310,8680,4000,112000,0.2115,0.206785714285714,832,841,355,0,1076,3,0,1337,1254,0,1337,1254,0,0,1079,1079,0,1,706,0.61568,1713,1252,461,0,706,0.615679999999999,1713,1252,461,0,1,19240,0.61568,0,11.9929727565541,11.8501339514107,1,1101876,0.00025,40,0.000210462612337986,33.2177632128739,0.000730029201168047,0.00146005840233609,11.99546812288,1,0.000945640490369826,0,6.93889390390723e-18,NaN,NaN,NaN,NaN,1,0.15,478556,2131,candidate-elcs-w,706,0.615679999999999,0.0513066666666666,0.327530666666664,1,iid-load15,IID occupancy 15%,iid,0.15,0,0,6261055336,0.151416666666663,3044,0.00119382391590013
cumulative-receipt-targeted-closed-loop-falsification,16072045,n5-6dof-zero-loss,N5 6-DOF zero-loss,EXP23I targeted repair,elcs-w-cumulative,3,50,periodic,ELCS-W cumulative same-sequence receipt retry,none,5,ring2,6dof,tdma,1,1,0.15,1,0.48,0.29,0.29,0.0476190476190476,0.0476190476190476,0.0543147345105236,0.524774297742847,0,0,10.1566182527375,13.1818411134451,0,1.03674263645855,0.0977446102819238,0.26,0.4,0.619999999999999,NaN,NaN,3000,1079,560,0,0,2591,1337,1254,0,0,0,0,0,0,0,0,0,1919,0,0,1,32,32,0,0,0,0,0,0,0,0.416707199820951,0,0,0,0,0,0,0,0,0,0,0.313578666666664,3.31468799999997,0,0,1.81699999999996,0,0.752588799999994,46.6666666666667,111.416666666667,0,0.00999045183677782,0.0189852101924258,NaN,NaN,0.998853357115556,2591,0,0,0,0,0,0.4195101,0,478556,0,110997400,0,17260288940,tdma,candidate-elcs-w,none,local-conflict-witness-leases,none,continuous-elcs-replay,NaN,50,NaN,9.33333333333333,8.83333333333333,NaN,NaN,NaN,NaN,NaN,NaN,NaN,NaN,1079,NaN,NaN,NaN,0,0,1,0,NaN,NaN,NaN,NaN,NaN,0,0,NaN,0,0,0.313578666666664,1079,nominal,full,1,0,504318811875,0,0,0,0,0,0,0,0,1,0,0,0,0,0,0,0.166585007720309,1,0,NaN,NaN,5,1,0,0,1,188712061943,1079,1079,0.00146005840233609,0.00453205840233609,Inf,6.93889390390723e-18,0.00025,40,33.2177632128739,1,5152804293,25248276826,19033607,17863883,1016421379,44314,10,4,3,1,1,3,217,1,9,122,0,0,0,0,122,284,162,1,0,366,650,6816,11112,17928,310,8680,4000,112000,0.1625,0.160071428571429,648,657,269,0,1076,3,0,1337,1254,0,1337,1254,0,0,1079,1079,0,1,510,0.448256,1227,873,354,0,510,0.448256,1227,873,354,0,1,14008,0.448256,0,11.9929727565541,11.686871540836,1,1095005,0.00025,40,0.000210462612337986,33.2177632128739,0.000730029201168047,0.00146005840233609,11.99546812288,1,0.000945640490369826,0,6.93889390390723e-18,NaN,NaN,NaN,NaN,1,0.15,478556,2131,candidate-elcs-w,510,0.448256,0.0373546666666666,0.313578666666664,1,iid-load15,IID occupancy 15%,iid,0.15,0,0,6261055336,0.151416666666663,3044,0.00119382391590013
cumulative-receipt-targeted-closed-loop-falsification,16072046,n5-6dof-zero-loss,N5 6-DOF zero-loss,EXP23I targeted repair,periodic-exp23d-lower,1,18.6733506944443,periodic,Periodic static TDMA / EXP23D lower-cost boundary,none,5,ring2,6dof,tdma,1,1,0.15,1,0.48,0.29,0.29,0.0476190476190476,0.0476190476190476,0.052236579630314,0.523221448271007,0,0,10.3979975554028,12.4034045627312,0,1.03667803400482,0.0905638474295191,0.24,0.32,0.42,NaN,NaN,1120,1120,588,0,0,2688,1416,1272,0,0,0,0,0,0,532,0.475,0,0,0,0,1,32,32,0,0,0,0,0,0,0,0.39378659350139,0,0,0,0.390648104376766,0.445610250671061,0,0,0,0,0,0.286719999999997,3.44063999999997,0,0,1.7989999999998,532,0.688127999999993,49,118,0,0.0112970025074472,0.0214985362473251,NaN,NaN,0.997012515139281,2688,0,0,0,0,0,1.4502402,0,1101553,0,110997400,0,257875165,tdma,periodic-frontier,none,full-mission-static-tdma,none,continuous-local-static-tdma,NaN,18.6733506944443,NaN,9.8,9.08333333333333,NaN,NaN,NaN,NaN,NaN,NaN,NaN,NaN,1120,NaN,NaN,NaN,0,0,1,0,NaN,NaN,NaN,NaN,NaN,0,0,NaN,0,0,0.286719999999997,1120,nominal,full,0,0,503514978862,0,0,0,0,0,0,0,0,1,0,0,0,0,0,0,NaN,0,0,NaN,NaN,5,1,0,0,1,188751168385,2647,1120,0.00146005840233609,0.00453205840233609,Inf,0,0.00025,40,37.6658620169422,1,NaN,NaN,NaN,NaN,NaN,NaN,NaN,NaN,NaN,NaN,NaN,NaN,NaN,NaN,NaN,NaN,NaN,NaN,NaN,NaN,NaN,NaN,NaN,NaN,NaN,NaN,NaN,NaN,NaN,NaN,NaN,NaN,NaN,NaN,NaN,NaN,NaN,NaN,NaN,NaN,NaN,NaN,NaN,NaN,NaN,NaN,NaN,NaN,NaN,NaN,NaN,NaN,NaN,NaN,NaN,NaN,NaN,NaN,NaN,NaN,NaN,NaN,NaN,NaN,NaN,NaN,NaN,NaN,NaN,NaN,NaN,NaN,NaN,NaN,NaN,NaN,NaN,NaN,NaN,NaN,NaN,NaN,NaN,NaN,NaN,NaN,NaN,NaN,NaN,NaN,NaN,NaN,NaN,periodic-static,0,0,0,0.286719999999997,0,iid-load15,IID occupancy 15%,iid,0.15,0,0,6283250709,0.14991666666665,3076,0.00116970091027308
cumulative-receipt-targeted-closed-loop-falsification,16072046,n5-6dof-zero-loss,N5 6-DOF zero-loss,EXP23I targeted repair,elcs-w-legacy,2,50,periodic,ELCS-W legacy same-frame/new-sequence retry,none,5,ring2,6dof,tdma,1,1,0.15,1,0.48,0.29,0.29,0.0476190476190476,0.0476190476190476,0.0557034385193244,0.523211267132189,0,0,10.287991162831,12.4020642461495,0,1.03676449954312,0.0894610281923715,0.239999999999998,0.300000000000001,0.34,NaN,NaN,3000,1083,553,0,0,2598,1321,1277,0,0,0,0,0,0,2,0.00184672206832872,0,1915,0,0,1,32,32,0,0,0,0,0,0,0,0.428056437573592,0,0,0,0,0,0,0,0,0,0,0.328661333333331,3.32697599999997,0,0,1.79899999999999,0,0.788787199999994,46.0833333333333,110.083333333333,0,0.0100421158699437,0.0190132942827006,NaN,NaN,0.992258148250296,2598,0,0,0,0,0,0.4592141,0,1101553,0,110997400,0,18942472848,tdma,candidate-elcs-w,none,local-conflict-witness-leases,none,continuous-elcs-replay,NaN,50,NaN,9.21666666666667,8.16666666666667,NaN,NaN,NaN,NaN,NaN,NaN,NaN,NaN,1083,NaN,NaN,NaN,0,0,1,2,NaN,NaN,NaN,NaN,NaN,0,0,NaN,0,0,0.328661333333331,1083,nominal,full,1,0,503514978862,0,0,0,0,0,0,0,0,1,0,0,0,0,0,0,0.166585007720309,1,0,NaN,NaN,5,1,0,0,1,188751168385,1083,1083,0.00146005840233609,0.00453205840233609,Inf,1.73472347597681e-18,0.00025,40,37.6658620169422,1,5993929906,25171470898,19033605,17848873,1002528012,44314,10,4,3,1,1,3,217,1,8,208,1,0,0,1,208,363,363,0,0,490,853,8712,14488,23200,310,8680,4000,112000,0.21325,0.207142857142857,825,831,350,0,1077,6,2,1321,1275,2,1321,1275,2,0,1083,1083,0,1,713,0.61696,1730,1280,450,0,713,0.616959999999999,1730,1280,450,0,1,19280,0.61696,0,11.9934820693238,11.853233318617,1,1259971,0.00025,40,0.000239171331504369,37.6658620169422,0.000730029201168047,0.00146005840233609,11.99546812288,1,0.00106743956042999,0.000260352460119757,1.73472347597681e-18,NaN,NaN,NaN,NaN,1,0.15,1101553,2127,candidate-elcs-w,713,0.616959999999999,0.0514133333333333,0.328661333333331,1,iid-load15,IID occupancy 15%,iid,0.15,0,0,6283250709,0.149916666666665,3076,0.00116970091027308
cumulative-receipt-targeted-closed-loop-falsification,16072046,n5-6dof-zero-loss,N5 6-DOF zero-loss,EXP23I targeted repair,elcs-w-cumulative,3,50,periodic,ELCS-W cumulative same-sequence receipt retry,none,5,ring2,6dof,tdma,1,1,0.15,1,0.48,0.29,0.29,0.0476190476190476,0.0476190476190476,0.0557034385193244,0.523211267132189,0,0,10.287991162831,12.4020642461495,0,1.03676449954312,0.0894610281923715,0.239999999999998,0.300000000000001,0.34,NaN,NaN,3000,1083,553,0,0,2598,1321,1277,0,0,0,0,0,0,2,0.00184672206832872,0,1915,0,0,1,32,32,0,0,0,0,0,0,0,0.415654487263091,0,0,0,0,0,0,0,0,0,0,0.313898666666664,3.32697599999997,0,0,1.79899999999999,0,0.753356799999994,46.0833333333333,110.083333333333,0,0.010038659575873,0.0190132942827006,NaN,NaN,0.992258148250296,2598,0,0,0,0,0,0.3943621,0,1101553,0,110997400,0,17240767384,tdma,candidate-elcs-w,none,local-conflict-witness-leases,none,continuous-elcs-replay,NaN,50,NaN,9.21666666666667,8.16666666666667,NaN,NaN,NaN,NaN,NaN,NaN,NaN,NaN,1083,NaN,NaN,NaN,0,0,1,2,NaN,NaN,NaN,NaN,NaN,0,0,NaN,0,0,0.313898666666664,1083,nominal,full,1,0,503514978862,0,0,0,0,0,0,0,0,1,0,0,0,0,0,0,0.166585007720309,1,0,NaN,NaN,5,1,0,0,1,188751168385,1083,1083,0.00146005840233609,0.00453205840233609,Inf,1.73472347597681e-18,0.00025,40,37.6658620169422,1,5146021003,25171470898,19033607,17869734,1015309329,44314,10,4,3,1,1,3,217,1,6,121,1,0,0,1,121,290,169,1,0,347,637,6960,10704,17664,310,8680,4000,112000,0.15925,0.157714285714286,638,644,267,0,1079,4,2,1321,1275,2,1321,1275,2,0,1083,1083,0,1,497,0.439808,1191,873,318,0,497,0.439808,1191,873,318,0,1,13744,0.439808,0,11.9934820693238,11.6873755536495,1,1138842,0.00025,40,0.000239171331504369,37.6658620169422,0.000730029201168047,0.00146005840233609,11.99546812288,1,0.00106743956042999,0.000260352460119757,1.73472347597681e-18,NaN,NaN,NaN,NaN,1,0.15,1101553,2127,candidate-elcs-w,497,0.439808,0.0366506666666666,0.313898666666664,1,iid-load15,IID occupancy 15%,iid,0.15,0,0,6283250709,0.149916666666665,3076,0.00116970091027308
cumulative-receipt-targeted-closed-loop-falsification,16072047,n5-6dof-zero-loss,N5 6-DOF zero-loss,EXP23I targeted repair,periodic-exp23d-lower,1,18.6733506944443,periodic,Periodic static TDMA / EXP23D lower-cost boundary,none,5,ring2,6dof,tdma,1,1,0.15,1,0.48,0.29,0.29,0.0476190476190476,0.0476190476190476,0.0565044611956432,0.513179347816561,0,0,10.3491072189361,13.3270674892353,0,1.03670572021969,0.0890961857379767,0.24,0.379999999999999,0.58,NaN,NaN,1120,1120,547,0,0,2688,1333,1355,0,0,0,0,0,0,573,0.511607142857143,0,0,0,0,1,32,32,0,0,0,0,0,0,0,0.394067292973386,0,0,0,0.394268987920696,0.433002649580997,0,0,0,0,0,0.286719999999997,3.44063999999997,0,0,1.83099999999979,573,0.688127999999993,45.5833333333333,111.083333333333,0,0.0113009877623757,0.0214967453503101,NaN,NaN,0.993142477802672,2688,0,0,0,0,0,1.2797223,0,1294438,0,110997400,0,257875167,tdma,periodic-frontier,none,full-mission-static-tdma,none,continuous-local-static-tdma,NaN,18.6733506944443,NaN,9.11666666666667,8.33333333333333,NaN,NaN,NaN,NaN,NaN,NaN,NaN,NaN,1120,NaN,NaN,NaN,0,0,1,0,NaN,NaN,NaN,NaN,NaN,0,0,NaN,0,0,0.286719999999997,1120,nominal,full,0,0,503885193510,0,0,0,0,0,0,0,0,1,0,0,0,0,0,0,NaN,0,0,NaN,NaN,5,1,0,0,1,188775213923,2648,1120,0.00146005840233609,0.00453205840233609,Inf,8.88178419700125e-16,0.00025,40,34.2680853386297,1,NaN,NaN,NaN,NaN,NaN,NaN,NaN,NaN,NaN,NaN,NaN,NaN,NaN,NaN,NaN,NaN,NaN,NaN,NaN,NaN,NaN,NaN,NaN,NaN,NaN,NaN,NaN,NaN,NaN,NaN,NaN,NaN,NaN,NaN,NaN,NaN,NaN,NaN,NaN,NaN,NaN,NaN,NaN,NaN,NaN,NaN,NaN,NaN,NaN,NaN,NaN,NaN,NaN,NaN,NaN,NaN,NaN,NaN,NaN,NaN,NaN,NaN,NaN,NaN,NaN,NaN,NaN,NaN,NaN,NaN,NaN,NaN,NaN,NaN,NaN,NaN,NaN,NaN,NaN,NaN,NaN,NaN,NaN,NaN,NaN,NaN,NaN,NaN,NaN,NaN,NaN,NaN,NaN,periodic-static,0,0,0,0.286719999999997,0,iid-load15,IID occupancy 15%,iid,0.15,0,0,6275024895,0.152583333333316,3130,0.00116996805111821
cumulative-receipt-targeted-closed-loop-falsification,16072047,n5-6dof-zero-loss,N5 6-DOF zero-loss,EXP23I targeted repair,elcs-w-legacy,2,50,periodic,ELCS-W legacy same-frame/new-sequence retry,none,5,ring2,6dof,tdma,1,1,0.15,1,0.48,0.29,0.29,0.0476190476190476,0.0476190476190476,0.0526758467157956,0.525494273178856,0,0,10.1198046200071,12.3703964145871,0,1.03682245695378,0.0877114427860698,0.220000000000001,0.32,0.4,NaN,NaN,3000,1081,545,0,0,2596,1330,1266,0,0,0,0,0,0,0,0,0,1917,0,0,1,32,32,0,0,0,0,0,0,0,0.430144717479298,0,0,0,0,0,0,0,0,0,0,0.325909333333331,3.32083199999997,0,0,1.83100000000001,0,0.782182399999993,45.4166666666667,110.833333333333,0,0.00997766007140274,0.0189632482976689,NaN,NaN,0.991024806899888,2596,0,0,0,0,0,0.4030526,0,1294438,0,110997400,0,18661538824,tdma,candidate-elcs-w,none,local-conflict-witness-leases,none,continuous-elcs-replay,NaN,50,NaN,9.08333333333333,7.91666666666667,NaN,NaN,NaN,NaN,NaN,NaN,NaN,NaN,1081,NaN,NaN,NaN,0,0,1,0,NaN,NaN,NaN,NaN,NaN,0,0,NaN,0,0,0.325909333333331,1081,nominal,full,1,0,503885193510,0,0,0,0,0,0,0,0,1,0,0,0,0,0,0,0.277154993399736,1,0,NaN,NaN,5,1,0,0,1,188775213923,1081,1081,0.00146005840233609,0.00453205840233609,Inf,1.73472347597681e-18,0.00025,40,34.2680853386297,1,5865238496,25055979852,19033605,17851580,1018918981,44314,10,4,3,1,1,5,217,1,4,185,0,0,0,0,185,340,340,0,0,487,827,8160,14200,22360,310,8680,4000,112000,0.20675,0.199642857142857,799,801,339,0,1081,0,0,1330,1266,0,1330,1266,0,0,1081,1081,0,1,687,0.59008,1691,1247,444,0,687,0.590079999999999,1691,1247,444,0,1,18440,0.59008,0,11.99327386598,11.7977364295272,1,1946080,0.00025,40,0.000138550605234673,34.2680853386297,0.000730029201168047,0.00146005840233609,11.99546812288,1,0.000506194830117934,0,1.73472347597681e-18,NaN,NaN,NaN,NaN,1,0.15,1294438,2210,candidate-elcs-w,687,0.590079999999999,0.0491733333333332,0.325909333333331,1,iid-load15,IID occupancy 15%,iid,0.15,0,0,6275024895,0.152583333333334,3130,0.00116996805111821
cumulative-receipt-targeted-closed-loop-falsification,16072047,n5-6dof-zero-loss,N5 6-DOF zero-loss,EXP23I targeted repair,elcs-w-cumulative,3,50,periodic,ELCS-W cumulative same-sequence receipt retry,none,5,ring2,6dof,tdma,1,1,0.15,1,0.48,0.29,0.29,0.0476190476190476,0.0476190476190476,0.0526758467157956,0.525494273178856,0,0,10.1198046200071,12.3703964145871,0,1.03682245695378,0.0877114427860698,0.220000000000001,0.32,0.4,NaN,NaN,3000,1081,545,0,0,2596,1330,1266,0,0,0,0,0,0,0,0,0,1917,0,0,1,32,32,0,0,0,0,0,0,0,0.418015637164061,0,0,0,0,0,0,0,0,0,0,0.311807999999997,3.32083199999997,0,0,1.83100000000001,0,0.748339199999994,45.4166666666667,110.833333333333,0,0.00997766007140274,0.0189632482976689,NaN,NaN,0.991024806899888,2596,0,0,0,0,0,0.394543200000001,0,1294438,0,110997400,0,17075489419,tdma,candidate-elcs-w,none,local-conflict-witness-leases,none,continuous-elcs-replay,NaN,50,NaN,9.08333333333333,7.91666666666667,NaN,NaN,NaN,NaN,NaN,NaN,NaN,NaN,1081,NaN,NaN,NaN,0,0,1,0,NaN,NaN,NaN,NaN,NaN,0,0,NaN,0,0,0.311807999999997,1081,nominal,full,1,0,503885193510,0,0,0,0,0,0,0,0,1,0,0,0,0,0,0,0.277154993399736,1,0,NaN,NaN,5,1,0,0,1,188775213923,1081,1081,0.00146005840233609,0.00453205840233609,Inf,1.73472347597681e-18,0.00025,40,34.2680853386297,1,5035579056,25055979852,19033607,17871149,1019266092,44314,10,4,3,1,1,5,217,1,4,103,0,0,0,0,103,275,172,1,0,341,616,6600,10472,17072,310,8680,4000,112000,0.154,0.152428571428571,625,627,261,0,1081,0,0,1330,1266,0,1330,1266,0,0,1081,1081,0,1,476,0.420864,1143,846,297,0,476,0.420864,1143,846,297,0,1,13152,0.420864,0,11.99327386598,11.5765896168032,1,1658520,0.00025,40,0.000138550605234673,34.2680853386297,0.000730029201168047,0.00146005840233609,11.99546812288,1,0.000506194830117934,0,1.73472347597681e-18,NaN,NaN,NaN,NaN,1,0.15,1294438,2210,candidate-elcs-w,476,0.420864,0.035072,0.311807999999997,1,iid-load15,IID occupancy 15%,iid,0.15,0,0,6275024895,0.152583333333334,3130,0.00116996805111821
cumulative-receipt-targeted-closed-loop-falsification,16072048,n5-6dof-zero-loss,N5 6-DOF zero-loss,EXP23I targeted repair,periodic-exp23d-lower,1,18.6733506944443,periodic,Periodic static TDMA / EXP23D lower-cost boundary,none,5,ring2,6dof,tdma,1,1,0.15,1,0.48,0.29,0.29,0.0476190476190476,0.0476190476190476,0.0540157631318738,0.524833384693911,0,0,10.1012728705211,12.3410834039964,0,1.03671427777179,0.0904477611940297,0.24,0.357799999999997,0.42,NaN,NaN,1120,1120,579,0,0,2688,1381,1307,0,0,0,0,0,0,541,0.483035714285714,0,0,0,0,1,32,32,0,0,0,0,0,0,0,0.395642173978649,0,0,0,0.385561281174507,0.426125430216611,0,0,0,0,0,0.286719999999997,3.44063999999997,0,0,1.83299999999979,541,0.688127999999993,48.25,115.083333333333,0,0.0112968938398823,0.0214607232625095,NaN,NaN,0.998290725548293,2688,0,0,0,0,0,1.5259354,0,1059715,0,110997400,0,257875169,tdma,periodic-frontier,none,full-mission-static-tdma,none,continuous-local-static-tdma,NaN,18.6733506944443,NaN,9.65,9.08333333333333,NaN,NaN,NaN,NaN,NaN,NaN,NaN,NaN,1120,NaN,NaN,NaN,0,0,1,0,NaN,NaN,NaN,NaN,NaN,0,0,NaN,0,0,0.286719999999997,1120,nominal,full,0,0,503583290560,0,0,0,0,0,0,0,0,1,0,0,0,0,0,0,NaN,0,0,NaN,NaN,5,1,0,0,1,188814153812,2647,1120,0.00146005840233609,0.00453205840233609,Inf,0,0.00025,40,14.4598699271471,1,NaN,NaN,NaN,NaN,NaN,NaN,NaN,NaN,NaN,NaN,NaN,NaN,NaN,NaN,NaN,NaN,NaN,NaN,NaN,NaN,NaN,NaN,NaN,NaN,NaN,NaN,NaN,NaN,NaN,NaN,NaN,NaN,NaN,NaN,NaN,NaN,NaN,NaN,NaN,NaN,NaN,NaN,NaN,NaN,NaN,NaN,NaN,NaN,NaN,NaN,NaN,NaN,NaN,NaN,NaN,NaN,NaN,NaN,NaN,NaN,NaN,NaN,NaN,NaN,NaN,NaN,NaN,NaN,NaN,NaN,NaN,NaN,NaN,NaN,NaN,NaN,NaN,NaN,NaN,NaN,NaN,NaN,NaN,NaN,NaN,NaN,NaN,NaN,NaN,NaN,NaN,NaN,NaN,periodic-static,0,0,0,0.286719999999997,0,iid-load15,IID occupancy 15%,iid,0.15,0,0,6303212353,0.152749999999983,3075,0.00119180754226268
cumulative-receipt-targeted-closed-loop-falsification,16072048,n5-6dof-zero-loss,N5 6-DOF zero-loss,EXP23I targeted repair,elcs-w-legacy,2,50,periodic,ELCS-W legacy same-frame/new-sequence retry,none,5,ring2,6dof,tdma,1,1,0.15,1,0.48,0.29,0.29,0.0476190476190476,0.0476190476190476,0.0497882630256092,0.534757129087817,0,0,10.0836688903303,12.6180852858732,0,1.03666477172603,0.0887230514096186,0.220000000000001,0.300000000000001,0.4,NaN,NaN,3000,1084,540,0,0,2602,1305,1297,0,0,0,0,0,0,0,0,0,1914,0,0,1,32,32,0,0,0,0,0,0,0,0.430806770917514,0,0,0,0,0,0,0,0,0,0,0.327359999999997,3.33004799999997,0,0,1.83299999999996,0,0.785663999999994,45,108.75,0,0.0100086059916951,0.018982164992131,NaN,NaN,0.995052038901211,2602,0,0,0,0,0,0.423046,0,1059715,0,110997400,0,18680926717,tdma,candidate-elcs-w,none,local-conflict-witness-leases,none,continuous-elcs-replay,NaN,50,NaN,9,7.91666666666667,NaN,NaN,NaN,NaN,NaN,NaN,NaN,NaN,1084,NaN,NaN,NaN,0,0,1,0,NaN,NaN,NaN,NaN,NaN,0,0,NaN,0,0,0.327359999999997,1084,nominal,full,1,0,503583290560,0,0,0,0,0,0,0,0,1,0,0,0,0,0,0,0.111300014880595,1,0,NaN,NaN,5,1,0,0,1,188814153812,1084,1084,0.00146005840233609,0.00453205840233609,Inf,1.73472347597681e-18,0.00025,40,14.4598699271471,1,5889662853,25191188856,19033605,17856870,990946192,44314,10,4,3,1,1,2,217,1,1,198,0,0,0,0,198,353,353,0,0,474,827,8472,14144,22616,310,8680,4000,112000,0.20675,0.201928571428571,820,820,358,0,1084,0,0,1305,1297,0,1305,1297,0,0,1084,1084,0,1,687,0.598272,1689,1240,449,0,687,0.598272,1689,1240,449,0,1,18696,0.598272,0,11.9929231861274,11.7973898793949,1,1422722,0.00025,40,0.0002359706511761,14.4598699271471,0.000730029201168047,0.00146005840233609,11.99546812288,1,0.000818633417457804,0,1.73472347597681e-18,NaN,NaN,NaN,NaN,1,0.15,1059715,2121,candidate-elcs-w,687,0.598272,0.049856,0.327359999999997,1,iid-load15,IID occupancy 15%,iid,0.15,0,0,6303212353,0.152749999999997,3075,0.00119180754226268
cumulative-receipt-targeted-closed-loop-falsification,16072048,n5-6dof-zero-loss,N5 6-DOF zero-loss,EXP23I targeted repair,elcs-w-cumulative,3,50,periodic,ELCS-W cumulative same-sequence receipt retry,none,5,ring2,6dof,tdma,1,1,0.15,1,0.48,0.29,0.29,0.0476190476190476,0.0476190476190476,0.0497882630256092,0.534757129087817,0,0,10.0836688903303,12.6180852858732,0,1.03666477172603,0.0887230514096186,0.220000000000001,0.300000000000001,0.4,NaN,NaN,3000,1084,540,0,0,2602,1305,1297,0,0,0,0,0,0,0,0,0,1914,0,0,1,32,32,0,0,0,0,0,0,0,0.417333195392877,0,0,0,0,0,0,0,0,0,0,0.311701333333331,3.33004799999997,0,0,1.83299999999996,0,0.748083199999994,45,108.75,0,0.0100086059916951,0.018982164992131,NaN,NaN,0.995052038901211,2602,0,0,0,0,0,0.4262125,0,1059715,0,110997400,0,17037028848,tdma,candidate-elcs-w,none,local-conflict-witness-leases,none,continuous-elcs-replay,NaN,50,NaN,9,7.91666666666667,NaN,NaN,NaN,NaN,NaN,NaN,NaN,NaN,1084,NaN,NaN,NaN,0,0,1,0,NaN,NaN,NaN,NaN,NaN,0,0,NaN,0,0,0.311701333333331,1084,nominal,full,1,0,503583290560,0,0,0,0,0,0,0,0,1,0,0,0,0,0,0,0.111300014880595,1,0,NaN,NaN,5,1,0,0,1,188814153812,1084,1084,0.00146005840233609,0.00453205840233609,Inf,1.73472347597681e-18,0.00025,40,14.4598699271471,1,5033238217,25191188856,19033607,17875019,1000100937,44314,10,4,3,1,1,2,217,1,1,110,0,0,0,0,110,274,164,1,0,330,604,6576,10168,16744,310,8680,4000,112000,0.151,0.1495,611,611,256,0,1084,0,0,1305,1297,0,1305,1297,0,0,1084,1084,0,1,464,0.410368,1122,816,306,0,464,0.410368,1122,816,306,0,1,12824,0.410368,0,11.9929231861274,11.7973898793949,1,1239766,0.00025,40,0.0002359706511761,14.4598699271471,0.000730029201168047,0.00146005840233609,11.99546812288,1,0.000818633417457804,0,1.73472347597681e-18,NaN,NaN,NaN,NaN,1,0.15,1059715,2121,candidate-elcs-w,464,0.410368,0.0341973333333333,0.311701333333331,1,iid-load15,IID occupancy 15%,iid,0.15,0,0,6303212353,0.152749999999997,3075,0.00119180754226268
cumulative-receipt-targeted-closed-loop-falsification,16072049,n5-6dof-zero-loss,N5 6-DOF zero-loss,EXP23I targeted repair,periodic-exp23d-lower,1,18.6733506944443,periodic,Periodic static TDMA / EXP23D lower-cost boundary,none,5,ring2,6dof,tdma,1,1,0.15,1,0.48,0.29,0.29,0.0476190476190476,0.0476190476190476,0.059220191478886,0.508788512816824,0,0,10.1735081433434,12.3695383063257,0,1.03675243386892,0.102072968490879,0.299999999999999,0.44,0.6,NaN,NaN,1120,1120,566,0,0,2688,1351,1337,0,0,0,0,0,0,554,0.494642857142857,0,0,0,0,1,32,32,0,0,0,0,0,0,0,0.393860474265988,0,0,0,0.391809551804317,0.426738676575215,0,0,0,0,0,0.286719999999997,3.44063999999997,0,0,1.82799999999979,554,0.688127999999993,47.1666666666667,112.583333333333,0,0.0113158261265885,0.021535433226554,NaN,NaN,0.99749657491593,2688,0,0,0,0,0,1.6356432,0,155093,0,110997400,0,257875171,tdma,periodic-frontier,none,full-mission-static-tdma,none,continuous-local-static-tdma,NaN,18.6733506944443,NaN,9.43333333333333,8.75,NaN,NaN,NaN,NaN,NaN,NaN,NaN,NaN,1120,NaN,NaN,NaN,0,0,1,0,NaN,NaN,NaN,NaN,NaN,0,0,NaN,0,0,0.286719999999997,1120,nominal,full,0,0,503694760712,0,0,0,0,0,0,0,0,1,0,0,0,0,0,0,NaN,0,0,NaN,NaN,5,1,0,0,1,188496069832,2647,1120,0.00146005840233609,0.00453205840233609,Inf,8.88178419700125e-16,0.00025,40,37.9356256798261,1,NaN,NaN,NaN,NaN,NaN,NaN,NaN,NaN,NaN,NaN,NaN,NaN,NaN,NaN,NaN,NaN,NaN,NaN,NaN,NaN,NaN,NaN,NaN,NaN,NaN,NaN,NaN,NaN,NaN,NaN,NaN,NaN,NaN,NaN,NaN,NaN,NaN,NaN,NaN,NaN,NaN,NaN,NaN,NaN,NaN,NaN,NaN,NaN,NaN,NaN,NaN,NaN,NaN,NaN,NaN,NaN,NaN,NaN,NaN,NaN,NaN,NaN,NaN,NaN,NaN,NaN,NaN,NaN,NaN,NaN,NaN,NaN,NaN,NaN,NaN,NaN,NaN,NaN,NaN,NaN,NaN,NaN,NaN,NaN,NaN,NaN,NaN,NaN,NaN,NaN,NaN,NaN,NaN,periodic-static,0,0,0,0.286719999999997,0,iid-load15,IID occupancy 15%,iid,0.15,0,0,6258917063,0.152333333333315,3082,0.00118624269954575
cumulative-receipt-targeted-closed-loop-falsification,16072049,n5-6dof-zero-loss,N5 6-DOF zero-loss,EXP23I targeted repair,elcs-w-legacy,2,50,periodic,ELCS-W legacy same-frame/new-sequence retry,none,5,ring2,6dof,tdma,1,1,0.15,1,0.48,0.29,0.29,0.0476190476190476,0.0476190476190476,0.0592786054592297,0.518803593010977,0,0,10.4248928771026,12.624354644962,0,1.03672507315251,0.0902155887230515,0.220000000000001,0.317799999999998,0.4,NaN,NaN,3000,1084,549,0,0,2602,1316,1286,0,0,0,0,0,0,0,0,0,1914,0,0,1,32,32,0,0,0,0,0,0,0,0.425383228148778,0,0,0,0,0,0,0,0,0,0,0.323711999999997,3.33004799999997,0,0,1.82799999999996,0,0.776908799999994,45.75,109.666666666667,0,0.00999931805248812,0.0189802865426156,NaN,NaN,0.995231884297248,2602,0,0,0,0,0,0.4385538,0,155093,0,110997400,0,18312747607,tdma,candidate-elcs-w,none,local-conflict-witness-leases,none,continuous-elcs-replay,NaN,50,NaN,9.15,8.16666666666667,NaN,NaN,NaN,NaN,NaN,NaN,NaN,NaN,1084,NaN,NaN,NaN,0,0,1,0,NaN,NaN,NaN,NaN,NaN,0,0,NaN,0,0,0.323711999999997,1084,nominal,full,1,0,503694760712,0,0,0,0,0,0,0,0,1,0,0,0,0,0,0,0.111300014880595,1,0,NaN,NaN,5,1,0,0,1,188496069832,1084,1084,0.00146005840233609,0.00453205840233609,Inf,1.38777878078145e-17,0.00025,40,37.9356256798261,1,5679797909,24944889508,19033605,17856541,986022392,44314,10,4,3,1,1,2,217,1,1,175,0,0,0,0,175,330,330,0,0,456,786,7920,13328,21248,310,8680,4000,112000,0.1965,0.189714285714286,752,754,323,0,1084,0,0,1316,1286,0,1316,1286,0,0,1084,1084,0,1,646,0.554496,1582,1169,413,0,646,0.554495999999999,1582,1169,413,0,1,17328,0.554496,0,11.9932886453371,11.687186121765,1,1379599,0.00025,40,0.0002066852344484,37.9356256798261,0.000730029201168047,0.00146005840233609,11.99546812288,1,0.00102487956765174,0,1.38777878078145e-17,NaN,NaN,NaN,NaN,1,0.15,155093,2211,candidate-elcs-w,646,0.554495999999999,0.0462079999999999,0.323711999999997,1,iid-load15,IID occupancy 15%,iid,0.15,0,0,6258917063,0.15233333333333,3082,0.00118624269954575
cumulative-receipt-targeted-closed-loop-falsification,16072049,n5-6dof-zero-loss,N5 6-DOF zero-loss,EXP23I targeted repair,elcs-w-cumulative,3,50,periodic,ELCS-W cumulative same-sequence receipt retry,none,5,ring2,6dof,tdma,1,1,0.15,1,0.48,0.29,0.29,0.0476190476190476,0.0476190476190476,0.0592786054592297,0.518803593010977,0,0,10.4248928771026,12.624354644962,0,1.03672507315251,0.0902155887230515,0.220000000000001,0.317799999999998,0.4,NaN,NaN,3000,1084,549,0,0,2602,1316,1286,0,0,0,0,0,0,0,0,0,1914,0,0,1,32,32,0,0,0,0,0,0,0,0.412459692147885,0,0,0,0,0,0,0,0,0,0,0.309162666666664,3.33004799999997,0,0,1.82799999999996,0,0.741990399999994,45.75,109.666666666667,0,0.00999931805248812,0.0189802865426156,NaN,NaN,0.995231884297248,2602,0,0,0,0,0,0.4809494,0,155093,0,110997400,0,16766453583,tdma,candidate-elcs-w,none,local-conflict-witness-leases,none,continuous-elcs-replay,NaN,50,NaN,9.15,8.16666666666667,NaN,NaN,NaN,NaN,NaN,NaN,NaN,NaN,1084,NaN,NaN,NaN,0,0,1,0,NaN,NaN,NaN,NaN,NaN,0,0,NaN,0,0,0.309162666666664,1084,nominal,full,1,0,503694760712,0,0,0,0,0,0,0,0,1,0,0,0,0,0,0,0.111300014880595,1,0,NaN,NaN,5,1,0,0,1,188496069832,1084,1084,0.00146005840233609,0.00453205840233609,Inf,1.73472347597681e-18,0.00025,40,37.9356256798261,1,4943322773,24944889508,19033607,17874667,1002019963,44314,10,4,3,1,1,2,217,1,1,96,0,0,0,0,96,258,162,1,0,313,571,6192,9600,15792,310,8680,4000,112000,0.14275,0.141,572,574,240,0,1084,0,0,1316,1286,0,1316,1286,0,0,1084,1084,0,1,431,0.379904,1042,752,290,0,431,0.379904,1042,752,290,0,1,11872,0.379904,0,11.9932886453371,11.631900921123,1,1318512,0.00025,40,0.0002066852344484,37.9356256798261,0.000730029201168047,0.00146005840233609,11.99546812288,1,0.00102487956765174,0,1.73472347597681e-18,NaN,NaN,NaN,NaN,1,0.15,155093,2211,candidate-elcs-w,431,0.379904,0.0316586666666666,0.309162666666664,1,iid-load15,IID occupancy 15%,iid,0.15,0,0,6258917063,0.15233333333333,3082,0.00118624269954575
cumulative-receipt-targeted-closed-loop-falsification,16072050,n5-6dof-zero-loss,N5 6-DOF zero-loss,EXP23I targeted repair,periodic-exp23d-lower,1,18.6733506944443,periodic,Periodic static TDMA / EXP23D lower-cost boundary,none,5,ring2,6dof,tdma,1,1,0.15,1,0.48,0.29,0.29,0.0476190476190476,0.0476190476190476,0.0489873193764846,0.534823235026645,0,0,10.3600770648932,12.4619605277626,0,1.03669752959216,0.0817744610281923,0.199999999999999,0.26,0.34,NaN,NaN,1120,1120,599,0,0,2688,1440,1248,0,0,0,0,0,0,521,0.465178571428571,0,0,0,0,1,32,32,0,0,0,0,0,0,0,0.392190692474069,0,0,0,0.390856589324518,0.42910511762926,0,0,0,0,0,0.286719999999997,3.44063999999997,0,0,1.7819999999998,521,0.688127999999993,49.9166666666667,120,0,0.0113191710620505,0.0214852708277911,NaN,NaN,0.99934825295584,2688,0,0,0,0,0,1.3526759,0,1046762,0,110997400,0,257875173,tdma,periodic-frontier,none,full-mission-static-tdma,none,continuous-local-static-tdma,NaN,18.6733506944443,NaN,9.98333333333333,9.58333333333333,NaN,NaN,NaN,NaN,NaN,NaN,NaN,NaN,1120,NaN,NaN,NaN,0,0,1,0,NaN,NaN,NaN,NaN,NaN,0,0,NaN,0,0,0.286719999999997,1120,nominal,full,0,0,503082105496,0,0,0,0,0,0,0,0,1,0,0,0,0,0,0,NaN,0,0,NaN,NaN,5,1,0,0,1,188643114264,2648,1120,0.00146005840233609,0.00453205840233609,Inf,0,0.00025,40,28.1688505506033,1,NaN,NaN,NaN,NaN,NaN,NaN,NaN,NaN,NaN,NaN,NaN,NaN,NaN,NaN,NaN,NaN,NaN,NaN,NaN,NaN,NaN,NaN,NaN,NaN,NaN,NaN,NaN,NaN,NaN,NaN,NaN,NaN,NaN,NaN,NaN,NaN,NaN,NaN,NaN,NaN,NaN,NaN,NaN,NaN,NaN,NaN,NaN,NaN,NaN,NaN,NaN,NaN,NaN,NaN,NaN,NaN,NaN,NaN,NaN,NaN,NaN,NaN,NaN,NaN,NaN,NaN,NaN,NaN,NaN,NaN,NaN,NaN,NaN,NaN,NaN,NaN,NaN,NaN,NaN,NaN,NaN,NaN,NaN,NaN,NaN,NaN,NaN,NaN,NaN,NaN,NaN,NaN,NaN,periodic-static,0,0,0,0.286719999999997,0,iid-load15,IID occupancy 15%,iid,0.15,0,0,6285076589,0.148499999999984,3023,0.00117857142857143
cumulative-receipt-targeted-closed-loop-falsification,16072050,n5-6dof-zero-loss,N5 6-DOF zero-loss,EXP23I targeted repair,elcs-w-legacy,2,50,periodic,ELCS-W legacy same-frame/new-sequence retry,none,5,ring2,6dof,tdma,1,1,0.15,1,0.48,0.29,0.29,0.0476190476190476,0.0476190476190476,0.0498811269090452,0.53195280264082,0,0,10.3801937391652,12.4093165256128,0,1.0367294377128,0.0860862354892207,0.22,0.399999999999999,0.559999999999999,NaN,NaN,3000,1082,575,0,0,2597,1371,1226,0,0,0,0,0,0,0,0,0,1916,0,0,1,32,32,0,0,0,0,0,0,0,0.434013227387396,0,0,0,0,0,0,0,0,0,0,0.335914666666664,3.32390399999997,0,0,1.78199999999997,0,0.806195199999993,47.9166666666667,114.25,0,0.010046507113966,0.0189988109382599,NaN,NaN,0.99719503551447,2597,0,0,0,0,0,0.4321309,0,1046762,0,110997400,0,19783041518,tdma,candidate-elcs-w,none,local-conflict-witness-leases,none,continuous-elcs-replay,NaN,50,NaN,9.58333333333333,9.08333333333333,NaN,NaN,NaN,NaN,NaN,NaN,NaN,NaN,1082,NaN,NaN,NaN,0,0,1,0,NaN,NaN,NaN,NaN,NaN,0,0,NaN,0,0,0.335914666666664,1082,nominal,full,1,0,503082105496,0,0,0,0,0,0,0,0,1,0,0,0,0,0,0,0.111300014880595,1,0,NaN,NaN,5,1,0,0,1,188643114264,1082,1082,0.00146005840233609,0.00453205840233609,Inf,1.38777878078145e-17,0.00025,40,28.1688505506033,1,6467606439,25208813242,19033605,17854960,1031759914,44314,10,4,3,1,1,2,217,1,4,254,0,0,0,0,254,409,409,0,0,553,962,9816,16200,26016,310,8680,4000,112000,0.2405,0.232285714285714,912,919,392,0,1081,1,0,1371,1226,0,1371,1226,0,0,1082,1082,0,1,822,0.707071999999999,2020,1431,589,0,822,0.707071999999999,2020,1431,589,0,1,22096,0.707072,0,11.9933131877249,11.9052927231054,1,1843425,0.00025,40,0.000164895463658498,28.1688505506033,0.000730029201168047,0.00146005840233609,11.99546812288,1,0.00110567174941067,0,1.38777878078145e-17,NaN,NaN,NaN,NaN,1,0.15,1046762,2123,candidate-elcs-w,822,0.707071999999999,0.0589226666666665,0.335914666666664,1,iid-load15,IID occupancy 15%,iid,0.15,0,0,6285076589,0.148499999999998,3023,0.00117857142857143
cumulative-receipt-targeted-closed-loop-falsification,16072050,n5-6dof-zero-loss,N5 6-DOF zero-loss,EXP23I targeted repair,elcs-w-cumulative,3,50,periodic,ELCS-W cumulative same-sequence receipt retry,none,5,ring2,6dof,tdma,1,1,0.15,1,0.48,0.29,0.29,0.0476190476190476,0.0476190476190476,0.0498811269090452,0.53195280264082,0,0,10.3801937391652,12.4093165256128,0,1.0367294377128,0.0860862354892207,0.22,0.399999999999999,0.559999999999999,NaN,NaN,3000,1082,575,0,0,2597,1371,1226,0,0,0,0,0,0,0,0,0,1916,0,0,1,32,32,0,0,0,0,0,0,0,0.419828218014954,0,0,0,0,0,0,0,0,0,0,0.319338666666664,3.32390399999997,0,0,1.78199999999997,0,0.766412799999994,47.9166666666667,114.25,0,0.010046507113966,0.0189988109382599,NaN,NaN,0.99719503551447,2597,0,0,0,0,0,0.4003927,0,1046762,0,110997400,0,17773610780,tdma,candidate-elcs-w,none,local-conflict-witness-leases,none,continuous-elcs-replay,NaN,50,NaN,9.58333333333333,9.08333333333333,NaN,NaN,NaN,NaN,NaN,NaN,NaN,NaN,1082,NaN,NaN,NaN,0,0,1,0,NaN,NaN,NaN,NaN,NaN,0,0,NaN,0,0,0.319338666666664,1082,nominal,full,1,0,503082105496,0,0,0,0,0,0,0,0,1,0,0,0,0,0,0,0.111300014880595,1,0,NaN,NaN,5,1,0,0,1,188643114264,1082,1082,0.00146005840233609,0.00453205840233609,Inf,1.38777878078145e-17,0.00025,40,28.1688505506033,1,5388468345,25208813242,19033607,17874433,1022288915,44314,10,4,3,1,1,2,217,1,4,140,0,0,0,0,140,317,177,1,0,395,712,7608,12192,19800,310,8680,4000,112000,0.178,0.176785714285714,727,734,300,0,1081,1,0,1371,1226,0,1371,1226,0,0,1082,1082,0,1,572,0.50816,1381,972,409,0,572,0.50816,1381,972,409,0,1,15880,0.50816,0,11.9933131877249,11.6872056822046,1,1545012,0.00025,40,0.000164895463658498,28.1688505506033,0.000730029201168047,0.00146005840233609,11.99546812288,1,0.00110567174941067,0,1.38777878078145e-17,NaN,NaN,NaN,NaN,1,0.15,1046762,2123,candidate-elcs-w,572,0.50816,0.0423466666666667,0.319338666666664,1,iid-load15,IID occupancy 15%,iid,0.15,0,0,6285076589,0.148499999999998,3023,0.00117857142857143
cumulative-receipt-targeted-closed-loop-falsification,16072051,n5-6dof-zero-loss,N5 6-DOF zero-loss,EXP23I targeted repair,periodic-exp23d-lower,1,18.6733506944443,periodic,Periodic static TDMA / EXP23D lower-cost boundary,none,5,ring2,6dof,tdma,1,1,0.15,1,0.48,0.29,0.29,0.0476190476190476,0.0476190476190476,0.061526080082998,0.518394860136972,0,0,10.243696150781,12.5558539495388,0,1.03667799811568,0.0970978441127694,0.24,0.56,0.800000000000001,NaN,NaN,1120,1120,587,0,0,2688,1409,1279,0,0,0,0,0,0,533,0.475892857142857,0,0,0,0,1,32,32,0,0,0,0,0,0,0,0.392647080372118,0,0,0,0.391633849287392,0.435960951758367,0,0,0,0,0,0.286719999999997,3.44063999999997,0,0,1.78299999999981,533,0.688127999999993,48.9166666666667,117.416666666667,0,0.0113530790683483,0.0215507110329695,NaN,NaN,0.999228616584743,2688,0,0,0,0,0,1.345036,0,1450607,0,110997400,0,257875175,tdma,periodic-frontier,none,full-mission-static-tdma,none,continuous-local-static-tdma,NaN,18.6733506944443,NaN,9.78333333333333,9.5,NaN,NaN,NaN,NaN,NaN,NaN,NaN,NaN,1120,NaN,NaN,NaN,0,0,1,0,NaN,NaN,NaN,NaN,NaN,0,0,NaN,0,0,0.286719999999997,1120,nominal,full,0,0,503038572885,0,0,0,0,0,0,0,0,1,0,0,0,0,0,0,NaN,0,0,NaN,NaN,5,1,0,0,1,188706950528,2647,1120,0.00146005840233609,0.00453205840233609,Inf,8.88178419700125e-16,0.00025,40,38.5989653089954,1,NaN,NaN,NaN,NaN,NaN,NaN,NaN,NaN,NaN,NaN,NaN,NaN,NaN,NaN,NaN,NaN,NaN,NaN,NaN,NaN,NaN,NaN,NaN,NaN,NaN,NaN,NaN,NaN,NaN,NaN,NaN,NaN,NaN,NaN,NaN,NaN,NaN,NaN,NaN,NaN,NaN,NaN,NaN,NaN,NaN,NaN,NaN,NaN,NaN,NaN,NaN,NaN,NaN,NaN,NaN,NaN,NaN,NaN,NaN,NaN,NaN,NaN,NaN,NaN,NaN,NaN,NaN,NaN,NaN,NaN,NaN,NaN,NaN,NaN,NaN,NaN,NaN,NaN,NaN,NaN,NaN,NaN,NaN,NaN,NaN,NaN,NaN,NaN,NaN,NaN,NaN,NaN,NaN,periodic-static,0,0,0,0.286719999999997,0,iid-load15,IID occupancy 15%,iid,0.15,0,0,6330454116,0.148583333333317,3052,0.00116841415465269
cumulative-receipt-targeted-closed-loop-falsification,16072051,n5-6dof-zero-loss,N5 6-DOF zero-loss,EXP23I targeted repair,elcs-w-legacy,2,50,periodic,ELCS-W legacy same-frame/new-sequence retry,none,5,ring2,6dof,tdma,1,1,0.15,1,0.48,0.29,0.29,0.0476190476190476,0.0476190476190476,0.0527840008809707,0.527510880021052,0,0,10.2328403323604,12.3632231704285,0,1.0367227861183,0.081558872305141,0.219999999999999,0.299999999999999,0.34,NaN,NaN,3000,1081,569,0,0,2590,1364,1226,0,0,0,0,0,0,3,0.00277520814061055,0,1917,0,0,1,32,32,0,0,0,0,0,0,0,0.433914507425073,0,0,0,0,0,0,0,0,0,0,0.333951999999997,3.32083199999997,0,0,1.78300000000002,0,0.801484799999993,47.4166666666667,113.666666666667,0,0.0100672485771342,0.0191134568223035,NaN,NaN,0.994031408790163,2590,0,0,0,0,0,0.3936205,0,1450607,0,110997400,0,19651146844,tdma,candidate-elcs-w,none,local-conflict-witness-leases,none,continuous-elcs-replay,NaN,50,NaN,9.48333333333333,8.41666666666667,NaN,NaN,NaN,NaN,NaN,NaN,NaN,NaN,1081,NaN,NaN,NaN,0,0,1,3,NaN,NaN,NaN,NaN,NaN,0,0,NaN,0,0,0.333951999999997,1081,nominal,full,1,0,503038572885,0,0,0,0,0,0,0,0,1,0,0,0,0,0,0,0.221870000560022,1,0,NaN,NaN,5,1,0,0,1,188706950528,1081,1081,0.00146005840233609,0.00453205840233609,Inf,1.38777878078145e-17,0.00025,40,38.5989653089954,1,6428958837,25025030878,19033605,17845902,1007471682,44314,10,4,3,1,1,4,217,1,12,234,1,0,0,1,234,389,389,0,0,551,940,9336,16040,25376,310,8680,4000,112000,0.235,0.226571428571429,890,903,384,0,1073,8,3,1364,1222,4,1364,1222,4,0,1081,1081,0,1,800,0.686591999999999,1980,1422,558,0,800,0.686591999999998,1980,1422,558,0,1,21456,0.686592,0,11.9934951495488,11.6873853536022,1,1042340,0.00025,40,0.000169808477729735,38.5989653089954,0.000730029201168047,0.00146005840233609,11.99546812288,1,0.000678040984709583,0.000149994674704931,1.38777878078145e-17,NaN,NaN,NaN,NaN,1,0.15,1450607,2181,candidate-elcs-w,800,0.686591999999998,0.0572159999999999,0.333951999999997,1,iid-load15,IID occupancy 15%,iid,0.15,0,0,6330454116,0.148583333333335,3052,0.00116841415465269
cumulative-receipt-targeted-closed-loop-falsification,16072051,n5-6dof-zero-loss,N5 6-DOF zero-loss,EXP23I targeted repair,elcs-w-cumulative,3,50,periodic,ELCS-W cumulative same-sequence receipt retry,none,5,ring2,6dof,tdma,1,1,0.15,1,0.48,0.29,0.29,0.0476190476190476,0.0476190476190476,0.0527840008809707,0.527510880021052,0,0,10.2328403323604,12.3632231704285,0,1.0367227861183,0.081558872305141,0.219999999999999,0.299999999999999,0.34,NaN,NaN,3000,1081,569,0,0,2590,1364,1226,0,0,0,0,0,0,3,0.00277520814061055,0,1917,0,0,1,32,32,0,0,0,0,0,0,0,0.419240846026445,0,0,0,0,0,0,0,0,0,0,0.316885333333331,3.32083199999997,0,0,1.78300000000002,0,0.760524799999994,47.4166666666667,113.666666666667,0,0.0100672485771342,0.0191134568223035,NaN,NaN,0.994031408790163,2590,0,0,0,0,0,0.4219533,0,1450607,0,110997400,0,17540732596,tdma,candidate-elcs-w,none,local-conflict-witness-leases,none,continuous-elcs-replay,NaN,50,NaN,9.48333333333333,8.41666666666667,NaN,NaN,NaN,NaN,NaN,NaN,NaN,NaN,1081,NaN,NaN,NaN,0,0,1,3,NaN,NaN,NaN,NaN,NaN,0,0,NaN,0,0,0.316885333333331,1081,nominal,full,1,0,503038572885,0,0,0,0,0,0,0,0,1,0,0,0,0,0,0,0.221870000560022,1,0,NaN,NaN,5,1,0,0,1,188706950528,1081,1081,0.00146005840233609,0.00453205840233609,Inf,1.38777878078145e-17,0.00025,40,38.5989653089954,1,5339606732,25025030878,19033607,17864823,1012398673,44314,10,4,3,1,1,4,217,1,12,141,1,0,0,1,141,313,172,1,0,368,681,7512,11464,18976,310,8680,4000,112000,0.17025,0.169428571428571,683,697,287,0,1073,8,3,1364,1222,4,1364,1222,4,0,1081,1081,0,1,541,0.481792,1312,925,387,0,541,0.481792,1312,925,387,0,1,15056,0.481792,0,11.9934951495488,11.6873853536022,1,1625756,0.00025,40,0.000169808477729735,38.5989653089954,0.000730029201168047,0.00146005840233609,11.99546812288,1,0.000678040984709583,0.000149994674704931,1.38777878078145e-17,NaN,NaN,NaN,NaN,1,0.15,1450607,2181,candidate-elcs-w,541,0.481792,0.0401493333333333,0.316885333333331,1,iid-load15,IID occupancy 15%,iid,0.15,0,0,6330454116,0.148583333333335,3052,0.00116841415465269
cumulative-receipt-targeted-closed-loop-falsification,16072052,n5-6dof-zero-loss,N5 6-DOF zero-loss,EXP23I targeted repair,periodic-exp23d-lower,1,18.6733506944443,periodic,Periodic static TDMA / EXP23D lower-cost boundary,none,5,ring2,6dof,tdma,1,1,0.15,1,0.48,0.29,0.29,0.0476190476190476,0.0476190476190476,0.0534994898033864,0.527853425976555,0,0,10.1451311469293,12.4466702771595,0,1.03673662892854,0.0864262023217247,0.219999999999999,0.340000000000002,0.540000000000001,NaN,NaN,1120,1120,594,0,0,2688,1417,1271,0,0,0,0,0,0,526,0.469642857142857,0,0,0,0,1,32,32,0,0,0,0,0,0,0,0.392068589153177,0,0,0,0.389647227773399,0.443784234342238,0,0,0,0,0,0.286719999999997,3.44063999999997,0,0,1.79199999999979,526,0.688127999999993,49.5,118.083333333333,0,0.0112983822885328,0.0214441863323752,NaN,NaN,0.995839801303943,2688,0,0,0,0,0,1.1910332,0,967492,0,110997400,0,257875177,tdma,periodic-frontier,none,full-mission-static-tdma,none,continuous-local-static-tdma,NaN,18.6733506944443,NaN,9.9,9.16666666666667,NaN,NaN,NaN,NaN,NaN,NaN,NaN,NaN,1120,NaN,NaN,NaN,0,0,1,0,NaN,NaN,NaN,NaN,NaN,0,0,NaN,0,0,0.286719999999997,1120,nominal,full,0,0,503253238762,0,0,0,0,0,0,0,0,1,0,0,0,0,0,0,NaN,0,0,NaN,NaN,5,1,0,0,1,188686416350,2647,1120,0.00146005840233609,0.00453205840233609,Inf,0,0.00025,40,35.1125247044617,1,NaN,NaN,NaN,NaN,NaN,NaN,NaN,NaN,NaN,NaN,NaN,NaN,NaN,NaN,NaN,NaN,NaN,NaN,NaN,NaN,NaN,NaN,NaN,NaN,NaN,NaN,NaN,NaN,NaN,NaN,NaN,NaN,NaN,NaN,NaN,NaN,NaN,NaN,NaN,NaN,NaN,NaN,NaN,NaN,NaN,NaN,NaN,NaN,NaN,NaN,NaN,NaN,NaN,NaN,NaN,NaN,NaN,NaN,NaN,NaN,NaN,NaN,NaN,NaN,NaN,NaN,NaN,NaN,NaN,NaN,NaN,NaN,NaN,NaN,NaN,NaN,NaN,NaN,NaN,NaN,NaN,NaN,NaN,NaN,NaN,NaN,NaN,NaN,NaN,NaN,NaN,NaN,NaN,periodic-static,0,0,0,0.286719999999997,0,iid-load15,IID occupancy 15%,iid,0.15,0,0,6307949147,0.149333333333316,3022,0.00118596955658504
cumulative-receipt-targeted-closed-loop-falsification,16072052,n5-6dof-zero-loss,N5 6-DOF zero-loss,EXP23I targeted repair,elcs-w-legacy,2,50,periodic,ELCS-W legacy same-frame/new-sequence retry,none,5,ring2,6dof,tdma,1,1,0.15,1,0.48,0.29,0.29,0.0476190476190476,0.0476190476190476,0.0536847639612141,0.526719923604899,0,0,10.2826527449372,12.5611012780968,0,1.03670665746905,0.0859784411276951,0.220000000000001,0.300000000000001,0.380000000000001,NaN,NaN,3000,1080,559,0,0,2590,1347,1243,0,0,0,0,0,0,0,0,0,1918,0,0,1,32,32,0,0,0,0,0,0,0,0.42116616281165,0,0,0,0,0,0,0,0,0,0,0.319210666666664,3.31775999999997,0,0,1.79199999999998,0,0.766105599999994,46.5833333333333,112.25,0,0.0100278064283401,0.0190126859257618,NaN,NaN,0.998932276265524,2590,0,0,0,0,0,0.3635652,0,967492,0,110997400,0,17852310783,tdma,candidate-elcs-w,none,local-conflict-witness-leases,none,continuous-elcs-replay,NaN,50,NaN,9.31666666666667,8.91666666666667,NaN,NaN,NaN,NaN,NaN,NaN,NaN,NaN,1080,NaN,NaN,NaN,0,0,1,0,NaN,NaN,NaN,NaN,NaN,0,0,NaN,0,0,0.319210666666664,1080,nominal,full,1,0,503253238762,0,0,0,0,0,0,0,0,1,0,0,0,0,0,0,0.166585007720309,1,0,NaN,NaN,5,1,0,0,1,188686416350,1080,1080,0.00146005840233609,0.00453205840233609,Inf,1.38777878078145e-17,0.00025,40,35.1125247044617,1,5421734700,25275046228,19033605,17849259,1011711986,44314,10,4,3,1,1,3,217,1,8,157,0,0,0,0,158,313,313,0,0,421,734,7512,12552,20064,310,8680,4000,112000,0.1835,0.179142857142857,719,727,301,0,1077,3,0,1347,1243,0,1347,1243,0,0,1080,1080,0,1,589,0.512768,1434,1073,361,0,589,0.512768,1434,1073,361,0,1,16024,0.512768,0,11.9927085303634,11.9533868084855,1,817018,0.00025,40,0.000222091252909756,35.1125247044617,0.000730029201168047,0.00146005840233609,11.99546812288,1,0.000727494773354209,0.000139300775251046,1.38777878078145e-17,NaN,NaN,NaN,NaN,1,0.15,967492,2099,candidate-elcs-w,589,0.512768,0.0427306666666666,0.319210666666664,1,iid-load15,IID occupancy 15%,iid,0.15,0,0,6307949147,0.149333333333332,3022,0.00118596955658504
cumulative-receipt-targeted-closed-loop-falsification,16072052,n5-6dof-zero-loss,N5 6-DOF zero-loss,EXP23I targeted repair,elcs-w-cumulative,3,50,periodic,ELCS-W cumulative same-sequence receipt retry,none,5,ring2,6dof,tdma,1,1,0.15,1,0.48,0.29,0.29,0.0476190476190476,0.0476190476190476,0.0536847639612141,0.526719923604899,0,0,10.2826527449372,12.5611012780968,0,1.03670665746905,0.0859784411276951,0.220000000000001,0.300000000000001,0.380000000000001,NaN,NaN,3000,1080,559,0,0,2590,1347,1243,0,0,0,0,0,0,0,0,0,1918,0,0,1,32,32,0,0,0,0,0,0,0,0.41406629819406,0,0,0,0,0,0,0,0,0,0,0.310783999999997,3.31775999999997,0,0,1.79199999999998,0,0.745881599999994,46.5833333333333,112.25,0,0.0100278064283401,0.0190126859257618,NaN,NaN,0.998932276265524,2590,0,0,0,0,0,0.5580588,0,967492,0,110997400,0,16981758487,tdma,candidate-elcs-w,none,local-conflict-witness-leases,none,continuous-elcs-replay,NaN,50,NaN,9.31666666666667,8.91666666666667,NaN,NaN,NaN,NaN,NaN,NaN,NaN,NaN,1080,NaN,NaN,NaN,0,0,1,0,NaN,NaN,NaN,NaN,NaN,0,0,NaN,0,0,0.310783999999997,1080,nominal,full,1,0,503253238762,0,0,0,0,0,0,0,0,1,0,0,0,0,0,0,0.166585007720309,1,0,NaN,NaN,5,1,0,0,1,188686416350,1080,1080,0.00146005840233609,0.00453205840233609,Inf,1.38777878078145e-17,0.00025,40,35.1125247044617,1,5014643456,25275046228,19033607,17869179,986246556,44314,10,4,3,1,1,3,217,1,8,98,0,0,0,0,98,270,172,1,0,334,604,6480,10304,16784,310,8680,4000,112000,0.151,0.149857142857143,612,620,255,0,1077,3,0,1347,1243,0,1347,1243,0,0,1080,1080,0,1,464,0.411648,1117,833,284,0,464,0.411648,1117,833,284,0,1,12864,0.411648,0,11.9927085303634,11.6866171835373,1,611479,0.00025,40,0.000222091252909756,35.1125247044617,0.000730029201168047,0.00146005840233609,11.99546812288,1,0.000727494773354209,0.000139300775251046,1.38777878078145e-17,NaN,NaN,NaN,NaN,1,0.15,967492,2099,candidate-elcs-w,464,0.411648,0.034304,0.310783999999997,1,iid-load15,IID occupancy 15%,iid,0.15,0,0,6307949147,0.149333333333332,3022,0.00118596955658504
cumulative-receipt-targeted-closed-loop-falsification,16072053,n5-6dof-zero-loss,N5 6-DOF zero-loss,EXP23I targeted repair,periodic-exp23d-lower,1,18.6733506944443,periodic,Periodic static TDMA / EXP23D lower-cost boundary,none,5,ring2,6dof,tdma,1,1,0.15,1,0.48,0.29,0.29,0.0476190476190476,0.0476190476190476,0.0551264870281123,0.527648293012226,0,0,10.3872266851025,12.6990641316742,0,1.03668660181942,0.0980265339966832,0.26,0.44,0.56,NaN,NaN,1120,1120,594,0,0,2688,1421,1267,0,0,0,0,0,0,526,0.469642857142857,0,0,0,0,1,32,32,0,0,0,0,0,0,0,0.38818982303787,0,0,0,0.379032475135817,0.424077307508878,0,0,0,0,0,0.286719999999997,3.44063999999997,0,0,1.72099999999982,526,0.688127999999993,49.5,118.416666666667,0,0.0112945325461826,0.0214841718515635,NaN,NaN,0.998997706616835,2688,0,0,0,0,0,2.0854426,0,253787,0,110997400,0,257875179,tdma,periodic-frontier,none,full-mission-static-tdma,none,continuous-local-static-tdma,NaN,18.6733506944443,NaN,9.9,9.58333333333333,NaN,NaN,NaN,NaN,NaN,NaN,NaN,NaN,1120,NaN,NaN,NaN,0,0,1,0,NaN,NaN,NaN,NaN,NaN,0,0,NaN,0,0,0.286719999999997,1120,nominal,full,0,0,503856366580,0,0,0,0,0,0,0,0,1,0,0,0,0,0,0,NaN,0,0,NaN,NaN,5,1,0,0,1,188914447396,2647,1120,0.00146005840233609,0.00453205840233609,Inf,0,0.00025,40,36.3943511297128,1,NaN,NaN,NaN,NaN,NaN,NaN,NaN,NaN,NaN,NaN,NaN,NaN,NaN,NaN,NaN,NaN,NaN,NaN,NaN,NaN,NaN,NaN,NaN,NaN,NaN,NaN,NaN,NaN,NaN,NaN,NaN,NaN,NaN,NaN,NaN,NaN,NaN,NaN,NaN,NaN,NaN,NaN,NaN,NaN,NaN,NaN,NaN,NaN,NaN,NaN,NaN,NaN,NaN,NaN,NaN,NaN,NaN,NaN,NaN,NaN,NaN,NaN,NaN,NaN,NaN,NaN,NaN,NaN,NaN,NaN,NaN,NaN,NaN,NaN,NaN,NaN,NaN,NaN,NaN,NaN,NaN,NaN,NaN,NaN,NaN,NaN,NaN,NaN,NaN,NaN,NaN,NaN,NaN,periodic-static,0,0,0,0.286719999999997,0,iid-load15,IID occupancy 15%,iid,0.15,0,0,6355410396,0.143416666666652,2939,0.00117074829931973
cumulative-receipt-targeted-closed-loop-falsification,16072053,n5-6dof-zero-loss,N5 6-DOF zero-loss,EXP23I targeted repair,elcs-w-legacy,2,50,periodic,ELCS-W legacy same-frame/new-sequence retry,none,5,ring2,6dof,tdma,1,1,0.15,1,0.48,0.29,0.29,0.0476190476190476,0.0476190476190476,0.0542935729672764,0.519435590889944,0,0,10.1571289461897,13.0224294863592,0,1.03675549370985,0.0866583747927033,0.220000000000001,0.32,0.460000000000001,NaN,NaN,3000,1084,596,0,0,2599,1423,1176,0,0,0,0,0,0,2,0.0018450184501845,0,1914,0,0,1,32,32,0,0,0,0,0,0,0,0.42049835829079,0,0,0,0,0,0,0,0,0,0,0.321962666666664,3.33004799999997,0,0,1.72099999999998,0,0.772710399999993,49.6666666666667,118.583333333333,0,0.00999901241536222,0.0189743619635489,NaN,NaN,0.997545564323626,2599,0,0,0,0,0,0.7001506,0,253787,0,110997400,0,18204033023,tdma,candidate-elcs-w,none,local-conflict-witness-leases,none,continuous-elcs-replay,NaN,50,NaN,9.93333333333333,9.5,NaN,NaN,NaN,NaN,NaN,NaN,NaN,NaN,1084,NaN,NaN,NaN,0,0,1,2,NaN,NaN,NaN,NaN,NaN,0,0,NaN,0,0,0.321962666666664,1084,nominal,full,1,0,503856366580,0,0,0,0,0,0,0,0,1,0,0,0,0,0,0,0.221870000560022,1,0,NaN,NaN,5,1,0,0,1,188914447396,1084,1084,0.00146005840233609,0.00453205840233609,Inf,1.38777878078145e-17,0.00025,40,36.3943511297128,1,5642596649,25547587613,19033605,17850623,999819517,44314,10,4,3,1,1,4,217,1,5,154,1,0,0,1,154,309,309,0,0,457,766,7416,13176,20592,310,8680,4000,112000,0.1915,0.183857142857143,728,733,304,0,1080,4,2,1423,1174,2,1423,1174,2,0,1084,1084,0,1,626,0.533504,1546,1154,392,0,626,0.533503999999999,1546,1154,392,0,1,16672,0.533504,0,11.9928614602479,11.6291267479067,1,212189,0.00025,40,0.000188703932590821,36.3943511297128,0.000730029201168047,0.00146005840233609,11.99546812288,1,0.0010413427392173,4.61867351967821e-05,1.38777878078145e-17,NaN,NaN,NaN,NaN,1,0.15,253787,2060,candidate-elcs-w,626,0.533503999999999,0.0444586666666666,0.321962666666664,1,iid-load15,IID occupancy 15%,iid,0.15,0,0,6355410396,0.143416666666665,2939,0.00117074829931973
cumulative-receipt-targeted-closed-loop-falsification,16072053,n5-6dof-zero-loss,N5 6-DOF zero-loss,EXP23I targeted repair,elcs-w-cumulative,3,50,periodic,ELCS-W cumulative same-sequence receipt retry,none,5,ring2,6dof,tdma,1,1,0.15,1,0.48,0.29,0.29,0.0476190476190476,0.0476190476190476,0.0542935729672764,0.519435590889944,0,0,10.1571289461897,13.0224294863592,0,1.03675549370985,0.0866583747927033,0.220000000000001,0.32,0.460000000000001,NaN,NaN,3000,1084,596,0,0,2599,1423,1176,0,0,0,0,0,0,2,0.0018450184501845,0,1914,0,0,1,32,32,0,0,0,0,0,0,0,0.410969572691585,0,0,0,0,0,0,0,0,0,0,0.310847999999997,3.33004799999997,0,0,1.72099999999998,0,0.746035199999994,49.6666666666667,118.583333333333,0,0.00999901241536222,0.0189743619635489,NaN,NaN,0.997545564323626,2599,0,0,0,0,0,0.6843106,0,253787,0,110997400,0,16951727837,tdma,candidate-elcs-w,none,local-conflict-witness-leases,none,continuous-elcs-replay,NaN,50,NaN,9.93333333333333,9.5,NaN,NaN,NaN,NaN,NaN,NaN,NaN,NaN,1084,NaN,NaN,NaN,0,0,1,2,NaN,NaN,NaN,NaN,NaN,0,0,NaN,0,0,0.310847999999997,1084,nominal,full,1,0,503856366580,0,0,0,0,0,0,0,0,1,0,0,0,0,0,0,0.221870000560022,1,0,NaN,NaN,5,1,0,0,1,188914447396,1084,1084,0.00146005840233609,0.00453205840233609,Inf,1.38777878078145e-17,0.00025,40,36.3943511297128,1,5009996354,25547587613,19033607,17869155,1008543684,44314,10,4,3,1,1,4,217,1,5,98,1,0,0,1,98,260,162,1,0,336,596,6240,10184,16424,310,8680,4000,112000,0.149,0.146642857142857,596,601,247,0,1080,4,2,1423,1174,2,1423,1174,2,0,1084,1084,0,1,456,0.400128,1111,828,283,0,456,0.400127999999999,1111,828,283,0,1,12504,0.400128,0,11.9928614602479,11.5761917583794,1,279324,0.00025,40,0.000188703932590821,36.3943511297128,0.000730029201168047,0.00146005840233609,11.99546812288,1,0.0010413427392173,4.61867351967821e-05,1.38777878078145e-17,NaN,NaN,NaN,NaN,1,0.15,253787,2060,candidate-elcs-w,456,0.400127999999999,0.033344,0.310847999999997,1,iid-load15,IID occupancy 15%,iid,0.15,0,0,6355410396,0.143416666666665,2939,0.00117074829931973
cumulative-receipt-targeted-closed-loop-falsification,16072054,n5-6dof-zero-loss,N5 6-DOF zero-loss,EXP23I targeted repair,periodic-exp23d-lower,1,18.6733506944443,periodic,Periodic static TDMA / EXP23D lower-cost boundary,none,5,ring2,6dof,tdma,1,1,0.15,1,0.48,0.29,0.29,0.0476190476190476,0.0476190476190476,0.0557268637797516,0.528050480225014,0,0,10.4550194833071,12.9255824368256,0,1.03674248250556,0.102114427860697,0.280000000000001,0.42,0.540000000000001,NaN,NaN,1120,1120,581,0,0,2688,1378,1310,0,0,0,0,0,0,539,0.48125,0,0,0,0,1,32,32,0,0,0,0,0,0,0,0.394319142020468,0,0,0,0.397258625670008,0.44552682074938,0,0,0,0,0,0.286719999999997,3.44063999999997,0,0,1.77499999999978,539,0.688127999999993,48.4166666666667,114.833333333333,0,0.0112580813764404,0.0214049687357543,NaN,NaN,0.993922708870077,2688,0,0,0,0,0,2.1734194,0,353315,0,110997400,0,257875181,tdma,periodic-frontier,none,full-mission-static-tdma,none,continuous-local-static-tdma,NaN,18.6733506944443,NaN,9.68333333333333,8.33333333333333,NaN,NaN,NaN,NaN,NaN,NaN,NaN,NaN,1120,NaN,NaN,NaN,0,0,1,0,NaN,NaN,NaN,NaN,NaN,0,0,NaN,0,0,0.286719999999997,1120,nominal,full,0,0,503523118476,0,0,0,0,0,0,0,0,1,0,0,0,0,0,0,NaN,0,0,NaN,NaN,5,1,0,0,1,188763132239,2647,1120,0.00146005840233609,0.00453205840233609,Inf,0,0.00025,40,38.3120727613206,1,NaN,NaN,NaN,NaN,NaN,NaN,NaN,NaN,NaN,NaN,NaN,NaN,NaN,NaN,NaN,NaN,NaN,NaN,NaN,NaN,NaN,NaN,NaN,NaN,NaN,NaN,NaN,NaN,NaN,NaN,NaN,NaN,NaN,NaN,NaN,NaN,NaN,NaN,NaN,NaN,NaN,NaN,NaN,NaN,NaN,NaN,NaN,NaN,NaN,NaN,NaN,NaN,NaN,NaN,NaN,NaN,NaN,NaN,NaN,NaN,NaN,NaN,NaN,NaN,NaN,NaN,NaN,NaN,NaN,NaN,NaN,NaN,NaN,NaN,NaN,NaN,NaN,NaN,NaN,NaN,NaN,NaN,NaN,NaN,NaN,NaN,NaN,NaN,NaN,NaN,NaN,NaN,NaN,periodic-static,0,0,0,0.286719999999997,0,iid-load15,IID occupancy 15%,iid,0.15,0,0,6296458235,0.147916666666648,3038,0.00116853192890059
cumulative-receipt-targeted-closed-loop-falsification,16072054,n5-6dof-zero-loss,N5 6-DOF zero-loss,EXP23I targeted repair,elcs-w-legacy,2,50,periodic,ELCS-W legacy same-frame/new-sequence retry,none,5,ring2,6dof,tdma,1,1,0.15,1,0.48,0.29,0.29,0.0476190476190476,0.0476190476190476,0.0517925148507785,0.530989026015894,0,0,10.2022162827616,12.5404071891462,0,1.03677629159013,0.0901575456053069,0.24,0.32,0.4,NaN,NaN,3000,1078,590,0,0,2588,1415,1173,0,0,0,0,0,0,0,0,0,1920,0,0,1,32,32,0,0,0,0,0,0,0,0.421991778351959,0,0,0,0,0,0,0,0,0,0,0.319935999999997,3.31161599999997,0,0,1.77500000000001,0,0.767846399999993,49.1666666666667,117.916666666667,0,0.0100208895414588,0.0190112671570934,NaN,NaN,0.998307952622673,2588,0,0,0,0,0,0.6878388,0,353315,0,110997400,0,18081814036,tdma,candidate-elcs-w,none,local-conflict-witness-leases,none,continuous-elcs-replay,NaN,50,NaN,9.83333333333333,9.16666666666667,NaN,NaN,NaN,NaN,NaN,NaN,NaN,NaN,1078,NaN,NaN,NaN,0,0,1,0,NaN,NaN,NaN,NaN,NaN,0,0,NaN,0,0,0.319935999999997,1078,nominal,full,1,0,503523118476,0,0,0,0,0,0,0,0,1,0,0,0,0,0,0,0.166585007720309,1,0,NaN,NaN,5,1,0,0,1,188763132239,1078,1078,0.00146005840233609,0.00453205840233609,Inf,1.73472347597681e-18,0.00025,40,38.3120727613206,1,5568339136,25306753783,19033605,17849198,1052517032,44314,10,4,3,1,1,3,217,1,8,154,0,0,0,0,155,310,310,0,0,449,759,7440,13072,20512,310,8680,4000,112000,0.18975,0.183142857142857,730,736,312,0,1077,1,0,1415,1173,0,1415,1173,0,0,1078,1078,0,1,615,0.527616000000001,1513,1094,419,0,615,0.527615999999999,1513,1094,419,0,1,16488,0.527616,0,11.9931476523476,11.9634709139044,1,1344629,0.00025,40,0.000200606649593418,38.3120727613206,0.000730029201168047,0.00146005840233609,11.99546812288,1,0.000919291294092517,0,1.73472347597681e-18,NaN,NaN,NaN,NaN,1,0.15,353315,2139,candidate-elcs-w,615,0.527615999999999,0.0439679999999999,0.319935999999997,1,iid-load15,IID occupancy 15%,iid,0.15,0,0,6296458235,0.147916666666667,3038,0.00116853192890059
cumulative-receipt-targeted-closed-loop-falsification,16072054,n5-6dof-zero-loss,N5 6-DOF zero-loss,EXP23I targeted repair,elcs-w-cumulative,3,50,periodic,ELCS-W cumulative same-sequence receipt retry,none,5,ring2,6dof,tdma,1,1,0.15,1,0.48,0.29,0.29,0.0476190476190476,0.0476190476190476,0.0517925148507785,0.530989026015894,0,0,10.2022162827616,12.5404071891462,0,1.03677629159013,0.0901575456053069,0.24,0.32,0.4,NaN,NaN,3000,1078,590,0,0,2588,1415,1173,0,0,0,0,0,0,0,0,0,1920,0,0,1,32,32,0,0,0,0,0,0,0,0.414411532614701,0,0,0,0,0,0,0,0,0,0,0.310805333333331,3.31161599999997,0,0,1.77500000000001,0,0.745932799999994,49.1666666666667,117.916666666667,0,0.0100208895414588,0.0190112671570934,NaN,NaN,0.998307952622673,2588,0,0,0,0,0,0.6647187,0,353315,0,110997400,0,16934154490,tdma,candidate-elcs-w,none,local-conflict-witness-leases,none,continuous-elcs-replay,NaN,50,NaN,9.83333333333333,9.16666666666667,NaN,NaN,NaN,NaN,NaN,NaN,NaN,NaN,1078,NaN,NaN,NaN,0,0,1,0,NaN,NaN,NaN,NaN,NaN,0,0,NaN,0,0,0.310805333333331,1078,nominal,full,1,0,503523118476,0,0,0,0,0,0,0,0,1,0,0,0,0,0,0,0.166585007720309,1,0,NaN,NaN,5,1,0,0,1,188763132239,1078,1078,0.00146005840233609,0.00453205840233609,Inf,1.73472347597681e-18,0.00025,40,38.3120727613206,1,5041876149,25306753783,19033607,17868595,1004831332,44314,10,4,3,1,1,3,217,1,8,101,0,0,0,0,101,269,168,1,0,342,611,6456,10528,16984,310,8680,4000,112000,0.15275,0.151642857142857,625,632,255,0,1077,1,0,1415,1173,0,1415,1173,0,0,1078,1078,0,1,471,0.418048,1140,833,307,0,471,0.418048,1140,833,307,0,1,13064,0.418048,0,11.9931476523476,11.6870428793514,1,909679,0.00025,40,0.000200606649593418,38.3120727613206,0.000730029201168047,0.00146005840233609,11.99546812288,1,0.00092848684041158,0,1.73472347597681e-18,NaN,NaN,NaN,NaN,1,0.15,353315,2139,candidate-elcs-w,471,0.418048,0.0348373333333333,0.310805333333331,1,iid-load15,IID occupancy 15%,iid,0.15,0,0,6296458235,0.147916666666667,3038,0.00116853192890059
cumulative-receipt-targeted-closed-loop-falsification,16072055,n5-6dof-zero-loss,N5 6-DOF zero-loss,EXP23I targeted repair,periodic-exp23d-lower,1,18.6733506944443,periodic,Periodic static TDMA / EXP23D lower-cost boundary,none,5,ring2,6dof,tdma,1,1,0.15,1,0.48,0.29,0.29,0.0476190476190476,0.0476190476190476,0.0546957163338083,0.52427881396846,0,0,10.4614886645209,12.4735507479775,0,1.03690938935208,0.0841791044776119,0.219999999999999,0.317799999999998,0.380000000000001,NaN,NaN,1120,1120,573,0,0,2688,1371,1317,0,0,0,0,0,0,547,0.488392857142857,0,0,0,0,1,32,32,0,0,0,0,0,0,0,0.395540561833576,0,0,0,0.389949033967233,0.437523167845907,0,0,0,0,0,0.286719999999997,3.44063999999997,0,0,1.8109999999998,547,0.688127999999993,47.75,114.25,0,0.0113405663131348,0.0215096696256805,NaN,NaN,0.994589764173091,2688,0,0,0,0,0,2.1019068,0,1166989,0,110997400,0,257875183,tdma,periodic-frontier,none,full-mission-static-tdma,none,continuous-local-static-tdma,NaN,18.6733506944443,NaN,9.55,8.5,NaN,NaN,NaN,NaN,NaN,NaN,NaN,NaN,1120,NaN,NaN,NaN,0,0,1,0,NaN,NaN,NaN,NaN,NaN,0,0,NaN,0,0,0.286719999999997,1120,nominal,full,0,0,503100845807,0,0,0,0,0,0,0,0,1,0,0,0,0,0,0,NaN,0,0,NaN,NaN,5,1,0,0,1,188674714326,2648,1120,0.00146005840233609,0.00453205840233609,Inf,0,0.00025,40,35.8184735729366,1,NaN,NaN,NaN,NaN,NaN,NaN,NaN,NaN,NaN,NaN,NaN,NaN,NaN,NaN,NaN,NaN,NaN,NaN,NaN,NaN,NaN,NaN,NaN,NaN,NaN,NaN,NaN,NaN,NaN,NaN,NaN,NaN,NaN,NaN,NaN,NaN,NaN,NaN,NaN,NaN,NaN,NaN,NaN,NaN,NaN,NaN,NaN,NaN,NaN,NaN,NaN,NaN,NaN,NaN,NaN,NaN,NaN,NaN,NaN,NaN,NaN,NaN,NaN,NaN,NaN,NaN,NaN,NaN,NaN,NaN,NaN,NaN,NaN,NaN,NaN,NaN,NaN,NaN,NaN,NaN,NaN,NaN,NaN,NaN,NaN,NaN,NaN,NaN,NaN,NaN,NaN,NaN,NaN,periodic-static,0,0,0,0.286719999999997,0,iid-load15,IID occupancy 15%,iid,0.15,0,0,6288166870,0.15091666666665,3085,0.00117368762151653
cumulative-receipt-targeted-closed-loop-falsification,16072055,n5-6dof-zero-loss,N5 6-DOF zero-loss,EXP23I targeted repair,elcs-w-legacy,2,50,periodic,ELCS-W legacy same-frame/new-sequence retry,none,5,ring2,6dof,tdma,1,1,0.15,1,0.48,0.29,0.29,0.0476190476190476,0.0476190476190476,0.0588695493401227,0.515433035880989,0,0,10.2485990164531,12.6635457425499,0,1.03673076176006,0.103300165837479,0.280000000000001,0.4,0.5,NaN,NaN,3000,1081,548,0,0,2595,1323,1272,0,0,0,0,0,0,0,0,0,1917,0,0,1,32,32,0,0,0,0,0,0,0,0.429523909724077,0,0,0,0,0,0,0,0,0,0,0.328490666666664,3.32083199999997,0,0,1.81099999999998,0,0.788377599999993,45.6666666666667,110.25,0,0.0100837804113566,0.0190324445496826,NaN,NaN,0.996661245892934,2595,0,0,0,0,0,0.6789496,0,1166989,0,110997400,0,18833279146,tdma,candidate-elcs-w,none,local-conflict-witness-leases,none,continuous-elcs-replay,NaN,50,NaN,9.13333333333333,8.66666666666667,NaN,NaN,NaN,NaN,NaN,NaN,NaN,NaN,1081,NaN,NaN,NaN,0,0,1,0,NaN,NaN,NaN,NaN,NaN,0,0,NaN,0,0,0.328490666666664,1081,nominal,full,1,0,503100845807,0,0,0,0,0,0,0,0,1,0,0,0,0,0,0,0.166585007720309,1,0,NaN,NaN,5,1,0,0,1,188674714326,1081,1081,0.00146005840233609,0.00453205840233609,Inf,4.44089209850063e-16,0.00025,40,35.8184735729366,1,6026787150,25314062811,19033605,17853206,1006117337,44314,10,4,3,1,1,3,217,1,4,210,0,0,0,0,212,367,367,0,0,493,860,8808,14688,23496,310,8680,4000,112000,0.215,0.209785714285714,844,850,356,0,1081,0,0,1323,1272,0,1323,1272,0,0,1081,1081,0,1,714,0.621056,1744,1239,505,0,714,0.621055999999999,1744,1239,505,0,1,19408,0.621056,0,11.9931416882291,11.9634646718293,1,1594890,0.00025,40,0.00020321263747552,35.8184735729366,0.000730029201168047,0.00146005840233609,11.99546812288,1,0.0011442109664106,0,4.44089209850063e-16,NaN,NaN,NaN,NaN,1,0.15,1166989,2088,candidate-elcs-w,714,0.621055999999999,0.0517546666666666,0.328490666666664,1,iid-load15,IID occupancy 15%,iid,0.15,0,0,6288166870,0.150916666666665,3085,0.00117368762151653
cumulative-receipt-targeted-closed-loop-falsification,16072055,n5-6dof-zero-loss,N5 6-DOF zero-loss,EXP23I targeted repair,elcs-w-cumulative,3,50,periodic,ELCS-W cumulative same-sequence receipt retry,none,5,ring2,6dof,tdma,1,1,0.15,1,0.48,0.29,0.29,0.0476190476190476,0.0476190476190476,0.0588695493401227,0.515433035880989,0,0,10.2485990164531,12.6635457425499,0,1.03673076176006,0.103300165837479,0.280000000000001,0.4,0.5,NaN,NaN,3000,1081,548,0,0,2595,1323,1272,0,0,0,0,0,0,0,0,0,1917,0,0,1,32,32,0,0,0,0,0,0,0,0.416171560144356,0,0,0,0,0,0,0,0,0,0,0.312405333333331,3.32083199999997,0,0,1.81099999999998,0,0.749772799999994,45.6666666666667,110.25,0,0.0100837804113566,0.0190324445496826,NaN,NaN,0.996661245892934,2595,0,0,0,0,0,0.691361900000001,0,1166989,0,110997400,0,17062915574,tdma,candidate-elcs-w,none,local-conflict-witness-leases,none,continuous-elcs-replay,NaN,50,NaN,9.13333333333333,8.66666666666667,NaN,NaN,NaN,NaN,NaN,NaN,NaN,NaN,1081,NaN,NaN,NaN,0,0,1,0,NaN,NaN,NaN,NaN,NaN,0,0,NaN,0,0,0.312405333333331,1081,nominal,full,1,0,503100845807,0,0,0,0,0,0,0,0,1,0,0,0,0,0,0,0.166585007720309,1,0,NaN,NaN,5,1,0,0,1,188674714326,1081,1081,0.00146005840233609,0.00453205840233609,Inf,1.73472347597681e-18,0.00025,40,35.8184735729366,1,5048524243,25314062811,19033607,17871214,1016087738,44314,10,4,3,1,1,3,217,1,4,117,0,0,0,0,117,281,164,1,0,339,620,6744,10552,17296,310,8680,4000,112000,0.155,0.154428571428571,635,641,264,0,1081,0,0,1323,1272,0,1323,1272,0,0,1081,1081,0,1,480,0.428032,1161,833,328,0,480,0.428032,1161,833,328,0,1,13376,0.428032,0,11.9931416882291,11.7423201729351,1,1714353,0.00025,40,0.00020321263747552,35.8184735729366,0.000730029201168047,0.00146005840233609,11.99546812288,1,0.00114421876579662,0,1.73472347597681e-18,NaN,NaN,NaN,NaN,1,0.15,1166989,2088,candidate-elcs-w,480,0.428032,0.0356693333333333,0.312405333333331,1,iid-load15,IID occupancy 15%,iid,0.15,0,0,6288166870,0.150916666666665,3085,0.00117368762151653
cumulative-receipt-targeted-closed-loop-falsification,16072056,n5-6dof-zero-loss,N5 6-DOF zero-loss,EXP23I targeted repair,periodic-exp23d-lower,1,18.6733506944443,periodic,Periodic static TDMA / EXP23D lower-cost boundary,none,5,ring2,6dof,tdma,1,1,0.15,1,0.48,0.29,0.29,0.0476190476190476,0.0476190476190476,0.0523074734961586,0.526657526792758,0,0,10.2992160855614,12.4497910705848,0,1.03666631896286,0.0889966832504144,0.220000000000001,0.32,0.500000000000001,NaN,NaN,1120,1120,566,0,0,2688,1368,1320,0,0,0,0,0,0,554,0.494642857142857,0,0,0,0,1,32,32,0,0,0,0,0,0,0,0.391572763515846,0,0,0,0.395549494070188,0.444630427683977,0,0,0,0,0,0.286719999999997,3.44063999999997,0,0,1.7849999999998,554,0.688127999999993,47.1666666666667,114,0,0.0112911415850683,0.0214951016124935,NaN,NaN,0.993013235795543,2688,0,0,0,0,0,2.1208637,0,1016693,0,110997400,0,257875185,tdma,periodic-frontier,none,full-mission-static-tdma,none,continuous-local-static-tdma,NaN,18.6733506944443,NaN,9.43333333333333,8,NaN,NaN,NaN,NaN,NaN,NaN,NaN,NaN,1120,NaN,NaN,NaN,0,0,1,0,NaN,NaN,NaN,NaN,NaN,0,0,NaN,0,0,0.286719999999997,1120,nominal,full,0,0,503536334508,0,0,0,0,0,0,0,0,1,0,0,0,0,0,0,NaN,0,0,NaN,NaN,5,1,0,0,1,188671748328,2647,1120,0.00146005840233609,0.00453205840233609,Inf,2.77555756156289e-17,0.00025,40,35.741068331148,1,NaN,NaN,NaN,NaN,NaN,NaN,NaN,NaN,NaN,NaN,NaN,NaN,NaN,NaN,NaN,NaN,NaN,NaN,NaN,NaN,NaN,NaN,NaN,NaN,NaN,NaN,NaN,NaN,NaN,NaN,NaN,NaN,NaN,NaN,NaN,NaN,NaN,NaN,NaN,NaN,NaN,NaN,NaN,NaN,NaN,NaN,NaN,NaN,NaN,NaN,NaN,NaN,NaN,NaN,NaN,NaN,NaN,NaN,NaN,NaN,NaN,NaN,NaN,NaN,NaN,NaN,NaN,NaN,NaN,NaN,NaN,NaN,NaN,NaN,NaN,NaN,NaN,NaN,NaN,NaN,NaN,NaN,NaN,NaN,NaN,NaN,NaN,NaN,NaN,NaN,NaN,NaN,NaN,periodic-static,0,0,0,0.286719999999997,0,iid-load15,IID occupancy 15%,iid,0.15,0,0,6244809380,0.148749999999983,3018,0.00118290258449304
cumulative-receipt-targeted-closed-loop-falsification,16072056,n5-6dof-zero-loss,N5 6-DOF zero-loss,EXP23I targeted repair,elcs-w-legacy,2,50,periodic,ELCS-W legacy same-frame/new-sequence retry,none,5,ring2,6dof,tdma,1,1,0.15,1,0.48,0.29,0.29,0.0476190476190476,0.0476190476190476,0.0537827279836252,0.528335212962101,0,0,10.3645061901188,12.6473619094728,0,1.03680331292924,0.0961525704809287,0.26,0.380000000000001,0.559999999999999,NaN,NaN,3000,1080,541,0,0,2593,1303,1290,0,0,0,0,0,0,0,0,0,1918,0,0,1,32,32,0,0,0,0,0,0,0,0.418759917325501,0,0,0,0,0,0,0,0,0,0,0.317247999999997,3.31775999999997,0,0,1.78499999999994,0,0.761395199999993,45.0833333333333,108.583333333333,0,0.0100237985224067,0.0189899275309648,NaN,NaN,0.995869273039691,2593,0,0,0,0,0,0.690195900000001,0,1016693,0,110997400,0,17693303245,tdma,candidate-elcs-w,none,local-conflict-witness-leases,none,continuous-elcs-replay,NaN,50,NaN,9.01666666666667,8,NaN,NaN,NaN,NaN,NaN,NaN,NaN,NaN,1080,NaN,NaN,NaN,0,0,1,0,NaN,NaN,NaN,NaN,NaN,0,0,NaN,0,0,0.317247999999997,1080,nominal,full,1,0,503536334508,0,0,0,0,0,0,0,0,1,0,0,0,0,0,0,0.277154993399736,1,0,NaN,NaN,5,1,0,0,1,188671748328,1080,1080,0.00146005840233609,0.00453205840233609,Inf,1.38777878078145e-17,0.00025,40,35.741068331148,1,5405346110,24942863766,19033605,17851236,1066149859,44314,10,4,3,1,1,5,217,1,6,146,0,0,0,0,146,301,301,0,0,401,702,7224,11984,19208,310,8680,4000,112000,0.1755,0.1715,691,696,290,0,1079,1,0,1303,1290,0,1303,1290,0,0,1080,1080,0,1,562,0.489216000000001,1369,1043,326,0,562,0.489215999999999,1369,1043,326,0,1,15288,0.489216,0,11.9927719667911,11.8525262011865,1,680297,0.00025,40,0.000215675411850016,35.741068331148,0.000730029201168047,0.00146005840233609,11.99546812288,1,0.000439263116533084,0,1.38777878078145e-17,NaN,NaN,NaN,NaN,1,0.15,1016693,2228,candidate-elcs-w,562,0.489215999999999,0.0407679999999999,0.317247999999997,1,iid-load15,IID occupancy 15%,iid,0.15,0,0,6244809380,0.148749999999995,3018,0.00118290258449304
cumulative-receipt-targeted-closed-loop-falsification,16072056,n5-6dof-zero-loss,N5 6-DOF zero-loss,EXP23I targeted repair,elcs-w-cumulative,3,50,periodic,ELCS-W cumulative same-sequence receipt retry,none,5,ring2,6dof,tdma,1,1,0.15,1,0.48,0.29,0.29,0.0476190476190476,0.0476190476190476,0.0537827279836252,0.528335212962101,0,0,10.3645061901188,12.6473619094728,0,1.03680331292924,0.0961525704809287,0.26,0.380000000000001,0.559999999999999,NaN,NaN,3000,1081,541,0,0,2595,1303,1292,0,0,0,0,0,0,0,0,0,1917,0,0,1,32,32,0,0,0,0,0,0,0,0.410350260128832,0,0,0,0,0,0,0,0,0,0,0.307605333333331,3.32083199999997,0,0,1.78499999999994,0,0.738252799999994,45.0833333333333,108.583333333333,0,0.010022129637498,0.0189899166492715,NaN,NaN,0.995869273039691,2595,0,0,0,0,0,0.7078816,0,1016693,0,110997400,0,16698848402,tdma,candidate-elcs-w,none,local-conflict-witness-leases,none,continuous-elcs-replay,NaN,50,NaN,9.01666666666667,8,NaN,NaN,NaN,NaN,NaN,NaN,NaN,NaN,1081,NaN,NaN,NaN,0,0,1,0,NaN,NaN,NaN,NaN,NaN,0,0,NaN,0,0,0.307605333333331,1081,nominal,full,1,0,503536334508,0,0,0,0,0,0,0,0,1,0,0,0,0,0,0,0.221870000560022,1,0,NaN,NaN,5,1,0,0,1,188671748328,1081,1081,0.00146005840233609,0.00453205840233609,Inf,1.38777878078145e-17,0.00025,40,35.741068331148,1,4833438865,24942863766,19033607,17871002,1001910786,44314,10,4,3,1,1,4,217,1,5,88,0,0,0,0,88,251,163,1,0,308,559,6024,9472,15496,310,8680,4000,112000,0.13975,0.138357142857143,563,568,239,0,1080,1,0,1303,1292,0,1303,1292,0,0,1081,1081,0,1,419,0.370432,1009,769,240,0,419,0.370432,1009,769,240,0,1,11576,0.370432,0,11.9927719667911,11.6313872214609,1,617350,0.00025,40,0.000215675411850016,35.741068331148,0.000730029201168047,0.00146005840233609,11.99546812288,1,0.000439263116533084,0,1.38777878078145e-17,NaN,NaN,NaN,NaN,1,0.15,1016693,2228,candidate-elcs-w,419,0.370432,0.0308693333333333,0.307605333333331,1,iid-load15,IID occupancy 15%,iid,0.15,0,0,6244809380,0.148749999999995,3018,0.00118290258449304
cumulative-receipt-targeted-closed-loop-falsification,16072057,n5-6dof-zero-loss,N5 6-DOF zero-loss,EXP23I targeted repair,periodic-exp23d-lower,1,18.6733506944443,periodic,Periodic static TDMA / EXP23D lower-cost boundary,none,5,ring2,6dof,tdma,1,1,0.15,1,0.48,0.29,0.29,0.0476190476190476,0.0476190476190476,0.0607462357443685,0.512816136512123,0,0,10.4132761275381,13.4519269182574,0,1.03668600438938,0.0981592039800995,0.279999999999999,0.380000000000001,0.52,NaN,NaN,1120,1120,538,0,0,2688,1304,1384,0,0,0,0,0,0,582,0.519642857142857,0,0,0,0,1,32,32,0,0,0,0,0,0,0,0.394968262277385,0,0,0,0.391566922259987,0.450002494293505,0,0,0,0,0,0.286719999999997,3.44063999999997,0,0,1.8669999999998,582,0.688127999999993,44.8333333333333,108.666666666667,0,0.0112751654212617,0.02144999650019,NaN,NaN,0.993423942888523,2688,0,0,0,0,0,2.2314903,0,1250247,0,110997400,0,257875187,tdma,periodic-frontier,none,full-mission-static-tdma,none,continuous-local-static-tdma,NaN,18.6733506944443,NaN,8.96666666666667,8.5,NaN,NaN,NaN,NaN,NaN,NaN,NaN,NaN,1120,NaN,NaN,NaN,0,0,1,0,NaN,NaN,NaN,NaN,NaN,0,0,NaN,0,0,0.286719999999997,1120,nominal,full,0,0,503600026995,0,0,0,0,0,0,0,0,1,0,0,0,0,0,0,NaN,0,0,NaN,NaN,5,1,0,0,1,188677018821,2647,1120,0.00146005840233609,0.00453205840233609,Inf,0,0.00025,40,26.4940761328313,1,NaN,NaN,NaN,NaN,NaN,NaN,NaN,NaN,NaN,NaN,NaN,NaN,NaN,NaN,NaN,NaN,NaN,NaN,NaN,NaN,NaN,NaN,NaN,NaN,NaN,NaN,NaN,NaN,NaN,NaN,NaN,NaN,NaN,NaN,NaN,NaN,NaN,NaN,NaN,NaN,NaN,NaN,NaN,NaN,NaN,NaN,NaN,NaN,NaN,NaN,NaN,NaN,NaN,NaN,NaN,NaN,NaN,NaN,NaN,NaN,NaN,NaN,NaN,NaN,NaN,NaN,NaN,NaN,NaN,NaN,NaN,NaN,NaN,NaN,NaN,NaN,NaN,NaN,NaN,NaN,NaN,NaN,NaN,NaN,NaN,NaN,NaN,NaN,NaN,NaN,NaN,NaN,NaN,periodic-static,0,0,0,0.286719999999997,0,iid-load15,IID occupancy 15%,iid,0.15,0,0,6293732321,0.155583333333317,3138,0.00118992989165073
cumulative-receipt-targeted-closed-loop-falsification,16072057,n5-6dof-zero-loss,N5 6-DOF zero-loss,EXP23I targeted repair,elcs-w-legacy,2,50,periodic,ELCS-W legacy same-frame/new-sequence retry,none,5,ring2,6dof,tdma,1,1,0.15,1,0.48,0.29,0.29,0.0476190476190476,0.0476190476190476,0.0560423861849386,0.520889259165597,0,0,10.475605559734,12.6588187094811,0,1.0366902724896,0.0836981757877282,0.220000000000001,0.32,0.4,NaN,NaN,3000,1082,556,0,0,2597,1335,1262,0,0,0,0,0,0,0,0,0,1916,0,0,1,32,32,0,0,0,0,0,0,0,0.43598673015017,0,0,0,0,0,0,0,0,0,0,0.329791999999997,3.32390399999997,0,0,1.86699999999997,0,0.791500799999993,46.3333333333333,111.25,0,0.0100407500410673,0.0190065844658594,NaN,NaN,0.996377231998969,2597,0,0,0,0,0,0.756553100000001,0,1250247,0,110997400,0,19098685203,tdma,candidate-elcs-w,none,local-conflict-witness-leases,none,continuous-elcs-replay,NaN,50,NaN,9.26666666666667,8.58333333333333,NaN,NaN,NaN,NaN,NaN,NaN,NaN,NaN,1082,NaN,NaN,NaN,0,0,1,0,NaN,NaN,NaN,NaN,NaN,0,0,NaN,0,0,0.329791999999997,1082,nominal,full,1,0,503600026995,0,0,0,0,0,0,0,0,1,0,0,0,0,0,0,0.111300014880595,1,0,NaN,NaN,5,1,0,0,1,188677018821,1082,1082,0.00146005840233609,0.00453205840233609,Inf,1.73472347597681e-18,0.00025,40,26.4940761328313,1,6088411312,25055939912,19033605,17854330,1018209572,44314,10,4,3,1,1,2,217,1,4,208,0,0,0,0,209,364,364,0,0,520,884,8736,15104,23840,310,8680,4000,112000,0.221,0.212857142857143,843,848,361,0,1081,1,0,1335,1262,0,1335,1262,0,0,1082,1082,0,1,739,0.633599999999999,1820,1282,538,0,739,0.633599999999998,1820,1282,538,0,1,19800,0.6336,0,11.9930702502717,11.9607591501118,1,1441253,0.00025,40,0.000166184820707375,26.4940761328313,0.000730029201168047,0.00146005840233609,11.99546812288,1,0.000965598521437627,0,1.73472347597681e-18,NaN,NaN,NaN,NaN,1,0.15,1250247,2184,candidate-elcs-w,739,0.633599999999998,0.0527999999999998,0.329791999999997,1,iid-load15,IID occupancy 15%,iid,0.15,0,0,6293732321,0.15558333333333,3138,0.00118992989165073
cumulative-receipt-targeted-closed-loop-falsification,16072057,n5-6dof-zero-loss,N5 6-DOF zero-loss,EXP23I targeted repair,elcs-w-cumulative,3,50,periodic,ELCS-W cumulative same-sequence receipt retry,none,5,ring2,6dof,tdma,1,1,0.15,1,0.48,0.29,0.29,0.0476190476190476,0.0476190476190476,0.0560423861849386,0.520889259165597,0,0,10.475605559734,12.6588187094811,0,1.0366902724896,0.0836981757877282,0.220000000000001,0.32,0.4,NaN,NaN,3000,1082,556,0,0,2597,1335,1262,0,0,0,0,0,0,0,0,0,1916,0,0,1,32,32,0,0,0,0,0,0,0,0.420027693265514,0,0,0,0,0,0,0,0,0,0,0.310762666666664,3.32390399999997,0,0,1.86699999999997,0,0.745830399999994,46.3333333333333,111.25,0,0.0100407500410673,0.0190065844658594,NaN,NaN,0.996377231998969,2597,0,0,0,0,0,0.6932697,0,1250247,0,110997400,0,16911394350,tdma,candidate-elcs-w,none,local-conflict-witness-leases,none,continuous-elcs-replay,NaN,50,NaN,9.26666666666667,8.58333333333333,NaN,NaN,NaN,NaN,NaN,NaN,NaN,NaN,1082,NaN,NaN,NaN,0,0,1,0,NaN,NaN,NaN,NaN,NaN,0,0,NaN,0,0,0.310762666666664,1082,nominal,full,1,0,503600026995,0,0,0,0,0,0,0,0,1,0,0,0,0,0,0,0.111300014880595,1,0,NaN,NaN,5,1,0,0,1,188677018821,1082,1082,0.00146005840233609,0.00453205840233609,Inf,1.73472347597681e-18,0.00025,40,26.4940761328313,1,4986345371,25055939912,19033607,17871719,1011452266,44314,10,4,3,1,1,2,217,1,4,110,0,0,0,0,110,270,160,1,0,329,599,6480,10104,16584,310,8680,4000,112000,0.14975,0.148071428571429,600,605,250,0,1081,1,0,1335,1262,0,1335,1262,0,0,1082,1082,0,1,459,0.405248,1107,776,331,0,459,0.405248,1107,776,331,0,1,12664,0.405248,0,11.9930702502717,11.6869723830797,1,1726749,0.00025,40,0.000166184820707375,26.4940761328313,0.000730029201168047,0.00146005840233609,11.99546812288,1,0.000965598521437627,0,1.73472347597681e-18,NaN,NaN,NaN,NaN,1,0.15,1250247,2184,candidate-elcs-w,459,0.405248,0.0337706666666666,0.310762666666664,1,iid-load15,IID occupancy 15%,iid,0.15,0,0,6293732321,0.15558333333333,3138,0.00118992989165073
cumulative-receipt-targeted-closed-loop-falsification,16072058,n5-6dof-zero-loss,N5 6-DOF zero-loss,EXP23I targeted repair,periodic-exp23d-lower,1,18.6733506944443,periodic,Periodic static TDMA / EXP23D lower-cost boundary,none,5,ring2,6dof,tdma,1,1,0.15,1,0.48,0.29,0.29,0.0476190476190476,0.0476190476190476,0.0551749599574068,0.523893378833798,0,0,10.3077696380772,12.5238751429196,0,1.03676382562763,0.095323383084577,0.248999999999996,0.34,0.419999999999998,NaN,NaN,1120,1120,561,0,0,2688,1341,1347,0,0,0,0,0,0,559,0.499107142857143,0,0,0,0,1,32,32,0,0,0,0,0,0,0,0.397277263657913,0,0,0,0.401793635111842,0.454893506708148,0,0,0,0,0,0.286719999999997,3.44063999999997,0,0,1.86299999999976,559,0.688127999999993,46.75,111.75,0,0.0113920660760501,0.0215576792886047,NaN,NaN,0.999161864850707,2688,0,0,0,0,0,2.1662017,0,1162370,0,110997400,0,257875189,tdma,periodic-frontier,none,full-mission-static-tdma,none,continuous-local-static-tdma,NaN,18.6733506944443,NaN,9.35,9,NaN,NaN,NaN,NaN,NaN,NaN,NaN,NaN,1120,NaN,NaN,NaN,0,0,1,0,NaN,NaN,NaN,NaN,NaN,0,0,NaN,0,0,0.286719999999997,1120,nominal,full,0,0,503781984105,0,0,0,0,0,0,0,0,1,0,0,0,0,0,0,NaN,0,0,NaN,NaN,5,1,0,0,1,188659085895,2647,1120,0.00146005840233609,0.00453205840233609,Inf,0,0.00025,40,29.2201663632724,1,NaN,NaN,NaN,NaN,NaN,NaN,NaN,NaN,NaN,NaN,NaN,NaN,NaN,NaN,NaN,NaN,NaN,NaN,NaN,NaN,NaN,NaN,NaN,NaN,NaN,NaN,NaN,NaN,NaN,NaN,NaN,NaN,NaN,NaN,NaN,NaN,NaN,NaN,NaN,NaN,NaN,NaN,NaN,NaN,NaN,NaN,NaN,NaN,NaN,NaN,NaN,NaN,NaN,NaN,NaN,NaN,NaN,NaN,NaN,NaN,NaN,NaN,NaN,NaN,NaN,NaN,NaN,NaN,NaN,NaN,NaN,NaN,NaN,NaN,NaN,NaN,NaN,NaN,NaN,NaN,NaN,NaN,NaN,NaN,NaN,NaN,NaN,NaN,NaN,NaN,NaN,NaN,NaN,periodic-static,0,0,0,0.286719999999997,0,iid-load15,IID occupancy 15%,iid,0.15,0,0,6281639374,0.15524999999998,3127,0.00119117647058824
cumulative-receipt-targeted-closed-loop-falsification,16072058,n5-6dof-zero-loss,N5 6-DOF zero-loss,EXP23I targeted repair,elcs-w-legacy,2,50,periodic,ELCS-W legacy same-frame/new-sequence retry,none,5,ring2,6dof,tdma,1,1,0.15,1,0.48,0.29,0.29,0.0476190476190476,0.0476190476190476,0.0582711052052051,0.516631582231571,0,0,10.133839666679,12.8608134948574,0,1.0367464011334,0.101318407960199,0.279999999999999,0.46,0.619999999999999,NaN,NaN,3000,1080,541,0,0,2589,1296,1293,0,0,0,0,0,0,2,0.00185185185185185,0,1918,0,0,1,32,32,0,0,0,0,0,0,0,0.432543362831481,0,0,0,0,0,0,0,0,0,0,0.328341333333331,3.31775999999997,0,0,1.86299999999997,0,0.788019199999994,45.0833333333333,108,0,0.010005429041019,0.0189462293068169,NaN,NaN,0.994989036392378,2589,0,0,0,0,0,0.6677905,0,1162370,0,110997400,0,18926447368,tdma,candidate-elcs-w,none,local-conflict-witness-leases,none,continuous-elcs-replay,NaN,50,NaN,9.01666666666667,8.41666666666667,NaN,NaN,NaN,NaN,NaN,NaN,NaN,NaN,1080,NaN,NaN,NaN,0,0,1,2,NaN,NaN,NaN,NaN,NaN,0,0,NaN,0,0,0.328341333333331,1080,nominal,full,1,0,503781984105,0,0,0,0,0,0,0,0,1,0,0,0,0,0,0,0.277154993399736,1,0,NaN,NaN,5,1,0,0,1,188659085895,1080,1080,0.00146005840233609,0.00453205840233609,Inf,1.38777878078145e-17,0.00025,40,29.2201663632724,1,6015122332,25072876276,19033605,17846846,1011780195,44314,10,4,3,1,1,5,217,1,10,204,1,0,0,1,205,360,360,0,0,503,863,8640,14848,23488,310,8680,4000,112000,0.21575,0.209714285714286,840,850,354,0,1075,5,2,1296,1291,2,1296,1291,2,0,1080,1080,0,1,718,0.622335999999999,1748,1279,469,0,718,0.622335999999999,1748,1279,469,0,1,19448,0.622336,0,11.9929320643543,11.9632557919432,1,1109880,0.00025,40,0.00022471217593861,29.2201663632724,0.000730029201168047,0.00146005840233609,11.99546812288,1,0.00115863969656438,0.000326597939619606,1.38777878078145e-17,NaN,NaN,NaN,NaN,1,0.15,1162370,2196,candidate-elcs-w,718,0.622335999999999,0.0518613333333333,0.328341333333331,1,iid-load15,IID occupancy 15%,iid,0.15,0,0,6281639374,0.155249999999998,3127,0.00119117647058824
cumulative-receipt-targeted-closed-loop-falsification,16072058,n5-6dof-zero-loss,N5 6-DOF zero-loss,EXP23I targeted repair,elcs-w-cumulative,3,50,periodic,ELCS-W cumulative same-sequence receipt retry,none,5,ring2,6dof,tdma,1,1,0.15,1,0.48,0.29,0.29,0.0476190476190476,0.0476190476190476,0.0582711052052051,0.516631582231571,0,0,10.133839666679,12.8608134948574,0,1.0367464011334,0.101318407960199,0.279999999999999,0.46,0.619999999999999,NaN,NaN,3000,1080,541,0,0,2589,1296,1293,0,0,0,0,0,0,2,0.00185185185185185,0,1918,0,0,1,32,32,0,0,0,0,0,0,0,0.416904249565525,0,0,0,0,0,0,0,0,0,0,0.309738666666664,3.31775999999997,0,0,1.86299999999997,0,0.743372799999994,45.0833333333333,108,0,0.00999530297801657,0.0189462293068169,NaN,NaN,0.994989036392378,2589,0,0,0,0,0,0.6256826,0,1162370,0,110997400,0,16842001602,tdma,candidate-elcs-w,none,local-conflict-witness-leases,none,continuous-elcs-replay,NaN,50,NaN,9.01666666666667,8.41666666666667,NaN,NaN,NaN,NaN,NaN,NaN,NaN,NaN,1080,NaN,NaN,NaN,0,0,1,2,NaN,NaN,NaN,NaN,NaN,0,0,NaN,0,0,0.309738666666664,1080,nominal,full,1,0,503781984105,0,0,0,0,0,0,0,0,1,0,0,0,0,0,0,0.277154993399736,1,0,NaN,NaN,5,1,0,0,1,188659085895,1080,1080,0.00146005840233609,0.00453205840233609,Inf,1.38777878078145e-17,0.00025,40,29.2201663632724,1,4958393612,25072876276,19033607,17866095,991522086,44314,10,4,3,1,1,5,217,1,9,102,1,0,0,1,102,270,168,1,0,320,590,6480,9912,16392,310,8680,4000,112000,0.1475,0.146357142857143,589,599,246,0,1076,4,2,1296,1291,2,1296,1291,2,0,1080,1080,0,1,450,0.399104,1087,805,282,0,450,0.399104,1087,805,282,0,1,12472,0.399104,0,11.9929320643543,11.5762626208561,1,1527483,0.00025,40,0.00022471217593861,29.2201663632724,0.000730029201168047,0.00146005840233609,11.99546812288,1,0.00115863969656438,0.000326597939619606,1.38777878078145e-17,NaN,NaN,NaN,NaN,1,0.15,1162370,2196,candidate-elcs-w,450,0.399104,0.0332586666666666,0.309738666666664,1,iid-load15,IID occupancy 15%,iid,0.15,0,0,6281639374,0.155249999999998,3127,0.00119117647058824
cumulative-receipt-targeted-closed-loop-falsification,16072059,n5-6dof-zero-loss,N5 6-DOF zero-loss,EXP23I targeted repair,periodic-exp23d-lower,1,18.6733506944443,periodic,Periodic static TDMA / EXP23D lower-cost boundary,none,5,ring2,6dof,tdma,1,1,0.15,1,0.48,0.29,0.29,0.0476190476190476,0.0476190476190476,0.0577895155691466,0.524968295306778,0,0,10.418191711859,12.5404866119625,0,1.03668249527692,0.109958540630182,0.308999999999996,0.440000000000001,0.48,NaN,NaN,1120,1120,557,0,0,2688,1324,1364,0,0,0,0,0,0,563,0.502678571428571,0,0,0,0,1,32,32,0,0,0,0,0,0,0,0.394047191334753,0,0,0,0.3950507098809,0.437754618782964,0,0,0,0,0,0.286719999999997,3.44063999999997,0,0,1.81999999999978,563,0.688127999999993,46.4166666666667,110.333333333333,0,0.011302036314689,0.0214855073319538,NaN,NaN,0.99065698092121,2688,0,0,0,0,0,2.0159132,0,1493776,0,110997400,0,257875191,tdma,periodic-frontier,none,full-mission-static-tdma,none,continuous-local-static-tdma,NaN,18.6733506944443,NaN,9.28333333333333,7.91666666666667,NaN,NaN,NaN,NaN,NaN,NaN,NaN,NaN,1120,NaN,NaN,NaN,0,0,1,0,NaN,NaN,NaN,NaN,NaN,0,0,NaN,0,0,0.286719999999997,1120,nominal,full,0,0,503442032493,0,0,0,0,0,0,0,0,1,0,0,0,0,0,0,NaN,0,0,NaN,NaN,5,1,0,0,1,188483740107,2647,1120,0.00146005840233609,0.00453205840233609,Inf,2.77555756156289e-17,0.00025,40,38.1572476264635,1,NaN,NaN,NaN,NaN,NaN,NaN,NaN,NaN,NaN,NaN,NaN,NaN,NaN,NaN,NaN,NaN,NaN,NaN,NaN,NaN,NaN,NaN,NaN,NaN,NaN,NaN,NaN,NaN,NaN,NaN,NaN,NaN,NaN,NaN,NaN,NaN,NaN,NaN,NaN,NaN,NaN,NaN,NaN,NaN,NaN,NaN,NaN,NaN,NaN,NaN,NaN,NaN,NaN,NaN,NaN,NaN,NaN,NaN,NaN,NaN,NaN,NaN,NaN,NaN,NaN,NaN,NaN,NaN,NaN,NaN,NaN,NaN,NaN,NaN,NaN,NaN,NaN,NaN,NaN,NaN,NaN,NaN,NaN,NaN,NaN,NaN,NaN,NaN,NaN,NaN,NaN,NaN,NaN,periodic-static,0,0,0,0.286719999999997,0,iid-load15,IID occupancy 15%,iid,0.15,0,0,6282621352,0.151666666666648,3180,0.00114465408805031
cumulative-receipt-targeted-closed-loop-falsification,16072059,n5-6dof-zero-loss,N5 6-DOF zero-loss,EXP23I targeted repair,elcs-w-legacy,2,50,periodic,ELCS-W legacy same-frame/new-sequence retry,none,5,ring2,6dof,tdma,1,1,0.15,1,0.48,0.29,0.29,0.0476190476190476,0.0476190476190476,0.0627505834594816,0.514507185582029,0,0,10.3321769523971,12.4181399149458,0,1.03671118739909,0.107479270315091,0.32,0.517799999999997,0.659999999999999,NaN,NaN,3000,1081,548,0,0,2595,1311,1284,0,0,0,0,0,0,0,0,0,1917,0,0,1,32,32,0,0,0,0,0,0,0,0.430729815366993,0,0,0,0,0,0,0,0,0,0,0.328362666666664,3.32083199999997,0,0,1.81999999999997,0,0.788070399999993,45.6666666666667,109.25,0,0.0100056214940965,0.0189688663311063,NaN,NaN,0.999247995208465,2595,0,0,0,0,0,0.6337905,0,1493776,0,110997400,0,19001248902,tdma,candidate-elcs-w,none,local-conflict-witness-leases,none,continuous-elcs-replay,NaN,50,NaN,9.13333333333333,8.83333333333333,NaN,NaN,NaN,NaN,NaN,NaN,NaN,NaN,1081,NaN,NaN,NaN,0,0,1,0,NaN,NaN,NaN,NaN,NaN,0,0,NaN,0,0,0.328362666666664,1081,nominal,full,1,0,503442032493,0,0,0,0,0,0,0,0,1,0,0,0,0,0,0,0.221870000560022,1,0,NaN,NaN,5,1,0,0,1,188483740107,1081,1081,0.00146005840233609,0.00453205840233609,Inf,1.73472347597681e-18,0.00025,40,38.1572476264635,1,6060653125,25020968978,19033605,17849983,1018833719,44314,10,4,3,1,1,4,217,1,7,206,0,0,0,0,207,362,362,0,0,501,863,8688,14696,23384,310,8680,4000,112000,0.21575,0.208785714285714,827,835,351,0,1078,3,0,1311,1284,0,1311,1284,0,0,1081,1081,0,1,719,0.61952,1791,1262,529,0,719,0.619519999999999,1791,1262,529,0,1,19360,0.61952,0,11.9929212081855,11.9632445183267,1,1010625,0.00025,40,0.000233776613957092,38.1572476264635,0.000730029201168047,0.00146005840233609,11.99546812288,1,0.000635170607003133,0,1.73472347597681e-18,NaN,NaN,NaN,NaN,1,0.15,1493776,2213,candidate-elcs-w,719,0.619519999999999,0.0516266666666665,0.328362666666664,1,iid-load15,IID occupancy 15%,iid,0.15,0,0,6282621352,0.151666666666664,3180,0.00114465408805031
cumulative-receipt-targeted-closed-loop-falsification,16072059,n5-6dof-zero-loss,N5 6-DOF zero-loss,EXP23I targeted repair,elcs-w-cumulative,3,50,periodic,ELCS-W cumulative same-sequence receipt retry,none,5,ring2,6dof,tdma,1,1,0.15,1,0.48,0.29,0.29,0.0476190476190476,0.0476190476190476,0.0627505834594816,0.514507185582029,0,0,10.3321769523971,12.4181399149458,0,1.03671118739909,0.107479270315091,0.32,0.517799999999997,0.659999999999999,NaN,NaN,3000,1081,548,0,0,2595,1311,1284,0,0,0,0,0,0,0,0,0,1917,0,0,1,32,32,0,0,0,0,0,0,0,0.417392626870059,0,0,0,0,0,0,0,0,0,0,0.312255999999997,3.32083199999997,0,0,1.81999999999997,0,0.749414399999994,45.6666666666667,109.25,0,0.0100056214940965,0.0189688663311063,NaN,NaN,0.999247995208465,2595,0,0,0,0,0,0.6178338,0,1493776,0,110997400,0,17087164324,tdma,candidate-elcs-w,none,local-conflict-witness-leases,none,continuous-elcs-replay,NaN,50,NaN,9.13333333333333,8.83333333333333,NaN,NaN,NaN,NaN,NaN,NaN,NaN,NaN,1081,NaN,NaN,NaN,0,0,1,0,NaN,NaN,NaN,NaN,NaN,0,0,NaN,0,0,0.312255999999997,1081,nominal,full,1,0,503442032493,0,0,0,0,0,0,0,0,1,0,0,0,0,0,0,0.221870000560022,1,0,NaN,NaN,5,1,0,0,1,188483740107,1081,1081,0.00146005840233609,0.00453205840233609,Inf,1.73472347597681e-18,0.00025,40,38.1572476264635,1,5053907243,25020968978,19033607,17867597,1011572973,44314,10,4,3,1,1,4,217,1,7,122,0,0,0,0,122,283,161,1,0,334,617,6792,10448,17240,310,8680,4000,112000,0.15425,0.153928571428571,630,638,263,0,1078,3,0,1311,1284,0,1311,1284,0,0,1081,1081,0,1,477,0.42624,1158,832,326,0,477,0.42624,1158,832,326,0,1,13320,0.42624,0,11.9929212081855,11.6315314199174,1,1393691,0.00025,40,0.000233776613957092,38.1572476264635,0.000730029201168047,0.00146005840233609,11.99546812288,1,0.000635170607003133,0,1.73472347597681e-18,NaN,NaN,NaN,NaN,1,0.15,1493776,2213,candidate-elcs-w,477,0.42624,0.03552,0.312255999999997,1,iid-load15,IID occupancy 15%,iid,0.15,0,0,6282621352,0.151666666666664,3180,0.00114465408805031
cumulative-receipt-targeted-closed-loop-falsification,16072060,n5-6dof-zero-loss,N5 6-DOF zero-loss,EXP23I targeted repair,periodic-exp23d-lower,1,18.6733506944443,periodic,Periodic static TDMA / EXP23D lower-cost boundary,none,5,ring2,6dof,tdma,1,1,0.15,1,0.48,0.29,0.29,0.0476190476190476,0.0476190476190476,0.054072992678376,0.527483271942681,0,0,10.2812831544122,12.5439143409835,0,1.03674383543114,0.0962106135986732,0.279999999999999,0.380000000000001,0.48,NaN,NaN,1120,1120,562,0,0,2688,1361,1327,0,0,0,0,0,0,558,0.498214285714286,0,0,0,0,1,32,32,0,0,0,0,0,0,0,0.394435705400747,0,0,0,0.392988271548618,0.431770551897038,0,0,0,0,0,0.286719999999997,3.44063999999997,0,0,1.83399999999978,558,0.688127999999993,46.8333333333333,113.416666666667,0,0.0113144687252328,0.0214652338629147,NaN,NaN,0.99300154054139,2688,0,0,0,0,0,2.0290847,0,816417,0,110997400,0,257875193,tdma,periodic-frontier,none,full-mission-static-tdma,none,continuous-local-static-tdma,NaN,18.6733506944443,NaN,9.36666666666667,8.5,NaN,NaN,NaN,NaN,NaN,NaN,NaN,NaN,1120,NaN,NaN,NaN,0,0,1,0,NaN,NaN,NaN,NaN,NaN,0,0,NaN,0,0,0.286719999999997,1120,nominal,full,0,0,503132672402,0,0,0,0,0,0,0,0,1,0,0,0,0,0,0,NaN,0,0,NaN,NaN,5,1,0,0,1,188608659700,2648,1120,0.00146005840233609,0.00453205840233609,Inf,0,0.00025,40,25.2965685879545,1,NaN,NaN,NaN,NaN,NaN,NaN,NaN,NaN,NaN,NaN,NaN,NaN,NaN,NaN,NaN,NaN,NaN,NaN,NaN,NaN,NaN,NaN,NaN,NaN,NaN,NaN,NaN,NaN,NaN,NaN,NaN,NaN,NaN,NaN,NaN,NaN,NaN,NaN,NaN,NaN,NaN,NaN,NaN,NaN,NaN,NaN,NaN,NaN,NaN,NaN,NaN,NaN,NaN,NaN,NaN,NaN,NaN,NaN,NaN,NaN,NaN,NaN,NaN,NaN,NaN,NaN,NaN,NaN,NaN,NaN,NaN,NaN,NaN,NaN,NaN,NaN,NaN,NaN,NaN,NaN,NaN,NaN,NaN,NaN,NaN,NaN,NaN,NaN,NaN,NaN,NaN,NaN,NaN,periodic-static,0,0,0,0.286719999999997,0,iid-load15,IID occupancy 15%,iid,0.15,0,0,6309210112,0.152833333333315,3116,0.00117715019255456
cumulative-receipt-targeted-closed-loop-falsification,16072060,n5-6dof-zero-loss,N5 6-DOF zero-loss,EXP23I targeted repair,elcs-w-legacy,2,50,periodic,ELCS-W legacy same-frame/new-sequence retry,none,5,ring2,6dof,tdma,1,1,0.15,1,0.48,0.29,0.29,0.0476190476190476,0.0476190476190476,0.0580720221314065,0.52549714840899,0,0,10.4704088602073,12.5186082886882,0,1.03671309342658,0.098134328358209,0.260000000000002,0.380000000000001,0.440000000000001,NaN,NaN,3000,1083,548,0,0,2598,1317,1281,0,0,0,0,0,0,0,0,0,1915,0,0,1,32,32,0,0,0,0,0,0,0,0.426214177304445,0,0,0,0,0,0,0,0,0,0,0.323711999999997,3.32697599999997,0,0,1.83399999999998,0,0.776908799999994,45.6666666666667,109.75,0,0.010039648936052,0.0189938308213767,NaN,NaN,0.99934775374376,2598,0,0,0,0,0,0.6387724,0,816417,0,110997400,0,18399328687,tdma,candidate-elcs-w,none,local-conflict-witness-leases,none,continuous-elcs-replay,NaN,50,NaN,9.13333333333333,8.75,NaN,NaN,NaN,NaN,NaN,NaN,NaN,NaN,1083,NaN,NaN,NaN,0,0,1,0,NaN,NaN,NaN,NaN,NaN,0,0,NaN,0,0,0.323711999999997,1083,nominal,full,1,0,503132672402,0,0,0,0,0,0,0,0,1,0,0,0,0,0,0,0.166585007720309,1,0,NaN,NaN,5,1,0,0,1,188608659700,1083,1083,0.00146005840233609,0.00453205840233609,Inf,4.44089209850063e-16,0.00025,40,25.2965685879545,1,5673010732,25037903713,19033605,17854023,1009691533,44314,10,4,3,1,1,3,217,1,3,176,0,0,0,0,176,331,331,0,0,451,782,7944,13400,21344,310,8680,4000,112000,0.1955,0.190571428571429,770,773,335,0,1082,1,0,1317,1281,0,1317,1281,0,0,1083,1083,0,1,642,0.557568,1573,1173,400,0,642,0.557567999999999,1573,1173,400,0,1,17424,0.557568,0,11.9930299482895,11.6316439867316,1,919980,0.00025,40,9.80147739924056e-05,25.2965685879545,0.000730029201168047,0.00146005840233609,11.99546812288,1,0.0010922152309103,0,4.44089209850063e-16,NaN,NaN,NaN,NaN,1,0.15,816417,2189,candidate-elcs-w,642,0.557567999999999,0.0464639999999999,0.323711999999997,1,iid-load15,IID occupancy 15%,iid,0.15,0,0,6309210112,0.152833333333332,3116,0.00117715019255456
cumulative-receipt-targeted-closed-loop-falsification,16072060,n5-6dof-zero-loss,N5 6-DOF zero-loss,EXP23I targeted repair,elcs-w-cumulative,3,50,periodic,ELCS-W cumulative same-sequence receipt retry,none,5,ring2,6dof,tdma,1,1,0.15,1,0.48,0.29,0.29,0.0476190476190476,0.0476190476190476,0.0580720221314065,0.52549714840899,0,0,10.4704088602073,12.5186082886882,0,1.03671309342658,0.098134328358209,0.260000000000002,0.380000000000001,0.440000000000001,NaN,NaN,3000,1083,548,0,0,2598,1317,1281,0,0,0,0,0,0,0,0,0,1915,0,0,1,32,32,0,0,0,0,0,0,0,0.416555502575324,0,0,0,0,0,0,0,0,0,0,0.312853333333331,3.32697599999997,0,0,1.83399999999998,0,0.750847999999994,45.6666666666667,109.75,0,0.010039648936052,0.0189938308213767,NaN,NaN,0.99934775374376,2598,0,0,0,0,0,0.61635,0,816417,0,110997400,0,17124826269,tdma,candidate-elcs-w,none,local-conflict-witness-leases,none,continuous-elcs-replay,NaN,50,NaN,9.13333333333333,8.75,NaN,NaN,NaN,NaN,NaN,NaN,NaN,NaN,1083,NaN,NaN,NaN,0,0,1,0,NaN,NaN,NaN,NaN,NaN,0,0,NaN,0,0,0.312853333333331,1083,nominal,full,1,0,503132672402,0,0,0,0,0,0,0,0,1,0,0,0,0,0,0,0.166585007720309,1,0,NaN,NaN,5,1,0,0,1,188608659700,1083,1083,0.00146005840233609,0.00453205840233609,Inf,4.44089209850063e-16,0.00025,40,25.2965685879545,1,5068211043,25037903713,19033607,17872572,1029584141,44314,10,4,3,1,1,3,217,1,3,113,0,0,0,0,113,278,165,1,0,344,622,6672,10600,17272,310,8680,4000,112000,0.1555,0.154214285714286,634,637,267,0,1082,1,0,1317,1281,0,1317,1281,0,0,1083,1083,0,1,482,0.427264,1167,865,302,0,482,0.427263999999999,1167,865,302,0,1,13352,0.427264,0,11.9930299482895,11.6316439867316,1,162989,0.00025,40,9.80147739924056e-05,25.2965685879545,0.000730029201168047,0.00146005840233609,11.99546812288,1,0.0010922152309103,0,4.44089209850063e-16,NaN,NaN,NaN,NaN,1,0.15,816417,2189,candidate-elcs-w,482,0.427263999999999,0.0356053333333333,0.312853333333331,1,iid-load15,IID occupancy 15%,iid,0.15,0,0,6309210112,0.152833333333332,3116,0.00117715019255456
