seed,N,condition,conditionLabel,scope,topology,maxFrames,dataErasureProbability,managementErasureProbability,churnEnabled,firstResolutionFrame,firstConvergenceFrame,recoveryFrame,finalAllResolved,finalCollisionFree,finalFrameAgreement,finalConverged,finalDataSlots,finalResolvedNodes,finalAssignedNodes,maxFrameDisagreement,maxAssignedSlot,conflictFrameFraction,falseResolvedNodeFrames,dataAttempts,dataRecipientAttempts,dataRecipientSuccess,dataRecipientErasure,dataRecipientCollision,dataCollisionFrames,managementAttempts,managementRecipientAttempts,managementRecipientSuccess,managementRecipientErasure,managementRecipientCollision,managementCollisionSlots,growRequests,growNacks,growthEvents,shrinkRequests,shrinkObjects,shrinkNacks,shrinkEvents,elapsedSec,offeredAirtimeSec,busyAirtimeSec,offeredUtilization,channelUtilization,accountingCloses,deliveryWitnessValid,futureRandomReads,receiverTruthDecisionReads,traceHash,configHash,realizationHash
16034001,5,native,Native hex safety graph,source-native,compact-hex-safety-graph,200,0,0,0,4,12,NaN,1,1,1,1,5,5,5,0,10,0,0,994,2783,2783,0,0,0,258,848,580,0,268,45,0,0,0,119,78,61,5,9.466756924,5.128192,4.849664,0.541705257795209,0.512283566477258,1,1,0,0,16741414370,1081016,78682887
16034001,5,beacon-loss,Beacon loss 0.05,boundary,compact-hex-safety-graph,200,0.05,0,0,18,68,NaN,1,1,1,0,6,5,5,0,13,0.02,3,983,2752,2605,131,16,8,385,1220,708,0,512,86,11,6,9,145,148,75,19,11.376797988,5.603328,5.087232,0.492522413240551,0.447158506757868,1,1,0,0,16741414370,2014329,111578271
16034001,5,restricted-management,Local-only management,boundary,compact-hex-local-management,200,0,0,0,4,NaN,NaN,1,0,0,0,7,5,5,6,10,0.24,58,975,2627,2499,0,128,128,240,528,390,0,138,54,19,6,15,69,140,6,46,11.08009258,4.97664,4.415488,0.449151481728865,0.398506417533923,1,1,0,0,16741414370,1080674,97493029
16034001,5,churn-rejoin,State-loss and rejoin,boundary,compact-hex-safety-graph,200,0,0,1,4,12,3,1,1,1,1,5,5,5,0,10,0,0,992,2775,2775,0,0,0,320,1024,648,0,376,63,1,0,1,148,87,84,6,9.489937034,5.373952,4.984832,0.566278994343852,0.525275561064381,1,1,0,0,16741414370,1081034,79081163
16034001,10,native,Native hex safety graph,source-native,compact-hex-safety-graph,200,0,0,0,17,NaN,NaN,1,1,1,0,11,10,10,0,16,0.065,6,1977,6690,6627,0,63,48,957,4439,1305,0,3134,168,2,0,2,266,165,524,5,15.034619346,12.017664,8.47872,0.799332774806655,0.563946436213284,1,1,0,0,65160139984,1432637,297788089
16034001,10,beacon-loss,Beacon loss 0.05,boundary,compact-hex-safety-graph,200,0.05,0,0,16,NaN,NaN,1,1,1,0,21,10,10,0,19,0.15,10,1971,6644,6196,318,130,91,1078,5276,1044,0,4232,222,8,0,8,249,353,468,13,17.357266368,12.488704,8.21248,0.719508690782339,0.473143629064805,1,1,0,0,65160139984,2365950,262691888
16034001,10,restricted-management,Local-only management,boundary,compact-hex-local-management,200,0,0,0,15,NaN,NaN,0,1,0,0,11,9,10,11,16,0.145,38,1968,6612,6457,0,155,116,618,1788,1100,0,688,161,11,2,10,291,183,131,53,17.139373334,10.592256,7.348224,0.618007192771031,0.428733528163662,1,1,0,0,65160139984,1423023,271061308
16034001,10,churn-rejoin,State-loss and rejoin,boundary,compact-hex-safety-graph,200,0,0,1,17,NaN,2,1,1,1,0,10,10,10,0,16,0.065,6,1976,6686,6623,0,63,48,973,4329,1107,0,3222,172,2,0,2,266,145,560,6,14.566381124,12.079104,8.400896,0.829245362809992,0.576731854568767,1,1,0,0,65160139984,1432655,286241714
16034002,5,native,Native hex safety graph,source-native,compact-hex-safety-graph,200,0,0,0,5,11,NaN,1,1,1,1,5,5,5,0,10,0.01,0,993,2776,2768,0,8,4,283,914,604,0,310,52,0,0,0,132,85,66,5,9.45748488,5.226496,4.890624,0.552630648244822,0.517116766461064,1,1,0,0,16797827868,1081016,79312513
16034002,5,beacon-loss,Beacon loss 0.05,boundary,compact-hex-safety-graph,200,0.05,0,0,6,114,NaN,1,1,1,1,5,5,5,0,12,0.1,1,982,2711,2519,125,67,41,396,1204,556,0,648,108,10,0,10,120,184,82,21,11.998024936,5.644288,4.947968,0.470434761563493,0.41239854279296,1,1,0,0,16797827868,2014329,122507619
16034002,5,restricted-management,Local-only management,boundary,compact-hex-local-management,200,0,0,0,5,NaN,NaN,0,0,0,0,6,4,5,5,10,0.31,85,974,2608,2382,0,226,164,312,683,445,0,238,80,19,2,17,112,148,31,52,11.256261416,5.267456,4.493312,0.467957859659573,0.399183337516759,1,1,0,0,16797827868,1080674,108413271
16034002,5,churn-rejoin,State-loss and rejoin,boundary,compact-hex-safety-graph,200,0,0,1,5,11,3,1,1,1,1,5,5,5,0,10,0.01,0,991,2768,2760,0,8,4,291,938,616,0,322,54,1,0,1,130,87,73,6,9.494573056,5.251072,4.902912,0.553060360800704,0.516390992104869,1,1,0,0,16797827868,1081034,79288611
16034002,10,native,Native hex safety graph,source-native,compact-hex-safety-graph,200,0,0,0,10,NaN,NaN,1,1,1,0,10,10,10,0,13,0.03,3,1978,6711,6677,0,34,19,1170,5078,1161,0,3917,207,2,8,1,335,113,712,3,14.654465542,12.894208,8.626176,0.879882515199543,0.588638048605539,1,1,0,0,65038322182,1432637,275841753
16034002,10,beacon-loss,Beacon loss 0.05,boundary,compact-hex-safety-graph,200,0.05,0,0,25,NaN,NaN,0,1,1,0,20,8,10,0,24,0.08,4,1971,6660,6274,330,56,45,735,3789,927,0,2862,160,9,16,7,124,314,272,11,24.320571412,11.083776,8.810496,0.455736660633358,0.362265172587714,1,1,0,0,65038322182,2365950,280839741
16034002,10,restricted-management,Local-only management,boundary,compact-hex-local-management,200,0,0,0,10,NaN,NaN,0,0,0,0,13,9,10,11,13,0.26,88,1964,6574,6328,0,246,181,613,1819,1152,0,667,149,16,2,15,274,198,123,55,15.057799456,10.555392,7.081984,0.700991670850952,0.470319984051725,1,1,0,0,65038322182,1423023,259071931
16034002,10,churn-rejoin,State-loss and rejoin,boundary,compact-hex-safety-graph,200,0,0,1,10,97,2,1,1,1,1,9,10,10,0,13,0.03,3,1977,6707,6673,0,34,19,1179,5129,1044,0,4085,212,2,8,1,339,108,722,4,13.972970308,12.926976,8.589312,0.925141592306889,0.614709099831288,1,1,0,0,65038322182,1432655,239221670
16034003,5,native,Native hex safety graph,source-native,compact-hex-safety-graph,200,0,0,0,10,30,NaN,1,1,1,1,5,5,5,0,11,0.02,2,993,2772,2758,0,14,10,265,846,604,0,242,41,1,0,1,116,100,48,8,9.958175256,5.152768,4.841472,0.517440983667701,0.486180638072514,1,1,0,0,16739316276,1081016,85975802
16034003,5,beacon-loss,Beacon loss 0.05,boundary,compact-hex-safety-graph,200,0.05,0,0,14,57,NaN,0,1,1,0,5,4,4,0,13,0.07,3,985,2725,2533,148,44,32,392,1120,592,0,528,90,9,3,8,128,173,79,15,10.954919986,5.640192,4.960256,0.514854696082488,0.452787971645528,1,1,0,0,16739316276,2014329,102980738
16034003,5,restricted-management,Local-only management,boundary,compact-hex-local-management,200,0,0,0,10,NaN,NaN,1,0,0,0,3,5,5,7,11,0.365,194,981,2586,2174,0,412,246,221,457,309,0,148,50,13,3,10,72,117,16,41,11.03373236,4.923392,4.096,0.446212744641923,0.371225245126392,1,1,0,0,16739316276,1080674,157600499
16034003,5,churn-rejoin,State-loss and rejoin,boundary,compact-hex-safety-graph,200,0,0,1,10,30,3,1,1,1,1,5,5,5,0,11,0.02,2,991,2764,2750,0,14,10,239,782,600,0,182,31,2,0,2,103,100,34,9,9.981355366,5.03808,4.788224,0.504749086197398,0.479716814442893,1,1,0,0,16739316276,1081034,86244978
16034003,10,native,Native hex safety graph,source-native,compact-hex-safety-graph,200,0,0,0,12,58,NaN,1,1,1,1,8,10,10,0,12,0.035,1,1979,6715,6661,0,54,32,1137,5079,1143,0,3936,204,1,0,1,335,127,674,5,12.698064258,12.763136,7.80288,1.00512454029826,0.61449366151097,1,1,0,0,65003449160,1432637,312522997
16034003,10,beacon-loss,Beacon loss 0.05,boundary,compact-hex-safety-graph,200,0.05,0,0,19,NaN,NaN,1,1,1,0,18,10,10,0,20,0.055,4,1974,6684,6281,339,64,40,987,4755,1296,0,3459,193,6,0,6,220,263,498,10,19.411024114,12.128256,8.568832,0.624812783126297,0.441441520533675,1,1,0,0,65003449160,2365950,265163890
16034003,10,restricted-management,Local-only management,boundary,compact-hex-local-management,200,0,0,0,11,NaN,NaN,1,1,0,0,13,10,10,11,12,0.235,95,1966,6591,6353,0,238,185,681,1963,1158,0,805,185,14,1,13,335,172,159,42,15.470405414,10.842112,7.479296,0.700829209697917,0.48345830634998,1,1,0,0,65003449160,1423023,273043134
16034003,10,churn-rejoin,State-loss and rejoin,boundary,compact-hex-safety-graph,200,0,0,1,12,58,3,1,1,1,1,8,10,10,0,12,0.035,1,1977,6707,6653,0,54,32,1137,4903,891,0,4012,209,2,0,2,323,112,700,6,12.72588039,12.754944,7.70048,1.00228381920223,0.605103911400192,1,1,0,0,65003449160,1432655,313964113
16034004,5,native,Native hex safety graph,source-native,compact-hex-safety-graph,200,0,0,0,4,15,NaN,1,1,1,1,5,5,5,0,10,0,0,994,2783,2783,0,0,0,285,884,508,0,376,63,0,0,0,134,69,82,5,9.45748488,5.238784,4.849664,0.553929936602764,0.512785805267922,1,1,0,0,16747945144,1081016,78349522
16034004,5,beacon-loss,Beacon loss 0.05,boundary,compact-hex-safety-graph,200,0.05,0,0,13,48,NaN,1,1,1,0,6,5,5,0,13,0.065,0,982,2720,2547,139,34,26,425,1282,608,0,674,113,12,2,10,146,164,101,18,11.052276448,5.763072,5.054464,0.521437554255429,0.457323341827434,1,1,0,0,16747945144,2014329,105413854
16034004,5,restricted-management,Local-only management,boundary,compact-hex-local-management,200,0,0,0,4,NaN,NaN,1,0,0,0,3,5,5,4,10,0.705,522,989,2490,1458,0,1032,538,134,326,227,0,99,33,5,0,5,66,37,26,23,8.8084418,4.599808,3.334144,0.522204506136375,0.378516890467506,1,1,0,0,16747945144,1080674,192434740
16034004,5,churn-rejoin,State-loss and rejoin,boundary,compact-hex-safety-graph,200,0,0,1,4,15,3,1,1,1,1,5,5,5,0,10,0,0,992,2775,2775,0,0,0,340,1056,608,0,448,75,1,0,1,154,82,103,6,9.48066499,5.455872,4.993024,0.57547355652317,0.526653352403712,1,1,0,0,16747945144,1081034,78758657
16034004,10,native,Native hex safety graph,source-native,compact-hex-safety-graph,200,0,0,0,11,90,NaN,1,1,1,1,9,10,10,0,11,0.025,1,1979,6720,6700,0,20,14,1056,4848,1449,0,3399,181,1,0,1,308,121,626,4,13.481551976,12.43136,8.66304,0.922101551967491,0.642584771799421,1,1,0,0,64883512918,1432637,215550055
16034004,10,beacon-loss,Beacon loss 0.05,boundary,compact-hex-safety-graph,200,0.05,0,0,13,NaN,NaN,0,1,1,0,28,9,10,0,24,0.125,8,1971,6664,6251,341,72,54,1171,5873,1188,0,4685,254,9,0,9,253,338,571,5,18.803705232,12.869632,8.568832,0.684420003462858,0.455699123884245,1,1,0,0,64883512918,2365950,263923502
16034004,10,restricted-management,Local-only management,boundary,compact-hex-local-management,200,0,0,0,15,NaN,NaN,0,0,0,0,26,8,10,24,20,0.3,79,1955,6564,6353,0,211,167,438,1367,953,0,414,109,25,2,23,136,241,34,59,20.37531669,9.801728,7.241728,0.481058927776597,0.355416708862943,1,1,0,0,64883512918,1423023,263021367
16034004,10,churn-rejoin,State-loss and rejoin,boundary,compact-hex-safety-graph,200,0,0,1,11,62,2,1,1,1,1,10,10,10,0,11,0.025,1,1978,6716,6696,0,20,14,828,3838,1287,0,2551,139,1,0,1,234,113,480,3,13.996150418,11.493376,8.99072,0.821181228891248,0.642370918537523,1,1,0,0,64883512918,1432655,252560618
16034005,5,native,Native hex safety graph,source-native,compact-hex-safety-graph,200,0,0,0,6,12,NaN,1,1,1,1,5,5,5,0,10,0.01,1,994,2783,2775,0,8,4,330,1016,588,0,428,72,0,0,0,154,84,92,5,9.471392946,5.423104,4.960256,0.572577236623923,0.523709239842576,1,1,0,0,16706232223,1081016,80081930
16034005,5,beacon-loss,Beacon loss 0.05,boundary,compact-hex-safety-graph,200,0.05,0,0,10,61,NaN,1,1,1,0,6,5,5,0,12,0.11,1,985,2721,2504,153,64,45,442,1242,476,0,766,129,9,3,8,137,192,101,16,11.826492122,5.844992,4.960256,0.494228714626797,0.419419042335705,1,1,0,0,16706232223,2014329,120369950
16034005,5,restricted-management,Local-only management,boundary,compact-hex-local-management,200,0,0,0,6,NaN,NaN,1,1,0,0,12,5,5,9,10,0.285,97,970,2602,2362,0,240,162,258,598,472,0,126,47,24,1,23,76,149,8,53,12.313274432,5.029888,4.456448,0.408493128921761,0.361922251031658,1,1,0,0,16706232223,1080674,105080651
16034005,5,churn-rejoin,State-loss and rejoin,boundary,compact-hex-safety-graph,200,0,0,1,6,12,3,1,1,1,1,5,5,5,0,10,0.01,1,992,2775,2767,0,8,4,302,948,572,0,376,63,1,0,1,136,83,82,6,9.494573056,5.300224,4.898816,0.55823721285188,0.515959587767271,1,1,0,0,16706232223,1081034,79756036
16034005,10,native,Native hex safety graph,source-native,compact-hex-safety-graph,200,0,0,0,14,142,NaN,1,1,1,1,8,10,10,0,13,0.045,2,1977,6694,6645,0,49,29,1303,5481,945,0,4536,240,2,8,1,366,107,820,5,13.62990468,13.43488,7.856128,0.985691412773695,0.576389063932911,1,1,0,0,65139980608,1432637,265048452
16034005,10,beacon-loss,Beacon loss 0.05,boundary,compact-hex-safety-graph,200,0.05,0,0,35,NaN,NaN,0,1,1,0,22,9,10,0,28,0.11,3,1969,6650,6228,355,67,57,933,4785,1305,0,3480,198,10,16,8,186,327,394,12,24.82589781,11.886592,8.749056,0.478798071714128,0.352416499373321,1,1,0,0,65139980608,2365950,263539977
16034005,10,restricted-management,Local-only management,boundary,compact-hex-local-management,200,0,0,0,17,NaN,NaN,1,1,0,0,9,10,10,12,17,0.145,25,1969,6635,6508,0,127,92,668,1940,1155,0,785,179,10,4,8,344,144,166,47,18.19638635,10.801152,7.192576,0.593587748261896,0.395274966229765,1,1,0,0,65139980608,1423023,273220708
16034005,10,churn-rejoin,State-loss and rejoin,boundary,compact-hex-safety-graph,200,0,0,1,14,114,2,1,1,1,1,8,10,10,0,13,0.045,2,1976,6690,6641,0,49,29,1243,5211,783,0,4428,234,2,8,1,339,104,790,5,13.407375624,13.185024,7.753728,0.983415723536381,0.578318100234349,1,1,0,0,65139980608,1432655,283445300
16034006,5,native,Native hex safety graph,source-native,compact-hex-safety-graph,200,0,0,0,4,17,NaN,1,1,1,1,5,5,5,0,7,0,0,994,2783,2783,0,0,0,342,1072,636,0,436,73,0,0,0,157,85,100,5,9.466756924,5.472256,5.021696,0.578049700011501,0.530455787585404,1,1,0,0,16793682601,1081016,78437055
16034006,5,beacon-loss,Beacon loss 0.05,boundary,compact-hex-safety-graph,200,0.05,0,0,4,43,NaN,0,1,1,0,6,4,5,0,10,0.08,5,982,2725,2547,138,40,34,358,1160,724,0,436,73,12,0,12,116,175,55,20,10.621126402,5.48864,4.988928,0.516766281866909,0.46971741142828,1,1,0,0,16793682601,2014329,96548922
16034006,5,restricted-management,Local-only management,boundary,compact-hex-local-management,200,0,0,0,4,91,NaN,0,0,0,0,6,3,5,6,8,0.245,72,977,2620,2454,0,166,126,287,681,442,0,239,75,17,5,14,118,110,37,51,10.760207062,5.177344,4.542464,0.481156540033876,0.422153957988583,1,1,0,0,16793682601,1080674,120423568
16034006,5,churn-rejoin,State-loss and rejoin,boundary,compact-hex-safety-graph,200,0,0,1,4,17,3,1,1,1,1,5,5,5,0,7,0,0,992,2775,2775,0,0,0,323,1012,600,0,412,69,1,0,1,146,81,95,6,9.489937034,5.38624,4.960256,0.567573839605309,0.522685870541467,1,1,0,0,16793682601,1081034,78704273
16034006,10,native,Native hex safety graph,source-native,compact-hex-safety-graph,200,0,0,0,11,22,NaN,1,1,1,1,9,10,10,0,13,0.03,1,1979,6712,6666,0,46,29,1006,4384,1260,0,3124,171,1,0,1,278,132,595,4,13.240478832,12.22656,8.523776,0.923422797251899,0.643766445923351,1,1,0,0,64945846718,1432637,266096684
16034006,10,beacon-loss,Beacon loss 0.05,boundary,compact-hex-safety-graph,200,0.05,0,0,37,NaN,NaN,1,1,1,0,18,10,10,0,24,0.14,4,1970,6653,6206,325,122,75,888,4514,1269,0,3245,182,10,16,8,169,349,344,16,23.34237077,11.706368,8.740864,0.501507242573887,0.374463420452301,1,1,0,0,64945846718,2365950,273990036
16034006,10,restricted-management,Local-only management,boundary,compact-hex-local-management,200,0,0,0,11,NaN,NaN,1,1,0,0,10,10,10,12,13,0.175,53,1971,6648,6446,0,202,128,496,1409,888,0,521,120,9,1,8,222,165,99,43,16.518146386,10.104832,7.10656,0.611741279188831,0.430227450098347,1,1,0,0,64945846718,1423023,281083868
16034006,10,churn-rejoin,State-loss and rejoin,boundary,compact-hex-safety-graph,200,0,0,1,11,22,2,1,1,1,1,8,10,10,0,13,0.03,1,1978,6708,6662,0,46,29,971,4463,1287,0,3176,167,1,0,1,286,143,541,5,12.623887906,12.079104,7.942144,0.956844998145059,0.629136131367673,1,1,0,0,64945846718,1432655,319913744
16034007,5,native,Native hex safety graph,source-native,compact-hex-safety-graph,200,0,0,0,10,22,NaN,1,1,1,1,5,5,5,0,10,0.025,2,993,2769,2753,0,16,10,332,1038,628,0,410,69,1,0,1,149,98,84,8,9.777370398,5.4272,4.972544,0.555077672122369,0.508576825627589,1,1,0,0,16768962110,1081016,83767951
16034007,5,beacon-loss,Beacon loss 0.05,boundary,compact-hex-safety-graph,200,0.05,0,0,9,30,NaN,0,1,1,0,8,4,5,0,12,0.11,5,979,2690,2485,139,66,47,331,1038,580,0,458,77,11,0,11,98,183,39,23,12.025841068,5.36576,4.816896,0.446185840113749,0.400545456468525,1,1,0,0,16768962110,2014329,124348423
16034007,5,restricted-management,Local-only management,boundary,compact-hex-local-management,200,0,0,0,10,NaN,NaN,0,1,0,0,5,4,4,8,10,0.29,84,979,2603,2427,0,176,141,259,583,387,0,196,63,15,2,13,94,120,28,48,12.016569024,5.070848,4.440064,0.421988005883567,0.369495152162994,1,1,0,0,16768962110,1080674,114380844
16034007,5,churn-rejoin,State-loss and rejoin,boundary,compact-hex-safety-graph,200,0,0,1,10,22,3,1,1,1,1,5,5,5,0,10,0.025,2,991,2761,2745,0,16,10,313,978,592,0,386,65,2,0,2,140,94,77,9,9.800550508,5.341184,4.911104,0.544988161189527,0.501104912013989,1,1,0,0,16768962110,1081034,83665735
16034007,10,native,Native hex safety graph,source-native,compact-hex-safety-graph,200,0,0,0,12,59,NaN,1,1,1,1,9,10,10,0,13,0.04,2,1978,6693,6641,0,52,35,1193,5029,1026,0,4003,213,2,8,1,321,123,739,4,13.509368108,12.988416,8.56064,0.961437714641035,0.633681748218153,1,1,0,0,65022032776,1432637,246160861
16034007,10,beacon-loss,Beacon loss 0.05,boundary,compact-hex-safety-graph,200,0.05,0,0,15,NaN,NaN,0,1,1,0,22,9,10,0,24,0.115,6,1972,6654,6211,336,107,69,1090,5180,1116,0,4064,227,8,16,6,221,318,527,6,21.413785618,12.541952,9.015296,0.58569522567077,0.421004308197702,1,1,0,0,65022032776,2365950,289496361
16034007,10,restricted-management,Local-only management,boundary,compact-hex-local-management,200,0,0,0,12,NaN,NaN,1,1,0,0,16,10,10,19,21,0.305,112,1959,6534,6258,0,276,213,569,1569,1016,0,553,131,21,6,17,238,214,90,65,18.154662152,10.354688,7.168,0.570359718804201,0.394829710406389,1,1,0,0,65022032776,1423023,254263783
16034007,10,churn-rejoin,State-loss and rejoin,boundary,compact-hex-safety-graph,200,0,0,1,12,59,2,1,1,1,1,8,10,10,0,13,0.04,2,1977,6689,6637,0,52,35,1249,5271,918,0,4353,229,2,8,1,344,123,772,5,12.953045468,13.213696,7.999488,1.02012272192234,0.617575844982744,1,1,0,0,65022032776,1432655,307788351
16034008,5,native,Native hex safety graph,source-native,compact-hex-safety-graph,200,0,0,0,6,37,NaN,1,1,1,1,5,5,5,0,9,0.01,2,994,2777,2769,0,8,6,314,952,532,0,420,71,0,0,0,139,80,95,5,9.768098354,5.357568,4.89472,0.548476049875777,0.501092415597518,1,1,0,0,16687097787,1081016,83825675
16034008,5,beacon-loss,Beacon loss 0.05,boundary,compact-hex-safety-graph,200,0.05,0,0,10,39,NaN,0,0,1,0,8,2,5,0,13,0.165,3,980,2665,2452,130,83,70,390,998,440,0,558,100,14,9,11,88,241,38,29,13.523276174,5.61152,4.722688,0.414952702865654,0.349226617813211,1,1,0,0,16687097787,2014329,150043374
16034008,5,restricted-management,Local-only management,boundary,compact-hex-local-management,200,0,0,0,6,NaN,NaN,0,1,0,0,9,4,5,5,9,0.235,65,975,2651,2433,0,218,144,285,627,413,0,214,74,19,1,18,98,140,27,42,10.68603071,5.16096,4.468736,0.4829632386486,0.418184836004462,1,1,0,0,16687097787,1080674,101804642
16034008,5,churn-rejoin,State-loss and rejoin,boundary,compact-hex-safety-graph,200,0,0,1,6,37,3,1,1,1,1,5,5,5,0,9,0.01,2,992,2769,2761,0,8,6,323,988,568,0,420,71,1,0,1,146,85,91,6,9.791278464,5.38624,4.923392,0.550105894731093,0.502834437617318,1,1,0,0,16687097787,1081034,84138197
16034008,10,native,Native hex safety graph,source-native,compact-hex-safety-graph,200,0,0,0,11,122,NaN,1,1,1,1,8,10,10,0,12,0.03,2,1979,6717,6701,0,16,18,1249,5481,1062,0,4419,231,1,0,1,370,94,784,5,13.476915954,13.221888,7.901184,0.981076682909467,0.58627537835575,1,1,0,0,64945748263,1432637,289995217
16034008,10,beacon-loss,Beacon loss 0.05,boundary,compact-hex-safety-graph,200,0.05,0,0,15,NaN,NaN,1,1,1,0,23,10,10,0,23,0.165,4,1969,6636,6226,311,99,78,994,5242,1215,0,4027,211,11,24,8,215,342,402,11,18.49772778,12.136448,8.495104,0.656104800781104,0.459251217286537,1,1,0,0,64945748263,2365950,275407829
16034008,10,restricted-management,Local-only management,boundary,compact-hex-local-management,200,0,0,0,11,NaN,NaN,1,0,0,0,12,10,10,10,14,0.27,79,1969,6611,6385,0,226,156,686,2036,1232,0,804,180,11,4,9,350,163,158,49,15.961823746,10.87488,7.581696,0.681305605991622,0.474989332086815,1,1,0,0,64945748263,1423023,290792565
16034008,10,churn-rejoin,State-loss and rejoin,boundary,compact-hex-safety-graph,200,0,0,1,11,99,2,1,1,1,1,8,10,10,0,12,0.03,2,1978,6713,6697,0,16,18,1197,5177,864,0,4313,225,1,0,1,348,83,765,5,13.310019162,13.0048,7.7824,0.977068465620891,0.584702388875494,1,1,0,0,64945748263,1432655,310708783
16034009,5,native,Native hex safety graph,source-native,compact-hex-safety-graph,200,0,0,0,8,18,NaN,1,1,1,1,5,5,5,0,9,0.02,1,994,2769,2759,0,10,11,304,984,656,0,328,55,0,0,0,140,98,66,5,9.578021452,5.316608,4.943872,0.555084160820065,0.516168399160107,1,1,0,0,16805448639,1081016,80668227
16034009,5,beacon-loss,Beacon loss 0.05,boundary,compact-hex-safety-graph,200,0.05,0,0,8,32,NaN,1,1,1,1,5,5,5,0,10,0.075,1,984,2706,2522,142,42,35,358,1106,644,0,462,78,10,0,10,120,180,48,19,10.695302754,5.496832,4.93568,0.513948237504937,0.461481092543554,1,1,0,0,16805448639,2014329,98180880
16034009,5,restricted-management,Local-only management,boundary,compact-hex-local-management,200,0,0,0,8,NaN,NaN,1,0,0,0,5,5,5,6,9,0.265,84,977,2611,2418,0,193,138,318,766,509,0,257,82,17,3,15,137,115,46,50,11.158904954,5.30432,4.612096,0.475344132947259,0.413310805944875,1,1,0,0,16805448639,1080674,102801203
16034009,5,churn-rejoin,State-loss and rejoin,boundary,compact-hex-safety-graph,200,0,0,1,8,18,3,1,1,1,1,5,5,5,0,9,0.02,1,992,2761,2751,0,10,11,310,968,580,0,388,65,1,0,1,140,89,80,6,9.638289738,5.332992,4.898816,0.553313102735862,0.508266106660592,1,1,0,0,16805448639,1081034,81110714
16034009,10,native,Native hex safety graph,source-native,compact-hex-safety-graph,200,0,0,0,11,195,NaN,1,1,1,1,8,10,10,0,13,0.035,1,1978,6706,6676,0,30,18,1193,5137,873,0,4264,219,1,0,1,347,91,754,5,14.084234836,12.988416,7.770112,0.922195358941401,0.551688614289447,1,1,0,0,64991717606,1432637,247041301
16034009,10,beacon-loss,Beacon loss 0.05,boundary,compact-hex-safety-graph,200,0.05,0,0,13,NaN,NaN,0,1,1,0,15,9,10,0,16,0.19,7,1974,6643,6201,322,120,83,1183,5721,1134,0,4587,253,5,0,5,257,315,606,10,17.589067468,12.931072,8.507392,0.735176667184071,0.483674988198072,1,1,0,0,64991717606,2365950,273027488
16034009,10,restricted-management,Local-only management,boundary,compact-hex-local-management,200,0,0,0,11,NaN,NaN,0,0,0,0,12,8,10,11,13,0.155,29,1966,6634,6506,0,128,87,651,1965,1142,0,823,173,13,1,12,344,113,180,46,14.937262884,10.719232,7.012352,0.717616880900039,0.46945361104351,1,1,0,0,64991717606,1423023,267383719
16034009,10,churn-rejoin,State-loss and rejoin,boundary,compact-hex-safety-graph,200,0,0,1,11,78,2,1,1,1,1,9,10,10,0,13,0.035,1,1977,6702,6672,0,30,18,1080,4844,1026,0,3818,193,1,0,1,329,101,649,4,13.824617604,12.521472,8.306688,0.905737312862603,0.60086204464683,1,1,0,0,64991717606,1432655,249646933
16034010,5,native,Native hex safety graph,source-native,compact-hex-safety-graph,200,0,0,0,5,10,NaN,1,1,1,1,5,5,5,0,7,0.01,2,994,2779,2775,0,4,4,291,872,484,0,388,66,0,0,0,132,69,90,5,9.43430477,5.26336,4.829184,0.557895905243265,0.511874920063665,1,1,0,0,16706089667,1081016,77497120
16034010,5,beacon-loss,Beacon loss 0.05,boundary,compact-hex-safety-graph,200,0.05,0,0,5,10,NaN,0,0,1,0,6,3,5,0,12,0.05,6,982,2742,2596,124,22,18,323,1046,672,0,374,63,12,0,12,114,145,52,20,10.68603071,5.34528,4.931584,0.500211925743193,0.461498205819773,1,1,0,0,16706089667,2014329,98252611
16034010,5,restricted-management,Local-only management,boundary,compact-hex-local-management,200,0,0,0,5,NaN,NaN,1,1,0,0,7,5,5,8,10,0.195,65,978,2666,2526,0,140,106,273,639,408,0,231,72,16,4,13,111,102,40,44,12.280822278,5.124096,4.534272,0.417243722285548,0.369215667921744,1,1,0,0,16706089667,1080674,103812765
16034010,5,churn-rejoin,State-loss and rejoin,boundary,compact-hex-safety-graph,200,0,0,1,5,10,3,1,1,1,1,5,5,5,0,7,0.01,2,992,2771,2767,0,4,4,327,996,564,0,432,73,1,0,1,149,80,97,6,9.45748488,5.402624,4.931584,0.571253781375329,0.521447727654205,1,1,0,0,16706089667,1081034,77875513
16034010,10,native,Native hex safety graph,source-native,compact-hex-safety-graph,200,0,0,0,8,37,NaN,1,1,1,1,7,10,10,0,10,0.015,1,1980,6728,6712,0,16,11,1041,4473,990,0,3483,193,0,0,0,281,107,653,3,11.413886164,12.374016,6.918144,1.08411945083422,0.606116435769282,1,1,0,0,65081191521,1432637,272510444
16034010,10,beacon-loss,Beacon loss 0.05,boundary,compact-hex-safety-graph,200,0.05,0,0,34,NaN,NaN,0,1,1,0,13,9,10,0,22,0.065,1,1973,6677,6268,358,51,39,576,3508,1368,0,2140,120,6,0,6,111,327,132,15,21.886659862,10.440704,8.54016,0.477035055409589,0.390199329356215,1,1,0,0,65081191521,2365950,276595343
16034010,10,restricted-management,Local-only management,boundary,compact-hex-local-management,200,0,0,0,8,NaN,NaN,0,0,0,0,11,9,10,8,11,0.195,66,1968,6611,6409,0,202,140,702,2057,1246,0,811,191,12,4,9,359,155,172,47,13.74580523,10.93632,7.114752,0.795611447784205,0.517594413783208,1,1,0,0,65081191521,1423023,259195771
16034010,10,churn-rejoin,State-loss and rejoin,boundary,compact-hex-safety-graph,200,0,0,1,8,37,3,1,1,1,1,7,10,10,0,10,0.015,1,1978,6720,6704,0,16,11,1158,5094,1053,0,4041,215,1,0,1,336,111,710,4,11.446338318,12.845056,7.028736,1.12219782808625,0.614059780929847,1,1,0,0,65081191521,1432655,270118569
16034011,5,native,Native hex safety graph,source-native,compact-hex-safety-graph,200,0,0,0,5,12,NaN,1,1,1,1,5,5,5,0,8,0.01,0,993,2776,2768,0,8,4,296,958,636,0,322,54,0,0,0,134,89,73,5,9.462120902,5.279744,4.931584,0.557987374573075,0.52119224126143,1,1,0,0,16712951004,1081016,79457363
16034011,5,beacon-loss,Beacon loss 0.05,boundary,compact-hex-safety-graph,200,0.05,0,0,17,71,NaN,1,1,1,0,7,5,5,0,13,0.065,6,982,2734,2553,131,50,26,349,1116,656,0,460,77,11,0,11,119,151,68,22,11.511242626,5.451776,4.95616,0.473604473220492,0.430549521109538,1,1,0,0,16712951004,2014329,112781100
16034011,5,restricted-management,Local-only management,boundary,compact-hex-local-management,200,0,0,0,5,NaN,NaN,1,1,0,0,6,5,5,9,9,0.31,93,974,2685,2435,0,250,164,266,595,420,0,175,60,19,2,17,84,142,19,48,11.784767924,5.07904,4.440064,0.430983455317469,0.37676295610011,1,1,0,0,16712951004,1080674,109800480
16034011,5,churn-rejoin,State-loss and rejoin,boundary,compact-hex-safety-graph,200,0,0,1,5,12,3,1,1,1,1,5,5,5,0,8,0.01,0,991,2768,2760,0,8,4,295,954,632,0,322,54,1,0,1,133,89,72,6,9.485301012,5.267456,4.919296,0.555328290935212,0.518623077304191,1,1,0,0,16712951004,1081034,79766989
16034011,10,native,Native hex safety graph,source-native,compact-hex-safety-graph,200,0,0,0,6,27,NaN,1,1,1,1,8,10,10,0,10,0.01,0,1980,6730,6726,0,4,4,1013,4449,1170,0,3279,180,0,0,0,282,94,637,2,12.211281948,12.259328,7.76192,1.00393456249758,0.635635147321389,1,1,0,0,64870205969,1432637,319950023
16034011,10,beacon-loss,Beacon loss 0.05,boundary,compact-hex-safety-graph,200,0.05,0,0,19,NaN,NaN,0,1,1,0,16,7,10,0,19,0.065,4,1972,6672,6277,347,48,36,855,4479,1305,0,3174,172,7,8,6,176,312,352,12,19.95807471,11.579392,8.372224,0.580185822944041,0.41949056317567,1,1,0,0,64870205969,2365950,305824466
16034011,10,restricted-management,Local-only management,boundary,compact-hex-local-management,200,0,0,0,11,NaN,NaN,0,1,0,0,8,8,10,9,10,0.24,89,1959,6554,6292,0,262,180,585,1797,1065,0,732,166,21,0,21,265,159,140,53,13.231206788,10.420224,6.852608,0.787549024587129,0.517912546436426,1,1,0,0,64870205969,1423023,247710535
16034011,10,churn-rejoin,State-loss and rejoin,boundary,compact-hex-safety-graph,200,0,0,1,6,27,2,1,1,1,1,7,10,10,0,10,0.01,0,1979,6726,6722,0,4,4,1038,4664,999,0,3665,193,0,0,0,305,95,638,3,11.608599088,12.357632,7.159808,1.06452397109435,0.616767617326126,1,1,0,0,64870205969,1432655,282902541
16034012,5,native,Native hex safety graph,source-native,compact-hex-safety-graph,200,0,0,0,6,14,NaN,1,1,1,1,5,5,5,0,9,0.01,0,994,2779,2775,0,4,4,298,980,664,0,316,53,0,0,0,138,92,68,5,9.508481122,5.292032,4.960256,0.556559132010653,0.52166649292949,1,1,0,0,16750688804,1081016,79984699
16034012,5,beacon-loss,Beacon loss 0.05,boundary,compact-hex-safety-graph,200,0.05,0,0,11,85,NaN,1,1,1,0,6,5,5,0,10,0.04,4,981,2741,2582,135,24,16,342,1086,656,0,430,72,11,0,11,112,150,69,17,11.144996888,5.419008,4.95616,0.486227861206021,0.444698195056149,1,1,0,0,16750688804,2014329,108134923
16034012,5,restricted-management,Local-only management,boundary,compact-hex-local-management,200,0,0,0,6,NaN,NaN,0,1,0,0,8,4,5,6,9,0.19,58,977,2654,2505,0,149,106,301,721,499,0,222,76,17,1,16,122,117,44,39,11.135724844,5.234688,4.640768,0.470080580593771,0.416745929430941,1,1,0,0,16750688804,1080674,111750034
16034012,5,churn-rejoin,State-loss and rejoin,boundary,compact-hex-safety-graph,200,0,0,1,6,14,3,1,1,1,1,5,5,5,0,9,0.01,0,992,2771,2767,0,4,4,326,1020,596,0,424,71,1,0,1,152,84,89,6,9.545569298,5.398528,4.95616,0.565553277281336,0.519210520114125,1,1,0,0,16750688804,1081034,79993157
16034012,10,native,Native hex safety graph,source-native,compact-hex-safety-graph,200,0,0,0,15,NaN,NaN,1,1,1,0,11,10,10,0,14,0.055,2,1976,6678,6617,0,61,40,1045,4395,981,0,3414,186,4,16,2,270,127,628,5,16.337341528,12.374016,9.203712,0.757406948908585,0.563354324461301,1,1,0,0,64968649747,1432637,249474304
16034012,10,beacon-loss,Beacon loss 0.05,boundary,compact-hex-safety-graph,200,0.05,0,0,26,NaN,NaN,0,0,1,0,16,6,10,0,22,0.12,5,1969,6640,6208,309,123,84,1006,4830,1296,0,3534,193,11,6,8,230,311,448,18,20.087883326,12.1856,8.515584,0.606614435291349,0.423916440662425,1,1,0,0,64968649747,2365950,274509666
16034012,10,restricted-management,Local-only management,boundary,compact-hex-local-management,200,0,0,0,15,NaN,NaN,0,1,0,0,9,8,10,9,16,0.225,98,1965,6535,6259,0,276,177,664,1844,1101,0,743,169,15,6,11,328,156,159,53,14.97435106,10.768384,7.794688,0.719121914322209,0.520535946350386,1,1,0,0,64968649747,1423023,272382635
16034012,10,churn-rejoin,State-loss and rejoin,boundary,compact-hex-safety-graph,200,0,0,1,15,130,2,1,1,1,1,10,10,10,0,14,0.055,2,1975,6674,6613,0,61,40,1133,4833,963,0,3870,204,4,16,2,309,126,678,6,15.303508622,12.730368,9.265152,0.831859432659716,0.605426652727245,1,1,0,0,64968649747,1432655,300600382
16034013,5,native,Native hex safety graph,source-native,compact-hex-safety-graph,200,0,0,0,10,32,NaN,1,1,1,1,5,5,5,0,13,0.02,2,993,2765,2755,0,10,11,285,884,600,0,284,48,1,0,1,127,101,56,8,10.023079564,5.234688,4.861952,0.522263438754042,0.485075666510992,1,1,0,0,16761334701,1081016,89049438
16034013,5,beacon-loss,Beacon loss 0.05,boundary,compact-hex-safety-graph,200,0.05,0,0,12,68,NaN,1,1,1,0,13,5,5,0,13,0.115,5,983,2702,2503,145,54,50,382,1100,524,0,576,98,11,6,9,103,203,59,18,13.152394414,5.59104,4.866048,0.425096740867856,0.369974306337739,1,1,0,0,16761334701,2014329,144668400
16034013,5,restricted-management,Local-only management,boundary,compact-hex-local-management,200,0,0,0,10,NaN,NaN,0,1,0,0,10,4,5,9,13,0.205,60,976,2606,2446,0,160,109,258,622,432,0,190,59,18,0,18,93,119,28,47,13.124578282,5.054464,4.501504,0.385114393117839,0.34298275367626,1,1,0,0,16761334701,1080674,118477493
16034013,5,churn-rejoin,State-loss and rejoin,boundary,compact-hex-safety-graph,200,0,0,1,10,32,3,1,1,1,1,5,5,5,0,13,0.02,2,991,2757,2747,0,10,11,309,904,520,0,384,65,2,0,2,133,91,83,9,10.046259674,5.3248,4.841472,0.530028107254756,0.48191786367317,1,1,0,0,16761334701,1081034,89399514
16034013,10,native,Native hex safety graph,source-native,compact-hex-safety-graph,200,0,0,0,12,70,NaN,1,1,1,1,8,10,10,0,12,0.04,3,1977,6692,6633,0,59,29,1068,4778,1062,0,3716,194,2,8,1,308,122,628,5,12.84178094,12.47232,7.733248,0.971229773991146,0.602194355761998,1,1,0,0,64713191226,1432637,290492046
16034013,10,beacon-loss,Beacon loss 0.05,boundary,compact-hex-safety-graph,200,0.05,0,0,21,NaN,NaN,0,1,1,0,21,9,10,0,21,0.13,4,1969,6636,6183,336,117,69,1020,5160,1125,0,4035,214,10,16,8,228,306,460,13,19.550104774,12.242944,8.167424,0.626234188590236,0.4177688096517,1,1,0,0,64713191226,2365950,274727609
16034013,10,restricted-management,Local-only management,boundary,compact-hex-local-management,200,0,0,0,12,NaN,NaN,0,0,0,0,14,7,9,12,12,0.245,73,1961,6574,6359,0,215,163,643,1835,1082,0,753,168,18,4,16,295,184,142,51,15.294236578,10.665984,7.483392,0.697385838489153,0.489294902810938,1,1,0,0,64713191226,1423023,289522467
16034013,10,churn-rejoin,State-loss and rejoin,boundary,compact-hex-safety-graph,200,0,0,1,12,65,2,1,1,1,1,9,10,10,0,12,0.04,3,1976,6688,6629,0,59,29,1060,4694,1098,0,3596,191,2,8,1,300,124,626,4,13.449099822,12.435456,8.310784,0.924631102793818,0.617943513691916,1,1,0,0,64713191226,1432655,231803200
16034014,5,native,Native hex safety graph,source-native,compact-hex-safety-graph,200,0,0,0,6,12,NaN,1,1,1,1,5,5,5,0,10,0.01,0,994,2779,2775,0,4,4,280,924,632,0,292,49,0,0,0,132,88,60,5,9.471392946,5.218304,4.911104,0.550954229198549,0.518519718060486,1,1,0,0,16836388005,1081016,80828904
16034014,5,beacon-loss,Beacon loss 0.05,boundary,compact-hex-safety-graph,200,0.05,0,0,11,78,NaN,0,1,1,0,6,4,5,0,11,0.02,2,985,2752,2601,139,12,8,333,1074,644,0,430,72,9,0,9,127,129,68,15,11.539058758,5.398528,4.972544,0.467848211298622,0.430931508737881,1,1,0,0,16836388005,2014329,116315302
16034014,5,restricted-management,Local-only management,boundary,compact-hex-local-management,200,0,0,0,6,93,NaN,1,1,0,0,8,5,5,7,10,0.245,83,969,2611,2454,0,157,139,210,491,387,0,104,36,25,2,23,58,122,3,47,10.4310495,4.829184,4.349952,0.462962427702026,0.417019591365183,1,1,0,0,16836388005,1080674,119253184
16034014,5,churn-rejoin,State-loss and rejoin,boundary,compact-hex-safety-graph,200,0,0,1,6,12,3,1,1,1,1,5,5,5,0,10,0.01,0,992,2771,2767,0,4,4,300,960,616,0,344,58,1,0,1,139,86,74,6,9.522389188,5.292032,4.923392,0.555746241360199,0.517033267890835,1,1,0,0,16836388005,1081034,80574707
16034014,10,native,Native hex safety graph,source-native,compact-hex-safety-graph,200,0,0,0,10,66,NaN,1,1,1,1,8,10,10,0,10,0.03,4,1979,6714,6698,0,16,18,1050,4660,1008,0,3652,195,1,0,1,299,105,645,5,12.568255642,12.406784,7.725056,0.987152422213596,0.614648223273306,1,1,0,0,65102096291,1432637,306370178
16034014,10,beacon-loss,Beacon loss 0.05,boundary,compact-hex-safety-graph,200,0.05,0,0,34,NaN,NaN,0,1,1,0,15,9,10,0,25,0.115,2,1969,6646,6228,320,98,53,1145,5313,1080,0,4233,226,8,24,5,249,298,566,10,22.841680394,12.754944,8.72448,0.558406552407171,0.381954385557891,1,1,0,0,65102096291,2365950,299271680
16034014,10,restricted-management,Local-only management,boundary,compact-hex-local-management,200,0,0,0,10,NaN,NaN,0,1,0,0,9,7,10,7,12,0.25,95,1964,6564,6340,0,224,170,610,1835,1086,0,749,159,16,0,15,295,146,153,50,14.042510638,10.543104,7.245824,0.750799075164639,0.515992060592947,1,1,0,0,65102096291,1423023,254565244
16034014,10,churn-rejoin,State-loss and rejoin,boundary,compact-hex-safety-graph,200,0,0,1,10,88,2,1,1,1,1,8,10,10,0,10,0.03,4,1978,6710,6694,0,16,18,1094,5016,1062,0,3954,202,1,0,1,334,107,652,5,12.670248126,12.582912,7.774208,0.993106991660188,0.613579775446301,1,1,0,0,65102096291,1432655,290781163
16034015,5,native,Native hex safety graph,source-native,compact-hex-safety-graph,200,0,0,0,6,13,NaN,1,1,1,1,5,5,5,0,9,0.01,1,994,2771,2767,0,4,6,308,980,616,0,364,61,0,0,0,141,88,79,5,9.471392946,5.332992,4.93568,0.563063113356758,0.521114478951531,1,1,0,0,16721929186,1081016,78683286
16034015,5,beacon-loss,Beacon loss 0.05,boundary,compact-hex-safety-graph,200,0.05,0,0,12,51,NaN,0,1,1,0,5,4,4,0,11,0.09,2,984,2725,2547,130,48,39,438,1288,608,0,680,116,10,3,9,143,190,92,22,11.302621636,5.824512,5.046272,0.515323983017209,0.446469161095078,1,1,0,0,16721929186,2014329,108682627
16034015,5,restricted-management,Local-only management,boundary,compact-hex-local-management,200,0,0,0,6,30,NaN,0,0,0,0,3,4,4,6,9,0.23,82,980,2694,2484,0,210,126,229,540,358,0,182,60,14,1,13,92,90,32,36,11.455610362,4.952064,4.411392,0.432282859098172,0.38508572311723,1,1,0,0,16721929186,1080674,119273136
16034015,5,churn-rejoin,State-loss and rejoin,boundary,compact-hex-safety-graph,200,0,0,1,6,13,3,1,1,1,1,5,5,5,0,9,0.01,1,992,2763,2759,0,4,6,310,996,644,0,352,59,1,0,1,141,92,76,6,9.494573056,5.332992,4.947968,0.561688447552665,0.521136439818448,1,1,0,0,16721929186,1081034,79006667
16034015,10,native,Native hex safety graph,source-native,compact-hex-safety-graph,200,0,0,0,10,22,NaN,1,1,1,1,9,10,10,0,10,0.02,1,1978,6722,6710,0,12,8,924,4412,1440,0,2972,158,0,0,0,279,110,535,1,13.078218062,11.886592,8.593408,0.908884677075206,0.657077895418257,1,1,0,0,64805221136,1432637,261079219
16034015,10,beacon-loss,Beacon loss 0.05,boundary,compact-hex-safety-graph,200,0.05,0,0,26,NaN,NaN,0,1,1,0,13,8,10,0,17,0.085,2,1972,6673,6271,335,67,43,1314,6214,1170,0,5044,270,6,8,5,306,299,695,12,18.210294416,13.459456,9.03168,0.739112487284895,0.495965622173827,1,1,0,0,64805221136,2365950,264092512
16034015,10,restricted-management,Local-only management,boundary,compact-hex-local-management,200,0,0,0,12,NaN,NaN,0,1,0,0,10,7,9,9,11,0.235,66,1962,6588,6378,0,210,139,547,1633,989,0,644,139,16,0,16,255,157,119,51,13.46764391,10.276864,6.81984,0.763078090620529,0.506387015098916,1,1,0,0,64805221136,1423023,262460702
16034015,10,churn-rejoin,State-loss and rejoin,boundary,compact-hex-safety-graph,200,0,0,1,10,22,3,1,1,1,1,9,10,10,0,10,0.02,1,1976,6714,6702,0,12,8,1060,4698,1152,0,3546,191,1,0,1,300,93,666,2,13.180210546,12.435456,8.589312,0.943494487936991,0.651682457577032,1,1,0,0,64805221136,1432655,251352598
16034016,5,native,Native hex safety graph,source-native,compact-hex-safety-graph,200,0,0,0,7,14,NaN,1,1,1,1,5,5,5,0,10,0.01,1,994,2783,2775,0,8,4,320,1000,600,0,400,67,0,0,0,145,87,88,5,9.508481122,5.382144,4.952064,0.566036145094426,0.52080494628551,1,1,0,0,16742405187,1081016,81356927
16034016,5,beacon-loss,Beacon loss 0.05,boundary,compact-hex-safety-graph,200,0.05,0,0,7,16,NaN,0,0,1,0,6,3,5,0,10,0.115,4,981,2718,2507,130,81,45,392,1174,600,0,574,97,13,0,13,125,182,72,25,10.820475348,5.623808,4.939776,0.519737610329612,0.456521163916615,1,1,0,0,16742405187,2014329,102136779
16034016,5,restricted-management,Local-only management,boundary,compact-hex-local-management,200,0,0,0,7,NaN,NaN,0,0,0,0,5,4,4,6,10,0.34,111,975,2614,2337,0,277,181,320,695,439,0,256,84,19,3,17,125,131,42,47,10.440321544,5.30432,4.481024,0.508060980463611,0.429203639094355,1,1,0,0,16742405187,1080674,124366849
16034016,5,churn-rejoin,State-loss and rejoin,boundary,compact-hex-safety-graph,200,0,0,1,7,14,3,1,1,1,1,5,5,5,0,10,0.01,1,992,2775,2767,0,8,4,283,884,532,0,352,59,1,0,1,125,79,78,6,9.531661232,5.2224,4.841472,0.547900294910523,0.507935802811167,1,1,0,0,16742405187,1081034,81608305
16034016,10,native,Native hex safety graph,source-native,compact-hex-safety-graph,200,0,0,0,10,17,NaN,1,1,1,1,8,10,10,0,10,0.025,3,1980,6722,6692,0,30,24,1026,4452,1125,0,3327,183,0,0,0,280,108,638,2,12.197373882,12.312576,7.725056,1.00944482960959,0.633337640932699,1,1,0,0,64872699850,1432637,296946773
16034016,10,beacon-loss,Beacon loss 0.05,boundary,compact-hex-safety-graph,200,0.05,0,0,15,NaN,NaN,1,1,1,0,26,10,10,0,27,0.105,4,1969,6647,6205,373,69,57,802,4296,1170,0,3126,166,11,16,9,152,324,299,11,24.29275528,11.350016,8.265728,0.467218142577033,0.340254858073061,1,1,0,0,64872699850,2365950,283695542
16034016,10,restricted-management,Local-only management,boundary,compact-hex-local-management,200,0,0,0,12,NaN,NaN,0,1,0,0,8,9,9,7,10,0.35,144,1961,6512,6168,0,344,251,618,1865,1131,0,734,150,19,0,19,272,194,133,56,12.484807246,10.563584,6.643712,0.846115105492274,0.532143738312706,1,1,0,0,64872699850,1423023,254280321
16034016,10,churn-rejoin,State-loss and rejoin,boundary,compact-hex-safety-graph,200,0,0,1,10,17,3,1,1,1,1,8,10,10,0,10,0.025,3,1978,6714,6684,0,30,24,1018,4496,1215,0,3281,180,1,0,1,283,115,619,3,12.220553992,12.271616,7.753728,1.00417837096693,0.634482528785181,1,1,0,0,64872699850,1432655,298117680
16034017,5,native,Native hex safety graph,source-native,compact-hex-safety-graph,200,0,0,0,4,12,NaN,1,1,1,1,5,5,5,0,10,0,0,994,2783,2783,0,0,0,299,924,524,0,400,67,0,0,0,137,71,91,5,9.48066499,5.296128,4.882432,0.558624105543888,0.514988347879593,1,1,0,0,16843608049,1081016,79487171
16034017,5,beacon-loss,Beacon loss 0.05,boundary,compact-hex-safety-graph,200,0.05,0,0,9,19,NaN,1,1,1,1,5,5,5,0,10,0.04,1,979,2725,2585,120,20,16,370,1198,724,0,474,79,13,0,13,129,152,76,22,10.769479106,5.525504,5.042176,0.513070682956391,0.468191260725958,1,1,0,0,16843608049,2014329,99284213
16034017,5,restricted-management,Local-only management,boundary,compact-hex-local-management,200,0,0,0,4,NaN,NaN,1,0,0,0,3,5,5,11,12,0.215,75,975,2654,2503,0,151,117,242,578,411,0,167,55,19,2,18,89,104,28,47,11.163540976,4.984832,4.468736,0.446527854443018,0.400297361706929,1,1,0,0,16843608049,1080674,125048776
16034017,5,churn-rejoin,State-loss and rejoin,boundary,compact-hex-safety-graph,200,0,0,1,4,12,3,1,1,1,1,5,5,5,0,10,0,0,992,2775,2775,0,0,0,299,932,544,0,388,65,1,0,1,134,74,90,6,9.522389188,5.287936,4.886528,0.55531609721054,0.513161970543899,1,1,0,0,16843608049,1081034,79372918
16034017,10,native,Native hex safety graph,source-native,compact-hex-safety-graph,200,0,0,0,8,29,NaN,1,1,1,1,8,10,10,0,10,0.025,4,1979,6713,6701,0,12,14,1053,4679,1188,0,3491,188,0,0,0,302,102,649,2,12.280822278,12.419072,7.7824,1.01125736688232,0.63370349507797,1,1,0,0,65233997691,1432637,317353828
16034017,10,beacon-loss,Beacon loss 0.05,boundary,compact-hex-safety-graph,200,0.05,0,0,19,NaN,NaN,0,1,1,0,19,9,10,0,21,0.115,3,1965,6637,6238,317,82,57,1023,5225,1143,0,4082,219,10,6,7,209,358,440,12,19.582556928,12.238848,8.753152,0.624987229451143,0.446987185186443,1,1,0,0,65233997691,2365950,268791104
16034017,10,restricted-management,Local-only management,boundary,compact-hex-local-management,200,0,0,0,13,NaN,NaN,0,0,0,0,8,8,10,10,11,0.29,105,1961,6533,6250,0,283,204,554,1705,1103,0,602,139,18,0,18,246,177,113,53,13.74580523,10.30144,7.073792,0.74942426635853,0.514614595626713,1,1,0,0,65233997691,1423023,248851723
16034017,10,churn-rejoin,State-loss and rejoin,boundary,compact-hex-safety-graph,200,0,0,1,8,29,3,1,1,1,1,8,10,10,0,10,0.025,4,1977,6705,6693,0,12,14,1026,4578,1179,0,3399,184,1,0,1,297,105,623,3,12.327182498,12.300288,7.753728,0.997818276966017,0.628994338427129,1,1,0,0,65233997691,1432655,329881292
16034018,5,native,Native hex safety graph,source-native,compact-hex-safety-graph,200,0,0,0,6,13,NaN,1,1,1,1,5,5,5,0,9,0.015,2,994,2775,2767,0,8,8,297,948,624,0,324,55,0,0,0,133,91,73,5,9.476028968,5.287936,4.919296,0.558032907862255,0.519130536283941,1,1,0,0,16718005520,1081016,77823012
16034018,5,beacon-loss,Beacon loss 0.05,boundary,compact-hex-safety-graph,200,0.05,0,0,6,63,NaN,0,1,1,0,9,4,5,0,11,0.085,5,982,2730,2534,148,48,36,399,1198,532,0,666,112,12,6,10,127,173,81,21,11.321165724,5.656576,4.952064,0.499646073372859,0.437416439324972,1,1,0,0,16718005520,2014329,110192747
16034018,5,restricted-management,Local-only management,boundary,compact-hex-local-management,200,0,0,0,6,NaN,NaN,1,1,0,0,6,5,5,8,9,0.29,86,975,2605,2415,0,190,156,281,607,415,0,192,69,19,2,17,95,140,25,47,11.539058758,5.144576,4.44416,0.445840177079719,0.385140598830808,1,1,0,0,16718005520,1080674,104451956
16034018,5,churn-rejoin,State-loss and rejoin,boundary,compact-hex-safety-graph,200,0,0,1,6,13,3,1,1,1,1,5,5,5,0,9,0.015,2,992,2767,2759,0,8,8,291,964,700,0,264,45,1,0,1,131,101,58,6,9.499209078,5.255168,4.947968,0.553221637385672,0.520882102854163,1,1,0,0,16718005520,1081034,78111264
16034018,10,native,Native hex safety graph,source-native,compact-hex-safety-graph,200,0,0,0,11,17,NaN,1,1,1,1,9,10,10,0,10,0.03,1,1978,6712,6678,0,34,20,1034,4512,1242,0,3270,182,1,0,1,279,119,635,4,13.138486348,12.337152,8.564736,0.939008624983502,0.651881485670818,1,1,0,0,64942913331,1432637,261978151
16034018,10,beacon-loss,Beacon loss 0.05,boundary,compact-hex-safety-graph,200,0.05,0,0,29,NaN,NaN,0,1,1,0,31,7,10,0,29,0.105,1,1967,6637,6256,302,79,54,547,3503,1215,0,2288,123,12,8,11,88,345,94,12,26.51804584,10.297344,8.35584,0.388314586305881,0.315100141632457,1,1,0,0,64942913331,2365950,274527218
16034018,10,restricted-management,Local-only management,boundary,compact-hex-local-management,200,0,0,0,16,NaN,NaN,0,1,0,0,10,7,10,12,13,0.295,112,1965,6560,6248,0,312,226,586,1714,1022,0,692,144,14,2,13,250,210,110,52,14.775002114,10.448896,7.553024,0.70720098172434,0.511202904860715,1,1,0,0,64942913331,1423023,266028411
16034018,10,churn-rejoin,State-loss and rejoin,boundary,compact-hex-safety-graph,200,0,0,1,11,17,2,1,1,1,1,8,10,10,0,10,0.03,1,1977,6708,6674,0,34,20,1003,4545,1179,0,3366,182,1,0,1,285,128,589,5,12.507987356,12.20608,7.958528,0.975862834890445,0.636275667178568,1,1,0,0,64942913331,1432655,314519487
16034019,5,native,Native hex safety graph,source-native,compact-hex-safety-graph,200,0,0,0,6,12,NaN,1,1,1,1,5,5,5,0,10,0.01,1,994,2779,2775,0,4,4,291,932,592,0,340,57,0,0,0,134,84,73,5,9.471392946,5.26336,4.902912,0.555711290832131,0.517654797763471,1,1,0,0,16733102920,1081016,79739391
16034019,5,beacon-loss,Beacon loss 0.05,boundary,compact-hex-safety-graph,200,0.05,0,0,11,47,NaN,1,1,1,1,5,5,5,0,13,0.075,3,984,2732,2564,130,38,30,372,1174,632,0,542,91,10,3,9,124,168,67,18,11.089364624,5.554176,4.988928,0.500856107479725,0.449884025745062,1,1,0,0,16733102920,2014329,106626110
16034019,5,restricted-management,Local-only management,boundary,compact-hex-local-management,200,0,0,0,6,NaN,NaN,1,1,0,0,5,5,5,7,10,0.275,94,971,2594,2386,0,208,160,236,577,473,0,104,40,23,2,21,73,133,5,54,10.862199546,4.943872,4.407296,0.455144649024661,0.40574618256051,1,1,0,0,16733102920,1080674,122170427
16034019,5,churn-rejoin,State-loss and rejoin,boundary,compact-hex-safety-graph,200,0,0,1,6,12,3,1,1,1,1,5,5,5,0,10,0.01,1,992,2771,2767,0,4,4,311,968,576,0,392,66,1,0,1,143,82,85,6,9.554841342,5.337088,4.9152,0.558574214784696,0.514419844774854,1,1,0,0,16733102920,1081034,80150999
16034019,10,native,Native hex safety graph,source-native,compact-hex-safety-graph,200,0,0,0,19,179,NaN,1,1,1,1,8,10,10,0,16,0.065,6,1976,6691,6609,0,82,51,1356,5690,828,0,4862,252,4,7,2,382,143,820,8,15.20615216,13.647872,7.811072,0.89752304569863,0.513678405806509,1,1,0,0,65118224354,1432637,279817702
16034019,10,beacon-loss,Beacon loss 0.05,boundary,compact-hex-safety-graph,200,0.05,0,0,17,NaN,NaN,0,1,1,0,19,9,10,0,21,0.115,3,1972,6661,6255,312,94,61,1049,5007,1026,0,3981,217,8,8,7,217,304,512,12,19.902442446,12.374016,8.265728,0.621733540170942,0.415312242325376,1,1,0,0,65118224354,2365950,270963609
16034019,10,restricted-management,Local-only management,boundary,compact-hex-local-management,200,0,0,0,21,NaN,NaN,0,1,0,0,11,9,10,11,16,0.345,163,1964,6518,6077,0,441,255,633,1730,1035,0,695,153,16,4,13,269,220,124,53,16.675771134,10.637312,7.24992,0.637890260937423,0.434757705760199,1,1,0,0,65118224354,1423023,292869649
16034019,10,churn-rejoin,State-loss and rejoin,boundary,compact-hex-safety-graph,200,0,0,1,19,NaN,2,1,1,1,0,9,10,10,0,16,0.065,6,1975,6687,6605,0,82,51,1375,5615,747,0,4868,257,4,7,2,367,138,859,7,15.247876358,13.7216,7.790592,0.899902365275987,0.510929641419381,1,1,0,0,65118224354,1432655,267197403
16034020,5,native,Native hex safety graph,source-native,compact-hex-safety-graph,200,0,0,0,6,14,NaN,1,1,1,1,5,5,5,0,10,0.01,1,994,2779,2775,0,4,4,308,996,656,0,340,57,0,0,0,138,93,77,5,9.485301012,5.332992,4.968448,0.562237507618699,0.523804989816806,1,1,0,0,16898627449,1081016,78108234
16034020,5,beacon-loss,Beacon loss 0.05,boundary,compact-hex-safety-graph,200,0.05,0,0,8,45,NaN,1,1,1,1,5,5,5,0,10,0.07,1,986,2740,2541,151,48,28,390,1214,624,0,590,99,8,0,8,129,173,80,15,10.880743634,5.636096,5.025792,0.517988125589909,0.461897841641584,1,1,0,0,16898627449,2014329,101024612
16034020,5,restricted-management,Local-only management,boundary,compact-hex-local-management,200,0,0,0,6,NaN,NaN,1,0,0,0,5,5,5,7,10,0.25,73,977,2666,2453,0,213,143,275,604,343,0,261,78,17,1,16,97,123,37,42,10.347601104,5.128192,4.42368,0.495592355025903,0.427507782290716,1,1,0,0,16898627449,1080674,114654717
16034020,5,churn-rejoin,State-loss and rejoin,boundary,compact-hex-safety-graph,200,0,0,1,6,14,3,1,1,1,1,5,5,5,0,10,0.01,1,992,2771,2767,0,4,4,298,944,600,0,344,58,1,0,1,138,86,73,6,9.508481122,5.28384,4.907008,0.555697585366674,0.516066439743624,1,1,0,0,16898627449,1081034,78412199
16034020,10,native,Native hex safety graph,source-native,compact-hex-safety-graph,200,0,0,0,17,NaN,NaN,1,1,1,0,11,10,10,0,16,0.055,2,1977,6681,6618,0,63,36,1235,5427,1053,0,4374,223,3,8,2,357,133,734,5,16.559870584,13.156352,9.40032,0.794471909261873,0.56765661013574,1,1,0,0,64940134853,1432637,262102199
16034020,10,beacon-loss,Beacon loss 0.05,boundary,compact-hex-safety-graph,200,0.05,0,0,22,NaN,NaN,0,1,1,0,27,8,10,0,23,0.125,4,1966,6598,6147,331,120,74,925,4723,1305,0,3418,183,14,15,11,189,376,331,16,19.990526864,11.841536,8.015872,0.592357374098272,0.400983528574998,1,1,0,0,64940134853,2365950,253747471
16034020,10,restricted-management,Local-only management,boundary,compact-hex-local-management,200,0,0,0,17,NaN,NaN,0,1,0,0,15,9,10,13,16,0.25,50,1969,6577,6360,0,217,147,666,1872,1073,0,799,171,11,2,10,306,191,156,42,16.198260868,10.79296,7.737344,0.666303629010057,0.47766510633776,1,1,0,0,64940134853,1423023,268415445
16034020,10,churn-rejoin,State-loss and rejoin,boundary,compact-hex-safety-graph,200,0,0,1,17,181,2,1,1,1,1,9,10,10,0,16,0.055,2,1976,6677,6614,0,63,36,1359,5737,819,0,4918,253,3,8,2,386,120,842,7,15.730022646,13.66016,8.839168,0.86841324436832,0.56192976951929,1,1,0,0,64940134853,1432655,285546859
16034021,5,native,Native hex safety graph,source-native,compact-hex-safety-graph,200,0,0,0,4,11,NaN,1,1,1,1,5,5,5,0,10,0,0,994,2783,2783,0,0,0,294,924,568,0,356,60,0,0,0,135,76,83,5,9.45748488,5.275648,4.898816,0.557827801676591,0.517982958699692,1,1,0,0,16694376484,1081016,78696046
16034021,5,beacon-loss,Beacon loss 0.05,boundary,compact-hex-safety-graph,200,0.05,0,0,13,30,NaN,0,1,1,0,6,4,5,0,13,0.075,0,983,2708,2531,127,50,33,340,1064,656,0,408,69,11,3,10,109,183,34,18,10.699938776,5.419008,4.911104,0.506452243647866,0.45898430849115,1,1,0,0,16694376484,2014329,98326722
16034021,5,restricted-management,Local-only management,boundary,compact-hex-local-management,200,0,0,0,4,97,NaN,0,1,0,0,9,4,4,8,10,0.295,97,975,2612,2400,0,212,141,278,671,486,0,185,68,19,0,19,107,117,35,46,11.576146934,5.132288,4.538368,0.443350281338093,0.392044781901522,1,1,0,0,16694376484,1080674,97469806
16034021,5,churn-rejoin,State-loss and rejoin,boundary,compact-hex-safety-graph,200,0,0,1,4,11,3,1,1,1,1,5,5,5,0,10,0,0,992,2775,2775,0,0,0,309,956,544,0,412,69,1,0,1,140,74,94,6,9.48066499,5.328896,4.902912,0.562080403180663,0.517148533902578,1,1,0,0,16694376484,1081034,79018276
16034021,10,native,Native hex safety graph,source-native,compact-hex-safety-graph,200,0,0,0,13,NaN,NaN,1,1,1,0,11,10,10,0,13,0.05,3,1976,6698,6634,0,64,38,934,4234,1422,0,2812,154,1,0,1,253,142,538,2,14.85845051,11.91936,9.281536,0.802194010201673,0.624663789387282,1,1,0,0,65031866982,1432637,300683718
16034021,10,beacon-loss,Beacon loss 0.05,boundary,compact-hex-safety-graph,200,0.05,0,0,20,NaN,NaN,0,1,1,0,18,8,10,0,24,0.115,6,1967,6636,6165,343,128,75,1165,5485,1251,0,4234,240,10,24,7,239,344,548,13,23.94505363,12.828672,8.945664,0.535754573709844,0.3735913119356,1,1,0,0,65031866982,2365950,274186352
16034021,10,restricted-management,Local-only management,boundary,compact-hex-local-management,200,0,0,0,12,NaN,NaN,1,0,0,0,13,10,10,12,14,0.37,138,1959,6540,6150,0,390,257,667,1860,1140,0,720,163,18,4,16,288,231,126,57,15.5306737,10.756096,7.622656,0.692571114928517,0.490812964539974,1,1,0,0,65031866982,1423023,279371973
16034021,10,churn-rejoin,State-loss and rejoin,boundary,compact-hex-safety-graph,200,0,0,1,13,66,2,1,1,1,1,10,10,10,0,13,0.05,3,1975,6694,6630,0,64,38,1025,4437,1125,0,3312,180,1,0,1,274,128,622,3,14.23258754,12.288,9.248768,0.863370765538253,0.649830396195125,1,1,0,0,65031866982,1432655,272113957
16034022,5,native,Native hex safety graph,source-native,compact-hex-safety-graph,200,0,0,0,7,15,NaN,1,1,1,1,5,5,5,0,8,0.015,0,993,2774,2764,0,10,6,247,790,532,0,258,44,0,0,0,114,78,55,5,9.513117144,5.07904,4.780032,0.533898607903025,0.502467480179702,1,1,0,0,16836186738,1081016,78946473
16034022,5,beacon-loss,Beacon loss 0.05,boundary,compact-hex-safety-graph,200,0.05,0,0,14,24,NaN,0,1,1,0,9,2,5,0,13,0.125,1,978,2685,2481,135,69,53,374,1102,596,0,506,86,15,3,14,115,184,57,21,10.82511137,5.537792,4.85376,0.511569055570834,0.448379682582425,1,1,0,0,16836186738,2014329,99126988
16034022,5,restricted-management,Local-only management,boundary,compact-hex-local-management,200,0,0,0,7,NaN,NaN,0,1,0,0,6,4,5,10,10,0.125,40,982,2695,2587,0,108,66,231,574,374,0,200,59,11,4,9,91,93,32,40,13.97760633,4.968448,4.554752,0.355457714482648,0.325860658289122,1,1,0,0,16836186738,1080674,113446469
16034022,5,churn-rejoin,State-loss and rejoin,boundary,compact-hex-safety-graph,200,0,0,1,7,15,3,1,1,1,1,5,5,5,0,8,0.015,0,991,2766,2756,0,10,6,307,986,676,0,310,53,1,0,1,142,96,68,6,9.536297254,5.316608,4.95616,0.557512822680726,0.519715343176948,1,1,0,0,16836186738,1081034,78789576
16034022,10,native,Native hex safety graph,source-native,compact-hex-safety-graph,200,0,0,0,12,153,NaN,1,1,1,1,8,10,10,0,13,0.04,3,1978,6707,6672,0,35,23,1139,4769,828,0,3941,212,2,8,1,303,107,719,5,14.065690748,12.767232,7.675904,0.907686101503076,0.545718240043877,1,1,0,0,65002451004,1432637,286681608
16034022,10,beacon-loss,Beacon loss 0.05,boundary,compact-hex-safety-graph,200,0.05,0,0,17,NaN,NaN,0,1,1,0,16,9,10,0,19,0.09,6,1975,6685,6300,315,70,49,1045,5195,1278,0,3917,210,5,8,4,247,293,492,6,17.649335754,12.36992,8.753152,0.700871702618979,0.49594795645588,1,1,0,0,65002451004,2365950,278167526
16034022,10,restricted-management,Local-only management,boundary,compact-hex-local-management,200,0,0,0,12,NaN,NaN,0,1,0,0,13,7,9,13,13,0.275,97,1964,6600,6300,0,300,200,652,1894,1107,0,787,165,16,4,13,281,215,136,59,15.567761876,10.715136,7.278592,0.68829007569283,0.467542608756177,1,1,0,0,65002451004,1423023,273387155
16034022,10,churn-rejoin,State-loss and rejoin,boundary,compact-hex-safety-graph,200,0,0,1,12,166,2,1,1,1,1,8,10,10,0,13,0.04,3,1977,6703,6668,0,35,23,1270,5366,837,0,4529,238,2,8,1,351,108,801,5,13.972970308,13.299712,7.7824,0.951817094493177,0.556961034658773,1,1,0,0,65002451004,1432655,267284443
16034023,5,native,Native hex safety graph,source-native,compact-hex-safety-graph,200,0,0,0,12,61,NaN,1,1,1,1,5,5,5,0,13,0.045,3,993,2761,2735,0,26,21,279,828,532,0,296,51,1,0,1,112,103,63,8,10.806567282,5.210112,4.784128,0.482124606643429,0.442705613647425,1,1,0,0,16783234023,1081016,104942158
16034023,5,beacon-loss,Beacon loss 0.05,boundary,compact-hex-safety-graph,200,0.05,0,0,17,63,NaN,0,1,1,0,6,4,5,0,14,0.065,2,981,2711,2548,127,36,30,305,940,616,0,324,55,13,0,13,86,164,42,23,12.290094322,5.267456,4.816896,0.428593618730081,0.391933200331707,1,1,0,0,16783234023,2014329,129453666
16034023,5,restricted-management,Local-only management,boundary,compact-hex-local-management,200,0,0,0,12,91,NaN,0,1,0,0,7,4,5,7,13,0.255,76,974,2652,2462,0,190,133,251,534,394,0,140,49,20,1,19,90,117,23,47,12.674884148,5.0176,4.440064,0.395869496037306,0.350304109146481,1,1,0,0,16783234023,1080674,112310727
16034023,5,churn-rejoin,State-loss and rejoin,boundary,compact-hex-safety-graph,200,0,0,1,12,67,2,1,1,1,1,5,5,5,0,13,0.045,3,992,2757,2731,0,26,21,289,828,472,0,356,61,1,0,1,116,96,76,8,10.834383414,5.246976,4.759552,0.484289303738314,0.439300679893771,1,1,0,0,16783234023,1081034,105676231
16034023,10,native,Native hex safety graph,source-native,compact-hex-safety-graph,200,0,0,0,11,72,NaN,1,1,1,1,10,10,10,0,13,0.03,1,1979,6711,6677,0,34,22,1101,4891,1251,0,3640,191,1,0,1,313,119,668,3,14.39484831,12.61568,9.37984,0.876402427334783,0.651610895648264,1,1,0,0,64868497322,1432637,278256563
16034023,10,beacon-loss,Beacon loss 0.05,boundary,compact-hex-safety-graph,200,0.05,0,0,16,NaN,NaN,0,1,1,0,17,6,10,0,16,0.125,4,1973,6670,6245,331,94,66,1297,6187,1125,0,5062,270,7,8,6,314,306,662,11,17.009564718,13.39392,8.138752,0.787434612352318,0.478480909707663,1,1,0,0,64868497322,2365950,254727340
16034023,10,restricted-management,Local-only management,boundary,compact-hex-local-management,200,0,0,0,16,NaN,NaN,1,0,0,0,10,10,10,11,15,0.185,30,1965,6630,6484,0,146,108,627,1897,1099,0,798,181,15,2,14,283,169,158,52,16.861212014,10.616832,8.204288,0.629660073735195,0.486577595560029,1,1,0,0,64868497322,1423023,289742018
16034023,10,churn-rejoin,State-loss and rejoin,boundary,compact-hex-safety-graph,200,0,0,1,11,172,2,1,1,1,1,10,10,10,0,13,0.03,1,1978,6707,6673,0,34,22,1153,5091,1233,0,3858,203,1,0,1,326,121,705,3,14.85845051,12.824576,9.416704,0.863116648089842,0.633760834863796,1,1,0,0,64868497322,1432655,312603846
16034024,5,native,Native hex safety graph,source-native,compact-hex-safety-graph,200,0,0,0,4,12,NaN,1,1,1,1,5,5,5,0,10,0,0,994,2783,2783,0,0,0,305,964,588,0,376,63,0,0,0,138,79,88,5,9.466756924,5.320704,4.931584,0.562040838559087,0.520937005100185,1,1,0,0,16717224072,1081016,78237464
16034024,5,beacon-loss,Beacon loss 0.05,boundary,compact-hex-safety-graph,200,0.05,0,0,4,12,NaN,1,1,1,1,5,5,5,0,10,0.055,5,983,2739,2550,153,36,22,295,982,648,0,334,56,11,0,11,102,136,46,18,10.440321544,5.234688,4.87424,0.501391454079146,0.466866846912507,1,1,0,0,16717224072,2014329,94539182
16034024,5,restricted-management,Local-only management,boundary,compact-hex-local-management,200,0,0,0,4,NaN,NaN,0,1,0,0,6,4,4,8,10,0.335,161,973,2550,2214,0,336,209,275,661,425,0,236,73,21,2,20,109,107,36,52,11.24235335,5.111808,4.329472,0.454691988488335,0.385103711403983,1,1,0,0,16717224072,1080674,120006806
16034024,5,churn-rejoin,State-loss and rejoin,boundary,compact-hex-safety-graph,200,0,0,1,4,12,3,1,1,1,1,5,5,5,0,10,0,0,992,2775,2775,0,0,0,330,1032,608,0,424,71,1,0,1,149,82,98,6,9.489937034,5.414912,4.97664,0.570595145215375,0.524412330890077,1,1,0,0,16717224072,1081034,78598059
16034024,10,native,Native hex safety graph,source-native,compact-hex-safety-graph,200,0,0,0,17,170,NaN,1,1,1,1,8,10,10,0,15,0.06,3,1975,6672,6573,0,99,61,1240,5172,837,0,4335,232,3,8,2,326,153,750,8,14.237223562,13.16864,7.733248,0.924944385585676,0.543171073090437,1,1,0,0,65086278445,1432637,240488407
16034024,10,beacon-loss,Beacon loss 0.05,boundary,compact-hex-safety-graph,200,0.05,0,0,23,NaN,NaN,0,1,1,0,16,9,10,0,20,0.105,5,1969,6633,6208,298,127,80,892,4718,1368,0,3350,181,9,16,7,199,338,330,15,19.559376818,11.718656,8.630272,0.599132380803442,0.441234507638187,1,1,0,0,65086278445,2365950,269134967
16034024,10,restricted-management,Local-only management,boundary,compact-hex-local-management,200,0,0,0,21,NaN,NaN,0,1,0,0,21,9,10,21,19,0.31,96,1964,6540,6239,0,301,216,529,1428,939,0,489,117,14,4,11,192,255,64,60,21.042903858,10.211328,7.716864,0.485262303573083,0.366720489342835,1,1,0,0,65086278445,1423023,269667946
16034024,10,churn-rejoin,State-loss and rejoin,boundary,compact-hex-safety-graph,200,0,0,1,17,113,2,1,1,1,1,8,10,10,0,15,0.06,3,1974,6668,6569,0,99,61,1270,5206,819,0,4387,236,3,8,2,330,147,782,8,14.07032677,13.287424,7.737344,0.944357882883768,0.54990506805408,1,1,0,0,65086278445,1432655,284430560
16034025,5,native,Native hex safety graph,source-native,compact-hex-safety-graph,200,0,0,0,4,12,NaN,1,1,1,1,5,5,5,0,9,0,0,994,2783,2783,0,0,0,267,844,516,0,328,55,0,0,0,126,70,71,5,9.45748488,5.165056,4.825088,0.54613420645511,0.510187228552038,1,1,0,0,16697649380,1081016,80123866
16034025,5,beacon-loss,Beacon loss 0.05,boundary,compact-hex-safety-graph,200,0.05,0,0,6,32,NaN,1,1,1,0,6,5,5,0,10,0.055,2,982,2744,2555,145,44,22,386,1236,668,0,568,95,12,6,10,130,178,60,24,11.28871357,5.603328,5.050368,0.496365503939347,0.447382066050596,1,1,0,0,16697649380,2014329,111721044
16034025,5,restricted-management,Local-only management,boundary,compact-hex-local-management,200,0,0,0,4,NaN,NaN,1,1,0,0,7,5,5,8,10,0.265,115,973,2596,2325,0,271,168,249,540,383,0,157,57,21,1,20,87,123,17,48,11.3582539,5.005312,4.313088,0.440676185271752,0.379731606457574,1,1,0,0,16697649380,1080674,112903989
16034025,5,churn-rejoin,State-loss and rejoin,boundary,compact-hex-safety-graph,200,0,0,1,4,12,3,1,1,1,1,5,5,5,0,9,0,0,992,2775,2775,0,0,0,333,1036,600,0,436,73,1,0,1,152,81,99,6,9.5038451,5.4272,4.97664,0.571053078295647,0.523644898210725,1,1,0,0,16697649380,1081034,80002065
16034025,10,native,Native hex safety graph,source-native,compact-hex-safety-graph,200,0,0,0,9,59,NaN,1,1,1,1,7,10,10,0,10,0.03,3,1979,6721,6693,0,28,16,1014,4470,927,0,3543,188,0,0,0,301,95,618,3,11.75231577,12.259328,6.885376,1.04314147440577,0.585873978775844,1,1,0,0,65046353398,1432637,267608668
16034025,10,beacon-loss,Beacon loss 0.05,boundary,compact-hex-safety-graph,200,0.05,0,0,15,60,NaN,0,1,1,0,21,9,10,0,25,0.065,4,1967,6659,6300,315,44,31,1143,5613,1359,0,4254,230,8,8,7,266,272,589,10,20.032251062,12.73856,8.638464,0.635902573334072,0.431227822238443,1,1,0,0,65046353398,2365950,269168390
16034025,10,restricted-management,Local-only management,boundary,compact-hex-local-management,200,0,0,0,9,NaN,NaN,1,1,0,0,24,10,10,24,22,0.395,186,1955,6525,6079,0,446,274,596,1813,1223,0,590,150,24,2,23,262,204,104,60,19.462020356,10.448896,6.828032,0.536886500418169,0.350838806819713,1,1,0,0,65046353398,1423023,258433680
16034025,10,churn-rejoin,State-loss and rejoin,boundary,compact-hex-safety-graph,200,0,0,1,9,59,3,1,1,1,1,8,10,10,0,10,0.03,3,1977,6713,6685,0,28,16,1110,4898,1179,0,3719,198,1,0,1,326,101,682,3,12.40135885,12.644352,7.610368,1.01959407456385,0.613672105778957,1,1,0,0,65046353398,1432655,305287684
16034026,5,native,Native hex safety graph,source-native,compact-hex-safety-graph,200,0,0,0,6,16,NaN,1,1,1,1,5,5,5,0,7,0.01,1,994,2777,2771,0,6,6,316,1002,640,0,362,61,0,0,0,142,93,81,5,9.5038451,5.36576,4.964352,0.564588326465885,0.522351947844773,1,1,0,0,16866864819,1081016,80750789
16034026,5,beacon-loss,Beacon loss 0.05,boundary,compact-hex-safety-graph,200,0.05,0,0,6,25,NaN,0,1,1,0,9,3,5,0,9,0.075,3,979,2715,2506,159,50,32,342,1130,724,0,406,68,15,0,15,110,163,54,18,10.444957566,5.410816,4.964352,0.518031400875487,0.475286947661689,1,1,0,0,16866864819,2014329,92936337
16034026,5,restricted-management,Local-only management,boundary,compact-hex-local-management,200,0,0,0,6,NaN,NaN,1,1,0,0,5,5,5,8,8,0.135,50,979,2655,2557,0,98,80,256,607,413,0,194,63,15,6,11,115,85,35,51,11.501970582,5.05856,4.583424,0.439799420798066,0.398490325403268,1,1,0,0,16866864819,1080674,118254537
16034026,5,churn-rejoin,State-loss and rejoin,boundary,compact-hex-safety-graph,200,0,0,1,6,16,3,1,1,1,1,5,5,5,0,7,0.01,1,992,2769,2763,0,6,6,317,990,604,0,386,65,1,0,1,143,89,84,6,9.52702521,5.361664,4.93568,0.562784697407135,0.51807147469488,1,1,0,0,16866864819,1081034,81063651
16034026,10,native,Native hex safety graph,source-native,compact-hex-safety-graph,200,0,0,0,9,60,NaN,1,1,1,1,8,10,10,0,10,0.02,1,1980,6730,6722,0,8,8,1038,4722,1242,0,3480,182,0,0,0,313,96,629,2,12.484807246,12.361728,7.811072,0.990141678315503,0.625646183084051,1,1,0,0,65137691778,1432637,322564234
16034026,10,beacon-loss,Beacon loss 0.05,boundary,compact-hex-safety-graph,200,0.05,0,0,14,NaN,NaN,0,1,1,0,11,9,10,0,17,0.095,7,1976,6707,6324,333,50,41,1192,5832,1368,0,4464,239,4,0,4,287,278,623,11,16.541326496,12.976128,8.859648,0.784467195127178,0.535606863339674,1,1,0,0,65137691778,2365950,280483294
16034026,10,restricted-management,Local-only management,boundary,compact-hex-local-management,200,0,0,0,9,NaN,NaN,0,0,0,0,10,5,8,11,13,0.285,91,1963,6574,6316,0,258,193,594,1828,1138,0,690,157,17,3,15,263,194,117,59,14.705461784,10.473472,6.959104,0.712216464456455,0.473232605831646,1,1,0,0,65137691778,1423023,271495931
16034026,10,churn-rejoin,State-loss and rejoin,boundary,compact-hex-safety-graph,200,0,0,1,9,81,3,1,1,1,1,8,10,10,0,10,0.02,1,1978,6722,6714,0,8,8,1178,5194,1134,0,4060,213,1,0,1,346,92,739,3,12.577527686,12.926976,7.888896,1.02778354560006,0.6272215173719,1,1,0,0,65137691778,1432655,327744183
16034027,5,native,Native hex safety graph,source-native,compact-hex-safety-graph,200,0,0,0,7,18,NaN,1,1,1,1,5,5,5,0,10,0.015,2,994,2777,2771,0,6,6,326,986,548,0,438,74,0,0,0,148,80,98,5,9.508481122,5.40672,4.923392,0.568620785026364,0.517789533031583,1,1,0,0,16813544951,1081016,78930854
16034027,5,beacon-loss,Beacon loss 0.05,boundary,compact-hex-safety-graph,200,0.05,0,0,10,59,NaN,0,1,1,0,13,4,5,0,12,0.105,7,977,2685,2488,139,58,43,346,1096,628,0,468,79,16,3,15,95,198,34,22,11.432430252,5.419008,4.878336,0.474003154233282,0.426710322518397,1,1,0,0,16813544951,2014329,109301356
16034027,5,restricted-management,Local-only management,boundary,compact-hex-local-management,200,0,0,0,7,NaN,NaN,1,0,0,0,3,5,5,6,10,0.92,720,994,2407,972,0,1435,727,63,138,97,0,41,14,0,0,0,32,22,9,14,8.423651974,4.329472,2.752512,0.513966153084567,0.32675993838489,1,1,0,0,16813544951,1080674,219329684
16034027,5,churn-rejoin,State-loss and rejoin,boundary,compact-hex-safety-graph,200,0,0,1,7,18,3,1,1,1,1,5,5,5,0,10,0.015,2,992,2769,2763,0,6,6,356,1082,608,0,474,80,1,0,1,161,88,106,6,9.531661232,5.521408,5.001216,0.57927027257991,0.524695105949607,1,1,0,0,16813544951,1081034,78907920
16034027,10,native,Native hex safety graph,source-native,compact-hex-safety-graph,200,0,0,0,18,NaN,NaN,1,1,1,0,10,10,10,0,16,0.065,5,1975,6684,6616,0,68,40,1000,4330,900,0,3430,182,3,8,2,268,116,605,6,14.561745102,12.1856,8.359936,0.836822778770269,0.574102618981553,1,1,0,0,64910658452,1432637,256389230
16034027,10,beacon-loss,Beacon loss 0.05,boundary,compact-hex-safety-graph,200,0.05,0,0,23,NaN,NaN,0,1,1,0,24,8,10,0,26,0.085,5,1966,6639,6218,339,82,49,639,3675,1161,0,2514,135,12,16,10,112,328,171,16,25.303408076,10.67008,8.536064,0.421685488688002,0.337348390950402,1,1,0,0,64910658452,2365950,274972800
16034027,10,restricted-management,Local-only management,boundary,compact-hex-local-management,200,0,0,0,23,NaN,NaN,1,1,0,0,9,10,10,12,16,0.28,82,1964,6550,6289,0,261,195,560,1638,1102,0,536,137,14,4,11,255,197,90,60,14.427300464,10.338304,7.299072,0.716579239879065,0.505920842101622,1,1,0,0,64910658452,1423023,264673156
16034027,10,churn-rejoin,State-loss and rejoin,boundary,compact-hex-safety-graph,200,0,0,1,18,72,2,1,1,1,1,9,10,10,0,16,0.065,5,1974,6680,6612,0,68,40,1145,4951,945,0,4006,210,3,8,2,318,119,697,7,13.963698264,12.775424,8.491008,0.914902610931983,0.608077304412312,1,1,0,0,64910658452,1432655,240119698
16034028,5,native,Native hex safety graph,source-native,compact-hex-safety-graph,200,0,0,0,4,21,NaN,1,1,1,1,5,5,5,0,8,0,0,994,2783,2783,0,0,0,292,952,636,0,316,53,0,0,0,135,85,72,5,9.55020532,5.267456,4.939776,0.551554215171575,0.517242910961835,1,1,0,0,16777283463,1081016,80194194
16034028,5,beacon-loss,Beacon loss 0.05,boundary,compact-hex-safety-graph,200,0.05,0,0,5,51,NaN,1,1,1,1,5,5,5,0,10,0.08,2,983,2728,2558,128,42,32,393,1210,588,0,622,104,10,3,9,137,160,83,20,11.163540976,5.636096,4.988928,0.504866333371893,0.446894763115527,1,1,0,0,16777283463,2014329,108368079
16034028,5,restricted-management,Local-only management,boundary,compact-hex-local-management,200,0,0,0,4,NaN,NaN,1,0,0,0,5,5,5,9,11,0.25,87,975,2613,2428,0,185,148,213,461,355,0,106,39,19,1,18,63,124,6,46,11.96093676,4.866048,4.333568,0.406828336077583,0.362310083813201,1,1,0,0,16777283463,1080674,114334414
16034028,5,churn-rejoin,State-loss and rejoin,boundary,compact-hex-safety-graph,200,0,0,1,4,21,3,1,1,1,1,5,5,5,0,8,0,0,992,2775,2775,0,0,0,301,956,592,0,364,61,1,0,1,138,80,82,6,9.57338543,5.296128,4.919296,0.553213702584625,0.513851242694613,1,1,0,0,16777283463,1081034,80515572
16034028,10,native,Native hex safety graph,source-native,compact-hex-safety-graph,200,0,0,0,11,185,NaN,1,1,1,1,8,10,10,0,12,0.025,0,1979,6718,6702,0,16,13,1100,4862,1161,0,3701,196,1,0,1,320,101,678,5,13.680900922,12.611584,7.815168,0.92183870579163,0.571246590013131,1,1,0,0,64865310715,1432637,249081308
16034028,10,beacon-loss,Beacon loss 0.05,boundary,compact-hex-safety-graph,200,0.05,0,0,19,NaN,NaN,0,1,1,0,16,8,10,0,19,0.12,6,1975,6687,6270,335,82,57,1355,6519,1206,0,5313,285,5,0,5,326,299,725,9,17.969221272,13.63968,9.09312,0.75905793542949,0.50603862361966,1,1,0,0,64865310715,2365950,282689304
16034028,10,restricted-management,Local-only management,boundary,compact-hex-local-management,200,0,0,0,13,NaN,NaN,1,1,0,0,10,10,10,14,12,0.19,45,1971,6635,6452,0,183,129,615,1833,1078,0,755,169,9,4,7,296,159,147,46,14.960442994,10.592256,7.483392,0.708017536930431,0.500211925743193,1,1,0,0,64865310715,1423023,268036186
16034028,10,churn-rejoin,State-loss and rejoin,boundary,compact-hex-safety-graph,200,0,0,1,11,97,2,1,1,1,1,8,10,10,0,12,0.025,0,1978,6714,6698,0,16,13,1074,4682,999,0,3683,195,1,0,1,310,94,669,5,13.194118612,12.500992,7.733248,0.947467001594968,0.586113269662942,1,1,0,0,64865310715,1432655,305021890
16034029,5,native,Native hex safety graph,source-native,compact-hex-safety-graph,200,0,0,0,4,12,NaN,1,1,1,1,5,5,5,0,10,0,0,994,2783,2783,0,0,0,279,920,648,0,272,46,0,0,0,135,86,58,5,9.466756924,5.214208,4.923392,0.550791368349282,0.520071661237892,1,1,0,0,16780599715,1081016,80312610
16034029,5,beacon-loss,Beacon loss 0.05,boundary,compact-hex-safety-graph,200,0.05,0,0,7,15,NaN,1,1,1,1,5,5,5,0,10,0.035,0,982,2732,2561,147,24,14,431,1298,660,0,638,108,12,6,10,154,155,104,19,10.658214578,5.787648,5.111808,0.543022281794409,0.479612036574256,1,1,0,0,16780599715,2014329,99318773
16034029,5,restricted-management,Local-only management,boundary,compact-hex-local-management,200,0,0,0,4,NaN,NaN,1,1,0,0,7,5,5,8,11,0.35,159,979,2603,2231,0,372,206,225,552,396,0,156,46,15,2,14,82,110,16,44,11.54369478,4.931584,4.268032,0.427210186511879,0.36972841723038,1,1,0,0,16780599715,1080674,126510696
16034029,5,churn-rejoin,State-loss and rejoin,boundary,compact-hex-safety-graph,200,0,0,1,4,12,3,1,1,1,1,5,5,5,0,10,0,0,992,2775,2775,0,0,0,320,1004,612,0,392,66,1,0,1,156,82,81,6,9.517753166,5.373952,4.960256,0.564624014331157,0.521158293715725,1,1,0,0,16780599715,1081034,80239266
16034029,10,native,Native hex safety graph,source-native,compact-hex-safety-graph,200,0,0,0,8,27,NaN,1,1,1,1,7,10,10,0,10,0.025,4,1978,6720,6700,0,20,16,877,4095,1161,0,2934,156,0,0,0,263,105,509,3,11.353617878,11.69408,6.828032,1.02998710416877,0.60139702369504,1,1,0,0,65107036322,1432637,274625119
16034029,10,beacon-loss,Beacon loss 0.05,boundary,compact-hex-safety-graph,200,0.05,0,0,29,NaN,NaN,1,1,1,0,19,10,10,0,19,0.105,5,1971,6664,6255,321,88,54,1011,5175,1215,0,3960,216,7,0,7,229,308,467,12,18.831521364,12.214272,8.626176,0.648607818981098,0.458071115618442,1,1,0,0,65107036322,2365950,264016839
16034029,10,restricted-management,Local-only management,boundary,compact-hex-local-management,200,0,0,0,8,NaN,NaN,1,1,0,0,9,10,10,15,12,0.235,77,1962,6584,6352,0,232,157,578,1807,1107,0,700,162,16,1,15,269,154,138,51,14.631285432,10.40384,7.217152,0.711068077261743,0.493268485092595,1,1,0,0,65107036322,1423023,258665776
16034029,10,churn-rejoin,State-loss and rejoin,boundary,compact-hex-safety-graph,200,0,0,1,8,27,3,1,1,1,1,7,10,10,0,10,0.025,4,1976,6712,6692,0,20,16,1017,4641,1143,0,3498,185,1,0,1,305,106,605,4,11.376797988,12.259328,6.938624,1.07757279446562,0.609892520489395,1,1,0,0,65107036322,1432655,276064548
16034030,5,native,Native hex safety graph,source-native,compact-hex-safety-graph,200,0,0,0,7,15,NaN,1,1,1,1,5,5,5,0,8,0.015,2,994,2777,2767,0,10,8,301,920,536,0,384,65,0,0,0,134,81,86,5,9.513117144,5.30432,4.870144,0.557579594543885,0.511939874836046,1,1,0,0,16738856769,1081016,79806227
16034030,5,beacon-loss,Beacon loss 0.05,boundary,compact-hex-safety-graph,200,0.05,0,0,12,49,NaN,1,1,1,0,7,5,5,0,13,0.075,2,983,2726,2546,138,42,32,390,1170,596,0,574,97,11,3,10,133,172,71,23,11.182085064,5.623808,4.968448,0.502930175169699,0.444322143103311,1,1,0,0,16738856769,2014329,107878394
16034030,5,restricted-management,Local-only management,boundary,compact-hex-local-management,200,0,0,0,7,NaN,NaN,1,1,0,0,9,5,5,8,9,0.235,89,980,2614,2428,0,186,142,228,522,335,0,187,55,14,2,13,79,108,25,34,11.38143401,4.947968,4.36224,0.434740296842436,0.383276834550658,1,1,0,0,16738856769,1080674,108188994
16034030,5,churn-rejoin,State-loss and rejoin,boundary,compact-hex-safety-graph,200,0,0,1,7,15,3,1,1,1,1,5,5,5,0,8,0.015,2,992,2769,2759,0,10,8,328,1028,644,0,384,65,1,0,1,146,95,86,6,9.545569298,5.40672,4.972544,0.566411476488136,0.520926918527725,1,1,0,0,16738856769,1081034,79731763
16034030,10,native,Native hex safety graph,source-native,compact-hex-safety-graph,200,0,0,0,12,66,NaN,1,1,1,1,7,10,10,0,13,0.035,2,1979,6706,6675,0,31,26,1171,5251,1035,0,4216,221,1,0,1,341,131,698,6,12.174193772,12.9024,7.053312,1.05981556081971,0.579365839914775,1,1,0,0,65153452650,1432637,275876760
16034030,10,beacon-loss,Beacon loss 0.05,boundary,compact-hex-safety-graph,200,0.05,0,0,11,NaN,NaN,0,0,1,0,10,7,10,0,14,0.07,2,1977,6702,6291,351,60,38,1262,5992,1215,0,4777,257,2,0,2,311,281,668,6,15.665118338,13.266944,8.245248,0.846909912440139,0.526344443884532,1,1,0,0,65153452650,2365950,298824359
16034030,10,restricted-management,Local-only management,boundary,compact-hex-local-management,200,0,0,0,18,NaN,NaN,0,1,0,0,15,9,10,13,15,0.28,59,1963,6574,6348,0,226,173,680,1919,1181,0,738,173,17,2,16,307,212,142,46,15.989639878,10.825728,7.61856,0.677046392701753,0.476468516997828,1,1,0,0,65153452650,1423023,266855073
16034030,10,churn-rejoin,State-loss and rejoin,boundary,compact-hex-safety-graph,200,0,0,1,12,71,2,1,1,1,1,7,10,10,0,13,0.035,2,1978,6702,6671,0,31,26,1188,5306,1080,0,4226,218,1,0,1,351,121,715,6,12.197373882,12.967936,7.057408,1.06317442799201,0.578600612580615,1,1,0,0,65153452650,1432655,281250737
16034031,5,native,Native hex safety graph,source-native,compact-hex-safety-graph,200,0,0,0,4,12,NaN,1,1,1,1,5,5,5,0,9,0,0,994,2783,2783,0,0,0,275,924,668,0,256,43,0,0,0,133,89,53,5,9.462120902,5.197824,4.931584,0.549329696146806,0.52119224126143,1,1,0,0,16780219400,1081016,80254735
16034031,5,beacon-loss,Beacon loss 0.05,boundary,compact-hex-safety-graph,200,0.05,0,0,14,75,NaN,0,1,1,0,5,4,4,0,13,0.12,6,983,2720,2514,136,70,50,400,1152,556,0,596,102,11,0,11,120,197,72,22,11.539058758,5.664768,4.911104,0.490921150399085,0.425606984330082,1,1,0,0,16780219400,2014329,111886192
16034031,5,restricted-management,Local-only management,boundary,compact-hex-local-management,200,0,0,0,4,NaN,NaN,1,0,0,0,3,5,5,7,10,0.465,218,977,2581,2071,0,510,296,257,573,352,0,221,63,17,2,16,73,151,14,44,10.1992484,5.054464,4.112384,0.49557220314391,0.403204612606552,1,1,0,0,16780219400,1080674,137876497
16034031,5,churn-rejoin,State-loss and rejoin,boundary,compact-hex-safety-graph,200,0,0,1,4,12,3,1,1,1,1,5,5,5,0,9,0,0,992,2775,2775,0,0,0,301,956,592,0,364,61,1,0,1,137,80,83,6,9.485301012,5.296128,4.919296,0.558351073234237,0.518623077304191,1,1,0,0,16780219400,1081034,80603619
16034031,10,native,Native hex safety graph,source-native,compact-hex-safety-graph,200,0,0,0,14,90,NaN,1,1,1,1,9,10,10,0,13,0.045,6,1977,6691,6630,0,61,39,1168,5236,1161,0,4075,210,2,8,1,345,128,685,4,13.810709538,12.88192,8.589312,0.932748600971989,0.621931261125043,1,1,0,0,65039722596,1432637,240369722
16034031,10,beacon-loss,Beacon loss 0.05,boundary,compact-hex-safety-graph,200,0.05,0,0,29,NaN,NaN,0,1,1,0,16,7,10,0,23,0.14,8,1967,6635,6169,326,140,84,1211,5785,1260,0,4525,244,11,24,8,246,353,577,18,21.780031356,13.017088,8.78592,0.597661582172793,0.403393358640856,1,1,0,0,65039722596,2365950,296636678
16034031,10,restricted-management,Local-only management,boundary,compact-hex-local-management,200,0,0,0,17,NaN,NaN,1,1,0,0,13,10,10,12,16,0.155,24,1970,6627,6466,0,161,98,618,1782,1012,0,770,177,9,6,6,310,133,160,45,17.853320722,10.600448,7.790592,0.59375217445892,0.436366551708217,1,1,0,0,65039722596,1423023,278261152
16034031,10,churn-rejoin,State-loss and rejoin,boundary,compact-hex-safety-graph,200,0,0,1,14,71,2,1,1,1,1,9,10,10,0,13,0.045,6,1976,6687,6626,0,61,39,1134,4980,1125,0,3855,204,2,8,1,317,126,681,4,13.72262512,12.73856,8.544256,0.928288857897475,0.622640050666924,1,1,0,0,65039722596,1432655,246598868
16034032,5,native,Native hex safety graph,source-native,compact-hex-safety-graph,200,0,0,0,6,13,NaN,1,1,1,1,5,5,5,0,9,0.01,1,994,2779,2775,0,4,4,316,1004,616,0,388,65,0,0,0,143,86,87,5,9.485301012,5.36576,4.960256,0.565692115960442,0.52294133773137,1,1,0,0,16853198355,1081016,78990937
16034032,5,beacon-loss,Beacon loss 0.05,boundary,compact-hex-safety-graph,200,0.05,0,0,6,13,NaN,0,1,1,0,16,4,5,0,15,0.095,6,981,2711,2520,135,56,40,449,1280,576,0,704,121,13,3,12,145,180,108,16,11.562238868,5.85728,5.021696,0.506587008525726,0.434318652064714,1,1,0,0,16853198355,2014329,107996453
16034032,5,restricted-management,Local-only management,boundary,compact-hex-local-management,200,0,0,0,6,NaN,NaN,0,1,0,0,6,4,5,7,9,0.335,103,971,2597,2346,0,251,194,277,587,426,0,161,54,23,2,21,78,163,11,51,10.80193126,5.111808,4.36224,0.473230932224984,0.403838896490071,1,1,0,0,16853198355,1080674,116418246
16034032,5,churn-rejoin,State-loss and rejoin,boundary,compact-hex-safety-graph,200,0,0,1,6,13,3,1,1,1,1,5,5,5,0,9,0.01,1,992,2771,2767,0,4,4,312,996,620,0,376,63,1,0,1,142,87,82,6,9.508481122,5.341184,4.947968,0.561728411874529,0.520374172963521,1,1,0,0,16853198355,1081034,79304610
16034032,10,native,Native hex safety graph,source-native,compact-hex-safety-graph,200,0,0,0,15,NaN,NaN,1,1,1,0,10,10,10,0,15,0.055,3,1977,6697,6645,0,52,42,937,4085,936,0,3149,169,3,8,2,252,138,536,6,15.632666184,11.935744,8.31488,0.763513009202244,0.531891355072256,1,1,0,0,65101970625,1432637,327614000
16034032,10,beacon-loss,Beacon loss 0.05,boundary,compact-hex-safety-graph,200,0.05,0,0,30,NaN,NaN,1,1,1,0,13,10,10,0,19,0.135,7,1970,6648,6225,313,110,69,915,4635,1188,0,3447,186,10,32,6,178,333,362,15,19.225583234,11.81696,8.536064,0.614647673164057,0.443995060961488,1,1,0,0,65101970625,2365950,272841951
16034032,10,restricted-management,Local-only management,boundary,compact-hex-local-management,200,0,0,0,14,NaN,NaN,1,1,0,0,12,10,10,10,15,0.17,54,1966,6616,6438,0,178,122,660,1877,1068,0,809,175,14,1,13,319,154,172,51,15.312780666,10.756096,7.471104,0.702426047535735,0.487899889834418,1,1,0,0,65101970625,1423023,251702228
16034032,10,churn-rejoin,State-loss and rejoin,boundary,compact-hex-safety-graph,200,0,0,1,15,85,2,1,1,1,1,9,10,10,0,15,0.055,3,1976,6693,6641,0,52,42,1014,4608,1179,0,3429,179,3,8,2,292,151,560,7,14.316035936,12.24704,8.462336,0.855477036712574,0.591108882223471,1,1,0,0,65101970625,1432655,267740325
16034033,5,native,Native hex safety graph,source-native,compact-hex-safety-graph,200,0,0,0,5,20,NaN,1,1,1,1,5,5,5,0,9,0.01,0,993,2776,2768,0,8,4,338,1062,644,0,418,70,0,0,0,156,90,92,5,9.494573056,5.451776,5.005312,0.574199173343008,0.527176100544821,1,1,0,0,16730271610,1081016,78831469
16034033,5,beacon-loss,Beacon loss 0.05,boundary,compact-hex-safety-graph,200,0.05,0,0,8,22,NaN,1,1,1,1,5,5,5,0,10,0.06,0,984,2726,2527,153,46,24,363,1156,648,0,508,85,9,0,9,123,161,70,20,11.075456558,5.517312,4.993024,0.498156619648763,0.450818796846208,1,1,0,0,16730271610,2014329,105257785
16034033,5,restricted-management,Local-only management,boundary,compact-hex-local-management,200,0,0,0,5,128,NaN,1,0,0,0,9,5,5,9,11,0.24,71,974,2602,2411,0,191,127,254,614,407,0,207,55,19,4,17,92,117,22,53,12.781512654,5.029888,4.44416,0.393528382450561,0.347702194591905,1,1,0,0,16730271610,1080674,97285880
16034033,5,churn-rejoin,State-loss and rejoin,boundary,compact-hex-safety-graph,200,0,0,1,5,20,3,1,1,1,1,5,5,5,0,9,0.01,0,991,2768,2760,0,8,4,323,1018,624,0,394,66,1,0,1,145,88,89,6,9.517753166,5.382144,4.960256,0.565484721670076,0.521158293715725,1,1,0,0,16730271610,1081034,79105159
16034033,10,native,Native hex safety graph,source-native,compact-hex-safety-graph,200,0,0,0,6,29,NaN,1,1,1,1,7,10,10,0,10,0.01,0,1979,6725,6717,0,8,4,1053,4667,1098,0,3569,195,0,0,0,302,103,648,3,11.325801746,12.419072,6.975488,1.09652917104841,0.615893528461557,1,1,0,0,65058154340,1432637,265564631
16034033,10,beacon-loss,Beacon loss 0.05,boundary,compact-hex-safety-graph,200,0.05,0,0,19,NaN,NaN,1,1,1,0,20,10,10,0,22,0.19,8,1963,6579,6101,320,158,108,1137,5527,1125,0,4402,232,14,31,9,226,391,475,15,16.949296432,12.6976,8.187904,0.749152040082745,0.483082234879164,1,1,0,0,65058154340,2365950,289996333
16034033,10,restricted-management,Local-only management,boundary,compact-hex-local-management,200,0,0,0,6,NaN,NaN,1,1,0,0,15,10,10,15,16,0.28,81,1965,6565,6312,0,253,186,550,1665,1073,0,592,134,14,0,14,238,210,88,54,16.128720538,10.30144,7.24992,0.638701623958909,0.449503727398516,1,1,0,0,65058154340,1423023,287524512
16034033,10,churn-rejoin,State-loss and rejoin,boundary,compact-hex-safety-graph,200,0,0,1,6,29,3,1,1,1,1,7,10,10,0,10,0.01,0,1977,6717,6709,0,8,4,1103,4899,1134,0,3765,200,1,0,1,329,95,678,4,11.353617878,12.61568,7.00416,1.11115946789486,0.616909964318248,1,1,0,0,65058154340,1432655,267091870
16034034,5,native,Native hex safety graph,source-native,compact-hex-safety-graph,200,0,0,0,4,12,NaN,1,1,1,1,5,5,5,0,10,0,0,994,2783,2783,0,0,0,282,896,556,0,340,57,0,0,0,128,75,79,5,9.471392946,5.226496,4.87424,0.551819149495564,0.514627576723919,1,1,0,0,16743412799,1081016,79153924
16034034,5,beacon-loss,Beacon loss 0.05,boundary,compact-hex-safety-graph,200,0.05,0,0,4,18,NaN,1,1,1,1,5,5,5,0,10,0.065,0,981,2715,2514,152,49,28,363,1144,680,0,464,78,13,0,13,123,167,60,20,10.908559766,5.505024,4.972544,0.50465177054428,0.455838727262467,1,1,0,0,16743412799,2014329,103246349
16034034,5,restricted-management,Local-only management,boundary,compact-hex-local-management,200,0,0,0,4,NaN,NaN,0,0,0,0,11,4,5,9,10,0.265,89,975,2635,2413,0,222,142,234,541,360,0,181,56,19,2,18,69,132,12,45,12.299366366,4.952064,4.366336,0.402627570611226,0.355004954732479,1,1,0,0,16743412799,1080674,97266576
16034034,5,churn-rejoin,State-loss and rejoin,boundary,compact-hex-safety-graph,200,0,0,1,4,12,3,1,1,1,1,5,5,5,0,10,0,0,992,2775,2775,0,0,0,314,984,584,0,400,67,1,0,1,140,79,94,6,9.5038451,5.349376,4.93568,0.562864392644615,0.519335063657551,1,1,0,0,16743412799,1081034,79123058
16034034,10,native,Native hex safety graph,source-native,compact-hex-safety-graph,200,0,0,0,9,40,NaN,1,1,1,1,8,10,10,0,10,0.03,5,1980,6724,6706,0,18,18,1087,4683,963,0,3720,201,0,0,0,308,97,682,2,12.322546476,12.562432,7.737344,1.01946720383382,0.627901385080562,1,1,0,0,65096202051,1432637,306217776
16034034,10,beacon-loss,Beacon loss 0.05,boundary,compact-hex-safety-graph,200,0.05,0,0,16,NaN,NaN,0,1,1,0,27,7,10,0,27,0.17,11,1969,6645,6193,318,134,91,851,4453,1134,0,3319,183,11,8,10,157,335,340,13,20.778650604,11.55072,8.425472,0.555893653545357,0.405486966433617,1,1,0,0,65096202051,2365950,261395202
16034034,10,restricted-management,Local-only management,boundary,compact-hex-local-management,200,0,0,0,13,NaN,NaN,1,1,0,0,14,10,10,12,13,0.24,88,1963,6563,6355,0,208,161,569,1730,1122,0,608,147,17,4,15,262,172,114,56,14.914082774,10.371072,7.315456,0.695387853021715,0.490506597747544,1,1,0,0,65096202051,1423023,279166475
16034034,10,churn-rejoin,State-loss and rejoin,boundary,compact-hex-safety-graph,200,0,0,1,9,40,3,1,1,1,1,8,10,10,0,10,0.03,5,1978,6716,6698,0,18,18,1121,5047,1107,0,3940,204,1,0,1,342,104,674,3,12.317910454,12.693504,7.806976,1.03049166069218,0.6337906115777,1,1,0,0,65096202051,1432655,318747311
16034035,5,native,Native hex safety graph,source-native,compact-hex-safety-graph,200,0,0,0,4,12,NaN,1,1,1,1,5,5,5,0,10,0,0,994,2783,2783,0,0,0,305,992,672,0,320,54,0,0,0,144,89,72,5,9.471392946,5.320704,4.980736,0.561765732911236,0.525871540585114,1,1,0,0,16738412357,1081016,80173488
16034035,5,beacon-loss,Beacon loss 0.05,boundary,compact-hex-safety-graph,200,0.05,0,0,4,45,NaN,0,1,1,0,9,3,5,0,10,0.065,4,984,2735,2566,133,36,26,403,1276,684,0,592,99,10,3,9,145,161,84,18,11.024460316,5.681152,5.083136,0.51532245907356,0.461077989697396,1,1,0,0,16738412357,2014329,106930820
16034035,5,restricted-management,Local-only management,boundary,compact-hex-local-management,200,0,0,0,4,NaN,NaN,0,0,0,0,4,4,5,11,11,0.2,62,977,2630,2498,0,132,108,219,528,420,0,108,46,17,0,17,80,105,17,46,11.3582539,4.898816,4.452352,0.431300096223417,0.391992645982319,1,1,0,0,16738412357,1080674,108345131
16034035,5,churn-rejoin,State-loss and rejoin,boundary,compact-hex-safety-graph,200,0,0,1,4,12,3,1,1,1,1,5,5,5,0,10,0,0,992,2775,2775,0,0,0,265,860,568,0,292,49,1,0,1,121,77,66,6,9.494573056,5.148672,4.845568,0.542275252360752,0.510351331378497,1,1,0,0,16738412357,1081034,79828178
16034035,10,native,Native hex safety graph,source-native,compact-hex-safety-graph,200,0,0,0,13,NaN,NaN,1,1,1,0,12,10,10,0,12,0.04,1,1977,6704,6678,0,26,19,930,4150,1332,0,2818,158,3,7,1,246,124,550,1,15.71611458,11.907072,8.491008,0.757634588332201,0.540273994362797,1,1,0,0,65015245934,1432637,274520503
16034035,10,beacon-loss,Beacon loss 0.05,boundary,compact-hex-safety-graph,200,0.05,0,0,14,151,NaN,0,1,1,0,10,8,10,0,16,0.09,4,1975,6688,6303,315,70,39,1226,5864,1143,0,4721,249,5,8,4,309,252,652,8,15.0670715,13.111296,8.097792,0.870195379374154,0.537449629810279,1,1,0,0,65015245934,2365950,292729087
16034035,10,restricted-management,Local-only management,boundary,compact-hex-local-management,200,0,0,0,13,NaN,NaN,1,1,0,0,11,10,10,11,13,0.25,101,1967,6589,6342,0,247,170,584,1735,1121,0,614,154,13,3,9,281,157,130,51,15.076343544,10.448896,7.39328,0.693065660748915,0.490389462035199,1,1,0,0,65015245934,1423023,287024650
16034035,10,churn-rejoin,State-loss and rejoin,boundary,compact-hex-safety-graph,200,0,0,1,13,NaN,2,1,1,1,0,12,10,10,0,12,0.04,1,1976,6700,6674,0,26,19,822,3864,1350,0,2514,136,3,7,1,230,126,456,1,15.71611458,11.460608,8.404992,0.729226549072411,0.534800885881554,1,1,0,0,65015245934,1432655,276157479
16034036,5,native,Native hex safety graph,source-native,compact-hex-safety-graph,200,0,0,0,4,12,NaN,1,1,1,1,5,5,5,0,10,0,0,994,2783,2783,0,0,0,259,828,524,0,304,51,0,0,0,116,71,72,5,9.466756924,5.132288,4.816896,0.542137929726355,0.508822191028088,1,1,0,0,16794116480,1081016,79332793
16034036,5,beacon-loss,Beacon loss 0.05,boundary,compact-hex-safety-graph,200,0.05,0,0,11,77,NaN,1,1,1,1,5,5,5,0,14,0.105,2,980,2695,2514,127,54,43,384,1194,632,0,562,94,14,12,10,121,188,49,31,11.956300738,5.586944,4.95616,0.46728031708364,0.414522861929036,1,1,0,0,16794116480,2014329,120276584
16034036,5,restricted-management,Local-only management,boundary,compact-hex-local-management,200,0,0,0,4,NaN,NaN,0,1,0,0,9,3,5,9,10,0.225,66,974,2630,2497,0,133,112,219,501,363,0,138,51,20,2,19,63,124,10,45,11.835764166,4.886528,4.411392,0.412861217194347,0.372717125664972,1,1,0,0,16794116480,1080674,107033209
16034036,5,churn-rejoin,State-loss and rejoin,boundary,compact-hex-safety-graph,200,0,0,1,4,12,3,1,1,1,1,5,5,5,0,10,0,0,992,2775,2775,0,0,0,277,924,656,0,268,45,1,0,1,126,88,62,6,9.489937034,5.197824,4.919296,0.547719545596302,0.518369719669944,1,1,0,0,16794116480,1081034,79673161
16034036,10,native,Native hex safety graph,source-native,compact-hex-safety-graph,200,0,0,0,12,136,NaN,1,1,1,1,8,10,10,0,13,0.04,5,1979,6715,6671,0,44,28,1175,5079,981,0,4098,218,1,0,1,330,122,722,5,13.300747118,12.918784,7.80288,0.971282581751886,0.586649752136127,1,1,0,0,64988286498,1432637,275734089
16034036,10,beacon-loss,Beacon loss 0.05,boundary,compact-hex-safety-graph,200,0.05,0,0,36,NaN,NaN,0,1,1,0,18,9,10,0,27,0.095,4,1967,6653,6207,342,104,60,627,3567,1179,0,2388,133,10,6,7,109,331,171,13,26.545861972,10.625024,8.47872,0.400251610258768,0.319398933398477,1,1,0,0,64988286498,2365950,283388775
16034036,10,restricted-management,Local-only management,boundary,compact-hex-local-management,200,0,0,0,12,NaN,NaN,0,0,0,0,9,8,10,10,13,0.305,109,1958,6549,6259,0,290,192,606,1777,1132,0,645,141,22,1,21,282,167,134,63,15.0670715,10.502144,7.122944,0.697026227027595,0.472749067395081,1,1,0,0,64988286498,1423023,274917339
16034036,10,churn-rejoin,State-loss and rejoin,boundary,compact-hex-safety-graph,200,0,0,1,12,75,2,1,1,1,1,8,10,10,0,13,0.04,5,1978,6711,6667,0,44,28,1137,5087,1035,0,4052,211,1,0,1,329,130,677,5,12.93450138,12.75904,7.794688,0.98643462358191,0.602627636814246,1,1,0,0,64988286498,1432655,298504611
16034037,5,native,Native hex safety graph,source-native,compact-hex-safety-graph,200,0,0,0,4,12,NaN,1,1,1,1,5,5,5,0,10,0,0,994,2783,2783,0,0,0,315,1004,628,0,376,63,0,0,0,150,84,81,5,9.466756924,5.361664,4.972544,0.56636755787055,0.525263724411648,1,1,0,0,16808270475,1081016,79511518
16034037,5,beacon-loss,Beacon loss 0.05,boundary,compact-hex-safety-graph,200,0.05,0,0,14,72,NaN,1,1,1,0,8,5,5,0,11,0.045,1,979,2716,2561,133,22,18,324,1046,604,0,442,74,15,6,13,98,156,49,21,11.270169482,5.337088,4.89472,0.473558805705989,0.434307576990527,1,1,0,0,16808270475,2014329,110018834
16034037,5,restricted-management,Local-only management,boundary,compact-hex-local-management,200,0,0,0,4,NaN,NaN,1,1,0,0,7,5,5,7,11,0.32,95,972,2635,2378,0,257,173,256,551,363,0,188,61,22,3,20,69,151,11,48,11.05691247,5.029888,4.329472,0.454908910027756,0.391562473859396,1,1,0,0,16808270475,1080674,122856771
16034037,5,churn-rejoin,State-loss and rejoin,boundary,compact-hex-safety-graph,200,0,0,1,4,12,3,1,1,1,1,5,5,5,0,10,0,0,992,2775,2775,0,0,0,297,956,616,0,340,57,1,0,1,133,83,80,6,9.499209078,5.279744,4.927488,0.555808800148193,0.518726133885396,1,1,0,0,16808270475,1081034,79364244
16034037,10,native,Native hex safety graph,source-native,compact-hex-safety-graph,200,0,0,0,12,41,NaN,1,1,1,1,8,10,10,0,13,0.045,6,1977,6700,6666,0,34,29,943,4367,1251,0,3116,167,2,8,1,269,135,529,5,12.42453896,11.96032,7.696384,0.962636926690437,0.619450268921689,1,1,0,0,64993085818,1432637,303670756
16034037,10,beacon-loss,Beacon loss 0.05,boundary,compact-hex-safety-graph,200,0.05,0,0,17,NaN,NaN,0,1,1,0,16,9,10,0,16,0.195,12,1971,6642,6200,306,136,93,1005,5123,945,0,4178,230,8,16,6,205,338,438,12,17.287726038,12.189696,8.278016,0.705106962778444,0.478837759333076,1,1,0,0,64993085818,2365950,274823674
16034037,10,restricted-management,Local-only management,boundary,compact-hex-local-management,200,0,0,0,12,NaN,NaN,1,1,0,0,12,10,10,10,13,0.315,114,1966,6641,6373,0,268,199,542,1603,940,0,663,147,13,6,10,233,178,112,51,14.515384882,10.272768,7.04512,0.707715853455521,0.48535536999342,1,1,0,0,64993085818,1423023,256327763
16034037,10,churn-rejoin,State-loss and rejoin,boundary,compact-hex-safety-graph,200,0,0,1,12,41,3,1,1,1,1,8,10,10,0,13,0.045,6,1975,6692,6658,0,34,29,1095,4765,1053,0,3712,200,3,8,2,301,120,663,6,12.572891664,12.57472,7.733248,1.00014541889399,0.615073143606465,1,1,0,0,64993085818,1432655,315908206
16034038,5,native,Native hex safety graph,source-native,compact-hex-safety-graph,200,0,0,0,8,51,NaN,1,1,1,1,5,5,5,0,10,0.02,3,994,2775,2767,0,8,8,348,1012,452,0,560,94,0,0,0,158,68,122,5,9.856182772,5.496832,4.902912,0.557703943520174,0.497445320710617,1,1,0,0,16805830410,1081016,84786597
16034038,5,beacon-loss,Beacon loss 0.05,boundary,compact-hex-safety-graph,200,0.05,0,0,9,27,NaN,0,0,1,0,6,3,5,0,10,0.07,4,983,2745,2582,129,34,26,325,1060,668,0,392,66,11,0,11,109,159,46,17,10.444957566,5.357568,4.927488,0.512933438565585,0.471757589139448,1,1,0,0,16805830410,2014329,95902045
16034038,5,restricted-management,Local-only management,boundary,compact-hex-local-management,200,0,0,0,10,NaN,NaN,1,1,0,0,7,5,5,6,10,0.28,74,975,2597,2408,0,189,145,285,686,466,0,220,68,19,1,18,88,156,21,47,11.131088822,5.16096,4.530176,0.463652755137452,0.406984085065097,1,1,0,0,16805830410,1080674,116237768
16034038,5,churn-rejoin,State-loss and rejoin,boundary,compact-hex-safety-graph,200,0,0,1,8,51,3,1,1,1,1,5,5,5,0,10,0.02,3,992,2767,2759,0,8,8,370,1112,556,0,556,93,1,0,1,167,82,120,6,9.879362882,5.578752,4.99712,0.564687426368797,0.505813994251051,1,1,0,0,16805830410,1081034,85120153
16034038,10,native,Native hex safety graph,source-native,compact-hex-safety-graph,200,0,0,0,11,131,NaN,1,1,1,1,8,10,10,0,13,0.03,3,1977,6709,6675,0,34,20,1207,5193,792,0,4401,226,2,8,1,354,88,755,5,13.49082402,13.041664,7.753728,0.966706257576696,0.574740874872075,1,1,0,0,65000730513,1432637,277965313
16034038,10,beacon-loss,Beacon loss 0.05,boundary,compact-hex-safety-graph,200,0.05,0,0,23,NaN,NaN,0,0,1,0,15,9,10,0,27,0.135,5,1963,6639,6189,325,125,67,1157,5621,1296,0,4325,240,8,0,8,255,319,575,19,21.81248351,12.77952,8.863744,0.585881015985236,0.406361063651298,1,1,0,0,65000730513,2365950,266171536
16034038,10,restricted-management,Local-only management,boundary,compact-hex-local-management,200,0,0,0,11,NaN,NaN,1,1,0,0,12,10,10,12,13,0.245,81,1966,6571,6316,0,255,166,604,1772,1095,0,677,159,13,5,9,280,185,121,56,14.941898906,10.52672,7.360512,0.704510187508559,0.492608874300732,1,1,0,0,65000730513,1423023,277441385
16034038,10,churn-rejoin,State-loss and rejoin,boundary,compact-hex-safety-graph,200,0,0,1,11,134,2,1,1,1,1,8,10,10,0,13,0.03,3,1976,6705,6671,0,34,20,1286,5520,945,0,4575,239,2,8,1,365,99,812,5,13.53718424,13.361152,7.872512,0.986996391799126,0.58154723023848,1,1,0,0,65000730513,1432655,275437048
16034039,5,native,Native hex safety graph,source-native,compact-hex-safety-graph,200,0,0,0,6,14,NaN,1,1,1,1,5,5,5,0,10,0.01,1,994,2779,2775,0,4,4,346,1058,580,0,478,80,0,0,0,155,81,110,5,9.499209078,5.48864,4.984832,0.577799683629619,0.524762846997945,1,1,0,0,16800055357,1081016,81112894
16034039,5,beacon-loss,Beacon loss 0.05,boundary,compact-hex-safety-graph,200,0.05,0,0,11,24,NaN,1,1,1,0,7,5,5,0,10,0.055,2,981,2727,2552,147,28,22,362,1146,680,0,466,79,13,3,12,123,160,63,17,10.514497896,5.500928,4.993024,0.523175529103744,0.474870416960137,1,1,0,0,16800055357,2014329,95845404
16034039,5,restricted-management,Local-only management,boundary,compact-hex-local-management,200,0,0,0,8,35,NaN,0,1,0,0,6,4,5,5,10,0.24,80,974,2649,2457,0,192,132,233,553,389,0,164,50,20,2,19,81,113,17,48,10.537678006,4.943872,4.440064,0.469161422201839,0.421351268986573,1,1,0,0,16800055357,1080674,113249578
16034039,5,churn-rejoin,State-loss and rejoin,boundary,compact-hex-safety-graph,200,0,0,1,6,14,3,1,1,1,1,5,5,5,0,10,0.01,1,992,2771,2767,0,4,4,309,974,592,0,382,64,1,0,1,142,83,83,6,9.52702521,5.328896,4.923392,0.559345218736962,0.516781670193565,1,1,0,0,16800055357,1081034,80292846
16034039,10,native,Native hex safety graph,source-native,compact-hex-safety-graph,200,0,0,0,16,NaN,NaN,1,1,1,0,10,10,10,0,13,0.05,2,1977,6693,6642,0,51,36,986,4416,1125,0,3291,174,3,8,2,282,128,565,6,14.992895148,12.136448,8.441856,0.809479949015648,0.563057095822224,1,1,0,0,65171895868,1432637,302334133
16034039,10,beacon-loss,Beacon loss 0.05,boundary,compact-hex-safety-graph,200,0.05,0,0,31,NaN,NaN,0,1,1,0,17,7,10,0,26,0.115,2,1971,6658,6227,315,116,74,677,3857,1152,0,2705,149,9,7,7,131,348,182,14,24.635820908,10.846208,8.699904,0.44026168401305,0.353140414215906,1,1,0,0,65171895868,2365950,267591934
16034039,10,restricted-management,Local-only management,boundary,compact-hex-local-management,200,0,0,0,18,NaN,NaN,0,1,0,0,9,8,10,9,16,0.18,50,1967,6583,6384,0,199,123,610,1825,1223,0,602,154,13,4,11,307,157,129,53,14.95117095,10.555392,7.68,0.70599099129423,0.5136721415121,1,1,0,0,65171895868,1423023,263767970
16034039,10,churn-rejoin,State-loss and rejoin,boundary,compact-hex-safety-graph,200,0,0,1,16,91,2,1,1,1,1,9,10,10,0,13,0.05,2,1976,6689,6638,0,51,36,1132,4860,963,0,3897,208,3,8,2,315,122,684,7,14.09350688,12.730368,8.503296,0.903278943161093,0.603348483269765,1,1,0,0,65171895868,1432655,242874668
16034040,5,native,Native hex safety graph,source-native,compact-hex-safety-graph,200,0,0,0,4,14,NaN,1,1,1,1,5,5,5,0,8,0,0,994,2783,2783,0,0,0,322,1004,600,0,404,68,0,0,0,149,80,93,5,9.471392946,5.390336,4.964352,0.569117555435863,0.524141699991084,1,1,0,0,16786037568,1081016,79206212
16034040,5,beacon-loss,Beacon loss 0.05,boundary,compact-hex-safety-graph,200,0.05,0,0,4,78,NaN,0,1,1,0,7,4,5,0,15,0.04,0,983,2741,2583,134,24,16,313,1024,624,0,400,67,11,3,10,95,164,40,19,11.988752892,5.308416,4.907008,0.442783002354003,0.409300954336494,1,1,0,0,16786037568,2014329,122036957
16034040,5,restricted-management,Local-only management,boundary,compact-hex-local-management,200,0,0,0,4,129,NaN,1,1,0,0,5,5,5,5,8,0.265,92,975,2643,2443,0,200,150,232,541,365,0,176,56,19,2,17,85,101,25,43,10.435685522,4.943872,4.38272,0.473746740410831,0.419974326627663,1,1,0,0,16786037568,1080674,112471092
16034040,5,churn-rejoin,State-loss and rejoin,boundary,compact-hex-safety-graph,200,0,0,1,4,14,3,1,1,1,1,5,5,5,0,8,0,0,992,2775,2775,0,0,0,287,916,576,0,340,57,1,0,1,130,78,78,6,9.494573056,5.238784,4.886528,0.55176614778791,0.514665374754477,1,1,0,0,16786037568,1081034,79451970
16034040,10,native,Native hex safety graph,source-native,compact-hex-safety-graph,200,0,0,0,11,153,NaN,1,1,1,1,9,10,10,0,13,0.03,3,1978,6713,6693,0,20,16,1161,5091,954,0,4137,215,2,8,1,335,93,723,4,14.422664442,12.857344,8.572928,0.891468012148875,0.594406673917679,1,1,0,0,64870134736,1432637,279038526
16034040,10,beacon-loss,Beacon loss 0.05,boundary,compact-hex-safety-graph,200,0.05,0,0,17,NaN,NaN,0,1,1,0,20,8,10,0,19,0.115,6,1971,6659,6249,340,70,54,896,4846,1197,0,3649,196,9,16,7,181,354,336,11,18.7758891,11.743232,8.503296,0.625442126200032,0.452883799787676,1,1,0,0,64870134736,2365950,300867667
16034040,10,restricted-management,Local-only management,boundary,compact-hex-local-management,200,0,0,0,11,NaN,NaN,0,1,0,0,9,9,10,13,12,0.21,76,1966,6588,6409,0,179,133,647,1924,1155,0,769,169,14,4,12,344,118,167,51,15.632666184,10.702848,7.725056,0.684646360001875,0.494161130870087,1,1,0,0,64870134736,1423023,270053744
16034040,10,churn-rejoin,State-loss and rejoin,boundary,compact-hex-safety-graph,200,0,0,1,11,175,2,1,1,1,1,9,10,10,0,13,0.03,3,1977,6709,6689,0,20,16,1121,5069,1134,0,3935,203,2,8,1,333,104,674,4,14.25576765,12.689408,8.6016,0.890124496382347,0.603376837444457,1,1,0,0,64870134736,1432655,268361067
16034041,5,native,Native hex safety graph,source-native,compact-hex-safety-graph,200,0,0,0,6,15,NaN,1,1,1,1,5,5,5,0,10,0.005,0,994,2781,2773,0,8,4,303,924,528,0,396,67,0,0,0,134,79,90,5,9.5038451,5.312512,4.878336,0.558985541546758,0.513301295283106,1,1,0,0,16823618514,1081016,80811465
16034041,5,beacon-loss,Beacon loss 0.05,boundary,compact-hex-safety-graph,200,0.05,0,0,10,35,NaN,1,1,1,0,6,5,5,0,12,0.04,2,981,2734,2578,128,28,16,365,1190,716,0,474,79,10,0,10,139,141,75,16,10.61649038,5.513216,5.042176,0.519306833300215,0.474938121688384,1,1,0,0,16823618514,2014329,97161830
16034041,5,restricted-management,Local-only management,boundary,compact-hex-local-management,200,0,0,0,6,NaN,NaN,1,1,0,0,6,5,5,9,11,0.215,74,978,2655,2496,0,159,121,243,523,351,0,172,64,16,5,12,88,113,21,50,11.627143176,5.001216,4.431872,0.430132830076711,0.381166029601148,1,1,0,0,16823618514,1080674,107225897
16034041,5,churn-rejoin,State-loss and rejoin,boundary,compact-hex-safety-graph,200,0,0,1,6,15,3,1,1,1,1,5,5,5,0,10,0.005,0,992,2773,2765,0,8,4,348,1024,508,0,516,87,1,0,1,151,77,119,6,9.52702521,5.48864,4.931584,0.576112677254058,0.517641539861109,1,1,0,0,16823618514,1081034,81195519
16034041,10,native,Native hex safety graph,source-native,compact-hex-safety-graph,200,0,0,0,14,110,NaN,1,1,1,1,8,10,10,0,12,0.05,6,1978,6693,6642,0,51,42,1213,5167,945,0,4222,222,1,0,1,335,125,752,5,13.045765908,13.070336,7.770112,1.00188337673489,0.595604125874677,1,1,0,0,65022719382,1432637,322786459
16034041,10,beacon-loss,Beacon loss 0.05,boundary,compact-hex-safety-graph,200,0.05,0,0,18,NaN,NaN,0,1,1,0,12,8,10,0,17,0.13,4,1971,6644,6188,349,107,78,1381,6385,1026,0,5359,281,8,8,7,324,321,720,15,17.47780294,13.729792,8.372224,0.785555944710749,0.479020391106435,1,1,0,0,65022719382,2365950,252026039
16034041,10,restricted-management,Local-only management,boundary,compact-hex-local-management,200,0,0,0,17,NaN,NaN,1,1,0,0,10,10,10,14,17,0.205,55,1969,6601,6392,0,209,140,574,1639,982,0,657,154,10,5,7,265,171,123,52,17.969221272,10.416128,7.458816,0.579664963903061,0.415088438563694,1,1,0,0,65022719382,1423023,285740999
16034041,10,churn-rejoin,State-loss and rejoin,boundary,compact-hex-safety-graph,200,0,0,1,14,63,2,1,1,1,1,8,10,10,0,12,0.05,6,1977,6689,6638,0,51,42,1198,5126,1026,0,4100,219,1,0,1,329,135,733,5,12.827872874,13.0048,7.790592,1.01379239783071,0.607317524621736,1,1,0,0,65022719382,1432655,310037956
16034042,5,native,Native hex safety graph,source-native,compact-hex-safety-graph,200,0,0,0,7,13,NaN,1,1,1,1,5,5,5,0,9,0.02,1,993,2776,2760,0,16,8,318,1018,660,0,358,60,0,0,0,144,97,77,5,9.485301012,5.369856,4.972544,0.56612394200316,0.524236815859524,1,1,0,0,16807325110,1081016,78658895
16034042,5,beacon-loss,Beacon loss 0.05,boundary,compact-hex-safety-graph,200,0.05,0,0,15,89,NaN,0,1,1,0,6,4,5,0,16,0.11,3,981,2689,2492,134,63,47,384,1128,572,0,556,95,12,6,10,117,194,55,26,12.721244368,5.59104,4.890624,0.43950417414071,0.384445409468138,1,1,0,0,16807325110,2014329,132830811
16034042,5,restricted-management,Local-only management,boundary,compact-hex-local-management,200,0,0,0,7,NaN,NaN,1,0,0,0,7,5,5,7,9,0.305,97,973,2619,2390,0,229,154,308,695,447,0,248,76,20,1,19,116,132,39,51,11.432430252,5.246976,4.509696,0.458955435051274,0.394465209985521,1,1,0,0,16807325110,1080674,105528400
16034042,5,churn-rejoin,State-loss and rejoin,boundary,compact-hex-safety-graph,200,0,0,1,7,13,3,1,1,1,1,5,5,5,0,9,0.02,1,991,2768,2752,0,16,8,311,1006,672,0,334,56,1,0,1,138,99,73,6,9.508481122,5.332992,4.960256,0.56086686523055,0.52166649292949,1,1,0,0,16807325110,1081034,78967714
16034042,10,native,Native hex safety graph,source-native,compact-hex-safety-graph,200,0,0,0,15,69,NaN,1,1,1,1,8,10,10,0,15,0.05,2,1977,6695,6655,0,40,30,1001,4459,891,0,3568,196,3,8,2,267,145,578,8,12.786148676,12.197888,7.634944,0.953992348211609,0.597126170942391,1,1,0,0,64904637902,1432637,322876011
16034042,10,beacon-loss,Beacon loss 0.05,boundary,compact-hex-safety-graph,200,0.05,0,0,19,NaN,NaN,1,1,1,0,17,10,10,0,20,0.105,6,1971,6665,6273,319,73,53,1130,5378,1242,0,4136,223,9,8,8,255,289,569,11,16.6896792,12.701696,8.667136,0.761050937396088,0.519311120132255,1,1,0,0,64904637902,2365950,283724795
16034042,10,restricted-management,Local-only management,boundary,compact-hex-local-management,200,0,0,0,15,NaN,NaN,1,1,0,0,17,10,10,13,15,0.53,363,1965,6401,5503,0,898,469,664,1960,1169,0,791,176,15,4,13,293,198,154,43,16.43469799,10.768384,7.200768,0.655222505856343,0.43814422415194,1,1,0,0,64904637902,1423023,268147627
16034042,10,churn-rejoin,State-loss and rejoin,boundary,compact-hex-safety-graph,200,0,0,1,15,79,2,1,1,1,1,8,10,10,0,15,0.05,2,1976,6691,6651,0,40,30,1069,4767,1089,0,3678,198,3,8,2,296,139,623,8,12.832508896,12.47232,7.729152,0.971931529608191,0.602310277954239,1,1,0,0,64904637902,1432655,326488113
16034043,5,native,Native hex safety graph,source-native,compact-hex-safety-graph,200,0,0,0,6,25,NaN,1,1,1,1,5,5,5,0,10,0.01,1,994,2779,2775,0,4,4,315,968,560,0,408,69,0,0,0,143,78,94,5,9.61974565,5.361664,4.919296,0.557360266588753,0.511374851163554,1,1,0,0,16822703803,1081016,81860004
16034043,5,beacon-loss,Beacon loss 0.05,boundary,compact-hex-safety-graph,200,0.05,0,0,8,92,NaN,1,1,1,1,5,5,5,0,10,0.04,3,983,2739,2590,129,20,16,370,1208,732,0,476,80,11,0,11,135,160,64,18,10.551586072,5.541888,5.070848,0.525218480158743,0.480576850285679,1,1,0,0,16822703803,2014329,97724504
16034043,5,restricted-management,Local-only management,boundary,compact-hex-local-management,200,0,0,0,6,NaN,NaN,1,0,0,0,5,5,5,7,10,0.27,76,977,2613,2453,0,160,132,229,505,379,0,126,52,17,2,15,71,129,10,46,10.862199546,4.939776,4.407296,0.4547675614944,0.40574618256051,1,1,0,0,16822703803,1080674,108565861
16034043,5,churn-rejoin,State-loss and rejoin,boundary,compact-hex-safety-graph,200,0,0,1,6,25,3,1,1,1,1,5,5,5,0,10,0.01,1,992,2771,2767,0,4,4,298,984,688,0,296,50,1,0,1,135,95,67,6,9.64292576,5.28384,4.964352,0.547949878647619,0.514818025520089,1,1,0,0,16822703803,1081034,82134886
16034043,10,native,Native hex safety graph,source-native,compact-hex-safety-graph,200,0,0,0,15,83,NaN,1,1,1,1,9,10,10,0,15,0.045,3,1977,6685,6627,0,58,40,1002,4432,1089,0,3343,177,3,8,2,278,135,578,7,13.773621362,12.201984,8.409088,0.885895123679239,0.610521211451318,1,1,0,0,65055916622,1432637,224484039
16034043,10,beacon-loss,Beacon loss 0.05,boundary,compact-hex-safety-graph,200,0.05,0,0,23,NaN,NaN,0,0,1,0,11,7,10,0,18,0.165,7,1972,6628,6157,321,150,99,1059,5337,1296,0,4041,219,8,6,5,237,367,441,14,18.094393866,12.414976,8.21248,0.686122789850848,0.453868754091373,1,1,0,0,65055916622,2365950,260013882
16034043,10,restricted-management,Local-only management,boundary,compact-hex-local-management,200,0,0,0,12,NaN,NaN,1,1,0,0,11,10,10,14,13,0.255,86,1962,6574,6290,0,284,203,505,1414,929,0,485,116,18,3,16,202,208,74,59,16.119448494,10.104832,6.803456,0.626872067227438,0.42206506026136,1,1,0,0,65055916622,1423023,261813205
16034043,10,churn-rejoin,State-loss and rejoin,boundary,compact-hex-safety-graph,200,0,0,1,15,NaN,2,1,1,1,0,10,10,10,0,15,0.045,3,1976,6681,6623,0,58,40,1024,4450,999,0,3451,187,3,8,2,269,140,604,6,14.320671958,12.288,8.404992,0.858060294659254,0.58691324154693,1,1,0,0,65055916622,1432655,257467788
16034044,5,native,Native hex safety graph,source-native,compact-hex-safety-graph,200,0,0,0,8,16,NaN,1,1,1,1,5,5,5,0,10,0.02,2,994,2775,2765,0,10,8,337,1040,612,0,428,72,0,0,0,148,92,97,5,9.536297254,5.451776,4.97664,0.571686877494643,0.521862927239663,1,1,0,0,16779988199,1081016,81574568
16034044,5,beacon-loss,Beacon loss 0.05,boundary,compact-hex-safety-graph,200,0.05,0,0,8,21,NaN,0,1,1,0,5,4,4,0,10,0.07,3,982,2726,2553,133,40,28,400,1260,688,0,572,96,12,3,11,133,172,80,24,10.890015678,5.660672,5.062656,0.51980384302253,0.464889688839252,1,1,0,0,16779988199,2014329,101951792
16034044,5,restricted-management,Local-only management,boundary,compact-hex-local-management,200,0,0,0,8,36,NaN,1,0,0,0,6,5,5,6,10,0.29,98,976,2630,2436,0,194,154,286,639,424,0,215,74,18,1,17,103,134,30,50,10.982736118,5.169152,4.48512,0.470661586007524,0.40837910988767,1,1,0,0,16779988199,1080674,102865082
16034044,5,churn-rejoin,State-loss and rejoin,boundary,compact-hex-safety-graph,200,0,0,1,8,16,3,1,1,1,1,5,5,5,0,10,0.02,2,992,2767,2757,0,10,8,298,900,496,0,404,68,1,0,1,130,78,89,6,9.587293496,5.28384,4.83328,0.551129471753891,0.504133935402784,1,1,0,0,16779988199,1081034,81224909
16034044,10,native,Native hex safety graph,source-native,compact-hex-safety-graph,200,0,0,0,15,167,NaN,1,1,1,1,9,10,10,0,16,0.045,3,1977,6695,6630,0,65,35,1179,5065,1080,0,3985,212,3,8,2,323,124,721,7,14.909446752,12.926976,8.572928,0.86703257438214,0.574999739601337,1,1,0,0,65017167083,1432637,288148647
16034044,10,beacon-loss,Beacon loss 0.05,boundary,compact-hex-safety-graph,200,0.05,0,0,30,NaN,NaN,1,1,1,0,18,10,10,0,22,0.075,3,1971,6671,6252,335,84,48,818,4302,1161,0,3141,176,9,16,7,149,339,305,13,23.486087452,11.423744,8.4992,0.4864047288995,0.361882327883278,1,1,0,0,65017167083,2365950,258088870
16034044,10,restricted-management,Local-only management,boundary,compact-hex-local-management,200,0,0,0,14,NaN,NaN,0,1,0,0,17,7,10,18,15,0.25,97,1958,6588,6309,0,279,198,554,1590,1019,0,571,133,22,0,22,233,199,100,60,18.61362833,10.289152,7.294976,0.552775193400458,0.391915851690373,1,1,0,0,65017167083,1423023,278955371
16034044,10,churn-rejoin,State-loss and rejoin,boundary,compact-hex-safety-graph,200,0,0,1,15,137,2,1,1,1,1,9,10,10,0,16,0.045,3,1976,6691,6626,0,65,35,1179,5167,1080,0,4087,212,3,8,2,331,125,712,7,14.571017146,12.92288,8.568832,0.886889355115992,0.588073702346325,1,1,0,0,65017167083,1432655,266661175
16034045,5,native,Native hex safety graph,source-native,compact-hex-safety-graph,200,0,0,0,4,12,NaN,1,1,1,1,5,5,5,0,10,0,0,994,2783,2783,0,0,0,261,868,612,0,256,43,0,0,0,127,82,52,5,9.476028968,5.14048,4.87424,0.542471959230929,0.514375801979925,1,1,0,0,16745478364,1081016,80990788
16034045,5,beacon-loss,Beacon loss 0.05,boundary,compact-hex-safety-graph,200,0.05,0,0,4,30,NaN,0,1,1,0,7,4,5,0,10,0.02,0,985,2753,2609,130,14,8,397,1262,712,0,550,92,9,0,9,136,160,92,14,11.001280206,5.660672,5.124096,0.514546661297902,0.465772701363007,1,1,0,0,16745478364,2014329,105507810
16034045,5,restricted-management,Local-only management,boundary,compact-hex-local-management,200,0,0,0,4,NaN,NaN,1,1,0,0,5,5,5,6,10,0.345,90,977,2619,2334,0,285,193,314,688,433,0,255,84,17,1,16,87,186,23,45,10.774115128,5.287936,4.419584,0.490800027396923,0.410203895864663,1,1,0,0,16745478364,1080674,98079139
16034045,5,churn-rejoin,State-loss and rejoin,boundary,compact-hex-safety-graph,200,0,0,1,4,12,3,1,1,1,1,5,5,5,0,10,0,0,992,2775,2775,0,0,0,297,956,616,0,340,57,1,0,1,137,83,76,6,9.499209078,5.279744,4.927488,0.555808800148193,0.518726133885396,1,1,0,0,16745478364,1081034,81360280
16034045,10,native,Native hex safety graph,source-native,compact-hex-safety-graph,200,0,0,0,17,31,NaN,1,1,1,1,9,10,10,0,15,0.065,2,1975,6679,6606,0,73,45,901,4003,1314,0,2689,147,4,16,2,236,164,481,7,13.481551976,11.780096,8.404992,0.873793760612358,0.623443948809651,1,1,0,0,64995431254,1432637,263843213
16034045,10,beacon-loss,Beacon loss 0.05,boundary,compact-hex-safety-graph,200,0.05,0,0,22,NaN,NaN,0,1,1,0,13,9,10,0,16,0.1,1,1970,6642,6226,310,106,64,960,4534,1098,0,3436,187,9,16,7,201,326,408,18,17.236729796,12.00128,8.21248,0.696262002249699,0.476452325771551,1,1,0,0,64995431254,2365950,256656510
16034045,10,restricted-management,Local-only management,boundary,compact-hex-local-management,200,0,0,0,18,NaN,NaN,1,1,0,0,9,10,10,11,15,0.22,50,1968,6616,6384,0,232,162,767,2088,1091,0,997,194,11,8,6,334,232,182,49,16.87512008,11.20256,7.868416,0.663850683544292,0.466273185772791,1,1,0,0,64995431254,1423023,265184175
16034045,10,churn-rejoin,State-loss and rejoin,boundary,compact-hex-safety-graph,200,0,0,1,17,31,2,1,1,1,1,8,10,10,0,15,0.065,2,1974,6675,6602,0,73,45,1006,4482,1197,0,3285,173,4,16,2,275,164,547,8,12.86496105,12.20608,7.880704,0.948784839111503,0.612571151157896,1,1,0,0,64995431254,1432655,320374296
16034046,5,native,Native hex safety graph,source-native,compact-hex-safety-graph,200,0,0,0,4,12,NaN,1,1,1,1,5,5,5,0,8,0,0,994,2783,2783,0,0,0,267,876,596,0,280,47,0,0,0,124,80,63,5,9.448212836,5.165056,4.87424,0.546670157590002,0.515890156647187,1,1,0,0,16850359709,1081016,78091402
16034046,5,beacon-loss,Beacon loss 0.05,boundary,compact-hex-safety-graph,200,0.05,0,0,5,12,NaN,1,1,1,1,5,5,5,0,16,0.045,0,981,2728,2573,129,26,18,385,1216,672,0,544,91,13,0,13,142,154,76,24,11.089364624,5.595136,5.042176,0.504549736590932,0.454685743589632,1,1,0,0,16850359709,2014329,105536147
16034046,5,restricted-management,Local-only management,boundary,compact-hex-local-management,200,0,0,0,4,170,NaN,0,0,0,0,7,1,5,9,9,0.175,58,975,2641,2507,0,134,95,216,532,393,0,139,49,19,2,17,81,94,20,47,12.044385156,4.878336,4.448256,0.405029890427393,0.36932196557863,1,1,0,0,16850359709,1080674,99612195
16034046,5,churn-rejoin,State-loss and rejoin,boundary,compact-hex-safety-graph,200,0,0,1,4,12,3,1,1,1,1,5,5,5,0,8,0,0,992,2775,2775,0,0,0,286,900,556,0,344,58,1,0,1,135,75,75,6,9.471392946,5.234688,4.870144,0.552684069792578,0.514195116575412,1,1,0,0,16850359709,1081034,78420104
16034046,10,native,Native hex safety graph,source-native,compact-hex-safety-graph,200,0,0,0,8,27,NaN,1,1,1,1,7,10,10,0,10,0.02,3,1980,6720,6698,0,22,14,1106,4964,1179,0,3785,206,0,0,0,311,128,667,3,11.386070032,12.640256,7.069696,1.1101509093546,0.620907475549593,1,1,0,0,65081684755,1432637,266479211
16034046,10,beacon-loss,Beacon loss 0.05,boundary,compact-hex-safety-graph,200,0.05,0,0,15,NaN,NaN,0,1,1,0,23,9,10,0,23,0.08,3,1971,6672,6249,358,65,45,1079,5281,1260,0,4021,215,8,7,6,249,290,525,5,19.475928422,12.4928,8.564736,0.641448239555457,0.439760088167365,1,1,0,0,65081684755,2365950,285516650
16034046,10,restricted-management,Local-only management,boundary,compact-hex-local-management,200,0,0,0,8,NaN,NaN,1,1,0,0,21,10,10,18,20,0.26,94,1962,6554,6299,0,255,172,680,2002,1139,0,863,175,18,6,14,309,182,165,52,18.423551428,10.821632,6.934528,0.587380345330887,0.37639474816245,1,1,0,0,65081684755,1423023,280903147
16034046,10,churn-rejoin,State-loss and rejoin,boundary,compact-hex-safety-graph,200,0,0,1,8,27,3,1,1,1,1,7,10,10,0,10,0.02,3,1978,6712,6690,0,22,14,1077,4977,1062,0,3915,204,1,0,1,325,125,626,4,11.409250142,12.51328,7.000064,1.09676620674095,0.613542863279963,1,1,0,0,65081684755,1432655,267620298
16034047,5,native,Native hex safety graph,source-native,compact-hex-safety-graph,200,0,0,0,5,12,NaN,1,1,1,1,5,5,5,0,10,0.01,2,994,2779,2775,0,4,4,325,1000,572,0,428,72,0,0,0,150,81,94,5,9.476028968,5.402624,4.943872,0.570135867908841,0.521724027722495,1,1,0,0,16780587057,1081016,79910666
16034047,5,beacon-loss,Beacon loss 0.05,boundary,compact-hex-safety-graph,200,0.05,0,0,6,14,NaN,0,1,1,0,7,3,5,0,10,0.07,2,982,2721,2552,129,40,28,417,1232,552,0,680,114,12,3,11,142,160,100,16,10.815839326,5.730304,4.99712,0.529806686960024,0.462018697706383,1,1,0,0,16780587057,2014329,102395647
16034047,5,restricted-management,Local-only management,boundary,compact-hex-local-management,200,0,0,0,5,NaN,NaN,1,1,0,0,7,5,5,11,10,0.24,66,975,2666,2496,0,170,120,234,555,421,0,134,44,19,1,18,78,119,17,45,13.078218062,4.952064,4.493312,0.37864975002892,0.343572188405066,1,1,0,0,16780587057,1080674,95816156
16034047,5,churn-rejoin,State-loss and rejoin,boundary,compact-hex-safety-graph,200,0,0,1,5,12,3,1,1,1,1,5,5,5,0,10,0.01,2,992,2771,2767,0,4,4,311,936,496,0,440,74,1,0,1,137,72,101,6,9.499209078,5.337088,4.866048,0.561845513260741,0.512258226979095,1,1,0,0,16780587057,1081034,79424921
16034047,10,native,Native hex safety graph,source-native,compact-hex-safety-graph,200,0,0,0,10,NaN,NaN,1,1,1,0,11,10,10,0,13,0.035,5,1979,6721,6701,0,20,15,848,3820,1251,0,2569,143,1,0,1,235,106,506,2,14.863086532,11.579392,9.216,0.779070482774203,0.620059634326833,1,1,0,0,65016545058,1432637,301556823
16034047,10,beacon-loss,Beacon loss 0.05,boundary,compact-hex-safety-graph,200,0.05,0,0,31,NaN,NaN,0,1,1,0,11,9,10,0,19,0.115,6,1975,6687,6293,322,72,50,794,4284,1170,0,3114,169,5,8,4,156,323,302,11,20.35213658,11.341824,8.35584,0.557279279028895,0.410563282491494,1,1,0,0,65016545058,2365950,279511994
16034047,10,restricted-management,Local-only management,boundary,compact-hex-local-management,200,0,0,0,10,NaN,NaN,1,0,0,0,9,10,10,12,13,0.32,111,1964,6600,6310,0,290,189,543,1580,999,0,581,129,16,0,16,250,172,105,55,15.410137128,10.268672,7.59808,0.666358249424138,0.493057260742631,1,1,0,0,65016545058,1423023,255524159
16034047,10,churn-rejoin,State-loss and rejoin,boundary,compact-hex-safety-graph,200,0,0,1,10,NaN,2,1,1,1,0,11,10,10,0,13,0.035,5,1978,6717,6697,0,20,15,924,4270,1485,0,2785,153,1,0,1,265,120,538,2,14.863086532,11.886592,9.35936,0.799739137251764,0.629705006416362,1,1,0,0,65016545058,1432655,303494271
16034048,5,native,Native hex safety graph,source-native,compact-hex-safety-graph,200,0,0,0,4,18,NaN,1,1,1,1,5,5,5,0,6,0,0,994,2783,2783,0,0,0,298,944,580,0,364,61,0,0,0,137,78,83,5,9.471392946,5.292032,4.9152,0.558738511871683,0.518952178208994,1,1,0,0,16827004991,1081016,79189222
16034048,5,beacon-loss,Beacon loss 0.05,boundary,compact-hex-safety-graph,200,0.05,0,0,16,39,NaN,0,1,1,0,5,4,4,0,12,0.08,4,984,2742,2552,130,60,32,348,1076,596,0,480,81,10,3,9,107,174,54,20,11.26553346,5.455872,4.907008,0.48429770497526,0.435577064985256,1,1,0,0,16827004991,2014329,108330038
16034048,5,restricted-management,Local-only management,boundary,compact-hex-local-management,200,0,0,0,4,NaN,NaN,1,0,0,0,6,5,5,6,9,0.24,84,974,2597,2417,0,180,136,218,516,377,0,139,48,20,3,18,73,109,13,46,10.672122644,4.882432,4.366336,0.45749399279486,0.409134728455806,1,1,0,0,16827004991,1080674,106811995
16034048,5,churn-rejoin,State-loss and rejoin,boundary,compact-hex-safety-graph,200,0,0,1,4,18,3,1,1,1,1,5,5,5,0,6,0,0,992,2775,2775,0,0,0,317,972,536,0,436,73,1,0,1,147,73,96,6,9.494573056,5.361664,4.911104,0.564708277915851,0.517253800780065,1,1,0,0,16827004991,1081034,79522352
16034048,10,native,Native hex safety graph,source-native,compact-hex-safety-graph,200,0,0,0,10,73,NaN,1,1,1,1,9,10,10,0,11,0.02,2,1979,6725,6705,0,20,12,1182,5062,999,0,4063,215,1,0,1,331,93,757,4,13.625268658,12.947456,8.589312,0.950253262888726,0.630395790027732,1,1,0,0,64992518593,1432637,244311210
16034048,10,beacon-loss,Beacon loss 0.05,boundary,compact-hex-safety-graph,200,0.05,0,0,18,NaN,NaN,0,1,1,0,19,8,10,0,24,0.135,5,1971,6667,6253,320,94,66,839,4473,1377,0,3096,171,9,16,7,160,359,295,12,22.118460962,11.50976,8.364032,0.520368936146779,0.378147105911645,1,1,0,0,64992518593,2365950,277392693
16034048,10,restricted-management,Local-only management,boundary,compact-hex-local-management,200,0,0,0,10,NaN,NaN,0,0,0,0,15,7,10,12,14,0.27,81,1967,6634,6411,0,223,165,667,1963,1090,0,873,196,13,2,11,299,179,174,44,16.170444736,10.788864,7.55712,0.667196491880086,0.467341506271358,1,1,0,0,64992518593,1423023,260388893
16034048,10,churn-rejoin,State-loss and rejoin,boundary,compact-hex-safety-graph,200,0,0,1,10,82,2,1,1,1,1,9,10,10,0,11,0.02,2,1978,6721,6701,0,20,12,1138,4990,1053,0,3937,208,1,0,1,325,104,708,4,13.666992856,12.763136,8.58112,0.933865710948755,0.62787184352941,1,1,0,0,64992518593,1432655,235014665
16034049,5,native,Native hex safety graph,source-native,compact-hex-safety-graph,200,0,0,0,12,22,NaN,1,1,1,1,5,5,5,0,12,0.04,1,993,2761,2739,0,22,18,319,992,604,0,388,65,1,0,1,141,103,74,8,9.809822552,5.373952,4.9152,0.547813374963074,0.501048818563788,1,1,0,0,16764028014,1081016,86802259
16034049,5,beacon-loss,Beacon loss 0.05,boundary,compact-hex-safety-graph,200,0.05,0,0,12,22,NaN,1,1,1,0,18,5,5,0,18,0.21,4,979,2645,2371,137,137,100,423,1050,480,0,570,97,15,3,14,85,286,34,28,14.506112838,5.742592,4.722688,0.395873937017558,0.325565370457378,1,1,0,0,16764028014,2014329,155079575
16034049,5,restricted-management,Local-only management,boundary,compact-hex-local-management,200,0,0,0,12,NaN,NaN,1,1,0,0,5,5,5,10,12,0.23,73,979,2624,2449,0,175,129,195,425,337,0,88,33,15,0,15,66,106,8,40,11.617871132,4.808704,4.337664,0.413905778895672,0.373361345698907,1,1,0,0,16764028014,1080674,111044501
16034049,5,churn-rejoin,State-loss and rejoin,boundary,compact-hex-safety-graph,200,0,0,1,12,22,3,1,1,1,1,5,5,5,0,12,0.04,1,991,2753,2731,0,22,18,329,1024,624,0,400,67,2,0,2,140,106,81,9,9.833002662,5.40672,4.93568,0.54985442248424,0.501950438707203,1,1,0,0,16764028014,1081034,85963727
16034049,10,native,Native hex safety graph,source-native,compact-hex-safety-graph,200,0,0,0,12,NaN,NaN,1,1,1,0,11,10,10,0,12,0.04,2,1976,6699,6655,0,44,25,985,4331,1224,0,3107,169,2,8,1,267,124,584,2,14.849178466,12.128256,8.491008,0.816762760833532,0.571816684636242,1,1,0,0,65067299016,1432637,303408022
16034049,10,beacon-loss,Beacon loss 0.05,boundary,compact-hex-safety-graph,200,0.05,0,0,19,NaN,NaN,0,1,1,0,21,9,10,0,24,0.115,5,1967,6638,6232,321,85,58,1169,5567,1251,0,4316,235,10,0,10,247,316,596,19,22.50788681,12.845056,8.78592,0.570691336260545,0.390348506466476,1,1,0,0,65067299016,2365950,257381324
16034049,10,restricted-management,Local-only management,boundary,compact-hex-local-management,200,0,0,0,15,NaN,NaN,0,1,0,0,8,8,9,10,13,0.25,90,1964,6570,6282,0,288,180,573,1666,1094,0,572,143,14,5,11,264,183,107,53,15.155155918,10.391552,7.585792,0.685677670109471,0.50054199646935,1,1,0,0,65067299016,1423023,259042490
16034049,10,churn-rejoin,State-loss and rejoin,boundary,compact-hex-safety-graph,200,0,0,1,12,130,2,1,1,1,1,9,10,10,0,12,0.04,2,1975,6695,6651,0,44,25,1115,4819,1044,0,3775,199,2,8,1,311,114,680,4,13.982242352,12.65664,8.527872,0.905193865287967,0.609907322825097,1,1,0,0,65067299016,1432655,251479231
16034050,5,native,Native hex safety graph,source-native,compact-hex-safety-graph,200,0,0,0,4,19,NaN,1,1,1,1,5,5,5,0,8,0,0,994,2783,2783,0,0,0,307,952,560,0,392,66,0,0,0,143,75,89,5,9.499209078,5.328896,4.9152,0.560983125673234,0.517432552504136,1,1,0,0,16874314888,1081016,80828779
16034050,5,beacon-loss,Beacon loss 0.05,boundary,compact-hex-safety-graph,200,0.05,0,0,8,77,NaN,1,1,1,1,5,5,5,0,10,0.03,1,985,2748,2597,131,20,12,384,1204,672,0,532,89,9,3,8,142,140,90,19,10.950283964,5.607424,5.062656,0.512080236314865,0.462331024167402,1,1,0,0,16874314888,2014329,104765008
16034050,5,restricted-management,Local-only management,boundary,compact-hex-local-management,200,0,0,0,4,NaN,NaN,1,1,0,0,10,5,5,11,11,0.26,89,977,2681,2471,0,210,138,208,492,365,0,127,40,17,3,15,69,106,13,43,14.343852068,4.85376,4.386816,0.338386088826749,0.305832490407973,1,1,0,0,16874314888,1080674,96810339
16034050,5,churn-rejoin,State-loss and rejoin,boundary,compact-hex-safety-graph,200,0,0,1,4,19,3,1,1,1,1,5,5,5,0,8,0,0,992,2775,2775,0,0,0,322,996,580,0,416,70,1,0,1,150,78,93,6,9.522389188,5.382144,4.943872,0.56520941265271,0.519183988639134,1,1,0,0,16874314888,1081034,81164293
16034050,10,native,Native hex safety graph,source-native,compact-hex-safety-graph,200,0,0,0,10,41,NaN,1,1,1,1,8,10,10,0,10,0.025,1,1976,6714,6686,0,28,18,1045,4763,1260,0,3503,184,0,0,0,311,110,624,2,12.2854583,12.374016,7.80288,1.00720833507693,0.635131373161716,1,1,0,0,65082003176,1432637,315866175
16034050,10,beacon-loss,Beacon loss 0.05,boundary,compact-hex-safety-graph,200,0.05,0,0,14,45,NaN,0,1,1,0,11,8,10,0,13,0.055,2,1969,6667,6289,324,54,33,1284,5894,1035,0,4859,261,7,8,6,320,222,727,9,14.598833278,13.324288,7.938048,0.91269540149344,0.543745369841465,1,1,0,0,65082003176,2365950,258405694
16034050,10,restricted-management,Local-only management,boundary,compact-hex-local-management,200,0,0,0,13,NaN,NaN,0,1,0,0,14,9,10,14,12,0.27,104,1958,6574,6306,0,268,188,478,1495,952,0,543,123,18,3,16,198,174,85,60,16.188988824,9.977856,6.582272,0.616335961960017,0.406589446169847,1,1,0,0,65082003176,1423023,262781333
16034050,10,churn-rejoin,State-loss and rejoin,boundary,compact-hex-safety-graph,200,0,0,1,10,41,3,1,1,1,1,8,10,10,0,10,0.025,1,1974,6706,6678,0,28,18,1058,4614,945,0,3669,196,1,0,1,301,99,657,3,12.410630894,12.419072,7.70048,1.00068015124067,0.620474500109648,1,1,0,0,65082003176,1432655,330512214
16034051,5,native,Native hex safety graph,source-native,compact-hex-safety-graph,200,0,0,0,4,12,NaN,1,1,1,1,5,5,5,0,10,0,0,994,2783,2783,0,0,0,290,912,548,0,364,61,0,0,0,136,74,80,5,9.48066499,5.259264,4.882432,0.554735770702515,0.514988347879593,1,1,0,0,16686398752,1081016,80817999
16034051,5,beacon-loss,Beacon loss 0.05,boundary,compact-hex-safety-graph,200,0.05,0,0,6,11,NaN,0,0,1,0,6,3,5,0,10,0.04,0,981,2729,2575,140,14,14,361,1138,624,0,514,86,13,3,12,130,131,84,20,10.40786939,5.496832,4.980736,0.528141908206632,0.478554813993491,1,1,0,0,16686398752,2014329,94080165
16034051,5,restricted-management,Local-only management,boundary,compact-hex-local-management,200,0,0,0,4,113,NaN,0,1,0,0,5,4,5,10,10,0.205,67,971,2636,2471,0,165,113,206,488,374,0,114,38,23,4,20,66,105,8,52,11.223809262,4.820992,4.4032,0.42953260229771,0.392308876355173,1,1,0,0,16686398752,1080674,110016901
16034051,5,churn-rejoin,State-loss and rejoin,boundary,compact-hex-safety-graph,200,0,0,1,4,12,3,1,1,1,1,5,5,5,0,10,0,0,992,2775,2775,0,0,0,282,920,616,0,304,51,1,0,1,127,83,71,6,9.5038451,5.218304,4.902912,0.549072922074456,0.515887196015011,1,1,0,0,16686398752,1081034,81116299
16034051,10,native,Native hex safety graph,source-native,compact-hex-safety-graph,200,0,0,0,8,11,NaN,1,1,1,1,7,10,10,0,10,0.02,0,1979,6718,6686,0,32,17,1048,4560,1170,0,3390,189,0,0,0,286,115,647,3,11.251625394,12.398592,6.991872,1.10193785927246,0.621409952354836,1,1,0,0,65010312474,1432637,252901464
16034051,10,beacon-loss,Beacon loss 0.05,boundary,compact-hex-safety-graph,200,0.05,0,0,9,58,NaN,1,1,1,0,20,10,10,0,18,0.13,5,1971,6651,6262,298,91,63,1297,6345,1107,0,5238,270,7,0,7,335,272,683,5,14.853814488,13.385728,8.040448,0.901164344742152,0.5413052658289,1,1,0,0,65010312474,2365950,278123106
16034051,10,restricted-management,Local-only management,boundary,compact-hex-local-management,200,0,0,0,8,NaN,NaN,0,1,0,0,14,7,10,11,11,0.2,79,1959,6571,6304,0,267,159,649,1871,1085,0,786,175,20,4,17,301,177,147,55,14.028602572,10.682368,7.036928,0.761470570227798,0.501612898639324,1,1,0,0,65010312474,1423023,264387578
16034051,10,churn-rejoin,State-loss and rejoin,boundary,compact-hex-safety-graph,200,0,0,1,8,11,3,1,1,1,1,7,10,10,0,10,0.02,0,1977,6710,6678,0,32,17,1056,4632,1062,0,3570,196,1,0,1,291,117,647,4,11.284077548,12.423168,6.9632,1.10094670540455,0.617081898841981,1,1,0,0,65010312474,1432655,254599537
16034052,5,native,Native hex safety graph,source-native,compact-hex-safety-graph,200,0,0,0,4,12,NaN,1,1,1,1,5,5,5,0,9,0,0,994,2783,2783,0,0,0,295,968,672,0,296,50,0,0,0,139,89,67,5,9.452848858,5.279744,4.964352,0.558534689310273,0.525169932850311,1,1,0,0,16750196295,1081016,78284465
16034052,5,beacon-loss,Beacon loss 0.05,boundary,compact-hex-safety-graph,200,0.05,0,0,6,14,NaN,1,1,1,0,6,5,5,0,9,0.055,0,981,2722,2534,160,28,22,366,1164,632,0,532,89,13,0,13,119,160,74,19,10.31514895,5.517312,4.984832,0.534874680602649,0.483253516179231,1,1,0,0,16750196295,2014329,91779242
16034052,5,restricted-management,Local-only management,boundary,compact-hex-local-management,200,0,0,0,4,NaN,NaN,1,0,0,0,9,5,5,8,10,0.265,103,971,2609,2395,0,214,152,249,589,404,0,185,57,23,1,22,87,116,22,51,12.118561508,4.99712,4.390912,0.412352571441848,0.362329472611198,1,1,0,0,16750196295,1080674,100798475
16034052,5,churn-rejoin,State-loss and rejoin,boundary,compact-hex-safety-graph,200,0,0,1,4,12,3,1,1,1,1,5,5,5,0,9,0,0,992,2775,2775,0,0,0,294,968,664,0,304,51,1,0,1,136,89,68,6,9.476028968,5.267456,4.952064,0.555871664996793,0.52258852486868,1,1,0,0,16750196295,1081034,78602992
16034052,10,native,Native hex safety graph,source-native,compact-hex-safety-graph,200,0,0,0,17,130,NaN,1,1,1,1,7,10,10,0,15,0.06,2,1976,6690,6626,0,64,40,1271,5183,648,0,4535,245,4,16,2,331,126,794,9,13.439827778,13.299712,6.914048,0.989574585306118,0.51444468740275,1,1,0,0,64987704760,1432637,280119821
16034052,10,beacon-loss,Beacon loss 0.05,boundary,compact-hex-safety-graph,200,0.05,0,0,22,131,NaN,0,1,1,0,15,7,9,0,19,0.135,12,1970,6663,6220,335,108,76,1052,4984,1152,0,3832,210,10,16,8,216,312,498,17,17.857956744,12.378112,8.605696,0.693142680175819,0.481897012259893,1,1,0,0,64987704760,2365950,276519511
16034052,10,restricted-management,Local-only management,boundary,compact-hex-local-management,200,0,0,0,19,NaN,NaN,0,0,0,0,12,7,10,10,15,0.37,175,1967,6597,6175,0,422,258,629,1708,1024,0,684,144,13,4,11,301,176,135,46,16.963204498,10.633216,7.348224,0.626840052612328,0.433186076420076,1,1,0,0,64987704760,1423023,275017671
16034052,10,churn-rejoin,State-loss and rejoin,boundary,compact-hex-safety-graph,200,0,0,1,17,109,2,1,1,1,1,7,10,10,0,15,0.06,2,1975,6686,6622,0,64,40,1273,5333,612,0,4721,251,4,16,2,339,137,777,9,13.231206788,13.303808,6.918144,1.00548711944143,0.522865684955842,1,1,0,0,64987704760,1432655,287860841
16034053,5,native,Native hex safety graph,source-native,compact-hex-safety-graph,200,0,0,0,10,22,NaN,1,1,1,1,5,5,5,0,12,0.025,0,992,2766,2748,0,18,10,276,926,684,0,242,41,1,0,1,124,105,46,8,9.777370398,5.193728,4.911104,0.531198859057482,0.502292927452619,1,1,0,0,16799687930,1081016,82235040
16034053,5,beacon-loss,Beacon loss 0.05,boundary,compact-hex-safety-graph,200,0.05,0,0,20,44,NaN,1,1,1,0,6,5,5,0,13,0.085,0,980,2706,2501,147,58,38,370,1032,556,0,476,81,13,3,12,107,182,65,22,11.872852342,5.5296,4.866048,0.465734756966457,0.409846586130482,1,1,0,0,16799687930,2014329,120380477
16034053,5,restricted-management,Local-only management,boundary,compact-hex-local-management,200,0,0,0,10,NaN,NaN,1,0,0,0,4,5,5,4,12,0.25,80,977,2639,2453,0,186,140,294,677,428,0,249,76,16,3,14,117,108,50,47,11.237717328,5.206016,4.554752,0.463262764852489,0.405309358391792,1,1,0,0,16799687930,1080674,125271550
16034053,5,churn-rejoin,State-loss and rejoin,boundary,compact-hex-safety-graph,200,0,0,1,10,22,3,1,1,1,1,5,5,5,0,12,0.025,0,990,2758,2740,0,18,10,279,906,616,0,290,49,2,0,2,121,97,59,9,9.800550508,5.197824,4.866048,0.530360411464347,0.496507619243219,1,1,0,0,16799687930,1081034,82537854
16034053,10,native,Native hex safety graph,source-native,compact-hex-safety-graph,200,0,0,0,12,151,NaN,1,1,1,1,9,10,10,0,13,0.045,1,1973,6684,6617,0,67,35,1077,4805,1152,0,3653,193,2,8,1,307,136,624,4,14.153775166,12.4928,8.523776,0.882647905133468,0.602226324781228,1,1,0,0,65130678027,1432637,274295208
16034053,10,beacon-loss,Beacon loss 0.05,boundary,compact-hex-safety-graph,200,0.05,0,0,24,NaN,NaN,0,1,1,0,13,9,10,0,19,0.11,3,1969,6653,6190,335,128,69,949,4891,1359,0,3532,193,6,16,4,209,335,383,9,18.414279384,11.952128,8.474624,0.64906846207542,0.460220235789597,1,1,0,0,65130678027,2365950,284508555
16034053,10,restricted-management,Local-only management,boundary,compact-hex-local-management,200,0,0,0,12,NaN,NaN,1,1,0,0,17,10,10,15,15,0.21,65,1954,6559,6308,0,251,151,638,1894,1114,0,780,163,21,2,19,292,181,142,59,15.980367834,10.616832,7.806976,0.664367185429331,0.488535438051044,1,1,0,0,65130678027,1423023,286880476
16034053,10,churn-rejoin,State-loss and rejoin,boundary,compact-hex-safety-graph,200,0,0,1,12,NaN,2,1,1,1,0,10,10,10,0,13,0.045,1,1972,6680,6613,0,67,35,1016,4572,1107,0,3465,183,2,8,1,284,138,584,3,14.32530798,12.238848,8.45824,0.854351474822533,0.590440359942614,1,1,0,0,65130678027,1432655,287455433
16034054,5,native,Native hex safety graph,source-native,compact-hex-safety-graph,200,0,0,0,8,21,NaN,1,1,1,1,5,5,5,0,10,0.015,2,994,2777,2767,0,10,6,289,942,644,0,298,50,0,0,0,133,95,61,5,9.559477364,5.255168,4.923392,0.549733819109235,0.515027319227826,1,1,0,0,16837149921,1081016,80513014
16034054,5,beacon-loss,Beacon loss 0.05,boundary,compact-hex-safety-graph,200,0.05,0,0,9,64,NaN,0,1,1,0,7,4,5,0,10,0.06,6,979,2719,2541,146,32,24,399,1246,676,0,570,95,12,0,12,146,143,98,17,10.695302754,5.644288,5.042176,0.527735224502089,0.471438360930386,1,1,0,0,16837149921,2014329,98698531
16034054,5,restricted-management,Local-only management,boundary,compact-hex-local-management,200,0,0,0,10,NaN,NaN,1,1,0,0,6,5,5,11,11,0.31,99,976,2604,2391,0,213,171,346,699,453,0,246,86,18,7,13,112,179,30,51,11.585418978,5.414912,4.52608,0.467390261006752,0.390670377013965,1,1,0,0,16837149921,1080674,120834880
16034054,5,churn-rejoin,State-loss and rejoin,boundary,compact-hex-safety-graph,200,0,0,1,8,21,3,1,1,1,1,5,5,5,0,10,0.015,2,992,2769,2759,0,10,6,313,950,520,0,430,72,1,0,1,141,80,91,6,9.582657474,5.34528,4.878336,0.557807686907625,0.509079659085809,1,1,0,0,16837149921,1081034,80871991
16034054,10,native,Native hex safety graph,source-native,compact-hex-safety-graph,200,0,0,0,10,45,NaN,1,1,1,1,10,10,10,0,11,0.025,3,1979,6723,6713,0,10,10,979,4293,1116,0,3177,173,1,0,1,270,94,614,3,14.130595056,12.115968,9.293824,0.857428010072048,0.657709315366287,1,1,0,0,65026459150,1432637,259222720
16034054,10,beacon-loss,Beacon loss 0.05,boundary,compact-hex-safety-graph,200,0.05,0,0,12,NaN,NaN,0,1,1,0,19,7,10,0,20,0.1,6,1973,6681,6266,359,56,41,1058,5396,1242,0,4154,220,7,8,6,236,320,487,9,19.33221174,12.414976,8.650752,0.642191186759679,0.447478649434656,1,1,0,0,65026459150,2365950,264563283
16034054,10,restricted-management,Local-only management,boundary,compact-hex-local-management,200,0,0,0,10,NaN,NaN,0,1,0,0,17,6,8,15,17,0.28,89,1966,6552,6344,0,208,168,638,1884,1181,0,703,168,14,1,13,307,179,137,45,15.029983324,10.665984,7.716864,0.709647094748832,0.513431308182335,1,1,0,0,65026459150,1423023,262300813
16034054,10,churn-rejoin,State-loss and rejoin,boundary,compact-hex-safety-graph,200,0,0,1,10,45,2,1,1,1,1,9,10,10,0,11,0.025,3,1978,6719,6709,0,10,10,1038,4612,999,0,3613,188,1,0,1,304,89,644,4,13.671628878,12.353536,8.72448,0.903589185329552,0.638144882212184,1,1,0,0,65026459150,1432655,225063002
16034055,5,native,Native hex safety graph,source-native,compact-hex-safety-graph,200,0,0,0,6,12,NaN,1,1,1,1,5,5,5,0,10,0.01,0,994,2779,2775,0,4,4,268,812,424,0,388,65,0,0,0,117,62,89,5,9.462120902,5.169152,4.763648,0.546299508697611,0.503444000487577,1,1,0,0,16857938159,1081016,78052427
16034055,5,beacon-loss,Beacon loss 0.05,boundary,compact-hex-safety-graph,200,0.05,0,0,6,12,NaN,0,1,1,0,5,3,5,0,10,0.065,0,984,2724,2560,134,30,26,429,1300,640,0,660,111,10,0,10,154,162,103,19,10.579402204,5.787648,5.087232,0.547067583630739,0.480861952490714,1,1,0,0,16857938159,2014329,97522271
16034055,5,restricted-management,Local-only management,boundary,compact-hex-local-management,200,0,0,0,6,NaN,NaN,0,0,0,0,5,3,4,8,10,0.27,83,971,2635,2468,0,167,141,251,552,382,0,170,59,23,3,21,79,132,14,53,11.163540976,5.005312,4.419584,0.448362397805562,0.395894457636826,1,1,0,0,16857938159,1080674,119190713
16034055,5,churn-rejoin,State-loss and rejoin,boundary,compact-hex-safety-graph,200,0,0,1,6,12,3,1,1,1,1,5,5,5,0,10,0.01,0,992,2771,2767,0,4,4,292,932,580,0,352,59,1,0,1,131,82,78,6,9.485301012,5.259264,4.890624,0.554464638849776,0.515600295005166,1,1,0,0,16857938159,1081034,78393647
16034055,10,native,Native hex safety graph,source-native,compact-hex-safety-graph,200,0,0,0,15,180,NaN,1,1,1,1,9,10,10,0,15,0.05,1,1976,6689,6633,0,56,37,1175,5221,1026,0,4195,214,4,7,2,346,131,687,7,15.094887632,12.906496,8.568832,0.855024317812027,0.567664510587991,1,1,0,0,65205829269,1432637,288455247
16034055,10,beacon-loss,Beacon loss 0.05,boundary,compact-hex-safety-graph,200,0.05,0,0,22,NaN,NaN,1,1,1,0,12,10,10,0,21,0.095,3,1971,6655,6254,309,92,62,840,4416,1503,0,2913,159,9,6,6,177,329,319,16,21.16344043,11.513856,8.716288,0.54404462441176,0.411855909195384,1,1,0,0,65205829269,2365950,281147681
16034055,10,restricted-management,Local-only management,boundary,compact-hex-local-management,200,0,0,0,17,NaN,NaN,1,1,0,0,15,10,10,16,19,0.23,44,1962,6567,6365,0,202,149,544,1563,1048,0,515,125,18,2,15,216,223,85,61,18.877881584,10.264576,7.503872,0.543735585707867,0.39749544813121,1,1,0,0,65205829269,1423023,275718655
16034055,10,churn-rejoin,State-loss and rejoin,boundary,compact-hex-safety-graph,200,0,0,1,15,NaN,2,1,1,1,0,10,10,10,0,15,0.05,1,1975,6685,6629,0,56,37,1092,4680,873,0,3807,199,4,7,2,305,119,657,6,15.498221546,12.562432,8.433664,0.810572488121535,0.544169792318957,1,1,0,0,65205829269,1432655,311106898
16034056,5,native,Native hex safety graph,source-native,compact-hex-safety-graph,200,0,0,0,11,23,NaN,1,1,1,1,5,5,5,0,9,0.03,4,992,2766,2748,0,18,14,338,1044,624,0,420,71,2,3,1,146,100,87,8,9.791278464,5.44768,4.960256,0.556380866914337,0.506599420927265,1,1,0,0,16810639313,1081016,83452537
16034056,5,beacon-loss,Beacon loss 0.05,boundary,compact-hex-safety-graph,200,0.05,0,0,13,93,NaN,1,1,1,1,5,5,5,0,10,0.075,2,986,2718,2528,150,40,34,358,1118,608,0,510,86,8,0,8,113,185,52,21,11.54369478,5.505024,4.93568,0.476885789594655,0.427565012248184,1,1,0,0,16810639313,2014329,113657849
16034056,5,restricted-management,Local-only management,boundary,compact-hex-local-management,200,0,0,0,11,NaN,NaN,0,1,0,0,8,3,4,8,10,0.24,72,971,2602,2441,0,161,127,279,653,401,0,252,73,23,6,19,93,127,30,53,12.475535202,5.12,4.48512,0.410403234578601,0.359513233490854,1,1,0,0,16810639313,1080674,111513115
16034056,5,churn-rejoin,State-loss and rejoin,boundary,compact-hex-safety-graph,200,0,0,1,11,23,3,1,1,1,1,5,5,5,0,9,0.03,4,990,2758,2740,0,18,14,344,1048,584,0,464,78,3,3,2,145,96,97,9,9.814458574,5.464064,4.939776,0.556736162142977,0.503316200558044,1,1,0,0,16810639313,1081034,83769061
16034056,10,native,Native hex safety graph,source-native,compact-hex-safety-graph,200,0,0,0,10,27,NaN,1,1,1,1,10,10,10,0,11,0.03,1,1979,6713,6691,0,22,20,1000,4350,1071,0,3279,177,1,0,1,275,99,625,1,14.00078644,12.201984,9.269248,0.871521328626165,0.662051952561602,1,1,0,0,64960656578,1432637,240787445
16034056,10,beacon-loss,Beacon loss 0.05,boundary,compact-hex-safety-graph,200,0.05,0,0,40,NaN,NaN,0,1,1,0,31,9,10,0,36,0.1,6,1967,6637,6228,351,58,49,750,4328,1053,0,3275,177,13,8,12,130,383,216,15,27.737319626,11.128832,8.658944,0.40122232970082,0.3121766672755,1,1,0,0,64960656578,2365950,274181359
16034056,10,restricted-management,Local-only management,boundary,compact-hex-local-management,200,0,0,0,14,NaN,NaN,0,1,0,0,11,7,8,13,13,0.245,73,1971,6585,6321,0,264,169,581,1652,999,0,653,148,9,4,6,260,199,109,48,16.995656652,10.452992,7.344128,0.615039019323206,0.432117931679666,1,1,0,0,64960656578,1423023,292291703
16034056,10,churn-rejoin,State-loss and rejoin,boundary,compact-hex-safety-graph,200,0,0,1,10,27,2,1,1,1,1,9,10,10,0,11,0.03,1,1978,6709,6687,0,22,20,1077,4809,1224,0,3585,189,1,0,1,316,108,652,2,13.39810358,12.51328,8.810496,0.933959043179751,0.657592766572715,1,1,0,0,64960656578,1432655,224430678
16034057,5,native,Native hex safety graph,source-native,compact-hex-safety-graph,200,0,0,0,6,12,NaN,1,1,1,1,5,5,5,0,10,0.01,0,994,2779,2775,0,4,4,296,956,616,0,340,57,0,0,0,135,86,75,5,9.466756924,5.28384,4.927488,0.55814679117877,0.520504333169039,1,1,0,0,16764356790,1081016,78279040
16034057,5,beacon-loss,Beacon loss 0.05,boundary,compact-hex-safety-graph,200,0.05,0,0,6,12,NaN,1,1,1,0,6,5,5,0,10,0.055,1,981,2730,2555,145,30,22,305,1028,704,0,324,55,13,0,13,100,151,41,17,10.143616136,5.267456,4.919296,0.519287789421136,0.484964724023938,1,1,0,0,16764356790,2014329,89010660
16034057,5,restricted-management,Local-only management,boundary,compact-hex-local-management,200,0,0,0,6,58,NaN,0,0,0,0,5,3,5,7,10,0.315,115,975,2595,2373,0,222,177,246,557,406,0,151,54,19,0,19,90,118,19,46,11.08009258,5.001216,4.329472,0.451369513737402,0.390743305504041,1,1,0,0,16764356790,1080674,122701997
16034057,5,churn-rejoin,State-loss and rejoin,boundary,compact-hex-safety-graph,200,0,0,1,6,12,3,1,1,1,1,5,5,5,0,10,0.01,0,992,2771,2767,0,4,4,329,1024,588,0,436,73,1,0,1,150,83,95,6,9.545569298,5.410816,4.95616,0.566840576091536,0.519210520114125,1,1,0,0,16764356790,1081034,79412376
16034057,10,native,Native hex safety graph,source-native,compact-hex-safety-graph,200,0,0,0,12,22,NaN,1,1,1,1,7,10,10,0,13,0.045,2,1978,6703,6633,0,70,39,873,3895,1233,0,2662,150,2,8,1,234,164,465,6,11.511242626,11.677696,6.836224,1.01446006998619,0.593873678290759,1,1,0,0,64942523825,1432637,272803520
16034057,10,beacon-loss,Beacon loss 0.05,boundary,compact-hex-safety-graph,200,0.05,0,0,15,NaN,NaN,1,1,1,0,12,10,10,0,18,0.14,9,1970,6652,6218,323,111,76,1041,5007,1197,0,3810,216,9,24,6,211,318,479,16,18.604356286,12.333056,8.609792,0.662912266912496,0.462783654948544,1,1,0,0,64942523825,2365950,275767554
16034057,10,restricted-management,Local-only management,boundary,compact-hex-local-management,200,0,0,0,12,NaN,NaN,1,1,0,0,12,10,10,8,13,0.34,169,1964,6522,6068,0,454,279,682,1898,1179,0,719,169,16,5,13,321,190,150,52,14.033238594,10.838016,7.168,0.772310392031235,0.510787296316954,1,1,0,0,64942523825,1423023,271557436
16034057,10,churn-rejoin,State-loss and rejoin,boundary,compact-hex-safety-graph,200,0,0,1,12,22,3,1,1,1,1,8,10,10,0,13,0.045,2,1976,6695,6625,0,70,39,976,4216,1116,0,3100,175,3,8,2,254,163,548,6,12.160285706,12.091392,7.45472,0.994334532290964,0.613038227902965,1,1,0,0,64942523825,1432655,305251102
16034058,5,native,Native hex safety graph,source-native,compact-hex-safety-graph,200,0,0,0,6,14,NaN,1,1,1,1,5,5,5,0,10,0.01,0,994,2779,2775,0,4,4,330,1012,552,0,460,77,0,0,0,149,78,103,5,9.485301012,5.423104,4.943872,0.571737680558492,0.521214033560499,1,1,0,0,16715896155,1081016,78842197
16034058,5,beacon-loss,Beacon loss 0.05,boundary,compact-hex-safety-graph,200,0.05,0,0,8,41,NaN,1,1,1,0,10,5,5,0,10,0.02,0,982,2738,2598,130,10,8,390,1192,588,0,604,101,12,6,10,137,149,86,18,11.029096338,5.619712,5.025792,0.50953512670278,0.455684839988565,1,1,0,0,16715896155,2014329,105113065
16034058,5,restricted-management,Local-only management,boundary,compact-hex-local-management,200,0,0,0,6,NaN,NaN,0,1,0,0,8,4,4,8,10,0.22,79,977,2622,2441,0,181,127,223,561,414,0,147,47,17,2,16,86,93,25,46,11.455610362,4.9152,4.435968,0.429064872554016,0.38723104748,1,1,0,0,16715896155,1080674,112103672
16034058,5,churn-rejoin,State-loss and rejoin,boundary,compact-hex-safety-graph,200,0,0,1,6,14,3,1,1,1,1,5,5,5,0,10,0.01,0,992,2771,2767,0,4,4,340,1012,492,0,520,87,1,0,1,153,71,115,6,9.508481122,5.455872,4.9152,0.57379006489024,0.516927986387603,1,1,0,0,16715896155,1081034,79156337
16034058,10,native,Native hex safety graph,source-native,compact-hex-safety-graph,200,0,0,0,11,82,NaN,1,1,1,1,8,10,10,0,13,0.03,3,1976,6708,6652,0,56,29,1208,5130,963,0,4167,221,3,7,1,332,109,757,5,13.031857842,13.041664,7.786496,1.00075247582646,0.597497002684078,1,1,0,0,65080878846,1432637,311135273
16034058,10,beacon-loss,Beacon loss 0.05,boundary,compact-hex-safety-graph,200,0.05,0,0,17,NaN,NaN,0,1,1,0,22,9,10,0,21,0.12,3,1969,6646,6205,344,97,67,715,3917,1125,0,2792,148,8,8,7,128,342,229,9,20.092519348,10.993664,8.11008,0.547152092258371,0.403636789370929,1,1,0,0,65080878846,2365950,278323020
16034058,10,restricted-management,Local-only management,boundary,compact-hex-local-management,200,0,0,0,11,NaN,NaN,0,1,0,0,10,9,10,8,13,0.295,87,1963,6584,6263,0,321,184,697,1980,1122,0,858,188,16,6,10,321,195,159,47,14.793546202,10.89536,7.24992,0.736494134079022,0.490073164405966,1,1,0,0,65080878846,1423023,286455935
16034058,10,churn-rejoin,State-loss and rejoin,boundary,compact-hex-safety-graph,200,0,0,1,11,70,2,1,1,1,1,8,10,10,0,13,0.03,3,1975,6704,6648,0,56,29,1177,5025,1008,0,4017,212,3,7,1,331,108,728,5,12.976225578,12.910592,7.766016,0.994942013175906,0.598480348027131,1,1,0,0,65080878846,1432655,308175285
16034059,5,native,Native hex safety graph,source-native,compact-hex-safety-graph,200,0,0,0,6,14,NaN,1,1,1,1,5,5,5,0,10,0.01,1,994,2779,2775,0,4,4,272,838,488,0,350,59,0,0,0,121,69,82,5,9.485301012,5.185536,4.804608,0.546691770080854,0.50653194810809,1,1,0,0,16796779253,1081016,80282161
16034059,5,beacon-loss,Beacon loss 0.05,boundary,compact-hex-safety-graph,200,0.05,0,0,8,15,NaN,1,1,1,1,5,5,5,0,10,0.045,0,981,2728,2566,138,24,18,396,1248,704,0,544,91,13,0,13,135,173,75,20,10.486681764,5.640192,5.074944,0.537843345200229,0.483941833480816,1,1,0,0,16796779253,2014329,96571488
16034059,5,restricted-management,Local-only management,boundary,compact-hex-local-management,200,0,0,0,8,NaN,NaN,1,0,0,0,3,5,5,5,10,0.28,94,976,2655,2467,0,188,146,241,568,404,0,164,57,18,1,17,82,117,23,39,10.282696796,4.984832,4.431872,0.484778662533268,0.431002886492191,1,1,0,0,16796779253,1080674,116450829
16034059,5,churn-rejoin,State-loss and rejoin,boundary,compact-hex-safety-graph,200,0,0,1,6,14,3,1,1,1,1,5,5,5,0,10,0.01,1,992,2771,2767,0,4,4,312,990,628,0,362,61,1,0,1,141,87,83,6,9.52702521,5.341184,4.947968,0.560635023238277,0.519361279196195,1,1,0,0,16796779253,1081034,80029446
16034059,10,native,Native hex safety graph,source-native,compact-hex-safety-graph,200,0,0,0,6,8,NaN,1,1,1,1,8,10,10,0,10,0.01,1,1980,6730,6722,0,8,4,945,4281,1080,0,3201,174,0,0,0,273,106,566,2,12.113925486,11.9808,7.696384,0.989010541120312,0.63533360915045,1,1,0,0,65200024502,1432637,306828325
16034059,10,beacon-loss,Beacon loss 0.05,boundary,compact-hex-safety-graph,200,0.05,0,0,9,NaN,NaN,1,1,1,0,29,10,10,0,28,0.15,8,1969,6656,6240,330,86,63,843,4675,1359,0,3316,179,11,0,11,160,369,303,14,22.22972549,11.517952,8.544256,0.518132893956847,0.384361741391886,1,1,0,0,65200024502,2365950,284648511
16034059,10,restricted-management,Local-only management,boundary,compact-hex-local-management,200,0,0,0,6,NaN,NaN,0,0,0,0,17,9,10,16,15,0.31,115,1963,6588,6306,0,282,215,638,1921,1191,0,730,172,17,4,15,306,166,145,63,16.78239964,10.653696,7.172096,0.634813627879976,0.427358193932271,1,1,0,0,65200024502,1423023,275590258
16034059,10,churn-rejoin,State-loss and rejoin,boundary,compact-hex-safety-graph,200,0,0,1,6,8,3,1,1,1,1,8,10,10,0,10,0.01,1,1978,6722,6714,0,8,4,1057,4481,918,0,3563,197,1,0,1,291,90,675,3,12.141741618,12.43136,7.708672,1.02385311688487,0.634890137060072,1,1,0,0,65200024502,1432655,309550592
16034060,5,native,Native hex safety graph,source-native,compact-hex-safety-graph,200,0,0,0,6,13,NaN,1,1,1,1,5,5,5,0,8,0.01,0,994,2779,2775,0,4,4,257,856,600,0,256,43,0,0,0,120,84,53,5,9.471392946,5.124096,4.85376,0.541007645782876,0.512465275981381,1,1,0,0,16764788780,1081016,78334045
16034060,5,beacon-loss,Beacon loss 0.05,boundary,compact-hex-safety-graph,200,0.05,0,0,6,68,NaN,0,1,1,0,7,4,5,0,11,0.065,0,983,2733,2534,159,40,26,443,1324,580,0,744,125,11,3,10,157,176,96,19,11.17281302,5.840896,5.07904,0.522777566360813,0.454589188139837,1,1,0,0,16764788780,2014329,105671911
16034060,5,restricted-management,Local-only management,boundary,compact-hex-local-management,200,0,0,0,6,NaN,NaN,0,0,0,0,5,4,5,9,9,0.175,51,977,2641,2511,0,130,98,227,524,366,0,158,51,17,2,16,80,107,21,44,11.98411687,4.931584,4.481024,0.411510005576239,0.373913576495353,1,1,0,0,16764788780,1080674,100994961
16034060,5,churn-rejoin,State-loss and rejoin,boundary,compact-hex-safety-graph,200,0,0,1,6,13,3,1,1,1,1,5,5,5,0,8,0.01,0,992,2771,2767,0,4,4,297,972,664,0,308,52,1,0,1,140,92,64,6,9.494573056,5.279744,4.947968,0.55608019116389,0.521136439818448,1,1,0,0,16764788780,1081034,78701153
16034060,10,native,Native hex safety graph,source-native,compact-hex-safety-graph,200,0,0,0,10,196,NaN,1,1,1,1,8,10,10,0,13,0.03,3,1979,6717,6677,0,40,28,1139,4787,918,0,3869,205,1,0,1,318,104,716,5,14.204771408,12.771328,7.716864,0.899087189309312,0.543258583918776,1,1,0,0,64869528003,1432637,267517642
16034060,10,beacon-loss,Beacon loss 0.05,boundary,compact-hex-safety-graph,200,0.05,0,0,21,NaN,NaN,0,0,1,0,19,6,10,0,25,0.13,7,1971,6679,6231,332,116,76,543,3297,1152,0,2145,115,8,8,7,84,348,95,12,24.533828424,10.297344,8.118272,0.419720225561157,0.330901148393879,1,1,0,0,64869528003,2365950,286120297
16034060,10,restricted-management,Local-only management,boundary,compact-hex-local-management,200,0,0,0,10,NaN,NaN,1,1,0,0,10,10,10,12,13,0.275,72,1965,6565,6296,0,269,183,641,1910,1178,0,732,169,15,2,14,293,200,131,55,15.243240336,10.674176,7.307264,0.700256360505632,0.479377339655429,1,1,0,0,64869528003,1423023,267520094
16034060,10,churn-rejoin,State-loss and rejoin,boundary,compact-hex-safety-graph,200,0,0,1,10,133,2,1,1,1,1,8,10,10,0,13,0.03,3,1978,6713,6673,0,40,28,1227,5107,864,0,4243,225,1,0,1,343,104,779,5,13.625268658,13.12768,7.770112,0.963480451616061,0.570272204903484,1,1,0,0,64869528003,1432655,269463509
16034061,5,native,Native hex safety graph,source-native,compact-hex-safety-graph,200,0,0,0,6,14,NaN,1,1,1,1,5,5,5,0,10,0.01,0,994,2779,2775,0,4,4,346,1060,576,0,484,81,0,0,0,155,81,110,5,9.508481122,5.48864,4.984832,0.577236251466157,0.524251132861428,1,1,0,0,16767838693,1081016,78770487
16034061,5,beacon-loss,Beacon loss 0.05,boundary,compact-hex-safety-graph,200,0.05,0,0,8,47,NaN,1,1,1,0,9,5,5,0,10,0.04,0,984,2741,2556,163,22,16,382,1210,644,0,566,95,10,0,10,131,172,69,15,10.87147159,5.595136,5.046272,0.514662247302989,0.4641756139658,1,1,0,0,16767838693,2014329,102419409
16034061,5,restricted-management,Local-only management,boundary,compact-hex-local-management,200,0,0,0,6,126,NaN,1,1,0,0,6,5,5,9,10,0.23,69,970,2629,2454,0,175,129,227,515,354,0,161,56,24,5,20,65,127,6,54,10.509861874,4.902912,4.36224,0.466505845536291,0.415061591893191,1,1,0,0,16767838693,1080674,122843607
16034061,5,churn-rejoin,State-loss and rejoin,boundary,compact-hex-safety-graph,200,0,0,1,6,14,3,1,1,1,1,5,5,5,0,10,0.01,0,992,2771,2767,0,4,4,291,912,564,0,348,59,1,0,1,134,79,77,6,9.531661232,5.255168,4.87424,0.551338100682511,0.511373608583155,1,1,0,0,16767838693,1081034,78979457
16034061,10,native,Native hex safety graph,source-native,compact-hex-safety-graph,200,0,0,0,6,24,NaN,1,1,1,1,9,10,10,0,9,0.01,0,1980,6730,6726,0,4,4,1010,4410,1152,0,3258,177,0,0,0,287,85,638,1,13.087490106,12.24704,8.544256,0.935782178309751,0.652856730419445,1,1,0,0,65034773412,1432637,262069459
16034061,10,beacon-loss,Beacon loss 0.05,boundary,compact-hex-safety-graph,200,0.05,0,0,14,NaN,NaN,0,1,1,0,14,9,10,0,18,0.07,0,1974,6678,6291,340,47,30,1257,5865,1080,0,4785,264,6,0,6,272,282,697,12,17.144009356,13.234176,8.433664,0.771941715918881,0.491930669476007,1,1,0,0,65034773412,2365950,281444675
16034061,10,restricted-management,Local-only management,boundary,compact-hex-local-management,200,0,0,0,6,NaN,NaN,1,1,0,0,11,10,10,17,17,0.2,58,1963,6597,6425,0,172,133,656,2010,1211,0,799,176,17,3,15,306,184,146,56,16.6896792,10.727424,6.893568,0.642757950674091,0.41304376898988,1,1,0,0,65034773412,1423023,271861850
16034061,10,churn-rejoin,State-loss and rejoin,boundary,compact-hex-safety-graph,200,0,0,1,6,24,2,1,1,1,1,8,10,10,0,9,0.01,0,1979,6726,6722,0,4,4,1127,4951,1179,0,3772,201,0,0,0,335,89,703,2,12.456991114,12.722176,8.077312,1.02128803686004,0.648415971889245,1,1,0,0,65034773412,1432655,318427675
16034062,5,native,Native hex safety graph,source-native,compact-hex-safety-graph,200,0,0,0,7,16,NaN,1,1,1,1,5,5,5,0,7,0.02,0,993,2768,2754,0,14,9,316,960,532,0,428,72,0,0,0,137,81,98,5,9.531661232,5.361664,4.886528,0.56251096944147,0.51266278574765,1,1,0,0,16747398538,1081016,80892984
16034062,5,beacon-loss,Beacon loss 0.05,boundary,compact-hex-safety-graph,200,0.05,0,0,9,59,NaN,1,1,1,0,7,5,5,0,14,0.065,0,983,2720,2540,142,38,27,367,1124,576,0,548,92,10,3,9,121,169,64,20,11.65959533,5.5296,4.93568,0.474253166040197,0.423314863021065,1,1,0,0,16747398538,2014329,115277343
16034062,5,restricted-management,Local-only management,boundary,compact-hex-local-management,200,0,0,0,7,NaN,NaN,0,1,0,0,11,3,5,7,8,0.265,75,971,2577,2399,0,178,147,288,620,388,0,232,70,22,3,20,96,143,24,46,10.899287722,5.156864,4.431872,0.47313770693391,0.406620332726363,1,1,0,0,16747398538,1080674,112734187
16034062,5,churn-rejoin,State-loss and rejoin,boundary,compact-hex-safety-graph,200,0,0,1,7,16,3,1,1,1,1,5,5,5,0,7,0.02,0,991,2760,2746,0,14,9,338,992,480,0,512,86,1,0,1,147,75,115,6,9.591929518,5.443584,4.882432,0.567517097554219,0.509014582606944,1,1,0,0,16747398538,1081034,80831928
16034062,10,native,Native hex safety graph,source-native,compact-hex-safety-graph,200,0,0,0,15,NaN,NaN,1,1,1,0,11,10,10,0,16,0.055,5,1975,6664,6582,0,82,55,1026,4372,1287,0,3085,169,5,15,2,269,172,565,5,15.233968292,12.292096,8.450048,0.806887329971344,0.554684625701727,1,1,0,0,64925063689,1432637,312514963
16034062,10,beacon-loss,Beacon loss 0.05,boundary,compact-hex-safety-graph,200,0.05,0,0,19,50,NaN,0,1,1,0,17,9,10,0,20,0.115,6,1972,6659,6238,321,100,70,1183,5521,1134,0,4387,239,8,16,6,266,330,563,11,17.116193224,12.92288,8.56064,0.755009004097931,0.50014859542462,1,1,0,0,64925063689,2365950,271637092
16034062,10,restricted-management,Local-only management,boundary,compact-hex-local-management,200,0,0,0,15,NaN,NaN,0,1,0,0,13,9,9,18,20,0.225,61,1969,6608,6398,0,210,145,632,1710,986,0,724,162,11,4,9,284,188,145,52,18.877881584,10.653696,7.4752,0.564348068007248,0.395976633645993,1,1,0,0,64925063689,1423023,274571482
16034062,10,churn-rejoin,State-loss and rejoin,boundary,compact-hex-safety-graph,200,0,0,1,15,NaN,2,1,1,1,0,10,10,10,0,16,0.055,5,1974,6660,6578,0,82,55,1033,4301,972,0,3329,178,5,15,2,274,156,583,6,14.6034693,12.316672,8.339456,0.843407258027378,0.571059919302874,1,1,0,0,64925063689,1432655,272385831
16034063,5,native,Native hex safety graph,source-native,compact-hex-safety-graph,200,0,0,0,6,11,NaN,1,1,1,1,5,5,5,0,10,0.01,1,994,2779,2775,0,4,4,286,958,704,0,254,43,0,0,0,133,96,57,5,9.45748488,5.24288,4.960256,0.554363032722078,0.524479400489404,1,1,0,0,16832737542,1081016,78068723
16034063,5,beacon-loss,Beacon loss 0.05,boundary,compact-hex-safety-graph,200,0.05,0,0,17,35,NaN,0,1,1,0,7,2,5,0,13,0.1,4,982,2718,2510,150,58,40,383,1226,724,0,502,84,12,0,12,133,162,76,23,11.330437768,5.59104,5.025792,0.493453131686624,0.443565562329295,1,1,0,0,16832737542,2014329,107344059
16034063,5,restricted-management,Local-only management,boundary,compact-hex-local-management,200,0,0,0,6,NaN,NaN,0,1,0,0,4,4,4,9,10,0.305,91,979,2589,2407,0,182,164,278,648,442,0,206,75,15,3,13,93,147,20,48,11.905304496,5.148672,4.448256,0.432468737085211,0.373636474522306,1,1,0,0,16832737542,1080674,104241311
16034063,5,churn-rejoin,State-loss and rejoin,boundary,compact-hex-safety-graph,200,0,0,1,6,11,3,1,1,1,1,5,5,5,0,10,0.01,1,992,2771,2767,0,4,4,310,1002,656,0,346,58,1,0,1,139,91,79,6,9.48066499,5.332992,4.964352,0.56251244038526,0.523629091971533,1,1,0,0,16832737542,1081034,78405515
16034063,10,native,Native hex safety graph,source-native,compact-hex-safety-graph,200,0,0,0,13,92,NaN,1,1,1,1,7,10,10,0,11,0.045,1,1979,6719,6691,0,28,21,1212,5232,882,0,4350,230,1,0,1,350,104,757,6,12.280822278,13.070336,7.000064,1.06428834357569,0.569999617414869,1,1,0,0,64955894297,1432637,283362062
16034063,10,beacon-loss,Beacon loss 0.05,boundary,compact-hex-safety-graph,200,0.05,0,0,18,NaN,NaN,0,1,1,0,17,8,10,0,24,0.065,4,1973,6685,6306,333,46,32,986,4980,1305,0,3675,201,6,0,6,202,313,465,11,20.310412382,12.120064,8.78592,0.596741403967816,0.43258205863838,1,1,0,0,64955894297,2365950,293682870
16034063,10,restricted-management,Local-only management,boundary,compact-hex-local-management,200,0,0,0,12,NaN,NaN,0,0,0,0,8,9,9,9,11,0.26,99,1969,6621,6441,0,180,159,665,2012,1135,0,877,186,11,2,10,347,110,195,43,14.779638136,10.788864,7.131136,0.729981607176204,0.482497334128235,1,1,0,0,64955894297,1423023,280180569
16034063,10,churn-rejoin,State-loss and rejoin,boundary,compact-hex-safety-graph,200,0,0,1,13,109,2,1,1,1,1,7,10,10,0,11,0.045,1,1978,6715,6687,0,28,21,1164,5118,792,0,4326,220,1,0,1,354,94,715,6,12.438447026,12.869632,6.914048,1.03466549908511,0.555861031971886,1,1,0,0,64955894297,1432655,295048333
16034064,5,native,Native hex safety graph,source-native,compact-hex-safety-graph,200,0,0,0,5,12,NaN,1,1,1,1,5,5,5,0,10,0.01,2,994,2779,2775,0,4,4,321,996,600,0,396,67,0,0,0,148,84,89,5,9.471392946,5.38624,4.952064,0.568685095287356,0.522844319545561,1,1,0,0,16892030754,1081016,79905967
16034064,5,beacon-loss,Beacon loss 0.05,boundary,compact-hex-safety-graph,200,0.05,0,0,9,62,NaN,1,1,1,1,5,5,5,0,10,0.085,7,984,2731,2549,142,40,34,368,1162,632,0,530,89,10,0,10,121,165,72,17,10.495953808,5.537792,4.972544,0.527612078073276,0.473758182530294,1,1,0,0,16892030754,2014329,95850981
16034064,5,restricted-management,Local-only management,boundary,compact-hex-local-management,200,0,0,0,5,NaN,NaN,0,1,0,0,5,3,3,11,11,0.23,58,975,2663,2498,0,165,121,230,514,347,0,167,61,19,2,17,68,130,11,46,11.928484606,4.93568,4.407296,0.413772592498243,0.369476605417518,1,1,0,0,16892030754,1080674,113247448
16034064,5,churn-rejoin,State-loss and rejoin,boundary,compact-hex-safety-graph,200,0,0,1,5,12,3,1,1,1,1,5,5,5,0,10,0.01,2,992,2771,2767,0,4,4,300,976,676,0,300,51,1,0,1,137,94,68,6,9.522389188,5.292032,4.95616,0.555746241360199,0.520474421088112,1,1,0,0,16892030754,1081034,79585432
16034064,10,native,Native hex safety graph,source-native,compact-hex-safety-graph,200,0,0,0,6,19,NaN,1,1,1,1,9,10,10,0,9,0,0,1980,6734,6734,0,0,0,1032,4564,1215,0,3349,180,0,0,0,298,84,650,1,13.064309996,12.337152,8.597504,0.944340114692422,0.658090936500463,1,1,0,0,65006915296,1432637,272986469
16034064,10,beacon-loss,Beacon loss 0.05,boundary,compact-hex-safety-graph,200,0.05,0,0,22,NaN,NaN,0,1,1,0,16,9,10,0,21,0.085,5,1973,6696,6267,367,62,40,837,4571,1413,0,3158,177,5,0,5,187,310,335,9,21.214436672,11.50976,8.757248,0.54254374876667,0.412796631623893,1,1,0,0,65006915296,2365950,296160115
16034064,10,restricted-management,Local-only management,boundary,compact-hex-local-management,200,0,0,0,6,NaN,NaN,1,1,0,0,16,10,10,14,14,0.29,91,1960,6540,6293,0,247,203,574,1644,1079,0,565,143,20,5,16,236,232,81,61,16.026728054,10.379264,7.08608,0.647622145021018,0.442141401296906,1,1,0,0,65006915296,1423023,244010345
16034064,10,churn-rejoin,State-loss and rejoin,boundary,compact-hex-safety-graph,200,0,0,1,6,19,3,1,1,1,1,9,10,10,0,10,0,0,1978,6726,6726,0,0,0,1095,4879,1242,0,3637,192,1,0,1,322,86,686,2,13.115306238,12.587008,8.650752,0.959718955210567,0.659592070746736,1,1,0,0,65006915296,1432655,268100831
16034065,5,native,Native hex safety graph,source-native,compact-hex-safety-graph,200,0,0,0,4,10,NaN,1,1,1,1,5,5,5,0,8,0,0,994,2783,2783,0,0,0,273,884,580,0,304,51,0,0,0,127,78,68,5,9.43430477,5.189632,4.87424,0.550081020967483,0.516650682676642,1,1,0,0,16707741323,1081016,77610993
16034065,5,beacon-loss,Beacon loss 0.05,boundary,compact-hex-safety-graph,200,0.05,0,0,6,14,NaN,1,1,1,1,5,5,5,0,9,0.075,0,984,2730,2568,119,43,31,336,1094,652,0,442,74,10,0,10,113,164,49,17,10.231700554,5.40672,4.93568,0.528428287308143,0.482390974398722,1,1,0,0,16707741323,2014329,93006365
16034065,5,restricted-management,Local-only management,boundary,compact-hex-local-management,200,0,0,0,4,NaN,NaN,1,0,0,0,3,5,5,7,8,0.925,743,993,2399,919,0,1480,744,43,93,64,0,29,9,1,0,1,25,11,6,16,8.15939872,4.243456,2.658304,0.520069694547296,0.325796555754049,1,1,0,0,16707741323,1080674,228249806
16034065,5,churn-rejoin,State-loss and rejoin,boundary,compact-hex-safety-graph,200,0,0,1,4,10,3,1,1,1,1,5,5,5,0,8,0,0,992,2775,2775,0,0,0,309,972,584,0,388,65,1,0,1,137,79,92,6,9.45748488,5.328896,4.927488,0.563458051227675,0.521014631534891,1,1,0,0,16707741323,1081034,77971629
16034065,10,native,Native hex safety graph,source-native,compact-hex-safety-graph,200,0,0,0,11,74,NaN,1,1,1,1,9,10,10,0,13,0.02,1,1979,6726,6712,0,14,9,1066,4684,1089,0,3595,193,1,0,1,298,100,667,4,13.4444638,12.47232,8.552448,0.927691887570853,0.636131580048585,1,1,0,0,65194010766,1432637,230204139
16034065,10,beacon-loss,Beacon loss 0.05,boundary,compact-hex-safety-graph,200,0.05,0,0,23,NaN,NaN,0,1,1,0,16,7,10,0,18,0.13,8,1970,6637,6202,323,112,73,1102,5360,1323,0,4037,223,7,8,6,232,315,540,12,18.321558944,12.582912,8.613888,0.686781732845975,0.470150385473661,1,1,0,0,65194010766,2365950,277697200
16034065,10,restricted-management,Local-only management,boundary,compact-hex-local-management,200,0,0,0,25,NaN,NaN,1,0,0,0,12,10,10,17,16,0.31,111,1966,6590,6289,0,301,199,581,1772,1125,0,647,148,14,4,12,255,205,103,59,17.644699732,10.432512,7.704576,0.591254720026765,0.436651012316586,1,1,0,0,65194010766,1423023,274596254
16034065,10,churn-rejoin,State-loss and rejoin,boundary,compact-hex-safety-graph,200,0,0,1,11,64,2,1,1,1,1,9,10,10,0,13,0.02,1,1978,6722,6708,0,14,9,1009,4595,1305,0,3290,176,1,0,1,290,112,606,4,13.39810358,12.234752,8.577024,0.913170429452673,0.6401670168309,1,1,0,0,65194010766,1432655,227978325
16034066,5,native,Native hex safety graph,source-native,compact-hex-safety-graph,200,0,0,0,8,29,NaN,1,1,1,1,5,5,5,0,10,0.015,1,994,2775,2767,0,8,8,362,1056,532,0,524,88,0,0,0,164,82,116,5,9.615109628,5.554176,4.964352,0.57765082405569,0.516307373713493,1,1,0,0,16761218065,1081016,80382286
16034066,5,beacon-loss,Beacon loss 0.05,boundary,compact-hex-safety-graph,200,0.05,0,0,12,33,NaN,0,1,1,0,6,4,5,0,12,0.055,1,982,2721,2570,117,34,24,362,1140,704,0,436,74,12,0,12,123,165,62,20,10.973464074,5.505024,4.99712,0.501666926950017,0.455382180713558,1,1,0,0,16761218065,2014329,103383345
16034066,5,restricted-management,Local-only management,boundary,compact-hex-local-management,200,0,0,0,8,NaN,NaN,0,1,0,0,6,3,5,6,10,0.28,93,973,2603,2390,0,213,151,303,728,486,0,242,74,21,2,19,113,131,36,47,11.015188272,5.226496,4.534272,0.47448085960414,0.411638175220833,1,1,0,0,16761218065,1080674,100528942
16034066,5,churn-rejoin,State-loss and rejoin,boundary,compact-hex-safety-graph,200,0,0,1,8,29,3,1,1,1,1,5,5,5,0,10,0.015,1,992,2767,2759,0,8,8,349,1068,640,0,428,72,1,0,1,159,96,93,6,9.638289738,5.492736,5.001216,0.569886997518273,0.518890398187778,1,1,0,0,16761218065,1081034,80659212
16034066,10,native,Native hex safety graph,source-native,compact-hex-safety-graph,200,0,0,0,8,9,NaN,1,1,1,1,9,10,10,0,10,0.02,0,1980,6730,6718,0,12,10,964,4418,1386,0,3032,163,0,0,0,280,105,579,1,13.017949776,12.058624,8.577024,0.926307460659541,0.658861352792486,1,1,0,0,65192705186,1432637,271591444
16034066,10,beacon-loss,Beacon loss 0.05,boundary,compact-hex-safety-graph,200,0.05,0,0,14,NaN,NaN,0,1,1,0,10,7,9,0,21,0.075,0,1976,6692,6323,316,53,34,1312,6178,1251,0,4927,265,4,0,4,324,241,743,12,18.0804858,13.467648,9.03168,0.744872021082531,0.49952640099969,1,1,0,0,65192705186,2365950,293746308
16034066,10,restricted-management,Local-only management,boundary,compact-hex-local-management,200,0,0,0,8,NaN,NaN,0,0,0,0,15,7,10,14,12,0.275,95,1955,6516,6274,0,242,200,509,1562,1013,0,549,114,25,4,23,222,166,92,64,15.859831262,10.092544,7.077888,0.636358851066823,0.446277635813097,1,1,0,0,65192705186,1423023,278977267
16034066,10,churn-rejoin,State-loss and rejoin,boundary,compact-hex-safety-graph,200,0,0,1,8,9,2,1,1,1,1,8,10,10,0,10,0.02,0,1979,6726,6714,0,12,10,1079,4717,1143,0,3574,192,0,0,0,308,93,678,2,12.507987356,12.525568,8.00768,1.00140555338758,0.640205316178127,1,1,0,0,65192705186,1432655,339744958
16034067,5,native,Native hex safety graph,source-native,compact-hex-safety-graph,200,0,0,0,6,20,NaN,1,1,1,1,5,5,5,0,10,0.01,2,994,2779,2771,0,8,6,257,838,608,0,230,39,0,0,0,116,89,52,5,9.61974565,5.124096,4.845568,0.532664395341887,0.503710615259355,1,1,0,0,16790120080,1081016,77615643
16034067,5,beacon-loss,Beacon loss 0.05,boundary,compact-hex-safety-graph,200,0.05,0,0,13,55,NaN,1,1,1,0,6,5,5,0,11,0.035,2,981,2730,2563,145,22,16,339,1058,640,0,418,71,13,3,12,109,156,58,20,10.815839326,5.40672,4.93568,0.499889082764283,0.456338139947698,1,1,0,0,16790120080,2014329,100131689
16034067,5,restricted-management,Local-only management,boundary,compact-hex-local-management,200,0,0,0,6,NaN,NaN,1,1,0,0,5,5,5,6,10,0.27,92,977,2690,2458,0,232,144,178,411,306,0,105,37,17,1,16,46,107,7,34,11.024460316,4.73088,4.251648,0.429125768010066,0.385655885016839,1,1,0,0,16790120080,1080674,153988159
16034067,5,churn-rejoin,State-loss and rejoin,boundary,compact-hex-safety-graph,200,0,0,1,6,20,3,1,1,1,1,5,5,5,0,10,0.01,2,992,2771,2763,0,8,6,262,870,672,0,198,34,1,0,1,118,97,46,6,9.693922002,5.136384,4.882432,0.529856130360889,0.503659096802376,1,1,0,0,16790120080,1081034,78893296
16034067,10,native,Native hex safety graph,source-native,compact-hex-safety-graph,200,0,0,0,10,149,NaN,1,1,1,1,8,10,10,0,12,0.035,6,1979,6710,6663,0,47,32,1244,5330,936,0,4394,229,1,0,1,354,106,783,5,13.268294964,13.201408,7.815168,0.994958887771075,0.589010722267208,1,1,0,0,65167524917,1432637,274232765
16034067,10,beacon-loss,Beacon loss 0.05,boundary,compact-hex-safety-graph,200,0.05,0,0,28,NaN,NaN,1,1,1,0,18,10,10,0,19,0.115,6,1972,6660,6225,332,103,69,839,4351,1197,0,3154,178,8,16,6,154,354,307,10,20.162059678,11.513856,8.536064,0.571065465725381,0.423372618488685,1,1,0,0,65167524917,2365950,275094183
16034067,10,restricted-management,Local-only management,boundary,compact-hex-local-management,200,0,0,0,10,NaN,NaN,1,1,0,0,14,10,10,14,14,0.145,43,1966,6594,6431,0,163,104,583,1740,996,0,744,157,14,2,13,275,134,158,48,16.82875986,10.440704,7.057408,0.620408401264096,0.419365898539834,1,1,0,0,65167524917,1423023,283301252
16034067,10,churn-rejoin,State-loss and rejoin,boundary,compact-hex-safety-graph,200,0,0,1,10,82,2,1,1,1,1,8,10,10,0,12,0.035,6,1978,6706,6659,0,47,32,1177,5153,1071,0,4082,212,1,0,1,343,112,721,5,12.990133644,12.92288,7.80288,0.994822713465226,0.60067742286886,1,1,0,0,65167524917,1432655,290287099
16034068,5,native,Native hex safety graph,source-native,compact-hex-safety-graph,200,0,0,0,4,34,NaN,1,1,1,1,5,5,5,0,8,0,0,994,2783,2783,0,0,0,337,1056,640,0,416,70,0,0,0,155,85,97,5,9.624381672,5.451776,5.013504,0.566454675822004,0.520916997149612,1,1,0,0,16748114415,1081016,81858768
16034068,5,beacon-loss,Beacon loss 0.05,boundary,compact-hex-safety-graph,200,0.05,0,0,4,37,NaN,1,1,1,1,5,5,5,0,8,0.02,0,983,2743,2617,112,14,10,338,1108,776,0,332,56,11,0,11,128,134,65,16,10.050895696,5.410816,5.025792,0.538341672588779,0.500034240928412,1,1,0,0,16748114415,2014329,87696531
16034068,5,restricted-management,Local-only management,boundary,compact-hex-local-management,200,0,0,0,4,NaN,NaN,1,1,0,0,10,5,5,8,8,0.35,127,970,2559,2280,0,279,178,290,689,417,0,272,81,24,4,21,98,133,31,53,11.766223836,5.16096,4.378624,0.438625005943666,0.372135024883951,1,1,0,0,16748114415,1080674,110196625
16034068,5,churn-rejoin,State-loss and rejoin,boundary,compact-hex-safety-graph,200,0,0,1,4,34,3,1,1,1,1,5,5,5,0,8,0,0,992,2775,2775,0,0,0,343,1036,568,0,468,79,1,0,1,159,76,107,6,9.647561782,5.46816,4.968448,0.566791913186009,0.514995199022194,1,1,0,0,16748114415,1081034,82175292
16034068,10,native,Native hex safety graph,source-native,compact-hex-safety-graph,200,0,0,0,15,102,NaN,1,1,1,1,9,10,10,0,15,0.055,4,1978,6712,6656,0,56,35,1131,5011,1197,0,3814,200,2,0,2,325,138,666,7,14.53392897,12.734464,8.593408,0.876188677286483,0.591265308763925,1,1,0,0,65031152915,1432637,229796183
16034068,10,beacon-loss,Beacon loss 0.05,boundary,compact-hex-safety-graph,200,0.05,0,0,11,NaN,NaN,1,1,1,0,11,10,10,0,15,0.07,6,1976,6702,6326,328,48,36,1333,6323,1323,0,5000,267,3,0,3,340,258,732,8,16.629410914,13.553664,8.613888,0.81504173960783,0.517991169052665,1,1,0,0,65031152915,2365950,270889918
16034068,10,restricted-management,Local-only management,boundary,compact-hex-local-management,200,0,0,0,12,NaN,NaN,1,1,0,0,9,10,10,10,13,0.255,76,1969,6617,6402,0,215,155,612,1775,1045,0,730,161,11,4,9,285,164,148,51,14.274311738,10.571776,7.08608,0.740615463221012,0.496421833154727,1,1,0,0,65031152915,1423023,256171152
16034068,10,churn-rejoin,State-loss and rejoin,boundary,compact-hex-safety-graph,200,0,0,1,15,123,2,1,1,1,1,9,10,10,0,15,0.055,4,1977,6708,6652,0,56,35,1301,5405,819,0,4586,243,2,0,2,358,119,822,7,14.830634378,13.426688,8.593408,0.905334705029028,0.57943630602529,1,1,0,0,65031152915,1432655,248171411
16034069,5,native,Native hex safety graph,source-native,compact-hex-safety-graph,200,0,0,0,4,16,NaN,1,1,1,1,5,5,5,0,10,0,0,994,2783,2783,0,0,0,326,1024,612,0,412,69,0,0,0,148,82,96,5,9.462120902,5.40672,4.980736,0.571406776133793,0.526386848317191,1,1,0,0,16772166289,1081016,78443014
16034069,5,beacon-loss,Beacon loss 0.05,boundary,compact-hex-safety-graph,200,0.05,0,0,4,15,NaN,1,1,1,1,5,5,5,0,10,0.04,3,985,2745,2601,120,24,16,427,1332,724,0,608,102,9,0,9,161,149,108,16,10.50058983,5.783552,5.16096,0.55078353631874,0.491492390766015,1,1,0,0,16772166289,2014329,95628400
16034069,5,restricted-management,Local-only management,boundary,compact-hex-local-management,200,0,0,0,4,NaN,NaN,1,0,0,0,4,5,5,7,10,0.255,61,976,2608,2420,0,188,140,270,585,377,0,208,66,18,2,17,82,148,20,43,11.233081306,5.103616,4.46464,0.454338027204875,0.397454614489016,1,1,0,0,16772166289,1080674,111628239
16034069,5,churn-rejoin,State-loss and rejoin,boundary,compact-hex-safety-graph,200,0,0,1,4,16,3,1,1,1,1,5,5,5,0,10,0,0,992,2775,2775,0,0,0,332,1036,620,0,416,70,1,0,1,154,83,94,6,9.485301012,5.423104,4.984832,0.571737680558492,0.525532293987678,1,1,0,0,16772166289,1081034,78381248
16034069,10,native,Native hex safety graph,source-native,compact-hex-safety-graph,200,0,0,0,8,61,NaN,1,1,1,1,7,10,10,0,10,0.02,1,1980,6730,6706,0,24,13,1090,4796,927,0,3869,202,0,0,0,324,92,674,3,11.766223836,12.57472,6.94272,1.06871330813258,0.590055067519455,1,1,0,0,65155363575,1432637,276049807
16034069,10,beacon-loss,Beacon loss 0.05,boundary,compact-hex-safety-graph,200,0.05,0,0,25,NaN,NaN,1,1,1,0,19,10,10,0,19,0.175,8,1968,6619,6148,320,151,101,1015,5247,1170,0,4077,220,12,15,9,220,354,414,18,17.672515864,12.218368,8.183808,0.691376830216323,0.463081095129806,1,1,0,0,65155363575,2365950,263113315
16034069,10,restricted-management,Local-only management,boundary,compact-hex-local-management,200,0,0,0,8,NaN,NaN,1,0,0,0,12,10,10,11,10,0.42,214,1957,6486,5990,0,496,318,499,1496,980,0,516,120,23,2,22,206,186,82,65,14.227951518,10.059776,6.8608,0.707043173943433,0.482205747701649,1,1,0,0,65155363575,1423023,284133240
16034069,10,churn-rejoin,State-loss and rejoin,boundary,compact-hex-safety-graph,200,0,0,1,8,62,2,1,1,1,1,8,10,10,0,10,0.02,1,1979,6726,6702,0,24,13,1122,5004,1107,0,3897,205,0,0,0,330,104,688,2,12.415266916,12.701696,7.610368,1.0230707149462,0.612984646362475,1,1,0,0,65155363575,1432655,292292639
16034070,5,native,Native hex safety graph,source-native,compact-hex-safety-graph,200,0,0,0,7,13,NaN,1,1,1,1,5,5,5,0,9,0.01,1,994,2783,2775,0,8,4,322,998,580,0,418,70,0,0,0,144,86,92,5,9.485301012,5.390336,4.943872,0.568283072216749,0.521214033560499,1,1,0,0,16833229032,1081016,78650788
16034070,5,beacon-loss,Beacon loss 0.05,boundary,compact-hex-safety-graph,200,0.05,0,0,12,123,NaN,0,1,1,0,7,4,5,0,10,0.055,1,983,2719,2560,123,36,24,395,1180,600,0,580,98,11,0,11,137,152,95,16,10.77875115,5.644288,4.988928,0.523649532441428,0.462848425626748,1,1,0,0,16833229032,2014329,100857553
16034070,5,restricted-management,Local-only management,boundary,compact-hex-local-management,200,0,0,0,7,75,NaN,0,1,0,0,11,4,5,8,9,0.25,78,973,2628,2438,0,190,141,277,605,414,0,191,66,21,3,19,90,140,23,47,11.441702296,5.12,4.48512,0.447485860717591,0.39199761398861,1,1,0,0,16833229032,1080674,101293548
16034070,5,churn-rejoin,State-loss and rejoin,boundary,compact-hex-safety-graph,200,0,0,1,7,13,3,1,1,1,1,5,5,5,0,9,0.01,1,992,2775,2767,0,8,4,331,1034,616,0,418,70,1,0,1,147,91,92,6,9.508481122,5.419008,4.972544,0.569913104992333,0.522958812895459,1,1,0,0,16833229032,1081034,78963310
16034070,10,native,Native hex safety graph,source-native,compact-hex-safety-graph,200,0,0,0,10,NaN,NaN,1,1,1,0,10,10,10,0,12,0.03,4,1979,6724,6694,0,30,16,1117,4789,1062,0,3727,201,1,0,1,308,95,713,3,14.399484332,12.681216,8.577024,0.880671537092374,0.595647996986897,1,1,0,0,64827878112,1432637,260286293
16034070,10,beacon-loss,Beacon loss 0.05,boundary,compact-hex-safety-graph,200,0.05,0,0,19,65,NaN,1,1,1,0,12,10,10,0,15,0.105,5,1974,6679,6261,327,91,59,1057,5191,1035,0,4156,223,6,0,6,247,283,521,12,15.794926954,12.414976,8.220672,0.78601034598998,0.520462805807288,1,1,0,0,64827878112,2365950,272753079
16034070,10,restricted-management,Local-only management,boundary,compact-hex-local-management,200,0,0,0,10,NaN,NaN,1,1,0,0,15,10,10,15,16,0.4,151,1963,6560,6132,0,428,270,682,1974,1188,0,786,177,17,0,17,282,248,135,61,15.711478558,10.83392,7.471104,0.689554452816509,0.475518836271195,1,1,0,0,64827878112,1423023,264684123
16034070,10,churn-rejoin,State-loss and rejoin,boundary,compact-hex-safety-graph,200,0,0,1,10,74,2,1,1,1,1,9,10,10,0,12,0.03,4,1978,6720,6690,0,30,16,1044,4608,1125,0,3483,185,1,0,1,301,99,643,4,13.685536944,12.378112,8.536064,0.9044666680343,0.62372883394556,1,1,0,0,64827878112,1432655,245056736
16034071,5,native,Native hex safety graph,source-native,compact-hex-safety-graph,200,0,0,0,6,14,NaN,1,1,1,1,5,5,5,0,7,0.01,1,994,2779,2775,0,4,4,291,944,616,0,328,55,0,0,0,134,86,71,5,9.485301012,5.26336,4.919296,0.554896464892494,0.518623077304191,1,1,0,0,16810853118,1081016,78843185
16034071,5,beacon-loss,Beacon loss 0.05,boundary,compact-hex-safety-graph,200,0.05,0,0,7,49,NaN,1,1,1,1,5,5,5,0,11,0.04,1,988,2748,2594,130,24,16,438,1338,720,0,618,104,6,0,6,160,176,96,15,11.807948034,5.840896,5.177344,0.494658003505912,0.43846263424367,1,1,0,0,16810853118,2014329,122686538
16034071,5,restricted-management,Local-only management,boundary,compact-hex-local-management,200,0,0,0,6,NaN,NaN,1,1,0,0,6,5,5,5,7,0.27,86,976,2639,2424,0,215,153,240,564,383,0,181,55,18,3,16,82,117,20,46,10.537678006,4.980736,4.386816,0.472659726095639,0.416298163362195,1,1,0,0,16810853118,1080674,129170428
16034071,5,churn-rejoin,State-loss and rejoin,boundary,compact-hex-safety-graph,200,0,0,1,6,14,3,1,1,1,1,5,5,5,0,7,0.01,1,992,2771,2767,0,4,4,270,908,652,0,256,43,1,0,1,123,91,55,6,9.508481122,5.169152,4.898816,0.543635932350963,0.515204893099645,1,1,0,0,16810853118,1081034,79116023
16034071,10,native,Native hex safety graph,source-native,compact-hex-safety-graph,200,0,0,0,11,NaN,NaN,1,1,1,0,9,10,10,0,12,0.035,4,1978,6710,6669,0,41,26,1094,4840,1107,0,3733,195,1,0,1,319,108,666,4,13.912702022,12.582912,7.757824,0.904418996403631,0.557607284892082,1,1,0,0,65088419612,1432637,242745679
16034071,10,beacon-loss,Beacon loss 0.05,boundary,compact-hex-safety-graph,200,0.05,0,0,25,NaN,NaN,0,1,1,0,20,9,10,0,24,0.105,4,1970,6643,6204,328,111,70,931,4737,1125,0,3612,191,9,16,7,190,326,390,11,21.330337222,11.882496,8.425472,0.557070236458543,0.394999474800146,1,1,0,0,65088419612,2365950,272607803
16034071,10,restricted-management,Local-only management,boundary,compact-hex-local-management,200,0,0,0,11,NaN,NaN,1,1,0,0,8,10,10,10,12,0.26,107,1966,6589,6332,0,257,179,671,2019,1165,0,854,189,13,4,11,327,150,177,51,14.659101564,10.801152,7.168,0.736822236536351,0.488979489548204,1,1,0,0,65088419612,1423023,277892881
16034071,10,churn-rejoin,State-loss and rejoin,boundary,compact-hex-safety-graph,200,0,0,1,11,129,2,1,1,1,1,8,10,10,0,12,0.035,4,1977,6706,6665,0,41,26,1310,5500,927,0,4573,244,1,0,1,366,103,840,5,13.407375624,13.463552,7.872512,1.00418996062879,0.587177701347289,1,1,0,0,65088419612,1432655,290181548
16034072,5,native,Native hex safety graph,source-native,compact-hex-safety-graph,200,0,0,0,6,13,NaN,1,1,1,1,5,5,5,0,9,0.01,1,994,2779,2775,0,4,4,296,988,696,0,292,49,0,0,0,138,96,62,5,9.48066499,5.28384,4.97664,0.557327993930097,0.524925203585324,1,1,0,0,16851660631,1081016,78936078
16034072,5,beacon-loss,Beacon loss 0.05,boundary,compact-hex-safety-graph,200,0.05,0,0,15,43,NaN,0,1,1,0,7,4,5,0,13,0.085,0,985,2720,2546,132,42,34,377,1166,620,0,546,92,9,0,9,111,196,61,18,11.678139418,5.578752,4.97664,0.477708974034103,0.426150075955533,1,1,0,0,16851660631,2014329,117385239
16034072,5,restricted-management,Local-only management,boundary,compact-hex-local-management,200,0,0,0,6,NaN,NaN,1,1,0,0,7,5,5,8,9,0.225,90,973,2594,2408,0,186,136,308,747,476,0,271,79,21,6,18,125,114,42,53,11.515878648,5.246976,4.595712,0.455629671029163,0.399076105304232,1,1,0,0,16851660631,1080674,105684115
16034072,5,churn-rejoin,State-loss and rejoin,boundary,compact-hex-safety-graph,200,0,0,1,6,13,3,1,1,1,1,5,5,5,0,9,0.01,1,992,2771,2767,0,4,4,291,964,680,0,284,48,1,0,1,135,94,61,6,9.5038451,5.255168,4.947968,0.552951773172313,0.520628014023503,1,1,0,0,16851660631,1081034,79248133
16034072,10,native,Native hex safety graph,source-native,compact-hex-safety-graph,200,0,0,0,12,94,NaN,1,1,1,1,9,10,10,0,13,0.04,3,1978,6709,6667,0,42,24,993,4495,1170,0,3325,175,2,8,1,287,123,573,4,13.857069758,12.169216,8.486912,0.878195478013989,0.612460797860985,1,1,0,0,64875725688,1432637,236567691
16034072,10,beacon-loss,Beacon loss 0.05,boundary,compact-hex-safety-graph,200,0.05,0,0,27,NaN,NaN,0,0,1,0,15,7,10,0,20,0.15,11,1969,6650,6242,299,109,80,1247,5913,1107,0,4806,262,10,14,6,265,356,602,13,18.210294416,13.172736,8.675328,0.723367546898425,0.476396910550642,1,1,0,0,64875725688,2365950,248058704
16034072,10,restricted-management,Local-only management,boundary,compact-hex-local-management,200,0,0,0,12,NaN,NaN,0,0,0,0,15,8,9,13,13,0.275,86,1969,6606,6330,0,276,174,646,1854,1135,0,719,160,11,4,9,308,187,136,47,16.41151788,10.71104,7.749632,0.652653829969809,0.472206901071846,1,1,0,0,64875725688,1423023,277610400
16034072,10,churn-rejoin,State-loss and rejoin,boundary,compact-hex-safety-graph,200,0,0,1,12,107,2,1,1,1,1,9,10,10,0,13,0.04,3,1977,6705,6663,0,42,24,1069,4817,1206,0,3611,190,2,8,1,310,127,622,4,13.796801472,12.476416,8.56064,0.904297711706611,0.620480045130275,1,1,0,0,64875725688,1432655,228989357
16034073,5,native,Native hex safety graph,source-native,compact-hex-safety-graph,200,0,0,0,6,31,NaN,1,1,1,1,5,5,5,0,8,0.01,1,994,2779,2771,0,8,4,337,1020,556,0,464,78,0,0,0,156,80,101,5,9.61974565,5.451776,4.952064,0.56672766602722,0.514781178232088,1,1,0,0,16668548544,1081016,82035069
16034073,5,beacon-loss,Beacon loss 0.05,boundary,compact-hex-safety-graph,200,0.05,0,0,6,60,NaN,0,1,1,0,6,4,5,0,10,0.05,1,984,2734,2575,133,26,20,371,1154,620,0,534,90,10,3,9,132,160,66,19,10.992008162,5.55008,4.993024,0.504919566852847,0.454241292984222,1,1,0,0,16668548544,2014329,105306977
16034073,5,restricted-management,Local-only management,boundary,compact-hex-local-management,200,0,0,0,6,NaN,NaN,1,1,0,0,7,5,5,7,8,0.345,115,973,2609,2374,0,235,189,269,593,373,0,220,69,21,0,21,81,145,22,45,10.579402204,5.087232,4.337664,0.480861952490714,0.410010312147879,1,1,0,0,16668548544,1080674,105411894
16034073,5,churn-rejoin,State-loss and rejoin,boundary,compact-hex-safety-graph,200,0,0,1,6,31,3,1,1,1,1,5,5,5,0,8,0.01,1,992,2771,2763,0,8,4,310,996,644,0,352,59,1,0,1,142,92,75,6,9.64292576,5.332992,4.95616,0.553047086821085,0.513968490824511,1,1,0,0,16668548544,1081034,82302627
16034073,10,native,Native hex safety graph,source-native,compact-hex-safety-graph,200,0,0,0,19,NaN,NaN,1,1,1,0,11,10,10,0,16,0.07,3,1975,6658,6555,0,103,65,1061,4549,1188,0,3361,180,5,6,2,281,180,589,5,15.405501106,12.435456,9.19552,0.80720879602915,0.596898467419447,1,1,0,0,65054724936,1432637,326952238
16034073,10,beacon-loss,Beacon loss 0.05,boundary,compact-hex-safety-graph,200,0.05,0,0,29,NaN,NaN,0,1,1,0,15,9,10,0,21,0.1,4,1970,6630,6167,337,126,75,1241,5739,1341,0,4398,242,10,6,7,265,360,600,16,21.715127048,13.152256,8.78592,0.605672532835185,0.404599060395974,1,1,0,0,65054724936,2365950,285915930
16034073,10,restricted-management,Local-only management,boundary,compact-hex-local-management,200,0,0,0,19,NaN,NaN,1,0,0,0,11,10,10,16,18,0.16,38,1968,6593,6415,0,178,119,674,1688,1007,0,681,158,12,1,11,320,187,154,60,19.142134838,10.821632,7.9872,0.565330465571554,0.41725753514933,1,1,0,0,65054724936,1423023,276543286
16034073,10,churn-rejoin,State-loss and rejoin,boundary,compact-hex-safety-graph,200,0,0,1,19,125,2,1,1,1,1,10,10,10,0,16,0.07,3,1974,6654,6551,0,103,65,1104,4802,1269,0,3533,188,5,6,2,297,187,609,6,15.108795698,12.607488,9.261056,0.834446917676496,0.612957921009278,1,1,0,0,65054724936,1432655,303927760
16034074,5,native,Native hex safety graph,source-native,compact-hex-safety-graph,200,0,0,0,7,17,NaN,1,1,1,1,5,5,5,0,10,0.02,3,994,2777,2761,0,16,10,276,896,612,0,284,48,0,0,0,125,91,60,5,9.540933276,5.20192,4.87424,0.545221295393115,0.510876646864415,1,1,0,0,16741751496,1081016,80146749
16034074,5,beacon-loss,Beacon loss 0.05,boundary,compact-hex-safety-graph,200,0.05,0,0,7,17,NaN,0,1,1,0,8,4,5,0,10,0.065,6,985,2737,2543,148,46,28,455,1330,592,0,738,124,9,3,8,172,137,134,16,10.857563524,5.89824,5.091328,0.543237899272916,0.468919936664052,1,1,0,0,16741751496,2014329,105018815
16034074,5,restricted-management,Local-only management,boundary,compact-hex-local-management,200,0,0,0,7,NaN,NaN,1,1,0,0,6,5,5,8,10,0.33,105,976,2682,2422,0,260,184,264,571,369,0,202,67,18,6,13,85,137,18,50,10.574766182,5.07904,4.345856,0.48029809005568,0.410964736733127,1,1,0,0,16741751496,1080674,114813882
16034074,5,churn-rejoin,State-loss and rejoin,boundary,compact-hex-safety-graph,200,0,0,1,7,17,3,1,1,1,1,5,5,5,0,10,0.02,3,992,2769,2753,0,16,10,317,980,576,0,404,68,1,0,1,143,87,86,6,9.582657474,5.361664,4.911104,0.559517442269793,0.512499169810147,1,1,0,0,16741751496,1081034,80098834
16034074,10,native,Native hex safety graph,source-native,compact-hex-safety-graph,200,0,0,0,10,172,NaN,1,1,1,1,8,10,10,0,13,0.035,2,1978,6707,6666,0,41,29,1330,5642,828,0,4814,248,2,8,1,388,108,824,5,13.972970308,13.549568,7.835648,0.969698475079591,0.560771820685386,1,1,0,0,65185885062,1432637,266575228
16034074,10,beacon-loss,Beacon loss 0.05,boundary,compact-hex-safety-graph,200,0.05,0,0,23,NaN,NaN,0,1,1,0,24,8,10,0,25,0.13,5,1965,6620,6187,314,119,77,1028,5058,1323,0,3735,211,15,30,9,193,371,419,13,23.907965454,12.259328,9.080832,0.512771696261127,0.379824540798837,1,1,0,0,65185885062,2365950,285904895
16034074,10,restricted-management,Local-only management,boundary,compact-hex-local-management,200,0,0,0,10,NaN,NaN,0,1,0,0,6,9,10,10,13,0.21,55,1966,6597,6414,0,183,155,674,1909,1158,0,751,171,14,4,11,319,191,146,53,14.44120853,10.81344,7.442432,0.748790516911122,0.515360745919511,1,1,0,0,65185885062,1423023,262727784
16034074,10,churn-rejoin,State-loss and rejoin,boundary,compact-hex-safety-graph,200,0,0,1,10,160,2,1,1,1,1,8,10,10,0,13,0.035,2,1977,6703,6662,0,41,29,1243,5355,873,0,4482,229,2,8,1,367,110,756,5,13.801437494,13.18912,7.774208,0.955633788562518,0.563289730028465,1,1,0,0,65185885062,1432655,268102417
16034075,5,native,Native hex safety graph,source-native,compact-hex-safety-graph,200,0,0,0,5,12,NaN,1,1,1,1,5,5,5,0,10,0.01,0,993,2776,2768,0,8,4,324,990,548,0,442,74,0,0,0,144,78,102,5,9.476028968,5.394432,4.923392,0.569271370762656,0.519562784857033,1,1,0,0,16784539725,1081016,79681555
16034075,5,beacon-loss,Beacon loss 0.05,boundary,compact-hex-safety-graph,200,0.05,0,0,5,49,NaN,0,1,1,0,6,4,5,0,10,0.08,0,981,2710,2536,126,48,32,403,1248,664,0,584,98,12,0,12,142,165,84,24,10.713846842,5.668864,5.033984,0.529115646658037,0.469857752704283,1,1,0,0,16784539725,2014329,100938727
16034075,5,restricted-management,Local-only management,boundary,compact-hex-local-management,200,0,0,0,5,NaN,NaN,1,1,0,0,5,5,5,8,10,0.235,88,969,2603,2433,0,170,140,231,542,421,0,121,44,24,2,22,79,110,16,50,10.723118886,4.9152,4.407296,0.458374102931679,0.411008778962073,1,1,0,0,16784539725,1080674,99320352
16034075,5,churn-rejoin,State-loss and rejoin,boundary,compact-hex-safety-graph,200,0,0,1,5,12,3,1,1,1,1,5,5,5,0,10,0.01,0,991,2768,2760,0,8,4,316,990,624,0,366,62,1,0,1,147,87,81,6,9.499209078,5.353472,4.943872,0.563570288435755,0.52045090906041,1,1,0,0,16784539725,1081034,79970999
16034075,10,native,Native hex safety graph,source-native,compact-hex-safety-graph,200,0,0,0,9,12,NaN,1,1,1,1,8,10,10,0,10,0.02,2,1980,6714,6692,0,22,20,919,4271,1368,0,2903,156,0,0,0,268,118,533,2,12.14637764,11.874304,7.725056,0.977600429686624,0.63599669209692,1,1,0,0,64855127522,1432637,304630994
16034075,10,beacon-loss,Beacon loss 0.05,boundary,compact-hex-safety-graph,200,0.05,0,0,30,NaN,NaN,0,1,1,0,30,7,10,0,26,0.135,3,1967,6626,6192,306,128,74,790,4258,1161,0,3097,169,13,32,9,139,357,249,7,23.750340706,11.292672,8.388608,0.475474105394503,0.353199480539696,1,1,0,0,64855127522,2365950,264044574
16034075,10,restricted-management,Local-only management,boundary,compact-hex-local-management,200,0,0,0,10,NaN,NaN,1,1,0,0,16,10,10,13,12,0.31,109,1961,6522,6255,0,267,199,638,1833,1137,0,696,154,19,4,16,289,196,130,53,15.233968292,10.645504,7.360512,0.698800456712937,0.483164455834224,1,1,0,0,64855127522,1423023,278123861
16034075,10,churn-rejoin,State-loss and rejoin,boundary,compact-hex-safety-graph,200,0,0,1,9,12,3,1,1,1,1,8,10,10,0,10,0.02,2,1978,6706,6684,0,22,20,979,4439,1206,0,3233,171,1,0,1,284,108,586,3,12.220553992,12.111872,7.704576,0.991106623147269,0.630460452532977,1,1,0,0,64855127522,1432655,318142601
16034076,5,native,Native hex safety graph,source-native,compact-hex-safety-graph,200,0,0,0,6,12,NaN,1,1,1,1,5,5,5,0,10,0.01,1,994,2779,2775,0,4,4,265,844,528,0,316,53,0,0,0,120,76,69,5,9.476028968,5.156864,4.820992,0.544200953523299,0.508756570529724,1,1,0,0,16721508419,1081016,80019075
16034076,5,beacon-loss,Beacon loss 0.05,boundary,compact-hex-safety-graph,200,0.05,0,0,10,31,NaN,1,1,1,0,7,5,5,0,13,0.065,2,984,2724,2541,141,42,26,400,1196,608,0,588,99,10,0,10,134,171,85,19,10.992008162,5.668864,5.005312,0.515725963486598,0.455359196084265,1,1,0,0,16721508419,2014329,107053335
16034076,5,restricted-management,Local-only management,boundary,compact-hex-local-management,200,0,0,0,6,115,NaN,0,1,0,0,6,3,5,8,10,0.255,77,973,2645,2457,0,188,136,245,558,403,0,155,57,21,3,18,77,131,13,51,10.324420994,4.988928,4.440064,0.483216250373682,0.430054528247185,1,1,0,0,16721508419,1080674,115550140
16034076,5,churn-rejoin,State-loss and rejoin,boundary,compact-hex-safety-graph,200,0,0,1,6,12,3,1,1,1,1,5,5,5,0,10,0.01,1,992,2771,2767,0,4,4,296,952,612,0,340,57,1,0,1,133,87,75,6,9.499209078,5.275648,4.9152,0.555377606354439,0.517432552504136,1,1,0,0,16721508419,1081034,80380477
16034076,10,native,Native hex safety graph,source-native,compact-hex-safety-graph,200,0,0,0,12,118,NaN,1,1,1,1,8,10,10,0,12,0.035,1,1979,6705,6670,0,35,24,1171,5117,1017,0,4100,214,1,0,1,340,118,712,5,13.147758392,12.9024,7.806976,0.981338386005839,0.593787607532422,1,1,0,0,65114883635,1432637,288815894
16034076,10,beacon-loss,Beacon loss 0.05,boundary,compact-hex-safety-graph,200,0.05,0,0,12,NaN,NaN,1,1,1,0,12,10,10,0,15,0.145,4,1976,6662,6267,296,99,70,1349,6435,1242,0,5193,273,4,0,4,329,297,719,10,16.38833777,13.6192,8.4992,0.831029979436407,0.518612693933999,1,1,0,0,65114883635,2365950,277873179
16034076,10,restricted-management,Local-only management,boundary,compact-hex-local-management,200,0,0,0,12,NaN,NaN,1,1,0,0,11,10,10,9,12,0.245,87,1966,6595,6346,0,249,170,647,1927,1123,0,804,171,14,2,13,315,145,171,44,15.57703392,10.702848,6.905856,0.68709152557331,0.443335748992193,1,1,0,0,65114883635,1423023,276295889
16034076,10,churn-rejoin,State-loss and rejoin,boundary,compact-hex-safety-graph,200,0,0,1,12,117,2,1,1,1,1,8,10,10,0,12,0.035,1,1978,6701,6666,0,35,24,1148,4960,954,0,4006,209,1,0,1,336,110,701,5,13.115306238,12.804096,7.753728,0.976271218349572,0.591196870228963,1,1,0,0,65114883635,1432655,278649449
16034077,5,native,Native hex safety graph,source-native,compact-hex-safety-graph,200,0,0,0,6,14,NaN,1,1,1,1,5,5,5,0,7,0.01,1,994,2779,2775,0,4,4,297,928,552,0,376,63,0,0,0,132,80,85,5,9.489937034,5.287936,4.886528,0.557215077513653,0.514916798972725,1,1,0,0,16726443293,1081016,80434551
16034077,5,beacon-loss,Beacon loss 0.05,boundary,compact-hex-safety-graph,200,0.05,0,0,8,53,NaN,0,1,1,0,8,4,5,0,10,0.055,5,986,2745,2583,136,26,22,372,1146,568,0,578,97,8,6,6,127,151,80,14,11.437066274,5.562368,4.972544,0.486345699739888,0.434774432609885,1,1,0,0,16726443293,2014329,112567378
16034077,5,restricted-management,Local-only management,boundary,compact-hex-local-management,200,0,0,0,6,NaN,NaN,0,1,0,0,8,3,5,6,9,0.195,64,973,2658,2485,0,173,117,213,500,347,0,153,48,21,0,21,63,113,16,37,11.200629152,4.857856,4.38272,0.433712779351558,0.391292305148539,1,1,0,0,16726443293,1080674,105151214
16034077,5,churn-rejoin,State-loss and rejoin,boundary,compact-hex-safety-graph,200,0,0,1,6,14,3,1,1,1,1,5,5,5,0,7,0.01,1,992,2771,2767,0,4,4,333,1032,596,0,436,73,1,0,1,150,86,96,6,9.536297254,5.4272,4.964352,0.569109776619386,0.520574376802034,1,1,0,0,16726443293,1081034,80111387
16034077,10,native,Native hex safety graph,source-native,compact-hex-safety-graph,200,0,0,0,12,79,NaN,1,1,1,1,9,10,10,0,13,0.04,2,1978,6705,6671,0,34,22,1145,4971,1170,0,3801,203,2,8,1,315,126,694,4,13.58354446,12.791808,8.613888,0.941713559201616,0.634141407300992,1,1,0,0,64959715829,1432637,228866746
16034077,10,beacon-loss,Beacon loss 0.05,boundary,compact-hex-safety-graph,200,0.05,0,0,26,NaN,NaN,1,1,1,0,14,10,10,0,26,0.14,9,1970,6641,6207,319,115,76,772,4180,1323,0,2857,158,10,16,8,158,328,260,20,22.651603492,11.231232,8.671232,0.495825030840161,0.382808749193516,1,1,0,0,64959715829,2365950,279155678
16034077,10,restricted-management,Local-only management,boundary,compact-hex-local-management,200,0,0,0,12,NaN,NaN,0,1,0,0,9,8,9,8,13,0.325,94,1965,6571,6284,0,287,212,602,1739,995,0,744,164,15,3,13,245,214,125,50,14.469024662,10.514432,7.139328,0.726685609128447,0.493421510210707,1,1,0,0,64959715829,1423023,254672031
16034077,10,churn-rejoin,State-loss and rejoin,boundary,compact-hex-safety-graph,200,0,0,1,12,82,2,1,1,1,1,9,10,10,0,13,0.04,2,1977,6701,6667,0,34,22,1184,5090,1071,0,4019,213,2,8,1,328,121,725,4,13.597452526,12.947456,8.605696,0.952197183644721,0.632890314089706,1,1,0,0,64959715829,1432655,231814793
16034078,5,native,Native hex safety graph,source-native,compact-hex-safety-graph,200,0,0,0,4,11,NaN,1,1,1,1,5,5,5,0,10,0,0,994,2783,2783,0,0,0,309,996,644,0,352,59,0,0,0,142,86,81,5,9.448212836,5.337088,4.972544,0.564878045471667,0.526294664008138,1,1,0,0,16754129182,1081016,78352908
16034078,5,beacon-loss,Beacon loss 0.05,boundary,compact-hex-safety-graph,200,0.05,0,0,5,11,NaN,1,1,1,0,6,5,5,0,13,0.12,4,979,2687,2513,115,59,50,411,1140,524,0,616,105,15,6,13,130,183,77,27,12.011933002,5.69344,4.87424,0.473981997656167,0.405783149072546,1,1,0,0,16754129182,2014329,123534071
16034078,5,restricted-management,Local-only management,boundary,compact-hex-local-management,200,0,0,0,4,NaN,NaN,0,1,0,0,4,4,4,7,10,0.25,84,977,2628,2441,0,187,137,277,618,379,0,239,74,17,7,13,109,114,30,51,11.117180756,5.136384,4.468736,0.462022172053636,0.401966658461337,1,1,0,0,16754129182,1080674,95691179
16034078,5,churn-rejoin,State-loss and rejoin,boundary,compact-hex-safety-graph,200,0,0,1,4,11,3,1,1,1,1,5,5,5,0,10,0,0,992,2775,2775,0,0,0,320,1008,608,0,400,67,1,0,1,150,82,87,6,9.471392946,5.373952,4.960256,0.567387714841833,0.523709239842576,1,1,0,0,16754129182,1081034,78668666
16034078,10,native,Native hex safety graph,source-native,compact-hex-safety-graph,200,0,0,0,12,NaN,NaN,1,1,1,0,12,10,10,0,13,0.035,1,1977,6707,6678,0,29,17,929,4379,1404,0,2975,156,1,0,1,274,119,535,1,15.892283416,11.902976,8.54016,0.748978336745262,0.537377781181649,1,1,0,0,65079294947,1432637,263984901
16034078,10,beacon-loss,Beacon loss 0.05,boundary,compact-hex-safety-graph,200,0.05,0,0,14,87,NaN,1,1,1,0,16,10,10,0,16,0.125,3,1972,6671,6267,317,87,56,1461,6861,1134,0,5727,297,6,8,5,369,265,813,7,15.980367834,14.061568,8.544256,0.879927680393092,0.534672048150303,1,1,0,0,65079294947,2365950,255399112
16034078,10,restricted-management,Local-only management,boundary,compact-hex-local-management,200,0,0,0,13,NaN,NaN,1,1,0,0,14,10,10,13,15,0.285,84,1963,6576,6341,0,235,155,567,1741,1119,0,622,148,15,0,15,265,161,126,60,16.569142628,10.36288,7.544832,0.625432482094027,0.455354400006798,1,1,0,0,65079294947,1423023,296743507
16034078,10,churn-rejoin,State-loss and rejoin,boundary,compact-hex-safety-graph,200,0,0,1,12,NaN,2,1,1,1,0,10,10,10,0,13,0.035,1,1976,6703,6674,0,29,17,1113,5017,1224,0,3793,198,1,0,1,323,111,678,3,15.271056468,12.652544,8.626176,0.828531020529784,0.564870938567732,1,1,0,0,65079294947,1432655,312262532
16034079,5,native,Native hex safety graph,source-native,compact-hex-safety-graph,200,0,0,0,5,11,NaN,1,1,1,1,5,5,5,0,10,0.01,2,994,2779,2775,0,4,4,303,924,528,0,396,67,0,0,0,138,75,90,5,9.448212836,5.312512,4.878336,0.562276918631429,0.516323677787226,1,1,0,0,16695498378,1081016,78328363
16034079,5,beacon-loss,Beacon loss 0.05,boundary,compact-hex-safety-graph,200,0.05,0,0,10,40,NaN,0,0,1,0,7,2,5,0,12,0.075,2,984,2728,2542,140,46,29,366,1124,628,0,496,84,10,3,9,124,157,72,16,11.154268932,5.5296,4.95616,0.495738450785992,0.444328537371148,1,1,0,0,16695498378,2014329,106377657
16034079,5,restricted-management,Local-only management,boundary,compact-hex-local-management,200,0,0,0,5,NaN,NaN,0,0,0,0,6,2,5,5,10,0.325,111,973,2615,2387,0,228,182,248,548,375,0,173,58,21,1,20,73,139,14,44,10.356873148,5.001216,4.3008,0.482888602431688,0.415260468921599,1,1,0,0,16695498378,1080674,124724916
16034079,5,churn-rejoin,State-loss and rejoin,boundary,compact-hex-safety-graph,200,0,0,1,5,11,3,1,1,1,1,5,5,5,0,10,0.01,2,992,2771,2767,0,4,4,344,1060,608,0,452,76,1,0,1,155,86,102,6,9.471392946,5.472256,4.988928,0.577766758406013,0.526736460882129,1,1,0,0,16695498378,1081034,78140724
16034079,10,native,Native hex safety graph,source-native,compact-hex-safety-graph,200,0,0,0,8,61,NaN,1,1,1,1,8,10,10,0,10,0.02,2,1980,6730,6722,0,8,8,1112,5022,1197,0,3825,201,0,0,0,327,100,685,2,12.498715312,12.664832,7.852032,1.01329070099233,0.628227126068011,1,1,0,0,65028605130,1432637,313597057
16034079,10,beacon-loss,Beacon loss 0.05,boundary,compact-hex-safety-graph,200,0.05,0,0,27,NaN,NaN,0,1,1,0,28,9,10,0,27,0.145,2,1965,6612,6187,316,109,76,1273,5895,1206,0,4689,252,11,15,8,268,313,666,6,22.753595976,13.262848,8.675328,0.582890195202084,0.38127283305683,1,1,0,0,65028605130,2365950,261129282
16034079,10,restricted-management,Local-only management,boundary,compact-hex-local-management,200,0,0,0,8,NaN,NaN,0,0,0,0,9,8,10,9,10,0.295,118,1961,6562,6260,0,302,227,598,1764,1031,0,733,161,19,4,17,261,192,122,54,13.314655184,10.481664,6.725632,0.78722759659564,0.505130017041829,1,1,0,0,65028605130,1423023,274934926
16034079,10,churn-rejoin,State-loss and rejoin,boundary,compact-hex-safety-graph,200,0,0,1,8,62,2,1,1,1,1,8,10,10,0,10,0.02,2,1979,6726,6718,0,8,8,981,4497,1152,0,3345,174,0,0,0,295,93,593,2,12.49407929,12.12416,7.716864,0.970392432974547,0.617641670177043,1,1,0,0,65028605130,1432655,302688004
16034080,5,native,Native hex safety graph,source-native,compact-hex-safety-graph,200,0,0,0,6,12,NaN,1,1,1,1,5,5,5,0,10,0.01,1,994,2779,2771,0,8,4,316,996,608,0,388,65,0,0,0,142,87,87,5,9.471392946,5.36576,4.952064,0.566522794544818,0.522844319545561,1,1,0,0,16776314371,1081016,79903730
16034080,5,beacon-loss,Beacon loss 0.05,boundary,compact-hex-safety-graph,200,0.05,0,0,6,12,NaN,1,1,1,0,7,5,5,0,10,0.1,11,986,2750,2550,133,67,41,355,1112,616,0,496,83,8,0,8,115,160,72,13,10.514497896,5.492736,4.923392,0.52239641439175,0.468247941908191,1,1,0,0,16776314371,2014329,95897460
16034080,5,restricted-management,Local-only management,boundary,compact-hex-local-management,200,0,0,0,6,72,NaN,1,1,0,0,6,5,5,8,10,0.265,66,972,2672,2497,0,175,141,273,621,419,0,202,74,22,3,19,87,138,23,50,10.820475348,5.09952,4.472832,0.471284286132824,0.41336742205385,1,1,0,0,16776314371,1080674,109009080
16034080,5,churn-rejoin,State-loss and rejoin,boundary,compact-hex-safety-graph,200,0,0,1,6,12,3,1,1,1,1,5,5,5,0,10,0.01,1,992,2771,2763,0,8,4,294,948,620,0,328,55,1,0,1,132,89,72,6,9.494573056,5.267456,4.9152,0.554785978151096,0.517685205117663,1,1,0,0,16776314371,1081034,80174950
16034080,10,native,Native hex safety graph,source-native,compact-hex-safety-graph,200,0,0,0,6,12,NaN,1,1,1,1,8,10,10,0,9,0.01,0,1980,6734,6726,0,8,4,985,4463,1179,0,3284,181,0,0,0,278,110,597,2,12.151013662,12.14464,7.774208,0.999475462527054,0.63979913250467,1,1,0,0,65052969624,1432637,304376886
16034080,10,beacon-loss,Beacon loss 0.05,boundary,compact-hex-safety-graph,200,0.05,0,0,9,NaN,NaN,0,1,1,0,18,7,10,0,26,0.11,0,1970,6649,6213,344,92,53,1040,5260,1179,0,4081,219,10,15,7,211,348,456,13,21.16344043,12.32896,8.851456,0.582559345243471,0.418242772448884,1,1,0,0,65052969624,2365950,273189708
16034080,10,restricted-management,Local-only management,boundary,compact-hex-local-management,200,0,0,0,6,NaN,NaN,0,1,0,0,17,8,10,15,15,0.27,103,1964,6598,6330,0,268,190,583,1760,1087,0,673,157,16,5,12,264,180,118,56,15.303508622,10.432512,7.172096,0.681707199158397,0.468656971231391,1,1,0,0,65052969624,1423023,268899597
16034080,10,churn-rejoin,State-loss and rejoin,boundary,compact-hex-safety-graph,200,0,0,1,6,12,3,1,1,1,1,8,10,10,0,9,0.01,0,1978,6726,6718,0,8,4,1031,4723,1197,0,3526,188,1,0,1,303,107,620,3,12.174193772,12.324864,7.80288,1.01237619762111,0.640936077257634,1,1,0,0,65052969624,1432655,305662813
16034081,5,native,Native hex safety graph,source-native,compact-hex-safety-graph,200,0,0,0,6,14,NaN,1,1,1,1,5,5,5,0,10,0.01,1,994,2783,2775,0,8,4,287,910,584,0,326,55,0,0,0,132,86,69,5,9.489937034,5.246976,4.886528,0.55289892664213,0.514916798972725,1,1,0,0,16815180014,1081016,80630808
16034081,5,beacon-loss,Beacon loss 0.05,boundary,compact-hex-safety-graph,200,0.05,0,0,6,38,NaN,0,0,1,0,6,3,5,0,10,0.1,5,977,2721,2548,127,46,38,284,924,616,0,308,52,17,0,17,83,153,31,25,10.375417236,5.165056,4.767744,0.497816702934953,0.459523110401495,1,1,0,0,16815180014,2014329,94497891
16034081,5,restricted-management,Local-only management,boundary,compact-hex-local-management,200,0,0,0,6,NaN,NaN,0,0,0,0,11,1,4,13,13,0.35,113,972,2618,2334,0,284,180,241,534,346,0,188,63,22,0,22,62,148,9,45,14.547837036,4.968448,4.272128,0.341524859517267,0.293660699485993,1,1,0,0,16815180014,1080674,106980831
16034081,5,churn-rejoin,State-loss and rejoin,boundary,compact-hex-safety-graph,200,0,0,1,6,14,3,1,1,1,1,5,5,5,0,10,0.01,1,992,2775,2767,0,8,4,310,970,596,0,374,63,1,0,1,142,88,79,6,9.55020532,5.332992,4.923392,0.558416476013523,0.515527345751348,1,1,0,0,16815180014,1081034,80571370
16034081,10,native,Native hex safety graph,source-native,compact-hex-safety-graph,200,0,0,0,8,10,NaN,1,1,1,1,8,10,10,0,10,0.02,1,1980,6726,6714,0,12,10,1007,4329,1161,0,3168,179,0,0,0,268,98,641,2,12.132469574,12.234752,7.749632,1.00843047043111,0.638751406111707,1,1,0,0,64910315352,1432637,304926406
16034081,10,beacon-loss,Beacon loss 0.05,boundary,compact-hex-safety-graph,200,0.05,0,0,26,NaN,NaN,0,1,1,0,18,8,10,0,27,0.11,3,1970,6668,6232,343,93,54,724,4038,1125,0,2913,158,7,0,7,145,308,264,13,23.931145564,11.034624,8.429568,0.46109886258849,0.3522425609529,1,1,0,0,64910315352,2365950,269420416
16034081,10,restricted-management,Local-only management,boundary,compact-hex-local-management,200,0,0,0,8,NaN,NaN,1,1,0,0,10,10,10,11,14,0.295,96,1963,6570,6307,0,263,202,614,1836,1113,0,723,162,17,3,15,260,214,120,59,14.923354818,10.555392,7.028736,0.707306911128889,0.470989002521216,1,1,0,0,64910315352,1423023,289082214
16034081,10,churn-rejoin,State-loss and rejoin,boundary,compact-hex-safety-graph,200,0,0,1,8,10,3,1,1,1,1,8,10,10,0,10,0.02,1,1978,6718,6706,0,12,10,966,4352,1188,0,3164,169,1,0,1,283,97,585,3,12.155649684,12.058624,7.72096,0.992018058555298,0.635174606106228,1,1,0,0,64910315352,1432655,306056843
16034082,5,native,Native hex safety graph,source-native,compact-hex-safety-graph,200,0,0,0,4,12,NaN,1,1,1,1,5,5,5,0,7,0,0,994,2783,2783,0,0,0,283,940,660,0,280,47,0,0,0,133,88,62,5,9.448212836,5.230592,4.939776,0.553606495830636,0.522826494887821,1,1,0,0,16820143758,1081016,79787960
16034082,5,beacon-loss,Beacon loss 0.05,boundary,compact-hex-safety-graph,200,0.05,0,0,8,26,NaN,0,1,1,0,8,4,5,0,10,0.1,2,983,2711,2531,121,59,41,379,1168,596,0,572,96,11,0,11,114,178,76,17,10.8946517,5.578752,4.943872,0.512063364081662,0.453788899006289,1,1,0,0,16820143758,2014329,101038441
16034082,5,restricted-management,Local-only management,boundary,compact-hex-local-management,200,0,0,0,4,NaN,NaN,0,0,0,0,7,1,5,9,13,0.28,91,972,2646,2420,0,226,162,280,600,418,0,182,58,22,2,21,95,138,23,49,11.441702296,5.128192,4.407296,0.448201838094739,0.385195828905702,1,1,0,0,16820143758,1080674,111772811
16034082,5,churn-rejoin,State-loss and rejoin,boundary,compact-hex-safety-graph,200,0,0,1,4,12,3,1,1,1,1,5,5,5,0,7,0,0,992,2775,2775,0,0,0,306,1000,672,0,328,55,1,0,1,143,90,72,6,9.485301012,5.316608,4.97664,0.560510203447827,0.524668641902242,1,1,0,0,16820143758,1081034,79418954
16034082,10,native,Native hex safety graph,source-native,compact-hex-safety-graph,200,0,0,0,8,72,NaN,1,1,1,1,8,10,10,0,10,0.015,2,1980,6726,6714,0,12,8,1097,4935,1161,0,3774,199,0,0,0,324,106,667,2,12.60997984,12.603392,7.831552,0.999477569347169,0.621059835096453,1,1,0,0,64793874604,1432637,298450878
16034082,10,beacon-loss,Beacon loss 0.05,boundary,compact-hex-safety-graph,200,0.05,0,0,21,NaN,NaN,1,1,1,0,10,10,10,0,16,0.075,4,1974,6690,6308,336,46,32,1317,6375,1188,0,5187,278,6,8,5,319,281,703,13,16.819487816,13.479936,8.863744,0.801447472566723,0.526992503991003,1,1,0,0,64793874604,2365950,278532014
16034082,10,restricted-management,Local-only management,boundary,compact-hex-local-management,200,0,0,0,8,NaN,NaN,0,0,0,0,12,9,9,16,15,0.27,77,1964,6567,6355,0,212,166,604,1813,1113,0,700,160,16,4,14,260,209,115,55,15.702206514,10.518528,7.217152,0.669875790426125,0.459626613212941,1,1,0,0,64793874604,1423023,274527538
16034082,10,churn-rejoin,State-loss and rejoin,boundary,compact-hex-safety-graph,200,0,0,1,8,62,2,1,1,1,1,9,10,10,0,10,0.015,2,1979,6722,6710,0,12,8,1071,4785,1233,0,3552,188,0,0,0,312,101,658,1,13.208026678,12.4928,8.392704,0.945849088933828,0.6354245190903,1,1,0,0,64793874604,1432655,237800833
16034083,5,native,Native hex safety graph,source-native,compact-hex-safety-graph,200,0,0,0,6,14,NaN,1,1,1,1,5,5,5,0,8,0.01,1,994,2779,2775,0,4,4,310,956,560,0,396,67,0,0,0,142,78,90,5,9.494573056,5.341184,4.911104,0.562551256227861,0.517253800780065,1,1,0,0,16815312955,1081016,79656574
16034083,5,beacon-loss,Beacon loss 0.05,boundary,compact-hex-safety-graph,200,0.05,0,0,6,28,NaN,1,1,1,0,6,5,5,0,13,0.09,2,983,2709,2481,169,59,38,337,1030,584,0,446,76,11,3,10,99,185,39,24,12.188101838,5.40672,4.85376,0.443606401707521,0.398237565169252,1,1,0,0,16815312955,2014329,127068511
16034083,5,restricted-management,Local-only management,boundary,compact-hex-local-management,200,0,0,0,6,NaN,NaN,1,1,0,0,6,5,5,7,9,0.25,75,975,2598,2426,0,172,134,250,608,439,0,169,59,19,0,19,93,111,27,47,10.936375898,5.0176,4.476928,0.458799153101312,0.40936120354264,1,1,0,0,16815312955,1080674,120323214
16034083,5,churn-rejoin,State-loss and rejoin,boundary,compact-hex-safety-graph,200,0,0,1,6,14,3,1,1,1,1,5,5,5,0,8,0.01,1,992,2771,2767,0,4,4,300,948,572,0,376,63,1,0,1,132,81,86,6,9.517753166,5.292032,4.898816,0.556016940941963,0.514702988673829,1,1,0,0,16815312955,1081034,79942782
16034083,10,native,Native hex safety graph,source-native,compact-hex-safety-graph,200,0,0,0,8,11,NaN,1,1,1,1,7,10,10,0,10,0.02,3,1980,6726,6714,0,12,14,977,4437,1296,0,3141,173,0,0,0,276,117,584,3,11.251625394,12.111872,6.987776,1.0764553187541,0.621045916061716,1,1,0,0,65020018927,1432637,277815081
16034083,10,beacon-loss,Beacon loss 0.05,boundary,compact-hex-safety-graph,200,0.05,0,0,11,NaN,NaN,0,0,1,0,14,7,10,0,16,0.095,6,1974,6686,6311,310,65,45,1306,6002,1116,0,4886,264,6,8,5,304,243,745,9,17.000292674,13.43488,8.617984,0.790273453382783,0.506931507901639,1,1,0,0,65020018927,2365950,248216113
16034083,10,restricted-management,Local-only management,boundary,compact-hex-local-management,200,0,0,0,8,NaN,NaN,0,1,0,0,12,8,9,13,14,0.265,99,1964,6546,6229,0,317,212,638,1920,1128,0,792,172,16,0,16,276,201,145,54,14.784274158,10.657792,7.286784,0.720887064599847,0.492873976911271,1,1,0,0,65020018927,1423023,275838748
16034083,10,churn-rejoin,State-loss and rejoin,boundary,compact-hex-safety-graph,200,0,0,1,8,11,3,1,1,1,1,7,10,10,0,10,0.02,3,1978,6718,6706,0,12,14,951,4343,1206,0,3137,174,1,0,1,275,123,552,4,11.274805504,11.997184,6.94272,1.06407015143132,0.615772928192589,1,1,0,0,65020018927,1432655,278978959
16034084,5,native,Native hex safety graph,source-native,compact-hex-safety-graph,200,0,0,0,7,26,NaN,1,1,1,1,5,5,5,0,8,0.015,3,993,2766,2760,0,6,8,309,978,616,0,362,61,0,0,0,139,90,80,5,9.684649958,5.332992,4.927488,0.550664404302469,0.508793608583617,1,1,0,0,16762237652,1081016,83490937
16034084,5,beacon-loss,Beacon loss 0.05,boundary,compact-hex-safety-graph,200,0.05,0,0,18,32,NaN,0,1,1,0,8,3,5,0,15,0.105,4,978,2692,2487,140,65,45,391,1180,592,0,588,99,15,9,12,112,199,56,24,11.418522186,5.607424,4.919296,0.491081412170407,0.430817221341606,1,1,0,0,16762237652,2014329,110130101
16034084,5,restricted-management,Local-only management,boundary,compact-hex-local-management,200,0,0,0,7,NaN,NaN,0,1,0,0,5,3,4,8,10,0.28,86,980,2600,2393,0,207,141,252,605,401,0,204,65,13,0,13,97,103,39,35,11.622507154,5.046272,4.435968,0.43418101904659,0.381670489957351,1,1,0,0,16762237652,1080674,116708167
16034084,5,churn-rejoin,State-loss and rejoin,boundary,compact-hex-safety-graph,200,0,0,1,7,26,3,1,1,1,1,5,5,5,0,8,0.015,3,991,2758,2752,0,6,8,319,1010,636,0,374,63,1,0,1,141,93,84,6,9.717102112,5.36576,4.947968,0.552197552125508,0.509202017532529,1,1,0,0,16762237652,1081034,83012173
16034084,10,native,Native hex safety graph,source-native,compact-hex-safety-graph,200,0,0,0,12,61,NaN,1,1,1,1,9,10,10,0,13,0.04,2,1979,6708,6672,0,36,29,1050,4660,1125,0,3535,187,1,0,1,297,122,630,4,13.527912196,12.406784,8.523776,0.917124817210781,0.630088063590504,1,1,0,0,65041216454,1432637,243471416
16034084,10,beacon-loss,Beacon loss 0.05,boundary,compact-hex-safety-graph,200,0.05,0,0,36,NaN,NaN,1,1,1,0,11,10,10,0,24,0.145,5,1967,6618,6161,325,132,82,1148,5454,1035,0,4419,233,12,13,7,243,334,546,20,19.95807471,12.75904,8.716288,0.639292125387579,0.436729901388369,1,1,0,0,65041216454,2365950,267411384
16034084,10,restricted-management,Local-only management,boundary,compact-hex-local-management,200,0,0,0,14,NaN,NaN,1,1,0,0,13,10,10,17,15,0.23,74,1965,6592,6364,0,228,159,626,1825,1145,0,680,154,15,2,14,294,177,138,57,18.63680844,10.612736,7.225344,0.569450291565051,0.387692132119162,1,1,0,0,65041216454,1423023,272081397
16034084,10,churn-rejoin,State-loss and rejoin,boundary,compact-hex-safety-graph,200,0,0,1,12,62,2,1,1,1,1,10,10,10,0,13,0.04,2,1978,6704,6668,0,36,29,1134,4822,1053,0,3769,203,1,0,1,305,113,715,3,14.176955276,12.746752,9.129984,0.899117740857857,0.644001749476916,1,1,0,0,65041216454,1432655,254565899
16034085,5,native,Native hex safety graph,source-native,compact-hex-safety-graph,200,0,0,0,4,11,NaN,1,1,1,1,5,5,5,0,9,0,0,994,2783,2783,0,0,0,278,908,624,0,284,48,0,0,0,132,83,63,5,9.452848858,5.210112,4.907008,0.551168444377554,0.519103613493954,1,1,0,0,16733785904,1081016,78461602
16034085,5,beacon-loss,Beacon loss 0.05,boundary,compact-hex-safety-graph,200,0.05,0,0,10,44,NaN,1,1,1,0,11,5,5,0,13,0.085,0,985,2726,2518,149,59,35,368,1112,496,0,616,103,9,0,9,95,216,48,18,12.647068016,5.541888,4.890624,0.438195476847983,0.386700221253874,1,1,0,0,16733785904,2014329,135080361
16034085,5,restricted-management,Local-only management,boundary,compact-hex-local-management,200,0,0,0,4,NaN,NaN,0,0,0,0,4,4,5,6,9,0.255,83,974,2637,2429,0,208,152,281,624,418,0,206,67,20,2,18,97,133,29,51,10.68603071,5.14048,4.460544,0.481046717860312,0.417418227689147,1,1,0,0,16733785904,1080674,101905198
16034085,5,churn-rejoin,State-loss and rejoin,boundary,compact-hex-safety-graph,200,0,0,1,4,11,3,1,1,1,1,5,5,5,0,9,0,0,992,2775,2775,0,0,0,305,956,568,0,388,65,1,0,1,136,77,91,6,9.476028968,5.312512,4.911104,0.560626399300809,0.518266039137756,1,1,0,0,16733785904,1081034,78812104
16034085,10,native,Native hex safety graph,source-native,compact-hex-safety-graph,200,0,0,0,15,153,NaN,1,1,1,1,9,10,10,0,13,0.05,4,1974,6685,6637,0,48,35,1063,4797,1089,0,3708,191,4,7,2,305,126,621,7,14.176955276,12.439552,8.486912,0.877448772167517,0.59864137501847,1,1,0,0,64989856378,1432637,250591231
16034085,10,beacon-loss,Beacon loss 0.05,boundary,compact-hex-safety-graph,200,0.05,0,0,35,NaN,NaN,0,1,1,0,27,9,10,0,27,0.105,2,1966,6645,6174,385,86,58,886,4614,1287,0,3327,179,12,15,9,165,368,326,10,23.421183144,11.681792,8.8064,0.498770362204892,0.376001500259649,1,1,0,0,64989856378,2365950,276502537
16034085,10,restricted-management,Local-only management,boundary,compact-hex-local-management,200,0,0,0,15,NaN,NaN,1,1,0,0,19,10,10,13,17,0.325,77,1961,6556,6316,0,240,185,606,1734,1122,0,612,160,17,6,13,254,226,103,54,17.811596524,10.514432,7.360512,0.590313843334171,0.413242686588043,1,1,0,0,64989856378,1423023,293191225
16034085,10,churn-rejoin,State-loss and rejoin,boundary,compact-hex-safety-graph,200,0,0,1,15,120,2,1,1,1,1,9,10,10,0,13,0.05,4,1973,6681,6633,0,48,35,1057,4895,1233,0,3662,186,4,7,2,311,133,602,7,14.010058484,12.41088,8.527872,0.885854974422389,0.608696388365483,1,1,0,0,64989856378,1432655,236205422
16034086,5,native,Native hex safety graph,source-native,compact-hex-safety-graph,200,0,0,0,8,16,NaN,1,1,1,1,5,5,5,0,9,0.02,2,994,2775,2763,0,12,8,274,882,572,0,310,52,0,0,0,125,80,69,5,9.531661232,5.193728,4.85376,0.544892214860034,0.509224979975663,1,1,0,0,16851391680,1081016,81457336
16034086,5,beacon-loss,Beacon loss 0.05,boundary,compact-hex-safety-graph,200,0.05,0,0,8,65,NaN,1,1,1,0,6,5,5,0,12,0.07,1,985,2725,2558,131,36,28,362,1134,616,0,518,87,9,0,9,124,165,64,17,11.376797988,5.517312,4.964352,0.484961762160103,0.436357576642944,1,1,0,0,16851391680,2014329,114183832
16034086,5,restricted-management,Local-only management,boundary,compact-hex-local-management,200,0,0,0,8,NaN,NaN,1,1,0,0,9,5,5,6,9,0.24,104,976,2632,2420,0,212,152,208,490,344,0,146,45,18,3,16,69,103,15,41,11.423158208,4.849664,4.317184,0.424546689426364,0.377932610350834,1,1,0,0,16851391680,1080674,115826847
16034086,5,churn-rejoin,State-loss and rejoin,boundary,compact-hex-safety-graph,200,0,0,1,8,16,3,1,1,1,1,5,5,5,0,9,0.02,2,992,2767,2755,0,12,8,307,998,664,0,334,56,1,0,1,139,92,75,6,9.559477364,5.320704,4.95616,0.556589424024081,0.518455121685249,1,1,0,0,16851391680,1081034,80750548
16034086,10,native,Native hex safety graph,source-native,compact-hex-safety-graph,200,0,0,0,6,30,NaN,1,1,1,1,7,10,10,0,9,0.01,0,1980,6730,6722,0,8,6,1065,4899,1161,0,3738,200,0,0,0,316,118,631,3,11.376797988,12.47232,7.032832,1.09629440666482,0.618173233577504,1,1,0,0,65093800411,1432637,271802190
16034086,10,beacon-loss,Beacon loss 0.05,boundary,compact-hex-safety-graph,200,0.05,0,0,6,56,NaN,1,1,1,0,20,10,10,0,20,0.055,0,1972,6681,6332,317,32,24,1235,6131,1206,0,4925,256,8,8,7,321,262,636,7,17.556615314,13.135872,8.470528,0.748200707543281,0.48246930564375,1,1,0,0,65093800411,2365950,299245088
16034086,10,restricted-management,Local-only management,boundary,compact-hex-local-management,200,0,0,0,6,NaN,NaN,1,1,0,0,19,10,10,16,16,0.375,162,1965,6533,6161,0,372,267,656,1965,1178,0,787,174,15,4,13,288,227,122,59,16.82875986,10.735616,7.327744,0.637932687215848,0.43542982732894,1,1,0,0,65093800411,1423023,258680472
16034086,10,churn-rejoin,State-loss and rejoin,boundary,compact-hex-safety-graph,200,0,0,1,6,30,3,1,1,1,1,7,10,10,0,9,0.01,0,1978,6722,6714,0,8,6,1112,4946,954,0,3992,214,1,0,1,324,107,680,4,11.413886164,12.65664,6.987776,1.10888086828128,0.612217074850441,1,1,0,0,65093800411,1432655,273830375
16034087,5,native,Native hex safety graph,source-native,compact-hex-safety-graph,200,0,0,0,12,48,NaN,1,1,1,1,5,5,5,0,13,0.04,3,992,2764,2742,0,22,16,315,928,564,0,364,63,2,3,1,134,106,70,8,10.227064532,5.353472,4.870144,0.523461251588786,0.47620155175139,1,1,0,0,16791320776,1081016,92533145
16034087,5,beacon-loss,Beacon loss 0.05,boundary,compact-hex-safety-graph,200,0.05,0,0,15,71,NaN,0,1,1,0,8,4,5,0,13,0.06,5,983,2731,2581,117,33,27,390,1110,628,0,482,82,11,6,9,131,157,85,15,11.209901196,5.623808,4.968448,0.501682209474489,0.443219606768067,1,1,0,0,16791320776,2014329,110181156
16034087,5,restricted-management,Local-only management,boundary,compact-hex-local-management,200,0,0,0,12,NaN,NaN,1,1,0,0,7,5,5,7,13,0.24,71,977,2649,2473,0,176,132,254,519,360,0,159,60,17,3,15,79,136,19,41,11.362889922,5.042176,4.415488,0.443740635930804,0.388588469157925,1,1,0,0,16791320776,1080674,115690762
16034087,5,churn-rejoin,State-loss and rejoin,boundary,compact-hex-safety-graph,200,0,0,1,12,48,3,1,1,1,1,5,5,5,0,13,0.04,3,990,2756,2734,0,22,16,342,1000,596,0,404,70,3,3,2,145,110,81,9,10.250244642,5.455872,4.923392,0.532267491221113,0.480319462798632,1,1,0,0,16791320776,1081034,92296241
16034087,10,native,Native hex safety graph,source-native,compact-hex-safety-graph,200,0,0,0,7,99,NaN,1,1,1,1,8,10,10,0,10,0.02,2,1980,6720,6696,0,24,15,1044,4492,1053,0,3439,187,0,0,0,298,101,645,2,12.855689006,12.386304,7.708672,0.963488148649137,0.599631182459549,1,1,0,0,65028295614,1432637,259427528
16034087,10,beacon-loss,Beacon loss 0.05,boundary,compact-hex-safety-graph,200,0.05,0,0,24,NaN,NaN,1,1,1,0,10,10,10,0,23,0.11,12,1969,6632,6177,342,113,80,933,4669,1125,0,3544,189,11,23,7,195,342,362,21,21.83566362,11.886592,8.368128,0.544365960515744,0.383232135538824,1,1,0,0,65028295614,2365950,275855868
16034087,10,restricted-management,Local-only management,boundary,compact-hex-local-management,200,0,0,0,7,NaN,NaN,0,0,0,0,17,9,10,15,14,0.315,100,1966,6597,6303,0,294,195,544,1657,1050,0,607,138,14,2,13,236,194,98,54,15.743930712,10.28096,6.90176,0.653011003926984,0.438375912994808,1,1,0,0,65028295614,1423023,272119630
16034087,10,churn-rejoin,State-loss and rejoin,boundary,compact-hex-safety-graph,200,0,0,1,7,160,2,1,1,1,1,8,10,10,0,10,0.02,2,1979,6716,6692,0,24,15,1182,4970,981,0,3989,215,0,0,0,329,95,758,2,13.286839052,12.947456,7.786496,0.974457201545697,0.586030730825172,1,1,0,0,65028295614,1432655,224461206
16034088,5,native,Native hex safety graph,source-native,compact-hex-safety-graph,200,0,0,0,4,12,NaN,1,1,1,1,5,5,5,0,7,0,0,994,2783,2783,0,0,0,269,916,684,0,232,39,0,0,0,124,91,54,5,9.448212836,5.173248,4.931584,0.547537199870081,0.521959452607742,1,1,0,0,16735155157,1081016,78849737
16034088,5,beacon-loss,Beacon loss 0.05,boundary,compact-hex-safety-graph,200,0.05,0,0,4,12,NaN,1,1,1,0,6,5,5,0,9,0.03,0,987,2743,2593,132,18,13,430,1288,620,0,668,112,7,0,7,165,140,118,13,10.421777456,5.804032,5.107712,0.556913830150779,0.490099891459436,1,1,0,0,16735155157,2014329,97136977
16034088,5,restricted-management,Local-only management,boundary,compact-hex-local-management,200,0,0,0,4,NaN,NaN,1,0,0,0,11,5,5,9,10,0.245,90,972,2624,2402,0,222,146,289,670,439,0,231,69,22,0,22,98,142,27,49,13.898793956,5.165056,4.493312,0.371619006393737,0.32328790643452,1,1,0,0,16735155157,1080674,100891096
16034088,5,churn-rejoin,State-loss and rejoin,boundary,compact-hex-safety-graph,200,0,0,1,4,12,3,1,1,1,1,5,5,5,0,7,0,0,992,2775,2775,0,0,0,290,968,688,0,280,47,1,0,1,134,92,63,6,9.471392946,5.251072,4.960256,0.554413910386608,0.523709239842576,1,1,0,0,16735155157,1081034,79186103
16034088,10,native,Native hex safety graph,source-native,compact-hex-safety-graph,200,0,0,0,10,45,NaN,1,1,1,1,8,10,10,0,10,0.02,1,1976,6718,6698,0,20,12,1096,4936,1098,0,3838,208,0,0,0,318,113,665,2,12.40135885,12.582912,7.831552,1.01463977876908,0.631507570640132,1,1,0,0,65021337020,1432637,329164803
16034088,10,beacon-loss,Beacon loss 0.05,boundary,compact-hex-safety-graph,200,0.05,0,0,12,NaN,NaN,0,0,1,0,14,7,10,0,14,0.075,0,1972,6683,6301,324,58,37,1353,6343,1089,0,5254,277,4,0,4,342,246,761,8,15.178336028,13.6192,8.286208,0.897278856844136,0.545923346585169,1,1,0,0,65021337020,2365950,284570034
16034088,10,restricted-management,Local-only management,boundary,compact-hex-local-management,200,0,0,0,14,NaN,NaN,1,1,0,0,11,10,10,10,11,0.28,101,1957,6552,6269,0,283,209,616,1821,1185,0,636,158,19,2,17,301,177,117,50,13.694808988,10.539008,6.79936,0.769562248676469,0.496491773339657,1,1,0,0,65021337020,1423023,267452181
16034088,10,churn-rejoin,State-loss and rejoin,boundary,compact-hex-safety-graph,200,0,0,1,10,45,2,1,1,1,1,7,10,10,0,10,0.02,1,1975,6714,6694,0,20,12,1158,4920,819,0,4101,221,0,0,0,332,85,741,3,11.8218561,12.832768,7.180288,1.08551211344892,0.607373997726127,1,1,0,0,65021337020,1432655,294745214
16034089,5,native,Native hex safety graph,source-native,compact-hex-safety-graph,200,0,0,0,5,11,NaN,1,1,1,1,5,5,5,0,9,0.01,2,994,2779,2775,0,4,4,289,920,588,0,332,56,0,0,0,131,83,75,5,9.452848858,5.255168,4.89472,0.555934838157549,0.517803687917592,1,1,0,0,16679208162,1081016,77297209
16034089,5,beacon-loss,Beacon loss 0.05,boundary,compact-hex-safety-graph,200,0.05,0,0,10,55,NaN,1,1,1,1,5,5,5,0,13,0.045,4,985,2742,2584,138,20,18,351,1112,624,0,488,82,9,0,9,124,144,74,16,10.8946517,5.472256,4.972544,0.502288292520632,0.456420649041951,1,1,0,0,16679208162,2014329,101220569
16034089,5,restricted-management,Local-only management,boundary,compact-hex-local-management,200,0,0,0,5,NaN,NaN,0,0,0,0,14,3,5,12,12,0.27,85,971,2652,2449,0,203,141,234,542,410,0,132,45,23,1,22,71,126,13,43,14.445844552,4.93568,4.415488,0.341667805037862,0.3056580031791,1,1,0,0,16679208162,1080674,100615508
16034089,5,churn-rejoin,State-loss and rejoin,boundary,compact-hex-safety-graph,200,0,0,1,5,11,3,1,1,1,1,5,5,5,0,9,0.01,2,992,2771,2767,0,4,4,322,1020,640,0,380,64,1,0,1,145,90,86,6,9.489937034,5.382144,4.972544,0.567142224518157,0.523980715802924,1,1,0,0,16679208162,1081034,77723091
16034089,10,native,Native hex safety graph,source-native,compact-hex-safety-graph,200,0,0,0,16,119,NaN,1,1,1,1,9,10,10,0,13,0.04,2,1977,6709,6679,0,30,20,1171,5127,963,0,4164,217,3,8,2,329,102,729,7,14.306763892,12.894208,8.556544,0.901266568550148,0.598076830273589,1,1,0,0,65079762358,1432637,248050839
16034089,10,beacon-loss,Beacon loss 0.05,boundary,compact-hex-safety-graph,200,0.05,0,0,33,NaN,NaN,0,1,1,0,9,9,10,0,23,0.1,7,1974,6679,6276,309,94,55,982,4858,1269,0,3589,195,6,8,5,220,286,462,16,20.90845922,12.107776,8.56064,0.5790850426902,0.409434282551596,1,1,0,0,65079762358,2365950,261381786
16034089,10,restricted-management,Local-only management,boundary,compact-hex-local-management,200,0,0,0,13,NaN,NaN,1,1,0,0,9,10,10,11,13,0.225,81,1963,6613,6411,0,202,161,557,1639,1054,0,585,145,17,3,15,253,164,120,62,15.016075258,10.32192,6.836224,0.687391333797483,0.455260371471428,1,1,0,0,65079762358,1423023,269453209
16034089,10,churn-rejoin,State-loss and rejoin,boundary,compact-hex-safety-graph,200,0,0,1,16,106,2,1,1,1,1,9,10,10,0,13,0.04,2,1976,6705,6675,0,30,20,1201,5273,1017,0,4256,223,3,8,2,340,109,741,7,14.223315496,13.012992,8.6016,0.914905670457751,0.604753512106162,1,1,0,0,65079762358,1432655,242808166
16034090,5,native,Native hex safety graph,source-native,compact-hex-safety-graph,200,0,0,0,4,16,NaN,1,1,1,1,5,5,5,0,9,0,0,994,2783,2783,0,0,0,294,944,604,0,340,57,0,0,0,142,81,71,5,9.508481122,5.275648,4.923392,0.554836038722694,0.517789533031583,1,1,0,0,16764533696,1081016,81119034
16034090,5,beacon-loss,Beacon loss 0.05,boundary,compact-hex-safety-graph,200,0.05,0,0,5,16,NaN,1,1,1,0,6,5,5,0,9,0.02,0,979,2738,2576,146,16,8,373,1168,628,0,540,90,14,0,14,132,129,98,18,10.398597346,5.537792,5.005312,0.532551825571956,0.48134491926696,1,1,0,0,16764533696,2014329,95108650
16034090,5,restricted-management,Local-only management,boundary,compact-hex-local-management,200,0,0,0,4,NaN,NaN,0,0,0,0,6,3,5,10,10,0.255,96,976,2615,2450,0,165,142,272,573,403,0,170,62,18,0,18,100,129,25,43,11.31189368,5.111808,4.456448,0.451896750854186,0.393961269975444,1,1,0,0,16764533696,1080674,111130497
16034090,5,churn-rejoin,State-loss and rejoin,boundary,compact-hex-safety-graph,200,0,0,1,4,16,3,1,1,1,1,5,5,5,0,9,0,0,992,2775,2775,0,0,0,338,1032,560,0,472,79,1,0,1,156,76,105,6,9.531661232,5.44768,4.960256,0.571535209592938,0.520397848734622,1,1,0,0,16764533696,1081034,81501470
16034090,10,native,Native hex safety graph,source-native,compact-hex-safety-graph,200,0,0,0,8,23,NaN,1,1,1,1,9,10,10,0,10,0.02,2,1980,6726,6718,0,8,8,915,4263,1359,0,2904,156,0,0,0,270,106,539,1,13.082854084,11.85792,8.544256,0.906371035239317,0.653088075823563,1,1,0,0,64950796118,1432637,259771144
16034090,10,beacon-loss,Beacon loss 0.05,boundary,compact-hex-safety-graph,200,0.05,0,0,15,NaN,NaN,0,1,1,0,10,9,9,0,18,0.055,3,1976,6706,6337,337,32,26,1138,5470,1413,0,4057,226,4,0,4,265,248,621,12,17.190369576,12.754944,8.56064,0.741981953535633,0.497990456933036,1,1,0,0,64950796118,2365950,262945519
16034090,10,restricted-management,Local-only management,boundary,compact-hex-local-management,200,0,0,0,10,NaN,NaN,0,0,0,0,11,8,10,10,13,0.26,108,1964,6544,6284,0,260,183,471,1506,1028,0,478,122,16,2,15,219,144,90,57,14.149139144,9.97376,6.774784,0.704902248715917,0.478812451489169,1,1,0,0,64950796118,1423023,239397114
16034090,10,churn-rejoin,State-loss and rejoin,boundary,compact-hex-safety-graph,200,0,0,1,8,23,2,1,1,1,1,8,10,10,0,10,0.02,2,1979,6722,6714,0,8,8,1060,4812,1233,0,3579,190,0,0,0,317,106,637,2,12.456991114,12.447744,8.04864,0.999257676760353,0.646114292475845,1,1,0,0,64950796118,1432655,314044659
16034091,5,native,Native hex safety graph,source-native,compact-hex-safety-graph,200,0,0,0,4,12,NaN,1,1,1,1,5,5,5,0,9,0,0,994,2783,2783,0,0,0,269,896,648,0,248,42,0,0,0,127,86,56,5,9.45748488,5.173248,4.907008,0.547000398693738,0.51884915093832,1,1,0,0,16827542138,1081016,78294481
16034091,5,beacon-loss,Beacon loss 0.05,boundary,compact-hex-safety-graph,200,0.05,0,0,9,31,NaN,1,1,1,1,5,5,5,0,10,0.05,3,985,2750,2574,148,28,20,382,1192,668,0,524,88,9,0,9,146,137,90,16,10.296604862,5.599232,5.03808,0.543794005406983,0.489295264557856,1,1,0,0,16827542138,2014329,92792453
16034091,5,restricted-management,Local-only management,boundary,compact-hex-local-management,200,0,0,0,4,NaN,NaN,1,1,0,0,6,5,5,8,9,0.385,154,977,2561,2266,0,295,241,274,628,423,0,205,64,17,0,17,88,145,24,44,11.274805504,5.124096,4.296704,0.454473116913822,0.381088968539248,1,1,0,0,16827542138,1080674,103958626
16034091,5,churn-rejoin,State-loss and rejoin,boundary,compact-hex-safety-graph,200,0,0,1,4,12,3,1,1,1,1,5,5,5,0,9,0,0,992,2775,2775,0,0,0,298,936,560,0,376,63,1,0,1,135,76,86,6,9.494573056,5.28384,4.89472,0.556511595501488,0.515528183429673,1,1,0,0,16827542138,1081034,78344517
16034091,10,native,Native hex safety graph,source-native,compact-hex-safety-graph,200,0,0,0,10,117,NaN,1,1,1,1,8,10,10,0,12,0.03,3,1976,6693,6658,0,35,27,1207,5301,1017,0,4284,220,2,8,1,361,124,712,5,13.30538314,13.037568,7.798784,0.979871670196789,0.586137499231758,1,1,0,0,65036381657,1432637,294156723
16034091,10,beacon-loss,Beacon loss 0.05,boundary,compact-hex-safety-graph,200,0.05,0,0,35,NaN,NaN,1,1,1,0,25,10,10,0,26,0.145,9,1970,6645,6168,347,130,85,976,5006,1314,0,3692,200,8,8,7,205,368,387,6,19.832902116,12.066816,8.269824,0.608424119144178,0.416974981857466,1,1,0,0,65036381657,2365950,283911001
16034091,10,restricted-management,Local-only management,boundary,compact-hex-local-management,200,0,0,0,10,NaN,NaN,1,1,0,0,11,10,10,12,13,0.36,136,1960,6566,6283,0,283,230,640,1827,1119,0,708,161,18,2,17,283,198,139,53,14.918718796,10.6496,7.610368,0.713841459553173,0.510122089172998,1,1,0,0,65036381657,1423023,260365367
16034091,10,churn-rejoin,State-loss and rejoin,boundary,compact-hex-safety-graph,200,0,0,1,10,95,2,1,1,1,1,8,10,10,0,12,0.03,3,1975,6689,6654,0,35,27,1192,5270,1188,0,4082,212,2,8,1,364,131,687,5,13.23584281,12.972032,7.839744,0.98006845398612,0.592311658013714,1,1,0,0,65036381657,1432655,297933178
16034092,5,native,Native hex safety graph,source-native,compact-hex-safety-graph,200,0,0,0,7,14,NaN,1,1,1,1,5,5,5,0,9,0.01,1,994,2781,2769,0,12,6,325,1034,652,0,382,64,0,0,0,146,95,84,5,9.508481122,5.402624,4.988928,0.568190011704374,0.524681906183417,1,1,0,0,16618320814,1081016,79370118
16034092,5,beacon-loss,Beacon loss 0.05,boundary,compact-hex-safety-graph,200,0.05,0,0,10,22,NaN,0,1,1,0,6,4,5,0,18,0.08,1,979,2709,2530,135,44,34,352,1018,524,0,494,85,15,3,14,106,169,59,30,12.63315995,5.451776,4.825088,0.431544920002378,0.381938328897672,1,1,0,0,16618320814,2014329,120268127
16034092,5,restricted-management,Local-only management,boundary,compact-hex-local-management,200,0,0,0,7,NaN,NaN,0,1,0,0,6,4,4,6,10,0.23,65,977,2658,2482,0,176,124,265,591,400,0,191,67,17,1,16,91,131,25,38,10.537678006,5.087232,4.489216,0.482765937344394,0.426015674178306,1,1,0,0,16618320814,1080674,111503874
16034092,5,churn-rejoin,State-loss and rejoin,boundary,compact-hex-safety-graph,200,0,0,1,7,14,3,1,1,1,1,5,5,5,0,9,0.01,1,992,2773,2761,0,12,6,327,1034,640,0,394,66,1,0,1,145,94,87,6,9.531661232,5.402624,4.97664,0.566808226656455,0.522116751620616,1,1,0,0,16618320814,1081034,79693499
16034092,10,native,Native hex safety graph,source-native,compact-hex-safety-graph,200,0,0,0,10,116,NaN,1,1,1,1,8,10,10,0,13,0.025,2,1979,6723,6709,0,14,12,1111,4853,972,0,3881,203,1,0,1,324,92,694,5,13.690172966,12.65664,7.745536,0.924505485170508,0.565773421507259,1,1,0,0,64889560030,1432637,300232105
16034092,10,beacon-loss,Beacon loss 0.05,boundary,compact-hex-safety-graph,200,0.05,0,0,22,NaN,NaN,0,1,1,0,13,9,10,0,20,0.08,5,1976,6700,6318,328,54,39,1212,5832,1080,0,4752,255,4,0,4,289,285,634,9,19.49447251,13.058048,9.003008,0.66983335883039,0.461823626947678,1,1,0,0,64889560030,2365950,288089777
16034092,10,restricted-management,Local-only management,boundary,compact-hex-local-management,200,0,0,0,10,NaN,NaN,0,1,0,0,14,8,10,14,15,0.295,111,1971,6579,6319,0,260,181,582,1746,1072,0,674,151,9,0,9,270,184,119,49,17.018836762,10.457088,7.409664,0.614441994258315,0.435380167494435,1,1,0,0,64889560030,1423023,281174290
16034092,10,churn-rejoin,State-loss and rejoin,boundary,compact-hex-safety-graph,200,0,0,1,10,95,2,1,1,1,1,9,10,10,0,13,0.025,2,1978,6719,6705,0,14,12,1161,5063,1062,0,4001,211,1,0,1,336,98,726,4,13.968334286,12.857344,8.392704,0.920463652769714,0.600837854260957,1,1,0,0,64889560030,1432655,241245923
16034093,5,native,Native hex safety graph,source-native,compact-hex-safety-graph,200,0,0,0,8,16,NaN,1,1,1,1,5,5,5,0,10,0.02,2,994,2775,2763,0,12,8,297,960,632,0,328,55,0,0,0,133,94,70,5,9.540933276,5.287936,4.927488,0.554236765631899,0.516457652250329,1,1,0,0,16760455274,1081016,80431544
16034093,5,beacon-loss,Beacon loss 0.05,boundary,compact-hex-safety-graph,200,0.05,0,0,11,56,NaN,0,1,1,0,7,4,5,0,11,0.11,3,980,2702,2514,128,60,44,447,1310,580,0,730,123,14,9,11,142,195,87,30,12.26227819,5.844992,5.021696,0.476664442727017,0.409523901039469,1,1,0,0,16760455274,2014329,127594379
16034093,5,restricted-management,Local-only management,boundary,compact-hex-local-management,200,0,0,0,8,NaN,NaN,1,1,0,0,10,5,5,8,10,0.23,71,975,2612,2438,0,174,122,261,598,402,0,196,66,19,2,18,82,142,16,43,12.554347576,5.062656,4.481024,0.403259187253842,0.356930057326621,1,1,0,0,16760455274,1080674,112019857
16034093,5,churn-rejoin,State-loss and rejoin,boundary,compact-hex-safety-graph,200,0,0,1,8,16,3,1,1,1,1,5,5,5,0,10,0.02,2,992,2767,2755,0,12,8,296,940,588,0,352,59,1,0,1,129,89,77,6,9.564113386,5.275648,4.890624,0.551608684159111,0.511351528638182,1,1,0,0,16760455274,1081034,80741170
16034093,10,native,Native hex safety graph,source-native,compact-hex-safety-graph,200,0,0,0,11,35,NaN,1,1,1,1,9,10,10,0,11,0.025,1,1979,6722,6697,0,25,15,1062,4780,1260,0,3520,186,1,0,1,306,108,647,4,13.245114854,12.455936,8.6016,0.940417364235866,0.649416792139204,1,1,0,0,64937651836,1432637,253757329
16034093,10,beacon-loss,Beacon loss 0.05,boundary,compact-hex-safety-graph,200,0.05,0,0,17,NaN,NaN,0,1,1,0,18,8,10,0,18,0.12,4,1974,6692,6293,300,99,57,1219,5981,1143,0,4838,249,6,0,6,311,256,646,10,16.008183966,13.078528,8.47872,0.816990111294177,0.529649085618211,1,1,0,0,64937651836,2365950,257788045
16034093,10,restricted-management,Local-only management,boundary,compact-hex-local-management,200,0,0,0,28,NaN,NaN,0,0,0,0,14,9,10,12,14,0.395,198,1964,6513,6044,0,469,281,565,1628,1079,0,549,135,16,0,16,257,188,104,50,16.369793682,10.358784,7.819264,0.632798690150284,0.477664175364529,1,1,0,0,64937651836,1423023,269448016
16034093,10,churn-rejoin,State-loss and rejoin,boundary,compact-hex-safety-graph,200,0,0,1,11,35,3,1,1,1,1,9,10,10,0,11,0.025,1,1977,6714,6689,0,25,15,955,4479,1215,0,3264,168,2,0,2,290,112,551,5,13.268294964,12.009472,8.507392,0.905125491450448,0.641182007415614,1,1,0,0,64937651836,1432655,249528177
16034094,5,native,Native hex safety graph,source-native,compact-hex-safety-graph,200,0,0,0,8,16,NaN,1,1,1,1,5,5,5,0,10,0.015,2,994,2775,2767,0,8,8,320,1000,616,0,384,65,0,0,0,144,90,86,5,9.536297254,5.382144,4.952064,0.564385091681413,0.519285826364405,1,1,0,0,16824149083,1081016,79041881
16034094,5,beacon-loss,Beacon loss 0.05,boundary,compact-hex-safety-graph,200,0.05,0,0,12,110,NaN,0,0,1,0,6,1,5,0,13,0.09,3,985,2710,2527,133,50,42,404,1176,604,0,572,98,9,0,9,136,181,78,19,11.807948034,5.689344,4.95616,0.481823258674412,0.419730844489589,1,1,0,0,16824149083,2014329,118772686
16034094,5,restricted-management,Local-only management,boundary,compact-hex-local-management,200,0,0,0,8,NaN,NaN,1,1,0,0,12,5,5,10,11,0.29,100,972,2588,2383,0,205,162,322,759,533,0,226,74,22,2,21,112,160,26,54,13.106034194,5.300224,4.58752,0.404410969904723,0.350031133147828,1,1,0,0,16824149083,1080674,111394853
16034094,5,churn-rejoin,State-loss and rejoin,boundary,compact-hex-safety-graph,200,0,0,1,8,16,3,1,1,1,1,5,5,5,0,10,0.015,2,992,2767,2759,0,8,8,316,1008,660,0,348,59,1,0,1,144,96,75,6,9.559477364,5.357568,4.964352,0.560445701788682,0.519312072299604,1,1,0,0,16824149083,1081034,79355554
16034094,10,native,Native hex safety graph,source-native,compact-hex-safety-graph,200,0,0,0,8,11,NaN,1,1,1,1,8,10,10,0,10,0.025,4,1978,6720,6702,0,18,15,1032,4572,1224,0,3348,182,0,0,0,289,109,634,2,12.137105596,12.32896,7.7824,1.01580726166404,0.641207241581949,1,1,0,0,64905167109,1432637,313959079
16034094,10,beacon-loss,Beacon loss 0.05,boundary,compact-hex-safety-graph,200,0.05,0,0,34,NaN,NaN,1,1,1,0,12,10,10,0,21,0.16,11,1968,6625,6168,310,147,94,1222,5570,1260,0,4310,237,10,15,7,266,333,598,19,18.859337496,13.06624,8.544256,0.692826033935248,0.453051757614084,1,1,0,0,64905167109,2365950,282253845
16034094,10,restricted-management,Local-only management,boundary,compact-hex-local-management,200,0,0,0,8,NaN,NaN,0,0,0,0,19,8,10,17,16,0.39,140,1953,6552,6226,0,326,263,601,1736,1178,0,558,153,25,2,23,257,214,103,58,16.114812472,10.461184,7.053312,0.649165729863543,0.437691224285443,1,1,0,0,64905167109,1423023,269889242
16034094,10,churn-rejoin,State-loss and rejoin,boundary,compact-hex-safety-graph,200,0,0,1,8,11,3,1,1,1,1,8,10,10,0,10,0.025,4,1976,6712,6694,0,18,15,1038,4516,1062,0,3454,185,1,0,1,292,96,649,3,12.225190014,12.345344,7.712768,1.00982839414867,0.630891461905093,1,1,0,0,64905167109,1432655,320529533
16034095,5,native,Native hex safety graph,source-native,compact-hex-safety-graph,200,0,0,0,5,11,NaN,1,1,1,1,5,5,5,0,10,0.01,0,993,2776,2768,0,8,4,248,814,564,0,250,42,0,0,0,114,80,54,5,9.45748488,5.083136,4.808704,0.537472284068827,0.508454844074781,1,1,0,0,16831414442,1081016,77623129
16034095,5,beacon-loss,Beacon loss 0.05,boundary,compact-hex-safety-graph,200,0.05,0,0,7,27,NaN,1,1,1,1,5,5,5,0,10,0.07,0,984,2736,2565,129,42,28,355,1140,652,0,488,82,9,0,9,122,165,59,20,10.625762424,5.484544,4.97664,0.516155338426565,0.468356038975561,1,1,0,0,16831414442,2014329,96699533
16034095,5,restricted-management,Local-only management,boundary,compact-hex-local-management,200,0,0,0,5,NaN,NaN,0,1,0,0,4,4,4,10,10,0.175,39,978,2719,2595,0,124,94,235,525,346,0,179,61,15,4,12,83,110,23,42,11.40461412,4.968448,4.481024,0.435652442750075,0.39291325009776,1,1,0,0,16831414442,1080674,100044786
16034095,5,churn-rejoin,State-loss and rejoin,boundary,compact-hex-safety-graph,200,0,0,1,5,11,3,1,1,1,1,5,5,5,0,10,0.01,0,991,2768,2760,0,8,4,277,930,680,0,250,42,1,0,1,124,95,57,6,9.48066499,5.193728,4.919296,0.547823175428963,0.518876682720966,1,1,0,0,16831414442,1081034,77972439
16034095,10,native,Native hex safety graph,source-native,compact-hex-safety-graph,200,0,0,0,8,24,NaN,1,1,1,1,9,10,10,0,10,0.02,0,1980,6726,6718,0,8,8,935,4239,1242,0,2997,161,0,0,0,270,94,571,1,13.087490106,11.93984,8.511488,0.912309381194958,0.650352965393867,1,1,0,0,64999339487,1432637,246067687
16034095,10,beacon-loss,Beacon loss 0.05,boundary,compact-hex-safety-graph,200,0.05,0,0,17,NaN,NaN,0,1,1,0,12,9,10,0,21,0.11,4,1972,6667,6252,340,75,50,882,4792,1260,0,3532,192,5,0,5,200,295,382,13,18.307650878,11.689984,8.482816,0.638529982787014,0.463348140978243,1,1,0,0,64999339487,2365950,293086803
16034095,10,restricted-management,Local-only management,boundary,compact-hex-local-management,200,0,0,0,8,NaN,NaN,1,0,0,0,9,10,10,13,11,0.285,87,1968,6557,6275,0,282,188,659,1986,1124,0,862,189,12,6,9,320,159,162,61,16.082360318,10.760192,7.68,0.669067959381359,0.477541843867548,1,1,0,0,64999339487,1423023,279379640
16034095,10,churn-rejoin,State-loss and rejoin,boundary,compact-hex-safety-graph,200,0,0,1,8,24,2,1,1,1,1,8,10,10,0,10,0.02,0,1979,6722,6714,0,8,8,984,4500,1305,0,3195,170,0,0,0,291,99,594,2,12.456991114,12.136448,7.999488,0.974268014557725,0.642168556338588,1,1,0,0,64999339487,1432655,298915283
16034096,5,native,Native hex safety graph,source-native,compact-hex-safety-graph,200,0,0,0,6,14,NaN,1,1,1,1,5,5,5,0,9,0.01,1,994,2779,2775,0,4,4,272,914,692,0,222,38,0,0,0,132,94,46,5,9.5038451,5.185536,4.927488,0.545625054431916,0.518473096746916,1,1,0,0,16833958499,1081016,81183990
16034096,5,beacon-loss,Beacon loss 0.05,boundary,compact-hex-safety-graph,200,0.05,0,0,7,34,NaN,0,1,1,0,5,4,4,0,13,0.1,6,984,2729,2544,131,54,40,363,1138,664,0,474,80,10,0,10,120,179,54,21,11.089364624,5.517312,4.95616,0.497531841279638,0.446929122456096,1,1,0,0,16833958499,2014329,106247041
16034096,5,restricted-management,Local-only management,boundary,compact-hex-local-management,200,0,0,0,6,NaN,NaN,1,1,0,0,5,5,5,9,12,0.19,46,978,2646,2505,0,141,101,277,624,423,0,201,69,16,3,14,89,151,18,53,12.178829794,5.14048,4.56704,0.422083245020182,0.374998261511955,1,1,0,0,16833958499,1080674,102312256
16034096,5,churn-rejoin,State-loss and rejoin,boundary,compact-hex-safety-graph,200,0,0,1,6,14,3,1,1,1,1,5,5,5,0,9,0.01,1,992,2771,2767,0,4,4,306,970,600,0,370,62,1,0,1,139,84,82,6,9.531661232,5.316608,4.923392,0.557783986504987,0.516530317241136,1,1,0,0,16833958499,1081034,80478820
16034096,10,native,Native hex safety graph,source-native,compact-hex-safety-graph,200,0,0,0,13,104,NaN,1,1,1,1,9,10,10,0,12,0.04,5,1979,6716,6696,0,20,24,1207,5181,1017,0,4164,222,1,0,1,338,87,781,4,13.889521912,13.049856,8.630272,0.939546809651198,0.621351264260852,1,1,0,0,64996519400,1432637,235725618
16034096,10,beacon-loss,Beacon loss 0.05,boundary,compact-hex-safety-graph,200,0.05,0,0,8,10,NaN,0,0,1,0,16,6,10,0,16,0.135,9,1973,6676,6267,331,78,54,1269,6111,1026,0,5085,265,5,0,5,302,286,676,7,16.406881858,13.279232,8.404992,0.809369636164293,0.512284544543223,1,1,0,0,64996519400,2365950,260768353
16034096,10,restricted-management,Local-only management,boundary,compact-hex-local-management,200,0,0,0,17,NaN,NaN,0,1,0,0,15,8,9,15,17,0.245,76,1962,6563,6341,0,222,152,672,2069,1236,0,833,179,18,2,17,326,160,166,58,19.37857196,10.788864,7.84384,0.556741953032952,0.40476873198865,1,1,0,0,64996519400,1423023,307772797
16034096,10,churn-rejoin,State-loss and rejoin,boundary,compact-hex-safety-graph,200,0,0,1,13,87,2,1,1,1,1,9,10,10,0,12,0.04,5,1978,6712,6692,0,20,24,1287,5489,1143,0,4346,234,1,0,1,356,92,838,4,13.810709538,13.37344,8.732672,0.968338372710189,0.632311611215351,1,1,0,0,64996519400,1432655,235167602
16034097,5,native,Native hex safety graph,source-native,compact-hex-safety-graph,200,0,0,0,4,10,NaN,1,1,1,1,5,5,5,0,6,0,0,994,2783,2783,0,0,0,305,996,668,0,328,55,0,0,0,139,89,77,5,9.43430477,5.320704,4.980736,0.563974148568872,0.52793884885277,1,1,0,0,16797838917,1081016,77591782
16034097,5,beacon-loss,Beacon loss 0.05,boundary,compact-hex-safety-graph,200,0.05,0,0,5,16,NaN,1,1,1,1,5,5,5,0,12,0.035,2,981,2731,2582,123,26,14,348,1144,728,0,416,70,13,0,13,126,147,62,24,10.644306512,5.443584,5.021696,0.511408046532961,0.471772960910016,1,1,0,0,16797838917,2014329,97984070
16034097,5,restricted-management,Local-only management,boundary,compact-hex-local-management,200,0,0,0,4,110,NaN,1,1,0,0,5,5,5,6,9,0.28,139,977,2603,2335,0,268,175,259,608,394,0,214,71,17,1,16,111,91,39,47,11.015188272,5.062656,4.34176,0.459606851466079,0.394161215658612,1,1,0,0,16797838917,1080674,106971071
16034097,5,churn-rejoin,State-loss and rejoin,boundary,compact-hex-safety-graph,200,0,0,1,4,10,3,1,1,1,1,5,5,5,0,6,0,0,992,2775,2775,0,0,0,303,980,640,0,340,57,1,0,1,138,86,78,6,9.45748488,5.30432,4.952064,0.56085947451179,0.523613208250775,1,1,0,0,16797838917,1081034,77908691
16034097,10,native,Native hex safety graph,source-native,compact-hex-safety-graph,200,0,0,0,15,NaN,NaN,1,1,1,0,12,10,10,0,14,0.055,4,1975,6687,6631,0,56,39,1134,4872,1053,0,3819,202,3,8,2,309,132,682,4,16.346613572,12.734464,9.285632,0.779027652663961,0.568046216979479,1,1,0,0,65058881664,1432637,215657120
16034097,10,beacon-loss,Beacon loss 0.05,boundary,compact-hex-safety-graph,200,0.05,0,0,27,NaN,NaN,1,1,1,0,23,10,10,0,27,0.13,1,1959,6593,6115,324,154,94,1085,4981,1377,0,3604,208,18,27,9,208,395,437,14,24.649728974,12.468224,8.527872,0.505815865689688,0.345962099988808,1,1,0,0,65058881664,2365950,283434969
16034097,10,restricted-management,Local-only management,boundary,compact-hex-local-management,200,0,0,0,12,NaN,NaN,0,0,0,0,10,9,10,10,13,0.265,61,1962,6580,6366,0,214,143,636,1801,1066,0,735,164,16,4,14,309,162,145,53,15.238604314,10.641408,7.020544,0.698319070482297,0.460707808624579,1,1,0,0,65058881664,1423023,258932773
16034097,10,churn-rejoin,State-loss and rejoin,boundary,compact-hex-safety-graph,200,0,0,1,15,NaN,2,1,1,1,0,11,10,10,0,14,0.055,4,1974,6683,6627,0,56,39,1121,4823,1008,0,3815,201,3,8,2,311,131,668,5,15.628030162,12.67712,9.25696,0.811178367880603,0.592330569114754,1,1,0,0,65058881664,1432655,295670367
16034098,5,native,Native hex safety graph,source-native,compact-hex-safety-graph,200,0,0,0,6,14,NaN,1,1,1,1,5,5,5,0,10,0.01,0,994,2779,2775,0,4,4,347,1068,604,0,464,78,0,0,0,158,84,105,5,9.499209078,5.492736,5.001216,0.578230877423372,0.526487622172958,1,1,0,0,16826937297,1081016,79101685
16034098,5,beacon-loss,Beacon loss 0.05,boundary,compact-hex-safety-graph,200,0.05,0,0,6,12,NaN,1,1,1,0,12,5,5,0,13,0.08,0,978,2708,2525,137,46,32,364,1130,668,0,462,78,14,3,13,108,193,46,17,10.968828052,5.496832,4.943872,0.501132114929793,0.450720165961446,1,1,0,0,16826937297,2014329,105638353
16034098,5,restricted-management,Local-only management,boundary,compact-hex-local-management,200,0,0,0,6,NaN,NaN,0,1,0,0,6,4,5,7,10,0.215,68,976,2668,2493,0,175,123,202,471,355,0,116,42,18,1,17,62,112,9,41,11.339709812,4.825088,4.366336,0.425503657500473,0.385048301269528,1,1,0,0,16826937297,1080674,93161376
16034098,5,churn-rejoin,State-loss and rejoin,boundary,compact-hex-safety-graph,200,0,0,1,6,14,3,1,1,1,1,5,5,5,0,10,0.01,0,992,2771,2767,0,4,4,332,1044,620,0,424,71,1,0,1,149,87,95,6,9.522389188,5.423104,4.980736,0.569510854149306,0.52305528598607,1,1,0,0,16826937297,1081034,79375375
16034098,10,native,Native hex safety graph,source-native,compact-hex-safety-graph,200,0,0,0,15,NaN,NaN,1,1,1,0,10,10,10,0,13,0.05,5,1977,6693,6627,0,66,42,1194,5018,900,0,4118,218,2,0,2,330,119,743,6,15.220060226,12.988416,8.491008,0.853374809766669,0.557882680746233,1,1,0,0,64974202468,1432637,266596813
16034098,10,beacon-loss,Beacon loss 0.05,boundary,compact-hex-safety-graph,200,0.05,0,0,14,NaN,NaN,0,1,1,0,13,9,10,0,14,0.085,7,1975,6682,6264,333,85,54,1044,5294,1251,0,4043,214,3,0,3,254,293,494,6,15.896919438,12.365824,8.45824,0.777875490168286,0.532067865915042,1,1,0,0,64974202468,2365950,281448114
16034098,10,restricted-management,Local-only management,boundary,compact-hex-local-management,200,0,0,0,15,NaN,NaN,1,1,0,0,16,10,10,13,16,0.27,98,1964,6574,6277,0,297,198,733,2021,1121,0,900,187,15,3,13,343,193,179,42,16.916844278,11.046912,7.5776,0.653012572466975,0.447932242886134,1,1,0,0,64974202468,1423023,279294928
16034098,10,churn-rejoin,State-loss and rejoin,boundary,compact-hex-safety-graph,200,0,0,1,15,170,2,1,1,1,1,8,10,10,0,13,0.05,5,1976,6689,6623,0,66,42,1338,5536,756,0,4780,253,2,0,2,364,118,854,8,14.58028919,13.574144,7.991296,0.930992782318058,0.548088991642284,1,1,0,0,64974202468,1432655,237564935
16034099,5,native,Native hex safety graph,source-native,compact-hex-safety-graph,200,0,0,0,10,23,NaN,1,1,1,1,5,5,5,0,10,0.025,2,993,2767,2747,0,20,12,317,986,588,0,398,67,1,0,1,139,93,84,8,9.80518653,5.36576,4.919296,0.547236912177335,0.501703459179374,1,1,0,0,16840929165,1081016,85552190
16034099,5,beacon-loss,Beacon loss 0.05,boundary,compact-hex-safety-graph,200,0.05,0,0,10,30,NaN,1,1,1,0,7,5,5,0,11,0.095,4,982,2711,2526,135,50,40,327,1072,668,0,404,68,12,0,12,100,176,39,19,11.182085064,5.361664,4.902912,0.479486962343144,0.438461339896672,1,1,0,0,16840929165,2014329,109252205
16034099,5,restricted-management,Local-only management,boundary,compact-hex-local-management,200,0,0,0,10,NaN,NaN,1,1,0,0,11,5,5,8,11,0.215,72,974,2668,2486,0,182,138,322,705,474,0,231,84,20,3,18,125,134,40,45,13.138486348,5.308416,4.58752,0.40403558365824,0.349166553778726,1,1,0,0,16840929165,1080674,102065469
16034099,5,churn-rejoin,State-loss and rejoin,boundary,compact-hex-safety-graph,200,0,0,1,10,23,3,1,1,1,1,5,5,5,0,10,0.025,2,991,2759,2739,0,20,12,337,1026,568,0,458,77,2,0,2,149,91,95,9,9.82836664,5.439488,4.931584,0.553447810734094,0.501770454912537,1,1,0,0,16840929165,1081034,84912341
16034099,10,native,Native hex safety graph,source-native,compact-hex-safety-graph,200,0,0,0,7,11,NaN,1,1,1,1,8,10,10,0,10,0.01,1,1980,6732,6720,0,12,6,1029,4609,1332,0,3277,180,0,0,0,295,110,624,2,12.137105596,12.324864,7.831552,1.01546978416847,0.645256971528783,1,1,0,0,64920828200,1432637,301091883
16034099,10,beacon-loss,Beacon loss 0.05,boundary,compact-hex-safety-graph,200,0.05,0,0,19,NaN,NaN,0,1,1,0,19,9,10,0,29,0.215,11,1969,6603,6123,312,168,111,996,5208,1395,0,3813,204,11,16,9,200,421,348,18,21.74294318,12.14464,8.712192,0.55855547703271,0.400690556373886,1,1,0,0,64920828200,2365950,264824562
16034099,10,restricted-management,Local-only management,boundary,compact-hex-local-management,200,0,0,0,7,NaN,NaN,1,0,0,0,16,10,10,15,14,0.255,86,1965,6611,6401,0,210,154,614,1778,1129,0,649,153,15,1,14,293,169,136,49,16.634046936,10.563584,7.22944,0.635057965186927,0.434617025418738,1,1,0,0,64920828200,1423023,271468264
16034099,10,churn-rejoin,State-loss and rejoin,boundary,compact-hex-safety-graph,200,0,0,1,7,11,3,1,1,1,1,8,10,10,0,10,0.01,1,1978,6724,6712,0,12,6,1050,4598,1089,0,3509,192,1,0,1,300,103,646,3,12.16955775,12.402688,7.76192,1.01915683830006,0.637814467826491,1,1,0,0,64920828200,1432655,307091786
16034100,5,native,Native hex safety graph,source-native,compact-hex-safety-graph,200,0,0,0,8,16,NaN,1,1,1,1,5,5,5,0,10,0.02,1,994,2767,2759,0,8,10,272,878,600,0,278,47,0,0,0,125,93,54,5,9.536297254,5.185536,4.85376,0.543768284679352,0.508977422863375,1,1,0,0,16728424739,1081016,78802093
16034100,5,beacon-loss,Beacon loss 0.05,boundary,compact-hex-safety-graph,200,0.05,0,0,17,86,NaN,1,1,1,1,5,5,5,0,16,0.09,1,981,2697,2491,146,60,39,365,1120,640,0,480,82,13,6,11,106,200,40,24,11.840400188,5.513216,4.923392,0.465627505190874,0.415812972689027,1,1,0,0,16728424739,2014329,119437081
16034100,5,restricted-management,Local-only management,boundary,compact-hex-local-management,200,0,0,0,8,197,NaN,0,1,1,0,5,4,5,7,11,0.22,70,970,2648,2470,0,178,128,246,538,389,0,149,55,24,3,21,72,135,12,48,10.75557104,4.980736,4.415488,0.463084291989391,0.410530318062964,1,1,0,0,16728424739,1080674,125613668
16034100,5,churn-rejoin,State-loss and rejoin,boundary,compact-hex-safety-graph,200,0,0,1,8,16,3,1,1,1,1,5,5,5,0,10,0.02,1,992,2759,2751,0,8,10,308,966,604,0,362,61,1,0,1,136,94,77,6,9.559477364,5.3248,4.907008,0.557017899331259,0.513313417999114,1,1,0,0,16728424739,1081034,79162729
16034100,10,native,Native hex safety graph,source-native,compact-hex-safety-graph,200,0,0,0,11,117,NaN,1,1,1,1,10,10,10,0,13,0.025,3,1979,6726,6706,0,20,13,1007,4409,1179,0,3230,178,1,0,1,277,98,631,3,14.496840794,12.230656,9.334784,0.843677334517053,0.643918501461609,1,1,0,0,65155122190,1432637,280257311
16034100,10,beacon-loss,Beacon loss 0.05,boundary,compact-hex-safety-graph,200,0.05,0,0,20,NaN,NaN,0,1,1,0,30,9,10,0,29,0.07,3,1968,6661,6262,331,68,45,775,4315,1161,0,3154,169,12,8,11,146,340,269,13,22.442982502,11.235328,8.167424,0.500616528975093,0.36391883294799,1,1,0,0,65155122190,2365950,274926348
16034100,10,restricted-management,Local-only management,boundary,compact-hex-local-management,200,0,0,0,11,NaN,NaN,1,1,0,0,10,10,10,9,13,0.255,95,1965,6605,6333,0,272,171,599,1797,1132,0,665,153,15,2,13,283,177,122,52,14.81209029,10.502144,7.491584,0.709025113564846,0.50577493475433,1,1,0,0,65155122190,1423023,282367863
16034100,10,churn-rejoin,State-loss and rejoin,boundary,compact-hex-safety-graph,200,0,0,1,11,179,2,1,1,1,1,10,10,10,0,13,0.025,3,1978,6722,6702,0,20,13,1067,4661,1143,0,3518,192,1,0,1,294,99,673,3,14.784274158,12.47232,9.371648,0.843620719333795,0.633893006842602,1,1,0,0,65155122190,1432655,302326219
