seed,N,condition,conditionLabel,scope,topology,maxFrames,dataErasureProbability,managementErasureProbability,churnEnabled,firstResolutionFrame,firstConvergenceFrame,recoveryFrame,finalAllResolved,finalCollisionFree,finalFrameAgreement,finalConverged,finalDataSlots,finalResolvedNodes,finalAssignedNodes,maxFrameDisagreement,maxAssignedSlot,conflictFrameFraction,falseResolvedNodeFrames,dataAttempts,dataRecipientAttempts,dataRecipientSuccess,dataRecipientErasure,dataRecipientCollision,dataCollisionFrames,managementAttempts,managementRecipientAttempts,managementRecipientSuccess,managementRecipientErasure,managementRecipientCollision,managementCollisionSlots,growRequests,growNacks,growthEvents,shrinkRequests,shrinkObjects,shrinkNacks,shrinkEvents,elapsedSec,offeredAirtimeSec,busyAirtimeSec,offeredUtilization,channelUtilization,accountingCloses,deliveryWitnessValid,futureRandomReads,receiverTruthDecisionReads,traceHash,configHash,realizationHash
16033001,5,beacon-loss,Beacon loss 0.05,boundary,compact-hex-safety-graph,200,0.05,0,0,7,21,NaN,0,1,1,0,6,4,5,0,10,0.055,4,983,2742,2559,153,30,22,331,1088,708,0,380,64,11,0,11,115,154,51,15,10.157524202,5.382144,4.968448,0.529867701318424,0.489139666437784,1,1,0,0,16756862361,2013457,90483439
16033001,5,churn-rejoin,State-loss and rejoin,boundary,compact-hex-safety-graph,200,0,0,1,6,12,3,1,1,1,1,5,5,5,0,10,0.01,1,992,2775,2767,0,8,4,337,996,496,0,500,84,1,0,1,152,73,111,6,9.508481122,5.443584,4.907008,0.572497744924271,0.516066439743624,1,1,0,0,16756862361,1080161,80071640
16033001,5,native,Native hex safety graph,source-native,compact-hex-safety-graph,200,0,0,0,6,12,NaN,1,1,1,1,5,5,5,0,10,0.01,1,994,2783,2775,0,8,4,348,1044,536,0,508,85,0,0,0,153,78,117,5,9.48066499,5.496832,4.960256,0.579793928569139,0.523197054766936,1,1,0,0,16756862361,1080144,80849620
16033001,5,restricted-management,Local-only management,boundary,compact-hex-local-management,200,0,0,0,6,NaN,NaN,1,1,0,0,6,5,5,6,10,0.26,73,973,2681,2495,0,186,130,241,562,438,0,124,53,21,3,18,73,138,6,51,11.274805504,4.972544,4.472832,0.441031465973925,0.396710346658588,1,1,0,0,16756862361,1079808,94713645
16033001,10,beacon-loss,Beacon loss 0.05,boundary,compact-hex-safety-graph,200,0.05,0,0,16,NaN,NaN,0,1,1,0,10,9,10,0,13,0.1,8,1979,6713,6261,362,90,56,1674,7600,990,0,6610,345,1,0,1,425,288,960,3,15.20615216,14.962688,8.384512,0.983989101421697,0.551389458146787,1,1,0,0,65036632138,2363393,320745459
16033001,10,churn-rejoin,State-loss and rejoin,boundary,compact-hex-safety-graph,200,0,0,1,8,28,2,1,1,1,1,7,10,10,0,10,0.02,0,1979,6722,6694,0,28,18,1069,4721,1098,0,3623,194,0,0,0,316,120,633,3,11.585418978,12.484608,7.184384,1.07761385442404,0.620122933287325,1,1,0,0,65036632138,1430097,286777696
16033001,10,native,Native hex safety graph,source-native,compact-hex-safety-graph,200,0,0,0,8,28,NaN,1,1,1,1,8,10,10,0,10,0.02,0,1980,6726,6698,0,28,18,1091,4755,1188,0,3567,194,0,0,0,313,119,659,2,12.21591797,12.578816,7.80288,1.02970697993317,0.63874692177554,1,1,0,0,65036632138,1430080,317392299
16033001,10,restricted-management,Local-only management,boundary,compact-hex-local-management,200,0,0,0,8,NaN,NaN,0,0,0,0,19,8,9,16,15,0.38,152,1960,6542,6105,0,437,271,627,1859,1102,0,757,162,20,2,19,271,209,125,55,16.077724296,10.596352,7.08608,0.659070388626846,0.440738992007902,1,1,0,0,65036632138,1420522,269077004
16033002,5,beacon-loss,Beacon loss 0.05,boundary,compact-hex-safety-graph,200,0.05,0,0,12,44,NaN,1,1,1,0,6,5,5,0,10,0.065,0,984,2722,2541,134,47,29,406,1174,596,0,578,99,10,6,8,147,162,81,20,11.21917324,5.69344,4.980736,0.507474114019475,0.443948577444375,1,1,0,0,16754167408,2013457,108788046
16033002,5,churn-rejoin,State-loss and rejoin,boundary,compact-hex-safety-graph,200,0,0,1,4,12,3,1,1,1,1,5,5,5,0,10,0,0,992,2775,2775,0,0,0,316,992,592,0,400,67,1,0,1,144,80,91,6,9.471392946,5.357568,4.943872,0.565657874247803,0.521979399248546,1,1,0,0,16754167408,1080161,78814796
16033002,5,native,Native hex safety graph,source-native,compact-hex-safety-graph,200,0,0,0,4,12,NaN,1,1,1,1,5,5,5,0,10,0,0,994,2783,2783,0,0,0,290,924,592,0,332,56,0,0,0,140,79,71,5,9.448212836,5.259264,4.907008,0.556641143810914,0.519358325767504,1,1,0,0,16754167408,1080144,78465912
16033002,5,restricted-management,Local-only management,boundary,compact-hex-local-management,200,0,0,0,4,NaN,NaN,1,1,0,0,11,5,5,9,10,0.245,99,972,2580,2351,0,229,155,208,523,405,0,118,33,22,0,22,65,116,5,53,12.248370124,4.83328,4.337664,0.394605972147221,0.354142139410091,1,1,0,0,16754167408,1079808,99935851
16033002,10,beacon-loss,Beacon loss 0.05,boundary,compact-hex-safety-graph,200,0.05,0,0,16,NaN,NaN,0,1,1,0,9,7,9,0,15,0.17,9,1976,6675,6234,325,116,82,1463,6817,990,0,5827,306,2,0,2,341,325,795,7,15.335960776,14.086144,8.35584,0.918504174974423,0.544852723741734,1,1,0,0,64907481701,2363393,262486190
16033002,10,churn-rejoin,State-loss and rejoin,boundary,compact-hex-safety-graph,200,0,0,1,11,76,2,1,1,1,1,8,10,10,0,12,0.03,5,1977,6710,6674,0,36,22,1045,4637,1080,0,3557,186,1,0,1,311,92,641,5,12.902049226,12.378112,7.929856,0.959391162068722,0.614619884104913,1,1,0,0,64907481701,1430097,293707923
16033002,10,native,Native hex safety graph,source-native,compact-hex-safety-graph,200,0,0,0,11,74,NaN,1,1,1,1,9,10,10,0,12,0.03,5,1978,6714,6678,0,36,22,1043,4491,972,0,3519,188,1,0,1,292,86,664,4,13.518640152,12.374016,8.466432,0.915329934140553,0.626278375990905,1,1,0,0,64907481701,1430080,231846644
16033002,10,restricted-management,Local-only management,boundary,compact-hex-local-management,200,0,0,0,11,NaN,NaN,1,1,0,0,15,10,10,12,13,0.36,110,1961,6511,6186,0,325,235,610,1837,1183,0,654,156,18,1,17,257,233,101,56,14.617377366,10.530816,7.29088,0.720431287796856,0.498781677276703,1,1,0,0,64907481701,1420522,245305834
16033003,5,beacon-loss,Beacon loss 0.05,boundary,compact-hex-safety-graph,200,0.05,0,0,7,37,NaN,0,1,1,0,6,4,5,0,9,0.06,0,984,2733,2561,140,32,24,381,1238,732,0,506,85,10,3,9,129,178,61,15,10.375417236,5.59104,5.07904,0.538873750599691,0.489526337541111,1,1,0,0,16791096212,2013457,93239045
16033003,5,churn-rejoin,State-loss and rejoin,boundary,compact-hex-safety-graph,200,0,0,1,4,24,3,1,1,1,1,5,5,5,0,9,0,0,992,2775,2775,0,0,0,350,1048,528,0,520,87,1,0,1,159,72,118,6,9.545569298,5.496832,4.960256,0.575851667762938,0.519639619717525,1,1,0,0,16791096212,1080161,80485206
16033003,5,native,Native hex safety graph,source-native,compact-hex-safety-graph,200,0,0,0,4,24,NaN,1,1,1,1,5,5,5,0,9,0,0,994,2783,2783,0,0,0,358,1084,584,0,500,84,0,0,0,169,78,111,5,9.499209078,5.537792,5.013504,0.58297400915466,0.527781203554219,1,1,0,0,16791096212,1080144,80726739
16033003,5,restricted-management,Local-only management,boundary,compact-hex-local-management,200,0,0,0,4,NaN,NaN,1,1,0,0,6,5,5,7,9,0.255,80,976,2640,2454,0,186,134,285,645,455,0,190,61,18,1,17,126,104,36,52,11.31189368,5.165056,4.509696,0.456604008675584,0.398668527796842,1,1,0,0,16791096212,1079808,113054051
16033003,10,beacon-loss,Beacon loss 0.05,boundary,compact-hex-safety-graph,200,0.05,0,0,18,NaN,NaN,1,1,1,0,10,10,10,0,15,0.15,4,1976,6688,6251,328,109,67,1201,5975,1224,0,4751,254,4,0,4,278,311,608,12,15.771746844,13.012992,8.433664,0.825082480001287,0.53473239733165,1,1,0,0,65115872628,2363393,273528146
16033003,10,churn-rejoin,State-loss and rejoin,boundary,compact-hex-safety-graph,200,0,0,1,6,21,3,1,1,1,1,8,10,10,0,9,0.01,0,1978,6722,6718,0,4,4,1104,4996,1116,0,3880,199,1,0,1,337,89,677,3,12.211281948,12.623872,7.806976,1.03378761163299,0.639324850023519,1,1,0,0,65115872628,1430097,310745522
16033003,10,native,Native hex safety graph,source-native,compact-hex-safety-graph,200,0,0,0,6,21,NaN,1,1,1,1,8,10,10,0,8,0.01,0,1980,6730,6726,0,4,4,1081,4867,1305,0,3562,189,0,0,0,321,96,664,2,12.174193772,12.537856,7.860224,1.02987156560925,0.645646368639055,1,1,0,0,65115872628,1430080,310935389
16033003,10,restricted-management,Local-only management,boundary,compact-hex-local-management,200,0,0,0,6,NaN,NaN,1,1,0,0,11,10,10,12,9,0.21,85,1961,6578,6340,0,238,148,629,1877,1087,0,790,170,19,2,18,318,127,163,50,14.863086532,10.60864,6.71744,0.71375753462511,0.451954577909336,1,1,0,0,65115872628,1420522,273350707
16033004,5,beacon-loss,Beacon loss 0.05,boundary,compact-hex-safety-graph,200,0.05,0,0,4,45,NaN,1,1,1,0,6,5,5,0,9,0.06,2,983,2723,2579,120,24,26,380,1160,592,0,568,95,11,0,11,133,145,91,15,10.101891938,5.582848,4.964352,0.552653704302573,0.491427945425326,1,1,0,0,16730971611,2013457,88780393
16033004,5,churn-rejoin,State-loss and rejoin,boundary,compact-hex-safety-graph,200,0,0,1,4,11,3,1,1,1,1,5,5,5,0,9,0,0,992,2775,2775,0,0,0,317,1020,656,0,364,61,1,0,1,145,88,83,6,9.476028968,5.361664,4.984832,0.565813382177917,0.526046513453419,1,1,0,0,16730971611,1080161,79637640
16033004,5,native,Native hex safety graph,source-native,compact-hex-safety-graph,200,0,0,0,4,11,NaN,1,1,1,1,5,5,5,0,9,0,0,994,2783,2783,0,0,0,309,980,604,0,376,63,0,0,0,139,81,89,5,9.452848858,5.337088,4.947968,0.56460100866663,0.523436698748495,1,1,0,0,16730971611,1080144,79322308
16033004,5,restricted-management,Local-only management,boundary,compact-hex-local-management,200,0,0,0,4,NaN,NaN,0,1,0,0,7,3,5,7,10,0.345,110,975,2621,2357,0,264,182,224,534,377,0,157,48,19,3,17,69,120,13,46,11.339709812,4.911104,4.313088,0.433089036793775,0.380352590278436,1,1,0,0,16730971611,1079808,118515579
16033004,10,beacon-loss,Beacon loss 0.05,boundary,compact-hex-safety-graph,200,0.05,0,0,24,NaN,NaN,0,1,1,0,15,8,10,0,19,0.17,7,1974,6652,6172,342,138,91,1274,6050,954,0,5096,266,5,0,5,284,350,635,10,19.318303674,13.303808,8.564736,0.68866336426346,0.443348243434389,1,1,0,0,65060119790,2363393,288860435
16033004,10,churn-rejoin,State-loss and rejoin,boundary,compact-hex-safety-graph,200,0,0,1,12,151,2,1,1,1,1,9,10,10,0,12,0.045,5,1977,6706,6670,0,36,24,1149,4901,810,0,4091,213,1,0,1,329,92,727,4,14.25576765,12.804096,8.474624,0.898169520881606,0.594469846034563,1,1,0,0,65060119790,1430097,246482184
16033004,10,native,Native hex safety graph,source-native,compact-hex-safety-graph,200,0,0,0,12,116,NaN,1,1,1,1,9,10,10,0,12,0.045,5,1978,6710,6674,0,36,24,1140,5094,1089,0,4005,205,1,0,1,350,107,682,4,14.010058484,12.771328,8.572928,0.911582775659739,0.611912363520152,1,1,0,0,65060119790,1430080,229913555
16033004,10,restricted-management,Local-only management,boundary,compact-hex-local-management,200,0,0,0,12,NaN,NaN,1,1,0,0,12,10,10,13,12,0.19,51,1968,6643,6465,0,178,122,642,1878,1031,0,847,184,11,4,9,311,145,171,40,16.360521638,10.69056,7.467008,0.653436377918991,0.456404029481349,1,1,0,0,65060119790,1420522,271448896
16033005,5,beacon-loss,Beacon loss 0.05,boundary,compact-hex-safety-graph,200,0.05,0,0,7,36,NaN,0,1,1,0,6,3,4,0,10,0.075,2,986,2732,2560,138,34,32,424,1234,608,0,626,106,8,0,8,156,157,103,16,11.28871357,5.77536,5.029888,0.511604795726959,0.445567864647309,1,1,0,0,16850452011,2013457,108789833
16033005,5,churn-rejoin,State-loss and rejoin,boundary,compact-hex-safety-graph,200,0,0,1,6,14,3,1,1,1,1,5,5,5,0,10,0.01,1,992,2771,2767,0,4,4,329,1000,540,0,460,77,1,0,1,146,79,103,6,9.517753166,5.410816,4.923392,0.568497197356295,0.517285110690587,1,1,0,0,16850452011,1080161,80370599
16033005,5,native,Native hex safety graph,source-native,compact-hex-safety-graph,200,0,0,0,6,14,NaN,1,1,1,1,5,5,5,0,10,0.01,1,994,2779,2775,0,4,4,337,1020,556,0,464,78,0,0,0,154,80,103,5,9.494573056,5.451776,4.952064,0.574199173343008,0.521567844156046,1,1,0,0,16850452011,1080144,80072299
16033005,5,restricted-management,Local-only management,boundary,compact-hex-local-management,200,0,0,0,6,NaN,NaN,1,1,0,0,13,5,5,10,10,0.19,54,974,2639,2516,0,123,107,221,483,345,0,138,50,20,3,18,61,131,6,43,11.733771682,4.89472,4.42368,0.417148052020534,0.377004097223578,1,1,0,0,16850452011,1079808,96771826
16033005,10,beacon-loss,Beacon loss 0.05,boundary,compact-hex-safety-graph,200,0.05,0,0,24,162,NaN,0,1,1,0,13,9,10,0,15,0.16,7,1975,6656,6250,296,110,77,1260,6064,1125,0,4939,259,5,8,4,304,294,649,9,15.36841293,13.25056,8.245248,0.862194428296117,0.536506146571896,1,1,0,0,65038727003,2363393,283550641
16033005,10,churn-rejoin,State-loss and rejoin,boundary,compact-hex-safety-graph,200,0,0,1,10,38,3,1,1,1,1,8,10,10,0,10,0.025,1,1978,6714,6686,0,28,20,1179,5153,972,0,4181,217,1,0,1,348,109,721,3,12.37817874,12.931072,7.80288,1.04466676977392,0.630373834785973,1,1,0,0,65038727003,1430097,324412455
16033005,10,native,Native hex safety graph,source-native,compact-hex-safety-graph,200,0,0,0,10,38,NaN,1,1,1,1,8,10,10,0,10,0.025,1,1980,6722,6694,0,28,20,1170,5254,1251,0,4003,209,0,0,0,346,124,700,2,12.350362608,12.9024,7.90528,1.0446980715888,0.640084850211549,1,1,0,0,65038727003,1430080,322965588
16033005,10,restricted-management,Local-only management,boundary,compact-hex-local-management,200,0,0,0,14,NaN,NaN,0,1,0,0,9,9,10,9,10,0.25,77,1967,6609,6382,0,227,149,632,1877,1052,0,825,169,13,4,11,295,164,156,46,13.625268658,10.645504,7.258112,0.781305988689592,0.53269496420083,1,1,0,0,65038727003,1420522,273884947
16033006,5,beacon-loss,Beacon loss 0.05,boundary,compact-hex-safety-graph,200,0.05,0,0,8,15,NaN,1,1,1,0,6,5,5,0,10,0.125,4,984,2721,2516,141,64,50,433,1302,556,0,746,125,10,6,8,133,194,90,16,10.630398446,5.804032,5.009408,0.545984426593524,0.471234265154467,1,1,0,0,16838095137,2013457,98844249
16033006,5,churn-rejoin,State-loss and rejoin,boundary,compact-hex-safety-graph,200,0,0,1,8,15,3,1,1,1,1,5,5,5,0,10,0.015,2,992,2775,2763,0,12,6,354,1056,544,0,512,86,1,0,1,158,83,112,6,9.587293496,5.513216,4.960256,0.575054472078091,0.517378132010824,1,1,0,0,16838095137,1080161,79866780
16033006,5,native,Native hex safety graph,source-native,compact-hex-safety-graph,200,0,0,0,8,15,NaN,1,1,1,1,5,5,5,0,10,0.015,2,994,2783,2771,0,12,6,298,936,580,0,356,60,0,0,0,135,87,76,5,9.517753166,5.292032,4.898816,0.556016940941963,0.514702988673829,1,1,0,0,16838095137,1080144,79171114
16033006,5,restricted-management,Local-only management,boundary,compact-hex-local-management,200,0,0,0,17,NaN,NaN,1,1,0,0,12,5,5,10,11,0.285,97,971,2622,2371,0,251,153,301,732,490,0,242,77,23,2,21,105,133,38,52,13.231206788,5.210112,4.530176,0.393774512293564,0.342385700154624,1,1,0,0,16838095137,1079808,100213142
16033006,10,beacon-loss,Beacon loss 0.05,boundary,compact-hex-safety-graph,200,0.05,0,0,19,NaN,NaN,1,1,1,0,13,10,10,0,18,0.125,8,1975,6675,6246,343,86,63,1317,6065,972,0,5093,276,4,0,4,294,305,714,9,16.912208256,13.484032,8.671232,0.797295763858408,0.51272027098671,1,1,0,0,65002297391,2363393,294256782
16033006,10,churn-rejoin,State-loss and rejoin,boundary,compact-hex-safety-graph,200,0,0,1,8,66,2,1,1,1,1,8,10,10,0,10,0.02,2,1979,6726,6714,0,12,8,1178,5334,1278,0,4056,213,0,0,0,354,111,713,2,12.438447026,12.931072,7.942144,1.03960502247349,0.638515723337374,1,1,0,0,65002297391,1430097,309704030
16033006,10,native,Native hex safety graph,source-native,compact-hex-safety-graph,200,0,0,0,8,134,NaN,1,1,1,1,8,10,10,0,10,0.02,2,1980,6730,6718,0,12,8,1062,4804,1134,0,3670,190,0,0,0,323,95,644,2,12.753696522,12.460032,7.786496,0.976974164196754,0.610528562175552,1,1,0,0,65002297391,1430080,269272115
16033006,10,restricted-management,Local-only management,boundary,compact-hex-local-management,200,0,0,0,18,NaN,NaN,0,0,0,0,8,8,10,10,11,0.345,134,1959,6568,6265,0,303,254,578,1712,1061,0,651,149,21,0,21,237,201,119,59,14.306763892,10.391552,6.729728,0.726338400384919,0.470387856457399,1,1,0,0,65002297391,1420522,247110681
16033007,5,beacon-loss,Beacon loss 0.05,boundary,compact-hex-safety-graph,200,0.05,0,0,8,32,NaN,1,1,1,1,5,5,5,0,10,0.07,4,988,2750,2569,145,36,30,377,1162,624,0,538,90,6,0,6,136,157,78,13,10.426413478,5.59104,4.988928,0.536238085301071,0.478489368422494,1,1,0,0,16754562367,2013457,94981930
16033007,5,churn-rejoin,State-loss and rejoin,boundary,compact-hex-safety-graph,200,0,0,1,6,17,3,1,1,1,1,5,5,5,0,7,0.01,1,992,2771,2767,0,4,4,264,808,464,0,344,58,1,0,1,120,69,74,6,9.508481122,5.144576,4.767744,0.541051292419025,0.501420146795975,1,1,0,0,16754562367,1080161,78578497
16033007,5,native,Native hex safety graph,source-native,compact-hex-safety-graph,200,0,0,0,6,17,NaN,1,1,1,1,5,5,5,0,7,0.01,1,994,2779,2775,0,4,4,387,1136,560,0,576,97,0,0,0,178,80,129,5,9.485301012,5.656576,5.033984,0.596351764993412,0.530714206500292,1,1,0,0,16754562367,1080144,78479551
16033007,5,restricted-management,Local-only management,boundary,compact-hex-local-management,200,0,0,0,6,NaN,NaN,1,1,0,0,8,5,5,6,8,0.27,75,976,2598,2435,0,163,133,237,565,409,0,156,58,18,1,17,80,121,17,43,11.413886164,4.968448,4.411392,0.435298541496826,0.386493428847553,1,1,0,0,16754562367,1079808,95484834
16033007,10,beacon-loss,Beacon loss 0.05,boundary,compact-hex-safety-graph,200,0.05,0,0,19,129,NaN,1,1,1,0,13,10,10,0,13,0.115,4,1978,6700,6311,313,76,48,1353,6659,1188,0,5471,286,2,0,2,354,301,696,1,14.102778924,13.643776,8.339456,0.967453015716011,0.591334235964515,1,1,0,0,65171846199,2363393,241642830
16033007,10,churn-rejoin,State-loss and rejoin,boundary,compact-hex-safety-graph,200,0,0,1,6,47,2,1,1,1,1,7,10,10,0,9,0.01,1,1979,6730,6722,0,8,4,1069,4705,900,0,3805,199,0,0,0,320,83,666,3,11.75231577,12.484608,7.135232,1.06231046240855,0.607134129106199,1,1,0,0,65171846199,1430097,294635538
16033007,10,native,Native hex safety graph,source-native,compact-hex-safety-graph,200,0,0,0,6,47,NaN,1,1,1,1,8,10,10,0,9,0.01,1,1980,6734,6726,0,8,4,1154,5054,1089,0,3965,213,0,0,0,331,97,726,2,12.327182498,12.836864,7.856128,1.04134614718998,0.637301183889717,1,1,0,0,65171846199,1430080,322884900
16033007,10,restricted-management,Local-only management,boundary,compact-hex-local-management,200,0,0,0,6,NaN,NaN,0,0,0,0,15,7,10,12,14,0.175,66,1961,6576,6414,0,162,136,589,1754,1076,0,678,152,19,4,17,284,150,132,52,13.53718424,10.4448,6.733824,0.771563702969887,0.497431657914704,1,1,0,0,65171846199,1420522,261598571
16033008,5,beacon-loss,Beacon loss 0.05,boundary,compact-hex-safety-graph,200,0.05,0,0,6,30,NaN,0,1,1,0,6,4,5,0,10,0.085,0,985,2718,2520,152,46,34,387,1166,556,0,610,102,9,3,8,130,175,70,14,10.463501654,5.619712,4.952064,0.537077565984012,0.473270245827019,1,1,0,0,16807535868,2013457,95266353
16033008,5,churn-rejoin,State-loss and rejoin,boundary,compact-hex-safety-graph,200,0,0,1,4,12,3,1,1,1,1,5,5,5,0,10,0,0,992,2775,2775,0,0,0,281,892,552,0,340,57,1,0,1,138,75,67,6,9.5038451,5.214208,4.861952,0.548641938619139,0.511577361461836,1,1,0,0,16807535868,1080161,79114786
16033008,5,native,Native hex safety graph,source-native,compact-hex-safety-graph,200,0,0,0,4,12,NaN,1,1,1,1,5,5,5,0,10,0,0,994,2783,2783,0,0,0,283,884,548,0,336,57,0,0,0,135,73,75,5,9.48066499,5.230592,4.866048,0.551711510270336,0.513260199061205,1,1,0,0,16807535868,1080144,78815634
16033008,5,restricted-management,Local-only management,boundary,compact-hex-local-management,200,0,0,0,4,NaN,NaN,1,0,0,0,3,5,5,5,10,0.59,398,986,2486,1686,0,800,421,158,378,238,0,140,41,8,2,7,71,57,20,33,9.624381672,4.685824,3.616768,0.486870134590814,0.375792245492735,1,1,0,0,16807535868,1079808,171675384
16033008,10,beacon-loss,Beacon loss 0.05,boundary,compact-hex-safety-graph,200,0.05,0,0,10,11,NaN,1,1,1,0,13,10,10,0,15,0.15,3,1975,6670,6218,334,118,70,1314,6410,1107,0,5303,280,4,0,4,320,327,663,7,15.910827504,13.471744,8.400896,0.846702913259112,0.527998685039355,1,1,0,0,64978979740,2363393,273817200
16033008,10,churn-rejoin,State-loss and rejoin,boundary,compact-hex-safety-graph,200,0,0,1,7,10,3,1,1,1,1,9,10,10,0,10,0.015,2,1978,6722,6704,0,18,10,984,4480,1296,0,3184,168,1,0,1,291,101,591,2,13.42128369,12.132352,8.552448,0.903963605883663,0.63723025289841,1,1,0,0,64978979740,1430097,258578761
16033008,10,native,Native hex safety graph,source-native,compact-hex-safety-graph,200,0,0,0,7,10,NaN,1,1,1,1,9,10,10,0,10,0.015,2,1980,6730,6712,0,18,10,948,4298,1314,0,2984,161,0,0,0,276,103,569,1,13.022585798,11.993088,8.54016,0.920945209041502,0.655796024880987,1,1,0,0,64978979740,1430080,270430219
16033008,10,restricted-management,Local-only management,boundary,compact-hex-local-management,200,0,0,0,7,NaN,NaN,0,0,0,0,24,9,10,21,22,0.28,99,1959,6584,6308,0,276,157,402,1279,893,0,386,93,21,0,21,162,160,59,52,18.279834746,9.670656,6.848512,0.529034104212355,0.374648463465929,1,1,0,0,64978979740,1420522,265920851
16033009,5,beacon-loss,Beacon loss 0.05,boundary,compact-hex-safety-graph,200,0.05,0,0,8,23,NaN,1,1,1,0,8,5,5,0,10,0.115,4,986,2722,2520,132,70,46,426,1262,624,0,638,108,8,3,7,133,199,83,15,11.552966824,5.783552,5.025792,0.500611841798534,0.435021763375922,1,1,0,0,16809228117,2013457,116452910
16033009,5,churn-rejoin,State-loss and rejoin,boundary,compact-hex-safety-graph,200,0,0,1,8,16,3,1,1,1,1,5,5,5,0,8,0.02,3,992,2767,2751,0,16,8,314,990,628,0,362,61,1,0,1,143,93,77,6,9.564113386,5.349376,4.939776,0.559317501173757,0.516490739981279,1,1,0,0,16809228117,1080161,80041658
16033009,5,native,Native hex safety graph,source-native,compact-hex-safety-graph,200,0,0,0,8,16,NaN,1,1,1,1,5,5,5,0,8,0.02,3,994,2775,2759,0,16,8,352,1050,564,0,486,82,0,0,0,159,84,109,5,9.540933276,5.513216,4.968448,0.577848711495381,0.520750733316416,1,1,0,0,16809228117,1080144,79782997
16033009,5,restricted-management,Local-only management,boundary,compact-hex-local-management,200,0,0,0,8,NaN,NaN,0,0,0,0,7,4,5,6,9,0.33,113,972,2601,2362,0,239,179,273,614,447,0,167,60,22,3,20,97,131,20,48,10.82511137,5.09952,4.42368,0.471082451320776,0.408649837290311,1,1,0,0,16809228117,1079808,122460700
16033009,10,beacon-loss,Beacon loss 0.05,boundary,compact-hex-safety-graph,200,0.05,0,0,12,NaN,NaN,0,1,1,0,18,9,10,0,18,0.165,6,1970,6650,6180,330,140,79,1110,5482,1197,0,4285,227,6,0,6,249,316,539,10,17.496347028,12.61568,8.445952,0.721046512155406,0.482726593527418,1,1,0,0,64913629877,2363393,303618149
16033009,10,churn-rejoin,State-loss and rejoin,boundary,compact-hex-safety-graph,200,0,0,1,8,51,3,1,1,1,1,7,10,10,0,8,0.02,0,1977,6710,6690,0,20,10,1202,5430,918,0,4512,230,1,0,1,375,101,725,4,11.664231352,13.021184,7.028736,1.11633451078346,0.602588870872732,1,1,0,0,64913629877,1430097,280913209
16033009,10,native,Native hex safety graph,source-native,compact-hex-safety-graph,200,0,0,0,8,51,NaN,1,1,1,1,7,10,10,0,8,0.02,0,1979,6718,6698,0,20,10,1097,5049,837,0,4212,218,0,0,0,334,114,649,3,11.631779198,12.599296,6.950912,1.08317874553244,0.597579431459218,1,1,0,0,64913629877,1430080,279043316
16033009,10,restricted-management,Local-only management,boundary,compact-hex-local-management,200,0,0,0,8,NaN,NaN,0,0,0,0,15,8,10,9,10,0.465,185,1960,6491,5914,0,577,337,753,2344,1358,0,986,210,19,5,15,335,235,159,43,14.992895148,11.112448,7.08608,0.741180932055165,0.472629197366545,1,1,0,0,64913629877,1420522,265492015
16033010,5,beacon-loss,Beacon loss 0.05,boundary,compact-hex-safety-graph,200,0.05,0,0,7,37,NaN,0,1,1,0,9,3,5,0,10,0.095,2,984,2712,2521,139,52,38,387,1190,660,0,530,90,10,3,9,123,184,67,12,10.366145192,5.615616,4.99712,0.541726543086992,0.482061548188279,1,1,0,0,16844202942,2013457,93945409
16033010,5,churn-rejoin,State-loss and rejoin,boundary,compact-hex-safety-graph,200,0,0,1,5,12,3,1,1,1,1,5,5,5,0,10,0.01,2,992,2771,2767,0,4,4,336,1034,608,0,426,72,1,0,1,155,84,96,6,9.55020532,5.439488,4.972544,0.569567649881689,0.520674041382809,1,1,0,0,16844202942,1080161,81005671
16033010,5,native,Native hex safety graph,source-native,compact-hex-safety-graph,200,0,0,0,5,12,NaN,1,1,1,1,5,5,5,0,10,0.01,2,994,2779,2775,0,4,4,346,1054,584,0,470,79,0,0,0,159,81,106,5,9.476028968,5.48864,4.984832,0.579213087943781,0.526046513453419,1,1,0,0,16844202942,1080144,80833158
16033010,5,restricted-management,Local-only management,boundary,compact-hex-local-management,200,0,0,0,5,NaN,NaN,1,0,0,0,3,5,5,9,10,0.67,479,986,2491,1535,0,956,498,143,327,232,0,95,30,8,1,7,63,50,21,29,9.466756924,4.624384,3.452928,0.48848661026421,0.364742437956359,1,1,0,0,16844202942,1079808,201594402
16033010,10,beacon-loss,Beacon loss 0.05,boundary,compact-hex-safety-graph,200,0.05,0,0,13,NaN,NaN,0,1,1,0,14,9,10,0,15,0.105,4,1972,6673,6231,346,96,54,1368,6462,1062,0,5400,280,4,0,4,346,286,732,8,15.637302206,13.68064,8.122368,0.874872137135699,0.51942258920362,1,1,0,0,65082604086,2363393,295738856
16033010,10,churn-rejoin,State-loss and rejoin,boundary,compact-hex-safety-graph,200,0,0,1,7,11,3,1,1,1,1,8,10,10,0,10,0.02,2,1978,6714,6698,0,16,12,1054,4750,1215,0,3535,188,1,0,1,321,111,621,3,12.206645926,12.419072,7.794688,1.0174024933047,0.638560997611753,1,1,0,0,65082604086,1430097,309619847
16033010,10,native,Native hex safety graph,source-native,compact-hex-safety-graph,200,0,0,0,7,11,NaN,1,1,1,1,8,10,10,0,10,0.02,2,1980,6722,6706,0,16,12,923,4193,1296,0,2897,160,0,0,0,270,115,538,2,12.141741618,11.890688,7.725056,0.979323096644734,0.636239531612803,1,1,0,0,65082604086,1430080,294475930
16033010,10,restricted-management,Local-only management,boundary,compact-hex-local-management,200,0,0,0,7,NaN,NaN,0,0,0,0,10,9,10,9,12,0.17,65,1966,6618,6442,0,176,128,661,1975,1205,0,770,176,14,1,13,322,160,164,45,14.608105322,10.760192,7.770112,0.736590527164054,0.531904160651013,1,1,0,0,65082604086,1420522,303517016
16033011,5,beacon-loss,Beacon loss 0.05,boundary,compact-hex-safety-graph,200,0.05,0,0,9,47,NaN,1,1,1,0,6,5,5,0,11,0.065,1,988,2749,2560,137,52,26,432,1268,612,0,656,111,6,3,5,176,150,97,13,11.005916228,5.81632,5.07904,0.52847213076207,0.461482705735892,1,1,0,0,16759957659,2013457,104460931
16033011,5,churn-rejoin,State-loss and rejoin,boundary,compact-hex-safety-graph,200,0,0,1,4,17,3,1,1,1,1,5,5,5,0,6,0,0,992,2775,2775,0,0,0,330,996,532,0,464,78,1,0,1,153,72,104,6,9.489937034,5.414912,4.927488,0.570595145215375,0.519232949844249,1,1,0,0,16759957659,1080161,80527390
16033011,5,native,Native hex safety graph,source-native,compact-hex-safety-graph,200,0,0,0,4,17,NaN,1,1,1,1,5,5,5,0,6,0,0,994,2783,2783,0,0,0,354,1056,524,0,532,89,0,0,0,162,71,121,5,9.466756924,5.521408,4.972544,0.583241763185257,0.525263724411648,1,1,0,0,16759957659,1080144,80254978
16033011,5,restricted-management,Local-only management,boundary,compact-hex-local-management,200,0,0,0,4,NaN,NaN,0,1,0,0,6,3,5,6,8,0.265,90,976,2674,2466,0,208,140,215,482,351,0,131,48,18,0,18,78,99,20,35,10.560858116,4.878336,4.358144,0.46192609979384,0.412669496373338,1,1,0,0,16759957659,1079808,119085294
16033011,10,beacon-loss,Beacon loss 0.05,boundary,compact-hex-safety-graph,200,0.05,0,0,20,181,NaN,1,1,1,0,9,10,10,0,17,0.155,7,1976,6674,6226,354,94,77,1044,5264,1107,0,4157,218,4,0,4,251,314,475,13,17.575159402,12.36992,8.318976,0.703829747262055,0.473337157844117,1,1,0,0,64939438222,2363393,261037380
16033011,10,churn-rejoin,State-loss and rejoin,boundary,compact-hex-safety-graph,200,0,0,1,9,54,3,1,1,1,1,7,10,10,0,9,0.02,2,1978,6722,6710,0,12,10,1210,5396,945,0,4451,229,1,0,1,370,99,740,4,11.664231352,13.058048,7.04512,1.1194949419244,0.603993506935372,1,1,0,0,64939438222,1430097,282261565
16033011,10,native,Native hex safety graph,source-native,compact-hex-safety-graph,200,0,0,0,9,54,NaN,1,1,1,1,7,10,10,0,9,0.02,2,1980,6730,6718,0,12,10,1194,5446,999,0,4447,230,0,0,0,365,115,714,3,11.641051242,13.000704,7.081984,1.1167981078113,0.608362926403825,1,1,0,0,64939438222,1430080,281042520
16033011,10,restricted-management,Local-only management,boundary,compact-hex-local-management,200,0,0,0,15,NaN,NaN,0,0,0,0,13,8,10,13,11,0.335,143,1959,6513,6141,0,372,254,621,1855,1165,0,690,153,21,0,21,271,208,121,57,14.450480574,10.56768,6.828032,0.731303014171991,0.472512451404926,1,1,0,0,64939438222,1420522,260314465
16033012,5,beacon-loss,Beacon loss 0.05,boundary,compact-hex-safety-graph,200,0.05,0,0,6,73,NaN,1,1,1,1,5,5,5,0,10,0.07,1,988,2735,2548,135,52,28,447,1310,600,0,710,119,6,0,6,172,147,122,13,10.4310495,5.87776,5.095424,0.563486924302296,0.488486225666938,1,1,0,0,16867979512,2013457,94286669
16033012,5,churn-rejoin,State-loss and rejoin,boundary,compact-hex-safety-graph,200,0,0,1,6,19,3,1,1,1,1,5,5,5,0,10,0.01,1,992,2771,2767,0,4,4,344,1044,568,0,476,80,1,0,1,161,81,101,6,9.517753166,5.472256,4.964352,0.57495250239819,0.521588647385185,1,1,0,0,16867979512,1080161,80196574
16033012,5,native,Native hex safety graph,source-native,compact-hex-safety-graph,200,0,0,0,6,19,NaN,1,1,1,1,5,5,5,0,10,0.01,1,994,2779,2775,0,4,4,363,1092,560,0,532,89,0,0,0,169,80,114,5,9.494573056,5.558272,5.001216,0.585415686120558,0.526744696207222,1,1,0,0,16867979512,1080144,79916072
16033012,5,restricted-management,Local-only management,boundary,compact-hex-local-management,200,0,0,0,6,NaN,NaN,1,1,0,0,6,5,5,7,10,0.27,80,976,2624,2466,0,158,140,262,552,362,0,190,68,18,2,16,86,135,21,45,10.458865632,5.070848,4.415488,0.484837283355588,0.422176568220778,1,1,0,0,16867979512,1079808,113447774
16033012,10,beacon-loss,Beacon loss 0.05,boundary,compact-hex-safety-graph,200,0.05,0,0,14,91,NaN,0,0,1,0,16,8,10,0,16,0.155,5,1972,6645,6217,337,91,70,1217,6165,1233,0,4932,267,6,8,5,277,335,591,5,15.215424204,13.062144,8.400896,0.858480435699327,0.552130251997278,1,1,0,0,65161927831,2363393,254087346
16033012,10,churn-rejoin,State-loss and rejoin,boundary,compact-hex-safety-graph,200,0,0,1,10,45,3,1,1,1,1,6,10,10,0,10,0.025,1,1976,6708,6691,0,17,15,1031,4719,792,0,3927,205,1,0,1,314,111,605,5,10.718482864,12.316672,6.070272,1.14910590950962,0.566336866608998,1,1,0,0,65161927831,1430097,227801539
16033012,10,native,Native hex safety graph,source-native,compact-hex-safety-graph,200,0,0,0,10,45,NaN,1,1,1,1,6,10,10,0,10,0.025,1,1978,6716,6699,0,17,15,945,4283,684,0,3599,192,0,0,0,277,109,559,4,10.68603071,11.972608,5.976064,1.12039805283322,0.559240766022466,1,1,0,0,65161927831,1430080,228402118
16033012,10,restricted-management,Local-only management,boundary,compact-hex-local-management,200,0,0,0,10,NaN,NaN,1,1,0,0,10,10,10,9,10,0.285,88,1959,6575,6270,0,305,211,724,2080,1198,0,882,190,19,2,17,327,203,173,55,13.476915954,10.989568,7.098368,0.815436412715645,0.526705666506229,1,1,0,0,65161927831,1420522,254299637
16033013,5,beacon-loss,Beacon loss 0.05,boundary,compact-hex-safety-graph,200,0.05,0,0,17,49,NaN,1,1,1,1,5,5,5,0,12,0.09,0,987,2725,2562,121,42,38,448,1260,544,0,716,122,7,3,6,175,155,108,17,11.001280206,5.87776,5.0176,0.534279637454768,0.456092373436997,1,1,0,0,16787665299,2013457,103155442
16033013,5,churn-rejoin,State-loss and rejoin,boundary,compact-hex-safety-graph,200,0,0,1,4,10,3,1,1,1,1,5,5,5,0,5,0,0,992,2775,2775,0,0,0,283,916,600,0,316,53,1,0,1,130,81,71,6,9.45748488,5.2224,4.89472,0.552197552125507,0.517549862580378,1,1,0,0,16787665299,1080161,79570754
16033013,5,native,Native hex safety graph,source-native,compact-hex-safety-graph,200,0,0,0,4,10,NaN,1,1,1,1,5,5,5,0,5,0,0,994,2783,2783,0,0,0,331,1020,572,0,448,75,0,0,0,153,77,101,5,9.43430477,5.4272,4.964352,0.575262314745001,0.526202207902597,1,1,0,0,16787665299,1080144,79337174
16033013,5,restricted-management,Local-only management,boundary,compact-hex-local-management,200,0,0,0,4,NaN,NaN,1,1,0,0,8,5,5,6,8,0.245,87,975,2667,2500,0,167,131,266,610,399,0,211,69,19,5,16,108,100,34,50,12.0536572,5.083136,4.472832,0.421709022884772,0.371076755028341,1,1,0,0,16787665299,1079808,86953844
16033013,10,beacon-loss,Beacon loss 0.05,boundary,compact-hex-safety-graph,200,0.05,0,0,16,NaN,NaN,1,1,1,0,13,10,10,0,18,0.13,4,1974,6665,6226,335,104,62,1164,5642,1197,0,4445,242,3,0,3,266,311,584,6,17.797688458,12.853248,8.474624,0.722186368770969,0.476164307516614,1,1,0,0,65056661254,2363393,307555383
16033013,10,churn-rejoin,State-loss and rejoin,boundary,compact-hex-safety-graph,200,0,0,1,10,15,3,1,1,1,1,8,10,10,0,10,0.03,1,1975,6689,6649,0,40,22,961,4333,1278,0,3055,165,1,0,1,276,125,559,3,11.951664716,12.025856,7.49568,1.00620761088626,0.627166187984285,1,1,0,0,65056661254,1430097,303716226
16033013,10,native,Native hex safety graph,source-native,compact-hex-safety-graph,200,0,0,0,10,15,NaN,1,1,1,1,7,10,10,0,10,0.03,1,1977,6697,6657,0,40,22,911,4087,1080,0,3007,163,0,0,0,258,122,531,3,11.302621636,11.829248,6.828032,1.04659329321638,0.604110463916798,1,1,0,0,65056661254,1430080,272403766
16033013,10,restricted-management,Local-only management,boundary,compact-hex-local-management,200,0,0,0,12,NaN,NaN,1,1,0,0,17,10,10,16,12,0.245,95,1954,6544,6246,0,298,199,590,1754,1135,0,619,138,23,2,22,257,197,111,64,15.451861326,10.420224,6.918144,0.674366911542654,0.447722371696361,1,1,0,0,65056661254,1420522,250039138
16033014,5,beacon-loss,Beacon loss 0.05,boundary,compact-hex-safety-graph,200,0.05,0,0,6,20,NaN,0,1,1,0,8,3,5,0,10,0.08,0,984,2716,2523,141,52,36,428,1274,632,0,642,108,10,0,10,160,162,96,14,10.231700554,5.783552,5.03808,0.56525813763568,0.49239908590077,1,1,0,0,16717218718,2013457,91271671
16033014,5,churn-rejoin,State-loss and rejoin,boundary,compact-hex-safety-graph,200,0,0,1,6,14,3,1,1,1,1,5,5,5,0,10,0.01,1,992,2775,2767,0,8,4,349,1050,612,0,438,75,1,0,1,166,87,95,6,9.517753166,5.492736,4.988928,0.577104270745489,0.524170769401943,1,1,0,0,16717218718,1080161,79760040
16033014,5,native,Native hex safety graph,source-native,compact-hex-safety-graph,200,0,0,0,6,14,NaN,1,1,1,1,5,5,5,0,10,0.01,1,994,2783,2775,0,8,4,376,1126,584,0,542,91,0,0,0,169,85,122,5,9.494573056,5.61152,5.033984,0.591023942509332,0.530195930908007,1,1,0,0,16717218718,1080144,79483581
16033014,5,restricted-management,Local-only management,boundary,compact-hex-local-management,200,0,0,0,6,NaN,NaN,0,0,0,0,4,4,5,6,10,0.26,89,977,2625,2449,0,176,138,188,420,342,0,78,35,17,0,17,62,102,7,44,10.565494138,4.77184,4.3008,0.451643807442714,0.407060942330343,1,1,0,0,16717218718,1079808,104317802
16033014,10,beacon-loss,Beacon loss 0.05,boundary,compact-hex-safety-graph,200,0.05,0,0,11,NaN,NaN,1,1,1,0,10,10,10,0,14,0.07,1,1978,6707,6319,338,50,38,1293,6095,1170,0,4925,268,2,0,2,313,274,704,6,15.73929469,13.398016,8.548352,0.851246276525495,0.543121668941825,1,1,0,0,65018827939,2363393,280164482
16033014,10,churn-rejoin,State-loss and rejoin,boundary,compact-hex-safety-graph,200,0,0,1,13,83,2,1,1,1,1,10,10,10,0,13,0.035,4,1977,6704,6676,0,28,24,1144,4996,981,0,4015,210,2,8,1,323,97,714,3,14.469024662,12.783616,9.334784,0.883516083400812,0.645156409506713,1,1,0,0,65018827939,1430097,282386697
16033014,10,native,Native hex safety graph,source-native,compact-hex-safety-graph,200,0,0,0,13,79,NaN,1,1,1,1,10,10,10,0,13,0.035,4,1978,6708,6680,0,28,24,1078,5008,1197,0,3811,192,2,8,1,330,108,630,3,14.450480574,12.517376,9.363456,0.866225585778916,0.647968484650066,1,1,0,0,65018827939,1430080,281168120
16033014,10,restricted-management,Local-only management,boundary,compact-hex-local-management,200,0,0,0,15,NaN,NaN,1,1,0,0,10,10,10,11,13,0.35,122,1968,6594,6275,0,319,243,643,1870,1076,0,794,174,12,4,10,284,204,139,50,14.714733828,10.694656,7.487488,0.72679914737225,0.508842911297002,1,1,0,0,65018827939,1420522,260061949
16033015,5,beacon-loss,Beacon loss 0.05,boundary,compact-hex-safety-graph,200,0.05,0,0,6,38,NaN,1,1,1,1,5,5,5,0,9,0.06,0,984,2724,2560,132,32,26,436,1286,620,0,666,112,10,3,9,162,145,116,18,10.426413478,5.81632,5.066752,0.55784474807877,0.485953488291154,1,1,0,0,16776574911,2013457,94124725
16033015,5,churn-rejoin,State-loss and rejoin,boundary,compact-hex-safety-graph,200,0,0,1,4,12,3,1,1,1,1,5,5,5,0,9,0,0,992,2775,2775,0,0,0,306,932,516,0,416,70,1,0,1,146,70,89,6,9.485301012,5.316608,4.878336,0.560510203447827,0.514304816877012,1,1,0,0,16776574911,1080161,79733169
16033015,5,native,Native hex safety graph,source-native,compact-hex-safety-graph,200,0,0,0,4,12,NaN,1,1,1,1,5,5,5,0,9,0,0,994,2783,2783,0,0,0,303,952,584,0,368,62,0,0,0,143,78,82,5,9.462120902,5.312512,4.923392,0.561450445943583,0.520326473418803,1,1,0,0,16776574911,1080144,79417071
16033015,5,restricted-management,Local-only management,boundary,compact-hex-local-management,200,0,0,0,4,NaN,NaN,0,1,0,0,8,4,5,7,9,0.3,123,977,2599,2387,0,212,164,214,534,401,0,133,46,17,0,17,82,94,21,43,10.834383414,4.878336,4.32128,0.450264294107988,0.398848723999939,1,1,0,0,16776574911,1079808,124681203
16033015,10,beacon-loss,Beacon loss 0.05,boundary,compact-hex-safety-graph,200,0.05,0,0,20,175,NaN,0,1,1,0,9,9,10,0,16,0.135,5,1975,6651,6186,351,114,78,1236,5746,1116,0,4630,254,4,8,3,270,352,602,10,16.661863068,13.152256,8.593408,0.78936286694491,0.515753128262355,1,1,0,0,65083221144,2363393,278677279
16033015,10,churn-rejoin,State-loss and rejoin,boundary,compact-hex-safety-graph,200,0,0,1,12,NaN,2,1,1,1,0,11,10,10,0,13,0.045,3,1977,6683,6635,0,48,34,981,4379,1215,0,3164,169,1,0,1,274,140,566,2,15.122703764,12.115968,8.68352,0.801177368086941,0.574204198899363,1,1,0,0,65083221144,1430097,312045176
16033015,10,native,Native hex safety graph,source-native,compact-hex-safety-graph,200,0,0,0,12,NaN,NaN,1,1,1,0,12,10,10,0,13,0.045,3,1978,6687,6639,0,48,34,952,4332,1404,0,2928,156,1,0,1,272,143,536,1,15.720750602,12.00128,9.293824,0.763403752392916,0.591181950231921,1,1,0,0,65083221144,1430080,270805877
16033015,10,restricted-management,Local-only management,boundary,compact-hex-local-management,200,0,0,0,12,NaN,NaN,0,0,0,0,13,8,10,12,14,0.285,89,1968,6561,6317,0,244,170,696,1949,1107,0,842,195,11,5,8,320,183,177,43,16.796307706,10.911744,7.766016,0.649651351415888,0.462364475332029,1,1,0,0,65083221144,1420522,271676452
16033016,5,beacon-loss,Beacon loss 0.05,boundary,compact-hex-safety-graph,200,0.05,0,0,14,49,NaN,1,1,1,1,5,5,5,0,13,0.08,6,984,2729,2549,128,52,36,358,1086,608,0,478,81,9,3,8,126,156,64,17,10.829747392,5.496832,4.911104,0.50756788695372,0.453482784245537,1,1,0,0,16775170555,2013457,100785203
16033016,5,churn-rejoin,State-loss and rejoin,boundary,compact-hex-safety-graph,200,0,0,1,10,24,3,1,1,1,1,5,5,5,0,10,0.03,5,991,2768,2736,0,32,16,294,902,536,0,366,62,1,0,1,127,89,77,6,9.707830068,5.26336,4.829184,0.542176775152838,0.497452465295873,1,1,0,0,16775170555,1080161,78864497
16033016,5,native,Native hex safety graph,source-native,compact-hex-safety-graph,200,0,0,0,10,24,NaN,1,1,1,1,5,5,5,0,10,0.03,5,993,2776,2744,0,32,16,287,874,508,0,366,62,0,0,0,125,85,77,5,9.684649958,5.24288,4.808704,0.541359783031613,0.496528425999308,1,1,0,0,16775170555,1080144,78533026
16033016,5,restricted-management,Local-only management,boundary,compact-hex-local-management,200,0,0,0,10,156,NaN,1,1,1,1,5,5,5,4,10,0.23,69,973,2704,2498,0,206,134,331,744,501,0,243,75,20,3,18,141,117,50,49,10.607218336,5.341184,4.653056,0.503542383196966,0.438668824625578,1,1,0,0,16775170555,1079808,125535121
16033016,10,beacon-loss,Beacon loss 0.05,boundary,compact-hex-safety-graph,200,0.05,0,0,16,NaN,NaN,0,1,1,0,13,7,10,0,14,0.11,11,1975,6667,6256,303,108,70,1352,6420,1125,0,5295,280,4,0,4,338,289,721,7,14.756458026,13.627392,8.261632,0.92348665079312,0.559865516876983,1,1,0,0,64981555181,2363393,306166630
16033016,10,churn-rejoin,State-loss and rejoin,boundary,compact-hex-safety-graph,200,0,0,1,12,68,2,1,1,1,1,9,10,10,0,10,0.045,8,1978,6707,6657,0,50,26,1066,4710,1152,0,3558,193,0,0,0,296,116,654,1,13.291475074,12.468224,8.552448,0.938061722313244,0.643453638695813,1,1,0,0,64981555181,1430097,219313821
16033016,10,native,Native hex safety graph,source-native,compact-hex-safety-graph,200,0,0,0,12,61,NaN,1,1,1,1,9,10,10,0,10,0.045,8,1979,6711,6661,0,50,26,1008,4522,1080,0,3442,186,0,0,0,287,119,602,1,13.25902292,12.234752,8.495104,0.922749140251128,0.64070362131933,1,1,0,0,64981555181,1430080,224197080
16033016,10,restricted-management,Local-only management,boundary,compact-hex-local-management,200,0,0,0,14,NaN,NaN,0,0,0,0,14,8,10,9,12,0.27,76,1964,6592,6340,0,252,182,728,2157,1185,0,972,200,15,3,13,342,174,194,37,15.039255368,11.026432,7.790592,0.733176725189576,0.518017136445236,1,1,0,0,64981555181,1420522,272312420
16033017,5,beacon-loss,Beacon loss 0.05,boundary,compact-hex-safety-graph,200,0.05,0,0,10,45,NaN,1,1,1,0,9,5,5,0,10,0.12,3,985,2713,2489,136,88,52,459,1306,600,0,706,120,9,5,6,143,207,95,13,11.492698538,5.914624,5.025792,0.514641881577561,0.437303039262927,1,1,0,0,16791102894,2013457,115121689
16033017,5,churn-rejoin,State-loss and rejoin,boundary,compact-hex-safety-graph,200,0,0,1,6,14,3,1,1,1,1,5,5,5,0,9,0.01,1,992,2775,2767,0,8,4,313,958,548,0,410,69,1,0,1,143,78,91,6,9.522389188,5.34528,4.898816,0.561338115305774,0.514452402992878,1,1,0,0,16791102894,1080161,80984905
16033017,5,native,Native hex safety graph,source-native,compact-hex-safety-graph,200,0,0,0,6,14,NaN,1,1,1,1,5,5,5,0,9,0.01,1,994,2783,2775,0,8,4,334,1002,560,0,442,75,0,0,0,156,78,100,5,9.499209078,5.439488,4.943872,0.572625358104577,0.52045090906041,1,1,0,0,16791102894,1080144,80712067
16033017,5,restricted-management,Local-only management,boundary,compact-hex-local-management,200,0,0,0,6,NaN,NaN,0,0,0,0,4,4,4,9,9,0.36,155,973,2546,2278,0,268,222,259,584,418,0,166,56,21,1,20,89,129,19,52,11.413886164,5.046272,4.296704,0.442116902822827,0.376445317419761,1,1,0,0,16791102894,1079808,118334489
16033017,10,beacon-loss,Beacon loss 0.05,boundary,compact-hex-safety-graph,200,0.05,0,0,12,56,NaN,0,0,1,0,10,8,10,0,12,0.17,3,1972,6631,6199,316,116,85,1116,5564,1071,0,4493,236,6,0,6,264,312,534,10,14.608105322,12.648448,8.192,0.865851369578454,0.560784565789154,1,1,0,0,65123681805,2363393,262338100
16033017,10,churn-rejoin,State-loss and rejoin,boundary,compact-hex-safety-graph,200,0,0,1,10,36,2,1,1,1,1,8,10,10,0,10,0.035,4,1978,6705,6667,0,38,26,1106,4726,963,0,3763,202,0,0,0,311,98,697,2,12.512623378,12.632064,7.94624,1.00954560993261,0.635057873952418,1,1,0,0,65123681805,1430097,301811853
16033017,10,native,Native hex safety graph,source-native,compact-hex-safety-graph,200,0,0,0,10,36,NaN,1,1,1,1,9,10,10,0,10,0.035,4,1979,6709,6671,0,38,26,1057,4493,1026,0,3467,189,0,0,0,285,97,675,1,13.14312237,12.435456,8.4992,0.946156906245103,0.646665210954739,1,1,0,0,65123681805,1430080,253966195
16033017,10,restricted-management,Local-only management,boundary,compact-hex-local-management,200,0,0,0,13,NaN,NaN,0,0,0,0,11,6,10,9,10,0.245,56,1964,6556,6324,0,232,167,627,1813,1011,0,802,176,15,2,14,280,185,145,49,14.07032677,10.612736,7.135232,0.754263648135586,0.507112032054107,1,1,0,0,65123681805,1420522,281492644
16033018,5,beacon-loss,Beacon loss 0.05,boundary,compact-hex-safety-graph,200,0.05,0,0,11,43,NaN,0,1,1,0,6,4,5,0,13,0.07,0,987,2748,2564,128,56,30,440,1252,556,0,696,119,7,3,6,166,146,118,14,10.922467832,5.844992,5.03808,0.535134741516536,0.461258396682088,1,1,0,0,16819606575,2013457,104063018
16033018,5,churn-rejoin,State-loss and rejoin,boundary,compact-hex-safety-graph,200,0,0,1,64,76,4,1,1,1,1,5,5,5,0,10,0.3,0,993,2661,2193,0,468,234,483,1064,588,0,476,99,0,0,0,135,298,50,5,10.857563524,6.045696,4.595712,0.556818846754739,0.42327286318348,1,1,0,0,16819606575,1080161,101491032
16033018,5,native,Native hex safety graph,source-native,compact-hex-safety-graph,200,0,0,0,NaN,NaN,NaN,0,0,1,0,10,1,5,0,7,0.995,0,994,2387,803,0,1584,792,920,1302,504,0,798,199,0,0,0,126,794,0,0,13.908066,7.839744,3.780608,0.563683261209718,0.271828448326317,1,1,0,0,16819606575,1080144,150939667
16033018,5,restricted-management,Local-only management,boundary,compact-hex-local-management,200,0,0,0,NaN,NaN,NaN,0,0,1,0,10,1,5,0,7,0.995,0,994,2387,803,0,1584,792,920,653,253,0,400,199,0,0,0,126,794,0,0,13.908066,7.839744,3.780608,0.563683261209718,0.271828448326317,1,1,0,0,16819606575,1079808,150939667
16033018,10,beacon-loss,Beacon loss 0.05,boundary,compact-hex-safety-graph,200,0.05,0,0,18,72,NaN,0,1,1,0,14,8,10,0,14,0.18,7,1974,6628,6169,310,149,95,1357,6599,1143,0,5456,279,5,8,4,340,327,677,8,15.261784424,13.643776,8.364032,0.893983011484844,0.548037619169033,1,1,0,0,65013815311,2363393,251128815
16033018,10,churn-rejoin,State-loss and rejoin,boundary,compact-hex-safety-graph,200,0,0,1,8,31,3,1,1,1,1,8,10,10,0,10,0.02,4,1978,6718,6698,0,20,12,1058,4682,1053,0,3629,190,1,0,1,308,96,653,3,12.44771907,12.435456,7.733248,0.999014833968293,0.621258236670664,1,1,0,0,65013815311,1430097,330657602
16033018,10,native,Native hex safety graph,source-native,compact-hex-safety-graph,200,0,0,0,8,31,NaN,1,1,1,1,8,10,10,0,10,0.02,4,1980,6726,6706,0,20,12,1057,4605,1134,0,3471,188,0,0,0,295,100,662,2,12.234462058,12.439552,7.770112,1.01676329870719,0.635100420693952,1,1,0,0,65013815311,1430080,316441722
16033018,10,restricted-management,Local-only management,boundary,compact-hex-local-management,200,0,0,0,8,NaN,NaN,1,0,0,0,10,10,10,9,11,0.28,85,1959,6578,6368,0,210,163,608,1813,1135,0,678,155,21,0,20,271,181,135,50,14.367032178,10.514432,7.450624,0.731844396931231,0.51859172497776,1,1,0,0,65013815311,1420522,281429656
16033019,5,beacon-loss,Beacon loss 0.05,boundary,compact-hex-safety-graph,200,0.05,0,0,14,52,NaN,1,1,1,0,11,5,5,0,12,0.09,1,983,2704,2504,148,52,38,380,1142,640,0,502,85,11,3,10,123,180,63,15,10.996644184,5.582848,4.947968,0.507686518412861,0.449952541630768,1,1,0,0,16840693288,2013457,106354409
16033019,5,churn-rejoin,State-loss and rejoin,boundary,compact-hex-safety-graph,200,0,0,1,6,14,3,1,1,1,1,5,5,5,0,9,0.01,1,992,2771,2767,0,4,4,311,998,640,0,358,60,1,0,1,140,89,81,6,9.531661232,5.337088,4.95616,0.55993261511248,0.519968123013124,1,1,0,0,16840693288,1080161,80805931
16033019,5,native,Native hex safety graph,source-native,compact-hex-safety-graph,200,0,0,0,6,14,NaN,1,1,1,1,5,5,5,0,9,0.01,1,994,2779,2775,0,4,4,300,922,516,0,406,68,0,0,0,137,73,90,5,9.508481122,5.300224,4.870144,0.557420678654632,0.512189479845717,1,1,0,0,16840693288,1080144,80476889
16033019,5,restricted-management,Local-only management,boundary,compact-hex-local-management,200,0,0,0,6,NaN,NaN,1,1,0,0,8,5,5,8,10,0.23,64,978,2623,2466,0,157,113,228,566,437,0,129,54,16,1,15,84,106,21,41,11.724499638,4.939776,4.460544,0.421320836924231,0.38044642737188,1,1,0,0,16840693288,1079808,108597386
16033019,10,beacon-loss,Beacon loss 0.05,boundary,compact-hex-safety-graph,200,0.05,0,0,13,NaN,NaN,1,1,1,0,16,10,10,0,17,0.135,6,1975,6674,6245,345,84,60,1454,6832,954,0,5878,316,5,0,5,332,321,796,9,17.417534654,14.045184,8.466432,0.806381860522061,0.486086703324322,1,1,0,0,64931294742,2363393,280307054
16033019,10,churn-rejoin,State-loss and rejoin,boundary,compact-hex-safety-graph,200,0,0,1,10,25,3,1,1,1,1,8,10,10,0,10,0.03,3,1978,6718,6698,0,20,16,1143,5029,1062,0,3967,208,1,0,1,330,100,712,3,12.294730344,12.783616,7.815168,1.03976383721491,0.635651842808729,1,1,0,0,64931294742,1430097,309900465
16033019,10,native,Native hex safety graph,source-native,compact-hex-safety-graph,200,0,0,0,10,25,NaN,1,1,1,1,8,10,10,0,10,0.03,3,1980,6726,6706,0,20,16,1042,4676,1107,0,3569,188,0,0,0,300,105,637,2,12.271550234,12.378112,7.76192,1.00868364338393,0.632513403114673,1,1,0,0,64931294742,1430080,308533669
16033019,10,restricted-management,Local-only management,boundary,compact-hex-local-management,200,0,0,0,10,NaN,NaN,0,1,0,0,13,9,10,13,12,0.33,113,1961,6563,6273,0,290,240,662,1919,1142,0,777,166,19,3,16,287,218,135,56,14.821362334,10.743808,7.483392,0.724886670866541,0.504905813066401,1,1,0,0,64931294742,1420522,290809616
16033020,5,beacon-loss,Beacon loss 0.05,boundary,compact-hex-safety-graph,200,0.05,0,0,7,40,NaN,0,1,1,0,6,4,5,0,9,0.1,3,982,2712,2504,146,62,40,396,1252,684,0,568,95,11,3,10,131,178,73,18,10.440321544,5.644288,5.029888,0.540623962223055,0.481775200007192,1,1,0,0,16730995570,2013457,94983237
16033020,5,churn-rejoin,State-loss and rejoin,boundary,compact-hex-safety-graph,200,0,0,1,10,22,3,1,1,1,1,5,5,5,0,9,0.03,0,990,2757,2741,0,16,12,314,1010,652,0,358,60,2,0,2,140,98,74,9,9.82836664,5.341184,4.943872,0.543445741865405,0.503020713521123,1,1,0,0,16730995570,1080161,83767439
16033020,5,native,Native hex safety graph,source-native,compact-hex-safety-graph,200,0,0,0,10,22,NaN,1,1,1,1,5,5,5,0,9,0.03,0,992,2765,2749,0,16,12,264,834,512,0,322,54,1,0,1,117,80,66,8,9.791278464,5.144576,4.784128,0.525424337476998,0.488611167335298,1,1,0,0,16730995570,1080144,83314051
16033020,5,restricted-management,Local-only management,boundary,compact-hex-local-management,200,0,0,0,10,NaN,NaN,1,0,0,0,3,5,5,8,10,0.49,294,979,2499,1959,0,540,325,212,492,371,0,121,40,14,0,14,88,88,22,40,10.495953808,4.878336,3.97312,0.46478253327313,0.378538251280383,1,1,0,0,16730995570,1079808,157546081
16033020,10,beacon-loss,Beacon loss 0.05,boundary,compact-hex-safety-graph,200,0.05,0,0,16,NaN,NaN,0,1,1,0,18,8,10,0,19,0.135,7,1974,6663,6250,325,88,59,1258,6276,1314,0,4962,263,5,0,5,316,303,634,7,19.967346754,13.238272,9.07264,0.662996048653686,0.454373839037102,1,1,0,0,65125415590,2363393,279461165
16033020,10,churn-rejoin,State-loss and rejoin,boundary,compact-hex-safety-graph,200,0,0,1,12,29,3,1,1,1,1,9,10,10,0,10,0.03,4,1976,6697,6659,0,38,18,926,4194,990,0,3204,165,2,0,2,282,97,545,5,13.217298722,11.886592,8.37632,0.899320825685429,0.633739175922364,1,1,0,0,65125415590,1430097,261508697
16033020,10,native,Native hex safety graph,source-native,compact-hex-safety-graph,200,0,0,0,12,29,NaN,1,1,1,1,9,10,10,0,10,0.03,4,1978,6705,6667,0,38,18,979,4495,1125,0,3370,175,1,0,1,296,110,572,4,13.194118612,12.111872,8.486912,0.917975073301547,0.643234478147042,1,1,0,0,65125415590,1430080,265627302
16033020,10,restricted-management,Local-only management,boundary,compact-hex-local-management,200,0,0,0,12,NaN,NaN,1,1,0,0,12,10,10,14,15,0.195,57,1964,6606,6360,0,246,140,676,1985,1155,0,830,174,15,1,13,314,189,157,49,15.60021403,10.81344,7.471104,0.693159720706729,0.478910352488286,1,1,0,0,65125415590,1420522,270949246
16033021,5,beacon-loss,Beacon loss 0.05,boundary,compact-hex-safety-graph,200,0.05,0,0,17,59,NaN,0,1,1,0,9,2,5,0,12,0.105,4,985,2693,2487,142,64,48,407,1186,584,0,602,103,8,3,7,137,179,80,14,11.603963066,5.701632,4.947968,0.491352132678358,0.426403287554207,1,1,0,0,16786240928,2013457,114373430
16033021,5,churn-rejoin,State-loss and rejoin,boundary,compact-hex-safety-graph,200,0,0,1,6,14,3,1,1,1,1,5,5,5,0,8,0.01,1,992,2771,2767,0,4,4,338,1038,600,0,438,74,1,0,1,157,82,98,6,9.513117144,5.44768,4.972544,0.572649313315341,0.5227039596728,1,1,0,0,16786240928,1080161,80380107
16033021,5,native,Native hex safety graph,source-native,compact-hex-safety-graph,200,0,0,0,6,14,NaN,1,1,1,1,5,5,5,0,8,0.01,1,994,2779,2775,0,4,4,312,982,588,0,394,66,0,0,0,139,81,92,5,9.489937034,5.349376,4.93568,0.563689303820938,0.520096180018553,1,1,0,0,16786240928,1080144,80035651
16033021,5,restricted-management,Local-only management,boundary,compact-hex-local-management,200,0,0,0,6,NaN,NaN,1,1,0,0,8,5,5,6,8,0.32,89,975,2623,2390,0,233,167,333,748,469,0,279,91,19,1,18,121,146,46,44,11.094000646,5.357568,4.558848,0.48292479610876,0.410929126964105,1,1,0,0,16786240928,1079808,116172213
16033021,10,beacon-loss,Beacon loss 0.05,boundary,compact-hex-safety-graph,200,0.05,0,0,9,NaN,NaN,0,1,1,0,12,8,10,0,14,0.12,0,1976,6670,6224,346,100,58,1505,6959,1044,0,5915,317,4,8,3,366,303,824,5,15.864467284,14.258176,8.634368,0.898749119321516,0.544258300353276,1,1,0,0,65100695130,2363393,266585205
16033021,10,churn-rejoin,State-loss and rejoin,boundary,compact-hex-safety-graph,200,0,0,1,8,31,3,1,1,1,1,7,10,10,0,10,0.02,0,1978,6718,6690,0,28,14,1113,4751,918,0,3833,210,1,0,1,309,112,691,4,11.348981856,12.660736,6.934528,1.11558342066663,0.611026441665676,1,1,0,0,65100695130,1430097,264757921
16033021,10,native,Native hex safety graph,source-native,compact-hex-safety-graph,200,0,0,0,8,31,NaN,1,1,1,1,7,10,10,0,10,0.02,0,1980,6726,6698,0,28,14,1036,4642,1107,0,3535,194,0,0,0,295,131,610,3,11.353617878,12.353536,6.9632,1.08807043999055,0.613302303708199,1,1,0,0,65100695130,1430080,271532503
16033021,10,restricted-management,Local-only management,boundary,compact-hex-local-management,200,0,0,0,8,NaN,NaN,1,1,0,0,9,10,10,11,12,0.18,71,1966,6614,6392,0,222,131,623,1826,1069,0,757,164,14,3,12,307,140,159,44,13.806073516,10.604544,6.938624,0.768107165857858,0.502577651202477,1,1,0,0,65100695130,1420522,260898988
16033022,5,beacon-loss,Beacon loss 0.05,boundary,compact-hex-safety-graph,200,0.05,0,0,7,23,NaN,1,1,1,0,6,5,5,0,10,0.08,5,986,2737,2526,155,56,36,404,1236,620,0,616,103,7,0,7,130,182,85,13,10.505225852,5.69344,5.021696,0.541962646040216,0.478018851831154,1,1,0,0,16825920157,2013457,96951700
16033022,5,churn-rejoin,State-loss and rejoin,boundary,compact-hex-safety-graph,200,0,0,1,7,14,3,1,1,1,1,5,5,5,0,10,0.02,3,991,2768,2744,0,24,12,337,1010,520,0,490,82,1,0,1,149,79,108,6,9.559477364,5.439488,4.902912,0.56901520793224,0.512884942691936,1,1,0,0,16825920157,1080161,79422089
16033022,5,native,Native hex safety graph,source-native,compact-hex-safety-graph,200,0,0,0,7,14,NaN,1,1,1,1,5,5,5,0,10,0.02,3,993,2776,2752,0,24,12,283,910,608,0,302,51,0,0,0,127,89,67,5,9.494573056,5.226496,4.87424,0.550471934775115,0.513371161741683,1,1,0,0,16825920157,1080144,78815828
16033022,5,restricted-management,Local-only management,boundary,compact-hex-local-management,200,0,0,0,7,NaN,NaN,0,1,0,0,14,4,5,11,10,0.25,84,973,2671,2457,0,214,146,252,573,392,0,181,57,20,0,20,85,124,23,39,12.651704038,5.0176,4.431872,0.396594797422497,0.350298425151953,1,1,0,0,16825920157,1079808,100548128
16033022,10,beacon-loss,Beacon loss 0.05,boundary,compact-hex-safety-graph,200,0.05,0,0,12,NaN,NaN,0,1,1,0,17,8,10,0,17,0.085,9,1976,6683,6293,320,70,48,1265,5935,1017,0,4918,267,4,0,4,283,290,688,5,18.608992308,13.275136,8.953856,0.71337210421077,0.481157488369251,1,1,0,0,65008114856,2363393,267587702
16033022,10,churn-rejoin,State-loss and rejoin,boundary,compact-hex-safety-graph,200,0,0,1,10,46,2,1,1,1,1,8,10,10,0,10,0.03,3,1978,6705,6677,0,28,22,986,4632,1125,0,3507,180,1,0,1,303,123,559,5,12.647068016,12.140544,7.933952,0.959949292961879,0.627335283558421,1,1,0,0,65008114856,1430097,293561560
16033022,10,native,Native hex safety graph,source-native,compact-hex-safety-graph,200,0,0,0,10,46,NaN,1,1,1,1,9,10,10,0,10,0.03,3,1979,6709,6681,0,28,22,987,4569,1224,0,3345,172,1,0,1,300,114,572,4,13.272930986,12.148736,8.523776,0.915301677739018,0.642192444833074,1,1,0,0,65008114856,1430080,240521260
16033022,10,restricted-management,Local-only management,boundary,compact-hex-local-management,200,0,0,0,10,NaN,NaN,1,1,0,0,22,10,10,20,12,0.32,75,1960,6545,6257,0,288,207,553,1637,1095,0,542,140,20,2,19,217,246,68,56,17.589067468,10.293248,7.340032,0.58520714749242,0.417306489576767,1,1,0,0,65008114856,1420522,273836346
16033023,5,beacon-loss,Beacon loss 0.05,boundary,compact-hex-safety-graph,200,0.05,0,0,8,24,NaN,1,1,1,0,7,5,5,0,11,0.09,3,984,2728,2547,133,48,36,383,1206,632,0,574,96,10,3,9,132,159,79,18,11.1264528,5.599232,4.99712,0.503236035837046,0.449120675728746,1,1,0,0,16810183966,2013457,107516245
16033023,5,churn-rejoin,State-loss and rejoin,boundary,compact-hex-safety-graph,200,0,0,1,8,16,3,1,1,1,1,5,5,5,0,10,0.02,0,992,2767,2759,0,8,8,337,1020,524,0,496,83,1,0,1,153,78,105,6,9.554841342,5.443584,4.923392,0.569719978088151,0.515277211182812,1,1,0,0,16810183966,1080161,80043130
16033023,5,native,Native hex safety graph,source-native,compact-hex-safety-graph,200,0,0,0,8,16,NaN,1,1,1,1,5,5,5,0,10,0.02,0,994,2775,2767,0,8,8,363,1084,528,0,556,93,0,0,0,165,78,120,5,9.531661232,5.558272,4.97664,0.583137804073396,0.522116751620616,1,1,0,0,16810183966,1080144,79782810
16033023,5,restricted-management,Local-only management,boundary,compact-hex-local-management,200,0,0,0,8,NaN,NaN,1,1,0,0,7,5,5,6,10,0.25,82,971,2612,2434,0,178,132,205,489,389,0,100,33,23,1,22,63,112,6,49,11.061548492,4.816896,4.370432,0.435463082179109,0.395101282895502,1,1,0,0,16810183966,1079808,108123340
16033023,10,beacon-loss,Beacon loss 0.05,boundary,compact-hex-safety-graph,200,0.05,0,0,15,111,NaN,1,1,1,0,10,10,10,0,12,0.085,8,1977,6681,6311,306,64,44,1422,6536,1044,0,5492,291,2,0,2,356,258,806,4,14.408756376,13.922304,8.43776,0.966239114375599,0.585599463257939,1,1,0,0,64925946585,2363393,255872616
16033023,10,churn-rejoin,State-loss and rejoin,boundary,compact-hex-safety-graph,200,0,0,1,9,62,2,1,1,1,1,9,10,10,0,10,0.025,6,1978,6701,6685,0,16,18,1124,4912,1233,0,3679,201,0,0,0,312,111,701,1,13.147758392,12.705792,8.429568,0.966384658219083,0.641141078857148,1,1,0,0,64925946585,1430097,240308609
16033023,10,native,Native hex safety graph,source-native,compact-hex-safety-graph,200,0,0,0,9,62,NaN,1,1,1,1,8,10,10,0,10,0.025,6,1979,6705,6689,0,16,18,1113,4917,1062,0,3855,202,0,0,0,325,99,689,2,12.503351334,12.664832,7.7824,1.01291499068421,0.622425123641655,1,1,0,0,64925946585,1430080,298059875
16033023,10,restricted-management,Local-only management,boundary,compact-hex-local-management,200,0,0,0,9,NaN,NaN,0,1,0,0,11,6,9,12,11,0.22,76,1964,6545,6353,0,192,144,620,1892,1057,0,835,167,15,3,13,293,146,163,44,14.376304222,10.584064,6.868992,0.736215917287229,0.477799571706921,1,1,0,0,64925946585,1420522,267470075
16033024,5,beacon-loss,Beacon loss 0.05,boundary,compact-hex-safety-graph,200,0.05,0,0,6,104,NaN,1,1,1,1,5,5,5,0,9,0.09,2,988,2741,2534,151,56,36,378,1168,620,0,548,92,6,0,6,129,167,76,13,10.4310495,5.595136,4.984832,0.536392431078004,0.477884032666128,1,1,0,0,16889820484,2013457,93708803
16033024,5,churn-rejoin,State-loss and rejoin,boundary,compact-hex-safety-graph,200,0,0,1,4,10,3,1,1,1,1,5,5,5,0,9,0,0,992,2775,2775,0,0,0,273,892,600,0,292,49,1,0,1,126,81,65,6,9.45748488,5.18144,4.878336,0.547866590932366,0.515817478103121,1,1,0,0,16889820484,1080161,77984249
16033024,5,native,Native hex safety graph,source-native,compact-hex-safety-graph,200,0,0,0,4,10,NaN,1,1,1,1,5,5,5,0,9,0,0,994,2783,2783,0,0,0,309,960,568,0,392,66,0,0,0,147,76,86,5,9.43430477,5.337088,4.923392,0.565710789519046,0.521860605527163,1,1,0,0,16889820484,1080144,77744537
16033024,5,restricted-management,Local-only management,boundary,compact-hex-local-management,200,0,0,0,4,NaN,NaN,1,1,0,0,8,5,5,7,9,0.26,84,972,2596,2364,0,232,162,295,680,374,0,306,81,22,5,18,99,132,37,46,10.73239093,5.189632,4.399104,0.483548543269473,0.409890398951392,1,1,0,0,16889820484,1079808,111684985
16033024,10,beacon-loss,Beacon loss 0.05,boundary,compact-hex-safety-graph,200,0.05,0,0,18,95,NaN,0,0,1,0,11,8,10,0,14,0.12,6,1976,6668,6251,310,107,65,1306,6186,963,0,5223,271,4,0,4,338,254,710,9,15.215424204,13.443072,8.466432,0.883516083400812,0.556437460203985,1,1,0,0,64951602899,2363393,273378865
16033024,10,churn-rejoin,State-loss and rejoin,boundary,compact-hex-safety-graph,200,0,0,1,14,NaN,2,1,1,1,0,10,10,10,0,13,0.045,3,1978,6704,6670,0,34,31,1113,4829,882,0,3947,204,1,0,1,317,101,694,3,15.104159676,12.660736,8.47872,0.838228426578241,0.561349997740847,1,1,0,0,64951602899,1430097,321071273
16033024,10,native,Native hex safety graph,source-native,compact-hex-safety-graph,200,0,0,0,14,156,NaN,1,1,1,1,9,10,10,0,13,0.045,3,1979,6708,6674,0,34,31,1166,4988,729,0,4259,218,1,0,1,338,91,736,4,14.529292948,12.88192,8.470528,0.886617129003049,0.582996573220447,1,1,0,0,64951602899,1430080,279724549
16033024,10,restricted-management,Local-only management,boundary,compact-hex-local-management,200,0,0,0,19,NaN,NaN,1,1,0,0,11,10,10,12,13,0.295,88,1969,6610,6326,0,284,197,671,1920,1109,0,811,175,11,6,8,313,194,147,48,15.164427962,10.81344,7.262208,0.71307932136293,0.478897589688059,1,1,0,0,64951602899,1420522,260953154
16033025,5,beacon-loss,Beacon loss 0.05,boundary,compact-hex-safety-graph,200,0.05,0,0,10,102,NaN,0,1,1,0,6,4,5,0,12,0.085,2,986,2727,2539,146,42,34,454,1250,552,0,698,119,8,3,7,160,171,112,15,11.089364624,5.89824,5.033984,0.531882592013867,0.45394701776739,1,1,0,0,16760515281,2013457,104000287
16033025,5,churn-rejoin,State-loss and rejoin,boundary,compact-hex-safety-graph,200,0,0,1,10,42,3,1,1,1,1,5,5,5,0,10,0.03,2,991,2759,2739,0,20,12,275,792,476,0,316,54,2,0,2,120,87,66,9,10.166796246,5.185536,4.755456,0.510046220513191,0.467743808859253,1,1,0,0,16760515281,1080161,87671798
16033025,5,native,Native hex safety graph,source-native,compact-hex-safety-graph,200,0,0,0,10,42,NaN,1,1,1,1,5,5,5,0,10,0.03,2,993,2767,2747,0,20,12,322,912,508,0,404,69,1,0,1,142,90,89,8,10.143616136,5.38624,4.857856,0.530998011733121,0.478907712483256,1,1,0,0,16760515281,1080144,87427699
16033025,5,restricted-management,Local-only management,boundary,compact-hex-local-management,200,0,0,0,10,NaN,NaN,0,1,0,0,5,3,4,5,10,0.27,93,974,2617,2410,0,207,165,366,814,474,0,340,96,20,5,17,146,134,61,51,11.803312012,5.48864,4.603904,0.465008464947796,0.390051876568151,1,1,0,0,16760515281,1079808,122993820
16033025,10,beacon-loss,Beacon loss 0.05,boundary,compact-hex-safety-graph,200,0.05,0,0,26,NaN,NaN,0,1,1,0,13,9,10,0,16,0.145,6,1974,6668,6242,332,94,64,1239,5793,1062,0,4731,254,4,0,4,286,288,661,9,17.320178192,13.160448,8.368128,0.759833291211673,0.483143297213024,1,1,0,0,65060342346,2363393,268448249
16033025,10,churn-rejoin,State-loss and rejoin,boundary,compact-hex-safety-graph,200,0,0,1,12,80,2,1,1,1,1,8,10,10,0,10,0.04,3,1977,6706,6678,0,28,22,1067,4931,1116,0,3815,192,0,0,0,343,112,612,2,12.67952017,12.468224,7.766016,0.983335633591251,0.612485006993762,1,1,0,0,65060342346,1430097,305296728
16033025,10,native,Native hex safety graph,source-native,compact-hex-safety-graph,200,0,0,0,12,135,NaN,1,1,1,1,8,10,10,0,10,0.04,3,1978,6710,6682,0,28,22,1068,5006,1251,0,3755,188,0,0,0,342,116,610,2,12.93450138,12.476416,7.815168,0.964584225820385,0.604210998970878,1,1,0,0,65060342346,1430080,300426973
16033025,10,restricted-management,Local-only management,boundary,compact-hex-local-management,200,0,0,0,12,NaN,NaN,0,0,0,0,14,7,10,14,12,0.295,92,1960,6548,6266,0,282,202,668,1902,1087,0,815,182,18,2,17,290,208,150,43,14.686917696,10.764288,7.073792,0.732916751002946,0.481638976020582,1,1,0,0,65060342346,1420522,248506597
16033026,5,beacon-loss,Beacon loss 0.05,boundary,compact-hex-safety-graph,200,0.05,0,0,9,54,NaN,1,1,1,0,6,5,5,0,9,0.115,3,980,2716,2520,117,79,47,421,1276,616,0,660,111,11,3,10,142,172,93,16,10.4310495,5.738496,5.001216,0.550136014597572,0.479454727925507,1,1,0,0,16782524591,2013457,94590422
16033026,5,churn-rejoin,State-loss and rejoin,boundary,compact-hex-safety-graph,200,0,0,1,7,14,3,1,1,1,1,5,5,5,0,9,0.02,0,991,2764,2748,0,16,8,369,1124,624,0,500,84,1,0,1,164,93,111,6,9.522389188,5.57056,5.025792,0.584996043537052,0.527786871632326,1,1,0,0,16782524591,1080161,79170697
16033026,5,native,Native hex safety graph,source-native,compact-hex-safety-graph,200,0,0,0,7,14,NaN,1,1,1,1,5,5,5,0,9,0.02,0,993,2772,2756,0,16,8,353,1100,660,0,440,74,0,0,0,157,97,99,5,9.499209078,5.513216,5.029888,0.580386846392139,0.529505978729232,1,1,0,0,16782524591,1080144,78846849
16033026,5,restricted-management,Local-only management,boundary,compact-hex-local-management,200,0,0,0,7,NaN,NaN,0,1,0,0,6,3,4,9,10,0.3,75,977,2631,2439,0,192,164,263,566,385,0,181,65,16,2,14,80,146,19,47,11.446338318,5.07904,4.390912,0.443726182023899,0.383608441233564,1,1,0,0,16782524591,1079808,102852292
16033026,10,beacon-loss,Beacon loss 0.05,boundary,compact-hex-safety-graph,200,0.05,0,0,12,NaN,NaN,0,1,1,0,12,9,10,0,14,0.09,2,1976,6694,6309,317,68,37,1564,7228,1035,0,6193,321,3,0,3,406,251,904,7,16.309525396,14.49984,8.413184,0.889041198191835,0.515844808216392,1,1,0,0,65087646374,2363393,237929008
16033026,10,churn-rejoin,State-loss and rejoin,boundary,compact-hex-safety-graph,200,0,0,1,6,21,3,1,1,1,1,8,10,10,0,9,0.01,1,1978,6722,6714,0,8,4,1057,4821,1188,0,3633,189,1,0,1,321,97,638,3,12.299366366,12.43136,7.794688,1.01073174260138,0.633747119001789,1,1,0,0,65087646374,1430097,317838090
16033026,10,native,Native hex safety graph,source-native,compact-hex-safety-graph,200,0,0,0,6,21,NaN,1,1,1,1,8,10,10,0,9,0.01,1,1980,6730,6722,0,8,4,1027,4757,1332,0,3425,184,0,0,0,308,115,604,2,12.188101838,12.316672,7.847936,1.01054882570797,0.643901413387583,1,1,0,0,65087646374,1430080,309406730
16033026,10,restricted-management,Local-only management,boundary,compact-hex-local-management,200,0,0,0,6,NaN,NaN,0,1,0,0,11,9,10,11,11,0.24,56,1965,6551,6324,0,227,141,600,1820,1135,0,685,157,15,5,12,283,173,124,60,13.97760633,10.50624,6.606848,0.751648011251437,0.472673778615426,1,1,0,0,65087646374,1420522,257899737
16033027,5,beacon-loss,Beacon loss 0.05,boundary,compact-hex-safety-graph,200,0.05,0,0,20,38,NaN,1,1,1,0,6,5,5,0,13,0.06,0,983,2727,2557,130,40,24,372,1140,580,0,560,94,11,0,11,125,165,71,19,11.084728602,5.55008,4.95616,0.50069606566629,0.447116043879123,1,1,0,0,16680527627,2013457,106042799
16033027,5,churn-rejoin,State-loss and rejoin,boundary,compact-hex-safety-graph,200,0,0,1,4,10,3,1,1,1,1,5,5,5,0,7,0,0,992,2775,2775,0,0,0,343,1044,560,0,484,81,1,0,1,158,76,108,6,9.45748488,5.46816,4.968448,0.578183319284355,0.525345592728032,1,1,0,0,16680527627,1080161,77603079
16033027,5,native,Native hex safety graph,source-native,compact-hex-safety-graph,200,0,0,0,4,10,NaN,1,1,1,1,5,5,5,0,7,0,0,994,2783,2783,0,0,0,342,1024,516,0,508,85,0,0,0,159,70,113,5,9.43430477,5.472256,4.947968,0.580038077357978,0.524465566952423,1,1,0,0,16680527627,1080144,77672935
16033027,5,restricted-management,Local-only management,boundary,compact-hex-local-management,200,0,0,0,4,NaN,NaN,1,1,0,0,6,5,5,8,10,0.255,78,979,2660,2464,0,196,132,241,550,344,0,206,62,15,1,14,86,110,29,40,11.399978098,4.99712,4.415488,0.438344701809268,0.387324252910157,1,1,0,0,16680527627,1079808,90258938
16033027,10,beacon-loss,Beacon loss 0.05,boundary,compact-hex-safety-graph,200,0.05,0,0,19,NaN,NaN,1,1,1,0,13,10,10,0,17,0.095,5,1973,6680,6317,317,46,42,1201,5811,963,0,4848,255,5,16,3,301,254,625,6,16.453242078,13.000704,8.216576,0.790160622348317,0.499389479656813,1,1,0,0,65084341277,2363393,291615866
16033027,10,churn-rejoin,State-loss and rejoin,boundary,compact-hex-safety-graph,200,0,0,1,8,9,3,1,1,1,1,9,10,10,0,10,0.01,1,1976,6710,6702,0,8,6,1033,4775,1233,0,3542,183,1,0,1,315,101,616,2,13.041129886,12.324864,8.593408,0.945076393513346,0.658946584776006,1,1,0,0,65084341277,1430097,266953316
16033027,10,native,Native hex safety graph,source-native,compact-hex-safety-graph,200,0,0,0,8,9,NaN,1,1,1,1,9,10,10,0,10,0.01,1,1978,6718,6710,0,8,6,933,4215,1161,0,3054,164,0,0,0,268,95,570,1,13.017949776,11.923456,8.491008,0.915924258824702,0.65225386071577,1,1,0,0,65084341277,1430080,270835491
16033027,10,restricted-management,Local-only management,boundary,compact-hex-local-management,200,0,0,0,8,NaN,NaN,0,1,0,0,14,9,9,11,13,0.195,38,1964,6581,6424,0,157,121,636,1855,1082,0,773,176,14,7,9,303,161,151,50,16.513510364,10.6496,6.950912,0.644902250657527,0.420922738217624,1,1,0,0,65084341277,1420522,265579618
16033028,5,beacon-loss,Beacon loss 0.05,boundary,compact-hex-safety-graph,200,0.05,0,0,7,30,NaN,1,1,1,1,5,5,5,0,10,0.05,0,984,2734,2565,141,28,20,392,1200,640,0,560,94,10,0,10,143,154,85,15,10.208520444,5.636096,5.033984,0.552097243759999,0.493115924840871,1,1,0,0,16742633887,2013457,89490546
16033028,5,churn-rejoin,State-loss and rejoin,boundary,compact-hex-safety-graph,200,0,0,1,4,12,3,1,1,1,1,5,5,5,0,10,0,0,992,2775,2775,0,0,0,328,1008,560,0,448,75,1,0,1,147,76,104,6,9.489937034,5.40672,4.943872,0.569731915041071,0.520959410192858,1,1,0,0,16742633887,1080161,78228194
16033028,5,native,Native hex safety graph,source-native,compact-hex-safety-graph,200,0,0,0,4,12,NaN,1,1,1,1,5,5,5,0,10,0,0,994,2783,2783,0,0,0,272,872,556,0,316,53,0,0,0,123,75,74,5,9.466756924,5.185536,4.857856,0.547762664831258,0.513148910339551,1,1,0,0,16742633887,1080144,77839626
16033028,5,restricted-management,Local-only management,boundary,compact-hex-local-management,200,0,0,0,4,NaN,NaN,1,0,0,0,7,5,5,7,10,0.295,92,975,2611,2408,0,203,161,252,538,328,0,210,62,19,4,17,84,125,20,48,10.857563524,5.025792,4.354048,0.462883960005464,0.401015199254937,1,1,0,0,16742633887,1079808,111629817
16033028,10,beacon-loss,Beacon loss 0.05,boundary,compact-hex-safety-graph,200,0.05,0,0,23,63,NaN,1,1,1,0,10,10,10,0,13,0.125,2,1975,6683,6258,343,82,59,1232,5906,1125,0,4781,251,4,8,3,307,289,624,9,14.839906422,13.135872,8.220672,0.88517215853371,0.553957131954211,1,1,0,0,65089407320,2363393,275324510
16033028,10,churn-rejoin,State-loss and rejoin,boundary,compact-hex-safety-graph,200,0,0,1,11,100,2,1,1,1,1,8,10,10,0,11,0.03,1,1978,6714,6698,0,16,16,1137,5001,1062,0,3939,207,1,0,1,330,103,703,5,13.082854084,12.75904,7.790592,0.975248972286864,0.59548107392925,1,1,0,0,65089407320,1430097,296013208
16033028,10,native,Native hex safety graph,source-native,compact-hex-safety-graph,200,0,0,0,11,114,NaN,1,1,1,1,8,10,10,0,11,0.03,1,1979,6718,6702,0,16,16,1152,5042,981,0,4061,210,1,0,1,346,93,712,5,13.249750876,12.824576,7.770112,0.967910726776747,0.586434573202009,1,1,0,0,65089407320,1430080,268986664
16033028,10,restricted-management,Local-only management,boundary,compact-hex-local-management,200,0,0,0,14,NaN,NaN,1,1,0,0,13,10,10,12,12,0.225,91,1964,6583,6329,0,254,171,643,1894,1088,0,806,165,16,4,14,302,172,149,50,15.479677458,10.678272,6.909952,0.689825225943671,0.446388629139614,1,1,0,0,65089407320,1420522,261690235
16033029,5,beacon-loss,Beacon loss 0.05,boundary,compact-hex-safety-graph,200,0.05,0,0,8,38,NaN,1,1,1,1,5,5,5,0,10,0.07,5,984,2735,2558,139,38,28,418,1280,656,0,624,105,10,0,10,154,152,102,17,10.59331027,5.742592,5.074944,0.542096082681811,0.479070646535495,1,1,0,0,16782906244,2013457,97964693
16033029,5,churn-rejoin,State-loss and rejoin,boundary,compact-hex-safety-graph,200,0,0,1,5,12,3,1,1,1,1,5,5,5,0,9,0.01,2,992,2771,2767,0,4,4,306,982,644,0,338,57,1,0,1,141,89,75,6,9.485301012,5.316608,4.947968,0.560510203447827,0.521645859603217,1,1,0,0,16782906244,1080161,78111262
16033029,5,native,Native hex safety graph,source-native,compact-hex-safety-graph,200,0,0,0,5,12,NaN,1,1,1,1,5,5,5,0,9,0.01,2,994,2779,2775,0,4,4,268,822,472,0,350,59,0,0,0,124,67,77,5,9.462120902,5.169152,4.788224,0.546299508697611,0.506041304015458,1,1,0,0,16782906244,1080144,77747390
16033029,5,restricted-management,Local-only management,boundary,compact-hex-local-management,200,0,0,0,5,NaN,NaN,1,0,0,0,3,5,5,7,10,0.555,407,980,2514,1712,0,802,424,192,438,306,0,132,41,14,0,14,81,72,25,36,9.749554266,4.800512,3.70688,0.492382715047909,0.380210202319417,1,1,0,0,16782906244,1079808,171662881
16033029,10,beacon-loss,Beacon loss 0.05,boundary,compact-hex-safety-graph,200,0.05,0,0,13,138,NaN,0,1,1,0,15,9,10,0,15,0.125,7,1974,6685,6250,333,102,56,1242,6152,1215,0,4937,259,5,0,5,305,309,623,8,14.95117095,13.172736,8.101888,0.881050457121554,0.541889864485831,1,1,0,0,65008626771,2363393,232110309
16033029,10,churn-rejoin,State-loss and rejoin,boundary,compact-hex-safety-graph,200,0,0,1,7,31,3,1,1,1,1,8,10,10,0,10,0.02,1,1977,6715,6693,0,22,11,1028,4754,1188,0,3566,183,1,0,1,322,107,598,3,12.220553992,12.30848,7.753728,1.00719492815609,0.634482528785181,1,1,0,0,65008626771,1430097,311738915
16033029,10,native,Native hex safety graph,source-native,compact-hex-safety-graph,200,0,0,0,7,31,NaN,1,1,1,1,8,10,10,0,10,0.02,1,1979,6723,6701,0,22,11,1000,4532,1170,0,3362,176,0,0,0,307,101,592,2,12.225190014,12.201984,7.725056,0.998101787050064,0.631896599656402,1,1,0,0,65008626771,1430080,305082756
16033029,10,restricted-management,Local-only management,boundary,compact-hex-local-management,200,0,0,0,7,NaN,NaN,0,1,0,0,16,8,10,15,17,0.37,127,1962,6560,6229,0,331,229,623,1864,1121,0,743,170,17,2,16,269,206,129,56,14.710097806,10.58816,7.31136,0.719788552029971,0.497030005947195,1,1,0,0,65008626771,1420522,262976658
16033030,5,beacon-loss,Beacon loss 0.05,boundary,compact-hex-safety-graph,200,0.05,0,0,8,88,NaN,0,1,1,0,8,3,5,0,10,0.105,1,984,2688,2496,114,78,50,385,1170,640,0,530,90,9,3,8,119,187,67,14,10.82511137,5.607424,4.93568,0.518001506713367,0.455947272161875,1,1,0,0,16818306667,2013457,101909593
16033030,5,churn-rejoin,State-loss and rejoin,boundary,compact-hex-safety-graph,200,0,0,1,8,15,3,1,1,1,1,5,5,5,0,10,0.025,0,991,2746,2732,0,14,14,316,982,612,0,370,63,1,0,1,142,96,77,6,9.536297254,5.353472,4.907008,0.561378473993613,0.514561141426433,1,1,0,0,16818306667,1080161,78926319
16033030,5,native,Native hex safety graph,source-native,compact-hex-safety-graph,200,0,0,0,8,15,NaN,1,1,1,1,5,5,5,0,10,0.025,0,993,2754,2740,0,14,14,330,998,568,0,430,73,0,0,0,150,90,90,5,9.513117144,5.419008,4.911104,0.56963536956105,0.516245508770747,1,1,0,0,16818306667,1080144,78811329
16033030,5,restricted-management,Local-only management,boundary,compact-hex-local-management,200,0,0,0,10,NaN,NaN,1,1,0,0,7,5,5,8,10,0.22,54,976,2603,2457,0,146,116,242,553,391,0,162,56,17,2,16,78,131,14,46,11.483426494,4.988928,4.452352,0.43444593846677,0.387719815364022,1,1,0,0,16818306667,1079808,113130040
16033030,10,beacon-loss,Beacon loss 0.05,boundary,compact-hex-safety-graph,200,0.05,0,0,21,NaN,NaN,0,1,1,0,13,8,10,0,15,0.13,4,1976,6691,6288,311,92,64,998,5214,1098,0,4116,218,4,8,3,229,332,425,6,17.028108806,12.181504,8.425472,0.715376213458757,0.494797871918179,1,1,0,0,64982322853,2363393,290649527
16033030,10,churn-rejoin,State-loss and rejoin,boundary,compact-hex-safety-graph,200,0,0,1,7,7,2,1,1,1,1,9,10,10,0,10,0.01,1,1979,6726,6718,0,8,4,1056,4762,1152,0,3610,188,0,0,0,319,90,647,1,13.388831536,12.43136,8.818688,0.928487296787211,0.658660016468819,1,1,0,0,64982322853,1430097,207048600
16033030,10,native,Native hex safety graph,source-native,compact-hex-safety-graph,200,0,0,0,7,7,NaN,1,1,1,1,10,10,10,0,10,0.01,1,1980,6730,6722,0,8,4,910,4064,1224,0,2840,156,0,0,0,255,91,564,0,13.908066,11.83744,9.29792,0.851120493676116,0.668527169773281,1,1,0,0,64982322853,1430080,241090894
16033030,10,restricted-management,Local-only management,boundary,compact-hex-local-management,200,0,0,0,9,NaN,NaN,0,1,0,0,13,9,10,11,13,0.245,76,1967,6574,6342,0,232,176,630,1856,1136,0,720,164,13,4,11,306,178,129,53,14.784274158,10.637312,7.438336,0.719501808903076,0.50312486906738,1,1,0,0,64982322853,1420522,264978562
16033031,5,beacon-loss,Beacon loss 0.05,boundary,compact-hex-safety-graph,200,0.05,0,0,11,61,NaN,0,1,1,0,6,4,5,0,10,0.05,0,983,2737,2565,132,40,20,424,1290,656,0,634,106,10,3,9,156,155,100,15,10.936375898,5.763072,5.091328,0.526963598704935,0.465540691677495,1,1,0,0,16806665070,2013457,101940817
16033031,5,churn-rejoin,State-loss and rejoin,boundary,compact-hex-safety-graph,200,0,0,1,6,14,3,1,1,1,1,5,5,5,0,10,0.01,0,992,2771,2767,0,4,4,353,1084,608,0,476,80,1,0,1,159,85,108,6,9.52702521,5.50912,5.005312,0.578262351422916,0.525380366868999,1,1,0,0,16806665070,1080161,78983102
16033031,5,native,Native hex safety graph,source-native,compact-hex-safety-graph,200,0,0,0,6,14,NaN,1,1,1,1,5,5,5,0,10,0.01,0,994,2779,2775,0,4,4,320,1020,632,0,388,65,0,0,0,147,88,85,5,9.5038451,5.382144,4.97664,0.566312260287155,0.523644898210725,1,1,0,0,16806665070,1080144,78631748
16033031,5,restricted-management,Local-only management,boundary,compact-hex-local-management,200,0,0,0,6,149,NaN,0,1,0,0,6,3,5,10,10,0.195,71,975,2633,2505,0,128,108,218,540,418,0,122,46,19,1,18,81,99,18,49,11.68277544,4.886528,4.460544,0.418267733133797,0.381805164612494,1,1,0,0,16806665070,1079808,100136139
16033031,10,beacon-loss,Beacon loss 0.05,boundary,compact-hex-safety-graph,200,0.05,0,0,23,150,NaN,0,1,1,0,9,8,10,0,13,0.11,11,1977,6700,6329,311,60,46,1272,6154,1080,0,5074,268,3,0,3,332,247,690,6,14.25576765,13.307904,7.938048,0.933510164217638,0.55683062427017,1,1,0,0,65037436335,2363393,268406481
16033031,10,churn-rejoin,State-loss and rejoin,boundary,compact-hex-safety-graph,200,0,0,1,8,28,3,1,1,1,1,9,10,10,0,10,0.02,2,1978,6718,6710,0,8,8,1041,4669,1062,0,3607,188,1,0,1,306,89,645,2,13.129214304,12.365824,8.544256,0.941855598794863,0.650781973860909,1,1,0,0,65037436335,1430097,275301779
16033031,10,native,Native hex safety graph,source-native,compact-hex-safety-graph,200,0,0,0,8,28,NaN,1,1,1,1,9,10,10,0,10,0.02,2,1980,6726,6718,0,8,8,984,4500,1161,0,3339,178,0,0,0,286,103,595,1,13.106034194,12.140544,8.556544,0.92633239165193,0.65287056888019,1,1,0,0,65037436335,1430080,279245227
16033031,10,restricted-management,Local-only management,boundary,compact-hex-local-management,200,0,0,0,9,NaN,NaN,1,1,0,0,12,10,10,11,11,0.28,96,1967,6594,6366,0,228,173,607,1855,1201,0,654,160,13,4,11,292,164,134,54,14.241859584,10.543104,7.553024,0.740289843318259,0.530339732353873,1,1,0,0,65037436335,1420522,275157398
16033032,5,beacon-loss,Beacon loss 0.05,boundary,compact-hex-safety-graph,200,0.05,0,0,10,31,NaN,0,1,1,0,6,4,5,0,10,0.035,0,985,2742,2606,122,14,14,417,1272,680,0,592,99,9,0,9,164,138,106,15,10.57013016,5.742592,5.107712,0.543284889880675,0.483221296491585,1,1,0,0,16723822685,2013457,97534271
16033032,5,churn-rejoin,State-loss and rejoin,boundary,compact-hex-safety-graph,200,0,0,1,4,12,3,1,1,1,1,5,5,5,0,9,0,0,992,2775,2775,0,0,0,320,1024,648,0,376,63,1,0,1,145,87,87,6,9.494573056,5.373952,4.984832,0.566002490928645,0.52501907885683,1,1,0,0,16723822685,1080161,80463752
16033032,5,native,Native hex safety graph,source-native,compact-hex-safety-graph,200,0,0,0,4,12,NaN,1,1,1,1,5,5,5,0,9,0,0,994,2783,2783,0,0,0,295,956,628,0,328,55,0,0,0,134,84,77,5,9.471392946,5.279744,4.939776,0.557441131426161,0.521546939100039,1,1,0,0,16723822685,1080144,80112058
16033032,5,restricted-management,Local-only management,boundary,compact-hex-local-management,200,0,0,0,4,NaN,NaN,0,1,0,0,11,4,5,10,10,0.215,72,974,2605,2441,0,164,120,234,582,431,0,151,49,20,2,19,87,105,20,50,12.2854583,4.947968,4.452352,0.402749973112521,0.362408295342144,1,1,0,0,16723822685,1079808,103667515
16033032,10,beacon-loss,Beacon loss 0.05,boundary,compact-hex-safety-graph,200,0.05,0,0,8,9,NaN,0,1,1,0,11,8,9,0,16,0.115,3,1975,6660,6243,327,90,56,1443,6783,1044,0,5739,299,4,0,4,369,269,801,9,16.286345286,14.000128,8.626176,0.859623675793902,0.529656951791093,1,1,0,0,64832542802,2363393,278768890
16033032,10,churn-rejoin,State-loss and rejoin,boundary,compact-hex-safety-graph,200,0,0,1,8,105,2,1,1,1,1,8,10,10,0,10,0.02,1,1979,6718,6702,0,16,14,1139,4879,1053,0,3826,205,0,0,0,326,89,724,2,12.915957292,12.771328,8.011776,0.988802278551232,0.620300595524763,1,1,0,0,64832542802,1430097,269064966
16033032,10,native,Native hex safety graph,source-native,compact-hex-safety-graph,200,0,0,0,8,96,NaN,1,1,1,1,9,10,10,0,10,0.02,1,1980,6722,6706,0,16,14,1064,4710,1188,0,3522,187,0,0,0,308,96,660,1,13.42128369,12.468224,8.577024,0.928988931907451,0.639061374314784,1,1,0,0,64832542802,1430080,209711872
16033032,10,restricted-management,Local-only management,boundary,compact-hex-local-management,200,0,0,0,8,NaN,NaN,1,1,0,0,11,10,10,11,13,0.295,116,1967,6573,6274,0,299,206,669,1951,1093,0,858,183,13,4,10,331,151,170,55,14.682281674,10.797056,6.725632,0.735379979742514,0.458078120916998,1,1,0,0,64832542802,1420522,265456206
16033033,5,beacon-loss,Beacon loss 0.05,boundary,compact-hex-safety-graph,200,0.05,0,0,9,38,NaN,1,1,1,1,5,5,5,0,9,0.08,3,982,2694,2519,131,44,40,363,1102,640,0,462,79,12,0,12,118,170,63,19,10.329057016,5.50912,4.911104,0.533361369916558,0.475464894074315,1,1,0,0,16845393838,2013457,93768439
16033033,5,churn-rejoin,State-loss and rejoin,boundary,compact-hex-safety-graph,200,0,0,1,7,15,3,1,1,1,1,5,5,5,0,10,0.02,4,992,2763,2751,0,12,12,367,1100,576,0,524,88,1,0,1,161,87,118,6,9.545569298,5.566464,4.988928,0.58314636102074,0.522643316941325,1,1,0,0,16845393838,1080161,79265166
16033033,5,native,Native hex safety graph,source-native,compact-hex-safety-graph,200,0,0,0,7,15,NaN,1,1,1,1,5,5,5,0,10,0.02,4,994,2771,2759,0,12,12,327,996,556,0,440,74,0,0,0,144,84,99,5,9.522389188,5.410816,4.919296,0.568220421700327,0.516603123741176,1,1,0,0,16845393838,1080144,78902486
16033033,5,restricted-management,Local-only management,boundary,compact-hex-local-management,200,0,0,0,7,NaN,NaN,1,1,0,0,10,5,5,11,11,0.305,93,977,2697,2429,0,268,162,228,525,371,0,154,48,17,2,16,64,138,7,40,14.051782682,4.93568,4.374528,0.351249383206195,0.311314806028396,1,1,0,0,16845393838,1079808,92884217
16033033,10,beacon-loss,Beacon loss 0.05,boundary,compact-hex-safety-graph,200,0.05,0,0,17,NaN,NaN,1,1,1,0,13,10,10,0,17,0.095,1,1975,6675,6312,305,58,48,1333,6275,1170,0,5105,270,4,0,4,326,267,736,9,17.218185708,13.549568,8.507392,0.786933549781876,0.49409340474515,1,1,0,0,65029138607,2363393,249689386
16033033,10,churn-rejoin,State-loss and rejoin,boundary,compact-hex-safety-graph,200,0,0,1,8,63,3,1,1,1,1,10,10,10,0,10,0.025,1,1977,6709,6693,0,16,14,944,4212,1170,0,3042,163,1,0,1,272,98,573,1,13.903429978,11.964416,9.043968,0.860537005539771,0.650484665604866,1,1,0,0,65029138607,1430097,241545573
16033033,10,native,Native hex safety graph,source-native,compact-hex-safety-graph,200,0,0,0,8,60,NaN,1,1,1,1,9,10,10,0,10,0.025,1,1979,6717,6701,0,16,14,1006,4420,1116,0,3304,179,0,0,0,288,100,618,1,13.254386898,12.22656,8.515584,0.922453833141456,0.642472870720633,1,1,0,0,65029138607,1430080,224056404
16033033,10,restricted-management,Local-only management,boundary,compact-hex-local-management,200,0,0,0,17,NaN,NaN,1,1,0,0,13,10,10,11,11,0.275,107,1964,6599,6327,0,272,184,553,1643,1005,0,638,143,15,1,14,244,179,114,47,15.340596798,10.309632,7.049216,0.672048951925006,0.459513804633665,1,1,0,0,65029138607,1420522,266453560
16033034,5,beacon-loss,Beacon loss 0.05,boundary,compact-hex-safety-graph,200,0.05,0,0,12,37,NaN,1,1,1,0,6,5,5,0,11,0.05,0,984,2732,2578,126,28,20,378,1198,712,0,486,82,10,0,10,140,161,67,18,10.792659216,5.578752,5.054464,0.51690245085563,0.468324246957303,1,1,0,0,16809641094,2013457,102513497
16033034,5,churn-rejoin,State-loss and rejoin,boundary,compact-hex-safety-graph,200,0,0,1,4,14,3,1,1,1,1,5,5,5,0,10,0,0,992,2775,2775,0,0,0,313,1000,644,0,356,60,1,0,1,143,86,83,6,9.494573056,5.34528,4.968448,0.562982660565459,0.523293461506438,1,1,0,0,16809641094,1080161,80448107
16033034,5,native,Native hex safety graph,source-native,compact-hex-safety-graph,200,0,0,0,4,14,NaN,1,1,1,1,5,5,5,0,10,0,0,994,2783,2783,0,0,0,294,944,604,0,340,57,0,0,0,133,81,80,5,9.471392946,5.275648,4.923392,0.557008671277653,0.519817098506009,1,1,0,0,16809641094,1080144,80110549
16033034,5,restricted-management,Local-only management,boundary,compact-hex-local-management,200,0,0,0,4,NaN,NaN,1,1,0,0,7,5,5,8,10,0.235,72,975,2684,2508,0,176,128,239,551,387,0,164,57,19,4,16,81,113,22,39,11.070820536,4.972544,4.42368,0.449157673889693,0.399580138221473,1,1,0,0,16809641094,1079808,110646991
16033034,10,beacon-loss,Beacon loss 0.05,boundary,compact-hex-safety-graph,200,0.05,0,0,11,NaN,NaN,1,1,1,0,13,10,10,0,15,0.125,1,1972,6679,6283,308,88,56,1500,7034,945,0,6089,317,4,8,3,380,282,826,6,17.839412656,14.221312,8.843264,0.797184990012375,0.495714975068179,1,1,0,0,64959071124,2363393,270822127
16033034,10,churn-rejoin,State-loss and rejoin,boundary,compact-hex-safety-graph,200,0,0,1,7,19,2,1,1,1,1,8,10,10,0,9,0.015,1,1979,6730,6718,0,12,8,1095,4815,1179,0,3636,193,0,0,0,315,89,691,2,12.42453896,12.591104,8.036352,1.01340613446795,0.646812893892684,1,1,0,0,64959071124,1430097,330487147
16033034,10,native,Native hex safety graph,source-native,compact-hex-safety-graph,200,0,0,0,7,19,NaN,1,1,1,1,9,10,10,0,9,0.015,1,1980,6734,6722,0,12,8,926,4124,1188,0,2936,159,0,0,0,264,89,573,1,13.064309996,11.902976,8.47872,0.911106365636182,0.648998684400171,1,1,0,0,64959071124,1430080,278798156
16033034,10,restricted-management,Local-only management,boundary,compact-hex-local-management,200,0,0,0,9,NaN,NaN,1,1,0,0,12,10,10,11,13,0.14,47,1966,6606,6464,0,142,99,662,2067,1228,0,839,182,14,2,13,330,136,180,46,15.173700006,10.764288,6.885376,0.709404297946023,0.453770405193023,1,1,0,0,64959071124,1420522,245401694
16033035,5,beacon-loss,Beacon loss 0.05,boundary,compact-hex-safety-graph,200,0.05,0,0,4,18,NaN,1,1,1,0,6,5,5,0,9,0.03,0,985,2745,2577,150,18,14,391,1200,688,0,512,87,9,3,8,151,151,77,16,10.347601104,5.636096,5.062656,0.544676581881504,0.489258906399374,1,1,0,0,16799676475,2013457,93141846
16033035,5,churn-rejoin,State-loss and rejoin,boundary,compact-hex-safety-graph,200,0,0,1,4,10,3,1,1,1,1,5,5,5,0,9,0,0,992,2775,2775,0,0,0,362,1076,540,0,536,90,1,0,1,172,73,116,6,9.45748488,5.545984,4.984832,0.586412145551323,0.527077977205288,1,1,0,0,16799676475,1080161,78007486
16033035,5,native,Native hex safety graph,source-native,compact-hex-safety-graph,200,0,0,0,4,10,NaN,1,1,1,1,5,5,5,0,9,0,0,994,2783,2783,0,0,0,268,840,500,0,340,57,0,0,0,125,68,75,5,9.43430477,5.169152,4.816896,0.547910219779767,0.510572439351034,1,1,0,0,16799676475,1080144,77557434
16033035,5,restricted-management,Local-only management,boundary,compact-hex-local-management,200,0,0,0,4,NaN,NaN,0,1,0,0,7,3,5,8,9,0.34,150,973,2591,2317,0,274,201,286,659,442,0,217,73,21,3,18,112,118,32,48,10.992008162,5.156864,4.366336,0.469146667651465,0.397228234882018,1,1,0,0,16799676475,1079808,106175847
16033035,10,beacon-loss,Beacon loss 0.05,boundary,compact-hex-safety-graph,200,0.05,0,0,18,NaN,NaN,1,1,1,0,11,10,10,0,18,0.14,6,1977,6696,6287,327,82,61,1089,5707,1296,0,4411,233,3,0,3,264,319,503,8,16.485694232,12.558336,8.708096,0.761771741199913,0.528221370447167,1,1,0,0,65037964245,2363393,236751125
16033035,10,churn-rejoin,State-loss and rejoin,boundary,compact-hex-safety-graph,200,0,0,1,8,15,3,1,1,1,1,7,10,10,0,9,0.015,1,1978,6722,6710,0,12,8,998,4486,1017,0,3469,191,1,0,1,281,118,598,4,11.284077548,12.189696,6.94272,1.08025631232573,0.61526695208068,1,1,0,0,65037964245,1430097,266302759
16033035,10,native,Native hex safety graph,source-native,compact-hex-safety-graph,200,0,0,0,8,15,NaN,1,1,1,1,7,10,10,0,9,0.015,1,1980,6730,6718,0,12,8,950,4354,1161,0,3193,174,0,0,0,269,115,566,3,11.28871357,12.00128,6.946816,1.06312202232623,0.61537711599498,1,1,0,0,65037964245,1430080,268282444
16033035,10,restricted-management,Local-only management,boundary,compact-hex-local-management,200,0,0,0,10,NaN,NaN,0,1,0,0,8,9,10,8,10,0.305,91,1967,6586,6317,0,269,188,517,1431,880,0,551,134,13,3,10,232,173,96,56,12.948409446,10.174464,6.463488,0.785769406075051,0.49917235216845,1,1,0,0,65037964245,1420522,268273660
16033036,5,beacon-loss,Beacon loss 0.05,boundary,compact-hex-safety-graph,200,0.05,0,0,12,47,NaN,1,1,1,1,5,5,5,0,10,0.075,3,986,2736,2551,146,39,31,444,1312,592,0,720,121,8,0,8,153,163,120,15,10.973464074,5.85728,5.074944,0.533767638049498,0.462474198282047,1,1,0,0,16674593110,2013457,104591818
16033036,5,churn-rejoin,State-loss and rejoin,boundary,compact-hex-safety-graph,200,0,0,1,6,13,3,1,1,1,1,5,5,5,0,10,0.01,0,992,2771,2767,0,4,4,374,1132,588,0,544,91,1,0,1,172,83,118,6,9.531661232,5.595136,5.029888,0.587005335566882,0.527703186000096,1,1,0,0,16674593110,1080161,80376187
16033036,5,native,Native hex safety graph,source-native,compact-hex-safety-graph,200,0,0,0,6,13,NaN,1,1,1,1,5,5,5,0,10,0.01,0,994,2779,2775,0,4,4,353,1080,584,0,496,83,0,0,0,161,82,110,5,9.476028968,5.517312,5.001216,0.582238827955428,0.527775507745788,1,1,0,0,16674593110,1080144,80392923
16033036,5,restricted-management,Local-only management,boundary,compact-hex-local-management,200,0,0,0,6,NaN,NaN,1,1,0,0,6,5,5,9,11,0.22,74,977,2664,2500,0,164,116,164,404,319,0,85,28,17,1,16,52,88,6,41,10.644306512,4.673536,4.308992,0.439064395104672,0.404816602673194,1,1,0,0,16674593110,1079808,117889649
16033036,10,beacon-loss,Beacon loss 0.05,boundary,compact-hex-safety-graph,200,0.05,0,0,30,95,NaN,1,1,1,0,12,10,10,0,13,0.15,7,1978,6693,6255,352,86,64,1353,6649,1089,0,5560,297,2,0,2,325,323,703,4,14.932626862,13.643776,8.400896,0.913688939400219,0.562586615043485,1,1,0,0,65016013466,2363393,275260705
16033036,10,churn-rejoin,State-loss and rejoin,boundary,compact-hex-safety-graph,200,0,0,1,9,62,2,1,1,1,1,8,10,10,0,9,0.02,1,1979,6722,6714,0,8,8,1029,4613,1080,0,3533,193,0,0,0,291,110,628,2,12.317910454,12.320768,7.540736,1.00023198301454,0.612176556093675,1,1,0,0,65016013466,1430097,305796813
16033036,10,native,Native hex safety graph,source-native,compact-hex-safety-graph,200,0,0,0,9,71,NaN,1,1,1,1,7,10,10,0,9,0.02,1,1980,6726,6718,0,8,8,1033,4783,972,0,3811,198,0,0,0,317,107,609,3,11.715227594,12.341248,6.938624,1.05343646984038,0.592273939565087,1,1,0,0,65016013466,1430080,294500331
16033036,10,restricted-management,Local-only management,boundary,compact-hex-local-management,200,0,0,0,12,NaN,NaN,0,1,0,0,13,9,10,11,13,0.21,72,1963,6554,6329,0,225,159,707,2072,1146,0,926,191,17,4,15,331,182,173,50,16.383701748,10.93632,7.729152,0.66751215129603,0.47175858782607,1,1,0,0,65016013466,1420522,270682797
16033037,5,beacon-loss,Beacon loss 0.05,boundary,compact-hex-safety-graph,200,0.05,0,0,5,18,NaN,1,1,1,0,7,5,5,0,9,0.125,4,986,2721,2511,136,74,52,471,1394,572,0,822,137,7,3,6,157,200,104,15,11.17281302,5.967872,5.074944,0.534142296064308,0.454222583955853,1,1,0,0,16852423667,2013457,108358753
16033037,5,churn-rejoin,State-loss and rejoin,boundary,compact-hex-safety-graph,200,0,0,1,4,14,3,1,1,1,1,5,5,5,0,7,0,0,992,2775,2775,0,0,0,295,980,688,0,292,49,1,0,1,135,92,67,6,9.5038451,5.271552,4.968448,0.554675706993583,0.52278293130009,1,1,0,0,16852423667,1080161,79489463
16033037,5,native,Native hex safety graph,source-native,compact-hex-safety-graph,200,0,0,0,4,14,NaN,1,1,1,1,5,5,5,0,7,0,0,994,2783,2783,0,0,0,290,960,668,0,292,49,0,0,0,136,89,65,5,9.471392946,5.259264,4.95616,0.555278830683623,0.523276779694069,1,1,0,0,16852423667,1080144,79976317
16033037,5,restricted-management,Local-only management,boundary,compact-hex-local-management,200,0,0,0,4,NaN,NaN,0,1,0,0,7,4,5,5,9,0.2,68,976,2675,2509,0,166,112,214,509,366,0,143,48,18,1,17,72,103,20,38,10.783387172,4.87424,4.419584,0.452013817389066,0.409851184002354,1,1,0,0,16852423667,1079808,99792002
16033037,10,beacon-loss,Beacon loss 0.05,boundary,compact-hex-safety-graph,200,0.05,0,0,7,NaN,NaN,0,1,1,0,11,8,10,0,15,0.15,5,1974,6658,6206,346,106,71,1176,5674,1017,0,4657,246,6,16,4,258,338,558,11,15.896919438,12.9024,7.983104,0.811628948005995,0.502179307829741,1,1,0,0,65098147694,2363393,266728263
16033037,10,churn-rejoin,State-loss and rejoin,boundary,compact-hex-safety-graph,200,0,0,1,7,22,2,1,1,1,1,7,10,10,0,9,0.015,1,1979,6722,6710,0,12,8,1029,4601,945,0,3656,194,0,0,0,309,97,623,3,11.548330802,12.320768,7.135232,1.06688734599343,0.617858296782101,1,1,0,0,65098147694,1430097,285424228
16033037,10,native,Native hex safety graph,source-native,compact-hex-safety-graph,200,0,0,0,7,22,NaN,1,1,1,1,8,10,10,0,9,0.015,1,1980,6726,6714,0,12,8,982,4524,1242,0,3282,172,0,0,0,299,99,584,2,12.183465816,12.132352,7.757824,0.995804657166364,0.636750175784299,1,1,0,0,65098147694,1430080,308707042
16033037,10,restricted-management,Local-only management,boundary,compact-hex-local-management,200,0,0,0,7,NaN,NaN,1,1,0,0,11,10,10,12,12,0.18,76,1967,6603,6413,0,190,139,645,1973,1157,0,816,173,13,4,11,313,152,163,51,14.733277916,10.698752,7.032832,0.726162369365299,0.477343333920451,1,1,0,0,65098147694,1420522,273457857
16033038,5,beacon-loss,Beacon loss 0.05,boundary,compact-hex-safety-graph,200,0.05,0,0,6,14,NaN,0,1,1,0,6,4,5,0,11,0.07,0,983,2720,2539,129,52,28,402,1200,536,0,664,111,10,0,10,139,154,99,18,10.945647942,5.67296,4.972544,0.518284530076292,0.454294165713082,1,1,0,0,16765728602,2013457,105224378
16033038,5,churn-rejoin,State-loss and rejoin,boundary,compact-hex-safety-graph,200,0,0,1,5,12,3,1,1,1,1,5,5,5,0,9,0.01,0,991,2768,2760,0,8,4,318,1006,624,0,382,64,1,0,1,146,88,83,6,9.513117144,5.361664,4.952064,0.563607482052467,0.520551142705449,1,1,0,0,16765728602,1080161,78671701
16033038,5,native,Native hex safety graph,source-native,compact-hex-safety-graph,200,0,0,0,5,12,NaN,1,1,1,1,5,5,5,0,9,0.01,0,993,2776,2768,0,8,4,268,870,612,0,258,44,0,0,0,129,85,54,5,9.45748488,5.165056,4.866048,0.54613420645511,0.514518189745179,1,1,0,0,16765728602,1080144,78244073
16033038,5,restricted-management,Local-only management,boundary,compact-hex-local-management,200,0,0,0,5,NaN,NaN,0,1,0,0,4,3,3,6,9,0.355,124,973,2574,2312,0,262,198,226,508,365,0,143,50,20,0,20,66,128,12,46,10.101891938,4.911104,4.227072,0.486156853601457,0.418443597094832,1,1,0,0,16765728602,1079808,133208396
16033038,10,beacon-loss,Beacon loss 0.05,boundary,compact-hex-safety-graph,200,0.05,0,0,7,34,NaN,1,1,1,0,12,10,10,0,16,0.095,5,1974,6683,6286,331,66,44,1271,6135,1053,0,5082,263,6,0,6,322,260,683,10,16.36515766,13.29152,8.351744,0.812184048338707,0.510336910496956,1,1,0,0,65150278367,2363393,271738794
16033038,10,churn-rejoin,State-loss and rejoin,boundary,compact-hex-safety-graph,200,0,0,1,7,21,3,1,1,1,1,7,10,10,0,8,0.01,0,1978,6724,6710,0,14,9,1066,4910,1215,0,3695,191,1,0,1,327,103,635,4,11.33507379,12.468224,7.012352,1.09996848992723,0.618641936516233,1,1,0,0,65150278367,1430097,256925585
16033038,10,native,Native hex safety graph,source-native,compact-hex-safety-graph,200,0,0,0,7,21,NaN,1,1,1,1,7,10,10,0,8,0.01,0,1980,6732,6718,0,14,9,975,4291,954,0,3337,181,0,0,0,275,94,606,3,11.307257658,12.10368,6.852608,1.07043461519041,0.606036247449594,1,1,0,0,65150278367,1430080,255326920
16033038,10,restricted-management,Local-only management,boundary,compact-hex-local-management,200,0,0,0,7,NaN,NaN,0,1,0,0,12,8,10,12,12,0.325,130,1964,6568,6225,0,343,242,529,1611,978,0,633,129,16,1,15,226,173,113,48,14.334580024,10.211328,6.504448,0.712356272936036,0.45375923041413,1,1,0,0,65150278367,1420522,249992634
16033039,5,beacon-loss,Beacon loss 0.05,boundary,compact-hex-safety-graph,200,0.05,0,0,12,46,NaN,1,1,1,0,6,5,5,0,10,0.075,3,982,2690,2517,122,51,37,464,1294,572,0,722,122,12,4,8,174,166,108,16,10.676758666,5.922816,5.021696,0.554739147458782,0.470339000542508,1,1,0,0,16756987660,2013457,99527083
16033039,5,churn-rejoin,State-loss and rejoin,boundary,compact-hex-safety-graph,200,0,0,1,8,20,3,1,1,1,1,5,5,5,0,10,0.02,3,992,2767,2751,0,16,8,325,1014,608,0,406,68,1,0,1,148,91,85,6,9.615109628,5.394432,4.947968,0.561036972921345,0.514603388981765,1,1,0,0,16756987660,1080161,80433277
16033039,5,native,Native hex safety graph,source-native,compact-hex-safety-graph,200,0,0,0,8,20,NaN,1,1,1,1,5,5,5,0,10,0.02,3,994,2775,2759,0,16,8,331,998,532,0,466,78,0,0,0,153,81,97,5,9.564113386,5.4272,4.919296,0.567454585800328,0.514349401921656,1,1,0,0,16756987660,1080144,79835165
16033039,5,restricted-management,Local-only management,boundary,compact-hex-local-management,200,0,0,0,8,28,NaN,1,0,0,0,3,5,5,5,10,0.88,690,994,2423,1037,0,1386,696,64,119,79,0,40,15,0,0,0,32,25,7,15,8.266027226,4.333568,2.797568,0.524262488075187,0.338441662906761,1,1,0,0,16756987660,1079808,220608133
16033039,10,beacon-loss,Beacon loss 0.05,boundary,compact-hex-safety-graph,200,0.05,0,0,20,NaN,NaN,1,1,1,0,15,10,10,0,16,0.115,1,1975,6679,6222,335,122,74,1197,5827,1224,0,4603,245,5,8,4,279,309,596,7,16.471786166,12.992512,8.073216,0.788773717013053,0.490123895407543,1,1,0,0,65063625511,2363393,278259414
16033039,10,churn-rejoin,State-loss and rejoin,boundary,compact-hex-safety-graph,200,0,0,1,64,119,4,1,1,1,1,6,10,10,0,10,0.3,0,1979,6610,6142,0,468,289,1409,6497,828,0,5669,282,0,0,0,367,320,722,4,12.021205046,13.877248,6.16448,1.15439741248051,0.512800503477911,1,1,0,0,65063625511,1430097,225478253
16033039,10,native,Native hex safety graph,source-native,compact-hex-safety-graph,200,0,0,0,NaN,NaN,NaN,0,0,1,0,10,6,10,0,10,0.995,0,1980,6338,4754,0,1584,988,1932,9184,657,0,8527,403,0,0,0,336,839,757,0,13.908066,16.023552,6.017024,1.15210497275466,0.432628375505264,1,1,0,0,65063625511,1430080,252126639
16033039,10,restricted-management,Local-only management,boundary,compact-hex-local-management,200,0,0,0,30,NaN,NaN,1,1,0,0,8,10,10,8,10,0.275,56,1971,6609,6224,0,385,212,786,2207,1171,0,1036,213,9,2,8,366,209,200,38,13.078218062,11.292672,7.081984,0.863471762472896,0.54150985756824,1,1,0,0,65063625511,1420522,247457388
16033040,5,beacon-loss,Beacon loss 0.05,boundary,compact-hex-safety-graph,200,0.05,0,0,4,17,NaN,0,1,1,0,6,3,5,0,8,0.02,0,983,2742,2606,124,12,8,403,1214,620,0,594,100,11,2,9,158,124,108,15,10.143616136,5.677056,5.054464,0.559667866359015,0.498290149413438,1,1,0,0,16707178304,2013457,91185978
16033040,5,churn-rejoin,State-loss and rejoin,boundary,compact-hex-safety-graph,200,0,0,1,4,19,3,1,1,1,1,5,5,5,0,7,0,0,992,2775,2775,0,0,0,321,980,560,0,420,71,1,0,1,154,75,91,6,9.499209078,5.378048,4.927488,0.566157451198275,0.518726133885396,1,1,0,0,16707178304,1080161,77971055
16033040,5,native,Native hex safety graph,source-native,compact-hex-safety-graph,200,0,0,0,4,19,NaN,1,1,1,1,5,5,5,0,7,0,0,994,2783,2783,0,0,0,356,1040,500,0,540,91,0,0,0,170,67,119,5,9.476028968,5.5296,4.95616,0.583535573674705,0.523020773441772,1,1,0,0,16707178304,1080144,77729725
16033040,5,restricted-management,Local-only management,boundary,compact-hex-local-management,200,0,0,0,4,NaN,NaN,1,1,0,0,6,5,5,7,9,0.27,80,977,2614,2394,0,220,146,317,740,428,0,312,94,17,6,13,117,136,41,47,11.645687264,5.300224,4.534272,0.45512333277096,0.389352031976393,1,1,0,0,16707178304,1079808,91717770
16033040,10,beacon-loss,Beacon loss 0.05,boundary,compact-hex-safety-graph,200,0.05,0,0,19,NaN,NaN,0,1,1,0,16,9,10,0,17,0.125,8,1973,6656,6204,366,86,68,1245,5847,1287,0,4560,252,5,8,4,268,342,622,6,18.442095516,13.180928,8.814592,0.714719647155307,0.477960435263587,1,1,0,0,65004969349,2363393,288989963
16033040,10,churn-rejoin,State-loss and rejoin,boundary,compact-hex-safety-graph,200,0,0,1,8,14,2,1,1,1,1,6,10,10,0,10,0.02,1,1978,6718,6700,0,18,10,1040,4838,1098,0,3740,195,0,0,0,315,117,608,4,10.681394688,12.361728,6.402048,1.15731403632971,0.599364426369561,1,1,0,0,65004969349,1430097,223079182
16033040,10,native,Native hex safety graph,source-native,compact-hex-safety-graph,200,0,0,0,8,14,NaN,1,1,1,1,7,10,10,0,10,0.02,1,1979,6722,6704,0,18,10,996,4508,1224,0,3284,175,0,0,0,291,103,602,3,11.26553346,12.1856,6.955008,1.0816709251512,0.617370497783777,1,1,0,0,65004969349,1430080,262781509
16033040,10,restricted-management,Local-only management,boundary,compact-hex-local-management,200,0,0,0,8,NaN,NaN,1,1,0,0,10,10,10,8,11,0.235,61,1965,6634,6442,0,192,139,700,2077,1126,0,951,198,14,3,12,338,150,195,52,14.084234836,10.91584,6.94272,0.775039618914801,0.49294264692705,1,1,0,0,65004969349,1420522,270644479
16033041,5,beacon-loss,Beacon loss 0.05,boundary,compact-hex-safety-graph,200,0.05,0,0,7,29,NaN,1,1,1,0,6,5,5,0,9,0.1,3,985,2724,2529,139,56,40,490,1398,548,0,850,144,9,6,7,180,172,123,17,10.635034468,6.0416,5.103616,0.568084665656581,0.479887114174983,1,1,0,0,16744046419,2013457,98003475
16033041,5,churn-rejoin,State-loss and rejoin,boundary,compact-hex-safety-graph,200,0,0,1,5,18,3,1,1,1,1,5,5,5,0,6,0.01,2,992,2771,2767,0,4,4,393,1162,572,0,590,99,1,0,1,178,80,134,6,9.52702521,5.67296,5.046272,0.595459744773783,0.529679715206716,1,1,0,0,16744046419,1080161,79935940
16033041,5,native,Native hex safety graph,source-native,compact-hex-safety-graph,200,0,0,0,5,18,NaN,1,1,1,1,5,5,5,0,6,0.01,2,994,2779,2775,0,4,4,327,970,488,0,482,81,0,0,0,148,69,110,5,9.471392946,5.410816,4.89472,0.571279856178401,0.516789877466456,1,1,0,0,16744046419,1080144,80020789
16033041,5,restricted-management,Local-only management,boundary,compact-hex-local-management,200,0,0,0,5,200,NaN,1,1,1,1,5,5,5,7,7,0.275,103,971,2569,2398,0,171,155,228,534,405,0,129,44,23,1,22,77,113,14,52,10.366145192,4.911104,4.36224,0.473763767440775,0.420816023623374,1,1,0,0,16744046419,1079808,123199055
16033041,10,beacon-loss,Beacon loss 0.05,boundary,compact-hex-safety-graph,200,0.05,0,0,15,94,NaN,0,1,1,0,15,9,10,0,15,0.16,11,1972,6639,6181,352,106,81,1137,5711,1215,0,4496,235,6,8,5,264,326,533,6,14.343852068,12.734464,7.827456,0.887799451613809,0.545701110335796,1,1,0,0,65062528916,2363393,255970308
16033041,10,churn-rejoin,State-loss and rejoin,boundary,compact-hex-safety-graph,200,0,0,1,12,48,2,1,1,1,1,8,10,10,0,11,0.04,2,1977,6688,6642,0,46,36,1025,4501,1089,0,3412,176,2,8,1,304,132,579,5,12.707336302,12.296192,7.888896,0.967645123082538,0.620814292823774,1,1,0,0,65062528916,1430097,299981639
16033041,10,native,Native hex safety graph,source-native,compact-hex-safety-graph,200,0,0,0,12,48,NaN,1,1,1,1,9,10,10,0,11,0.04,2,1978,6692,6646,0,46,36,986,4418,1296,0,3122,163,2,8,1,286,142,548,4,13.337835294,12.140544,8.507392,0.910233462356624,0.637839035531278,1,1,0,0,65062528916,1430080,243340145
16033041,10,restricted-management,Local-only management,boundary,compact-hex-local-management,200,0,0,0,12,NaN,NaN,0,0,0,0,10,7,10,10,13,0.305,96,1962,6571,6281,0,290,209,649,1823,1098,0,725,165,18,2,17,287,195,147,52,15.354504864,10.694656,7.081984,0.696515849565073,0.461231675181161,1,1,0,0,65062528916,1420522,244849413
16033042,5,beacon-loss,Beacon loss 0.05,boundary,compact-hex-safety-graph,200,0.05,0,0,15,76,NaN,1,1,1,1,5,5,5,0,11,0.05,1,986,2737,2576,125,36,20,435,1288,628,0,660,111,8,0,8,166,147,114,17,10.98737214,5.820416,5.095424,0.529736858444116,0.463752745886333,1,1,0,0,16768853762,2013457,103728795
16033042,5,churn-rejoin,State-loss and rejoin,boundary,compact-hex-safety-graph,200,0,0,1,7,14,3,1,1,1,1,5,5,5,0,10,0.01,1,992,2771,2763,0,8,4,297,932,596,0,336,57,1,0,1,136,86,74,6,9.52702521,5.279744,4.898816,0.554186000731702,0.514202061190935,1,1,0,0,16768853762,1080161,80477914
16033042,5,native,Native hex safety graph,source-native,compact-hex-safety-graph,200,0,0,0,7,14,NaN,1,1,1,1,5,5,5,0,10,0.01,1,994,2779,2771,0,8,4,295,888,484,0,404,68,0,0,0,132,72,91,5,9.5038451,5.279744,4.837376,0.555537673904218,0.508991460729931,1,1,0,0,16768853762,1080144,80163434
16033042,5,restricted-management,Local-only management,boundary,compact-hex-local-management,200,0,0,0,7,NaN,NaN,1,1,0,0,13,5,5,13,11,0.175,56,975,2670,2536,0,134,98,244,569,411,0,158,52,19,2,18,86,118,19,45,14.23258754,4.993024,4.517888,0.35081632106371,0.317432651462898,1,1,0,0,16768853762,1079808,101692988
16033042,10,beacon-loss,Beacon loss 0.05,boundary,compact-hex-safety-graph,200,0.05,0,0,12,NaN,NaN,0,1,1,0,18,8,10,0,20,0.155,8,1973,6656,6211,326,119,75,1206,5942,1071,0,4871,254,6,0,6,289,316,595,10,19.51765262,13.021184,8.720384,0.667149080553725,0.446794712959698,1,1,0,0,64949798804,2363393,267608353
16033042,10,churn-rejoin,State-loss and rejoin,boundary,compact-hex-safety-graph,200,0,0,1,11,143,2,1,1,1,1,9,10,10,0,13,0.035,4,1977,6703,6658,0,45,29,1210,5286,1071,0,4215,218,2,8,1,351,109,740,4,14.130595056,13.053952,8.617984,0.923807663319681,0.609881180930219,1,1,0,0,64949798804,1430097,254364002
16033042,10,native,Native hex safety graph,source-native,compact-hex-safety-graph,200,0,0,0,11,149,NaN,1,1,1,1,9,10,10,0,13,0.035,4,1978,6707,6662,0,45,29,1182,5276,1161,0,4115,211,2,8,1,353,115,704,4,14.214043452,12.94336,8.634368,0.910603660647934,0.607453328052483,1,1,0,0,64949798804,1430080,254976428
16033042,10,restricted-management,Local-only management,boundary,compact-hex-local-management,200,0,0,0,11,NaN,NaN,0,0,0,0,8,9,9,7,13,0.14,44,1971,6662,6525,0,137,104,624,1778,1062,0,716,162,9,4,7,346,103,162,43,14.747185982,10.62912,7.446528,0.720755811513709,0.504945689915962,1,1,0,0,64949798804,1420522,296139528
16033043,5,beacon-loss,Beacon loss 0.05,boundary,compact-hex-safety-graph,200,0.05,0,0,8,31,NaN,1,1,1,0,8,5,5,0,10,0.13,5,983,2731,2500,149,82,52,463,1386,640,0,746,125,9,6,7,156,187,105,17,11.316529702,5.922816,5.087232,0.523377409503308,0.44953993264392,1,1,0,0,16692703288,2013457,111596897
16033043,5,churn-rejoin,State-loss and rejoin,boundary,compact-hex-safety-graph,200,0,0,1,6,13,3,1,1,1,1,5,5,5,0,9,0.01,0,992,2771,2767,0,4,4,303,952,564,0,388,65,1,0,1,137,80,85,6,9.508481122,5.30432,4.898816,0.557851451976622,0.515204893099645,1,1,0,0,16692703288,1080161,78208873
16033043,5,native,Native hex safety graph,source-native,compact-hex-safety-graph,200,0,0,0,6,13,NaN,1,1,1,1,5,5,5,0,9,0.01,0,994,2779,2775,0,4,4,304,968,612,0,356,60,0,0,0,142,85,77,5,9.485301012,5.316608,4.93568,0.560510203447827,0.520350381475063,1,1,0,0,16692703288,1080144,77908103
16033043,5,restricted-management,Local-only management,boundary,compact-hex-local-management,200,0,0,0,6,NaN,NaN,1,0,0,0,7,5,5,9,9,0.21,56,968,2640,2483,0,157,115,267,621,435,0,186,66,26,2,24,89,127,23,53,11.8218561,5.05856,4.52608,0.427898965882354,0.382856969473685,1,1,0,0,16692703288,1079808,100559435
16033043,10,beacon-loss,Beacon loss 0.05,boundary,compact-hex-safety-graph,200,0.05,0,0,16,NaN,NaN,0,1,1,0,11,9,10,0,16,0.13,8,1977,6690,6270,323,97,66,1068,5276,1107,0,4169,224,3,0,3,256,309,500,8,15.748566734,12.47232,8.216576,0.791965402989542,0.521734843480138,1,1,0,0,65205517419,2363393,303128541
16033043,10,churn-rejoin,State-loss and rejoin,boundary,compact-hex-safety-graph,200,0,0,1,9,26,3,1,1,1,1,8,10,10,0,10,0.025,2,1978,6718,6702,0,16,14,1074,4846,972,0,3874,209,1,0,1,311,125,637,3,12.280822278,12.500992,7.7824,1.0179279299884,0.63370349507797,1,1,0,0,65205517419,1430097,288964293
16033043,10,native,Native hex safety graph,source-native,compact-hex-safety-graph,200,0,0,0,9,26,NaN,1,1,1,1,8,10,10,0,10,0.025,2,1980,6726,6710,0,16,14,1059,4821,1197,0,3624,195,0,0,0,307,122,630,2,12.257642168,12.447744,7.835648,1.0155088417001,0.639245940826684,1,1,0,0,65205517419,1430080,287737935
16033043,10,restricted-management,Local-only management,boundary,compact-hex-local-management,200,0,0,0,9,NaN,NaN,0,1,0,0,7,8,8,9,12,0.18,66,1968,6627,6437,0,190,139,646,1940,1126,0,814,174,12,2,11,314,158,160,46,13.662356834,10.706944,7.499776,0.783682063796988,0.548937206890698,1,1,0,0,65205517419,1420522,264138445
16033044,5,beacon-loss,Beacon loss 0.05,boundary,compact-hex-safety-graph,200,0.05,0,0,6,70,NaN,1,1,1,0,6,5,5,0,10,0.105,0,984,2713,2518,125,70,44,451,1344,596,0,748,125,8,3,7,152,185,103,13,10.52376994,5.87776,5.05856,0.55852228179743,0.480679455066081,1,1,0,0,16692792500,2013457,96216258
16033044,5,churn-rejoin,State-loss and rejoin,boundary,compact-hex-safety-graph,200,0,0,1,4,12,3,1,1,1,1,5,5,5,0,7,0,0,992,2775,2775,0,0,0,355,1092,608,0,484,81,1,0,1,160,82,112,6,9.471392946,5.517312,5.0176,0.582523820039596,0.529763681921681,1,1,0,0,16692792500,1080161,79593334
16033044,5,native,Native hex safety graph,source-native,compact-hex-safety-graph,200,0,0,0,4,12,NaN,1,1,1,1,5,5,5,0,7,0,0,994,2783,2783,0,0,0,315,988,588,0,400,67,0,0,0,143,79,93,5,9.448212836,5.361664,4.947968,0.567479172311905,0.5236935371679,1,1,0,0,16692792500,1080144,79221798
16033044,5,restricted-management,Local-only management,boundary,compact-hex-local-management,200,0,0,0,4,NaN,NaN,1,1,0,0,10,5,5,10,8,0.19,62,972,2680,2514,0,166,110,249,593,450,0,143,50,22,0,22,91,113,23,44,12.47089918,5.001216,4.52608,0.401030906257395,0.362931327939739,1,1,0,0,16692792500,1079808,95313703
16033044,10,beacon-loss,Beacon loss 0.05,boundary,compact-hex-safety-graph,200,0.05,0,0,15,NaN,NaN,0,1,1,0,8,9,10,0,13,0.175,5,1975,6662,6195,343,124,74,1120,5526,1053,0,4473,243,5,8,4,258,307,542,14,15.271056468,12.67712,8.126464,0.830140339443082,0.532148120663999,1,1,0,0,65079948115,2363393,297646397
16033044,10,churn-rejoin,State-loss and rejoin,boundary,compact-hex-safety-graph,200,0,0,1,9,13,3,1,1,1,1,8,10,10,0,10,0.025,2,1978,6718,6702,0,16,12,954,4270,936,0,3334,179,1,0,1,277,103,573,3,12.14637764,12.009472,7.630848,0.988728685698924,0.628240634876226,1,1,0,0,65079948115,1430097,304460114
16033044,10,native,Native hex safety graph,source-native,compact-hex-safety-graph,200,0,0,0,9,13,NaN,1,1,1,1,8,10,10,0,10,0.025,2,1980,6726,6710,0,16,12,991,4467,1089,0,3378,189,0,0,0,274,126,591,2,12.151013662,12.169216,7.749632,1.0014980098374,0.637776585194329,1,1,0,0,65079948115,1430080,295696736
16033044,10,restricted-management,Local-only management,boundary,compact-hex-local-management,200,0,0,0,9,NaN,NaN,0,1,0,0,7,9,9,9,10,0.35,124,1962,6567,6267,0,300,234,596,1841,1154,0,687,157,18,2,17,273,170,133,58,13.996150418,10.477568,7.200768,0.748603557912977,0.51448203862823,1,1,0,0,65079948115,1420522,255890813
16033045,5,beacon-loss,Beacon loss 0.05,boundary,compact-hex-safety-graph,200,0.05,0,0,7,20,NaN,1,1,1,0,6,5,5,0,10,0.06,2,983,2724,2559,125,40,24,384,1110,528,0,582,98,11,5,8,133,143,92,16,10.366145192,5.599232,4.923392,0.540146013420801,0.474949164690419,1,1,0,0,16833492889,2013457,93564818
16033045,5,churn-rejoin,State-loss and rejoin,boundary,compact-hex-safety-graph,200,0,0,1,5,20,3,1,1,1,1,5,5,5,0,10,0.01,2,992,2771,2767,0,4,4,310,940,528,0,412,69,1,0,1,140,77,92,6,9.64292576,5.332992,4.882432,0.553047086821085,0.506322678564312,1,1,0,0,16833492889,1080161,82244065
16033045,5,native,Native hex safety graph,source-native,compact-hex-safety-graph,200,0,0,0,5,20,NaN,1,1,1,1,5,5,5,0,10,0.01,2,994,2779,2775,0,4,4,340,1036,588,0,448,75,0,0,0,157,84,99,5,9.61974565,5.464064,4.97664,0.56800503867792,0.517335923533488,1,1,0,0,16833492889,1080144,81985789
16033045,5,restricted-management,Local-only management,boundary,compact-hex-local-management,200,0,0,0,5,NaN,NaN,1,0,0,0,6,5,5,7,10,0.295,96,976,2654,2434,0,220,156,282,663,456,0,207,70,18,1,17,110,115,38,46,11.367525944,5.152768,4.489216,0.45328843104332,0.394915834994817,1,1,0,0,16833492889,1079808,104954534
16033045,10,beacon-loss,Beacon loss 0.05,boundary,compact-hex-safety-graph,200,0.05,0,0,34,NaN,NaN,0,1,1,0,13,9,10,0,16,0.11,1,1975,6685,6275,342,68,52,1000,5284,1233,0,4051,212,3,0,3,247,299,451,6,17.375810456,12.1856,8.495104,0.701296784449684,0.488904044016351,1,1,0,0,64954979583,2363393,306799107
16033045,10,churn-rejoin,State-loss and rejoin,boundary,compact-hex-safety-graph,200,0,0,1,11,111,2,1,1,1,1,9,10,10,0,11,0.03,1,1975,6711,6687,0,24,22,1109,4981,1188,0,3793,197,2,8,1,333,109,657,4,13.829253626,12.632064,8.597504,0.913430640700002,0.621689661098996,1,1,0,0,64954979583,1430097,251783302
16033045,10,native,Native hex safety graph,source-native,compact-hex-safety-graph,200,0,0,0,11,NaN,NaN,1,1,1,0,10,10,10,0,11,0.03,1,1976,6715,6691,0,24,22,1001,4463,1098,0,3365,178,2,8,1,290,106,595,3,14.306763892,12.193792,8.482816,0.85230958531569,0.592923463617331,1,1,0,0,64954979583,1430080,290115011
16033045,10,restricted-management,Local-only management,boundary,compact-hex-local-management,200,0,0,0,15,NaN,NaN,1,1,0,0,14,10,10,11,13,0.285,74,1962,6526,6266,0,260,205,726,1998,1086,0,912,198,16,4,12,313,225,168,49,16.124084516,11.010048,7.897088,0.682832441685274,0.489769697756402,1,1,0,0,64954979583,1420522,261565345
16033046,5,beacon-loss,Beacon loss 0.05,boundary,compact-hex-safety-graph,200,0.05,0,0,4,34,NaN,1,1,1,0,6,5,5,0,9,0.07,1,985,2734,2563,135,36,28,387,1250,712,0,538,90,9,3,8,136,168,71,16,10.347601104,5.619712,5.074944,0.543093219724872,0.490446428016849,1,1,0,0,16736963809,2013457,93673663
16033046,5,churn-rejoin,State-loss and rejoin,boundary,compact-hex-safety-graph,200,0,0,1,4,13,3,1,1,1,1,5,5,5,0,8,0,0,992,2775,2775,0,0,0,321,996,600,0,396,67,1,0,1,150,80,90,6,9.471392946,5.378048,4.952064,0.567820174990341,0.522844319545561,1,1,0,0,16736963809,1080161,78325700
16033046,5,native,Native hex safety graph,source-native,compact-hex-safety-graph,200,0,0,0,4,13,NaN,1,1,1,1,5,5,5,0,8,0,0,994,2783,2783,0,0,0,309,948,524,0,424,71,0,0,0,138,71,100,5,9.448212836,5.337088,4.898816,0.564878045471667,0.518491283487425,1,1,0,0,16736963809,1080144,77986139
16033046,5,restricted-management,Local-only management,boundary,compact-hex-local-management,200,0,0,0,4,NaN,NaN,1,1,0,0,5,5,5,6,8,0.345,100,974,2653,2423,0,230,180,291,665,455,0,210,78,20,2,18,103,139,27,49,11.052276448,5.18144,4.448256,0.468812015730716,0.40247418899886,1,1,0,0,16736963809,1079808,100583517
16033046,10,beacon-loss,Beacon loss 0.05,boundary,compact-hex-safety-graph,200,0.05,0,0,11,NaN,NaN,0,1,1,0,14,9,10,0,16,0.115,9,1976,6692,6300,318,74,52,1435,6745,1107,0,5638,285,3,0,3,376,277,779,5,16.175080758,13.971456,8.54016,0.863764219111542,0.527982526193951,1,1,0,0,65162438604,2363393,283484786
16033046,10,churn-rejoin,State-loss and rejoin,boundary,compact-hex-safety-graph,200,0,0,1,8,25,2,1,1,1,1,8,10,10,0,10,0.02,2,1978,6722,6710,0,12,8,1123,4959,972,0,3987,207,0,0,0,336,85,702,2,12.503351334,12.701696,7.999488,1.01586332021725,0.639787508669554,1,1,0,0,65162438604,1430097,328420001
16033046,10,native,Native hex safety graph,source-native,compact-hex-safety-graph,200,0,0,0,8,25,NaN,1,1,1,1,9,10,10,0,10,0.02,2,1979,6726,6714,0,12,8,1066,4746,1161,0,3585,192,0,0,0,308,97,661,1,13.092126128,12.47232,8.6016,0.95265809984259,0.657005586098338,1,1,0,0,65162438604,1430080,275150662
16033046,10,restricted-management,Local-only management,boundary,compact-hex-local-management,200,0,0,0,8,NaN,NaN,1,1,0,0,10,10,10,8,12,0.235,71,1962,6583,6375,0,208,151,641,1893,1047,0,846,177,17,5,13,302,151,166,49,13.829253626,10.661888,7.31136,0.770966263859307,0.528687968109437,1,1,0,0,65162438604,1420522,289596686
16033047,5,beacon-loss,Beacon loss 0.05,boundary,compact-hex-safety-graph,200,0.05,0,0,6,36,NaN,1,1,1,0,7,5,5,0,12,0.105,1,985,2704,2537,121,46,46,457,1276,572,0,704,120,9,6,7,159,177,106,14,11.107908712,5.906432,5.009408,0.531732133666098,0.450976698664104,1,1,0,0,16814385993,2013457,109041219
16033047,5,churn-rejoin,State-loss and rejoin,boundary,compact-hex-safety-graph,200,0,0,1,6,14,3,1,1,1,1,5,5,5,0,8,0.01,1,992,2775,2767,0,8,4,338,1022,544,0,478,80,1,0,1,148,78,111,6,9.513117144,5.44768,4.939776,0.572649313315341,0.519259452525039,1,1,0,0,16814385993,1080161,78548493
16033047,5,native,Native hex safety graph,source-native,compact-hex-safety-graph,200,0,0,0,6,14,NaN,1,1,1,1,5,5,5,0,8,0.01,1,994,2783,2775,0,8,4,330,998,532,0,466,78,0,0,0,145,76,109,5,9.489937034,5.423104,4.927488,0.57145837538968,0.519232949844249,1,1,0,0,16814385993,1080144,78237589
16033047,5,restricted-management,Local-only management,boundary,compact-hex-local-management,200,0,0,0,6,NaN,NaN,1,0,0,0,3,5,5,6,8,0.295,113,975,2627,2413,0,214,172,230,542,415,0,127,39,19,0,19,87,102,22,47,10.417141434,4.93568,4.378624,0.473803685134837,0.420328746397627,1,1,0,0,16814385993,1079808,121028570
16033047,10,beacon-loss,Beacon loss 0.05,boundary,compact-hex-safety-graph,200,0.05,0,0,33,NaN,NaN,1,1,1,0,18,10,10,0,18,0.125,8,1973,6652,6187,361,104,84,1019,5239,1134,0,4105,221,6,7,4,212,372,422,4,19.295123564,12.255232,8.62208,0.63514659335301,0.446852800470617,1,1,0,0,65125318314,2363393,280354663
16033047,10,churn-rejoin,State-loss and rejoin,boundary,compact-hex-safety-graph,200,0,0,1,14,136,2,1,1,1,1,8,10,10,0,13,0.04,2,1976,6693,6653,0,40,28,1288,5574,801,0,4773,243,2,8,1,378,108,792,5,13.578908438,13.369344,7.806976,0.984566915746074,0.574933989403192,1,1,0,0,65125318314,1430097,290056150
16033047,10,native,Native hex safety graph,source-native,compact-hex-safety-graph,200,0,0,0,14,103,NaN,1,1,1,1,8,10,10,0,13,0.04,2,1977,6697,6657,0,40,28,1282,5646,873,0,4773,239,2,8,1,384,108,780,5,13.449099822,13.348864,7.827456,0.992547023717079,0.582005941185437,1,1,0,0,65125318314,1430080,313616819
16033047,10,restricted-management,Local-only management,boundary,compact-hex-local-management,200,0,0,0,14,NaN,NaN,1,1,0,0,15,10,10,14,13,0.36,112,1964,6587,6281,0,306,232,642,1746,1039,0,707,169,15,3,13,292,213,119,54,16.43469799,10.674176,7.274496,0.649490243538086,0.442630342487967,1,1,0,0,65125318314,1420522,277404250
16033048,5,beacon-loss,Beacon loss 0.05,boundary,compact-hex-safety-graph,200,0.05,0,0,8,33,NaN,1,1,1,1,5,5,5,0,11,0.09,1,979,2709,2540,119,50,36,392,1190,592,0,598,100,12,6,10,134,162,78,23,10.695302754,5.615616,4.952064,0.525054421474865,0.463012979987682,1,1,0,0,16655076002,2013457,97969464
16033048,5,churn-rejoin,State-loss and rejoin,boundary,compact-hex-safety-graph,200,0,0,1,7,14,3,1,1,1,1,5,5,5,0,9,0.02,0,991,2764,2752,0,12,8,337,1044,616,0,428,72,1,0,1,152,92,92,6,9.545569298,5.439488,4.968448,0.569844273315337,0.520497818924325,1,1,0,0,16655076002,1080161,79030875
16033048,5,native,Native hex safety graph,source-native,compact-hex-safety-graph,200,0,0,0,7,14,NaN,1,1,1,1,5,5,5,0,9,0.02,0,993,2772,2760,0,12,8,322,984,556,0,428,72,0,0,0,146,84,92,5,9.508481122,5.38624,4.9152,0.566466918416415,0.516927986387603,1,1,0,0,16655076002,1080144,78634117
16033048,5,restricted-management,Local-only management,boundary,compact-hex-local-management,200,0,0,0,7,NaN,NaN,0,1,0,0,5,3,4,8,9,0.27,66,975,2592,2369,0,223,152,263,588,372,0,216,60,18,4,16,74,160,7,50,11.63641522,5.070848,4.4032,0.435774068227173,0.378398322572061,1,1,0,0,16655076002,1079808,99128083
16033048,10,beacon-loss,Beacon loss 0.05,boundary,compact-hex-safety-graph,200,0.05,0,0,19,188,NaN,0,0,1,0,9,7,10,0,16,0.045,2,1976,6713,6334,343,36,24,1390,6656,1179,0,5477,282,4,8,3,378,252,748,8,15.2988726,13.787136,8.388608,0.901186405068828,0.548315436001474,1,1,0,0,64994723901,2363393,305769264
16033048,10,churn-rejoin,State-loss and rejoin,boundary,compact-hex-safety-graph,200,0,0,1,11,62,2,1,1,1,1,10,10,10,0,13,0.03,2,1977,6723,6691,0,32,20,1125,5123,1422,0,3701,194,2,8,1,334,124,657,3,14.320671958,12.705792,9.293824,0.887234344677669,0.648979602860616,1,1,0,0,64994723901,1430097,269232740
16033048,10,native,Native hex safety graph,source-native,compact-hex-safety-graph,200,0,0,0,11,77,NaN,1,1,1,1,9,10,10,0,13,0.03,2,1978,6727,6695,0,32,20,1188,5454,1143,0,4311,214,2,8,1,378,110,690,4,13.74580523,12.967936,8.675328,0.943410428346365,0.631125485545673,1,1,0,0,64994723901,1430080,236860626
16033048,10,restricted-management,Local-only management,boundary,compact-hex-local-management,200,0,0,0,11,NaN,NaN,0,0,0,0,9,8,9,11,13,0.24,106,1967,6594,6346,0,248,180,639,1919,1118,0,801,179,13,2,12,322,127,175,44,14.965079016,10.674176,6.8608,0.713272277987149,0.458453977601103,1,1,0,0,64994723901,1420522,256768232
16033049,5,beacon-loss,Beacon loss 0.05,boundary,compact-hex-safety-graph,200,0.05,0,0,11,62,NaN,0,1,1,0,6,4,5,0,13,0.09,2,981,2739,2539,136,64,36,433,1282,528,0,754,126,12,6,10,153,150,112,18,11.1264528,5.791744,5.001216,0.520538225803645,0.449488807430163,1,1,0,0,16862787394,2013457,106897285
16033049,5,churn-rejoin,State-loss and rejoin,boundary,compact-hex-safety-graph,200,0,0,1,4,12,3,1,1,1,1,5,5,5,0,9,0,0,992,2775,2775,0,0,0,306,968,592,0,376,63,1,0,1,136,80,89,6,9.48066499,5.316608,4.927488,0.560784291566872,0.51974075713016,1,1,0,0,16862787394,1080161,78744955
16033049,5,native,Native hex safety graph,source-native,compact-hex-safety-graph,200,0,0,0,4,12,NaN,1,1,1,1,5,5,5,0,9,0,0,994,2783,2783,0,0,0,302,944,556,0,388,65,0,0,0,140,75,87,5,9.45748488,5.308416,4.907008,0.561292570631104,0.51884915093832,1,1,0,0,16862787394,1080144,78431667
16033049,5,restricted-management,Local-only management,boundary,compact-hex-local-management,200,0,0,0,4,NaN,NaN,1,1,0,0,8,5,5,7,9,0.4,190,973,2531,2195,0,336,246,264,683,518,0,165,55,21,1,20,96,119,27,49,10.792659216,5.066752,4.288512,0.46946279861117,0.397354527199592,1,1,0,0,16862787394,1079808,114781964
16033049,10,beacon-loss,Beacon loss 0.05,boundary,compact-hex-safety-graph,200,0.05,0,0,24,NaN,NaN,1,1,1,0,11,10,10,0,16,0.12,5,1976,6656,6220,334,102,67,1324,6414,1143,0,5271,276,4,0,4,332,298,690,11,16.675771134,13.5168,8.515584,0.810565214129185,0.510656084901387,1,1,0,0,64979885235,2363393,282212713
16033049,10,churn-rejoin,State-loss and rejoin,boundary,compact-hex-safety-graph,200,0,0,1,14,73,2,1,1,1,1,9,10,10,0,10,0.045,5,1978,6702,6658,0,44,32,976,4730,1332,0,3398,173,1,0,1,302,133,540,4,13.39810358,12.099584,8.54016,0.903081837496885,0.63741558266114,1,1,0,0,64979885235,1430097,217121808
16033049,10,native,Native hex safety graph,source-native,compact-hex-safety-graph,200,0,0,0,14,82,NaN,1,1,1,1,9,10,10,0,10,0.045,5,1979,6706,6662,0,44,32,984,4556,1188,0,3368,176,1,0,1,296,120,567,4,13.439827778,12.136448,8.491008,0.903021095245466,0.631779524280746,1,1,0,0,64979885235,1430080,217114600
16033049,10,restricted-management,Local-only management,boundary,compact-hex-local-management,200,0,0,0,13,NaN,NaN,1,0,0,0,13,10,10,13,12,0.315,78,1967,6553,6257,0,296,186,599,1768,1017,0,751,163,13,4,11,278,177,127,50,15.92473557,10.510336,7.303168,0.660000660846138,0.458605291616782,1,1,0,0,64979885235,1420522,286998698
16033050,5,beacon-loss,Beacon loss 0.05,boundary,compact-hex-safety-graph,200,0.05,0,0,6,34,NaN,0,1,1,0,6,4,5,0,9,0.075,2,984,2726,2534,154,38,30,393,1178,560,0,618,104,10,3,9,126,174,80,17,10.783387172,5.640192,4.968448,0.523044560121633,0.460750218901627,1,1,0,0,16799462495,2013457,100440965
16033050,5,churn-rejoin,State-loss and rejoin,boundary,compact-hex-safety-graph,200,0,0,1,6,15,3,1,1,1,1,5,5,5,0,7,0.01,1,992,2771,2767,0,4,4,360,1092,592,0,500,84,1,0,1,163,84,112,6,9.52702521,5.537792,5.005312,0.581271895259318,0.525380366868999,1,1,0,0,16799462495,1080161,79931524
16033050,5,native,Native hex safety graph,source-native,compact-hex-safety-graph,200,0,0,0,6,15,NaN,1,1,1,1,5,5,5,0,7,0.01,1,994,2779,2775,0,4,4,284,860,468,0,392,66,0,0,0,127,68,89,5,9.499209078,5.234688,4.8128,0.551065668416905,0.5066527076603,1,1,0,0,16799462495,1080144,80568738
16033050,5,restricted-management,Local-only management,boundary,compact-hex-local-management,200,0,0,0,6,NaN,NaN,1,0,0,0,3,5,5,6,8,0.57,390,985,2513,1743,0,770,420,136,308,197,0,111,33,9,1,8,48,69,9,32,9.438940792,4.591616,3.567616,0.486454582265378,0.377967833321271,1,1,0,0,16799462495,1079808,173431839
16033050,10,beacon-loss,Beacon loss 0.05,boundary,compact-hex-safety-graph,200,0.05,0,0,11,NaN,NaN,0,1,1,0,12,8,10,0,14,0.125,10,1977,6677,6245,332,100,77,1300,6150,1089,0,5061,263,3,0,3,320,289,688,7,15.934007614,13.422592,8.66304,0.842386443207583,0.543682431304253,1,1,0,0,65057385302,2363393,245902442
16033050,10,churn-rejoin,State-loss and rejoin,boundary,compact-hex-safety-graph,200,0,0,1,12,86,2,1,1,1,1,10,10,10,0,13,0.035,1,1977,6703,6665,0,38,27,1257,5497,1179,0,4318,225,2,8,1,356,118,773,3,14.622013388,13.246464,9.494528,0.90592612990432,0.649331097439151,1,1,0,0,65057385302,1430097,277558758
16033050,10,native,Native hex safety graph,source-native,compact-hex-safety-graph,200,0,0,0,12,62,NaN,1,1,1,1,10,10,10,0,13,0.035,1,1978,6707,6669,0,38,27,1161,5045,1125,0,3920,207,2,8,1,322,115,714,3,14.469024662,12.857344,9.40032,0.88861165837717,0.649685809485698,1,1,0,0,65057385302,1430080,268000412
16033050,10,restricted-management,Local-only management,boundary,compact-hex-local-management,200,0,0,0,12,NaN,NaN,0,1,0,0,14,8,9,12,13,0.27,80,1967,6570,6350,0,220,183,657,1866,1023,0,843,176,13,3,11,306,174,161,50,15.261784424,10.747904,7.917568,0.70423639211535,0.518783897088022,1,1,0,0,65057385302,1420522,272385839
16033051,5,beacon-loss,Beacon loss 0.05,boundary,compact-hex-safety-graph,200,0.05,0,0,6,31,NaN,0,1,1,0,6,3,5,0,9,0.105,0,983,2705,2496,147,62,42,394,1194,596,0,598,100,11,3,10,127,181,72,20,10.621126402,5.640192,4.960256,0.5310352015901,0.467017886075244,1,1,0,0,16862492601,2013457,99006437
16033051,5,churn-rejoin,State-loss and rejoin,boundary,compact-hex-safety-graph,200,0,0,1,7,13,3,1,1,1,1,5,5,5,0,10,0.01,1,992,2771,2767,0,4,4,290,946,624,0,322,54,1,0,1,134,89,66,6,9.508481122,5.251072,4.9152,0.552251398790756,0.516927986387603,1,1,0,0,16862492601,1080161,79576703
16033051,5,native,Native hex safety graph,source-native,compact-hex-safety-graph,200,0,0,0,7,13,NaN,1,1,1,1,5,5,5,0,10,0.01,1,994,2779,2775,0,4,4,316,994,588,0,406,68,0,0,0,147,84,85,5,9.485301012,5.36576,4.943872,0.565692115960442,0.521214033560499,1,1,0,0,16862492601,1080144,79298626
16033051,5,restricted-management,Local-only management,boundary,compact-hex-local-management,200,0,0,0,7,158,NaN,0,1,0,0,7,4,5,6,10,0.265,115,974,2592,2336,0,256,175,303,690,472,0,218,75,20,4,17,121,125,33,53,11.506606604,5.230592,4.46464,0.454572940573262,0.388006660317037,1,1,0,0,16862492601,1079808,109786369
16033051,10,beacon-loss,Beacon loss 0.05,boundary,compact-hex-safety-graph,200,0.05,0,0,15,NaN,NaN,1,1,1,0,15,10,10,0,16,0.15,15,1976,6662,6193,335,134,88,1184,5830,1143,0,4687,246,4,0,4,280,327,573,7,16.100904406,12.94336,8.302592,0.803890245766359,0.515659977268484,1,1,0,0,65117481654,2363393,275339769
16033051,10,churn-rejoin,State-loss and rejoin,boundary,compact-hex-safety-graph,200,0,0,1,11,36,3,1,1,1,1,9,10,10,0,10,0.035,7,1978,6700,6668,0,32,26,1061,4541,873,0,3668,198,1,0,1,297,106,657,2,13.18948259,12.447744,8.454144,0.943762874325156,0.640976167360027,1,1,0,0,65117481654,1430097,263075177
16033051,10,native,Native hex safety graph,source-native,compact-hex-safety-graph,200,0,0,0,11,36,NaN,1,1,1,1,9,10,10,0,10,0.035,7,1980,6708,6676,0,32,26,1058,4706,1116,0,3590,192,0,0,0,305,119,634,1,13.14312237,12.443648,8.548352,0.946780198014697,0.650404961572309,1,1,0,0,65117481654,1430080,269757020
16033051,10,restricted-management,Local-only management,boundary,compact-hex-local-management,200,0,0,0,17,NaN,NaN,1,1,0,0,18,10,10,16,18,0.27,74,1964,6599,6371,0,228,166,607,1811,1170,0,641,150,16,1,15,289,175,126,42,16.161172692,10.530816,7.14752,0.651612120029687,0.442264935609414,1,1,0,0,65117481654,1420522,242147242
16033052,5,beacon-loss,Beacon loss 0.05,boundary,compact-hex-safety-graph,200,0.05,0,0,9,36,NaN,1,1,1,1,5,5,5,0,10,0.04,2,986,2749,2600,125,24,16,369,1140,644,0,496,84,8,0,8,134,147,80,13,10.287332818,5.55008,5.009408,0.539506215866652,0.486949152771155,1,1,0,0,16807582986,2013457,93316046
16033052,5,churn-rejoin,State-loss and rejoin,boundary,compact-hex-safety-graph,200,0,0,1,9,25,3,1,1,1,1,5,5,5,0,10,0.02,1,992,2767,2759,0,8,8,328,1014,560,0,454,76,1,0,1,146,84,97,6,9.707830068,5.40672,4.931584,0.556944235954667,0.508000651582893,1,1,0,0,16807582986,1080161,82872116
16033052,5,native,Native hex safety graph,source-native,compact-hex-safety-graph,200,0,0,0,9,25,NaN,1,1,1,1,5,5,5,0,10,0.02,1,994,2775,2767,0,8,8,346,1046,532,0,514,86,0,0,0,154,80,112,5,9.684649958,5.48864,4.952064,0.56673602286122,0.511331232566578,1,1,0,0,16807582986,1080144,82594424
16033052,5,restricted-management,Local-only management,boundary,compact-hex-local-management,200,0,0,0,9,NaN,NaN,0,1,0,0,8,4,5,9,12,0.27,90,973,2639,2427,0,212,149,334,737,435,0,302,88,21,1,20,125,141,46,45,13.28220303,5.353472,4.571136,0.403056028273948,0.344154956047227,1,1,0,0,16807582986,1079808,109552629
16033052,10,beacon-loss,Beacon loss 0.05,boundary,compact-hex-safety-graph,200,0.05,0,0,13,NaN,NaN,1,1,1,0,16,10,10,0,16,0.155,2,1972,6633,6221,303,109,76,1316,6280,990,0,5290,268,5,8,4,330,294,679,6,16.045272142,13.467648,8.216576,0.839353043115247,0.512087045160944,1,1,0,0,64895746644,2363393,262923109
16033052,10,churn-rejoin,State-loss and rejoin,boundary,compact-hex-safety-graph,200,0,0,1,12,76,2,1,1,1,1,8,10,10,0,11,0.04,0,1974,6692,6660,0,32,20,972,4240,981,0,3259,177,2,8,1,275,101,586,5,12.72588039,12.066816,7.610368,0.948210703715407,0.598022908181679,1,1,0,0,64895746644,1430097,321721725
16033052,10,native,Native hex safety graph,source-native,compact-hex-safety-graph,200,0,0,0,12,94,NaN,1,1,1,1,8,10,10,0,11,0.04,0,1975,6696,6664,0,32,20,1050,4684,1071,0,3613,193,2,8,1,303,112,625,5,12.809328786,12.3904,7.72096,0.967295024353043,0.60276070112578,1,1,0,0,64895746644,1430080,327816523
16033052,10,restricted-management,Local-only management,boundary,compact-hex-local-management,200,0,0,0,12,NaN,NaN,0,0,0,0,11,9,10,11,13,0.375,141,1963,6507,6187,0,320,257,609,1807,1056,0,751,169,14,3,12,282,171,139,51,14.965079016,10.534912,7.10656,0.703966346501514,0.474876209634575,1,1,0,0,64895746644,1420522,272149955
16033053,5,beacon-loss,Beacon loss 0.05,boundary,compact-hex-safety-graph,200,0.05,0,0,7,40,NaN,1,1,1,1,5,5,5,0,9,0.08,4,986,2735,2561,130,44,32,410,1244,612,0,632,106,8,0,8,150,152,100,15,10.296604862,5.718016,5.033984,0.555330235221762,0.48889746352976,1,1,0,0,16797607458,2013457,92527694
16033053,5,churn-rejoin,State-loss and rejoin,boundary,compact-hex-safety-graph,200,0,0,1,6,18,3,1,1,1,1,5,5,5,0,8,0.01,1,992,2771,2767,0,4,4,275,846,484,0,362,61,1,0,1,127,68,79,6,9.559477364,5.189632,4.800512,0.542878214194388,0.502173060012489,1,1,0,0,16797607458,1080161,79194428
16033053,5,native,Native hex safety graph,source-native,compact-hex-safety-graph,200,0,0,0,6,18,NaN,1,1,1,1,5,5,5,0,8,0.01,1,994,2779,2775,0,4,4,341,1050,612,0,438,74,0,0,0,160,83,98,5,9.536297254,5.46816,4.993024,0.573404944744815,0.523580994489835,1,1,0,0,16797607458,1080144,78981071
16033053,5,restricted-management,Local-only management,boundary,compact-hex-local-management,200,0,0,0,6,NaN,NaN,0,1,0,0,6,3,5,7,8,0.27,85,976,2642,2448,0,194,152,229,500,349,0,151,53,18,3,16,77,114,17,44,10.301240884,4.93568,4.329472,0.479134509675058,0.420286453714968,1,1,0,0,16797607458,1079808,122386173
16033053,10,beacon-loss,Beacon loss 0.05,boundary,compact-hex-safety-graph,200,0.05,0,0,26,NaN,NaN,0,1,1,0,14,9,10,0,17,0.155,15,1975,6666,6183,323,160,88,1188,5962,1161,0,4801,255,5,8,4,274,338,563,8,17.91822503,12.955648,8.630272,0.723043045743019,0.481647707044117,1,1,0,0,64998441788,2363393,267467733
16033053,10,churn-rejoin,State-loss and rejoin,boundary,compact-hex-safety-graph,200,0,0,1,NaN,NaN,NaN,0,0,1,0,10,6,10,0,10,0.995,1,1979,6332,4748,0,1584,792,1718,8316,756,0,7560,357,0,0,0,267,844,607,0,13.908066,15.142912,7.716864,1.08878632011093,0.55484810037571,1,1,0,0,64998441788,1430097,238331613
16033053,10,native,Native hex safety graph,source-native,compact-hex-safety-graph,200,0,0,0,NaN,NaN,NaN,0,0,1,0,10,6,10,0,10,0.995,1,1980,6336,4752,0,1584,792,1610,8084,864,0,7220,331,0,0,0,259,854,497,0,13.908066,14.70464,8.237056,1.05727424646964,0.592250281239678,1,1,0,0,64998441788,1430080,240145761
16033053,10,restricted-management,Local-only management,boundary,compact-hex-local-management,200,0,0,0,194,NaN,NaN,1,1,0,0,19,10,10,18,12,0.95,41,1974,6326,4749,0,1577,852,1057,1866,849,0,1017,234,6,1,5,173,835,42,29,16.462514122,12.414976,7.569408,0.754136088084444,0.459796598739707,1,1,0,0,64998441788,1420522,309003525
16033054,5,beacon-loss,Beacon loss 0.05,boundary,compact-hex-safety-graph,200,0.05,0,0,6,14,NaN,0,1,1,0,6,4,5,0,9,0.06,4,983,2734,2561,141,32,24,325,1054,684,0,370,62,11,3,10,111,153,47,18,10.47740972,5.357568,4.931584,0.511344706676222,0.470687329386981,1,1,0,0,16733001368,2013457,96312681
16033054,5,churn-rejoin,State-loss and rejoin,boundary,compact-hex-safety-graph,200,0,0,1,6,14,3,1,1,1,1,5,5,5,0,9,0.01,1,992,2771,2767,0,4,4,315,946,480,0,466,78,1,0,1,142,68,104,6,9.559477364,5.353472,4.866048,0.560017226481504,0.509028664927335,1,1,0,0,16733001368,1080161,80310412
16033054,5,native,Native hex safety graph,source-native,compact-hex-safety-graph,200,0,0,0,6,14,NaN,1,1,1,1,5,5,5,0,9,0.01,1,994,2779,2775,0,4,4,294,942,596,0,346,58,0,0,0,136,82,76,5,9.508481122,5.275648,4.911104,0.554836038722694,0.516497213065614,1,1,0,0,16733001368,1080144,80562991
16033054,5,restricted-management,Local-only management,boundary,compact-hex-local-management,200,0,0,0,6,NaN,NaN,1,0,0,0,6,5,5,7,9,0.235,73,976,2607,2424,0,183,133,238,582,425,0,157,53,18,0,18,81,118,21,45,10.84829148,4.972544,4.419584,0.458371164636148,0.407399082901486,1,1,0,0,16733001368,1079808,93340448
16033054,10,beacon-loss,Beacon loss 0.05,boundary,compact-hex-safety-graph,200,0.05,0,0,27,NaN,NaN,0,1,1,0,11,8,10,0,14,0.08,3,1976,6699,6322,323,54,35,1628,7454,1053,0,6401,338,4,8,3,407,261,948,6,15.896919438,14.761984,8.843264,0.928606580512256,0.556287904363474,1,1,0,0,65239065678,2363393,300360175
16033054,10,churn-rejoin,State-loss and rejoin,boundary,compact-hex-safety-graph,200,0,0,1,10,47,3,1,1,1,1,8,10,10,0,10,0.02,2,1978,6726,6718,0,8,8,1126,5088,1035,0,4053,211,1,0,1,341,101,683,3,12.40135885,12.713984,7.827456,1.02520894313126,0.631177284253814,1,1,0,0,65239065678,1430097,321894321
16033054,10,native,Native hex safety graph,source-native,compact-hex-safety-graph,200,0,0,0,10,47,NaN,1,1,1,1,8,10,10,0,10,0.02,2,1980,6734,6726,0,8,8,1096,4908,1071,0,3837,200,0,0,0,327,92,677,2,12.37817874,12.599296,7.806976,1.01786347286176,0.630704739686123,1,1,0,0,65239065678,1430080,320638950
16033054,10,restricted-management,Local-only management,boundary,compact-hex-local-management,200,0,0,0,16,NaN,NaN,0,0,0,0,19,8,10,17,18,0.305,75,1961,6563,6265,0,298,178,655,1975,1128,0,847,184,19,4,17,288,196,148,45,15.196880116,10.715136,7.200768,0.705087881078866,0.473831993477312,1,1,0,0,65239065678,1420522,273781593
16033055,5,beacon-loss,Beacon loss 0.05,boundary,compact-hex-safety-graph,200,0.05,0,0,22,97,NaN,1,1,1,0,6,5,5,0,13,0.085,0,987,2723,2542,139,42,38,376,1128,564,0,564,96,7,3,6,123,177,66,12,11.664231352,5.582848,4.93568,0.478629738344717,0.423146613870421,1,1,0,0,16842955867,2013457,119747600
16033055,5,churn-rejoin,State-loss and rejoin,boundary,compact-hex-safety-graph,200,0,0,1,12,24,3,1,1,1,1,5,5,5,0,11,0.035,2,990,2751,2733,0,18,18,341,1028,556,0,472,79,3,3,2,147,96,92,9,9.87472686,5.451776,4.911104,0.552093853054686,0.497340743660833,1,1,0,0,16842955867,1080161,86016267
16033055,5,native,Native hex safety graph,source-native,compact-hex-safety-graph,200,0,0,0,12,24,NaN,1,1,1,1,5,5,5,0,11,0.035,2,992,2759,2741,0,18,18,302,904,480,0,424,71,2,3,1,130,86,81,8,9.85154675,5.300224,4.808704,0.538009323256777,0.48811665031179,1,1,0,0,16842955867,1080144,86807877
16033055,5,restricted-management,Local-only management,boundary,compact-hex-local-management,200,0,0,0,12,NaN,NaN,0,0,0,0,5,2,4,9,11,0.315,113,977,2641,2407,0,234,176,210,442,340,0,102,40,17,3,14,64,122,4,46,10.704574798,4.861952,4.25984,0.454193846252388,0.397945745663423,1,1,0,0,16842955867,1079808,132115574
16033055,10,beacon-loss,Beacon loss 0.05,boundary,compact-hex-safety-graph,200,0.05,0,0,18,NaN,NaN,0,1,1,0,11,9,10,0,14,0.09,4,1978,6699,6312,323,64,44,1353,6499,1233,0,5266,273,2,0,2,363,260,728,5,15.512129612,13.643776,8.56064,0.879555311956995,0.551867487838523,1,1,0,0,64803724398,2363393,317410630
16033055,10,churn-rejoin,State-loss and rejoin,boundary,compact-hex-safety-graph,200,0,0,1,7,9,3,1,1,1,1,9,10,10,0,10,0.015,1,1978,6726,6714,0,12,8,1018,4570,1188,0,3382,178,1,0,1,298,91,628,2,13.045765908,12.271616,8.552448,0.940658914665541,0.655572701542607,1,1,0,0,64803724398,1430097,271746042
16033055,10,native,Native hex safety graph,source-native,compact-hex-safety-graph,200,0,0,0,7,9,NaN,1,1,1,1,9,10,10,0,10,0.015,1,1980,6734,6722,0,12,8,914,4086,1224,0,2862,157,0,0,0,258,94,562,1,13.017949776,11.853824,8.491008,0.910575336667361,0.65225386071577,1,1,0,0,64803724398,1430080,276417586
16033055,10,restricted-management,Local-only management,boundary,compact-hex-local-management,200,0,0,0,13,NaN,NaN,1,1,0,0,12,10,10,9,11,0.325,118,1965,6604,6333,0,271,207,457,1342,816,0,526,121,15,2,14,189,164,87,46,13.708717054,9.920512,6.488064,0.723664509298873,0.473280174537331,1,1,0,0,64803724398,1420522,278098059
16033056,5,beacon-loss,Beacon loss 0.05,boundary,compact-hex-safety-graph,200,0.05,0,0,4,12,NaN,1,1,1,0,7,5,5,0,11,0.08,1,982,2722,2519,155,48,34,344,1036,644,0,392,68,12,6,10,97,192,37,19,11.015188272,5.431296,4.898816,0.493073369776716,0.444732843328018,1,1,0,0,16861729807,2013457,106612716
16033056,5,churn-rejoin,State-loss and rejoin,boundary,compact-hex-safety-graph,200,0,0,1,4,12,3,1,1,1,1,5,5,5,0,8,0,0,992,2775,2775,0,0,0,305,972,608,0,364,61,1,0,1,141,82,81,6,9.476028968,5.312512,4.93568,0.560626399300809,0.520859530576311,1,1,0,0,16861729807,1080161,78874092
16033056,5,native,Native hex safety graph,source-native,compact-hex-safety-graph,200,0,0,0,4,12,NaN,1,1,1,1,5,5,5,0,8,0,0,994,2783,2783,0,0,0,263,876,620,0,256,43,0,0,0,122,83,58,5,9.452848858,5.148672,4.882432,0.544668816495743,0.51650376234123,1,1,0,0,16861729807,1080144,78877610
16033056,5,restricted-management,Local-only management,boundary,compact-hex-local-management,200,0,0,0,4,117,NaN,1,0,0,0,3,5,5,6,8,0.345,244,985,2611,2119,0,492,260,166,402,271,0,131,40,9,2,8,81,46,28,31,10.092619894,4.714496,3.989504,0.4671231107002,0.395289235292784,1,1,0,0,16861729807,1079808,144406070
16033056,10,beacon-loss,Beacon loss 0.05,boundary,compact-hex-safety-graph,200,0.05,0,0,22,NaN,NaN,0,1,1,0,12,9,10,0,14,0.125,9,1975,6670,6254,318,98,68,1487,6699,1089,0,5610,304,5,8,4,348,280,846,10,16.351249594,14.180352,8.68352,0.867233535790647,0.531061552823851,1,1,0,0,64908124716,2363393,252825624
16033056,10,churn-rejoin,State-loss and rejoin,boundary,compact-hex-safety-graph,200,0,0,1,13,90,2,1,1,1,1,8,10,10,0,12,0.05,9,1977,6692,6640,0,52,45,1256,5502,1062,0,4440,230,2,8,1,371,121,754,5,13.064309996,13.242368,7.852032,1.01362934621534,0.601029216422767,1,1,0,0,64908124716,1430097,291140216
16033056,10,native,Native hex safety graph,source-native,compact-hex-safety-graph,200,0,0,0,13,78,NaN,1,1,1,1,8,10,10,0,12,0.05,9,1978,6696,6644,0,52,45,1105,4863,1017,0,3846,202,2,8,1,319,121,655,5,12.999405688,12.627968,7.72096,0.971426563881849,0.593947153070803,1,1,0,0,64908124716,1430080,298296848
16033056,10,restricted-management,Local-only management,boundary,compact-hex-local-management,200,0,0,0,13,NaN,NaN,1,1,0,0,17,10,10,16,14,0.23,83,1965,6586,6358,0,228,149,516,1538,912,0,626,135,15,6,12,241,133,121,51,17.157917422,10.162176,7.254016,0.592273278280847,0.422779514645458,1,1,0,0,64908124716,1420522,297056033
16033057,5,beacon-loss,Beacon loss 0.05,boundary,compact-hex-safety-graph,200,0.05,0,0,12,40,NaN,0,1,1,0,6,4,5,0,13,0.05,3,981,2729,2605,104,20,20,382,1178,620,0,558,93,11,0,11,148,128,95,19,10.653578556,5.582848,4.993024,0.524034996377418,0.468671064258307,1,1,0,0,16751471347,2013457,98016090
16033057,5,churn-rejoin,State-loss and rejoin,boundary,compact-hex-safety-graph,200,0,0,1,6,23,3,1,1,1,1,5,5,5,0,8,0.01,1,992,2771,2767,0,4,4,365,1070,496,0,574,96,1,0,1,164,71,129,6,9.605837584,5.558272,4.95616,0.578634809447347,0.515952925152019,1,1,0,0,16751471347,1080161,79942732
16033057,5,native,Native hex safety graph,source-native,compact-hex-safety-graph,200,0,0,0,6,23,NaN,1,1,1,1,5,5,5,0,8,0.01,1,994,2779,2775,0,4,4,343,990,428,0,562,94,0,0,0,156,62,125,5,9.582657474,5.476352,4.886528,0.571485729804976,0.509934536766894,1,1,0,0,16751471347,1080144,79609176
16033057,5,restricted-management,Local-only management,boundary,compact-hex-local-management,200,0,0,0,6,NaN,NaN,1,1,0,0,13,5,5,11,8,0.295,83,974,2657,2441,0,216,146,264,572,382,0,190,61,20,1,19,77,150,16,44,14.16304721,5.070848,4.427776,0.35803368617028,0.312628767972595,1,1,0,0,16751471347,1079808,101604320
16033057,10,beacon-loss,Beacon loss 0.05,boundary,compact-hex-safety-graph,200,0.05,0,0,20,NaN,NaN,0,1,1,0,15,9,10,0,16,0.155,6,1974,6649,6178,331,140,83,1472,6780,1161,0,5619,310,6,8,5,321,348,789,10,16.34197755,14.114816,8.695808,0.863715297418212,0.532114792924801,1,1,0,0,65070403663,2363393,275504181
16033057,10,churn-rejoin,State-loss and rejoin,boundary,compact-hex-safety-graph,200,0,0,1,11,65,2,1,1,1,1,9,10,10,0,13,0.03,7,1978,6721,6687,0,34,22,998,4620,1269,0,3351,174,1,0,1,305,113,579,4,13.527912196,12.189696,8.54016,0.901077403769985,0.631299189133205,1,1,0,0,65070403663,1430097,239734410
16033057,10,native,Native hex safety graph,source-native,compact-hex-safety-graph,200,0,0,0,11,74,NaN,1,1,1,1,9,10,10,0,13,0.03,7,1979,6725,6691,0,34,22,1060,4886,1341,0,3545,183,1,0,1,323,112,624,4,13.569636394,12.447744,8.613888,0.917323326769753,0.634791364329316,1,1,0,0,65070403663,1430080,238312791
16033057,10,restricted-management,Local-only management,boundary,compact-hex-local-management,200,0,0,0,12,NaN,NaN,0,0,0,0,7,9,10,10,13,0.335,88,1968,6591,6338,0,253,193,586,1741,1074,0,667,157,12,1,11,259,193,121,58,14.34848809,10.461184,7.221248,0.72907918481605,0.503275882079364,1,1,0,0,65070403663,1420522,250037397
16033058,5,beacon-loss,Beacon loss 0.05,boundary,compact-hex-safety-graph,200,0.05,0,0,8,39,NaN,0,1,1,0,6,4,5,0,10,0.09,4,986,2729,2528,153,48,36,379,1166,588,0,578,97,8,0,8,125,167,79,14,10.73239093,5.59104,4.968448,0.520950088052747,0.462939528797056,1,1,0,0,16817523762,2013457,100129655
16033058,5,churn-rejoin,State-loss and rejoin,boundary,compact-hex-safety-graph,200,0,0,1,7,49,3,1,1,1,1,5,5,5,0,10,0.02,3,992,2771,2763,0,8,8,337,1026,592,0,434,73,1,0,1,149,87,100,6,9.972083322,5.443584,4.95616,0.545882322101199,0.497003468579722,1,1,0,0,16817523762,1080161,87907561
16033058,5,native,Native hex safety graph,source-native,compact-hex-safety-graph,200,0,0,0,7,49,NaN,1,1,1,1,5,5,5,0,10,0.02,3,994,2779,2771,0,8,8,360,1054,524,0,530,89,0,0,0,161,78,121,5,9.948903212,5.545984,4.960256,0.557446773963047,0.498573148647895,1,1,0,0,16817523762,1080144,87624630
16033058,5,restricted-management,Local-only management,boundary,compact-hex-local-management,200,0,0,0,7,NaN,NaN,1,1,0,0,8,5,5,7,10,0.2,71,977,2696,2510,0,186,114,201,469,334,0,135,42,17,0,17,70,92,22,31,11.784767924,4.825088,4.358144,0.409434282551596,0.369811610046603,1,1,0,0,16817523762,1079808,116896512
16033058,10,beacon-loss,Beacon loss 0.05,boundary,compact-hex-safety-graph,200,0.05,0,0,16,NaN,NaN,0,1,1,0,11,8,10,0,16,0.16,4,1976,6667,6224,327,116,85,1329,6079,972,0,5107,278,4,8,3,300,312,705,8,16.096268384,13.53728,8.62208,0.841019774089771,0.535657072453545,1,1,0,0,65108378984,2363393,265008162
16033058,10,churn-rejoin,State-loss and rejoin,boundary,compact-hex-safety-graph,200,0,0,1,12,56,3,1,1,1,1,9,10,10,0,13,0.04,4,1977,6696,6645,0,51,39,1064,4578,1188,0,3390,184,2,0,2,291,135,636,5,13.356379382,12.455936,8.515584,0.932583273037789,0.637566795345466,1,1,0,0,65108378984,1430097,256614384
16033058,10,native,Native hex safety graph,source-native,compact-hex-safety-graph,200,0,0,0,12,56,NaN,1,1,1,1,9,10,10,0,13,0.04,4,1979,6704,6653,0,51,39,1032,4430,1080,0,3350,183,1,0,1,281,136,614,4,13.333199272,12.333056,8.470528,0.924988500389376,0.635295987647037,1,1,0,0,65108378984,1430080,259534761
16033058,10,restricted-management,Local-only management,boundary,compact-hex-local-management,200,0,0,0,10,NaN,NaN,1,1,0,0,9,10,10,8,12,0.215,65,1968,6582,6353,0,229,148,733,2129,1172,0,957,201,12,1,11,356,149,215,46,14.538564992,11.063296,7.282688,0.760962034842345,0.500922065142425,1,1,0,0,65108378984,1420522,281736020
16033059,5,beacon-loss,Beacon loss 0.05,boundary,compact-hex-safety-graph,200,0.05,0,0,6,26,NaN,1,1,1,0,6,5,5,0,10,0.04,2,984,2737,2594,123,20,16,346,1086,612,0,474,80,10,3,9,121,143,69,15,10.40786939,5.44768,4.952064,0.523419327805381,0.475799975426094,1,1,0,0,16640610108,2013457,96017483
16033059,5,churn-rejoin,State-loss and rejoin,boundary,compact-hex-safety-graph,200,0,0,1,6,26,3,1,1,1,1,5,5,5,0,10,0.01,2,992,2771,2767,0,4,4,313,984,604,0,380,64,1,0,1,137,86,89,6,9.749554266,5.34528,4.93568,0.548258910526895,0.506246733475025,1,1,0,0,16640610108,1080161,84251806
16033059,5,native,Native hex safety graph,source-native,compact-hex-safety-graph,200,0,0,0,6,26,NaN,1,1,1,1,5,5,5,0,10,0.01,2,994,2779,2775,0,4,4,310,972,592,0,380,64,0,0,0,139,84,87,5,9.71246609,5.341184,4.931584,0.549930774584563,0.507758169171636,1,1,0,0,16640610108,1080144,84448505
16033059,5,restricted-management,Local-only management,boundary,compact-hex-local-management,200,0,0,0,6,NaN,NaN,1,1,0,0,6,5,5,6,10,0.305,89,977,2618,2387,0,231,161,243,547,364,0,183,56,17,1,16,79,124,22,42,11.209901196,4.99712,4.36224,0.445777345636473,0.389141699264626,1,1,0,0,16640610108,1079808,142854486
16033059,10,beacon-loss,Beacon loss 0.05,boundary,compact-hex-safety-graph,200,0.05,0,0,11,194,NaN,1,1,1,0,9,10,10,0,15,0.1,1,1976,6692,6283,333,76,40,1128,5578,1161,0,4417,233,4,0,4,284,273,567,13,16.11017645,12.713984,8.564736,0.789189618093848,0.531635145436287,1,1,0,0,64957972201,2363393,275851017
16033059,10,churn-rejoin,State-loss and rejoin,boundary,compact-hex-safety-graph,200,0,0,1,11,98,2,1,1,1,1,8,10,10,0,13,0.03,1,1978,6726,6702,0,24,12,1089,5017,1080,0,3937,196,1,0,1,345,104,639,5,13.087490106,12.562432,7.757824,0.959880916680939,0.592766369805575,1,1,0,0,64957972201,1430097,285821892
16033059,10,native,Native hex safety graph,source-native,compact-hex-safety-graph,200,0,0,0,11,122,NaN,1,1,1,1,8,10,10,0,13,0.03,1,1979,6730,6706,0,24,12,1066,4834,963,0,3871,194,1,0,1,332,97,636,5,13.249750876,12.47232,7.70048,0.941324868423888,0.581179229109002,1,1,0,0,64957972201,1430080,267473969
16033059,10,restricted-management,Local-only management,boundary,compact-hex-local-management,200,0,0,0,11,NaN,NaN,0,1,0,0,21,9,10,17,15,0.335,120,1957,6509,6202,0,307,239,638,1887,1223,0,664,154,23,0,23,267,241,107,64,16.286345286,10.62912,7.483392,0.652639976209823,0.459488723135008,1,1,0,0,64957972201,1420522,260903064
16033060,5,beacon-loss,Beacon loss 0.05,boundary,compact-hex-safety-graph,200,0.05,0,0,7,22,NaN,0,1,1,0,6,4,5,0,9,0.045,0,981,2727,2557,138,32,18,396,1178,544,0,634,107,13,6,11,145,141,91,19,10.519133918,5.640192,4.97664,0.536184066479911,0.47310358807051,1,1,0,0,16818541015,2013457,95806799
16033060,5,churn-rejoin,State-loss and rejoin,boundary,compact-hex-safety-graph,200,0,0,1,6,13,3,1,1,1,1,5,5,5,0,9,0.01,0,992,2771,2767,0,4,4,309,960,548,0,412,69,1,0,1,138,78,92,6,9.5038451,5.328896,4.898816,0.560709475368028,0.515456212559693,1,1,0,0,16818541015,1080161,78322395
16033060,5,native,Native hex safety graph,source-native,compact-hex-safety-graph,200,0,0,0,6,13,NaN,1,1,1,1,5,5,5,0,9,0.01,0,994,2779,2775,0,4,4,325,1024,640,0,384,65,0,0,0,153,88,84,5,9.48066499,5.402624,4.984832,0.569857072863409,0.525789277994518,1,1,0,0,16818541015,1080144,78050323
16033060,5,restricted-management,Local-only management,boundary,compact-hex-local-management,200,0,0,0,6,NaN,NaN,1,1,0,0,10,5,5,6,10,0.215,50,971,2651,2506,0,145,121,285,621,420,0,201,73,23,3,20,92,142,25,45,11.084728602,5.144576,4.513792,0.464113843894362,0.407208165582474,1,1,0,0,16818541015,1079808,118269533
16033060,10,beacon-loss,Beacon loss 0.05,boundary,compact-hex-safety-graph,200,0.05,0,0,22,176,NaN,1,1,1,0,10,10,10,0,14,0.13,4,1972,6664,6213,350,101,67,1494,6826,972,0,5854,303,5,7,3,383,285,814,7,15.076343544,14.196736,8.556544,0.941656440672575,0.567547693180903,1,1,0,0,65028918120,2363393,279915068
16033060,10,churn-rejoin,State-loss and rejoin,boundary,compact-hex-safety-graph,200,0,0,1,8,13,2,1,1,1,1,7,10,10,0,10,0.025,4,1976,6703,6671,0,32,18,991,4513,1152,0,3361,180,0,0,0,290,118,583,3,11.552966824,12.152832,7.143424,1.05192304151293,0.61831944199479,1,1,0,0,65028918120,1430097,292318665
16033060,10,native,Native hex safety graph,source-native,compact-hex-safety-graph,200,0,0,0,8,13,NaN,1,1,1,1,8,10,10,0,10,0.025,4,1977,6707,6675,0,32,18,998,4554,1233,0,3321,179,0,0,0,290,121,587,2,12.14637764,12.1856,7.753728,1.00322914050283,0.638357231251045,1,1,0,0,65028918120,1430080,300556478
16033060,10,restricted-management,Local-only management,boundary,compact-hex-local-management,200,0,0,0,11,NaN,NaN,1,0,0,0,11,10,10,9,10,0.37,157,1959,6530,6166,0,364,261,677,2025,1247,0,778,165,18,0,18,312,186,161,50,13.764349318,10.797056,7.319552,0.784421824130866,0.531776100046228,1,1,0,0,65028918120,1420522,261913602
16033061,5,beacon-loss,Beacon loss 0.05,boundary,compact-hex-safety-graph,200,0.05,0,0,7,24,NaN,1,1,1,1,5,5,5,0,10,0.09,0,981,2704,2520,124,60,36,386,1206,652,0,554,93,12,3,11,132,173,66,18,10.324420994,5.599232,4.993024,0.542328911544189,0.483612979643282,1,1,0,0,16812326491,2013457,91972507
16033061,5,churn-rejoin,State-loss and rejoin,boundary,compact-hex-safety-graph,200,0,0,1,5,18,3,1,1,1,1,5,5,5,0,8,0.01,0,991,2768,2760,0,8,4,382,1126,568,0,558,94,1,0,1,175,80,126,6,9.494573056,5.623808,5.0176,0.592318155522126,0.528470313557615,1,1,0,0,16812326491,1080161,78832243
16033061,5,native,Native hex safety graph,source-native,compact-hex-safety-graph,200,0,0,0,5,18,NaN,1,1,1,1,5,5,5,0,8,0.01,0,993,2776,2768,0,8,4,345,1006,504,0,502,85,0,0,0,166,71,108,5,9.471392946,5.480448,4.923392,0.578631678703028,0.519817098506009,1,1,0,0,16812326491,1080144,78474417
16033061,5,restricted-management,Local-only management,boundary,compact-hex-local-management,200,0,0,0,5,29,NaN,0,1,0,0,8,4,4,7,9,0.17,59,974,2629,2509,0,120,98,257,618,439,0,179,57,19,0,19,103,101,34,40,11.205265174,5.042176,4.530176,0.449982746655523,0.404289941349317,1,1,0,0,16812326491,1079808,98699458
16033061,10,beacon-loss,Beacon loss 0.05,boundary,compact-hex-safety-graph,200,0.05,0,0,8,NaN,NaN,1,1,1,0,13,10,10,0,14,0.135,2,1976,6672,6252,333,87,56,1466,6918,1170,0,5748,300,3,0,3,368,282,813,4,16.55059854,14.098432,8.658944,0.851838195816693,0.523180112131461,1,1,0,0,65011420645,2363393,284896860
16033061,10,churn-rejoin,State-loss and rejoin,boundary,compact-hex-safety-graph,200,0,0,1,8,25,3,1,1,1,1,8,10,10,0,10,0.025,1,1977,6709,6690,0,19,11,1111,4937,1035,0,3902,204,1,0,1,325,98,687,3,12.234462058,12.648448,7.770112,1.03383769061831,0.635100420693952,1,1,0,0,65011420645,1430097,309736038
16033061,10,native,Native hex safety graph,source-native,compact-hex-safety-graph,200,0,0,0,8,25,NaN,1,1,1,1,8,10,10,0,10,0.025,1,1979,6717,6698,0,19,11,1007,4645,1125,0,3520,183,0,0,0,304,107,596,2,12.206645926,12.230656,7.733248,1.00196696735086,0.633527673931156,1,1,0,0,65011420645,1430080,308111671
16033061,10,restricted-management,Local-only management,boundary,compact-hex-local-management,200,0,0,0,8,NaN,NaN,1,0,0,0,11,10,10,15,16,0.385,131,1961,6555,6184,0,371,251,612,1802,1074,0,728,158,18,4,15,267,196,127,61,15.938643636,10.539008,7.200768,0.661223642405553,0.451780475456262,1,1,0,0,65011420645,1420522,273270473
16033062,5,beacon-loss,Beacon loss 0.05,boundary,compact-hex-safety-graph,200,0.05,0,0,8,28,NaN,1,1,1,0,6,5,5,0,10,0.085,4,986,2731,2560,125,46,36,406,1226,620,0,606,102,8,0,8,137,164,97,12,10.046259674,5.701632,5.013504,0.567537788691246,0.499041848676785,1,1,0,0,16877773732,2013457,87615367
16033062,5,churn-rejoin,State-loss and rejoin,boundary,compact-hex-safety-graph,200,0,0,1,6,27,3,1,1,1,1,5,5,5,0,8,0.01,1,992,2775,2767,0,8,4,349,1062,608,0,454,76,1,0,1,158,86,104,6,9.656833826,5.492736,4.993024,0.568792639385737,0.517045658024767,1,1,0,0,16877773732,1080161,80975980
16033062,5,native,Native hex safety graph,source-native,compact-hex-safety-graph,200,0,0,0,6,27,NaN,1,1,1,1,5,5,5,0,8,0.01,1,994,2783,2775,0,8,4,341,1006,516,0,490,82,0,0,0,151,74,116,5,9.633653716,5.46816,4.931584,0.567610188325353,0.511912109920394,1,1,0,0,16877773732,1080144,80825394
16033062,5,restricted-management,Local-only management,boundary,compact-hex-local-management,200,0,0,0,6,NaN,NaN,1,1,0,0,8,5,5,9,11,0.325,100,975,2606,2414,0,192,165,245,580,425,0,155,55,19,3,17,67,146,10,41,10.978100096,4.99712,4.378624,0.455189874049405,0.398850799474438,1,1,0,0,16877773732,1079808,131573028
16033062,10,beacon-loss,Beacon loss 0.05,boundary,compact-hex-safety-graph,200,0.05,0,0,16,NaN,NaN,0,1,1,0,11,9,10,0,13,0.105,9,1977,6695,6296,298,101,63,1602,7276,945,0,6331,324,3,8,2,426,249,916,5,15.326688732,14.659584,8.175616,0.956474308073656,0.533423503468851,1,1,0,0,64907775683,2363393,306159337
16033062,10,churn-rejoin,State-loss and rejoin,boundary,compact-hex-safety-graph,200,0,0,1,12,93,2,1,1,1,1,9,10,10,0,13,0.035,5,1978,6700,6651,0,49,34,1147,5095,1017,0,4078,208,1,0,1,338,115,693,4,13.857069758,12.8,8.548352,0.923716212990143,0.616894635683337,1,1,0,0,64907775683,1430097,238177668
16033062,10,native,Native hex safety graph,source-native,compact-hex-safety-graph,200,0,0,0,12,97,NaN,1,1,1,1,9,10,10,0,13,0.035,5,1979,6704,6655,0,49,34,1092,4888,882,0,4006,200,1,0,1,331,107,653,4,13.880249868,12.578816,8.45824,0.906238440923144,0.609372315371636,1,1,0,0,64907775683,1430080,235521315
16033062,10,restricted-management,Local-only management,boundary,compact-hex-local-management,200,0,0,0,12,NaN,NaN,1,1,0,0,13,10,10,13,13,0.22,62,1968,6603,6398,0,205,157,614,1778,1195,0,583,154,12,5,9,294,191,112,51,15.934007614,10.575872,7.45472,0.663729568618242,0.467849657197986,1,1,0,0,64907775683,1420522,282348441
16033063,5,beacon-loss,Beacon loss 0.05,boundary,compact-hex-safety-graph,200,0.05,0,0,8,28,NaN,0,0,1,0,7,3,5,0,10,0.065,0,987,2741,2569,140,32,24,418,1252,584,0,668,113,7,3,6,155,156,97,15,10.839019436,5.75488,5.054464,0.530941016757118,0.466321149237212,1,1,0,0,16805776561,2013457,101776830
16033063,5,churn-rejoin,State-loss and rejoin,boundary,compact-hex-safety-graph,200,0,0,1,4,12,3,1,1,1,1,5,5,5,0,8,0,0,992,2775,2775,0,0,0,311,996,632,0,364,61,1,0,1,147,85,78,6,9.48066499,5.337088,4.960256,0.562944477589857,0.523197054766936,1,1,0,0,16805776561,1080161,78061352
16033063,5,native,Native hex safety graph,source-native,compact-hex-safety-graph,200,0,0,0,4,12,NaN,1,1,1,1,5,5,5,0,8,0,0,994,2783,2783,0,0,0,273,884,580,0,304,51,0,0,0,127,78,68,5,9.45748488,5.189632,4.87424,0.548732783170994,0.515384381983807,1,1,0,0,16805776561,1080144,77697480
16033063,5,restricted-management,Local-only management,boundary,compact-hex-local-management,200,0,0,0,4,NaN,NaN,0,1,0,0,8,4,5,9,10,0.235,103,973,2593,2359,0,234,152,211,450,337,0,113,46,21,0,21,55,134,1,48,11.529786714,4.849664,4.268032,0.420620443404327,0.370174410496038,1,1,0,0,16805776561,1079808,106744582
16033063,10,beacon-loss,Beacon loss 0.05,boundary,compact-hex-safety-graph,200,0.05,0,0,15,NaN,NaN,1,1,1,0,15,10,10,0,14,0.075,4,1978,6696,6320,322,54,41,1473,6739,1107,0,5632,299,2,0,2,364,263,844,1,16.369793682,14.135296,8.691712,0.863498726654263,0.530960387702216,1,1,0,0,64989197734,2363393,266508960
16033063,10,churn-rejoin,State-loss and rejoin,boundary,compact-hex-safety-graph,200,0,0,1,11,43,3,1,1,1,1,9,10,10,0,11,0.03,3,1977,6710,6678,0,32,20,1139,5055,990,0,4065,205,2,0,2,345,101,691,5,13.439827778,12.763136,8.552448,0.949650264186592,0.636351011431837,1,1,0,0,64989197734,1430097,257423002
16033063,10,native,Native hex safety graph,source-native,compact-hex-safety-graph,200,0,0,0,11,43,NaN,1,1,1,1,9,10,10,0,11,0.03,3,1979,6718,6686,0,32,20,1102,4962,1251,0,3711,193,1,0,1,327,118,656,4,13.323927228,12.619776,8.630272,0.947151375420286,0.647727344372133,1,1,0,0,64989197734,1430080,273387051
16033063,10,restricted-management,Local-only management,boundary,compact-hex-local-management,200,0,0,0,11,NaN,NaN,1,1,0,0,13,10,10,16,17,0.205,54,1967,6612,6432,0,180,145,671,1958,1144,0,814,175,13,0,13,324,166,168,43,17.079105048,10.805248,7.438336,0.63265891096942,0.435522586171519,1,1,0,0,64989197734,1420522,273558645
16033064,5,beacon-loss,Beacon loss 0.05,boundary,compact-hex-safety-graph,200,0.05,0,0,22,100,NaN,1,1,1,0,6,5,5,0,12,0.13,2,986,2711,2488,135,88,52,406,1184,496,0,688,116,7,0,7,117,194,88,15,11.965572782,5.701632,4.9152,0.476503056216168,0.410778496738076,1,1,0,0,16833087057,2013457,121288237
16033064,5,churn-rejoin,State-loss and rejoin,boundary,compact-hex-safety-graph,200,0,0,1,7,28,3,1,1,1,1,5,5,5,0,9,0.02,2,991,2768,2752,0,16,8,269,852,544,0,308,52,1,0,1,119,84,65,6,9.800550508,5.16096,4.8128,0.526598990106444,0.491074455059581,1,1,0,0,16833087057,1080161,81241090
16033064,5,native,Native hex safety graph,source-native,compact-hex-safety-graph,200,0,0,0,7,28,NaN,1,1,1,1,5,5,5,0,9,0.02,2,993,2776,2760,0,16,8,282,872,516,0,356,60,0,0,0,128,80,74,5,9.772734376,5.2224,4.825088,0.534384727863394,0.493729576018101,1,1,0,0,16833087057,1080144,81191770
16033064,5,restricted-management,Local-only management,boundary,compact-hex-local-management,200,0,0,0,7,NaN,NaN,0,1,0,0,9,4,5,11,9,0.21,63,972,2660,2489,0,171,115,227,528,403,0,125,45,21,1,20,80,111,14,50,12.81860083,4.911104,4.448256,0.383123249185379,0.347015720279668,1,1,0,0,16833087057,1079808,101204323
16033064,10,beacon-loss,Beacon loss 0.05,boundary,compact-hex-safety-graph,200,0.05,0,0,16,NaN,NaN,0,1,1,0,17,9,10,0,17,0.125,5,1972,6654,6218,346,90,63,1199,5877,1242,0,4635,253,5,0,5,253,362,579,8,17.514891116,12.988416,8.650752,0.741564187523551,0.493908408719565,1,1,0,0,64886059373,2363393,272485804
16033064,10,churn-rejoin,State-loss and rejoin,boundary,compact-hex-safety-graph,200,0,0,1,9,23,2,1,1,1,1,8,10,10,0,10,0.03,1,1976,6697,6667,0,30,18,1130,4978,1161,0,3817,202,0,0,0,324,111,695,2,12.549711554,12.722176,8.02816,1.01374250278645,0.639708726806646,1,1,0,0,64886059373,1430097,341210996
16033064,10,native,Native hex safety graph,source-native,compact-hex-safety-graph,200,0,0,0,9,23,NaN,1,1,1,1,9,10,10,0,10,0.03,1,1977,6701,6671,0,30,18,1019,4555,1206,0,3349,177,0,0,0,295,109,615,1,13.082854084,12.271616,8.523776,0.937992269974781,0.651522668163391,1,1,0,0,64886059373,1430080,276384013
16033064,10,restricted-management,Local-only management,boundary,compact-hex-local-management,200,0,0,0,10,NaN,NaN,0,0,0,0,5,9,9,9,12,0.185,53,1965,6601,6401,0,200,123,599,1822,1022,0,800,164,12,0,12,284,151,152,45,12.994769666,10.502144,6.795264,0.808182389525395,0.522923004767016,1,1,0,0,64886059373,1420522,257155838
16033065,5,beacon-loss,Beacon loss 0.05,boundary,compact-hex-safety-graph,200,0.05,0,0,33,110,NaN,1,1,1,0,6,5,5,0,13,0.215,2,988,2674,2321,137,216,128,440,1118,544,0,574,104,6,0,6,109,266,59,16,12.16955775,5.849088,4.77184,0.480632749370042,0.39211285225217,1,1,0,0,16706300403,2013457,127293167
16033065,5,churn-rejoin,State-loss and rejoin,boundary,compact-hex-safety-graph,200,0,0,1,6,33,3,1,1,1,1,5,5,5,0,8,0.015,2,992,2771,2759,0,12,8,324,968,620,0,348,60,1,0,1,156,92,75,6,9.721738134,5.390336,4.93568,0.554462167742236,0.507695221982822,1,1,0,0,16706300403,1080161,84757419
16033065,5,native,Native hex safety graph,source-native,compact-hex-safety-graph,200,0,0,0,6,33,NaN,1,1,1,1,5,5,5,0,8,0.015,2,994,2779,2767,0,12,8,381,1116,592,0,524,88,0,0,0,172,90,119,5,9.698558024,5.632,5.029888,0.580704882732369,0.518622251632981,1,1,0,0,16706300403,1080144,84542829
16033065,5,restricted-management,Local-only management,boundary,compact-hex-local-management,200,0,0,0,6,NaN,NaN,0,0,0,0,8,4,5,6,8,0.195,66,975,2673,2521,0,152,112,205,483,403,0,80,29,19,0,19,70,101,15,41,11.413886164,4.83328,4.435968,0.423456124456929,0.388646595582079,1,1,0,0,16706300403,1079808,96928581
16033065,10,beacon-loss,Beacon loss 0.05,boundary,compact-hex-safety-graph,200,0.05,0,0,12,NaN,NaN,1,1,1,0,10,10,10,0,13,0.1,5,1975,6669,6257,338,74,57,1541,7163,1044,0,6119,317,5,15,2,398,273,850,6,14.524656926,14.401536,8.204288,0.991523316066791,0.564852446553408,1,1,0,0,64956711683,2363393,255159096
16033065,10,churn-rejoin,State-loss and rejoin,boundary,compact-hex-safety-graph,200,0,0,1,8,44,3,1,1,1,1,9,10,10,0,10,0.015,2,1978,6718,6710,0,8,10,1051,4795,1116,0,3679,190,1,0,1,322,95,633,2,13.272930986,12.406784,8.564736,0.934743351945882,0.645278424865909,1,1,0,0,64956711683,1430097,231166964
16033065,10,native,Native hex safety graph,source-native,compact-hex-safety-graph,200,0,0,0,8,44,NaN,1,1,1,1,9,10,10,0,10,0.015,2,1980,6726,6718,0,8,10,1075,4919,1242,0,3677,195,0,0,0,320,109,646,1,13.180210546,12.51328,8.650752,0.949399097709983,0.656343991608342,1,1,0,0,64956711683,1430080,234985922
16033065,10,restricted-management,Local-only management,boundary,compact-hex-local-management,200,0,0,0,8,NaN,NaN,1,1,0,0,8,10,10,10,10,0.345,150,1963,6560,6248,0,312,233,499,1530,1014,0,516,107,17,0,17,224,160,98,54,14.724005872,10.084352,6.705152,0.684891875734509,0.455389114775545,1,1,0,0,64956711683,1420522,257755406
16033066,5,beacon-loss,Beacon loss 0.05,boundary,compact-hex-safety-graph,200,0.05,0,0,6,76,NaN,1,1,1,1,5,5,5,0,10,0.06,0,986,2732,2556,137,39,25,403,1224,628,0,596,100,8,0,8,148,162,85,17,10.750935018,5.689344,5.03808,0.529195273757537,0.468617845012074,1,1,0,0,16837698200,2013457,99483482
16033066,5,churn-rejoin,State-loss and rejoin,boundary,compact-hex-safety-graph,200,0,0,1,4,11,3,1,1,1,1,5,5,5,0,9,0,0,992,2775,2775,0,0,0,310,984,608,0,376,63,1,0,1,142,82,85,6,9.476028968,5.332992,4.943872,0.562787642166271,0.521724027722495,1,1,0,0,16837698200,1080161,78404705
16033066,5,native,Native hex safety graph,source-native,compact-hex-safety-graph,200,0,0,0,4,11,NaN,1,1,1,1,5,5,5,0,9,0,0,994,2783,2783,0,0,0,318,960,500,0,460,77,0,0,0,148,68,102,5,9.452848858,5.373952,4.898816,0.568500785395716,0.518236996443046,1,1,0,0,16837698200,1080144,78110833
16033066,5,restricted-management,Local-only management,boundary,compact-hex-local-management,200,0,0,0,4,NaN,NaN,1,1,0,0,11,5,5,8,9,0.205,65,975,2670,2511,0,159,103,220,521,391,0,130,44,19,2,18,86,91,22,46,12.526531444,4.89472,4.468736,0.390748230815681,0.356741690225865,1,1,0,0,16837698200,1079808,90393684
16033066,10,beacon-loss,Beacon loss 0.05,boundary,compact-hex-safety-graph,200,0.05,0,0,20,160,NaN,0,0,1,0,11,7,10,0,16,0.12,3,1974,6672,6253,337,82,56,1355,6405,1008,0,5397,284,6,8,5,325,288,728,10,17.116193224,13.635584,8.523776,0.796648169458641,0.49799484549217,1,1,0,0,64918579440,2363393,286136307
16033066,10,churn-rejoin,State-loss and rejoin,boundary,compact-hex-safety-graph,200,0,0,1,22,NaN,2,1,1,1,0,9,10,10,0,16,0.08,3,1975,6678,6626,0,52,42,1406,5790,657,0,5133,273,4,16,2,379,105,902,7,15.475041436,13.848576,7.806976,0.894897506883806,0.504488212990398,1,1,0,0,64918579440,1430097,289087513
16033066,10,native,Native hex safety graph,source-native,compact-hex-safety-graph,200,0,0,0,22,NaN,NaN,1,1,1,0,10,10,10,0,16,0.08,3,1976,6682,6630,0,52,42,1423,5951,648,0,5303,276,4,16,2,391,103,909,6,15.864467284,13.922304,7.819264,0.877577781262233,0.49287907750209,1,1,0,0,64918579440,1430080,294295546
16033066,10,restricted-management,Local-only management,boundary,compact-hex-local-management,200,0,0,0,22,NaN,NaN,0,0,0,0,12,8,10,11,16,0.56,200,1970,6467,5717,0,750,408,724,2278,1361,0,917,212,10,3,8,313,268,130,38,16.091632362,11.034624,7.53664,0.685736770003396,0.468357704827858,1,1,0,0,64918579440,1420522,286631251
16033067,5,beacon-loss,Beacon loss 0.05,boundary,compact-hex-safety-graph,200,0.05,0,0,9,18,NaN,1,1,1,0,6,5,5,0,9,0.03,0,984,2739,2595,128,16,12,387,1212,700,0,512,87,10,3,9,146,152,76,15,10.264152708,5.615616,5.07904,0.547109553000232,0.494832856105243,1,1,0,0,16770247462,2013457,92192079
16033067,5,churn-rejoin,State-loss and rejoin,boundary,compact-hex-safety-graph,200,0,0,1,6,30,3,1,1,1,1,5,5,5,0,8,0.01,1,992,2771,2767,0,4,4,431,1234,524,0,710,119,1,0,1,201,74,155,6,9.647561782,5.828608,5.07904,0.604153477500892,0.526458406255169,1,1,0,0,16770247462,1080161,81057831
16033067,5,native,Native hex safety graph,source-native,compact-hex-safety-graph,200,0,0,0,6,30,NaN,1,1,1,1,5,5,5,0,8,0.01,1,994,2779,2775,0,4,4,354,1070,576,0,494,83,0,0,0,162,80,112,5,9.624381672,5.521408,4.993024,0.573689634115749,0.518789068239687,1,1,0,0,16770247462,1080144,80795603
16033067,5,restricted-management,Local-only management,boundary,compact-hex-local-management,200,0,0,0,6,NaN,NaN,1,1,0,0,6,5,5,7,9,0.225,78,975,2668,2480,0,188,122,231,540,364,0,176,52,19,6,15,86,98,22,49,10.658214578,4.939776,4.435968,0.463471246881853,0.416201791354102,1,1,0,0,16770247462,1079808,128401433
16033067,10,beacon-loss,Beacon loss 0.05,boundary,compact-hex-safety-graph,200,0.05,0,0,15,56,NaN,1,1,1,0,13,10,10,0,15,0.14,2,1973,6653,6259,302,92,60,1351,6451,1116,0,5335,282,7,8,6,331,273,732,13,15.18297205,13.615104,8.531968,0.896735102663908,0.561943206633249,1,1,0,0,65030957160,2363393,266284792
16033067,10,churn-rejoin,State-loss and rejoin,boundary,compact-hex-safety-graph,200,0,0,1,6,16,3,1,1,1,1,8,10,10,0,9,0,0,1978,6726,6726,0,0,0,1146,5024,1161,0,3863,204,1,0,1,339,81,725,3,12.373542718,12.795904,7.856128,1.03413422425783,0.634913393766488,1,1,0,0,65030957160,1430097,321795748
16033067,10,native,Native hex safety graph,source-native,compact-hex-safety-graph,200,0,0,0,6,16,NaN,1,1,1,1,8,10,10,0,9,0,0,1980,6734,6734,0,0,0,1051,4573,1206,0,3367,184,0,0,0,297,83,671,2,12.155649684,12.414976,7.80288,1.02133380960635,0.641913859221414,1,1,0,0,65030957160,1430080,311013620
16033067,10,restricted-management,Local-only management,boundary,compact-hex-local-management,200,0,0,0,6,NaN,NaN,0,0,0,0,10,9,10,9,11,0.19,70,1963,6625,6458,0,167,119,641,1954,1181,0,773,168,17,3,15,337,113,171,49,14.09350688,10.665984,7.10656,0.756801276702538,0.504243554177766,1,1,0,0,65030957160,1420522,270072262
16033068,5,beacon-loss,Beacon loss 0.05,boundary,compact-hex-safety-graph,200,0.05,0,0,7,12,NaN,1,1,1,1,5,5,5,0,10,0.11,5,986,2739,2530,138,71,49,447,1310,556,0,754,127,8,0,8,163,160,116,15,10.273424752,5.869568,5.025792,0.571335084617944,0.489203174337905,1,1,0,0,16792313735,2013457,91785542
16033068,5,churn-rejoin,State-loss and rejoin,boundary,compact-hex-safety-graph,200,0,0,1,10,34,3,1,1,1,1,5,5,5,0,10,0.025,2,992,2761,2743,0,18,14,395,1168,604,0,564,95,1,0,1,178,96,120,6,9.703194046,5.681152,5.042176,0.585492980256534,0.519640849816722,1,1,0,0,16792313735,1080161,82654022
16033068,5,native,Native hex safety graph,source-native,compact-hex-safety-graph,200,0,0,0,10,34,NaN,1,1,1,1,5,5,5,0,10,0.025,2,994,2769,2751,0,18,14,383,1112,536,0,576,97,0,0,0,177,87,119,5,9.680013936,5.640192,4.988928,0.582663623966915,0.515384381983807,1,1,0,0,16792313735,1080144,83097699
16033068,5,restricted-management,Local-only management,boundary,compact-hex-local-management,200,0,0,0,10,NaN,NaN,0,1,0,0,6,4,5,6,10,0.245,82,970,2656,2466,0,190,136,227,502,384,0,118,39,24,1,23,72,120,10,46,10.750935018,4.902912,4.386816,0.456045171121506,0.408040416266611,1,1,0,0,16792313735,1079808,121340900
16033068,10,beacon-loss,Beacon loss 0.05,boundary,compact-hex-safety-graph,200,0.05,0,0,29,NaN,NaN,0,1,1,0,15,8,10,0,19,0.095,4,1976,6704,6300,348,56,40,1019,5361,1278,0,4083,217,4,0,4,235,323,457,7,19.341483784,12.26752,8.523776,0.634259508577524,0.440699177746186,1,1,0,0,65076767736,2363393,266694559
16033068,10,churn-rejoin,State-loss and rejoin,boundary,compact-hex-safety-graph,200,0,0,1,11,136,2,1,1,1,1,8,10,10,0,11,0.03,0,1978,6718,6706,0,12,12,1301,5577,774,0,4803,249,1,0,1,376,91,833,5,13.39810358,13.430784,7.839744,1.00243918251601,0.585138333435694,1,1,0,0,65076767736,1430097,268087454
16033068,10,native,Native hex safety graph,source-native,compact-hex-safety-graph,200,0,0,0,11,99,NaN,1,1,1,1,8,10,10,0,11,0.03,0,1979,6722,6710,0,12,12,1238,5350,855,0,4495,234,1,0,1,361,93,783,5,13.194118612,13.176832,7.819264,0.998689824420384,0.59263253802254,1,1,0,0,65076767736,1430080,309849869
16033068,10,restricted-management,Local-only management,boundary,compact-hex-local-management,200,0,0,0,11,NaN,NaN,0,1,0,0,14,9,10,14,16,0.4,139,1960,6578,6270,0,308,269,649,1851,1164,0,687,149,20,3,17,288,217,121,57,15.748566734,10.686464,7.000064,0.678567401116491,0.444488956883129,1,1,0,0,65076767736,1420522,255855435
16033069,5,beacon-loss,Beacon loss 0.05,boundary,compact-hex-safety-graph,200,0.05,0,0,10,58,NaN,1,1,1,0,6,5,5,0,10,0.04,3,985,2750,2591,131,28,16,359,1110,600,0,510,86,9,0,9,131,140,79,13,10.426413478,5.505024,4.968448,0.527988268604131,0.476525126351794,1,1,0,0,16729586193,2013457,95128287
16033069,5,churn-rejoin,State-loss and rejoin,boundary,compact-hex-safety-graph,200,0,0,1,5,12,3,1,1,1,1,5,5,5,0,10,0.01,2,992,2771,2767,0,4,4,326,1014,604,0,410,69,1,0,1,151,84,90,6,9.5038451,5.398528,4.95616,0.568036194108425,0.521489980934138,1,1,0,0,16729586193,1080161,79744413
16033069,5,native,Native hex safety graph,source-native,compact-hex-safety-graph,200,0,0,0,5,12,NaN,1,1,1,1,5,5,5,0,10,0.01,2,994,2779,2775,0,4,4,297,930,568,0,362,61,0,0,0,140,79,78,5,9.48066499,5.287936,4.89472,0.557760031134694,0.516284459493384,1,1,0,0,16729586193,1080144,80552203
16033069,5,restricted-management,Local-only management,boundary,compact-hex-local-management,200,0,0,0,5,170,NaN,1,1,0,0,5,5,5,8,10,0.26,88,975,2656,2462,0,194,128,219,513,363,0,150,47,19,3,17,79,102,16,47,10.45422961,4.890624,4.390912,0.467812950590053,0.420012967363934,1,1,0,0,16729586193,1079808,108981124
16033069,10,beacon-loss,Beacon loss 0.05,boundary,compact-hex-safety-graph,200,0.05,0,0,8,NaN,NaN,0,1,1,0,14,9,10,0,18,0.12,5,1975,6685,6256,344,85,51,1139,5583,1134,0,4449,240,3,0,3,246,313,577,5,17.644699732,12.754944,8.380416,0.722876795509755,0.474953732695234,1,1,0,0,65061295279,2363393,306342837
16033069,10,churn-rejoin,State-loss and rejoin,boundary,compact-hex-safety-graph,200,0,0,1,8,49,3,1,1,1,1,7,10,10,0,10,0.02,2,1976,6714,6702,0,12,8,1148,5246,990,0,4256,215,1,0,1,363,97,687,4,11.63641522,12.795904,7.016448,1.09964312531639,0.602973327038084,1,1,0,0,65061295279,1430097,281498705
16033069,10,native,Native hex safety graph,source-native,compact-hex-safety-graph,200,0,0,0,8,49,NaN,1,1,1,1,7,10,10,0,10,0.02,2,1978,6722,6710,0,12,8,1149,5093,945,0,4148,215,0,0,0,349,91,709,3,11.608599088,12.808192,7.00416,1.10333657859199,0.603359625645123,1,1,0,0,65061295279,1430080,280036794
16033069,10,restricted-management,Local-only management,boundary,compact-hex-local-management,200,0,0,0,8,NaN,NaN,1,1,0,0,20,10,10,21,18,0.42,163,1956,6540,6161,0,379,276,620,1805,1073,0,732,151,22,2,21,259,225,112,55,18.65998855,10.551296,7.02464,0.56545029337652,0.376454679014259,1,1,0,0,65061295279,1420522,290934069
16033070,5,beacon-loss,Beacon loss 0.05,boundary,compact-hex-safety-graph,200,0.05,0,0,5,16,NaN,1,1,1,1,5,5,5,0,9,0.03,0,984,2744,2592,132,20,12,356,1132,700,0,432,73,10,0,10,131,139,76,15,10.046259674,5.48864,5.021696,0.546336664401056,0.4998572765341,1,1,0,0,16791235719,2013457,88673174
16033070,5,churn-rejoin,State-loss and rejoin,boundary,compact-hex-safety-graph,200,0,0,1,4,12,3,1,1,1,1,5,5,5,0,9,0,0,992,2775,2775,0,0,0,313,988,600,0,388,65,1,0,1,141,81,90,6,9.494573056,5.34528,4.943872,0.562982660565459,0.52070503548085,1,1,0,0,16791235719,1080161,80912745
16033070,5,native,Native hex safety graph,source-native,compact-hex-safety-graph,200,0,0,0,4,12,NaN,1,1,1,1,5,5,5,0,9,0,0,994,2783,2783,0,0,0,292,944,644,0,300,51,0,0,0,137,85,70,5,9.471392946,5.267456,4.939776,0.556143750980639,0.521546939100039,1,1,0,0,16791235719,1080144,80567523
16033070,5,restricted-management,Local-only management,boundary,compact-hex-local-management,200,0,0,0,4,NaN,NaN,0,1,0,0,9,3,5,8,10,0.265,88,975,2631,2425,0,206,140,188,460,335,0,125,39,19,2,18,57,103,7,45,10.954919986,4.763648,4.296704,0.434840966989058,0.392216830929942,1,1,0,0,16791235719,1079808,122020823
16033070,10,beacon-loss,Beacon loss 0.05,boundary,compact-hex-safety-graph,200,0.05,0,0,16,30,NaN,1,1,1,0,17,10,10,0,14,0.16,2,1974,6662,6188,308,166,89,1296,6250,1062,0,5188,273,6,8,5,324,319,639,4,15.55385381,13.39392,8.327168,0.861131920334026,0.535376511938555,1,1,0,0,65037550401,2363393,268035107
16033070,10,churn-rejoin,State-loss and rejoin,boundary,compact-hex-safety-graph,200,0,0,1,68,71,8,1,1,1,1,9,10,10,0,10,0.32,3,1979,6606,6100,0,506,256,1349,6087,1170,0,4917,252,0,0,0,309,342,698,1,13.30538314,13.631488,8.585216,1.02450924235467,0.645243801675297,1,1,0,0,65037550401,1430097,244425019
16033070,10,native,Native hex safety graph,source-native,compact-hex-safety-graph,200,0,0,0,NaN,NaN,NaN,0,0,1,0,10,6,10,0,10,0.995,1,1980,6340,4748,0,1592,796,1992,9266,603,0,8663,417,0,0,0,328,835,829,0,13.908066,16.269312,8.462336,1.16977529442268,0.608448076102026,1,1,0,0,65037550401,1430080,237404283
16033070,10,restricted-management,Local-only management,boundary,compact-hex-local-management,200,0,0,0,192,NaN,NaN,0,0,0,0,13,8,10,12,11,0.945,10,1977,6342,4820,0,1522,766,1054,1910,894,0,1016,243,3,0,3,195,800,56,22,14.316035936,12.414976,7.626752,0.867207658286225,0.532741887076526,1,1,0,0,65037550401,1420522,281985575
16033071,5,beacon-loss,Beacon loss 0.05,boundary,compact-hex-safety-graph,200,0.05,0,0,6,32,NaN,0,0,1,0,6,3,5,0,12,0.05,2,988,2753,2615,118,20,18,392,1210,612,0,598,100,6,0,6,146,141,99,14,11.200629152,5.65248,5.046272,0.504657365518676,0.450534691535514,1,1,0,0,16795001738,2013457,109666198
16033071,5,churn-rejoin,State-loss and rejoin,boundary,compact-hex-safety-graph,200,0,0,1,4,14,3,1,1,1,1,5,5,5,0,9,0,0,992,2775,2775,0,0,0,309,988,624,0,364,61,1,0,1,142,84,82,6,9.489937034,5.328896,4.952064,0.561531228385177,0.521822640367163,1,1,0,0,16795001738,1080161,78102667
16033071,5,native,Native hex safety graph,source-native,compact-hex-safety-graph,200,0,0,0,4,14,NaN,1,1,1,1,5,5,5,0,9,0,0,994,2783,2783,0,0,0,350,1056,548,0,508,85,0,0,0,160,74,116,5,9.466756924,5.505024,4.980736,0.581511075460672,0.526129068273941,1,1,0,0,16795001738,1080144,77848860
16033071,5,restricted-management,Local-only management,boundary,compact-hex-local-management,200,0,0,0,4,NaN,NaN,1,1,0,0,5,5,5,4,9,0.32,128,974,2627,2352,0,275,177,176,430,320,0,110,34,20,0,20,47,108,1,40,10.092619894,4.7104,4.173824,0.466717269596203,0.413552084972636,1,1,0,0,16795001738,1079808,114537684
16033071,10,beacon-loss,Beacon loss 0.05,boundary,compact-hex-safety-graph,200,0.05,0,0,15,48,NaN,1,1,1,0,14,10,10,0,16,0.105,5,1974,6661,6260,309,92,57,1262,5886,1053,0,4833,256,5,0,5,305,253,699,7,15.748566734,13.254656,8.167424,0.841642050599066,0.518613797557027,1,1,0,0,65136140132,2363393,252732853
16033071,10,churn-rejoin,State-loss and rejoin,boundary,compact-hex-safety-graph,200,0,0,1,13,62,2,1,1,1,1,9,10,10,0,9,0.045,5,1977,6709,6651,0,58,35,962,4252,1233,0,3019,166,1,0,1,264,130,567,4,13.157030436,12.038144,8.265728,0.914959044790341,0.628236594891768,1,1,0,0,65136140132,1430097,272477448
16033071,10,native,Native hex safety graph,source-native,compact-hex-safety-graph,200,0,0,0,13,87,NaN,1,1,1,1,8,10,10,0,9,0.045,5,1978,6713,6655,0,58,35,937,4025,918,0,3107,168,1,0,1,261,112,563,5,12.628523928,11.93984,7.55712,0.945465999674511,0.598416730497246,1,1,0,0,65136140132,1430080,337610112
16033071,10,restricted-management,Local-only management,boundary,compact-hex-local-management,200,0,0,0,13,NaN,NaN,0,1,0,0,13,8,10,13,13,0.285,98,1964,6586,6286,0,300,185,543,1602,1014,0,588,135,15,1,14,236,181,110,53,17.17646151,10.268672,7.139328,0.597833959807243,0.415646027899491,1,1,0,0,65136140132,1420522,263486476
16033072,5,beacon-loss,Beacon loss 0.05,boundary,compact-hex-safety-graph,200,0.05,0,0,7,13,NaN,1,1,1,0,7,5,5,0,10,0.125,3,982,2709,2496,131,82,52,368,1178,684,0,494,83,12,3,11,110,197,46,18,10.305876906,5.5296,4.952064,0.536548228785918,0.480508747112722,1,1,0,0,16808796217,2013457,91462281
16033072,5,churn-rejoin,State-loss and rejoin,boundary,compact-hex-safety-graph,200,0,0,1,6,11,3,1,1,1,1,5,5,5,0,10,0.01,1,992,2771,2767,0,4,4,282,912,596,0,316,53,1,0,1,125,85,71,6,9.48066499,5.218304,4.882432,0.550415398656545,0.514988347879593,1,1,0,0,16808796217,1080161,79440948
16033072,5,native,Native hex safety graph,source-native,compact-hex-safety-graph,200,0,0,0,6,11,NaN,1,1,1,1,5,5,5,0,10,0.01,1,994,2779,2775,0,4,4,265,876,608,0,268,45,0,0,0,120,86,59,5,9.45748488,5.156864,4.870144,0.545268014216482,0.514951285864493,1,1,0,0,16808796217,1080144,79102198
16033072,5,restricted-management,Local-only management,boundary,compact-hex-local-management,200,0,0,0,6,90,NaN,0,1,0,0,4,4,4,7,10,0.26,83,972,2606,2411,0,195,149,261,606,448,0,158,58,22,1,21,93,124,21,46,10.412505412,5.050368,4.440064,0.485029087637222,0.42641648905008,1,1,0,0,16808796217,1079808,120441341
16033072,10,beacon-loss,Beacon loss 0.05,boundary,compact-hex-safety-graph,200,0.05,0,0,13,NaN,NaN,0,0,1,0,11,8,10,0,14,0.155,13,1976,6674,6242,344,88,78,1217,6175,1278,0,4897,258,2,0,2,298,339,578,5,15.767110822,13.078528,8.43776,0.829481580211348,0.535149406587966,1,1,0,0,64977015643,2363393,258787714
16033072,10,churn-rejoin,State-loss and rejoin,boundary,compact-hex-safety-graph,200,0,0,1,NaN,NaN,NaN,0,0,1,0,10,6,10,0,10,0.995,1,1977,6328,4748,0,1580,794,2132,10194,459,0,9735,451,0,0,0,412,821,899,0,13.908066,16.830464,7.729152,1.21012252889798,0.555731616459111,1,1,0,0,64977015643,1430097,237772972
16033072,10,native,Native hex safety graph,source-native,compact-hex-safety-graph,200,0,0,0,NaN,NaN,NaN,0,0,1,0,10,6,10,0,10,0.995,1,1978,6332,4752,0,1580,794,2133,10157,468,0,9689,451,0,0,0,405,821,907,0,13.908066,16.838656,7.737344,1.21071153962025,0.556320627181378,1,1,0,0,64977015643,1430080,240425433
16033072,10,restricted-management,Local-only management,boundary,compact-hex-local-management,200,0,0,0,NaN,NaN,NaN,0,0,0,0,13,6,10,8,10,0.995,6,1977,6330,4726,0,1604,824,1134,2079,1029,0,1050,248,1,0,1,245,837,51,11,15.883011372,12.742656,7.86432,0.802282117764135,0.495140361975937,1,1,0,0,64977015643,1420522,271669831
16033073,5,beacon-loss,Beacon loss 0.05,boundary,compact-hex-safety-graph,200,0.05,0,0,7,40,NaN,1,1,1,0,6,5,5,0,10,0.055,0,983,2729,2546,147,36,22,401,1216,640,0,576,97,11,3,10,134,165,88,18,10.764843084,5.668864,5.03808,0.526609069520553,0.468012395599913,1,1,0,0,16774859935,2013457,99681637
16033073,5,churn-rejoin,State-loss and rejoin,boundary,compact-hex-safety-graph,200,0,0,1,6,14,3,1,1,1,1,5,5,5,0,8,0.01,1,992,2775,2767,0,8,4,338,1022,544,0,478,80,1,0,1,150,78,109,6,9.513117144,5.44768,4.939776,0.572649313315341,0.519259452525039,1,1,0,0,16774859935,1080161,80350055
16033073,5,native,Native hex safety graph,source-native,compact-hex-safety-graph,200,0,0,0,6,14,NaN,1,1,1,1,5,5,5,0,8,0.01,1,994,2783,2775,0,8,4,319,1010,628,0,382,64,0,0,0,143,88,88,5,9.489937034,5.378048,4.968448,0.566710609431004,0.523549100715772,1,1,0,0,16774859935,1080144,80016925
16033073,5,restricted-management,Local-only management,boundary,compact-hex-local-management,200,0,0,0,6,NaN,NaN,1,1,0,0,9,5,5,8,10,0.265,78,975,2633,2425,0,208,146,236,542,390,0,152,50,19,3,17,69,129,16,45,11.409250142,4.960256,4.366336,0.43475740633823,0.38270139979897,1,1,0,0,16774859935,1079808,111111813
16033073,10,beacon-loss,Beacon loss 0.05,boundary,compact-hex-safety-graph,200,0.05,0,0,13,NaN,NaN,1,1,1,0,14,10,10,0,21,0.11,5,1974,6669,6272,312,85,61,1136,5514,1098,0,4416,235,6,16,4,255,296,563,8,20.857462978,12.73856,8.650752,0.610743502862086,0.414755716413095,1,1,0,0,65009342984,2363393,295935861
16033073,10,churn-rejoin,State-loss and rejoin,boundary,compact-hex-safety-graph,200,0,0,1,13,19,2,1,1,1,1,8,10,10,0,9,0.04,4,1978,6710,6685,0,25,23,1009,4605,1062,0,3543,189,1,0,1,292,119,597,5,12.507987356,12.234752,7.929856,0.978155130140188,0.633983371928826,1,1,0,0,65009342984,1430097,312616075
16033073,10,native,Native hex safety graph,source-native,compact-hex-safety-graph,200,0,0,0,13,19,NaN,1,1,1,1,9,10,10,0,9,0.04,4,1979,6714,6689,0,25,23,945,4549,1314,0,3235,170,1,0,1,284,131,529,4,13.147758392,11.976704,8.544256,0.910931251009864,0.649864086732755,1,1,0,0,65009342984,1430080,266379658
16033073,10,restricted-management,Local-only management,boundary,compact-hex-local-management,200,0,0,0,13,NaN,NaN,1,1,0,0,10,10,10,12,14,0.26,94,1965,6584,6325,0,259,179,660,2009,1194,0,815,176,15,2,14,308,174,161,50,16.239985066,10.752,7.4752,0.662069574344028,0.460295989782039,1,1,0,0,65009342984,1420522,282836454
16033074,5,beacon-loss,Beacon loss 0.05,boundary,compact-hex-safety-graph,200,0.05,0,0,8,29,NaN,0,1,1,0,9,4,5,0,9,0.1,4,983,2725,2541,130,54,40,365,1138,632,0,506,86,11,3,10,115,181,55,17,10.866835568,5.521408,4.943872,0.508097133286815,0.45495047468634,1,1,0,0,16777996095,2013457,102882963
16033074,5,churn-rejoin,State-loss and rejoin,boundary,compact-hex-safety-graph,200,0,0,1,4,16,3,1,1,1,1,5,5,5,0,6,0,0,992,2775,2775,0,0,0,358,1076,564,0,512,86,1,0,1,167,76,114,6,9.485301012,5.5296,4.993024,0.582965157669157,0.526395946073113,1,1,0,0,16777996095,1080161,80008538
16033074,5,native,Native hex safety graph,source-native,compact-hex-safety-graph,200,0,0,0,4,16,NaN,1,1,1,1,5,5,5,0,6,0,0,994,2783,2783,0,0,0,377,1120,560,0,560,94,0,0,0,176,75,126,5,9.462120902,5.615616,5.029888,0.593483856120781,0.531581455372953,1,1,0,0,16777996095,1080144,79732464
16033074,5,restricted-management,Local-only management,boundary,compact-hex-local-management,200,0,0,0,4,NaN,NaN,1,1,0,0,6,5,5,9,7,0.255,83,972,2624,2445,0,179,138,262,591,416,0,175,58,22,1,21,100,108,31,47,10.834383414,5.054464,4.468736,0.466520687598033,0.412458727852069,1,1,0,0,16777996095,1079808,110952291
16033074,10,beacon-loss,Beacon loss 0.05,boundary,compact-hex-safety-graph,200,0.05,0,0,10,23,NaN,1,1,1,0,16,10,10,0,19,0.16,7,1974,6660,6220,332,108,74,916,4852,1305,0,3547,188,6,0,6,196,344,370,10,15.78565491,11.83744,7.507968,0.749885897511996,0.475619671328543,1,1,0,0,64858594578,2363393,268949447
16033074,10,churn-rejoin,State-loss and rejoin,boundary,compact-hex-safety-graph,200,0,0,1,10,141,2,1,1,1,1,8,10,10,0,12,0.03,3,1978,6712,6688,0,24,20,993,4269,729,0,3540,184,1,0,1,301,89,602,5,13.35174336,12.169216,7.553024,0.911432737424935,0.565695714510798,1,1,0,0,64858594578,1430097,282294343
16033074,10,native,Native hex safety graph,source-native,compact-hex-safety-graph,200,0,0,0,10,NaN,NaN,1,1,1,0,9,10,10,0,12,0.03,3,1979,6716,6692,0,24,20,1073,4769,927,0,3842,195,1,0,1,335,98,639,4,14.107414946,12.500992,7.692288,0.886129177305054,0.545265594685089,1,1,0,0,64858594578,1430080,246277084
16033074,10,restricted-management,Local-only management,boundary,compact-hex-local-management,200,0,0,0,10,NaN,NaN,1,1,0,0,9,10,10,10,12,0.24,81,1963,6578,6318,0,260,188,695,1986,1133,0,853,190,17,1,16,318,195,164,51,14.62664941,10.887168,7.33184,0.744337797045755,0.501265860312981,1,1,0,0,64858594578,1420522,272889016
16033075,5,beacon-loss,Beacon loss 0.05,boundary,compact-hex-safety-graph,200,0.05,0,0,16,35,NaN,1,1,1,0,7,5,5,0,10,0.105,7,986,2734,2555,126,53,43,384,1190,640,0,550,92,8,0,8,125,177,74,15,10.648942534,5.61152,4.984832,0.526955609168094,0.468105822158811,1,1,0,0,16729250896,2013457,98146116
16033075,5,churn-rejoin,State-loss and rejoin,boundary,compact-hex-safety-graph,200,0,0,1,5,52,3,1,1,1,1,5,5,5,0,8,0.01,2,992,2771,2767,0,4,4,356,1040,516,0,524,88,1,0,1,170,75,110,6,10.01380752,5.521408,4.947968,0.551379481677914,0.49411455034638,1,1,0,0,16729250896,1080161,89873665
16033075,5,native,Native hex safety graph,source-native,compact-hex-safety-graph,200,0,0,0,5,52,NaN,1,1,1,1,5,5,5,0,8,0.01,2,994,2779,2775,0,4,4,348,1020,500,0,520,87,0,0,0,161,73,114,5,9.99062741,5.496832,4.93568,0.550198878850993,0.494031035033865,1,1,0,0,16729250896,1080144,89558333
16033075,5,restricted-management,Local-only management,boundary,compact-hex-local-management,200,0,0,0,5,187,NaN,1,1,0,0,6,5,5,4,8,0.32,108,973,2591,2356,0,235,170,249,583,382,0,201,58,21,0,21,81,119,28,41,10.305876906,5.005312,4.345856,0.485675507834365,0.421687163512488,1,1,0,0,16729250896,1079808,124423981
16033075,10,beacon-loss,Beacon loss 0.05,boundary,compact-hex-safety-graph,200,0.05,0,0,13,32,NaN,0,1,1,0,10,7,10,0,10,0.13,4,1975,6667,6279,305,83,55,1420,6610,918,0,5692,298,4,0,4,371,240,805,4,13.500096064,13.90592,8.187904,1.03006081838797,0.606507091592796,1,1,0,0,65047773185,2363393,276650264
16033075,10,churn-rejoin,State-loss and rejoin,boundary,compact-hex-safety-graph,200,0,0,1,6,46,2,1,1,1,1,8,10,10,0,10,0.01,1,1979,6722,6712,0,10,6,1215,5283,1233,0,4050,216,0,0,0,354,95,766,2,12.572891664,13.082624,8.155136,1.04054217196984,0.648628511080758,1,1,0,0,65047773185,1430097,298913861
16033075,10,native,Native hex safety graph,source-native,compact-hex-safety-graph,200,0,0,0,6,46,NaN,1,1,1,1,9,10,10,0,10,0.01,1,1980,6726,6716,0,10,6,1153,5059,1305,0,3754,202,0,0,0,332,99,722,1,13.18948259,12.832768,8.708096,0.972954618381281,0.660230296418322,1,1,0,0,65047773185,1430080,237531169
16033075,10,restricted-management,Local-only management,boundary,compact-hex-local-management,200,0,0,0,6,NaN,NaN,1,0,0,0,12,10,10,19,14,0.185,68,1962,6593,6413,0,180,128,582,1750,1087,0,663,150,18,3,16,285,147,129,57,16.054544186,10.420224,7.184384,0.649051376312927,0.44749847250506,1,1,0,0,65047773185,1420522,250052701
16033076,5,beacon-loss,Beacon loss 0.05,boundary,compact-hex-safety-graph,200,0.05,0,0,9,53,NaN,1,1,1,0,6,5,5,0,9,0.085,6,989,2756,2561,138,57,35,414,1270,664,0,606,102,5,0,5,152,167,90,11,10.644306512,5.746688,5.074944,0.539883739116437,0.47677544744495,1,1,0,0,16788337397,2013457,98970851
16033076,5,churn-rejoin,State-loss and rejoin,boundary,compact-hex-safety-graph,200,0,0,1,6,13,3,1,1,1,1,5,5,5,0,9,0.01,1,992,2771,2763,0,8,4,310,978,624,0,354,60,1,0,1,141,90,78,6,9.508481122,5.332992,4.939776,0.56086686523055,0.519512626319541,1,1,0,0,16788337397,1080161,79583323
16033076,5,native,Native hex safety graph,source-native,compact-hex-safety-graph,200,0,0,0,6,13,NaN,1,1,1,1,5,5,5,0,9,0.01,1,994,2779,2771,0,8,4,328,1010,596,0,414,70,0,0,0,146,86,96,5,9.485301012,5.414912,4.960256,0.570874028473056,0.52294133773137,1,1,0,0,16788337397,1080144,80284656
16033076,5,restricted-management,Local-only management,boundary,compact-hex-local-management,200,0,0,0,6,NaN,NaN,1,1,0,0,6,5,5,7,10,0.275,104,976,2597,2393,0,204,163,336,744,457,0,287,98,18,2,16,139,125,52,49,10.551586072,5.373952,4.534272,0.509302768638781,0.429724211038971,1,1,0,0,16788337397,1079808,113738680
16033076,10,beacon-loss,Beacon loss 0.05,boundary,compact-hex-safety-graph,200,0.05,0,0,11,NaN,NaN,0,1,1,0,10,9,10,0,13,0.085,7,1978,6695,6302,341,52,38,1510,6982,1035,0,5947,314,2,8,1,375,269,856,3,15.280328512,14.286848,8.638464,0.934983039715423,0.565332348268299,1,1,0,0,64900348732,2363393,243133295
16033076,10,churn-rejoin,State-loss and rejoin,boundary,compact-hex-safety-graph,200,0,0,1,7,25,2,1,1,1,1,8,10,10,0,10,0.015,2,1979,6716,6704,0,12,10,1152,5066,1161,0,3905,206,0,0,0,339,95,718,2,12.466263158,12.824576,8.06912,1.02874260213014,0.647276565377315,1,1,0,0,64900348732,1430097,328000042
16033076,10,native,Native hex safety graph,source-native,compact-hex-safety-graph,200,0,0,0,7,25,NaN,1,1,1,1,9,10,10,0,10,0.015,2,1980,6720,6708,0,12,10,981,4319,1116,0,3203,171,0,0,0,280,88,613,1,13.092126128,12.128256,8.482816,0.926377876398656,0.647932651814123,1,1,0,0,64900348732,1430080,273268919
16033076,10,restricted-management,Local-only management,boundary,compact-hex-local-management,200,0,0,0,7,NaN,NaN,1,1,0,0,10,10,10,8,11,0.25,85,1963,6587,6389,0,198,164,683,1997,1121,0,876,189,17,4,14,315,175,172,43,13.908066,10.838016,7.192576,0.779261185559516,0.517151414150609,1,1,0,0,64900348732,1420522,280965626
16033077,5,beacon-loss,Beacon loss 0.05,boundary,compact-hex-safety-graph,200,0.05,0,0,4,28,NaN,1,1,1,0,6,5,5,0,9,0.07,6,984,2747,2576,135,36,28,389,1216,648,0,568,95,10,0,10,133,164,82,16,10.375417236,5.623808,5.025792,0.54203198503544,0.484394206583019,1,1,0,0,16890180246,2013457,93603155
16033077,5,churn-rejoin,State-loss and rejoin,boundary,compact-hex-safety-graph,200,0,0,1,4,12,3,1,1,1,1,5,5,5,0,8,0,0,992,2775,2775,0,0,0,328,1032,648,0,384,65,1,0,1,154,86,87,6,9.476028968,5.40672,4.993024,0.570568116481934,0.526911010599604,1,1,0,0,16890180246,1080161,78438454
16033077,5,native,Native hex safety graph,source-native,compact-hex-safety-graph,200,0,0,0,4,12,NaN,1,1,1,1,5,5,5,0,8,0,0,994,2783,2783,0,0,0,311,1004,652,0,352,59,0,0,0,145,87,79,5,9.452848858,5.34528,4.980736,0.565467625717538,0.526903166952127,1,1,0,0,16890180246,1080144,78104132
16033077,5,restricted-management,Local-only management,boundary,compact-hex-local-management,200,0,0,0,4,NaN,NaN,1,1,0,0,6,5,5,7,10,0.13,47,978,2684,2578,0,106,78,203,508,352,0,156,49,16,1,15,75,89,22,39,11.098636668,4.837376,4.460544,0.435853172304244,0.401900173276309,1,1,0,0,16890180246,1079808,98934258
16033077,10,beacon-loss,Beacon loss 0.05,boundary,compact-hex-safety-graph,200,0.05,0,0,16,NaN,NaN,0,1,1,0,15,9,10,0,15,0.16,11,1976,6683,6225,330,128,88,1476,6818,945,0,5873,305,4,8,3,351,333,780,4,16.267801198,14.139392,8.695808,0.86916429749205,0.534541078671965,1,1,0,0,64965140635,2363393,292630451
16033077,10,churn-rejoin,State-loss and rejoin,boundary,compact-hex-safety-graph,200,0,0,1,10,12,3,1,1,1,1,9,10,10,0,10,0.03,6,1978,6708,6690,0,18,18,998,4578,1278,0,3300,175,1,0,1,292,113,592,2,13.055037952,12.189696,8.577024,0.933715860866767,0.656989587585689,1,1,0,0,64965140635,1430097,255855669
16033077,10,native,Native hex safety graph,source-native,compact-hex-safety-graph,200,0,0,0,10,12,NaN,1,1,1,1,9,10,10,0,10,0.03,6,1980,6716,6698,0,18,18,930,4088,1080,0,3008,164,0,0,0,257,97,576,1,13.031857842,11.91936,8.450048,0.914632444929336,0.648414685185299,1,1,0,0,64965140635,1430080,259776681
16033077,10,restricted-management,Local-only management,boundary,compact-hex-local-management,200,0,0,0,12,NaN,NaN,1,1,0,0,13,10,10,13,13,0.29,86,1964,6562,6292,0,270,179,695,1985,1123,0,862,185,16,4,14,311,213,151,53,15.539945744,10.891264,7.86432,0.700855986206074,0.506071264955119,1,1,0,0,64965140635,1420522,289929960
16033078,5,beacon-loss,Beacon loss 0.05,boundary,compact-hex-safety-graph,200,0.05,0,0,4,14,NaN,0,1,1,0,6,2,4,0,9,0.1,2,985,2737,2540,142,55,41,381,1186,656,0,530,89,9,3,8,131,170,68,16,10.166796246,5.595136,4.984832,0.550334231612179,0.490305095074687,1,1,0,0,16748174608,2013457,91189189
16033078,5,churn-rejoin,State-loss and rejoin,boundary,compact-hex-safety-graph,200,0,0,1,4,14,3,1,1,1,1,5,5,5,0,8,0,0,992,2775,2775,0,0,0,301,924,512,0,412,69,1,0,1,140,70,90,6,9.494573056,5.296128,4.870144,0.557805808514282,0.512939757404085,1,1,0,0,16748174608,1080161,79264899
16033078,5,native,Native hex safety graph,source-native,compact-hex-safety-graph,200,0,0,0,4,14,NaN,1,1,1,1,5,5,5,0,8,0,0,994,2783,2783,0,0,0,295,908,508,0,400,67,0,0,0,137,69,89,5,9.471392946,5.279744,4.866048,0.557441131426161,0.513762656426904,1,1,0,0,16748174608,1080144,79927400
16033078,5,restricted-management,Local-only management,boundary,compact-hex-local-management,200,0,0,0,4,NaN,NaN,1,0,0,0,3,5,5,4,8,0.465,293,985,2551,1983,0,568,324,200,474,325,0,149,51,9,1,8,94,62,34,31,10.120436026,4.85376,3.928064,0.479599889523574,0.388131893715703,1,1,0,0,16748174608,1079808,144315193
16033078,10,beacon-loss,Beacon loss 0.05,boundary,compact-hex-safety-graph,200,0.05,0,0,11,NaN,NaN,1,1,1,0,14,10,10,0,18,0.105,4,1976,6678,6300,316,62,50,1186,5508,1080,0,4428,241,4,0,4,272,250,660,8,18.432823472,12.951552,8.482816,0.702635275581833,0.460201662153693,1,1,0,0,65125519419,2363393,295000577
16033078,10,churn-rejoin,State-loss and rejoin,boundary,compact-hex-safety-graph,200,0,0,1,6,67,2,1,1,1,1,7,10,10,0,10,0.015,2,1979,6722,6710,0,12,8,1023,4403,684,0,3719,200,0,0,0,293,95,635,3,11.75231577,12.296192,6.807552,1.04627821789714,0.579251964738521,1,1,0,0,65125519419,1430097,276253955
16033078,10,native,Native hex safety graph,source-native,compact-hex-safety-graph,200,0,0,0,6,81,NaN,1,1,1,1,7,10,10,0,10,0.015,2,1980,6726,6714,0,12,8,1067,4677,846,0,3831,204,0,0,0,316,100,651,3,11.817220078,12.480512,6.90176,1.05612926878081,0.584042605151184,1,1,0,0,65125519419,1430080,275423040
16033078,10,restricted-management,Local-only management,boundary,compact-hex-local-management,200,0,0,0,6,NaN,NaN,0,1,0,0,13,9,10,13,13,0.3,60,1965,6561,6279,0,282,177,682,1941,1119,0,822,178,15,3,13,315,201,148,57,14.992895148,10.842112,6.905856,0.723149991577597,0.460608570381499,1,1,0,0,65125519419,1420522,258668017
16033079,5,beacon-loss,Beacon loss 0.05,boundary,compact-hex-safety-graph,200,0.05,0,0,8,109,NaN,0,1,1,0,6,4,5,0,10,0.03,2,985,2741,2581,140,20,12,375,1176,680,0,496,83,8,0,8,134,150,83,14,11.154268932,5.57056,5.046272,0.499410587458481,0.452407238050624,1,1,0,0,16757691674,2013457,107376097
16033079,5,churn-rejoin,State-loss and rejoin,boundary,compact-hex-safety-graph,200,0,0,1,5,30,3,1,1,1,1,5,5,5,0,10,0.01,0,991,2768,2760,0,8,4,391,1138,544,0,594,100,1,0,1,181,77,132,6,9.647561782,5.660672,5.0176,0.586746385036003,0.520089957792405,1,1,0,0,16757691674,1080161,81845933
16033079,5,native,Native hex safety graph,source-native,compact-hex-safety-graph,200,0,0,0,5,30,NaN,1,1,1,1,5,5,5,0,10,0.01,0,993,2776,2768,0,8,4,398,1170,568,0,602,101,0,0,0,181,80,137,5,9.59656554,5.697536,5.054464,0.593705735270787,0.526695095128793,1,1,0,0,16757691674,1080144,82143816
16033079,5,restricted-management,Local-only management,boundary,compact-hex-local-management,200,0,0,0,5,NaN,NaN,0,1,0,0,8,4,5,7,10,0.195,70,975,2650,2515,0,135,103,204,480,363,0,117,42,18,2,16,79,85,20,40,11.015188272,4.829184,4.4032,0.438411389869342,0.399738968710384,1,1,0,0,16757691674,1079808,108260308
16033079,10,beacon-loss,Beacon loss 0.05,boundary,compact-hex-safety-graph,200,0.05,0,0,22,74,NaN,0,1,1,0,12,9,10,0,13,0.125,8,1977,6681,6232,349,100,65,1358,6486,972,0,5514,282,3,0,3,344,316,695,5,14.524656926,13.66016,8.318976,0.940480733527516,0.572748536669981,1,1,0,0,64842442908,2363393,255334254
16033079,10,churn-rejoin,State-loss and rejoin,boundary,compact-hex-safety-graph,200,0,0,1,10,66,2,1,1,1,1,8,10,10,0,13,0.03,5,1978,6714,6690,0,24,20,993,4495,1125,0,3370,176,1,0,1,305,107,580,5,12.730516412,12.169216,7.692288,0.955909061829502,0.604240059951466,1,1,0,0,64842442908,1430097,285976922
16033079,10,native,Native hex safety graph,source-native,compact-hex-safety-graph,200,0,0,0,10,109,NaN,1,1,1,1,8,10,10,0,13,0.03,5,1979,6718,6694,0,24,20,1135,4929,981,0,3948,210,1,0,1,335,104,695,5,12.929865358,12.754944,7.770112,0.986471525173944,0.600942993980402,1,1,0,0,64842442908,1430080,279935063
16033079,10,restricted-management,Local-only management,boundary,compact-hex-local-management,200,0,0,0,10,NaN,NaN,1,1,0,0,16,10,10,14,13,0.215,60,1967,6613,6447,0,166,114,698,2014,1189,0,825,186,13,5,10,362,141,177,46,17.334086258,10.91584,7.72096,0.629732645697557,0.445420651834857,1,1,0,0,64842442908,1420522,275376699
16033080,5,beacon-loss,Beacon loss 0.05,boundary,compact-hex-safety-graph,200,0.05,0,0,11,22,NaN,1,1,1,0,6,5,5,0,8,0.09,6,983,2712,2530,138,44,36,393,1236,676,0,560,94,11,0,11,140,160,82,17,10.440321544,5.636096,5.029888,0.539839312060176,0.481775200007192,1,1,0,0,16779558004,2013457,93021532
16033080,5,churn-rejoin,State-loss and rejoin,boundary,compact-hex-safety-graph,200,0,0,1,6,20,3,1,1,1,1,5,5,5,0,8,0.01,0,992,2771,2767,0,4,4,361,1080,564,0,516,87,1,0,1,163,79,118,6,9.522389188,5.541888,4.988928,0.581985034489435,0.523915574285389,1,1,0,0,16779558004,1080161,79314251
16033080,5,native,Native hex safety graph,source-native,compact-hex-safety-graph,200,0,0,0,6,20,NaN,1,1,1,1,5,5,5,0,8,0.01,0,994,2779,2775,0,4,4,320,980,560,0,420,71,0,0,0,150,78,92,5,9.499209078,5.382144,4.927488,0.566588644992029,0.518726133885396,1,1,0,0,16779558004,1080144,79319387
16033080,5,restricted-management,Local-only management,boundary,compact-hex-local-management,200,0,0,0,6,NaN,NaN,1,1,0,0,14,5,5,12,13,0.24,79,971,2657,2464,0,193,135,275,624,437,0,187,62,23,2,22,92,133,25,40,13.481551976,5.103616,4.497408,0.378562943575451,0.333597200678849,1,1,0,0,16779558004,1079808,101964028
16033080,10,beacon-loss,Beacon loss 0.05,boundary,compact-hex-safety-graph,200,0.05,0,0,23,NaN,NaN,1,1,1,0,14,10,10,0,17,0.15,5,1969,6640,6186,326,128,82,1388,6348,1287,0,5061,274,8,16,6,309,353,702,14,18.534815956,13.750272,9.150464,0.74186180389608,0.493690577868288,1,1,0,0,64956183148,2363393,256220359
16033080,10,churn-rejoin,State-loss and rejoin,boundary,compact-hex-safety-graph,200,0,0,1,12,90,2,1,1,1,1,9,10,10,0,11,0.045,5,1975,6685,6619,0,66,42,1097,4759,999,0,3760,197,1,0,1,308,117,671,4,13.615996614,12.582912,8.47872,0.924127139328327,0.62270285755522,1,1,0,0,64956183148,1430097,229498707
16033080,10,native,Native hex safety graph,source-native,compact-hex-safety-graph,200,0,0,0,12,NaN,NaN,1,1,1,0,10,10,10,0,11,0.045,5,1976,6689,6623,0,66,42,1017,4515,1215,0,3300,175,1,0,1,287,126,603,3,14.130595056,12.259328,8.491008,0.867573371922123,0.600895289005867,1,1,0,0,64956183148,1430080,249220766
16033080,10,restricted-management,Local-only management,boundary,compact-hex-local-management,200,0,0,0,13,NaN,NaN,1,0,0,0,9,10,10,11,14,0.225,79,1968,6596,6332,0,264,162,657,1919,1102,0,817,172,9,2,8,320,157,169,44,15.822743086,10.752,7.417856,0.679528191891922,0.46880973543477,1,1,0,0,64956183148,1420522,287503392
16033081,5,beacon-loss,Beacon loss 0.05,boundary,compact-hex-safety-graph,200,0.05,0,0,22,106,NaN,0,1,1,0,5,4,4,0,13,0.06,1,988,2743,2560,147,36,24,432,1282,620,0,662,112,6,3,5,147,176,100,14,11.900668474,5.81632,5.091328,0.488738931994216,0.427818656668177,1,1,0,0,16731619636,2013457,121047810
16033081,5,churn-rejoin,State-loss and rejoin,boundary,compact-hex-safety-graph,200,0,0,1,4,12,3,1,1,1,1,5,5,5,0,10,0,0,992,2775,2775,0,0,0,350,1060,572,0,488,82,1,0,1,158,77,114,6,9.5038451,5.496832,4.984832,0.578379797036044,0.52450686512136,1,1,0,0,16731619636,1080161,79592359
16033081,5,native,Native hex safety graph,source-native,compact-hex-safety-graph,200,0,0,0,4,12,NaN,1,1,1,1,5,5,5,0,10,0,0,994,2783,2783,0,0,0,311,956,532,0,424,71,0,0,0,139,72,100,5,9.48066499,5.34528,4.907008,0.563808551999051,0.517580571107175,1,1,0,0,16731619636,1080144,79222441
16033081,5,restricted-management,Local-only management,boundary,compact-hex-local-management,200,0,0,0,4,NaN,NaN,1,1,0,0,8,5,5,8,10,0.245,91,975,2632,2414,0,218,140,286,719,526,0,193,61,19,2,17,105,128,32,45,12.623887906,5.165056,4.571136,0.409149387134934,0.362102074577784,1,1,0,0,16731619636,1079808,104039259
16033081,10,beacon-loss,Beacon loss 0.05,boundary,compact-hex-safety-graph,200,0.05,0,0,20,NaN,NaN,1,1,1,0,12,10,10,0,13,0.14,4,1975,6649,6209,335,105,69,1435,6647,1071,0,5576,299,4,8,3,335,298,790,5,15.743930712,13.96736,8.454144,0.887158375852994,0.536977972950317,1,1,0,0,64879944575,2363393,293645437
16033081,10,churn-rejoin,State-loss and rejoin,boundary,compact-hex-safety-graph,200,0,0,1,65,110,5,1,1,1,1,8,10,10,0,10,0.305,57,1977,6600,6131,0,469,235,1311,5937,828,0,5109,268,1,0,1,316,251,743,5,13.18948259,13.467648,7.708672,1.02108994102702,0.584455982059869,1,1,0,0,64879944575,1430097,270631471
16033081,10,native,Native hex safety graph,source-native,compact-hex-safety-graph,200,0,0,0,NaN,NaN,NaN,0,0,1,0,10,7,10,0,10,1,196,1979,6329,4744,0,1585,793,1994,9442,522,0,8920,459,0,0,0,373,636,985,0,13.908066,16.273408,7.790592,1.17006979978381,0.560149196876115,1,1,0,0,64879944575,1430080,235062669
16033081,10,restricted-management,Local-only management,boundary,compact-hex-local-management,200,0,0,0,NaN,NaN,NaN,0,0,0,0,10,7,10,8,10,1,196,1979,6329,4744,0,1585,801,1020,2499,1308,0,1191,292,0,0,0,293,620,107,8,13.908066,12.283904,7.143424,0.883221578039679,0.513617349817005,1,1,0,0,64879944575,1420522,298533965
16033082,5,beacon-loss,Beacon loss 0.05,boundary,compact-hex-safety-graph,200,0.05,0,0,10,25,NaN,1,1,1,0,6,5,5,0,11,0.03,0,982,2730,2565,145,20,12,432,1328,656,0,672,112,11,3,10,160,144,114,20,10.880743634,5.791744,5.128192,0.532293030221026,0.471308963109423,1,1,0,0,16737532733,2013457,103054369
16033082,5,churn-rejoin,State-loss and rejoin,boundary,compact-hex-safety-graph,200,0,0,1,6,14,3,1,1,1,1,5,5,5,0,9,0.01,0,992,2771,2767,0,4,4,303,952,564,0,388,65,1,0,1,135,80,87,6,9.522389188,5.30432,4.898816,0.557036673809178,0.514452402992878,1,1,0,0,16737532733,1080161,80333263
16033082,5,native,Native hex safety graph,source-native,compact-hex-safety-graph,200,0,0,0,6,14,NaN,1,1,1,1,5,5,5,0,9,0.01,0,994,2779,2775,0,4,4,354,1092,608,0,484,81,0,0,0,161,85,108,5,9.499209078,5.521408,5.0176,0.581249233979646,0.528212397347972,1,1,0,0,16737532733,1080144,80104537
16033082,5,restricted-management,Local-only management,boundary,compact-hex-local-management,200,0,0,0,6,NaN,NaN,1,1,0,0,5,5,5,9,11,0.195,61,978,2661,2557,0,104,92,223,539,391,0,148,51,16,0,16,88,91,28,42,12.327182498,4.919296,4.481024,0.399060856022706,0.363507557442831,1,1,0,0,16737532733,1079808,92815504
16033082,10,beacon-loss,Beacon loss 0.05,boundary,compact-hex-safety-graph,200,0.05,0,0,13,185,NaN,0,1,1,0,11,7,10,0,13,0.18,12,1974,6665,6187,354,124,77,1364,6600,1143,0,5457,286,5,0,5,333,300,726,10,14.640557476,13.672448,8.318976,0.933874821530054,0.56821442855828,1,1,0,0,64804639411,2363393,270708955
16033082,10,churn-rejoin,State-loss and rejoin,boundary,compact-hex-safety-graph,200,0,0,1,7,72,2,1,1,1,1,8,10,10,0,9,0.02,2,1979,6722,6710,0,12,8,1072,4830,1152,0,3678,193,0,0,0,325,103,644,2,12.480171224,12.496896,7.794688,1.00134010789594,0.624565790011793,1,1,0,0,64804639411,1430097,310311357
16033082,10,native,Native hex safety graph,source-native,compact-hex-safety-graph,200,0,0,0,7,76,NaN,1,1,1,1,8,10,10,0,9,0.02,2,1980,6726,6714,0,12,8,1088,4958,1098,0,3860,198,0,0,0,334,101,653,2,12.498715312,12.566528,7.794688,1.00542557265345,0.623639134536998,1,1,0,0,64804639411,1430080,318586652
16033082,10,restricted-management,Local-only management,boundary,compact-hex-local-management,200,0,0,0,7,NaN,NaN,0,0,0,0,20,8,10,19,21,0.38,124,1962,6537,6237,0,300,241,573,1664,1088,0,576,141,18,2,17,231,229,93,58,16.902936212,10.38336,7.081984,0.614293272468749,0.418979514042788,1,1,0,0,64804639411,1420522,272750304
16033083,5,beacon-loss,Beacon loss 0.05,boundary,compact-hex-safety-graph,200,0.05,0,0,4,47,NaN,1,1,1,0,6,5,5,0,9,0.06,0,983,2735,2554,137,44,24,391,1210,676,0,534,90,11,0,11,142,153,85,17,10.398597346,5.627904,5.03808,0.541217609715879,0.484496113501114,1,1,0,0,16754368681,2013457,93669454
16033083,5,churn-rejoin,State-loss and rejoin,boundary,compact-hex-safety-graph,200,0,0,1,4,25,3,1,1,1,1,5,5,5,0,9,0,0,992,2775,2775,0,0,0,351,1040,516,0,524,88,1,0,1,161,70,119,6,9.591929518,5.500928,4.952064,0.573495456745911,0.516274018768285,1,1,0,0,16754368681,1080161,80090815
16033083,5,native,Native hex safety graph,source-native,compact-hex-safety-graph,200,0,0,0,4,25,NaN,1,1,1,1,5,5,5,0,9,0,0,994,2783,2783,0,0,0,366,1080,540,0,540,91,0,0,0,173,72,121,5,9.568749408,5.57056,4.99712,0.58216176038038,0.522233343870635,1,1,0,0,16754368681,1080144,79794940
16033083,5,restricted-management,Local-only management,boundary,compact-hex-local-management,200,0,0,0,4,NaN,NaN,1,0,0,0,6,5,5,6,9,0.195,77,975,2656,2520,0,136,107,253,599,355,0,244,65,19,0,19,105,83,46,39,10.4310495,5.029888,4.472832,0.482203444629421,0.428799805810527,1,1,0,0,16754368681,1079808,101798569
16033083,10,beacon-loss,Beacon loss 0.05,boundary,compact-hex-safety-graph,200,0.05,0,0,8,71,NaN,1,1,1,0,12,10,10,0,13,0.155,9,1974,6659,6245,312,102,72,1385,6627,1125,0,5502,286,5,0,5,352,296,732,5,14.037874616,13.758464,8.495104,0.980095945886172,0.605155996358416,1,1,0,0,64937538788,2363393,278144903
16033083,10,churn-rejoin,State-loss and rejoin,boundary,compact-hex-safety-graph,200,0,0,1,8,25,3,1,1,1,1,7,10,10,0,10,0.025,3,1978,6714,6702,0,12,12,1048,4742,954,0,3788,200,1,0,1,308,113,626,4,11.367525944,12.394496,6.926336,1.09034244223934,0.60930901183963,1,1,0,0,64937538788,1430097,264099612
16033083,10,native,Native hex safety graph,source-native,compact-hex-safety-graph,200,0,0,0,8,25,NaN,1,1,1,1,7,10,10,0,10,0.025,3,1980,6722,6710,0,12,12,1011,4523,927,0,3596,192,0,0,0,291,108,612,3,11.33507379,12.251136,6.889472,1.08081660754676,0.607801248376346,1,1,0,0,64937538788,1430080,262349709
16033083,10,restricted-management,Local-only management,boundary,compact-hex-local-management,200,0,0,0,11,NaN,NaN,1,1,0,0,13,10,10,12,14,0.2,67,1967,6605,6404,0,201,134,695,2030,1137,0,893,185,13,1,11,344,164,173,42,14.478296706,10.903552,7.14752,0.753096322130311,0.493671330622612,1,1,0,0,64937538788,1420522,288199985
16033084,5,beacon-loss,Beacon loss 0.05,boundary,compact-hex-safety-graph,200,0.05,0,0,6,33,NaN,1,1,1,1,5,5,5,0,9,0.095,4,988,2752,2553,141,58,38,419,1242,608,0,634,107,6,0,6,141,182,90,13,10.727754908,5.763072,5.029888,0.537211378282171,0.468866789289627,1,1,0,0,16793218794,2013457,99706497
16033084,5,churn-rejoin,State-loss and rejoin,boundary,compact-hex-safety-graph,200,0,0,1,6,15,3,1,1,1,1,5,5,5,0,9,0.01,1,992,2775,2767,0,8,4,361,1102,620,0,482,81,1,0,1,159,87,114,6,9.57338543,5.541888,5.021696,0.578884872078111,0.524547563316899,1,1,0,0,16793218794,1080161,80657346
16033084,5,native,Native hex safety graph,source-native,compact-hex-safety-graph,200,0,0,0,6,15,NaN,1,1,1,1,5,5,5,0,9,0.01,1,994,2783,2775,0,8,4,318,978,568,0,410,69,0,0,0,148,80,90,5,9.55020532,5.373952,4.927488,0.562705389039741,0.515956237053969,1,1,0,0,16793218794,1080144,81050865
16033084,5,restricted-management,Local-only management,boundary,compact-hex-local-management,200,0,0,0,6,NaN,NaN,1,0,0,0,6,5,5,7,9,0.355,100,974,2611,2368,0,243,183,278,618,410,0,208,78,20,2,18,91,138,27,47,10.227064532,5.128192,4.386816,0.501433425393389,0.428941851913994,1,1,0,0,16793218794,1079808,111141374
16033084,10,beacon-loss,Beacon loss 0.05,boundary,compact-hex-safety-graph,200,0.05,0,0,22,NaN,NaN,0,1,1,0,14,8,10,0,14,0.125,6,1973,6677,6262,328,87,59,1055,5275,1107,0,4168,220,5,8,4,245,280,517,8,16.518146386,12.402688,8.37632,0.750852287549161,0.507098060778743,1,1,0,0,65106536313,2363393,305365396
16033084,10,churn-rejoin,State-loss and rejoin,boundary,compact-hex-safety-graph,200,0,0,1,7,32,2,1,1,1,1,7,10,10,0,10,0.015,2,1979,6722,6710,0,12,8,924,4354,1152,0,3202,162,0,0,0,291,96,537,3,11.599327044,11.890688,7.098368,1.02511878102021,0.61196377799105,1,1,0,0,65106536313,1430097,283803782
16033084,10,native,Native hex safety graph,source-native,compact-hex-safety-graph,200,0,0,0,7,32,NaN,1,1,1,1,8,10,10,0,10,0.015,2,1980,6726,6714,0,12,8,1056,4648,1062,0,3586,188,0,0,0,310,85,661,2,12.234462058,12.435456,7.74144,1.01642850670893,0.632756876706152,1,1,0,0,65106536313,1430080,322185891
16033084,10,restricted-management,Local-only management,boundary,compact-hex-local-management,200,0,0,0,17,NaN,NaN,1,1,0,0,9,10,10,9,10,0.205,75,1960,6573,6415,0,158,139,585,1775,1073,0,702,149,20,2,19,287,132,144,56,13.361015404,10.42432,6.610944,0.78020417496706,0.494793531786576,1,1,0,0,65106536313,1420522,247159548
16033085,5,beacon-loss,Beacon loss 0.05,boundary,compact-hex-safety-graph,200,0.05,0,0,10,50,NaN,1,1,1,0,6,5,5,0,11,0.05,0,984,2755,2594,121,40,20,484,1430,668,0,762,128,10,6,8,188,150,130,16,11.144996888,6.012928,5.197824,0.539518140778865,0.466381826054755,1,1,0,0,16766564406,2013457,107732586
16033085,5,churn-rejoin,State-loss and rejoin,boundary,compact-hex-safety-graph,200,0,0,1,4,10,3,1,1,1,1,5,5,5,0,7,0,0,992,2775,2775,0,0,0,323,976,524,0,452,76,1,0,1,150,71,101,6,9.45748488,5.38624,4.911104,0.569521396898072,0.519282247057634,1,1,0,0,16766564406,1080161,78174487
16033085,5,native,Native hex safety graph,source-native,compact-hex-safety-graph,200,0,0,0,4,10,NaN,1,1,1,1,5,5,5,0,7,0,0,994,2783,2783,0,0,0,286,880,492,0,388,65,0,0,0,133,67,86,5,9.43430477,5.24288,4.841472,0.555725104055548,0.513177400776295,1,1,0,0,16766564406,1080144,78186095
16033085,5,restricted-management,Local-only management,boundary,compact-hex-local-management,200,0,0,0,4,NaN,NaN,0,0,0,0,5,1,5,5,7,0.73,147,984,2443,1493,0,950,527,552,657,323,0,334,132,10,2,8,97,411,32,29,9.92108708,6.291456,3.862528,0.634149861730676,0.389325077872414,1,1,0,0,16766564406,1079808,98618848
16033085,10,beacon-loss,Beacon loss 0.05,boundary,compact-hex-safety-graph,200,0.05,0,0,26,NaN,NaN,0,1,1,0,16,9,10,0,21,0.13,4,1971,6637,6190,341,106,70,1109,5377,1080,0,4297,235,6,8,5,235,333,527,9,20.315048404,12.61568,8.736768,0.621001719962232,0.430063853467351,1,1,0,0,65113466518,2363393,293144852
16033085,10,churn-rejoin,State-loss and rejoin,boundary,compact-hex-safety-graph,200,0,0,1,10,31,2,1,1,1,1,7,10,10,0,10,0.03,3,1979,6706,6680,0,26,22,1077,4821,972,0,3849,198,0,0,0,326,106,645,3,11.664231352,12.517376,7.143424,1.07314195185727,0.612421323311215,1,1,0,0,65113466518,1430097,289031037
16033085,10,native,Native hex safety graph,source-native,compact-hex-safety-graph,200,0,0,0,10,31,NaN,1,1,1,1,8,10,10,0,10,0.03,3,1980,6710,6684,0,26,22,1049,4669,1080,0,3589,190,0,0,0,304,112,633,2,12.26227819,12.406784,7.737344,1.01178458095314,0.630987478844663,1,1,0,0,65113466518,1430080,300323998
16033085,10,restricted-management,Local-only management,boundary,compact-hex-local-management,200,0,0,0,16,NaN,NaN,1,1,0,0,9,10,10,7,10,0.13,36,1970,6630,6522,0,108,90,608,1807,1022,0,785,174,10,3,8,298,132,165,49,12.846416962,10.559488,6.43072,0.821979236018511,0.500584717047735,1,1,0,0,65113466518,1420522,247268555
16033086,5,beacon-loss,Beacon loss 0.05,boundary,compact-hex-safety-graph,200,0.05,0,0,6,57,NaN,1,1,1,0,8,5,5,0,9,0.115,4,984,2710,2514,127,69,47,417,1244,568,0,676,114,10,3,9,138,174,92,17,11.01055225,5.738496,4.980736,0.52118148751349,0.452360234701216,1,1,0,0,16816611573,2013457,104980507
16033086,5,churn-rejoin,State-loss and rejoin,boundary,compact-hex-safety-graph,200,0,0,1,5,16,3,1,1,1,1,5,5,5,0,8,0.01,2,992,2771,2767,0,4,4,302,930,552,0,378,64,1,0,1,137,77,87,6,9.485301012,5.300224,4.882432,0.558782899276955,0.51473664291973,1,1,0,0,16816611573,1080161,77515350
16033086,5,native,Native hex safety graph,source-native,compact-hex-safety-graph,200,0,0,0,5,16,NaN,1,1,1,1,5,5,5,0,8,0.01,2,994,2779,2775,0,4,4,333,1034,640,0,394,67,0,0,0,155,87,91,5,9.462120902,5.435392,4.993024,0.574436963582988,0.527685500081132,1,1,0,0,16816611573,1080144,77267548
16033086,5,restricted-management,Local-only management,boundary,compact-hex-local-management,200,0,0,0,5,NaN,NaN,1,1,0,0,6,5,5,4,8,0.335,109,971,2640,2388,0,252,172,271,634,405,0,229,70,23,7,19,99,113,29,53,10.10652796,5.087232,4.386816,0.503360997974224,0.434057672166179,1,1,0,0,16816611573,1079808,136794085
16033086,10,beacon-loss,Beacon loss 0.05,boundary,compact-hex-safety-graph,200,0.05,0,0,21,154,NaN,0,1,1,0,10,8,10,0,15,0.155,6,1974,6648,6220,306,122,89,1286,6050,972,0,5078,264,6,16,4,314,311,639,10,15.651210272,13.35296,8.343552,0.85315830328396,0.533093087051971,1,1,0,0,65164964772,2363393,279632269
16033086,10,churn-rejoin,State-loss and rejoin,boundary,compact-hex-safety-graph,200,0,0,1,9,50,3,1,1,1,1,6,10,10,0,10,0.025,2,1978,6702,6674,0,28,24,968,4338,846,0,3492,188,1,0,1,281,136,550,5,10.723118886,12.066816,6.02112,1.12530842269727,0.561508276091307,1,1,0,0,65164964772,1430097,227920331
16033086,10,native,Native hex safety graph,source-native,compact-hex-safety-graph,200,0,0,0,9,50,NaN,1,1,1,1,6,10,10,0,10,0.025,2,1980,6710,6682,0,28,24,1049,4475,801,0,3674,204,0,0,0,286,130,633,4,10.695302754,12.406784,6.074368,1.16002176706591,0.567947269910448,1,1,0,0,65164964772,1430080,226598069
16033086,10,restricted-management,Local-only management,boundary,compact-hex-local-management,200,0,0,0,9,NaN,NaN,1,1,0,0,11,10,10,10,13,0.355,127,1962,6549,6188,0,361,245,603,1739,1094,0,645,150,18,2,17,252,215,116,52,14.552473058,10.50624,7.241728,0.721955639988239,0.497628682845695,1,1,0,0,65164964772,1420522,268802096
16033087,5,beacon-loss,Beacon loss 0.05,boundary,compact-hex-safety-graph,200,0.05,0,0,7,14,NaN,0,1,1,0,6,4,5,0,10,0.08,3,985,2737,2541,154,42,32,390,1194,592,0,602,101,8,0,8,133,165,84,12,10.087983872,5.632,4.988928,0.558287966303362,0.494541631241815,1,1,0,0,16797596526,2013457,88778713
16033087,5,churn-rejoin,State-loss and rejoin,boundary,compact-hex-safety-graph,200,0,0,1,4,12,3,1,1,1,1,5,5,5,0,10,0,0,992,2775,2775,0,0,0,316,1040,712,0,328,55,1,0,1,144,95,76,6,9.476028968,5.357568,5.0176,0.565381133604825,0.529504502038158,1,1,0,0,16797596526,1080161,78701558
16033087,5,native,Native hex safety graph,source-native,compact-hex-safety-graph,200,0,0,0,4,12,NaN,1,1,1,1,5,5,5,0,10,0,0,994,2783,2783,0,0,0,335,1036,588,0,448,75,0,0,0,158,79,98,5,9.452848858,5.443584,4.980736,0.575867030328435,0.526903166952127,1,1,0,0,16797596526,1080144,78434340
16033087,5,restricted-management,Local-only management,boundary,compact-hex-local-management,200,0,0,0,4,NaN,NaN,1,0,0,0,4,5,5,6,10,0.195,86,983,2630,2476,0,154,114,201,475,336,0,139,45,11,2,10,94,70,24,37,11.460246384,4.849664,4.378624,0.42317275192013,0.382070668752212,1,1,0,0,16797596526,1079808,94881984
16033087,10,beacon-loss,Beacon loss 0.05,boundary,compact-hex-safety-graph,200,0.05,0,0,11,17,NaN,0,1,1,0,14,9,10,0,14,0.1,2,1976,6688,6298,323,67,46,1451,6781,1098,0,5683,294,4,8,3,377,277,785,5,14.584925212,14.036992,8.454144,0.962431537766873,0.579649458404093,1,1,0,0,65252278675,2363393,262626525
16033087,10,churn-rejoin,State-loss and rejoin,boundary,compact-hex-safety-graph,200,0,0,1,11,58,2,1,1,1,1,7,10,10,0,10,0.03,2,1979,6726,6714,0,12,12,1196,5318,1044,0,4274,225,0,0,0,355,101,740,3,11.900668474,13.0048,7.319552,1.09277895005749,0.615053853150468,1,1,0,0,65252278675,1430097,288920109
16033087,10,native,Native hex safety graph,source-native,compact-hex-safety-graph,200,0,0,0,11,58,NaN,1,1,1,1,8,10,10,0,10,0.03,2,1980,6730,6718,0,12,12,1103,4777,999,0,3778,202,0,0,0,318,85,700,2,12.429174982,12.627968,7.7824,1.01599406382868,0.626139708489945,1,1,0,0,65252278675,1430080,307266911
16033087,10,restricted-management,Local-only management,boundary,compact-hex-local-management,200,0,0,0,13,NaN,NaN,0,1,0,0,8,8,10,10,10,0.295,91,1964,6583,6351,0,232,195,499,1485,948,0,537,124,16,0,16,208,176,99,47,13.226570766,10.088448,6.63552,0.762741014166211,0.50168105682065,1,1,0,0,65252278675,1420522,251407718
16033088,5,beacon-loss,Beacon loss 0.05,boundary,compact-hex-safety-graph,200,0.05,0,0,6,12,NaN,1,1,1,0,6,5,5,0,10,0.05,2,984,2739,2586,121,32,20,409,1212,608,0,604,103,10,6,8,153,145,95,16,10.356873148,5.705728,5.033984,0.550912222102655,0.48605249171871,1,1,0,0,16705367720,2013457,94452689
16033088,5,churn-rejoin,State-loss and rejoin,boundary,compact-hex-safety-graph,200,0,0,1,6,12,3,1,1,1,1,5,5,5,0,10,0.01,1,992,2771,2767,0,4,4,307,946,528,0,418,70,1,0,1,135,74,97,6,9.499209078,5.320704,4.882432,0.560120738085727,0.513983002154108,1,1,0,0,16705367720,1080161,79629389
16033088,5,native,Native hex safety graph,source-native,compact-hex-safety-graph,200,0,0,0,6,12,NaN,1,1,1,1,5,5,5,0,10,0.01,1,994,2779,2775,0,4,4,279,842,436,0,406,68,0,0,0,125,62,92,5,9.476028968,5.214208,4.788224,0.550252433546592,0.505298581944985,1,1,0,0,16705367720,1080144,79277269
16033088,5,restricted-management,Local-only management,boundary,compact-hex-local-management,200,0,0,0,15,NaN,NaN,1,0,0,0,3,5,5,4,10,0.695,477,987,2476,1507,0,969,513,183,386,240,0,146,42,7,2,6,74,77,23,29,9.281316044,4.79232,3.46112,0.516340568221254,0.372912632604239,1,1,0,0,16705367720,1079808,190818476
16033088,10,beacon-loss,Beacon loss 0.05,boundary,compact-hex-safety-graph,200,0.05,0,0,18,NaN,NaN,0,1,1,0,11,9,10,0,18,0.15,6,1972,6675,6253,321,101,70,1487,7081,1179,0,5902,306,3,0,3,369,322,793,8,17.607611556,14.168064,8.88832,0.804655643097264,0.504799868609732,1,1,0,0,64967987371,2363393,268650549
16033088,10,churn-rejoin,State-loss and rejoin,boundary,compact-hex-safety-graph,200,0,0,1,14,20,2,1,1,1,1,8,10,10,0,12,0.05,2,1977,6697,6657,0,40,24,1064,4954,1287,0,3667,190,1,0,1,313,135,615,5,12.572891664,12.455936,8.032256,0.990697791158507,0.638855103078537,1,1,0,0,64967987371,1430097,326002256
16033088,10,native,Native hex safety graph,source-native,compact-hex-safety-graph,200,0,0,0,14,20,NaN,1,1,1,1,9,10,10,0,12,0.05,2,1978,6701,6661,0,40,24,1034,4764,1341,0,3423,181,1,0,1,295,133,605,4,13.208026678,12.337152,8.597504,0.934064739629079,0.650930241859707,1,1,0,0,64967987371,1430080,269782877
16033088,10,restricted-management,Local-only management,boundary,compact-hex-local-management,200,0,0,0,14,NaN,NaN,0,1,0,0,12,9,10,11,12,0.245,102,1966,6571,6305,0,266,185,719,2061,1180,0,881,196,13,4,11,339,189,174,47,14.005422462,10.99776,7.417856,0.785250143638259,0.529641716993999,1,1,0,0,64967987371,1420522,292680581
16033089,5,beacon-loss,Beacon loss 0.05,boundary,compact-hex-safety-graph,200,0.05,0,0,8,62,NaN,0,0,1,0,6,3,5,0,9,0.07,6,986,2738,2556,148,34,26,379,1178,680,0,498,84,7,0,7,150,139,83,11,10.45422961,5.59104,5.029888,0.53481128773486,0.481134257390775,1,1,0,0,16785806677,2013457,96067940
16033089,5,churn-rejoin,State-loss and rejoin,boundary,compact-hex-safety-graph,200,0,0,1,6,14,3,1,1,1,1,5,5,5,0,10,0.01,1,992,2771,2767,0,4,4,297,938,568,0,370,62,1,0,1,136,79,81,6,9.522389188,5.279744,4.890624,0.55445580891122,0.513592114693559,1,1,0,0,16785806677,1080161,79171388
16033089,5,native,Native hex safety graph,source-native,compact-hex-safety-graph,200,0,0,0,6,14,NaN,1,1,1,1,5,5,5,0,10,0.01,1,994,2779,2775,0,4,4,325,1022,624,0,398,67,0,0,0,154,85,86,5,9.499209078,5.402624,4.97664,0.568744613960796,0.523900459410438,1,1,0,0,16785806677,1080144,79288166
16033089,5,restricted-management,Local-only management,boundary,compact-hex-local-management,200,0,0,0,6,NaN,NaN,1,0,0,0,10,5,5,9,11,0.24,75,974,2656,2462,0,194,132,239,583,427,0,156,50,20,0,20,77,127,15,45,12.419902938,4.968448,4.460544,0.400039197150125,0.359144835693723,1,1,0,0,16785806677,1079808,99352703
16033089,10,beacon-loss,Beacon loss 0.05,boundary,compact-hex-safety-graph,200,0.05,0,0,13,NaN,NaN,0,1,1,0,12,8,10,0,16,0.155,5,1972,6646,6179,341,126,80,1176,5800,1206,0,4594,238,7,8,6,280,308,573,12,15.702206514,12.894208,7.9872,0.821171724400873,0.508667364225445,1,1,0,0,64948211076,2363393,236282758
16033089,10,churn-rejoin,State-loss and rejoin,boundary,compact-hex-safety-graph,200,0,0,1,11,62,2,1,1,1,1,9,10,10,0,11,0.03,0,1975,6694,6658,0,36,28,1040,4672,1161,0,3511,182,3,7,1,302,113,615,4,13.323927228,12.34944,8.2944,0.926861862022773,0.622519161060071,1,1,0,0,64948211076,1430097,249318231
16033089,10,native,Native hex safety graph,source-native,compact-hex-safety-graph,200,0,0,0,11,103,NaN,1,1,1,1,8,10,10,0,11,0.03,0,1976,6698,6662,0,36,28,1076,4858,1017,0,3841,193,3,7,1,329,105,632,5,12.869597072,12.500992,7.70048,0.971358460568905,0.598346627087005,1,1,0,0,64948211076,1430080,309199143
16033089,10,restricted-management,Local-only management,boundary,compact-hex-local-management,200,0,0,0,11,NaN,NaN,1,0,0,0,10,10,10,9,11,0.275,97,1957,6548,6270,0,278,213,605,1725,1033,0,692,152,22,5,19,271,190,117,64,13.72262512,10.493952,7.008256,0.764718988403,0.510708114425267,1,1,0,0,64948211076,1420522,273158901
16033090,5,beacon-loss,Beacon loss 0.05,boundary,compact-hex-safety-graph,200,0.05,0,0,4,16,NaN,0,1,1,0,6,4,5,0,9,0.05,0,983,2730,2571,127,32,20,401,1182,564,0,618,105,11,3,10,141,154,92,16,10.310512928,5.668864,4.993024,0.54981396556957,0.484265335281291,1,1,0,0,16773258900,2013457,92437058
16033090,5,churn-rejoin,State-loss and rejoin,boundary,compact-hex-safety-graph,200,0,0,1,4,12,3,1,1,1,1,5,5,5,0,9,0,0,992,2775,2775,0,0,0,262,856,576,0,280,47,1,0,1,121,78,62,6,9.489937034,5.136384,4.845568,0.541245319289017,0.510600648101202,1,1,0,0,16773258900,1080161,80095953
16033090,5,native,Native hex safety graph,source-native,compact-hex-safety-graph,200,0,0,0,4,12,NaN,1,1,1,1,5,5,5,0,9,0,0,994,2783,2783,0,0,0,280,904,588,0,316,53,0,0,0,130,79,71,5,9.466756924,5.218304,4.890624,0.551224040280428,0.516610285788722,1,1,0,0,16773258900,1080144,79813833
16033090,5,restricted-management,Local-only management,boundary,compact-hex-local-management,200,0,0,0,4,NaN,NaN,0,1,0,0,4,2,4,7,9,0.18,68,979,2671,2521,0,150,102,180,438,330,0,108,39,15,1,14,64,87,13,39,11.135724844,4.747264,4.366336,0.426309384122207,0.392101642341909,1,1,0,0,16773258900,1079808,103136680
16033090,10,beacon-loss,Beacon loss 0.05,boundary,compact-hex-safety-graph,200,0.05,0,0,16,NaN,NaN,0,1,1,0,26,9,10,0,25,0.13,1,1971,6653,6234,308,111,65,1449,6679,1368,0,5311,287,7,8,6,317,328,789,2,20.1666957,14.00832,9.261056,0.694626437984087,0.459225256222813,1,1,0,0,64965195065,2363393,265703631
16033090,10,churn-rejoin,State-loss and rejoin,boundary,compact-hex-safety-graph,200,0,0,1,11,16,2,1,1,1,1,9,10,10,0,10,0.025,2,1976,6711,6687,0,24,15,929,4297,1215,0,3082,160,1,0,1,281,99,548,4,13.453735844,11.89888,8.687616,0.884429435657946,0.645740045793633,1,1,0,0,64965195065,1430097,217953904
16033090,10,native,Native hex safety graph,source-native,compact-hex-safety-graph,200,0,0,0,11,16,NaN,1,1,1,1,10,10,10,0,10,0.025,2,1977,6715,6691,0,24,15,994,4500,1278,0,3222,171,1,0,1,288,101,604,3,13.991514396,12.169216,9.33888,0.869756886608288,0.667467418871389,1,1,0,0,64965195065,1430080,244931580
16033090,10,restricted-management,Local-only management,boundary,compact-hex-local-management,200,0,0,0,15,NaN,NaN,0,1,0,0,11,8,10,11,13,0.28,65,1964,6573,6307,0,266,171,641,1929,1135,0,794,180,14,4,11,283,201,139,48,14.584925212,10.67008,7.409664,0.731582770902452,0.508035789851262,1,1,0,0,64965195065,1420522,276664079
16033091,5,beacon-loss,Beacon loss 0.05,boundary,compact-hex-safety-graph,200,0.05,0,0,5,12,NaN,0,1,1,0,6,4,5,0,10,0.01,0,984,2747,2609,134,4,4,415,1270,684,0,586,98,9,0,9,170,120,116,15,10.412505412,5.730304,5.124096,0.550329029687327,0.492109804245065,1,1,0,0,16806399609,2013457,94436052
16033091,5,churn-rejoin,State-loss and rejoin,boundary,compact-hex-safety-graph,200,0,0,1,4,12,3,1,1,1,1,5,5,5,0,10,0,0,992,2775,2775,0,0,0,308,988,644,0,344,58,1,0,1,143,86,78,6,9.5038451,5.3248,4.960256,0.56027849191271,0.521920964389455,1,1,0,0,16806399609,1080161,79190129
16033091,5,native,Native hex safety graph,source-native,compact-hex-safety-graph,200,0,0,0,4,12,NaN,1,1,1,1,5,5,5,0,10,0,0,994,2783,2783,0,0,0,341,1044,572,0,472,79,0,0,0,155,77,109,5,9.48066499,5.46816,4.980736,0.576769668136961,0.525357240789921,1,1,0,0,16806399609,1080144,78945563
16033091,5,restricted-management,Local-only management,boundary,compact-hex-local-management,200,0,0,0,4,NaN,NaN,0,1,0,0,8,4,5,7,10,0.27,78,972,2672,2469,0,203,139,204,499,395,0,104,38,22,1,21,60,114,7,43,10.667486622,4.816896,4.349952,0.451549289039268,0.407776653877298,1,1,0,0,16806399609,1079808,107109966
16033091,10,beacon-loss,Beacon loss 0.05,boundary,compact-hex-safety-graph,200,0.05,0,0,22,NaN,NaN,0,1,1,0,16,9,10,0,18,0.16,4,1975,6655,6203,344,108,79,1127,5777,1152,0,4625,246,5,8,4,251,369,494,4,17.352630346,12.705792,8.511488,0.73221129861323,0.490501314802802,1,1,0,0,64986792409,2363393,273992765
16033091,10,churn-rejoin,State-loss and rejoin,boundary,compact-hex-safety-graph,200,0,0,1,8,28,2,1,1,1,1,7,10,10,0,10,0.01,1,1979,6726,6722,0,4,6,1030,4740,1062,0,3678,189,0,0,0,316,94,620,3,11.603963066,12.324864,7.168,1.06212540749223,0.617719994387304,1,1,0,0,64986792409,1430097,280474813
16033091,10,native,Native hex safety graph,source-native,compact-hex-safety-graph,200,0,0,0,8,28,NaN,1,1,1,1,8,10,10,0,10,0.01,1,1980,6730,6726,0,4,6,1128,5018,1170,0,3848,202,0,0,0,329,90,709,2,12.21591797,12.730368,7.847936,1.04211308812513,0.642435224210989,1,1,0,0,64986792409,1430080,317560405
16033091,10,restricted-management,Local-only management,boundary,compact-hex-local-management,200,0,0,0,8,NaN,NaN,0,1,0,0,9,9,10,9,10,0.255,102,1962,6604,6378,0,226,184,596,1796,1059,0,737,154,18,0,18,275,160,143,45,13.435191756,10.477568,6.701056,0.77985995215296,0.498768913886725,1,1,0,0,64986792409,1420522,246219927
16033092,5,beacon-loss,Beacon loss 0.05,boundary,compact-hex-safety-graph,200,0.05,0,0,5,36,NaN,0,1,1,0,8,4,5,0,10,0.065,2,983,2733,2557,138,38,26,405,1206,548,0,658,110,11,6,9,143,153,92,17,10.727754908,5.685248,4.988928,0.529956924701956,0.465048655826357,1,1,0,0,16713849039,2013457,99684659
16033092,5,churn-rejoin,State-loss and rejoin,boundary,compact-hex-safety-graph,200,0,0,1,5,16,3,1,1,1,1,5,5,5,0,10,0.01,2,992,2771,2767,0,4,4,344,1044,584,0,460,77,1,0,1,156,84,103,6,9.568749408,5.472256,4.972544,0.571888317550138,0.519664983163075,1,1,0,0,16713849039,1080161,80290010
16033092,5,native,Native hex safety graph,source-native,compact-hex-safety-graph,200,0,0,0,5,16,NaN,1,1,1,1,5,5,5,0,10,0.01,2,994,2779,2775,0,4,4,327,1008,596,0,412,69,0,0,0,148,85,94,5,9.545569298,5.410816,4.960256,0.566840576091536,0.519639619717525,1,1,0,0,16713849039,1080144,79960116
16033092,5,restricted-management,Local-only management,boundary,compact-hex-local-management,200,0,0,0,5,NaN,NaN,1,1,0,0,13,5,5,13,10,0.215,71,974,2669,2491,0,178,120,237,521,341,0,180,55,20,3,18,75,124,15,43,14.037874616,4.960256,4.4032,0.353348076947947,0.313665716531002,1,1,0,0,16713849039,1079808,105255358
16033092,10,beacon-loss,Beacon loss 0.05,boundary,compact-hex-safety-graph,200,0.05,0,0,11,NaN,NaN,0,1,1,0,14,9,10,0,21,0.16,8,1974,6665,6228,339,98,74,1217,5897,1197,0,4700,250,6,0,6,281,309,621,12,19.151406882,13.070336,8.769536,0.68247393418833,0.457905576025451,1,1,0,0,65018831314,2363393,285841295
16033092,10,churn-rejoin,State-loss and rejoin,boundary,compact-hex-safety-graph,200,0,0,1,7,11,3,1,1,1,1,8,10,10,0,10,0.02,2,1978,6722,6714,0,8,8,1021,4607,1107,0,3500,186,1,0,1,300,103,617,3,12.266914212,12.283904,7.749632,1.00138500911528,0.631750729325146,1,1,0,0,65018831314,1430097,321310576
16033092,10,native,Native hex safety graph,source-native,compact-hex-safety-graph,200,0,0,0,7,11,NaN,1,1,1,1,8,10,10,0,10,0.02,2,1980,6730,6722,0,8,8,970,4304,1260,0,3044,170,0,0,0,268,105,597,2,12.141741618,12.0832,7.76192,0.995178482639326,0.639275669356449,1,1,0,0,65018831314,1430080,304398242
16033092,10,restricted-management,Local-only management,boundary,compact-hex-local-management,200,0,0,0,7,NaN,NaN,1,1,0,0,13,10,10,11,13,0.25,64,1965,6626,6419,0,207,152,682,1964,1079,0,885,181,15,2,14,326,167,172,45,14.807454268,10.842112,7.061504,0.732206347138995,0.476888455786788,1,1,0,0,65018831314,1420522,265687572
16033093,5,beacon-loss,Beacon loss 0.05,boundary,compact-hex-safety-graph,200,0.05,0,0,7,87,NaN,0,1,1,0,6,4,5,0,11,0.065,0,986,2740,2532,160,48,26,454,1330,572,0,758,128,8,6,6,170,154,116,14,10.458865632,5.89824,5.095424,0.563946436213284,0.487187060173143,1,1,0,0,16764794864,2013457,94494447
16033093,5,churn-rejoin,State-loss and rejoin,boundary,compact-hex-safety-graph,200,0,0,1,6,14,3,1,1,1,1,5,5,5,0,9,0.01,0,992,2771,2767,0,4,4,322,1004,580,0,424,71,1,0,1,144,82,95,6,9.536297254,5.382144,4.939776,0.564385091681413,0.517997275926777,1,1,0,0,16764794864,1080161,78692273
16033093,5,native,Native hex safety graph,source-native,compact-hex-safety-graph,200,0,0,0,6,14,NaN,1,1,1,1,5,5,5,0,9,0.01,0,994,2779,2775,0,4,4,334,1044,608,0,436,73,0,0,0,154,85,95,5,9.499209078,5.439488,4.984832,0.572625358104577,0.524762846997945,1,1,0,0,16764794864,1080144,78339201
16033093,5,restricted-management,Local-only management,boundary,compact-hex-local-management,200,0,0,0,6,112,NaN,1,1,0,0,6,5,5,6,10,0.37,97,970,2597,2368,0,229,191,295,654,460,0,194,71,24,3,21,91,160,17,53,10.435685522,5.18144,4.4032,0.496511703910274,0.421936823481063,1,1,0,0,16764794864,1079808,135537276
16033093,10,beacon-loss,Beacon loss 0.05,boundary,compact-hex-safety-graph,200,0.05,0,0,9,25,NaN,1,1,1,0,9,10,10,0,14,0.17,6,1977,6681,6268,315,98,72,1321,6473,999,0,5474,288,3,8,2,337,293,680,7,14.297491848,13.508608,8.21248,0.944823619667924,0.574400047736261,1,1,0,0,64955148337,2363393,284313872
16033093,10,churn-rejoin,State-loss and rejoin,boundary,compact-hex-safety-graph,200,0,0,1,8,32,3,1,1,1,1,8,10,10,0,9,0.02,0,1978,6718,6710,0,8,8,1139,5049,1044,0,4005,211,1,0,1,344,95,699,3,12.313274432,12.767232,7.82336,1.03686733131037,0.63535983407212,1,1,0,0,64955148337,1430097,321386128
16033093,10,native,Native hex safety graph,source-native,compact-hex-safety-graph,200,0,0,0,8,32,NaN,1,1,1,1,8,10,10,0,9,0.02,0,1980,6726,6718,0,8,8,1013,4637,1170,0,3467,186,0,0,0,306,109,598,2,12.290094322,12.259328,7.786496,0.997496656966666,0.633558685230081,1,1,0,0,64955148337,1430080,319991926
16033093,10,restricted-management,Local-only management,boundary,compact-hex-local-management,200,0,0,0,8,NaN,NaN,0,0,0,0,12,7,9,12,14,0.34,102,1958,6520,6254,0,266,210,528,1596,1031,0,565,127,22,0,21,228,177,101,57,14.385576266,10.182656,7.032832,0.707837893436809,0.488880797679405,1,1,0,0,64955148337,1420522,247073928
16033094,5,beacon-loss,Beacon loss 0.05,boundary,compact-hex-safety-graph,200,0.05,0,0,4,15,NaN,1,1,1,0,8,5,5,0,9,0.04,0,983,2729,2571,124,34,18,416,1236,688,0,548,93,11,5,8,164,149,87,14,10.444957566,5.730304,5.074944,0.548619174734903,0.485875023228409,1,1,0,0,16697395736,2013457,95555859
16033094,5,churn-rejoin,State-loss and rejoin,boundary,compact-hex-safety-graph,200,0,0,1,4,15,3,1,1,1,1,5,5,5,0,9,0,0,992,2775,2775,0,0,0,350,1064,568,0,496,83,1,0,1,160,77,112,6,9.531661232,5.496832,4.984832,0.576691918250919,0.522976203063613,1,1,0,0,16697395736,1080161,79029294
16033094,5,native,Native hex safety graph,source-native,compact-hex-safety-graph,200,0,0,0,4,15,NaN,1,1,1,1,5,5,5,0,9,0,0,994,2783,2783,0,0,0,364,1112,604,0,508,85,0,0,0,166,81,117,5,9.508481122,5.562368,5.03808,0.584990171261971,0.529851186047293,1,1,0,0,16697395736,1080144,78753986
16033094,5,restricted-management,Local-only management,boundary,compact-hex-local-management,200,0,0,0,4,NaN,NaN,0,1,0,0,7,4,5,8,10,0.245,79,977,2651,2477,0,174,132,251,557,363,0,194,66,17,6,14,86,122,20,48,12.359634652,5.029888,4.42368,0.406960896630231,0.357913492150366,1,1,0,0,16697395736,1079808,104425166
16033094,10,beacon-loss,Beacon loss 0.05,boundary,compact-hex-safety-graph,200,0.05,0,0,16,124,NaN,1,1,1,0,14,10,10,0,15,0.105,4,1976,6699,6309,316,74,57,1235,5955,1107,0,4848,256,4,0,4,320,268,643,8,15.836651152,13.152256,8.62208,0.830494772775178,0.54443833593639,1,1,0,0,65090612826,2363393,284173378
16033094,10,churn-rejoin,State-loss and rejoin,boundary,compact-hex-safety-graph,200,0,0,1,11,42,3,1,1,1,1,8,10,10,0,11,0.035,3,1977,6705,6685,0,20,22,1109,4889,855,0,4034,218,2,0,2,311,127,669,6,12.688792214,12.640256,7.737344,0.996174875182647,0.609777815690221,1,1,0,0,65090612826,1430097,310381458
16033094,10,native,Native hex safety graph,source-native,compact-hex-safety-graph,200,0,0,0,11,42,NaN,1,1,1,1,8,10,10,0,11,0.035,3,1979,6713,6693,0,20,22,1044,4622,990,0,3632,196,1,0,1,290,119,634,5,12.660976082,12.382208,7.716864,0.977982101838395,0.609499927179469,1,1,0,0,65090612826,1430080,308811832
16033094,10,restricted-management,Local-only management,boundary,compact-hex-local-management,200,0,0,0,11,NaN,NaN,0,1,0,0,9,8,9,10,11,0.26,95,1964,6587,6335,0,252,176,687,2060,1188,0,872,189,16,5,13,334,146,186,46,15.69293447,10.858496,7.266304,0.691935343307401,0.463030290089525,1,1,0,0,65090612826,1420522,276215514
16033095,5,beacon-loss,Beacon loss 0.05,boundary,compact-hex-safety-graph,200,0.05,0,0,6,35,NaN,0,1,1,0,5,4,4,0,9,0.07,0,986,2732,2568,128,36,28,343,1104,640,0,464,78,8,0,8,118,158,59,13,10.250244642,5.443584,4.95616,0.53106869056521,0.483516264547708,1,1,0,0,16771412703,2013457,91781939
16033095,5,churn-rejoin,State-loss and rejoin,boundary,compact-hex-safety-graph,200,0,0,1,6,14,3,1,1,1,1,5,5,5,0,9,0.01,0,992,2771,2767,0,4,4,340,1060,612,0,448,75,1,0,1,159,86,94,6,9.5038451,5.455872,4.988928,0.574069962482869,0.524937848576678,1,1,0,0,16771412703,1080161,78979465
16033095,5,native,Native hex safety graph,source-native,compact-hex-safety-graph,200,0,0,0,6,14,NaN,1,1,1,1,5,5,5,0,9,0.01,0,994,2779,2775,0,4,4,310,964,552,0,412,69,0,0,0,143,78,89,5,9.48066499,5.341184,4.911104,0.563376514794454,0.518012608311772,1,1,0,0,16771412703,1080144,78632965
16033095,5,restricted-management,Local-only management,boundary,compact-hex-local-management,200,0,0,0,6,NaN,NaN,0,1,0,0,5,4,5,4,9,0.23,63,979,2663,2499,0,164,124,259,546,346,0,200,74,15,2,13,104,103,35,38,10.412505412,5.070848,4.448256,0.486995953361623,0.427203235339841,1,1,0,0,16771412703,1079808,105222851
16033095,10,beacon-loss,Beacon loss 0.05,boundary,compact-hex-safety-graph,200,0.05,0,0,15,NaN,NaN,1,1,1,0,12,10,10,0,13,0.11,4,1977,6687,6319,295,73,48,1439,6707,1080,0,5627,297,2,0,2,366,272,799,4,15.243240336,13.991936,8.470528,0.917910870102547,0.555690772649903,1,1,0,0,65127586329,2363393,277269577
16033095,10,churn-rejoin,State-loss and rejoin,boundary,compact-hex-safety-graph,200,0,0,1,10,34,3,1,1,1,1,7,10,10,0,9,0.03,3,1977,6717,6697,0,20,12,1019,4879,1188,0,3691,183,2,0,2,336,115,566,7,11.529786714,12.271616,6.975488,1.06434024361433,0.604997141146596,1,1,0,0,65127586329,1430097,277308774
16033095,10,native,Native hex safety graph,source-native,compact-hex-safety-graph,200,0,0,0,10,34,NaN,1,1,1,1,7,10,10,0,9,0.03,3,1979,6725,6705,0,20,12,989,4601,1188,0,3413,174,1,0,1,308,107,573,6,11.506606604,12.156928,6.938624,1.05651721818437,0.603012185850514,1,1,0,0,65127586329,1430080,276048975
16033095,10,restricted-management,Local-only management,boundary,compact-hex-local-management,200,0,0,0,10,NaN,NaN,0,0,0,0,10,9,10,9,11,0.585,242,1975,6483,5583,0,900,460,838,2423,1242,0,1181,257,5,0,5,379,278,176,32,14.724005872,11.522048,7.131136,0.782534868578868,0.484320371914614,1,1,0,0,65127586329,1420522,295513587
16033096,5,beacon-loss,Beacon loss 0.05,boundary,compact-hex-safety-graph,200,0.05,0,0,5,19,NaN,0,0,1,0,6,3,5,0,9,0.065,0,981,2721,2567,122,32,24,368,1166,684,0,482,81,13,3,12,129,153,70,18,10.189976356,5.525504,5.001216,0.542248952005321,0.490797605929204,1,1,0,0,16792899195,2013457,89757612
16033096,5,churn-rejoin,State-loss and rejoin,boundary,compact-hex-safety-graph,200,0,0,1,4,13,3,1,1,1,1,5,5,5,0,8,0,0,992,2775,2775,0,0,0,326,1016,592,0,424,71,1,0,1,146,80,99,6,9.499209078,5.398528,4.960256,0.568313420167043,0.522175684235424,1,1,0,0,16792899195,1080161,78791073
16033096,5,native,Native hex safety graph,source-native,compact-hex-safety-graph,200,0,0,0,4,13,NaN,1,1,1,1,5,5,5,0,8,0,0,994,2783,2783,0,0,0,325,1012,588,0,424,71,0,0,0,148,79,98,5,9.476028968,5.402624,4.964352,0.570135867908841,0.523885270587957,1,1,0,0,16792899195,1080144,78491495
16033096,5,restricted-management,Local-only management,boundary,compact-hex-local-management,200,0,0,0,4,NaN,NaN,0,1,0,0,7,4,5,8,9,0.235,86,971,2617,2453,0,164,136,255,603,442,0,161,53,23,0,23,88,121,23,44,11.849672232,5.021696,4.493312,0.423783536091313,0.379192935637985,1,1,0,0,16792899195,1079808,96314770
16033096,10,beacon-loss,Beacon loss 0.05,boundary,compact-hex-safety-graph,200,0.05,0,0,18,NaN,NaN,0,1,1,0,13,9,10,0,18,0.065,3,1972,6684,6296,342,46,31,1263,6153,1251,0,4902,257,5,8,4,324,271,655,9,17.728148128,13.25056,8.822784,0.747430577876995,0.497670931915625,1,1,0,0,64997152296,2363393,277944529
16033096,10,churn-rejoin,State-loss and rejoin,boundary,compact-hex-safety-graph,200,0,0,1,8,78,2,1,1,1,1,7,10,10,0,10,0.02,1,1979,6722,6714,0,8,11,1141,5017,864,0,4153,218,0,0,0,340,94,707,3,11.919212562,12.77952,7.18848,1.0721782108948,0.603100243628326,1,1,0,0,64997152296,1430097,294517575
16033096,10,native,Native hex safety graph,source-native,compact-hex-safety-graph,200,0,0,0,8,80,NaN,1,1,1,1,8,10,10,0,10,0.02,1,1980,6726,6718,0,8,11,1186,5206,1107,0,4099,215,0,0,0,349,91,746,2,12.568255642,12.967936,7.86432,1.03180078201659,0.625728838114924,1,1,0,0,64997152296,1430080,333774794
16033096,10,restricted-management,Local-only management,boundary,compact-hex-local-management,200,0,0,0,12,NaN,NaN,1,1,0,0,10,10,10,7,10,0.235,86,1964,6583,6317,0,266,169,712,2137,1197,0,940,196,16,0,16,345,152,199,42,13.2126627,10.960896,6.684672,0.829575101466868,0.505929209863202,1,1,0,0,64997152296,1420522,265662984
16033097,5,beacon-loss,Beacon loss 0.05,boundary,compact-hex-safety-graph,200,0.05,0,0,11,27,NaN,0,1,1,0,6,3,5,0,10,0.09,5,980,2709,2529,136,44,38,370,1104,592,0,512,86,12,6,10,131,162,59,22,10.815839326,5.5296,4.898816,0.511250198281653,0.452929805292487,1,1,0,0,16719564446,2013457,101046999
16033097,5,churn-rejoin,State-loss and rejoin,boundary,compact-hex-safety-graph,200,0,0,1,6,14,3,1,1,1,1,5,5,5,0,10,0.01,1,992,2775,2767,0,8,4,354,1102,648,0,454,76,1,0,1,159,91,103,6,9.531661232,5.513216,5.029888,0.578410821136913,0.527703186000096,1,1,0,0,16719564446,1080161,78986000
16033097,5,native,Native hex safety graph,source-native,compact-hex-safety-graph,200,0,0,0,6,14,NaN,1,1,1,1,5,5,5,0,10,0.01,1,994,2783,2775,0,8,4,343,1042,564,0,478,80,0,0,0,154,80,109,5,9.508481122,5.476352,4.968448,0.575943931500188,0.522528039573469,1,1,0,0,16719564446,1080144,78670242
16033097,5,restricted-management,Local-only management,boundary,compact-hex-local-management,200,0,0,0,6,NaN,NaN,1,1,0,0,6,5,5,6,10,0.295,76,978,2671,2443,0,228,154,253,562,387,0,175,59,16,2,15,71,154,10,43,11.21917324,5.042176,4.419584,0.449424916804297,0.393931344623751,1,1,0,0,16719564446,1079808,96768132
16033097,10,beacon-loss,Beacon loss 0.05,boundary,compact-hex-safety-graph,200,0.05,0,0,17,192,NaN,0,1,1,0,7,9,9,0,13,0.095,3,1973,6677,6277,340,60,50,1528,7088,1098,0,5990,310,4,7,2,396,253,868,9,14.825998356,14.340096,8.21248,0.967226331452859,0.553924248661235,1,1,0,0,64804043850,2363393,286884430
16033097,10,churn-rejoin,State-loss and rejoin,boundary,compact-hex-safety-graph,200,0,0,1,17,100,2,1,1,1,1,8,10,10,0,12,0.06,3,1976,6686,6628,0,58,39,1243,5435,783,0,4652,239,2,0,2,355,137,749,8,13.704081032,13.185024,7.74144,0.962123908141818,0.5649003374924,1,1,0,0,64804043850,1430097,289209099
16033097,10,native,Native hex safety graph,source-native,compact-hex-safety-graph,200,0,0,0,17,156,NaN,1,1,1,1,8,10,10,0,12,0.06,3,1977,6690,6632,0,58,39,1323,5637,801,0,4836,251,2,0,2,378,128,815,8,14.357760134,13.5168,7.80288,0.941428180569157,0.543460813328559,1,1,0,0,64804043850,1430080,280316101
16033097,10,restricted-management,Local-only management,boundary,compact-hex-local-management,200,0,0,0,17,NaN,NaN,0,1,0,0,10,9,10,13,16,0.27,79,1967,6602,6349,0,253,184,686,1878,1077,0,801,175,12,2,9,314,199,159,50,15.655846294,10.866688,7.258112,0.694097769991814,0.463603938343571,1,1,0,0,64804043850,1420522,251427743
16033098,5,beacon-loss,Beacon loss 0.05,boundary,compact-hex-safety-graph,200,0.05,0,0,8,25,NaN,1,1,1,1,5,5,5,0,10,0.06,3,982,2721,2552,133,36,28,366,1154,660,0,494,83,12,0,12,124,158,72,17,10.180704312,5.521408,4.980736,0.542340473781555,0.489232949642708,1,1,0,0,16785498538,2013457,93172123
16033098,5,churn-rejoin,State-loss and rejoin,boundary,compact-hex-safety-graph,200,0,0,1,8,15,3,1,1,1,1,5,5,5,0,10,0.015,2,992,2765,2755,0,10,10,330,996,544,0,452,76,1,0,1,144,84,101,6,9.554841342,5.414912,4.911104,0.566719195660298,0.513991161570875,1,1,0,0,16785498538,1080161,80301920
16033098,5,native,Native hex safety graph,source-native,compact-hex-safety-graph,200,0,0,0,8,15,NaN,1,1,1,1,5,5,5,0,10,0.015,2,994,2773,2763,0,10,10,347,1044,576,0,468,79,0,0,0,160,87,100,5,9.531661232,5.492736,4.964352,0.576262192529421,0.520827574456121,1,1,0,0,16785498538,1080144,80022610
16033098,5,restricted-management,Local-only management,boundary,compact-hex-local-management,200,0,0,0,8,NaN,NaN,0,0,0,0,8,3,5,6,10,0.3,91,976,2599,2404,0,195,161,275,632,448,0,184,63,18,3,16,98,134,22,47,10.704574798,5.124096,4.448256,0.478682815216291,0.415547192106229,1,1,0,0,16785498538,1079808,106052063
16033098,10,beacon-loss,Beacon loss 0.05,boundary,compact-hex-safety-graph,200,0.05,0,0,14,NaN,NaN,0,1,1,0,21,7,10,0,21,0.09,4,1974,6674,6239,364,71,42,1037,5275,1080,0,4195,225,6,0,6,216,338,477,7,20.778650604,12.333056,8.720384,0.593544606675557,0.419679995885839,1,1,0,0,65055313593,2363393,269479126
16033098,10,churn-rejoin,State-loss and rejoin,boundary,compact-hex-safety-graph,200,0,0,1,9,40,3,1,1,1,1,7,10,10,0,10,0.03,5,1978,6718,6706,0,12,12,1077,4855,945,0,3910,207,1,0,1,322,112,642,4,11.455610362,12.51328,6.971392,1.09232765471043,0.60855701090578,1,1,0,0,65055313593,1430097,276282470
16033098,10,native,Native hex safety graph,source-native,compact-hex-safety-graph,200,0,0,0,9,40,NaN,1,1,1,1,7,10,10,0,10,0.03,5,1980,6726,6714,0,12,12,1025,4645,1089,0,3556,188,0,0,0,308,106,611,3,11.460246384,12.30848,6.967296,1.07401530364864,0.607953421466335,1,1,0,0,65055313593,1430080,286399417
16033098,10,restricted-management,Local-only management,boundary,compact-hex-local-management,200,0,0,0,29,NaN,NaN,1,1,0,0,12,10,10,11,10,0.38,122,1960,6532,6169,0,363,236,624,1822,1104,0,718,165,20,0,19,255,232,117,53,14.18622732,10.584064,6.909952,0.74608024820513,0.487088768855284,1,1,0,0,65055313593,1420522,262514496
16033099,5,beacon-loss,Beacon loss 0.05,boundary,compact-hex-safety-graph,200,0.05,0,0,5,21,NaN,0,0,1,0,6,3,5,0,8,0.065,1,979,2724,2563,125,36,24,382,1220,680,0,540,90,13,6,11,136,155,72,19,10.4310495,5.574656,5.025792,0.53442906200378,0.481810770814576,1,1,0,0,16856227252,2013457,93716737
16033099,5,churn-rejoin,State-loss and rejoin,boundary,compact-hex-safety-graph,200,0,0,1,6,21,3,1,1,1,1,5,5,5,0,6,0.01,1,992,2775,2767,0,8,4,380,1114,552,0,562,94,1,0,1,174,79,126,6,9.52702521,5.619712,5.009408,0.589870591934751,0.52581030170277,1,1,0,0,16856227252,1080161,78997402
16033099,5,native,Native hex safety graph,source-native,compact-hex-safety-graph,200,0,0,0,6,21,NaN,1,1,1,1,5,5,5,0,6,0.01,1,994,2783,2775,0,8,4,314,906,428,0,478,80,0,0,0,145,63,106,5,9.5038451,5.357568,4.83328,0.56372635955525,0.508560477274614,1,1,0,0,16856227252,1080144,78592654
16033099,5,restricted-management,Local-only management,boundary,compact-hex-local-management,200,0,0,0,6,NaN,NaN,1,1,0,0,6,5,5,7,8,0.27,77,973,2606,2392,0,214,154,303,643,408,0,235,80,21,2,19,114,134,32,46,11.21917324,5.226496,4.448256,0.465853934884065,0.396486969658381,1,1,0,0,16856227252,1079808,105569674
16033099,10,beacon-loss,Beacon loss 0.05,boundary,compact-hex-safety-graph,200,0.05,0,0,14,NaN,NaN,0,1,1,0,16,7,10,0,16,0.175,8,1975,6659,6235,320,104,76,1399,6599,954,0,5645,298,5,8,4,326,304,756,6,15.80883502,13.819904,8.37632,0.874188640878106,0.529850554414857,1,1,0,0,64786546008,2363393,286074983
16033099,10,churn-rejoin,State-loss and rejoin,boundary,compact-hex-safety-graph,200,0,0,1,12,18,3,1,1,1,1,9,10,10,0,10,0.035,1,1977,6706,6690,0,16,18,952,4356,1170,0,3186,168,2,0,2,280,103,567,5,13.272930986,11.997184,8.482816,0.903883551617527,0.639106464800238,1,1,0,0,64786546008,1430097,253799187
16033099,10,native,Native hex safety graph,source-native,compact-hex-safety-graph,200,0,0,0,12,18,NaN,1,1,1,1,9,10,10,0,10,0.035,1,1979,6714,6698,0,16,18,932,4128,1062,0,3066,167,1,0,1,260,98,573,4,13.14312237,11.923456,8.43776,0.907201170645419,0.641990522682777,1,1,0,0,64786546008,1430080,273247256
16033099,10,restricted-management,Local-only management,boundary,compact-hex-local-management,200,0,0,0,15,NaN,NaN,1,1,0,0,11,10,10,14,13,0.295,96,1963,6581,6331,0,250,203,584,1667,1027,0,640,152,17,1,16,269,182,115,53,16.355885616,10.432512,7.528448,0.637844519393954,0.460289841635684,1,1,0,0,64786546008,1420522,268240290
16033100,5,beacon-loss,Beacon loss 0.05,boundary,compact-hex-safety-graph,200,0.05,0,0,4,25,NaN,0,1,1,0,6,4,5,0,11,0.09,0,984,2713,2533,124,56,36,505,1458,536,0,922,154,10,9,7,172,165,149,19,11.47415445,6.098944,5.136384,0.531537554821741,0.447648148923078,1,1,0,0,16744890547,2013457,112154129
16033100,5,churn-rejoin,State-loss and rejoin,boundary,compact-hex-safety-graph,200,0,0,1,4,27,3,1,1,1,1,5,5,5,0,8,0,0,992,2775,2775,0,0,0,334,1044,628,0,416,70,1,0,1,154,84,95,6,9.652197804,5.431296,4.993024,0.562700445047779,0.517293998878766,1,1,0,0,16744890547,1080161,81149793
16033100,5,native,Native hex safety graph,source-native,compact-hex-safety-graph,200,0,0,0,4,27,NaN,1,1,1,1,5,5,5,0,8,0,0,994,2783,2783,0,0,0,379,1132,564,0,568,95,0,0,0,170,76,133,5,9.629017694,5.623808,5.03808,0.584047945358361,0.523218479818488,1,1,0,0,16744890547,1080144,80924643
16033100,5,restricted-management,Local-only management,boundary,compact-hex-local-management,200,0,0,0,4,NaN,NaN,0,1,0,0,4,3,3,8,11,0.245,91,974,2630,2481,0,149,127,235,566,416,0,150,48,20,0,20,91,97,27,47,11.724499638,4.952064,4.460544,0.422368898707624,0.38044642737188,1,1,0,0,16744890547,1079808,97636463
16033100,10,beacon-loss,Beacon loss 0.05,boundary,compact-hex-safety-graph,200,0.05,0,0,17,NaN,NaN,0,1,1,0,21,9,10,0,19,0.11,7,1973,6681,6267,342,72,52,1344,6310,1197,0,5113,275,7,8,6,302,301,726,7,18.96132998,13.586432,8.982528,0.716533703824082,0.473728794840582,1,1,0,0,65022642152,2363393,278050730
16033100,10,churn-rejoin,State-loss and rejoin,boundary,compact-hex-safety-graph,200,0,0,1,9,13,2,1,1,1,1,7,10,10,0,10,0.03,4,1979,6716,6688,0,28,20,1119,4837,1206,0,3631,199,0,0,0,310,118,691,3,11.557602846,12.689408,7.258112,1.09792732706607,0.627994584751801,1,1,0,0,65022642152,1430097,282167097
16033100,10,native,Native hex safety graph,source-native,compact-hex-safety-graph,200,0,0,0,9,13,NaN,1,1,1,1,8,10,10,0,10,0.03,4,1980,6720,6692,0,28,20,999,4393,1260,0,3133,175,0,0,0,271,124,604,2,12.160285706,12.201984,7.76192,1.00342905545216,0.638300792239626,1,1,0,0,65022642152,1430080,307288611
16033100,10,restricted-management,Local-only management,boundary,compact-hex-local-management,200,0,0,0,9,NaN,NaN,0,1,0,0,12,9,10,10,11,0.23,85,1965,6600,6358,0,242,161,629,1749,1051,0,698,163,15,2,14,305,163,144,42,14.436572508,10.625024,7.041024,0.735979678979353,0.487721306154784,1,1,0,0,65022642152,1420522,249330768
