stage,seed,scenario,scenarioLabel,family,arm,pointIndex,parameterValue,method,methodLabel,feedbackMode,N,topology,plant,macType,pAccess,configuredPAccess,backgroundLoad,carrierSenseDensity,interferenceDensity,stationaryMeanDataLoss,stationaryMeanAckLoss,meanBadDurationDataSec,meanBadDurationAckSec,RMSE,MINSEP,SAFEFAIL,DIVERGED,ROLL_PEAK_DEG,PITCH_PEAK_DEG,SATURATION,CONTROL_EFFORT,MEAN_TRUE_AOI,P95_TRUE_AOI,P99_TRUE_AOI,MAX_TRUE_AOI,MEAN_EST_AOI,MEAN_AOI_GAP,DATA_GENERATED,DATA_ATTEMPTED,DATA_DELIVERED,ACK_ATTEMPTED,ACK_ENTRIES_DELIVERED,DATA_RECIPIENT_ATTEMPTS,DATA_RECIPIENT_SUCCESS,DATA_RECIPIENT_LOSS,ACK_RECIPIENT_ATTEMPTS,ACK_RECIPIENT_SUCCESS,ACK_RECIPIENT_LOSS,TERMINAL_ACTIVE_FRAMES,TERMINAL_DATA_INFLIGHT,TERMINAL_ACK_INFLIGHT,COLLISION_FRAMES,COLLISION_RATE,QUEUE_DROPS,SUPERSEDED,RETRIES,OBSOLETE_RETRY_DROPS,MAX_QUEUE,MAX_HISTORY,historySize,STALE_DATA_DISCARDED,STALE_ACK_DISCARDED,EXPIRED_HISTORY_ACK,ACK_BEFORE_ACCEPT,ACK_STANDALONE,ACK_ENTRIES_PIGGYBACKED,ACK_ENTRIES_TRANSFERRED,CHANNEL_UTIL,ADAPTIVE_ACK_PERMITTED,ADAPTIVE_ACK_DEFERRED,ADAPTIVE_ACK_FORCED,MEAN_LOCAL_BUSY,MAX_LOCAL_BUSY,LOAD_GUARD_BLOCKED,LOAD_GUARD_BLOCKED_BUSY,LOAD_GUARD_BLOCKED_QUEUE,LOAD_GUARD_BRANCH3,LOAD_GUARD_BRANCH4,OFFERED_UTIL,DATA_AIRTIME,ACK_AIRTIME,PIGGYBACK_AIRTIME,BACKGROUND_BUSY_TIME,BACKGROUND_COLLISION_FRAMES,ENERGY_PROXY_J,DATA_GOODPUT_HZ,RECIPIENT_GOODPUT_HZ,ACK_GOODPUT_HZ,MEAN_ACCESS_DELAY,P95_ACCESS_DELAY,MEAN_CONFIRM_DELAY,P95_CONFIRM_DELAY,JAIN_FRAME_GOODPUT,DATA_CHANNEL_ATTEMPTS,ACK_CHANNEL_ATTEMPTS,DATA_BAD_ATTEMPT_FRACTION,ACK_BAD_ATTEMPT_FRACTION,TRACE_DATA_BAD_FRACTION,TRACE_ACK_BAD_FRACTION,NETWORK_RUNTIME_SEC,INVARIANT_VIOLATIONS,TRACE_HASH_EXACT,CHANNEL_STATE_HASH,CHANNEL_MODEL_SIGNATURE,ESTIMATOR_HASH_EXACT,CONFIG_HASH
development,16016001,n5-csma,N5 CSMA,MAC-aware ablation,frozen-hybrid,1,NaN,causal-broadcast,Frozen hybrid,hybrid,5,ring2,6dof,csma,0.2,0.2,0,1,1,0.097,0.097,0.0277777777777778,0.0277777777777778,0.0573194274874494,0.525676307986471,0,0,9.63736257118542,12.6612996072719,0,1.0366442738518,0.0767827529021558,0.140000000000001,0.219999999999999,0.279999999999999,0.11437258153676,0.0375898286346047,602,703,584,491,819,1296,1005,291,1035,819,216,0,0,0,157,0.131490787269682,0,3,104,0,2,32,32,0,0,0,0,491,360,2,0.270166666666644,0,0,0,0.241760024051552,0.312402686523858,0,0,0,0,0,0.289166666666667,2.812,0.658,0.0921600000000002,0,0,0.694000000000001,48.6666666666667,83.75,68.25,0.00639782244556118,0.02,0.0323174603174604,0.0519999999999996,0.98962945767925,1413,675,0.0941259731068648,0.0977777777777778,0.0968571904682553,0.102012997833694,2.1959793,0,667199582124,21207615519,105363559,0,132553299
development,16016001,n5-csma,N5 CSMA,MAC-aware ablation,frozen-piggyback,2,NaN,causal-broadcast,Frozen piggyback,piggyback,5,ring2,6dof,csma,0.2,0.2,0,1,1,0.097,0.097,0.0277777777777778,0.0277777777777778,0.0537828032578215,0.529497296975433,0,0,9.63736257118542,12.5755927129091,0,1.03667529105849,0.0707904919845218,0.16,0.2184,0.279999999999999,0.142310668877833,0.0715201768933113,726,834,694,0,725,1540,1204,336,927,725,202,0,0,0,110,0.13189448441247,0,0,108,0,1,32,32,0,0,0,0,0,927,0,0.259333333333313,0,0,0,0.22227420987699,0.27023370153502,0,0,0,0,0,0.278,3.336,0,0.237312000000002,0,0,0.667200000000001,57.8333333333333,100.333333333333,60.4166666666667,0.0074652278177459,0.02335,0.045648275862069,0.102,0.989371623425977,1889,0,0.100052938062467,0,0.0968571904682553,0.102012997833694,1.3419323,0,667199582124,21207615519,105363559,0,132561449
development,16016001,n5-csma,N5 CSMA,MAC-aware ablation,adaptive-only,3,NaN,mac-aware-broadcast,Adaptive ACK only,adaptive,5,ring2,6dof,csma,0.2,0.2,0,1,1,0.097,0.097,0.0277777777777778,0.0277777777777778,0.0535906089340012,0.530680167874015,0,0,9.63736257118542,12.5755927129091,0,1.03668311122574,0.0693200663349916,0.140000000000001,0.180000000000001,0.279999999999999,0.134461028192371,0.0651409618573798,691,795,672,63,740,1452,1172,280,934,740,194,0,0,0,111,0.129370629370629,0,0,104,0,2,32,32,0,0,0,0,63,797,0,0.256999999999979,63,0,0,0.234512270713484,0.286076118084524,0,0,0,0,0,0.275166666666667,3.18,0.122,0.204032000000002,0,0,0.660400000000001,56,97.6666666666667,61.6666666666667,0.00711305361305367,0.0200000000000005,0.0437256756756758,0.0990500000000001,0.990250641405171,1752,137,0.091324200913242,0.131386861313869,0.0968571904682553,0.102012997833694,1.3203112,0,667199582124,21207615519,105363559,0,132555399
development,16016001,n5-csma,N5 CSMA,MAC-aware ablation,access-only,4,NaN,causal-broadcast,Access scaling only,hybrid,5,ring2,6dof,csma,0.2,0.2,0,1,1,0.097,0.097,0.0277777777777778,0.0277777777777778,0.0573194274874494,0.525676307986471,0,0,9.63736257118542,12.6612996072719,0,1.0366442738518,0.0767827529021558,0.140000000000001,0.219999999999999,0.279999999999999,0.11437258153676,0.0375898286346047,602,703,584,491,819,1296,1005,291,1035,819,216,0,0,0,157,0.131490787269682,0,3,104,0,2,32,32,0,0,0,0,491,360,2,0.270166666666644,0,0,0,0.241760024051552,0.312402686523858,0,0,0,0,0,0.289166666666667,2.812,0.658,0.0921600000000002,0,0,0.694000000000001,48.6666666666667,83.75,68.25,0.00639782244556118,0.02,0.0323174603174604,0.0519999999999996,0.98962945767925,1413,675,0.0941259731068648,0.0977777777777778,0.0968571904682553,0.102012997833694,1.1423626,0,667199582124,21207615519,105363559,0,132550403
development,16016001,n5-csma,N5 CSMA,MAC-aware ablation,guarded-adaptive,5,NaN,mac-aware-broadcast,Adaptive ACK + guard,adaptive,5,ring2,6dof,csma,0.2,0.2,0,1,1,0.097,0.097,0.0277777777777778,0.0277777777777778,0.0544227561326644,0.530736613114634,0,0,9.63736257118542,12.5755927129091,0,1.03668025574474,0.0727584300718628,0.16,0.219999999999999,0.319999999999999,0.138164731896075,0.0654063018242123,688,796,664,72,745,1460,1150,310,932,745,187,0,0,0,116,0.133640552995392,0,0,108,0,2,32,32,0,0,0,0,72,779,0,0.257749999999979,72,0,0,0.235267366685099,0.296236621423975,15,0,15,9,6,0.276916666666667,3.184,0.139,0.199424000000002,0,0,0.664600000000001,55.3333333333333,95.8333333333333,62.0833333333333,0.00660138248847934,0.0190000000000001,0.04571677852349,0.101000000000001,0.991245306773983,1759,153,0.102330869812393,0.117647058823529,0.0968571904682553,0.102012997833694,1.0497745,0,667199582124,21207615519,105363559,0,132560443
development,16016001,n5-csma,N5 CSMA,MAC-aware ablation,full-v2,6,NaN,mac-aware-broadcast,Full MAC-aware v2,adaptive,5,ring2,6dof,csma,0.2,0.2,0,1,1,0.097,0.097,0.0277777777777778,0.0277777777777778,0.0544227561326644,0.530736613114634,0,0,9.63736257118542,12.5755927129091,0,1.03668025574474,0.0727584300718628,0.16,0.219999999999999,0.319999999999999,0.138164731896075,0.0654063018242123,688,796,664,72,745,1460,1150,310,932,745,187,0,0,0,116,0.133640552995392,0,0,108,0,2,32,32,0,0,0,0,72,779,0,0.257749999999979,72,0,0,0.235267366685099,0.296236621423975,15,0,15,9,6,0.276916666666667,3.184,0.139,0.199424000000002,0,0,0.664600000000001,55.3333333333333,95.8333333333333,62.0833333333333,0.00660138248847934,0.0190000000000001,0.04571677852349,0.101000000000001,0.991245306773983,1759,153,0.102330869812393,0.117647058823529,0.0968571904682553,0.102012997833694,0.991250900000001,0,667199582124,21207615519,105363559,0,132547128
development,16016001,n5-aloha,N5 ALOHA,MAC-aware ablation,frozen-hybrid,1,NaN,causal-broadcast,Frozen hybrid,hybrid,5,ring2,6dof,aloha,0.2,0.2,0,1,1,0.097,0.097,0.0277777777777778,0.0277777777777778,0.067894538419362,0.510669342782874,0,0,9.95661236823097,13.5217105651904,0,1.03650345315113,0.0981205085682695,0.26,0.320000000000001,0.460000000000001,0.179823106688778,0.0817025981205086,927,2067,441,342,448,3749,762,2987,1118,448,670,0,0,0,1715,0.711913657119137,0,61,1201,14,2,32,32,0,0,0,0,342,678,12,0.477333333333349,0,0,0,0.379814832537761,0.542703958681561,0,0,0,0,0,0.725083333333294,8.26799999999953,0.433,0.173568000000002,0,0,1.74019999999991,36.75,63.5,37.3333333333333,0.00876297218762977,0.024,0.0338883928571429,0.0549999999999997,0.981161869686956,4025,440,0.0946583850931677,0.106818181818182,0.0968571904682553,0.102012997833694,2.4268472,0,667199582124,21207615519,105363559,0,132993899
development,16016001,n5-aloha,N5 ALOHA,MAC-aware ablation,frozen-piggyback,2,NaN,causal-broadcast,Frozen piggyback,piggyback,5,ring2,6dof,aloha,0.2,0.2,0,1,1,0.097,0.097,0.0277777777777778,0.0277777777777778,0.0772545192504937,0.493397080687944,0,0,9.95661236823097,13.5217105651904,0,1.03642423631142,0.114704256495301,0.34,0.500000000000001,0.68,0.263515754560531,0.14881149806523,1008,2243,471,0,370,4091,822,3269,1332,370,962,0,0,0,1750,0.780205082478823,0,48,1283,8,1,32,32,0,0,0,0,0,1332,9,0.477083333333349,0,0,0,0.388019308874511,0.532736726691276,0,0,0,0,0,0.747666666666621,8.97199999999946,0,0.340992000000001,0,0,1.79439999999989,39.25,68.5,30.8333333333333,0.00971778867588061,0.0249999999999999,0.0479783783783785,0.0979999999999999,0.981358518944505,4607,0,0.0944215324506186,0,0.0968571904682553,0.102012997833694,1.6186542,0,667199582124,21207615519,105363559,0,133002049
development,16016001,n5-aloha,N5 ALOHA,MAC-aware ablation,adaptive-only,3,NaN,mac-aware-broadcast,Adaptive ACK only,adaptive,5,ring2,6dof,aloha,0.2,0.2,0,1,1,0.097,0.097,0.0277777777777778,0.0277777777777778,0.0883437717101608,0.471780844728716,0,0,9.95661236823097,13.5217105651904,0,1.03650098453807,0.137180762852404,0.42,0.778400000000003,1.14,0.306401326699834,0.16922056384743,960,2175,405,341,388,3948,719,3229,1036,388,648,0,0,0,1863,0.740461049284579,0,61,1276,14,2,32,32,0,0,0,0,341,620,12,0.487166666666685,341,1,0,0.419303590737758,0.528595778773547,0,0,0,0,0,0.759583333333291,8.69999999999949,0.415,0.158720000000002,0,0,1.8229999999999,33.75,59.9166666666667,32.3333333333333,0.00895071542130372,0.024,0.0336778350515465,0.0540000000000003,0.968813679454239,4186,416,0.0938843764930721,0.0961538461538462,0.0968571904682553,0.102012997833694,1.4557553,0,667199582124,21207615519,105363559,0,132995999
development,16016001,n5-aloha,N5 ALOHA,MAC-aware ablation,access-only,4,NaN,causal-broadcast,Access scaling only,hybrid,5,ring2,6dof,aloha,0.2,0.2,0,1,1,0.097,0.097,0.0277777777777778,0.0277777777777778,0.067894538419362,0.510669342782874,0,0,9.95661236823097,13.5217105651904,0,1.03650345315113,0.0981205085682695,0.26,0.320000000000001,0.460000000000001,0.179823106688778,0.0817025981205086,927,2067,441,342,448,3749,762,2987,1118,448,670,0,0,0,1715,0.711913657119137,0,61,1201,14,2,32,32,0,0,0,0,342,678,12,0.477333333333349,0,0,0,0.379814832537761,0.542703958681561,0,0,0,0,0,0.725083333333294,8.26799999999953,0.433,0.173568000000002,0,0,1.74019999999991,36.75,63.5,37.3333333333333,0.00876297218762977,0.024,0.0338883928571429,0.0549999999999997,0.981161869686956,4025,440,0.0946583850931677,0.106818181818182,0.0968571904682553,0.102012997833694,1.2659691,0,667199582124,21207615519,105363559,0,132991003
development,16016001,n5-aloha,N5 ALOHA,MAC-aware ablation,guarded-adaptive,5,NaN,mac-aware-broadcast,Adaptive ACK + guard,adaptive,5,ring2,6dof,aloha,0.2,0.2,0,1,1,0.097,0.097,0.0277777777777778,0.0277777777777778,0.0686364157133522,0.511752945666487,0,0,9.95661236823097,13.972200041265,0,1.03653329679913,0.0972139303482585,0.24,0.34,0.42,0.164499723604201,0.0672857932559426,895,2098,421,331,407,3878,724,3154,1042,407,635,0,0,0,1762,0.725401399752985,0,3,1206,7,1,32,32,0,0,0,0,331,629,5,0.481666666666684,332,6,0,0.369702215941583,0.520828442227202,88,16,75,85,3,0.73349999999996,8.39199999999952,0.41,0.161024000000002,0,0,1.7603999999999,35.0833333333333,60.3333333333333,33.9166666666667,0.00974145738987242,0.026,0.0356289926289928,0.0577,0.994478889044747,4075,413,0.100613496932515,0.113801452784504,0.0968571904682553,0.102012997833694,1.2404357,0,667199582124,21207615519,105363559,0,133001043
development,16016001,n5-aloha,N5 ALOHA,MAC-aware ablation,full-v2,6,NaN,mac-aware-broadcast,Full MAC-aware v2,adaptive,5,ring2,6dof,aloha,0.2,0.2,0,1,1,0.097,0.097,0.0277777777777778,0.0277777777777778,0.0686364157133522,0.511752945666487,0,0,9.95661236823097,13.972200041265,0,1.03653329679913,0.0972139303482585,0.24,0.34,0.42,0.164499723604201,0.0672857932559426,895,2098,421,331,407,3878,724,3154,1042,407,635,0,0,0,1762,0.725401399752985,0,3,1206,7,1,32,32,0,0,0,0,331,629,5,0.481666666666684,332,6,0,0.369702215941583,0.520828442227202,88,16,75,85,3,0.73349999999996,8.39199999999952,0.41,0.161024000000002,0,0,1.7603999999999,35.0833333333333,60.3333333333333,33.9166666666667,0.00974145738987242,0.026,0.0356289926289928,0.0577,0.994478889044747,4075,413,0.100613496932515,0.113801452784504,0.0968571904682553,0.102012997833694,1.1801934,0,667199582124,21207615519,105363559,0,132987728
development,16016001,n5-background030,N5 30% background,MAC-aware ablation,frozen-hybrid,1,NaN,causal-broadcast,Frozen hybrid,hybrid,5,ring2,6dof,csma,0.2,0.2,0.3,1,1,0.097,0.097,0.0277777777777778,0.0277777777777778,0.0883241702888007,0.48601109831643,0,0,9.68002884920376,12.8423056614153,0,1.0365303098108,0.125737976782753,0.300000000000001,0.42,0.58,0.267252625760088,0.141514648977336,1015,2007,439,210,369,3707,760,2944,1280,369,910,2,3,1,1625,0.73297248534055,0,222,1215,23,2,32,32,0,0,0,0,210,1003,175,0.740166666666693,0,0,0,0.723499884531644,0.813185589218449,0,0,0,0,0,0.69141666666663,8.02799999999956,0.269,0.256768000000003,3.58699999999965,1321,1.65939999999991,36.5833333333333,63.3333333333333,30.75,0.0174686513306271,0.0449999999999999,0.0506856368563686,0.0892000000000001,0.983295492231945,4081,277,0.0999754962019113,0.0866425992779783,0.0968571904682553,0.102012997833694,2.5026418,0,667199582124,21207615519,105363559,0,133223561
development,16016001,n5-background030,N5 30% background,MAC-aware ablation,frozen-piggyback,2,NaN,causal-broadcast,Frozen piggyback,piggyback,5,ring2,6dof,csma,0.2,0.2,0.3,1,1,0.097,0.097,0.0277777777777778,0.0277777777777778,0.0882043353858652,0.485336287136395,0,0,9.68002884920376,12.8423056614153,0,1.03651829581121,0.127728026533997,0.319999999999999,0.44,0.52,0.319480375898286,0.19175234936429,1071,2150,455,0,319,3960,795,3164,1576,319,1255,1,1,2,1674,0.778604651162791,0,217,1296,34,1,32,32,0,0,0,0,0,1576,199,0.745166666666691,0,0,0,0.722793487026156,0.801568956442498,0,0,0,0,0,0.716666666666625,8.5999999999995,0,0.403455999999999,3.58699999999965,1401,1.7199999999999,37.9166666666667,66.25,26.5833333333333,0.0187651162790699,0.0465499999999994,0.0601003134796239,0.1211,0.982814688219516,4516,0,0.0967670504871568,0,0.0968571904682553,0.102012997833694,1.731484,0,667199582124,21207615519,105363559,0,133231711
development,16016001,n5-background030,N5 30% background,MAC-aware ablation,adaptive-only,3,NaN,mac-aware-broadcast,Adaptive ACK only,adaptive,5,ring2,6dof,csma,0.2,0.2,0.3,1,1,0.097,0.097,0.0277777777777778,0.0277777777777778,0.0926514042567948,0.481557028216608,0,0,9.68002884920376,12.8423056614153,0,1.03651239476974,0.144742951907131,0.4,0.620000000000001,0.74,0.395688225538972,0.250945273631841,1072,2173,447,14,299,4024,776,3245,1525,299,1224,2,3,2,1714,0.783721993598537,0,219,1322,31,2,32,32,0,0,0,0,14,1497,194,0.749500000000022,14,0,0,0.736044921812655,0.811331202611469,0,0,0,0,0,0.726583333333291,8.69199999999949,0.027,0.383231999999999,3.58699999999965,1445,1.7437999999999,37.25,64.6666666666667,24.9166666666667,0.0186113397347966,0.0469999999999997,0.059160535117057,0.1251,0.985810494116486,4530,28,0.0991169977924945,0.107142857142857,0.0968571904682553,0.102012997833694,1.5185735,0,667199582124,21207615519,105363559,0,133225661
development,16016001,n5-background030,N5 30% background,MAC-aware ablation,access-only,4,NaN,causal-broadcast,Access scaling only,hybrid,5,ring2,6dof,csma,0.2,0.2,0.3,1,1,0.097,0.097,0.0277777777777778,0.0277777777777778,0.0883241702888007,0.48601109831643,0,0,9.68002884920376,12.8423056614153,0,1.0365303098108,0.125737976782753,0.300000000000001,0.42,0.58,0.267252625760088,0.141514648977336,1015,2007,439,210,369,3707,760,2944,1280,369,910,2,3,1,1625,0.73297248534055,0,222,1215,23,2,32,32,0,0,0,0,210,1003,175,0.740166666666693,0,0,0,0.723499884531644,0.813185589218449,0,0,0,0,0,0.69141666666663,8.02799999999956,0.269,0.256768000000003,3.58699999999965,1321,1.65939999999991,36.5833333333333,63.3333333333333,30.75,0.0174686513306271,0.0449999999999999,0.0506856368563686,0.0892000000000001,0.983295492231945,4081,277,0.0999754962019113,0.0866425992779783,0.0968571904682553,0.102012997833694,1.3627839,0,667199582124,21207615519,105363559,0,133220665
development,16016001,n5-background030,N5 30% background,MAC-aware ablation,guarded-adaptive,5,NaN,mac-aware-broadcast,Adaptive ACK + guard,adaptive,5,ring2,6dof,csma,0.2,0.2,0.3,1,1,0.097,0.097,0.0277777777777778,0.0277777777777778,0.0876427817820883,0.486708543604422,0,0,9.69259382144143,13.0470970838087,0,1.03642479120855,0.121647318960752,0.32,0.420000000000002,0.640000000000001,0.333985627418463,0.212338308457711,871,2058,450,18,334,3797,781,3013,1387,334,1051,2,3,2,1591,0.766377649325626,0,5,1193,17,1,32,32,0,0,0,0,18,1353,15,0.73375000000003,18,5,0,0.729069926918796,0.807527866996247,326,145,217,305,21,0.688583333333295,8.23199999999954,0.031,0.346368,3.58699999999965,1343,1.65259999999991,37.5,65.0833333333333,27.8333333333333,0.0218737957610791,0.0569999999999999,0.0606766467065869,0.1254,0.985449413596769,4229,34,0.0986048711279262,0.0294117647058824,0.0968571904682553,0.102012997833694,1.2459927,0,667199582124,21207615519,105363559,0,133230705
development,16016001,n5-background030,N5 30% background,MAC-aware ablation,full-v2,6,NaN,mac-aware-broadcast,Full MAC-aware v2,adaptive,5,ring2,6dof,csma,0.2,0.2,0.3,1,1,0.097,0.097,0.0277777777777778,0.0277777777777778,0.0876427817820883,0.486708543604422,0,0,9.69259382144143,13.0470970838087,0,1.03642479120855,0.121647318960752,0.32,0.420000000000002,0.640000000000001,0.333985627418463,0.212338308457711,871,2058,450,18,334,3797,781,3013,1387,334,1051,2,3,2,1591,0.766377649325626,0,5,1193,17,1,32,32,0,0,0,0,18,1353,15,0.73375000000003,18,5,0,0.729069926918796,0.807527866996247,326,145,217,305,21,0.688583333333295,8.23199999999954,0.031,0.346368,3.58699999999965,1343,1.65259999999991,37.5,65.0833333333333,27.8333333333333,0.0218737957610791,0.0569999999999999,0.0606766467065869,0.1254,0.985449413596769,4229,34,0.0986048711279262,0.0294117647058824,0.0968571904682553,0.102012997833694,1.1522764,0,667199582124,21207615519,105363559,0,133217390
development,16016001,n5-hidden,N5 hidden terminals,MAC-aware ablation,frozen-hybrid,1,NaN,causal-broadcast,Frozen hybrid,hybrid,5,ring2,6dof,csma,0.2,0.2,0,0.6,1,0.097,0.097,0.0277777777777778,0.0277777777777778,0.0618038955488303,0.521175251164502,0,0,9.72916024182561,12.7424172942043,0,1.03664897368546,0.0858485351022662,0.199999999999999,0.26,0.299999999999999,0.13420674405749,0.0483582089552239,747,1288,537,421,642,2393,918,1475,1094,642,452,0,0,0,803,0.469865418373318,0,29,570,3,2,32,32,0,0,0,0,421,560,18,0.37541666666665,0,0,0,0.199164258680791,0.317194312788459,0,0,0,0,0,0.473333333333323,5.15199999999988,0.528,0.143360000000001,0,0,1.13599999999998,44.75,76.5,53.5,0.00899063779988303,0.0279999999999998,0.0339672897196262,0.0569999999999995,0.99288653227056,2560,534,0.1046875,0.099250936329588,0.0968571904682553,0.102012997833694,2.3604352,0,667199582124,21207615519,105363559,0,133003849
development,16016001,n5-hidden,N5 hidden terminals,MAC-aware ablation,frozen-piggyback,2,NaN,causal-broadcast,Frozen piggyback,piggyback,5,ring2,6dof,csma,0.2,0.2,0,0.6,1,0.097,0.097,0.0277777777777778,0.0277777777777778,0.0584097874225439,0.526944121755354,0,0,9.72916024182561,12.7424172942043,0,1.03660401009365,0.0801768933112216,0.180000000000001,0.24,0.279999999999999,0.166489773355445,0.0863128800442234,842,1373,612,0,594,2566,1049,1517,1295,594,701,0,0,0,739,0.53823743627094,0,57,588,8,1,32,32,0,0,0,0,0,1295,48,0.361833333333312,0,0,0,0.202664976298994,0.326174694034718,0,0,0,0,0,0.457666666666653,5.49199999999984,0,0.331520000000002,0,0,1.09839999999997,51,87.4166666666667,49.5,0.0100167516387473,0.028,0.049868686868687,0.109,0.989077849371501,3026,0,0.103767349636484,0,0.0968571904682553,0.102012997833694,1.573359,0,667199582124,21207615519,105363559,0,133011999
development,16016001,n5-hidden,N5 hidden terminals,MAC-aware ablation,adaptive-only,3,NaN,mac-aware-broadcast,Adaptive ACK only,adaptive,5,ring2,6dof,csma,0.2,0.2,0,0.6,1,0.097,0.097,0.0277777777777778,0.0277777777777778,0.0601120769354981,0.522205904220045,0,0,9.72916024182561,12.7424172942043,0,1.03659169963264,0.0817910447761193,0.199999999999999,0.279999999999999,0.440000000000001,0.169154228855721,0.0873631840796021,845,1331,623,49,617,2463,1067,1396,1192,617,575,0,0,0,699,0.506521739130435,0,61,547,11,2,32,32,0,0,0,0,49,1091,33,0.361416666666646,49,0,0,0.210561955691068,0.317083472326346,0,0,0,0,0,0.451416666666655,5.32399999999986,0.0930000000000001,0.279296000000002,0,0,1.08339999999997,51.9166666666667,88.9166666666667,51.4166666666667,0.00956956521739136,0.028,0.0480632090761751,0.105,0.98907788947925,2874,101,0.104036186499652,0.0891089108910891,0.0968571904682553,0.102012997833694,1.354892,0,667199582124,21207615519,105363559,0,133005949
development,16016001,n5-hidden,N5 hidden terminals,MAC-aware ablation,access-only,4,NaN,causal-broadcast,Access scaling only,hybrid,5,ring2,6dof,csma,0.2,0.2,0,0.6,1,0.097,0.097,0.0277777777777778,0.0277777777777778,0.0618038955488303,0.521175251164502,0,0,9.72916024182561,12.7424172942043,0,1.03664897368546,0.0858485351022662,0.199999999999999,0.26,0.299999999999999,0.13420674405749,0.0483582089552239,747,1288,537,421,642,2393,918,1475,1094,642,452,0,0,0,803,0.469865418373318,0,29,570,3,2,32,32,0,0,0,0,421,560,18,0.37541666666665,0,0,0,0.199164258680791,0.317194312788459,0,0,0,0,0,0.473333333333323,5.15199999999988,0.528,0.143360000000001,0,0,1.13599999999998,44.75,76.5,53.5,0.00899063779988303,0.0279999999999998,0.0339672897196262,0.0569999999999995,0.99288653227056,2560,534,0.1046875,0.099250936329588,0.0968571904682553,0.102012997833694,1.2178455,0,667199582124,21207615519,105363559,0,133000953
development,16016001,n5-hidden,N5 hidden terminals,MAC-aware ablation,guarded-adaptive,5,NaN,mac-aware-broadcast,Adaptive ACK + guard,adaptive,5,ring2,6dof,csma,0.2,0.2,0,0.6,1,0.097,0.097,0.0277777777777778,0.0277777777777778,0.0634328500547858,0.514914996280921,0,0,9.72916024182561,12.8724925399869,0,1.03655809088679,0.0857379767827527,0.219999999999999,0.300000000000001,0.4,0.173908236594804,0.088170259812051,835,1515,598,45,573,2828,1034,1794,1268,573,695,0,0,0,905,0.580128205128205,0,1,681,9,1,32,32,0,0,0,0,45,1171,9,0.397166666666658,45,0,0,0.212048204367177,0.367693586746484,101,0,101,101,0,0.512249999999981,6.05999999999978,0.0870000000000001,0.299776000000002,0,0,1.22939999999996,49.8333333333333,86.1666666666667,47.75,0.0120653846153847,0.0360000000000001,0.0490122164048867,0.1064,0.986929403322846,3255,97,0.0967741935483871,0.123711340206186,0.0968571904682553,0.102012997833694,1.1373882,0,667199582124,21207615519,105363559,0,133010993
development,16016001,n5-hidden,N5 hidden terminals,MAC-aware ablation,full-v2,6,NaN,mac-aware-broadcast,Full MAC-aware v2,adaptive,5,ring2,6dof,csma,0.2,0.2,0,0.6,1,0.097,0.097,0.0277777777777778,0.0277777777777778,0.0634328500547858,0.514914996280921,0,0,9.72916024182561,12.8724925399869,0,1.03655809088679,0.0857379767827527,0.219999999999999,0.300000000000001,0.4,0.173908236594804,0.088170259812051,835,1515,598,45,573,2828,1034,1794,1268,573,695,0,0,0,905,0.580128205128205,0,1,681,9,1,32,32,0,0,0,0,45,1171,9,0.397166666666658,45,0,0,0.212048204367177,0.367693586746484,101,0,101,101,0,0.512249999999981,6.05999999999978,0.0870000000000001,0.299776000000002,0,0,1.22939999999996,49.8333333333333,86.1666666666667,47.75,0.0120653846153847,0.0360000000000001,0.0490122164048867,0.1064,0.986929403322846,3255,97,0.0967741935483871,0.123711340206186,0.0968571904682553,0.102012997833694,1.103767,0,667199582124,21207615519,105363559,0,132997678
development,16016001,n10-ring2,N10 ring2,MAC-aware ablation,frozen-hybrid,1,NaN,causal-broadcast,Frozen hybrid,hybrid,10,ring2,di,csma,0.2,0.2,0,1,1,0.097,0.097,0.0277777777777778,0.0277777777777778,0.0934340102837437,0.506204266512548,0,0,NaN,NaN,NaN,NaN,0.0824543946932006,0.18,0.24,0.34,0.145159914712154,0.062705520018953,1623,2623,1202,907,1463,5647,2432,3215,3149,1463,1686,0,0,0,1745,0.494334277620397,0,184,1184,26,2,32,32,0,0,0,0,908,1941,211,0.713083333333378,0,0,0,0.641601211112429,0.745707274880645,0,0,0,0,0,0.973166666666607,10.4919999999993,1.18599999999999,0.496895999999995,0,0,2.33559999999986,100.166666666667,202.666666666667,121.916666666667,0.0135141643059491,0.038,0.0427142857142858,0.0769000000000001,0.985770233205518,6201,1208,0.111433639735527,0.120860927152318,0.100855690718214,0.101830528245292,3.2113183,0,2586678019697,84939264990,410907084,0,141501855
development,16016001,n10-ring2,N10 ring2,MAC-aware ablation,frozen-piggyback,2,NaN,causal-broadcast,Frozen piggyback,piggyback,10,ring2,di,csma,0.2,0.2,0,1,1,0.097,0.097,0.0277777777777778,0.0277777777777778,0.0855050760022753,0.514812011642584,0,0,NaN,NaN,NaN,NaN,0.0761004501303008,0.16,0.220000000000001,0.42,0.147652215114902,0.071551764984601,1584,2359,1311,0,1550,5029,2581,2448,2885,1550,1335,0,0,0,1020,0.432386604493429,0,122,901,12,1,32,32,0,0,0,0,0,2885,124,0.597666666666719,0,0,0,0.522295156617436,0.622653830478093,0,0,0,0,0,0.786333333333284,9.4359999999994,0,0.738559999999996,0,0,1.88719999999988,109.25,215.083333333333,129.166666666667,0.0135743959304791,0.0369999999999999,0.0534935483870969,0.11,0.992201382033564,5819,0,0.108609726757175,0,0.100855690718214,0.101830528245292,2.0367354,0,2586678019697,84939264990,410907084,0,141510005
development,16016001,n10-ring2,N10 ring2,MAC-aware ablation,adaptive-only,3,NaN,mac-aware-broadcast,Adaptive ACK only,adaptive,10,ring2,di,csma,0.2,0.2,0,1,1,0.097,0.097,0.0277777777777778,0.0277777777777778,0.088508485524878,0.511568873015461,0,0,NaN,NaN,NaN,NaN,0.0772518360578061,0.16,0.220000000000001,0.3,0.150277185501066,0.0730253494432601,1611,2428,1319,88,1531,5206,2597,2609,2923,1531,1392,0,0,0,1104,0.43879173290938,0,131,948,10,2,32,32,0,0,0,0,88,2728,142,0.620666666666725,88,7,0,0.547888971427137,0.667596515176509,0,0,0,0,0,0.823416666666615,9.71199999999937,0.169,0.698367999999998,0,0,1.97619999999988,109.916666666667,216.416666666667,127.583333333333,0.0136820349761527,0.0379999999999998,0.0530836054866102,0.111,0.989934848786594,5942,195,0.111242006058566,0.0871794871794872,0.100855690718214,0.101830528245292,1.8397066,0,2586678019697,84939264990,410907084,0,141503955
development,16016001,n10-ring2,N10 ring2,MAC-aware ablation,access-only,4,NaN,causal-broadcast,Access scaling only,hybrid,10,ring2,di,csma,0.1,0.1,0,1,1,0.097,0.097,0.0277777777777778,0.0277777777777778,0.0983129604890713,0.501947083173184,0,0,NaN,NaN,NaN,NaN,0.0868467187870172,0.18,0.239999999999998,0.42,0.141028192371476,0.0541814735844588,1502,1876,1235,818,1725,4085,2493,1592,2739,1725,1014,0,0,0,837,0.310690423162583,0,196,572,11,2,32,32,0,0,0,0,821,1638,257,0.613916666666719,0,0,0,0.569950775872585,0.670172170061615,0,0,0,0,0,0.715666666666634,7.50399999999962,1.084,0.419327999999998,0,0,1.71759999999992,102.916666666667,207.75,143.75,0.0187728285077951,0.0520000000000002,0.0521466666666668,0.0928,0.988896813304373,4517,1101,0.103387203896391,0.10535876475931,0.100855690718214,0.101830528245292,1.6522119,0,2586678019697,84939264990,410907084,0,141776402
development,16016001,n10-ring2,N10 ring2,MAC-aware ablation,guarded-adaptive,5,NaN,mac-aware-broadcast,Adaptive ACK + guard,adaptive,10,ring2,di,csma,0.2,0.2,0,1,1,0.097,0.097,0.0277777777777778,0.0277777777777778,0.0872038489396516,0.511459463087318,0,0,NaN,NaN,NaN,NaN,0.078019426676143,0.18,0.24,0.360000000000001,0.147448471926084,0.0694290452499408,1476,2424,1274,95,1497,5183,2492,2691,2849,1497,1352,0,0,0,1148,0.455736403334657,0,0,948,7,1,32,32,0,0,0,0,95,2633,8,0.611166666666723,95,9,0,0.535860165798387,0.613412450062451,381,272,182,369,12,0.823333333333281,9.69599999999938,0.184,0.674047999999999,0,0,1.97599999999988,106.166666666667,207.666666666667,124.75,0.0155990472409687,0.0470000000000002,0.0541676686706748,0.1112,0.990344743425468,5919,216,0.113870586247677,0.0787037037037037,0.100855690718214,0.101830528245292,1.5739761,0,2586678019697,84939264990,410907084,0,141508999
development,16016001,n10-ring2,N10 ring2,MAC-aware ablation,full-v2,6,NaN,mac-aware-broadcast,Full MAC-aware v2,adaptive,10,ring2,di,csma,0.1,0.2,0,1,1,0.097,0.097,0.0277777777777778,0.0277777777777778,0.0910730020410152,0.512361625568222,0,0,NaN,NaN,NaN,NaN,0.0805022506515043,0.18,0.220000000000001,0.380000000000001,0.151215351812367,0.0707131011608625,1459,1963,1349,63,1619,4221,2681,1540,2482,1619,863,0,0,0,587,0.289733464955578,0,7,512,17,1,32,32,0,0,0,0,63,2340,34,0.563000000000038,63,4,0,0.512419791481581,0.622686570504443,315,4,312,307,8,0.664499999999965,7.85199999999958,0.122,0.599039999999999,0,0,1.59479999999992,112.416666666667,223.416666666667,134.916666666667,0.0230700888450149,0.071,0.0613248919085856,0.1191,0.989769989285384,4824,142,0.105721393034826,0.126760563380282,0.100855690718214,0.101830528245292,1.5230927,0,2586678019697,84939264990,410907084,0,141495684
development,16016001,n20-ring2,N20 ring2,MAC-aware ablation,frozen-hybrid,1,NaN,causal-broadcast,Frozen hybrid,hybrid,20,ring2,di,csma,0.2,0.2,0,1,1,0.097,0.097,0.0277777777777778,0.0277777777777778,0.501566010965851,0.183138370792278,1,0,NaN,NaN,NaN,NaN,0.557289638762707,1.64,2.55099999999999,3.32,3.25687648712957,2.69958684836685,3732,8596,481,128,148,20226,1013,19213,2782,148,2634,0,0,0,8226,0.942916093535076,0,1171,6049,94,2,32,32,0,0,0,0,128,2646,579,0.979999999999892,0,0,0,0.986677482749554,0.996569481334763,0,0,0,0,0,2.87666666666689,34.3840000000027,0.136,0.677376000000002,0,0,6.90400000000054,40.0833333333333,84.4166666666667,12.3333333333333,0.0258711600183403,0.0579999999999998,0.0721013513513514,0.1616,0.966662488510069,20816,136,0.0954554189085319,0.0882352941176471,0.0999450091651391,0.0997662889518414,3.8290277,0,10199860468264,339929170314,1676201720,0,167313713
development,16016001,n20-ring2,N20 ring2,MAC-aware ablation,frozen-piggyback,2,NaN,causal-broadcast,Frozen piggyback,piggyback,20,ring2,di,csma,0.2,0.2,0,1,1,0.097,0.097,0.0277777777777778,0.0277777777777778,0.486261747820185,0.238137641440138,1,0,NaN,NaN,NaN,NaN,0.470737616266493,1.18,2.02,2.94,2.61919532770928,2.14845771144278,3794,8616,533,0,217,20148,1191,18954,3511,217,3293,2,3,1,8076,0.937325905292479,0,1200,6033,130,1,32,32,0,0,0,0,0,3511,760,0.977249999999894,0,0,0,0.986379715046773,0.995078911033789,0,0,0,0,0,2.87200000000022,34.4640000000027,0,0.898816000000012,0,0,6.89280000000053,44.4166666666667,99.25,18.0833333333333,0.0250862349117921,0.0570000000000004,0.0886958525345623,0.1976,0.963993892093655,21136,0,0.0951457229371688,0,0.0999450091651391,0.0997662889518414,2.7008955,0,10199860468264,339929170314,1676201720,0,167321863
development,16016001,n20-ring2,N20 ring2,MAC-aware ablation,adaptive-only,3,NaN,mac-aware-broadcast,Adaptive ACK only,adaptive,20,ring2,di,csma,0.2,0.2,0,1,1,0.097,0.097,0.0277777777777778,0.0277777777777778,0.486261747820185,0.238137641440138,1,0,NaN,NaN,NaN,NaN,0.470737616266493,1.18,2.02,2.94,2.61919532770928,2.14845771144278,3794,8615,533,1,214,20146,1191,18952,3505,214,3290,2,3,1,8076,0.937325905292479,0,1200,6032,130,2,32,32,0,0,0,0,1,3502,757,0.977249999999894,1,5,0,0.986379715046773,0.995078911033789,0,0,0,0,0,2.87183333333356,34.4600000000027,0.002,0.896512000000012,0,0,6.89240000000053,44.4166666666667,99.25,17.8333333333333,0.0250866991643455,0.0570000000000004,0.0875841121495328,0.19805,0.963993892093655,21131,3,0.0951682362405944,0.333333333333333,0.0999450091651391,0.0997662889518414,2.7311103,0,10199860468264,339929170314,1676201720,0,167315813
development,16016001,n20-ring2,N20 ring2,MAC-aware ablation,access-only,4,NaN,causal-broadcast,Access scaling only,hybrid,20,ring2,di,csma,0.05,0.05,0,1,1,0.097,0.097,0.0277777777777778,0.0277777777777778,0.195890912749683,0.454465159798071,0,0,NaN,NaN,NaN,NaN,0.15539260220636,0.379999999999999,0.539999999999999,0.76,0.302370754921047,0.146978152714688,4013,3304,1540,309,1775,7820,3345,4475,4123,1775,2348,0,0,0,1895,0.524494879601439,0,2327,1632,58,2,32,32,0,0,0,0,309,3729,3108,0.815249999999982,0,0,0,0.816046363050307,0.880337154627499,0,0,0,0,0,1.13374999999992,13.215999999999,0.389,0.954623999999997,0,0,2.7209999999998,128.333333333333,278.75,147.916666666667,0.029432327705508,0.0660000000000003,0.0932388732394367,0.2013,0.991007554990974,8665,394,0.097403346797461,0.0888324873096447,0.0999450091651391,0.0997662889518414,1.8763686,0,10199860468264,339929170314,1676201720,0,167202695
development,16016001,n20-ring2,N20 ring2,MAC-aware ablation,guarded-adaptive,5,NaN,mac-aware-broadcast,Adaptive ACK + guard,adaptive,20,ring2,di,csma,0.2,0.2,0,1,1,0.097,0.097,0.0277777777777778,0.0277777777777778,0.370571780506998,0.222626086886495,1,0,NaN,NaN,NaN,NaN,0.343731343283582,0.859999999999999,1.27099999999999,1.9,1.19170668397145,0.847975340687864,2293,6344,774,3,537,14747,1692,13055,3848,537,3311,0,0,0,5557,0.875531747282181,0,3,4054,7,1,32,32,0,0,0,0,3,3844,3,0.803333333333325,3,41,0,0.805083546928381,0.849806000078438,4715,4532,1032,4701,14,2.11500000000015,25.3760000000018,0.004,0.984064000000014,0,0,5.07600000000036,64.5,141,44.75,0.0310846069008982,0.0760000000000005,0.119824953445065,0.2022,0.987596439169139,15718,4,0.0925054078126988,0,0.0999450091651391,0.0997662889518414,1.8346636,0,10199860468264,339929170314,1676201720,0,167320857
development,16016001,n20-ring2,N20 ring2,MAC-aware ablation,full-v2,6,NaN,mac-aware-broadcast,Full MAC-aware v2,adaptive,20,ring2,di,csma,0.05,0.2,0,1,1,0.097,0.097,0.0277777777777778,0.0277777777777778,0.235020852457059,0.420404600227869,0,0,NaN,NaN,NaN,NaN,0.182197707116592,0.42,0.590999999999985,0.82,0.333967120917153,0.151769413800562,2042,3295,1618,1,1829,7791,3503,4288,3978,1829,2149,0,0,0,1655,0.502123786407767,0,141,1411,57,1,32,32,0,0,0,0,1,3975,352,0.791999999999996,1,67,0,0.794441624171702,0.825384050743212,5447,3043,4043,5421,26,1.09849999999992,13.179999999999,0.002,1.0176,0,0,2.6363999999998,134.833333333333,291.916666666667,152.416666666667,0.0657178398058254,0.180000000000001,0.130399671951886,0.270000000000001,0.992374641779503,8727,3,0.0990030938466827,0,0.0999450091651391,0.0997662889518414,1.7178343,0,10199860468264,339929170314,1676201720,0,167307542
development,16016002,n5-csma,N5 CSMA,MAC-aware ablation,frozen-hybrid,1,NaN,causal-broadcast,Frozen hybrid,hybrid,5,ring2,6dof,csma,0.2,0.2,0,1,1,0.097,0.097,0.0277777777777778,0.0277777777777778,0.0569670222616418,0.528458314174192,0,0,9.48645974964673,12.3964322957234,0,1.03665739673734,0.0779878385848534,0.16,0.219999999999999,0.279999999999999,0.118573797678275,0.0405859590934218,618,728,575,501,794,1313,994,319,1039,794,245,0,0,0,179,0.145646867371847,0,0,111,0,2,32,32,0,0,0,0,501,377,0,0.27583333333331,0,0,0,0.258396815835857,0.315351670096231,0,0,0,0,0,0.297083333333334,2.912,0.653,0.0965120000000004,0,0,0.713000000000001,47.9166666666667,82.8333333333333,66.1666666666667,0.0062855980471929,0.0190000000000001,0.031846347607053,0.0523500000000009,0.987043422447121,1446,662,0.122406639004149,0.122356495468278,0.102659556740543,0.104439260123313,2.2470129,0,666479049865,21209666718,105363559,0,132553301
development,16016002,n5-csma,N5 CSMA,MAC-aware ablation,frozen-piggyback,2,NaN,causal-broadcast,Frozen piggyback,piggyback,5,ring2,6dof,csma,0.2,0.2,0,1,1,0.097,0.097,0.0277777777777778,0.0277777777777778,0.0545195886673032,0.530480514400536,0,0,9.48645974964673,12.4319791821264,0,1.03667818152297,0.0723493642896627,0.140000000000001,0.200000000000001,0.24,0.141702598120508,0.0693532338308458,707,854,666,0,745,1561,1149,412,977,745,232,0,0,0,153,0.179156908665105,0,1,148,0,1,32,32,0,0,0,0,0,977,1,0.258333333333313,0,0,0,0.234941317071696,0.320125852440867,0,0,0,0,0,0.284666666666667,3.416,0,0.250112000000002,0,0,0.683200000000001,55.5,95.75,62.0833333333333,0.00766627634660431,0.0239999999999994,0.0466765100671142,0.0990000000000002,0.985614292380508,1915,0,0.102872062663185,0,0.102659556740543,0.104439260123313,1.4519056,0,666479049865,21209666718,105363559,0,132561451
development,16016002,n5-csma,N5 CSMA,MAC-aware ablation,adaptive-only,3,NaN,mac-aware-broadcast,Adaptive ACK only,adaptive,5,ring2,6dof,csma,0.2,0.2,0,1,1,0.097,0.097,0.0277777777777778,0.0277777777777778,0.0549947832811865,0.53013290847187,0,0,9.48645974964673,12.4319791821264,0,1.0366659187375,0.07444997236042,0.16,0.219999999999999,0.399999999999999,0.139933665008292,0.0654836926478719,710,861,660,57,736,1582,1138,444,978,736,242,0,0,0,171,0.186274509803922,0,5,156,0,2,32,32,0,0,0,0,57,858,2,0.266999999999978,57,0,0,0.230620484874712,0.306484877554415,0,0,0,0,0,0.296,3.444,0.108,0.219648000000002,0,0,0.710400000000001,55,94.8333333333333,61.3333333333333,0.00764814814814823,0.024,0.0447432065217392,0.104,0.983873153543841,1888,120,0.109110169491525,0.116666666666667,0.102659556740543,0.104439260123313,1.2606105,0,666479049865,21209666718,105363559,0,132555401
development,16016002,n5-csma,N5 CSMA,MAC-aware ablation,access-only,4,NaN,causal-broadcast,Access scaling only,hybrid,5,ring2,6dof,csma,0.2,0.2,0,1,1,0.097,0.097,0.0277777777777778,0.0277777777777778,0.0569670222616418,0.528458314174192,0,0,9.48645974964673,12.3964322957234,0,1.03665739673734,0.0779878385848534,0.16,0.219999999999999,0.279999999999999,0.118573797678275,0.0405859590934218,618,728,575,501,794,1313,994,319,1039,794,245,0,0,0,179,0.145646867371847,0,0,111,0,2,32,32,0,0,0,0,501,377,0,0.27583333333331,0,0,0,0.258396815835857,0.315351670096231,0,0,0,0,0,0.297083333333334,2.912,0.653,0.0965120000000004,0,0,0.713000000000001,47.9166666666667,82.8333333333333,66.1666666666667,0.0062855980471929,0.0190000000000001,0.031846347607053,0.0523500000000009,0.987043422447121,1446,662,0.122406639004149,0.122356495468278,0.102659556740543,0.104439260123313,1.1500039,0,666479049865,21209666718,105363559,0,132550405
development,16016002,n5-csma,N5 CSMA,MAC-aware ablation,guarded-adaptive,5,NaN,mac-aware-broadcast,Adaptive ACK + guard,adaptive,5,ring2,6dof,csma,0.2,0.2,0,1,1,0.097,0.097,0.0277777777777778,0.0277777777777778,0.0536558581606642,0.530768394021277,0,0,9.48645974964673,12.4319791821264,0,1.03667758320407,0.0726699834162519,0.16,0.219999999999999,0.280000000000001,0.146909894969596,0.0742399115533445,714,867,675,57,736,1610,1174,436,988,736,252,0,0,0,167,0.180735930735931,0,0,153,0,2,32,32,0,0,0,0,57,867,0,0.269749999999978,57,0,0,0.241231135515844,0.310079946582026,19,0,19,13,6,0.29825,3.468,0.111,0.221952000000002,0,0,0.715800000000001,56.25,97.8333333333333,61.3333333333333,0.00776948051948064,0.0250000000000003,0.0462445652173914,0.0972500000000001,0.985571983257444,1919,121,0.113600833767587,0.148760330578512,0.102659556740543,0.104439260123313,1.0045392,0,666479049865,21209666718,105363559,0,132560445
development,16016002,n5-csma,N5 CSMA,MAC-aware ablation,full-v2,6,NaN,mac-aware-broadcast,Full MAC-aware v2,adaptive,5,ring2,6dof,csma,0.2,0.2,0,1,1,0.097,0.097,0.0277777777777778,0.0277777777777778,0.0536558581606642,0.530768394021277,0,0,9.48645974964673,12.4319791821264,0,1.03667758320407,0.0726699834162519,0.16,0.219999999999999,0.280000000000001,0.146909894969596,0.0742399115533445,714,867,675,57,736,1610,1174,436,988,736,252,0,0,0,167,0.180735930735931,0,0,153,0,2,32,32,0,0,0,0,57,867,0,0.269749999999978,57,0,0,0.241231135515844,0.310079946582026,19,0,19,13,6,0.29825,3.468,0.111,0.221952000000002,0,0,0.715800000000001,56.25,97.8333333333333,61.3333333333333,0.00776948051948064,0.0250000000000003,0.0462445652173914,0.0972500000000001,0.985571983257444,1919,121,0.113600833767587,0.148760330578512,0.102659556740543,0.104439260123313,1.055958,0,666479049865,21209666718,105363559,0,132547130
development,16016002,n5-aloha,N5 ALOHA,MAC-aware ablation,frozen-hybrid,1,NaN,causal-broadcast,Frozen hybrid,hybrid,5,ring2,6dof,aloha,0.2,0.2,0,1,1,0.097,0.097,0.0277777777777778,0.0277777777777778,0.0800745379078466,0.496969992018608,0,0,9.52081068248227,12.4963472488665,0,1.03613622213384,0.117169707020453,0.32,0.48,0.6,0.190713101160862,0.0735433941404091,949,2255,405,325,401,4109,705,3404,1001,401,600,0,0,0,1938,0.751162790697674,0,38,1345,5,2,32,32,0,0,0,0,325,603,11,0.504083333333357,0,0,0,0.402065762084973,0.522698620818867,0,0,0,0,0,0.784749999999954,9.01999999999945,0.397,0.154368000000002,0,0,1.88339999999989,33.75,58.75,33.4166666666667,0.00935620155038767,0.025,0.0349077306733168,0.0570000000000004,0.973586585546817,4333,398,0.117470574659589,0.0804020100502513,0.102659556740543,0.104439260123313,2.503919,0,666479049865,21209666718,105363559,0,132993901
development,16016002,n5-aloha,N5 ALOHA,MAC-aware ablation,frozen-piggyback,2,NaN,causal-broadcast,Frozen piggyback,piggyback,5,ring2,6dof,aloha,0.2,0.2,0,1,1,0.097,0.097,0.0277777777777778,0.0277777777777778,0.0654022976962249,0.518227129353879,0,0,9.52081068248227,12.4963472488665,0,1.03614865521103,0.0942177998894415,0.24,0.319999999999999,0.4,0.199248203427308,0.105030403537866,1003,2268,473,0,377,4170,832,3338,1377,377,1000,0,0,0,1775,0.782627865961199,0,39,1304,5,1,32,32,0,0,0,0,0,1377,11,0.490166666666687,0,0,0,0.371651176760728,0.513420201031219,0,0,0,0,0,0.755999999999954,9.07199999999944,0,0.352512000000001,0,0,1.81439999999989,39.4166666666667,69.3333333333333,31.4166666666667,0.00995502645502652,0.0259999999999998,0.0461511936339524,0.101600000000001,0.95612726767666,4688,0,0.114547781569966,0,0.102659556740543,0.104439260123313,1.5791635,0,666479049865,21209666718,105363559,0,133002051
development,16016002,n5-aloha,N5 ALOHA,MAC-aware ablation,adaptive-only,3,NaN,mac-aware-broadcast,Adaptive ACK only,adaptive,5,ring2,6dof,aloha,0.2,0.2,0,1,1,0.097,0.097,0.0277777777777778,0.0277777777777778,0.0886559038996169,0.485440254611945,0,0,9.52081068248227,12.4963472488665,0,1.03612593033563,0.128291873963516,0.4,0.598400000000003,0.880000000000001,0.216915422885572,0.0886235489220565,958,2302,396,294,392,4209,694,3515,1038,392,646,0,0,0,1975,0.760785824345146,0,37,1381,5,2,32,32,0,0,0,0,294,681,9,0.504000000000023,294,6,0,0.404469410532516,0.541552442850954,0,0,0,0,0,0.796916666666619,9.20799999999943,0.355,0.174336000000002,0,0,1.91259999999989,33,57.8333333333333,32.6666666666667,0.00959938366718036,0.025,0.0352193877551022,0.0569999999999997,0.956428397170041,4429,357,0.11402122375254,0.109243697478992,0.102659556740543,0.104439260123313,1.4182092,0,666479049865,21209666718,105363559,0,132996001
development,16016002,n5-aloha,N5 ALOHA,MAC-aware ablation,access-only,4,NaN,causal-broadcast,Access scaling only,hybrid,5,ring2,6dof,aloha,0.2,0.2,0,1,1,0.097,0.097,0.0277777777777778,0.0277777777777778,0.0800745379078466,0.496969992018608,0,0,9.52081068248227,12.4963472488665,0,1.03613622213384,0.117169707020453,0.32,0.48,0.6,0.190713101160862,0.0735433941404091,949,2255,405,325,401,4109,705,3404,1001,401,600,0,0,0,1938,0.751162790697674,0,38,1345,5,2,32,32,0,0,0,0,325,603,11,0.504083333333357,0,0,0,0.402065762084973,0.522698620818867,0,0,0,0,0,0.784749999999954,9.01999999999945,0.397,0.154368000000002,0,0,1.88339999999989,33.75,58.75,33.4166666666667,0.00935620155038767,0.025,0.0349077306733168,0.0570000000000004,0.973586585546817,4333,398,0.117470574659589,0.0804020100502513,0.102659556740543,0.104439260123313,1.2608271,0,666479049865,21209666718,105363559,0,132991005
development,16016002,n5-aloha,N5 ALOHA,MAC-aware ablation,guarded-adaptive,5,NaN,mac-aware-broadcast,Adaptive ACK + guard,adaptive,5,ring2,6dof,aloha,0.2,0.2,0,1,1,0.097,0.097,0.0277777777777778,0.0277777777777778,0.0710229641633497,0.507217852758099,0,0,9.52081068248227,12.4963472488665,0,1.03641289005374,0.111630735212825,0.279999999999999,0.379999999999999,0.460000000000001,0.202763957987838,0.0911332227750139,886,2023,452,328,432,3723,789,2934,1137,432,705,0,0,0,1668,0.70948532539345,0,2,1139,8,1,32,32,0,0,0,0,328,724,4,0.471166666666679,328,4,0,0.405151164997454,0.55082477546532,71,23,52,69,2,0.708666666666629,8.09199999999955,0.412,0.185344000000002,0,0,1.70079999999991,37.6666666666667,65.75,36,0.00938579327945562,0.0259999999999998,0.0346250000000001,0.0569999999999999,0.98095741105296,4021,413,0.109922904750062,0.11138014527845,0.102659556740543,0.104439260123313,1.3059278,0,666479049865,21209666718,105363559,0,133001045
development,16016002,n5-aloha,N5 ALOHA,MAC-aware ablation,full-v2,6,NaN,mac-aware-broadcast,Full MAC-aware v2,adaptive,5,ring2,6dof,aloha,0.2,0.2,0,1,1,0.097,0.097,0.0277777777777778,0.0277777777777778,0.0710229641633497,0.507217852758099,0,0,9.52081068248227,12.4963472488665,0,1.03641289005374,0.111630735212825,0.279999999999999,0.379999999999999,0.460000000000001,0.202763957987838,0.0911332227750139,886,2023,452,328,432,3723,789,2934,1137,432,705,0,0,0,1668,0.70948532539345,0,2,1139,8,1,32,32,0,0,0,0,328,724,4,0.471166666666679,328,4,0,0.405151164997454,0.55082477546532,71,23,52,69,2,0.708666666666629,8.09199999999955,0.412,0.185344000000002,0,0,1.70079999999991,37.6666666666667,65.75,36,0.00938579327945562,0.0259999999999998,0.0346250000000001,0.0569999999999999,0.98095741105296,4021,413,0.109922904750062,0.11138014527845,0.102659556740543,0.104439260123313,1.1902788,0,666479049865,21209666718,105363559,0,132987730
development,16016002,n5-background030,N5 30% background,MAC-aware ablation,frozen-hybrid,1,NaN,causal-broadcast,Frozen hybrid,hybrid,5,ring2,6dof,csma,0.2,0.2,0.3,1,1,0.097,0.097,0.0277777777777778,0.0277777777777778,0.0900103221655864,0.485870654626596,0,0,9.66612789281869,13.2014019515324,0,1.03646684269499,0.126766169154229,0.300000000000001,0.42,0.58,0.269828634604754,0.143062465450525,1043,2060,431,170,323,3788,749,3039,1350,323,1027,0,0,0,1664,0.746188340807175,0,234,1252,23,2,32,32,0,0,0,0,170,1150,185,0.751833333333352,0,0,0,0.710602480282177,0.792641925346629,0,0,0,0,0,0.703333333333295,8.23999999999954,0.2,0.294400000000002,3.61299999999965,1381,1.68799999999991,35.9166666666667,62.4166666666667,26.9166666666667,0.0180699551569508,0.0450000000000017,0.0515077399380806,0.101,0.967933720657583,4240,200,0.111556603773585,0.125,0.102659556740543,0.104439260123313,1.508236,0,666479049865,21209666718,105363559,0,133223563
development,16016002,n5-background030,N5 30% background,MAC-aware ablation,frozen-piggyback,2,NaN,causal-broadcast,Frozen piggyback,piggyback,5,ring2,6dof,csma,0.2,0.2,0.3,1,1,0.097,0.097,0.0277777777777778,0.0277777777777778,0.0965455069639798,0.463573570464624,0,0,9.66612789281869,13.2014019515324,0,1.03649542185702,0.130679933665008,0.34,0.498400000000002,0.82,0.338717523493643,0.208037589828635,1069,2199,451,0,316,4024,790,3233,1560,316,1242,1,1,2,1730,0.786721236925875,0,226,1357,21,1,32,32,0,0,0,0,0,1560,196,0.755583333333352,0,0,0,0.724642750556571,0.806213726604137,0,0,0,0,0,0.732999999999956,8.79599999999948,0,0.39936,3.61299999999965,1435,1.7591999999999,37.5833333333333,65.8333333333333,26.3333333333333,0.0191296043656209,0.0459999999999994,0.0604082278481014,0.12625,0.978854159147237,4635,0,0.110679611650485,0,0.102659556740543,0.104439260123313,1.330167,0,666479049865,21209666718,105363559,0,133231713
development,16016002,n5-background030,N5 30% background,MAC-aware ablation,adaptive-only,3,NaN,mac-aware-broadcast,Adaptive ACK only,adaptive,5,ring2,6dof,csma,0.2,0.2,0.3,1,1,0.097,0.097,0.0277777777777778,0.0277777777777778,0.086892891058674,0.483183084316772,0,0,9.66612789281869,13.2014019515324,0,1.03647672470557,0.117833056937534,0.291999999999998,0.4,0.520000000000001,0.30849087893864,0.190657822001106,1050,2128,456,12,324,3901,791,3110,1473,324,1149,0,0,0,1659,0.775233644859813,0,214,1293,24,2,32,32,0,0,0,0,12,1451,179,0.750916666666689,12,1,0,0.706346046514577,0.768754216901572,0,0,0,0,0,0.711083333333292,8.51199999999951,0.021,0.371455999999999,3.61299999999965,1381,1.7065999999999,38,65.9166666666667,27,0.0187733644859814,0.0470000000000006,0.0581666666666668,0.11885,0.982312925170068,4439,22,0.112863257490426,0.0909090909090909,0.102659556740543,0.104439260123313,1.2235267,0,666479049865,21209666718,105363559,0,133225663
development,16016002,n5-background030,N5 30% background,MAC-aware ablation,access-only,4,NaN,causal-broadcast,Access scaling only,hybrid,5,ring2,6dof,csma,0.2,0.2,0.3,1,1,0.097,0.097,0.0277777777777778,0.0277777777777778,0.0900103221655864,0.485870654626596,0,0,9.66612789281869,13.2014019515324,0,1.03646684269499,0.126766169154229,0.300000000000001,0.42,0.58,0.269828634604754,0.143062465450525,1043,2060,431,170,323,3788,749,3039,1350,323,1027,0,0,0,1664,0.746188340807175,0,234,1252,23,2,32,32,0,0,0,0,170,1150,185,0.751833333333352,0,0,0,0.710602480282177,0.792641925346629,0,0,0,0,0,0.703333333333295,8.23999999999954,0.2,0.294400000000002,3.61299999999965,1381,1.68799999999991,35.9166666666667,62.4166666666667,26.9166666666667,0.0180699551569508,0.0450000000000017,0.0515077399380806,0.101,0.967933720657583,4240,200,0.111556603773585,0.125,0.102659556740543,0.104439260123313,1.2376916,0,666479049865,21209666718,105363559,0,133220667
development,16016002,n5-background030,N5 30% background,MAC-aware ablation,guarded-adaptive,5,NaN,mac-aware-broadcast,Adaptive ACK + guard,adaptive,5,ring2,6dof,csma,0.2,0.2,0.3,1,1,0.097,0.097,0.0277777777777778,0.0277777777777778,0.0908963485497077,0.473778185534904,0,0,9.86344198494414,13.7188482289768,0,1.03659878162181,0.11437258153676,0.279999999999999,0.42,0.54,0.331376451077944,0.217003869541183,897,2117,449,14,273,3889,773,3114,1330,273,1057,1,2,0,1650,0.774284373533552,0,2,1223,13,1,32,32,0,0,0,0,14,1303,12,0.74641666666669,14,6,0,0.718913044212258,0.789148860949941,335,122,249,327,8,0.707916666666626,8.46799999999951,0.027,0.333568,3.61299999999965,1371,1.6989999999999,37.4166666666667,64.4166666666667,22.75,0.0231022993899579,0.0579999999999999,0.0586336996336998,0.1258,0.981241634421163,4389,27,0.116655274550011,0.185185185185185,0.102659556740543,0.104439260123313,1.244913,0,666479049865,21209666718,105363559,0,133230707
development,16016002,n5-background030,N5 30% background,MAC-aware ablation,full-v2,6,NaN,mac-aware-broadcast,Full MAC-aware v2,adaptive,5,ring2,6dof,csma,0.2,0.2,0.3,1,1,0.097,0.097,0.0277777777777778,0.0277777777777778,0.0908963485497077,0.473778185534904,0,0,9.86344198494414,13.7188482289768,0,1.03659878162181,0.11437258153676,0.279999999999999,0.42,0.54,0.331376451077944,0.217003869541183,897,2117,449,14,273,3889,773,3114,1330,273,1057,1,2,0,1650,0.774284373533552,0,2,1223,13,1,32,32,0,0,0,0,14,1303,12,0.74641666666669,14,6,0,0.718913044212258,0.789148860949941,335,122,249,327,8,0.707916666666626,8.46799999999951,0.027,0.333568,3.61299999999965,1371,1.6989999999999,37.4166666666667,64.4166666666667,22.75,0.0231022993899579,0.0579999999999999,0.0586336996336998,0.1258,0.981241634421163,4389,27,0.116655274550011,0.185185185185185,0.102659556740543,0.104439260123313,1.1409043,0,666479049865,21209666718,105363559,0,133217392
development,16016002,n5-hidden,N5 hidden terminals,MAC-aware ablation,frozen-hybrid,1,NaN,causal-broadcast,Frozen hybrid,hybrid,5,ring2,6dof,csma,0.2,0.2,0,0.6,1,0.097,0.097,0.0277777777777778,0.0277777777777778,0.0627916546212965,0.517241549397459,0,0,9.47676167364873,12.5345610187225,0,1.03646255428541,0.0839800995024874,0.18,0.24,0.359999999999999,0.137722498618021,0.0537423991155335,874,1594,524,390,575,2918,922,1996,1339,575,764,0,0,0,1156,0.582661290322581,0,100,820,24,2,32,32,0,0,0,0,391,842,88,0.430250000000001,0,0,0,0.222727856489982,0.352823676864005,0,0,0,0,0,0.572499999999978,6.37599999999974,0.494,0.215552000000003,0,0,1.37399999999995,43.6666666666667,76.8333333333333,47.9166666666667,0.00990473790322585,0.0289999999999999,0.0367234782608697,0.0630000000000002,0.984672763134302,3226,497,0.110663360198388,0.106639839034205,0.102659556740543,0.104439260123313,1.2891586,0,666479049865,21209666718,105363559,0,133003851
development,16016002,n5-hidden,N5 hidden terminals,MAC-aware ablation,frozen-piggyback,2,NaN,causal-broadcast,Frozen piggyback,piggyback,5,ring2,6dof,csma,0.2,0.2,0,0.6,1,0.097,0.097,0.0277777777777778,0.0277777777777778,0.0619723539304286,0.519457952388589,0,0,9.47676167364873,12.5345610187225,0,1.03658421417719,0.0896738529574349,0.219999999999999,0.298400000000001,0.399999999999999,0.201050304035379,0.111376451077944,840,1400,609,0,601,2605,1051,1554,1323,601,722,0,0,0,762,0.544285714285714,0,48,608,10,1,32,32,0,0,0,0,0,1323,39,0.367333333333314,0,0,0,0.238008085864463,0.422520335876619,0,0,0,0,0,0.466666666666652,5.59999999999983,0,0.338688000000001,0,0,1.11999999999997,50.75,87.5833333333333,50.0833333333333,0.0103135714285716,0.0289999999999999,0.0485424292845259,0.105,0.984905660377358,3101,0,0.108674621089971,0,0.102659556740543,0.104439260123313,1.1786873,0,666479049865,21209666718,105363559,0,133012001
development,16016002,n5-hidden,N5 hidden terminals,MAC-aware ablation,adaptive-only,3,NaN,mac-aware-broadcast,Adaptive ACK only,adaptive,5,ring2,6dof,csma,0.2,0.2,0,0.6,1,0.097,0.097,0.0277777777777778,0.0277777777777778,0.0586782469747731,0.525832615285499,0,0,9.47676167364873,12.5345610187225,0,1.03649187744169,0.0812382531785516,0.180000000000001,0.26,0.34,0.172205638474295,0.0909673852957437,863,1451,589,51,602,2698,1027,1671,1248,602,646,0,0,0,849,0.565246338215712,0,71,659,15,2,32,32,0,0,0,0,51,1142,68,0.378583333333318,51,0,0,0.210592416460538,0.351312186917279,0,0,0,0,0,0.491749999999984,5.8039999999998,0.0970000000000001,0.292352000000002,0,0,1.18019999999996,49.0833333333333,85.5833333333333,50.1666666666667,0.00980426098535291,0.0290000000000016,0.0492906976744187,0.109000000000002,0.980404402933405,3128,106,0.115728900255754,0.0754716981132075,0.102659556740543,0.104439260123313,1.1080948,0,666479049865,21209666718,105363559,0,133005951
development,16016002,n5-hidden,N5 hidden terminals,MAC-aware ablation,access-only,4,NaN,causal-broadcast,Access scaling only,hybrid,5,ring2,6dof,csma,0.2,0.2,0,0.6,1,0.097,0.097,0.0277777777777778,0.0277777777777778,0.0627916546212965,0.517241549397459,0,0,9.47676167364873,12.5345610187225,0,1.03646255428541,0.0839800995024874,0.18,0.24,0.359999999999999,0.137722498618021,0.0537423991155335,874,1594,524,390,575,2918,922,1996,1339,575,764,0,0,0,1156,0.582661290322581,0,100,820,24,2,32,32,0,0,0,0,391,842,88,0.430250000000001,0,0,0,0.222727856489982,0.352823676864005,0,0,0,0,0,0.572499999999978,6.37599999999974,0.494,0.215552000000003,0,0,1.37399999999995,43.6666666666667,76.8333333333333,47.9166666666667,0.00990473790322585,0.0289999999999999,0.0367234782608697,0.0630000000000002,0.984672763134302,3226,497,0.110663360198388,0.106639839034205,0.102659556740543,0.104439260123313,1.2170569,0,666479049865,21209666718,105363559,0,133000955
development,16016002,n5-hidden,N5 hidden terminals,MAC-aware ablation,guarded-adaptive,5,NaN,mac-aware-broadcast,Adaptive ACK + guard,adaptive,5,ring2,6dof,csma,0.2,0.2,0,0.6,1,0.097,0.097,0.0277777777777778,0.0277777777777778,0.060622428114168,0.520500973723064,0,0,9.47676167364873,12.5345610187225,0,1.03652010631924,0.0875732448866777,0.200000000000001,0.279999999999999,0.44,0.171829740187949,0.0842564953012715,874,1658,593,39,529,3053,1026,2025,1331,529,802,1,2,0,1038,0.611667648791986,0,0,785,17,1,32,32,0,0,0,0,39,1253,8,0.421833333333331,39,0,0,0.224757684064274,0.417909190304843,94,0,94,92,2,0.558583333333309,6.63199999999971,0.071,0.320768000000001,0,0,1.34059999999994,49.4166666666667,85.5,44.0833333333333,0.012140836770772,0.0329999999999999,0.0498090737240077,0.108,0.97416441581827,3540,78,0.102824858757062,0.115384615384615,0.102659556740543,0.104439260123313,1.1290309,0,666479049865,21209666718,105363559,0,133010995
development,16016002,n5-hidden,N5 hidden terminals,MAC-aware ablation,full-v2,6,NaN,mac-aware-broadcast,Full MAC-aware v2,adaptive,5,ring2,6dof,csma,0.2,0.2,0,0.6,1,0.097,0.097,0.0277777777777778,0.0277777777777778,0.060622428114168,0.520500973723064,0,0,9.47676167364873,12.5345610187225,0,1.03652010631924,0.0875732448866777,0.200000000000001,0.279999999999999,0.44,0.171829740187949,0.0842564953012715,874,1658,593,39,529,3053,1026,2025,1331,529,802,1,2,0,1038,0.611667648791986,0,0,785,17,1,32,32,0,0,0,0,39,1253,8,0.421833333333331,39,0,0,0.224757684064274,0.417909190304843,94,0,94,92,2,0.558583333333309,6.63199999999971,0.071,0.320768000000001,0,0,1.34059999999994,49.4166666666667,85.5,44.0833333333333,0.012140836770772,0.0329999999999999,0.0498090737240077,0.108,0.97416441581827,3540,78,0.102824858757062,0.115384615384615,0.102659556740543,0.104439260123313,1.0864147,0,666479049865,21209666718,105363559,0,132997680
development,16016002,n10-ring2,N10 ring2,MAC-aware ablation,frozen-hybrid,1,NaN,causal-broadcast,Frozen hybrid,hybrid,10,ring2,di,csma,0.2,0.2,0,1,1,0.097,0.097,0.0277777777777778,0.0277777777777778,0.0919618907733568,0.509547121138538,0,0,NaN,NaN,NaN,NaN,0.0813788201847903,0.18,0.24,0.32,0.145951196398958,0.0645723762141675,1640,2702,1217,865,1474,5844,2432,3410,3196,1474,1720,1,2,2,1805,0.506027474067844,0,187,1250,17,2,32,32,0,0,0,0,866,2060,196,0.724833333333371,0,0,0,0.666375151504571,0.801790982473672,0,0,0,0,0,0.993749999999937,10.8079999999993,1.11699999999999,0.527359999999995,0,0,2.38499999999985,101.416666666667,202.666666666667,122.833333333333,0.0143330529857023,0.0390000000000001,0.0443100407055632,0.0790000000000003,0.987847076321775,6394,1136,0.101345010947764,0.090669014084507,0.102115480753208,0.1003316113981,1.7943981,0,2585774019424,84937001884,410907084,0,141501857
development,16016002,n10-ring2,N10 ring2,MAC-aware ablation,frozen-piggyback,2,NaN,causal-broadcast,Frozen piggyback,piggyback,10,ring2,di,csma,0.2,0.2,0,1,1,0.097,0.097,0.0277777777777778,0.0277777777777778,0.0830282448990365,0.517919201550522,0,0,NaN,NaN,NaN,NaN,0.0759393508647238,0.16,0.24,0.379999999999999,0.148017057569296,0.0720777067045726,1598,2321,1307,0,1570,5034,2609,2425,2874,1570,1304,0,0,0,981,0.422662645411461,0,142,865,20,1,32,32,0,0,0,0,0,2874,165,0.590000000000051,0,0,0,0.527077114322228,0.650520436139869,0,0,0,0,0,0.773666666666618,9.28399999999942,0,0.735743999999996,0,0,1.85679999999988,108.916666666667,217.416666666667,130.833333333333,0.0130224041361483,0.0369999999999999,0.0527305732484078,0.105550000000001,0.991536599664505,5813,0,0.105969378978152,0,0.102115480753208,0.1003316113981,1.4631924,0,2585774019424,84937001884,410907084,0,141510007
development,16016002,n10-ring2,N10 ring2,MAC-aware ablation,adaptive-only,3,NaN,mac-aware-broadcast,Adaptive ACK only,adaptive,10,ring2,di,csma,0.2,0.2,0,1,1,0.097,0.097,0.0277777777777778,0.0277777777777778,0.083941315696262,0.515757877457148,0,0,NaN,NaN,NaN,NaN,0.0740488036010423,0.16,0.219999999999999,0.279999999999999,0.143965884861407,0.0699170812603651,1579,2290,1312,77,1559,4962,2607,2355,2776,1559,1217,0,0,0,968,0.408956485002112,0,136,847,7,2,32,32,0,0,0,0,77,2598,134,0.600333333333385,77,12,0,0.531285402509489,0.618728293883758,0,0,0,0,0,0.775749999999953,9.15999999999944,0.149,0.665087999999999,0,0,1.86179999999989,109.333333333333,217.25,129.916666666667,0.012986903253063,0.0369999999999999,0.0517357280307891,0.109,0.993228241050615,5641,178,0.0990959049813863,0.106741573033708,0.102115480753208,0.1003316113981,1.5581731,0,2585774019424,84937001884,410907084,0,141503957
development,16016002,n10-ring2,N10 ring2,MAC-aware ablation,access-only,4,NaN,causal-broadcast,Access scaling only,hybrid,10,ring2,di,csma,0.1,0.1,0,1,1,0.097,0.097,0.0277777777777778,0.0277777777777778,0.0973052188951935,0.503350350008135,0,0,NaN,NaN,NaN,NaN,0.0894811656005684,0.199999999999999,0.26,0.42,0.160132669983416,0.0706515043828478,1556,1951,1264,810,1671,4223,2544,1679,2767,1671,1096,0,0,0,908,0.328866352770735,0,214,610,5,2,32,32,0,0,0,0,812,1684,271,0.628000000000056,0,0,0,0.610389480284543,0.722368611539503,0,0,0,0,0,0.738583333333298,7.80399999999958,1.059,0.431103999999999,0,0,1.77259999999992,105.333333333333,212,139.25,0.019289750090547,0.0540000000000003,0.0522387791741473,0.0979999999999994,0.989469251254103,4676,1083,0.107142857142857,0.109879963065559,0.102115480753208,0.1003316113981,1.673868,0,2585774019424,84937001884,410907084,0,141776404
development,16016002,n10-ring2,N10 ring2,MAC-aware ablation,guarded-adaptive,5,NaN,mac-aware-broadcast,Adaptive ACK + guard,adaptive,10,ring2,di,csma,0.2,0.2,0,1,1,0.097,0.097,0.0277777777777778,0.0277777777777778,0.0854768042652188,0.514462158115161,0,0,NaN,NaN,NaN,NaN,0.0768490878938639,0.16,0.220000000000001,0.300000000000001,0.150741530443023,0.0738924425491591,1483,2271,1316,84,1547,4914,2632,2280,2758,1547,1210,1,2,1,927,0.393630573248408,0,2,790,5,1,32,32,0,0,0,0,85,2558,5,0.602166666666721,85,18,0,0.52601553959364,0.617234835014695,266,154,141,254,12,0.770833333333287,9.08399999999944,0.166,0.654847999999997,0,0,1.84999999999989,109.666666666667,219.333333333333,128.916666666667,0.0149813163481954,0.046,0.0528862314156433,0.1087,0.98894256575416,5612,200,0.105131860299359,0.075,0.102115480753208,0.1003316113981,1.5263681,0,2585774019424,84937001884,410907084,0,141509001
development,16016002,n10-ring2,N10 ring2,MAC-aware ablation,full-v2,6,NaN,mac-aware-broadcast,Full MAC-aware v2,adaptive,10,ring2,di,csma,0.1,0.2,0,1,1,0.097,0.097,0.0277777777777778,0.0277777777777778,0.0912190066694347,0.510486140673505,0,0,NaN,NaN,NaN,NaN,0.082298033641317,0.18,0.24,0.34,0.152854773750296,0.070556740108979,1454,1951,1362,81,1665,4244,2741,1501,2503,1665,836,1,2,2,565,0.278051181102362,0,7,506,9,2,32,32,0,0,0,0,81,2320,26,0.56750000000004,81,2,0,0.512872896789375,0.59588866160844,303,16,290,292,11,0.663416666666632,7.80399999999958,0.157,0.593919999999998,0,0,1.59219999999992,113.5,228.416666666667,138.75,0.0226200787401575,0.0699999999999991,0.0600294294294295,0.116000000000001,0.989810793217156,4854,183,0.105067985166873,0.120218579234973,0.102115480753208,0.1003316113981,1.4949828,0,2585774019424,84937001884,410907084,0,141495686
development,16016002,n20-ring2,N20 ring2,MAC-aware ablation,frozen-hybrid,1,NaN,causal-broadcast,Frozen hybrid,hybrid,20,ring2,di,csma,0.2,0.2,0,1,1,0.097,0.097,0.0277777777777778,0.0277777777777778,0.503776402650538,0.209909254034488,1,0,NaN,NaN,NaN,NaN,0.519327276660177,1.44,1.94,2.56,3.71378542072247,3.19445814406233,3685,8530,504,142,173,19882,1035,18839,2548,173,2375,4,8,0,8136,0.938191881918819,0,1107,5963,103,2,32,32,0,0,0,0,142,2396,484,0.978583333333227,0,0,0,0.988542501918987,0.996340572388621,0,0,0,0,0,2.85600000000024,34.1200000000028,0.152,0.613375999999999,0,0,6.85440000000057,42,86.25,14.4166666666667,0.0257502306273063,0.0579999999999998,0.0793236994219655,0.1748,0.968196371398079,20391,152,0.100436467068805,0.105263157894737,0.0992861606398933,0.100246208965172,2.6473033,0,10200464007779,339896572699,1676201720,0,167313715
development,16016002,n20-ring2,N20 ring2,MAC-aware ablation,frozen-piggyback,2,NaN,causal-broadcast,Frozen piggyback,piggyback,20,ring2,di,csma,0.2,0.2,0,1,1,0.097,0.097,0.0277777777777778,0.0277777777777778,0.518362030882991,0.227501296191616,1,0,NaN,NaN,NaN,NaN,0.499530607830412,1.38,2.55099999999999,4,2.78891412502704,2.28938351719663,3665,8447,522,0,185,19708,1144,18554,3341,185,3156,5,10,0,7914,0.936900674795786,0,1092,5885,99,1,32,32,0,0,0,0,0,3341,641,0.975083333333228,0,0,0,0.986399340291208,0.997287859198594,0,0,0,0,0,2.81566666666692,33.788000000003,0,0.855296000000013,0,0,6.75760000000061,43.5,95.3333333333333,15.4166666666667,0.025384396827276,0.0570000000000004,0.080064864864865,0.175,0.970799486960239,20561,0,0.0982442488205826,0,0.0992861606398933,0.100246208965172,2.4747268,0,10200464007779,339896572699,1676201720,0,167321865
development,16016002,n20-ring2,N20 ring2,MAC-aware ablation,adaptive-only,3,NaN,mac-aware-broadcast,Adaptive ACK only,adaptive,20,ring2,di,csma,0.2,0.2,0,1,1,0.097,0.097,0.0277777777777778,0.0277777777777778,0.518362030882991,0.227501296191616,1,0,NaN,NaN,NaN,NaN,0.499530607830412,1.38,2.55099999999999,4,2.78891412502704,2.28938351719663,3665,8447,522,1,184,19708,1144,18554,3340,184,3156,5,10,0,7915,0.936908143939394,0,1092,5885,99,1,32,32,0,0,0,0,1,3339,641,0.975083333333228,1,2,0,0.986399340291208,0.997287859198594,0,0,0,0,0,2.81575000000025,33.788000000003,0.001,0.854784000000013,0,0,6.75780000000061,43.5,95.3333333333333,15.3333333333333,0.0253816287878789,0.0570000000000004,0.0792989130434785,0.17395,0.970799486960239,20561,1,0.0982442488205826,0,0.0992861606398933,0.100246208965172,2.5120576,0,10200464007779,339896572699,1676201720,0,167315815
development,16016002,n20-ring2,N20 ring2,MAC-aware ablation,access-only,4,NaN,causal-broadcast,Access scaling only,hybrid,20,ring2,di,csma,0.05,0.05,0,1,1,0.097,0.097,0.0277777777777778,0.0277777777777778,0.208809522579859,0.419262225331452,0,0,NaN,NaN,NaN,NaN,0.164291585550509,0.4,0.600000000000001,1.02,0.327958035907419,0.163666450356912,3961,3457,1503,317,1683,8043,3164,4879,4130,1683,2447,0,0,0,2107,0.558293587705352,0,2273,1782,76,2,32,32,0,0,0,0,319,3737,2893,0.82733333333331,0,0,0,0.834482242141542,0.885560044885181,0,0,0,0,0,1.18416666666658,13.8279999999989,0.382,0.956671999999996,0,0,2.84199999999978,125.25,263.666666666667,140.25,0.0292583465818761,0.0679999999999998,0.0937950089126561,0.2079,0.989569479853865,8844,393,0.0972410673903211,0.106870229007634,0.0992861606398933,0.100246208965172,1.8170014,0,10200464007779,339896572699,1676201720,0,167202697
development,16016002,n20-ring2,N20 ring2,MAC-aware ablation,guarded-adaptive,5,NaN,mac-aware-broadcast,Adaptive ACK + guard,adaptive,20,ring2,di,csma,0.2,0.2,0,1,1,0.097,0.097,0.0277777777777778,0.0277777777777778,0.403122188322501,0.253921874420815,1,0,NaN,NaN,NaN,NaN,0.371263248972529,1,1.38,1.72,1.44210036772659,1.07083711875406,2327,6480,703,0,450,15036,1505,13525,3524,450,3073,3,6,1,5764,0.889506172839506,0,1,4160,11,1,32,32,0,0,0,0,0,3524,9,0.802583333333325,0,42,0,0.8029653160491,0.851751437985817,4590,4451,980,4573,17,2.16000000000017,25.920000000002,0,0.902144000000013,0,0,5.1840000000004,58.5833333333333,125.416666666667,37.5,0.0314407407407408,0.0750000000000002,0.12296,0.20255,0.987667372796674,15863,0,0.0961356616024712,0,0.0992861606398933,0.100246208965172,1.8340519,0,10200464007779,339896572699,1676201720,0,167320859
development,16016002,n20-ring2,N20 ring2,MAC-aware ablation,full-v2,6,NaN,mac-aware-broadcast,Full MAC-aware v2,adaptive,20,ring2,di,csma,0.05,0.2,0,1,1,0.097,0.097,0.0277777777777778,0.0277777777777778,0.242163506579871,0.39773887368348,1,0,NaN,NaN,NaN,NaN,0.187717932078738,0.42,0.579999999999998,0.84,0.337607614103396,0.14988968202466,2019,3313,1622,2,1829,7683,3387,4286,3871,1829,2042,1,10,0,1667,0.502865761689291,0,129,1431,52,1,32,32,0,0,0,0,2,3867,294,0.790166666666665,2,58,0,0.795406155590256,0.820975584568641,5503,2886,4104,5477,26,1.10466666666658,13.251999999999,0.004,0.989951999999996,0,0,2.6511999999998,135.166666666667,282.25,152.416666666667,0.0659731523378583,0.177300000000001,0.129937670858393,0.2696,0.99347622500151,8460,4,0.100945626477541,0,0.0992861606398933,0.100246208965172,1.6801052,0,10200464007779,339896572699,1676201720,0,167307544
development,16016003,n5-csma,N5 CSMA,MAC-aware ablation,frozen-hybrid,1,NaN,causal-broadcast,Frozen hybrid,hybrid,5,ring2,6dof,csma,0.2,0.2,0,1,1,0.097,0.097,0.0277777777777778,0.0277777777777778,0.057233346471256,0.52755825581997,0,0,9.69535140866745,12.3380247984678,0,1.03664171183969,0.0796904367053619,0.16,0.220000000000001,0.34,0.115212824765063,0.0355223880597015,607,707,574,532,805,1314,995,319,1007,805,202,0,0,0,173,0.139628732849072,0,1,102,0,2,32,32,0,0,0,0,532,317,0,0.274249999999978,0,0,0,0.242019280144077,0.299536697648755,0,0,0,0,0,0.29275,2.828,0.685,0.0811520000000001,0,0,0.702600000000001,47.8333333333333,82.9166666666667,67.0833333333333,0.005860371267151,0.0190000000000001,0.0313875776397516,0.0500000000000002,0.987549081317627,1427,690,0.111422564821303,0.0956521739130435,0.102756207298784,0.100676553907682,1.1238969,0,666960701207,21202365970,105363559,0,132553303
development,16016003,n5-csma,N5 CSMA,MAC-aware ablation,frozen-piggyback,2,NaN,causal-broadcast,Frozen piggyback,piggyback,5,ring2,6dof,csma,0.2,0.2,0,1,1,0.097,0.097,0.0277777777777778,0.0277777777777778,0.052248368208215,0.53244429533195,0,0,9.69535140866745,12.3336769064082,0,1.03669115159767,0.0694416804864565,0.140000000000001,0.199999999999999,0.24,0.139137645107794,0.0696959646213378,717,844,685,0,734,1546,1179,367,969,734,235,0,0,0,132,0.156398104265403,0,2,129,0,1,32,32,0,0,0,0,0,969,3,0.258999999999979,0,0,0,0.225138219820716,0.290046477817113,0,0,0,0,0,0.281333333333334,3.376,0,0.248064000000002,0,0,0.675200000000001,57.0833333333333,98.25,61.1666666666667,0.00712914691943135,0.0220000000000002,0.0454604904632154,0.09835,0.987603001378614,1917,0,0.101721439749609,0,0.102756207298784,0.100676553907682,0.9846422,0,666960701207,21202365970,105363559,0,132561453
development,16016003,n5-csma,N5 CSMA,MAC-aware ablation,adaptive-only,3,NaN,mac-aware-broadcast,Adaptive ACK only,adaptive,5,ring2,6dof,csma,0.2,0.2,0,1,1,0.097,0.097,0.0277777777777778,0.0277777777777778,0.0547752400805871,0.530349143645245,0,0,9.69535140866745,12.3336769064082,0,1.03669029420648,0.0729242675511331,0.16,0.219999999999999,0.260000000000002,0.138220011055832,0.0652957435046987,696,800,663,76,746,1464,1142,322,936,746,190,0,0,0,115,0.131278538812785,0,0,104,0,2,32,32,0,0,0,0,76,778,0,0.259833333333312,76,0,0,0.228258099917165,0.278659128321271,0,0,0,0,0,0.2785,3.2,0.142,0.199168000000002,0,0,0.668400000000001,55.25,95.1666666666667,62.1666666666667,0.00671689497716902,0.0199999999999996,0.044593833780161,0.10175,0.990678491339967,1759,158,0.11085844229676,0.0886075949367089,0.102756207298784,0.100676553907682,1.0626583,0,666960701207,21202365970,105363559,0,132555403
development,16016003,n5-csma,N5 CSMA,MAC-aware ablation,access-only,4,NaN,causal-broadcast,Access scaling only,hybrid,5,ring2,6dof,csma,0.2,0.2,0,1,1,0.097,0.097,0.0277777777777778,0.0277777777777778,0.057233346471256,0.52755825581997,0,0,9.69535140866745,12.3380247984678,0,1.03664171183969,0.0796904367053619,0.16,0.220000000000001,0.34,0.115212824765063,0.0355223880597015,607,707,574,532,805,1314,995,319,1007,805,202,0,0,0,173,0.139628732849072,0,1,102,0,2,32,32,0,0,0,0,532,317,0,0.274249999999978,0,0,0,0.242019280144077,0.299536697648755,0,0,0,0,0,0.29275,2.828,0.685,0.0811520000000001,0,0,0.702600000000001,47.8333333333333,82.9166666666667,67.0833333333333,0.005860371267151,0.0190000000000001,0.0313875776397516,0.0500000000000002,0.987549081317627,1427,690,0.111422564821303,0.0956521739130435,0.102756207298784,0.100676553907682,1.0151366,0,666960701207,21202365970,105363559,0,132550407
development,16016003,n5-csma,N5 CSMA,MAC-aware ablation,guarded-adaptive,5,NaN,mac-aware-broadcast,Adaptive ACK + guard,adaptive,5,ring2,6dof,csma,0.2,0.2,0,1,1,0.097,0.097,0.0277777777777778,0.0277777777777778,0.0538331579928965,0.532380463250971,0,0,9.69535140866745,12.3336769064082,0,1.03667554219811,0.0715533443891652,0.159999999999998,0.200000000000001,0.379999999999999,0.143714759535655,0.0721614151464898,709,825,675,62,734,1520,1152,368,954,734,220,0,0,0,125,0.140924464487035,0,0,116,0,1,32,32,0,0,0,0,62,822,0,0.264416666666645,62,0,0,0.23403747809177,0.291987348860473,14,0,14,9,5,0.285083333333334,3.3,0.121,0.210432000000002,0,0,0.684200000000001,56.25,96,61.1666666666667,0.00720631341600909,0.0220000000000002,0.0450640326975478,0.103999999999999,0.985891873762564,1835,132,0.114986376021798,0.106060606060606,0.102756207298784,0.100676553907682,1.0061516,0,666960701207,21202365970,105363559,0,132560447
development,16016003,n5-csma,N5 CSMA,MAC-aware ablation,full-v2,6,NaN,mac-aware-broadcast,Full MAC-aware v2,adaptive,5,ring2,6dof,csma,0.2,0.2,0,1,1,0.097,0.097,0.0277777777777778,0.0277777777777778,0.0538331579928965,0.532380463250971,0,0,9.69535140866745,12.3336769064082,0,1.03667554219811,0.0715533443891652,0.159999999999998,0.200000000000001,0.379999999999999,0.143714759535655,0.0721614151464898,709,825,675,62,734,1520,1152,368,954,734,220,0,0,0,125,0.140924464487035,0,0,116,0,1,32,32,0,0,0,0,62,822,0,0.264416666666645,62,0,0,0.23403747809177,0.291987348860473,14,0,14,9,5,0.285083333333334,3.3,0.121,0.210432000000002,0,0,0.684200000000001,56.25,96,61.1666666666667,0.00720631341600909,0.0220000000000002,0.0450640326975478,0.103999999999999,0.985891873762564,1835,132,0.114986376021798,0.106060606060606,0.102756207298784,0.100676553907682,0.9246018,0,666960701207,21202365970,105363559,0,132547132
development,16016003,n5-aloha,N5 ALOHA,MAC-aware ablation,frozen-hybrid,1,NaN,causal-broadcast,Frozen hybrid,hybrid,5,ring2,6dof,aloha,0.2,0.2,0,1,1,0.097,0.097,0.0277777777777778,0.0277777777777778,0.0764302224616785,0.495763243645316,0,0,9.60473053794781,12.4348890382449,0,1.03643608776434,0.105052515201769,0.26,0.4,0.66,0.224754007739082,0.119701492537314,936,2140,447,353,416,3950,787,3163,1095,416,679,0,0,0,1820,0.730044123545929,0,42,1246,9,2,32,32,0,0,0,0,353,648,8,0.495333333333353,0,0,0,0.42709397248491,0.524144824351084,0,0,0,0,0,0.750166666666625,8.5599999999995,0.442,0.165888000000002,0,0,1.8003999999999,37.25,65.5833333333333,34.6666666666667,0.00892940232651432,0.0249999999999999,0.0334110576923078,0.0542500000000001,0.961244076684386,4180,447,0.104066985645933,0.0782997762863535,0.102756207298784,0.100676553907682,1.4363533,0,666960701207,21202365970,105363559,0,132993903
development,16016003,n5-aloha,N5 ALOHA,MAC-aware ablation,frozen-piggyback,2,NaN,causal-broadcast,Frozen piggyback,piggyback,5,ring2,6dof,aloha,0.2,0.2,0,1,1,0.097,0.097,0.0277777777777778,0.0277777777777778,0.108752288342055,0.45045707428606,0,0,9.61522993311779,12.4348890382449,0,1.03650034312007,0.116871199557767,0.3,0.518400000000003,0.880000000000001,0.28702045328911,0.170149253731344,997,2248,457,0,347,4162,779,3380,1326,347,978,2,3,1,1767,0.786032028469751,0,50,1302,7,1,32,32,0,0,0,0,0,1326,13,0.47391666666668,0,0,0,0.401096675591191,0.5135987222699,0,0,0,0,0,0.749333333333288,8.99199999999945,0,0.339456000000001,0,0,1.79839999999989,38.0833333333333,64.9166666666667,28.9166666666667,0.00986788256227768,0.0250000000000001,0.0471959654178676,0.1041,0.978284188584678,4630,0,0.109935205183585,0,0.102756207298784,0.100676553907682,1.200712,0,666960701207,21202365970,105363559,0,133002053
development,16016003,n5-aloha,N5 ALOHA,MAC-aware ablation,adaptive-only,3,NaN,mac-aware-broadcast,Adaptive ACK only,adaptive,5,ring2,6dof,aloha,0.2,0.2,0,1,1,0.097,0.097,0.0277777777777778,0.0277777777777778,0.0867225792863412,0.479076298613228,0,0,9.60473053794781,12.4348890382449,0,1.03648678443557,0.121315644002211,0.319999999999999,0.459999999999999,0.6,0.207396351575456,0.086080707573245,987,2345,402,283,348,4258,709,3549,1095,348,747,0,0,0,2046,0.778538812785388,0,53,1411,9,2,32,32,0,0,0,0,283,739,12,0.505083333333356,283,9,0,0.39098422033619,0.523288176776376,0,0,0,0,0,0.811166666666618,9.37999999999941,0.354,0.189184000000003,0,0,1.94679999999988,33.5,59.0833333333333,29,0.00948173515981744,0.0250000000000001,0.0346637931034484,0.0566500000000006,0.970827826504866,4535,356,0.102976846747519,0.0842696629213483,0.102756207298784,0.100676553907682,1.2443727,0,666960701207,21202365970,105363559,0,132996003
development,16016003,n5-aloha,N5 ALOHA,MAC-aware ablation,access-only,4,NaN,causal-broadcast,Access scaling only,hybrid,5,ring2,6dof,aloha,0.2,0.2,0,1,1,0.097,0.097,0.0277777777777778,0.0277777777777778,0.0764302224616785,0.495763243645316,0,0,9.60473053794781,12.4348890382449,0,1.03643608776434,0.105052515201769,0.26,0.4,0.66,0.224754007739082,0.119701492537314,936,2140,447,353,416,3950,787,3163,1095,416,679,0,0,0,1820,0.730044123545929,0,42,1246,9,2,32,32,0,0,0,0,353,648,8,0.495333333333353,0,0,0,0.42709397248491,0.524144824351084,0,0,0,0,0,0.750166666666625,8.5599999999995,0.442,0.165888000000002,0,0,1.8003999999999,37.25,65.5833333333333,34.6666666666667,0.00892940232651432,0.0249999999999999,0.0334110576923078,0.0542500000000001,0.961244076684386,4180,447,0.104066985645933,0.0782997762863535,0.102756207298784,0.100676553907682,1.1959325,0,666960701207,21202365970,105363559,0,132991007
development,16016003,n5-aloha,N5 ALOHA,MAC-aware ablation,guarded-adaptive,5,NaN,mac-aware-broadcast,Adaptive ACK + guard,adaptive,5,ring2,6dof,aloha,0.2,0.2,0,1,1,0.097,0.097,0.0277777777777778,0.0277777777777778,0.0790231893528002,0.495099877900778,0,0,9.60473053794781,12.4348890382449,0,1.03639606821346,0.122067440574903,0.311999999999999,0.460000000000001,0.66,0.195621890547264,0.0735544499723605,936,2288,386,272,345,4207,684,3523,1059,345,714,0,0,0,1992,0.778125,0,1,1353,5,1,32,32,0,0,0,0,272,733,2,0.488333333333352,272,5,0,0.386167964787102,0.496114958461077,75,18,63,73,2,0.789749999999953,9.15199999999944,0.325,0.187648000000002,0,0,1.89539999999989,32.1666666666667,57,28.75,0.00979257812500007,0.0259999999999998,0.0346000000000002,0.0590000000000001,0.980623930498881,4528,326,0.105786219081272,0.0920245398773006,0.102756207298784,0.100676553907682,1.1943483,0,666960701207,21202365970,105363559,0,133001047
development,16016003,n5-aloha,N5 ALOHA,MAC-aware ablation,full-v2,6,NaN,mac-aware-broadcast,Full MAC-aware v2,adaptive,5,ring2,6dof,aloha,0.2,0.2,0,1,1,0.097,0.097,0.0277777777777778,0.0277777777777778,0.0790231893528002,0.495099877900778,0,0,9.60473053794781,12.4348890382449,0,1.03639606821346,0.122067440574903,0.311999999999999,0.460000000000001,0.66,0.195621890547264,0.0735544499723605,936,2288,386,272,345,4207,684,3523,1059,345,714,0,0,0,1992,0.778125,0,1,1353,5,1,32,32,0,0,0,0,272,733,2,0.488333333333352,272,5,0,0.386167964787102,0.496114958461077,75,18,63,73,2,0.789749999999953,9.15199999999944,0.325,0.187648000000002,0,0,1.89539999999989,32.1666666666667,57,28.75,0.00979257812500007,0.0259999999999998,0.0346000000000002,0.0590000000000001,0.980623930498881,4528,326,0.105786219081272,0.0920245398773006,0.102756207298784,0.100676553907682,1.1889882,0,666960701207,21202365970,105363559,0,132987732
development,16016003,n5-background030,N5 30% background,MAC-aware ablation,frozen-hybrid,1,NaN,causal-broadcast,Frozen hybrid,hybrid,5,ring2,6dof,csma,0.2,0.2,0.3,1,1,0.097,0.097,0.0277777777777778,0.0277777777777778,0.0918398889221452,0.475549272921366,0,0,9.99343577349966,12.5254612036544,0,1.03642050388655,0.120995024875622,0.300000000000001,0.42,0.539999999999999,0.247153123272526,0.126158098396905,1041,2094,422,165,330,3826,728,3098,1280,330,950,0,0,0,1720,0.761398849048251,0,221,1276,26,2,32,32,0,0,0,0,165,1069,155,0.755083333333351,0,0,0,0.708538660005396,0.800920185318077,0,0,0,0,0,0.71524999999996,8.37599999999952,0.207,0.273664000000002,3.65699999999963,1406,1.7165999999999,35.1666666666667,60.6666666666667,27.5,0.0171106684373618,0.0430000000000001,0.0480030303030304,0.08555,0.975642360159974,4192,211,0.100667938931298,0.0805687203791469,0.102756207298784,0.100676553907682,1.4411698,0,666960701207,21202365970,105363559,0,133223565
development,16016003,n5-background030,N5 30% background,MAC-aware ablation,frozen-piggyback,2,NaN,causal-broadcast,Frozen piggyback,piggyback,5,ring2,6dof,csma,0.2,0.2,0.3,1,1,0.097,0.097,0.0277777777777778,0.0277777777777778,0.0854231217427093,0.487059918648397,0,0,9.99343577349966,12.5254612036544,0,1.03645162435346,0.12342730790492,0.34,0.48,0.699999999999999,0.342841348811498,0.219414040906578,1082,2202,435,0,300,4030,758,3272,1504,300,1204,0,0,0,1748,0.793823796548592,0,239,1362,31,1,32,32,0,0,0,0,0,1504,190,0.760250000000015,0,0,0,0.712521097401099,0.812507669111519,0,0,0,0,0,0.733999999999956,8.80799999999947,0,0.385024,3.65699999999963,1483,1.76159999999989,36.25,63.1666666666667,25,0.0179877384196186,0.0459499999999993,0.0611800000000001,0.123,0.983830296097954,4545,0,0.102970297029703,0,0.102756207298784,0.100676553907682,1.3201227,0,666960701207,21202365970,105363559,0,133231715
development,16016003,n5-background030,N5 30% background,MAC-aware ablation,adaptive-only,3,NaN,mac-aware-broadcast,Adaptive ACK only,adaptive,5,ring2,6dof,csma,0.2,0.2,0.3,1,1,0.097,0.097,0.0277777777777778,0.0277777777777778,0.0835365283139304,0.48574413995977,0,0,9.99343577349966,12.5254612036544,0,1.03645863117871,0.115964621337756,0.280000000000001,0.440000000000001,0.66,0.264367053620785,0.148402432283029,1071,2169,437,14,313,3990,763,3227,1447,313,1134,0,0,0,1714,0.785158039395328,0,239,1338,28,2,32,32,0,0,0,0,14,1419,188,0.75783333333335,14,4,0,0.715953465477798,0.829658384131868,0,0,0,0,0,0.725083333333291,8.67599999999949,0.025,0.363264000000001,3.65699999999963,1465,1.7401999999999,36.4166666666667,63.5833333333333,26.0833333333333,0.0180302336234541,0.0450000000000017,0.0607891373801919,0.129,0.986231827923671,4478,28,0.0973648950424296,0.142857142857143,0.102756207298784,0.100676553907682,1.2311241,0,666960701207,21202365970,105363559,0,133225665
development,16016003,n5-background030,N5 30% background,MAC-aware ablation,access-only,4,NaN,causal-broadcast,Access scaling only,hybrid,5,ring2,6dof,csma,0.2,0.2,0.3,1,1,0.097,0.097,0.0277777777777778,0.0277777777777778,0.0918398889221452,0.475549272921366,0,0,9.99343577349966,12.5254612036544,0,1.03642050388655,0.120995024875622,0.300000000000001,0.42,0.539999999999999,0.247153123272526,0.126158098396905,1041,2094,422,165,330,3826,728,3098,1280,330,950,0,0,0,1720,0.761398849048251,0,221,1276,26,2,32,32,0,0,0,0,165,1069,155,0.755083333333351,0,0,0,0.708538660005396,0.800920185318077,0,0,0,0,0,0.71524999999996,8.37599999999952,0.207,0.273664000000002,3.65699999999963,1406,1.7165999999999,35.1666666666667,60.6666666666667,27.5,0.0171106684373618,0.0430000000000001,0.0480030303030304,0.08555,0.975642360159974,4192,211,0.100667938931298,0.0805687203791469,0.102756207298784,0.100676553907682,1.3225508,0,666960701207,21202365970,105363559,0,133220669
development,16016003,n5-background030,N5 30% background,MAC-aware ablation,guarded-adaptive,5,NaN,mac-aware-broadcast,Adaptive ACK + guard,adaptive,5,ring2,6dof,csma,0.2,0.2,0.3,1,1,0.097,0.097,0.0277777777777778,0.0277777777777778,0.085737339075841,0.485799010216984,0,0,9.99490607034959,12.9878687436002,0,1.03649388384669,0.123725815367606,0.311999999999998,0.460000000000001,0.639999999999999,0.315710337202874,0.191984521835268,885,2118,426,17,295,3912,725,3187,1301,295,1006,0,0,0,1680,0.786885245901639,0,3,1239,17,1,32,32,0,0,0,0,17,1266,12,0.748416666666687,17,5,0,0.719879599862849,0.801898081249124,326,137,236,312,14,0.708749999999959,8.47199999999951,0.033,0.324096000000001,3.65699999999963,1427,1.7009999999999,35.5,60.4166666666667,24.5833333333333,0.022433255269321,0.0583000000000004,0.0607186440677967,0.1223,0.98789330430049,4332,35,0.0974145891043398,0.114285714285714,0.102756207298784,0.100676553907682,1.1941703,0,666960701207,21202365970,105363559,0,133230709
development,16016003,n5-background030,N5 30% background,MAC-aware ablation,full-v2,6,NaN,mac-aware-broadcast,Full MAC-aware v2,adaptive,5,ring2,6dof,csma,0.2,0.2,0.3,1,1,0.097,0.097,0.0277777777777778,0.0277777777777778,0.085737339075841,0.485799010216984,0,0,9.99490607034959,12.9878687436002,0,1.03649388384669,0.123725815367606,0.311999999999998,0.460000000000001,0.639999999999999,0.315710337202874,0.191984521835268,885,2118,426,17,295,3912,725,3187,1301,295,1006,0,0,0,1680,0.786885245901639,0,3,1239,17,1,32,32,0,0,0,0,17,1266,12,0.748416666666687,17,5,0,0.719879599862849,0.801898081249124,326,137,236,312,14,0.708749999999959,8.47199999999951,0.033,0.324096000000001,3.65699999999963,1427,1.7009999999999,35.5,60.4166666666667,24.5833333333333,0.022433255269321,0.0583000000000004,0.0607186440677967,0.1223,0.98789330430049,4332,35,0.0974145891043398,0.114285714285714,0.102756207298784,0.100676553907682,1.0962787,0,666960701207,21202365970,105363559,0,133217394
development,16016003,n5-hidden,N5 hidden terminals,MAC-aware ablation,frozen-hybrid,1,NaN,causal-broadcast,Frozen hybrid,hybrid,5,ring2,6dof,csma,0.2,0.2,0,0.6,1,0.097,0.097,0.0277777777777778,0.0277777777777778,0.0628192833883419,0.517267788233798,0,0,9.65663119887328,12.4060137782643,0,1.03653721112803,0.0860364842454393,0.199999999999999,0.279999999999999,0.399999999999999,0.128535102266445,0.0424986180210061,753,1250,538,436,662,2329,930,1399,1191,662,529,0,0,0,784,0.465005931198102,0,58,555,12,2,32,32,0,0,0,0,436,653,54,0.368833333333314,0,0,0,0.19628518107429,0.301000742269872,0,0,0,0,0,0.461166666666658,4.99999999999989,0.534,0.167168000000002,0,0,1.10679999999998,44.8333333333333,77.5,55.1666666666667,0.00854151838671417,0.0259999999999998,0.0340543806646527,0.05695,0.987256975237056,2557,538,0.102463824794681,0.105947955390335,0.102756207298784,0.100676553907682,1.27432,0,666960701207,21202365970,105363559,0,133003853
development,16016003,n5-hidden,N5 hidden terminals,MAC-aware ablation,frozen-piggyback,2,NaN,causal-broadcast,Frozen piggyback,piggyback,5,ring2,6dof,csma,0.2,0.2,0,0.6,1,0.097,0.097,0.0277777777777778,0.0277777777777778,0.0594049785742752,0.519802827293952,0,0,9.65663119887328,12.3070219452306,0,1.03658765052298,0.0773797678275289,0.18,0.24,0.34,0.160431177446103,0.0830514096185739,914,1614,600,0,542,2955,1050,1905,1407,542,865,0,0,0,992,0.614622057001239,0,86,786,17,1,32,32,0,0,0,0,0,1407,60,0.409083333333327,0,0,0,0.2072510755138,0.309451662493494,0,0,0,0,0,0.537999999999978,6.45599999999973,0,0.360192000000002,0,0,1.29119999999995,50,87.5,45.1666666666667,0.0104739776951674,0.0299999999999999,0.0495369003690038,0.109999999999999,0.982774153039775,3501,0,0.109111682376464,0,0.102756207298784,0.100676553907682,1.1583319,0,666960701207,21202365970,105363559,0,133012003
development,16016003,n5-hidden,N5 hidden terminals,MAC-aware ablation,adaptive-only,3,NaN,mac-aware-broadcast,Adaptive ACK only,adaptive,5,ring2,6dof,csma,0.2,0.2,0,0.6,1,0.097,0.097,0.0277777777777778,0.0277777777777778,0.0582441740689761,0.525635112104101,0,0,9.65663119887328,12.3070219452306,0,1.03662069783381,0.0788059701492537,0.18,0.220000000000001,0.279999999999999,0.156318407960199,0.0775124378109454,876,1510,589,46,566,2780,1010,1770,1301,566,735,0,0,0,907,0.582904884318766,0,66,700,12,2,32,32,0,0,0,0,46,1209,62,0.395666666666657,46,0,0,0.191495472871939,0.272399730084168,0,0,0,0,0,0.510333333333315,6.03999999999978,0.0840000000000001,0.309504000000002,0,0,1.22479999999996,49.0833333333333,84.1666666666667,47.1666666666667,0.0102583547557841,0.0282500000000003,0.0493833922261485,0.11075,0.982820799750698,3220,92,0.108074534161491,0.0652173913043478,0.102756207298784,0.100676553907682,1.1206841,0,666960701207,21202365970,105363559,0,133005953
development,16016003,n5-hidden,N5 hidden terminals,MAC-aware ablation,access-only,4,NaN,causal-broadcast,Access scaling only,hybrid,5,ring2,6dof,csma,0.2,0.2,0,0.6,1,0.097,0.097,0.0277777777777778,0.0277777777777778,0.0628192833883419,0.517267788233798,0,0,9.65663119887328,12.4060137782643,0,1.03653721112803,0.0860364842454393,0.199999999999999,0.279999999999999,0.399999999999999,0.128535102266445,0.0424986180210061,753,1250,538,436,662,2329,930,1399,1191,662,529,0,0,0,784,0.465005931198102,0,58,555,12,2,32,32,0,0,0,0,436,653,54,0.368833333333314,0,0,0,0.19628518107429,0.301000742269872,0,0,0,0,0,0.461166666666658,4.99999999999989,0.534,0.167168000000002,0,0,1.10679999999998,44.8333333333333,77.5,55.1666666666667,0.00854151838671417,0.0259999999999998,0.0340543806646527,0.05695,0.987256975237056,2557,538,0.102463824794681,0.105947955390335,0.102756207298784,0.100676553907682,1.1070846,0,666960701207,21202365970,105363559,0,133000957
development,16016003,n5-hidden,N5 hidden terminals,MAC-aware ablation,guarded-adaptive,5,NaN,mac-aware-broadcast,Adaptive ACK + guard,adaptive,5,ring2,6dof,csma,0.2,0.2,0,0.6,1,0.097,0.097,0.0277777777777778,0.0277777777777778,0.0608702642458132,0.522733102061467,0,0,9.65663119887328,12.3070219452306,0,1.0366253996366,0.0819126589275842,0.199999999999999,0.24,0.34,0.165085682697623,0.0831730237700388,831,1534,612,49,565,2894,1070,1824,1311,565,746,0,0,0,908,0.573594440934934,0,0,703,10,2,32,32,0,0,0,0,49,1209,8,0.401999999999991,49,0,0,0.229153649914215,0.342323280528241,79,0,79,76,3,0.519166666666647,6.13599999999977,0.0940000000000001,0.309504000000002,0,0,1.24599999999995,51,89.1666666666667,47.0833333333333,0.0115906506632976,0.034,0.049237168141593,0.108000000000001,0.983029316815832,3360,102,0.103869047619048,0.0980392156862745,0.102756207298784,0.100676553907682,1.120971,0,666960701207,21202365970,105363559,0,133010997
development,16016003,n5-hidden,N5 hidden terminals,MAC-aware ablation,full-v2,6,NaN,mac-aware-broadcast,Full MAC-aware v2,adaptive,5,ring2,6dof,csma,0.2,0.2,0,0.6,1,0.097,0.097,0.0277777777777778,0.0277777777777778,0.0608702642458132,0.522733102061467,0,0,9.65663119887328,12.3070219452306,0,1.0366253996366,0.0819126589275842,0.199999999999999,0.24,0.34,0.165085682697623,0.0831730237700388,831,1534,612,49,565,2894,1070,1824,1311,565,746,0,0,0,908,0.573594440934934,0,0,703,10,2,32,32,0,0,0,0,49,1209,8,0.401999999999991,49,0,0,0.229153649914215,0.342323280528241,79,0,79,76,3,0.519166666666647,6.13599999999977,0.0940000000000001,0.309504000000002,0,0,1.24599999999995,51,89.1666666666667,47.0833333333333,0.0115906506632976,0.034,0.049237168141593,0.108000000000001,0.983029316815832,3360,102,0.103869047619048,0.0980392156862745,0.102756207298784,0.100676553907682,1.0558195,0,666960701207,21202365970,105363559,0,132997682
development,16016003,n10-ring2,N10 ring2,MAC-aware ablation,frozen-hybrid,1,NaN,causal-broadcast,Frozen hybrid,hybrid,10,ring2,di,csma,0.2,0.2,0,1,1,0.097,0.097,0.0277777777777778,0.0277777777777778,0.0941912999435335,0.50452966614095,0,0,NaN,NaN,NaN,NaN,0.0837194977493483,0.18,0.24,0.38,0.151727078891258,0.0680075811419097,1622,2689,1194,884,1480,5837,2420,3416,3108,1480,1627,1,1,1,1817,0.508536244052617,0,183,1252,16,2,32,32,0,0,0,0,885,1944,191,0.722916666666706,0,0,0,0.672950087955844,0.806779500350423,0,0,0,0,0,0.992416666666604,10.7559999999993,1.15299999999999,0.497663999999995,0,0,2.38179999999985,99.5,201.666666666667,123.333333333333,0.0143005877413939,0.0390000000000006,0.0445520270270271,0.0819999999999999,0.984922553991129,6420,1164,0.105140186915888,0.0867697594501718,0.1014755874021,0.099929178470255,1.783286,0,2585708962758,84934557766,410907084,0,141501859
development,16016003,n10-ring2,N10 ring2,MAC-aware ablation,frozen-piggyback,2,NaN,causal-broadcast,Frozen piggyback,piggyback,10,ring2,di,csma,0.2,0.2,0,1,1,0.097,0.097,0.0277777777777778,0.0277777777777778,0.0851642452279305,0.515416626278089,0,0,NaN,NaN,NaN,NaN,0.0756645344705046,0.16,0.239999999999998,0.360000000000001,0.148372423596304,0.0727078891257998,1578,2358,1316,0,1559,5072,2642,2430,2866,1559,1307,0,0,0,1013,0.429601357082273,0,107,887,14,1,32,32,0,0,0,0,0,2866,120,0.597333333333385,0,0,0,0.52874811980376,0.666952022624969,0,0,0,0,0,0.78599999999995,9.43199999999941,0,0.733695999999996,0,0,1.88639999999988,109.666666666667,220.166666666667,129.916666666667,0.0134983036471587,0.0379999999999998,0.0518428479794741,0.105,0.988592565531099,5865,0,0.0958226768968457,0,0.1014755874021,0.099929178470255,1.3769397,0,2585708962758,84934557766,410907084,0,141510009
development,16016003,n10-ring2,N10 ring2,MAC-aware ablation,adaptive-only,3,NaN,mac-aware-broadcast,Adaptive ACK only,adaptive,10,ring2,di,csma,0.2,0.2,0,1,1,0.097,0.097,0.0277777777777778,0.0277777777777778,0.0863766810621225,0.513694422172806,0,0,NaN,NaN,NaN,NaN,0.075432361999526,0.16,0.220000000000001,0.300000000000001,0.144567638000474,0.0691352760009479,1578,2348,1278,94,1542,5099,2559,2540,2853,1542,1311,0,0,0,1047,0.428746928746929,0,131,901,16,2,32,32,0,0,0,0,94,2624,140,0.606666666666721,94,2,0,0.521099185914794,0.618858562403824,0,0,0,0,0,0.798249999999951,9.39199999999941,0.187,0.671743999999997,0,0,1.91579999999988,106.5,213.25,128.5,0.0135028665028666,0.038,0.0517795071335929,0.106949999999999,0.989365413971069,5805,229,0.100947459086994,0.122270742358079,0.1014755874021,0.099929178470255,1.5269218,0,2585708962758,84934557766,410907084,0,141503959
development,16016003,n10-ring2,N10 ring2,MAC-aware ablation,access-only,4,NaN,causal-broadcast,Access scaling only,hybrid,10,ring2,di,csma,0.1,0.1,0,1,1,0.097,0.097,0.0277777777777778,0.0277777777777778,0.097192024922643,0.501587517755346,0,0,NaN,NaN,NaN,NaN,0.0870409855484481,0.18,0.220000000000001,0.34,0.143975361288794,0.056934375740346,1539,1947,1248,783,1688,4211,2498,1713,2719,1688,1031,0,0,0,893,0.327106227106227,0,208,617,12,2,32,32,0,0,0,0,783,1628,274,0.622500000000053,0,0,0,0.578629009436531,0.650853143417585,0,0,0,0,0,0.737999999999965,7.78799999999959,1.068,0.416767999999998,0,0,1.77119999999992,104,208.166666666667,140.666666666667,0.0195750915750917,0.053999999999999,0.0532434834123224,0.0976500000000005,0.992736312065779,4639,1091,0.0974347919810304,0.103574702108158,0.1014755874021,0.099929178470255,1.570798,0,2585708962758,84934557766,410907084,0,141776406
development,16016003,n10-ring2,N10 ring2,MAC-aware ablation,guarded-adaptive,5,NaN,mac-aware-broadcast,Adaptive ACK + guard,adaptive,10,ring2,di,csma,0.2,0.2,0,1,1,0.097,0.097,0.0277777777777778,0.0277777777777778,0.0871118140925334,0.515418324608072,0,0,NaN,NaN,NaN,NaN,0.0773655531864486,0.16,0.220000000000001,0.28,0.153546552949538,0.0761809997630895,1477,2313,1310,75,1566,5044,2596,2448,2795,1566,1229,0,0,0,988,0.413735343383585,0,2,838,10,1,32,32,0,0,0,0,75,2624,8,0.605000000000053,75,12,0,0.558649664413466,0.651251906293068,204,103,120,198,6,0.783083333333285,9.25199999999943,0.145,0.671743999999998,0,0,1.87939999999988,109.166666666667,216.333333333333,130.5,0.015032663316583,0.0449999999999999,0.0531883780332058,0.111,0.989414572835349,5740,171,0.111498257839721,0.128654970760234,0.1014755874021,0.099929178470255,1.4759385,0,2585708962758,84934557766,410907084,0,141509003
development,16016003,n10-ring2,N10 ring2,MAC-aware ablation,full-v2,6,NaN,mac-aware-broadcast,Full MAC-aware v2,adaptive,10,ring2,di,csma,0.1,0.2,0,1,1,0.097,0.097,0.0277777777777778,0.0277777777777778,0.0930968977621357,0.508934674117371,0,0,NaN,NaN,NaN,NaN,0.084363894811656,0.18,0.24,0.299999999999999,0.161175076995973,0.0768111821843166,1471,1976,1374,75,1628,4277,2721,1556,2509,1628,881,0,0,0,585,0.285226718673818,0,8,515,9,2,32,32,0,0,0,0,75,2340,24,0.572416666666707,75,0,0,0.548792894466668,0.644206485959844,317,0,317,310,7,0.670999999999964,7.90399999999957,0.148,0.599039999999998,0,0,1.61039999999991,114.5,226.75,135.666666666667,0.0230156021452951,0.0700000000000001,0.0602156019656021,0.11865,0.990740585247072,4915,169,0.100508646998983,0.106508875739645,0.1014755874021,0.099929178470255,1.4396719,0,2585708962758,84934557766,410907084,0,141495688
development,16016003,n20-ring2,N20 ring2,MAC-aware ablation,frozen-hybrid,1,NaN,causal-broadcast,Frozen hybrid,hybrid,20,ring2,di,csma,0.2,0.2,0,1,1,0.097,0.097,0.0277777777777778,0.0277777777777778,0.488790517251412,0.111302837588332,1,0,NaN,NaN,NaN,NaN,0.509126108587496,1.5,2.25099999999999,3.14,3.11380705169803,2.60468094311055,3640,8400,495,139,172,19770,1075,18694,2787,172,2615,1,1,0,8028,0.940156927040637,0,1071,5839,107,2,32,32,0,0,0,0,139,2633,569,0.978249999999893,0,0,0,0.987326084552212,0.997602615779141,0,0,0,0,0,2.81283333333359,33.6000000000031,0.154,0.674048000000003,0,0,6.75080000000063,41.25,89.5833333333333,14.3333333333333,0.0258852324628177,0.0580000000000016,0.0775174418604652,0.16595,0.950372352804282,20449,154,0.0996136730402465,0.116883116883117,0.100053532744543,0.100035619063489,2.4554596,0,10198161677922,339937008446,1676201720,0,167313717
development,16016003,n20-ring2,N20 ring2,MAC-aware ablation,frozen-piggyback,2,NaN,causal-broadcast,Frozen piggyback,piggyback,20,ring2,di,csma,0.2,0.2,0,1,1,0.097,0.097,0.0277777777777778,0.0277777777777778,0.503896473064087,0.185794605023228,1,0,NaN,NaN,NaN,NaN,0.525169803158121,1.6,3.26,3.98,3.00496647198789,2.47979666882975,3668,8546,507,0,183,20066,1085,18965,3106,183,2921,4,16,2,8031,0.93973788907091,0,1093,5979,95,1,32,32,0,0,0,0,0,3106,549,0.977499999999894,0,0,0,0.985557098767303,0.994516095629887,0,0,0,0,0,2.8486666666669,34.1840000000028,0,0.795136000000009,0,0,6.83680000000056,42.25,90.4166666666667,15.25,0.0258317341446291,0.0580000000000016,0.0849890710382516,0.182800000000001,0.981477663230241,20779,0,0.0977910390297897,0,0.100053532744543,0.100035619063489,2.3385329,0,10198161677922,339937008446,1676201720,0,167321867
development,16016003,n20-ring2,N20 ring2,MAC-aware ablation,adaptive-only,3,NaN,mac-aware-broadcast,Adaptive ACK only,adaptive,20,ring2,di,csma,0.2,0.2,0,1,1,0.097,0.097,0.0277777777777778,0.0277777777777778,0.503896473064087,0.185794605023228,1,0,NaN,NaN,NaN,NaN,0.525169803158121,1.6,3.26,3.98,3.00496647198789,2.47979666882975,3668,8546,507,0,183,20066,1085,18965,3106,183,2921,4,16,2,8031,0.93973788907091,0,1093,5979,95,1,32,32,0,0,0,0,0,3106,549,0.977499999999894,0,0,0,0.985557098767303,0.994516095629887,0,0,0,0,0,2.8486666666669,34.1840000000028,0,0.795136000000009,0,0,6.83680000000056,42.25,90.4166666666667,15.25,0.0258317341446291,0.0580000000000016,0.0849890710382516,0.182800000000001,0.981477663230241,20779,0,0.0977910390297897,0,0.100053532744543,0.100035619063489,2.4918552,0,10198161677922,339937008446,1676201720,0,167315817
development,16016003,n20-ring2,N20 ring2,MAC-aware ablation,access-only,4,NaN,causal-broadcast,Access scaling only,hybrid,20,ring2,di,csma,0.05,0.05,0,1,1,0.097,0.097,0.0277777777777778,0.0277777777777778,0.202487747546073,0.424630206225911,0,0,NaN,NaN,NaN,NaN,0.163962794722043,0.42,0.66,0.98,0.333980099502488,0.170017304780446,4010,3323,1549,331,1778,7842,3376,4462,4211,1778,2430,2,4,3,1924,0.526546250684182,0,2303,1628,55,2,32,32,0,0,0,0,332,3766,3143,0.828249999999976,0,0,0,0.840230243484592,0.87664913241944,0,0,0,0,0,1.14399999999992,13.291999999999,0.436,0.964095999999995,0,0,2.7455999999998,129.083333333333,281.333333333333,148.166666666667,0.0284800218938151,0.065,0.0927002249718786,0.205,0.990137828580861,8751,445,0.0939321220431951,0.0898876404494382,0.100053532744543,0.100035619063489,1.8345335,0,10198161677922,339937008446,1676201720,0,167202699
development,16016003,n20-ring2,N20 ring2,MAC-aware ablation,guarded-adaptive,5,NaN,mac-aware-broadcast,Adaptive ACK + guard,adaptive,20,ring2,di,csma,0.2,0.2,0,1,1,0.097,0.097,0.0277777777777778,0.0277777777777778,0.396706253206415,0.252567379074385,1,0,NaN,NaN,NaN,NaN,0.377460523469609,0.960000000000001,1.8,2.48,1.42370754921047,1.04624702574086,2352,6550,718,0,475,15237,1577,13660,3666,475,3191,0,0,0,5818,0.88824427480916,0,5,4216,8,1,32,32,0,0,0,0,0,3666,5,0.803666666666657,0,27,0,0.801974624387144,0.853134275605908,4524,4341,976,4513,11,2.18333333333351,26.2000000000021,0,0.938496000000015,0,0,5.24000000000042,59.8333333333333,131.416666666667,39.5833333333333,0.0306398473282444,0.0740000000000016,0.117181052631579,0.199,0.977037373967099,16160,0,0.0974009900990099,0,0.100053532744543,0.100035619063489,1.8887483,0,10198161677922,339937008446,1676201720,0,167320861
development,16016003,n20-ring2,N20 ring2,MAC-aware ablation,full-v2,6,NaN,mac-aware-broadcast,Full MAC-aware v2,adaptive,20,ring2,di,csma,0.05,0.2,0,1,1,0.097,0.097,0.0277777777777778,0.0277777777777778,0.23859347489692,0.382087604137799,1,0,NaN,NaN,NaN,NaN,0.20250054077439,0.5,0.78,1.08,0.367523253298724,0.165022712524335,2025,3291,1639,2,1840,7653,3522,4127,3986,1840,2141,2,4,5,1622,0.492559975706043,0,117,1397,55,1,32,32,0,0,0,0,2,3980,300,0.793666666666662,2,74,0,0.795395797424612,0.823581420641281,5508,3251,3927,5476,32,1.09733333333325,13.163999999999,0.004,1.01887999999999,0,0,2.6335999999998,136.583333333333,293.5,153.333333333333,0.0648797449134529,0.171,0.128797282608696,0.25905,0.994145751145389,8561,6,0.0956663941128373,0,0.100053532744543,0.100035619063489,1.7478544,0,10198161677922,339937008446,1676201720,0,167307546
development,16016004,n5-csma,N5 CSMA,MAC-aware ablation,frozen-hybrid,1,NaN,causal-broadcast,Frozen hybrid,hybrid,5,ring2,6dof,csma,0.2,0.2,0,1,1,0.097,0.097,0.0277777777777778,0.0277777777777778,0.0583675081789332,0.524216443842334,0,0,9.72916024182561,12.4306595018367,0,1.03664506115592,0.0785848535102265,0.16,0.200000000000001,0.260000000000001,0.115113322277501,0.0365284687672747,601,686,571,525,807,1266,981,285,995,807,188,0,0,0,153,0.126341866226259,0,1,86,0,2,32,32,0,0,0,0,525,314,1,0.270083333333311,0,0,0,0.242352984004612,0.29017580809192,0,0,0,0,0,0.284916666666667,2.744,0.675,0.0803840000000001,0,0,0.683800000000001,47.5833333333333,81.75,67.25,0.00565730800990922,0.017,0.0311995043370509,0.0480000000000013,0.986642659363605,1371,681,0.110138584974471,0.0866372980910426,0.100259956673888,0.0977037160473254,1.0737183,0,666835674472,21193227841,105363559,0,132553305
development,16016004,n5-csma,N5 CSMA,MAC-aware ablation,frozen-piggyback,2,NaN,causal-broadcast,Frozen piggyback,piggyback,5,ring2,6dof,csma,0.2,0.2,0,1,1,0.097,0.097,0.0277777777777778,0.0277777777777778,0.0537008691641666,0.531003839421835,0,0,9.57450345791499,12.3910962096278,0,1.03666487155397,0.0710226644555002,0.159999999999998,0.199999999999999,0.24,0.142686567164179,0.071663902708679,715,839,678,0,715,1537,1174,363,913,715,198,0,0,0,128,0.152562574493445,0,2,126,0,1,32,32,0,0,0,0,0,913,1,0.257666666666647,0,0,0,0.229163790148443,0.299201883896204,0,0,0,0,0,0.279666666666667,3.356,0,0.233728000000002,0,0,0.671200000000001,56.5,97.8333333333333,59.5833333333333,0.0070095351609059,0.021,0.0434909090909092,0.0930000000000005,0.989099515868747,1877,0,0.0927011188066063,0,0.100259956673888,0.0977037160473254,0.9521031,0,666835674472,21193227841,105363559,0,132561455
development,16016004,n5-csma,N5 CSMA,MAC-aware ablation,adaptive-only,3,NaN,mac-aware-broadcast,Adaptive ACK only,adaptive,5,ring2,6dof,csma,0.2,0.2,0,1,1,0.097,0.097,0.0277777777777778,0.0277777777777778,0.0537567003794342,0.530302594291103,0,0,9.57450345791499,12.3910962096278,0,1.03668026232167,0.0702045328911,0.140000000000001,0.199999999999999,0.24,0.136384742951907,0.0661802100608071,709,798,672,68,720,1478,1161,317,919,720,199,0,0,0,97,0.112009237875289,0,0,89,1,2,32,32,0,0,0,0,68,778,0,0.260916666666646,68,0,0,0.223609372038421,0.27419728693932,0,0,0,0,0,0.276833333333334,3.192,0.13,0.199168000000002,0,0,0.664400000000001,56,96.75,60,0.00607043879907629,0.0189999999999997,0.044263888888889,0.0939999999999994,0.983114903992685,1746,141,0.109392898052692,0.0709219858156028,0.100259956673888,0.0977037160473254,0.9395994,0,666835674472,21193227841,105363559,0,132555405
development,16016004,n5-csma,N5 CSMA,MAC-aware ablation,access-only,4,NaN,causal-broadcast,Access scaling only,hybrid,5,ring2,6dof,csma,0.2,0.2,0,1,1,0.097,0.097,0.0277777777777778,0.0277777777777778,0.0583675081789332,0.524216443842334,0,0,9.72916024182561,12.4306595018367,0,1.03664506115592,0.0785848535102265,0.16,0.200000000000001,0.260000000000001,0.115113322277501,0.0365284687672747,601,686,571,525,807,1266,981,285,995,807,188,0,0,0,153,0.126341866226259,0,1,86,0,2,32,32,0,0,0,0,525,314,1,0.270083333333311,0,0,0,0.242352984004612,0.29017580809192,0,0,0,0,0,0.284916666666667,2.744,0.675,0.0803840000000001,0,0,0.683800000000001,47.5833333333333,81.75,67.25,0.00565730800990922,0.017,0.0311995043370509,0.0480000000000013,0.986642659363605,1371,681,0.110138584974471,0.0866372980910426,0.100259956673888,0.0977037160473254,0.971030799999999,0,666835674472,21193227841,105363559,0,132550409
development,16016004,n5-csma,N5 CSMA,MAC-aware ablation,guarded-adaptive,5,NaN,mac-aware-broadcast,Adaptive ACK + guard,adaptive,5,ring2,6dof,csma,0.2,0.2,0,1,1,0.097,0.097,0.0277777777777778,0.0277777777777778,0.0553887960809507,0.529484151594632,0,0,9.57450345791499,12.3910962096278,0,1.03667209461161,0.0746047540077389,0.16,0.219999999999999,0.279999999999999,0.143615257048093,0.0690105030403538,706,823,666,57,723,1522,1146,376,944,723,221,0,0,0,126,0.143181818181818,0,0,117,1,2,32,32,0,0,0,0,57,823,0,0.262833333333312,57,0,0,0.232993540145957,0.316170429733047,19,0,19,14,5,0.2835,3.292,0.11,0.210688000000002,0,0,0.680400000000001,55.5,95.5,60.25,0.00645454545454554,0.0180000000000007,0.0446459197787,0.0950000000000005,0.983538072641802,1814,121,0.104740904079383,0.107438016528926,0.100259956673888,0.0977037160473254,0.962083700000001,0,666835674472,21193227841,105363559,0,132560449
development,16016004,n5-csma,N5 CSMA,MAC-aware ablation,full-v2,6,NaN,mac-aware-broadcast,Full MAC-aware v2,adaptive,5,ring2,6dof,csma,0.2,0.2,0,1,1,0.097,0.097,0.0277777777777778,0.0277777777777778,0.0553887960809507,0.529484151594632,0,0,9.57450345791499,12.3910962096278,0,1.03667209461161,0.0746047540077389,0.16,0.219999999999999,0.279999999999999,0.143615257048093,0.0690105030403538,706,823,666,57,723,1522,1146,376,944,723,221,0,0,0,126,0.143181818181818,0,0,117,1,2,32,32,0,0,0,0,57,823,0,0.262833333333312,57,0,0,0.232993540145957,0.316170429733047,19,0,19,14,5,0.2835,3.292,0.11,0.210688000000002,0,0,0.680400000000001,55.5,95.5,60.25,0.00645454545454554,0.0180000000000007,0.0446459197787,0.0950000000000005,0.983538072641802,1814,121,0.104740904079383,0.107438016528926,0.100259956673888,0.0977037160473254,0.9384196,0,666835674472,21193227841,105363559,0,132547134
development,16016004,n5-aloha,N5 ALOHA,MAC-aware ablation,frozen-hybrid,1,NaN,causal-broadcast,Frozen hybrid,hybrid,5,ring2,6dof,aloha,0.2,0.2,0,1,1,0.097,0.097,0.0277777777777778,0.0277777777777778,0.0688852434019306,0.510810530252025,0,0,9.61073395840429,13.1499504819295,0,1.0362862878596,0.104179104477612,0.24,0.4,0.66,0.206998341625207,0.102819237147595,968,2246,430,341,381,4139,744,3395,1056,381,675,0,0,0,1927,0.744878237340549,0,40,1318,7,2,32,32,0,0,0,0,342,630,7,0.499250000000022,0,0,0,0.395703842929683,0.501677837322639,0,0,0,0,0,0.783833333333288,8.98399999999945,0.422,0.161280000000002,0,0,1.88119999999989,35.8333333333333,62,31.75,0.00912408194820261,0.024,0.0340052493438322,0.0549999999999997,0.972083486672625,4405,426,0.095800227014756,0.105633802816901,0.100259956673888,0.0977037160473254,1.2724579,0,666835674472,21193227841,105363559,0,132993905
development,16016004,n5-aloha,N5 ALOHA,MAC-aware ablation,frozen-piggyback,2,NaN,causal-broadcast,Frozen piggyback,piggyback,5,ring2,6dof,aloha,0.2,0.2,0,1,1,0.097,0.097,0.0277777777777778,0.0277777777777778,0.0854660862088329,0.484771094992215,0,0,9.61073395840429,13.4462264023671,0,1.03646859435902,0.122012161415146,0.380000000000001,0.5584,0.66,0.267882808181315,0.145870646766169,1061,2563,425,0,309,4715,733,3980,1366,309,1056,1,2,1,2115,0.825204838080375,0,30,1532,6,1,32,32,0,0,0,0,0,1366,4,0.521166666666696,0,0,0,0.404778906008616,0.516548804362281,0,0,0,0,0,0.854333333333276,10.2519999999993,0,0.349696000000001,0,0,2.05039999999986,35.4166666666667,61.0833333333333,25.75,0.00988490050721818,0.025,0.0491812297734629,0.1086,0.99181835653296,5186,0,0.0985345160046278,0,0.100259956673888,0.0977037160473254,1.1495624,0,666835674472,21193227841,105363559,0,133002055
development,16016004,n5-aloha,N5 ALOHA,MAC-aware ablation,adaptive-only,3,NaN,mac-aware-broadcast,Adaptive ACK only,adaptive,5,ring2,6dof,aloha,0.2,0.2,0,1,1,0.097,0.097,0.0277777777777778,0.0277777777777778,0.070848069752192,0.501227954958513,0,0,9.61073395840429,13.1499504819295,0,1.03632937995001,0.110912106135986,0.260000000000002,0.440000000000001,0.620000000000001,0.186567164179104,0.0756550580431177,943,2226,403,311,396,4051,711,3340,1022,396,626,0,0,0,1901,0.749310208908159,0,41,1324,8,2,32,32,0,0,0,0,311,637,9,0.49625000000002,311,20,0,0.387534554191718,0.593493764640904,0,0,0,0,0,0.773833333333289,8.90399999999946,0.382,0.163072000000002,0,0,1.85719999999989,33.5833333333333,59.25,33,0.00919432400473004,0.024,0.0356666666666668,0.056,0.967440059568131,4304,385,0.095724907063197,0.116883116883117,0.100259956673888,0.0977037160473254,1.1958554,0,666835674472,21193227841,105363559,0,132996005
development,16016004,n5-aloha,N5 ALOHA,MAC-aware ablation,access-only,4,NaN,causal-broadcast,Access scaling only,hybrid,5,ring2,6dof,aloha,0.2,0.2,0,1,1,0.097,0.097,0.0277777777777778,0.0277777777777778,0.0688852434019306,0.510810530252025,0,0,9.61073395840429,13.1499504819295,0,1.0362862878596,0.104179104477612,0.24,0.4,0.66,0.206998341625207,0.102819237147595,968,2246,430,341,381,4139,744,3395,1056,381,675,0,0,0,1927,0.744878237340549,0,40,1318,7,2,32,32,0,0,0,0,342,630,7,0.499250000000022,0,0,0,0.395703842929683,0.501677837322639,0,0,0,0,0,0.783833333333288,8.98399999999945,0.422,0.161280000000002,0,0,1.88119999999989,35.8333333333333,62,31.75,0.00912408194820261,0.024,0.0340052493438322,0.0549999999999997,0.972083486672625,4405,426,0.095800227014756,0.105633802816901,0.100259956673888,0.0977037160473254,1.174634,0,666835674472,21193227841,105363559,0,132991009
development,16016004,n5-aloha,N5 ALOHA,MAC-aware ablation,guarded-adaptive,5,NaN,mac-aware-broadcast,Adaptive ACK + guard,adaptive,5,ring2,6dof,aloha,0.2,0.2,0,1,1,0.097,0.097,0.0277777777777778,0.0277777777777778,0.0803544001582098,0.491605738929833,0,0,9.61073395840429,12.9596862542314,0,1.03615805148688,0.139215035931454,0.379999999999999,0.52,0.640000000000001,0.243980099502487,0.104765063571034,917,2219,391,318,380,4022,692,3330,991,380,611,0,0,0,1911,0.753251872290106,0,0,1302,2,1,32,32,0,0,0,0,318,596,0,0.477416666666681,318,0,0,0.400300731761127,0.523484415106062,50,12,41,49,1,0.772249999999956,8.87599999999947,0.391,0.152576000000002,0,0,1.85339999999989,32.5833333333333,57.6666666666667,31.6666666666667,0.00916357903035087,0.024,0.0349342105263159,0.05505,0.968796932923545,4277,395,0.0967968202010755,0.0835443037974684,0.100259956673888,0.0977037160473254,1.1547999,0,666835674472,21193227841,105363559,0,133001049
development,16016004,n5-aloha,N5 ALOHA,MAC-aware ablation,full-v2,6,NaN,mac-aware-broadcast,Full MAC-aware v2,adaptive,5,ring2,6dof,aloha,0.2,0.2,0,1,1,0.097,0.097,0.0277777777777778,0.0277777777777778,0.0803544001582098,0.491605738929833,0,0,9.61073395840429,12.9596862542314,0,1.03615805148688,0.139215035931454,0.379999999999999,0.52,0.640000000000001,0.243980099502487,0.104765063571034,917,2219,391,318,380,4022,692,3330,991,380,611,0,0,0,1911,0.753251872290106,0,0,1302,2,1,32,32,0,0,0,0,318,596,0,0.477416666666681,318,0,0,0.400300731761127,0.523484415106062,50,12,41,49,1,0.772249999999956,8.87599999999947,0.391,0.152576000000002,0,0,1.85339999999989,32.5833333333333,57.6666666666667,31.6666666666667,0.00916357903035087,0.024,0.0349342105263159,0.05505,0.968796932923545,4277,395,0.0967968202010755,0.0835443037974684,0.100259956673888,0.0977037160473254,1.1650193,0,666835674472,21193227841,105363559,0,132987734
development,16016004,n5-background030,N5 30% background,MAC-aware ablation,frozen-hybrid,1,NaN,causal-broadcast,Frozen hybrid,hybrid,5,ring2,6dof,csma,0.2,0.2,0.3,1,1,0.097,0.097,0.0277777777777778,0.0277777777777778,0.0917658501484363,0.473687903415448,0,0,9.69147540535358,12.7194221687307,0,1.03662389221616,0.129662797125484,0.34,0.460000000000001,0.56,0.251995577667219,0.122332780541736,1013,2071,440,199,368,3793,767,3025,1401,368,1031,1,1,2,1673,0.737004405286344,0,197,1255,37,2,32,32,0,0,0,0,200,1146,192,0.756500000000018,0,0,0,0.720164761906219,0.813318637998985,0,0,0,0,0,0.711583333333294,8.28399999999953,0.255,0.293376000000001,3.61699999999965,1362,1.70779999999991,36.6666666666667,63.9166666666667,30.6666666666667,0.0176700440528635,0.0459999999999997,0.0495842391304349,0.0866499999999999,0.981844000405721,4184,255,0.102055449330784,0.0980392156862745,0.100259956673888,0.0977037160473254,1.3156672,0,666835674472,21193227841,105363559,0,133223567
development,16016004,n5-background030,N5 30% background,MAC-aware ablation,frozen-piggyback,2,NaN,causal-broadcast,Frozen piggyback,piggyback,5,ring2,6dof,csma,0.2,0.2,0.3,1,1,0.097,0.097,0.0277777777777778,0.0277777777777778,0.0896780825523468,0.483301704970384,0,0,9.69147540535358,12.7194221687307,0,1.03659055782225,0.142830292979547,0.359999999999999,0.619999999999999,0.799999999999999,0.368623548922056,0.22579325594251,1069,2177,454,0,314,3949,780,3169,1556,314,1242,0,0,0,1704,0.782728525493799,0,223,1332,37,1,32,32,0,0,0,0,0,1556,206,0.753083333333354,0,0,0,0.727160188879433,0.817771601730364,0,0,0,0,0,0.725666666666624,8.70799999999949,0,0.398335999999999,3.61699999999965,1432,1.7415999999999,37.8333333333333,65,26.1666666666667,0.0177900780891136,0.0449999999999999,0.0598025477707007,0.11535,0.987902607361963,4523,0,0.102365686491267,0,0.100259956673888,0.0977037160473254,1.1876711,0,666835674472,21193227841,105363559,0,133231717
development,16016004,n5-background030,N5 30% background,MAC-aware ablation,adaptive-only,3,NaN,mac-aware-broadcast,Adaptive ACK only,adaptive,5,ring2,6dof,csma,0.2,0.2,0.3,1,1,0.097,0.097,0.0277777777777778,0.0277777777777778,0.0877133736757143,0.480305383683352,0,0,9.69147540535358,12.7194221687307,0,1.03660412706611,0.126821448313985,0.300000000000001,0.440000000000001,0.66,0.357180762852405,0.230359314538419,1073,2184,454,8,321,3967,801,3166,1625,321,1304,0,0,0,1710,0.780109489051095,0,227,1340,36,2,32,32,0,0,0,0,8,1609,214,0.76366666666668,8,7,0,0.752201414578644,0.823652404186945,0,0,0,0,0,0.729249999999957,8.73599999999948,0.015,0.411903999999999,3.61699999999965,1436,1.7501999999999,37.8333333333333,66.75,26.75,0.0181856751824819,0.046,0.0607788161993771,0.116,0.97468198798884,4534,16,0.0988089986766652,0.125,0.100259956673888,0.0977037160473254,1.1801404,0,666835674472,21193227841,105363559,0,133225667
development,16016004,n5-background030,N5 30% background,MAC-aware ablation,access-only,4,NaN,causal-broadcast,Access scaling only,hybrid,5,ring2,6dof,csma,0.2,0.2,0.3,1,1,0.097,0.097,0.0277777777777778,0.0277777777777778,0.0917658501484363,0.473687903415448,0,0,9.69147540535358,12.7194221687307,0,1.03662389221616,0.129662797125484,0.34,0.460000000000001,0.56,0.251995577667219,0.122332780541736,1013,2071,440,199,368,3793,767,3025,1401,368,1031,1,1,2,1673,0.737004405286344,0,197,1255,37,2,32,32,0,0,0,0,200,1146,192,0.756500000000018,0,0,0,0.720164761906219,0.813318637998985,0,0,0,0,0,0.711583333333294,8.28399999999953,0.255,0.293376000000001,3.61699999999965,1362,1.70779999999991,36.6666666666667,63.9166666666667,30.6666666666667,0.0176700440528635,0.0459999999999997,0.0495842391304349,0.0866499999999999,0.981844000405721,4184,255,0.102055449330784,0.0980392156862745,0.100259956673888,0.0977037160473254,1.1937846,0,666835674472,21193227841,105363559,0,133220671
development,16016004,n5-background030,N5 30% background,MAC-aware ablation,guarded-adaptive,5,NaN,mac-aware-broadcast,Adaptive ACK + guard,adaptive,5,ring2,6dof,csma,0.2,0.2,0.3,1,1,0.097,0.097,0.0277777777777778,0.0277777777777778,0.0848980249300076,0.491128559487866,0,0,9.69147540535358,12.7194221687307,0,1.0364477450042,0.132614704256495,0.360000000000001,0.52,0.640000000000001,0.363007186290768,0.230392482034273,912,2144,447,12,286,3897,801,3096,1446,286,1160,0,0,0,1686,0.782003710575139,0,1,1234,33,1,32,32,0,0,0,0,12,1421,25,0.745416666666689,12,8,0,0.735039567483713,0.799870918645575,305,135,206,291,14,0.716666666666625,8.5759999999995,0.024,0.363776,3.61699999999965,1423,1.7199999999999,37.25,66.75,23.8333333333333,0.022176716141002,0.056,0.0594300699300701,0.1165,0.973182670530648,4407,25,0.101656455638757,0.16,0.100259956673888,0.0977037160473254,1.1453485,0,666835674472,21193227841,105363559,0,133230711
development,16016004,n5-background030,N5 30% background,MAC-aware ablation,full-v2,6,NaN,mac-aware-broadcast,Full MAC-aware v2,adaptive,5,ring2,6dof,csma,0.2,0.2,0.3,1,1,0.097,0.097,0.0277777777777778,0.0277777777777778,0.0848980249300076,0.491128559487866,0,0,9.69147540535358,12.7194221687307,0,1.0364477450042,0.132614704256495,0.360000000000001,0.52,0.640000000000001,0.363007186290768,0.230392482034273,912,2144,447,12,286,3897,801,3096,1446,286,1160,0,0,0,1686,0.782003710575139,0,1,1234,33,1,32,32,0,0,0,0,12,1421,25,0.745416666666689,12,8,0,0.735039567483713,0.799870918645575,305,135,206,291,14,0.716666666666625,8.5759999999995,0.024,0.363776,3.61699999999965,1423,1.7199999999999,37.25,66.75,23.8333333333333,0.022176716141002,0.056,0.0594300699300701,0.1165,0.973182670530648,4407,25,0.101656455638757,0.16,0.100259956673888,0.0977037160473254,1.1462363,0,666835674472,21193227841,105363559,0,133217396
development,16016004,n5-hidden,N5 hidden terminals,MAC-aware ablation,frozen-hybrid,1,NaN,causal-broadcast,Frozen hybrid,hybrid,5,ring2,6dof,csma,0.2,0.2,0,0.6,1,0.097,0.097,0.0277777777777778,0.0277777777777778,0.0603101783164188,0.524997222008061,0,0,9.68100611200948,12.5789705892933,0,1.03641962238691,0.0874295190713101,0.199999999999999,0.278400000000001,0.34,0.137833056937534,0.0504035378662245,813,1408,529,424,631,2570,927,1643,1193,631,562,0,0,0,949,0.518013100436681,0,84,679,21,2,32,32,0,0,0,0,424,643,26,0.39649999999999,0,0,0,0.214825631856264,0.360064974870033,0,0,0,0,0,0.514999999999985,5.63199999999982,0.548,0.164608000000002,0,0,1.23599999999996,44.0833333333333,77.25,52.5833333333333,0.00857751091703062,0.024,0.0336687797147386,0.0570000000000004,0.980951713259136,2841,550,0.105596620908131,0.107272727272727,0.100259956673888,0.0977037160473254,1.1637666,0,666835674472,21193227841,105363559,0,133003855
development,16016004,n5-hidden,N5 hidden terminals,MAC-aware ablation,frozen-piggyback,2,NaN,causal-broadcast,Frozen piggyback,piggyback,5,ring2,6dof,csma,0.2,0.2,0,0.6,1,0.097,0.097,0.0277777777777778,0.0277777777777778,0.062112501526888,0.521027596740461,0,0,9.68100611200948,12.3091710679769,0,1.03646026623456,0.0883582089552238,0.211999999999998,0.260000000000002,0.4,0.17551133222775,0.0871531232725264,879,1480,577,0,580,2752,994,1758,1236,580,656,0,0,0,875,0.591216216216216,0,83,684,21,1,32,32,0,0,0,0,0,1236,41,0.375999999999984,0,0,0,0.233805589067808,0.353899904305299,0,0,0,0,0,0.493333333333316,5.91999999999979,0,0.316416000000002,0,0,1.18399999999996,48.0833333333333,82.8333333333333,48.3333333333333,0.00968986486486496,0.0269999999999993,0.0492086206896553,0.110049999999999,0.988139793722639,3198,0,0.102564102564103,0,0.100259956673888,0.0977037160473254,1.0028669,0,666835674472,21193227841,105363559,0,133012005
development,16016004,n5-hidden,N5 hidden terminals,MAC-aware ablation,adaptive-only,3,NaN,mac-aware-broadcast,Adaptive ACK only,adaptive,5,ring2,6dof,csma,0.2,0.2,0,0.6,1,0.097,0.097,0.0277777777777778,0.0277777777777778,0.0567115098513298,0.529083360067865,0,0,9.68100611200948,12.3091710679769,0,1.03649958538645,0.0762410171365394,0.18,0.220000000000001,0.300000000000001,0.152139303482587,0.0758982863460476,871,1422,600,56,597,2588,1025,1563,1185,597,588,0,0,0,811,0.54871447902571,0,78,629,20,2,32,32,0,0,0,0,56,1066,38,0.372749999999983,56,0,0,0.18407640567132,0.271138916257117,0,0,0,0,0,0.483166666666651,5.68799999999982,0.11,0.272896000000003,0,0,1.15959999999996,50,85.4166666666667,49.75,0.00925169147496622,0.0269999999999999,0.0465946398659968,0.0962000000000011,0.988685048884983,2963,119,0.098886263921701,0.0672268907563025,0.100259956673888,0.0977037160473254,1.0208442,0,666835674472,21193227841,105363559,0,133005955
development,16016004,n5-hidden,N5 hidden terminals,MAC-aware ablation,access-only,4,NaN,causal-broadcast,Access scaling only,hybrid,5,ring2,6dof,csma,0.2,0.2,0,0.6,1,0.097,0.097,0.0277777777777778,0.0277777777777778,0.0603101783164188,0.524997222008061,0,0,9.68100611200948,12.5789705892933,0,1.03641962238691,0.0874295190713101,0.199999999999999,0.278400000000001,0.34,0.137833056937534,0.0504035378662245,813,1408,529,424,631,2570,927,1643,1193,631,562,0,0,0,949,0.518013100436681,0,84,679,21,2,32,32,0,0,0,0,424,643,26,0.39649999999999,0,0,0,0.214825631856264,0.360064974870033,0,0,0,0,0,0.514999999999985,5.63199999999982,0.548,0.164608000000002,0,0,1.23599999999996,44.0833333333333,77.25,52.5833333333333,0.00857751091703062,0.024,0.0336687797147386,0.0570000000000004,0.980951713259136,2841,550,0.105596620908131,0.107272727272727,0.100259956673888,0.0977037160473254,1.10206,0,666835674472,21193227841,105363559,0,133000959
development,16016004,n5-hidden,N5 hidden terminals,MAC-aware ablation,guarded-adaptive,5,NaN,mac-aware-broadcast,Adaptive ACK + guard,adaptive,5,ring2,6dof,csma,0.2,0.2,0,0.6,1,0.097,0.097,0.0277777777777778,0.0277777777777778,0.0600664607639891,0.524248193080962,0,0,9.68100611200948,12.3091710679769,0,1.03655670453413,0.0843449419568821,0.199999999999999,0.24,0.32,0.168700939745716,0.0843559977888337,817,1476,578,51,575,2736,1002,1734,1206,575,629,1,0,2,887,0.580877537655534,0,0,659,17,1,32,32,0,0,0,0,51,1102,7,0.383666666666653,51,0,0,0.219356966877486,0.36626889209513,62,0,62,59,3,0.499999999999983,5.90399999999979,0.0960000000000001,0.282112000000002,0,0,1.19999999999996,48.1666666666667,83.5,47.9166666666667,0.0104885396201704,0.0329999999999999,0.0454486956521741,0.0943000000000002,0.993144861618954,3116,102,0.0940308087291399,0.0784313725490196,0.100259956673888,0.0977037160473254,1.0381429,0,666835674472,21193227841,105363559,0,133010999
development,16016004,n5-hidden,N5 hidden terminals,MAC-aware ablation,full-v2,6,NaN,mac-aware-broadcast,Full MAC-aware v2,adaptive,5,ring2,6dof,csma,0.2,0.2,0,0.6,1,0.097,0.097,0.0277777777777778,0.0277777777777778,0.0600664607639891,0.524248193080962,0,0,9.68100611200948,12.3091710679769,0,1.03655670453413,0.0843449419568821,0.199999999999999,0.24,0.32,0.168700939745716,0.0843559977888337,817,1476,578,51,575,2736,1002,1734,1206,575,629,1,0,2,887,0.580877537655534,0,0,659,17,1,32,32,0,0,0,0,51,1102,7,0.383666666666653,51,0,0,0.219356966877486,0.36626889209513,62,0,62,59,3,0.499999999999983,5.90399999999979,0.0960000000000001,0.282112000000002,0,0,1.19999999999996,48.1666666666667,83.5,47.9166666666667,0.0104885396201704,0.0329999999999999,0.0454486956521741,0.0943000000000002,0.993144861618954,3116,102,0.0940308087291399,0.0784313725490196,0.100259956673888,0.0977037160473254,1.0176559,0,666835674472,21193227841,105363559,0,132997684
development,16016004,n10-ring2,N10 ring2,MAC-aware ablation,frozen-hybrid,1,NaN,causal-broadcast,Frozen hybrid,hybrid,10,ring2,di,csma,0.2,0.2,0,1,1,0.097,0.097,0.0277777777777778,0.0277777777777778,0.091225460066653,0.508832846359652,0,0,NaN,NaN,NaN,NaN,0.0809476427386873,0.16,0.220000000000001,0.380000000000001,0.134949064202796,0.0540014214641082,1514,2394,1192,931,1614,5193,2409,2784,3034,1614,1420,0,0,0,1485,0.446616541353383,0,136,1016,17,2,32,32,0,0,0,0,931,1799,167,0.682916666666728,0,0,0,0.620917845318831,0.763233771445001,0,0,0,0,0,0.898999999999948,9.57599999999939,1.21199999999999,0.460543999999995,0,0,2.15759999999988,99.3333333333333,200.75,134.5,0.0132042105263158,0.0380000000000003,0.0424343246592318,0.0763500000000002,0.98431866989955,5709,1235,0.093011035207567,0.0882591093117409,0.0962556240626562,0.0978786868855191,1.6970576,0,2586918042214,84885588044,410907084,0,141501861
development,16016004,n10-ring2,N10 ring2,MAC-aware ablation,frozen-piggyback,2,NaN,causal-broadcast,Frozen piggyback,piggyback,10,ring2,di,csma,0.2,0.2,0,1,1,0.097,0.097,0.0277777777777778,0.0277777777777778,0.0858535578848204,0.5164421690254,0,0,NaN,NaN,NaN,NaN,0.0780999763089315,0.18,0.24,0.34,0.155674010897891,0.0775740345889602,1615,2408,1293,0,1519,5184,2604,2580,2835,1519,1316,0,0,0,1073,0.445598006644518,0,134,927,9,1,32,32,0,0,0,0,0,2835,141,0.60266666666672,0,0,0,0.542026682732137,0.654670462409529,0,0,0,0,0,0.802666666666615,9.63199999999938,0,0.725759999999997,0,0,1.92639999999988,107.75,217,126.583333333333,0.0139215116279071,0.038,0.0525556287030942,0.105,0.989628678146291,5969,0,0.0976713017255822,0,0.0962556240626562,0.0978786868855191,1.4108826,0,2586918042214,84885588044,410907084,0,141510011
development,16016004,n10-ring2,N10 ring2,MAC-aware ablation,adaptive-only,3,NaN,mac-aware-broadcast,Adaptive ACK only,adaptive,10,ring2,di,csma,0.2,0.2,0,1,1,0.097,0.097,0.0277777777777778,0.0277777777777778,0.0871687217586198,0.512852541497151,0,0,NaN,NaN,NaN,NaN,0.0791708126036482,0.18,0.24,0.380000000000001,0.156271025823264,0.0771002132196164,1584,2417,1269,85,1534,5213,2558,2653,2833,1534,1297,1,2,2,1122,0.448441247002398,0,128,961,11,2,32,32,0,0,0,0,85,2630,119,0.610166666666721,85,7,0,0.563340643664433,0.701768005776709,0,0,0,0,0,0.819666666666615,9.66799999999938,0.168,0.673279999999998,0,0,1.96719999999988,105.75,213.166666666667,127.833333333333,0.0133844924060752,0.037,0.051287483702738,0.105,0.988904036403161,5926,203,0.100742490718866,0.103448275862069,0.0962556240626562,0.0978786868855191,1.5086834,0,2586918042214,84885588044,410907084,0,141503961
development,16016004,n10-ring2,N10 ring2,MAC-aware ablation,access-only,4,NaN,causal-broadcast,Access scaling only,hybrid,10,ring2,di,csma,0.1,0.1,0,1,1,0.097,0.097,0.0277777777777778,0.0277777777777778,0.0948923569691846,0.508527259737726,0,0,NaN,NaN,NaN,NaN,0.0841269841269841,0.18,0.220000000000001,0.299999999999999,0.140099502487562,0.0559725183605782,1483,1854,1239,858,1743,4070,2507,1561,2782,1743,1039,1,2,0,833,0.307153392330383,0,183,557,11,2,32,32,0,0,0,0,859,1593,262,0.610416666666717,0,0,0,0.577917408745625,0.67970457263985,0,0,0,0,0,0.714749999999968,7.41599999999963,1.16099999999999,0.407807999999999,0,0,1.71539999999992,103.25,208.916666666667,145.25,0.0181014011799411,0.0509999999999997,0.0514492254733219,0.093,0.986917780477926,4496,1189,0.0969750889679715,0.105130361648444,0.0962556240626562,0.0978786868855191,1.5030134,0,2586918042214,84885588044,410907084,0,141776408
development,16016004,n10-ring2,N10 ring2,MAC-aware ablation,guarded-adaptive,5,NaN,mac-aware-broadcast,Adaptive ACK + guard,adaptive,10,ring2,di,csma,0.2,0.2,0,1,1,0.097,0.097,0.0277777777777778,0.0277777777777778,0.0850446982734864,0.51302760899517,0,0,NaN,NaN,NaN,NaN,0.0758351101634682,0.16,0.220000000000001,0.34,0.146169154228856,0.0703340440653877,1422,2209,1277,91,1585,4785,2559,2226,2697,1585,1112,0,0,0,920,0.4,0,0,787,2,1,32,32,0,0,0,0,91,2495,2,0.580916666666714,91,1,0,0.536171913577668,0.662913936236116,265,181,131,256,9,0.751166666666623,8.83599999999947,0.178,0.63872,0,0,1.80279999999989,106.416666666667,213.25,132.083333333333,0.0143969565217392,0.0439999999999998,0.0532826498422714,0.113,0.993783403313974,5459,202,0.099102399706906,0.0643564356435644,0.0962556240626562,0.0978786868855191,1.4512357,0,2586918042214,84885588044,410907084,0,141509005
development,16016004,n10-ring2,N10 ring2,MAC-aware ablation,full-v2,6,NaN,mac-aware-broadcast,Full MAC-aware v2,adaptive,10,ring2,di,csma,0.1,0.2,0,1,1,0.097,0.097,0.0277777777777778,0.0277777777777778,0.0892514162199129,0.511484962346682,0,0,NaN,NaN,NaN,NaN,0.0818479033404406,0.18,0.239999999999998,0.359999999999999,0.149239516702203,0.0673916133617627,1442,1884,1361,84,1670,4075,2730,1343,2415,1670,744,1,2,1,503,0.255589430894309,0,4,448,6,2,32,32,0,0,0,0,84,2224,18,0.55608333333337,84,0,0,0.506675761178926,0.58437812926044,256,6,251,244,12,0.641833333333301,7.53599999999961,0.166,0.569343999999998,0,0,1.54039999999992,113.416666666667,227.5,139.166666666667,0.0219456300813009,0.0640000000000001,0.0590221556886228,0.116,0.991219170238611,4679,191,0.092113699508442,0.0575916230366492,0.0962556240626562,0.0978786868855191,1.4496939,0,2586918042214,84885588044,410907084,0,141495690
development,16016004,n20-ring2,N20 ring2,MAC-aware ablation,frozen-hybrid,1,NaN,causal-broadcast,Frozen hybrid,hybrid,20,ring2,di,csma,0.2,0.2,0,1,1,0.097,0.097,0.0277777777777778,0.0277777777777778,0.527015360583822,0.214632971199781,1,0,NaN,NaN,NaN,NaN,0.566969500324464,1.72,2.32,3,3.76701925156824,3.20004975124377,3695,8539,467,133,153,20107,1018,19083,2671,153,2518,3,6,0,8181,0.943380996309963,0,1163,6018,86,2,32,32,0,0,0,0,133,2532,547,0.977749999999893,0,0,0,0.985346522493278,0.996375310589507,0,0,0,0,0,2.8579166666669,34.1560000000028,0.139,0.648192000000003,0,0,6.85900000000057,38.9166666666667,84.8333333333333,12.75,0.0255736854243543,0.0589999999999993,0.079326797385621,0.1748,0.938986480668217,20741,139,0.101489802806036,0.0431654676258993,0.100032494584236,0.0979905432427929,2.6683762,0,10202092289156,339871134111,1676201720,0,167313719
development,16016004,n20-ring2,N20 ring2,MAC-aware ablation,frozen-piggyback,2,NaN,causal-broadcast,Frozen piggyback,piggyback,20,ring2,di,csma,0.2,0.2,0,1,1,0.097,0.097,0.0277777777777778,0.0277777777777778,0.539025021124702,0.0800908267747976,1,0,NaN,NaN,NaN,NaN,0.516828898983343,1.38,1.96,2.88,3.11429374864806,2.59746484966471,3831,8853,457,0,146,20762,1004,19750,2948,146,2802,4,8,0,8384,0.947023607816559,0,1212,6244,92,1,32,32,0,0,0,0,0,2948,587,0.978833333333227,0,0,0,0.986253494309743,0.996129980401465,0,0,0,0,0,2.95100000000018,35.4120000000021,0,0.754688000000007,0,0,7.08240000000043,38.0833333333333,83.6666666666667,12.1666666666667,0.0253929741330623,0.0570000000000004,0.0857260273972604,0.188,0.947160997732426,21462,0,0.0989656136427174,0,0.100032494584236,0.0979905432427929,2.4657587,0,10202092289156,339871134111,1676201720,0,167321869
development,16016004,n20-ring2,N20 ring2,MAC-aware ablation,adaptive-only,3,NaN,mac-aware-broadcast,Adaptive ACK only,adaptive,20,ring2,di,csma,0.2,0.2,0,1,1,0.097,0.097,0.0277777777777778,0.0277777777777778,0.539025021124702,0.0800908267747976,1,0,NaN,NaN,NaN,NaN,0.516828898983343,1.38,1.96,2.88,3.11429374864806,2.59746484966471,3831,8853,457,0,146,20762,1004,19750,2948,146,2802,4,8,0,8384,0.947023607816559,0,1212,6244,92,1,32,32,0,0,0,0,0,2948,587,0.978833333333227,0,0,0,0.986253494309743,0.996129980401465,0,0,0,0,0,2.95100000000018,35.4120000000021,0,0.754688000000007,0,0,7.08240000000043,38.0833333333333,83.6666666666667,12.1666666666667,0.0253929741330623,0.0570000000000004,0.0857260273972604,0.188,0.947160997732426,21462,0,0.0989656136427174,0,0.100032494584236,0.0979905432427929,2.4314692,0,10202092289156,339871134111,1676201720,0,167315819
development,16016004,n20-ring2,N20 ring2,MAC-aware ablation,access-only,4,NaN,causal-broadcast,Access scaling only,hybrid,20,ring2,di,csma,0.05,0.05,0,1,1,0.097,0.097,0.0277777777777778,0.0277777777777778,0.200351293438941,0.425639859210603,0,0,NaN,NaN,NaN,NaN,0.161674237508112,0.42,0.58,1,0.319377027903959,0.157702790395848,3985,3402,1504,314,1803,7994,3333,4661,4276,1803,2473,0,0,0,2026,0.545209903121636,0,2305,1735,73,2,32,32,0,0,0,0,315,3869,3104,0.823083333333312,0,0,0,0.824472761239325,0.849553998510651,0,0,0,0,0,1.16758333333325,13.6079999999989,0.403,0.990463999999993,0,0,2.80219999999979,125.333333333333,277.75,150.25,0.0296030678148548,0.069,0.0918075429839158,0.199999999999999,0.991451313159648,8946,407,0.101945003353454,0.113022113022113,0.100032494584236,0.0979905432427929,1.9713113,0,10202092289156,339871134111,1676201720,0,167202701
development,16016004,n20-ring2,N20 ring2,MAC-aware ablation,guarded-adaptive,5,NaN,mac-aware-broadcast,Adaptive ACK + guard,adaptive,20,ring2,di,csma,0.2,0.2,0,1,1,0.097,0.097,0.0277777777777778,0.0277777777777778,0.393129336014635,0.274699453560899,1,0,NaN,NaN,NaN,NaN,0.370577547047372,0.92,1.28,1.88,1.09202682240969,0.721449275362318,2302,6390,758,0,503,14942,1575,13367,3572,503,3069,0,0,0,5619,0.879342723004695,0,2,4090,9,1,32,32,0,0,0,0,0,3572,5,0.804666666666657,0,38,0,0.802880867092146,0.847222485764128,4612,4468,998,4595,17,2.13000000000016,25.5600000000019,0,0.914432000000014,0,0,5.11200000000037,63.1666666666667,131.25,41.9166666666667,0.0313496087636934,0.077,0.124924453280318,0.2059,0.987970286814774,15733,0,0.100171613805377,0,0.100032494584236,0.0979905432427929,2.0107488,0,10202092289156,339871134111,1676201720,0,167320863
development,16016004,n20-ring2,N20 ring2,MAC-aware ablation,full-v2,6,NaN,mac-aware-broadcast,Full MAC-aware v2,adaptive,20,ring2,di,csma,0.05,0.2,0,1,1,0.097,0.097,0.0277777777777778,0.0277777777777778,0.23378058620351,0.410642603759045,0,0,NaN,NaN,NaN,NaN,0.192362102530825,0.42,0.560000000000001,1.06,0.355476963011032,0.163114860480208,2026,3352,1580,1,1795,7749,3436,4313,4023,1795,2228,0,0,0,1737,0.518043543095735,0,123,1462,72,1,32,32,0,0,0,0,1,4020,336,0.789499999999998,1,76,0,0.793713137125148,0.823871056445224,5511,2986,4066,5470,41,1.11749999999991,13.407999999999,0.002,1.02912,0,0,2.68199999999979,131.666666666667,286.333333333333,149.583333333333,0.0660086489710708,0.176,0.128777158774373,0.268,0.995819504723002,8722,3,0.0991745012611786,0,0.100032494584236,0.0979905432427929,1.893035,0,10202092289156,339871134111,1676201720,0,167307548
development,16016005,n5-csma,N5 CSMA,MAC-aware ablation,frozen-hybrid,1,NaN,causal-broadcast,Frozen hybrid,hybrid,5,ring2,6dof,csma,0.2,0.2,0,1,1,0.097,0.097,0.0277777777777778,0.0277777777777778,0.0577522818606758,0.528387772464935,0,0,9.64815419186399,12.3232928967576,0,1.03664174400322,0.0810834715312326,0.16,0.219999999999999,0.280000000000001,0.115190713101161,0.0341072415699282,605,719,571,521,812,1325,984,341,1029,812,217,0,0,0,174,0.140322580645161,0,3,117,0,2,32,32,0,0,0,0,521,351,3,0.272999999999977,0,0,0,0.255875014391864,0.306482070002752,0,0,0,0,0,0.295583333333334,2.876,0.671,0.0898560000000002,0,0,0.7094,47.5833333333333,82,67.6666666666667,0.00648306451612908,0.02,0.0323583743842365,0.0519999999999996,0.986881573968975,1449,678,0.107660455486542,0.119469026548673,0.103689385102483,0.104635894017664,0.9515249,0,667031052582,21216674848,105363559,0,132553307
development,16016005,n5-csma,N5 CSMA,MAC-aware ablation,frozen-piggyback,2,NaN,causal-broadcast,Frozen piggyback,piggyback,5,ring2,6dof,csma,0.2,0.2,0,1,1,0.097,0.097,0.0277777777777778,0.0277777777777778,0.0545916764313942,0.528551011557854,0,0,9.64815419186399,12.4072301943656,0,1.03667447196888,0.071332227750138,0.159999999999998,0.200000000000001,0.279999999999999,0.145019347705915,0.0736871199557768,720,816,684,0,720,1514,1173,341,904,720,184,0,0,0,100,0.122549019607843,0,2,98,0,1,32,32,0,0,0,0,0,904,3,0.25499999999998,0,0,0,0.21741594808275,0.272878934531,0,0,0,0,0,0.272,3.264,0,0.231424000000002,0,0,0.6528,57,97.75,60,0.00673529411764712,0.01925,0.0462861111111112,0.105,0.989626871985786,1853,0,0.108472746896924,0,0.103689385102483,0.104635894017664,0.8552497,0,667031052582,21216674848,105363559,0,132561457
development,16016005,n5-csma,N5 CSMA,MAC-aware ablation,adaptive-only,3,NaN,mac-aware-broadcast,Adaptive ACK only,adaptive,5,ring2,6dof,csma,0.2,0.2,0,1,1,0.097,0.097,0.0277777777777778,0.0277777777777778,0.0537810588411071,0.529632124557509,0,0,9.64815419186399,12.4072301943656,0,1.03666267282811,0.0722388059701492,0.16,0.200000000000001,0.24,0.137236042012161,0.0649972360420122,705,823,676,66,722,1517,1167,350,952,722,230,0,0,0,128,0.143982002249719,0,0,118,0,2,32,32,0,0,0,0,66,804,0,0.264583333333313,66,0,0,0.231796955595296,0.283006279122485,0,0,0,0,0,0.28525,3.292,0.131,0.205824000000002,0,0,0.684600000000001,56.3333333333333,97.25,60.1666666666667,0.00696737907761537,0.0216,0.0446772853185597,0.0979500000000008,0.986073409144855,1816,148,0.11068281938326,0.128378378378378,0.103689385102483,0.104635894017664,0.9264051,0,667031052582,21216674848,105363559,0,132555407
development,16016005,n5-csma,N5 CSMA,MAC-aware ablation,access-only,4,NaN,causal-broadcast,Access scaling only,hybrid,5,ring2,6dof,csma,0.2,0.2,0,1,1,0.097,0.097,0.0277777777777778,0.0277777777777778,0.0577522818606758,0.528387772464935,0,0,9.64815419186399,12.3232928967576,0,1.03664174400322,0.0810834715312326,0.16,0.219999999999999,0.280000000000001,0.115190713101161,0.0341072415699282,605,719,571,521,812,1325,984,341,1029,812,217,0,0,0,174,0.140322580645161,0,3,117,0,2,32,32,0,0,0,0,521,351,3,0.272999999999977,0,0,0,0.255875014391864,0.306482070002752,0,0,0,0,0,0.295583333333334,2.876,0.671,0.0898560000000002,0,0,0.7094,47.5833333333333,82,67.6666666666667,0.00648306451612908,0.02,0.0323583743842365,0.0519999999999996,0.986881573968975,1449,678,0.107660455486542,0.119469026548673,0.103689385102483,0.104635894017664,0.9812159,0,667031052582,21216674848,105363559,0,132550411
development,16016005,n5-csma,N5 CSMA,MAC-aware ablation,guarded-adaptive,5,NaN,mac-aware-broadcast,Adaptive ACK + guard,adaptive,5,ring2,6dof,csma,0.2,0.2,0,1,1,0.097,0.097,0.0277777777777778,0.0277777777777778,0.0541225215275574,0.529987910814142,0,0,9.64815419186399,12.4072301943656,0,1.03665746653735,0.0735986733001658,0.16,0.219999999999999,0.300000000000001,0.138518518518518,0.0649198452183527,708,866,675,55,748,1612,1169,443,1012,748,264,0,0,0,171,0.185667752442997,0,0,158,0,1,32,32,0,0,0,0,55,900,0,0.267833333333312,55,0,0,0.24098217542087,0.349652508471597,12,0,12,9,3,0.297166666666667,3.464,0.102,0.230400000000002,0,0,0.713200000000001,56.25,97.4166666666667,62.3333333333333,0.00771118349619986,0.024,0.0469759358288771,0.104,0.984549727189239,1961,112,0.122896481387047,0.0535714285714286,0.103689385102483,0.104635894017664,0.9753795,0,667031052582,21216674848,105363559,0,132560451
development,16016005,n5-csma,N5 CSMA,MAC-aware ablation,full-v2,6,NaN,mac-aware-broadcast,Full MAC-aware v2,adaptive,5,ring2,6dof,csma,0.2,0.2,0,1,1,0.097,0.097,0.0277777777777778,0.0277777777777778,0.0541225215275574,0.529987910814142,0,0,9.64815419186399,12.4072301943656,0,1.03665746653735,0.0735986733001658,0.16,0.219999999999999,0.300000000000001,0.138518518518518,0.0649198452183527,708,866,675,55,748,1612,1169,443,1012,748,264,0,0,0,171,0.185667752442997,0,0,158,0,1,32,32,0,0,0,0,55,900,0,0.267833333333312,55,0,0,0.24098217542087,0.349652508471597,12,0,12,9,3,0.297166666666667,3.464,0.102,0.230400000000002,0,0,0.713200000000001,56.25,97.4166666666667,62.3333333333333,0.00771118349619986,0.024,0.0469759358288771,0.104,0.984549727189239,1961,112,0.122896481387047,0.0535714285714286,0.103689385102483,0.104635894017664,0.9558027,0,667031052582,21216674848,105363559,0,132547136
development,16016005,n5-aloha,N5 ALOHA,MAC-aware ablation,frozen-hybrid,1,NaN,causal-broadcast,Frozen hybrid,hybrid,5,ring2,6dof,aloha,0.2,0.2,0,1,1,0.097,0.097,0.0277777777777778,0.0277777777777778,0.0856433724364143,0.474848206799576,0,0,9.59130481919747,12.472559410014,0,1.03629533831758,0.105870646766169,0.279999999999999,0.42,0.699999999999999,0.202620232172471,0.0967495854063019,951,2191,435,310,385,4072,765,3305,1180,385,795,1,2,0,1840,0.735705717712915,0,43,1283,2,2,32,32,0,0,0,0,310,796,18,0.505666666666691,0,0,0,0.406396431485962,0.522630813816622,0,0,0,0,0,0.762249999999957,8.76399999999948,0.383,0.203776000000003,0,0,1.8293999999999,36.25,63.75,32.0833333333333,0.00932866853258701,0.024,0.0352051948051949,0.056,0.977124267382717,4352,384,0.105238970588235,0.135416666666667,0.103689385102483,0.104635894017664,1.1174474,0,667031052582,21216674848,105363559,0,132993907
development,16016005,n5-aloha,N5 ALOHA,MAC-aware ablation,frozen-piggyback,2,NaN,causal-broadcast,Frozen piggyback,piggyback,5,ring2,6dof,aloha,0.2,0.2,0,1,1,0.097,0.097,0.0277777777777778,0.0277777777777778,0.0975010411771731,0.443395457828176,0,0,9.58436832815024,12.2515738706768,0,1.03615940952118,0.165284687672747,0.571999999999998,1.0384,1.26,0.470436705362078,0.305152017689331,992,2299,437,0,347,4175,787,3388,1359,347,1012,0,0,0,1834,0.797738147020444,0,38,1345,5,1,32,32,0,0,0,0,0,1359,5,0.477166666666681,0,0,0,0.41594693969536,0.552627386586796,0,0,0,0,0,0.766333333333286,9.19599999999943,0,0.347904,0,0,1.83919999999989,36.4166666666667,65.5833333333333,28.9166666666667,0.0101200521966073,0.0250000000000004,0.0494870317002883,0.1057,0.968721941816522,4756,0,0.109335576114382,0,0.103689385102483,0.104635894017664,1.0647635,0,667031052582,21216674848,105363559,0,133002057
development,16016005,n5-aloha,N5 ALOHA,MAC-aware ablation,adaptive-only,3,NaN,mac-aware-broadcast,Adaptive ACK only,adaptive,5,ring2,6dof,aloha,0.2,0.2,0,1,1,0.097,0.097,0.0277777777777778,0.0277777777777778,0.07857006068227,0.488636481755821,0,0,9.59130481919747,12.472559410014,0,1.03634904347693,0.110116086235489,0.279999999999999,0.44,0.659999999999999,0.219668325041459,0.10955223880597,914,2024,454,302,432,3784,774,3010,1132,432,700,0,0,0,1643,0.706362854686156,0,45,1155,2,2,32,32,0,0,0,0,302,732,19,0.474000000000014,302,19,0,0.380963352127861,0.526438273105775,0,0,0,0,0,0.707666666666629,8.09599999999955,0.396,0.187392000000002,0,0,1.69839999999991,37.8333333333333,64.5,36,0.00908512467755809,0.024,0.0346388888888889,0.0564499999999999,0.988708207415935,4034,400,0.108081308874566,0.1225,0.103689385102483,0.104635894017664,1.1013989,0,667031052582,21216674848,105363559,0,132996007
development,16016005,n5-aloha,N5 ALOHA,MAC-aware ablation,access-only,4,NaN,causal-broadcast,Access scaling only,hybrid,5,ring2,6dof,aloha,0.2,0.2,0,1,1,0.097,0.097,0.0277777777777778,0.0277777777777778,0.0856433724364143,0.474848206799576,0,0,9.59130481919747,12.472559410014,0,1.03629533831758,0.105870646766169,0.279999999999999,0.42,0.699999999999999,0.202620232172471,0.0967495854063019,951,2191,435,310,385,4072,765,3305,1180,385,795,1,2,0,1840,0.735705717712915,0,43,1283,2,2,32,32,0,0,0,0,310,796,18,0.505666666666691,0,0,0,0.406396431485962,0.522630813816622,0,0,0,0,0,0.762249999999957,8.76399999999948,0.383,0.203776000000003,0,0,1.8293999999999,36.25,63.75,32.0833333333333,0.00932866853258701,0.024,0.0352051948051949,0.056,0.977124267382717,4352,384,0.105238970588235,0.135416666666667,0.103689385102483,0.104635894017664,1.1654085,0,667031052582,21216674848,105363559,0,132991011
development,16016005,n5-aloha,N5 ALOHA,MAC-aware ablation,guarded-adaptive,5,NaN,mac-aware-broadcast,Adaptive ACK + guard,adaptive,5,ring2,6dof,aloha,0.2,0.2,0,1,1,0.097,0.097,0.0277777777777778,0.0277777777777778,0.0721470038498572,0.495367485762234,0,0,9.59130481919747,12.5377599933185,0,1.03640918107261,0.0938087341072414,0.219999999999999,0.299999999999999,0.379999999999999,0.176716417910447,0.0829076838032062,842,1891,448,346,457,3456,788,2668,1066,457,609,0,0,0,1550,0.692892266428252,0,1,1050,6,2,32,32,0,0,0,0,346,601,2,0.449000000000006,346,9,0,0.372931251096063,0.553524887357516,59,12,48,59,0,0.668583333333301,7.56399999999961,0.459,0.153856000000002,0,0,1.60459999999992,37.3333333333333,65.6666666666667,38.0833333333333,0.0093915958873492,0.0259999999999998,0.0344595185995625,0.0552000000000005,0.986745329400197,3670,465,0.105449591280654,0.10752688172043,0.103689385102483,0.104635894017664,1.1259129,0,667031052582,21216674848,105363559,0,133001051
development,16016005,n5-aloha,N5 ALOHA,MAC-aware ablation,full-v2,6,NaN,mac-aware-broadcast,Full MAC-aware v2,adaptive,5,ring2,6dof,aloha,0.2,0.2,0,1,1,0.097,0.097,0.0277777777777778,0.0277777777777778,0.0721470038498572,0.495367485762234,0,0,9.59130481919747,12.5377599933185,0,1.03640918107261,0.0938087341072414,0.219999999999999,0.299999999999999,0.379999999999999,0.176716417910447,0.0829076838032062,842,1891,448,346,457,3456,788,2668,1066,457,609,0,0,0,1550,0.692892266428252,0,1,1050,6,2,32,32,0,0,0,0,346,601,2,0.449000000000006,346,9,0,0.372931251096063,0.553524887357516,59,12,48,59,0,0.668583333333301,7.56399999999961,0.459,0.153856000000002,0,0,1.60459999999992,37.3333333333333,65.6666666666667,38.0833333333333,0.0093915958873492,0.0259999999999998,0.0344595185995625,0.0552000000000005,0.986745329400197,3670,465,0.105449591280654,0.10752688172043,0.103689385102483,0.104635894017664,1.1507439,0,667031052582,21216674848,105363559,0,132987736
development,16016005,n5-background030,N5 30% background,MAC-aware ablation,frozen-hybrid,1,NaN,causal-broadcast,Frozen hybrid,hybrid,5,ring2,6dof,csma,0.2,0.2,0.3,1,1,0.097,0.097,0.0277777777777778,0.0277777777777778,0.0941557209896004,0.481537593709905,0,0,9.61971398361869,12.7238937003825,0,1.03643751464117,0.132106135986733,0.32,0.438400000000001,0.620000000000001,0.327639579878386,0.195533443891653,1052,2182,436,168,339,4009,761,3245,1412,339,1071,2,3,2,1797,0.76468085106383,0,221,1353,28,2,32,32,0,0,0,0,168,1194,192,0.762750000000013,0,0,0,0.754011085749268,0.806563341779091,0,0,0,0,0,0.745166666666624,8.72799999999948,0.214,0.305664000000001,3.58699999999964,1451,1.7883999999999,36.3333333333333,63.4166666666667,28.25,0.0181280851063831,0.0449999999999999,0.0523362831858408,0.0941,0.985923966599243,4442,218,0.113912651958577,0.123853211009174,0.103689385102483,0.104635894017664,1.1590768,0,667031052582,21216674848,105363559,0,133223569
development,16016005,n5-background030,N5 30% background,MAC-aware ablation,frozen-piggyback,2,NaN,causal-broadcast,Frozen piggyback,piggyback,5,ring2,6dof,csma,0.2,0.2,0.3,1,1,0.097,0.097,0.0277777777777778,0.0277777777777778,0.0850138910258909,0.491963977342599,0,0,9.61971398361869,12.6494501071722,0,1.03646553208129,0.125638474295191,0.300000000000001,0.4,0.48,0.32424543946932,0.198606965174129,1076,2157,460,0,317,3940,805,3132,1560,317,1242,2,3,1,1681,0.779323133982383,0,222,1303,28,1,32,32,0,0,0,0,0,1560,191,0.745000000000024,0,0,0,0.734351383068159,0.82156139909902,0,0,0,0,0,0.718999999999958,8.62799999999949,0,0.39936,3.58699999999964,1421,1.7255999999999,38.3333333333333,67.0833333333333,26.4166666666667,0.018937876680575,0.048,0.056242902208202,0.120199999999999,0.992448759439051,4537,0,0.122988759091911,0,0.103689385102483,0.104635894017664,1.1012768,0,667031052582,21216674848,105363559,0,133231719
development,16016005,n5-background030,N5 30% background,MAC-aware ablation,adaptive-only,3,NaN,mac-aware-broadcast,Adaptive ACK only,adaptive,5,ring2,6dof,csma,0.2,0.2,0.3,1,1,0.097,0.097,0.0277777777777778,0.0277777777777778,0.0817380147771805,0.492030599751413,0,0,9.61971398361869,12.6494501071722,0,1.03647625794999,0.112537313432836,0.26,0.34,0.460000000000001,0.251088999447208,0.138551686014373,1052,2083,465,8,353,3789,811,2978,1571,353,1218,0,0,0,1602,0.766140602582496,0,221,1252,30,2,32,32,0,0,0,0,8,1551,195,0.734000000000029,8,2,0,0.703660478916614,0.805273739023615,0,0,0,0,0,0.695666666666627,8.33199999999953,0.016,0.397055999999999,3.58699999999964,1370,1.66959999999991,38.75,67.5833333333333,29.4166666666667,0.0186341463414635,0.0489999999999995,0.0587563739376772,0.1218,0.9921081006676,4377,20,0.126342243545808,0,0.103689385102483,0.104635894017664,1.137339,0,667031052582,21216674848,105363559,0,133225669
development,16016005,n5-background030,N5 30% background,MAC-aware ablation,access-only,4,NaN,causal-broadcast,Access scaling only,hybrid,5,ring2,6dof,csma,0.2,0.2,0.3,1,1,0.097,0.097,0.0277777777777778,0.0277777777777778,0.0941557209896004,0.481537593709905,0,0,9.61971398361869,12.7238937003825,0,1.03643751464117,0.132106135986733,0.32,0.438400000000001,0.620000000000001,0.327639579878386,0.195533443891653,1052,2182,436,168,339,4009,761,3245,1412,339,1071,2,3,2,1797,0.76468085106383,0,221,1353,28,2,32,32,0,0,0,0,168,1194,192,0.762750000000013,0,0,0,0.754011085749268,0.806563341779091,0,0,0,0,0,0.745166666666624,8.72799999999948,0.214,0.305664000000001,3.58699999999964,1451,1.7883999999999,36.3333333333333,63.4166666666667,28.25,0.0181280851063831,0.0449999999999999,0.0523362831858408,0.0941,0.985923966599243,4442,218,0.113912651958577,0.123853211009174,0.103689385102483,0.104635894017664,1.2145342,0,667031052582,21216674848,105363559,0,133220673
development,16016005,n5-background030,N5 30% background,MAC-aware ablation,guarded-adaptive,5,NaN,mac-aware-broadcast,Adaptive ACK + guard,adaptive,5,ring2,6dof,csma,0.2,0.2,0.3,1,1,0.097,0.097,0.0277777777777778,0.0277777777777778,0.0857627635009513,0.488669617859359,0,0,9.62119706174305,12.6775416848496,0,1.0364526162884,0.119789939192924,0.291999999999998,0.42,0.74,0.278794914317302,0.159004975124378,885,2118,444,15,311,3900,773,3127,1360,311,1049,0,0,0,1661,0.778715424285045,0,3,1239,13,1,32,32,0,0,0,0,15,1329,13,0.743166666666692,15,1,0,0.719820451347296,0.778701048333522,330,137,231,314,16,0.708416666666626,8.47199999999951,0.029,0.340224000000001,3.58699999999964,1416,1.7001999999999,37,64.4166666666667,25.9166666666667,0.021748241912799,0.0580000000000003,0.0617266881028939,0.127,0.993779301305641,4379,31,0.113952957296186,0,0.103689385102483,0.104635894017664,1.1692426,0,667031052582,21216674848,105363559,0,133230713
development,16016005,n5-background030,N5 30% background,MAC-aware ablation,full-v2,6,NaN,mac-aware-broadcast,Full MAC-aware v2,adaptive,5,ring2,6dof,csma,0.2,0.2,0.3,1,1,0.097,0.097,0.0277777777777778,0.0277777777777778,0.0857627635009513,0.488669617859359,0,0,9.62119706174305,12.6775416848496,0,1.0364526162884,0.119789939192924,0.291999999999998,0.42,0.74,0.278794914317302,0.159004975124378,885,2118,444,15,311,3900,773,3127,1360,311,1049,0,0,0,1661,0.778715424285045,0,3,1239,13,1,32,32,0,0,0,0,15,1329,13,0.743166666666692,15,1,0,0.719820451347296,0.778701048333522,330,137,231,314,16,0.708416666666626,8.47199999999951,0.029,0.340224000000001,3.58699999999964,1416,1.7001999999999,37,64.4166666666667,25.9166666666667,0.021748241912799,0.0580000000000003,0.0617266881028939,0.127,0.993779301305641,4379,31,0.113952957296186,0,0.103689385102483,0.104635894017664,1.0754639,0,667031052582,21216674848,105363559,0,133217398
development,16016005,n5-hidden,N5 hidden terminals,MAC-aware ablation,frozen-hybrid,1,NaN,causal-broadcast,Frozen hybrid,hybrid,5,ring2,6dof,csma,0.2,0.2,0,0.6,1,0.097,0.097,0.0277777777777778,0.0277777777777778,0.0589808483395449,0.521643986608039,0,0,9.56635845612176,12.3587456369624,0,1.03663190044845,0.0827086788280817,0.18,0.280000000000001,0.52,0.140840243228303,0.0581315644002211,729,1236,555,471,656,2309,955,1354,1126,656,470,0,0,0,780,0.456942003514938,0,17,524,5,2,32,32,0,0,0,0,471,507,10,0.376499999999983,0,0,0,0.200776546001146,0.338530326263609,0,0,0,0,0,0.462583333333325,4.9439999999999,0.607,0.129792000000001,0,0,1.11019999999998,46.25,79.5833333333333,54.6666666666667,0.00868131224370243,0.0276999999999992,0.0336067073170733,0.0569999999999997,0.988923669636407,2471,619,0.105625252934035,0.111470113085622,0.103689385102483,0.104635894017664,1.0620925,0,667031052582,21216674848,105363559,0,133003857
development,16016005,n5-hidden,N5 hidden terminals,MAC-aware ablation,frozen-piggyback,2,NaN,causal-broadcast,Frozen piggyback,piggyback,5,ring2,6dof,csma,0.2,0.2,0,0.6,1,0.097,0.097,0.0277777777777778,0.0277777777777778,0.060527009378335,0.521467654255256,0,0,9.56227371328916,12.3355378995973,0,1.03660642211572,0.0786511885019348,0.180000000000001,0.26,0.4,0.162951907131012,0.084300718629077,822,1392,621,0,613,2566,1090,1476,1350,613,737,0,0,0,740,0.531609195402299,0,17,587,7,1,32,32,0,0,0,0,0,1350,19,0.369749999999982,0,0,0,0.201858786278368,0.287550400674506,0,0,0,0,0,0.463999999999986,5.56799999999983,0,0.345600000000002,0,0,1.11359999999997,51.75,90.8333333333333,51.0833333333333,0.0101989942528737,0.0280000000000005,0.0500081566068517,0.11,0.98810100311311,3070,0,0.103908794788274,0,0.103689385102483,0.104635894017664,0.939301700000001,0,667031052582,21216674848,105363559,0,133012007
development,16016005,n5-hidden,N5 hidden terminals,MAC-aware ablation,adaptive-only,3,NaN,mac-aware-broadcast,Adaptive ACK only,adaptive,5,ring2,6dof,csma,0.2,0.2,0,0.6,1,0.097,0.097,0.0277777777777778,0.0277777777777778,0.0627617777083253,0.518716881758175,0,0,9.56227371328916,12.3355378995973,0,1.03647446147636,0.087739082365948,0.219999999999999,0.300000000000001,0.380000000000001,0.18033167495854,0.0925925925925927,880,1463,594,52,566,2702,1029,1673,1224,566,658,0,0,0,857,0.565676567656766,0,75,658,23,2,32,32,0,0,0,0,52,1123,37,0.380583333333318,52,0,0,0.208718198187354,0.312499524270859,0,0,0,0,0,0.495583333333317,5.8519999999998,0.0950000000000001,0.287488000000002,0,0,1.18939999999996,49.5,85.75,47.1666666666667,0.0096264026402641,0.027,0.0473869257950532,0.10175,0.984832668099478,3112,101,0.109575835475578,0.099009900990099,0.103689385102483,0.104635894017664,1.0375118,0,667031052582,21216674848,105363559,0,133005957
development,16016005,n5-hidden,N5 hidden terminals,MAC-aware ablation,access-only,4,NaN,causal-broadcast,Access scaling only,hybrid,5,ring2,6dof,csma,0.2,0.2,0,0.6,1,0.097,0.097,0.0277777777777778,0.0277777777777778,0.0589808483395449,0.521643986608039,0,0,9.56635845612176,12.3587456369624,0,1.03663190044845,0.0827086788280817,0.18,0.280000000000001,0.52,0.140840243228303,0.0581315644002211,729,1236,555,471,656,2309,955,1354,1126,656,470,0,0,0,780,0.456942003514938,0,17,524,5,2,32,32,0,0,0,0,471,507,10,0.376499999999983,0,0,0,0.200776546001146,0.338530326263609,0,0,0,0,0,0.462583333333325,4.9439999999999,0.607,0.129792000000001,0,0,1.11019999999998,46.25,79.5833333333333,54.6666666666667,0.00868131224370243,0.0276999999999992,0.0336067073170733,0.0569999999999997,0.988923669636407,2471,619,0.105625252934035,0.111470113085622,0.103689385102483,0.104635894017664,1.0951052,0,667031052582,21216674848,105363559,0,133000961
development,16016005,n5-hidden,N5 hidden terminals,MAC-aware ablation,guarded-adaptive,5,NaN,mac-aware-broadcast,Adaptive ACK + guard,adaptive,5,ring2,6dof,csma,0.2,0.2,0,0.6,1,0.097,0.097,0.0277777777777778,0.0277777777777778,0.0589656276211252,0.524207160522447,0,0,9.56227371328916,12.3355378995973,0,1.03655852675376,0.0843781094527362,0.199999999999999,0.34,0.48,0.17551133222775,0.091133222775014,807,1357,613,51,603,2534,1054,1480,1168,603,565,0,0,0,727,0.516335227272727,0,0,550,15,2,32,32,0,0,0,0,51,1057,8,0.36599999999998,51,0,0,0.202293147573846,0.388389352173755,51,0,51,46,5,0.460666666666654,5.42799999999985,0.1,0.270592000000002,0,0,1.10559999999997,51.0833333333333,87.8333333333333,50.25,0.0102357954545456,0.0299999999999999,0.0467595356550582,0.103799999999999,0.992955197061583,2888,111,0.104570637119114,0.0630630630630631,0.103689385102483,0.104635894017664,1.0776519,0,667031052582,21216674848,105363559,0,133011001
development,16016005,n5-hidden,N5 hidden terminals,MAC-aware ablation,full-v2,6,NaN,mac-aware-broadcast,Full MAC-aware v2,adaptive,5,ring2,6dof,csma,0.2,0.2,0,0.6,1,0.097,0.097,0.0277777777777778,0.0277777777777778,0.0589656276211252,0.524207160522447,0,0,9.56227371328916,12.3355378995973,0,1.03655852675376,0.0843781094527362,0.199999999999999,0.34,0.48,0.17551133222775,0.091133222775014,807,1357,613,51,603,2534,1054,1480,1168,603,565,0,0,0,727,0.516335227272727,0,0,550,15,2,32,32,0,0,0,0,51,1057,8,0.36599999999998,51,0,0,0.202293147573846,0.388389352173755,51,0,51,46,5,0.460666666666654,5.42799999999985,0.1,0.270592000000002,0,0,1.10559999999997,51.0833333333333,87.8333333333333,50.25,0.0102357954545456,0.0299999999999999,0.0467595356550582,0.103799999999999,0.992955197061583,2888,111,0.104570637119114,0.0630630630630631,0.103689385102483,0.104635894017664,1.0066864,0,667031052582,21216674848,105363559,0,132997686
development,16016005,n10-ring2,N10 ring2,MAC-aware ablation,frozen-hybrid,1,NaN,causal-broadcast,Frozen hybrid,hybrid,10,ring2,di,csma,0.2,0.2,0,1,1,0.097,0.097,0.0277777777777778,0.0277777777777778,0.0947391041125924,0.504297353966492,0,0,NaN,NaN,NaN,NaN,0.0852546789860222,0.180000000000001,0.26,0.420000000000002,0.156436863302535,0.0711821843165128,1656,2757,1185,866,1418,6031,2382,3647,3103,1418,1685,1,2,0,1880,0.518906983163124,0,189,1290,22,2,32,32,0,0,0,0,866,1937,187,0.730833333333366,0,0,0,0.684304015553567,0.791819715321094,0,0,0,0,0,1.01424999999994,11.0279999999992,1.14299999999999,0.495871999999993,0,0,2.43419999999984,98.75,198.5,118.166666666667,0.0140888766215844,0.04,0.0432581100141045,0.0779999999999995,0.986549526827178,6573,1166,0.102997109386886,0.107204116638079,0.104742542909515,0.0998483586068988,1.5839851,0,2586259445556,84950081492,410907084,0,141501863
development,16016005,n10-ring2,N10 ring2,MAC-aware ablation,frozen-piggyback,2,NaN,causal-broadcast,Frozen piggyback,piggyback,10,ring2,di,csma,0.2,0.2,0,1,1,0.097,0.097,0.0277777777777778,0.0277777777777778,0.0874871027317382,0.511810212968807,0,0,NaN,NaN,NaN,NaN,0.0758208955223879,0.16,0.24,0.34,0.147969675432362,0.0721487799099742,1640,2501,1266,0,1503,5343,2519,2822,3013,1503,1509,1,2,1,1198,0.479008396641343,0,171,1034,15,1,32,32,0,0,0,0,0,3013,191,0.603083333333387,0,0,0,0.525847870475443,0.622958541572172,0,0,0,0,0,0.833666666666612,10.0039999999993,0,0.771327999999998,0,0,2.00079999999987,105.5,209.916666666667,125.25,0.0137860855657738,0.0379999999999998,0.0537598137059216,0.111,0.99292272237297,6168,0,0.104409857328145,0,0.104742542909515,0.0998483586068988,1.4121427,0,2586259445556,84950081492,410907084,0,141510013
development,16016005,n10-ring2,N10 ring2,MAC-aware ablation,adaptive-only,3,NaN,mac-aware-broadcast,Adaptive ACK only,adaptive,10,ring2,di,csma,0.2,0.2,0,1,1,0.097,0.097,0.0277777777777778,0.0277777777777778,0.0861069402738516,0.512064143052615,0,0,NaN,NaN,NaN,NaN,0.0779625681118217,0.18,0.24,0.379999999999999,0.156958066808813,0.0789954986969915,1581,2312,1325,98,1551,5008,2649,2357,2780,1551,1227,1,2,2,979,0.406224066390041,0,105,836,12,2,32,32,0,0,0,0,98,2550,108,0.608250000000054,98,8,0,0.570700065843715,0.714255446634026,0,0,0,0,0,0.786833333333286,9.24799999999943,0.194,0.652799999999998,0,0,1.88839999999989,110.416666666667,220.75,129.25,0.0130228215767636,0.0379999999999999,0.0507485493230175,0.107,0.989591847087803,5706,230,0.107255520504732,0.0956521739130435,0.104742542909515,0.0998483586068988,1.4208484,0,2586259445556,84950081492,410907084,0,141503963
development,16016005,n10-ring2,N10 ring2,MAC-aware ablation,access-only,4,NaN,causal-broadcast,Access scaling only,hybrid,10,ring2,di,csma,0.1,0.1,0,1,1,0.097,0.097,0.0277777777777778,0.0277777777777778,0.0991016030325376,0.501773857212696,0,0,NaN,NaN,NaN,NaN,0.0881070836294716,0.180000000000001,0.26,0.440000000000001,0.149973939824686,0.0618668561952145,1522,1891,1230,816,1703,4118,2492,1625,2707,1703,1002,1,1,2,851,0.31437015145918,0,209,580,5,2,32,32,0,0,0,0,817,1617,263,0.612083333333385,0,0,0,0.596786901566891,0.701541079973981,0,0,0,0,0,0.719999999999967,7.56399999999961,1.076,0.413951999999998,0,0,1.72799999999992,102.5,207.666666666667,141.916666666667,0.0192161063908386,0.054,0.0528173810921904,0.0990000000000002,0.982377081114776,4562,1090,0.104778605874616,0.0899082568807339,0.104742542909515,0.0998483586068988,1.5402842,0,2586259445556,84950081492,410907084,0,141776410
development,16016005,n10-ring2,N10 ring2,MAC-aware ablation,guarded-adaptive,5,NaN,mac-aware-broadcast,Adaptive ACK + guard,adaptive,10,ring2,di,csma,0.2,0.2,0,1,1,0.097,0.097,0.0277777777777778,0.0277777777777778,0.0872421773326528,0.513161465395143,0,0,NaN,NaN,NaN,NaN,0.078246860933428,0.16,0.219999999999999,0.32,0.153030087656953,0.0747832267235253,1458,2250,1314,105,1581,4844,2623,2221,2772,1581,1191,0,0,0,926,0.393205944798302,0,1,793,2,1,32,32,0,0,0,0,105,2531,3,0.601416666666719,105,3,0,0.542012369404783,0.655598673548883,208,130,104,196,12,0.767416666666621,8.99999999999945,0.209,0.647936000000001,0,0,1.84179999999989,109.5,218.583333333333,131.75,0.0148743099787687,0.044,0.0540094876660342,0.109999999999999,0.991977294663786,5515,241,0.105893019038985,0.141078838174274,0.104742542909515,0.0998483586068988,1.444088,0,2586259445556,84950081492,410907084,0,141509007
development,16016005,n10-ring2,N10 ring2,MAC-aware ablation,full-v2,6,NaN,mac-aware-broadcast,Full MAC-aware v2,adaptive,10,ring2,di,csma,0.1,0.2,0,1,1,0.097,0.097,0.0277777777777778,0.0277777777777778,0.0920264052892519,0.505912863004189,0,0,NaN,NaN,NaN,NaN,0.0824828239753612,0.18,0.239999999999998,0.34,0.156048329779673,0.073565505804312,1465,1896,1380,75,1656,4108,2751,1357,2400,1656,744,0,0,0,495,0.251141552511416,0,7,438,8,2,32,32,0,0,0,0,75,2228,22,0.561166666666704,75,0,0,0.531509569453841,0.621670428229953,228,0,228,221,7,0.644166666666634,7.58399999999961,0.146,0.570367999999998,0,0,1.54599999999992,115,229.25,138,0.021771689497717,0.0649999999999995,0.0601032608695653,0.12,0.985744898909904,4705,172,0.104357066950053,0.0930232558139535,0.104742542909515,0.0998483586068988,1.4065763,0,2586259445556,84950081492,410907084,0,141495692
development,16016005,n20-ring2,N20 ring2,MAC-aware ablation,frozen-hybrid,1,NaN,causal-broadcast,Frozen hybrid,hybrid,20,ring2,di,csma,0.2,0.2,0,1,1,0.097,0.097,0.0277777777777778,0.0277777777777778,0.497651360135203,0.166462469603071,1,0,NaN,NaN,NaN,NaN,0.54209171533636,1.6,2.22,3.1,3.97356262167424,3.43147090633787,3657,8468,481,149,141,19953,1020,18923,2621,141,2480,1,10,0,8109,0.941046768016711,0,1086,5906,94,2,32,32,0,0,0,0,150,2464,492,0.976416666666561,0,0,0,0.983097165573052,0.994812477297398,0,0,0,0,0,2.83575000000025,33.872000000003,0.157,0.630784,0,0,6.8058000000006,40.0833333333333,85,11.75,0.02595775792039,0.0589999999999993,0.077567375886525,0.162,0.957065442210639,20453,157,0.0990074805651983,0.089171974522293,0.100032286285619,0.0986373104482586,2.336531,0,10199896844250,339888851812,1676201720,0,167313721
development,16016005,n20-ring2,N20 ring2,MAC-aware ablation,frozen-piggyback,2,NaN,causal-broadcast,Frozen piggyback,piggyback,20,ring2,di,csma,0.2,0.2,0,1,1,0.097,0.097,0.0277777777777778,0.0277777777777778,0.496850620462912,0.167422803869226,1,0,NaN,NaN,NaN,NaN,0.497776335712739,1.38,2,2.48,3.00233830845771,2.50456197274498,3656,8538,493,0,177,20009,1140,18857,3312,177,3135,2,12,0,8034,0.940969782150387,0,1059,5952,114,1,32,32,0,0,0,0,0,3312,602,0.975833333333228,0,0,0,0.98481251512667,0.996752647692252,0,0,0,0,0,2.84600000000024,34.1520000000028,0,0.847872000000014,0,0,6.83040000000057,41.0833333333333,95,14.75,0.0257861325837434,0.0579999999999998,0.0815706214689267,0.1814,0.953058583640499,20912,0,0.0985080336648814,0,0.100032286285619,0.0986373104482586,2.3531203,0,10199896844250,339888851812,1676201720,0,167321871
development,16016005,n20-ring2,N20 ring2,MAC-aware ablation,adaptive-only,3,NaN,mac-aware-broadcast,Adaptive ACK only,adaptive,20,ring2,di,csma,0.2,0.2,0,1,1,0.097,0.097,0.0277777777777778,0.0277777777777778,0.496850620462912,0.167422803869226,1,0,NaN,NaN,NaN,NaN,0.497776335712739,1.38,2,2.48,3.00233830845771,2.50456197274498,3656,8538,493,0,177,20009,1140,18857,3312,177,3135,2,12,0,8034,0.940969782150387,0,1059,5952,114,1,32,32,0,0,0,0,0,3312,602,0.975833333333228,0,3,0,0.98481251512667,0.996752647692252,0,0,0,0,0,2.84600000000024,34.1520000000028,0,0.847872000000014,0,0,6.83040000000057,41.0833333333333,95,14.75,0.0257861325837434,0.0579999999999998,0.0815706214689267,0.1814,0.953058583640499,20912,0,0.0985080336648814,0,0.100032286285619,0.0986373104482586,2.4399888,0,10199896844250,339888851812,1676201720,0,167315821
development,16016005,n20-ring2,N20 ring2,MAC-aware ablation,access-only,4,NaN,causal-broadcast,Access scaling only,hybrid,20,ring2,di,csma,0.05,0.05,0,1,1,0.097,0.097,0.0277777777777778,0.0277777777777778,0.211522394779727,0.417612816036865,0,0,NaN,NaN,NaN,NaN,0.159002812026823,0.380000000000001,0.540000000000001,0.920000000000001,0.308695652173913,0.149692840147091,4004,3328,1516,304,1742,7916,3281,4633,4111,1742,2367,1,2,2,1949,0.536618942731278,0,2293,1629,87,2,32,32,0,0,0,0,306,3739,3051,0.815416666666649,0,0,0,0.81640086266389,0.857684064751259,0,0,0,0,0,1.14016666666658,13.311999999999,0.37,0.957183999999998,0,0,2.7363999999998,126.333333333333,273.416666666667,145.166666666667,0.0296585903083702,0.0700000000000003,0.0928960964408726,0.206950000000001,0.992372793533455,8805,372,0.0975582055650199,0.112903225806452,0.100032286285619,0.0986373104482586,1.7862916,0,10199896844250,339888851812,1676201720,0,167202703
development,16016005,n20-ring2,N20 ring2,MAC-aware ablation,guarded-adaptive,5,NaN,mac-aware-broadcast,Adaptive ACK + guard,adaptive,20,ring2,di,csma,0.2,0.2,0,1,1,0.097,0.097,0.0277777777777778,0.0277777777777778,0.382278834651352,0.2829053631443,1,0,NaN,NaN,NaN,NaN,0.372286394116375,0.940000000000001,1.42,2.24,1.21139303482587,0.839106640709499,2319,6420,731,2,488,14975,1599,13376,3572,488,3084,0,0,0,5671,0.883058237309249,0,1,4102,15,1,32,32,0,0,0,0,2,3568,10,0.802999999999991,2,41,0,0.803388325728356,0.848285326460439,4608,4467,996,4593,15,2.14033333333349,25.6800000000019,0.004,0.913408000000013,0,0,5.13680000000038,60.9166666666667,133.25,40.6666666666667,0.0316786047960138,0.0760000000000005,0.12227868852459,0.21,0.969274442227462,15839,4,0.0969126838815582,0,0.100032286285619,0.0986373104482586,1.800824,0,10199896844250,339888851812,1676201720,0,167320865
development,16016005,n20-ring2,N20 ring2,MAC-aware ablation,full-v2,6,NaN,mac-aware-broadcast,Full MAC-aware v2,adaptive,20,ring2,di,csma,0.05,0.2,0,1,1,0.097,0.097,0.0277777777777778,0.0277777777777778,0.249982746838147,0.383071041439399,1,0,NaN,NaN,NaN,NaN,0.20250054077439,0.48,0.719999999999999,0.979999999999999,0.362866104261302,0.160365563486913,2020,3310,1602,2,1828,7725,3460,4263,3977,1828,2148,1,2,1,1675,0.505736714975845,0,119,1423,67,1,32,32,0,0,0,0,2,3973,321,0.791249999999996,2,60,0,0.796283810145066,0.824718139045706,5545,3035,4103,5513,32,1.10366666666658,13.239999999999,0.004,1.017088,0,0,2.6487999999998,133.5,288.333333333333,152.333333333333,0.0669725241545895,0.179000000000001,0.132650984682713,0.275,0.988827926331201,8619,4,0.0987353521290173,0,0.100032286285619,0.0986373104482586,1.6684209,0,10199896844250,339888851812,1676201720,0,167307550
development,16016006,n5-csma,N5 CSMA,MAC-aware ablation,frozen-hybrid,1,NaN,causal-broadcast,Frozen hybrid,hybrid,5,ring2,6dof,csma,0.2,0.2,0,1,1,0.097,0.097,0.0277777777777778,0.0277777777777778,0.0574468113590955,0.527630114901584,0,0,9.70160076580619,12.3490652520329,0,1.03664256705439,0.0795245992260916,0.16,0.219999999999999,0.280000000000001,0.115489220563847,0.0359646213377557,597,686,576,535,831,1266,1000,266,1024,831,193,0,0,0,154,0.126126126126126,0,2,92,0,2,32,32,0,0,0,0,535,334,0,0.268249999999978,0,0,0,0.244765086420137,0.29506526281901,0,0,0,0,0,0.2855,2.744,0.682,0.0855040000000002,0,0,0.6852,48,83.3333333333333,69.25,0.0061490581490582,0.0199999999999996,0.0321973525872444,0.051,0.985639166988503,1356,690,0.0855457227138643,0.117391304347826,0.0975570738210298,0.101746375604066,1.0220032,0,666933131821,21202623146,105363559,0,132553309
development,16016006,n5-csma,N5 CSMA,MAC-aware ablation,frozen-piggyback,2,NaN,causal-broadcast,Frozen piggyback,piggyback,5,ring2,6dof,csma,0.2,0.2,0,1,1,0.097,0.097,0.0277777777777778,0.0277777777777778,0.053317473758043,0.532046699129329,0,0,9.5924397783275,12.3661733466925,0,1.03667164230809,0.0714759535655057,0.16,0.200000000000001,0.279999999999999,0.141393034825871,0.0699170812603649,722,880,681,0,723,1610,1180,430,978,723,255,0,0,0,171,0.194318181818182,0,2,160,0,1,32,32,0,0,0,0,0,978,0,0.263666666666646,0,0,0,0.226484603980205,0.28542699039522,0,0,0,0,0,0.293333333333334,3.52,0,0.250368000000002,0,0,0.704000000000001,56.75,98.3333333333333,60.25,0.00702613636363646,0.0219999999999998,0.0444591977869987,0.0948999999999991,0.990191201118809,1982,0,0.0807265388496468,0,0.0975570738210298,0.101746375604066,0.866437300000001,0,666933131821,21202623146,105363559,0,132561459
development,16016006,n5-csma,N5 CSMA,MAC-aware ablation,adaptive-only,3,NaN,mac-aware-broadcast,Adaptive ACK only,adaptive,5,ring2,6dof,csma,0.2,0.2,0,1,1,0.097,0.097,0.0277777777777778,0.0277777777777778,0.0532755541484529,0.531814196573448,0,0,9.5924397783275,12.3661733466925,0,1.0366690251423,0.0703372028745162,0.140000000000001,0.199999999999999,0.26,0.137567716970702,0.0672305140961858,691,804,663,61,751,1487,1167,319,938,751,185,1,1,2,120,0.138728323699422,0,1,115,0,2,32,32,0,0,0,0,61,812,0,0.257666666666646,61,0,0,0.222462800461677,0.260057016365856,0,0,0,0,0,0.277666666666667,3.216,0.116,0.207872000000002,0,0,0.666400000000001,55.25,97.25,62.5833333333333,0.00696878612716767,0.0210000000000003,0.0446311584553929,0.0979999999999999,0.988250767207365,1790,126,0.0860335195530726,0.158730158730159,0.0975570738210298,0.101746375604066,0.926090699999999,0,666933131821,21202623146,105363559,0,132555409
development,16016006,n5-csma,N5 CSMA,MAC-aware ablation,access-only,4,NaN,causal-broadcast,Access scaling only,hybrid,5,ring2,6dof,csma,0.2,0.2,0,1,1,0.097,0.097,0.0277777777777778,0.0277777777777778,0.0574468113590955,0.527630114901584,0,0,9.70160076580619,12.3490652520329,0,1.03664256705439,0.0795245992260916,0.16,0.219999999999999,0.280000000000001,0.115489220563847,0.0359646213377557,597,686,576,535,831,1266,1000,266,1024,831,193,0,0,0,154,0.126126126126126,0,2,92,0,2,32,32,0,0,0,0,535,334,0,0.268249999999978,0,0,0,0.244765086420137,0.29506526281901,0,0,0,0,0,0.2855,2.744,0.682,0.0855040000000002,0,0,0.6852,48,83.3333333333333,69.25,0.0061490581490582,0.0199999999999996,0.0321973525872444,0.051,0.985639166988503,1356,690,0.0855457227138643,0.117391304347826,0.0975570738210298,0.101746375604066,0.9839509,0,666933131821,21202623146,105363559,0,132550413
development,16016006,n5-csma,N5 CSMA,MAC-aware ablation,guarded-adaptive,5,NaN,mac-aware-broadcast,Adaptive ACK + guard,adaptive,5,ring2,6dof,csma,0.2,0.2,0,1,1,0.097,0.097,0.0277777777777778,0.0277777777777778,0.054568673372652,0.529467228182285,0,0,9.5924397783275,12.3661733466925,0,1.03666867755461,0.0726036484245438,0.159999999999999,0.200000000000001,0.279999999999999,0.138186843559978,0.065583195135434,687,790,660,67,741,1460,1152,308,901,741,160,0,0,0,108,0.126021003500583,0,1,104,0,2,32,32,0,0,0,0,67,761,0,0.25599999999998,67,0,0,0.229174657248655,0.282964402727554,15,0,15,9,6,0.274,3.16,0.128,0.194816000000002,0,0,0.657600000000001,55,96,61.75,0.00692532088681456,0.0200000000000003,0.0436869095816465,0.0960000000000001,0.990180032733224,1748,140,0.0829519450800915,0.128571428571429,0.0975570738210298,0.101746375604066,0.9318701,0,666933131821,21202623146,105363559,0,132560453
development,16016006,n5-csma,N5 CSMA,MAC-aware ablation,full-v2,6,NaN,mac-aware-broadcast,Full MAC-aware v2,adaptive,5,ring2,6dof,csma,0.2,0.2,0,1,1,0.097,0.097,0.0277777777777778,0.0277777777777778,0.054568673372652,0.529467228182285,0,0,9.5924397783275,12.3661733466925,0,1.03666867755461,0.0726036484245438,0.159999999999999,0.200000000000001,0.279999999999999,0.138186843559978,0.065583195135434,687,790,660,67,741,1460,1152,308,901,741,160,0,0,0,108,0.126021003500583,0,1,104,0,2,32,32,0,0,0,0,67,761,0,0.25599999999998,67,0,0,0.229174657248655,0.282964402727554,15,0,15,9,6,0.274,3.16,0.128,0.194816000000002,0,0,0.657600000000001,55,96,61.75,0.00692532088681456,0.0200000000000003,0.0436869095816465,0.0960000000000001,0.990180032733224,1748,140,0.0829519450800915,0.128571428571429,0.0975570738210298,0.101746375604066,0.934987699999999,0,666933131821,21202623146,105363559,0,132547138
development,16016006,n5-aloha,N5 ALOHA,MAC-aware ablation,frozen-hybrid,1,NaN,causal-broadcast,Frozen hybrid,hybrid,5,ring2,6dof,aloha,0.2,0.2,0,1,1,0.097,0.097,0.0277777777777778,0.0277777777777778,0.0701921717064255,0.509460306635692,0,0,9.95450588953055,13.0727113328655,0,1.03641833040411,0.09869541182974,0.24,0.34,0.42,0.165594250967385,0.0668988391376452,936,2150,435,333,429,3940,761,3179,1111,429,682,0,0,0,1799,0.724526782118405,0,41,1255,3,2,32,32,0,0,0,0,333,683,20,0.481500000000015,0,0,0,0.382220198221574,0.501794406152488,0,0,0,0,0,0.752083333333291,8.5999999999995,0.425,0.174848000000002,0,0,1.8049999999999,36.25,63.4166666666667,35.75,0.00916874748288369,0.024,0.0341958041958043,0.056,0.981584749059785,4212,428,0.0899810066476733,0.135514018691589,0.0975570738210298,0.101746375604066,1.1168721,0,666933131821,21202623146,105363559,0,132993909
development,16016006,n5-aloha,N5 ALOHA,MAC-aware ablation,frozen-piggyback,2,NaN,causal-broadcast,Frozen piggyback,piggyback,5,ring2,6dof,aloha,0.2,0.2,0,1,1,0.097,0.097,0.0277777777777778,0.0277777777777778,0.0760507939985971,0.502841541192371,0,0,9.95450588953055,13.0727113328655,0,1.03635344614567,0.123659480375898,0.359999999999999,0.458400000000001,0.539999999999999,0.264433388612493,0.140773908236595,1031,2425,445,0,329,4426,776,3650,1382,329,1053,0,0,0,1962,0.809072164948454,0,36,1430,3,1,32,32,0,0,0,0,0,1382,14,0.510916666666693,0,0,0,0.41278426419229,0.529942120972021,0,0,0,0,0,0.808333333333281,9.69999999999938,0,0.353792,0,0,1.93999999999988,37.0833333333333,64.6666666666667,27.4166666666667,0.00990845360824751,0.0259999999999998,0.0476565349544075,0.101,0.964869539795844,4880,0,0.0961065573770492,0,0.0975570738210298,0.101746375604066,1.0523909,0,666933131821,21202623146,105363559,0,133002059
development,16016006,n5-aloha,N5 ALOHA,MAC-aware ablation,adaptive-only,3,NaN,mac-aware-broadcast,Adaptive ACK only,adaptive,5,ring2,6dof,aloha,0.2,0.2,0,1,1,0.097,0.097,0.0277777777777778,0.0277777777777778,0.0701921717064255,0.509460306635692,0,0,9.95450588953055,13.0727113328655,0,1.03641833040411,0.09869541182974,0.24,0.34,0.42,0.165594250967385,0.0668988391376452,936,2150,435,332,429,3940,761,3179,1113,429,684,0,0,0,1798,0.724415793714746,0,41,1255,3,2,32,32,0,0,0,0,332,686,20,0.481500000000015,332,1,0,0.382220198221574,0.501794406152488,0,0,0,0,0,0.751999999999958,8.5999999999995,0.424,0.175616000000002,0,0,1.8047999999999,36.25,63.4166666666667,35.75,0.0091647864625303,0.024,0.0341958041958043,0.056,0.981584749059785,4215,427,0.0899169632265718,0.135831381733021,0.0975570738210298,0.101746375604066,1.1402257,0,666933131821,21202623146,105363559,0,132996009
development,16016006,n5-aloha,N5 ALOHA,MAC-aware ablation,access-only,4,NaN,causal-broadcast,Access scaling only,hybrid,5,ring2,6dof,aloha,0.2,0.2,0,1,1,0.097,0.097,0.0277777777777778,0.0277777777777778,0.0701921717064255,0.509460306635692,0,0,9.95450588953055,13.0727113328655,0,1.03641833040411,0.09869541182974,0.24,0.34,0.42,0.165594250967385,0.0668988391376452,936,2150,435,333,429,3940,761,3179,1111,429,682,0,0,0,1799,0.724526782118405,0,41,1255,3,2,32,32,0,0,0,0,333,683,20,0.481500000000015,0,0,0,0.382220198221574,0.501794406152488,0,0,0,0,0,0.752083333333291,8.5999999999995,0.425,0.174848000000002,0,0,1.8049999999999,36.25,63.4166666666667,35.75,0.00916874748288369,0.024,0.0341958041958043,0.056,0.981584749059785,4212,428,0.0899810066476733,0.135514018691589,0.0975570738210298,0.101746375604066,1.1513818,0,666933131821,21202623146,105363559,0,132991013
development,16016006,n5-aloha,N5 ALOHA,MAC-aware ablation,guarded-adaptive,5,NaN,mac-aware-broadcast,Adaptive ACK + guard,adaptive,5,ring2,6dof,aloha,0.2,0.2,0,1,1,0.097,0.097,0.0277777777777778,0.0277777777777778,0.0949007970783215,0.470345618627016,0,0,9.95450588953055,13.0727113328655,0,1.03647583085214,0.117213930348258,0.319999999999999,0.460000000000001,0.6,0.200563847429519,0.0833499170812604,966,2427,387,245,323,4454,683,3771,1135,323,812,0,0,0,2126,0.79565868263473,0,3,1465,5,1,32,32,0,0,0,0,245,812,3,0.509583333333357,246,6,0,0.412620676968015,0.522700447068869,75,22,56,73,2,0.835499999999948,9.70799999999937,0.318,0.207872000000003,0,0,2.00519999999988,32.25,56.9166666666667,26.9166666666667,0.0102683383233534,0.0269999999999992,0.0378328173374614,0.0598999999999988,0.981802091186207,4775,323,0.0957068062827225,0.145510835913313,0.0975570738210298,0.101746375604066,1.1916824,0,666933131821,21202623146,105363559,0,133001053
development,16016006,n5-aloha,N5 ALOHA,MAC-aware ablation,full-v2,6,NaN,mac-aware-broadcast,Full MAC-aware v2,adaptive,5,ring2,6dof,aloha,0.2,0.2,0,1,1,0.097,0.097,0.0277777777777778,0.0277777777777778,0.0949007970783215,0.470345618627016,0,0,9.95450588953055,13.0727113328655,0,1.03647583085214,0.117213930348258,0.319999999999999,0.460000000000001,0.6,0.200563847429519,0.0833499170812604,966,2427,387,245,323,4454,683,3771,1135,323,812,0,0,0,2126,0.79565868263473,0,3,1465,5,1,32,32,0,0,0,0,245,812,3,0.509583333333357,246,6,0,0.412620676968015,0.522700447068869,75,22,56,73,2,0.835499999999948,9.70799999999937,0.318,0.207872000000003,0,0,2.00519999999988,32.25,56.9166666666667,26.9166666666667,0.0102683383233534,0.0269999999999992,0.0378328173374614,0.0598999999999988,0.981802091186207,4775,323,0.0957068062827225,0.145510835913313,0.0975570738210298,0.101746375604066,1.1164439,0,666933131821,21202623146,105363559,0,132987738
development,16016006,n5-background030,N5 30% background,MAC-aware ablation,frozen-hybrid,1,NaN,causal-broadcast,Frozen hybrid,hybrid,5,ring2,6dof,csma,0.2,0.2,0.3,1,1,0.097,0.097,0.0277777777777778,0.0277777777777778,0.086840157126531,0.485102676223484,0,0,9.86344198494414,13.5817475475666,0,1.03661202950829,0.117556661138751,0.280000000000001,0.380000000000001,0.460000000000001,0.224698728579325,0.107142067440575,1039,2080,430,167,341,3850,732,3116,1308,341,966,1,2,1,1691,0.752558967512238,0,236,1278,29,2,32,32,0,0,0,0,167,1102,197,0.747333333333355,0,0,0,0.702017862424016,0.783630592041269,0,0,0,0,0,0.710416666666627,8.31999999999953,0.205,0.282112000000002,3.72099999999964,1384,1.70499999999991,35.8333333333333,61,28.4166666666667,0.0180035603026258,0.0469999999999997,0.0488914956011731,0.0999999999999996,0.994781298757196,4202,206,0.0885292717753451,0.116504854368932,0.0975570738210298,0.101746375604066,1.1713905,0,666933131821,21202623146,105363559,0,133223571
development,16016006,n5-background030,N5 30% background,MAC-aware ablation,frozen-piggyback,2,NaN,causal-broadcast,Frozen piggyback,piggyback,5,ring2,6dof,csma,0.2,0.2,0.3,1,1,0.097,0.097,0.0277777777777778,0.0277777777777778,0.0922768639614329,0.483695470313797,0,0,9.86344198494414,13.5817475475666,0,1.0366091991096,0.124588170259812,0.32,0.48,0.620000000000001,0.27150912106136,0.146920950801548,1076,2186,446,0,307,4051,765,3284,1549,307,1241,1,2,1,1725,0.789112534309241,0,243,1353,29,1,32,32,0,0,0,0,0,1549,209,0.757333333333349,0,0,0,0.736784531397717,0.807228725347775,0,0,0,0,0,0.728666666666623,8.74399999999948,0,0.396544,3.72099999999964,1461,1.7487999999999,37.1666666666667,63.75,25.5833333333333,0.0185754803293688,0.0469999999999997,0.0579771986970685,0.121,0.988598976194026,4564,0,0.0913672217353199,0,0.0975570738210298,0.101746375604066,1.1445033,0,666933131821,21202623146,105363559,0,133231721
development,16016006,n5-background030,N5 30% background,MAC-aware ablation,adaptive-only,3,NaN,mac-aware-broadcast,Adaptive ACK only,adaptive,5,ring2,6dof,csma,0.2,0.2,0.3,1,1,0.097,0.097,0.0277777777777778,0.0277777777777778,0.0813048854908893,0.491475178451035,0,0,9.86344198494414,13.5817475475666,0,1.03661745368282,0.108645660585959,0.26,0.34,0.46,0.264101713653952,0.155456053067993,1069,2150,462,12,334,3964,798,3165,1558,334,1223,1,1,1,1676,0.775208140610546,0,231,1314,27,2,32,32,0,0,0,0,12,1534,196,0.757500000000016,12,3,0,0.729558309174085,0.792116541388831,0,0,0,0,0,0.718499999999958,8.5999999999995,0.022,0.392704,3.72099999999964,1427,1.7243999999999,38.5,66.5,27.8333333333333,0.0182895467160038,0.0469999999999997,0.0579071856287426,0.1217,0.984293290292829,4466,24,0.0911330049261084,0.0833333333333333,0.0975570738210298,0.101746375604066,1.2483204,0,666933131821,21202623146,105363559,0,133225671
development,16016006,n5-background030,N5 30% background,MAC-aware ablation,access-only,4,NaN,causal-broadcast,Access scaling only,hybrid,5,ring2,6dof,csma,0.2,0.2,0.3,1,1,0.097,0.097,0.0277777777777778,0.0277777777777778,0.086840157126531,0.485102676223484,0,0,9.86344198494414,13.5817475475666,0,1.03661202950829,0.117556661138751,0.280000000000001,0.380000000000001,0.460000000000001,0.224698728579325,0.107142067440575,1039,2080,430,167,341,3850,732,3116,1308,341,966,1,2,1,1691,0.752558967512238,0,236,1278,29,2,32,32,0,0,0,0,167,1102,197,0.747333333333355,0,0,0,0.702017862424016,0.783630592041269,0,0,0,0,0,0.710416666666627,8.31999999999953,0.205,0.282112000000002,3.72099999999964,1384,1.70499999999991,35.8333333333333,61,28.4166666666667,0.0180035603026258,0.0469999999999997,0.0488914956011731,0.0999999999999996,0.994781298757196,4202,206,0.0885292717753451,0.116504854368932,0.0975570738210298,0.101746375604066,1.1394966,0,666933131821,21202623146,105363559,0,133220675
development,16016006,n5-background030,N5 30% background,MAC-aware ablation,guarded-adaptive,5,NaN,mac-aware-broadcast,Adaptive ACK + guard,adaptive,5,ring2,6dof,csma,0.2,0.2,0.3,1,1,0.097,0.097,0.0277777777777778,0.0277777777777778,0.0888016844176958,0.487990093520037,0,0,9.86344198494414,13.5655045689953,0,1.03655000237606,0.121813156440022,0.280000000000001,0.42,0.639999999999999,0.352139303482587,0.230326147042565,901,2158,439,18,280,3995,759,3234,1382,280,1100,1,2,2,1716,0.788602941176471,0,2,1259,23,1,32,32,0,0,0,0,18,1353,18,0.756250000000017,18,6,0,0.741479946965897,0.80529078030271,348,135,247,332,16,0.721749999999958,8.63199999999949,0.029,0.346368,3.72099999999964,1455,1.7321999999999,36.5833333333333,63.25,23.3333333333333,0.0229641544117648,0.0590000000000002,0.0588000000000001,0.116000000000001,0.982944431693571,4452,29,0.0907457322551662,0.172413793103448,0.0975570738210298,0.101746375604066,1.1537897,0,666933131821,21202623146,105363559,0,133230715
development,16016006,n5-background030,N5 30% background,MAC-aware ablation,full-v2,6,NaN,mac-aware-broadcast,Full MAC-aware v2,adaptive,5,ring2,6dof,csma,0.2,0.2,0.3,1,1,0.097,0.097,0.0277777777777778,0.0277777777777778,0.0888016844176958,0.487990093520037,0,0,9.86344198494414,13.5655045689953,0,1.03655000237606,0.121813156440022,0.280000000000001,0.42,0.639999999999999,0.352139303482587,0.230326147042565,901,2158,439,18,280,3995,759,3234,1382,280,1100,1,2,2,1716,0.788602941176471,0,2,1259,23,1,32,32,0,0,0,0,18,1353,18,0.756250000000017,18,6,0,0.741479946965897,0.80529078030271,348,135,247,332,16,0.721749999999958,8.63199999999949,0.029,0.346368,3.72099999999964,1455,1.7321999999999,36.5833333333333,63.25,23.3333333333333,0.0229641544117648,0.0590000000000002,0.0588000000000001,0.116000000000001,0.982944431693571,4452,29,0.0907457322551662,0.172413793103448,0.0975570738210298,0.101746375604066,1.071272,0,666933131821,21202623146,105363559,0,133217400
development,16016006,n5-hidden,N5 hidden terminals,MAC-aware ablation,frozen-hybrid,1,NaN,causal-broadcast,Frozen hybrid,hybrid,5,ring2,6dof,csma,0.2,0.2,0,0.6,1,0.097,0.097,0.0277777777777778,0.0277777777777778,0.0586550372234052,0.520758434412268,0,0,9.6007653292442,12.5746355041647,0,1.03656308684868,0.0748922056384743,0.140000000000001,0.200000000000001,0.24,0.122620232172471,0.0477280265339967,786,1356,539,440,626,2510,930,1578,1144,626,517,1,2,1,912,0.507795100222717,0,50,620,9,2,32,32,0,0,0,0,441,574,26,0.391166666666656,0,0,0,0.168101496380378,0.254190375787262,0,0,0,0,0,0.498916666666654,5.42399999999985,0.563,0.146944000000001,0,0,1.19739999999997,44.9166666666667,77.5,52.1666666666667,0.00913808463251673,0.028,0.0327124600638979,0.0540000000000003,0.993115353718358,2684,570,0.0927719821162444,0.110526315789474,0.0975570738210298,0.101746375604066,1.0685172,0,666933131821,21202623146,105363559,0,133003859
development,16016006,n5-hidden,N5 hidden terminals,MAC-aware ablation,frozen-piggyback,2,NaN,causal-broadcast,Frozen piggyback,piggyback,5,ring2,6dof,csma,0.2,0.2,0,0.6,1,0.097,0.097,0.0277777777777778,0.0277777777777778,0.0600330133543801,0.521462198683595,0,0,9.6007653292442,12.5746354089683,0,1.03642188493705,0.0829740187949143,0.199999999999999,0.279999999999999,0.44,0.196263128800442,0.113289110005528,917,1622,586,0,550,2982,1029,1953,1364,550,814,0,0,0,1015,0.62577065351418,0,101,806,15,1,32,32,0,0,0,0,0,1364,63,0.403083333333326,0,0,0,0.241427112870013,0.418890614376218,0,0,0,0,0,0.540666666666644,6.48799999999973,0,0.349184000000002,0,0,1.29759999999995,48.8333333333333,85.75,45.8333333333333,0.0106411837237979,0.03,0.0483363636363638,0.104,0.981945040176146,3495,0,0.0969957081545064,0,0.0975570738210298,0.101746375604066,1.0040268,0,666933131821,21202623146,105363559,0,133012009
development,16016006,n5-hidden,N5 hidden terminals,MAC-aware ablation,adaptive-only,3,NaN,mac-aware-broadcast,Adaptive ACK only,adaptive,5,ring2,6dof,csma,0.2,0.2,0,0.6,1,0.097,0.097,0.0277777777777778,0.0277777777777778,0.0617353377317489,0.516869852333875,0,0,9.6007653292442,12.5746354089683,0,1.03665541642891,0.0832725262576007,0.199999999999999,0.299999999999999,0.419999999999998,0.16301824212272,0.079745715865119,779,1215,638,46,649,2254,1105,1149,1209,649,560,0,0,0,561,0.444885011895321,0,8,444,2,2,32,32,0,0,0,0,46,1116,9,0.340249999999972,46,0,0,0.212150295048372,0.378678413530884,0,0,0,0,0,0.412249999999992,4.85999999999991,0.0870000000000001,0.285696000000002,0,0,0.989399999999982,53.1666666666667,92.0833333333333,54.0833333333333,0.00913719270420311,0.0269999999999992,0.0474283513097073,0.105,0.989459866789829,2674,93,0.093866866118175,0.118279569892473,0.0975570738210298,0.101746375604066,0.9556826,0,666933131821,21202623146,105363559,0,133005959
development,16016006,n5-hidden,N5 hidden terminals,MAC-aware ablation,access-only,4,NaN,causal-broadcast,Access scaling only,hybrid,5,ring2,6dof,csma,0.2,0.2,0,0.6,1,0.097,0.097,0.0277777777777778,0.0277777777777778,0.0586550372234052,0.520758434412268,0,0,9.6007653292442,12.5746355041647,0,1.03656308684868,0.0748922056384743,0.140000000000001,0.200000000000001,0.24,0.122620232172471,0.0477280265339967,786,1356,539,440,626,2510,930,1578,1144,626,517,1,2,1,912,0.507795100222717,0,50,620,9,2,32,32,0,0,0,0,441,574,26,0.391166666666656,0,0,0,0.168101496380378,0.254190375787262,0,0,0,0,0,0.498916666666654,5.42399999999985,0.563,0.146944000000001,0,0,1.19739999999997,44.9166666666667,77.5,52.1666666666667,0.00913808463251673,0.028,0.0327124600638979,0.0540000000000003,0.993115353718358,2684,570,0.0927719821162444,0.110526315789474,0.0975570738210298,0.101746375604066,1.0138065,0,666933131821,21202623146,105363559,0,133000963
development,16016006,n5-hidden,N5 hidden terminals,MAC-aware ablation,guarded-adaptive,5,NaN,mac-aware-broadcast,Adaptive ACK + guard,adaptive,5,ring2,6dof,csma,0.2,0.2,0,0.6,1,0.097,0.097,0.0277777777777778,0.0277777777777778,0.0613441867868399,0.519553497352368,0,0,9.6007653292442,12.5746354089683,0,1.03654362547229,0.0847429519071308,0.199999999999999,0.26,0.359999999999999,0.167086788280818,0.0823438363736872,840,1541,604,48,576,2853,1039,1814,1319,576,743,0,0,0,924,0.581497797356828,0,1,702,9,2,32,32,0,0,0,0,48,1222,8,0.401249999999992,48,0,0,0.224208563052505,0.334372456563412,66,0,66,62,4,0.52099999999998,6.16399999999976,0.0880000000000001,0.312832000000002,0,0,1.25039999999995,50.3333333333333,86.5833333333333,48,0.0112208936438012,0.032,0.0483802083333334,0.108,0.978242565628938,3322,97,0.092414208308248,0.0927835051546392,0.0975570738210298,0.101746375604066,1.0363544,0,666933131821,21202623146,105363559,0,133011003
development,16016006,n5-hidden,N5 hidden terminals,MAC-aware ablation,full-v2,6,NaN,mac-aware-broadcast,Full MAC-aware v2,adaptive,5,ring2,6dof,csma,0.2,0.2,0,0.6,1,0.097,0.097,0.0277777777777778,0.0277777777777778,0.0613441867868399,0.519553497352368,0,0,9.6007653292442,12.5746354089683,0,1.03654362547229,0.0847429519071308,0.199999999999999,0.26,0.359999999999999,0.167086788280818,0.0823438363736872,840,1541,604,48,576,2853,1039,1814,1319,576,743,0,0,0,924,0.581497797356828,0,1,702,9,2,32,32,0,0,0,0,48,1222,8,0.401249999999992,48,0,0,0.224208563052505,0.334372456563412,66,0,66,62,4,0.52099999999998,6.16399999999976,0.0880000000000001,0.312832000000002,0,0,1.25039999999995,50.3333333333333,86.5833333333333,48,0.0112208936438012,0.032,0.0483802083333334,0.108,0.978242565628938,3322,97,0.092414208308248,0.0927835051546392,0.0975570738210298,0.101746375604066,1.0321678,0,666933131821,21202623146,105363559,0,132997688
development,16016006,n10-ring2,N10 ring2,MAC-aware ablation,frozen-hybrid,1,NaN,causal-broadcast,Frozen hybrid,hybrid,10,ring2,di,csma,0.2,0.2,0,1,1,0.097,0.097,0.0277777777777778,0.0277777777777778,0.0924693294733081,0.507830398238272,0,0,NaN,NaN,NaN,NaN,0.080108978914949,0.16,0.24,0.32,0.14605069888652,0.0659417199715709,1659,2833,1181,881,1400,6248,2387,3861,3175,1400,1775,0,0,0,1981,0.53338718362951,0,205,1380,19,2,32,32,0,0,0,0,882,2026,229,0.731416666666701,0,0,0,0.639385181006555,0.762431859311556,0,0,0,0,0,1.03824999999993,11.3319999999992,1.12699999999999,0.518655999999995,0,0,2.49179999999984,98.4166666666667,198.916666666667,116.666666666667,0.013933225632741,0.0380000000000003,0.043177142857143,0.0809999999999995,0.983119171641844,6840,1149,0.106432748538012,0.106179286335944,0.10128895184136,0.098004499250125,1.5835425,0,2585434882061,84904814565,410907084,0,141501865
development,16016006,n10-ring2,N10 ring2,MAC-aware ablation,frozen-piggyback,2,NaN,causal-broadcast,Frozen piggyback,piggyback,10,ring2,di,csma,0.2,0.2,0,1,1,0.097,0.097,0.0277777777777778,0.0277777777777778,0.086930196312936,0.513545655459976,0,0,NaN,NaN,NaN,NaN,0.0771333807154702,0.18,0.24,0.32,0.151997157071784,0.0748637763563138,1633,2474,1271,0,1474,5362,2513,2849,2778,1474,1304,0,0,0,1167,0.471705739692805,0,156,997,18,1,32,32,0,0,0,0,0,2778,139,0.601333333333387,0,0,0,0.532136717291843,0.664107188397227,0,0,0,0,0,0.824666666666613,9.89599999999935,0,0.711167999999996,0,0,1.97919999999987,105.916666666667,209.416666666667,122.833333333333,0.0134793856103477,0.0379999999999998,0.0522666214382633,0.104349999999999,0.991110661194039,6103,0,0.116827789611666,0,0.10128895184136,0.098004499250125,1.4130336,0,2585434882061,84904814565,410907084,0,141510015
development,16016006,n10-ring2,N10 ring2,MAC-aware ablation,adaptive-only,3,NaN,mac-aware-broadcast,Adaptive ACK only,adaptive,10,ring2,di,csma,0.2,0.2,0,1,1,0.097,0.097,0.0277777777777778,0.0277777777777778,0.0851314053453859,0.515415521658268,0,0,NaN,NaN,NaN,NaN,0.0757450841032929,0.16,0.220000000000001,0.359999999999999,0.144633972992182,0.0688888888888891,1580,2323,1307,85,1621,5065,2609,2454,2872,1621,1250,1,2,1,989,0.410714285714286,0,128,871,6,2,32,32,0,0,0,0,85,2675,130,0.604750000000054,85,8,0,0.521620679474142,0.612912638401822,0,0,0,0,0,0.788333333333285,9.29199999999942,0.168,0.684799999999998,0,0,1.89199999999988,108.916666666667,217.416666666667,135.083333333333,0.0130070598006645,0.0360000000000003,0.0532251696483653,0.11,0.988392707326811,5802,197,0.106170286108239,0.0609137055837563,0.10128895184136,0.098004499250125,1.413885,0,2585434882061,84904814565,410907084,0,141503965
development,16016006,n10-ring2,N10 ring2,MAC-aware ablation,access-only,4,NaN,causal-broadcast,Access scaling only,hybrid,10,ring2,di,csma,0.1,0.1,0,1,1,0.097,0.097,0.0277777777777778,0.0277777777777778,0.099707403385823,0.50003864880683,0,0,NaN,NaN,NaN,NaN,0.0905425254678985,0.199999999999999,0.279999999999999,0.48,0.159066571902393,0.0685240464344943,1589,2028,1253,771,1642,4388,2525,1861,2790,1642,1147,1,2,1,973,0.347624151482672,0,234,676,9,2,32,32,0,0,0,0,772,1759,304,0.635416666666726,0,0,0,0.607649325356744,0.710895620096047,0,0,0,0,0,0.760416666666629,8.11199999999955,1.013,0.450303999999998,0,0,1.82499999999991,104.416666666667,210.416666666667,136.833333333333,0.0198256520185781,0.0540000000000003,0.0538976857490866,0.0989499999999998,0.984300805617379,4859,1031,0.111957192838033,0.104752667313288,0.10128895184136,0.098004499250125,1.4622435,0,2585434882061,84904814565,410907084,0,141776412
development,16016006,n10-ring2,N10 ring2,MAC-aware ablation,guarded-adaptive,5,NaN,mac-aware-broadcast,Adaptive ACK + guard,adaptive,10,ring2,di,csma,0.2,0.2,0,1,1,0.097,0.097,0.0277777777777778,0.0277777777777778,0.0839983185349614,0.514760801211036,0,0,NaN,NaN,NaN,NaN,0.0751764984600804,0.16,0.220000000000001,0.300000000000001,0.147514806917792,0.0723383084577117,1472,2320,1292,95,1527,5025,2561,2464,2719,1527,1192,0,0,0,1011,0.418633540372671,0,2,850,7,2,32,32,0,0,0,0,95,2511,6,0.600166666666719,95,11,0,0.528799183947605,0.593734807894661,343,207,178,331,12,0.788749999999952,9.27999999999942,0.185,0.642815999999998,0,0,1.89299999999988,107.666666666667,213.416666666667,127.25,0.0149838509316771,0.0449999999999999,0.0531886051080551,0.107,0.989216929586479,5756,208,0.112925642807505,0.0913461538461538,0.10128895184136,0.098004499250125,1.4212175,0,2585434882061,84904814565,410907084,0,141509009
development,16016006,n10-ring2,N10 ring2,MAC-aware ablation,full-v2,6,NaN,mac-aware-broadcast,Full MAC-aware v2,adaptive,10,ring2,di,csma,0.1,0.2,0,1,1,0.097,0.097,0.0277777777777778,0.0277777777777778,0.0915428422944536,0.507570337850424,0,0,NaN,NaN,NaN,NaN,0.0828713574982231,0.18,0.279999999999999,0.42,0.154574745321014,0.0717033878227911,1458,1956,1357,66,1632,4264,2746,1518,2518,1632,886,0,0,0,565,0.279426310583581,0,3,503,12,2,32,32,0,0,0,0,66,2371,21,0.564250000000038,66,0,0,0.500788976352594,0.619148161014784,276,0,276,268,8,0.662833333333298,7.82399999999958,0.13,0.606975999999998,0,0,1.59079999999992,113.083333333333,228.833333333333,136,0.0224604352126608,0.069,0.0596194852941177,0.12,0.986393657765755,4935,147,0.11306990881459,0.0816326530612245,0.10128895184136,0.098004499250125,1.3938572,0,2585434882061,84904814565,410907084,0,141495694
development,16016006,n20-ring2,N20 ring2,MAC-aware ablation,frozen-hybrid,1,NaN,causal-broadcast,Frozen hybrid,hybrid,20,ring2,di,csma,0.2,0.2,0,1,1,0.097,0.097,0.0277777777777778,0.0277777777777778,0.481202907154093,0.132503632750182,1,0,NaN,NaN,NaN,NaN,0.51400821977071,1.54,2.38,3.1,3.22727449707982,2.71326627730912,3711,8542,489,131,163,20062,1084,18978,2715,163,2552,0,0,0,8167,0.941658019139859,0,1106,5948,95,2,32,32,0,0,0,0,131,2569,529,0.976749999999894,0,0,0,0.987073594377597,0.995698335595291,0,0,0,0,0,2.85950000000024,34.1680000000028,0.146,0.657664000000006,0,0,6.86280000000056,40.75,90.3333333333333,13.5833333333333,0.0257477228179408,0.0570000000000004,0.0776196319018405,0.1709,0.971168061083584,20776,146,0.0936176357335387,0.089041095890411,0.0982977837027162,0.100358065322446,2.4671866,0,10196676015910,339867614717,1676201720,0,167313723
development,16016006,n20-ring2,N20 ring2,MAC-aware ablation,frozen-piggyback,2,NaN,causal-broadcast,Frozen piggyback,piggyback,20,ring2,di,csma,0.2,0.2,0,1,1,0.097,0.097,0.0277777777777778,0.0277777777777778,0.477785062324409,0.237570803129579,1,0,NaN,NaN,NaN,NaN,0.480493186242698,1.36,2.09099999999999,2.56,2.66561107505949,2.1851178888168,3722,8586,502,0,180,20214,1083,19124,3114,180,2933,4,7,1,8067,0.939552760307477,0,1148,6020,83,1,32,32,0,0,0,0,0,3114,633,0.976249999999895,0,0,0,0.985528670796582,0.996848362980912,0,0,0,0,0,2.86200000000023,34.3440000000027,0,0.797184000000008,0,0,6.86880000000054,41.8333333333333,90.25,15,0.0254260423945959,0.0570000000000004,0.0895166666666667,0.2001,0.959357393025735,20982,0,0.0961300162043656,0,0.0982977837027162,0.100358065322446,2.2478934,0,10196676015910,339867614717,1676201720,0,167321873
development,16016006,n20-ring2,N20 ring2,MAC-aware ablation,adaptive-only,3,NaN,mac-aware-broadcast,Adaptive ACK only,adaptive,20,ring2,di,csma,0.2,0.2,0,1,1,0.097,0.097,0.0277777777777778,0.0277777777777778,0.477785062324409,0.237570803129579,1,0,NaN,NaN,NaN,NaN,0.480493186242698,1.36,2.09099999999999,2.56,2.66561107505949,2.1851178888168,3722,8586,502,1,180,20214,1083,19124,3112,180,2931,4,7,1,8068,0.939559799697217,0,1148,6020,83,1,32,32,0,0,0,0,1,3111,633,0.976249999999895,1,2,0,0.985528670796582,0.996848362980912,0,0,0,0,0,2.86208333333356,34.3440000000027,0.001,0.796416000000008,0,0,6.86900000000054,41.8333333333333,90.25,15,0.0254234307674392,0.0570000000000004,0.0895166666666667,0.2001,0.959357393025735,20982,1,0.0961300162043656,0,0.0982977837027162,0.100358065322446,2.3850837,0,10196676015910,339867614717,1676201720,0,167315823
development,16016006,n20-ring2,N20 ring2,MAC-aware ablation,access-only,4,NaN,causal-broadcast,Access scaling only,hybrid,20,ring2,di,csma,0.05,0.05,0,1,1,0.097,0.097,0.0277777777777778,0.0277777777777778,0.196539746989258,0.444075219773008,0,0,NaN,NaN,NaN,NaN,0.160633787583821,0.4,0.540000000000001,0.700000000000001,0.308706467661692,0.148072680077872,3960,3356,1537,322,1888,7879,3382,4497,4336,1888,2448,0,0,0,1948,0.529635671560631,0,2288,1699,51,2,32,32,0,0,0,0,325,3922,3131,0.819416666666648,0,0,0,0.821292801579744,0.885798684829741,0,0,0,0,0,1.15208333333325,13.423999999999,0.401,1.00403199999999,0,0,2.76499999999979,128.083333333333,281.833333333333,157.333333333333,0.0300554649265907,0.0719999999999993,0.094897775423729,0.209650000000001,0.98758768592761,8784,414,0.0922131147540984,0.0628019323671498,0.0982977837027162,0.100358065322446,1.8010968,0,10196676015910,339867614717,1676201720,0,167202705
development,16016006,n20-ring2,N20 ring2,MAC-aware ablation,guarded-adaptive,5,NaN,mac-aware-broadcast,Adaptive ACK + guard,adaptive,20,ring2,di,csma,0.2,0.2,0,1,1,0.097,0.097,0.0277777777777778,0.0277777777777778,0.395020198492668,0.261976968083118,1,0,NaN,NaN,NaN,NaN,0.331280553752975,0.800000000000001,1.18,1.78,1.03006705602423,0.698786502271255,2362,6510,747,1,527,15122,1689,13433,3791,527,3264,0,0,0,5744,0.882199354937798,0,7,4169,13,1,32,32,0,0,0,0,1,3790,10,0.802333333333324,1,47,0,0.802541471306054,0.843238050209354,4510,4330,965,4489,21,2.1700833333335,26.040000000002,0.001,0.970240000000015,0,0,5.20820000000041,62.25,140.75,43.9166666666667,0.0306039010904624,0.0730000000000004,0.119123339658444,0.198,0.976325366553522,16157,1,0.0971715046110045,0,0.0982977837027162,0.100358065322446,1.831105,0,10196676015910,339867614717,1676201720,0,167320867
development,16016006,n20-ring2,N20 ring2,MAC-aware ablation,full-v2,6,NaN,mac-aware-broadcast,Full MAC-aware v2,adaptive,20,ring2,di,csma,0.05,0.2,0,1,1,0.097,0.097,0.0277777777777778,0.0277777777777778,0.238660850588371,0.414821749393147,0,0,NaN,NaN,NaN,NaN,0.198161367077656,0.44,0.58,0.800000000000001,0.368263032662773,0.170101665585118,2025,3315,1610,2,1824,7715,3424,4291,3976,1824,2152,0,0,0,1680,0.506481760627073,0,129,1432,70,1,32,32,0,0,0,0,2,3973,321,0.792666666666662,2,59,0,0.796897984070249,0.824869802538806,5544,3212,4032,5512,32,1.10524999999992,13.259999999999,0.003,1.017088,0,0,2.6525999999998,134.166666666667,285.333333333333,152,0.0660229122701237,0.174,0.133025219298246,0.271000000000001,0.991682734979953,8586,3,0.096785464709993,0.333333333333333,0.0982977837027162,0.100358065322446,1.6723752,0,10196676015910,339867614717,1676201720,0,167307552
development,16016007,n5-csma,N5 CSMA,MAC-aware ablation,frozen-hybrid,1,NaN,causal-broadcast,Frozen hybrid,hybrid,5,ring2,6dof,csma,0.2,0.2,0,1,1,0.097,0.097,0.0277777777777778,0.0277777777777778,0.0579853252550122,0.525425494255853,0,0,9.7382345300421,12.5200883295222,0,1.03664957486623,0.0781426202321723,0.16,0.220000000000001,0.319999999999999,0.122863460475401,0.0447208402432283,632,780,595,504,798,1426,1015,411,1048,798,250,0,0,0,230,0.179127725856698,0,1,149,0,2,32,32,0,0,0,0,504,373,0,0.288749999999975,0,0,0,0.260567054117175,0.350818491395604,0,0,0,0,0,0.3155,3.12,0.666,0.0954880000000002,0,0,0.757200000000001,49.5833333333333,84.5833333333333,66.5,0.00682476635514023,0.0219999999999998,0.0325401002506267,0.0529999999999999,0.986430571615654,1566,675,0.112388250319285,0.100740740740741,0.101169805032495,0.0984202632894518,0.953878800000001,0,666804226529,21201733053,105363559,0,132553311
development,16016007,n5-csma,N5 CSMA,MAC-aware ablation,frozen-piggyback,2,NaN,causal-broadcast,Frozen piggyback,piggyback,5,ring2,6dof,csma,0.2,0.2,0,1,1,0.097,0.097,0.0277777777777778,0.0277777777777778,0.0535302092522638,0.530365508496166,0,0,9.63891160472782,12.4748528578977,0,1.03666074908536,0.0702929795467108,0.140000000000001,0.199999999999999,0.220000000000001,0.139701492537313,0.0694085129906026,713,835,683,0,731,1533,1178,355,931,731,200,0,0,0,127,0.152095808383234,0,5,127,0,1,32,32,0,0,0,0,0,931,3,0.25599999999998,0,0,0,0.217077444143372,0.253449619639966,0,0,0,0,0,0.278333333333334,3.34,0,0.238336000000002,0,0,0.668000000000001,56.9166666666667,98.1666666666667,60.9166666666667,0.00739161676646716,0.0220000000000002,0.0447113543091656,0.0949999999999993,0.98774866338468,1887,0,0.104398516163222,0,0.101169805032495,0.0984202632894518,0.8766991,0,666804226529,21201733053,105363559,0,132561461
development,16016007,n5-csma,N5 CSMA,MAC-aware ablation,adaptive-only,3,NaN,mac-aware-broadcast,Adaptive ACK only,adaptive,5,ring2,6dof,csma,0.2,0.2,0,1,1,0.097,0.097,0.0277777777777778,0.0277777777777778,0.0540395843776286,0.529613635101402,0,0,9.63891160472782,12.4748528578977,0,1.0366552102827,0.0696738529574349,0.140000000000001,0.199999999999999,0.260000000000002,0.135732448866777,0.0660585959093422,695,816,662,70,745,1500,1150,350,955,745,210,0,0,0,131,0.147855530474041,0,2,123,0,2,32,32,0,0,0,0,70,805,2,0.262249999999979,70,0,0,0.22640447412272,0.267734084951545,0,0,0,0,0,0.283333333333334,3.264,0.136,0.206080000000002,0,0,0.680000000000001,55.1666666666667,95.8333333333333,62.0833333333333,0.00705079006772013,0.0209999999999999,0.0464362416107383,0.104,0.984309233429913,1782,150,0.102693602693603,0.106666666666667,0.101169805032495,0.0984202632894518,0.9165866,0,666804226529,21201733053,105363559,0,132555411
development,16016007,n5-csma,N5 CSMA,MAC-aware ablation,access-only,4,NaN,causal-broadcast,Access scaling only,hybrid,5,ring2,6dof,csma,0.2,0.2,0,1,1,0.097,0.097,0.0277777777777778,0.0277777777777778,0.0579853252550122,0.525425494255853,0,0,9.7382345300421,12.5200883295222,0,1.03664957486623,0.0781426202321723,0.16,0.220000000000001,0.319999999999999,0.122863460475401,0.0447208402432283,632,780,595,504,798,1426,1015,411,1048,798,250,0,0,0,230,0.179127725856698,0,1,149,0,2,32,32,0,0,0,0,504,373,0,0.288749999999975,0,0,0,0.260567054117175,0.350818491395604,0,0,0,0,0,0.3155,3.12,0.666,0.0954880000000002,0,0,0.757200000000001,49.5833333333333,84.5833333333333,66.5,0.00682476635514023,0.0219999999999998,0.0325401002506267,0.0529999999999999,0.986430571615654,1566,675,0.112388250319285,0.100740740740741,0.101169805032495,0.0984202632894518,0.945486199999999,0,666804226529,21201733053,105363559,0,132550415
development,16016007,n5-csma,N5 CSMA,MAC-aware ablation,guarded-adaptive,5,NaN,mac-aware-broadcast,Adaptive ACK + guard,adaptive,5,ring2,6dof,csma,0.2,0.2,0,1,1,0.097,0.097,0.0277777777777778,0.0277777777777778,0.0532512689792796,0.530784740068791,0,0,9.63891160472782,12.4748528578977,0,1.03665385734275,0.0706688778330569,0.140000000000001,0.199999999999999,0.24,0.138606965174129,0.0679380873410725,695,832,666,53,732,1517,1146,371,941,732,209,0,0,0,143,0.161581920903955,0,0,137,0,1,32,32,0,0,0,0,53,826,0,0.261083333333312,53,0,0,0.235987107949384,0.281898544166636,13,0,13,10,3,0.285916666666667,3.328,0.103,0.211456000000002,0,0,0.686200000000001,55.5,95.5,61,0.00735367231638425,0.0220000000000002,0.0456038251366121,0.104000000000001,0.987501391455351,1815,115,0.0991735537190083,0.0956521739130435,0.101169805032495,0.0984202632894518,0.9115292,0,666804226529,21201733053,105363559,0,132560455
development,16016007,n5-csma,N5 CSMA,MAC-aware ablation,full-v2,6,NaN,mac-aware-broadcast,Full MAC-aware v2,adaptive,5,ring2,6dof,csma,0.2,0.2,0,1,1,0.097,0.097,0.0277777777777778,0.0277777777777778,0.0532512689792796,0.530784740068791,0,0,9.63891160472782,12.4748528578977,0,1.03665385734275,0.0706688778330569,0.140000000000001,0.199999999999999,0.24,0.138606965174129,0.0679380873410725,695,832,666,53,732,1517,1146,371,941,732,209,0,0,0,143,0.161581920903955,0,0,137,0,1,32,32,0,0,0,0,53,826,0,0.261083333333312,53,0,0,0.235987107949384,0.281898544166636,13,0,13,10,3,0.285916666666667,3.328,0.103,0.211456000000002,0,0,0.686200000000001,55.5,95.5,61,0.00735367231638425,0.0220000000000002,0.0456038251366121,0.104000000000001,0.987501391455351,1815,115,0.0991735537190083,0.0956521739130435,0.101169805032495,0.0984202632894518,0.9318303,0,666804226529,21201733053,105363559,0,132547140
development,16016007,n5-aloha,N5 ALOHA,MAC-aware ablation,frozen-hybrid,1,NaN,causal-broadcast,Frozen hybrid,hybrid,5,ring2,6dof,aloha,0.2,0.2,0,1,1,0.097,0.097,0.0277777777777778,0.0277777777777778,0.0682437199846882,0.512507725634452,0,0,9.59906822202645,12.6750870922032,0,1.03628410648671,0.0997457158651187,0.239999999999998,0.359999999999999,0.5,0.170569375345495,0.0708236594803759,936,2138,434,336,429,3928,780,3148,1138,429,709,0,0,0,1808,0.730800323362975,0,36,1238,4,2,32,32,0,0,0,0,336,703,15,0.479416666666681,0,0,0,0.372878626331309,0.483800280490688,0,0,0,0,0,0.748499999999959,8.5519999999995,0.43,0.179968000000002,0,0,1.7963999999999,36.1666666666667,65,35.75,0.00928415521422803,0.0249999999999999,0.0347622377622379,0.056,0.973265126853718,4213,435,0.114170424875386,0.096551724137931,0.101169805032495,0.0984202632894518,1.0950166,0,666804226529,21201733053,105363559,0,132993911
development,16016007,n5-aloha,N5 ALOHA,MAC-aware ablation,frozen-piggyback,2,NaN,causal-broadcast,Frozen piggyback,piggyback,5,ring2,6dof,aloha,0.2,0.2,0,1,1,0.097,0.097,0.0277777777777778,0.0277777777777778,0.0698841258477759,0.506010766161826,0,0,9.60737129774884,12.8975728964711,0,1.03639714863781,0.115809839690437,0.34,0.460000000000001,0.6,0.258242122719735,0.142432283029298,1011,2341,456,0,380,4287,791,3496,1349,380,969,0,0,0,1870,0.798803929944468,0,38,1368,8,1,32,32,0,0,0,0,0,1349,5,0.489083333333352,0,0,0,0.400195651281574,0.541395814802214,0,0,0,0,0,0.780333333333284,9.36399999999941,0,0.345344,0,0,1.87279999999988,38,65.9166666666667,31.6666666666667,0.0100798803929945,0.0259999999999998,0.0487368421052633,0.0951999999999998,0.984778593417002,4783,0,0.116245034497178,0,0.101169805032495,0.0984202632894518,1.0774018,0,666804226529,21201733053,105363559,0,133002061
development,16016007,n5-aloha,N5 ALOHA,MAC-aware ablation,adaptive-only,3,NaN,mac-aware-broadcast,Adaptive ACK only,adaptive,5,ring2,6dof,aloha,0.2,0.2,0,1,1,0.097,0.097,0.0277777777777778,0.0277777777777778,0.0715954868907268,0.509162749035617,0,0,9.59906822202645,12.6750870922032,0,1.03642642815984,0.101271420674405,0.259999999999999,0.34,0.52,0.184090657822001,0.0828192371475954,961,2228,436,319,409,4109,780,3329,1163,409,754,0,0,0,1892,0.742834707499018,0,39,1306,5,2,32,32,0,0,0,0,319,773,9,0.493416666666687,319,19,0,0.389349240398517,0.517472534182317,0,0,0,0,0,0.774916666666622,8.91199999999946,0.387,0.197888000000003,0,0,1.85979999999989,36.3333333333333,65,34.0833333333333,0.00934511189634871,0.0249999999999999,0.0344180929095356,0.0560000000000006,0.960226296913674,4438,390,0.114015322217215,0.102564102564103,0.101169805032495,0.0984202632894518,1.1302809,0,666804226529,21201733053,105363559,0,132996011
development,16016007,n5-aloha,N5 ALOHA,MAC-aware ablation,access-only,4,NaN,causal-broadcast,Access scaling only,hybrid,5,ring2,6dof,aloha,0.2,0.2,0,1,1,0.097,0.097,0.0277777777777778,0.0277777777777778,0.0682437199846882,0.512507725634452,0,0,9.59906822202645,12.6750870922032,0,1.03628410648671,0.0997457158651187,0.239999999999998,0.359999999999999,0.5,0.170569375345495,0.0708236594803759,936,2138,434,336,429,3928,780,3148,1138,429,709,0,0,0,1808,0.730800323362975,0,36,1238,4,2,32,32,0,0,0,0,336,703,15,0.479416666666681,0,0,0,0.372878626331309,0.483800280490688,0,0,0,0,0,0.748499999999959,8.5519999999995,0.43,0.179968000000002,0,0,1.7963999999999,36.1666666666667,65,35.75,0.00928415521422803,0.0249999999999999,0.0347622377622379,0.056,0.973265126853718,4213,435,0.114170424875386,0.096551724137931,0.101169805032495,0.0984202632894518,1.1573771,0,666804226529,21201733053,105363559,0,132991015
development,16016007,n5-aloha,N5 ALOHA,MAC-aware ablation,guarded-adaptive,5,NaN,mac-aware-broadcast,Adaptive ACK + guard,adaptive,5,ring2,6dof,aloha,0.2,0.2,0,1,1,0.097,0.097,0.0277777777777778,0.0277777777777778,0.0752422232909201,0.497655435694338,0,0,9.60737129774884,12.893300065408,0,1.03637417721467,0.0925483692647871,0.219999999999999,0.319999999999999,0.44,0.150315091210613,0.0577667219458265,890,2037,440,312,438,3786,770,3016,1112,438,674,0,0,0,1683,0.716475095785441,0,2,1149,4,1,32,32,0,0,0,0,313,724,4,0.463750000000011,314,11,0,0.342160001738551,0.470724575207997,54,4,50,53,1,0.711083333333296,8.14799999999955,0.385,0.185344000000002,0,0,1.70659999999991,36.6666666666667,64.1666666666667,36.5,0.00941166453810137,0.0250000000000004,0.0338561643835618,0.0561500000000007,0.988158432013067,4044,388,0.108061325420376,0.105670103092784,0.101169805032495,0.0984202632894518,1.1193147,0,666804226529,21201733053,105363559,0,133001055
development,16016007,n5-aloha,N5 ALOHA,MAC-aware ablation,full-v2,6,NaN,mac-aware-broadcast,Full MAC-aware v2,adaptive,5,ring2,6dof,aloha,0.2,0.2,0,1,1,0.097,0.097,0.0277777777777778,0.0277777777777778,0.0752422232909201,0.497655435694338,0,0,9.60737129774884,12.893300065408,0,1.03637417721467,0.0925483692647871,0.219999999999999,0.319999999999999,0.44,0.150315091210613,0.0577667219458265,890,2037,440,312,438,3786,770,3016,1112,438,674,0,0,0,1683,0.716475095785441,0,2,1149,4,1,32,32,0,0,0,0,313,724,4,0.463750000000011,314,11,0,0.342160001738551,0.470724575207997,54,4,50,53,1,0.711083333333296,8.14799999999955,0.385,0.185344000000002,0,0,1.70659999999991,36.6666666666667,64.1666666666667,36.5,0.00941166453810137,0.0250000000000004,0.0338561643835618,0.0561500000000007,0.988158432013067,4044,388,0.108061325420376,0.105670103092784,0.101169805032495,0.0984202632894518,1.0890494,0,666804226529,21201733053,105363559,0,132987740
development,16016007,n5-background030,N5 30% background,MAC-aware ablation,frozen-hybrid,1,NaN,causal-broadcast,Frozen hybrid,hybrid,5,ring2,6dof,csma,0.2,0.2,0.3,1,1,0.097,0.097,0.0277777777777778,0.0277777777777778,0.0922176186071544,0.480753565085733,0,0,9.6993160302169,12.6806686623775,0,1.03655144341396,0.14375898286346,0.36,0.46,0.56,0.282266445550028,0.138507462686567,983,2015,434,180,387,3772,742,3030,1246,387,859,0,0,0,1611,0.733940774487472,0,177,1210,26,2,32,32,0,0,0,0,180,1024,132,0.745916666666691,0,0,0,0.734407952489896,0.797557478388098,0,0,0,0,0,0.690083333333296,8.05999999999956,0.221,0.262144000000003,3.61699999999965,1301,1.65619999999991,36.1666666666667,61.8333333333333,32.25,0.0179558086560366,0.046,0.0483746770025841,0.0878000000000002,0.99553911205074,4073,222,0.106309845322858,0.112612612612613,0.101169805032495,0.0984202632894518,1.1315553,0,666804226529,21201733053,105363559,0,133223573
development,16016007,n5-background030,N5 30% background,MAC-aware ablation,frozen-piggyback,2,NaN,causal-broadcast,Frozen piggyback,piggyback,5,ring2,6dof,csma,0.2,0.2,0.3,1,1,0.097,0.097,0.0277777777777778,0.0277777777777778,0.0871600387697433,0.488521577656886,0,0,9.6993160302169,12.6806686623775,0,1.03657110896095,0.13110005527916,0.32,0.46,0.6,0.316605859590934,0.185505804311775,1035,2118,454,0,332,3932,768,3164,1488,332,1156,0,0,0,1645,0.776676109537299,0,192,1276,24,1,32,32,0,0,0,0,0,1488,164,0.745500000000024,0,0,0,0.727356303850826,0.808979628275571,0,0,0,0,0,0.705999999999959,8.47199999999951,0,0.380928,3.61699999999965,1379,1.6943999999999,37.8333333333333,64,27.6666666666667,0.0187573182247404,0.0470000000000006,0.0593554216867471,0.1309,0.994144600395505,4434,0,0.111411817771764,0,0.101169805032495,0.0984202632894518,1.0958539,0,666804226529,21201733053,105363559,0,133231723
development,16016007,n5-background030,N5 30% background,MAC-aware ablation,adaptive-only,3,NaN,mac-aware-broadcast,Adaptive ACK only,adaptive,5,ring2,6dof,csma,0.2,0.2,0.3,1,1,0.097,0.097,0.0277777777777778,0.0277777777777778,0.085250166908386,0.494466394463122,0,0,9.6993160302169,12.6806686623775,0,1.0365647154814,0.130624654505251,0.32,0.44,0.56,0.356749585406302,0.226124930901051,1044,2114,456,10,340,3900,782,3118,1533,340,1193,0,0,0,1638,0.771186440677966,0,208,1280,23,2,32,32,0,0,0,0,10,1512,175,0.747500000000021,10,0,0,0.75187171116955,0.833633527580351,0,0,0,0,0,0.706249999999959,8.45599999999951,0.019,0.387071999999999,3.61699999999965,1357,1.6949999999999,38,65.1666666666667,28.3333333333333,0.0182264595103579,0.0449999999999999,0.0574441176470589,0.11405,0.994480845568894,4408,21,0.110934664246824,0.0476190476190476,0.101169805032495,0.0984202632894518,1.1206105,0,666804226529,21201733053,105363559,0,133225673
development,16016007,n5-background030,N5 30% background,MAC-aware ablation,access-only,4,NaN,causal-broadcast,Access scaling only,hybrid,5,ring2,6dof,csma,0.2,0.2,0.3,1,1,0.097,0.097,0.0277777777777778,0.0277777777777778,0.0922176186071544,0.480753565085733,0,0,9.6993160302169,12.6806686623775,0,1.03655144341396,0.14375898286346,0.36,0.46,0.56,0.282266445550028,0.138507462686567,983,2015,434,180,387,3772,742,3030,1246,387,859,0,0,0,1611,0.733940774487472,0,177,1210,26,2,32,32,0,0,0,0,180,1024,132,0.745916666666691,0,0,0,0.734407952489896,0.797557478388098,0,0,0,0,0,0.690083333333296,8.05999999999956,0.221,0.262144000000003,3.61699999999965,1301,1.65619999999991,36.1666666666667,61.8333333333333,32.25,0.0179558086560366,0.046,0.0483746770025841,0.0878000000000002,0.99553911205074,4073,222,0.106309845322858,0.112612612612613,0.101169805032495,0.0984202632894518,1.1180462,0,666804226529,21201733053,105363559,0,133220677
development,16016007,n5-background030,N5 30% background,MAC-aware ablation,guarded-adaptive,5,NaN,mac-aware-broadcast,Adaptive ACK + guard,adaptive,5,ring2,6dof,csma,0.2,0.2,0.3,1,1,0.097,0.097,0.0277777777777778,0.0277777777777778,0.0969723388534612,0.464839699532582,0,0,9.6993160302169,12.8672458158942,0,1.03650838295521,0.151409618573798,0.399999999999999,0.540000000000001,0.66,0.413665008291874,0.262255389718076,909,2134,453,13,281,3928,770,3158,1321,281,1040,0,0,0,1673,0.779226828132278,0,2,1228,19,1,32,32,0,0,0,0,13,1293,11,0.746583333333357,13,2,0,0.734135404279749,0.804170047349539,323,110,244,312,11,0.713333333333292,8.5359999999995,0.024,0.331008000000001,3.61699999999965,1403,1.7119999999999,37.75,64.1666666666667,23.4166666666667,0.0228206800186308,0.0590000000000011,0.0605622775800713,0.132000000000001,0.996426230304207,4377,28,0.108750285583733,0.178571428571429,0.101169805032495,0.0984202632894518,1.1452714,0,666804226529,21201733053,105363559,0,133230717
development,16016007,n5-background030,N5 30% background,MAC-aware ablation,full-v2,6,NaN,mac-aware-broadcast,Full MAC-aware v2,adaptive,5,ring2,6dof,csma,0.2,0.2,0.3,1,1,0.097,0.097,0.0277777777777778,0.0277777777777778,0.0969723388534612,0.464839699532582,0,0,9.6993160302169,12.8672458158942,0,1.03650838295521,0.151409618573798,0.399999999999999,0.540000000000001,0.66,0.413665008291874,0.262255389718076,909,2134,453,13,281,3928,770,3158,1321,281,1040,0,0,0,1673,0.779226828132278,0,2,1228,19,1,32,32,0,0,0,0,13,1293,11,0.746583333333357,13,2,0,0.734135404279749,0.804170047349539,323,110,244,312,11,0.713333333333292,8.5359999999995,0.024,0.331008000000001,3.61699999999965,1403,1.7119999999999,37.75,64.1666666666667,23.4166666666667,0.0228206800186308,0.0590000000000011,0.0605622775800713,0.132000000000001,0.996426230304207,4377,28,0.108750285583733,0.178571428571429,0.101169805032495,0.0984202632894518,1.091957,0,666804226529,21201733053,105363559,0,133217402
development,16016007,n5-hidden,N5 hidden terminals,MAC-aware ablation,frozen-hybrid,1,NaN,causal-broadcast,Frozen hybrid,hybrid,5,ring2,6dof,csma,0.2,0.2,0,0.6,1,0.097,0.097,0.0277777777777778,0.0277777777777778,0.0611015914894513,0.520298603955828,0,0,9.60937032170532,13.0159650766998,0,1.03661153589105,0.0855058043117744,0.199999999999999,0.26,0.34,0.166578220011056,0.0810724156992814,870,1597,522,390,548,2995,898,2097,1191,548,643,0,0,0,1170,0.588827377956719,0,100,827,18,2,32,32,0,0,0,0,390,677,52,0.428083333333333,0,0,0,0.231945533965071,0.359274410514268,0,0,0,0,0,0.574666666666645,6.38799999999974,0.508,0.173312000000002,0,0,1.37919999999995,43.5,74.8333333333333,45.6666666666667,0.00956869652742833,0.028,0.0345364963503651,0.058,0.987189334106224,3215,514,0.114463452566096,0.0972762645914397,0.101169805032495,0.0984202632894518,1.140503,0,666804226529,21201733053,105363559,0,133003861
development,16016007,n5-hidden,N5 hidden terminals,MAC-aware ablation,frozen-piggyback,2,NaN,causal-broadcast,Frozen piggyback,piggyback,5,ring2,6dof,csma,0.2,0.2,0,0.6,1,0.097,0.097,0.0277777777777778,0.0277777777777778,0.062663924028532,0.5174966918428,0,0,9.60937032170532,13.0159650766998,0,1.03662436281682,0.0831398562741846,0.18,0.26,0.34,0.175367606412382,0.0922277501381981,908,1633,568,0,524,3053,968,2085,1271,524,747,0,0,0,1047,0.641151255358236,0,84,809,22,1,32,32,0,0,0,0,0,1271,46,0.403583333333326,0,0,0,0.219610865448295,0.337655774515123,0,0,0,0,0,0.54433333333331,6.53199999999972,0,0.325376000000002,0,0,1.30639999999994,47.3333333333333,80.6666666666667,43.6666666666667,0.0103006736068586,0.0289999999999999,0.0496374045801528,0.10485,0.992841975688567,3493,0,0.112510735757229,0,0.101169805032495,0.0984202632894518,1.0351509,0,666804226529,21201733053,105363559,0,133012011
development,16016007,n5-hidden,N5 hidden terminals,MAC-aware ablation,adaptive-only,3,NaN,mac-aware-broadcast,Adaptive ACK only,adaptive,5,ring2,6dof,csma,0.2,0.2,0,0.6,1,0.097,0.097,0.0277777777777778,0.0277777777777778,0.0573495784302486,0.528513604353114,0,0,9.60937032170532,13.0159650766998,0,1.03668974886881,0.0863902708678827,0.200000000000001,0.279999999999999,0.4,0.166821448313985,0.0804311774461029,916,1558,594,38,552,2892,1013,1879,1279,552,727,0,0,0,941,0.589598997493734,0,90,732,27,2,32,32,0,0,0,0,38,1198,72,0.399583333333325,38,0,0,0.202110336886282,0.351739306578826,0,0,0,0,0,0.525333333333313,6.23199999999976,0.0720000000000001,0.306688000000002,0,0,1.26079999999995,49.5,84.4166666666667,46,0.0102268170426066,0.0289999999999999,0.0490670289855074,0.108,0.986319291085455,3322,81,0.111679711017459,0.0987654320987654,0.101169805032495,0.0984202632894518,1.0408297,0,666804226529,21201733053,105363559,0,133005961
development,16016007,n5-hidden,N5 hidden terminals,MAC-aware ablation,access-only,4,NaN,causal-broadcast,Access scaling only,hybrid,5,ring2,6dof,csma,0.2,0.2,0,0.6,1,0.097,0.097,0.0277777777777778,0.0277777777777778,0.0611015914894513,0.520298603955828,0,0,9.60937032170532,13.0159650766998,0,1.03661153589105,0.0855058043117744,0.199999999999999,0.26,0.34,0.166578220011056,0.0810724156992814,870,1597,522,390,548,2995,898,2097,1191,548,643,0,0,0,1170,0.588827377956719,0,100,827,18,2,32,32,0,0,0,0,390,677,52,0.428083333333333,0,0,0,0.231945533965071,0.359274410514268,0,0,0,0,0,0.574666666666645,6.38799999999974,0.508,0.173312000000002,0,0,1.37919999999995,43.5,74.8333333333333,45.6666666666667,0.00956869652742833,0.028,0.0345364963503651,0.058,0.987189334106224,3215,514,0.114463452566096,0.0972762645914397,0.101169805032495,0.0984202632894518,1.0868791,0,666804226529,21201733053,105363559,0,133000965
development,16016007,n5-hidden,N5 hidden terminals,MAC-aware ablation,guarded-adaptive,5,NaN,mac-aware-broadcast,Adaptive ACK + guard,adaptive,5,ring2,6dof,csma,0.2,0.2,0,0.6,1,0.097,0.097,0.0277777777777778,0.0277777777777778,0.0597228507707849,0.525936842808527,0,0,9.60937032170532,12.8493032750154,0,1.03660024647615,0.0978109452736317,0.26,0.440000000000001,0.539999999999999,0.18130458817026,0.0834936428966281,838,1540,593,51,553,2904,1008,1896,1252,553,699,0,0,0,929,0.583909490886235,0,0,702,11,2,32,32,0,0,0,0,51,1148,2,0.402916666666658,51,0,0,0.216690084180851,0.37873218151469,66,0,66,65,1,0.521166666666647,6.15999999999976,0.0940000000000001,0.293888000000002,0,0,1.25079999999995,49.4166666666667,84,46.0833333333333,0.0111489629164049,0.0329999999999999,0.0483688969258591,0.1114,0.988375001756679,3307,104,0.107045660719686,0.0961538461538462,0.101169805032495,0.0984202632894518,1.0728543,0,666804226529,21201733053,105363559,0,133011005
development,16016007,n5-hidden,N5 hidden terminals,MAC-aware ablation,full-v2,6,NaN,mac-aware-broadcast,Full MAC-aware v2,adaptive,5,ring2,6dof,csma,0.2,0.2,0,0.6,1,0.097,0.097,0.0277777777777778,0.0277777777777778,0.0597228507707849,0.525936842808527,0,0,9.60937032170532,12.8493032750154,0,1.03660024647615,0.0978109452736317,0.26,0.440000000000001,0.539999999999999,0.18130458817026,0.0834936428966281,838,1540,593,51,553,2904,1008,1896,1252,553,699,0,0,0,929,0.583909490886235,0,0,702,11,2,32,32,0,0,0,0,51,1148,2,0.402916666666658,51,0,0,0.216690084180851,0.37873218151469,66,0,66,65,1,0.521166666666647,6.15999999999976,0.0940000000000001,0.293888000000002,0,0,1.25079999999995,49.4166666666667,84,46.0833333333333,0.0111489629164049,0.0329999999999999,0.0483688969258591,0.1114,0.988375001756679,3307,104,0.107045660719686,0.0961538461538462,0.101169805032495,0.0984202632894518,1.0631272,0,666804226529,21201733053,105363559,0,132997690
development,16016007,n10-ring2,N10 ring2,MAC-aware ablation,frozen-hybrid,1,NaN,causal-broadcast,Frozen hybrid,hybrid,10,ring2,di,csma,0.2,0.2,0,1,1,0.097,0.097,0.0277777777777778,0.0277777777777778,0.088570030065775,0.511541082647843,0,0,NaN,NaN,NaN,NaN,0.0778820184790333,0.16,0.216000000000003,0.34,0.13740819710969,0.0595261786306564,1595,2532,1217,921,1552,5451,2480,2971,3203,1552,1651,0,0,0,1669,0.483347813495511,0,174,1112,20,2,32,32,0,0,0,0,923,1971,212,0.707083333333379,0,0,0,0.633131065050931,0.761396957626014,0,0,0,0,0,0.94466666666661,10.1279999999993,1.20799999999999,0.504575999999994,0,0,2.26719999999986,101.416666666667,206.666666666667,129.333333333333,0.0134850854329569,0.0379999999999998,0.042403350515464,0.0739999999999999,0.986557381417067,6004,1232,0.0944370419720187,0.0941558441558442,0.0983452757873688,0.0951758040326612,1.6112295,0,2585683641191,84875993050,410907084,0,141501867
development,16016007,n10-ring2,N10 ring2,MAC-aware ablation,frozen-piggyback,2,NaN,causal-broadcast,Frozen piggyback,piggyback,10,ring2,di,csma,0.2,0.2,0,1,1,0.097,0.097,0.0277777777777778,0.0277777777777778,0.0833750604934382,0.516943632016411,0,0,NaN,NaN,NaN,NaN,0.0752333570244017,0.16,0.219999999999999,0.300000000000001,0.146415541340914,0.0711821843165129,1544,2211,1299,0,1578,4798,2583,2215,2669,1578,1091,0,0,0,879,0.397557666214383,0,106,776,13,1,32,32,0,0,0,0,0,2669,116,0.574000000000045,0,0,0,0.509448995848928,0.588565331334461,0,0,0,0,0,0.736999999999956,8.84399999999947,0,0.683263999999998,0,0,1.76879999999989,108.25,215.25,131.5,0.0126232473993669,0.0350000000000001,0.0523168567807352,0.105,0.993120435056413,5514,0,0.0990206746463547,0,0.0983452757873688,0.0951758040326612,1.2710108,0,2585683641191,84875993050,410907084,0,141510017
development,16016007,n10-ring2,N10 ring2,MAC-aware ablation,adaptive-only,3,NaN,mac-aware-broadcast,Adaptive ACK only,adaptive,10,ring2,di,csma,0.2,0.2,0,1,1,0.097,0.097,0.0277777777777778,0.0277777777777778,0.0863088446088707,0.516505881357918,0,0,NaN,NaN,NaN,NaN,0.0766453447050461,0.16,0.220000000000001,0.34,0.145832741056622,0.0691873963515757,1578,2317,1320,79,1601,5008,2662,2344,2922,1601,1320,1,2,1,976,0.407345575959933,0,98,838,14,2,32,32,0,0,0,0,79,2746,119,0.605666666666721,79,13,0,0.531512697442107,0.605949646997391,0,0,0,0,0,0.785249999999952,9.26799999999942,0.155,0.702975999999998,0,0,1.88459999999988,110,221.833333333333,133.416666666667,0.0134941569282138,0.037,0.0523691442848221,0.105,0.988449930790351,5780,176,0.0941176470588235,0.125,0.0983452757873688,0.0951758040326612,1.4283303,0,2585683641191,84875993050,410907084,0,141503967
development,16016007,n10-ring2,N10 ring2,MAC-aware ablation,access-only,4,NaN,causal-broadcast,Access scaling only,hybrid,10,ring2,di,csma,0.1,0.1,0,1,1,0.097,0.097,0.0277777777777778,0.0277777777777778,0.100034274485657,0.501117264574138,0,0,NaN,NaN,NaN,NaN,0.0877327647476899,0.18,0.24,0.32,0.143738450604122,0.0560056858564322,1478,1899,1220,829,1709,4129,2468,1661,2718,1709,1009,0,0,0,862,0.315982404692082,0,167,592,14,2,32,32,0,0,0,0,829,1633,230,0.612833333333386,0,0,0,0.563561133835786,0.626258624130292,0,0,0,0,0,0.7223333333333,7.59599999999961,1.072,0.418047999999998,0,0,1.73359999999992,101.666666666667,205.666666666667,142.416666666667,0.0196788856304986,0.055,0.0532744294909304,0.0999999999999996,0.986924117444235,4563,1085,0.0962086346701731,0.112442396313364,0.0983452757873688,0.0951758040326612,1.5127502,0,2585683641191,84875993050,410907084,0,141776414
development,16016007,n10-ring2,N10 ring2,MAC-aware ablation,guarded-adaptive,5,NaN,mac-aware-broadcast,Adaptive ACK + guard,adaptive,10,ring2,di,csma,0.2,0.2,0,1,1,0.097,0.097,0.0277777777777778,0.0277777777777778,0.0859103362045948,0.51425685852154,0,0,NaN,NaN,NaN,NaN,0.0755934612651029,0.16,0.219999999999999,0.34,0.14259180289031,0.0669983416252075,1449,2254,1284,91,1580,4927,2573,2354,2707,1580,1127,0,0,0,958,0.408528784648188,0,1,808,7,2,32,32,0,0,0,0,91,2497,6,0.592333333333383,91,5,0,0.501343442885326,0.650489971314508,250,150,135,243,7,0.766249999999954,9.01599999999945,0.179,0.639231999999997,0,0,1.83899999999989,107,214.416666666667,131.666666666667,0.0150191897654585,0.0440000000000004,0.0546911392405064,0.11,0.989161946817702,5607,210,0.0966648831817371,0.1,0.0983452757873688,0.0951758040326612,1.4288565,0,2585683641191,84875993050,410907084,0,141509011
development,16016007,n10-ring2,N10 ring2,MAC-aware ablation,full-v2,6,NaN,mac-aware-broadcast,Full MAC-aware v2,adaptive,10,ring2,di,csma,0.1,0.2,0,1,1,0.097,0.097,0.0277777777777778,0.0277777777777778,0.091044096534626,0.511400735320606,0,0,NaN,NaN,NaN,NaN,0.0837953091684434,0.18,0.24,0.340000000000002,0.155304430229803,0.0715091210613601,1449,1920,1369,76,1717,4188,2783,1405,2537,1717,820,0,0,0,530,0.265531062124248,0,4,476,7,2,32,32,0,0,0,0,76,2361,23,0.560750000000039,76,0,0,0.509378399723654,0.618666284043599,261,0,261,246,15,0.652416666666633,7.6799999999996,0.149,0.604416,0,0,1.56579999999992,114.083333333333,231.916666666667,143.083333333333,0.0224123246492987,0.0660000000000001,0.06110658124636,0.122,0.985907572529525,4843,176,0.096221350402643,0.0909090909090909,0.0983452757873688,0.0951758040326612,1.4076538,0,2585683641191,84875993050,410907084,0,141495696
development,16016007,n20-ring2,N20 ring2,MAC-aware ablation,frozen-hybrid,1,NaN,causal-broadcast,Frozen hybrid,hybrid,20,ring2,di,csma,0.2,0.2,0,1,1,0.097,0.097,0.0277777777777778,0.0277777777777778,0.474906882355948,0.258663516114699,1,0,NaN,NaN,NaN,NaN,0.452215011897036,1.3,1.83099999999999,2.62,3.69938784339174,3.2471728314947,3684,8564,475,123,131,19926,1072,18852,2897,131,2766,1,2,0,8192,0.943018303211696,0,1071,5959,113,2,32,32,0,0,0,0,123,2760,576,0.978749999999893,0,0,0,0.987694568059363,0.998402835717728,0,0,0,0,0,2.86600000000023,34.2560000000028,0.136,0.706560000000006,0,0,6.87840000000056,39.5833333333333,89.3333333333333,10.9166666666667,0.0260142742028319,0.0579999999999998,0.081259541984733,0.197,0.965777758753531,20762,137,0.0968596474328099,0.0948905109489051,0.097893059490085,0.10136477253791,2.5923646,0,10199326287327,339853580325,1676201720,0,167313725
development,16016007,n20-ring2,N20 ring2,MAC-aware ablation,frozen-piggyback,2,NaN,causal-broadcast,Frozen piggyback,piggyback,20,ring2,di,csma,0.2,0.2,0,1,1,0.097,0.097,0.0277777777777778,0.0277777777777778,0.501596208933492,0.218603941473084,1,0,NaN,NaN,NaN,NaN,0.50178022928834,1.42,2.32,3.5,3.04810945273632,2.54632922344798,3665,8519,513,0,173,19822,1088,18726,3175,173,2998,4,8,4,7996,0.938607817818993,0,1062,5924,96,1,32,32,0,0,0,0,0,3175,577,0.976833333333228,0,0,0,0.986615821368833,0.994831531297228,0,0,0,0,0,2.83966666666691,34.0760000000029,0,0.812800000000012,0,0,6.81520000000057,42.75,90.6666666666667,14.4166666666667,0.0255369174785774,0.0580000000000007,0.0827456647398844,0.1764,0.953856469735411,20629,0,0.0950603519317466,0,0.097893059490085,0.10136477253791,2.4402176,0,10199326287327,339853580325,1676201720,0,167321875
development,16016007,n20-ring2,N20 ring2,MAC-aware ablation,adaptive-only,3,NaN,mac-aware-broadcast,Adaptive ACK only,adaptive,20,ring2,di,csma,0.2,0.2,0,1,1,0.097,0.097,0.0277777777777778,0.0277777777777778,0.501596208933492,0.218603941473084,1,0,NaN,NaN,NaN,NaN,0.50178022928834,1.42,2.32,3.5,3.04810945273632,2.54632922344798,3665,8519,513,0,173,19822,1088,18726,3175,173,2998,4,8,4,7996,0.938607817818993,0,1062,5924,96,1,32,32,0,0,0,0,0,3175,577,0.976833333333228,0,4,0,0.986615821368833,0.994831531297228,0,0,0,0,0,2.83966666666691,34.0760000000029,0,0.812800000000012,0,0,6.81520000000057,42.75,90.6666666666667,14.4166666666667,0.0255369174785774,0.0580000000000007,0.0827456647398844,0.1764,0.953856469735411,20629,0,0.0950603519317466,0,0.097893059490085,0.10136477253791,2.4694563,0,10199326287327,339853580325,1676201720,0,167315825
development,16016007,n20-ring2,N20 ring2,MAC-aware ablation,access-only,4,NaN,causal-broadcast,Access scaling only,hybrid,20,ring2,di,csma,0.05,0.05,0,1,1,0.097,0.097,0.0277777777777778,0.0277777777777778,0.209101668096755,0.434576819871907,0,0,NaN,NaN,NaN,NaN,0.159870214146659,0.4,0.56,0.9,0.321613670776552,0.161743456629895,4043,3437,1523,296,1740,8033,3315,4718,4259,1740,2519,0,0,0,2049,0.548888293597643,0,2359,1767,62,2,32,32,0,0,0,0,298,3878,3129,0.824249999999979,0,0,0,0.830170448807633,0.864657733771804,0,0,0,0,0,1.17674999999991,13.7479999999989,0.373,0.992767999999995,0,0,2.82419999999979,126.916666666667,276.25,145,0.0294063755692474,0.0679999999999996,0.0939247126436783,0.210000000000001,0.990447499893249,8972,381,0.103432902362907,0.0997375328083989,0.097893059490085,0.10136477253791,1.9011297,0,10199326287327,339853580325,1676201720,0,167202707
development,16016007,n20-ring2,N20 ring2,MAC-aware ablation,guarded-adaptive,5,NaN,mac-aware-broadcast,Adaptive ACK + guard,adaptive,20,ring2,di,csma,0.2,0.2,0,1,1,0.097,0.097,0.0277777777777778,0.0277777777777778,0.362272530556197,0.265177017777243,1,0,NaN,NaN,NaN,NaN,0.351555267142548,0.959999999999999,1.4,1.9,1.04952844473286,0.697973177590304,2286,6331,768,1,557,14607,1695,12912,3805,557,3248,0,0,0,5545,0.875710675931775,0,3,4065,10,1,32,32,0,0,0,0,1,3803,9,0.802999999999992,1,30,0,0.802068823771739,0.850442137877633,4913,4780,1101,4899,14,2.11050000000015,25.3240000000018,0.002,0.973568000000013,0,0,5.06520000000036,64,141.25,46.4166666666667,0.0321200252684777,0.0779999999999998,0.118554757630162,0.201000000000001,0.976077315151916,15527,2,0.09757197140465,0,0.097893059490085,0.10136477253791,1.9919354,0,10199326287327,339853580325,1676201720,0,167320869
development,16016007,n20-ring2,N20 ring2,MAC-aware ablation,full-v2,6,NaN,mac-aware-broadcast,Full MAC-aware v2,adaptive,20,ring2,di,csma,0.05,0.2,0,1,1,0.097,0.097,0.0277777777777778,0.0277777777777778,0.246360694346283,0.387516447018578,1,0,NaN,NaN,NaN,NaN,0.216002595717068,0.5,0.750999999999986,1.16,0.411607181483885,0.195604585766818,1989,3379,1564,0,1754,7891,3369,4520,3960,1754,2205,1,2,1,1793,0.530630364013022,0,119,1523,57,1,32,32,0,0,0,0,0,3960,291,0.791749999999997,0,63,0,0.796391529680724,0.820849893344479,5714,3313,4150,5683,31,1.12633333333325,13.515999999999,0,1.01376,0,0,2.70319999999979,130.333333333333,280.75,146.166666666667,0.0669917135247115,0.18,0.134173318129989,0.279,0.996438057062782,8823,0,0.0996259775586535,0,0.097893059490085,0.10136477253791,1.7800209,0,10199326287327,339853580325,1676201720,0,167307554
development,16016008,n5-csma,N5 CSMA,MAC-aware ablation,frozen-hybrid,1,NaN,causal-broadcast,Frozen hybrid,hybrid,5,ring2,6dof,csma,0.2,0.2,0,1,1,0.097,0.097,0.0277777777777778,0.0277777777777778,0.0582078878279943,0.525062790215386,0,0,9.58711628183343,12.3230907948445,0,1.03662847019281,0.0790602542841348,0.16,0.219999999999999,0.300000000000001,0.116086235489221,0.0370259812050857,608,695,570,516,806,1281,982,299,1002,806,196,0,0,0,140,0.115606936416185,0,0,87,0,2,32,32,0,0,0,0,516,329,0,0.270999999999978,0,0,0,0.244508026505446,0.308872917548697,0,0,0,0,0,0.287,2.78,0.664,0.0842240000000002,0,0,0.688800000000001,47.5,81.8333333333333,67.1666666666667,0.00617506193228741,0.019,0.031923076923077,0.051,0.986608362940694,1384,673,0.102601156069364,0.0742942050520059,0.0999000166638894,0.0980169971671388,1.1022421,0,667118937390,21190343450,105363559,0,132553313
development,16016008,n5-csma,N5 CSMA,MAC-aware ablation,frozen-piggyback,2,NaN,causal-broadcast,Frozen piggyback,piggyback,5,ring2,6dof,csma,0.2,0.2,0,1,1,0.097,0.097,0.0277777777777778,0.0277777777777778,0.0531667605568908,0.532653204011577,0,0,9.58169661698219,12.2703638923603,0,1.03665859493758,0.0712548369264787,0.16,0.200000000000001,0.24,0.139391929242675,0.0681370923161969,714,832,669,0,724,1521,1179,342,956,724,232,0,0,0,128,0.153846153846154,0,2,120,1,1,32,32,0,0,0,0,0,956,2,0.25499999999998,0,0,0,0.219482196184817,0.27423811611005,0,0,0,0,0,0.277333333333334,3.328,0,0.244736000000002,0,0,0.665600000000001,55.75,98.25,60.3333333333333,0.00719951923076933,0.022,0.0441491712707183,0.0899999999999999,0.987263282120286,1883,0,0.0961232076473712,0,0.0999000166638894,0.0980169971671388,0.8481556,0,667118937390,21190343450,105363559,0,132561463
development,16016008,n5-csma,N5 CSMA,MAC-aware ablation,adaptive-only,3,NaN,mac-aware-broadcast,Adaptive ACK only,adaptive,5,ring2,6dof,csma,0.2,0.2,0,1,1,0.097,0.097,0.0277777777777778,0.0277777777777778,0.0536645830405141,0.531672941861162,0,0,9.58169661698219,12.2703638923603,0,1.03665645391719,0.0717081260364841,0.140000000000001,0.200000000000001,0.279999999999999,0.136395798783858,0.0646876727473743,714,820,676,69,734,1518,1173,345,951,734,217,0,0,0,117,0.131608548931384,0,3,109,0,2,32,32,0,0,0,0,69,800,2,0.265416666666645,69,0,0,0.231183327513516,0.283398811623572,0,0,0,0,0,0.284416666666667,3.28,0.133,0.204800000000002,0,0,0.682600000000001,56.3333333333333,97.75,61.1666666666667,0.00688751406074251,0.0210000000000005,0.045441416893733,0.104,0.982828630419821,1814,151,0.104189636163175,0.145695364238411,0.0999000166638894,0.0980169971671388,0.936677,0,667118937390,21190343450,105363559,0,132555413
development,16016008,n5-csma,N5 CSMA,MAC-aware ablation,access-only,4,NaN,causal-broadcast,Access scaling only,hybrid,5,ring2,6dof,csma,0.2,0.2,0,1,1,0.097,0.097,0.0277777777777778,0.0277777777777778,0.0582078878279943,0.525062790215386,0,0,9.58711628183343,12.3230907948445,0,1.03662847019281,0.0790602542841348,0.16,0.219999999999999,0.300000000000001,0.116086235489221,0.0370259812050857,608,695,570,516,806,1281,982,299,1002,806,196,0,0,0,140,0.115606936416185,0,0,87,0,2,32,32,0,0,0,0,516,329,0,0.270999999999978,0,0,0,0.244508026505446,0.308872917548697,0,0,0,0,0,0.287,2.78,0.664,0.0842240000000002,0,0,0.688800000000001,47.5,81.8333333333333,67.1666666666667,0.00617506193228741,0.019,0.031923076923077,0.051,0.986608362940694,1384,673,0.102601156069364,0.0742942050520059,0.0999000166638894,0.0980169971671388,0.9415339,0,667118937390,21190343450,105363559,0,132550417
development,16016008,n5-csma,N5 CSMA,MAC-aware ablation,guarded-adaptive,5,NaN,mac-aware-broadcast,Adaptive ACK + guard,adaptive,5,ring2,6dof,csma,0.2,0.2,0,1,1,0.097,0.097,0.0277777777777778,0.0277777777777778,0.0532526719210672,0.531475336079325,0,0,9.58169661698219,12.3488931606933,0,1.03665194821901,0.0694195688225538,0.140000000000001,0.199999999999999,0.32,0.140928689883914,0.07150912106136,708,810,669,67,729,1496,1165,331,930,729,201,0,0,0,117,0.133409350057013,0,0,102,0,2,32,32,0,0,0,0,67,788,0,0.262249999999979,67,0,0,0.241729685706278,0.311528139765063,21,0,21,15,6,0.280833333333334,3.24,0.13,0.201728000000002,0,0,0.674,55.75,97.0833333333333,60.75,0.00736716077537069,0.0220000000000002,0.0455514403292182,0.0972,0.984461919164146,1787,142,0.0984890878567432,0.0845070422535211,0.0999000166638894,0.0980169971671388,0.9177057,0,667118937390,21190343450,105363559,0,132560457
development,16016008,n5-csma,N5 CSMA,MAC-aware ablation,full-v2,6,NaN,mac-aware-broadcast,Full MAC-aware v2,adaptive,5,ring2,6dof,csma,0.2,0.2,0,1,1,0.097,0.097,0.0277777777777778,0.0277777777777778,0.0532526719210672,0.531475336079325,0,0,9.58169661698219,12.3488931606933,0,1.03665194821901,0.0694195688225538,0.140000000000001,0.199999999999999,0.32,0.140928689883914,0.07150912106136,708,810,669,67,729,1496,1165,331,930,729,201,0,0,0,117,0.133409350057013,0,0,102,0,2,32,32,0,0,0,0,67,788,0,0.262249999999979,67,0,0,0.241729685706278,0.311528139765063,21,0,21,15,6,0.280833333333334,3.24,0.13,0.201728000000002,0,0,0.674,55.75,97.0833333333333,60.75,0.00736716077537069,0.0220000000000002,0.0455514403292182,0.0972,0.984461919164146,1787,142,0.0984890878567432,0.0845070422535211,0.0999000166638894,0.0980169971671388,0.925792300000001,0,667118937390,21190343450,105363559,0,132547142
development,16016008,n5-aloha,N5 ALOHA,MAC-aware ablation,frozen-hybrid,1,NaN,causal-broadcast,Frozen hybrid,hybrid,5,ring2,6dof,aloha,0.2,0.2,0,1,1,0.097,0.097,0.0277777777777778,0.0277777777777778,0.0746183292191854,0.499041241359288,0,0,9.99819002102735,13.381160719381,0,1.0363347141909,0.104521835268104,0.26,0.378400000000001,0.520000000000001,0.175113322277501,0.0705914870093975,954,2160,403,326,406,3956,714,3242,1022,406,616,0,0,0,1840,0.740144810941271,0,56,1262,14,2,32,32,0,0,0,0,326,606,19,0.487583333333352,0,0,0,0.381559390424345,0.490767786095675,0,0,0,0,0,0.754249999999958,8.63999999999949,0.411,0.155136000000002,0,0,1.8101999999999,33.5833333333333,59.5,33.8333333333333,0.00927876106194697,0.0249999999999999,0.0339064039408869,0.0537500000000004,0.984565487557213,4168,416,0.101007677543186,0.105769230769231,0.0999000166638894,0.0980169971671388,1.1658755,0,667118937390,21190343450,105363559,0,132993913
development,16016008,n5-aloha,N5 ALOHA,MAC-aware ablation,frozen-piggyback,2,NaN,causal-broadcast,Frozen piggyback,piggyback,5,ring2,6dof,aloha,0.2,0.2,0,1,1,0.097,0.097,0.0277777777777778,0.0277777777777778,0.0946576805405995,0.457811912818293,0,0,9.99819002102735,13.381160719381,0,1.03624376579504,0.132360420121614,0.431999999999999,0.738400000000002,0.84,0.293289110005528,0.160928689883914,1007,2333,441,0,334,4251,785,3466,1407,334,1073,0,0,0,1866,0.799828546935276,0,34,1360,6,1,32,32,0,0,0,0,0,1407,9,0.483666666666684,0,0,0,0.388691915618463,0.536350251882243,0,0,0,0,0,0.777666666666618,9.33199999999942,0,0.360192000000002,0,0,1.86639999999988,36.75,65.4166666666667,27.8333333333333,0.0101050150021433,0.0250000000000004,0.0483263473053894,0.10235,0.9662451869333,4837,0,0.106470953070085,0,0.0999000166638894,0.0980169971671388,1.056359,0,667118937390,21190343450,105363559,0,133002063
development,16016008,n5-aloha,N5 ALOHA,MAC-aware ablation,adaptive-only,3,NaN,mac-aware-broadcast,Adaptive ACK only,adaptive,5,ring2,6dof,aloha,0.2,0.2,0,1,1,0.097,0.097,0.0277777777777778,0.0277777777777778,0.0831209632005622,0.475341909635392,0,0,9.99819002102735,13.381160719381,0,1.03626626479375,0.124754007739082,0.331999999999998,0.880000000000001,1.1,0.245273631840796,0.120519624101714,926,2030,424,330,427,3730,756,2974,1074,427,647,0,0,0,1677,0.710593220338983,0,55,1159,14,2,32,32,0,0,0,0,331,651,16,0.469416666666679,331,21,0,0.377668692488138,0.513611796510732,0,0,0,0,0,0.711333333333296,8.11999999999955,0.416,0.166656000000002,0,0,1.70719999999991,35.3333333333333,63,35.5833333333333,0.00898432203389838,0.023,0.0342974238875879,0.0539999999999994,0.967161609640628,4016,423,0.0981075697211155,0.066193853427896,0.0999000166638894,0.0980169971671388,1.118778,0,667118937390,21190343450,105363559,0,132996013
development,16016008,n5-aloha,N5 ALOHA,MAC-aware ablation,access-only,4,NaN,causal-broadcast,Access scaling only,hybrid,5,ring2,6dof,aloha,0.2,0.2,0,1,1,0.097,0.097,0.0277777777777778,0.0277777777777778,0.0746183292191854,0.499041241359288,0,0,9.99819002102735,13.381160719381,0,1.0363347141909,0.104521835268104,0.26,0.378400000000001,0.520000000000001,0.175113322277501,0.0705914870093975,954,2160,403,326,406,3956,714,3242,1022,406,616,0,0,0,1840,0.740144810941271,0,56,1262,14,2,32,32,0,0,0,0,326,606,19,0.487583333333352,0,0,0,0.381559390424345,0.490767786095675,0,0,0,0,0,0.754249999999958,8.63999999999949,0.411,0.155136000000002,0,0,1.8101999999999,33.5833333333333,59.5,33.8333333333333,0.00927876106194697,0.0249999999999999,0.0339064039408869,0.0537500000000004,0.984565487557213,4168,416,0.101007677543186,0.105769230769231,0.0999000166638894,0.0980169971671388,1.1012364,0,667118937390,21190343450,105363559,0,132991017
development,16016008,n5-aloha,N5 ALOHA,MAC-aware ablation,guarded-adaptive,5,NaN,mac-aware-broadcast,Adaptive ACK + guard,adaptive,5,ring2,6dof,aloha,0.2,0.2,0,1,1,0.097,0.097,0.0277777777777778,0.0277777777777778,0.0692157594025896,0.508609964518439,0,0,9.99819002102735,13.381160719381,0,1.03648565694478,0.0960530679933662,0.220000000000001,0.32,0.460000000000001,0.176152570480928,0.0800995024875623,857,1951,429,339,459,3577,779,2798,1121,459,662,0,0,0,1597,0.697379912663755,0,2,1096,6,2,32,32,0,0,0,0,339,688,2,0.456166666666676,339,4,0,0.382594189477056,0.498078127073776,65,10,56,64,1,0.686083333333299,7.80399999999958,0.429,0.176128000000002,0,0,1.64659999999992,35.75,64.9166666666667,38.25,0.00951790393013104,0.0250000000000004,0.0344640522875818,0.056,0.968101838457694,3844,433,0.107440166493236,0.0785219399538106,0.0999000166638894,0.0980169971671388,1.1107779,0,667118937390,21190343450,105363559,0,133001057
development,16016008,n5-aloha,N5 ALOHA,MAC-aware ablation,full-v2,6,NaN,mac-aware-broadcast,Full MAC-aware v2,adaptive,5,ring2,6dof,aloha,0.2,0.2,0,1,1,0.097,0.097,0.0277777777777778,0.0277777777777778,0.0692157594025896,0.508609964518439,0,0,9.99819002102735,13.381160719381,0,1.03648565694478,0.0960530679933662,0.220000000000001,0.32,0.460000000000001,0.176152570480928,0.0800995024875623,857,1951,429,339,459,3577,779,2798,1121,459,662,0,0,0,1597,0.697379912663755,0,2,1096,6,2,32,32,0,0,0,0,339,688,2,0.456166666666676,339,4,0,0.382594189477056,0.498078127073776,65,10,56,64,1,0.686083333333299,7.80399999999958,0.429,0.176128000000002,0,0,1.64659999999992,35.75,64.9166666666667,38.25,0.00951790393013104,0.0250000000000004,0.0344640522875818,0.056,0.968101838457694,3844,433,0.107440166493236,0.0785219399538106,0.0999000166638894,0.0980169971671388,1.0994225,0,667118937390,21190343450,105363559,0,132987742
development,16016008,n5-background030,N5 30% background,MAC-aware ablation,frozen-hybrid,1,NaN,causal-broadcast,Frozen hybrid,hybrid,5,ring2,6dof,csma,0.2,0.2,0.3,1,1,0.097,0.097,0.0277777777777778,0.0277777777777778,0.0900019714034122,0.486401084552822,0,0,9.95836863739159,13.1609222091489,0,1.03649189549903,0.128501934770591,0.300000000000001,0.42,0.539999999999999,0.31886124930901,0.190359314538419,1054,2142,416,150,325,3897,735,3162,1464,325,1139,0,0,0,1753,0.764834205933682,0,238,1327,37,2,32,32,0,0,0,0,150,1280,221,0.757833333333351,0,0,0,0.728861410341813,0.782988640025274,0,0,0,0,0,0.729333333333292,8.5679999999995,0.184,0.327680000000001,3.65899999999965,1441,1.7503999999999,34.6666666666667,61.25,27.0833333333333,0.0181876090750437,0.0464499999999998,0.0530646153846155,0.100800000000001,0.956850602676103,4389,184,0.0995670995670996,0.108695652173913,0.0999000166638894,0.0980169971671388,1.2636622,0,667118937390,21190343450,105363559,0,133223575
development,16016008,n5-background030,N5 30% background,MAC-aware ablation,frozen-piggyback,2,NaN,causal-broadcast,Frozen piggyback,piggyback,5,ring2,6dof,csma,0.2,0.2,0.3,1,1,0.097,0.097,0.0277777777777778,0.0277777777777778,0.0929981661848624,0.475715105659571,0,0,9.95836863739159,13.1609222091489,0,1.03655669663591,0.124179104477612,0.32,0.518400000000003,0.600000000000001,0.381990049751244,0.257810945273632,1094,2213,433,0,293,4044,768,3276,1508,293,1215,0,0,0,1758,0.794396746497967,0,239,1360,34,1,32,32,0,0,0,0,0,1508,219,0.761916666666682,0,0,0,0.728383348752755,0.826605648513177,0,0,0,0,0,0.737666666666622,8.85199999999947,0,0.386048,3.65899999999965,1465,1.77039999999989,36.0833333333333,64,24.4166666666667,0.0184469046543155,0.0449999999999999,0.059627986348123,0.1334,0.971571447078637,4600,0,0.103478260869565,0,0.0999000166638894,0.0980169971671388,1.0916799,0,667118937390,21190343450,105363559,0,133231725
development,16016008,n5-background030,N5 30% background,MAC-aware ablation,adaptive-only,3,NaN,mac-aware-broadcast,Adaptive ACK only,adaptive,5,ring2,6dof,csma,0.2,0.2,0.3,1,1,0.097,0.097,0.0277777777777778,0.0277777777777778,0.0927665832656956,0.476207741012298,0,0,9.95836863739159,13.1609222091489,0,1.0365422638182,0.131531232725263,0.34,0.440000000000001,0.6,0.386710889994472,0.255179657269209,1094,2221,424,12,296,4056,753,3303,1490,296,1194,0,0,0,1777,0.795790416480072,0,238,1368,34,2,32,32,0,0,0,0,12,1471,213,0.762000000000015,12,3,0,0.732276079815921,0.787323121389182,0,0,0,0,0,0.741916666666622,8.88399999999947,0.019,0.376575999999999,3.65899999999965,1480,1.78059999999989,35.3333333333333,62.75,24.6666666666667,0.0186027765338111,0.0454000000000009,0.0611081081081082,0.139249999999999,0.968255507082458,4608,19,0.103732638888889,0.0526315789473684,0.0999000166638894,0.0980169971671388,1.1226419,0,667118937390,21190343450,105363559,0,133225675
development,16016008,n5-background030,N5 30% background,MAC-aware ablation,access-only,4,NaN,causal-broadcast,Access scaling only,hybrid,5,ring2,6dof,csma,0.2,0.2,0.3,1,1,0.097,0.097,0.0277777777777778,0.0277777777777778,0.0900019714034122,0.486401084552822,0,0,9.95836863739159,13.1609222091489,0,1.03649189549903,0.128501934770591,0.300000000000001,0.42,0.539999999999999,0.31886124930901,0.190359314538419,1054,2142,416,150,325,3897,735,3162,1464,325,1139,0,0,0,1753,0.764834205933682,0,238,1327,37,2,32,32,0,0,0,0,150,1280,221,0.757833333333351,0,0,0,0.728861410341813,0.782988640025274,0,0,0,0,0,0.729333333333292,8.5679999999995,0.184,0.327680000000001,3.65899999999965,1441,1.7503999999999,34.6666666666667,61.25,27.0833333333333,0.0181876090750437,0.0464499999999998,0.0530646153846155,0.100800000000001,0.956850602676103,4389,184,0.0995670995670996,0.108695652173913,0.0999000166638894,0.0980169971671388,1.127948,0,667118937390,21190343450,105363559,0,133220679
development,16016008,n5-background030,N5 30% background,MAC-aware ablation,guarded-adaptive,5,NaN,mac-aware-broadcast,Adaptive ACK + guard,adaptive,5,ring2,6dof,csma,0.2,0.2,0.3,1,1,0.097,0.097,0.0277777777777778,0.0277777777777778,0.0905993674356839,0.491365758545213,0,0,9.95836863739159,13.1620281713292,0,1.03656068546631,0.138441127694859,0.34,0.558400000000002,0.92,0.443559977888336,0.305118850193477,903,2192,416,10,242,4004,734,3270,1325,242,1083,0,0,0,1756,0.797456857402361,0,1,1293,20,1,32,32,0,0,0,0,10,1306,6,0.758083333333351,10,3,0,0.739938342627919,0.805652928485385,358,159,249,347,11,0.731999999999957,8.76799999999948,0.016,0.334336000000001,3.65899999999965,1440,1.7567999999999,34.6666666666667,61.1666666666667,20.1666666666667,0.0226916439600365,0.0590000000000011,0.0599504132231406,0.1169,0.958228128460687,4515,19,0.100110741971207,0.210526315789474,0.0999000166638894,0.0980169971671388,1.1226418,0,667118937390,21190343450,105363559,0,133230719
development,16016008,n5-background030,N5 30% background,MAC-aware ablation,full-v2,6,NaN,mac-aware-broadcast,Full MAC-aware v2,adaptive,5,ring2,6dof,csma,0.2,0.2,0.3,1,1,0.097,0.097,0.0277777777777778,0.0277777777777778,0.0905993674356839,0.491365758545213,0,0,9.95836863739159,13.1620281713292,0,1.03656068546631,0.138441127694859,0.34,0.558400000000002,0.92,0.443559977888336,0.305118850193477,903,2192,416,10,242,4004,734,3270,1325,242,1083,0,0,0,1756,0.797456857402361,0,1,1293,20,1,32,32,0,0,0,0,10,1306,6,0.758083333333351,10,3,0,0.739938342627919,0.805652928485385,358,159,249,347,11,0.731999999999957,8.76799999999948,0.016,0.334336000000001,3.65899999999965,1440,1.7567999999999,34.6666666666667,61.1666666666667,20.1666666666667,0.0226916439600365,0.0590000000000011,0.0599504132231406,0.1169,0.958228128460687,4515,19,0.100110741971207,0.210526315789474,0.0999000166638894,0.0980169971671388,1.0816318,0,667118937390,21190343450,105363559,0,133217404
development,16016008,n5-hidden,N5 hidden terminals,MAC-aware ablation,frozen-hybrid,1,NaN,causal-broadcast,Frozen hybrid,hybrid,5,ring2,6dof,csma,0.2,0.2,0,0.6,1,0.097,0.097,0.0277777777777778,0.0277777777777778,0.0615936829541872,0.519384718444762,0,0,9.58774498713728,12.5433072535663,0,1.03643452675441,0.0830403537866223,0.18,0.258400000000001,0.380000000000001,0.135290215588723,0.0522498618021007,837,1478,536,401,598,2742,919,1823,1239,598,641,0,0,0,1023,0.544438531133582,0,91,732,17,2,32,32,0,0,0,0,401,723,56,0.409499999999994,0,0,0,0.209187862273916,0.34575760893211,0,0,0,0,0,0.535583333333316,5.91199999999979,0.515,0.185088000000002,0,0,1.28539999999996,44.6666666666667,76.5833333333333,49.8333333333333,0.00927035657264507,0.0271,0.0351872909698997,0.0589999999999994,0.992489722596469,3005,516,0.0995008319467554,0.0930232558139535,0.0999000166638894,0.0980169971671388,1.1860436,0,667118937390,21190343450,105363559,0,133003863
development,16016008,n5-hidden,N5 hidden terminals,MAC-aware ablation,frozen-piggyback,2,NaN,causal-broadcast,Frozen piggyback,piggyback,5,ring2,6dof,csma,0.2,0.2,0,0.6,1,0.097,0.097,0.0277777777777778,0.0277777777777778,0.0629755810587731,0.518209120710634,0,0,9.58169661698219,12.4243298755193,0,1.03644514241292,0.0935433941404088,0.239999999999998,0.32,0.380000000000001,0.183150912106136,0.089607517965727,891,1470,593,0,569,2753,1021,1732,1267,569,698,0,0,0,841,0.572108843537415,0,84,663,16,1,32,32,0,0,0,0,0,1267,51,0.378499999999985,0,0,0,0.225436870798226,0.362009122857244,0,0,0,0,0,0.489999999999983,5.8799999999998,0,0.324352000000002,0,0,1.17599999999996,49.4166666666667,85.0833333333333,47.4166666666667,0.00977210884353753,0.028,0.0469191564147629,0.1046,0.983289758825585,3182,0,0.101508485229415,0,0.0999000166638894,0.0980169971671388,0.938637199999999,0,667118937390,21190343450,105363559,0,133012013
development,16016008,n5-hidden,N5 hidden terminals,MAC-aware ablation,adaptive-only,3,NaN,mac-aware-broadcast,Adaptive ACK only,adaptive,5,ring2,6dof,csma,0.2,0.2,0,0.6,1,0.097,0.097,0.0277777777777778,0.0277777777777778,0.0558105954812763,0.527304523523906,0,0,9.58169661698219,12.4243298755193,0,1.03646305384804,0.0778993919292427,0.18,0.2384,0.380000000000001,0.165273631840796,0.0873742399115535,885,1453,601,48,600,2676,1032,1644,1289,600,689,0,0,0,836,0.556962025316456,0,84,652,16,2,32,32,0,0,0,0,48,1187,51,0.384999999999987,48,0,0,0.201872800034887,0.311538411879127,0,0,0,0,0,0.492083333333317,5.8119999999998,0.0930000000000001,0.303872000000002,0,0,1.18099999999996,50.0833333333333,86,50,0.00974483677548307,0.0279999999999998,0.0464583333333334,0.103999999999999,0.98084479504691,3095,102,0.101453957996769,0.0980392156862745,0.0999000166638894,0.0980169971671388,1.0281852,0,667118937390,21190343450,105363559,0,133005963
development,16016008,n5-hidden,N5 hidden terminals,MAC-aware ablation,access-only,4,NaN,causal-broadcast,Access scaling only,hybrid,5,ring2,6dof,csma,0.2,0.2,0,0.6,1,0.097,0.097,0.0277777777777778,0.0277777777777778,0.0615936829541872,0.519384718444762,0,0,9.58774498713728,12.5433072535663,0,1.03643452675441,0.0830403537866223,0.18,0.258400000000001,0.380000000000001,0.135290215588723,0.0522498618021007,837,1478,536,401,598,2742,919,1823,1239,598,641,0,0,0,1023,0.544438531133582,0,91,732,17,2,32,32,0,0,0,0,401,723,56,0.409499999999994,0,0,0,0.209187862273916,0.34575760893211,0,0,0,0,0,0.535583333333316,5.91199999999979,0.515,0.185088000000002,0,0,1.28539999999996,44.6666666666667,76.5833333333333,49.8333333333333,0.00927035657264507,0.0271,0.0351872909698997,0.0589999999999994,0.992489722596469,3005,516,0.0995008319467554,0.0930232558139535,0.0999000166638894,0.0980169971671388,1.0323817,0,667118937390,21190343450,105363559,0,133000967
development,16016008,n5-hidden,N5 hidden terminals,MAC-aware ablation,guarded-adaptive,5,NaN,mac-aware-broadcast,Adaptive ACK + guard,adaptive,5,ring2,6dof,csma,0.2,0.2,0,0.6,1,0.097,0.097,0.0277777777777778,0.0277777777777778,0.0595316736326932,0.524854850170661,0,0,9.58169661698219,12.425348014137,0,1.03660321146909,0.0807296849087894,0.18,0.24,0.32,0.163493642896628,0.0827639579878387,809,1389,601,53,605,2555,1044,1511,1259,605,654,0,0,0,770,0.533980582524272,0,0,580,7,2,32,32,0,0,0,0,53,1152,2,0.37416666666665,53,0,0,0.205639593790776,0.316160414954798,66,0,66,62,4,0.471416666666653,5.55599999999983,0.101,0.294912000000003,0,0,1.13139999999997,50.0833333333333,87,50.4166666666667,0.0107531206657421,0.0310000000000006,0.0480826446280993,0.1118,0.986631885166419,2966,107,0.0994605529332434,0.0654205607476635,0.0999000166638894,0.0980169971671388,0.9963989,0,667118937390,21190343450,105363559,0,133011007
development,16016008,n5-hidden,N5 hidden terminals,MAC-aware ablation,full-v2,6,NaN,mac-aware-broadcast,Full MAC-aware v2,adaptive,5,ring2,6dof,csma,0.2,0.2,0,0.6,1,0.097,0.097,0.0277777777777778,0.0277777777777778,0.0595316736326932,0.524854850170661,0,0,9.58169661698219,12.425348014137,0,1.03660321146909,0.0807296849087894,0.18,0.24,0.32,0.163493642896628,0.0827639579878387,809,1389,601,53,605,2555,1044,1511,1259,605,654,0,0,0,770,0.533980582524272,0,0,580,7,2,32,32,0,0,0,0,53,1152,2,0.37416666666665,53,0,0,0.205639593790776,0.316160414954798,66,0,66,62,4,0.471416666666653,5.55599999999983,0.101,0.294912000000003,0,0,1.13139999999997,50.0833333333333,87,50.4166666666667,0.0107531206657421,0.0310000000000006,0.0480826446280993,0.1118,0.986631885166419,2966,107,0.0994605529332434,0.0654205607476635,0.0999000166638894,0.0980169971671388,1.0122229,0,667118937390,21190343450,105363559,0,132997692
development,16016008,n10-ring2,N10 ring2,MAC-aware ablation,frozen-hybrid,1,NaN,causal-broadcast,Frozen hybrid,hybrid,10,ring2,di,csma,0.2,0.2,0,1,1,0.097,0.097,0.0277777777777778,0.0277777777777778,0.0893399903675349,0.513556727320817,0,0,NaN,NaN,NaN,NaN,0.0805401563610518,0.18,0.239999999999999,0.300000000000001,0.151926083866382,0.0713859275053307,1526,2391,1212,955,1573,5128,2461,2667,3014,1573,1441,0,0,0,1500,0.448296473401076,0,132,997,12,2,32,32,0,0,0,0,957,1724,123,0.690500000000057,0,0,0,0.673803318990527,0.784267327555853,0,0,0,0,0,0.902833333333282,9.56399999999939,1.26999999999999,0.441343999999996,0,0,2.16679999999988,101,205.083333333333,131.083333333333,0.0128386132695757,0.0369999999999999,0.0420667514303879,0.0759999999999996,0.986729361187613,5622,1290,0.0981856990394877,0.10077519379845,0.101486418930178,0.097694550908182,1.581164,0,2585624715663,84909134688,410907084,0,141501869
development,16016008,n10-ring2,N10 ring2,MAC-aware ablation,frozen-piggyback,2,NaN,causal-broadcast,Frozen piggyback,piggyback,10,ring2,di,csma,0.2,0.2,0,1,1,0.097,0.097,0.0277777777777778,0.0277777777777778,0.085197986945075,0.51544807585419,0,0,NaN,NaN,NaN,NaN,0.0751101634683723,0.16,0.219999999999999,0.279999999999999,0.14501776830135,0.0699076048329782,1555,2288,1324,0,1586,4927,2651,2272,2855,1586,1264,2,4,5,935,0.408653846153846,0,97,833,3,1,32,32,0,0,0,0,0,2855,97,0.592416666666718,0,0,0,0.5134281088877,0.620297487886589,0,0,0,0,0,0.76266666666662,9.15199999999944,0,0.730879999999997,0,0,1.83039999999989,110.333333333333,220.916666666667,132.166666666667,0.0130279720279721,0.036999999999999,0.0518896595208072,0.108,0.99099779523998,5717,0,0.102501311876858,0,0.101486418930178,0.097694550908182,1.3457559,0,2585624715663,84909134688,410907084,0,141510019
development,16016008,n10-ring2,N10 ring2,MAC-aware ablation,adaptive-only,3,NaN,mac-aware-broadcast,Adaptive ACK only,adaptive,10,ring2,di,csma,0.2,0.2,0,1,1,0.097,0.097,0.0277777777777778,0.0277777777777778,0.0854161595553701,0.515546250632814,0,0,NaN,NaN,NaN,NaN,0.0756787491115849,0.16,0.219999999999999,0.299999999999999,0.144373371239043,0.0686946221274581,1561,2275,1301,99,1592,4928,2615,2313,2752,1592,1160,0,0,0,964,0.406065711878686,0,117,831,6,2,32,32,0,0,0,0,99,2532,118,0.603583333333386,99,9,0,0.542579554722056,0.647575511254464,0,0,0,0,0,0.774583333333287,9.09999999999944,0.195,0.648191999999999,0,0,1.85899999999989,108.416666666667,217.916666666667,132.666666666667,0.0133887952822242,0.0369999999999999,0.0522493718592966,0.109,0.99151245687105,5614,220,0.100997506234414,0.113636363636364,0.101486418930178,0.097694550908182,1.4066272,0,2585624715663,84909134688,410907084,0,141503969
development,16016008,n10-ring2,N10 ring2,MAC-aware ablation,access-only,4,NaN,causal-broadcast,Access scaling only,hybrid,10,ring2,di,csma,0.1,0.1,0,1,1,0.097,0.097,0.0277777777777778,0.0277777777777778,0.0949563848752866,0.505961925121251,0,0,NaN,NaN,NaN,NaN,0.0882065861170338,0.180000000000001,0.24,0.32,0.143904288083393,0.0556977019663588,1522,1872,1248,846,1725,4085,2490,1593,2689,1725,963,1,2,1,818,0.300956585724798,0,194,546,10,2,32,32,0,0,0,0,847,1574,251,0.615000000000052,0,0,0,0.586505994434442,0.682977392848332,0,0,0,0,0,0.715249999999968,7.48799999999962,1.09499999999999,0.402943999999999,0,0,1.71659999999992,104,207.5,143.75,0.0177704194260486,0.0509999999999998,0.051288695652174,0.093,0.987875328233817,4497,1115,0.103847009117189,0.105829596412556,0.101486418930178,0.097694550908182,1.4270885,0,2585624715663,84909134688,410907084,0,141776416
development,16016008,n10-ring2,N10 ring2,MAC-aware ablation,guarded-adaptive,5,NaN,mac-aware-broadcast,Adaptive ACK + guard,adaptive,10,ring2,di,csma,0.2,0.2,0,1,1,0.097,0.097,0.0277777777777778,0.0277777777777778,0.0871793518249124,0.512214702997062,0,0,NaN,NaN,NaN,NaN,0.0780431177446102,0.18,0.24,0.44,0.153826107557451,0.0757829898128407,1448,2188,1309,91,1552,4721,2610,2111,2704,1552,1152,0,0,0,863,0.378674857393594,0,2,742,4,1,32,32,0,0,0,0,91,2498,5,0.591166666666716,91,4,0,0.539312209740524,0.663404842399301,234,139,121,226,8,0.744499999999957,8.75199999999948,0.182,0.639487999999999,0,0,1.7867999999999,109.083333333333,217.5,129.333333333333,0.0143339183852568,0.0431000000000008,0.0525296391752578,0.106,0.989782054910841,5422,206,0.100516414607156,0.111650485436893,0.101486418930178,0.097694550908182,1.3949389,0,2585624715663,84909134688,410907084,0,141509013
development,16016008,n10-ring2,N10 ring2,MAC-aware ablation,full-v2,6,NaN,mac-aware-broadcast,Full MAC-aware v2,adaptive,10,ring2,di,csma,0.1,0.2,0,1,1,0.097,0.097,0.0277777777777778,0.0277777777777778,0.0902581816139491,0.509607672367784,0,0,NaN,NaN,NaN,NaN,0.0823643686330251,0.18,0.239999999999998,0.32,0.152774224117508,0.0704098554844824,1460,1882,1380,77,1682,4074,2745,1329,2435,1682,753,0,0,0,482,0.246043899948954,0,7,431,12,2,32,32,0,0,0,0,77,2257,27,0.558333333333371,77,0,0,0.516687046355538,0.619766690089957,241,0,241,234,7,0.640166666666634,7.52799999999961,0.154,0.577791999999999,0,0,1.53639999999992,115,228.75,140.166666666667,0.0213067891781522,0.0640000000000001,0.0595047562425684,0.118,0.990750085840036,4707,178,0.107074569789675,0.0786516853932584,0.101486418930178,0.097694550908182,1.3736833,0,2585624715663,84909134688,410907084,0,141495698
development,16016008,n20-ring2,N20 ring2,MAC-aware ablation,frozen-hybrid,1,NaN,causal-broadcast,Frozen hybrid,hybrid,20,ring2,di,csma,0.2,0.2,0,1,1,0.097,0.097,0.0277777777777778,0.0277777777777778,0.50715170833324,0.198608093088006,1,0,NaN,NaN,NaN,NaN,0.496402768764871,1.28,1.88,2.54,3.8918797317759,3.39547696301103,3702,8580,482,135,154,20223,1047,19170,2816,154,2660,3,6,2,8211,0.942168674698795,0,1148,6034,107,2,32,32,0,0,0,0,135,2671,583,0.97766666666656,0,0,0,0.985963150372856,0.996038644725793,0,0,0,0,0,2.87208333333356,34.3200000000027,0.145,0.683776000000003,0,0,6.89300000000055,40.1666666666667,87.25,12.8333333333333,0.0251708548479633,0.0570000000000004,0.0777142857142858,0.177,0.945174938974776,20870,145,0.0958792525155726,0.117241379310345,0.100203507748709,0.100499291784703,2.4271053,0,10198780948507,339927309744,1676201720,0,167313727
development,16016008,n20-ring2,N20 ring2,MAC-aware ablation,frozen-piggyback,2,NaN,causal-broadcast,Frozen piggyback,piggyback,20,ring2,di,csma,0.2,0.2,0,1,1,0.097,0.097,0.0277777777777778,0.0277777777777778,0.488790575046683,0.201874075052379,1,0,NaN,NaN,NaN,NaN,0.437179320787367,1.14,1.86,2.7,2.54106857019252,2.10388924940514,3697,8594,506,0,208,20043,1093,18948,3139,208,2931,1,2,0,8079,0.940074470560856,0,1113,6021,99,1,32,32,0,0,0,0,0,3139,636,0.979249999999893,0,0,0,0.986342631090564,0.996764420405765,0,0,0,0,0,2.86466666666689,34.3760000000027,0,0.80358400000001,0,0,6.87520000000054,42.1666666666667,91.0833333333333,17.3333333333333,0.0257452874098209,0.0579999999999998,0.0873125000000001,0.19235,0.958218562874251,20815,0,0.0957482584674514,0,0.100203507748709,0.100499291784703,2.3227801,0,10198780948507,339927309744,1676201720,0,167321877
development,16016008,n20-ring2,N20 ring2,MAC-aware ablation,adaptive-only,3,NaN,mac-aware-broadcast,Adaptive ACK only,adaptive,20,ring2,di,csma,0.2,0.2,0,1,1,0.097,0.097,0.0277777777777778,0.0277777777777778,0.488790575046683,0.201874075052379,1,0,NaN,NaN,NaN,NaN,0.437179320787367,1.14,1.86,2.7,2.54106857019252,2.10388924940514,3697,8594,506,0,208,20043,1093,18948,3139,208,2931,1,2,0,8079,0.940074470560856,0,1113,6021,99,1,32,32,0,0,0,0,0,3139,636,0.979249999999893,0,11,0,0.986342631090564,0.996764420405765,0,0,0,0,0,2.86466666666689,34.3760000000027,0,0.80358400000001,0,0,6.87520000000054,42.1666666666667,91.0833333333333,17.3333333333333,0.0257452874098209,0.0579999999999998,0.0873125000000001,0.19235,0.958218562874251,20815,0,0.0957482584674514,0,0.100203507748709,0.100499291784703,2.467821,0,10198780948507,339927309744,1676201720,0,167315827
development,16016008,n20-ring2,N20 ring2,MAC-aware ablation,access-only,4,NaN,causal-broadcast,Access scaling only,hybrid,20,ring2,di,csma,0.05,0.05,0,1,1,0.097,0.097,0.0277777777777778,0.0277777777777778,0.209938899204874,0.415952497937357,0,0,NaN,NaN,NaN,NaN,0.164088254380273,0.4,0.619999999999999,0.98,0.325122215011897,0.161033960631625,3993,3384,1521,321,1786,7954,3253,4701,4160,1786,2374,0,0,0,2003,0.540620782726046,0,2293,1698,80,2,32,32,0,0,0,0,323,3762,2932,0.82124999999998,0,0,0,0.825647423800664,0.855457129041603,0,0,0,0,0,1.16066666666658,13.535999999999,0.392,0.963071999999996,0,0,2.78559999999979,126.75,271.083333333333,148.833333333333,0.0296350877192984,0.0670000000000002,0.0939148936170214,0.20875,0.98695446284588,8819,398,0.0963828098423858,0.105527638190955,0.100203507748709,0.100499291784703,1.8138618,0,10198780948507,339927309744,1676201720,0,167202709
development,16016008,n20-ring2,N20 ring2,MAC-aware ablation,guarded-adaptive,5,NaN,mac-aware-broadcast,Adaptive ACK + guard,adaptive,20,ring2,di,csma,0.2,0.2,0,1,1,0.097,0.097,0.0277777777777778,0.0277777777777778,0.391215372000026,0.274023968733885,1,0,NaN,NaN,NaN,NaN,0.359945922561108,0.9,1.48,2.16,1.10317975340688,0.743233830845771,2313,6458,739,0,503,14973,1652,13321,3726,503,3223,0,0,0,5702,0.882935893465469,0,1,4146,6,1,32,32,0,0,0,0,0,3726,4,0.802999999999991,0,33,0,0.802598928454509,0.852433078413339,4517,4357,994,4502,15,2.15266666666683,25.832000000002,0,0.953856000000013,0,0,5.16640000000039,61.5833333333333,137.666666666667,41.9166666666667,0.0311334778569218,0.0749999999999994,0.124542743538768,0.2039,0.976855793653633,15914,0,0.0958275732059821,0,0.100203507748709,0.100499291784703,1.9234503,0,10198780948507,339927309744,1676201720,0,167320871
development,16016008,n20-ring2,N20 ring2,MAC-aware ablation,full-v2,6,NaN,mac-aware-broadcast,Full MAC-aware v2,adaptive,20,ring2,di,csma,0.05,0.2,0,1,1,0.097,0.097,0.0277777777777778,0.0277777777777778,0.25350147281189,0.38975142228312,1,0,NaN,NaN,NaN,NaN,0.204077438892495,0.48,0.640000000000001,1.16,0.37953709712308,0.175459658230586,2022,3308,1596,0,1761,7656,3357,4299,3859,1761,2098,0,0,0,1683,0.508766626360339,0,128,1426,58,1,32,32,0,0,0,0,0,3859,305,0.788999999999999,0,61,0,0.79432905360626,0.828085827448127,5559,3004,4159,5532,27,1.10266666666658,13.231999999999,0,0.987903999999994,0,0,2.6463999999998,133,279.75,146.75,0.0661771463119711,0.174000000000001,0.130429869392391,0.264000000000001,0.989963622796381,8451,0,0.0966749497100935,0,0.100203507748709,0.100499291784703,1.7417324,0,10198780948507,339927309744,1676201720,0,167307556
